ts,open,high,low,close,volume,close_time,confirm
2026-03-26 12:00:00+00:00,0.2571,0.2596,0.2541,0.2558,355555.1,2026-03-26 15:59:59.999000+00:00,1
2026-03-26 16:00:00+00:00,0.2558,0.2565,0.2528,0.2534,267715.3,2026-03-26 19:59:59.999000+00:00,1
2026-03-26 20:00:00+00:00,0.2533,0.2574,0.2523,0.2545,508075.6,2026-03-26 23:59:59.999000+00:00,1
2026-03-27 00:00:00+00:00,0.2544,0.256,0.2532,0.2542,163159.8,2026-03-27 03:59:59.999000+00:00,1
2026-03-27 04:00:00+00:00,0.2543,0.2555,0.2523,0.2546,188451.6,2026-03-27 07:59:59.999000+00:00,1
2026-03-27 08:00:00+00:00,0.2547,0.2551,0.2438,0.247,804981.6,2026-03-27 11:59:59.999000+00:00,1
2026-03-27 12:00:00+00:00,0.247,0.2496,0.2456,0.2474,452321.7,2026-03-27 15:59:59.999000+00:00,1
2026-03-27 16:00:00+00:00,0.2473,0.2484,0.2449,0.2461,283259.3,2026-03-27 19:59:59.999000+00:00,1
2026-03-27 20:00:00+00:00,0.2462,0.2469,0.2445,0.2457,192604.8,2026-03-27 23:59:59.999000+00:00,1
2026-03-28 00:00:00+00:00,0.2457,0.247,0.2443,0.2446,189890.4,2026-03-28 03:59:59.999000+00:00,1
2026-03-28 04:00:00+00:00,0.2445,0.2482,0.2438,0.2481,155056.3,2026-03-28 07:59:59.999000+00:00,1
2026-03-28 08:00:00+00:00,0.2481,0.2492,0.247,0.2482,155036.1,2026-03-28 11:59:59.999000+00:00,1
2026-03-28 12:00:00+00:00,0.2483,0.2528,0.2465,0.2512,441301.2,2026-03-28 15:59:59.999000+00:00,1
2026-03-28 16:00:00+00:00,0.2512,0.2516,0.249,0.2495,151457.8,2026-03-28 19:59:59.999000+00:00,1
2026-03-28 20:00:00+00:00,0.2496,0.2505,0.2447,0.2457,192660.4,2026-03-28 23:59:59.999000+00:00,1
2026-03-29 00:00:00+00:00,0.2456,0.2471,0.2447,0.2464,160415.4,2026-03-29 03:59:59.999000+00:00,1
2026-03-29 04:00:00+00:00,0.2464,0.2465,0.2425,0.2449,372148.9,2026-03-29 07:59:59.999000+00:00,1
2026-03-29 08:00:00+00:00,0.2448,0.2452,0.2413,0.2434,289081.8,2026-03-29 11:59:59.999000+00:00,1
2026-03-29 12:00:00+00:00,0.2433,0.2434,0.2399,0.2413,477536.7,2026-03-29 15:59:59.999000+00:00,1
2026-03-29 16:00:00+00:00,0.2413,0.242,0.2392,0.2397,236047.6,2026-03-29 19:59:59.999000+00:00,1
2026-03-29 20:00:00+00:00,0.2397,0.2417,0.2324,0.2396,984134.2,2026-03-29 23:59:59.999000+00:00,1
2026-03-30 00:00:00+00:00,0.2396,0.2475,0.2392,0.2459,516533.9,2026-03-30 03:59:59.999000+00:00,1
2026-03-30 04:00:00+00:00,0.246,0.2493,0.2456,0.2485,387262.7,2026-03-30 07:59:59.999000+00:00,1
2026-03-30 08:00:00+00:00,0.2486,0.2527,0.2474,0.2505,763659.5,2026-03-30 11:59:59.999000+00:00,1
2026-03-30 12:00:00+00:00,0.2506,0.2515,0.2471,0.2482,368443.0,2026-03-30 15:59:59.999000+00:00,1
2026-03-30 16:00:00+00:00,0.2483,0.2487,0.2422,0.2435,368871.0,2026-03-30 19:59:59.999000+00:00,1
2026-03-30 20:00:00+00:00,0.2434,0.246,0.2424,0.2433,202873.5,2026-03-30 23:59:59.999000+00:00,1
2026-03-31 00:00:00+00:00,0.2433,0.2492,0.243,0.246,319293.7,2026-03-31 03:59:59.999000+00:00,1
2026-03-31 04:00:00+00:00,0.2459,0.2464,0.2428,0.2434,319438.9,2026-03-31 07:59:59.999000+00:00,1
2026-03-31 08:00:00+00:00,0.2435,0.244,0.2393,0.2408,551785.0,2026-03-31 11:59:59.999000+00:00,1
2026-03-31 12:00:00+00:00,0.2409,0.2453,0.2372,0.2376,546784.9,2026-03-31 15:59:59.999000+00:00,1
2026-03-31 16:00:00+00:00,0.2376,0.242,0.2342,0.2406,830956.6,2026-03-31 19:59:59.999000+00:00,1
2026-03-31 20:00:00+00:00,0.2407,0.2424,0.2381,0.2414,263768.6,2026-03-31 23:59:59.999000+00:00,1
2026-04-01 00:00:00+00:00,0.2414,0.2465,0.2411,0.2455,505263.7,2026-04-01 03:59:59.999000+00:00,1
2026-04-01 04:00:00+00:00,0.2455,0.2548,0.2438,0.2498,1156920.8,2026-04-01 07:59:59.999000+00:00,1
2026-04-01 08:00:00+00:00,0.2498,0.2501,0.2456,0.2481,482879.3,2026-04-01 11:59:59.999000+00:00,1
2026-04-01 12:00:00+00:00,0.2481,0.2511,0.2453,0.2491,647722.6,2026-04-01 15:59:59.999000+00:00,1
2026-04-01 16:00:00+00:00,0.2491,0.2522,0.248,0.2495,361184.0,2026-04-01 19:59:59.999000+00:00,1
2026-04-01 20:00:00+00:00,0.2495,0.2508,0.2471,0.2483,202678.2,2026-04-01 23:59:59.999000+00:00,1
2026-04-02 00:00:00+00:00,0.2484,0.2506,0.2374,0.2387,1271115.8,2026-04-02 03:59:59.999000+00:00,1
2026-04-02 04:00:00+00:00,0.2387,0.239,0.2354,0.2386,624220.0,2026-04-02 07:59:59.999000+00:00,1
2026-04-02 08:00:00+00:00,0.2387,0.2392,0.2358,0.2368,431200.9,2026-04-02 11:59:59.999000+00:00,1
2026-04-02 12:00:00+00:00,0.2367,0.2432,0.2346,0.2394,566789.8,2026-04-02 15:59:59.999000+00:00,1
2026-04-02 16:00:00+00:00,0.2395,0.2426,0.2378,0.2394,338679.8,2026-04-02 19:59:59.999000+00:00,1
2026-04-02 20:00:00+00:00,0.2395,0.2407,0.2383,0.2391,289951.7,2026-04-02 23:59:59.999000+00:00,1
2026-04-03 00:00:00+00:00,0.2392,0.2413,0.2386,0.2411,191896.0,2026-04-03 03:59:59.999000+00:00,1
2026-04-03 04:00:00+00:00,0.2411,0.2452,0.2409,0.2434,483132.2,2026-04-03 07:59:59.999000+00:00,1
2026-04-03 08:00:00+00:00,0.2435,0.2465,0.2426,0.2456,442515.4,2026-04-03 11:59:59.999000+00:00,1
2026-04-03 12:00:00+00:00,0.2456,0.2513,0.2446,0.2459,845524.9,2026-04-03 15:59:59.999000+00:00,1
2026-04-03 16:00:00+00:00,0.2459,0.2505,0.2458,0.2474,455181.2,2026-04-03 19:59:59.999000+00:00,1
2026-04-03 20:00:00+00:00,0.2475,0.2487,0.2442,0.2461,176036.4,2026-04-03 23:59:59.999000+00:00,1
2026-04-04 00:00:00+00:00,0.2462,0.247,0.2443,0.2468,345086.8,2026-04-04 03:59:59.999000+00:00,1
2026-04-04 04:00:00+00:00,0.2468,0.2473,0.244,0.2452,344231.6,2026-04-04 07:59:59.999000+00:00,1
2026-04-04 08:00:00+00:00,0.2453,0.2457,0.2431,0.2449,239739.4,2026-04-04 11:59:59.999000+00:00,1
2026-04-04 12:00:00+00:00,0.2449,0.2466,0.2432,0.2451,241841.0,2026-04-04 15:59:59.999000+00:00,1
2026-04-04 16:00:00+00:00,0.245,0.25,0.2449,0.2479,263092.0,2026-04-04 19:59:59.999000+00:00,1
2026-04-04 20:00:00+00:00,0.2479,0.2484,0.246,0.2478,302701.8,2026-04-04 23:59:59.999000+00:00,1
2026-04-05 00:00:00+00:00,0.2478,0.2485,0.2465,0.2465,132390.7,2026-04-05 03:59:59.999000+00:00,1
2026-04-05 04:00:00+00:00,0.2464,0.2468,0.2412,0.2418,272004.2,2026-04-05 07:59:59.999000+00:00,1
2026-04-05 08:00:00+00:00,0.2417,0.243,0.2396,0.2422,366558.5,2026-04-05 11:59:59.999000+00:00,1
2026-04-05 12:00:00+00:00,0.2422,0.2458,0.24,0.2434,389107.0,2026-04-05 15:59:59.999000+00:00,1
2026-04-05 16:00:00+00:00,0.2434,0.2443,0.2424,0.2435,148420.7,2026-04-05 19:59:59.999000+00:00,1
2026-04-05 20:00:00+00:00,0.2435,0.2509,0.2417,0.2508,627898.5,2026-04-05 23:59:59.999000+00:00,1
2026-04-06 00:00:00+00:00,0.2508,0.2596,0.2507,0.257,1021280.1,2026-04-06 03:59:59.999000+00:00,1
2026-04-06 04:00:00+00:00,0.257,0.2585,0.2542,0.2552,417525.1,2026-04-06 07:59:59.999000+00:00,1
2026-04-06 08:00:00+00:00,0.2552,0.26,0.2548,0.2555,616912.7,2026-04-06 11:59:59.999000+00:00,1
2026-04-06 12:00:00+00:00,0.2555,0.2568,0.2536,0.2543,348077.1,2026-04-06 15:59:59.999000+00:00,1
2026-04-06 16:00:00+00:00,0.2543,0.2544,0.251,0.252,282886.2,2026-04-06 19:59:59.999000+00:00,1
2026-04-06 20:00:00+00:00,0.2521,0.2527,0.2446,0.2459,514642.1,2026-04-06 23:59:59.999000+00:00,1
2026-04-07 00:00:00+00:00,0.2458,0.2463,0.2431,0.2448,588104.6,2026-04-07 03:59:59.999000+00:00,1
2026-04-07 04:00:00+00:00,0.2448,0.2457,0.2421,0.2431,306491.9,2026-04-07 07:59:59.999000+00:00,1
2026-04-07 08:00:00+00:00,0.2431,0.2454,0.241,0.2419,433820.6,2026-04-07 11:59:59.999000+00:00,1
2026-04-07 12:00:00+00:00,0.2419,0.2435,0.2395,0.2421,549466.2,2026-04-07 15:59:59.999000+00:00,1
2026-04-07 16:00:00+00:00,0.242,0.2467,0.2415,0.2464,371309.6,2026-04-07 19:59:59.999000+00:00,1
2026-04-07 20:00:00+00:00,0.2465,0.2665,0.2456,0.2627,1718350.8,2026-04-07 23:59:59.999000+00:00,1
2026-04-08 00:00:00+00:00,0.2627,0.2644,0.2595,0.2607,522224.7,2026-04-08 03:59:59.999000+00:00,1
2026-04-08 04:00:00+00:00,0.2607,0.2637,0.2602,0.2611,334258.7,2026-04-08 07:59:59.999000+00:00,1
2026-04-08 08:00:00+00:00,0.2612,0.2615,0.2557,0.2578,295502.1,2026-04-08 11:59:59.999000+00:00,1
2026-04-08 12:00:00+00:00,0.2577,0.2597,0.2518,0.2541,616151.9,2026-04-08 15:59:59.999000+00:00,1
2026-04-08 16:00:00+00:00,0.254,0.2561,0.2519,0.2529,276913.0,2026-04-08 19:59:59.999000+00:00,1
2026-04-08 20:00:00+00:00,0.2528,0.2545,0.2494,0.2505,362597.0,2026-04-08 23:59:59.999000+00:00,1
2026-04-09 00:00:00+00:00,0.2505,0.2505,0.2473,0.2488,444101.4,2026-04-09 03:59:59.999000+00:00,1
2026-04-09 04:00:00+00:00,0.2488,0.2515,0.2481,0.2504,262206.9,2026-04-09 07:59:59.999000+00:00,1
2026-04-09 08:00:00+00:00,0.2504,0.2522,0.2492,0.2505,285196.9,2026-04-09 11:59:59.999000+00:00,1
2026-04-09 12:00:00+00:00,0.2505,0.2555,0.2486,0.2544,412714.2,2026-04-09 15:59:59.999000+00:00,1
2026-04-09 16:00:00+00:00,0.2545,0.2568,0.2528,0.2555,472241.2,2026-04-09 19:59:59.999000+00:00,1
2026-04-09 20:00:00+00:00,0.2555,0.2609,0.2532,0.2539,391480.7,2026-04-09 23:59:59.999000+00:00,1
2026-04-10 00:00:00+00:00,0.2539,0.2549,0.2512,0.2515,260757.5,2026-04-10 03:59:59.999000+00:00,1
2026-04-10 04:00:00+00:00,0.2515,0.2538,0.2496,0.2505,261643.7,2026-04-10 07:59:59.999000+00:00,1
2026-04-10 08:00:00+00:00,0.2505,0.2517,0.2494,0.2509,307689.4,2026-04-10 11:59:59.999000+00:00,1
2026-04-10 12:00:00+00:00,0.251,0.2563,0.2505,0.2538,499642.7,2026-04-10 15:59:59.999000+00:00,1
2026-04-10 16:00:00+00:00,0.2539,0.2582,0.2534,0.258,207511.8,2026-04-10 19:59:59.999000+00:00,1
2026-04-10 20:00:00+00:00,0.2579,0.259,0.2536,0.254,228836.1,2026-04-10 23:59:59.999000+00:00,1
2026-04-11 00:00:00+00:00,0.2541,0.2551,0.2521,0.253,247018.8,2026-04-11 03:59:59.999000+00:00,1
2026-04-11 04:00:00+00:00,0.253,0.2541,0.2494,0.2503,271374.6,2026-04-11 07:59:59.999000+00:00,1
2026-04-11 08:00:00+00:00,0.2503,0.2506,0.2488,0.2495,252504.2,2026-04-11 11:59:59.999000+00:00,1
2026-04-11 12:00:00+00:00,0.2495,0.2502,0.2463,0.2479,483016.6,2026-04-11 15:59:59.999000+00:00,1
2026-04-11 16:00:00+00:00,0.2479,0.2553,0.2477,0.2543,494021.8,2026-04-11 19:59:59.999000+00:00,1
2026-04-11 20:00:00+00:00,0.2544,0.2549,0.2484,0.2492,286098.5,2026-04-11 23:59:59.999000+00:00,1
2026-04-12 00:00:00+00:00,0.2493,0.2503,0.2419,0.2436,694507.8,2026-04-12 03:59:59.999000+00:00,1
2026-04-12 04:00:00+00:00,0.2435,0.2438,0.2411,0.2413,363073.0,2026-04-12 07:59:59.999000+00:00,1
2026-04-12 08:00:00+00:00,0.2413,0.2413,0.2383,0.2403,566666.6,2026-04-12 11:59:59.999000+00:00,1
2026-04-12 12:00:00+00:00,0.2403,0.2408,0.2372,0.2382,418554.6,2026-04-12 15:59:59.999000+00:00,1
2026-04-12 16:00:00+00:00,0.2381,0.2398,0.2374,0.2378,271651.6,2026-04-12 19:59:59.999000+00:00,1
2026-04-12 20:00:00+00:00,0.2379,0.2397,0.235,0.2359,343938.0,2026-04-12 23:59:59.999000+00:00,1
2026-04-13 00:00:00+00:00,0.2359,0.2385,0.2356,0.2379,250946.7,2026-04-13 03:59:59.999000+00:00,1
2026-04-13 04:00:00+00:00,0.238,0.2396,0.2369,0.2378,188429.8,2026-04-13 07:59:59.999000+00:00,1
2026-04-13 08:00:00+00:00,0.2378,0.2394,0.2372,0.2379,156971.9,2026-04-13 11:59:59.999000+00:00,1
2026-04-13 12:00:00+00:00,0.238,0.2431,0.2376,0.239,644787.2,2026-04-13 15:59:59.999000+00:00,1
2026-04-13 16:00:00+00:00,0.239,0.2415,0.2372,0.2411,485192.7,2026-04-13 19:59:59.999000+00:00,1
2026-04-13 20:00:00+00:00,0.2411,0.249,0.2387,0.2486,1023124.5,2026-04-13 23:59:59.999000+00:00,1
2026-04-14 00:00:00+00:00,0.2486,0.249,0.2435,0.2444,380079.0,2026-04-14 03:59:59.999000+00:00,1
2026-04-14 04:00:00+00:00,0.2445,0.2456,0.241,0.2433,364428.2,2026-04-14 07:59:59.999000+00:00,1
2026-04-14 08:00:00+00:00,0.2433,0.245,0.2421,0.2433,292184.8,2026-04-14 11:59:59.999000+00:00,1
2026-04-14 12:00:00+00:00,0.2432,0.2494,0.2426,0.2442,622468.6,2026-04-14 15:59:59.999000+00:00,1
2026-04-14 16:00:00+00:00,0.2442,0.246,0.2386,0.2402,436918.0,2026-04-14 19:59:59.999000+00:00,1
2026-04-14 20:00:00+00:00,0.2402,0.2415,0.2383,0.2392,254696.6,2026-04-14 23:59:59.999000+00:00,1
2026-04-15 00:00:00+00:00,0.2393,0.241,0.2387,0.2394,230088.6,2026-04-15 03:59:59.999000+00:00,1
2026-04-15 04:00:00+00:00,0.2393,0.2417,0.2378,0.2382,326292.2,2026-04-15 07:59:59.999000+00:00,1
2026-04-15 08:00:00+00:00,0.2381,0.2425,0.2381,0.2413,282125.1,2026-04-15 11:59:59.999000+00:00,1
2026-04-15 12:00:00+00:00,0.2414,0.2437,0.2397,0.2425,448026.8,2026-04-15 15:59:59.999000+00:00,1
2026-04-15 16:00:00+00:00,0.2425,0.2505,0.2422,0.249,588195.0,2026-04-15 19:59:59.999000+00:00,1
2026-04-15 20:00:00+00:00,0.249,0.2499,0.2448,0.2459,399169.4,2026-04-15 23:59:59.999000+00:00,1
2026-04-16 00:00:00+00:00,0.2459,0.25,0.2436,0.2493,319798.8,2026-04-16 03:59:59.999000+00:00,1
2026-04-16 04:00:00+00:00,0.2493,0.2518,0.2485,0.2501,495503.5,2026-04-16 07:59:59.999000+00:00,1
2026-04-16 08:00:00+00:00,0.2501,0.2506,0.2469,0.2484,365598.8,2026-04-16 11:59:59.999000+00:00,1
2026-04-16 12:00:00+00:00,0.2484,0.2545,0.2452,0.2533,935997.0,2026-04-16 15:59:59.999000+00:00,1
2026-04-16 16:00:00+00:00,0.2533,0.2608,0.2505,0.2604,928586.3,2026-04-16 19:59:59.999000+00:00,1
2026-04-16 20:00:00+00:00,0.2603,0.2615,0.2567,0.2591,343333.0,2026-04-16 23:59:59.999000+00:00,1
2026-04-17 00:00:00+00:00,0.259,0.2599,0.2538,0.2549,333897.8,2026-04-17 03:59:59.999000+00:00,1
2026-04-17 04:00:00+00:00,0.2549,0.2564,0.2519,0.2561,330460.7,2026-04-17 07:59:59.999000+00:00,1
2026-04-17 08:00:00+00:00,0.2562,0.2598,0.2542,0.2575,495058.3,2026-04-17 11:59:59.999000+00:00,1
2026-04-17 12:00:00+00:00,0.2575,0.268,0.2566,0.2635,867322.3,2026-04-17 15:59:59.999000+00:00,1
2026-04-17 16:00:00+00:00,0.2635,0.2663,0.2603,0.261,433147.0,2026-04-17 19:59:59.999000+00:00,1
2026-04-17 20:00:00+00:00,0.2611,0.2619,0.2572,0.2586,243172.3,2026-04-17 23:59:59.999000+00:00,1
2026-04-18 00:00:00+00:00,0.2585,0.2595,0.2561,0.2568,208798.9,2026-04-18 03:59:59.999000+00:00,1
2026-04-18 04:00:00+00:00,0.2568,0.2587,0.2557,0.2584,190945.4,2026-04-18 07:59:59.999000+00:00,1
2026-04-18 08:00:00+00:00,0.2584,0.2585,0.2493,0.2507,574192.4,2026-04-18 11:59:59.999000+00:00,1
2026-04-18 12:00:00+00:00,0.2507,0.252,0.2495,0.2507,258537.7,2026-04-18 15:59:59.999000+00:00,1
2026-04-18 16:00:00+00:00,0.2507,0.2508,0.2468,0.2485,456881.9,2026-04-18 19:59:59.999000+00:00,1
2026-04-18 20:00:00+00:00,0.2486,0.2507,0.2476,0.2488,175897.3,2026-04-18 23:59:59.999000+00:00,1
2026-04-19 00:00:00+00:00,0.2489,0.2496,0.2466,0.2478,219842.3,2026-04-19 03:59:59.999000+00:00,1
2026-04-19 04:00:00+00:00,0.2478,0.2487,0.244,0.2457,435401.5,2026-04-19 07:59:59.999000+00:00,1
2026-04-19 08:00:00+00:00,0.2458,0.2481,0.2444,0.2472,208980.5,2026-04-19 11:59:59.999000+00:00,1
2026-04-19 12:00:00+00:00,0.2472,0.251,0.2459,0.2486,373555.0,2026-04-19 15:59:59.999000+00:00,1
2026-04-19 16:00:00+00:00,0.2487,0.2494,0.2441,0.2464,264716.5,2026-04-19 19:59:59.999000+00:00,1
2026-04-19 20:00:00+00:00,0.2464,0.2465,0.2405,0.2421,416228.9,2026-04-19 23:59:59.999000+00:00,1
2026-04-20 00:00:00+00:00,0.2422,0.2461,0.2416,0.2456,263164.6,2026-04-20 03:59:59.999000+00:00,1
2026-04-20 04:00:00+00:00,0.2456,0.2491,0.2433,0.2465,329914.5,2026-04-20 07:59:59.999000+00:00,1
2026-04-20 08:00:00+00:00,0.2465,0.2484,0.2441,0.2463,327863.7,2026-04-20 11:59:59.999000+00:00,1
2026-04-20 12:00:00+00:00,0.2463,0.2491,0.2444,0.2475,417551.4,2026-04-20 15:59:59.999000+00:00,1
2026-04-20 16:00:00+00:00,0.2474,0.2501,0.2453,0.2488,402178.9,2026-04-20 19:59:59.999000+00:00,1
2026-04-20 20:00:00+00:00,0.2487,0.2514,0.2474,0.2477,418096.8,2026-04-20 23:59:59.999000+00:00,1
2026-04-21 00:00:00+00:00,0.2477,0.2496,0.2462,0.2469,228303.1,2026-04-21 03:59:59.999000+00:00,1
2026-04-21 04:00:00+00:00,0.2468,0.2501,0.2466,0.2492,291272.1,2026-04-21 07:59:59.999000+00:00,1
2026-04-21 08:00:00+00:00,0.2491,0.2523,0.2491,0.25,222716.0,2026-04-21 11:59:59.999000+00:00,1
2026-04-21 12:00:00+00:00,0.25,0.2506,0.2473,0.2486,268848.9,2026-04-21 15:59:59.999000+00:00,1
2026-04-21 16:00:00+00:00,0.2486,0.2492,0.2437,0.2444,520501.3,2026-04-21 19:59:59.999000+00:00,1
2026-04-21 20:00:00+00:00,0.2445,0.2499,0.2443,0.2498,400686.7,2026-04-21 23:59:59.999000+00:00,1
2026-04-22 00:00:00+00:00,0.2498,0.2553,0.2486,0.2542,421330.6,2026-04-22 03:59:59.999000+00:00,1
2026-04-22 04:00:00+00:00,0.2542,0.2575,0.2532,0.2548,470962.0,2026-04-22 07:59:59.999000+00:00,1
2026-04-22 08:00:00+00:00,0.2548,0.2564,0.2541,0.2557,192689.0,2026-04-22 11:59:59.999000+00:00,1
2026-04-22 12:00:00+00:00,0.2557,0.2561,0.2539,0.2549,321242.1,2026-04-22 15:59:59.999000+00:00,1
2026-04-22 16:00:00+00:00,0.255,0.2557,0.2511,0.2523,244657.2,2026-04-22 19:59:59.999000+00:00,1
2026-04-22 20:00:00+00:00,0.2522,0.2525,0.2476,0.2481,304394.0,2026-04-22 23:59:59.999000+00:00,1
2026-04-23 00:00:00+00:00,0.2481,0.2494,0.2449,0.2461,463123.4,2026-04-23 03:59:59.999000+00:00,1
2026-04-23 04:00:00+00:00,0.246,0.2482,0.2458,0.2467,244281.4,2026-04-23 07:59:59.999000+00:00,1
2026-04-23 08:00:00+00:00,0.2466,0.2479,0.2445,0.2473,290989.3,2026-04-23 11:59:59.999000+00:00,1
2026-04-23 12:00:00+00:00,0.2473,0.2508,0.2466,0.2503,345985.3,2026-04-23 15:59:59.999000+00:00,1
2026-04-23 16:00:00+00:00,0.2503,0.2507,0.2443,0.2465,584786.7,2026-04-23 19:59:59.999000+00:00,1
2026-04-23 20:00:00+00:00,0.2465,0.2502,0.2463,0.2496,193097.6,2026-04-23 23:59:59.999000+00:00,1
2026-04-24 00:00:00+00:00,0.2497,0.2518,0.248,0.2484,359384.7,2026-04-24 03:59:59.999000+00:00,1
2026-04-24 04:00:00+00:00,0.2485,0.2495,0.2471,0.2487,228871.4,2026-04-24 07:59:59.999000+00:00,1
2026-04-24 08:00:00+00:00,0.2487,0.2518,0.2479,0.251,295454.6,2026-04-24 11:59:59.999000+00:00,1
2026-04-24 12:00:00+00:00,0.251,0.2522,0.2487,0.2521,319141.4,2026-04-24 15:59:59.999000+00:00,1
2026-04-24 16:00:00+00:00,0.2521,0.2524,0.2505,0.2516,279193.7,2026-04-24 19:59:59.999000+00:00,1
2026-04-24 20:00:00+00:00,0.2517,0.2528,0.2497,0.2501,165730.9,2026-04-24 23:59:59.999000+00:00,1
2026-04-25 00:00:00+00:00,0.2501,0.2519,0.2493,0.2514,246621.6,2026-04-25 03:59:59.999000+00:00,1
2026-04-25 04:00:00+00:00,0.2515,0.2527,0.2501,0.2512,167003.3,2026-04-25 07:59:59.999000+00:00,1
2026-04-25 08:00:00+00:00,0.2512,0.2538,0.2511,0.2516,249713.1,2026-04-25 11:59:59.999000+00:00,1
2026-04-25 12:00:00+00:00,0.2515,0.2536,0.2494,0.25,328183.5,2026-04-25 15:59:59.999000+00:00,1
2026-04-25 16:00:00+00:00,0.2499,0.2504,0.2479,0.2488,258562.5,2026-04-25 19:59:59.999000+00:00,1
2026-04-25 20:00:00+00:00,0.2488,0.2503,0.2486,0.25,108068.7,2026-04-25 23:59:59.999000+00:00,1
2026-04-26 00:00:00+00:00,0.25,0.25,0.2483,0.2492,155363.8,2026-04-26 03:59:59.999000+00:00,1
2026-04-26 04:00:00+00:00,0.2493,0.2519,0.2486,0.2512,259759.4,2026-04-26 07:59:59.999000+00:00,1
2026-04-26 08:00:00+00:00,0.2513,0.2543,0.2497,0.2535,472892.2,2026-04-26 11:59:59.999000+00:00,1
2026-04-26 12:00:00+00:00,0.2535,0.2537,0.2513,0.2527,164932.2,2026-04-26 15:59:59.999000+00:00,1
2026-04-26 16:00:00+00:00,0.2528,0.2535,0.2507,0.2522,243097.2,2026-04-26 19:59:59.999000+00:00,1
2026-04-26 20:00:00+00:00,0.2523,0.2532,0.2503,0.2519,286636.7,2026-04-26 23:59:59.999000+00:00,1
2026-04-27 00:00:00+00:00,0.2519,0.2559,0.2513,0.2539,380185.0,2026-04-27 03:59:59.999000+00:00,1
2026-04-27 04:00:00+00:00,0.2539,0.2544,0.246,0.2467,697731.0,2026-04-27 07:59:59.999000+00:00,1
2026-04-27 08:00:00+00:00,0.2466,0.2479,0.2463,0.2475,262861.6,2026-04-27 11:59:59.999000+00:00,1
2026-04-27 12:00:00+00:00,0.2474,0.2485,0.2426,0.2442,708021.5,2026-04-27 15:59:59.999000+00:00,1
2026-04-27 16:00:00+00:00,0.2443,0.2458,0.2438,0.2451,212487.3,2026-04-27 19:59:59.999000+00:00,1
2026-04-27 20:00:00+00:00,0.2451,0.2483,0.2446,0.248,197846.9,2026-04-27 23:59:59.999000+00:00,1
2026-04-28 00:00:00+00:00,0.2479,0.2484,0.2463,0.2471,260037.6,2026-04-28 03:59:59.999000+00:00,1
2026-04-28 04:00:00+00:00,0.2471,0.2488,0.2449,0.2469,352396.5,2026-04-28 07:59:59.999000+00:00,1
2026-04-28 08:00:00+00:00,0.2469,0.247,0.2449,0.2454,257230.9,2026-04-28 11:59:59.999000+00:00,1
2026-04-28 12:00:00+00:00,0.2454,0.2472,0.2441,0.2463,562769.0,2026-04-28 15:59:59.999000+00:00,1
2026-04-28 16:00:00+00:00,0.2464,0.2475,0.245,0.2471,148048.3,2026-04-28 19:59:59.999000+00:00,1
2026-04-28 20:00:00+00:00,0.2472,0.248,0.2461,0.2467,166187.7,2026-04-28 23:59:59.999000+00:00,1
2026-04-29 00:00:00+00:00,0.2466,0.2494,0.246,0.2489,267941.6,2026-04-29 03:59:59.999000+00:00,1
2026-04-29 04:00:00+00:00,0.2489,0.2505,0.2483,0.2494,288906.2,2026-04-29 07:59:59.999000+00:00,1
2026-04-29 08:00:00+00:00,0.2494,0.2539,0.249,0.2512,570041.8,2026-04-29 11:59:59.999000+00:00,1
2026-04-29 12:00:00+00:00,0.2512,0.2514,0.2429,0.2437,739281.5,2026-04-29 15:59:59.999000+00:00,1
2026-04-29 16:00:00+00:00,0.2437,0.2451,0.2379,0.2413,1149817.5,2026-04-29 19:59:59.999000+00:00,1
2026-04-29 20:00:00+00:00,0.2413,0.245,0.2411,0.2443,303550.9,2026-04-29 23:59:59.999000+00:00,1
2026-04-30 00:00:00+00:00,0.2443,0.2477,0.2443,0.2466,494877.0,2026-04-30 03:59:59.999000+00:00,1
2026-04-30 04:00:00+00:00,0.2466,0.2469,0.2442,0.2466,201151.4,2026-04-30 07:59:59.999000+00:00,1
2026-04-30 08:00:00+00:00,0.2466,0.2483,0.2452,0.246,273458.1,2026-04-30 11:59:59.999000+00:00,1
2026-04-30 12:00:00+00:00,0.246,0.2482,0.2447,0.2473,300551.1,2026-04-30 15:59:59.999000+00:00,1
2026-04-30 16:00:00+00:00,0.2474,0.2475,0.2452,0.246,143096.7,2026-04-30 19:59:59.999000+00:00,1
2026-04-30 20:00:00+00:00,0.2461,0.2472,0.2451,0.246,173970.3,2026-04-30 23:59:59.999000+00:00,1
2026-05-01 00:00:00+00:00,0.2459,0.2503,0.2458,0.2485,347758.9,2026-05-01 03:59:59.999000+00:00,1
2026-05-01 04:00:00+00:00,0.2486,0.2498,0.2478,0.2485,191830.4,2026-05-01 07:59:59.999000+00:00,1
2026-05-01 08:00:00+00:00,0.2486,0.2495,0.2467,0.2478,226164.2,2026-05-01 11:59:59.999000+00:00,1
2026-05-01 12:00:00+00:00,0.2478,0.251,0.2476,0.2502,502443.4,2026-05-01 15:59:59.999000+00:00,1
2026-05-01 16:00:00+00:00,0.2501,0.251,0.2488,0.2496,259302.8,2026-05-01 19:59:59.999000+00:00,1
2026-05-01 20:00:00+00:00,0.2496,0.25,0.2472,0.248,230558.7,2026-05-01 23:59:59.999000+00:00,1
2026-05-02 00:00:00+00:00,0.2481,0.2485,0.2473,0.2478,214048.8,2026-05-02 03:59:59.999000+00:00,1
2026-05-02 04:00:00+00:00,0.2478,0.2481,0.2467,0.2475,144772.6,2026-05-02 07:59:59.999000+00:00,1
2026-05-02 08:00:00+00:00,0.2474,0.2489,0.2472,0.248,106685.8,2026-05-02 11:59:59.999000+00:00,1
2026-05-02 12:00:00+00:00,0.2481,0.25,0.2474,0.2499,176824.1,2026-05-02 15:59:59.999000+00:00,1
2026-05-02 16:00:00+00:00,0.25,0.2514,0.2491,0.2511,216266.4,2026-05-02 19:59:59.999000+00:00,1
2026-05-02 20:00:00+00:00,0.2512,0.2528,0.2499,0.2501,186741.0,2026-05-02 23:59:59.999000+00:00,1
2026-05-03 00:00:00+00:00,0.2501,0.2504,0.2471,0.2478,242386.1,2026-05-03 03:59:59.999000+00:00,1
2026-05-03 04:00:00+00:00,0.2478,0.2495,0.2472,0.2486,254956.3,2026-05-03 07:59:59.999000+00:00,1
2026-05-03 08:00:00+00:00,0.2485,0.2503,0.248,0.2494,247433.7,2026-05-03 11:59:59.999000+00:00,1
2026-05-03 12:00:00+00:00,0.2495,0.251,0.2494,0.2506,204384.9,2026-05-03 15:59:59.999000+00:00,1
2026-05-03 16:00:00+00:00,0.2507,0.2513,0.2503,0.2508,129583.3,2026-05-03 19:59:59.999000+00:00,1
2026-05-03 20:00:00+00:00,0.2507,0.2517,0.2482,0.2493,351635.6,2026-05-03 23:59:59.999000+00:00,1
2026-05-04 00:00:00+00:00,0.2493,0.2544,0.2471,0.2535,562059.4,2026-05-04 03:59:59.999000+00:00,1
2026-05-04 04:00:00+00:00,0.2536,0.2551,0.2508,0.2516,293653.1,2026-05-04 07:59:59.999000+00:00,1
2026-05-04 08:00:00+00:00,0.2516,0.2534,0.2468,0.2483,686670.0,2026-05-04 11:59:59.999000+00:00,1
2026-05-04 12:00:00+00:00,0.2482,0.2532,0.248,0.2506,474508.9,2026-05-04 15:59:59.999000+00:00,1
2026-05-04 16:00:00+00:00,0.2505,0.2527,0.2494,0.2509,271723.2,2026-05-04 19:59:59.999000+00:00,1
2026-05-04 20:00:00+00:00,0.2509,0.2515,0.2492,0.2497,129181.2,2026-05-04 23:59:59.999000+00:00,1
2026-05-05 00:00:00+00:00,0.2498,0.2529,0.2495,0.2525,195547.5,2026-05-05 03:59:59.999000+00:00,1
2026-05-05 04:00:00+00:00,0.2525,0.2583,0.2519,0.2565,532617.3,2026-05-05 07:59:59.999000+00:00,1
2026-05-05 08:00:00+00:00,0.2566,0.2599,0.2563,0.2585,505856.5,2026-05-05 11:59:59.999000+00:00,1
2026-05-05 12:00:00+00:00,0.2585,0.2596,0.2556,0.2567,517872.9,2026-05-05 15:59:59.999000+00:00,1
2026-05-05 16:00:00+00:00,0.2568,0.2588,0.2559,0.2585,212048.7,2026-05-05 19:59:59.999000+00:00,1
2026-05-05 20:00:00+00:00,0.2585,0.2657,0.2581,0.2619,826385.4,2026-05-05 23:59:59.999000+00:00,1
2026-05-06 00:00:00+00:00,0.2618,0.2642,0.2599,0.2638,282502.2,2026-05-06 03:59:59.999000+00:00,1
2026-05-06 04:00:00+00:00,0.2638,0.2652,0.2619,0.2648,232524.0,2026-05-06 07:59:59.999000+00:00,1
2026-05-06 08:00:00+00:00,0.2647,0.2737,0.2645,0.2717,846567.3,2026-05-06 11:59:59.999000+00:00,1
2026-05-06 12:00:00+00:00,0.2718,0.2723,0.2627,0.2675,852394.0,2026-05-06 15:59:59.999000+00:00,1
2026-05-06 16:00:00+00:00,0.2675,0.2682,0.2648,0.2663,225506.9,2026-05-06 19:59:59.999000+00:00,1
2026-05-06 20:00:00+00:00,0.2663,0.2687,0.2642,0.2668,211570.2,2026-05-06 23:59:59.999000+00:00,1
2026-05-07 00:00:00+00:00,0.2669,0.2673,0.2631,0.2636,299285.6,2026-05-07 03:59:59.999000+00:00,1
2026-05-07 04:00:00+00:00,0.2636,0.2686,0.2633,0.2683,193596.7,2026-05-07 07:59:59.999000+00:00,1
2026-05-07 08:00:00+00:00,0.2683,0.2687,0.2655,0.2678,197364.5,2026-05-07 11:59:59.999000+00:00,1
2026-05-07 12:00:00+00:00,0.2678,0.2702,0.2608,0.2617,666653.0,2026-05-07 15:59:59.999000+00:00,1
2026-05-07 16:00:00+00:00,0.2617,0.2641,0.2594,0.2628,385519.3,2026-05-07 19:59:59.999000+00:00,1
2026-05-07 20:00:00+00:00,0.2628,0.2645,0.2606,0.2625,151244.2,2026-05-07 23:59:59.999000+00:00,1
2026-05-08 00:00:00+00:00,0.2625,0.2631,0.2597,0.2617,166612.1,2026-05-08 03:59:59.999000+00:00,1
2026-05-08 04:00:00+00:00,0.2616,0.2626,0.2603,0.2619,149720.1,2026-05-08 07:59:59.999000+00:00,1
2026-05-08 08:00:00+00:00,0.2619,0.2646,0.2615,0.2641,172702.5,2026-05-08 11:59:59.999000+00:00,1
2026-05-08 12:00:00+00:00,0.2641,0.2695,0.2625,0.2694,322457.0,2026-05-08 15:59:59.999000+00:00,1
2026-05-08 16:00:00+00:00,0.2695,0.2734,0.2676,0.2717,449302.6,2026-05-08 19:59:59.999000+00:00,1
2026-05-08 20:00:00+00:00,0.2717,0.2786,0.271,0.2734,492227.2,2026-05-08 23:59:59.999000+00:00,1
2026-05-09 00:00:00+00:00,0.2734,0.2783,0.273,0.2762,257207.0,2026-05-09 03:59:59.999000+00:00,1
2026-05-09 04:00:00+00:00,0.2762,0.2779,0.2739,0.2749,188921.5,2026-05-09 07:59:59.999000+00:00,1
2026-05-09 08:00:00+00:00,0.275,0.2764,0.2721,0.2734,237251.6,2026-05-09 11:59:59.999000+00:00,1
2026-05-09 12:00:00+00:00,0.2734,0.274,0.2698,0.2702,331148.2,2026-05-09 15:59:59.999000+00:00,1
2026-05-09 16:00:00+00:00,0.2702,0.2728,0.2692,0.2725,177393.0,2026-05-09 19:59:59.999000+00:00,1
2026-05-09 20:00:00+00:00,0.2726,0.2727,0.2701,0.2706,98070.3,2026-05-09 23:59:59.999000+00:00,1
2026-05-10 00:00:00+00:00,0.2706,0.2717,0.2686,0.2698,181704.7,2026-05-10 03:59:59.999000+00:00,1
2026-05-10 04:00:00+00:00,0.2697,0.271,0.2682,0.2705,171543.0,2026-05-10 07:59:59.999000+00:00,1
2026-05-10 08:00:00+00:00,0.2704,0.2735,0.2703,0.2726,215028.7,2026-05-10 11:59:59.999000+00:00,1
2026-05-10 12:00:00+00:00,0.2726,0.2824,0.2717,0.2815,586183.7,2026-05-10 15:59:59.999000+00:00,1
2026-05-10 16:00:00+00:00,0.2815,0.2885,0.28,0.2868,845124.1,2026-05-10 19:59:59.999000+00:00,1
2026-05-10 20:00:00+00:00,0.2868,0.288,0.275,0.2821,886993.3,2026-05-10 23:59:59.999000+00:00,1
2026-05-11 00:00:00+00:00,0.2821,0.2827,0.2737,0.2763,452485.7,2026-05-11 03:59:59.999000+00:00,1
2026-05-11 04:00:00+00:00,0.2763,0.2796,0.275,0.2775,250430.6,2026-05-11 07:59:59.999000+00:00,1
2026-05-11 08:00:00+00:00,0.2776,0.281,0.2755,0.2791,354492.4,2026-05-11 11:59:59.999000+00:00,1
2026-05-11 12:00:00+00:00,0.2791,0.2834,0.2774,0.2823,531570.4,2026-05-11 15:59:59.999000+00:00,1
2026-05-11 16:00:00+00:00,0.2822,0.2828,0.2793,0.2811,332168.8,2026-05-11 19:59:59.999000+00:00,1
2026-05-11 20:00:00+00:00,0.2811,0.2818,0.2791,0.2801,196123.1,2026-05-11 23:59:59.999000+00:00,1
2026-05-12 00:00:00+00:00,0.2802,0.2817,0.276,0.2768,290220.3,2026-05-12 03:59:59.999000+00:00,1
2026-05-12 04:00:00+00:00,0.2768,0.2783,0.2746,0.2766,224859.1,2026-05-12 07:59:59.999000+00:00,1
2026-05-12 08:00:00+00:00,0.2766,0.2774,0.2731,0.2742,347140.7,2026-05-12 11:59:59.999000+00:00,1
2026-05-12 12:00:00+00:00,0.2741,0.2751,0.2676,0.269,518769.0,2026-05-12 15:59:59.999000+00:00,1
2026-05-12 16:00:00+00:00,0.2689,0.2723,0.2669,0.2718,391128.1,2026-05-12 19:59:59.999000+00:00,1
2026-05-12 20:00:00+00:00,0.2717,0.2727,0.2704,0.2709,258208.0,2026-05-12 23:59:59.999000+00:00,1
2026-05-13 00:00:00+00:00,0.2709,0.2742,0.2707,0.2739,422280.4,2026-05-13 03:59:59.999000+00:00,1
2026-05-13 04:00:00+00:00,0.2738,0.2746,0.2721,0.2731,186386.9,2026-05-13 07:59:59.999000+00:00,1
2026-05-13 08:00:00+00:00,0.2731,0.2776,0.27,0.2706,522979.3,2026-05-13 11:59:59.999000+00:00,1
2026-05-13 12:00:00+00:00,0.2706,0.2715,0.261,0.2618,986706.3,2026-05-13 15:59:59.999000+00:00,1
2026-05-13 16:00:00+00:00,0.2618,0.2658,0.2616,0.2637,242375.2,2026-05-13 19:59:59.999000+00:00,1
2026-05-13 20:00:00+00:00,0.2637,0.2662,0.2627,0.2645,271019.4,2026-05-13 23:59:59.999000+00:00,1
2026-05-14 00:00:00+00:00,0.2646,0.2661,0.262,0.2628,195399.2,2026-05-14 03:59:59.999000+00:00,1
2026-05-14 04:00:00+00:00,0.2627,0.2665,0.2622,0.2643,158532.7,2026-05-14 07:59:59.999000+00:00,1
2026-05-14 08:00:00+00:00,0.2643,0.2656,0.2634,0.2637,149813.7,2026-05-14 11:59:59.999000+00:00,1
2026-05-14 12:00:00+00:00,0.2636,0.2707,0.2635,0.2701,451859.6,2026-05-14 15:59:59.999000+00:00,1
2026-05-14 16:00:00+00:00,0.2702,0.2803,0.2694,0.2738,854545.1,2026-05-14 19:59:59.999000+00:00,1
2026-05-14 20:00:00+00:00,0.2739,0.2743,0.2696,0.2704,382134.7,2026-05-14 23:59:59.999000+00:00,1
2026-05-15 00:00:00+00:00,0.2703,0.2727,0.2682,0.2696,325893.7,2026-05-15 03:59:59.999000+00:00,1
2026-05-15 04:00:00+00:00,0.2696,0.2699,0.2646,0.2681,304328.5,2026-05-15 07:59:59.999000+00:00,1
2026-05-15 08:00:00+00:00,0.2682,0.2685,0.2659,0.2669,154922.2,2026-05-15 11:59:59.999000+00:00,1
2026-05-15 12:00:00+00:00,0.2669,0.267,0.2567,0.258,734473.6,2026-05-15 15:59:59.999000+00:00,1
2026-05-15 16:00:00+00:00,0.258,0.2624,0.2575,0.2609,257796.9,2026-05-15 19:59:59.999000+00:00,1
2026-05-15 20:00:00+00:00,0.2608,0.2619,0.2599,0.2613,92465.2,2026-05-15 23:59:59.999000+00:00,1
2026-05-16 00:00:00+00:00,0.2614,0.2622,0.2605,0.261,141252.8,2026-05-16 03:59:59.999000+00:00,1
2026-05-16 04:00:00+00:00,0.261,0.2611,0.253,0.2553,616775.8,2026-05-16 07:59:59.999000+00:00,1
2026-05-16 08:00:00+00:00,0.2552,0.2559,0.2518,0.2537,317774.5,2026-05-16 11:59:59.999000+00:00,1
2026-05-16 12:00:00+00:00,0.2537,0.256,0.2534,0.2555,159622.2,2026-05-16 15:59:59.999000+00:00,1
2026-05-16 16:00:00+00:00,0.2555,0.2563,0.2548,0.2549,121768.2,2026-05-16 19:59:59.999000+00:00,1
2026-05-16 20:00:00+00:00,0.255,0.2557,0.2538,0.2548,164586.2,2026-05-16 23:59:59.999000+00:00,1
2026-05-17 00:00:00+00:00,0.2549,0.2554,0.2525,0.2542,184783.7,2026-05-17 03:59:59.999000+00:00,1
2026-05-17 04:00:00+00:00,0.2541,0.2567,0.254,0.2561,180266.1,2026-05-17 07:59:59.999000+00:00,1
2026-05-17 08:00:00+00:00,0.2561,0.2581,0.2552,0.2563,164983.1,2026-05-17 11:59:59.999000+00:00,1
2026-05-17 12:00:00+00:00,0.2563,0.257,0.2535,0.255,199748.1,2026-05-17 15:59:59.999000+00:00,1
2026-05-17 16:00:00+00:00,0.255,0.2554,0.2528,0.2551,182622.3,2026-05-17 19:59:59.999000+00:00,1
2026-05-17 20:00:00+00:00,0.255,0.2559,0.2447,0.2519,803489.1,2026-05-17 23:59:59.999000+00:00,1
2026-05-18 00:00:00+00:00,0.2519,0.253,0.2487,0.2501,319046.8,2026-05-18 03:59:59.999000+00:00,1
2026-05-18 04:00:00+00:00,0.25,0.2518,0.2468,0.2492,413674.2,2026-05-18 07:59:59.999000+00:00,1
2026-05-18 08:00:00+00:00,0.2492,0.252,0.2477,0.2503,199341.0,2026-05-18 11:59:59.999000+00:00,1
2026-05-18 12:00:00+00:00,0.2503,0.2525,0.246,0.248,375757.2,2026-05-18 15:59:59.999000+00:00,1
2026-05-18 16:00:00+00:00,0.2479,0.2511,0.2462,0.2506,232921.0,2026-05-18 19:59:59.999000+00:00,1
2026-05-18 20:00:00+00:00,0.2507,0.2529,0.2495,0.2514,197712.0,2026-05-18 23:59:59.999000+00:00,1
2026-05-19 00:00:00+00:00,0.2515,0.2534,0.2504,0.2514,186876.3,2026-05-19 03:59:59.999000+00:00,1
2026-05-19 04:00:00+00:00,0.2514,0.2529,0.2504,0.2522,130101.9,2026-05-19 07:59:59.999000+00:00,1
2026-05-19 08:00:00+00:00,0.2523,0.2524,0.248,0.2483,257391.5,2026-05-19 11:59:59.999000+00:00,1
2026-05-19 12:00:00+00:00,0.2483,0.2511,0.2468,0.2482,364614.6,2026-05-19 15:59:59.999000+00:00,1
2026-05-19 16:00:00+00:00,0.2483,0.2499,0.2477,0.2482,123998.6,2026-05-19 19:59:59.999000+00:00,1
2026-05-19 20:00:00+00:00,0.2483,0.2496,0.2473,0.2481,106694.7,2026-05-19 23:59:59.999000+00:00,1
2026-05-20 00:00:00+00:00,0.2481,0.2487,0.2468,0.248,158053.7,2026-05-20 03:59:59.999000+00:00,1
2026-05-20 04:00:00+00:00,0.2481,0.2509,0.2475,0.2491,178889.8,2026-05-20 07:59:59.999000+00:00,1
2026-05-20 08:00:00+00:00,0.2491,0.2504,0.2479,0.2486,159272.8,2026-05-20 11:59:59.999000+00:00,1
2026-05-20 12:00:00+00:00,0.2485,0.2514,0.2469,0.2502,390477.3,2026-05-20 15:59:59.999000+00:00,1
2026-05-20 16:00:00+00:00,0.2502,0.2513,0.2478,0.2501,287619.6,2026-05-20 19:59:59.999000+00:00,1
2026-05-20 20:00:00+00:00,0.25,0.2507,0.248,0.249,176472.2,2026-05-20 23:59:59.999000+00:00,1
2026-05-21 00:00:00+00:00,0.2491,0.2522,0.2487,0.2519,232544.8,2026-05-21 03:59:59.999000+00:00,1
2026-05-21 04:00:00+00:00,0.2519,0.2526,0.2474,0.2489,298455.6,2026-05-21 07:59:59.999000+00:00,1
2026-05-21 08:00:00+00:00,0.2489,0.2503,0.2453,0.2464,437927.3,2026-05-21 11:59:59.999000+00:00,1
2026-05-21 12:00:00+00:00,0.2465,0.2496,0.2461,0.2483,220509.8,2026-05-21 15:59:59.999000+00:00,1
2026-05-21 16:00:00+00:00,0.2483,0.2538,0.2475,0.2523,533136.9,2026-05-21 19:59:59.999000+00:00,1
2026-05-21 20:00:00+00:00,0.2523,0.2531,0.2497,0.2505,195221.6,2026-05-21 23:59:59.999000+00:00,1
2026-05-22 00:00:00+00:00,0.2505,0.2518,0.2489,0.2514,126061.3,2026-05-22 03:59:59.999000+00:00,1
2026-05-22 04:00:00+00:00,0.2515,0.2528,0.2491,0.2513,176037.7,2026-05-22 07:59:59.999000+00:00,1
2026-05-22 08:00:00+00:00,0.2514,0.2527,0.2505,0.2525,173692.4,2026-05-22 11:59:59.999000+00:00,1
2026-05-22 12:00:00+00:00,0.2525,0.2545,0.2478,0.2495,555356.5,2026-05-22 15:59:59.999000+00:00,1
2026-05-22 16:00:00+00:00,0.2495,0.2501,0.2422,0.2441,869639.6,2026-05-22 19:59:59.999000+00:00,1
2026-05-22 20:00:00+00:00,0.2441,0.2467,0.2408,0.2422,461855.1,2026-05-22 23:59:59.999000+00:00,1
2026-05-23 00:00:00+00:00,0.2422,0.2439,0.2413,0.2434,204732.1,2026-05-23 03:59:59.999000+00:00,1
2026-05-23 04:00:00+00:00,0.2434,0.2435,0.2356,0.2376,645727.4,2026-05-23 07:59:59.999000+00:00,1
2026-05-23 08:00:00+00:00,0.2377,0.2392,0.2368,0.2379,273603.8,2026-05-23 11:59:59.999000+00:00,1
2026-05-23 12:00:00+00:00,0.2379,0.2435,0.2376,0.2421,412809.4,2026-05-23 15:59:59.999000+00:00,1
2026-05-23 16:00:00+00:00,0.242,0.2451,0.2415,0.244,267619.6,2026-05-23 19:59:59.999000+00:00,1
2026-05-23 20:00:00+00:00,0.244,0.2507,0.2435,0.2458,629589.8,2026-05-23 23:59:59.999000+00:00,1
2026-05-24 00:00:00+00:00,0.2459,0.2468,0.2446,0.2452,162100.7,2026-05-24 03:59:59.999000+00:00,1
2026-05-24 04:00:00+00:00,0.2452,0.2463,0.2448,0.2451,109562.9,2026-05-24 07:59:59.999000+00:00,1
2026-05-24 08:00:00+00:00,0.2452,0.2464,0.2448,0.2454,180212.0,2026-05-24 11:59:59.999000+00:00,1
2026-05-24 12:00:00+00:00,0.2455,0.2455,0.2407,0.2427,279158.6,2026-05-24 15:59:59.999000+00:00,1
2026-05-24 16:00:00+00:00,0.2427,0.2435,0.2418,0.2423,110062.9,2026-05-24 19:59:59.999000+00:00,1
2026-05-24 20:00:00+00:00,0.2424,0.2426,0.2382,0.2421,285941.4,2026-05-24 23:59:59.999000+00:00,1
2026-05-25 00:00:00+00:00,0.242,0.243,0.2402,0.2407,203918.7,2026-05-25 03:59:59.999000+00:00,1
2026-05-25 04:00:00+00:00,0.2408,0.2448,0.2405,0.2448,216626.6,2026-05-25 07:59:59.999000+00:00,1
2026-05-25 08:00:00+00:00,0.2448,0.246,0.2438,0.2447,196983.2,2026-05-25 11:59:59.999000+00:00,1
2026-05-25 12:00:00+00:00,0.2447,0.2471,0.2442,0.2458,190413.3,2026-05-25 15:59:59.999000+00:00,1
2026-05-25 16:00:00+00:00,0.2459,0.2477,0.2447,0.2453,163462.3,2026-05-25 19:59:59.999000+00:00,1
2026-05-25 20:00:00+00:00,0.2454,0.246,0.242,0.2434,176174.0,2026-05-25 23:59:59.999000+00:00,1
2026-05-26 00:00:00+00:00,0.2435,0.2436,0.2391,0.2407,299971.2,2026-05-26 03:59:59.999000+00:00,1
2026-05-26 04:00:00+00:00,0.2407,0.2428,0.2402,0.2411,174023.5,2026-05-26 07:59:59.999000+00:00,1
2026-05-26 08:00:00+00:00,0.2412,0.2456,0.241,0.2441,256107.8,2026-05-26 11:59:59.999000+00:00,1
2026-05-26 12:00:00+00:00,0.2441,0.2473,0.2409,0.2424,501511.8,2026-05-26 15:59:59.999000+00:00,1
2026-05-26 16:00:00+00:00,0.2425,0.2425,0.2379,0.24,450163.3,2026-05-26 19:59:59.999000+00:00,1
2026-05-26 20:00:00+00:00,0.24,0.2408,0.239,0.2398,183531.0,2026-05-26 23:59:59.999000+00:00,1
2026-05-27 00:00:00+00:00,0.2398,0.2417,0.2391,0.2398,180975.2,2026-05-27 03:59:59.999000+00:00,1
2026-05-27 04:00:00+00:00,0.2398,0.2408,0.2366,0.2402,265088.8,2026-05-27 07:59:59.999000+00:00,1
2026-05-27 08:00:00+00:00,0.2403,0.241,0.2387,0.2396,195712.9,2026-05-27 11:59:59.999000+00:00,1
2026-05-27 12:00:00+00:00,0.2395,0.2433,0.2372,0.2412,516774.7,2026-05-27 15:59:59.999000+00:00,1
2026-05-27 16:00:00+00:00,0.2413,0.2418,0.2376,0.2408,305335.4,2026-05-27 19:59:59.999000+00:00,1
2026-05-27 20:00:00+00:00,0.2408,0.2411,0.2354,0.2371,410693.9,2026-05-27 23:59:59.999000+00:00,1
2026-05-28 00:00:00+00:00,0.237,0.2382,0.2312,0.2319,504916.2,2026-05-28 03:59:59.999000+00:00,1
2026-05-28 04:00:00+00:00,0.2318,0.232,0.2277,0.2313,658923.4,2026-05-28 07:59:59.999000+00:00,1
2026-05-28 08:00:00+00:00,0.2313,0.2319,0.2292,0.2299,173353.3,2026-05-28 11:59:59.999000+00:00,1
2026-05-28 12:00:00+00:00,0.2299,0.234,0.2289,0.2329,479388.9,2026-05-28 15:59:59.999000+00:00,1
2026-05-28 16:00:00+00:00,0.2328,0.2375,0.2315,0.2344,342405.9,2026-05-28 19:59:59.999000+00:00,1
2026-05-28 20:00:00+00:00,0.2344,0.2362,0.2334,0.2347,192286.5,2026-05-28 23:59:59.999000+00:00,1
2026-05-29 00:00:00+00:00,0.2347,0.2358,0.2326,0.2333,173539.4,2026-05-29 03:59:59.999000+00:00,1
2026-05-29 04:00:00+00:00,0.2333,0.2369,0.2323,0.2347,251335.6,2026-05-29 07:59:59.999000+00:00,1
2026-05-29 08:00:00+00:00,0.2346,0.2359,0.2325,0.2334,178909.6,2026-05-29 11:59:59.999000+00:00,1
2026-05-29 12:00:00+00:00,0.2334,0.2379,0.2297,0.2355,651909.9,2026-05-29 15:59:59.999000+00:00,1
2026-05-29 16:00:00+00:00,0.2356,0.236,0.2304,0.2326,762159.8,2026-05-29 19:59:59.999000+00:00,1
2026-05-29 20:00:00+00:00,0.2326,0.2339,0.2314,0.2327,301816.0,2026-05-29 23:59:59.999000+00:00,1
2026-05-30 00:00:00+00:00,0.2326,0.2394,0.2323,0.2362,588477.3,2026-05-30 03:59:59.999000+00:00,1
2026-05-30 04:00:00+00:00,0.2363,0.2369,0.2335,0.235,347502.6,2026-05-30 07:59:59.999000+00:00,1
2026-05-30 08:00:00+00:00,0.2351,0.2353,0.2336,0.235,126167.4,2026-05-30 11:59:59.999000+00:00,1
2026-05-30 12:00:00+00:00,0.235,0.2368,0.2346,0.2363,202817.0,2026-05-30 15:59:59.999000+00:00,1
2026-05-30 16:00:00+00:00,0.2363,0.2376,0.2355,0.237,150787.8,2026-05-30 19:59:59.999000+00:00,1
2026-05-30 20:00:00+00:00,0.2371,0.2383,0.235,0.2357,193299.6,2026-05-30 23:59:59.999000+00:00,1
2026-05-31 00:00:00+00:00,0.2358,0.2383,0.2354,0.2379,227688.1,2026-05-31 03:59:59.999000+00:00,1
2026-05-31 04:00:00+00:00,0.2379,0.2386,0.236,0.2364,130725.8,2026-05-31 07:59:59.999000+00:00,1
2026-05-31 08:00:00+00:00,0.2364,0.2379,0.2354,0.2368,168951.6,2026-05-31 11:59:59.999000+00:00,1
2026-05-31 12:00:00+00:00,0.2369,0.2379,0.2334,0.2335,387916.3,2026-05-31 15:59:59.999000+00:00,1
2026-05-31 16:00:00+00:00,0.2336,0.234,0.2317,0.2326,293868.4,2026-05-31 19:59:59.999000+00:00,1
2026-05-31 20:00:00+00:00,0.2326,0.2368,0.2326,0.2355,280875.6,2026-05-31 23:59:59.999000+00:00,1
2026-06-01 00:00:00+00:00,0.2356,0.2374,0.2325,0.2367,344459.2,2026-06-01 03:59:59.999000+00:00,1
2026-06-01 04:00:00+00:00,0.2367,0.2375,0.2304,0.2308,388483.5,2026-06-01 07:59:59.999000+00:00,1
2026-06-01 08:00:00+00:00,0.2309,0.2322,0.2292,0.2301,309296.3,2026-06-01 11:59:59.999000+00:00,1
2026-06-01 12:00:00+00:00,0.2302,0.2314,0.2251,0.2268,827488.7,2026-06-01 15:59:59.999000+00:00,1
2026-06-01 16:00:00+00:00,0.2268,0.2317,0.2259,0.2312,420488.7,2026-06-01 19:59:59.999000+00:00,1
2026-06-01 20:00:00+00:00,0.2313,0.2316,0.2282,0.231,307852.1,2026-06-01 23:59:59.999000+00:00,1
2026-06-02 00:00:00+00:00,0.2309,0.2311,0.2243,0.2278,520473.6,2026-06-02 03:59:59.999000+00:00,1
2026-06-02 04:00:00+00:00,0.2278,0.2283,0.2223,0.2238,536986.3,2026-06-02 07:59:59.999000+00:00,1
2026-06-02 08:00:00+00:00,0.2237,0.2244,0.2219,0.2228,269941.3,2026-06-02 11:59:59.999000+00:00,1
2026-06-02 12:00:00+00:00,0.2227,0.2236,0.2137,0.2153,1703007.4,2026-06-02 15:59:59.999000+00:00,1
2026-06-02 16:00:00+00:00,0.2152,0.2192,0.2115,0.2155,723726.5,2026-06-02 19:59:59.999000+00:00,1
2026-06-02 20:00:00+00:00,0.2155,0.2181,0.2092,0.2127,739464.7,2026-06-02 23:59:59.999000+00:00,1
2026-06-03 00:00:00+00:00,0.2127,0.2144,0.2072,0.2086,528008.2,2026-06-03 03:59:59.999000+00:00,1
2026-06-03 04:00:00+00:00,0.2086,0.218,0.2085,0.217,481386.5,2026-06-03 07:59:59.999000+00:00,1
2026-06-03 08:00:00+00:00,0.2171,0.2183,0.2153,0.216,307816.3,2026-06-03 11:59:59.999000+00:00,1
2026-06-03 12:00:00+00:00,0.216,0.2164,0.2113,0.2118,419884.2,2026-06-03 15:59:59.999000+00:00,1
2026-06-03 16:00:00+00:00,0.2118,0.2121,0.2041,0.2046,658017.9,2026-06-03 19:59:59.999000+00:00,1
2026-06-03 20:00:00+00:00,0.2045,0.2065,0.1998,0.2001,741143.3,2026-06-03 23:59:59.999000+00:00,1
2026-06-04 00:00:00+00:00,0.2002,0.2016,0.1874,0.1996,1846188.0,2026-06-04 03:59:59.999000+00:00,1
2026-06-04 04:00:00+00:00,0.1997,0.201,0.1946,0.1947,574151.1,2026-06-04 07:59:59.999000+00:00,1
2026-06-04 08:00:00+00:00,0.1946,0.1956,0.1867,0.19,861416.3,2026-06-04 11:59:59.999000+00:00,1
2026-06-04 12:00:00+00:00,0.1901,0.1924,0.1868,0.1887,996511.5,2026-06-04 15:59:59.999000+00:00,1
2026-06-04 16:00:00+00:00,0.1887,0.1904,0.1856,0.1863,1079874.6,2026-06-04 19:59:59.999000+00:00,1
2026-06-04 20:00:00+00:00,0.1864,0.1864,0.1785,0.1796,1266389.7,2026-06-04 23:59:59.999000+00:00,1
2026-06-05 00:00:00+00:00,0.1795,0.1797,0.1579,0.1583,3958594.6,2026-06-05 03:59:59.999000+00:00,1
2026-06-05 04:00:00+00:00,0.1584,0.1692,0.1581,0.1633,3104877.6,2026-06-05 07:59:59.999000+00:00,1
2026-06-05 08:00:00+00:00,0.1633,0.1664,0.1585,0.1622,1730508.1,2026-06-05 11:59:59.999000+00:00,1
2026-06-05 12:00:00+00:00,0.1622,0.1651,0.1562,0.1571,2118414.5,2026-06-05 15:59:59.999000+00:00,1
2026-06-05 16:00:00+00:00,0.1571,0.1637,0.1542,0.1604,1923433.8,2026-06-05 19:59:59.999000+00:00,1
2026-06-05 20:00:00+00:00,0.1604,0.1636,0.1548,0.1565,1068065.3,2026-06-05 23:59:59.999000+00:00,1
2026-06-06 00:00:00+00:00,0.1565,0.1623,0.1536,0.1549,1214628.2,2026-06-06 03:59:59.999000+00:00,1
2026-06-06 04:00:00+00:00,0.1548,0.1582,0.1484,0.1572,1975143.9,2026-06-06 07:59:59.999000+00:00,1
2026-06-06 08:00:00+00:00,0.1572,0.1601,0.1533,0.1562,916464.7,2026-06-06 11:59:59.999000+00:00,1
2026-06-06 12:00:00+00:00,0.1562,0.1615,0.1547,0.1582,995306.7,2026-06-06 15:59:59.999000+00:00,1
2026-06-06 16:00:00+00:00,0.1582,0.1601,0.1565,0.1566,696807.2,2026-06-06 19:59:59.999000+00:00,1
2026-06-06 20:00:00+00:00,0.1566,0.1587,0.1554,0.1571,518321.2,2026-06-06 23:59:59.999000+00:00,1
2026-06-07 00:00:00+00:00,0.1571,0.1621,0.1566,0.1612,778590.6,2026-06-07 03:59:59.999000+00:00,1
2026-06-07 04:00:00+00:00,0.1612,0.163,0.1595,0.1621,630611.1,2026-06-07 07:59:59.999000+00:00,1
2026-06-07 08:00:00+00:00,0.1621,0.1669,0.1612,0.1645,837038.2,2026-06-07 11:59:59.999000+00:00,1
2026-06-07 12:00:00+00:00,0.1644,0.1647,0.1602,0.1621,679091.6,2026-06-07 15:59:59.999000+00:00,1
2026-06-07 16:00:00+00:00,0.162,0.1639,0.1578,0.1584,677171.2,2026-06-07 19:59:59.999000+00:00,1
2026-06-07 20:00:00+00:00,0.1583,0.1688,0.1578,0.1652,1077069.3,2026-06-07 23:59:59.999000+00:00,1
2026-06-08 00:00:00+00:00,0.1651,0.1665,0.1612,0.1638,544823.7,2026-06-08 03:59:59.999000+00:00,1
2026-06-08 04:00:00+00:00,0.1639,0.1642,0.1597,0.1637,460186.7,2026-06-08 07:59:59.999000+00:00,1
2026-06-08 08:00:00+00:00,0.1636,0.1681,0.1621,0.1675,725960.5,2026-06-08 11:59:59.999000+00:00,1
2026-06-08 12:00:00+00:00,0.1676,0.1713,0.1646,0.169,740518.2,2026-06-08 15:59:59.999000+00:00,1
2026-06-08 16:00:00+00:00,0.1691,0.1725,0.1669,0.1717,593946.0,2026-06-08 19:59:59.999000+00:00,1
2026-06-08 20:00:00+00:00,0.1718,0.1743,0.1686,0.1702,470574.4,2026-06-08 23:59:59.999000+00:00,1
2026-06-09 00:00:00+00:00,0.1701,0.1705,0.1654,0.1661,626874.6,2026-06-09 03:59:59.999000+00:00,1
2026-06-09 04:00:00+00:00,0.1661,0.1709,0.1649,0.17,599954.2,2026-06-09 07:59:59.999000+00:00,1
2026-06-09 08:00:00+00:00,0.1701,0.1703,0.1665,0.1673,458333.3,2026-06-09 11:59:59.999000+00:00,1
2026-06-09 12:00:00+00:00,0.1672,0.1696,0.1625,0.1629,853632.2,2026-06-09 15:59:59.999000+00:00,1
2026-06-09 16:00:00+00:00,0.1629,0.1689,0.1606,0.1683,911120.2,2026-06-09 19:59:59.999000+00:00,1
2026-06-09 20:00:00+00:00,0.1684,0.1697,0.1647,0.1651,341413.1,2026-06-09 23:59:59.999000+00:00,1
2026-06-10 00:00:00+00:00,0.1652,0.1666,0.161,0.162,388324.8,2026-06-10 03:59:59.999000+00:00,1
2026-06-10 04:00:00+00:00,0.1621,0.1628,0.1595,0.1612,485331.3,2026-06-10 07:59:59.999000+00:00,1
2026-06-10 08:00:00+00:00,0.1613,0.1615,0.1583,0.1594,582637.5,2026-06-10 11:59:59.999000+00:00,1
2026-06-10 12:00:00+00:00,0.1593,0.1668,0.1589,0.1648,882731.9,2026-06-10 15:59:59.999000+00:00,1
2026-06-10 16:00:00+00:00,0.1649,0.1651,0.1601,0.1606,788044.2,2026-06-10 19:59:59.999000+00:00,1
2026-06-10 20:00:00+00:00,0.1606,0.1614,0.158,0.1604,411857.4,2026-06-10 23:59:59.999000+00:00,1
2026-06-11 00:00:00+00:00,0.1604,0.1671,0.1604,0.1665,517747.7,2026-06-11 03:59:59.999000+00:00,1
2026-06-11 04:00:00+00:00,0.1665,0.1676,0.1639,0.1666,440312.5,2026-06-11 07:59:59.999000+00:00,1
2026-06-11 08:00:00+00:00,0.1667,0.1679,0.1652,0.1666,396631.8,2026-06-11 11:59:59.999000+00:00,1
2026-06-11 12:00:00+00:00,0.1667,0.1672,0.1642,0.166,450808.0,2026-06-11 15:59:59.999000+00:00,1
2026-06-11 16:00:00+00:00,0.1661,0.1718,0.1639,0.1692,816377.0,2026-06-11 19:59:59.999000+00:00,1
2026-06-11 20:00:00+00:00,0.1692,0.1718,0.1673,0.1705,432253.8,2026-06-11 23:59:59.999000+00:00,1
2026-06-12 00:00:00+00:00,0.1706,0.1718,0.1686,0.1718,321581.2,2026-06-12 03:59:59.999000+00:00,1
2026-06-12 04:00:00+00:00,0.1718,0.1736,0.1679,0.169,507445.4,2026-06-12 07:59:59.999000+00:00,1
2026-06-12 08:00:00+00:00,0.169,0.1722,0.1689,0.1713,411047.3,2026-06-12 11:59:59.999000+00:00,1
2026-06-12 12:00:00+00:00,0.1712,0.1742,0.1674,0.1703,992939.3,2026-06-12 15:59:59.999000+00:00,1
2026-06-12 16:00:00+00:00,0.1703,0.1743,0.1694,0.1706,605082.6,2026-06-12 19:59:59.999000+00:00,1
2026-06-12 20:00:00+00:00,0.1707,0.1712,0.1684,0.1695,322513.5,2026-06-12 23:59:59.999000+00:00,1
2026-06-13 00:00:00+00:00,0.1696,0.1733,0.1692,0.1702,471654.0,2026-06-13 03:59:59.999000+00:00,1
2026-06-13 04:00:00+00:00,0.1703,0.1742,0.1688,0.173,479072.9,2026-06-13 07:59:59.999000+00:00,1
2026-06-13 08:00:00+00:00,0.173,0.1738,0.1719,0.1734,231135.8,2026-06-13 11:59:59.999000+00:00,1
2026-06-13 12:00:00+00:00,0.1734,0.1757,0.1729,0.1748,302680.2,2026-06-13 15:59:59.999000+00:00,1
2026-06-13 16:00:00+00:00,0.1749,0.1749,0.1714,0.172,335900.9,2026-06-13 19:59:59.999000+00:00,1
2026-06-13 20:00:00+00:00,0.172,0.1734,0.171,0.1716,306658.8,2026-06-13 23:59:59.999000+00:00,1
2026-06-14 00:00:00+00:00,0.1716,0.1736,0.1711,0.1728,222382.8,2026-06-14 03:59:59.999000+00:00,1
2026-06-14 04:00:00+00:00,0.1728,0.1731,0.1706,0.1709,222958.0,2026-06-14 07:59:59.999000+00:00,1
2026-06-14 08:00:00+00:00,0.1708,0.1717,0.1692,0.1696,307659.9,2026-06-14 11:59:59.999000+00:00,1
2026-06-14 12:00:00+00:00,0.1697,0.1698,0.1652,0.1668,533755.8,2026-06-14 15:59:59.999000+00:00,1
2026-06-14 16:00:00+00:00,0.1667,0.1674,0.1653,0.1659,260730.2,2026-06-14 19:59:59.999000+00:00,1
2026-06-14 20:00:00+00:00,0.1659,0.1837,0.1656,0.1829,1225185.2,2026-06-14 23:59:59.999000+00:00,1
2026-06-15 00:00:00+00:00,0.1829,0.1868,0.1792,0.1811,1127153.6,2026-06-15 03:59:59.999000+00:00,1
2026-06-15 04:00:00+00:00,0.1812,0.1817,0.1794,0.1799,308846.5,2026-06-15 07:59:59.999000+00:00,1
2026-06-15 08:00:00+00:00,0.18,0.1854,0.1798,0.1851,605772.1,2026-06-15 11:59:59.999000+00:00,1
2026-06-15 12:00:00+00:00,0.1851,0.1899,0.1843,0.1887,831103.7,2026-06-15 15:59:59.999000+00:00,1
2026-06-15 16:00:00+00:00,0.1886,0.1896,0.1849,0.1861,519851.5,2026-06-15 19:59:59.999000+00:00,1
2026-06-15 20:00:00+00:00,0.186,0.1865,0.1766,0.1783,854656.9,2026-06-15 23:59:59.999000+00:00,1
2026-06-16 00:00:00+00:00,0.1783,0.1791,0.1752,0.1772,473973.8,2026-06-16 03:59:59.999000+00:00,1
2026-06-16 04:00:00+00:00,0.1771,0.1791,0.1754,0.1785,364059.9,2026-06-16 07:59:59.999000+00:00,1
2026-06-16 08:00:00+00:00,0.1786,0.1813,0.1781,0.1786,470143.1,2026-06-16 11:59:59.999000+00:00,1
2026-06-16 12:00:00+00:00,0.1786,0.1811,0.1725,0.1739,799288.3,2026-06-16 15:59:59.999000+00:00,1
2026-06-16 16:00:00+00:00,0.1738,0.1764,0.1718,0.1731,679848.9,2026-06-16 19:59:59.999000+00:00,1
2026-06-16 20:00:00+00:00,0.173,0.1755,0.1718,0.1723,368962.5,2026-06-16 23:59:59.999000+00:00,1
2026-06-17 00:00:00+00:00,0.1723,0.175,0.1708,0.1729,423024.9,2026-06-17 03:59:59.999000+00:00,1
2026-06-17 04:00:00+00:00,0.173,0.1737,0.17,0.1711,335133.7,2026-06-17 07:59:59.999000+00:00,1
2026-06-17 08:00:00+00:00,0.1711,0.1712,0.1675,0.1686,540610.9,2026-06-17 11:59:59.999000+00:00,1
2026-06-17 12:00:00+00:00,0.1686,0.1714,0.1668,0.1711,769656.1,2026-06-17 15:59:59.999000+00:00,1
2026-06-17 16:00:00+00:00,0.1711,0.1728,0.1646,0.1654,1290915.6,2026-06-17 19:59:59.999000+00:00,1
2026-06-17 20:00:00+00:00,0.1653,0.1674,0.1635,0.1667,440427.3,2026-06-17 23:59:59.999000+00:00,1
2026-06-18 00:00:00+00:00,0.1667,0.1687,0.1662,0.1667,368209.5,2026-06-18 03:59:59.999000+00:00,1
2026-06-18 04:00:00+00:00,0.1668,0.1672,0.1637,0.1666,460452.8,2026-06-18 07:59:59.999000+00:00,1
2026-06-18 08:00:00+00:00,0.1667,0.1675,0.1645,0.1649,453229.8,2026-06-18 11:59:59.999000+00:00,1
2026-06-18 12:00:00+00:00,0.165,0.1664,0.1595,0.1601,958884.3,2026-06-18 15:59:59.999000+00:00,1
2026-06-18 16:00:00+00:00,0.1602,0.1633,0.1599,0.1628,471359.1,2026-06-18 19:59:59.999000+00:00,1
2026-06-18 20:00:00+00:00,0.1629,0.1641,0.1622,0.1635,216847.1,2026-06-18 23:59:59.999000+00:00,1
2026-06-19 00:00:00+00:00,0.1636,0.1648,0.1609,0.1619,407134.0,2026-06-19 03:59:59.999000+00:00,1
2026-06-19 04:00:00+00:00,0.162,0.1623,0.1585,0.1595,455677.4,2026-06-19 07:59:59.999000+00:00,1
2026-06-19 08:00:00+00:00,0.1594,0.161,0.1589,0.1597,239103.3,2026-06-19 11:59:59.999000+00:00,1
2026-06-19 12:00:00+00:00,0.1598,0.1628,0.1586,0.1616,408944.0,2026-06-19 15:59:59.999000+00:00,1
2026-06-19 16:00:00+00:00,0.1617,0.1622,0.16,0.1607,280362.0,2026-06-19 19:59:59.999000+00:00,1
2026-06-19 20:00:00+00:00,0.1607,0.1624,0.1602,0.162,219661.5,2026-06-19 23:59:59.999000+00:00,1
2026-06-20 00:00:00+00:00,0.1619,0.164,0.1613,0.1623,208733.2,2026-06-20 03:59:59.999000+00:00,1
2026-06-20 04:00:00+00:00,0.1624,0.1651,0.1621,0.1628,238440.9,2026-06-20 07:59:59.999000+00:00,1
2026-06-20 08:00:00+00:00,0.1628,0.1639,0.1621,0.1626,173532.5,2026-06-20 11:59:59.999000+00:00,1
2026-06-20 12:00:00+00:00,0.1626,0.1632,0.1597,0.1621,462666.9,2026-06-20 15:59:59.999000+00:00,1
2026-06-20 16:00:00+00:00,0.1621,0.1624,0.1601,0.1611,172938.5,2026-06-20 19:59:59.999000+00:00,1
2026-06-20 20:00:00+00:00,0.1611,0.1637,0.1609,0.163,200560.4,2026-06-20 23:59:59.999000+00:00,1
2026-06-21 00:00:00+00:00,0.163,0.1635,0.1619,0.1625,210721.1,2026-06-21 03:59:59.999000+00:00,1
2026-06-21 04:00:00+00:00,0.1625,0.1626,0.1599,0.1614,350493.1,2026-06-21 07:59:59.999000+00:00,1
2026-06-21 08:00:00+00:00,0.1613,0.1624,0.1597,0.1607,333615.8,2026-06-21 11:59:59.999000+00:00,1
2026-06-21 12:00:00+00:00,0.1607,0.1628,0.16,0.1623,241454.3,2026-06-21 15:59:59.999000+00:00,1
2026-06-21 16:00:00+00:00,0.1622,0.1625,0.1607,0.1619,239475.6,2026-06-21 19:59:59.999000+00:00,1
2026-06-21 20:00:00+00:00,0.1619,0.1622,0.1562,0.1565,817936.5,2026-06-21 23:59:59.999000+00:00,1
2026-06-22 00:00:00+00:00,0.1565,0.1628,0.1563,0.158,636047.6,2026-06-22 03:59:59.999000+00:00,1
2026-06-22 04:00:00+00:00,0.158,0.1621,0.1577,0.1616,322351.6,2026-06-22 07:59:59.999000+00:00,1
2026-06-22 08:00:00+00:00,0.1617,0.1624,0.1596,0.1616,334118.4,2026-06-22 11:59:59.999000+00:00,1
2026-06-22 12:00:00+00:00,0.1616,0.1632,0.1585,0.1593,635919.7,2026-06-22 15:59:59.999000+00:00,1
2026-06-22 16:00:00+00:00,0.1592,0.1599,0.1574,0.1588,458193.7,2026-06-22 19:59:59.999000+00:00,1
2026-06-22 20:00:00+00:00,0.1588,0.1599,0.1569,0.1584,328882.3,2026-06-22 23:59:59.999000+00:00,1
2026-06-23 00:00:00+00:00,0.1584,0.1598,0.1573,0.1598,340115.6,2026-06-23 03:59:59.999000+00:00,1
2026-06-23 04:00:00+00:00,0.1597,0.16,0.1535,0.1544,750024.1,2026-06-23 07:59:59.999000+00:00,1
2026-06-23 08:00:00+00:00,0.1545,0.1546,0.1506,0.1534,707438.2,2026-06-23 11:59:59.999000+00:00,1
2026-06-23 12:00:00+00:00,0.1534,0.1535,0.1497,0.1508,662712.9,2026-06-23 15:59:59.999000+00:00,1
2026-06-23 16:00:00+00:00,0.1508,0.1518,0.1491,0.15,449796.4,2026-06-23 19:59:59.999000+00:00,1
2026-06-23 20:00:00+00:00,0.15,0.1523,0.1497,0.1514,284809.2,2026-06-23 23:59:59.999000+00:00,1
2026-06-24 00:00:00+00:00,0.1513,0.1543,0.151,0.1519,401103.1,2026-06-24 03:59:59.999000+00:00,1
2026-06-24 04:00:00+00:00,0.152,0.1529,0.15,0.1503,304708.9,2026-06-24 07:59:59.999000+00:00,1
2026-06-24 08:00:00+00:00,0.1504,0.1511,0.1455,0.1481,1207590.3,2026-06-24 11:59:59.999000+00:00,1
2026-06-24 12:00:00+00:00,0.1481,0.1487,0.1433,0.1437,1416727.3,2026-06-24 15:59:59.999000+00:00,1
2026-06-24 16:00:00+00:00,0.1437,0.1444,0.1394,0.1409,1585405.8,2026-06-24 19:59:59.999000+00:00,1
2026-06-24 20:00:00+00:00,0.141,0.1492,0.1406,0.1475,763345.7,2026-06-24 23:59:59.999000+00:00,1
2026-06-25 00:00:00+00:00,0.1476,0.149,0.1469,0.1474,446762.6,2026-06-25 03:59:59.999000+00:00,1
2026-06-25 04:00:00+00:00,0.1474,0.1506,0.1468,0.1497,374084.1,2026-06-25 07:59:59.999000+00:00,1
2026-06-25 08:00:00+00:00,0.1497,0.15,0.1471,0.1475,254791.2,2026-06-25 11:59:59.999000+00:00,1
2026-06-25 12:00:00+00:00,0.1475,0.1486,0.138,0.1431,1959949.5,2026-06-25 15:59:59.999000+00:00,1
2026-06-25 16:00:00+00:00,0.1432,0.1451,0.1403,0.141,562792.5,2026-06-25 19:59:59.999000+00:00,1
2026-06-25 20:00:00+00:00,0.141,0.1443,0.1409,0.1436,314185.8,2026-06-25 23:59:59.999000+00:00,1
2026-06-26 00:00:00+00:00,0.1436,0.1443,0.1382,0.1426,927022.9,2026-06-26 03:59:59.999000+00:00,1
2026-06-26 04:00:00+00:00,0.1426,0.1472,0.1413,0.1466,577113.5,2026-06-26 07:59:59.999000+00:00,1
2026-06-26 08:00:00+00:00,0.1466,0.1469,0.1426,0.1432,394764.0,2026-06-26 11:59:59.999000+00:00,1
2026-06-26 12:00:00+00:00,0.1431,0.1482,0.141,0.1479,1036246.2,2026-06-26 15:59:59.999000+00:00,1
2026-06-26 16:00:00+00:00,0.148,0.1499,0.1463,0.1474,469503.1,2026-06-26 19:59:59.999000+00:00,1
2026-06-26 20:00:00+00:00,0.1474,0.1492,0.1463,0.1482,375322.4,2026-06-26 23:59:59.999000+00:00,1
2026-06-27 00:00:00+00:00,0.1483,0.1496,0.1471,0.1481,290884.6,2026-06-27 03:59:59.999000+00:00,1
2026-06-27 04:00:00+00:00,0.1481,0.1489,0.147,0.1474,227376.9,2026-06-27 07:59:59.999000+00:00,1
2026-06-27 08:00:00+00:00,0.1474,0.1476,0.1461,0.147,197695.6,2026-06-27 11:59:59.999000+00:00,1
2026-06-27 12:00:00+00:00,0.147,0.1493,0.1465,0.1488,286874.8,2026-06-27 15:59:59.999000+00:00,1
2026-06-27 16:00:00+00:00,0.1488,0.1489,0.1446,0.1451,408824.6,2026-06-27 19:59:59.999000+00:00,1
2026-06-27 20:00:00+00:00,0.145,0.1459,0.1435,0.1451,290571.4,2026-06-27 23:59:59.999000+00:00,1
2026-06-28 00:00:00+00:00,0.1451,0.1458,0.1444,0.1452,187573.8,2026-06-28 03:59:59.999000+00:00,1
2026-06-28 04:00:00+00:00,0.1453,0.1454,0.1431,0.1451,262416.3,2026-06-28 07:59:59.999000+00:00,1
2026-06-28 08:00:00+00:00,0.1452,0.1465,0.144,0.1452,256571.0,2026-06-28 11:59:59.999000+00:00,1
2026-06-28 12:00:00+00:00,0.1452,0.1455,0.1438,0.1444,175720.7,2026-06-28 15:59:59.999000+00:00,1
2026-06-28 16:00:00+00:00,0.1443,0.1445,0.142,0.1427,313555.9,2026-06-28 19:59:59.999000+00:00,1
2026-06-28 20:00:00+00:00,0.1427,0.1443,0.1409,0.1437,506848.6,2026-06-28 23:59:59.999000+00:00,1
2026-06-29 00:00:00+00:00,0.1437,0.1459,0.1416,0.145,410872.0,2026-06-29 03:59:59.999000+00:00,1
2026-06-29 04:00:00+00:00,0.145,0.1463,0.1425,0.1449,305174.8,2026-06-29 07:59:59.999000+00:00,1
2026-06-29 08:00:00+00:00,0.1449,0.1459,0.1435,0.1447,283268.4,2026-06-29 11:59:59.999000+00:00,1
2026-06-29 12:00:00+00:00,0.1448,0.1469,0.1429,0.1454,708040.0,2026-06-29 15:59:59.999000+00:00,1
2026-06-29 16:00:00+00:00,0.1454,0.1488,0.1445,0.1475,403808.2,2026-06-29 19:59:59.999000+00:00,1
2026-06-29 20:00:00+00:00,0.1476,0.1477,0.1453,0.1457,220232.6,2026-06-29 23:59:59.999000+00:00,1
2026-06-30 00:00:00+00:00,0.1456,0.1458,0.1435,0.1441,399524.5,2026-06-30 03:59:59.999000+00:00,1
2026-06-30 04:00:00+00:00,0.1441,0.1455,0.1438,0.1449,249172.7,2026-06-30 07:59:59.999000+00:00,1
2026-06-30 08:00:00+00:00,0.1448,0.145,0.1436,0.1438,273579.6,2026-06-30 11:59:59.999000+00:00,1
2026-06-30 12:00:00+00:00,0.1438,0.1455,0.1419,0.1441,658100.4,2026-06-30 15:59:59.999000+00:00,1
2026-06-30 16:00:00+00:00,0.1441,0.1464,0.1434,0.1447,476504.2,2026-06-30 19:59:59.999000+00:00,1
2026-06-30 20:00:00+00:00,0.1447,0.1448,0.1433,0.1441,222507.0,2026-06-30 23:59:59.999000+00:00,1
2026-07-01 00:00:00+00:00,0.1442,0.1506,0.1417,0.1492,870971.2,2026-07-01 03:59:59.999000+00:00,1
2026-07-01 04:00:00+00:00,0.1492,0.1529,0.1486,0.15,956526.9,2026-07-01 07:59:59.999000+00:00,1
2026-07-01 08:00:00+00:00,0.15,0.1523,0.1489,0.1507,514748.5,2026-07-01 11:59:59.999000+00:00,1
2026-07-01 12:00:00+00:00,0.1507,0.1579,0.1502,0.1552,1390929.6,2026-07-01 15:59:59.999000+00:00,1
2026-07-01 16:00:00+00:00,0.1552,0.1558,0.1525,0.1532,426233.1,2026-07-01 19:59:59.999000+00:00,1
2026-07-01 20:00:00+00:00,0.1532,0.1579,0.1527,0.1538,502871.5,2026-07-01 23:59:59.999000+00:00,1
2026-07-02 00:00:00+00:00,0.1537,0.1564,0.1523,0.1561,569920.4,2026-07-02 03:59:59.999000+00:00,1
2026-07-02 04:00:00+00:00,0.1561,0.1562,0.154,0.155,297423.7,2026-07-02 07:59:59.999000+00:00,1
2026-07-02 08:00:00+00:00,0.155,0.1603,0.1548,0.1595,487554.4,2026-07-02 11:59:59.999000+00:00,1
2026-07-02 12:00:00+00:00,0.1595,0.1626,0.1585,0.1607,746378.7,2026-07-02 15:59:59.999000+00:00,1
2026-07-02 16:00:00+00:00,0.1607,0.1625,0.1587,0.1597,335566.7,2026-07-02 19:59:59.999000+00:00,1
2026-07-02 20:00:00+00:00,0.1597,0.1629,0.1595,0.1614,359931.4,2026-07-02 23:59:59.999000+00:00,1
2026-07-03 00:00:00+00:00,0.1614,0.1684,0.1604,0.1667,1071215.0,2026-07-03 03:59:59.999000+00:00,1
2026-07-03 04:00:00+00:00,0.1667,0.1669,0.1631,0.165,499779.6,2026-07-03 07:59:59.999000+00:00,1
2026-07-03 08:00:00+00:00,0.1649,0.1697,0.1646,0.1693,523930.5,2026-07-03 11:59:59.999000+00:00,1
2026-07-03 12:00:00+00:00,0.1694,0.1736,0.1677,0.1735,530058.3,2026-07-03 15:59:59.999000+00:00,1
2026-07-03 16:00:00+00:00,0.1734,0.1831,0.1717,0.1809,1235475.8,2026-07-03 19:59:59.999000+00:00,1
2026-07-03 20:00:00+00:00,0.1809,0.1829,0.1781,0.1797,678391.0,2026-07-03 23:59:59.999000+00:00,1
2026-07-04 00:00:00+00:00,0.1796,0.1801,0.1761,0.1769,473351.3,2026-07-04 03:59:59.999000+00:00,1
2026-07-04 04:00:00+00:00,0.177,0.18,0.175,0.1757,389461.8,2026-07-04 07:59:59.999000+00:00,1
2026-07-04 08:00:00+00:00,0.1758,0.1774,0.1749,0.1764,247535.2,2026-07-04 11:59:59.999000+00:00,1
2026-07-04 12:00:00+00:00,0.1764,0.1919,0.1764,0.1908,1091180.2,2026-07-04 15:59:59.999000+00:00,1
2026-07-04 16:00:00+00:00,0.1908,0.1998,0.1908,0.1931,2315737.8,2026-07-04 19:59:59.999000+00:00,1
2026-07-04 20:00:00+00:00,0.193,0.1941,0.1903,0.192,538838.2,2026-07-04 23:59:59.999000+00:00,1
2026-07-05 00:00:00+00:00,0.1919,0.1949,0.189,0.1901,955329.6,2026-07-05 03:59:59.999000+00:00,1
2026-07-05 04:00:00+00:00,0.1901,0.1941,0.1881,0.1928,700927.2,2026-07-05 07:59:59.999000+00:00,1
2026-07-05 08:00:00+00:00,0.1929,0.1936,0.1851,0.1866,1022652.8,2026-07-05 11:59:59.999000+00:00,1
2026-07-05 12:00:00+00:00,0.1867,0.1907,0.1851,0.1891,816809.1,2026-07-05 15:59:59.999000+00:00,1
2026-07-05 16:00:00+00:00,0.189,0.1913,0.1883,0.189,421971.0,2026-07-05 19:59:59.999000+00:00,1
2026-07-05 20:00:00+00:00,0.189,0.1925,0.1874,0.1893,544547.6,2026-07-05 23:59:59.999000+00:00,1
2026-07-06 00:00:00+00:00,0.1893,0.1905,0.1871,0.1879,403134.2,2026-07-06 03:59:59.999000+00:00,1
2026-07-06 04:00:00+00:00,0.188,0.1884,0.1828,0.184,516499.9,2026-07-06 07:59:59.999000+00:00,1
2026-07-06 08:00:00+00:00,0.1841,0.1862,0.1814,0.1823,506188.6,2026-07-06 11:59:59.999000+00:00,1
2026-07-06 12:00:00+00:00,0.1822,0.1863,0.1778,0.1858,1300255.8,2026-07-06 15:59:59.999000+00:00,1
2026-07-06 16:00:00+00:00,0.1858,0.1865,0.1827,0.184,588034.6,2026-07-06 19:59:59.999000+00:00,1
2026-07-06 20:00:00+00:00,0.184,0.1871,0.1826,0.1841,300701.7,2026-07-06 23:59:59.999000+00:00,1
2026-07-07 00:00:00+00:00,0.1841,0.1851,0.1805,0.1811,336382.8,2026-07-07 03:59:59.999000+00:00,1
2026-07-07 04:00:00+00:00,0.1811,0.1813,0.1786,0.1794,423925.6,2026-07-07 07:59:59.999000+00:00,1
2026-07-07 08:00:00+00:00,0.1795,0.1797,0.1763,0.1774,558574.1,2026-07-07 11:59:59.999000+00:00,1
2026-07-07 12:00:00+00:00,0.1773,0.1797,0.1753,0.1771,758410.7,2026-07-07 15:59:59.999000+00:00,1
2026-07-07 16:00:00+00:00,0.1771,0.1784,0.1747,0.1765,345288.7,2026-07-07 19:59:59.999000+00:00,1
2026-07-07 20:00:00+00:00,0.1766,0.1769,0.1732,0.1745,309839.2,2026-07-07 23:59:59.999000+00:00,1
2026-07-08 00:00:00+00:00,0.1745,0.1761,0.1703,0.1704,614835.7,2026-07-08 03:59:59.999000+00:00,1
2026-07-08 04:00:00+00:00,0.1704,0.1714,0.1681,0.1693,357833.1,2026-07-08 07:59:59.999000+00:00,1
2026-07-08 08:00:00+00:00,0.1694,0.1695,0.1649,0.167,758417.7,2026-07-08 11:59:59.999000+00:00,1
2026-07-08 12:00:00+00:00,0.167,0.1694,0.1646,0.1653,712537.0,2026-07-08 15:59:59.999000+00:00,1
2026-07-08 16:00:00+00:00,0.1653,0.1673,0.1653,0.1666,303785.0,2026-07-08 19:59:59.999000+00:00,1
2026-07-08 20:00:00+00:00,0.1666,0.1671,0.1652,0.167,146176.3,2026-07-08 23:59:59.999000+00:00,1
2026-07-09 00:00:00+00:00,0.167,0.1687,0.1656,0.1663,243316.6,2026-07-09 03:59:59.999000+00:00,1
2026-07-09 04:00:00+00:00,0.1663,0.1698,0.1659,0.168,335460.2,2026-07-09 07:59:59.999000+00:00,1
2026-07-09 08:00:00+00:00,0.168,0.1697,0.1666,0.1694,363444.0,2026-07-09 11:59:59.999000+00:00,1
2026-07-09 12:00:00+00:00,0.1694,0.1701,0.1659,0.1665,747161.4,2026-07-09 15:59:59.999000+00:00,1
2026-07-09 16:00:00+00:00,0.1664,0.1676,0.1648,0.1655,383731.1,2026-07-09 19:59:59.999000+00:00,1
2026-07-09 20:00:00+00:00,0.1656,0.1674,0.1653,0.1664,150780.5,2026-07-09 23:59:59.999000+00:00,1
2026-07-10 00:00:00+00:00,0.1663,0.1697,0.1655,0.1673,336104.5,2026-07-10 03:59:59.999000+00:00,1
2026-07-10 04:00:00+00:00,0.1674,0.1682,0.1659,0.1663,314299.4,2026-07-10 07:59:59.999000+00:00,1
2026-07-10 08:00:00+00:00,0.1663,0.1698,0.1663,0.1678,343207.3,2026-07-10 11:59:59.999000+00:00,1
2026-07-10 12:00:00+00:00,0.1678,0.1687,0.1648,0.1663,596795.3,2026-07-10 15:59:59.999000+00:00,1
2026-07-10 16:00:00+00:00,0.1663,0.1675,0.1656,0.1666,256117.5,2026-07-10 19:59:59.999000+00:00,1
2026-07-10 20:00:00+00:00,0.1666,0.1674,0.1662,0.1665,129287.1,2026-07-10 23:59:59.999000+00:00,1
2026-07-11 00:00:00+00:00,0.1665,0.1671,0.1659,0.1661,115643.5,2026-07-11 03:59:59.999000+00:00,1
2026-07-11 04:00:00+00:00,0.166,0.1678,0.1656,0.1677,152668.8,2026-07-11 07:59:59.999000+00:00,1
2026-07-11 08:00:00+00:00,0.1677,0.1683,0.1668,0.1677,322471.6,2026-07-11 11:59:59.999000+00:00,1
2026-07-11 12:00:00+00:00,0.1678,0.1744,0.167,0.1717,794534.3,2026-07-11 15:59:59.999000+00:00,1
2026-07-11 16:00:00+00:00,0.1717,0.1731,0.1699,0.1716,383128.6,2026-07-11 19:59:59.999000+00:00,1
2026-07-11 20:00:00+00:00,0.1715,0.1718,0.1654,0.1655,449334.7,2026-07-11 23:59:59.999000+00:00,1
2026-07-12 00:00:00+00:00,0.1655,0.1664,0.1628,0.1661,501617.9,2026-07-12 03:59:59.999000+00:00,1
2026-07-12 04:00:00+00:00,0.1662,0.1664,0.162,0.1636,336279.6,2026-07-12 07:59:59.999000+00:00,1
2026-07-12 08:00:00+00:00,0.1635,0.1651,0.1632,0.1642,204003.4,2026-07-12 11:59:59.999000+00:00,1
2026-07-12 12:00:00+00:00,0.1643,0.1653,0.1638,0.1643,269414.2,2026-07-12 15:59:59.999000+00:00,1
2026-07-12 16:00:00+00:00,0.1643,0.1647,0.1633,0.1641,229948.1,2026-07-12 19:59:59.999000+00:00,1
2026-07-12 20:00:00+00:00,0.1641,0.1645,0.1608,0.1619,394816.5,2026-07-12 23:59:59.999000+00:00,1
2026-07-13 00:00:00+00:00,0.1619,0.1643,0.157,0.1588,837035.0,2026-07-13 03:59:59.999000+00:00,1
2026-07-13 04:00:00+00:00,0.1588,0.1605,0.1583,0.1603,316189.4,2026-07-13 07:59:59.999000+00:00,1
2026-07-13 08:00:00+00:00,0.1603,0.1606,0.1593,0.1594,224380.7,2026-07-13 11:59:59.999000+00:00,1
2026-07-13 12:00:00+00:00,0.1594,0.16,0.1572,0.1586,568586.7,2026-07-13 15:59:59.999000+00:00,1
2026-07-13 16:00:00+00:00,0.1587,0.159,0.1562,0.1581,287748.4,2026-07-13 19:59:59.999000+00:00,1
2026-07-13 20:00:00+00:00,0.158,0.1582,0.1552,0.1573,203236.2,2026-07-13 23:59:59.999000+00:00,1
2026-07-14 00:00:00+00:00,0.1574,0.1583,0.156,0.1575,244800.2,2026-07-14 03:59:59.999000+00:00,1
2026-07-14 04:00:00+00:00,0.1575,0.1603,0.1572,0.1586,311594.6,2026-07-14 07:59:59.999000+00:00,1
2026-07-14 08:00:00+00:00,0.1585,0.1592,0.158,0.1591,191100.2,2026-07-14 11:59:59.999000+00:00,1
2026-07-14 12:00:00+00:00,0.1591,0.1681,0.1581,0.1654,1331333.0,2026-07-14 15:59:59.999000+00:00,1
2026-07-14 16:00:00+00:00,0.1655,0.1665,0.1624,0.1633,369306.2,2026-07-14 19:59:59.999000+00:00,1
2026-07-14 20:00:00+00:00,0.1633,0.1654,0.1627,0.1654,234856.5,2026-07-14 23:59:59.999000+00:00,1
2026-07-15 00:00:00+00:00,0.1654,0.1657,0.1618,0.164,306713.7,2026-07-15 03:59:59.999000+00:00,1
2026-07-15 04:00:00+00:00,0.1641,0.1654,0.1624,0.163,309462.3,2026-07-15 07:59:59.999000+00:00,1
2026-07-15 08:00:00+00:00,0.1631,0.1654,0.1625,0.1646,271357.4,2026-07-15 11:59:59.999000+00:00,1
2026-07-15 12:00:00+00:00,0.1646,0.1694,0.164,0.1654,619754.0,2026-07-15 15:59:59.999000+00:00,1
2026-07-15 16:00:00+00:00,0.1655,0.1658,0.1623,0.1635,497563.2,2026-07-15 19:59:59.999000+00:00,1
2026-07-15 20:00:00+00:00,0.1634,0.1661,0.1632,0.1649,260836.0,2026-07-15 23:59:59.999000+00:00,1
2026-07-16 00:00:00+00:00,0.1648,0.1664,0.1635,0.1648,275794.7,2026-07-16 03:59:59.999000+00:00,1
2026-07-16 04:00:00+00:00,0.1648,0.1651,0.1621,0.1629,258537.6,2026-07-16 07:59:59.999000+00:00,1
2026-07-16 08:00:00+00:00,0.1628,0.1628,0.1608,0.1627,329988.1,2026-07-16 11:59:59.999000+00:00,1
2026-07-16 12:00:00+00:00,0.1627,0.1651,0.1614,0.1635,427697.2,2026-07-16 15:59:59.999000+00:00,1
2026-07-16 16:00:00+00:00,0.1635,0.1637,0.1615,0.1628,233092.5,2026-07-16 19:59:59.999000+00:00,1
2026-07-16 20:00:00+00:00,0.1628,0.1635,0.1596,0.1606,281245.5,2026-07-16 23:59:59.999000+00:00,1
2026-07-17 00:00:00+00:00,0.1606,0.1617,0.159,0.1602,257598.8,2026-07-17 03:59:59.999000+00:00,1
2026-07-17 04:00:00+00:00,0.1601,0.1605,0.1576,0.1588,308044.1,2026-07-17 07:59:59.999000+00:00,1
2026-07-17 08:00:00+00:00,0.1588,0.1623,0.158,0.1608,335509.7,2026-07-17 11:59:59.999000+00:00,1
2026-07-17 12:00:00+00:00,0.1608,0.1641,0.1576,0.1638,767973.1,2026-07-17 15:59:59.999000+00:00,1
2026-07-17 16:00:00+00:00,0.1639,0.167,0.1634,0.1659,817384.2,2026-07-17 19:59:59.999000+00:00,1
2026-07-17 20:00:00+00:00,0.166,0.1674,0.1647,0.1665,349290.4,2026-07-17 23:59:59.999000+00:00,1
2026-07-18 00:00:00+00:00,0.1664,0.1692,0.1664,0.1678,491658.5,2026-07-18 03:59:59.999000+00:00,1
2026-07-18 04:00:00+00:00,0.1678,0.168,0.1657,0.166,281844.0,2026-07-18 07:59:59.999000+00:00,1
2026-07-18 08:00:00+00:00,0.166,0.1668,0.1648,0.1657,190650.4,2026-07-18 11:59:59.999000+00:00,1
2026-07-18 12:00:00+00:00,0.1657,0.1665,0.1638,0.1644,322894.2,2026-07-18 15:59:59.999000+00:00,1
2026-07-18 16:00:00+00:00,0.1644,0.1659,0.1632,0.1657,269954.2,2026-07-18 19:59:59.999000+00:00,1
2026-07-18 20:00:00+00:00,0.1657,0.1671,0.1654,0.1666,141136.1,2026-07-18 23:59:59.999000+00:00,1
2026-07-19 00:00:00+00:00,0.1666,0.1687,0.1661,0.1668,284053.0,2026-07-19 03:59:59.999000+00:00,1
2026-07-19 04:00:00+00:00,0.1668,0.1668,0.1653,0.1655,197021.7,2026-07-19 07:59:59.999000+00:00,1
2026-07-19 08:00:00+00:00,0.1655,0.166,0.1643,0.1649,156863.1,2026-07-19 11:59:59.999000+00:00,1
2026-07-19 12:00:00+00:00,0.1649,0.167,0.1643,0.1661,145882.8,2026-07-19 15:59:59.999000+00:00,1
2026-07-19 16:00:00+00:00,0.1662,0.1664,0.1636,0.1659,207122.3,2026-07-19 19:59:59.999000+00:00,1
2026-07-19 20:00:00+00:00,0.166,0.1669,0.1646,0.166,183412.0,2026-07-19 23:59:59.999000+00:00,1
2026-07-20 00:00:00+00:00,0.166,0.1683,0.1641,0.1653,363590.5,2026-07-20 03:59:59.999000+00:00,1
2026-07-20 04:00:00+00:00,0.1653,0.1655,0.1604,0.1623,607321.7,2026-07-20 07:59:59.999000+00:00,1
2026-07-20 08:00:00+00:00,0.1623,0.1661,0.1611,0.1653,435228.1,2026-07-20 11:59:59.999000+00:00,1
2026-07-20 12:00:00+00:00,0.1653,0.1669,0.1615,0.1668,495357.0,2026-07-20 15:59:59.999000+00:00,1
2026-07-20 16:00:00+00:00,0.1668,0.1706,0.1651,0.1677,981925.9,2026-07-20 19:59:59.999000+00:00,1
2026-07-20 20:00:00+00:00,0.1677,0.1718,0.1671,0.1696,392110.7,2026-07-20 23:59:59.999000+00:00,1
2026-07-21 00:00:00+00:00,0.1696,0.173,0.1693,0.1724,441009.2,2026-07-21 03:59:59.999000+00:00,1
2026-07-21 04:00:00+00:00,0.1723,0.1776,0.1709,0.1762,1088000.7,2026-07-21 07:59:59.999000+00:00,1
2026-07-21 08:00:00+00:00,0.1762,0.1764,0.174,0.1746,285494.1,2026-07-21 11:59:59.999000+00:00,1
2026-07-21 12:00:00+00:00,0.1746,0.1768,0.1742,0.1749,410977.9,2026-07-21 15:59:59.999000+00:00,1
2026-07-21 16:00:00+00:00,0.175,0.1751,0.1719,0.1736,448291.4,2026-07-21 19:59:59.999000+00:00,1
2026-07-21 20:00:00+00:00,0.1735,0.1741,0.1722,0.1735,156154.9,2026-07-21 23:59:59.999000+00:00,1
2026-07-22 00:00:00+00:00,0.1735,0.1753,0.173,0.1733,245071.1,2026-07-22 03:59:59.999000+00:00,1
2026-07-22 04:00:00+00:00,0.1733,0.1743,0.1703,0.1709,294261.3,2026-07-22 07:59:59.999000+00:00,1
2026-07-22 08:00:00+00:00,0.171,0.1737,0.1708,0.1729,288661.8,2026-07-22 11:59:59.999000+00:00,1
2026-07-22 12:00:00+00:00,0.1729,0.1797,0.1715,0.1779,975930.2,2026-07-22 15:59:59.999000+00:00,1
2026-07-22 16:00:00+00:00,0.1779,0.1807,0.1735,0.1744,566723.5,2026-07-22 19:59:59.999000+00:00,1
2026-07-22 20:00:00+00:00,0.1743,0.1757,0.1729,0.1743,323724.1,2026-07-22 23:59:59.999000+00:00,1
2026-07-23 00:00:00+00:00,0.1743,0.1766,0.1734,0.1739,285534.3,2026-07-23 03:59:59.999000+00:00,1
2026-07-23 04:00:00+00:00,0.1739,0.1753,0.172,0.1728,199550.5,2026-07-23 07:59:59.999000+00:00,1
2026-07-23 08:00:00+00:00,0.1729,0.1756,0.1725,0.1741,212053.3,2026-07-23 11:59:59.999000+00:00,1
2026-07-23 12:00:00+00:00,0.1741,0.1751,0.1679,0.1704,803984.4,2026-07-23 15:59:59.999000+00:00,1
2026-07-23 16:00:00+00:00,0.1704,0.1705,0.168,0.1695,289078.6,2026-07-23 19:59:59.999000+00:00,1
2026-07-23 20:00:00+00:00,0.1694,0.1703,0.1679,0.1683,232049.9,2026-07-23 23:59:59.999000+00:00,1
2026-07-24 00:00:00+00:00,0.1683,0.1684,0.1662,0.1673,456273.1,2026-07-24 03:59:59.999000+00:00,1
2026-07-24 04:00:00+00:00,0.1673,0.1684,0.1662,0.168,240132.0,2026-07-24 07:59:59.999000+00:00,1
2026-07-24 08:00:00+00:00,0.168,0.1682,0.1653,0.1661,219866.3,2026-07-24 11:59:59.999000+00:00,1
2026-07-24 12:00:00+00:00,0.1661,0.1665,0.1632,0.1647,496935.3,2026-07-24 15:59:59.999000+00:00,1
2026-07-24 16:00:00+00:00,0.1646,0.1647,0.1623,0.1636,273032.4,2026-07-24 19:59:59.999000+00:00,1
2026-07-24 20:00:00+00:00,0.1635,0.1641,0.163,0.1638,97926.4,2026-07-24 23:59:59.999000+00:00,1
2026-07-25 00:00:00+00:00,0.1638,0.1646,0.1633,0.1638,177793.0,2026-07-25 03:59:59.999000+00:00,1
2026-07-25 04:00:00+00:00,0.1637,0.164,0.1613,0.1615,210537.9,2026-07-25 07:59:59.999000+00:00,1
2026-07-25 08:00:00+00:00,0.1615,0.1626,0.1612,0.1625,186271.3,2026-07-25 11:59:59.999000+00:00,1
2026-07-25 12:00:00+00:00,0.1624,0.1648,0.1624,0.1646,168568.9,2026-07-25 15:59:59.999000+00:00,1
2026-07-25 16:00:00+00:00,0.1646,0.1669,0.1639,0.1654,396252.0,2026-07-25 19:59:59.999000+00:00,1
2026-07-25 20:00:00+00:00,0.1654,0.1655,0.1636,0.1647,157896.4,2026-07-25 23:59:59.999000+00:00,1
2026-07-26 00:00:00+00:00,0.1646,0.1657,0.1644,0.1653,165303.3,2026-07-26 03:59:59.999000+00:00,1
2026-07-26 04:00:00+00:00,0.1654,0.1665,0.1648,0.1651,151165.3,2026-07-26 07:59:59.999000+00:00,1
2026-07-26 08:00:00+00:00,0.165,0.1653,0.1646,0.1649,120753.1,2026-07-26 11:59:59.999000+00:00,1
2026-07-26 12:00:00+00:00,0.1648,0.1654,0.1638,0.1653,214302.4,2026-07-26 15:59:59.999000+00:00,1
2026-07-26 16:00:00+00:00,0.1653,0.1661,0.164,0.1642,159396.0,2026-07-26 19:59:59.999000+00:00,1
2026-07-26 20:00:00+00:00,0.1643,0.1666,0.164,0.1659,219994.7,2026-07-26 23:59:59.999000+00:00,1
2026-07-27 00:00:00+00:00,0.1658,0.1659,0.1642,0.1652,178274.5,2026-07-27 03:59:59.999000+00:00,1
2026-07-27 04:00:00+00:00,0.1652,0.1672,0.1647,0.1648,294015.6,2026-07-27 07:59:59.999000+00:00,1
2026-07-27 08:00:00+00:00,0.1648,0.1657,0.1642,0.1644,205184.5,2026-07-27 11:59:59.999000+00:00,1
2026-07-27 12:00:00+00:00,0.1643,0.1656,0.1575,0.1577,1355623.6,2026-07-27 15:59:59.999000+00:00,1
2026-07-27 16:00:00+00:00,0.1576,0.1594,0.1568,0.1588,486750.3,2026-07-27 19:59:59.999000+00:00,1
2026-07-27 20:00:00+00:00,0.1588,0.1591,0.1534,0.1553,794681.1,2026-07-27 23:59:59.999000+00:00,1
2026-07-28 00:00:00+00:00,0.1554,0.1562,0.1531,0.1546,469214.4,2026-07-28 03:59:59.999000+00:00,1
2026-07-28 04:00:00+00:00,0.1546,0.1576,0.1545,0.157,442604.6,2026-07-28 07:59:59.999000+00:00,1
2026-07-28 08:00:00+00:00,0.157,0.158,0.1562,0.1569,343835.8,2026-07-28 11:59:59.999000+00:00,1
2026-07-28 12:00:00+00:00,0.157,0.1592,0.155,0.1588,741255.0,2026-07-28 15:59:59.999000+00:00,1
2026-07-28 16:00:00+00:00,0.1589,0.1597,0.158,0.1589,370510.6,2026-07-28 19:59:59.999000+00:00,1
2026-07-28 20:00:00+00:00,0.1589,0.1633,0.1586,0.1617,597364.1,2026-07-28 23:59:59.999000+00:00,1
2026-07-29 00:00:00+00:00,0.1617,0.1669,0.1614,0.1633,962919.5,2026-07-29 03:59:59.999000+00:00,1
2026-07-29 04:00:00+00:00,0.1634,0.165,0.1617,0.1644,372230.1,2026-07-29 07:59:59.999000+00:00,1
2026-07-29 08:00:00+00:00,0.1645,0.1649,0.1629,0.1638,233773.7,2026-07-29 11:59:59.999000+00:00,1
2026-07-29 12:00:00+00:00,0.1638,0.1653,0.162,0.1629,401699.9,2026-07-29 15:59:59.999000+00:00,1
2026-07-29 16:00:00+00:00,0.1629,0.1691,0.1622,0.163,953163.0,2026-07-29 19:59:59.999000+00:00,1
2026-07-29 20:00:00+00:00,0.1631,0.1639,0.1603,0.1619,554837.0,2026-07-29 23:59:59.999000+00:00,1
2026-07-30 00:00:00+00:00,0.162,0.1647,0.1613,0.1623,295286.1,2026-07-30 03:59:59.999000+00:00,1
2026-07-30 04:00:00+00:00,0.1624,0.1636,0.1614,0.1631,228707.5,2026-07-30 07:59:59.999000+00:00,1
2026-07-30 08:00:00+00:00,0.1632,0.1652,0.163,0.1642,266471.3,2026-07-30 11:59:59.999000+00:00,1
2026-07-30 12:00:00+00:00,0.1642,0.1762,0.1641,0.1719,2316204.2,2026-07-30 15:59:59.999000+00:00,1
2026-07-30 16:00:00+00:00,0.1719,0.1731,0.1697,0.1727,802455.2,2026-07-30 19:59:59.999000+00:00,1
2026-07-30 20:00:00+00:00,0.1727,0.1731,0.1694,0.1696,377121.9,2026-07-30 23:59:59.999000+00:00,1
2026-07-31 00:00:00+00:00,0.1696,0.1709,0.1691,0.17,383175.1,2026-07-31 03:59:59.999000+00:00,1
2026-07-31 04:00:00+00:00,0.1699,0.1703,0.1674,0.1697,356263.2,2026-07-31 07:59:59.999000+00:00,1
2026-07-31 08:00:00+00:00,0.1697,0.1718,0.1682,0.1699,463216.3,2026-07-31 11:59:59.999000+00:00,1
2026-07-31 12:00:00+00:00,0.1699,0.1714,0.1663,0.1688,803774.9,2026-07-31 15:59:59.999000+00:00,1
2026-07-31 16:00:00+00:00,0.1688,0.1727,0.1683,0.1704,493716.4,2026-07-31 19:59:59.999000+00:00,1
2026-07-31 20:00:00+00:00,0.1705,0.1706,0.1676,0.1681,263508.4,2026-07-31 23:59:59.999000+00:00,1
2026-08-01 00:00:00+00:00,0.1682,0.171,0.1681,0.171,202347.7,2026-08-01 03:59:59.999000+00:00,1
2026-08-01 04:00:00+00:00,0.1711,0.1722,0.1693,0.1711,197222.2,2026-08-01 07:59:59.999000+00:00,1
2026-08-01 08:00:00+00:00,0.1711,0.174,0.1711,0.1732,426304.9,2026-08-01 11:59:59.999000+00:00,1
2026-08-01 12:00:00+00:00,0.1732,0.1767,0.1723,0.1726,502269.7,2026-08-01 15:59:59.999000+00:00,1
2026-08-01 16:00:00+00:00,0.1726,0.175,0.1695,0.1725,759023.4,2026-08-01 19:59:59.999000+00:00,1
2026-08-01 20:00:00+00:00,0.1725,0.1754,0.172,0.1744,306193.4,2026-08-01 23:59:59.999000+00:00,1
2026-08-02 00:00:00+00:00,0.1744,0.1808,0.1727,0.1801,1006318.6,2026-08-02 03:59:59.999000+00:00,1
2026-08-02 04:00:00+00:00,0.1801,0.1876,0.1798,0.1861,1300416.0,2026-08-02 07:59:59.999000+00:00,1
2026-08-02 08:00:00+00:00,0.186,0.1895,0.1851,0.1887,999647.0,2026-08-02 11:59:59.999000+00:00,1
2026-08-02 12:00:00+00:00,0.1887,0.1921,0.1864,0.1901,1968237.6,2026-08-02 15:59:59.999000+00:00,1
2026-08-02 16:00:00+00:00,0.1901,0.1912,0.1883,0.1884,525611.0,2026-08-02 19:59:59.999000+00:00,1
2026-08-02 20:00:00+00:00,0.1884,0.1909,0.1866,0.1894,550495.7,2026-08-02 23:59:59.999000+00:00,1
2026-08-03 00:00:00+00:00,0.1894,0.1897,0.1846,0.1855,633971.1,2026-08-03 03:59:59.999000+00:00,1
2026-08-03 04:00:00+00:00,0.1854,0.187,0.1823,0.1826,683123.0,2026-08-03 07:59:59.999000+00:00,1
2026-08-03 08:00:00+00:00,0.1827,0.1885,0.1815,0.1865,944260.4,2026-08-03 11:59:59.999000+00:00,1
2026-08-03 12:00:00+00:00,0.1864,0.1962,0.1858,0.1959,2075495.6,2026-08-03 15:59:59.999000+00:00,1
2026-08-03 16:00:00+00:00,0.1959,0.1961,0.1906,0.1936,893059.7,2026-08-03 19:59:59.999000+00:00,1
2026-08-03 20:00:00+00:00,0.1936,0.1957,0.1924,0.1934,461687.2,2026-08-03 23:59:59.999000+00:00,1
2026-08-04 00:00:00+00:00,0.1934,0.1973,0.191,0.1967,909780.7,2026-08-04 03:59:59.999000+00:00,1
2026-08-04 04:00:00+00:00,0.1967,0.1993,0.1933,0.1945,1198472.4,2026-08-04 07:59:59.999000+00:00,1
2026-08-04 08:00:00+00:00,0.1945,0.197,0.1934,0.1942,622897.3,2026-08-04 11:59:59.999000+00:00,1
2026-08-04 12:00:00+00:00,0.1942,0.1951,0.1911,0.1929,1238244.5,2026-08-04 15:59:59.999000+00:00,1
2026-08-04 16:00:00+00:00,0.193,0.1935,0.1909,0.1922,646891.8,2026-08-04 19:59:59.999000+00:00,1
2026-08-04 20:00:00+00:00,0.1922,0.1946,0.1916,0.1927,667638.4,2026-08-04 23:59:59.999000+00:00,1
2026-08-05 00:00:00+00:00,0.1927,0.1931,0.1896,0.1905,744555.8,2026-08-05 03:59:59.999000+00:00,1
2026-08-05 04:00:00+00:00,0.1905,0.1938,0.1899,0.1938,420050.2,2026-08-05 07:59:59.999000+00:00,1
2026-08-05 08:00:00+00:00,0.1938,0.199,0.193,0.1949,904697.1,2026-08-05 11:59:59.999000+00:00,1
2026-08-05 12:00:00+00:00,0.195,0.1958,0.1882,0.189,726389.5,2026-08-05 15:59:59.999000+00:00,1
2026-08-05 16:00:00+00:00,0.189,0.1915,0.1888,0.1893,356715.8,2026-08-05 19:59:59.999000+00:00,1
2026-08-05 20:00:00+00:00,0.1893,0.1925,0.1885,0.191,282280.5,2026-08-05 23:59:59.999000+00:00,1
2026-08-06 00:00:00+00:00,0.191,0.1923,0.1864,0.1866,420649.1,2026-08-06 03:59:59.999000+00:00,1
2026-08-06 04:00:00+00:00,0.1867,0.1895,0.1856,0.1887,548204.5,2026-08-06 07:59:59.999000+00:00,1
2026-08-06 08:00:00+00:00,0.1887,0.1926,0.1878,0.1922,527805.3,2026-08-06 11:59:59.999000+00:00,1
2026-08-06 12:00:00+00:00,0.1922,0.2112,0.1901,0.2087,2634254.3,2026-08-06 15:59:59.999000+00:00,1
2026-08-06 16:00:00+00:00,0.2088,0.2115,0.2006,0.2021,1492301.7,2026-08-06 19:59:59.999000+00:00,1
2026-08-06 20:00:00+00:00,0.2021,0.2055,0.1992,0.2009,519319.3,2026-08-06 23:59:59.999000+00:00,1
2026-08-07 00:00:00+00:00,0.2009,0.2029,0.1987,0.1992,465468.8,2026-08-07 03:59:59.999000+00:00,1
2026-08-07 04:00:00+00:00,0.1992,0.2038,0.1985,0.2015,499685.6,2026-08-07 07:59:59.999000+00:00,1
2026-08-07 08:00:00+00:00,0.2014,0.2031,0.1998,0.2013,336673.4,2026-08-07 11:59:59.999000+00:00,1
2026-08-07 12:00:00+00:00,0.2012,0.2028,0.1964,0.2008,736612.3,2026-08-07 15:59:59.999000+00:00,1
2026-08-07 16:00:00+00:00,0.2008,0.2024,0.1973,0.2007,465083.7,2026-08-07 19:59:59.999000+00:00,1
2026-08-07 20:00:00+00:00,0.2007,0.2031,0.2001,0.2006,240353.5,2026-08-07 23:59:59.999000+00:00,1
2026-08-08 00:00:00+00:00,0.2006,0.2022,0.1993,0.2008,243638.0,2026-08-08 03:59:59.999000+00:00,1
2026-08-08 04:00:00+00:00,0.2009,0.2014,0.1987,0.2,149518.6,2026-08-08 07:59:59.999000+00:00,1
2026-08-08 08:00:00+00:00,0.2,0.2003,0.1982,0.1992,187935.0,2026-08-08 11:59:59.999000+00:00,1
2026-08-08 12:00:00+00:00,0.1992,0.2006,0.1986,0.1994,187084.8,2026-08-08 15:59:59.999000+00:00,1
2026-08-08 16:00:00+00:00,0.1993,0.2008,0.1993,0.2003,153969.5,2026-08-08 19:59:59.999000+00:00,1
2026-08-08 20:00:00+00:00,0.2003,0.2008,0.1975,0.1993,175819.4,2026-08-08 23:59:59.999000+00:00,1
2026-08-09 00:00:00+00:00,0.1993,0.1996,0.1978,0.1981,172293.7,2026-08-09 03:59:59.999000+00:00,1
2026-08-09 04:00:00+00:00,0.198,0.1996,0.1965,0.1985,238488.2,2026-08-09 07:59:59.999000+00:00,1
2026-08-09 08:00:00+00:00,0.1984,0.1989,0.1956,0.1963,323349.7,2026-08-09 11:59:59.999000+00:00,1
2026-08-09 12:00:00+00:00,0.1964,0.198,0.1956,0.1975,236872.8,2026-08-09 15:59:59.999000+00:00,1
2026-08-09 16:00:00+00:00,0.1975,0.1986,0.197,0.1975,155529.5,2026-08-09 19:59:59.999000+00:00,1
2026-08-09 20:00:00+00:00,0.1975,0.1993,0.1931,0.1943,423833.2,2026-08-09 23:59:59.999000+00:00,1
2026-08-10 00:00:00+00:00,0.1943,0.1979,0.1934,0.1957,263886.0,2026-08-10 03:59:59.999000+00:00,1
2026-08-10 04:00:00+00:00,0.1957,0.1993,0.1954,0.198,320655.7,2026-08-10 07:59:59.999000+00:00,1
2026-08-10 08:00:00+00:00,0.1979,0.1983,0.1944,0.1964,301407.3,2026-08-10 11:59:59.999000+00:00,1
2026-08-10 12:00:00+00:00,0.1963,0.1971,0.1936,0.195,404164.0,2026-08-10 15:59:59.999000+00:00,1
2026-08-10 16:00:00+00:00,0.1949,0.1965,0.1921,0.1937,363931.8,2026-08-10 19:59:59.999000+00:00,1
2026-08-10 20:00:00+00:00,0.1937,0.1944,0.1905,0.1907,234051.2,2026-08-10 23:59:59.999000+00:00,1
2026-08-11 00:00:00+00:00,0.1907,0.1914,0.1886,0.1903,403537.0,2026-08-11 03:59:59.999000+00:00,1
2026-08-11 04:00:00+00:00,0.1903,0.1906,0.1868,0.1885,401721.2,2026-08-11 07:59:59.999000+00:00,1
2026-08-11 08:00:00+00:00,0.1885,0.189,0.1874,0.1885,199413.4,2026-08-11 11:59:59.999000+00:00,1
2026-08-11 12:00:00+00:00,0.1884,0.1885,0.1834,0.1848,610943.5,2026-08-11 15:59:59.999000+00:00,1
2026-08-11 16:00:00+00:00,0.1848,0.1865,0.1841,0.1857,350053.8,2026-08-11 19:59:59.999000+00:00,1
2026-08-11 20:00:00+00:00,0.1857,0.1873,0.1844,0.1869,265447.1,2026-08-11 23:59:59.999000+00:00,1
2026-08-12 00:00:00+00:00,0.1868,0.1882,0.1856,0.1875,242715.4,2026-08-12 03:59:59.999000+00:00,1
2026-08-12 04:00:00+00:00,0.1874,0.1878,0.1847,0.1851,157413.1,2026-08-12 07:59:59.999000+00:00,1
2026-08-12 08:00:00+00:00,0.185,0.1875,0.1849,0.1856,243702.0,2026-08-12 11:59:59.999000+00:00,1
2026-08-12 12:00:00+00:00,0.1855,0.1863,0.1817,0.1817,604641.0,2026-08-12 15:59:59.999000+00:00,1
2026-08-12 16:00:00+00:00,0.1817,0.1837,0.1814,0.183,205063.6,2026-08-12 19:59:59.999000+00:00,1
2026-08-12 20:00:00+00:00,0.183,0.1835,0.1804,0.1825,298445.0,2026-08-12 23:59:59.999000+00:00,1
2026-08-13 00:00:00+00:00,0.1824,0.184,0.1811,0.1837,198839.2,2026-08-13 03:59:59.999000+00:00,1
2026-08-13 04:00:00+00:00,0.1838,0.1857,0.1828,0.1855,193271.1,2026-08-13 07:59:59.999000+00:00,1
2026-08-13 08:00:00+00:00,0.1855,0.1865,0.1829,0.1831,283986.6,2026-08-13 11:59:59.999000+00:00,1
2026-08-13 12:00:00+00:00,0.1832,0.1852,0.1824,0.1824,273441.3,2026-08-13 15:59:59.999000+00:00,1
2026-08-13 16:00:00+00:00,0.1825,0.1827,0.1802,0.1814,252153.0,2026-08-13 19:59:59.999000+00:00,1
2026-08-13 20:00:00+00:00,0.1813,0.1826,0.181,0.1822,159037.0,2026-08-13 23:59:59.999000+00:00,1
2026-08-14 00:00:00+00:00,0.1822,0.1832,0.1816,0.1822,146935.3,2026-08-14 03:59:59.999000+00:00,1
2026-08-14 04:00:00+00:00,0.1823,0.183,0.1812,0.1816,133544.5,2026-08-14 07:59:59.999000+00:00,1
2026-08-14 08:00:00+00:00,0.1816,0.1836,0.1789,0.1799,374953.2,2026-08-14 11:59:59.999000+00:00,1
2026-08-14 12:00:00+00:00,0.1799,0.1803,0.1779,0.1797,411709.6,2026-08-14 15:59:59.999000+00:00,1
2026-08-14 16:00:00+00:00,0.1797,0.1808,0.1782,0.1797,219402.3,2026-08-14 19:59:59.999000+00:00,1
2026-08-14 20:00:00+00:00,0.1796,0.1801,0.1781,0.18,95206.1,2026-08-14 23:59:59.999000+00:00,1
2026-08-15 00:00:00+00:00,0.1801,0.1817,0.1795,0.1803,186801.2,2026-08-15 03:59:59.999000+00:00,1
2026-08-15 04:00:00+00:00,0.1803,0.1814,0.1788,0.1789,143197.7,2026-08-15 07:59:59.999000+00:00,1
2026-08-15 08:00:00+00:00,0.1789,0.1794,0.1783,0.1785,125569.1,2026-08-15 11:59:59.999000+00:00,1
2026-08-15 12:00:00+00:00,0.1784,0.1791,0.178,0.1787,146822.9,2026-08-15 15:59:59.999000+00:00,1
2026-08-15 16:00:00+00:00,0.1787,0.1789,0.1767,0.1779,221440.7,2026-08-15 19:59:59.999000+00:00,1
2026-08-15 20:00:00+00:00,0.1779,0.178,0.1754,0.1763,208253.8,2026-08-15 23:59:59.999000+00:00,1
2026-08-16 00:00:00+00:00,0.1762,0.1772,0.1759,0.1769,147781.1,2026-08-16 03:59:59.999000+00:00,1
2026-08-16 04:00:00+00:00,0.1768,0.1775,0.1763,0.1775,100996.8,2026-08-16 07:59:59.999000+00:00,1
2026-08-16 08:00:00+00:00,0.1775,0.1781,0.1753,0.1768,225795.2,2026-08-16 11:59:59.999000+00:00,1
2026-08-16 12:00:00+00:00,0.1768,0.1771,0.1757,0.1766,165786.1,2026-08-16 15:59:59.999000+00:00,1
2026-08-16 16:00:00+00:00,0.1766,0.1791,0.1746,0.1781,448416.9,2026-08-16 19:59:59.999000+00:00,1
2026-08-16 20:00:00+00:00,0.1782,0.1791,0.1744,0.1748,299878.2,2026-08-16 23:59:59.999000+00:00,1
2026-08-17 00:00:00+00:00,0.1748,0.1771,0.1736,0.1768,317810.8,2026-08-17 03:59:59.999000+00:00,1
2026-08-17 04:00:00+00:00,0.1769,0.1777,0.1756,0.176,185783.9,2026-08-17 07:59:59.999000+00:00,1
2026-08-17 08:00:00+00:00,0.176,0.1761,0.1724,0.1747,425978.2,2026-08-17 11:59:59.999000+00:00,1
2026-08-17 12:00:00+00:00,0.1747,0.1754,0.1729,0.175,350278.3,2026-08-17 15:59:59.999000+00:00,1
2026-08-17 16:00:00+00:00,0.175,0.1756,0.1734,0.1737,238535.7,2026-08-17 19:59:59.999000+00:00,1
2026-08-17 20:00:00+00:00,0.1736,0.1747,0.173,0.174,155236.4,2026-08-17 23:59:59.999000+00:00,1
2026-08-18 00:00:00+00:00,0.174,0.1747,0.1709,0.1722,337384.2,2026-08-18 03:59:59.999000+00:00,1
2026-08-18 04:00:00+00:00,0.1723,0.1745,0.172,0.1733,261335.2,2026-08-18 07:59:59.999000+00:00,1
2026-08-18 08:00:00+00:00,0.1733,0.174,0.1723,0.1735,145428.9,2026-08-18 11:59:59.999000+00:00,1
2026-08-18 12:00:00+00:00,0.1736,0.1769,0.1731,0.1755,518719.2,2026-08-18 15:59:59.999000+00:00,1
2026-08-18 16:00:00+00:00,0.1755,0.1756,0.1731,0.1734,174234.4,2026-08-18 19:59:59.999000+00:00,1
2026-08-18 20:00:00+00:00,0.1733,0.1746,0.1725,0.1744,174050.6,2026-08-18 23:59:59.999000+00:00,1
2026-08-19 00:00:00+00:00,0.1745,0.1753,0.1731,0.175,199948.6,2026-08-19 03:59:59.999000+00:00,1
2026-08-19 04:00:00+00:00,0.175,0.1761,0.1739,0.1751,191333.1,2026-08-19 07:59:59.999000+00:00,1
2026-08-19 08:00:00+00:00,0.1751,0.1756,0.1733,0.1747,210834.0,2026-08-19 11:59:59.999000+00:00,1
2026-08-19 12:00:00+00:00,0.1746,0.1833,0.1735,0.1792,1322349.8,2026-08-19 15:59:59.999000+00:00,1
2026-08-19 16:00:00+00:00,0.1792,0.1812,0.1777,0.1811,779864.7,2026-08-19 19:59:59.999000+00:00,1
2026-08-19 20:00:00+00:00,0.1811,0.1925,0.1808,0.1871,1384939.6,2026-08-19 23:59:59.999000+00:00,1
2026-08-20 00:00:00+00:00,0.1871,0.1888,0.1818,0.1823,570026.7,2026-08-20 03:59:59.999000+00:00,1
2026-08-20 04:00:00+00:00,0.1824,0.1847,0.1817,0.1841,347765.6,2026-08-20 07:59:59.999000+00:00,1
2026-08-20 08:00:00+00:00,0.1842,0.1954,0.1837,0.1931,1092067.4,2026-08-20 11:59:59.999000+00:00,1
2026-08-20 12:00:00+00:00,0.1931,0.198,0.1898,0.1969,958502.9,2026-08-20 15:59:59.999000+00:00,1
2026-08-20 16:00:00+00:00,0.1969,0.2034,0.1932,0.1948,1186330.8,2026-08-20 19:59:59.999000+00:00,1
2026-08-20 20:00:00+00:00,0.1948,0.1998,0.1944,0.1989,416188.2,2026-08-20 23:59:59.999000+00:00,1
2026-08-21 00:00:00+00:00,0.199,0.2101,0.1985,0.208,1201764.0,2026-08-21 03:59:59.999000+00:00,1
2026-08-21 04:00:00+00:00,0.2081,0.2115,0.2061,0.2097,786704.2,2026-08-21 07:59:59.999000+00:00,1
2026-08-21 08:00:00+00:00,0.2097,0.2179,0.2074,0.2115,1722825.4,2026-08-21 11:59:59.999000+00:00,1
2026-08-21 12:00:00+00:00,0.2115,0.2204,0.2109,0.2195,994187.5,2026-08-21 15:59:59.999000+00:00,1
2026-08-21 16:00:00+00:00,0.2195,0.2219,0.2141,0.2167,842312.2,2026-08-21 19:59:59.999000+00:00,1
2026-08-21 20:00:00+00:00,0.2168,0.2334,0.2159,0.2292,909420.4,2026-08-21 23:59:59.999000+00:00,1
2026-08-22 00:00:00+00:00,0.2292,0.249,0.2257,0.244,1204654.9,2026-08-22 03:59:59.999000+00:00,1
2026-08-22 04:00:00+00:00,0.244,0.2588,0.2054,0.2316,2643697.0,2026-08-22 07:59:59.999000+00:00,1
2026-08-22 08:00:00+00:00,0.2316,0.2338,0.2172,0.224,842533.6,2026-08-22 11:59:59.999000+00:00,1
2026-08-22 12:00:00+00:00,0.224,0.2281,0.2213,0.2225,457853.0,2026-08-22 15:59:59.999000+00:00,1
2026-08-22 16:00:00+00:00,0.2226,0.2319,0.2224,0.2312,342434.5,2026-08-22 19:59:59.999000+00:00,1
2026-08-22 20:00:00+00:00,0.2313,0.2342,0.2227,0.226,306299.4,2026-08-22 23:59:59.999000+00:00,1
2026-08-23 00:00:00+00:00,0.226,0.2295,0.2178,0.2196,445206.0,2026-08-23 03:59:59.999000+00:00,1
2026-08-23 04:00:00+00:00,0.2195,0.2211,0.2133,0.2179,494859.2,2026-08-23 07:59:59.999000+00:00,1
2026-08-23 08:00:00+00:00,0.2178,0.2253,0.2174,0.2249,368571.8,2026-08-23 11:59:59.999000+00:00,1
2026-08-23 12:00:00+00:00,0.2249,0.2305,0.2201,0.2247,668934.4,2026-08-23 15:59:59.999000+00:00,1
2026-08-23 16:00:00+00:00,0.2246,0.2269,0.2229,0.2238,440795.0,2026-08-23 19:59:59.999000+00:00,1
2026-08-23 20:00:00+00:00,0.2237,0.2297,0.222,0.227,504331.1,2026-08-23 23:59:59.999000+00:00,1
2026-08-24 00:00:00+00:00,0.227,0.2273,0.2171,0.2182,464350.5,2026-08-24 03:59:59.999000+00:00,1
2026-08-24 04:00:00+00:00,0.2181,0.2223,0.218,0.2191,312473.5,2026-08-24 07:59:59.999000+00:00,1
2026-08-24 08:00:00+00:00,0.2192,0.2244,0.2167,0.2234,483289.5,2026-08-24 11:59:59.999000+00:00,1
2026-08-24 12:00:00+00:00,0.2234,0.2275,0.2193,0.2214,862654.3,2026-08-24 15:59:59.999000+00:00,1
2026-08-24 16:00:00+00:00,0.2214,0.2251,0.2172,0.2188,610103.1,2026-08-24 19:59:59.999000+00:00,1
2026-08-24 20:00:00+00:00,0.2189,0.2221,0.2176,0.2214,203185.7,2026-08-24 23:59:59.999000+00:00,1
2026-08-25 00:00:00+00:00,0.2214,0.229,0.2207,0.2259,510105.6,2026-08-25 03:59:59.999000+00:00,1
2026-08-25 04:00:00+00:00,0.2258,0.2284,0.2187,0.2207,388051.2,2026-08-25 07:59:59.999000+00:00,1
2026-08-25 08:00:00+00:00,0.2208,0.2228,0.2173,0.2183,361373.5,2026-08-25 11:59:59.999000+00:00,1
2026-08-25 12:00:00+00:00,0.2184,0.2188,0.2113,0.2157,891712.5,2026-08-25 15:59:59.999000+00:00,1
2026-08-25 16:00:00+00:00,0.2157,0.2162,0.2128,0.2142,257614.4,2026-08-25 19:59:59.999000+00:00,1
2026-08-25 20:00:00+00:00,0.2142,0.2144,0.2062,0.209,439143.2,2026-08-25 23:59:59.999000+00:00,1
2026-08-26 00:00:00+00:00,0.209,0.213,0.2078,0.2112,255247.5,2026-08-26 03:59:59.999000+00:00,1
2026-08-26 04:00:00+00:00,0.2112,0.2117,0.2086,0.21,215365.7,2026-08-26 07:59:59.999000+00:00,1
2026-08-26 08:00:00+00:00,0.2101,0.2123,0.2074,0.2102,274153.2,2026-08-26 11:59:59.999000+00:00,1
2026-08-26 12:00:00+00:00,0.2102,0.212,0.2024,0.2046,701233.7,2026-08-26 15:59:59.999000+00:00,1
2026-08-26 16:00:00+00:00,0.2045,0.2068,0.2022,0.2058,248825.7,2026-08-26 19:59:59.999000+00:00,1
2026-08-26 20:00:00+00:00,0.2057,0.2127,0.2039,0.2121,299639.5,2026-08-26 23:59:59.999000+00:00,1
2026-08-27 00:00:00+00:00,0.2121,0.2121,0.2078,0.209,212392.8,2026-08-27 03:59:59.999000+00:00,1
2026-08-27 04:00:00+00:00,0.209,0.2115,0.2073,0.2109,186593.5,2026-08-27 07:59:59.999000+00:00,1
2026-08-27 08:00:00+00:00,0.211,0.2167,0.2103,0.2113,537451.4,2026-08-27 11:59:59.999000+00:00,1
2026-08-27 12:00:00+00:00,0.2114,0.2169,0.2095,0.2144,428586.8,2026-08-27 15:59:59.999000+00:00,1
2026-08-27 16:00:00+00:00,0.2145,0.2173,0.2122,0.2136,283784.1,2026-08-27 19:59:59.999000+00:00,1
2026-08-27 20:00:00+00:00,0.2136,0.2153,0.2127,0.2135,145968.1,2026-08-27 23:59:59.999000+00:00,1
2026-08-28 00:00:00+00:00,0.2136,0.218,0.2083,0.2099,426510.7,2026-08-28 03:59:59.999000+00:00,1
2026-08-28 04:00:00+00:00,0.2098,0.2113,0.2084,0.2092,147063.2,2026-08-28 07:59:59.999000+00:00,1
2026-08-28 08:00:00+00:00,0.2093,0.2101,0.2059,0.209,285752.2,2026-08-28 11:59:59.999000+00:00,1
2026-08-28 12:00:00+00:00,0.209,0.2114,0.2033,0.2042,689182.2,2026-08-28 15:59:59.999000+00:00,1
2026-08-28 16:00:00+00:00,0.2042,0.2049,0.1989,0.2017,533747.8,2026-08-28 19:59:59.999000+00:00,1
2026-08-28 20:00:00+00:00,0.2017,0.203,0.1998,0.2029,171810.1,2026-08-28 23:59:59.999000+00:00,1
2026-08-29 00:00:00+00:00,0.2028,0.2033,0.2005,0.2006,124341.6,2026-08-29 03:59:59.999000+00:00,1
2026-08-29 04:00:00+00:00,0.2005,0.2018,0.1994,0.2001,93790.3,2026-08-29 07:59:59.999000+00:00,1
2026-08-29 08:00:00+00:00,0.2,0.2005,0.1987,0.1997,137084.9,2026-08-29 11:59:59.999000+00:00,1
2026-08-29 12:00:00+00:00,0.1996,0.2027,0.1995,0.2004,163364.3,2026-08-29 15:59:59.999000+00:00,1
2026-08-29 16:00:00+00:00,0.2004,0.2019,0.1995,0.2014,144410.0,2026-08-29 19:59:59.999000+00:00,1
2026-08-29 20:00:00+00:00,0.2015,0.2018,0.2008,0.2016,91682.7,2026-08-29 23:59:59.999000+00:00,1
2026-08-30 00:00:00+00:00,0.2015,0.2021,0.2,0.2007,156710.9,2026-08-30 03:59:59.999000+00:00,1
2026-08-30 04:00:00+00:00,0.2007,0.2025,0.1997,0.2004,129077.3,2026-08-30 07:59:59.999000+00:00,1
2026-08-30 08:00:00+00:00,0.2005,0.2017,0.1997,0.2009,136196.3,2026-08-30 11:59:59.999000+00:00,1
2026-08-30 12:00:00+00:00,0.201,0.2058,0.2009,0.2031,373748.9,2026-08-30 15:59:59.999000+00:00,1
2026-08-30 16:00:00+00:00,0.2032,0.2061,0.2025,0.2031,274612.0,2026-08-30 19:59:59.999000+00:00,1
2026-08-30 20:00:00+00:00,0.2031,0.2037,0.1892,0.1925,855164.4,2026-08-30 23:59:59.999000+00:00,1
2026-08-31 00:00:00+00:00,0.1924,0.195,0.1913,0.1939,443405.7,2026-08-31 03:59:59.999000+00:00,1
2026-08-31 04:00:00+00:00,0.1939,0.1963,0.1925,0.1959,312469.0,2026-08-31 07:59:59.999000+00:00,1
2026-08-31 08:00:00+00:00,0.1959,0.1982,0.1951,0.1963,285035.0,2026-08-31 11:59:59.999000+00:00,1
2026-08-31 12:00:00+00:00,0.1963,0.1978,0.1935,0.1956,385495.8,2026-08-31 15:59:59.999000+00:00,1
2026-08-31 16:00:00+00:00,0.1957,0.2007,0.1946,0.1989,281911.3,2026-08-31 19:59:59.999000+00:00,1
2026-08-31 20:00:00+00:00,0.1989,0.2004,0.1974,0.1977,190484.0,2026-08-31 23:59:59.999000+00:00,1
2026-09-01 00:00:00+00:00,0.1977,0.2018,0.1974,0.2008,264476.0,2026-09-01 03:59:59.999000+00:00,1
2026-09-01 04:00:00+00:00,0.2008,0.2029,0.1996,0.2003,307543.1,2026-09-01 07:59:59.999000+00:00,1
2026-09-01 08:00:00+00:00,0.2004,0.2007,0.1959,0.1995,337671.6,2026-09-01 11:59:59.999000+00:00,1
2026-09-01 12:00:00+00:00,0.1995,0.2003,0.1963,0.1993,396372.2,2026-09-01 15:59:59.999000+00:00,1
2026-09-01 16:00:00+00:00,0.1993,0.1993,0.1934,0.1963,539965.5,2026-09-01 19:59:59.999000+00:00,1
2026-09-01 20:00:00+00:00,0.1963,0.1969,0.1939,0.1965,243592.0,2026-09-01 23:59:59.999000+00:00,1
2026-09-02 00:00:00+00:00,0.1965,0.1989,0.193,0.1975,289613.6,2026-09-02 03:59:59.999000+00:00,1
2026-09-02 04:00:00+00:00,0.1975,0.1992,0.1957,0.1967,248032.7,2026-09-02 07:59:59.999000+00:00,1
2026-09-02 08:00:00+00:00,0.1968,0.1971,0.1917,0.1949,363154.4,2026-09-02 11:59:59.999000+00:00,1
2026-09-02 12:00:00+00:00,0.1948,0.1972,0.1934,0.1962,291476.0,2026-09-02 15:59:59.999000+00:00,1
2026-09-02 16:00:00+00:00,0.1962,0.1974,0.1943,0.1972,210700.2,2026-09-02 19:59:59.999000+00:00,1
2026-09-02 20:00:00+00:00,0.1972,0.2011,0.1972,0.2009,323932.9,2026-09-02 23:59:59.999000+00:00,1
2026-09-03 00:00:00+00:00,0.2009,0.2076,0.199,0.2047,703924.9,2026-09-03 03:59:59.999000+00:00,1
2026-09-03 04:00:00+00:00,0.2048,0.2075,0.2032,0.2049,356726.3,2026-09-03 07:59:59.999000+00:00,1
2026-09-03 08:00:00+00:00,0.2049,0.2095,0.2049,0.2068,447841.9,2026-09-03 11:59:59.999000+00:00,1
2026-09-03 12:00:00+00:00,0.2068,0.2207,0.2065,0.2205,777625.8,2026-09-03 15:59:59.999000+00:00,1
2026-09-03 16:00:00+00:00,0.2205,0.2249,0.2195,0.2226,606767.1,2026-09-03 19:59:59.999000+00:00,1
2026-09-03 20:00:00+00:00,0.2225,0.2253,0.2186,0.2211,429717.5,2026-09-03 23:59:59.999000+00:00,1
2026-09-04 00:00:00+00:00,0.2212,0.2259,0.2182,0.224,604864.1,2026-09-04 03:59:59.999000+00:00,1
2026-09-04 04:00:00+00:00,0.2239,0.2272,0.2198,0.2201,448124.4,2026-09-04 07:59:59.999000+00:00,1
2026-09-04 08:00:00+00:00,0.2201,0.2249,0.2188,0.2213,464734.9,2026-09-04 11:59:59.999000+00:00,1
2026-09-04 12:00:00+00:00,0.2213,0.222,0.2087,0.2129,1402065.0,2026-09-04 15:59:59.999000+00:00,1
2026-09-04 16:00:00+00:00,0.2128,0.2151,0.2107,0.2134,282205.6,2026-09-04 19:59:59.999000+00:00,1
2026-09-04 20:00:00+00:00,0.2134,0.2138,0.2094,0.2111,234617.4,2026-09-04 23:59:59.999000+00:00,1
2026-09-05 00:00:00+00:00,0.2111,0.2114,0.209,0.2103,271825.6,2026-09-05 03:59:59.999000+00:00,1
2026-09-05 04:00:00+00:00,0.2103,0.2139,0.2098,0.2136,260960.6,2026-09-05 07:59:59.999000+00:00,1
2026-09-05 08:00:00+00:00,0.2135,0.2145,0.2122,0.2134,198981.7,2026-09-05 11:59:59.999000+00:00,1
2026-09-05 12:00:00+00:00,0.2134,0.2194,0.213,0.2172,531168.4,2026-09-05 15:59:59.999000+00:00,1
2026-09-05 16:00:00+00:00,0.2172,0.2218,0.217,0.2193,400925.3,2026-09-05 19:59:59.999000+00:00,1
2026-09-05 20:00:00+00:00,0.2194,0.2214,0.2178,0.2181,268087.2,2026-09-05 23:59:59.999000+00:00,1
2026-09-06 00:00:00+00:00,0.2182,0.2237,0.2181,0.2228,330846.2,2026-09-06 03:59:59.999000+00:00,1
2026-09-06 04:00:00+00:00,0.2228,0.223,0.2169,0.2189,363109.0,2026-09-06 07:59:59.999000+00:00,1
2026-09-06 08:00:00+00:00,0.219,0.2216,0.2172,0.2206,378369.7,2026-09-06 11:59:59.999000+00:00,1
2026-09-06 12:00:00+00:00,0.2206,0.2215,0.2151,0.2173,431898.6,2026-09-06 15:59:59.999000+00:00,1
2026-09-06 16:00:00+00:00,0.2173,0.2199,0.2168,0.2189,195200.2,2026-09-06 19:59:59.999000+00:00,1
2026-09-06 20:00:00+00:00,0.219,0.2236,0.2187,0.2233,293872.7,2026-09-06 23:59:59.999000+00:00,1
2026-09-07 00:00:00+00:00,0.2233,0.2264,0.2187,0.2192,490096.1,2026-09-07 03:59:59.999000+00:00,1
2026-09-07 04:00:00+00:00,0.2193,0.2217,0.2141,0.2167,419876.8,2026-09-07 07:59:59.999000+00:00,1
2026-09-07 08:00:00+00:00,0.2166,0.2204,0.2164,0.2194,275781.9,2026-09-07 11:59:59.999000+00:00,1
2026-09-07 12:00:00+00:00,0.2193,0.225,0.2163,0.2171,552696.1,2026-09-07 15:59:59.999000+00:00,1
2026-09-07 16:00:00+00:00,0.2171,0.2219,0.217,0.2209,196343.1,2026-09-07 19:59:59.999000+00:00,1
2026-09-07 20:00:00+00:00,0.221,0.2217,0.2167,0.2204,288680.1,2026-09-07 23:59:59.999000+00:00,1
2026-09-08 00:00:00+00:00,0.2204,0.223,0.2172,0.2184,459586.3,2026-09-08 03:59:59.999000+00:00,1
2026-09-08 04:00:00+00:00,0.2183,0.219,0.2155,0.2169,451110.0,2026-09-08 07:59:59.999000+00:00,1
2026-09-08 08:00:00+00:00,0.2169,0.2217,0.2156,0.2177,460883.5,2026-09-08 11:59:59.999000+00:00,1
2026-09-08 12:00:00+00:00,0.2176,0.2305,0.2147,0.2292,945935.6,2026-09-08 15:59:59.999000+00:00,1
2026-09-08 16:00:00+00:00,0.2292,0.2322,0.2198,0.2206,700088.5,2026-09-08 19:59:59.999000+00:00,1
2026-09-08 20:00:00+00:00,0.2205,0.2227,0.2177,0.2192,302102.3,2026-09-08 23:59:59.999000+00:00,1
2026-09-09 00:00:00+00:00,0.2193,0.2209,0.2157,0.2163,413780.3,2026-09-09 03:59:59.999000+00:00,1
2026-09-09 04:00:00+00:00,0.2163,0.2218,0.216,0.2213,472404.6,2026-09-09 07:59:59.999000+00:00,1
2026-09-09 08:00:00+00:00,0.2214,0.2229,0.2167,0.2202,438530.6,2026-09-09 11:59:59.999000+00:00,1
2026-09-09 12:00:00+00:00,0.2202,0.2217,0.2132,0.2155,615610.1,2026-09-09 15:59:59.999000+00:00,1
2026-09-09 16:00:00+00:00,0.2154,0.2184,0.2137,0.2144,344468.0,2026-09-09 19:59:59.999000+00:00,1
2026-09-09 20:00:00+00:00,0.2144,0.2149,0.2078,0.2117,553952.0,2026-09-09 23:59:59.999000+00:00,1
2026-09-10 00:00:00+00:00,0.2117,0.2138,0.2093,0.2136,338859.5,2026-09-10 03:59:59.999000+00:00,1
2026-09-10 04:00:00+00:00,0.2136,0.2148,0.2116,0.2133,255394.7,2026-09-10 07:59:59.999000+00:00,1
2026-09-10 08:00:00+00:00,0.2133,0.215,0.2106,0.2122,401565.9,2026-09-10 11:59:59.999000+00:00,1
2026-09-10 12:00:00+00:00,0.2121,0.2135,0.2061,0.2095,749849.6,2026-09-10 15:59:59.999000+00:00,1
2026-09-10 16:00:00+00:00,0.2094,0.2112,0.2053,0.2089,468848.9,2026-09-10 19:59:59.999000+00:00,1
2026-09-10 20:00:00+00:00,0.209,0.2107,0.2039,0.2045,286784.4,2026-09-10 23:59:59.999000+00:00,1
2026-09-11 00:00:00+00:00,0.2045,0.2079,0.2038,0.2077,276762.7,2026-09-11 03:59:59.999000+00:00,1
2026-09-11 04:00:00+00:00,0.2078,0.2104,0.2074,0.2077,287552.5,2026-09-11 07:59:59.999000+00:00,1
2026-09-11 08:00:00+00:00,0.2076,0.2086,0.2006,0.2022,400013.9,2026-09-11 11:59:59.999000+00:00,1
2026-09-11 12:00:00+00:00,0.2021,0.2161,0.2001,0.2081,1225012.0,2026-09-11 15:59:59.999000+00:00,1
2026-09-11 16:00:00+00:00,0.2081,0.2102,0.2027,0.2059,438275.2,2026-09-11 19:59:59.999000+00:00,1
2026-09-11 20:00:00+00:00,0.2059,0.2073,0.2036,0.2061,216097.8,2026-09-11 23:59:59.999000+00:00,1
2026-09-12 00:00:00+00:00,0.2061,0.2094,0.2055,0.2088,223088.5,2026-09-12 03:59:59.999000+00:00,1
2026-09-12 04:00:00+00:00,0.2088,0.2092,0.2069,0.2088,143438.3,2026-09-12 07:59:59.999000+00:00,1
2026-09-12 08:00:00+00:00,0.2088,0.2096,0.208,0.2091,139269.5,2026-09-12 11:59:59.999000+00:00,1
2026-09-12 12:00:00+00:00,0.2091,0.2093,0.2077,0.2083,148018.3,2026-09-12 15:59:59.999000+00:00,1
2026-09-12 16:00:00+00:00,0.2084,0.2085,0.2067,0.207,119880.2,2026-09-12 19:59:59.999000+00:00,1
2026-09-12 20:00:00+00:00,0.207,0.2081,0.2061,0.207,129773.0,2026-09-12 23:59:59.999000+00:00,1
2026-09-13 00:00:00+00:00,0.207,0.2083,0.2064,0.2065,189812.8,2026-09-13 03:59:59.999000+00:00,1
2026-09-13 04:00:00+00:00,0.2065,0.2083,0.2059,0.2059,162856.1,2026-09-13 07:59:59.999000+00:00,1
2026-09-13 08:00:00+00:00,0.206,0.2064,0.2029,0.2044,317017.8,2026-09-13 11:59:59.999000+00:00,1
2026-09-13 12:00:00+00:00,0.2045,0.2081,0.2036,0.2055,251097.1,2026-09-13 15:59:59.999000+00:00,1
2026-09-13 16:00:00+00:00,0.2055,0.2095,0.2055,0.208,166148.4,2026-09-13 19:59:59.999000+00:00,1
2026-09-13 20:00:00+00:00,0.2079,0.2091,0.202,0.2033,317038.7,2026-09-13 23:59:59.999000+00:00,1
2026-09-14 00:00:00+00:00,0.2033,0.2086,0.2021,0.2071,355090.3,2026-09-14 03:59:59.999000+00:00,1
2026-09-14 04:00:00+00:00,0.2071,0.211,0.2061,0.2104,242278.7,2026-09-14 07:59:59.999000+00:00,1
2026-09-14 08:00:00+00:00,0.2105,0.2125,0.2087,0.2097,347995.8,2026-09-14 11:59:59.999000+00:00,1
2026-09-14 12:00:00+00:00,0.2098,0.2108,0.2067,0.2088,460737.6,2026-09-14 15:59:59.999000+00:00,1
2026-09-14 16:00:00+00:00,0.2088,0.2148,0.2086,0.2123,371970.1,2026-09-14 19:59:59.999000+00:00,1
2026-09-14 20:00:00+00:00,0.2123,0.2158,0.2079,0.2084,310619.1,2026-09-14 23:59:59.999000+00:00,1
2026-09-15 00:00:00+00:00,0.2083,0.2086,0.2049,0.205,254746.8,2026-09-15 03:59:59.999000+00:00,1
2026-09-15 04:00:00+00:00,0.205,0.2056,0.203,0.2035,338097.2,2026-09-15 07:59:59.999000+00:00,1
2026-09-15 08:00:00+00:00,0.2035,0.2057,0.2029,0.2044,223488.2,2026-09-15 11:59:59.999000+00:00,1
2026-09-15 12:00:00+00:00,0.2044,0.2075,0.1979,0.2018,634651.7,2026-09-15 15:59:59.999000+00:00,1
2026-09-15 16:00:00+00:00,0.2018,0.2045,0.1925,0.198,989323.5,2026-09-15 19:59:59.999000+00:00,1
2026-09-15 20:00:00+00:00,0.1979,0.1985,0.1933,0.1952,327350.6,2026-09-15 23:59:59.999000+00:00,1
2026-09-16 00:00:00+00:00,0.1953,0.1957,0.192,0.1946,354552.9,2026-09-16 03:59:59.999000+00:00,1
2026-09-16 04:00:00+00:00,0.1946,0.1968,0.1938,0.1939,343667.4,2026-09-16 07:59:59.999000+00:00,1
2026-09-16 08:00:00+00:00,0.1938,0.1954,0.1924,0.1946,312608.1,2026-09-16 11:59:59.999000+00:00,1
2026-09-16 12:00:00+00:00,0.1945,0.1949,0.1903,0.191,491332.7,2026-09-16 15:59:59.999000+00:00,1
2026-09-16 16:00:00+00:00,0.191,0.1971,0.1897,0.1943,709016.8,2026-09-16 19:59:59.999000+00:00,1
2026-09-16 20:00:00+00:00,0.1943,0.1964,0.1921,0.1961,288934.4,2026-09-16 23:59:59.999000+00:00,1
2026-09-17 00:00:00+00:00,0.1961,0.1973,0.1941,0.1959,350675.6,2026-09-17 03:59:59.999000+00:00,1
2026-09-17 04:00:00+00:00,0.1958,0.199,0.1947,0.1985,308913.2,2026-09-17 07:59:59.999000+00:00,1
2026-09-17 08:00:00+00:00,0.1984,0.2003,0.1971,0.1984,422273.7,2026-09-17 11:59:59.999000+00:00,1
2026-09-17 12:00:00+00:00,0.1984,0.2041,0.1981,0.2022,578449.1,2026-09-17 15:59:59.999000+00:00,1
2026-09-17 16:00:00+00:00,0.2022,0.2033,0.2007,0.2016,282823.1,2026-09-17 19:59:59.999000+00:00,1
2026-09-17 20:00:00+00:00,0.2016,0.2029,0.1997,0.2026,287201.5,2026-09-17 23:59:59.999000+00:00,1
2026-09-18 00:00:00+00:00,0.2025,0.2174,0.2013,0.2165,978858.8,2026-09-18 03:59:59.999000+00:00,1
2026-09-18 04:00:00+00:00,0.2165,0.2173,0.2121,0.2144,495654.4,2026-09-18 07:59:59.999000+00:00,1
2026-09-18 08:00:00+00:00,0.2144,0.2167,0.213,0.2141,331521.7,2026-09-18 11:59:59.999000+00:00,1
2026-09-18 12:00:00+00:00,0.2142,0.2215,0.2128,0.2199,576622.6,2026-09-18 15:59:59.999000+00:00,1
2026-09-18 16:00:00+00:00,0.22,0.2235,0.2176,0.2223,356497.0,2026-09-18 19:59:59.999000+00:00,1
2026-09-18 20:00:00+00:00,0.2223,0.2272,0.2216,0.2244,363910.9,2026-09-18 23:59:59.999000+00:00,1
2026-09-19 00:00:00+00:00,0.2244,0.2352,0.2244,0.2311,832352.3,2026-09-19 03:59:59.999000+00:00,1
2026-09-19 04:00:00+00:00,0.2312,0.2319,0.2214,0.2216,560901.9,2026-09-19 07:59:59.999000+00:00,1
2026-09-19 08:00:00+00:00,0.2216,0.2271,0.2209,0.2269,423005.9,2026-09-19 11:59:59.999000+00:00,1
2026-09-19 12:00:00+00:00,0.2269,0.2291,0.2253,0.227,450371.9,2026-09-19 15:59:59.999000+00:00,1
2026-09-19 16:00:00+00:00,0.2271,0.2315,0.2255,0.2302,471917.5,2026-09-19 19:59:59.999000+00:00,1
2026-09-19 20:00:00+00:00,0.2302,0.2314,0.2247,0.2279,376279.3,2026-09-19 23:59:59.999000+00:00,1
2026-09-20 00:00:00+00:00,0.2279,0.2303,0.2189,0.2224,590522.9,2026-09-20 03:59:59.999000+00:00,1
2026-09-20 04:00:00+00:00,0.2223,0.2226,0.2191,0.2192,227017.2,2026-09-20 07:59:59.999000+00:00,1
2026-09-20 08:00:00+00:00,0.2192,0.2222,0.2182,0.2213,359321.2,2026-09-20 11:59:59.999000+00:00,1
2026-09-20 12:00:00+00:00,0.2214,0.2248,0.2202,0.2245,348400.1,2026-09-20 15:59:59.999000+00:00,1
2026-09-20 16:00:00+00:00,0.2245,0.2331,0.2239,0.2277,710354.9,2026-09-20 19:59:59.999000+00:00,1
2026-09-20 20:00:00+00:00,0.2278,0.2293,0.2231,0.228,287198.4,2026-09-20 23:59:59.999000+00:00,1
2026-09-21 00:00:00+00:00,0.228,0.2342,0.2265,0.2318,752610.1,2026-09-21 03:59:59.999000+00:00,1
2026-09-21 04:00:00+00:00,0.2318,0.2346,0.23,0.2322,383193.6,2026-09-21 07:59:59.999000+00:00,1
2026-09-21 08:00:00+00:00,0.2323,0.2438,0.2319,0.2417,1138634.2,2026-09-21 11:59:59.999000+00:00,1
2026-09-21 12:00:00+00:00,0.2417,0.2488,0.2397,0.2448,1168930.5,2026-09-21 15:59:59.999000+00:00,1
2026-09-21 16:00:00+00:00,0.2448,0.2466,0.24,0.2448,502292.1,2026-09-21 19:59:59.999000+00:00,1
2026-09-21 20:00:00+00:00,0.2448,0.2478,0.2432,0.2452,442939.8,2026-09-21 23:59:59.999000+00:00,1
2026-09-22 00:00:00+00:00,0.2451,0.2501,0.2426,0.2482,639814.6,2026-09-22 03:59:59.999000+00:00,1
2026-09-22 04:00:00+00:00,0.2483,0.2522,0.2403,0.2455,966245.0,2026-09-22 07:59:59.999000+00:00,1
2026-09-22 08:00:00+00:00,0.2456,0.2505,0.2435,0.2458,390712.1,2026-09-22 11:59:59.999000+00:00,0
