ts,open,high,low,close,volume,close_time,confirm
2026-04-14 00:00:00+00:00,0.3873,0.3889,0.3765,0.3774,88996.0,2026-04-14 03:59:59.999000+00:00,1
2026-04-14 04:00:00+00:00,0.3775,0.3791,0.3725,0.3758,55538.0,2026-04-14 07:59:59.999000+00:00,1
2026-04-14 08:00:00+00:00,0.3761,0.3794,0.3749,0.3784,38204.0,2026-04-14 11:59:59.999000+00:00,1
2026-04-14 12:00:00+00:00,0.3784,0.3901,0.3719,0.3737,112645.0,2026-04-14 15:59:59.999000+00:00,1
2026-04-14 16:00:00+00:00,0.3734,0.3749,0.3642,0.3665,68239.0,2026-04-14 19:59:59.999000+00:00,1
2026-04-14 20:00:00+00:00,0.3666,0.367,0.3615,0.3652,37447.0,2026-04-14 23:59:59.999000+00:00,1
2026-04-15 00:00:00+00:00,0.365,0.3701,0.365,0.3679,34251.0,2026-04-15 03:59:59.999000+00:00,1
2026-04-15 04:00:00+00:00,0.3676,0.3712,0.3627,0.3639,24699.0,2026-04-15 07:59:59.999000+00:00,1
2026-04-15 08:00:00+00:00,0.3638,0.3686,0.3632,0.3679,24890.0,2026-04-15 11:59:59.999000+00:00,1
2026-04-15 12:00:00+00:00,0.3679,0.3787,0.3668,0.3721,54218.0,2026-04-15 15:59:59.999000+00:00,1
2026-04-15 16:00:00+00:00,0.3723,0.3797,0.3717,0.3781,39461.0,2026-04-15 19:59:59.999000+00:00,1
2026-04-15 20:00:00+00:00,0.378,0.3841,0.373,0.3743,90681.0,2026-04-15 23:59:59.999000+00:00,1
2026-04-16 00:00:00+00:00,0.3745,0.3806,0.3717,0.3757,82462.0,2026-04-16 03:59:59.999000+00:00,1
2026-04-16 04:00:00+00:00,0.3757,0.3789,0.3747,0.3754,42736.0,2026-04-16 07:59:59.999000+00:00,1
2026-04-16 08:00:00+00:00,0.3754,0.3777,0.3728,0.3773,45317.0,2026-04-16 11:59:59.999000+00:00,1
2026-04-16 12:00:00+00:00,0.3775,0.3848,0.3693,0.3796,171992.0,2026-04-16 15:59:59.999000+00:00,1
2026-04-16 16:00:00+00:00,0.3797,0.4046,0.375,0.4037,143584.0,2026-04-16 19:59:59.999000+00:00,1
2026-04-16 20:00:00+00:00,0.4037,0.4199,0.4037,0.4096,198269.0,2026-04-16 23:59:59.999000+00:00,1
2026-04-17 00:00:00+00:00,0.4094,0.4107,0.3948,0.3978,73456.0,2026-04-17 03:59:59.999000+00:00,1
2026-04-17 04:00:00+00:00,0.3982,0.419,0.3951,0.4138,191679.0,2026-04-17 07:59:59.999000+00:00,1
2026-04-17 08:00:00+00:00,0.4142,0.4243,0.4117,0.4194,103739.0,2026-04-17 11:59:59.999000+00:00,1
2026-04-17 12:00:00+00:00,0.4195,0.4547,0.4187,0.4492,361096.0,2026-04-17 15:59:59.999000+00:00,1
2026-04-17 16:00:00+00:00,0.4493,0.4702,0.4358,0.44,502742.0,2026-04-17 19:59:59.999000+00:00,1
2026-04-17 20:00:00+00:00,0.4401,0.4468,0.4324,0.4344,68524.0,2026-04-17 23:59:59.999000+00:00,1
2026-04-18 00:00:00+00:00,0.434,0.4385,0.4313,0.4338,60083.0,2026-04-18 03:59:59.999000+00:00,1
2026-04-18 04:00:00+00:00,0.434,0.4409,0.4321,0.4403,39902.0,2026-04-18 07:59:59.999000+00:00,1
2026-04-18 08:00:00+00:00,0.4405,0.4405,0.4205,0.4233,82455.0,2026-04-18 11:59:59.999000+00:00,1
2026-04-18 12:00:00+00:00,0.4233,0.4253,0.4193,0.4209,41237.0,2026-04-18 15:59:59.999000+00:00,1
2026-04-18 16:00:00+00:00,0.4207,0.4229,0.4031,0.4052,120277.0,2026-04-18 19:59:59.999000+00:00,1
2026-04-18 20:00:00+00:00,0.4051,0.4051,0.3987,0.4021,45502.0,2026-04-18 23:59:59.999000+00:00,1
2026-04-19 00:00:00+00:00,0.4021,0.4027,0.3866,0.392,70411.0,2026-04-19 03:59:59.999000+00:00,1
2026-04-19 04:00:00+00:00,0.3921,0.3938,0.3794,0.3807,80813.0,2026-04-19 07:59:59.999000+00:00,1
2026-04-19 08:00:00+00:00,0.3809,0.3833,0.3732,0.3827,80523.0,2026-04-19 11:59:59.999000+00:00,1
2026-04-19 12:00:00+00:00,0.3827,0.3965,0.3821,0.3903,102958.0,2026-04-19 15:59:59.999000+00:00,1
2026-04-19 16:00:00+00:00,0.3903,0.3937,0.3752,0.3801,66815.0,2026-04-19 19:59:59.999000+00:00,1
2026-04-19 20:00:00+00:00,0.3798,0.3799,0.3672,0.37,64262.0,2026-04-19 23:59:59.999000+00:00,1
2026-04-20 00:00:00+00:00,0.3702,0.3794,0.3684,0.3773,63579.0,2026-04-20 03:59:59.999000+00:00,1
2026-04-20 04:00:00+00:00,0.377,0.3836,0.3704,0.3788,49985.0,2026-04-20 07:59:59.999000+00:00,1
2026-04-20 08:00:00+00:00,0.379,0.3899,0.3764,0.3883,52613.0,2026-04-20 11:59:59.999000+00:00,1
2026-04-20 12:00:00+00:00,0.3877,0.3993,0.3818,0.3875,142479.0,2026-04-20 15:59:59.999000+00:00,1
2026-04-20 16:00:00+00:00,0.3878,0.3935,0.3801,0.3901,99311.0,2026-04-20 19:59:59.999000+00:00,1
2026-04-20 20:00:00+00:00,0.3899,0.3949,0.3818,0.3838,60415.0,2026-04-20 23:59:59.999000+00:00,1
2026-04-21 00:00:00+00:00,0.3839,0.3862,0.3793,0.3825,29039.0,2026-04-21 03:59:59.999000+00:00,1
2026-04-21 04:00:00+00:00,0.3823,0.3867,0.3813,0.3823,39663.0,2026-04-21 07:59:59.999000+00:00,1
2026-04-21 08:00:00+00:00,0.3822,0.3914,0.3816,0.3885,39897.0,2026-04-21 11:59:59.999000+00:00,1
2026-04-21 12:00:00+00:00,0.3884,0.3886,0.3772,0.3791,64646.0,2026-04-21 15:59:59.999000+00:00,1
2026-04-21 16:00:00+00:00,0.3794,0.3816,0.3716,0.3729,45065.0,2026-04-21 19:59:59.999000+00:00,1
2026-04-21 20:00:00+00:00,0.3728,0.3807,0.3727,0.3801,36220.0,2026-04-21 23:59:59.999000+00:00,1
2026-04-22 00:00:00+00:00,0.3803,0.4038,0.3801,0.4022,107859.0,2026-04-22 03:59:59.999000+00:00,1
2026-04-22 04:00:00+00:00,0.4022,0.4119,0.3992,0.407,127314.0,2026-04-22 07:59:59.999000+00:00,1
2026-04-22 08:00:00+00:00,0.4071,0.4191,0.4027,0.4189,77788.0,2026-04-22 11:59:59.999000+00:00,1
2026-04-22 12:00:00+00:00,0.419,0.4275,0.4135,0.4227,239426.0,2026-04-22 15:59:59.999000+00:00,1
2026-04-22 16:00:00+00:00,0.4227,0.4285,0.4168,0.4208,76160.0,2026-04-22 19:59:59.999000+00:00,1
2026-04-22 20:00:00+00:00,0.421,0.435,0.4198,0.4235,111925.0,2026-04-22 23:59:59.999000+00:00,1
2026-04-23 00:00:00+00:00,0.4238,0.4262,0.4061,0.4088,125923.0,2026-04-23 03:59:59.999000+00:00,1
2026-04-23 04:00:00+00:00,0.4088,0.4129,0.4068,0.4075,60454.0,2026-04-23 07:59:59.999000+00:00,1
2026-04-23 08:00:00+00:00,0.4076,0.4146,0.4024,0.4144,55179.0,2026-04-23 11:59:59.999000+00:00,1
2026-04-23 12:00:00+00:00,0.4142,0.4517,0.4133,0.4458,238423.0,2026-04-23 15:59:59.999000+00:00,1
2026-04-23 16:00:00+00:00,0.4459,0.4529,0.4308,0.4386,254929.0,2026-04-23 19:59:59.999000+00:00,1
2026-04-23 20:00:00+00:00,0.4385,0.4411,0.4249,0.4347,63818.0,2026-04-23 23:59:59.999000+00:00,1
2026-04-24 00:00:00+00:00,0.4348,0.4359,0.4257,0.4321,63292.0,2026-04-24 03:59:59.999000+00:00,1
2026-04-24 04:00:00+00:00,0.4325,0.4355,0.4278,0.433,44231.0,2026-04-24 07:59:59.999000+00:00,1
2026-04-24 08:00:00+00:00,0.4329,0.441,0.4266,0.4355,91251.0,2026-04-24 11:59:59.999000+00:00,1
2026-04-24 12:00:00+00:00,0.4355,0.4401,0.4224,0.4288,108811.0,2026-04-24 15:59:59.999000+00:00,1
2026-04-24 16:00:00+00:00,0.4287,0.4291,0.4247,0.4266,32116.0,2026-04-24 19:59:59.999000+00:00,1
2026-04-24 20:00:00+00:00,0.4267,0.4273,0.4207,0.4233,44081.0,2026-04-24 23:59:59.999000+00:00,1
2026-04-25 00:00:00+00:00,0.4232,0.4324,0.4217,0.431,32711.0,2026-04-25 03:59:59.999000+00:00,1
2026-04-25 04:00:00+00:00,0.431,0.431,0.4231,0.4246,39420.0,2026-04-25 07:59:59.999000+00:00,1
2026-04-25 08:00:00+00:00,0.4245,0.4288,0.4241,0.4256,39379.0,2026-04-25 11:59:59.999000+00:00,1
2026-04-25 12:00:00+00:00,0.4254,0.4328,0.4247,0.4265,31051.0,2026-04-25 15:59:59.999000+00:00,1
2026-04-25 16:00:00+00:00,0.4261,0.4273,0.4209,0.4219,29231.0,2026-04-25 19:59:59.999000+00:00,1
2026-04-25 20:00:00+00:00,0.4219,0.4245,0.4216,0.4235,20767.0,2026-04-25 23:59:59.999000+00:00,1
2026-04-26 00:00:00+00:00,0.4235,0.4387,0.422,0.4374,62237.0,2026-04-26 03:59:59.999000+00:00,1
2026-04-26 04:00:00+00:00,0.4374,0.4505,0.4344,0.4428,87608.0,2026-04-26 07:59:59.999000+00:00,1
2026-04-26 08:00:00+00:00,0.4428,0.4658,0.4428,0.4643,222702.0,2026-04-26 11:59:59.999000+00:00,1
2026-04-26 12:00:00+00:00,0.4642,0.4772,0.4573,0.4678,342056.0,2026-04-26 15:59:59.999000+00:00,1
2026-04-26 16:00:00+00:00,0.4678,0.476,0.4576,0.4688,187299.0,2026-04-26 19:59:59.999000+00:00,1
2026-04-26 20:00:00+00:00,0.4688,0.4692,0.4545,0.4612,93468.0,2026-04-26 23:59:59.999000+00:00,1
2026-04-27 00:00:00+00:00,0.4614,0.4834,0.4514,0.4734,106716.0,2026-04-27 03:59:59.999000+00:00,1
2026-04-27 04:00:00+00:00,0.4736,0.4755,0.4485,0.449,111521.0,2026-04-27 07:59:59.999000+00:00,1
2026-04-27 08:00:00+00:00,0.449,0.461,0.4474,0.4579,66249.0,2026-04-27 11:59:59.999000+00:00,1
2026-04-27 12:00:00+00:00,0.4577,0.4721,0.4469,0.4488,146462.0,2026-04-27 15:59:59.999000+00:00,1
2026-04-27 16:00:00+00:00,0.4488,0.4666,0.4479,0.4591,93669.0,2026-04-27 19:59:59.999000+00:00,1
2026-04-27 20:00:00+00:00,0.4595,0.4625,0.4534,0.4585,60482.0,2026-04-27 23:59:59.999000+00:00,1
2026-04-28 00:00:00+00:00,0.4585,0.4604,0.4515,0.455,31527.0,2026-04-28 03:59:59.999000+00:00,1
2026-04-28 04:00:00+00:00,0.4551,0.4673,0.4549,0.4651,63585.0,2026-04-28 07:59:59.999000+00:00,1
2026-04-28 08:00:00+00:00,0.4652,0.4773,0.4601,0.4669,179891.0,2026-04-28 11:59:59.999000+00:00,1
2026-04-28 12:00:00+00:00,0.4673,0.4683,0.4511,0.4598,167655.0,2026-04-28 15:59:59.999000+00:00,1
2026-04-28 16:00:00+00:00,0.4597,0.4651,0.4585,0.4604,38432.0,2026-04-28 19:59:59.999000+00:00,1
2026-04-28 20:00:00+00:00,0.4605,0.4627,0.4552,0.4586,26065.0,2026-04-28 23:59:59.999000+00:00,1
2026-04-29 00:00:00+00:00,0.4587,0.4963,0.4548,0.4946,233715.0,2026-04-29 03:59:59.999000+00:00,1
2026-04-29 04:00:00+00:00,0.4948,0.4979,0.4731,0.4753,271091.0,2026-04-29 07:59:59.999000+00:00,1
2026-04-29 08:00:00+00:00,0.4756,0.4954,0.4727,0.4839,244884.0,2026-04-29 11:59:59.999000+00:00,1
2026-04-29 12:00:00+00:00,0.484,0.4854,0.4596,0.4613,273884.0,2026-04-29 15:59:59.999000+00:00,1
2026-04-29 16:00:00+00:00,0.4612,0.4684,0.4492,0.4602,193513.0,2026-04-29 19:59:59.999000+00:00,1
2026-04-29 20:00:00+00:00,0.4602,0.4775,0.4594,0.4721,92964.0,2026-04-29 23:59:59.999000+00:00,1
2026-04-30 00:00:00+00:00,0.4722,0.4731,0.4574,0.4615,74721.0,2026-04-30 03:59:59.999000+00:00,1
2026-04-30 04:00:00+00:00,0.4614,0.4632,0.4568,0.4622,45988.0,2026-04-30 07:59:59.999000+00:00,1
2026-04-30 08:00:00+00:00,0.4624,0.4636,0.4481,0.4504,100619.0,2026-04-30 11:59:59.999000+00:00,1
2026-04-30 12:00:00+00:00,0.4504,0.4528,0.4439,0.4476,75191.0,2026-04-30 15:59:59.999000+00:00,1
2026-04-30 16:00:00+00:00,0.4476,0.448,0.4385,0.4425,83665.0,2026-04-30 19:59:59.999000+00:00,1
2026-04-30 20:00:00+00:00,0.442,0.4489,0.4409,0.4486,35919.0,2026-04-30 23:59:59.999000+00:00,1
2026-05-01 00:00:00+00:00,0.4486,0.4645,0.4479,0.4616,50114.0,2026-05-01 03:59:59.999000+00:00,1
2026-05-01 04:00:00+00:00,0.4616,0.464,0.4545,0.4585,60828.0,2026-05-01 07:59:59.999000+00:00,1
2026-05-01 08:00:00+00:00,0.4587,0.4617,0.4546,0.4579,48419.0,2026-05-01 11:59:59.999000+00:00,1
2026-05-01 12:00:00+00:00,0.4582,0.4696,0.4567,0.4651,68251.0,2026-05-01 15:59:59.999000+00:00,1
2026-05-01 16:00:00+00:00,0.4653,0.4677,0.4502,0.4525,61871.0,2026-05-01 19:59:59.999000+00:00,1
2026-05-01 20:00:00+00:00,0.4524,0.4545,0.4473,0.4504,27315.0,2026-05-01 23:59:59.999000+00:00,1
2026-05-02 00:00:00+00:00,0.4504,0.453,0.4479,0.4515,31535.0,2026-05-02 03:59:59.999000+00:00,1
2026-05-02 04:00:00+00:00,0.4515,0.4627,0.4506,0.4551,96864.0,2026-05-02 07:59:59.999000+00:00,1
2026-05-02 08:00:00+00:00,0.4551,0.4558,0.4521,0.4537,18600.0,2026-05-02 11:59:59.999000+00:00,1
2026-05-02 12:00:00+00:00,0.4537,0.4548,0.4489,0.4522,19006.0,2026-05-02 15:59:59.999000+00:00,1
2026-05-02 16:00:00+00:00,0.4525,0.4541,0.4482,0.4519,21426.0,2026-05-02 19:59:59.999000+00:00,1
2026-05-02 20:00:00+00:00,0.4524,0.4561,0.4504,0.4532,28037.0,2026-05-02 23:59:59.999000+00:00,1
2026-05-03 00:00:00+00:00,0.4535,0.4538,0.4458,0.4463,17796.0,2026-05-03 03:59:59.999000+00:00,1
2026-05-03 04:00:00+00:00,0.4463,0.4473,0.4436,0.4438,15339.0,2026-05-03 07:59:59.999000+00:00,1
2026-05-03 08:00:00+00:00,0.4437,0.4492,0.4421,0.447,21783.0,2026-05-03 11:59:59.999000+00:00,1
2026-05-03 12:00:00+00:00,0.4472,0.4506,0.4456,0.447,23182.0,2026-05-03 15:59:59.999000+00:00,1
2026-05-03 16:00:00+00:00,0.4474,0.4528,0.4462,0.4504,10195.0,2026-05-03 19:59:59.999000+00:00,1
2026-05-03 20:00:00+00:00,0.4506,0.4566,0.4476,0.4492,23106.0,2026-05-03 23:59:59.999000+00:00,1
2026-05-04 00:00:00+00:00,0.4492,0.4635,0.4458,0.4615,66896.0,2026-05-04 03:59:59.999000+00:00,1
2026-05-04 04:00:00+00:00,0.4618,0.4642,0.4518,0.4542,31018.0,2026-05-04 07:59:59.999000+00:00,1
2026-05-04 08:00:00+00:00,0.4541,0.4558,0.4414,0.4456,51212.0,2026-05-04 11:59:59.999000+00:00,1
2026-05-04 12:00:00+00:00,0.4455,0.4553,0.4422,0.4473,70726.0,2026-05-04 15:59:59.999000+00:00,1
2026-05-04 16:00:00+00:00,0.4474,0.454,0.444,0.4468,31205.0,2026-05-04 19:59:59.999000+00:00,1
2026-05-04 20:00:00+00:00,0.447,0.4484,0.4438,0.4445,22995.0,2026-05-04 23:59:59.999000+00:00,1
2026-05-05 00:00:00+00:00,0.4448,0.4534,0.4447,0.4525,24216.0,2026-05-05 03:59:59.999000+00:00,1
2026-05-05 04:00:00+00:00,0.4525,0.4547,0.4492,0.4536,31646.0,2026-05-05 07:59:59.999000+00:00,1
2026-05-05 08:00:00+00:00,0.4538,0.4549,0.449,0.4528,21372.0,2026-05-05 11:59:59.999000+00:00,1
2026-05-05 12:00:00+00:00,0.4532,0.4598,0.4503,0.4536,48697.0,2026-05-05 15:59:59.999000+00:00,1
2026-05-05 16:00:00+00:00,0.4538,0.4629,0.4509,0.4613,34187.0,2026-05-05 19:59:59.999000+00:00,1
2026-05-05 20:00:00+00:00,0.4616,0.4739,0.4602,0.4678,69795.0,2026-05-05 23:59:59.999000+00:00,1
2026-05-06 00:00:00+00:00,0.4678,0.4784,0.4623,0.4726,104567.0,2026-05-06 03:59:59.999000+00:00,1
2026-05-06 04:00:00+00:00,0.4728,0.4751,0.4623,0.4705,52158.0,2026-05-06 07:59:59.999000+00:00,1
2026-05-06 08:00:00+00:00,0.4706,0.4853,0.4691,0.4807,64702.0,2026-05-06 11:59:59.999000+00:00,1
2026-05-06 12:00:00+00:00,0.4807,0.4807,0.4542,0.4608,107882.0,2026-05-06 15:59:59.999000+00:00,1
2026-05-06 16:00:00+00:00,0.4607,0.464,0.4566,0.4606,54429.0,2026-05-06 19:59:59.999000+00:00,1
2026-05-06 20:00:00+00:00,0.4609,0.4659,0.4559,0.4627,52126.0,2026-05-06 23:59:59.999000+00:00,1
2026-05-07 00:00:00+00:00,0.463,0.465,0.4436,0.4446,72037.0,2026-05-07 03:59:59.999000+00:00,1
2026-05-07 04:00:00+00:00,0.4447,0.4557,0.4434,0.4552,34140.0,2026-05-07 07:59:59.999000+00:00,1
2026-05-07 08:00:00+00:00,0.4553,0.4558,0.4457,0.4521,27920.0,2026-05-07 11:59:59.999000+00:00,1
2026-05-07 12:00:00+00:00,0.4522,0.4637,0.4406,0.4441,87198.0,2026-05-07 15:59:59.999000+00:00,1
2026-05-07 16:00:00+00:00,0.4442,0.4505,0.4424,0.4487,40262.0,2026-05-07 19:59:59.999000+00:00,1
2026-05-07 20:00:00+00:00,0.4489,0.4515,0.4415,0.4481,75981.0,2026-05-07 23:59:59.999000+00:00,1
2026-05-08 00:00:00+00:00,0.4481,0.449,0.4409,0.4423,32393.0,2026-05-08 03:59:59.999000+00:00,1
2026-05-08 04:00:00+00:00,0.4424,0.447,0.4386,0.4466,39003.0,2026-05-08 07:59:59.999000+00:00,1
2026-05-08 08:00:00+00:00,0.4468,0.455,0.4451,0.4512,50543.0,2026-05-08 11:59:59.999000+00:00,1
2026-05-08 12:00:00+00:00,0.4512,0.4555,0.4418,0.4519,59766.0,2026-05-08 15:59:59.999000+00:00,1
2026-05-08 16:00:00+00:00,0.4522,0.4612,0.4477,0.4558,61163.0,2026-05-08 19:59:59.999000+00:00,1
2026-05-08 20:00:00+00:00,0.4559,0.4586,0.4504,0.4543,45377.0,2026-05-08 23:59:59.999000+00:00,1
2026-05-09 00:00:00+00:00,0.4543,0.474,0.4543,0.4738,61443.0,2026-05-09 03:59:59.999000+00:00,1
2026-05-09 04:00:00+00:00,0.4737,0.506,0.4736,0.491,331241.0,2026-05-09 07:59:59.999000+00:00,1
2026-05-09 08:00:00+00:00,0.4911,0.4949,0.4748,0.4782,126766.0,2026-05-09 11:59:59.999000+00:00,1
2026-05-09 12:00:00+00:00,0.4783,0.5093,0.4783,0.491,408947.0,2026-05-09 15:59:59.999000+00:00,1
2026-05-09 16:00:00+00:00,0.4907,0.5179,0.4898,0.5177,199424.0,2026-05-09 19:59:59.999000+00:00,1
2026-05-09 20:00:00+00:00,0.5178,0.5183,0.4964,0.5027,94517.0,2026-05-09 23:59:59.999000+00:00,1
2026-05-10 00:00:00+00:00,0.5026,0.5111,0.4913,0.5049,107260.0,2026-05-10 03:59:59.999000+00:00,1
2026-05-10 04:00:00+00:00,0.5049,0.5109,0.4982,0.5108,81324.0,2026-05-10 07:59:59.999000+00:00,1
2026-05-10 08:00:00+00:00,0.5108,0.5271,0.5076,0.5261,119728.0,2026-05-10 11:59:59.999000+00:00,1
2026-05-10 12:00:00+00:00,0.5261,0.532,0.5164,0.5301,135129.0,2026-05-10 15:59:59.999000+00:00,1
2026-05-10 16:00:00+00:00,0.5298,0.5438,0.5278,0.5392,93165.0,2026-05-10 19:59:59.999000+00:00,1
2026-05-10 20:00:00+00:00,0.5393,0.5404,0.5144,0.5282,133557.0,2026-05-10 23:59:59.999000+00:00,1
2026-05-11 00:00:00+00:00,0.5285,0.5324,0.5084,0.5141,122628.0,2026-05-11 03:59:59.999000+00:00,1
2026-05-11 04:00:00+00:00,0.5139,0.5326,0.5108,0.5223,68761.0,2026-05-11 07:59:59.999000+00:00,1
2026-05-11 08:00:00+00:00,0.5224,0.5506,0.5194,0.5396,137570.0,2026-05-11 11:59:59.999000+00:00,1
2026-05-11 12:00:00+00:00,0.5399,0.5437,0.5165,0.5323,123568.0,2026-05-11 15:59:59.999000+00:00,1
2026-05-11 16:00:00+00:00,0.5324,0.5332,0.5196,0.5274,51784.0,2026-05-11 19:59:59.999000+00:00,1
2026-05-11 20:00:00+00:00,0.5274,0.5316,0.5238,0.5256,41803.0,2026-05-11 23:59:59.999000+00:00,1
2026-05-12 00:00:00+00:00,0.5254,0.5308,0.5088,0.5104,106133.0,2026-05-12 03:59:59.999000+00:00,1
2026-05-12 04:00:00+00:00,0.5103,0.5134,0.5036,0.5041,81228.0,2026-05-12 07:59:59.999000+00:00,1
2026-05-12 08:00:00+00:00,0.504,0.5054,0.4863,0.4877,88791.0,2026-05-12 11:59:59.999000+00:00,1
2026-05-12 12:00:00+00:00,0.4878,0.4896,0.4701,0.4739,137935.0,2026-05-12 15:59:59.999000+00:00,1
2026-05-12 16:00:00+00:00,0.4738,0.4789,0.4673,0.4762,74812.0,2026-05-12 19:59:59.999000+00:00,1
2026-05-12 20:00:00+00:00,0.4761,0.503,0.4757,0.4954,203117.0,2026-05-12 23:59:59.999000+00:00,1
2026-05-13 00:00:00+00:00,0.4958,0.504,0.4928,0.4994,54808.0,2026-05-13 03:59:59.999000+00:00,1
2026-05-13 04:00:00+00:00,0.4996,0.5063,0.4968,0.4981,38777.0,2026-05-13 07:59:59.999000+00:00,1
2026-05-13 08:00:00+00:00,0.4983,0.5042,0.4846,0.4848,61234.0,2026-05-13 11:59:59.999000+00:00,1
2026-05-13 12:00:00+00:00,0.4849,0.4868,0.4696,0.4708,81810.0,2026-05-13 15:59:59.999000+00:00,1
2026-05-13 16:00:00+00:00,0.4705,0.4788,0.4694,0.4731,51875.0,2026-05-13 19:59:59.999000+00:00,1
2026-05-13 20:00:00+00:00,0.4732,0.4752,0.4675,0.4685,26922.0,2026-05-13 23:59:59.999000+00:00,1
2026-05-14 00:00:00+00:00,0.4684,0.4726,0.4575,0.4589,65584.0,2026-05-14 03:59:59.999000+00:00,1
2026-05-14 04:00:00+00:00,0.4589,0.4703,0.4583,0.4599,71939.0,2026-05-14 07:59:59.999000+00:00,1
2026-05-14 08:00:00+00:00,0.4599,0.4632,0.4555,0.4561,33757.0,2026-05-14 11:59:59.999000+00:00,1
2026-05-14 12:00:00+00:00,0.4559,0.4797,0.4551,0.4793,161347.0,2026-05-14 15:59:59.999000+00:00,1
2026-05-14 16:00:00+00:00,0.4791,0.4826,0.4743,0.4758,61705.0,2026-05-14 19:59:59.999000+00:00,1
2026-05-14 20:00:00+00:00,0.4759,0.4991,0.4696,0.4821,230838.0,2026-05-14 23:59:59.999000+00:00,1
2026-05-15 00:00:00+00:00,0.4822,0.4912,0.474,0.476,72269.0,2026-05-15 03:59:59.999000+00:00,1
2026-05-15 04:00:00+00:00,0.4762,0.4765,0.4649,0.4724,49048.0,2026-05-15 07:59:59.999000+00:00,1
2026-05-15 08:00:00+00:00,0.4723,0.4725,0.4597,0.4608,59824.0,2026-05-15 11:59:59.999000+00:00,1
2026-05-15 12:00:00+00:00,0.4608,0.4611,0.4425,0.4464,130173.0,2026-05-15 15:59:59.999000+00:00,1
2026-05-15 16:00:00+00:00,0.4464,0.4512,0.4451,0.4472,37577.0,2026-05-15 19:59:59.999000+00:00,1
2026-05-15 20:00:00+00:00,0.4472,0.4494,0.4455,0.4464,38657.0,2026-05-15 23:59:59.999000+00:00,1
2026-05-16 00:00:00+00:00,0.4466,0.4519,0.4456,0.4472,33394.0,2026-05-16 03:59:59.999000+00:00,1
2026-05-16 04:00:00+00:00,0.4472,0.4474,0.4304,0.434,56124.0,2026-05-16 07:59:59.999000+00:00,1
2026-05-16 08:00:00+00:00,0.4336,0.434,0.4233,0.4294,76906.0,2026-05-16 11:59:59.999000+00:00,1
2026-05-16 12:00:00+00:00,0.4292,0.4305,0.4192,0.4216,71582.0,2026-05-16 15:59:59.999000+00:00,1
2026-05-16 16:00:00+00:00,0.4215,0.4228,0.4161,0.418,41365.0,2026-05-16 19:59:59.999000+00:00,1
2026-05-16 20:00:00+00:00,0.4182,0.4196,0.4135,0.415,32702.0,2026-05-16 23:59:59.999000+00:00,1
2026-05-17 00:00:00+00:00,0.4151,0.4216,0.4132,0.4213,49075.0,2026-05-17 03:59:59.999000+00:00,1
2026-05-17 04:00:00+00:00,0.4211,0.4253,0.4205,0.4236,22694.0,2026-05-17 07:59:59.999000+00:00,1
2026-05-17 08:00:00+00:00,0.4235,0.4279,0.4202,0.4228,43320.0,2026-05-17 11:59:59.999000+00:00,1
2026-05-17 12:00:00+00:00,0.423,0.4247,0.4176,0.4196,27958.0,2026-05-17 15:59:59.999000+00:00,1
2026-05-17 16:00:00+00:00,0.4195,0.4223,0.4159,0.4216,24855.0,2026-05-17 19:59:59.999000+00:00,1
2026-05-17 20:00:00+00:00,0.4216,0.4272,0.4023,0.4104,64241.0,2026-05-17 23:59:59.999000+00:00,1
2026-05-18 00:00:00+00:00,0.4102,0.4115,0.4044,0.4063,57055.0,2026-05-18 03:59:59.999000+00:00,1
2026-05-18 04:00:00+00:00,0.4064,0.4084,0.4036,0.4069,34773.0,2026-05-18 07:59:59.999000+00:00,1
2026-05-18 08:00:00+00:00,0.4067,0.4082,0.4015,0.4048,39916.0,2026-05-18 11:59:59.999000+00:00,1
2026-05-18 12:00:00+00:00,0.4049,0.4101,0.3951,0.3963,85927.0,2026-05-18 15:59:59.999000+00:00,1
2026-05-18 16:00:00+00:00,0.3966,0.3991,0.3846,0.3954,75804.0,2026-05-18 19:59:59.999000+00:00,1
2026-05-18 20:00:00+00:00,0.396,0.423,0.3935,0.4166,116956.0,2026-05-18 23:59:59.999000+00:00,1
2026-05-19 00:00:00+00:00,0.4166,0.426,0.4147,0.4211,43922.0,2026-05-19 03:59:59.999000+00:00,1
2026-05-19 04:00:00+00:00,0.4212,0.4227,0.4135,0.4164,36385.0,2026-05-19 07:59:59.999000+00:00,1
2026-05-19 08:00:00+00:00,0.4166,0.4168,0.4077,0.4079,29632.0,2026-05-19 11:59:59.999000+00:00,1
2026-05-19 12:00:00+00:00,0.4078,0.4133,0.4037,0.4089,65100.0,2026-05-19 15:59:59.999000+00:00,1
2026-05-19 16:00:00+00:00,0.4089,0.4118,0.4037,0.4049,34719.0,2026-05-19 19:59:59.999000+00:00,1
2026-05-19 20:00:00+00:00,0.4049,0.4092,0.4001,0.4043,48892.0,2026-05-19 23:59:59.999000+00:00,1
2026-05-20 00:00:00+00:00,0.4043,0.4056,0.4011,0.4016,22708.0,2026-05-20 03:59:59.999000+00:00,1
2026-05-20 04:00:00+00:00,0.4019,0.4107,0.4007,0.4075,25235.0,2026-05-20 07:59:59.999000+00:00,1
2026-05-20 08:00:00+00:00,0.4074,0.413,0.4074,0.4088,31831.0,2026-05-20 11:59:59.999000+00:00,1
2026-05-20 12:00:00+00:00,0.4088,0.4213,0.4076,0.4174,97819.0,2026-05-20 15:59:59.999000+00:00,1
2026-05-20 16:00:00+00:00,0.4175,0.4203,0.4138,0.4166,47386.0,2026-05-20 19:59:59.999000+00:00,1
2026-05-20 20:00:00+00:00,0.4167,0.417,0.4093,0.412,37832.0,2026-05-20 23:59:59.999000+00:00,1
2026-05-21 00:00:00+00:00,0.4119,0.4191,0.4117,0.4176,47970.0,2026-05-21 03:59:59.999000+00:00,1
2026-05-21 04:00:00+00:00,0.4176,0.4208,0.4123,0.4205,63269.0,2026-05-21 07:59:59.999000+00:00,1
2026-05-21 08:00:00+00:00,0.4205,0.4265,0.4147,0.418,82529.0,2026-05-21 11:59:59.999000+00:00,1
2026-05-21 12:00:00+00:00,0.4182,0.4506,0.4172,0.4415,225246.0,2026-05-21 15:59:59.999000+00:00,1
2026-05-21 16:00:00+00:00,0.4417,0.46,0.4292,0.4577,138724.0,2026-05-21 19:59:59.999000+00:00,1
2026-05-21 20:00:00+00:00,0.4577,0.4803,0.4501,0.4637,260501.0,2026-05-21 23:59:59.999000+00:00,1
2026-05-22 00:00:00+00:00,0.464,0.4695,0.4526,0.4607,105586.0,2026-05-22 03:59:59.999000+00:00,1
2026-05-22 04:00:00+00:00,0.4607,0.4639,0.4552,0.4587,84547.0,2026-05-22 07:59:59.999000+00:00,1
2026-05-22 08:00:00+00:00,0.4586,0.4695,0.4568,0.4674,107958.0,2026-05-22 11:59:59.999000+00:00,1
2026-05-22 12:00:00+00:00,0.4673,0.4803,0.4518,0.4563,163746.0,2026-05-22 15:59:59.999000+00:00,1
2026-05-22 16:00:00+00:00,0.4561,0.4678,0.4376,0.4433,169754.0,2026-05-22 19:59:59.999000+00:00,1
2026-05-22 20:00:00+00:00,0.4434,0.4478,0.4221,0.4222,91751.0,2026-05-22 23:59:59.999000+00:00,1
2026-05-23 00:00:00+00:00,0.4223,0.4335,0.4214,0.4306,70206.0,2026-05-23 03:59:59.999000+00:00,1
2026-05-23 04:00:00+00:00,0.431,0.4321,0.4107,0.4145,72345.0,2026-05-23 07:59:59.999000+00:00,1
2026-05-23 08:00:00+00:00,0.4147,0.4163,0.4081,0.4137,71144.0,2026-05-23 11:59:59.999000+00:00,1
2026-05-23 12:00:00+00:00,0.4136,0.4325,0.4117,0.432,66057.0,2026-05-23 15:59:59.999000+00:00,1
2026-05-23 16:00:00+00:00,0.4321,0.4428,0.428,0.4425,70825.0,2026-05-23 19:59:59.999000+00:00,1
2026-05-23 20:00:00+00:00,0.4425,0.465,0.44,0.4487,133342.0,2026-05-23 23:59:59.999000+00:00,1
2026-05-24 00:00:00+00:00,0.4487,0.4488,0.4421,0.4427,39689.0,2026-05-24 03:59:59.999000+00:00,1
2026-05-24 04:00:00+00:00,0.4428,0.4474,0.4389,0.4436,56379.0,2026-05-24 07:59:59.999000+00:00,1
2026-05-24 08:00:00+00:00,0.4438,0.4555,0.4424,0.4524,63528.0,2026-05-24 11:59:59.999000+00:00,1
2026-05-24 12:00:00+00:00,0.4529,0.4531,0.4321,0.4354,77177.0,2026-05-24 15:59:59.999000+00:00,1
2026-05-24 16:00:00+00:00,0.4356,0.4404,0.4344,0.4378,30333.0,2026-05-24 19:59:59.999000+00:00,1
2026-05-24 20:00:00+00:00,0.4382,0.44,0.4259,0.437,90848.0,2026-05-24 23:59:59.999000+00:00,1
2026-05-25 00:00:00+00:00,0.4373,0.4415,0.4354,0.4393,38673.0,2026-05-25 03:59:59.999000+00:00,1
2026-05-25 04:00:00+00:00,0.4394,0.4453,0.4368,0.4434,60090.0,2026-05-25 07:59:59.999000+00:00,1
2026-05-25 08:00:00+00:00,0.4435,0.4505,0.4361,0.4386,92231.0,2026-05-25 11:59:59.999000+00:00,1
2026-05-25 12:00:00+00:00,0.4386,0.4386,0.4282,0.4354,133211.0,2026-05-25 15:59:59.999000+00:00,1
2026-05-25 16:00:00+00:00,0.4354,0.4497,0.4348,0.4411,63956.0,2026-05-25 19:59:59.999000+00:00,1
2026-05-25 20:00:00+00:00,0.4412,0.4424,0.432,0.4351,36176.0,2026-05-25 23:59:59.999000+00:00,1
2026-05-26 00:00:00+00:00,0.4355,0.4359,0.4247,0.4268,34473.0,2026-05-26 03:59:59.999000+00:00,1
2026-05-26 04:00:00+00:00,0.4269,0.4428,0.4254,0.4372,60456.0,2026-05-26 07:59:59.999000+00:00,1
2026-05-26 08:00:00+00:00,0.437,0.4502,0.4365,0.4446,67968.0,2026-05-26 11:59:59.999000+00:00,1
2026-05-26 12:00:00+00:00,0.4447,0.4568,0.4364,0.4393,101227.0,2026-05-26 15:59:59.999000+00:00,1
2026-05-26 16:00:00+00:00,0.4392,0.4454,0.4292,0.4324,88758.0,2026-05-26 19:59:59.999000+00:00,1
2026-05-26 20:00:00+00:00,0.4327,0.4338,0.4276,0.4304,32470.0,2026-05-26 23:59:59.999000+00:00,1
2026-05-27 00:00:00+00:00,0.4307,0.4348,0.4268,0.4284,33776.0,2026-05-27 03:59:59.999000+00:00,1
2026-05-27 04:00:00+00:00,0.4283,0.4289,0.4206,0.4278,38227.0,2026-05-27 07:59:59.999000+00:00,1
2026-05-27 08:00:00+00:00,0.4279,0.4385,0.4255,0.4312,80179.0,2026-05-27 11:59:59.999000+00:00,1
2026-05-27 12:00:00+00:00,0.4312,0.4375,0.4226,0.4314,85529.0,2026-05-27 15:59:59.999000+00:00,1
2026-05-27 16:00:00+00:00,0.4315,0.4327,0.4232,0.4287,57011.0,2026-05-27 19:59:59.999000+00:00,1
2026-05-27 20:00:00+00:00,0.429,0.4319,0.4133,0.416,75994.0,2026-05-27 23:59:59.999000+00:00,1
2026-05-28 00:00:00+00:00,0.4156,0.4166,0.3991,0.401,72607.0,2026-05-28 03:59:59.999000+00:00,1
2026-05-28 04:00:00+00:00,0.4008,0.4044,0.3954,0.4038,56957.0,2026-05-28 07:59:59.999000+00:00,1
2026-05-28 08:00:00+00:00,0.4037,0.4132,0.4001,0.4119,68863.0,2026-05-28 11:59:59.999000+00:00,1
2026-05-28 12:00:00+00:00,0.4119,0.4137,0.4012,0.4072,87218.0,2026-05-28 15:59:59.999000+00:00,1
2026-05-28 16:00:00+00:00,0.407,0.4139,0.4046,0.4116,43988.0,2026-05-28 19:59:59.999000+00:00,1
2026-05-28 20:00:00+00:00,0.4116,0.4186,0.41,0.4124,51230.0,2026-05-28 23:59:59.999000+00:00,1
2026-05-29 00:00:00+00:00,0.4124,0.417,0.4083,0.4084,33226.0,2026-05-29 03:59:59.999000+00:00,1
2026-05-29 04:00:00+00:00,0.4085,0.4179,0.4069,0.4131,34220.0,2026-05-29 07:59:59.999000+00:00,1
2026-05-29 08:00:00+00:00,0.4131,0.4165,0.4095,0.4109,24302.0,2026-05-29 11:59:59.999000+00:00,1
2026-05-29 12:00:00+00:00,0.4106,0.4234,0.4006,0.4181,66772.0,2026-05-29 15:59:59.999000+00:00,1
2026-05-29 16:00:00+00:00,0.4182,0.4235,0.4121,0.416,66497.0,2026-05-29 19:59:59.999000+00:00,1
2026-05-29 20:00:00+00:00,0.4164,0.4198,0.413,0.4149,27587.0,2026-05-29 23:59:59.999000+00:00,1
2026-05-30 00:00:00+00:00,0.4151,0.4174,0.4135,0.4139,26354.0,2026-05-30 03:59:59.999000+00:00,1
2026-05-30 04:00:00+00:00,0.4139,0.4174,0.4098,0.4144,34053.0,2026-05-30 07:59:59.999000+00:00,1
2026-05-30 08:00:00+00:00,0.4145,0.4181,0.4133,0.4164,11989.0,2026-05-30 11:59:59.999000+00:00,1
2026-05-30 12:00:00+00:00,0.4168,0.4254,0.4159,0.4208,32873.0,2026-05-30 15:59:59.999000+00:00,1
2026-05-30 16:00:00+00:00,0.4209,0.4259,0.4199,0.4222,46602.0,2026-05-30 19:59:59.999000+00:00,1
2026-05-30 20:00:00+00:00,0.4229,0.4229,0.4171,0.4186,26889.0,2026-05-30 23:59:59.999000+00:00,1
2026-05-31 00:00:00+00:00,0.4191,0.4236,0.4184,0.4226,18165.0,2026-05-31 03:59:59.999000+00:00,1
2026-05-31 04:00:00+00:00,0.4229,0.4237,0.4183,0.4195,16682.0,2026-05-31 07:59:59.999000+00:00,1
2026-05-31 08:00:00+00:00,0.4198,0.4217,0.4167,0.4197,10931.0,2026-05-31 11:59:59.999000+00:00,1
2026-05-31 12:00:00+00:00,0.4201,0.422,0.4111,0.4118,37302.0,2026-05-31 15:59:59.999000+00:00,1
2026-05-31 16:00:00+00:00,0.4118,0.4123,0.4061,0.4076,45059.0,2026-05-31 19:59:59.999000+00:00,1
2026-05-31 20:00:00+00:00,0.4076,0.4163,0.4076,0.4124,39872.0,2026-05-31 23:59:59.999000+00:00,1
2026-06-01 00:00:00+00:00,0.4127,0.4204,0.4098,0.4164,93130.0,2026-06-01 03:59:59.999000+00:00,1
2026-06-01 04:00:00+00:00,0.4166,0.418,0.4053,0.4065,41472.0,2026-06-01 07:59:59.999000+00:00,1
2026-06-01 08:00:00+00:00,0.4067,0.4074,0.402,0.4027,52269.0,2026-06-01 11:59:59.999000+00:00,1
2026-06-01 12:00:00+00:00,0.403,0.4039,0.3899,0.395,115147.0,2026-06-01 15:59:59.999000+00:00,1
2026-06-01 16:00:00+00:00,0.395,0.4061,0.391,0.405,61866.0,2026-06-01 19:59:59.999000+00:00,1
2026-06-01 20:00:00+00:00,0.4052,0.4058,0.3983,0.4033,27265.0,2026-06-01 23:59:59.999000+00:00,1
2026-06-02 00:00:00+00:00,0.4034,0.4034,0.3917,0.402,35751.0,2026-06-02 03:59:59.999000+00:00,1
2026-06-02 04:00:00+00:00,0.4023,0.4027,0.3924,0.3941,24266.0,2026-06-02 07:59:59.999000+00:00,1
2026-06-02 08:00:00+00:00,0.3944,0.3946,0.3853,0.3886,45886.0,2026-06-02 11:59:59.999000+00:00,1
2026-06-02 12:00:00+00:00,0.3886,0.3893,0.3694,0.3738,115843.0,2026-06-02 15:59:59.999000+00:00,1
2026-06-02 16:00:00+00:00,0.3736,0.3843,0.3688,0.3758,139225.0,2026-06-02 19:59:59.999000+00:00,1
2026-06-02 20:00:00+00:00,0.3756,0.3839,0.3657,0.3721,143858.0,2026-06-02 23:59:59.999000+00:00,1
2026-06-03 00:00:00+00:00,0.3722,0.3758,0.3629,0.3644,100342.0,2026-06-03 03:59:59.999000+00:00,1
2026-06-03 04:00:00+00:00,0.3644,0.3815,0.3644,0.3801,69249.0,2026-06-03 07:59:59.999000+00:00,1
2026-06-03 08:00:00+00:00,0.3801,0.3828,0.3763,0.3782,43631.0,2026-06-03 11:59:59.999000+00:00,1
2026-06-03 12:00:00+00:00,0.3783,0.3803,0.3721,0.3724,80046.0,2026-06-03 15:59:59.999000+00:00,1
2026-06-03 16:00:00+00:00,0.3725,0.374,0.365,0.3668,96668.0,2026-06-03 19:59:59.999000+00:00,1
2026-06-03 20:00:00+00:00,0.3666,0.3786,0.3585,0.3666,104428.0,2026-06-03 23:59:59.999000+00:00,1
2026-06-04 00:00:00+00:00,0.3668,0.3695,0.3396,0.3637,204726.0,2026-06-04 03:59:59.999000+00:00,1
2026-06-04 04:00:00+00:00,0.3637,0.3668,0.3551,0.3576,53354.0,2026-06-04 07:59:59.999000+00:00,1
2026-06-04 08:00:00+00:00,0.3578,0.36,0.3488,0.3545,81684.0,2026-06-04 11:59:59.999000+00:00,1
2026-06-04 12:00:00+00:00,0.3549,0.3761,0.3528,0.3674,109630.0,2026-06-04 15:59:59.999000+00:00,1
2026-06-04 16:00:00+00:00,0.3671,0.3675,0.3596,0.3647,48505.0,2026-06-04 19:59:59.999000+00:00,1
2026-06-04 20:00:00+00:00,0.3647,0.3648,0.3505,0.3563,69237.0,2026-06-04 23:59:59.999000+00:00,1
2026-06-05 00:00:00+00:00,0.3562,0.3564,0.3428,0.3435,55981.0,2026-06-05 03:59:59.999000+00:00,1
2026-06-05 04:00:00+00:00,0.3437,0.3478,0.3269,0.3426,186115.0,2026-06-05 07:59:59.999000+00:00,1
2026-06-05 08:00:00+00:00,0.3427,0.3431,0.3331,0.3337,73104.0,2026-06-05 11:59:59.999000+00:00,1
2026-06-05 12:00:00+00:00,0.3335,0.3395,0.3203,0.3227,149587.0,2026-06-05 15:59:59.999000+00:00,1
2026-06-05 16:00:00+00:00,0.3222,0.3288,0.3057,0.3147,185260.0,2026-06-05 19:59:59.999000+00:00,1
2026-06-05 20:00:00+00:00,0.3148,0.3269,0.3117,0.3198,78581.0,2026-06-05 23:59:59.999000+00:00,1
2026-06-06 00:00:00+00:00,0.3199,0.3238,0.3161,0.3163,48156.0,2026-06-06 03:59:59.999000+00:00,1
2026-06-06 04:00:00+00:00,0.316,0.3202,0.3042,0.3187,126919.0,2026-06-06 07:59:59.999000+00:00,1
2026-06-06 08:00:00+00:00,0.3187,0.3238,0.3122,0.3186,53177.0,2026-06-06 11:59:59.999000+00:00,1
2026-06-06 12:00:00+00:00,0.3188,0.3219,0.3158,0.3189,41228.0,2026-06-06 15:59:59.999000+00:00,1
2026-06-06 16:00:00+00:00,0.3185,0.3203,0.3144,0.3146,23889.0,2026-06-06 19:59:59.999000+00:00,1
2026-06-06 20:00:00+00:00,0.3146,0.3186,0.3138,0.3181,19817.0,2026-06-06 23:59:59.999000+00:00,1
2026-06-07 00:00:00+00:00,0.3182,0.3272,0.3169,0.3266,36751.0,2026-06-07 03:59:59.999000+00:00,1
2026-06-07 04:00:00+00:00,0.3267,0.3311,0.3244,0.3302,41918.0,2026-06-07 07:59:59.999000+00:00,1
2026-06-07 08:00:00+00:00,0.3302,0.3356,0.3286,0.3316,50150.0,2026-06-07 11:59:59.999000+00:00,1
2026-06-07 12:00:00+00:00,0.3316,0.3333,0.3245,0.3299,51539.0,2026-06-07 15:59:59.999000+00:00,1
2026-06-07 16:00:00+00:00,0.3301,0.3317,0.3217,0.323,40985.0,2026-06-07 19:59:59.999000+00:00,1
2026-06-07 20:00:00+00:00,0.3228,0.3418,0.3221,0.3359,67153.0,2026-06-07 23:59:59.999000+00:00,1
2026-06-08 00:00:00+00:00,0.3361,0.3445,0.3322,0.3361,72364.0,2026-06-08 03:59:59.999000+00:00,1
2026-06-08 04:00:00+00:00,0.3361,0.3371,0.3294,0.3363,48771.0,2026-06-08 07:59:59.999000+00:00,1
2026-06-08 08:00:00+00:00,0.3362,0.3421,0.3322,0.3402,46981.0,2026-06-08 11:59:59.999000+00:00,1
2026-06-08 12:00:00+00:00,0.3398,0.3495,0.3352,0.3469,84294.0,2026-06-08 15:59:59.999000+00:00,1
2026-06-08 16:00:00+00:00,0.3469,0.3523,0.3437,0.3439,64378.0,2026-06-08 19:59:59.999000+00:00,1
2026-06-08 20:00:00+00:00,0.3441,0.3474,0.3397,0.3407,36018.0,2026-06-08 23:59:59.999000+00:00,1
2026-06-09 00:00:00+00:00,0.3408,0.3408,0.3329,0.3372,66262.0,2026-06-09 03:59:59.999000+00:00,1
2026-06-09 04:00:00+00:00,0.3367,0.344,0.3351,0.3402,33822.0,2026-06-09 07:59:59.999000+00:00,1
2026-06-09 08:00:00+00:00,0.34,0.3403,0.3358,0.3382,30967.0,2026-06-09 11:59:59.999000+00:00,1
2026-06-09 12:00:00+00:00,0.3381,0.3402,0.3288,0.3293,75730.0,2026-06-09 15:59:59.999000+00:00,1
2026-06-09 16:00:00+00:00,0.329,0.3353,0.3251,0.3339,57674.0,2026-06-09 19:59:59.999000+00:00,1
2026-06-09 20:00:00+00:00,0.3339,0.337,0.3299,0.3308,29319.0,2026-06-09 23:59:59.999000+00:00,1
2026-06-10 00:00:00+00:00,0.3308,0.3335,0.3269,0.3292,34712.0,2026-06-10 03:59:59.999000+00:00,1
2026-06-10 04:00:00+00:00,0.3292,0.3319,0.3254,0.331,26693.0,2026-06-10 07:59:59.999000+00:00,1
2026-06-10 08:00:00+00:00,0.331,0.3323,0.324,0.3314,62231.0,2026-06-10 11:59:59.999000+00:00,1
2026-06-10 12:00:00+00:00,0.3313,0.3429,0.3299,0.3408,98067.0,2026-06-10 15:59:59.999000+00:00,1
2026-06-10 16:00:00+00:00,0.3406,0.3412,0.3318,0.3335,39468.0,2026-06-10 19:59:59.999000+00:00,1
2026-06-10 20:00:00+00:00,0.3333,0.3335,0.3256,0.3304,65464.0,2026-06-10 23:59:59.999000+00:00,1
2026-06-11 00:00:00+00:00,0.3304,0.3404,0.3304,0.3393,52560.0,2026-06-11 03:59:59.999000+00:00,1
2026-06-11 04:00:00+00:00,0.3394,0.342,0.337,0.3401,52968.0,2026-06-11 07:59:59.999000+00:00,1
2026-06-11 08:00:00+00:00,0.3402,0.3473,0.3401,0.346,47572.0,2026-06-11 11:59:59.999000+00:00,1
2026-06-11 12:00:00+00:00,0.3461,0.3472,0.3384,0.3413,86011.0,2026-06-11 15:59:59.999000+00:00,1
2026-06-11 16:00:00+00:00,0.3416,0.353,0.3385,0.3496,114841.0,2026-06-11 19:59:59.999000+00:00,1
2026-06-11 20:00:00+00:00,0.3496,0.3607,0.3461,0.3591,69862.0,2026-06-11 23:59:59.999000+00:00,1
2026-06-12 00:00:00+00:00,0.3592,0.3614,0.3507,0.3523,33577.0,2026-06-12 03:59:59.999000+00:00,1
2026-06-12 04:00:00+00:00,0.3523,0.355,0.3459,0.3523,56255.0,2026-06-12 07:59:59.999000+00:00,1
2026-06-12 08:00:00+00:00,0.3523,0.3619,0.3522,0.3593,48174.0,2026-06-12 11:59:59.999000+00:00,1
2026-06-12 12:00:00+00:00,0.3592,0.3633,0.3523,0.3561,46149.0,2026-06-12 15:59:59.999000+00:00,1
2026-06-12 16:00:00+00:00,0.356,0.3616,0.3552,0.3568,23602.0,2026-06-12 19:59:59.999000+00:00,1
2026-06-12 20:00:00+00:00,0.3567,0.3588,0.3551,0.3576,10938.0,2026-06-12 23:59:59.999000+00:00,1
2026-06-13 00:00:00+00:00,0.3577,0.3608,0.3558,0.3561,18272.0,2026-06-13 03:59:59.999000+00:00,1
2026-06-13 04:00:00+00:00,0.356,0.3606,0.354,0.3598,43707.0,2026-06-13 07:59:59.999000+00:00,1
2026-06-13 08:00:00+00:00,0.3599,0.3672,0.3596,0.3645,38153.0,2026-06-13 11:59:59.999000+00:00,1
2026-06-13 12:00:00+00:00,0.3644,0.3685,0.3636,0.3668,21112.0,2026-06-13 15:59:59.999000+00:00,1
2026-06-13 16:00:00+00:00,0.3667,0.3674,0.3575,0.3584,42310.0,2026-06-13 19:59:59.999000+00:00,1
2026-06-13 20:00:00+00:00,0.3584,0.3633,0.3565,0.36,35019.0,2026-06-13 23:59:59.999000+00:00,1
2026-06-14 00:00:00+00:00,0.3601,0.3681,0.3588,0.3672,31588.0,2026-06-14 03:59:59.999000+00:00,1
2026-06-14 04:00:00+00:00,0.3672,0.3712,0.36,0.3617,48136.0,2026-06-14 07:59:59.999000+00:00,1
2026-06-14 08:00:00+00:00,0.3613,0.3623,0.3574,0.3579,24564.0,2026-06-14 11:59:59.999000+00:00,1
2026-06-14 12:00:00+00:00,0.3578,0.3578,0.3516,0.3543,44068.0,2026-06-14 15:59:59.999000+00:00,1
2026-06-14 16:00:00+00:00,0.3542,0.3545,0.3485,0.353,25544.0,2026-06-14 19:59:59.999000+00:00,1
2026-06-14 20:00:00+00:00,0.353,0.3776,0.3527,0.3776,61502.0,2026-06-14 23:59:59.999000+00:00,1
2026-06-15 00:00:00+00:00,0.3775,0.3804,0.3735,0.3791,47341.0,2026-06-15 03:59:59.999000+00:00,1
2026-06-15 04:00:00+00:00,0.3793,0.3986,0.3782,0.3881,125898.0,2026-06-15 07:59:59.999000+00:00,1
2026-06-15 08:00:00+00:00,0.3881,0.4146,0.3876,0.4129,134807.0,2026-06-15 11:59:59.999000+00:00,1
2026-06-15 12:00:00+00:00,0.4127,0.4368,0.4124,0.429,241254.0,2026-06-15 15:59:59.999000+00:00,1
2026-06-15 16:00:00+00:00,0.4294,0.4398,0.4198,0.4288,115329.0,2026-06-15 19:59:59.999000+00:00,1
2026-06-15 20:00:00+00:00,0.4292,0.4424,0.4237,0.4266,143839.0,2026-06-15 23:59:59.999000+00:00,1
2026-06-16 00:00:00+00:00,0.4269,0.4304,0.4127,0.4245,100467.0,2026-06-16 03:59:59.999000+00:00,1
2026-06-16 04:00:00+00:00,0.4245,0.4501,0.4242,0.4478,120739.0,2026-06-16 07:59:59.999000+00:00,1
2026-06-16 08:00:00+00:00,0.448,0.4739,0.444,0.4697,190178.0,2026-06-16 11:59:59.999000+00:00,1
2026-06-16 12:00:00+00:00,0.4699,0.5056,0.4474,0.4892,624600.0,2026-06-16 15:59:59.999000+00:00,1
2026-06-16 16:00:00+00:00,0.4891,0.5037,0.4526,0.4591,603798.0,2026-06-16 19:59:59.999000+00:00,1
2026-06-16 20:00:00+00:00,0.4593,0.4818,0.459,0.4701,151707.0,2026-06-16 23:59:59.999000+00:00,1
2026-06-17 00:00:00+00:00,0.4707,0.491,0.467,0.4871,124812.0,2026-06-17 03:59:59.999000+00:00,1
2026-06-17 04:00:00+00:00,0.4874,0.5036,0.4789,0.4948,163261.0,2026-06-17 07:59:59.999000+00:00,1
2026-06-17 08:00:00+00:00,0.4949,0.5115,0.4812,0.492,357529.0,2026-06-17 11:59:59.999000+00:00,1
2026-06-17 12:00:00+00:00,0.4921,0.5218,0.4853,0.5067,459353.0,2026-06-17 15:59:59.999000+00:00,1
2026-06-17 16:00:00+00:00,0.5066,0.5252,0.473,0.4764,485521.0,2026-06-17 19:59:59.999000+00:00,1
2026-06-17 20:00:00+00:00,0.4761,0.48,0.4354,0.4398,492505.0,2026-06-17 23:59:59.999000+00:00,1
2026-06-18 00:00:00+00:00,0.4399,0.4514,0.4318,0.4422,222014.0,2026-06-18 03:59:59.999000+00:00,1
2026-06-18 04:00:00+00:00,0.4422,0.4605,0.4321,0.4588,198638.0,2026-06-18 07:59:59.999000+00:00,1
2026-06-18 08:00:00+00:00,0.4586,0.4736,0.4541,0.4668,254205.0,2026-06-18 11:59:59.999000+00:00,1
2026-06-18 12:00:00+00:00,0.4669,0.485,0.4244,0.426,428580.0,2026-06-18 15:59:59.999000+00:00,1
2026-06-18 16:00:00+00:00,0.4259,0.4444,0.4256,0.4433,125859.0,2026-06-18 19:59:59.999000+00:00,1
2026-06-18 20:00:00+00:00,0.4433,0.4478,0.4369,0.4428,58797.0,2026-06-18 23:59:59.999000+00:00,1
2026-06-19 00:00:00+00:00,0.4429,0.4429,0.427,0.433,56653.0,2026-06-19 03:59:59.999000+00:00,1
2026-06-19 04:00:00+00:00,0.4327,0.4423,0.4281,0.4336,88017.0,2026-06-19 07:59:59.999000+00:00,1
2026-06-19 08:00:00+00:00,0.4336,0.4614,0.4333,0.4548,297655.0,2026-06-19 11:59:59.999000+00:00,1
2026-06-19 12:00:00+00:00,0.455,0.4841,0.4441,0.4794,305434.0,2026-06-19 15:59:59.999000+00:00,1
2026-06-19 16:00:00+00:00,0.4792,0.499,0.4709,0.4903,349150.0,2026-06-19 19:59:59.999000+00:00,1
2026-06-19 20:00:00+00:00,0.4901,0.4914,0.4727,0.4805,203636.0,2026-06-19 23:59:59.999000+00:00,1
2026-06-20 00:00:00+00:00,0.4803,0.4988,0.4739,0.4966,191411.0,2026-06-20 03:59:59.999000+00:00,1
2026-06-20 04:00:00+00:00,0.4966,0.5005,0.4842,0.4886,153069.0,2026-06-20 07:59:59.999000+00:00,1
2026-06-20 08:00:00+00:00,0.4889,0.4994,0.4855,0.4891,92188.0,2026-06-20 11:59:59.999000+00:00,1
2026-06-20 12:00:00+00:00,0.4891,0.5312,0.4801,0.5303,448851.0,2026-06-20 15:59:59.999000+00:00,1
2026-06-20 16:00:00+00:00,0.5304,0.5492,0.5209,0.5344,255622.0,2026-06-20 19:59:59.999000+00:00,1
2026-06-20 20:00:00+00:00,0.5343,0.5591,0.5332,0.551,226234.0,2026-06-20 23:59:59.999000+00:00,1
2026-06-21 00:00:00+00:00,0.5509,0.5562,0.5415,0.5542,131664.0,2026-06-21 03:59:59.999000+00:00,1
2026-06-21 04:00:00+00:00,0.5542,0.5566,0.5358,0.5372,128945.0,2026-06-21 07:59:59.999000+00:00,1
2026-06-21 08:00:00+00:00,0.5372,0.5464,0.5286,0.5415,79257.0,2026-06-21 11:59:59.999000+00:00,1
2026-06-21 12:00:00+00:00,0.5412,0.5478,0.5361,0.5437,75690.0,2026-06-21 15:59:59.999000+00:00,1
2026-06-21 16:00:00+00:00,0.5436,0.5443,0.5289,0.5357,100651.0,2026-06-21 19:59:59.999000+00:00,1
2026-06-21 20:00:00+00:00,0.5359,0.5366,0.5073,0.511,192869.0,2026-06-21 23:59:59.999000+00:00,1
2026-06-22 00:00:00+00:00,0.5113,0.5299,0.5109,0.5151,108467.0,2026-06-22 03:59:59.999000+00:00,1
2026-06-22 04:00:00+00:00,0.5152,0.536,0.5051,0.527,156896.0,2026-06-22 07:59:59.999000+00:00,1
2026-06-22 08:00:00+00:00,0.5271,0.5356,0.5212,0.5348,101980.0,2026-06-22 11:59:59.999000+00:00,1
2026-06-22 12:00:00+00:00,0.5345,0.5599,0.5279,0.548,276232.0,2026-06-22 15:59:59.999000+00:00,1
2026-06-22 16:00:00+00:00,0.548,0.5627,0.5328,0.5544,236788.0,2026-06-22 19:59:59.999000+00:00,1
2026-06-22 20:00:00+00:00,0.5546,0.5595,0.5392,0.5438,122136.0,2026-06-22 23:59:59.999000+00:00,1
2026-06-23 00:00:00+00:00,0.5437,0.5778,0.5355,0.5778,192001.0,2026-06-23 03:59:59.999000+00:00,1
2026-06-23 04:00:00+00:00,0.5775,0.582,0.5268,0.5326,284889.0,2026-06-23 07:59:59.999000+00:00,1
2026-06-23 08:00:00+00:00,0.5332,0.5351,0.5119,0.5254,269008.0,2026-06-23 11:59:59.999000+00:00,1
2026-06-23 12:00:00+00:00,0.5251,0.5261,0.5021,0.5068,184255.0,2026-06-23 15:59:59.999000+00:00,1
2026-06-23 16:00:00+00:00,0.5068,0.5144,0.5009,0.5024,158128.0,2026-06-23 19:59:59.999000+00:00,1
2026-06-23 20:00:00+00:00,0.5027,0.5092,0.4973,0.508,99583.0,2026-06-23 23:59:59.999000+00:00,1
2026-06-24 00:00:00+00:00,0.508,0.5236,0.5015,0.5049,189512.0,2026-06-24 03:59:59.999000+00:00,1
2026-06-24 04:00:00+00:00,0.505,0.5347,0.4995,0.5247,189448.0,2026-06-24 07:59:59.999000+00:00,1
2026-06-24 08:00:00+00:00,0.5248,0.5257,0.5038,0.5167,114637.0,2026-06-24 11:59:59.999000+00:00,1
2026-06-24 12:00:00+00:00,0.5168,0.5236,0.4863,0.4879,253872.0,2026-06-24 15:59:59.999000+00:00,1
2026-06-24 16:00:00+00:00,0.4875,0.4987,0.4747,0.4836,288642.0,2026-06-24 19:59:59.999000+00:00,1
2026-06-24 20:00:00+00:00,0.4838,0.5225,0.4825,0.5125,288324.0,2026-06-24 23:59:59.999000+00:00,1
2026-06-25 00:00:00+00:00,0.5127,0.5143,0.4953,0.4984,147198.0,2026-06-25 03:59:59.999000+00:00,1
2026-06-25 04:00:00+00:00,0.4985,0.5316,0.4969,0.5303,211235.0,2026-06-25 07:59:59.999000+00:00,1
2026-06-25 08:00:00+00:00,0.5303,0.5384,0.5066,0.5079,225361.0,2026-06-25 11:59:59.999000+00:00,1
2026-06-25 12:00:00+00:00,0.5079,0.5121,0.4609,0.4813,355951.0,2026-06-25 15:59:59.999000+00:00,1
2026-06-25 16:00:00+00:00,0.4813,0.4922,0.4677,0.4704,221175.0,2026-06-25 19:59:59.999000+00:00,1
2026-06-25 20:00:00+00:00,0.4706,0.4868,0.4706,0.4763,81845.0,2026-06-25 23:59:59.999000+00:00,1
2026-06-26 00:00:00+00:00,0.4764,0.4846,0.4624,0.4736,168844.0,2026-06-26 03:59:59.999000+00:00,1
2026-06-26 04:00:00+00:00,0.4735,0.486,0.4657,0.4789,111724.0,2026-06-26 07:59:59.999000+00:00,1
2026-06-26 08:00:00+00:00,0.4793,0.4794,0.4572,0.4606,100633.0,2026-06-26 11:59:59.999000+00:00,1
2026-06-26 12:00:00+00:00,0.4608,0.4963,0.4539,0.4868,211135.0,2026-06-26 15:59:59.999000+00:00,1
2026-06-26 16:00:00+00:00,0.487,0.4908,0.4757,0.4773,119920.0,2026-06-26 19:59:59.999000+00:00,1
2026-06-26 20:00:00+00:00,0.4774,0.4829,0.4706,0.4726,56617.0,2026-06-26 23:59:59.999000+00:00,1
2026-06-27 00:00:00+00:00,0.4726,0.4797,0.4662,0.4745,59704.0,2026-06-27 03:59:59.999000+00:00,1
2026-06-27 04:00:00+00:00,0.4743,0.479,0.4695,0.4702,47398.0,2026-06-27 07:59:59.999000+00:00,1
2026-06-27 08:00:00+00:00,0.4704,0.477,0.4665,0.4722,58963.0,2026-06-27 11:59:59.999000+00:00,1
2026-06-27 12:00:00+00:00,0.4722,0.4831,0.4712,0.4796,66830.0,2026-06-27 15:59:59.999000+00:00,1
2026-06-27 16:00:00+00:00,0.4796,0.4801,0.4658,0.4669,57192.0,2026-06-27 19:59:59.999000+00:00,1
2026-06-27 20:00:00+00:00,0.467,0.471,0.4597,0.4609,49453.0,2026-06-27 23:59:59.999000+00:00,1
2026-06-28 00:00:00+00:00,0.4609,0.4699,0.46,0.4632,58992.0,2026-06-28 03:59:59.999000+00:00,1
2026-06-28 04:00:00+00:00,0.4636,0.4721,0.4624,0.468,55400.0,2026-06-28 07:59:59.999000+00:00,1
2026-06-28 08:00:00+00:00,0.4682,0.4757,0.4659,0.4694,46876.0,2026-06-28 11:59:59.999000+00:00,1
2026-06-28 12:00:00+00:00,0.4693,0.497,0.4683,0.4831,138926.0,2026-06-28 15:59:59.999000+00:00,1
2026-06-28 16:00:00+00:00,0.4832,0.4887,0.472,0.4726,87963.0,2026-06-28 19:59:59.999000+00:00,1
2026-06-28 20:00:00+00:00,0.4725,0.4833,0.4693,0.4798,72300.0,2026-06-28 23:59:59.999000+00:00,1
2026-06-29 00:00:00+00:00,0.4798,0.4808,0.468,0.4757,88817.0,2026-06-29 03:59:59.999000+00:00,1
2026-06-29 04:00:00+00:00,0.4758,0.479,0.4673,0.4742,37181.0,2026-06-29 07:59:59.999000+00:00,1
2026-06-29 08:00:00+00:00,0.474,0.4754,0.4663,0.4681,47138.0,2026-06-29 11:59:59.999000+00:00,1
2026-06-29 12:00:00+00:00,0.4683,0.4809,0.4586,0.4678,152069.0,2026-06-29 15:59:59.999000+00:00,1
2026-06-29 16:00:00+00:00,0.4678,0.4784,0.4639,0.4656,93403.0,2026-06-29 19:59:59.999000+00:00,1
2026-06-29 20:00:00+00:00,0.4659,0.466,0.4566,0.4576,58832.0,2026-06-29 23:59:59.999000+00:00,1
2026-06-30 00:00:00+00:00,0.4572,0.464,0.4491,0.462,88933.0,2026-06-30 03:59:59.999000+00:00,1
2026-06-30 04:00:00+00:00,0.4618,0.4706,0.4608,0.4634,66789.0,2026-06-30 07:59:59.999000+00:00,1
2026-06-30 08:00:00+00:00,0.4635,0.4659,0.4565,0.4569,90536.0,2026-06-30 11:59:59.999000+00:00,1
2026-06-30 12:00:00+00:00,0.4568,0.4746,0.4508,0.4647,101482.0,2026-06-30 15:59:59.999000+00:00,1
2026-06-30 16:00:00+00:00,0.4648,0.4735,0.4612,0.4669,81531.0,2026-06-30 19:59:59.999000+00:00,1
2026-06-30 20:00:00+00:00,0.4664,0.4824,0.466,0.4768,94644.0,2026-06-30 23:59:59.999000+00:00,1
2026-07-01 00:00:00+00:00,0.4772,0.4833,0.4663,0.4813,101683.0,2026-07-01 03:59:59.999000+00:00,1
2026-07-01 04:00:00+00:00,0.4812,0.4825,0.4718,0.4739,48604.0,2026-07-01 07:59:59.999000+00:00,1
2026-07-01 08:00:00+00:00,0.4738,0.4767,0.47,0.4721,30644.0,2026-07-01 11:59:59.999000+00:00,1
2026-07-01 12:00:00+00:00,0.4719,0.4984,0.4679,0.4901,163310.0,2026-07-01 15:59:59.999000+00:00,1
2026-07-01 16:00:00+00:00,0.49,0.4928,0.4697,0.4712,107032.0,2026-07-01 19:59:59.999000+00:00,1
2026-07-01 20:00:00+00:00,0.4712,0.4831,0.4688,0.469,71237.0,2026-07-01 23:59:59.999000+00:00,1
2026-07-02 00:00:00+00:00,0.4688,0.4835,0.4625,0.4824,65655.0,2026-07-02 03:59:59.999000+00:00,1
2026-07-02 04:00:00+00:00,0.4825,0.4834,0.475,0.4803,45853.0,2026-07-02 07:59:59.999000+00:00,1
2026-07-02 08:00:00+00:00,0.4805,0.5142,0.48,0.5066,116538.0,2026-07-02 11:59:59.999000+00:00,1
2026-07-02 12:00:00+00:00,0.5063,0.5263,0.505,0.5054,192055.0,2026-07-02 15:59:59.999000+00:00,1
2026-07-02 16:00:00+00:00,0.5057,0.5084,0.5014,0.5047,53612.0,2026-07-02 19:59:59.999000+00:00,1
2026-07-02 20:00:00+00:00,0.5052,0.5185,0.5011,0.5174,81098.0,2026-07-02 23:59:59.999000+00:00,1
2026-07-03 00:00:00+00:00,0.5176,0.5186,0.5073,0.5088,49427.0,2026-07-03 03:59:59.999000+00:00,1
2026-07-03 04:00:00+00:00,0.509,0.5097,0.5045,0.5048,24084.0,2026-07-03 07:59:59.999000+00:00,1
2026-07-03 08:00:00+00:00,0.5046,0.5197,0.5038,0.5143,105525.0,2026-07-03 11:59:59.999000+00:00,1
2026-07-03 12:00:00+00:00,0.5146,0.5702,0.5142,0.57,234518.0,2026-07-03 15:59:59.999000+00:00,1
2026-07-03 16:00:00+00:00,0.5702,0.5757,0.5343,0.5501,349885.0,2026-07-03 19:59:59.999000+00:00,1
2026-07-03 20:00:00+00:00,0.55,0.5605,0.5493,0.5586,126871.0,2026-07-03 23:59:59.999000+00:00,1
2026-07-04 00:00:00+00:00,0.5584,0.5615,0.5444,0.5513,53040.0,2026-07-04 03:59:59.999000+00:00,1
2026-07-04 04:00:00+00:00,0.5516,0.5553,0.5442,0.5473,41004.0,2026-07-04 07:59:59.999000+00:00,1
2026-07-04 08:00:00+00:00,0.5473,0.5701,0.5468,0.562,150546.0,2026-07-04 11:59:59.999000+00:00,1
2026-07-04 12:00:00+00:00,0.5618,0.5956,0.5601,0.5842,160872.0,2026-07-04 15:59:59.999000+00:00,1
2026-07-04 16:00:00+00:00,0.5844,0.6015,0.5797,0.5892,110650.0,2026-07-04 19:59:59.999000+00:00,1
2026-07-04 20:00:00+00:00,0.5891,0.6005,0.5764,0.5843,47145.0,2026-07-04 23:59:59.999000+00:00,1
2026-07-05 00:00:00+00:00,0.5842,0.5854,0.5754,0.5782,55086.0,2026-07-05 03:59:59.999000+00:00,1
2026-07-05 04:00:00+00:00,0.5783,0.582,0.5669,0.5727,77186.0,2026-07-05 07:59:59.999000+00:00,1
2026-07-05 08:00:00+00:00,0.573,0.5784,0.553,0.5616,103884.0,2026-07-05 11:59:59.999000+00:00,1
2026-07-05 12:00:00+00:00,0.5619,0.5694,0.5606,0.5653,26048.0,2026-07-05 15:59:59.999000+00:00,1
2026-07-05 16:00:00+00:00,0.5653,0.5729,0.5583,0.5605,46043.0,2026-07-05 19:59:59.999000+00:00,1
2026-07-05 20:00:00+00:00,0.5606,0.5783,0.558,0.5667,76160.0,2026-07-05 23:59:59.999000+00:00,1
2026-07-06 00:00:00+00:00,0.5666,0.5765,0.5596,0.5722,96682.0,2026-07-06 03:59:59.999000+00:00,1
2026-07-06 04:00:00+00:00,0.5721,0.5737,0.5606,0.5646,38482.0,2026-07-06 07:59:59.999000+00:00,1
2026-07-06 08:00:00+00:00,0.5647,0.5708,0.5559,0.5605,47809.0,2026-07-06 11:59:59.999000+00:00,1
2026-07-06 12:00:00+00:00,0.5604,0.5716,0.5395,0.5703,207204.0,2026-07-06 15:59:59.999000+00:00,1
2026-07-06 16:00:00+00:00,0.5706,0.592,0.5689,0.5788,112061.0,2026-07-06 19:59:59.999000+00:00,1
2026-07-06 20:00:00+00:00,0.5787,0.5921,0.5765,0.5826,37487.0,2026-07-06 23:59:59.999000+00:00,1
2026-07-07 00:00:00+00:00,0.5828,0.5994,0.5811,0.5886,94406.0,2026-07-07 03:59:59.999000+00:00,1
2026-07-07 04:00:00+00:00,0.5893,0.5906,0.57,0.5812,87763.0,2026-07-07 07:59:59.999000+00:00,1
2026-07-07 08:00:00+00:00,0.5814,0.5999,0.5789,0.5999,46681.0,2026-07-07 11:59:59.999000+00:00,1
2026-07-07 12:00:00+00:00,0.5996,0.6096,0.5882,0.5996,130529.0,2026-07-07 15:59:59.999000+00:00,1
2026-07-07 16:00:00+00:00,0.5997,0.6036,0.5733,0.5837,144449.0,2026-07-07 19:59:59.999000+00:00,1
2026-07-07 20:00:00+00:00,0.5838,0.5844,0.5618,0.5631,58581.0,2026-07-07 23:59:59.999000+00:00,1
2026-07-08 00:00:00+00:00,0.5632,0.5691,0.549,0.5618,84806.0,2026-07-08 03:59:59.999000+00:00,1
2026-07-08 04:00:00+00:00,0.562,0.5652,0.5446,0.5466,63208.0,2026-07-08 07:59:59.999000+00:00,1
2026-07-08 08:00:00+00:00,0.5467,0.5491,0.5162,0.5259,133407.0,2026-07-08 11:59:59.999000+00:00,1
2026-07-08 12:00:00+00:00,0.526,0.5382,0.5182,0.52,137548.0,2026-07-08 15:59:59.999000+00:00,1
2026-07-08 16:00:00+00:00,0.5198,0.5349,0.5176,0.5287,50084.0,2026-07-08 19:59:59.999000+00:00,1
2026-07-08 20:00:00+00:00,0.5288,0.5324,0.5232,0.5233,31596.0,2026-07-08 23:59:59.999000+00:00,1
2026-07-09 00:00:00+00:00,0.5235,0.5344,0.5207,0.5241,39653.0,2026-07-09 03:59:59.999000+00:00,1
2026-07-09 04:00:00+00:00,0.5241,0.5464,0.524,0.5423,129335.0,2026-07-09 07:59:59.999000+00:00,1
2026-07-09 08:00:00+00:00,0.5426,0.5429,0.5255,0.5293,58106.0,2026-07-09 11:59:59.999000+00:00,1
2026-07-09 12:00:00+00:00,0.5292,0.5318,0.5211,0.5244,58500.0,2026-07-09 15:59:59.999000+00:00,1
2026-07-09 16:00:00+00:00,0.5243,0.5317,0.5214,0.5246,34575.0,2026-07-09 19:59:59.999000+00:00,1
2026-07-09 20:00:00+00:00,0.5251,0.5254,0.5182,0.5196,27224.0,2026-07-09 23:59:59.999000+00:00,1
2026-07-10 00:00:00+00:00,0.5196,0.5251,0.5129,0.5154,66518.0,2026-07-10 03:59:59.999000+00:00,1
2026-07-10 04:00:00+00:00,0.5159,0.5265,0.5124,0.5136,36272.0,2026-07-10 07:59:59.999000+00:00,1
2026-07-10 08:00:00+00:00,0.5137,0.5286,0.5134,0.5283,56264.0,2026-07-10 11:59:59.999000+00:00,1
2026-07-10 12:00:00+00:00,0.5284,0.5357,0.5056,0.5116,129639.0,2026-07-10 15:59:59.999000+00:00,1
2026-07-10 16:00:00+00:00,0.5115,0.5155,0.5047,0.5128,74131.0,2026-07-10 19:59:59.999000+00:00,1
2026-07-10 20:00:00+00:00,0.5124,0.5227,0.5096,0.5172,45678.0,2026-07-10 23:59:59.999000+00:00,1
2026-07-11 00:00:00+00:00,0.5172,0.5401,0.5135,0.5373,85275.0,2026-07-11 03:59:59.999000+00:00,1
2026-07-11 04:00:00+00:00,0.5374,0.54,0.5282,0.5322,59195.0,2026-07-11 07:59:59.999000+00:00,1
2026-07-11 08:00:00+00:00,0.5319,0.5339,0.5241,0.5309,49447.0,2026-07-11 11:59:59.999000+00:00,1
2026-07-11 12:00:00+00:00,0.531,0.5438,0.531,0.5342,63666.0,2026-07-11 15:59:59.999000+00:00,1
2026-07-11 16:00:00+00:00,0.5344,0.5421,0.5286,0.5335,59490.0,2026-07-11 19:59:59.999000+00:00,1
2026-07-11 20:00:00+00:00,0.5335,0.5407,0.5204,0.5206,49094.0,2026-07-11 23:59:59.999000+00:00,1
2026-07-12 00:00:00+00:00,0.5205,0.5229,0.5139,0.5212,45407.0,2026-07-12 03:59:59.999000+00:00,1
2026-07-12 04:00:00+00:00,0.5213,0.5244,0.5135,0.5192,43629.0,2026-07-12 07:59:59.999000+00:00,1
2026-07-12 08:00:00+00:00,0.5193,0.5225,0.5163,0.5179,27998.0,2026-07-12 11:59:59.999000+00:00,1
2026-07-12 12:00:00+00:00,0.5179,0.5234,0.5169,0.521,21556.0,2026-07-12 15:59:59.999000+00:00,1
2026-07-12 16:00:00+00:00,0.5214,0.5222,0.5156,0.5162,23161.0,2026-07-12 19:59:59.999000+00:00,1
2026-07-12 20:00:00+00:00,0.5166,0.5186,0.505,0.5083,62996.0,2026-07-12 23:59:59.999000+00:00,1
2026-07-13 00:00:00+00:00,0.5081,0.52,0.4925,0.4955,131799.0,2026-07-13 03:59:59.999000+00:00,1
2026-07-13 04:00:00+00:00,0.4955,0.4988,0.4936,0.4938,57224.0,2026-07-13 07:59:59.999000+00:00,1
2026-07-13 08:00:00+00:00,0.494,0.4996,0.4897,0.4903,43410.0,2026-07-13 11:59:59.999000+00:00,1
2026-07-13 12:00:00+00:00,0.4905,0.4934,0.4807,0.4879,163386.0,2026-07-13 15:59:59.999000+00:00,1
2026-07-13 16:00:00+00:00,0.4878,0.4894,0.481,0.4848,59302.0,2026-07-13 19:59:59.999000+00:00,1
2026-07-13 20:00:00+00:00,0.4848,0.485,0.4767,0.4836,56314.0,2026-07-13 23:59:59.999000+00:00,1
2026-07-14 00:00:00+00:00,0.4836,0.486,0.4724,0.4772,51892.0,2026-07-14 03:59:59.999000+00:00,1
2026-07-14 04:00:00+00:00,0.4774,0.4871,0.4757,0.4852,41037.0,2026-07-14 07:59:59.999000+00:00,1
2026-07-14 08:00:00+00:00,0.4851,0.4967,0.4846,0.4955,59096.0,2026-07-14 11:59:59.999000+00:00,1
2026-07-14 12:00:00+00:00,0.4956,0.5232,0.4953,0.5101,176307.0,2026-07-14 15:59:59.999000+00:00,1
2026-07-14 16:00:00+00:00,0.5102,0.5112,0.5007,0.5007,66633.0,2026-07-14 19:59:59.999000+00:00,1
2026-07-14 20:00:00+00:00,0.501,0.5071,0.4994,0.5068,39799.0,2026-07-14 23:59:59.999000+00:00,1
2026-07-15 00:00:00+00:00,0.507,0.513,0.5032,0.513,50469.0,2026-07-15 03:59:59.999000+00:00,1
2026-07-15 04:00:00+00:00,0.5128,0.5165,0.506,0.5066,61670.0,2026-07-15 07:59:59.999000+00:00,1
2026-07-15 08:00:00+00:00,0.5068,0.5207,0.5063,0.514,55809.0,2026-07-15 11:59:59.999000+00:00,1
2026-07-15 12:00:00+00:00,0.5139,0.5277,0.5114,0.5148,141394.0,2026-07-15 15:59:59.999000+00:00,1
2026-07-15 16:00:00+00:00,0.515,0.516,0.5017,0.5067,128693.0,2026-07-15 19:59:59.999000+00:00,1
2026-07-15 20:00:00+00:00,0.5068,0.5108,0.5043,0.5046,32910.0,2026-07-15 23:59:59.999000+00:00,1
2026-07-16 00:00:00+00:00,0.5046,0.5103,0.5019,0.5061,48132.0,2026-07-16 03:59:59.999000+00:00,1
2026-07-16 04:00:00+00:00,0.5062,0.5105,0.494,0.4962,112113.0,2026-07-16 07:59:59.999000+00:00,1
2026-07-16 08:00:00+00:00,0.4961,0.4966,0.4865,0.4872,73871.0,2026-07-16 11:59:59.999000+00:00,1
2026-07-16 12:00:00+00:00,0.4871,0.5112,0.4797,0.5067,189494.0,2026-07-16 15:59:59.999000+00:00,1
2026-07-16 16:00:00+00:00,0.5066,0.5154,0.4888,0.49,150061.0,2026-07-16 19:59:59.999000+00:00,1
2026-07-16 20:00:00+00:00,0.49,0.4932,0.4731,0.4748,90705.0,2026-07-16 23:59:59.999000+00:00,1
2026-07-17 00:00:00+00:00,0.4749,0.4916,0.4656,0.4882,181412.0,2026-07-17 03:59:59.999000+00:00,1
2026-07-17 04:00:00+00:00,0.4882,0.5277,0.4721,0.4927,604230.0,2026-07-17 07:59:59.999000+00:00,1
2026-07-17 08:00:00+00:00,0.4928,0.5009,0.4849,0.4944,204741.0,2026-07-17 11:59:59.999000+00:00,1
2026-07-17 12:00:00+00:00,0.4944,0.4947,0.4768,0.492,234588.0,2026-07-17 15:59:59.999000+00:00,1
2026-07-17 16:00:00+00:00,0.4922,0.5083,0.4794,0.4796,240052.0,2026-07-17 19:59:59.999000+00:00,1
2026-07-17 20:00:00+00:00,0.4797,0.4802,0.4664,0.4688,103352.0,2026-07-17 23:59:59.999000+00:00,1
2026-07-18 00:00:00+00:00,0.4687,0.4785,0.4592,0.4745,164487.0,2026-07-18 03:59:59.999000+00:00,1
2026-07-18 04:00:00+00:00,0.4746,0.4748,0.4654,0.4694,93936.0,2026-07-18 07:59:59.999000+00:00,1
2026-07-18 08:00:00+00:00,0.4692,0.4693,0.4577,0.4595,97095.0,2026-07-18 11:59:59.999000+00:00,1
2026-07-18 12:00:00+00:00,0.4597,0.4609,0.4471,0.451,124371.0,2026-07-18 15:59:59.999000+00:00,1
2026-07-18 16:00:00+00:00,0.4509,0.4548,0.4381,0.4413,142656.0,2026-07-18 19:59:59.999000+00:00,1
2026-07-18 20:00:00+00:00,0.4414,0.4527,0.4414,0.451,60494.0,2026-07-18 23:59:59.999000+00:00,1
2026-07-19 00:00:00+00:00,0.4511,0.4594,0.4481,0.457,120743.0,2026-07-19 03:59:59.999000+00:00,1
2026-07-19 04:00:00+00:00,0.457,0.4614,0.45,0.4514,49084.0,2026-07-19 07:59:59.999000+00:00,1
2026-07-19 08:00:00+00:00,0.4515,0.4538,0.4451,0.4472,58121.0,2026-07-19 11:59:59.999000+00:00,1
2026-07-19 12:00:00+00:00,0.4472,0.4522,0.4457,0.4498,50773.0,2026-07-19 15:59:59.999000+00:00,1
2026-07-19 16:00:00+00:00,0.45,0.4503,0.442,0.4474,35580.0,2026-07-19 19:59:59.999000+00:00,1
2026-07-19 20:00:00+00:00,0.4475,0.4555,0.445,0.4521,61670.0,2026-07-19 23:59:59.999000+00:00,1
2026-07-20 00:00:00+00:00,0.4522,0.4607,0.4502,0.4527,125267.0,2026-07-20 03:59:59.999000+00:00,1
2026-07-20 04:00:00+00:00,0.4527,0.4531,0.4416,0.4491,61902.0,2026-07-20 07:59:59.999000+00:00,1
2026-07-20 08:00:00+00:00,0.4491,0.4585,0.4444,0.4554,68537.0,2026-07-20 11:59:59.999000+00:00,1
2026-07-20 12:00:00+00:00,0.4553,0.4553,0.4342,0.4448,127822.0,2026-07-20 15:59:59.999000+00:00,1
2026-07-20 16:00:00+00:00,0.4448,0.4475,0.4311,0.4333,98263.0,2026-07-20 19:59:59.999000+00:00,1
2026-07-20 20:00:00+00:00,0.4334,0.4365,0.4282,0.4312,78012.0,2026-07-20 23:59:59.999000+00:00,1
2026-07-21 00:00:00+00:00,0.4312,0.4465,0.4274,0.4391,125593.0,2026-07-21 03:59:59.999000+00:00,1
2026-07-21 04:00:00+00:00,0.4388,0.4413,0.4318,0.4342,94975.0,2026-07-21 07:59:59.999000+00:00,1
2026-07-21 08:00:00+00:00,0.4342,0.4551,0.434,0.4466,164369.0,2026-07-21 11:59:59.999000+00:00,1
2026-07-21 12:00:00+00:00,0.4468,0.454,0.446,0.4517,143961.0,2026-07-21 15:59:59.999000+00:00,1
2026-07-21 16:00:00+00:00,0.4516,0.4641,0.4497,0.4577,140337.0,2026-07-21 19:59:59.999000+00:00,1
2026-07-21 20:00:00+00:00,0.4574,0.4632,0.4491,0.4537,97645.0,2026-07-21 23:59:59.999000+00:00,1
2026-07-22 00:00:00+00:00,0.4537,0.4567,0.444,0.4449,70577.0,2026-07-22 03:59:59.999000+00:00,1
2026-07-22 04:00:00+00:00,0.4446,0.4455,0.4341,0.4379,73045.0,2026-07-22 07:59:59.999000+00:00,1
2026-07-22 08:00:00+00:00,0.438,0.4415,0.4368,0.4378,54014.0,2026-07-22 11:59:59.999000+00:00,1
2026-07-22 12:00:00+00:00,0.4377,0.4377,0.4242,0.4243,135679.0,2026-07-22 15:59:59.999000+00:00,1
2026-07-22 16:00:00+00:00,0.4243,0.4389,0.4197,0.4347,172713.0,2026-07-22 19:59:59.999000+00:00,1
2026-07-22 20:00:00+00:00,0.4346,0.4397,0.4311,0.4333,64546.0,2026-07-22 23:59:59.999000+00:00,1
2026-07-23 00:00:00+00:00,0.4333,0.4367,0.4244,0.4252,69687.0,2026-07-23 03:59:59.999000+00:00,1
2026-07-23 04:00:00+00:00,0.4253,0.427,0.4189,0.4198,80055.0,2026-07-23 07:59:59.999000+00:00,1
2026-07-23 08:00:00+00:00,0.4196,0.4258,0.4125,0.4137,82659.0,2026-07-23 11:59:59.999000+00:00,1
2026-07-23 12:00:00+00:00,0.4135,0.4255,0.4104,0.4231,166152.0,2026-07-23 15:59:59.999000+00:00,1
2026-07-23 16:00:00+00:00,0.423,0.427,0.4189,0.4242,83506.0,2026-07-23 19:59:59.999000+00:00,1
2026-07-23 20:00:00+00:00,0.4242,0.4293,0.4212,0.4214,54917.0,2026-07-23 23:59:59.999000+00:00,1
2026-07-24 00:00:00+00:00,0.4217,0.4406,0.4199,0.4366,134954.0,2026-07-24 03:59:59.999000+00:00,1
2026-07-24 04:00:00+00:00,0.4366,0.439,0.43,0.4331,81461.0,2026-07-24 07:59:59.999000+00:00,1
2026-07-24 08:00:00+00:00,0.4333,0.4336,0.4211,0.4224,71010.0,2026-07-24 11:59:59.999000+00:00,1
2026-07-24 12:00:00+00:00,0.4224,0.4227,0.4093,0.4167,111997.0,2026-07-24 15:59:59.999000+00:00,1
2026-07-24 16:00:00+00:00,0.4166,0.4193,0.411,0.4133,57294.0,2026-07-24 19:59:59.999000+00:00,1
2026-07-24 20:00:00+00:00,0.4134,0.416,0.4088,0.4141,36667.0,2026-07-24 23:59:59.999000+00:00,1
2026-07-25 00:00:00+00:00,0.414,0.4206,0.413,0.4176,94612.0,2026-07-25 03:59:59.999000+00:00,1
2026-07-25 04:00:00+00:00,0.4175,0.4246,0.4155,0.417,96078.0,2026-07-25 07:59:59.999000+00:00,1
2026-07-25 08:00:00+00:00,0.4171,0.4229,0.4118,0.4139,155277.0,2026-07-25 11:59:59.999000+00:00,1
2026-07-25 12:00:00+00:00,0.4141,0.4168,0.4114,0.4125,44159.0,2026-07-25 15:59:59.999000+00:00,1
2026-07-25 16:00:00+00:00,0.4124,0.4137,0.4048,0.4093,58079.0,2026-07-25 19:59:59.999000+00:00,1
2026-07-25 20:00:00+00:00,0.4092,0.4163,0.4077,0.4143,41062.0,2026-07-25 23:59:59.999000+00:00,1
2026-07-26 00:00:00+00:00,0.4143,0.426,0.411,0.4226,83928.0,2026-07-26 03:59:59.999000+00:00,1
2026-07-26 04:00:00+00:00,0.4227,0.424,0.4162,0.4181,67704.0,2026-07-26 07:59:59.999000+00:00,1
2026-07-26 08:00:00+00:00,0.4182,0.4182,0.4102,0.4111,62241.0,2026-07-26 11:59:59.999000+00:00,1
2026-07-26 12:00:00+00:00,0.4109,0.4192,0.4095,0.419,73040.0,2026-07-26 15:59:59.999000+00:00,1
2026-07-26 16:00:00+00:00,0.4189,0.4194,0.4115,0.4157,55720.0,2026-07-26 19:59:59.999000+00:00,1
2026-07-26 20:00:00+00:00,0.4157,0.43,0.4116,0.4288,90418.0,2026-07-26 23:59:59.999000+00:00,1
2026-07-27 00:00:00+00:00,0.429,0.4412,0.423,0.4399,122930.0,2026-07-27 03:59:59.999000+00:00,1
2026-07-27 04:00:00+00:00,0.44,0.4452,0.4293,0.4293,135206.0,2026-07-27 07:59:59.999000+00:00,1
2026-07-27 08:00:00+00:00,0.4294,0.4432,0.4294,0.4386,82702.0,2026-07-27 11:59:59.999000+00:00,1
2026-07-27 12:00:00+00:00,0.4386,0.4613,0.4341,0.4372,246338.0,2026-07-27 15:59:59.999000+00:00,1
2026-07-27 16:00:00+00:00,0.4374,0.452,0.4362,0.4503,135103.0,2026-07-27 19:59:59.999000+00:00,1
2026-07-27 20:00:00+00:00,0.4505,0.4573,0.4345,0.4386,153944.0,2026-07-27 23:59:59.999000+00:00,1
2026-07-28 00:00:00+00:00,0.4386,0.4482,0.4277,0.4371,257621.0,2026-07-28 03:59:59.999000+00:00,1
2026-07-28 04:00:00+00:00,0.4372,0.4439,0.4336,0.4398,144341.0,2026-07-28 07:59:59.999000+00:00,1
2026-07-28 08:00:00+00:00,0.4396,0.4511,0.4356,0.4377,218120.0,2026-07-28 11:59:59.999000+00:00,1
2026-07-28 12:00:00+00:00,0.4377,0.4453,0.4253,0.445,162142.0,2026-07-28 15:59:59.999000+00:00,1
2026-07-28 16:00:00+00:00,0.4451,0.4479,0.4336,0.4366,91612.0,2026-07-28 19:59:59.999000+00:00,1
2026-07-28 20:00:00+00:00,0.4369,0.4427,0.4304,0.4388,73512.0,2026-07-28 23:59:59.999000+00:00,1
2026-07-29 00:00:00+00:00,0.4386,0.4411,0.4212,0.4215,96590.0,2026-07-29 03:59:59.999000+00:00,1
2026-07-29 04:00:00+00:00,0.4216,0.4328,0.4185,0.4288,91165.0,2026-07-29 07:59:59.999000+00:00,1
2026-07-29 08:00:00+00:00,0.4288,0.4341,0.4214,0.4236,73506.0,2026-07-29 11:59:59.999000+00:00,1
2026-07-29 12:00:00+00:00,0.4235,0.4235,0.4148,0.4165,82017.0,2026-07-29 15:59:59.999000+00:00,1
2026-07-29 16:00:00+00:00,0.4165,0.4259,0.4109,0.4128,152816.0,2026-07-29 19:59:59.999000+00:00,1
2026-07-29 20:00:00+00:00,0.4129,0.4192,0.4075,0.4163,112088.0,2026-07-29 23:59:59.999000+00:00,1
2026-07-30 00:00:00+00:00,0.4164,0.4327,0.4148,0.4317,136764.0,2026-07-30 03:59:59.999000+00:00,1
2026-07-30 04:00:00+00:00,0.4317,0.4415,0.427,0.4406,119559.0,2026-07-30 07:59:59.999000+00:00,1
2026-07-30 08:00:00+00:00,0.4408,0.4431,0.4362,0.4379,130204.0,2026-07-30 11:59:59.999000+00:00,1
2026-07-30 12:00:00+00:00,0.4381,0.4394,0.4308,0.4329,82200.0,2026-07-30 15:59:59.999000+00:00,1
2026-07-30 16:00:00+00:00,0.4328,0.4358,0.43,0.4334,61638.0,2026-07-30 19:59:59.999000+00:00,1
2026-07-30 20:00:00+00:00,0.4335,0.4353,0.4285,0.4319,68161.0,2026-07-30 23:59:59.999000+00:00,1
2026-07-31 00:00:00+00:00,0.4318,0.435,0.4241,0.4248,93000.0,2026-07-31 03:59:59.999000+00:00,1
2026-07-31 04:00:00+00:00,0.4248,0.4295,0.4221,0.4224,57292.0,2026-07-31 07:59:59.999000+00:00,1
2026-07-31 08:00:00+00:00,0.4223,0.4251,0.4189,0.4192,28727.0,2026-07-31 11:59:59.999000+00:00,1
2026-07-31 12:00:00+00:00,0.419,0.4228,0.4148,0.4155,73239.0,2026-07-31 15:59:59.999000+00:00,1
2026-07-31 16:00:00+00:00,0.4156,0.4219,0.4156,0.4166,49338.0,2026-07-31 19:59:59.999000+00:00,1
2026-07-31 20:00:00+00:00,0.4168,0.4181,0.415,0.4154,29232.0,2026-07-31 23:59:59.999000+00:00,1
2026-08-01 00:00:00+00:00,0.4152,0.4206,0.4151,0.4181,58399.0,2026-08-01 03:59:59.999000+00:00,1
2026-08-01 04:00:00+00:00,0.4181,0.4206,0.4171,0.418,17644.0,2026-08-01 07:59:59.999000+00:00,1
2026-08-01 08:00:00+00:00,0.4181,0.4189,0.4136,0.4147,35010.0,2026-08-01 11:59:59.999000+00:00,1
2026-08-01 12:00:00+00:00,0.4148,0.4157,0.4087,0.4099,123528.0,2026-08-01 15:59:59.999000+00:00,1
2026-08-01 16:00:00+00:00,0.41,0.4103,0.4007,0.4024,51828.0,2026-08-01 19:59:59.999000+00:00,1
2026-08-01 20:00:00+00:00,0.4023,0.4033,0.3994,0.4017,41657.0,2026-08-01 23:59:59.999000+00:00,1
2026-08-02 00:00:00+00:00,0.4017,0.4101,0.4001,0.4057,72144.0,2026-08-02 03:59:59.999000+00:00,1
2026-08-02 04:00:00+00:00,0.4056,0.4067,0.3956,0.3958,99560.0,2026-08-02 07:59:59.999000+00:00,1
2026-08-02 08:00:00+00:00,0.3957,0.3959,0.3896,0.3916,83360.0,2026-08-02 11:59:59.999000+00:00,1
2026-08-02 12:00:00+00:00,0.3918,0.3973,0.3904,0.3939,40822.0,2026-08-02 15:59:59.999000+00:00,1
2026-08-02 16:00:00+00:00,0.3938,0.3995,0.3914,0.3994,58214.0,2026-08-02 19:59:59.999000+00:00,1
2026-08-02 20:00:00+00:00,0.3992,0.4094,0.3975,0.399,99814.0,2026-08-02 23:59:59.999000+00:00,1
2026-08-03 00:00:00+00:00,0.399,0.3998,0.3912,0.3922,52272.0,2026-08-03 03:59:59.999000+00:00,1
2026-08-03 04:00:00+00:00,0.3922,0.3946,0.3898,0.3906,30759.0,2026-08-03 07:59:59.999000+00:00,1
2026-08-03 08:00:00+00:00,0.3907,0.392,0.3885,0.3898,43700.0,2026-08-03 11:59:59.999000+00:00,1
2026-08-03 12:00:00+00:00,0.3898,0.4029,0.3892,0.4,112272.0,2026-08-03 15:59:59.999000+00:00,1
2026-08-03 16:00:00+00:00,0.4001,0.4056,0.3996,0.404,43422.0,2026-08-03 19:59:59.999000+00:00,1
2026-08-03 20:00:00+00:00,0.4042,0.4058,0.3983,0.4014,40388.0,2026-08-03 23:59:59.999000+00:00,1
2026-08-04 00:00:00+00:00,0.4013,0.4146,0.4004,0.4092,92382.0,2026-08-04 03:59:59.999000+00:00,1
2026-08-04 04:00:00+00:00,0.4092,0.4125,0.4055,0.4096,114079.0,2026-08-04 07:59:59.999000+00:00,1
2026-08-04 08:00:00+00:00,0.4096,0.4161,0.4066,0.4151,114585.0,2026-08-04 11:59:59.999000+00:00,1
2026-08-04 12:00:00+00:00,0.4149,0.415,0.4042,0.4108,193142.0,2026-08-04 15:59:59.999000+00:00,1
2026-08-04 16:00:00+00:00,0.4107,0.4175,0.4067,0.416,152429.0,2026-08-04 19:59:59.999000+00:00,1
2026-08-04 20:00:00+00:00,0.4159,0.4174,0.4127,0.4136,144644.0,2026-08-04 23:59:59.999000+00:00,1
2026-08-05 00:00:00+00:00,0.4136,0.4167,0.4109,0.4111,150960.0,2026-08-05 03:59:59.999000+00:00,1
2026-08-05 04:00:00+00:00,0.411,0.4252,0.4108,0.4229,124907.0,2026-08-05 07:59:59.999000+00:00,1
2026-08-05 08:00:00+00:00,0.4229,0.4246,0.4196,0.4216,34768.0,2026-08-05 11:59:59.999000+00:00,1
2026-08-05 12:00:00+00:00,0.4217,0.4263,0.4168,0.4209,73893.0,2026-08-05 15:59:59.999000+00:00,1
2026-08-05 16:00:00+00:00,0.4208,0.4297,0.4208,0.4263,82074.0,2026-08-05 19:59:59.999000+00:00,1
2026-08-05 20:00:00+00:00,0.4263,0.4269,0.4211,0.4235,53792.0,2026-08-05 23:59:59.999000+00:00,1
2026-08-06 00:00:00+00:00,0.4235,0.4257,0.4177,0.4187,56524.0,2026-08-06 03:59:59.999000+00:00,1
2026-08-06 04:00:00+00:00,0.4189,0.4258,0.4178,0.4229,43068.0,2026-08-06 07:59:59.999000+00:00,1
2026-08-06 08:00:00+00:00,0.4232,0.4264,0.4211,0.4238,69212.0,2026-08-06 11:59:59.999000+00:00,1
2026-08-06 12:00:00+00:00,0.4235,0.4498,0.4172,0.4486,204059.0,2026-08-06 15:59:59.999000+00:00,1
2026-08-06 16:00:00+00:00,0.4486,0.4499,0.4365,0.4387,140971.0,2026-08-06 19:59:59.999000+00:00,1
2026-08-06 20:00:00+00:00,0.4387,0.4403,0.4337,0.4364,40704.0,2026-08-06 23:59:59.999000+00:00,1
2026-08-07 00:00:00+00:00,0.4363,0.4371,0.43,0.4304,79018.0,2026-08-07 03:59:59.999000+00:00,1
2026-08-07 04:00:00+00:00,0.4302,0.4357,0.4282,0.4324,52438.0,2026-08-07 07:59:59.999000+00:00,1
2026-08-07 08:00:00+00:00,0.4325,0.4382,0.4324,0.4342,55731.0,2026-08-07 11:59:59.999000+00:00,1
2026-08-07 12:00:00+00:00,0.4341,0.4428,0.4339,0.4404,126901.0,2026-08-07 15:59:59.999000+00:00,1
2026-08-07 16:00:00+00:00,0.4406,0.4475,0.4403,0.4464,73866.0,2026-08-07 19:59:59.999000+00:00,1
2026-08-07 20:00:00+00:00,0.4465,0.4477,0.4382,0.4409,37158.0,2026-08-07 23:59:59.999000+00:00,1
2026-08-08 00:00:00+00:00,0.4409,0.4438,0.4389,0.4431,34248.0,2026-08-08 03:59:59.999000+00:00,1
2026-08-08 04:00:00+00:00,0.443,0.4437,0.4362,0.4364,28479.0,2026-08-08 07:59:59.999000+00:00,1
2026-08-08 08:00:00+00:00,0.4365,0.438,0.4358,0.4367,18183.0,2026-08-08 11:59:59.999000+00:00,1
2026-08-08 12:00:00+00:00,0.4367,0.4385,0.4356,0.4368,20437.0,2026-08-08 15:59:59.999000+00:00,1
2026-08-08 16:00:00+00:00,0.4367,0.438,0.4347,0.4359,12790.0,2026-08-08 19:59:59.999000+00:00,1
2026-08-08 20:00:00+00:00,0.4361,0.4381,0.4344,0.4368,20363.0,2026-08-08 23:59:59.999000+00:00,1
2026-08-09 00:00:00+00:00,0.4367,0.4367,0.4309,0.4318,34973.0,2026-08-09 03:59:59.999000+00:00,1
2026-08-09 04:00:00+00:00,0.4317,0.4324,0.4295,0.43,26699.0,2026-08-09 07:59:59.999000+00:00,1
2026-08-09 08:00:00+00:00,0.43,0.4318,0.4206,0.4223,63374.0,2026-08-09 11:59:59.999000+00:00,1
2026-08-09 12:00:00+00:00,0.4224,0.4262,0.4218,0.4253,26103.0,2026-08-09 15:59:59.999000+00:00,1
2026-08-09 16:00:00+00:00,0.4254,0.4256,0.4188,0.422,33429.0,2026-08-09 19:59:59.999000+00:00,1
2026-08-09 20:00:00+00:00,0.422,0.4252,0.4162,0.4169,45605.0,2026-08-09 23:59:59.999000+00:00,1
2026-08-10 00:00:00+00:00,0.4167,0.423,0.4165,0.4205,73520.0,2026-08-10 03:59:59.999000+00:00,1
2026-08-10 04:00:00+00:00,0.4205,0.4222,0.4168,0.4211,55584.0,2026-08-10 07:59:59.999000+00:00,1
2026-08-10 08:00:00+00:00,0.4209,0.4258,0.417,0.4258,55297.0,2026-08-10 11:59:59.999000+00:00,1
2026-08-10 12:00:00+00:00,0.4259,0.4315,0.4127,0.4145,141185.0,2026-08-10 15:59:59.999000+00:00,1
2026-08-10 16:00:00+00:00,0.4142,0.4183,0.4134,0.4166,50850.0,2026-08-10 19:59:59.999000+00:00,1
2026-08-10 20:00:00+00:00,0.4168,0.418,0.4127,0.4159,49214.0,2026-08-10 23:59:59.999000+00:00,1
2026-08-11 00:00:00+00:00,0.4156,0.4196,0.4146,0.4184,67024.0,2026-08-11 03:59:59.999000+00:00,1
2026-08-11 04:00:00+00:00,0.4184,0.4191,0.416,0.4183,20598.0,2026-08-11 07:59:59.999000+00:00,1
2026-08-11 08:00:00+00:00,0.4187,0.427,0.4161,0.4241,87568.0,2026-08-11 11:59:59.999000+00:00,1
2026-08-11 12:00:00+00:00,0.4243,0.426,0.4133,0.4142,80513.0,2026-08-11 15:59:59.999000+00:00,1
2026-08-11 16:00:00+00:00,0.4141,0.4189,0.4133,0.4188,40331.0,2026-08-11 19:59:59.999000+00:00,1
2026-08-11 20:00:00+00:00,0.419,0.4198,0.4153,0.4156,26562.0,2026-08-11 23:59:59.999000+00:00,1
2026-08-12 00:00:00+00:00,0.4154,0.4183,0.4149,0.4178,29253.0,2026-08-12 03:59:59.999000+00:00,1
2026-08-12 04:00:00+00:00,0.4178,0.419,0.4149,0.4164,41956.0,2026-08-12 07:59:59.999000+00:00,1
2026-08-12 08:00:00+00:00,0.4164,0.4216,0.4153,0.4206,34803.0,2026-08-12 11:59:59.999000+00:00,1
2026-08-12 12:00:00+00:00,0.4206,0.4249,0.4132,0.4168,55329.0,2026-08-12 15:59:59.999000+00:00,1
2026-08-12 16:00:00+00:00,0.4169,0.4192,0.4127,0.4135,32655.0,2026-08-12 19:59:59.999000+00:00,1
2026-08-12 20:00:00+00:00,0.4136,0.4147,0.4094,0.4107,31370.0,2026-08-12 23:59:59.999000+00:00,1
2026-08-13 00:00:00+00:00,0.4106,0.4134,0.4101,0.4119,22579.0,2026-08-13 03:59:59.999000+00:00,1
2026-08-13 04:00:00+00:00,0.412,0.4161,0.4114,0.413,20660.0,2026-08-13 07:59:59.999000+00:00,1
2026-08-13 08:00:00+00:00,0.413,0.4147,0.4056,0.4059,54621.0,2026-08-13 11:59:59.999000+00:00,1
2026-08-13 12:00:00+00:00,0.4058,0.4161,0.4058,0.4101,42174.0,2026-08-13 15:59:59.999000+00:00,1
2026-08-13 16:00:00+00:00,0.4102,0.4116,0.4063,0.4102,26607.0,2026-08-13 19:59:59.999000+00:00,1
2026-08-13 20:00:00+00:00,0.4101,0.4136,0.4084,0.4089,37499.0,2026-08-13 23:59:59.999000+00:00,1
2026-08-14 00:00:00+00:00,0.4091,0.4127,0.4084,0.4096,17845.0,2026-08-14 03:59:59.999000+00:00,1
2026-08-14 04:00:00+00:00,0.4093,0.4105,0.4035,0.4041,26277.0,2026-08-14 07:59:59.999000+00:00,1
2026-08-14 08:00:00+00:00,0.404,0.4054,0.3995,0.401,47678.0,2026-08-14 11:59:59.999000+00:00,1
2026-08-14 12:00:00+00:00,0.4011,0.4029,0.3971,0.4021,36574.0,2026-08-14 15:59:59.999000+00:00,1
2026-08-14 16:00:00+00:00,0.4022,0.4045,0.3988,0.4,23823.0,2026-08-14 19:59:59.999000+00:00,1
2026-08-14 20:00:00+00:00,0.4002,0.4027,0.3989,0.4025,10629.0,2026-08-14 23:59:59.999000+00:00,1
2026-08-15 00:00:00+00:00,0.4027,0.4033,0.3996,0.4025,22530.0,2026-08-15 03:59:59.999000+00:00,1
2026-08-15 04:00:00+00:00,0.4025,0.4049,0.4024,0.4032,13737.0,2026-08-15 07:59:59.999000+00:00,1
2026-08-15 08:00:00+00:00,0.4035,0.4045,0.4001,0.4003,14210.0,2026-08-15 11:59:59.999000+00:00,1
2026-08-15 12:00:00+00:00,0.4004,0.4037,0.4001,0.4025,9725.0,2026-08-15 15:59:59.999000+00:00,1
2026-08-15 16:00:00+00:00,0.4025,0.4025,0.4007,0.401,4958.0,2026-08-15 19:59:59.999000+00:00,1
2026-08-15 20:00:00+00:00,0.4013,0.402,0.3994,0.3998,6340.0,2026-08-15 23:59:59.999000+00:00,1
2026-08-16 00:00:00+00:00,0.3998,0.4,0.3982,0.3992,7835.0,2026-08-16 03:59:59.999000+00:00,1
2026-08-16 04:00:00+00:00,0.3994,0.4046,0.3994,0.4017,18817.0,2026-08-16 07:59:59.999000+00:00,1
2026-08-16 08:00:00+00:00,0.4017,0.4028,0.4007,0.4015,6669.0,2026-08-16 11:59:59.999000+00:00,1
2026-08-16 12:00:00+00:00,0.4016,0.4051,0.401,0.4044,7283.0,2026-08-16 15:59:59.999000+00:00,1
2026-08-16 16:00:00+00:00,0.4046,0.4098,0.4045,0.4076,24948.0,2026-08-16 19:59:59.999000+00:00,1
2026-08-16 20:00:00+00:00,0.4078,0.4082,0.4005,0.4054,27882.0,2026-08-16 23:59:59.999000+00:00,1
2026-08-17 00:00:00+00:00,0.4055,0.4166,0.404,0.4116,82851.0,2026-08-17 03:59:59.999000+00:00,1
2026-08-17 04:00:00+00:00,0.4119,0.4138,0.4111,0.4136,23720.0,2026-08-17 07:59:59.999000+00:00,1
2026-08-17 08:00:00+00:00,0.4137,0.4139,0.4093,0.4119,41186.0,2026-08-17 11:59:59.999000+00:00,1
2026-08-17 12:00:00+00:00,0.4121,0.4185,0.412,0.4162,53266.0,2026-08-17 15:59:59.999000+00:00,1
2026-08-17 16:00:00+00:00,0.4166,0.4169,0.4092,0.4094,38490.0,2026-08-17 19:59:59.999000+00:00,1
2026-08-17 20:00:00+00:00,0.4096,0.4115,0.407,0.4098,31017.0,2026-08-17 23:59:59.999000+00:00,1
2026-08-18 00:00:00+00:00,0.4098,0.4098,0.4029,0.4056,30949.0,2026-08-18 03:59:59.999000+00:00,1
2026-08-18 04:00:00+00:00,0.4058,0.4072,0.4037,0.4039,9871.0,2026-08-18 07:59:59.999000+00:00,1
2026-08-18 08:00:00+00:00,0.4038,0.4057,0.4014,0.4048,25583.0,2026-08-18 11:59:59.999000+00:00,1
2026-08-18 12:00:00+00:00,0.405,0.41,0.4018,0.4069,26690.0,2026-08-18 15:59:59.999000+00:00,1
2026-08-18 16:00:00+00:00,0.4073,0.4079,0.404,0.404,14424.0,2026-08-18 19:59:59.999000+00:00,1
2026-08-18 20:00:00+00:00,0.4044,0.4044,0.4023,0.4033,39144.0,2026-08-18 23:59:59.999000+00:00,1
2026-08-19 00:00:00+00:00,0.4034,0.4035,0.3982,0.3998,97443.0,2026-08-19 03:59:59.999000+00:00,1
2026-08-19 04:00:00+00:00,0.3996,0.4036,0.3982,0.4024,29103.0,2026-08-19 07:59:59.999000+00:00,1
2026-08-19 08:00:00+00:00,0.4024,0.4051,0.4003,0.4015,41358.0,2026-08-19 11:59:59.999000+00:00,1
2026-08-19 12:00:00+00:00,0.4015,0.4299,0.4009,0.423,135983.0,2026-08-19 15:59:59.999000+00:00,1
2026-08-19 16:00:00+00:00,0.423,0.4272,0.4172,0.4225,79837.0,2026-08-19 19:59:59.999000+00:00,1
2026-08-19 20:00:00+00:00,0.4226,0.441,0.4226,0.4397,122304.0,2026-08-19 23:59:59.999000+00:00,1
2026-08-20 00:00:00+00:00,0.439,0.4567,0.439,0.4539,164101.0,2026-08-20 03:59:59.999000+00:00,1
2026-08-20 04:00:00+00:00,0.4538,0.4699,0.4537,0.4654,120705.0,2026-08-20 07:59:59.999000+00:00,1
2026-08-20 08:00:00+00:00,0.4653,0.4768,0.4641,0.4734,132454.0,2026-08-20 11:59:59.999000+00:00,1
2026-08-20 12:00:00+00:00,0.4737,0.487,0.4678,0.4861,142519.0,2026-08-20 15:59:59.999000+00:00,1
2026-08-20 16:00:00+00:00,0.4859,0.489,0.4725,0.4755,103565.0,2026-08-20 19:59:59.999000+00:00,1
2026-08-20 20:00:00+00:00,0.476,0.4819,0.4732,0.4803,87017.0,2026-08-20 23:59:59.999000+00:00,1
2026-08-21 00:00:00+00:00,0.48,0.4895,0.4769,0.4802,97142.0,2026-08-21 03:59:59.999000+00:00,1
2026-08-21 04:00:00+00:00,0.4805,0.4894,0.4802,0.4884,54957.0,2026-08-21 07:59:59.999000+00:00,1
2026-08-21 08:00:00+00:00,0.4889,0.5003,0.4802,0.4814,261637.0,2026-08-21 11:59:59.999000+00:00,1
2026-08-21 12:00:00+00:00,0.4812,0.4885,0.4746,0.4818,137199.0,2026-08-21 15:59:59.999000+00:00,1
2026-08-21 16:00:00+00:00,0.4817,0.4823,0.4661,0.4684,116341.0,2026-08-21 19:59:59.999000+00:00,1
2026-08-21 20:00:00+00:00,0.4686,0.486,0.4675,0.4849,136921.0,2026-08-21 23:59:59.999000+00:00,1
2026-08-22 00:00:00+00:00,0.4848,0.5068,0.4795,0.4998,165904.0,2026-08-22 03:59:59.999000+00:00,1
2026-08-22 04:00:00+00:00,0.4998,0.5085,0.4466,0.4768,338377.0,2026-08-22 07:59:59.999000+00:00,1
2026-08-22 08:00:00+00:00,0.4769,0.4794,0.4568,0.4624,109143.0,2026-08-22 11:59:59.999000+00:00,1
2026-08-22 12:00:00+00:00,0.4624,0.4731,0.458,0.4586,65915.0,2026-08-22 15:59:59.999000+00:00,1
2026-08-22 16:00:00+00:00,0.4586,0.4674,0.4568,0.4638,61586.0,2026-08-22 19:59:59.999000+00:00,1
2026-08-22 20:00:00+00:00,0.4638,0.4651,0.4539,0.464,73462.0,2026-08-22 23:59:59.999000+00:00,1
2026-08-23 00:00:00+00:00,0.464,0.4689,0.4553,0.4553,51892.0,2026-08-23 03:59:59.999000+00:00,1
2026-08-23 04:00:00+00:00,0.4553,0.4563,0.4382,0.4466,94675.0,2026-08-23 07:59:59.999000+00:00,1
2026-08-23 08:00:00+00:00,0.4469,0.4612,0.4468,0.4606,41728.0,2026-08-23 11:59:59.999000+00:00,1
2026-08-23 12:00:00+00:00,0.4605,0.4809,0.4541,0.4775,184348.0,2026-08-23 15:59:59.999000+00:00,1
2026-08-23 16:00:00+00:00,0.4777,0.4853,0.4732,0.4792,105651.0,2026-08-23 19:59:59.999000+00:00,1
2026-08-23 20:00:00+00:00,0.4791,0.4854,0.4744,0.4818,76774.0,2026-08-23 23:59:59.999000+00:00,1
2026-08-24 00:00:00+00:00,0.4815,0.4816,0.4666,0.4699,71684.0,2026-08-24 03:59:59.999000+00:00,1
2026-08-24 04:00:00+00:00,0.47,0.5029,0.47,0.4974,183786.0,2026-08-24 07:59:59.999000+00:00,1
2026-08-24 08:00:00+00:00,0.4976,0.5221,0.4878,0.5196,222651.0,2026-08-24 11:59:59.999000+00:00,1
2026-08-24 12:00:00+00:00,0.5197,0.5433,0.4976,0.5175,614399.0,2026-08-24 15:59:59.999000+00:00,1
2026-08-24 16:00:00+00:00,0.5176,0.5489,0.5176,0.5303,470414.0,2026-08-24 19:59:59.999000+00:00,1
2026-08-24 20:00:00+00:00,0.5302,0.5506,0.5277,0.5455,415130.0,2026-08-24 23:59:59.999000+00:00,1
2026-08-25 00:00:00+00:00,0.5457,0.5717,0.5323,0.5605,503019.0,2026-08-25 03:59:59.999000+00:00,1
2026-08-25 04:00:00+00:00,0.561,0.5669,0.535,0.542,330454.0,2026-08-25 07:59:59.999000+00:00,1
2026-08-25 08:00:00+00:00,0.5424,0.5489,0.5357,0.5395,128460.0,2026-08-25 11:59:59.999000+00:00,1
2026-08-25 12:00:00+00:00,0.5396,0.5417,0.5231,0.5417,167992.0,2026-08-25 15:59:59.999000+00:00,1
2026-08-25 16:00:00+00:00,0.5414,0.5474,0.5153,0.5185,143680.0,2026-08-25 19:59:59.999000+00:00,1
2026-08-25 20:00:00+00:00,0.5183,0.5234,0.5049,0.5151,148013.0,2026-08-25 23:59:59.999000+00:00,1
2026-08-26 00:00:00+00:00,0.515,0.5285,0.5116,0.5206,81817.0,2026-08-26 03:59:59.999000+00:00,1
2026-08-26 04:00:00+00:00,0.5205,0.521,0.514,0.5152,28680.0,2026-08-26 07:59:59.999000+00:00,1
2026-08-26 08:00:00+00:00,0.5152,0.5278,0.5107,0.5213,57287.0,2026-08-26 11:59:59.999000+00:00,1
2026-08-26 12:00:00+00:00,0.5214,0.5272,0.5051,0.5092,93492.0,2026-08-26 15:59:59.999000+00:00,1
2026-08-26 16:00:00+00:00,0.5093,0.5148,0.5007,0.5111,75762.0,2026-08-26 19:59:59.999000+00:00,1
2026-08-26 20:00:00+00:00,0.5111,0.5214,0.509,0.5182,52691.0,2026-08-26 23:59:59.999000+00:00,1
2026-08-27 00:00:00+00:00,0.5181,0.5248,0.5126,0.5179,68198.0,2026-08-27 03:59:59.999000+00:00,1
2026-08-27 04:00:00+00:00,0.518,0.5186,0.5115,0.5147,38056.0,2026-08-27 07:59:59.999000+00:00,1
2026-08-27 08:00:00+00:00,0.5147,0.5289,0.5133,0.515,92823.0,2026-08-27 11:59:59.999000+00:00,1
2026-08-27 12:00:00+00:00,0.5153,0.5236,0.5129,0.5181,68618.0,2026-08-27 15:59:59.999000+00:00,1
2026-08-27 16:00:00+00:00,0.5182,0.5231,0.5107,0.5204,77274.0,2026-08-27 19:59:59.999000+00:00,1
2026-08-27 20:00:00+00:00,0.5206,0.5292,0.5194,0.5262,56975.0,2026-08-27 23:59:59.999000+00:00,1
2026-08-28 00:00:00+00:00,0.5264,0.5343,0.5152,0.5167,77265.0,2026-08-28 03:59:59.999000+00:00,1
2026-08-28 04:00:00+00:00,0.5162,0.5183,0.5103,0.5116,38497.0,2026-08-28 07:59:59.999000+00:00,1
2026-08-28 08:00:00+00:00,0.5117,0.5216,0.5048,0.5201,52734.0,2026-08-28 11:59:59.999000+00:00,1
2026-08-28 12:00:00+00:00,0.5202,0.5244,0.503,0.5039,96245.0,2026-08-28 15:59:59.999000+00:00,1
2026-08-28 16:00:00+00:00,0.5039,0.5061,0.4886,0.4906,101090.0,2026-08-28 19:59:59.999000+00:00,1
2026-08-28 20:00:00+00:00,0.4907,0.4912,0.4839,0.4911,35048.0,2026-08-28 23:59:59.999000+00:00,1
2026-08-29 00:00:00+00:00,0.491,0.4937,0.4804,0.482,41801.0,2026-08-29 03:59:59.999000+00:00,1
2026-08-29 04:00:00+00:00,0.4822,0.4859,0.4804,0.4833,48297.0,2026-08-29 07:59:59.999000+00:00,1
2026-08-29 08:00:00+00:00,0.4827,0.4852,0.4816,0.4834,24171.0,2026-08-29 11:59:59.999000+00:00,1
2026-08-29 12:00:00+00:00,0.4835,0.4902,0.4797,0.4878,31778.0,2026-08-29 15:59:59.999000+00:00,1
2026-08-29 16:00:00+00:00,0.4881,0.4972,0.4862,0.4926,112446.0,2026-08-29 19:59:59.999000+00:00,1
2026-08-29 20:00:00+00:00,0.4923,0.4951,0.4868,0.4889,43486.0,2026-08-29 23:59:59.999000+00:00,1
2026-08-30 00:00:00+00:00,0.4891,0.4894,0.4835,0.4852,16664.0,2026-08-30 03:59:59.999000+00:00,1
2026-08-30 04:00:00+00:00,0.4855,0.4865,0.4825,0.4853,13455.0,2026-08-30 07:59:59.999000+00:00,1
2026-08-30 08:00:00+00:00,0.4851,0.4872,0.4816,0.4858,14188.0,2026-08-30 11:59:59.999000+00:00,1
2026-08-30 12:00:00+00:00,0.4861,0.4983,0.486,0.4957,61364.0,2026-08-30 15:59:59.999000+00:00,1
2026-08-30 16:00:00+00:00,0.496,0.5071,0.4922,0.4951,61025.0,2026-08-30 19:59:59.999000+00:00,1
2026-08-30 20:00:00+00:00,0.4954,0.4988,0.4717,0.4798,129144.0,2026-08-30 23:59:59.999000+00:00,1
2026-08-31 00:00:00+00:00,0.4796,0.4848,0.473,0.4761,84950.0,2026-08-31 03:59:59.999000+00:00,1
2026-08-31 04:00:00+00:00,0.4764,0.4801,0.4708,0.4763,46323.0,2026-08-31 07:59:59.999000+00:00,1
2026-08-31 08:00:00+00:00,0.4762,0.4814,0.4745,0.4766,26331.0,2026-08-31 11:59:59.999000+00:00,1
2026-08-31 12:00:00+00:00,0.4768,0.4831,0.4722,0.4771,76596.0,2026-08-31 15:59:59.999000+00:00,1
2026-08-31 16:00:00+00:00,0.4773,0.4801,0.4734,0.4772,69230.0,2026-08-31 19:59:59.999000+00:00,1
2026-08-31 20:00:00+00:00,0.4771,0.4795,0.4714,0.4727,33885.0,2026-08-31 23:59:59.999000+00:00,1
2026-09-01 00:00:00+00:00,0.4728,0.4918,0.4686,0.4916,82055.0,2026-09-01 03:59:59.999000+00:00,1
2026-09-01 04:00:00+00:00,0.4917,0.4949,0.4873,0.4922,70004.0,2026-09-01 07:59:59.999000+00:00,1
2026-09-01 08:00:00+00:00,0.4921,0.4928,0.481,0.4889,82178.0,2026-09-01 11:59:59.999000+00:00,1
2026-09-01 12:00:00+00:00,0.4893,0.49,0.476,0.4808,117035.0,2026-09-01 15:59:59.999000+00:00,1
2026-09-01 16:00:00+00:00,0.4811,0.4814,0.4689,0.4751,62800.0,2026-09-01 19:59:59.999000+00:00,1
2026-09-01 20:00:00+00:00,0.4754,0.4755,0.4655,0.4704,77727.0,2026-09-01 23:59:59.999000+00:00,1
2026-09-02 00:00:00+00:00,0.4704,0.4719,0.4583,0.4704,77088.0,2026-09-02 03:59:59.999000+00:00,1
2026-09-02 04:00:00+00:00,0.4702,0.4762,0.4677,0.4729,43224.0,2026-09-02 07:59:59.999000+00:00,1
2026-09-02 08:00:00+00:00,0.473,0.4736,0.4536,0.458,72678.0,2026-09-02 11:59:59.999000+00:00,1
2026-09-02 12:00:00+00:00,0.4581,0.4673,0.4563,0.4587,124437.0,2026-09-02 15:59:59.999000+00:00,1
2026-09-02 16:00:00+00:00,0.4589,0.4629,0.4559,0.4605,73583.0,2026-09-02 19:59:59.999000+00:00,1
2026-09-02 20:00:00+00:00,0.4602,0.464,0.4589,0.4636,54107.0,2026-09-02 23:59:59.999000+00:00,1
2026-09-03 00:00:00+00:00,0.4636,0.4846,0.4594,0.4837,130787.0,2026-09-03 03:59:59.999000+00:00,1
2026-09-03 04:00:00+00:00,0.4838,0.4868,0.4746,0.4805,81596.0,2026-09-03 07:59:59.999000+00:00,1
2026-09-03 08:00:00+00:00,0.4807,0.4905,0.4802,0.4861,116960.0,2026-09-03 11:59:59.999000+00:00,1
2026-09-03 12:00:00+00:00,0.4857,0.5018,0.4849,0.5017,121291.0,2026-09-03 15:59:59.999000+00:00,1
2026-09-03 16:00:00+00:00,0.5015,0.512,0.4953,0.5093,111708.0,2026-09-03 19:59:59.999000+00:00,1
2026-09-03 20:00:00+00:00,0.509,0.5163,0.5057,0.5077,118259.0,2026-09-03 23:59:59.999000+00:00,1
2026-09-04 00:00:00+00:00,0.5076,0.5102,0.4984,0.5006,72824.0,2026-09-04 03:59:59.999000+00:00,1
2026-09-04 04:00:00+00:00,0.5004,0.5131,0.4999,0.5086,70847.0,2026-09-04 07:59:59.999000+00:00,1
2026-09-04 08:00:00+00:00,0.5086,0.5173,0.5045,0.5103,76634.0,2026-09-04 11:59:59.999000+00:00,1
2026-09-04 12:00:00+00:00,0.5103,0.5181,0.4873,0.498,184847.0,2026-09-04 15:59:59.999000+00:00,1
2026-09-04 16:00:00+00:00,0.4977,0.5031,0.4968,0.5005,32295.0,2026-09-04 19:59:59.999000+00:00,1
2026-09-04 20:00:00+00:00,0.5001,0.5016,0.4963,0.4988,42156.0,2026-09-04 23:59:59.999000+00:00,1
2026-09-05 00:00:00+00:00,0.499,0.5164,0.4986,0.5159,64108.0,2026-09-05 03:59:59.999000+00:00,1
2026-09-05 04:00:00+00:00,0.5163,0.527,0.5136,0.5224,83351.0,2026-09-05 07:59:59.999000+00:00,1
2026-09-05 08:00:00+00:00,0.5228,0.5228,0.5132,0.5188,36577.0,2026-09-05 11:59:59.999000+00:00,1
2026-09-05 12:00:00+00:00,0.5187,0.5251,0.516,0.5173,123238.0,2026-09-05 15:59:59.999000+00:00,1
2026-09-05 16:00:00+00:00,0.5176,0.5502,0.5148,0.5467,133872.0,2026-09-05 19:59:59.999000+00:00,1
2026-09-05 20:00:00+00:00,0.5462,0.5528,0.532,0.5501,100826.0,2026-09-05 23:59:59.999000+00:00,1
2026-09-06 00:00:00+00:00,0.55,0.5546,0.5431,0.5498,77903.0,2026-09-06 03:59:59.999000+00:00,1
2026-09-06 04:00:00+00:00,0.5493,0.55,0.5379,0.5447,43320.0,2026-09-06 07:59:59.999000+00:00,1
2026-09-06 08:00:00+00:00,0.5446,0.5615,0.5429,0.5565,70037.0,2026-09-06 11:59:59.999000+00:00,1
2026-09-06 12:00:00+00:00,0.5565,0.5571,0.5332,0.539,74700.0,2026-09-06 15:59:59.999000+00:00,1
2026-09-06 16:00:00+00:00,0.539,0.5494,0.5372,0.5465,33175.0,2026-09-06 19:59:59.999000+00:00,1
2026-09-06 20:00:00+00:00,0.5468,0.5653,0.5467,0.554,78883.0,2026-09-06 23:59:59.999000+00:00,1
2026-09-07 00:00:00+00:00,0.5542,0.5581,0.5384,0.5388,48155.0,2026-09-07 03:59:59.999000+00:00,1
2026-09-07 04:00:00+00:00,0.5387,0.5454,0.5331,0.5372,33221.0,2026-09-07 07:59:59.999000+00:00,1
2026-09-07 08:00:00+00:00,0.5375,0.5416,0.5367,0.5401,22798.0,2026-09-07 11:59:59.999000+00:00,1
2026-09-07 12:00:00+00:00,0.5401,0.5932,0.5344,0.56,414931.0,2026-09-07 15:59:59.999000+00:00,1
2026-09-07 16:00:00+00:00,0.5597,0.6354,0.5592,0.629,772920.0,2026-09-07 19:59:59.999000+00:00,1
2026-09-07 20:00:00+00:00,0.6294,0.6503,0.6032,0.6186,740832.0,2026-09-07 23:59:59.999000+00:00,1
2026-09-08 00:00:00+00:00,0.6182,0.6731,0.6136,0.6714,883533.0,2026-09-08 03:59:59.999000+00:00,1
2026-09-08 04:00:00+00:00,0.6713,0.6757,0.6233,0.6345,527268.0,2026-09-08 07:59:59.999000+00:00,1
2026-09-08 08:00:00+00:00,0.6345,0.657,0.6227,0.644,380981.0,2026-09-08 11:59:59.999000+00:00,1
2026-09-08 12:00:00+00:00,0.644,0.6474,0.6174,0.6426,395734.0,2026-09-08 15:59:59.999000+00:00,1
2026-09-08 16:00:00+00:00,0.6425,0.6425,0.6025,0.6064,304258.0,2026-09-08 19:59:59.999000+00:00,1
2026-09-08 20:00:00+00:00,0.6065,0.6189,0.6065,0.615,90736.0,2026-09-08 23:59:59.999000+00:00,1
2026-09-09 00:00:00+00:00,0.6151,0.6217,0.6029,0.6138,179791.0,2026-09-09 03:59:59.999000+00:00,1
2026-09-09 04:00:00+00:00,0.614,0.6252,0.6114,0.6155,136266.0,2026-09-09 07:59:59.999000+00:00,1
2026-09-09 08:00:00+00:00,0.6157,0.6168,0.586,0.6013,208050.0,2026-09-09 11:59:59.999000+00:00,1
2026-09-09 12:00:00+00:00,0.6013,0.6023,0.558,0.5658,572845.0,2026-09-09 15:59:59.999000+00:00,1
2026-09-09 16:00:00+00:00,0.5657,0.5777,0.5534,0.5547,250668.0,2026-09-09 19:59:59.999000+00:00,1
2026-09-09 20:00:00+00:00,0.5548,0.5587,0.5433,0.553,148743.0,2026-09-09 23:59:59.999000+00:00,1
2026-09-10 00:00:00+00:00,0.5529,0.5663,0.5478,0.5651,146318.0,2026-09-10 03:59:59.999000+00:00,1
2026-09-10 04:00:00+00:00,0.565,0.5677,0.5488,0.55,120157.0,2026-09-10 07:59:59.999000+00:00,1
2026-09-10 08:00:00+00:00,0.5499,0.5583,0.5457,0.5536,95212.0,2026-09-10 11:59:59.999000+00:00,1
2026-09-10 12:00:00+00:00,0.5535,0.5596,0.5375,0.555,234631.0,2026-09-10 15:59:59.999000+00:00,1
2026-09-10 16:00:00+00:00,0.5551,0.5576,0.5476,0.5548,71769.0,2026-09-10 19:59:59.999000+00:00,1
2026-09-10 20:00:00+00:00,0.5549,0.5569,0.5412,0.5414,62469.0,2026-09-10 23:59:59.999000+00:00,1
2026-09-11 00:00:00+00:00,0.5415,0.5528,0.5389,0.5437,71935.0,2026-09-11 03:59:59.999000+00:00,1
2026-09-11 04:00:00+00:00,0.5437,0.5567,0.5436,0.5523,55300.0,2026-09-11 07:59:59.999000+00:00,1
2026-09-11 08:00:00+00:00,0.5523,0.5637,0.5406,0.5469,125095.0,2026-09-11 11:59:59.999000+00:00,1
2026-09-11 12:00:00+00:00,0.5468,0.6148,0.5405,0.5916,387225.0,2026-09-11 15:59:59.999000+00:00,1
2026-09-11 16:00:00+00:00,0.5918,0.6158,0.5781,0.5803,271823.0,2026-09-11 19:59:59.999000+00:00,1
2026-09-11 20:00:00+00:00,0.5803,0.588,0.5626,0.5682,136786.0,2026-09-11 23:59:59.999000+00:00,1
2026-09-12 00:00:00+00:00,0.5683,0.5744,0.567,0.5694,34543.0,2026-09-12 03:59:59.999000+00:00,1
2026-09-12 04:00:00+00:00,0.5694,0.58,0.565,0.5758,59526.0,2026-09-12 07:59:59.999000+00:00,1
2026-09-12 08:00:00+00:00,0.5758,0.5828,0.5723,0.5811,47685.0,2026-09-12 11:59:59.999000+00:00,1
2026-09-12 12:00:00+00:00,0.581,0.5812,0.5693,0.5696,38816.0,2026-09-12 15:59:59.999000+00:00,1
2026-09-12 16:00:00+00:00,0.5696,0.5714,0.5632,0.564,38032.0,2026-09-12 19:59:59.999000+00:00,1
2026-09-12 20:00:00+00:00,0.5642,0.5665,0.5598,0.5659,45666.0,2026-09-12 23:59:59.999000+00:00,1
2026-09-13 00:00:00+00:00,0.5658,0.5685,0.5622,0.5628,32257.0,2026-09-13 03:59:59.999000+00:00,1
2026-09-13 04:00:00+00:00,0.5629,0.5666,0.562,0.5631,29383.0,2026-09-13 07:59:59.999000+00:00,1
2026-09-13 08:00:00+00:00,0.563,0.5648,0.5531,0.5607,52301.0,2026-09-13 11:59:59.999000+00:00,1
2026-09-13 12:00:00+00:00,0.5607,0.5652,0.5567,0.5613,29809.0,2026-09-13 15:59:59.999000+00:00,1
2026-09-13 16:00:00+00:00,0.5613,0.5707,0.5613,0.5634,27969.0,2026-09-13 19:59:59.999000+00:00,1
2026-09-13 20:00:00+00:00,0.5637,0.5697,0.5547,0.5556,34402.0,2026-09-13 23:59:59.999000+00:00,1
2026-09-14 00:00:00+00:00,0.5556,0.5776,0.5535,0.5716,74616.0,2026-09-14 03:59:59.999000+00:00,1
2026-09-14 04:00:00+00:00,0.5717,0.5779,0.5683,0.5692,36054.0,2026-09-14 07:59:59.999000+00:00,1
2026-09-14 08:00:00+00:00,0.5692,0.5778,0.5672,0.5737,60713.0,2026-09-14 11:59:59.999000+00:00,1
2026-09-14 12:00:00+00:00,0.5734,0.5848,0.5649,0.5733,84258.0,2026-09-14 15:59:59.999000+00:00,1
2026-09-14 16:00:00+00:00,0.5736,0.581,0.5708,0.5752,47260.0,2026-09-14 19:59:59.999000+00:00,1
2026-09-14 20:00:00+00:00,0.5752,0.5851,0.5686,0.5691,79298.0,2026-09-14 23:59:59.999000+00:00,1
2026-09-15 00:00:00+00:00,0.569,0.57,0.5568,0.5572,41130.0,2026-09-15 03:59:59.999000+00:00,1
2026-09-15 04:00:00+00:00,0.557,0.5584,0.544,0.5445,59779.0,2026-09-15 07:59:59.999000+00:00,1
2026-09-15 08:00:00+00:00,0.5445,0.5526,0.5437,0.5494,37044.0,2026-09-15 11:59:59.999000+00:00,1
2026-09-15 12:00:00+00:00,0.5495,0.5566,0.5345,0.5365,139415.0,2026-09-15 15:59:59.999000+00:00,1
2026-09-15 16:00:00+00:00,0.5368,0.5444,0.5175,0.5309,156385.0,2026-09-15 19:59:59.999000+00:00,1
2026-09-15 20:00:00+00:00,0.531,0.5325,0.5215,0.5251,73147.0,2026-09-15 23:59:59.999000+00:00,1
2026-09-16 00:00:00+00:00,0.5252,0.5312,0.5222,0.5295,49760.0,2026-09-16 03:59:59.999000+00:00,1
2026-09-16 04:00:00+00:00,0.5296,0.5332,0.5266,0.5292,25676.0,2026-09-16 07:59:59.999000+00:00,1
2026-09-16 08:00:00+00:00,0.5291,0.5334,0.5251,0.5304,26904.0,2026-09-16 11:59:59.999000+00:00,1
2026-09-16 12:00:00+00:00,0.5305,0.5335,0.517,0.5237,90669.0,2026-09-16 15:59:59.999000+00:00,1
2026-09-16 16:00:00+00:00,0.5238,0.5415,0.5229,0.5348,72046.0,2026-09-16 19:59:59.999000+00:00,1
2026-09-16 20:00:00+00:00,0.535,0.5546,0.5325,0.5488,98704.0,2026-09-16 23:59:59.999000+00:00,1
2026-09-17 00:00:00+00:00,0.5484,0.5553,0.5458,0.5498,59658.0,2026-09-17 03:59:59.999000+00:00,1
2026-09-17 04:00:00+00:00,0.5501,0.5552,0.5473,0.5523,45923.0,2026-09-17 07:59:59.999000+00:00,1
2026-09-17 08:00:00+00:00,0.5528,0.5587,0.5492,0.5551,79874.0,2026-09-17 11:59:59.999000+00:00,1
2026-09-17 12:00:00+00:00,0.5549,0.6034,0.5544,0.5904,292973.0,2026-09-17 15:59:59.999000+00:00,1
2026-09-17 16:00:00+00:00,0.5905,0.6017,0.5795,0.5828,149551.0,2026-09-17 19:59:59.999000+00:00,1
2026-09-17 20:00:00+00:00,0.583,0.5883,0.5784,0.5869,43303.0,2026-09-17 23:59:59.999000+00:00,1
2026-09-18 00:00:00+00:00,0.5868,0.6073,0.5803,0.6051,85969.0,2026-09-18 03:59:59.999000+00:00,1
2026-09-18 04:00:00+00:00,0.605,0.6516,0.6001,0.6366,168109.0,2026-09-18 07:59:59.999000+00:00,1
2026-09-18 08:00:00+00:00,0.6368,0.6422,0.6167,0.618,89369.0,2026-09-18 11:59:59.999000+00:00,1
2026-09-18 12:00:00+00:00,0.6179,0.6493,0.6145,0.6483,162503.0,2026-09-18 15:59:59.999000+00:00,1
2026-09-18 16:00:00+00:00,0.6484,0.6846,0.6423,0.6709,205526.0,2026-09-18 19:59:59.999000+00:00,1
2026-09-18 20:00:00+00:00,0.6711,0.6927,0.6396,0.6412,213481.0,2026-09-18 23:59:59.999000+00:00,1
2026-09-19 00:00:00+00:00,0.6414,0.6649,0.6341,0.6613,228860.0,2026-09-19 03:59:59.999000+00:00,1
2026-09-19 04:00:00+00:00,0.6612,0.6751,0.6551,0.6684,164831.0,2026-09-19 07:59:59.999000+00:00,1
2026-09-19 08:00:00+00:00,0.6688,0.6864,0.668,0.676,133347.0,2026-09-19 11:59:59.999000+00:00,1
2026-09-19 12:00:00+00:00,0.6762,0.6808,0.6675,0.6723,133064.0,2026-09-19 15:59:59.999000+00:00,1
2026-09-19 16:00:00+00:00,0.6724,0.6745,0.6557,0.662,86195.0,2026-09-19 19:59:59.999000+00:00,1
2026-09-19 20:00:00+00:00,0.6616,0.6644,0.6522,0.6596,88982.0,2026-09-19 23:59:59.999000+00:00,1
2026-09-20 00:00:00+00:00,0.6596,0.67,0.6358,0.6446,220781.0,2026-09-20 03:59:59.999000+00:00,1
2026-09-20 04:00:00+00:00,0.6447,0.6505,0.6392,0.6462,57500.0,2026-09-20 07:59:59.999000+00:00,1
2026-09-20 08:00:00+00:00,0.6464,0.6552,0.6426,0.6483,42980.0,2026-09-20 11:59:59.999000+00:00,1
2026-09-20 12:00:00+00:00,0.6484,0.6613,0.6476,0.6612,108602.0,2026-09-20 15:59:59.999000+00:00,1
2026-09-20 16:00:00+00:00,0.6614,0.6727,0.6527,0.6591,81427.0,2026-09-20 19:59:59.999000+00:00,1
2026-09-20 20:00:00+00:00,0.6594,0.6604,0.6466,0.6595,85646.0,2026-09-20 23:59:59.999000+00:00,1
2026-09-21 00:00:00+00:00,0.6593,0.6928,0.6561,0.6701,259736.0,2026-09-21 03:59:59.999000+00:00,1
2026-09-21 04:00:00+00:00,0.6703,0.6715,0.6588,0.6608,65778.0,2026-09-21 07:59:59.999000+00:00,1
2026-09-21 08:00:00+00:00,0.6604,0.6938,0.6596,0.6921,205399.0,2026-09-21 11:59:59.999000+00:00,1
2026-09-21 12:00:00+00:00,0.6921,0.7002,0.6816,0.6865,136689.0,2026-09-21 15:59:59.999000+00:00,1
2026-09-21 16:00:00+00:00,0.6866,0.6963,0.6662,0.6852,207676.0,2026-09-21 19:59:59.999000+00:00,1
2026-09-21 20:00:00+00:00,0.6855,0.7083,0.6818,0.6993,130991.0,2026-09-21 23:59:59.999000+00:00,1
2026-09-22 00:00:00+00:00,0.6989,0.7053,0.6855,0.6949,102673.0,2026-09-22 03:59:59.999000+00:00,1
2026-09-22 04:00:00+00:00,0.6948,0.6955,0.6782,0.6889,65191.0,2026-09-22 07:59:59.999000+00:00,1
2026-09-22 08:00:00+00:00,0.6893,0.72,0.6888,0.6905,140145.0,2026-09-22 11:59:59.999000+00:00,1
2026-09-22 12:00:00+00:00,0.6904,0.7006,0.6768,0.6866,199417.0,2026-09-22 15:59:59.999000+00:00,1
2026-09-22 16:00:00+00:00,0.687,0.6874,0.6731,0.6812,93408.0,2026-09-22 19:59:59.999000+00:00,1
2026-09-22 20:00:00+00:00,0.6815,0.6894,0.6786,0.6846,63434.0,2026-09-22 23:59:59.999000+00:00,1
2026-09-23 00:00:00+00:00,0.6846,0.7383,0.6827,0.7293,325066.0,2026-09-23 03:59:59.999000+00:00,1
2026-09-23 04:00:00+00:00,0.7292,0.7355,0.7137,0.7143,124194.0,2026-09-23 07:59:59.999000+00:00,1
2026-09-23 08:00:00+00:00,0.7141,0.7277,0.6887,0.6975,127962.0,2026-09-23 11:59:59.999000+00:00,1
2026-09-23 12:00:00+00:00,0.6978,0.7196,0.6556,0.6563,320906.0,2026-09-23 15:59:59.999000+00:00,1
2026-09-23 16:00:00+00:00,0.6567,0.6841,0.6453,0.6814,132986.0,2026-09-23 19:59:59.999000+00:00,1
2026-09-23 20:00:00+00:00,0.6816,0.6821,0.6616,0.6631,62291.0,2026-09-23 23:59:59.999000+00:00,1
2026-09-24 00:00:00+00:00,0.663,0.6817,0.663,0.6784,64210.0,2026-09-24 03:59:59.999000+00:00,1
2026-09-24 04:00:00+00:00,0.6786,0.689,0.6739,0.6843,43515.0,2026-09-24 07:59:59.999000+00:00,1
2026-09-24 08:00:00+00:00,0.6843,0.6853,0.6535,0.6768,107568.0,2026-09-24 11:59:59.999000+00:00,1
2026-09-24 12:00:00+00:00,0.6768,0.7267,0.6689,0.7109,200838.0,2026-09-24 15:59:59.999000+00:00,1
2026-09-24 16:00:00+00:00,0.7105,0.7132,0.6937,0.7024,83627.0,2026-09-24 19:59:59.999000+00:00,1
2026-09-24 20:00:00+00:00,0.7023,0.7048,0.6838,0.6951,58944.0,2026-09-24 23:59:59.999000+00:00,1
2026-09-25 00:00:00+00:00,0.6949,0.7037,0.6908,0.6961,65403.0,2026-09-25 03:59:59.999000+00:00,1
2026-09-25 04:00:00+00:00,0.6965,0.7287,0.6945,0.7284,77332.0,2026-09-25 07:59:59.999000+00:00,1
2026-09-25 08:00:00+00:00,0.7287,0.7926,0.7271,0.7846,363857.0,2026-09-25 11:59:59.999000+00:00,1
2026-09-25 12:00:00+00:00,0.785,0.8103,0.7682,0.7956,417387.0,2026-09-25 15:59:59.999000+00:00,1
2026-09-25 16:00:00+00:00,0.7959,0.8686,0.7951,0.8291,733429.0,2026-09-25 19:59:59.999000+00:00,1
2026-09-25 20:00:00+00:00,0.8291,0.8644,0.8241,0.85,257456.0,2026-09-25 23:59:59.999000+00:00,1
2026-09-26 00:00:00+00:00,0.8503,0.9036,0.827,0.884,745240.0,2026-09-26 03:59:59.999000+00:00,1
2026-09-26 04:00:00+00:00,0.8842,0.9169,0.8708,0.8765,713749.0,2026-09-26 07:59:59.999000+00:00,1
2026-09-26 08:00:00+00:00,0.8765,0.9325,0.8761,0.9247,442867.0,2026-09-26 11:59:59.999000+00:00,1
2026-09-26 12:00:00+00:00,0.9246,0.9323,0.8928,0.8966,349151.0,2026-09-26 15:59:59.999000+00:00,1
2026-09-26 16:00:00+00:00,0.8964,0.898,0.8708,0.8829,258307.0,2026-09-26 19:59:59.999000+00:00,1
2026-09-26 20:00:00+00:00,0.883,0.8831,0.8616,0.8674,183869.0,2026-09-26 23:59:59.999000+00:00,1
2026-09-27 00:00:00+00:00,0.8673,0.8783,0.8611,0.8653,87865.0,2026-09-27 03:59:59.999000+00:00,1
2026-09-27 04:00:00+00:00,0.8652,0.8754,0.8553,0.8675,185147.0,2026-09-27 07:59:59.999000+00:00,1
2026-09-27 08:00:00+00:00,0.8677,0.8772,0.8491,0.8527,267359.0,2026-09-27 11:59:59.999000+00:00,1
2026-09-27 12:00:00+00:00,0.8528,0.8576,0.8267,0.8283,165122.0,2026-09-27 15:59:59.999000+00:00,1
2026-09-27 16:00:00+00:00,0.8283,0.8632,0.8264,0.8503,187174.0,2026-09-27 19:59:59.999000+00:00,1
2026-09-27 20:00:00+00:00,0.8504,0.8534,0.8356,0.8429,73437.0,2026-09-27 23:59:59.999000+00:00,1
2026-09-28 00:00:00+00:00,0.8429,0.8459,0.803,0.8039,162446.0,2026-09-28 03:59:59.999000+00:00,1
2026-09-28 04:00:00+00:00,0.8039,0.8058,0.7817,0.7833,165522.0,2026-09-28 07:59:59.999000+00:00,1
2026-09-28 08:00:00+00:00,0.7835,0.7974,0.7676,0.785,158096.0,2026-09-28 11:59:59.999000+00:00,1
2026-09-28 12:00:00+00:00,0.785,0.8024,0.7668,0.7905,209920.0,2026-09-28 15:59:59.999000+00:00,1
2026-09-28 16:00:00+00:00,0.7905,0.8292,0.7895,0.8204,244285.0,2026-09-28 19:59:59.999000+00:00,1
2026-09-28 20:00:00+00:00,0.8203,0.833,0.8013,0.8252,144378.0,2026-09-28 23:59:59.999000+00:00,1
2026-09-29 00:00:00+00:00,0.8249,0.8315,0.7923,0.825,123621.0,2026-09-29 03:59:59.999000+00:00,1
2026-09-29 04:00:00+00:00,0.8252,0.8572,0.818,0.8529,193033.0,2026-09-29 07:59:59.999000+00:00,1
2026-09-29 08:00:00+00:00,0.8531,0.8552,0.8256,0.8281,211286.0,2026-09-29 11:59:59.999000+00:00,1
2026-09-29 12:00:00+00:00,0.8281,0.8337,0.7961,0.7987,220072.0,2026-09-29 15:59:59.999000+00:00,1
2026-09-29 16:00:00+00:00,0.7988,0.8205,0.7899,0.8168,198130.0,2026-09-29 19:59:59.999000+00:00,1
2026-09-29 20:00:00+00:00,0.8167,0.8215,0.81,0.8112,102961.0,2026-09-29 23:59:59.999000+00:00,1
2026-09-30 00:00:00+00:00,0.8115,0.8199,0.7999,0.8026,106764.0,2026-09-30 03:59:59.999000+00:00,1
2026-09-30 04:00:00+00:00,0.8026,0.8186,0.7963,0.8117,121700.0,2026-09-30 07:59:59.999000+00:00,1
2026-09-30 08:00:00+00:00,0.8118,0.8135,0.797,0.8083,85453.0,2026-09-30 11:59:59.999000+00:00,1
2026-09-30 12:00:00+00:00,0.8083,0.8408,0.8028,0.8125,244366.0,2026-09-30 15:59:59.999000+00:00,1
2026-09-30 16:00:00+00:00,0.8124,0.8258,0.7975,0.805,111547.0,2026-09-30 19:59:59.999000+00:00,1
2026-09-30 20:00:00+00:00,0.8051,0.8254,0.8032,0.825,111632.0,2026-09-30 23:59:59.999000+00:00,1
2026-10-01 00:00:00+00:00,0.8247,0.833,0.8087,0.8158,89318.0,2026-10-01 03:59:59.999000+00:00,1
2026-10-01 04:00:00+00:00,0.816,0.8508,0.8108,0.8111,172253.0,2026-10-01 07:59:59.999000+00:00,1
2026-10-01 08:00:00+00:00,0.8114,0.8133,0.7941,0.808,131285.0,2026-10-01 11:59:59.999000+00:00,1
2026-10-01 12:00:00+00:00,0.8082,0.8155,0.7763,0.7811,204901.0,2026-10-01 15:59:59.999000+00:00,1
2026-10-01 16:00:00+00:00,0.7808,0.8021,0.7726,0.7794,146785.0,2026-10-01 19:59:59.999000+00:00,1
2026-10-01 20:00:00+00:00,0.7795,0.7954,0.7795,0.7913,62815.0,2026-10-01 23:59:59.999000+00:00,1
2026-10-02 00:00:00+00:00,0.7915,0.8072,0.7872,0.8026,85089.0,2026-10-02 03:59:59.999000+00:00,1
2026-10-02 04:00:00+00:00,0.8028,0.8077,0.7816,0.7918,123435.0,2026-10-02 07:59:59.999000+00:00,1
2026-10-02 08:00:00+00:00,0.7919,0.8002,0.7872,0.7958,97856.0,2026-10-02 11:59:59.999000+00:00,1
2026-10-02 12:00:00+00:00,0.7957,0.8014,0.7748,0.7796,160194.0,2026-10-02 15:59:59.999000+00:00,1
2026-10-02 16:00:00+00:00,0.7794,0.7902,0.7629,0.7762,169191.0,2026-10-02 19:59:59.999000+00:00,1
2026-10-02 20:00:00+00:00,0.7764,0.7998,0.7697,0.7922,82838.0,2026-10-02 23:59:59.999000+00:00,1
2026-10-03 00:00:00+00:00,0.7925,0.796,0.7848,0.7888,58935.0,2026-10-03 03:59:59.999000+00:00,1
2026-10-03 04:00:00+00:00,0.7889,0.7987,0.7833,0.7933,46827.0,2026-10-03 07:59:59.999000+00:00,1
2026-10-03 08:00:00+00:00,0.7933,0.807,0.7912,0.7982,91557.0,2026-10-03 11:59:59.999000+00:00,1
2026-10-03 12:00:00+00:00,0.7983,0.8014,0.7887,0.7967,53365.0,2026-10-03 15:59:59.999000+00:00,1
2026-10-03 16:00:00+00:00,0.7968,0.83,0.7953,0.8283,155680.0,2026-10-03 19:59:59.999000+00:00,1
2026-10-03 20:00:00+00:00,0.8288,0.8605,0.8273,0.8478,218668.0,2026-10-03 23:59:59.999000+00:00,1
2026-10-04 00:00:00+00:00,0.8476,0.8512,0.8286,0.8315,109222.0,2026-10-04 03:59:59.999000+00:00,1
2026-10-04 04:00:00+00:00,0.8317,0.855,0.8307,0.855,103942.0,2026-10-04 07:59:59.999000+00:00,1
2026-10-04 08:00:00+00:00,0.8548,0.876,0.8471,0.8481,211264.0,2026-10-04 11:59:59.999000+00:00,1
2026-10-04 12:00:00+00:00,0.8481,0.8698,0.8422,0.8561,138849.0,2026-10-04 15:59:59.999000+00:00,1
2026-10-04 16:00:00+00:00,0.8563,0.8737,0.8554,0.8631,63178.0,2026-10-04 19:59:59.999000+00:00,1
2026-10-04 20:00:00+00:00,0.8633,0.8903,0.8557,0.8775,87060.0,2026-10-04 23:59:59.999000+00:00,1
2026-10-05 00:00:00+00:00,0.8774,0.88,0.852,0.8562,127919.0,2026-10-05 03:59:59.999000+00:00,1
2026-10-05 04:00:00+00:00,0.8566,0.8679,0.8456,0.8601,82285.0,2026-10-05 07:59:59.999000+00:00,1
2026-10-05 08:00:00+00:00,0.8595,0.8676,0.8451,0.8586,56695.0,2026-10-05 11:59:59.999000+00:00,1
2026-10-05 12:00:00+00:00,0.8584,0.869,0.8486,0.8524,86699.0,2026-10-05 15:59:59.999000+00:00,1
2026-10-05 16:00:00+00:00,0.8525,0.8584,0.8451,0.8494,63446.0,2026-10-05 19:59:59.999000+00:00,1
2026-10-05 20:00:00+00:00,0.8496,0.8525,0.8424,0.8458,41140.0,2026-10-05 23:59:59.999000+00:00,1
2026-10-06 00:00:00+00:00,0.8456,0.8546,0.8332,0.8388,66982.0,2026-10-06 03:59:59.999000+00:00,1
2026-10-06 04:00:00+00:00,0.8391,0.852,0.8241,0.8445,98567.0,2026-10-06 07:59:59.999000+00:00,1
2026-10-06 08:00:00+00:00,0.8448,0.8608,0.8404,0.8404,107111.0,2026-10-06 11:59:59.999000+00:00,1
2026-10-06 12:00:00+00:00,0.8404,0.8485,0.8163,0.8164,99902.0,2026-10-06 15:59:59.999000+00:00,1
2026-10-06 16:00:00+00:00,0.8162,0.8203,0.7957,0.8114,189957.0,2026-10-06 19:59:59.999000+00:00,1
2026-10-06 20:00:00+00:00,0.8114,0.815,0.8039,0.8042,40072.0,2026-10-06 23:59:59.999000+00:00,1
2026-10-07 00:00:00+00:00,0.8044,0.8084,0.7811,0.7886,152945.0,2026-10-07 03:59:59.999000+00:00,1
2026-10-07 04:00:00+00:00,0.7888,0.7981,0.7824,0.7902,78301.0,2026-10-07 07:59:59.999000+00:00,1
2026-10-07 08:00:00+00:00,0.7907,0.8044,0.7861,0.7979,113265.0,2026-10-07 11:59:59.999000+00:00,1
2026-10-07 12:00:00+00:00,0.7979,0.8028,0.7781,0.801,167280.0,2026-10-07 15:59:59.999000+00:00,1
2026-10-07 16:00:00+00:00,0.8009,0.8036,0.7821,0.7967,83848.0,2026-10-07 19:59:59.999000+00:00,1
2026-10-07 20:00:00+00:00,0.7972,0.8059,0.7861,0.7955,53162.0,2026-10-07 23:59:59.999000+00:00,1
2026-10-08 00:00:00+00:00,0.7954,0.8087,0.794,0.7955,68421.0,2026-10-08 03:59:59.999000+00:00,1
2026-10-08 04:00:00+00:00,0.7958,0.7964,0.7687,0.7746,137738.0,2026-10-08 07:59:59.999000+00:00,1
2026-10-08 08:00:00+00:00,0.7745,0.7831,0.7693,0.7771,65862.0,2026-10-08 11:59:59.999000+00:00,1
2026-10-08 12:00:00+00:00,0.7771,0.8397,0.7705,0.7899,540121.0,2026-10-08 15:59:59.999000+00:00,1
2026-10-08 16:00:00+00:00,0.7896,0.8273,0.7796,0.8256,271811.0,2026-10-08 19:59:59.999000+00:00,1
2026-10-08 20:00:00+00:00,0.8264,0.8422,0.8118,0.8306,130149.0,2026-10-08 23:59:59.999000+00:00,1
2026-10-09 00:00:00+00:00,0.8308,0.8589,0.8177,0.8473,159177.0,2026-10-09 03:59:59.999000+00:00,1
2026-10-09 04:00:00+00:00,0.8478,0.8494,0.8115,0.8138,146602.0,2026-10-09 07:59:59.999000+00:00,1
2026-10-09 08:00:00+00:00,0.8136,0.8215,0.8071,0.8126,101919.0,2026-10-09 11:59:59.999000+00:00,1
2026-10-09 12:00:00+00:00,0.8124,0.8184,0.794,0.8145,96225.0,2026-10-09 15:59:59.999000+00:00,1
2026-10-09 16:00:00+00:00,0.8141,0.8224,0.793,0.7941,84452.0,2026-10-09 19:59:59.999000+00:00,1
2026-10-09 20:00:00+00:00,0.7942,0.8072,0.7916,0.8,70104.0,2026-10-09 23:59:59.999000+00:00,1
2026-10-10 00:00:00+00:00,0.8,0.8148,0.7994,0.8077,64801.0,2026-10-10 03:59:59.999000+00:00,1
2026-10-10 04:00:00+00:00,0.8077,0.8448,0.8077,0.8448,104386.0,2026-10-10 07:59:59.999000+00:00,1
2026-10-10 08:00:00+00:00,0.8445,0.8703,0.8429,0.8695,165886.0,2026-10-10 11:59:59.999000+00:00,1
2026-10-10 12:00:00+00:00,0.8694,0.922,0.8688,0.9157,780416.0,2026-10-10 15:59:59.999000+00:00,1
2026-10-10 16:00:00+00:00,0.9159,0.9325,0.8891,0.9281,279829.0,2026-10-10 19:59:59.999000+00:00,1
2026-10-10 20:00:00+00:00,0.9282,0.9409,0.9141,0.9361,131162.0,2026-10-10 23:59:59.999000+00:00,0
