ts,open,high,low,close,volume,close_time,confirm
2026-03-19 20:00:00+00:00,0.09354,0.0948,0.09338,0.09463,12774202.0,2026-03-19 23:59:59.999000+00:00,1
2026-03-20 00:00:00+00:00,0.09465,0.09681,0.09432,0.09465,56087209.0,2026-03-20 03:59:59.999000+00:00,1
2026-03-20 04:00:00+00:00,0.09466,0.09573,0.09417,0.09507,29644079.0,2026-03-20 07:59:59.999000+00:00,1
2026-03-20 08:00:00+00:00,0.09506,0.09516,0.09404,0.09463,32376918.0,2026-03-20 11:59:59.999000+00:00,1
2026-03-20 12:00:00+00:00,0.09464,0.09485,0.09327,0.09405,22205070.0,2026-03-20 15:59:59.999000+00:00,1
2026-03-20 16:00:00+00:00,0.09404,0.09432,0.09302,0.09367,24984347.0,2026-03-20 19:59:59.999000+00:00,1
2026-03-20 20:00:00+00:00,0.09369,0.09471,0.09273,0.09389,11099501.0,2026-03-20 23:59:59.999000+00:00,1
2026-03-21 00:00:00+00:00,0.0939,0.09488,0.0939,0.09461,19033530.0,2026-03-21 03:59:59.999000+00:00,1
2026-03-21 04:00:00+00:00,0.09462,0.09522,0.09431,0.09462,26731267.0,2026-03-21 07:59:59.999000+00:00,1
2026-03-21 08:00:00+00:00,0.09461,0.09478,0.09356,0.09365,17195314.0,2026-03-21 11:59:59.999000+00:00,1
2026-03-21 12:00:00+00:00,0.09364,0.09503,0.0931,0.09503,30034779.0,2026-03-21 15:59:59.999000+00:00,1
2026-03-21 16:00:00+00:00,0.09503,0.09509,0.093,0.09315,20096671.0,2026-03-21 19:59:59.999000+00:00,1
2026-03-21 20:00:00+00:00,0.09315,0.09371,0.08895,0.0899,76800266.0,2026-03-21 23:59:59.999000+00:00,1
2026-03-22 00:00:00+00:00,0.08988,0.09128,0.0874,0.09056,72504089.0,2026-03-22 03:59:59.999000+00:00,1
2026-03-22 04:00:00+00:00,0.09055,0.09182,0.08998,0.08998,21074159.0,2026-03-22 07:59:59.999000+00:00,1
2026-03-22 08:00:00+00:00,0.08999,0.09051,0.08901,0.08909,33572889.0,2026-03-22 11:59:59.999000+00:00,1
2026-03-22 12:00:00+00:00,0.08909,0.08992,0.08888,0.08939,27658324.0,2026-03-22 15:59:59.999000+00:00,1
2026-03-22 16:00:00+00:00,0.08938,0.0896,0.0877,0.08824,42846528.0,2026-03-22 19:59:59.999000+00:00,1
2026-03-22 20:00:00+00:00,0.08824,0.08862,0.08653,0.08792,43118338.0,2026-03-22 23:59:59.999000+00:00,1
2026-03-23 00:00:00+00:00,0.08792,0.0894,0.08786,0.08863,47291200.0,2026-03-23 03:59:59.999000+00:00,1
2026-03-23 04:00:00+00:00,0.08865,0.08957,0.08747,0.08807,35765706.0,2026-03-23 07:59:59.999000+00:00,1
2026-03-23 08:00:00+00:00,0.08809,0.09216,0.08761,0.09106,79153819.0,2026-03-23 11:59:59.999000+00:00,1
2026-03-23 12:00:00+00:00,0.09107,0.09281,0.09062,0.09171,51426168.0,2026-03-23 15:59:59.999000+00:00,1
2026-03-23 16:00:00+00:00,0.09171,0.09197,0.09044,0.09056,47118856.0,2026-03-23 19:59:59.999000+00:00,1
2026-03-23 20:00:00+00:00,0.09055,0.09154,0.09014,0.09093,22937042.0,2026-03-23 23:59:59.999000+00:00,1
2026-03-24 00:00:00+00:00,0.09096,0.0913,0.08961,0.08987,25696958.0,2026-03-24 03:59:59.999000+00:00,1
2026-03-24 04:00:00+00:00,0.08986,0.09074,0.08932,0.09059,25406831.0,2026-03-24 07:59:59.999000+00:00,1
2026-03-24 08:00:00+00:00,0.0906,0.09119,0.09009,0.0904,20444959.0,2026-03-24 11:59:59.999000+00:00,1
2026-03-24 12:00:00+00:00,0.0904,0.09093,0.08905,0.08946,28241880.0,2026-03-24 15:59:59.999000+00:00,1
2026-03-24 16:00:00+00:00,0.08946,0.08987,0.08822,0.08875,32856981.0,2026-03-24 19:59:59.999000+00:00,1
2026-03-24 20:00:00+00:00,0.08875,0.09029,0.08867,0.0898,26502933.0,2026-03-24 23:59:59.999000+00:00,1
2026-03-25 00:00:00+00:00,0.0898,0.09055,0.08942,0.09028,49619479.0,2026-03-25 03:59:59.999000+00:00,1
2026-03-25 04:00:00+00:00,0.09028,0.0905,0.08956,0.09005,15114447.0,2026-03-25 07:59:59.999000+00:00,1
2026-03-25 08:00:00+00:00,0.09006,0.09148,0.08991,0.09133,29481099.0,2026-03-25 11:59:59.999000+00:00,1
2026-03-25 12:00:00+00:00,0.09136,0.09199,0.09021,0.09058,37302614.0,2026-03-25 15:59:59.999000+00:00,1
2026-03-25 16:00:00+00:00,0.09058,0.09116,0.09007,0.09022,25274120.0,2026-03-25 19:59:59.999000+00:00,1
2026-03-25 20:00:00+00:00,0.09024,0.09024,0.08853,0.09003,43963055.0,2026-03-25 23:59:59.999000+00:00,1
2026-03-26 00:00:00+00:00,0.09002,0.09013,0.08847,0.08878,45843612.0,2026-03-26 03:59:59.999000+00:00,1
2026-03-26 04:00:00+00:00,0.08878,0.08889,0.08753,0.08769,56502103.0,2026-03-26 07:59:59.999000+00:00,1
2026-03-26 08:00:00+00:00,0.08769,0.08797,0.08656,0.08713,43118645.0,2026-03-26 11:59:59.999000+00:00,1
2026-03-26 12:00:00+00:00,0.08714,0.0888,0.08704,0.08759,32062490.0,2026-03-26 15:59:59.999000+00:00,1
2026-03-26 16:00:00+00:00,0.08758,0.08774,0.08637,0.08664,39476359.0,2026-03-26 19:59:59.999000+00:00,1
2026-03-26 20:00:00+00:00,0.08669,0.0884,0.08646,0.08756,37851368.0,2026-03-26 23:59:59.999000+00:00,1
2026-03-27 00:00:00+00:00,0.08755,0.08877,0.08731,0.0884,33182894.0,2026-03-27 03:59:59.999000+00:00,1
2026-03-27 04:00:00+00:00,0.08841,0.09043,0.08761,0.09027,48201441.0,2026-03-27 07:59:59.999000+00:00,1
2026-03-27 08:00:00+00:00,0.09025,0.09173,0.08638,0.08704,155327490.0,2026-03-27 11:59:59.999000+00:00,1
2026-03-27 12:00:00+00:00,0.08705,0.08751,0.08534,0.08669,88209671.0,2026-03-27 15:59:59.999000+00:00,1
2026-03-27 16:00:00+00:00,0.08667,0.08838,0.0863,0.0872,81639838.0,2026-03-27 19:59:59.999000+00:00,1
2026-03-27 20:00:00+00:00,0.08718,0.08765,0.08685,0.08698,32178720.0,2026-03-27 23:59:59.999000+00:00,1
2026-03-28 00:00:00+00:00,0.08697,0.0871,0.08527,0.08562,43402627.0,2026-03-28 03:59:59.999000+00:00,1
2026-03-28 04:00:00+00:00,0.08561,0.08677,0.08536,0.08676,17547075.0,2026-03-28 07:59:59.999000+00:00,1
2026-03-28 08:00:00+00:00,0.08676,0.08697,0.08548,0.08601,23975921.0,2026-03-28 11:59:59.999000+00:00,1
2026-03-28 12:00:00+00:00,0.086,0.08774,0.08565,0.08683,34367361.0,2026-03-28 15:59:59.999000+00:00,1
2026-03-28 16:00:00+00:00,0.08684,0.08799,0.08684,0.08753,32160869.0,2026-03-28 19:59:59.999000+00:00,1
2026-03-28 20:00:00+00:00,0.08755,0.08782,0.08573,0.08615,22951146.0,2026-03-28 23:59:59.999000+00:00,1
2026-03-29 00:00:00+00:00,0.08614,0.08676,0.08545,0.0866,25884498.0,2026-03-29 03:59:59.999000+00:00,1
2026-03-29 04:00:00+00:00,0.08659,0.08676,0.08607,0.08607,14702925.0,2026-03-29 07:59:59.999000+00:00,1
2026-03-29 08:00:00+00:00,0.08606,0.08645,0.08473,0.0851,35812366.0,2026-03-29 11:59:59.999000+00:00,1
2026-03-29 12:00:00+00:00,0.08509,0.08551,0.08426,0.08528,75868752.0,2026-03-29 15:59:59.999000+00:00,1
2026-03-29 16:00:00+00:00,0.08527,0.08545,0.08348,0.08425,53510302.0,2026-03-29 19:59:59.999000+00:00,1
2026-03-29 20:00:00+00:00,0.08424,0.08499,0.0807,0.08326,73885412.0,2026-03-29 23:59:59.999000+00:00,1
2026-03-30 00:00:00+00:00,0.08328,0.08526,0.08306,0.0847,49991953.0,2026-03-30 03:59:59.999000+00:00,1
2026-03-30 04:00:00+00:00,0.08469,0.08643,0.08467,0.08635,30200343.0,2026-03-30 07:59:59.999000+00:00,1
2026-03-30 08:00:00+00:00,0.08637,0.08686,0.08516,0.08586,36603232.0,2026-03-30 11:59:59.999000+00:00,1
2026-03-30 12:00:00+00:00,0.08587,0.08646,0.0854,0.08625,37972503.0,2026-03-30 15:59:59.999000+00:00,1
2026-03-30 16:00:00+00:00,0.08625,0.08674,0.08384,0.08458,59740132.0,2026-03-30 19:59:59.999000+00:00,1
2026-03-30 20:00:00+00:00,0.08458,0.08525,0.08356,0.08389,26445469.0,2026-03-30 23:59:59.999000+00:00,1
2026-03-31 00:00:00+00:00,0.08388,0.08561,0.08388,0.08446,62765914.0,2026-03-31 03:59:59.999000+00:00,1
2026-03-31 04:00:00+00:00,0.08448,0.08464,0.08342,0.08439,88529792.0,2026-03-31 07:59:59.999000+00:00,1
2026-03-31 08:00:00+00:00,0.08441,0.0846,0.08213,0.0833,87065159.0,2026-03-31 11:59:59.999000+00:00,1
2026-03-31 12:00:00+00:00,0.08331,0.08436,0.08268,0.08318,43564888.0,2026-03-31 15:59:59.999000+00:00,1
2026-03-31 16:00:00+00:00,0.08318,0.08603,0.08295,0.08579,63169873.0,2026-03-31 19:59:59.999000+00:00,1
2026-03-31 20:00:00+00:00,0.08579,0.0874,0.08542,0.08614,69730189.0,2026-03-31 23:59:59.999000+00:00,1
2026-04-01 00:00:00+00:00,0.08611,0.08639,0.08502,0.08596,43855666.0,2026-04-01 03:59:59.999000+00:00,1
2026-04-01 04:00:00+00:00,0.08596,0.09092,0.08555,0.09067,108403068.0,2026-04-01 07:59:59.999000+00:00,1
2026-04-01 08:00:00+00:00,0.09067,0.09209,0.08942,0.09153,155181513.0,2026-04-01 11:59:59.999000+00:00,1
2026-04-01 12:00:00+00:00,0.09153,0.09677,0.08969,0.09145,276514454.0,2026-04-01 15:59:59.999000+00:00,1
2026-04-01 16:00:00+00:00,0.09146,0.09182,0.08933,0.08963,73037649.0,2026-04-01 19:59:59.999000+00:00,1
2026-04-01 20:00:00+00:00,0.08964,0.09007,0.08839,0.08876,70710919.0,2026-04-01 23:59:59.999000+00:00,1
2026-04-02 00:00:00+00:00,0.08876,0.08986,0.08529,0.08568,64294754.0,2026-04-02 03:59:59.999000+00:00,1
2026-04-02 04:00:00+00:00,0.08566,0.08611,0.08485,0.08518,69767943.0,2026-04-02 07:59:59.999000+00:00,1
2026-04-02 08:00:00+00:00,0.08517,0.08526,0.08325,0.08392,73143420.0,2026-04-02 11:59:59.999000+00:00,1
2026-04-02 12:00:00+00:00,0.08392,0.0844,0.08221,0.08358,88170456.0,2026-04-02 15:59:59.999000+00:00,1
2026-04-02 16:00:00+00:00,0.08357,0.08381,0.08249,0.08284,56315278.0,2026-04-02 19:59:59.999000+00:00,1
2026-04-02 20:00:00+00:00,0.08285,0.08293,0.08126,0.08263,47630784.0,2026-04-02 23:59:59.999000+00:00,1
2026-04-03 00:00:00+00:00,0.08264,0.08684,0.0825,0.08552,113246588.0,2026-04-03 03:59:59.999000+00:00,1
2026-04-03 04:00:00+00:00,0.08553,0.0882,0.08507,0.08707,132847304.0,2026-04-03 07:59:59.999000+00:00,1
2026-04-03 08:00:00+00:00,0.08709,0.09146,0.08709,0.09102,211839965.0,2026-04-03 11:59:59.999000+00:00,1
2026-04-03 12:00:00+00:00,0.09103,0.0914,0.08861,0.08882,120241726.0,2026-04-03 15:59:59.999000+00:00,1
2026-04-03 16:00:00+00:00,0.08882,0.0892,0.08792,0.08874,47757933.0,2026-04-03 19:59:59.999000+00:00,1
2026-04-03 20:00:00+00:00,0.08875,0.09432,0.08773,0.08784,225279525.0,2026-04-03 23:59:59.999000+00:00,1
2026-04-04 00:00:00+00:00,0.08784,0.08807,0.0866,0.08674,61865578.0,2026-04-04 03:59:59.999000+00:00,1
2026-04-04 04:00:00+00:00,0.08673,0.08673,0.08505,0.08524,86807024.0,2026-04-04 07:59:59.999000+00:00,1
2026-04-04 08:00:00+00:00,0.08525,0.08603,0.08492,0.08565,51160589.0,2026-04-04 11:59:59.999000+00:00,1
2026-04-04 12:00:00+00:00,0.08566,0.08618,0.08471,0.08571,56629221.0,2026-04-04 15:59:59.999000+00:00,1
2026-04-04 16:00:00+00:00,0.0857,0.08681,0.08537,0.08572,51761731.0,2026-04-04 19:59:59.999000+00:00,1
2026-04-04 20:00:00+00:00,0.08572,0.08616,0.08531,0.08597,20125334.0,2026-04-04 23:59:59.999000+00:00,1
2026-04-05 00:00:00+00:00,0.08598,0.08659,0.08497,0.08529,30389734.0,2026-04-05 03:59:59.999000+00:00,1
2026-04-05 04:00:00+00:00,0.08529,0.08543,0.08327,0.08358,55745173.0,2026-04-05 07:59:59.999000+00:00,1
2026-04-05 08:00:00+00:00,0.08358,0.08403,0.08306,0.08332,51459472.0,2026-04-05 11:59:59.999000+00:00,1
2026-04-05 12:00:00+00:00,0.08331,0.08433,0.08243,0.08355,65015362.0,2026-04-05 15:59:59.999000+00:00,1
2026-04-05 16:00:00+00:00,0.08354,0.084,0.08315,0.08356,41549119.0,2026-04-05 19:59:59.999000+00:00,1
2026-04-05 20:00:00+00:00,0.08356,0.08576,0.08309,0.08573,52412212.0,2026-04-05 23:59:59.999000+00:00,1
2026-04-06 00:00:00+00:00,0.08574,0.08669,0.08552,0.08624,64866368.0,2026-04-06 03:59:59.999000+00:00,1
2026-04-06 04:00:00+00:00,0.08624,0.08703,0.08534,0.08541,45272045.0,2026-04-06 07:59:59.999000+00:00,1
2026-04-06 08:00:00+00:00,0.08543,0.08716,0.08541,0.08702,75463636.0,2026-04-06 11:59:59.999000+00:00,1
2026-04-06 12:00:00+00:00,0.08703,0.08725,0.08531,0.08612,55912981.0,2026-04-06 15:59:59.999000+00:00,1
2026-04-06 16:00:00+00:00,0.08613,0.08624,0.08391,0.08464,61328873.0,2026-04-06 19:59:59.999000+00:00,1
2026-04-06 20:00:00+00:00,0.08464,0.08499,0.08262,0.08316,57067997.0,2026-04-06 23:59:59.999000+00:00,1
2026-04-07 00:00:00+00:00,0.08315,0.08354,0.08236,0.08313,59163607.0,2026-04-07 03:59:59.999000+00:00,1
2026-04-07 04:00:00+00:00,0.08313,0.08428,0.08284,0.08402,53168128.0,2026-04-07 07:59:59.999000+00:00,1
2026-04-07 08:00:00+00:00,0.08402,0.08441,0.08273,0.08286,74321538.0,2026-04-07 11:59:59.999000+00:00,1
2026-04-07 12:00:00+00:00,0.08286,0.08338,0.08159,0.08298,86684975.0,2026-04-07 15:59:59.999000+00:00,1
2026-04-07 16:00:00+00:00,0.08297,0.08574,0.08285,0.08574,65754336.0,2026-04-07 19:59:59.999000+00:00,1
2026-04-07 20:00:00+00:00,0.08575,0.0919,0.08567,0.09078,110511147.0,2026-04-07 23:59:59.999000+00:00,1
2026-04-08 00:00:00+00:00,0.09079,0.09228,0.09016,0.09174,99431314.0,2026-04-08 03:59:59.999000+00:00,1
2026-04-08 04:00:00+00:00,0.09175,0.09223,0.09007,0.09047,66222616.0,2026-04-08 07:59:59.999000+00:00,1
2026-04-08 08:00:00+00:00,0.09047,0.09076,0.08921,0.08977,62461912.0,2026-04-08 11:59:59.999000+00:00,1
2026-04-08 12:00:00+00:00,0.08978,0.09011,0.0881,0.0893,45946815.0,2026-04-08 15:59:59.999000+00:00,1
2026-04-08 16:00:00+00:00,0.08929,0.08987,0.08806,0.08873,29752814.0,2026-04-08 19:59:59.999000+00:00,1
2026-04-08 20:00:00+00:00,0.08873,0.0898,0.08755,0.08792,23178264.0,2026-04-08 23:59:59.999000+00:00,1
2026-04-09 00:00:00+00:00,0.0879,0.08823,0.08679,0.08754,61456028.0,2026-04-09 03:59:59.999000+00:00,1
2026-04-09 04:00:00+00:00,0.08753,0.0885,0.08706,0.08806,23112668.0,2026-04-09 07:59:59.999000+00:00,1
2026-04-09 08:00:00+00:00,0.08805,0.08907,0.08762,0.0887,47285333.0,2026-04-09 11:59:59.999000+00:00,1
2026-04-09 12:00:00+00:00,0.08869,0.0908,0.08818,0.09022,47877793.0,2026-04-09 15:59:59.999000+00:00,1
2026-04-09 16:00:00+00:00,0.09023,0.09101,0.08972,0.09042,33185554.0,2026-04-09 19:59:59.999000+00:00,1
2026-04-09 20:00:00+00:00,0.09041,0.09066,0.0887,0.0891,25834215.0,2026-04-09 23:59:59.999000+00:00,1
2026-04-10 00:00:00+00:00,0.0891,0.09021,0.08851,0.08882,33993030.0,2026-04-10 03:59:59.999000+00:00,1
2026-04-10 04:00:00+00:00,0.08881,0.09039,0.08808,0.0885,34876374.0,2026-04-10 07:59:59.999000+00:00,1
2026-04-10 08:00:00+00:00,0.08851,0.08907,0.08791,0.08835,22920285.0,2026-04-10 11:59:59.999000+00:00,1
2026-04-10 12:00:00+00:00,0.08835,0.09078,0.08824,0.08988,40384953.0,2026-04-10 15:59:59.999000+00:00,1
2026-04-10 16:00:00+00:00,0.08989,0.09079,0.08916,0.09075,28491132.0,2026-04-10 19:59:59.999000+00:00,1
2026-04-10 20:00:00+00:00,0.09075,0.09087,0.08951,0.0898,16690700.0,2026-04-10 23:59:59.999000+00:00,1
2026-04-11 00:00:00+00:00,0.0898,0.08989,0.08825,0.08833,25464138.0,2026-04-11 03:59:59.999000+00:00,1
2026-04-11 04:00:00+00:00,0.08831,0.08901,0.08777,0.08869,24164376.0,2026-04-11 07:59:59.999000+00:00,1
2026-04-11 08:00:00+00:00,0.0887,0.08937,0.08851,0.08857,14577911.0,2026-04-11 11:59:59.999000+00:00,1
2026-04-11 12:00:00+00:00,0.08857,0.08857,0.08751,0.08826,16087055.0,2026-04-11 15:59:59.999000+00:00,1
2026-04-11 16:00:00+00:00,0.08827,0.08998,0.08818,0.08984,27874011.0,2026-04-11 19:59:59.999000+00:00,1
2026-04-11 20:00:00+00:00,0.08984,0.08992,0.08784,0.08841,20269107.0,2026-04-11 23:59:59.999000+00:00,1
2026-04-12 00:00:00+00:00,0.08842,0.08893,0.0854,0.08558,40926118.0,2026-04-12 03:59:59.999000+00:00,1
2026-04-12 04:00:00+00:00,0.08557,0.08615,0.08533,0.08563,13393456.0,2026-04-12 07:59:59.999000+00:00,1
2026-04-12 08:00:00+00:00,0.08563,0.08637,0.0855,0.08615,14455124.0,2026-04-12 11:59:59.999000+00:00,1
2026-04-12 12:00:00+00:00,0.08614,0.08722,0.08471,0.08507,24239937.0,2026-04-12 15:59:59.999000+00:00,1
2026-04-12 16:00:00+00:00,0.08503,0.08634,0.08488,0.0858,14562542.0,2026-04-12 19:59:59.999000+00:00,1
2026-04-12 20:00:00+00:00,0.0858,0.0864,0.08406,0.08428,18574160.0,2026-04-12 23:59:59.999000+00:00,1
2026-04-13 00:00:00+00:00,0.08427,0.08538,0.0842,0.08483,19211680.0,2026-04-13 03:59:59.999000+00:00,1
2026-04-13 04:00:00+00:00,0.08482,0.0856,0.08409,0.0845,13450778.0,2026-04-13 07:59:59.999000+00:00,1
2026-04-13 08:00:00+00:00,0.0845,0.08573,0.08436,0.08511,12814689.0,2026-04-13 11:59:59.999000+00:00,1
2026-04-13 12:00:00+00:00,0.08511,0.08696,0.08484,0.08598,26454275.0,2026-04-13 15:59:59.999000+00:00,1
2026-04-13 16:00:00+00:00,0.08598,0.08792,0.08579,0.08778,25091235.0,2026-04-13 19:59:59.999000+00:00,1
2026-04-13 20:00:00+00:00,0.08777,0.09064,0.08676,0.09061,32226083.0,2026-04-13 23:59:59.999000+00:00,1
2026-04-14 00:00:00+00:00,0.0906,0.09086,0.08865,0.08877,23355196.0,2026-04-14 03:59:59.999000+00:00,1
2026-04-14 04:00:00+00:00,0.08878,0.08928,0.08809,0.08825,8790227.0,2026-04-14 07:59:59.999000+00:00,1
2026-04-14 08:00:00+00:00,0.08825,0.08881,0.08791,0.08812,12260656.0,2026-04-14 11:59:59.999000+00:00,1
2026-04-14 12:00:00+00:00,0.08812,0.08917,0.08773,0.0882,17592739.0,2026-04-14 15:59:59.999000+00:00,1
2026-04-14 16:00:00+00:00,0.08823,0.08861,0.08642,0.08761,16301310.0,2026-04-14 19:59:59.999000+00:00,1
2026-04-14 20:00:00+00:00,0.08763,0.08787,0.08684,0.08779,18622383.0,2026-04-14 23:59:59.999000+00:00,1
2026-04-15 00:00:00+00:00,0.08779,0.09009,0.08777,0.08948,42232823.0,2026-04-15 03:59:59.999000+00:00,1
2026-04-15 04:00:00+00:00,0.08946,0.09061,0.08862,0.08894,62124747.0,2026-04-15 07:59:59.999000+00:00,1
2026-04-15 08:00:00+00:00,0.08895,0.09125,0.08887,0.09078,30270774.0,2026-04-15 11:59:59.999000+00:00,1
2026-04-15 12:00:00+00:00,0.09077,0.09396,0.0906,0.09283,79084672.0,2026-04-15 15:59:59.999000+00:00,1
2026-04-15 16:00:00+00:00,0.09284,0.09452,0.09226,0.09326,51102066.0,2026-04-15 19:59:59.999000+00:00,1
2026-04-15 20:00:00+00:00,0.09325,0.09485,0.09273,0.09433,32546411.0,2026-04-15 23:59:59.999000+00:00,1
2026-04-16 00:00:00+00:00,0.09434,0.09772,0.0936,0.09688,60982988.0,2026-04-16 03:59:59.999000+00:00,1
2026-04-16 04:00:00+00:00,0.09686,0.0975,0.09515,0.09732,56382916.0,2026-04-16 07:59:59.999000+00:00,1
2026-04-16 08:00:00+00:00,0.09734,0.09734,0.09487,0.09684,37202287.0,2026-04-16 11:59:59.999000+00:00,1
2026-04-16 12:00:00+00:00,0.0968,0.10171,0.09632,0.10069,128581731.0,2026-04-16 15:59:59.999000+00:00,1
2026-04-16 16:00:00+00:00,0.1007,0.1047,0.09784,0.10412,98588627.0,2026-04-16 19:59:59.999000+00:00,1
2026-04-16 20:00:00+00:00,0.1041,0.10419,0.09988,0.1024,30794728.0,2026-04-16 23:59:59.999000+00:00,1
2026-04-17 00:00:00+00:00,0.10241,0.10319,0.10074,0.1015,27783351.0,2026-04-17 03:59:59.999000+00:00,1
2026-04-17 04:00:00+00:00,0.1015,0.10194,0.09926,0.10064,43651611.0,2026-04-17 07:59:59.999000+00:00,1
2026-04-17 08:00:00+00:00,0.10064,0.1013,0.09917,0.09987,22515786.0,2026-04-17 11:59:59.999000+00:00,1
2026-04-17 12:00:00+00:00,0.0999,0.1068,0.09944,0.1051,99459447.0,2026-04-17 15:59:59.999000+00:00,1
2026-04-17 16:00:00+00:00,0.10511,0.10705,0.10403,0.10655,42073350.0,2026-04-17 19:59:59.999000+00:00,1
2026-04-17 20:00:00+00:00,0.10652,0.10763,0.10487,0.10612,32131210.0,2026-04-17 23:59:59.999000+00:00,1
2026-04-18 00:00:00+00:00,0.10611,0.10781,0.10416,0.10576,32318980.0,2026-04-18 03:59:59.999000+00:00,1
2026-04-18 04:00:00+00:00,0.10574,0.10757,0.10473,0.10666,32340630.0,2026-04-18 07:59:59.999000+00:00,1
2026-04-18 08:00:00+00:00,0.10668,0.10792,0.1015,0.10284,65623052.0,2026-04-18 11:59:59.999000+00:00,1
2026-04-18 12:00:00+00:00,0.10283,0.11963,0.10212,0.10395,519617490.0,2026-04-18 15:59:59.999000+00:00,1
2026-04-18 16:00:00+00:00,0.10394,0.1087,0.10335,0.10636,171575980.0,2026-04-18 19:59:59.999000+00:00,1
2026-04-18 20:00:00+00:00,0.10636,0.10773,0.10342,0.10572,79800232.0,2026-04-18 23:59:59.999000+00:00,1
2026-04-19 00:00:00+00:00,0.10568,0.10825,0.10407,0.10517,114915857.0,2026-04-19 03:59:59.999000+00:00,1
2026-04-19 04:00:00+00:00,0.10517,0.10779,0.0989,0.10099,200327658.0,2026-04-19 07:59:59.999000+00:00,1
2026-04-19 08:00:00+00:00,0.10094,0.10213,0.09984,0.1017,43411830.0,2026-04-19 11:59:59.999000+00:00,1
2026-04-19 12:00:00+00:00,0.10166,0.10445,0.10145,0.10329,56566012.0,2026-04-19 15:59:59.999000+00:00,1
2026-04-19 16:00:00+00:00,0.10327,0.10491,0.10162,0.10422,74847178.0,2026-04-19 19:59:59.999000+00:00,1
2026-04-19 20:00:00+00:00,0.10421,0.10455,0.10034,0.10058,50684336.0,2026-04-19 23:59:59.999000+00:00,1
2026-04-20 00:00:00+00:00,0.10058,0.103,0.10019,0.10208,39267538.0,2026-04-20 03:59:59.999000+00:00,1
2026-04-20 04:00:00+00:00,0.10206,0.10348,0.10074,0.1023,40117940.0,2026-04-20 07:59:59.999000+00:00,1
2026-04-20 08:00:00+00:00,0.1023,0.10366,0.10127,0.10217,36001092.0,2026-04-20 11:59:59.999000+00:00,1
2026-04-20 12:00:00+00:00,0.10216,0.10341,0.10134,0.10289,68873115.0,2026-04-20 15:59:59.999000+00:00,1
2026-04-20 16:00:00+00:00,0.1029,0.10572,0.10256,0.10477,40335675.0,2026-04-20 19:59:59.999000+00:00,1
2026-04-20 20:00:00+00:00,0.10478,0.10612,0.10295,0.10339,29169064.0,2026-04-20 23:59:59.999000+00:00,1
2026-04-21 00:00:00+00:00,0.10339,0.10386,0.10152,0.10177,25618013.0,2026-04-21 03:59:59.999000+00:00,1
2026-04-21 04:00:00+00:00,0.10177,0.1033,0.10132,0.10154,39249052.0,2026-04-21 07:59:59.999000+00:00,1
2026-04-21 08:00:00+00:00,0.10154,0.10395,0.10121,0.10297,45641687.0,2026-04-21 11:59:59.999000+00:00,1
2026-04-21 12:00:00+00:00,0.103,0.1045,0.10237,0.10253,62614534.0,2026-04-21 15:59:59.999000+00:00,1
2026-04-21 16:00:00+00:00,0.10253,0.10298,0.09991,0.10034,45496747.0,2026-04-21 19:59:59.999000+00:00,1
2026-04-21 20:00:00+00:00,0.10033,0.102,0.10007,0.10158,51005097.0,2026-04-21 23:59:59.999000+00:00,1
2026-04-22 00:00:00+00:00,0.10157,0.10302,0.1003,0.10243,27982000.0,2026-04-22 03:59:59.999000+00:00,1
2026-04-22 04:00:00+00:00,0.10242,0.10755,0.10239,0.10496,150366825.0,2026-04-22 07:59:59.999000+00:00,1
2026-04-22 08:00:00+00:00,0.10496,0.10612,0.1034,0.10519,61421858.0,2026-04-22 11:59:59.999000+00:00,1
2026-04-22 12:00:00+00:00,0.10519,0.10538,0.10316,0.10411,35617776.0,2026-04-22 15:59:59.999000+00:00,1
2026-04-22 16:00:00+00:00,0.10411,0.10527,0.10197,0.10281,35926168.0,2026-04-22 19:59:59.999000+00:00,1
2026-04-22 20:00:00+00:00,0.1028,0.10358,0.10036,0.10038,24358071.0,2026-04-22 23:59:59.999000+00:00,1
2026-04-23 00:00:00+00:00,0.10038,0.10086,0.09835,0.09894,44279700.0,2026-04-23 03:59:59.999000+00:00,1
2026-04-23 04:00:00+00:00,0.09893,0.10002,0.09857,0.09943,32794322.0,2026-04-23 07:59:59.999000+00:00,1
2026-04-23 08:00:00+00:00,0.09944,0.1,0.0981,0.09966,51773457.0,2026-04-23 11:59:59.999000+00:00,1
2026-04-23 12:00:00+00:00,0.09964,0.10309,0.09959,0.10281,40975553.0,2026-04-23 15:59:59.999000+00:00,1
2026-04-23 16:00:00+00:00,0.10282,0.10338,0.09935,0.10039,45446764.0,2026-04-23 19:59:59.999000+00:00,1
2026-04-23 20:00:00+00:00,0.10039,0.10251,0.10036,0.10203,19268944.0,2026-04-23 23:59:59.999000+00:00,1
2026-04-24 00:00:00+00:00,0.10202,0.10513,0.10125,0.1043,86356896.0,2026-04-24 03:59:59.999000+00:00,1
2026-04-24 04:00:00+00:00,0.1043,0.11268,0.10255,0.11243,203953782.0,2026-04-24 07:59:59.999000+00:00,1
2026-04-24 08:00:00+00:00,0.11244,0.1133,0.10835,0.11236,234618502.0,2026-04-24 11:59:59.999000+00:00,1
2026-04-24 12:00:00+00:00,0.11234,0.18182,0.11077,0.17459,2640351821.0,2026-04-24 15:59:59.999000+00:00,1
2026-04-24 16:00:00+00:00,0.17456,0.2156,0.1558,0.20893,6446228311.0,2026-04-24 19:59:59.999000+00:00,1
2026-04-24 20:00:00+00:00,0.20887,0.2763,0.16231,0.18035,5076826536.0,2026-04-24 23:59:59.999000+00:00,1
2026-04-25 00:00:00+00:00,0.18028,0.22238,0.17216,0.19765,3336009611.0,2026-04-25 03:59:59.999000+00:00,1
2026-04-25 04:00:00+00:00,0.19771,0.2135,0.17981,0.18469,2101940465.0,2026-04-25 07:59:59.999000+00:00,1
2026-04-25 08:00:00+00:00,0.1846,0.18852,0.16208,0.16505,1473046340.0,2026-04-25 11:59:59.999000+00:00,1
2026-04-25 12:00:00+00:00,0.16505,0.16841,0.15211,0.1536,1318229511.0,2026-04-25 15:59:59.999000+00:00,1
2026-04-25 16:00:00+00:00,0.1536,0.16926,0.15315,0.16101,803202295.0,2026-04-25 19:59:59.999000+00:00,1
2026-04-25 20:00:00+00:00,0.16104,0.16317,0.15475,0.15499,351462028.0,2026-04-25 23:59:59.999000+00:00,1
2026-04-26 00:00:00+00:00,0.15498,0.15939,0.14736,0.1504,670546682.0,2026-04-26 03:59:59.999000+00:00,1
2026-04-26 04:00:00+00:00,0.15041,0.15718,0.14676,0.15244,414159153.0,2026-04-26 07:59:59.999000+00:00,1
2026-04-26 08:00:00+00:00,0.15244,0.15835,0.15175,0.15336,382226090.0,2026-04-26 11:59:59.999000+00:00,1
2026-04-26 12:00:00+00:00,0.15337,0.15588,0.14822,0.14888,258457193.0,2026-04-26 15:59:59.999000+00:00,1
2026-04-26 16:00:00+00:00,0.14889,0.15084,0.14452,0.14913,240079514.0,2026-04-26 19:59:59.999000+00:00,1
2026-04-26 20:00:00+00:00,0.14914,0.1538,0.14461,0.14506,189701326.0,2026-04-26 23:59:59.999000+00:00,1
2026-04-27 00:00:00+00:00,0.14507,0.15054,0.14237,0.14917,256326381.0,2026-04-27 03:59:59.999000+00:00,1
2026-04-27 04:00:00+00:00,0.14917,0.153,0.14166,0.14189,282045583.0,2026-04-27 07:59:59.999000+00:00,1
2026-04-27 08:00:00+00:00,0.14189,0.14442,0.13876,0.13964,181542634.0,2026-04-27 11:59:59.999000+00:00,1
2026-04-27 12:00:00+00:00,0.13965,0.14342,0.1379,0.13956,204874163.0,2026-04-27 15:59:59.999000+00:00,1
2026-04-27 16:00:00+00:00,0.13956,0.14711,0.13861,0.14118,269522365.0,2026-04-27 19:59:59.999000+00:00,1
2026-04-27 20:00:00+00:00,0.14118,0.14446,0.13987,0.14347,85256737.0,2026-04-27 23:59:59.999000+00:00,1
2026-04-28 00:00:00+00:00,0.14346,0.14639,0.13982,0.14391,205894273.0,2026-04-28 03:59:59.999000+00:00,1
2026-04-28 04:00:00+00:00,0.14392,0.19127,0.14336,0.17912,3471648350.0,2026-04-28 07:59:59.999000+00:00,1
2026-04-28 08:00:00+00:00,0.17909,0.18816,0.16338,0.16596,4348369923.0,2026-04-28 11:59:59.999000+00:00,1
2026-04-28 12:00:00+00:00,0.16596,0.18249,0.16434,0.17124,2836250261.0,2026-04-28 15:59:59.999000+00:00,1
2026-04-28 16:00:00+00:00,0.17125,0.17179,0.15888,0.16215,1040994332.0,2026-04-28 19:59:59.999000+00:00,1
2026-04-28 20:00:00+00:00,0.16215,0.16412,0.15506,0.1572,468145372.0,2026-04-28 23:59:59.999000+00:00,1
2026-04-29 00:00:00+00:00,0.15721,0.15895,0.15213,0.15364,552887075.0,2026-04-29 03:59:59.999000+00:00,1
2026-04-29 04:00:00+00:00,0.15365,0.15527,0.15215,0.15253,347765167.0,2026-04-29 07:59:59.999000+00:00,1
2026-04-29 08:00:00+00:00,0.15253,0.15304,0.14707,0.14812,415198228.0,2026-04-29 11:59:59.999000+00:00,1
2026-04-29 12:00:00+00:00,0.14812,0.14832,0.14346,0.14401,450970493.0,2026-04-29 15:59:59.999000+00:00,1
2026-04-29 16:00:00+00:00,0.14401,0.14823,0.14054,0.14598,407728199.0,2026-04-29 19:59:59.999000+00:00,1
2026-04-29 20:00:00+00:00,0.14598,0.15259,0.14473,0.14661,207179112.0,2026-04-29 23:59:59.999000+00:00,1
2026-04-30 00:00:00+00:00,0.14661,0.15287,0.14499,0.15004,324360493.0,2026-04-30 03:59:59.999000+00:00,1
2026-04-30 04:00:00+00:00,0.15004,0.16353,0.14788,0.15721,1020867911.0,2026-04-30 07:59:59.999000+00:00,1
2026-04-30 08:00:00+00:00,0.15721,0.1615,0.15299,0.15517,767547753.0,2026-04-30 11:59:59.999000+00:00,1
2026-04-30 12:00:00+00:00,0.15513,0.15616,0.15111,0.15506,416275290.0,2026-04-30 15:59:59.999000+00:00,1
2026-04-30 16:00:00+00:00,0.15506,0.16516,0.15462,0.16183,777064651.0,2026-04-30 19:59:59.999000+00:00,1
2026-04-30 20:00:00+00:00,0.16183,0.1636,0.15723,0.15949,283193288.0,2026-04-30 23:59:59.999000+00:00,1
2026-05-01 00:00:00+00:00,0.15948,0.16709,0.1582,0.15912,550411991.0,2026-05-01 03:59:59.999000+00:00,1
2026-05-01 04:00:00+00:00,0.15911,0.16046,0.15638,0.15736,211180693.0,2026-05-01 07:59:59.999000+00:00,1
2026-05-01 08:00:00+00:00,0.15736,0.16014,0.15542,0.1572,240380691.0,2026-05-01 11:59:59.999000+00:00,1
2026-05-01 12:00:00+00:00,0.1572,0.1838,0.15673,0.17973,1214329035.0,2026-05-01 15:59:59.999000+00:00,1
2026-05-01 16:00:00+00:00,0.17973,0.17983,0.167,0.17344,649617402.0,2026-05-01 19:59:59.999000+00:00,1
2026-05-01 20:00:00+00:00,0.17345,0.18358,0.1725,0.1792,343721017.0,2026-05-01 23:59:59.999000+00:00,1
2026-05-02 00:00:00+00:00,0.17919,0.18262,0.17321,0.17467,296913454.0,2026-05-02 03:59:59.999000+00:00,1
2026-05-02 04:00:00+00:00,0.17467,0.17478,0.16961,0.17271,222568700.0,2026-05-02 07:59:59.999000+00:00,1
2026-05-02 08:00:00+00:00,0.17271,0.18677,0.17156,0.18107,466693439.0,2026-05-02 11:59:59.999000+00:00,1
2026-05-02 12:00:00+00:00,0.18107,0.18846,0.17365,0.17498,490151566.0,2026-05-02 15:59:59.999000+00:00,1
2026-05-02 16:00:00+00:00,0.17499,0.1781,0.17424,0.17783,147242975.0,2026-05-02 19:59:59.999000+00:00,1
2026-05-02 20:00:00+00:00,0.17782,0.18083,0.17589,0.17695,106516418.0,2026-05-02 23:59:59.999000+00:00,1
2026-05-03 00:00:00+00:00,0.17695,0.18075,0.17141,0.17229,206982014.0,2026-05-03 03:59:59.999000+00:00,1
2026-05-03 04:00:00+00:00,0.1723,0.17451,0.17016,0.17402,140190997.0,2026-05-03 07:59:59.999000+00:00,1
2026-05-03 08:00:00+00:00,0.17403,0.17526,0.17134,0.17384,134945127.0,2026-05-03 11:59:59.999000+00:00,1
2026-05-03 12:00:00+00:00,0.17383,0.17444,0.17114,0.17137,114011253.0,2026-05-03 15:59:59.999000+00:00,1
2026-05-03 16:00:00+00:00,0.17136,0.17241,0.16744,0.16907,134891333.0,2026-05-03 19:59:59.999000+00:00,1
2026-05-03 20:00:00+00:00,0.16907,0.16973,0.16359,0.16601,153029087.0,2026-05-03 23:59:59.999000+00:00,1
2026-05-04 00:00:00+00:00,0.16601,0.16984,0.16481,0.16931,109061714.0,2026-05-04 03:59:59.999000+00:00,1
2026-05-04 04:00:00+00:00,0.16931,0.17031,0.16665,0.16823,84394895.0,2026-05-04 07:59:59.999000+00:00,1
2026-05-04 08:00:00+00:00,0.16823,0.173,0.16596,0.16701,160417892.0,2026-05-04 11:59:59.999000+00:00,1
2026-05-04 12:00:00+00:00,0.16701,0.1702,0.16566,0.16658,111898200.0,2026-05-04 15:59:59.999000+00:00,1
2026-05-04 16:00:00+00:00,0.16658,0.16751,0.16232,0.16352,136867844.0,2026-05-04 19:59:59.999000+00:00,1
2026-05-04 20:00:00+00:00,0.16351,0.16451,0.15999,0.16145,104498700.0,2026-05-04 23:59:59.999000+00:00,1
2026-05-05 00:00:00+00:00,0.16144,0.16263,0.15984,0.1621,76480373.0,2026-05-05 03:59:59.999000+00:00,1
2026-05-05 04:00:00+00:00,0.16209,0.16277,0.16047,0.16129,55317983.0,2026-05-05 07:59:59.999000+00:00,1
2026-05-05 08:00:00+00:00,0.16129,0.1669,0.16072,0.16529,147829362.0,2026-05-05 11:59:59.999000+00:00,1
2026-05-05 12:00:00+00:00,0.16529,0.17407,0.16309,0.16371,279054929.0,2026-05-05 15:59:59.999000+00:00,1
2026-05-05 16:00:00+00:00,0.16372,0.16495,0.16166,0.16314,77219365.0,2026-05-05 19:59:59.999000+00:00,1
2026-05-05 20:00:00+00:00,0.16315,0.16356,0.15747,0.15939,141491711.0,2026-05-05 23:59:59.999000+00:00,1
2026-05-06 00:00:00+00:00,0.15938,0.16093,0.15858,0.15993,85348914.0,2026-05-06 03:59:59.999000+00:00,1
2026-05-06 04:00:00+00:00,0.15993,0.15993,0.1558,0.15797,112704407.0,2026-05-06 07:59:59.999000+00:00,1
2026-05-06 08:00:00+00:00,0.15797,0.16617,0.15784,0.16333,129357066.0,2026-05-06 11:59:59.999000+00:00,1
2026-05-06 12:00:00+00:00,0.16333,0.16367,0.15839,0.15987,185791226.0,2026-05-06 15:59:59.999000+00:00,1
2026-05-06 16:00:00+00:00,0.15986,0.16434,0.15881,0.16179,90051107.0,2026-05-06 19:59:59.999000+00:00,1
2026-05-06 20:00:00+00:00,0.1618,0.16291,0.15798,0.16016,70856332.0,2026-05-06 23:59:59.999000+00:00,1
2026-05-07 00:00:00+00:00,0.16017,0.1604,0.15327,0.15359,111585766.0,2026-05-07 03:59:59.999000+00:00,1
2026-05-07 04:00:00+00:00,0.15359,0.15849,0.15338,0.15834,53389340.0,2026-05-07 07:59:59.999000+00:00,1
2026-05-07 08:00:00+00:00,0.15835,0.16258,0.15786,0.15974,87127826.0,2026-05-07 11:59:59.999000+00:00,1
2026-05-07 12:00:00+00:00,0.15975,0.16123,0.15622,0.15823,80943203.0,2026-05-07 15:59:59.999000+00:00,1
2026-05-07 16:00:00+00:00,0.15823,0.16339,0.15638,0.15979,92305845.0,2026-05-07 19:59:59.999000+00:00,1
2026-05-07 20:00:00+00:00,0.1598,0.16119,0.15805,0.16093,41039622.0,2026-05-07 23:59:59.999000+00:00,1
2026-05-08 00:00:00+00:00,0.16093,0.16848,0.16072,0.16597,260541287.0,2026-05-08 03:59:59.999000+00:00,1
2026-05-08 04:00:00+00:00,0.16597,0.16698,0.16203,0.16425,106901849.0,2026-05-08 07:59:59.999000+00:00,1
2026-05-08 08:00:00+00:00,0.16425,0.16534,0.16163,0.16407,77365554.0,2026-05-08 11:59:59.999000+00:00,1
2026-05-08 12:00:00+00:00,0.16407,0.16624,0.16182,0.16532,84376589.0,2026-05-08 15:59:59.999000+00:00,1
2026-05-08 16:00:00+00:00,0.16533,0.16639,0.16356,0.16562,58143641.0,2026-05-08 19:59:59.999000+00:00,1
2026-05-08 20:00:00+00:00,0.16562,0.16602,0.16403,0.16471,37519859.0,2026-05-08 23:59:59.999000+00:00,1
2026-05-09 00:00:00+00:00,0.16471,0.16798,0.16378,0.16528,61801116.0,2026-05-09 03:59:59.999000+00:00,1
2026-05-09 04:00:00+00:00,0.16529,0.16701,0.16274,0.16344,52516940.0,2026-05-09 07:59:59.999000+00:00,1
2026-05-09 08:00:00+00:00,0.16343,0.16713,0.16266,0.16599,70001484.0,2026-05-09 11:59:59.999000+00:00,1
2026-05-09 12:00:00+00:00,0.16597,0.16615,0.1588,0.16011,100664072.0,2026-05-09 15:59:59.999000+00:00,1
2026-05-09 16:00:00+00:00,0.1601,0.16169,0.15978,0.16167,42334230.0,2026-05-09 19:59:59.999000+00:00,1
2026-05-09 20:00:00+00:00,0.16167,0.16299,0.16122,0.16151,21968780.0,2026-05-09 23:59:59.999000+00:00,1
2026-05-10 00:00:00+00:00,0.16151,0.16281,0.15827,0.15969,57190324.0,2026-05-10 03:59:59.999000+00:00,1
2026-05-10 04:00:00+00:00,0.15969,0.1608,0.15801,0.15812,32966225.0,2026-05-10 07:59:59.999000+00:00,1
2026-05-10 08:00:00+00:00,0.15811,0.15905,0.1565,0.1569,41239788.0,2026-05-10 11:59:59.999000+00:00,1
2026-05-10 12:00:00+00:00,0.15691,0.15792,0.15588,0.15732,50780925.0,2026-05-10 15:59:59.999000+00:00,1
2026-05-10 16:00:00+00:00,0.15732,0.1602,0.15698,0.15914,62722005.0,2026-05-10 19:59:59.999000+00:00,1
2026-05-10 20:00:00+00:00,0.15914,0.16069,0.15149,0.15703,120141515.0,2026-05-10 23:59:59.999000+00:00,1
2026-05-11 00:00:00+00:00,0.15703,0.15754,0.15251,0.15421,67165949.0,2026-05-11 03:59:59.999000+00:00,1
2026-05-11 04:00:00+00:00,0.15422,0.15646,0.15356,0.15419,41168597.0,2026-05-11 07:59:59.999000+00:00,1
2026-05-11 08:00:00+00:00,0.15419,0.15569,0.15311,0.15434,40249388.0,2026-05-11 11:59:59.999000+00:00,1
2026-05-11 12:00:00+00:00,0.15438,0.15545,0.15183,0.15468,47258294.0,2026-05-11 15:59:59.999000+00:00,1
2026-05-11 16:00:00+00:00,0.15467,0.15677,0.1538,0.15596,45463376.0,2026-05-11 19:59:59.999000+00:00,1
2026-05-11 20:00:00+00:00,0.15597,0.15671,0.15459,0.15578,31895292.0,2026-05-11 23:59:59.999000+00:00,1
2026-05-12 00:00:00+00:00,0.15581,0.1568,0.15306,0.15369,50564321.0,2026-05-12 03:59:59.999000+00:00,1
2026-05-12 04:00:00+00:00,0.15369,0.15846,0.15344,0.15791,49638610.0,2026-05-12 07:59:59.999000+00:00,1
2026-05-12 08:00:00+00:00,0.15792,0.16239,0.15546,0.16058,159423283.0,2026-05-12 11:59:59.999000+00:00,1
2026-05-12 12:00:00+00:00,0.16058,0.16219,0.15009,0.15289,305047855.0,2026-05-12 15:59:59.999000+00:00,1
2026-05-12 16:00:00+00:00,0.15294,0.15624,0.15139,0.15537,75795403.0,2026-05-12 19:59:59.999000+00:00,1
2026-05-12 20:00:00+00:00,0.1554,0.15831,0.15497,0.15606,53986272.0,2026-05-12 23:59:59.999000+00:00,1
2026-05-13 00:00:00+00:00,0.15607,0.15741,0.15494,0.15697,48339940.0,2026-05-13 03:59:59.999000+00:00,1
2026-05-13 04:00:00+00:00,0.15699,0.15987,0.15614,0.15958,47613916.0,2026-05-13 07:59:59.999000+00:00,1
2026-05-13 08:00:00+00:00,0.15958,0.15981,0.1551,0.15552,50201836.0,2026-05-13 11:59:59.999000+00:00,1
2026-05-13 12:00:00+00:00,0.15552,0.15577,0.14609,0.14636,126318250.0,2026-05-13 15:59:59.999000+00:00,1
2026-05-13 16:00:00+00:00,0.14634,0.15027,0.14613,0.14857,58889655.0,2026-05-13 19:59:59.999000+00:00,1
2026-05-13 20:00:00+00:00,0.14856,0.14965,0.14656,0.14846,24764941.0,2026-05-13 23:59:59.999000+00:00,1
2026-05-14 00:00:00+00:00,0.14845,0.15082,0.14734,0.14789,39341566.0,2026-05-14 03:59:59.999000+00:00,1
2026-05-14 04:00:00+00:00,0.14791,0.15127,0.14737,0.14973,34474695.0,2026-05-14 07:59:59.999000+00:00,1
2026-05-14 08:00:00+00:00,0.14973,0.15153,0.14889,0.15032,28566693.0,2026-05-14 11:59:59.999000+00:00,1
2026-05-14 12:00:00+00:00,0.15032,0.15528,0.15013,0.15486,49898388.0,2026-05-14 15:59:59.999000+00:00,1
2026-05-14 16:00:00+00:00,0.15491,0.1562,0.15414,0.15505,29448164.0,2026-05-14 19:59:59.999000+00:00,1
2026-05-14 20:00:00+00:00,0.15511,0.15531,0.15282,0.15316,17433806.0,2026-05-14 23:59:59.999000+00:00,1
2026-05-15 00:00:00+00:00,0.15314,0.15536,0.15104,0.15206,29304883.0,2026-05-15 03:59:59.999000+00:00,1
2026-05-15 04:00:00+00:00,0.15206,0.15223,0.14772,0.14944,54051301.0,2026-05-15 07:59:59.999000+00:00,1
2026-05-15 08:00:00+00:00,0.14944,0.14951,0.14759,0.1481,30646739.0,2026-05-15 11:59:59.999000+00:00,1
2026-05-15 12:00:00+00:00,0.14809,0.14811,0.14011,0.14275,124488501.0,2026-05-15 15:59:59.999000+00:00,1
2026-05-15 16:00:00+00:00,0.14276,0.14543,0.14204,0.14443,35101451.0,2026-05-15 19:59:59.999000+00:00,1
2026-05-15 20:00:00+00:00,0.14443,0.14513,0.14331,0.14383,24152041.0,2026-05-15 23:59:59.999000+00:00,1
2026-05-16 00:00:00+00:00,0.14382,0.14654,0.14331,0.14552,40221122.0,2026-05-16 03:59:59.999000+00:00,1
2026-05-16 04:00:00+00:00,0.14552,0.14587,0.13863,0.13998,64926405.0,2026-05-16 07:59:59.999000+00:00,1
2026-05-16 08:00:00+00:00,0.13995,0.14152,0.13878,0.13945,72258300.0,2026-05-16 11:59:59.999000+00:00,1
2026-05-16 12:00:00+00:00,0.13945,0.14469,0.13935,0.14348,48188440.0,2026-05-16 15:59:59.999000+00:00,1
2026-05-16 16:00:00+00:00,0.1435,0.14596,0.14326,0.14566,54890789.0,2026-05-16 19:59:59.999000+00:00,1
2026-05-16 20:00:00+00:00,0.14568,0.14793,0.1443,0.14587,56902804.0,2026-05-16 23:59:59.999000+00:00,1
2026-05-17 00:00:00+00:00,0.14586,0.14669,0.14313,0.14564,47993006.0,2026-05-17 03:59:59.999000+00:00,1
2026-05-17 04:00:00+00:00,0.14566,0.14963,0.14512,0.1484,51724386.0,2026-05-17 07:59:59.999000+00:00,1
2026-05-17 08:00:00+00:00,0.14838,0.1494,0.14674,0.14773,57144035.0,2026-05-17 11:59:59.999000+00:00,1
2026-05-17 12:00:00+00:00,0.14774,0.15663,0.1472,0.15319,224042215.0,2026-05-17 15:59:59.999000+00:00,1
2026-05-17 16:00:00+00:00,0.15321,0.15965,0.14592,0.1486,352663821.0,2026-05-17 19:59:59.999000+00:00,1
2026-05-17 20:00:00+00:00,0.14861,0.14886,0.13922,0.14346,117508937.0,2026-05-17 23:59:59.999000+00:00,1
2026-05-18 00:00:00+00:00,0.14347,0.14497,0.14186,0.14356,63612534.0,2026-05-18 03:59:59.999000+00:00,1
2026-05-18 04:00:00+00:00,0.14355,0.14701,0.14115,0.14165,86958200.0,2026-05-18 07:59:59.999000+00:00,1
2026-05-18 08:00:00+00:00,0.14164,0.14379,0.14,0.14241,42495726.0,2026-05-18 11:59:59.999000+00:00,1
2026-05-18 12:00:00+00:00,0.14241,0.14352,0.13916,0.14077,78287736.0,2026-05-18 15:59:59.999000+00:00,1
2026-05-18 16:00:00+00:00,0.14078,0.14155,0.13676,0.14064,59320659.0,2026-05-18 19:59:59.999000+00:00,1
2026-05-18 20:00:00+00:00,0.14064,0.14356,0.13991,0.14307,37996861.0,2026-05-18 23:59:59.999000+00:00,1
2026-05-19 00:00:00+00:00,0.14308,0.14587,0.14252,0.14405,49894195.0,2026-05-19 03:59:59.999000+00:00,1
2026-05-19 04:00:00+00:00,0.14404,0.14539,0.1427,0.14324,30005015.0,2026-05-19 07:59:59.999000+00:00,1
2026-05-19 08:00:00+00:00,0.14324,0.14353,0.14016,0.14044,35704254.0,2026-05-19 11:59:59.999000+00:00,1
2026-05-19 12:00:00+00:00,0.14044,0.14196,0.13858,0.13934,52047380.0,2026-05-19 15:59:59.999000+00:00,1
2026-05-19 16:00:00+00:00,0.13935,0.14545,0.1387,0.14267,68009453.0,2026-05-19 19:59:59.999000+00:00,1
2026-05-19 20:00:00+00:00,0.14268,0.14443,0.14082,0.14162,40639832.0,2026-05-19 23:59:59.999000+00:00,1
2026-05-20 00:00:00+00:00,0.14163,0.14276,0.14069,0.1427,26036916.0,2026-05-20 03:59:59.999000+00:00,1
2026-05-20 04:00:00+00:00,0.14271,0.14646,0.14271,0.14489,69105561.0,2026-05-20 07:59:59.999000+00:00,1
2026-05-20 08:00:00+00:00,0.1449,0.14768,0.14438,0.14512,55951959.0,2026-05-20 11:59:59.999000+00:00,1
2026-05-20 12:00:00+00:00,0.14511,0.14635,0.14279,0.14589,40332721.0,2026-05-20 15:59:59.999000+00:00,1
2026-05-20 16:00:00+00:00,0.1459,0.14676,0.14448,0.14507,25999322.0,2026-05-20 19:59:59.999000+00:00,1
2026-05-20 20:00:00+00:00,0.14506,0.1453,0.14215,0.14279,26672480.0,2026-05-20 23:59:59.999000+00:00,1
2026-05-21 00:00:00+00:00,0.14279,0.14606,0.14247,0.14581,24682559.0,2026-05-21 03:59:59.999000+00:00,1
2026-05-21 04:00:00+00:00,0.1458,0.14676,0.1441,0.14524,29972178.0,2026-05-21 07:59:59.999000+00:00,1
2026-05-21 08:00:00+00:00,0.14524,0.14604,0.13961,0.13987,52173014.0,2026-05-21 11:59:59.999000+00:00,1
2026-05-21 12:00:00+00:00,0.13989,0.14165,0.13973,0.14118,38806234.0,2026-05-21 15:59:59.999000+00:00,1
2026-05-21 16:00:00+00:00,0.14118,0.14608,0.13949,0.14576,58162657.0,2026-05-21 19:59:59.999000+00:00,1
2026-05-21 20:00:00+00:00,0.14577,0.14619,0.14347,0.14495,15768593.0,2026-05-21 23:59:59.999000+00:00,1
2026-05-22 00:00:00+00:00,0.14495,0.14605,0.14381,0.14576,26602533.0,2026-05-22 03:59:59.999000+00:00,1
2026-05-22 04:00:00+00:00,0.14577,0.14645,0.14281,0.1437,30988139.0,2026-05-22 07:59:59.999000+00:00,1
2026-05-22 08:00:00+00:00,0.1437,0.14549,0.14305,0.14541,20961300.0,2026-05-22 11:59:59.999000+00:00,1
2026-05-22 12:00:00+00:00,0.14542,0.14845,0.14499,0.14804,85504335.0,2026-05-22 15:59:59.999000+00:00,1
2026-05-22 16:00:00+00:00,0.14803,0.1484,0.1377,0.13882,98201321.0,2026-05-22 19:59:59.999000+00:00,1
2026-05-22 20:00:00+00:00,0.13883,0.14076,0.1351,0.13644,51959266.0,2026-05-22 23:59:59.999000+00:00,1
2026-05-23 00:00:00+00:00,0.13643,0.13879,0.13572,0.13806,32759256.0,2026-05-23 03:59:59.999000+00:00,1
2026-05-23 04:00:00+00:00,0.13809,0.13809,0.13089,0.13245,64737582.0,2026-05-23 07:59:59.999000+00:00,1
2026-05-23 08:00:00+00:00,0.13245,0.13298,0.13082,0.1323,61646133.0,2026-05-23 11:59:59.999000+00:00,1
2026-05-23 12:00:00+00:00,0.1323,0.13663,0.13158,0.13629,58092121.0,2026-05-23 15:59:59.999000+00:00,1
2026-05-23 16:00:00+00:00,0.1363,0.13912,0.13568,0.13839,36112657.0,2026-05-23 19:59:59.999000+00:00,1
2026-05-23 20:00:00+00:00,0.13839,0.14491,0.13794,0.14068,88862731.0,2026-05-23 23:59:59.999000+00:00,1
2026-05-24 00:00:00+00:00,0.14067,0.14181,0.13872,0.13936,41883133.0,2026-05-24 03:59:59.999000+00:00,1
2026-05-24 04:00:00+00:00,0.1394,0.13989,0.13809,0.13921,27081711.0,2026-05-24 07:59:59.999000+00:00,1
2026-05-24 08:00:00+00:00,0.13922,0.13967,0.13744,0.13756,38660504.0,2026-05-24 11:59:59.999000+00:00,1
2026-05-24 12:00:00+00:00,0.13755,0.13765,0.13446,0.13587,37985333.0,2026-05-24 15:59:59.999000+00:00,1
2026-05-24 16:00:00+00:00,0.13587,0.1371,0.13529,0.13567,30591479.0,2026-05-24 19:59:59.999000+00:00,1
2026-05-24 20:00:00+00:00,0.13567,0.13582,0.13193,0.13438,47424042.0,2026-05-24 23:59:59.999000+00:00,1
2026-05-25 00:00:00+00:00,0.13439,0.13624,0.13431,0.13527,30691869.0,2026-05-25 03:59:59.999000+00:00,1
2026-05-25 04:00:00+00:00,0.13526,0.13729,0.13507,0.13647,34419207.0,2026-05-25 07:59:59.999000+00:00,1
2026-05-25 08:00:00+00:00,0.13648,0.13803,0.1362,0.13652,28692719.0,2026-05-25 11:59:59.999000+00:00,1
2026-05-25 12:00:00+00:00,0.1365,0.13887,0.13591,0.13816,25450876.0,2026-05-25 15:59:59.999000+00:00,1
2026-05-25 16:00:00+00:00,0.13816,0.13983,0.13779,0.13851,27274153.0,2026-05-25 19:59:59.999000+00:00,1
2026-05-25 20:00:00+00:00,0.13849,0.13894,0.13557,0.13626,38430200.0,2026-05-25 23:59:59.999000+00:00,1
2026-05-26 00:00:00+00:00,0.13627,0.1365,0.13245,0.13288,52022432.0,2026-05-26 03:59:59.999000+00:00,1
2026-05-26 04:00:00+00:00,0.13287,0.13508,0.13253,0.13321,36329527.0,2026-05-26 07:59:59.999000+00:00,1
2026-05-26 08:00:00+00:00,0.13324,0.13893,0.13303,0.13826,66930919.0,2026-05-26 11:59:59.999000+00:00,1
2026-05-26 12:00:00+00:00,0.13828,0.14028,0.13694,0.13823,87063714.0,2026-05-26 15:59:59.999000+00:00,1
2026-05-26 16:00:00+00:00,0.13822,0.13863,0.13347,0.13592,54698284.0,2026-05-26 19:59:59.999000+00:00,1
2026-05-26 20:00:00+00:00,0.13594,0.13775,0.13527,0.13698,23076573.0,2026-05-26 23:59:59.999000+00:00,1
2026-05-27 00:00:00+00:00,0.13703,0.13875,0.1353,0.13543,27918026.0,2026-05-27 03:59:59.999000+00:00,1
2026-05-27 04:00:00+00:00,0.13544,0.1381,0.1334,0.13689,54948666.0,2026-05-27 07:59:59.999000+00:00,1
2026-05-27 08:00:00+00:00,0.13689,0.1377,0.13486,0.13489,32755487.0,2026-05-27 11:59:59.999000+00:00,1
2026-05-27 12:00:00+00:00,0.13489,0.1383,0.13361,0.13752,87316561.0,2026-05-27 15:59:59.999000+00:00,1
2026-05-27 16:00:00+00:00,0.13753,0.13861,0.13375,0.13645,36221145.0,2026-05-27 19:59:59.999000+00:00,1
2026-05-27 20:00:00+00:00,0.13645,0.137,0.1293,0.1318,67979457.0,2026-05-27 23:59:59.999000+00:00,1
2026-05-28 00:00:00+00:00,0.13179,0.1326,0.12587,0.12656,90610936.0,2026-05-28 03:59:59.999000+00:00,1
2026-05-28 04:00:00+00:00,0.12656,0.12682,0.12362,0.12469,64552894.0,2026-05-28 07:59:59.999000+00:00,1
2026-05-28 08:00:00+00:00,0.12471,0.12488,0.12209,0.12245,38527017.0,2026-05-28 11:59:59.999000+00:00,1
2026-05-28 12:00:00+00:00,0.12245,0.1251,0.12171,0.12352,59164241.0,2026-05-28 15:59:59.999000+00:00,1
2026-05-28 16:00:00+00:00,0.12352,0.13032,0.12301,0.12824,52455932.0,2026-05-28 19:59:59.999000+00:00,1
2026-05-28 20:00:00+00:00,0.12824,0.12958,0.1273,0.12754,32165986.0,2026-05-28 23:59:59.999000+00:00,1
2026-05-29 00:00:00+00:00,0.12754,0.12921,0.12665,0.12781,42647783.0,2026-05-29 03:59:59.999000+00:00,1
2026-05-29 04:00:00+00:00,0.12781,0.13182,0.12699,0.13168,35559324.0,2026-05-29 07:59:59.999000+00:00,1
2026-05-29 08:00:00+00:00,0.13166,0.13254,0.12859,0.12942,37252406.0,2026-05-29 11:59:59.999000+00:00,1
2026-05-29 12:00:00+00:00,0.12943,0.13398,0.12708,0.13352,70348284.0,2026-05-29 15:59:59.999000+00:00,1
2026-05-29 16:00:00+00:00,0.13352,0.13388,0.13047,0.1317,50867594.0,2026-05-29 19:59:59.999000+00:00,1
2026-05-29 20:00:00+00:00,0.13168,0.1421,0.13142,0.14106,123742966.0,2026-05-29 23:59:59.999000+00:00,1
2026-05-30 00:00:00+00:00,0.14107,0.14613,0.13794,0.14468,110765778.0,2026-05-30 03:59:59.999000+00:00,1
2026-05-30 04:00:00+00:00,0.14467,0.14584,0.13906,0.14038,99195512.0,2026-05-30 07:59:59.999000+00:00,1
2026-05-30 08:00:00+00:00,0.14041,0.14041,0.13774,0.13938,36261400.0,2026-05-30 11:59:59.999000+00:00,1
2026-05-30 12:00:00+00:00,0.13937,0.14034,0.1378,0.13821,33639098.0,2026-05-30 15:59:59.999000+00:00,1
2026-05-30 16:00:00+00:00,0.13821,0.13941,0.13727,0.13891,29179111.0,2026-05-30 19:59:59.999000+00:00,1
2026-05-30 20:00:00+00:00,0.13893,0.13916,0.13676,0.13874,24741057.0,2026-05-30 23:59:59.999000+00:00,1
2026-05-31 00:00:00+00:00,0.13873,0.1415,0.13795,0.13978,52747730.0,2026-05-31 03:59:59.999000+00:00,1
2026-05-31 04:00:00+00:00,0.13983,0.14112,0.13788,0.13835,27038985.0,2026-05-31 07:59:59.999000+00:00,1
2026-05-31 08:00:00+00:00,0.13835,0.14108,0.1383,0.14049,27241290.0,2026-05-31 11:59:59.999000+00:00,1
2026-05-31 12:00:00+00:00,0.14048,0.1413,0.13551,0.13664,50676863.0,2026-05-31 15:59:59.999000+00:00,1
2026-05-31 16:00:00+00:00,0.13665,0.13689,0.13454,0.13576,33404578.0,2026-05-31 19:59:59.999000+00:00,1
2026-05-31 20:00:00+00:00,0.13576,0.13953,0.13576,0.13924,25387067.0,2026-05-31 23:59:59.999000+00:00,1
2026-06-01 00:00:00+00:00,0.13924,0.14558,0.13882,0.14543,91736267.0,2026-06-01 03:59:59.999000+00:00,1
2026-06-01 04:00:00+00:00,0.14543,0.15026,0.14243,0.14611,172654368.0,2026-06-01 07:59:59.999000+00:00,1
2026-06-01 08:00:00+00:00,0.14609,0.14713,0.14204,0.14368,95244420.0,2026-06-01 11:59:59.999000+00:00,1
2026-06-01 12:00:00+00:00,0.14375,0.14537,0.13992,0.14268,95964955.0,2026-06-01 15:59:59.999000+00:00,1
2026-06-01 16:00:00+00:00,0.14267,0.15328,0.14163,0.14867,111371240.0,2026-06-01 19:59:59.999000+00:00,1
2026-06-01 20:00:00+00:00,0.14873,0.14898,0.14485,0.14734,31298739.0,2026-06-01 23:59:59.999000+00:00,1
2026-06-02 00:00:00+00:00,0.14736,0.14795,0.14158,0.14728,62221295.0,2026-06-02 03:59:59.999000+00:00,1
2026-06-02 04:00:00+00:00,0.1473,0.15145,0.14553,0.14978,98479978.0,2026-06-02 07:59:59.999000+00:00,1
2026-06-02 08:00:00+00:00,0.14975,0.15127,0.14637,0.14758,53176474.0,2026-06-02 11:59:59.999000+00:00,1
2026-06-02 12:00:00+00:00,0.14754,0.15071,0.14084,0.14524,86335502.0,2026-06-02 15:59:59.999000+00:00,1
2026-06-02 16:00:00+00:00,0.14524,0.15859,0.14504,0.151,214627620.0,2026-06-02 19:59:59.999000+00:00,1
2026-06-02 20:00:00+00:00,0.15105,0.15346,0.14682,0.14907,75578508.0,2026-06-02 23:59:59.999000+00:00,1
2026-06-03 00:00:00+00:00,0.14907,0.15325,0.14444,0.14555,86740645.0,2026-06-03 03:59:59.999000+00:00,1
2026-06-03 04:00:00+00:00,0.14557,0.15504,0.14557,0.15263,79846041.0,2026-06-03 07:59:59.999000+00:00,1
2026-06-03 08:00:00+00:00,0.1526,0.1526,0.14921,0.14965,41769651.0,2026-06-03 11:59:59.999000+00:00,1
2026-06-03 12:00:00+00:00,0.14965,0.15457,0.14828,0.1513,58287933.0,2026-06-03 15:59:59.999000+00:00,1
2026-06-03 16:00:00+00:00,0.15136,0.1526,0.14596,0.14645,56182428.0,2026-06-03 19:59:59.999000+00:00,1
2026-06-03 20:00:00+00:00,0.14648,0.15189,0.14305,0.14746,54807320.0,2026-06-03 23:59:59.999000+00:00,1
2026-06-04 00:00:00+00:00,0.14744,0.14889,0.12977,0.14203,215783147.0,2026-06-04 03:59:59.999000+00:00,1
2026-06-04 04:00:00+00:00,0.14203,0.14284,0.1337,0.13378,88686956.0,2026-06-04 07:59:59.999000+00:00,1
2026-06-04 08:00:00+00:00,0.13375,0.13578,0.12921,0.13141,136936893.0,2026-06-04 11:59:59.999000+00:00,1
2026-06-04 12:00:00+00:00,0.13141,0.14296,0.13051,0.14266,114011946.0,2026-06-04 15:59:59.999000+00:00,1
2026-06-04 16:00:00+00:00,0.14268,0.14377,0.13899,0.13982,99475534.0,2026-06-04 19:59:59.999000+00:00,1
2026-06-04 20:00:00+00:00,0.13981,0.14148,0.13342,0.13688,82535860.0,2026-06-04 23:59:59.999000+00:00,1
2026-06-05 00:00:00+00:00,0.13688,0.137,0.13009,0.13028,81915573.0,2026-06-05 03:59:59.999000+00:00,1
2026-06-05 04:00:00+00:00,0.13029,0.13461,0.12014,0.12503,203569450.0,2026-06-05 07:59:59.999000+00:00,1
2026-06-05 08:00:00+00:00,0.12508,0.12828,0.12174,0.1249,98294850.0,2026-06-05 11:59:59.999000+00:00,1
2026-06-05 12:00:00+00:00,0.12487,0.13125,0.12157,0.1227,223467685.0,2026-06-05 15:59:59.999000+00:00,1
2026-06-05 16:00:00+00:00,0.12268,0.12691,0.11632,0.12233,228980918.0,2026-06-05 19:59:59.999000+00:00,1
2026-06-05 20:00:00+00:00,0.12233,0.12945,0.1209,0.12555,127190163.0,2026-06-05 23:59:59.999000+00:00,1
2026-06-06 00:00:00+00:00,0.12557,0.12685,0.11902,0.11988,87670224.0,2026-06-06 03:59:59.999000+00:00,1
2026-06-06 04:00:00+00:00,0.11986,0.12279,0.11358,0.12234,145053444.0,2026-06-06 07:59:59.999000+00:00,1
2026-06-06 08:00:00+00:00,0.12236,0.12491,0.11957,0.122,62607821.0,2026-06-06 11:59:59.999000+00:00,1
2026-06-06 12:00:00+00:00,0.12201,0.12471,0.12077,0.12257,57235946.0,2026-06-06 15:59:59.999000+00:00,1
2026-06-06 16:00:00+00:00,0.12255,0.12316,0.11772,0.11778,88258972.0,2026-06-06 19:59:59.999000+00:00,1
2026-06-06 20:00:00+00:00,0.11776,0.1222,0.11743,0.12169,84880663.0,2026-06-06 23:59:59.999000+00:00,1
2026-06-07 00:00:00+00:00,0.1217,0.12834,0.12121,0.12352,110034779.0,2026-06-07 03:59:59.999000+00:00,1
2026-06-07 04:00:00+00:00,0.12353,0.12436,0.12208,0.12335,83935698.0,2026-06-07 07:59:59.999000+00:00,1
2026-06-07 08:00:00+00:00,0.12334,0.12582,0.12262,0.12378,56938634.0,2026-06-07 11:59:59.999000+00:00,1
2026-06-07 12:00:00+00:00,0.12378,0.12436,0.1207,0.12315,54332846.0,2026-06-07 15:59:59.999000+00:00,1
2026-06-07 16:00:00+00:00,0.12317,0.1247,0.11874,0.11906,68970075.0,2026-06-07 19:59:59.999000+00:00,1
2026-06-07 20:00:00+00:00,0.11906,0.12662,0.11878,0.12126,84272041.0,2026-06-07 23:59:59.999000+00:00,1
2026-06-08 00:00:00+00:00,0.12126,0.12354,0.11899,0.12354,79128037.0,2026-06-08 03:59:59.999000+00:00,1
2026-06-08 04:00:00+00:00,0.12357,0.12463,0.12015,0.12445,55775072.0,2026-06-08 07:59:59.999000+00:00,1
2026-06-08 08:00:00+00:00,0.12446,0.12988,0.12148,0.12928,78934779.0,2026-06-08 11:59:59.999000+00:00,1
2026-06-08 12:00:00+00:00,0.12929,0.13035,0.12661,0.12696,96711365.0,2026-06-08 15:59:59.999000+00:00,1
2026-06-08 16:00:00+00:00,0.12695,0.13001,0.12638,0.12754,45059462.0,2026-06-08 19:59:59.999000+00:00,1
2026-06-08 20:00:00+00:00,0.12755,0.12782,0.12486,0.1254,36722829.0,2026-06-08 23:59:59.999000+00:00,1
2026-06-09 00:00:00+00:00,0.1254,0.12556,0.12093,0.12227,40748385.0,2026-06-09 03:59:59.999000+00:00,1
2026-06-09 04:00:00+00:00,0.12224,0.12539,0.12153,0.125,31296829.0,2026-06-09 07:59:59.999000+00:00,1
2026-06-09 08:00:00+00:00,0.125,0.12545,0.12282,0.1243,26160251.0,2026-06-09 11:59:59.999000+00:00,1
2026-06-09 12:00:00+00:00,0.12425,0.12607,0.12023,0.12029,48877791.0,2026-06-09 15:59:59.999000+00:00,1
2026-06-09 16:00:00+00:00,0.12029,0.12299,0.11819,0.12208,52447872.0,2026-06-09 19:59:59.999000+00:00,1
2026-06-09 20:00:00+00:00,0.1221,0.12315,0.12,0.12057,21907251.0,2026-06-09 23:59:59.999000+00:00,1
2026-06-10 00:00:00+00:00,0.12058,0.12125,0.11853,0.11868,23208910.0,2026-06-10 03:59:59.999000+00:00,1
2026-06-10 04:00:00+00:00,0.11867,0.11964,0.11775,0.11891,27557074.0,2026-06-10 07:59:59.999000+00:00,1
2026-06-10 08:00:00+00:00,0.11893,0.11912,0.11565,0.11624,50084764.0,2026-06-10 11:59:59.999000+00:00,1
2026-06-10 12:00:00+00:00,0.11625,0.12223,0.11555,0.12108,78406828.0,2026-06-10 15:59:59.999000+00:00,1
2026-06-10 16:00:00+00:00,0.12112,0.12181,0.11661,0.11734,31370071.0,2026-06-10 19:59:59.999000+00:00,1
2026-06-10 20:00:00+00:00,0.11736,0.11748,0.11435,0.11666,46645359.0,2026-06-10 23:59:59.999000+00:00,1
2026-06-11 00:00:00+00:00,0.11664,0.12195,0.11662,0.1216,33613713.0,2026-06-11 03:59:59.999000+00:00,1
2026-06-11 04:00:00+00:00,0.12161,0.12582,0.12135,0.12553,64567896.0,2026-06-11 07:59:59.999000+00:00,1
2026-06-11 08:00:00+00:00,0.12552,0.12635,0.12398,0.12556,49998845.0,2026-06-11 11:59:59.999000+00:00,1
2026-06-11 12:00:00+00:00,0.12559,0.12805,0.12301,0.12647,67114336.0,2026-06-11 15:59:59.999000+00:00,1
2026-06-11 16:00:00+00:00,0.1265,0.1319,0.12584,0.12931,77693745.0,2026-06-11 19:59:59.999000+00:00,1
2026-06-11 20:00:00+00:00,0.12932,0.13358,0.12886,0.13123,34281471.0,2026-06-11 23:59:59.999000+00:00,1
2026-06-12 00:00:00+00:00,0.13124,0.13183,0.12886,0.12951,33518562.0,2026-06-12 03:59:59.999000+00:00,1
2026-06-12 04:00:00+00:00,0.1295,0.12971,0.12686,0.12782,36849219.0,2026-06-12 07:59:59.999000+00:00,1
2026-06-12 08:00:00+00:00,0.12782,0.1299,0.12782,0.12982,41928892.0,2026-06-12 11:59:59.999000+00:00,1
2026-06-12 12:00:00+00:00,0.12978,0.13121,0.1274,0.12846,53911515.0,2026-06-12 15:59:59.999000+00:00,1
2026-06-12 16:00:00+00:00,0.12847,0.13004,0.12797,0.1288,32120824.0,2026-06-12 19:59:59.999000+00:00,1
2026-06-12 20:00:00+00:00,0.1288,0.1301,0.12769,0.1286,15012944.0,2026-06-12 23:59:59.999000+00:00,1
2026-06-13 00:00:00+00:00,0.1286,0.12977,0.12727,0.12739,24701264.0,2026-06-13 03:59:59.999000+00:00,1
2026-06-13 04:00:00+00:00,0.12736,0.12881,0.1264,0.12791,27193750.0,2026-06-13 07:59:59.999000+00:00,1
2026-06-13 08:00:00+00:00,0.12792,0.13025,0.12747,0.12972,24494743.0,2026-06-13 11:59:59.999000+00:00,1
2026-06-13 12:00:00+00:00,0.12967,0.13081,0.12919,0.1301,24189671.0,2026-06-13 15:59:59.999000+00:00,1
2026-06-13 16:00:00+00:00,0.13011,0.13024,0.1279,0.12919,29443408.0,2026-06-13 19:59:59.999000+00:00,1
2026-06-13 20:00:00+00:00,0.12917,0.12984,0.12791,0.12837,14750104.0,2026-06-13 23:59:59.999000+00:00,1
2026-06-14 00:00:00+00:00,0.12837,0.12856,0.12734,0.12803,15406788.0,2026-06-14 03:59:59.999000+00:00,1
2026-06-14 04:00:00+00:00,0.12801,0.12809,0.12612,0.12636,16150782.0,2026-06-14 07:59:59.999000+00:00,1
2026-06-14 08:00:00+00:00,0.12637,0.12778,0.12574,0.12608,21106320.0,2026-06-14 11:59:59.999000+00:00,1
2026-06-14 12:00:00+00:00,0.12608,0.12648,0.12229,0.12278,37676517.0,2026-06-14 15:59:59.999000+00:00,1
2026-06-14 16:00:00+00:00,0.12277,0.12441,0.12197,0.12438,27245220.0,2026-06-14 19:59:59.999000+00:00,1
2026-06-14 20:00:00+00:00,0.12435,0.13089,0.12391,0.13041,39418552.0,2026-06-14 23:59:59.999000+00:00,1
2026-06-15 00:00:00+00:00,0.13041,0.13524,0.12972,0.13347,40605207.0,2026-06-15 03:59:59.999000+00:00,1
2026-06-15 04:00:00+00:00,0.13343,0.13389,0.13098,0.13236,28557354.0,2026-06-15 07:59:59.999000+00:00,1
2026-06-15 08:00:00+00:00,0.13237,0.13508,0.13149,0.13485,25736703.0,2026-06-15 11:59:59.999000+00:00,1
2026-06-15 12:00:00+00:00,0.13481,0.13542,0.13132,0.13327,33064291.0,2026-06-15 15:59:59.999000+00:00,1
2026-06-15 16:00:00+00:00,0.13328,0.13379,0.12903,0.12949,30423739.0,2026-06-15 19:59:59.999000+00:00,1
2026-06-15 20:00:00+00:00,0.12947,0.12996,0.12615,0.12799,17834628.0,2026-06-15 23:59:59.999000+00:00,1
2026-06-16 00:00:00+00:00,0.12798,0.1298,0.12643,0.12885,26631899.0,2026-06-16 03:59:59.999000+00:00,1
2026-06-16 04:00:00+00:00,0.12885,0.12953,0.12765,0.12911,11989528.0,2026-06-16 07:59:59.999000+00:00,1
2026-06-16 08:00:00+00:00,0.12911,0.13099,0.12869,0.12949,19448998.0,2026-06-16 11:59:59.999000+00:00,1
2026-06-16 12:00:00+00:00,0.12951,0.13021,0.12469,0.12646,34730075.0,2026-06-16 15:59:59.999000+00:00,1
2026-06-16 16:00:00+00:00,0.12644,0.12897,0.12632,0.12708,19471192.0,2026-06-16 19:59:59.999000+00:00,1
2026-06-16 20:00:00+00:00,0.12708,0.1279,0.12628,0.12694,10914038.0,2026-06-16 23:59:59.999000+00:00,1
2026-06-17 00:00:00+00:00,0.12696,0.1294,0.12639,0.12892,26229090.0,2026-06-17 03:59:59.999000+00:00,1
2026-06-17 04:00:00+00:00,0.12894,0.13026,0.12811,0.12939,30556330.0,2026-06-17 07:59:59.999000+00:00,1
2026-06-17 08:00:00+00:00,0.1294,0.13157,0.1278,0.13025,39905365.0,2026-06-17 11:59:59.999000+00:00,1
2026-06-17 12:00:00+00:00,0.13025,0.13195,0.1276,0.13183,48723690.0,2026-06-17 15:59:59.999000+00:00,1
2026-06-17 16:00:00+00:00,0.1318,0.13412,0.12876,0.13138,85445245.0,2026-06-17 19:59:59.999000+00:00,1
2026-06-17 20:00:00+00:00,0.1313,0.13437,0.1284,0.13208,43280998.0,2026-06-17 23:59:59.999000+00:00,1
2026-06-18 00:00:00+00:00,0.13207,0.13404,0.13089,0.13092,34446018.0,2026-06-18 03:59:59.999000+00:00,1
2026-06-18 04:00:00+00:00,0.13091,0.13473,0.12778,0.13374,75984277.0,2026-06-18 07:59:59.999000+00:00,1
2026-06-18 08:00:00+00:00,0.13373,0.13674,0.13288,0.13417,58170824.0,2026-06-18 11:59:59.999000+00:00,1
2026-06-18 12:00:00+00:00,0.13419,0.13469,0.12555,0.12583,73013051.0,2026-06-18 15:59:59.999000+00:00,1
2026-06-18 16:00:00+00:00,0.12587,0.12965,0.12533,0.12878,49302001.0,2026-06-18 19:59:59.999000+00:00,1
2026-06-18 20:00:00+00:00,0.1288,0.134,0.1288,0.13335,53390042.0,2026-06-18 23:59:59.999000+00:00,1
2026-06-19 00:00:00+00:00,0.13336,0.13625,0.13096,0.13216,54962837.0,2026-06-19 03:59:59.999000+00:00,1
2026-06-19 04:00:00+00:00,0.13216,0.13342,0.12729,0.1279,57087326.0,2026-06-19 07:59:59.999000+00:00,1
2026-06-19 08:00:00+00:00,0.12787,0.12891,0.12618,0.1267,36346122.0,2026-06-19 11:59:59.999000+00:00,1
2026-06-19 12:00:00+00:00,0.12672,0.13422,0.12656,0.13096,66420683.0,2026-06-19 15:59:59.999000+00:00,1
2026-06-19 16:00:00+00:00,0.13097,0.1314,0.12714,0.12814,30680474.0,2026-06-19 19:59:59.999000+00:00,1
2026-06-19 20:00:00+00:00,0.12815,0.13126,0.12786,0.13105,24116489.0,2026-06-19 23:59:59.999000+00:00,1
2026-06-20 00:00:00+00:00,0.13104,0.13737,0.13067,0.13504,63658474.0,2026-06-20 03:59:59.999000+00:00,1
2026-06-20 04:00:00+00:00,0.13508,0.14038,0.13313,0.13737,64897536.0,2026-06-20 07:59:59.999000+00:00,1
2026-06-20 08:00:00+00:00,0.13739,0.13984,0.13603,0.13956,57493733.0,2026-06-20 11:59:59.999000+00:00,1
2026-06-20 12:00:00+00:00,0.13952,0.1399,0.13407,0.13953,59556289.0,2026-06-20 15:59:59.999000+00:00,1
2026-06-20 16:00:00+00:00,0.13959,0.13982,0.13758,0.13785,24979855.0,2026-06-20 19:59:59.999000+00:00,1
2026-06-20 20:00:00+00:00,0.13785,0.13845,0.13592,0.13621,15320013.0,2026-06-20 23:59:59.999000+00:00,1
2026-06-21 00:00:00+00:00,0.13623,0.13772,0.13572,0.13612,18049812.0,2026-06-21 03:59:59.999000+00:00,1
2026-06-21 04:00:00+00:00,0.13612,0.13958,0.13411,0.13803,35082622.0,2026-06-21 07:59:59.999000+00:00,1
2026-06-21 08:00:00+00:00,0.13804,0.14295,0.13736,0.13833,41789787.0,2026-06-21 11:59:59.999000+00:00,1
2026-06-21 12:00:00+00:00,0.13831,0.13926,0.13687,0.13712,18782435.0,2026-06-21 15:59:59.999000+00:00,1
2026-06-21 16:00:00+00:00,0.13715,0.13814,0.13583,0.13698,19778534.0,2026-06-21 19:59:59.999000+00:00,1
2026-06-21 20:00:00+00:00,0.13698,0.13717,0.13328,0.135,23670466.0,2026-06-21 23:59:59.999000+00:00,1
2026-06-22 00:00:00+00:00,0.13502,0.13967,0.13475,0.1383,26040717.0,2026-06-22 03:59:59.999000+00:00,1
2026-06-22 04:00:00+00:00,0.1383,0.14088,0.13761,0.13952,32018192.0,2026-06-22 07:59:59.999000+00:00,1
2026-06-22 08:00:00+00:00,0.13958,0.14045,0.13908,0.14001,12503208.0,2026-06-22 11:59:59.999000+00:00,1
2026-06-22 12:00:00+00:00,0.13997,0.14034,0.13791,0.13845,29142929.0,2026-06-22 15:59:59.999000+00:00,1
2026-06-22 16:00:00+00:00,0.1385,0.14163,0.13783,0.13941,38652729.0,2026-06-22 19:59:59.999000+00:00,1
2026-06-22 20:00:00+00:00,0.13938,0.14311,0.13806,0.13987,39090112.0,2026-06-22 23:59:59.999000+00:00,1
2026-06-23 00:00:00+00:00,0.13987,0.1413,0.13852,0.13925,20479544.0,2026-06-23 03:59:59.999000+00:00,1
2026-06-23 04:00:00+00:00,0.13925,0.13993,0.13364,0.13637,46639770.0,2026-06-23 07:59:59.999000+00:00,1
2026-06-23 08:00:00+00:00,0.13637,0.1373,0.13153,0.1325,76266766.0,2026-06-23 11:59:59.999000+00:00,1
2026-06-23 12:00:00+00:00,0.13251,0.13731,0.13228,0.13298,72584361.0,2026-06-23 15:59:59.999000+00:00,1
2026-06-23 16:00:00+00:00,0.13296,0.13368,0.13139,0.13182,28258303.0,2026-06-23 19:59:59.999000+00:00,1
2026-06-23 20:00:00+00:00,0.13184,0.13482,0.1313,0.13171,24963005.0,2026-06-23 23:59:59.999000+00:00,1
2026-06-24 00:00:00+00:00,0.13171,0.13402,0.13025,0.13126,34449536.0,2026-06-24 03:59:59.999000+00:00,1
2026-06-24 04:00:00+00:00,0.13124,0.1374,0.12939,0.1359,62469946.0,2026-06-24 07:59:59.999000+00:00,1
2026-06-24 08:00:00+00:00,0.13589,0.13844,0.13431,0.13641,51673422.0,2026-06-24 11:59:59.999000+00:00,1
2026-06-24 12:00:00+00:00,0.13642,0.13651,0.12991,0.13014,45613997.0,2026-06-24 15:59:59.999000+00:00,1
2026-06-24 16:00:00+00:00,0.13015,0.13283,0.12491,0.12895,59230695.0,2026-06-24 19:59:59.999000+00:00,1
2026-06-24 20:00:00+00:00,0.12893,0.1334,0.12848,0.13011,43084859.0,2026-06-24 23:59:59.999000+00:00,1
2026-06-25 00:00:00+00:00,0.13011,0.13318,0.12771,0.12843,37492141.0,2026-06-25 03:59:59.999000+00:00,1
2026-06-25 04:00:00+00:00,0.12843,0.1332,0.12777,0.13289,37809256.0,2026-06-25 07:59:59.999000+00:00,1
2026-06-25 08:00:00+00:00,0.1329,0.13778,0.13246,0.13646,69750327.0,2026-06-25 11:59:59.999000+00:00,1
2026-06-25 12:00:00+00:00,0.13648,0.13703,0.12554,0.13158,109535097.0,2026-06-25 15:59:59.999000+00:00,1
2026-06-25 16:00:00+00:00,0.13157,0.13514,0.13085,0.13338,61845825.0,2026-06-25 19:59:59.999000+00:00,1
2026-06-25 20:00:00+00:00,0.1334,0.14244,0.13325,0.14155,66577804.0,2026-06-25 23:59:59.999000+00:00,1
2026-06-26 00:00:00+00:00,0.14158,0.149,0.13938,0.14433,408523742.0,2026-06-26 03:59:59.999000+00:00,1
2026-06-26 04:00:00+00:00,0.1443,0.1533,0.14237,0.15239,163792326.0,2026-06-26 07:59:59.999000+00:00,1
2026-06-26 08:00:00+00:00,0.15238,0.15516,0.14566,0.14857,304605867.0,2026-06-26 11:59:59.999000+00:00,1
2026-06-26 12:00:00+00:00,0.14859,0.15435,0.14531,0.14763,197390604.0,2026-06-26 15:59:59.999000+00:00,1
2026-06-26 16:00:00+00:00,0.14769,0.15216,0.14672,0.14801,110311679.0,2026-06-26 19:59:59.999000+00:00,1
2026-06-26 20:00:00+00:00,0.14801,0.15051,0.14523,0.14774,46505448.0,2026-06-26 23:59:59.999000+00:00,1
2026-06-27 00:00:00+00:00,0.14773,0.15058,0.14667,0.14858,43312950.0,2026-06-27 03:59:59.999000+00:00,1
2026-06-27 04:00:00+00:00,0.14858,0.14947,0.14567,0.14616,30480119.0,2026-06-27 07:59:59.999000+00:00,1
2026-06-27 08:00:00+00:00,0.14617,0.14617,0.13821,0.14214,79163474.0,2026-06-27 11:59:59.999000+00:00,1
2026-06-27 12:00:00+00:00,0.14214,0.14256,0.14075,0.14177,28387628.0,2026-06-27 15:59:59.999000+00:00,1
2026-06-27 16:00:00+00:00,0.14178,0.14271,0.13622,0.13767,42474122.0,2026-06-27 19:59:59.999000+00:00,1
2026-06-27 20:00:00+00:00,0.13767,0.13917,0.13645,0.13739,20015061.0,2026-06-27 23:59:59.999000+00:00,1
2026-06-28 00:00:00+00:00,0.13738,0.14084,0.13717,0.13964,34611750.0,2026-06-28 03:59:59.999000+00:00,1
2026-06-28 04:00:00+00:00,0.13963,0.14119,0.13789,0.1395,30286786.0,2026-06-28 07:59:59.999000+00:00,1
2026-06-28 08:00:00+00:00,0.13951,0.14081,0.13765,0.13803,33314116.0,2026-06-28 11:59:59.999000+00:00,1
2026-06-28 12:00:00+00:00,0.13803,0.13996,0.13669,0.13795,32709593.0,2026-06-28 15:59:59.999000+00:00,1
2026-06-28 16:00:00+00:00,0.13796,0.1386,0.13647,0.13744,27486141.0,2026-06-28 19:59:59.999000+00:00,1
2026-06-28 20:00:00+00:00,0.13745,0.1404,0.13421,0.13552,46814126.0,2026-06-28 23:59:59.999000+00:00,1
2026-06-29 00:00:00+00:00,0.13554,0.13707,0.13425,0.1359,21398631.0,2026-06-29 03:59:59.999000+00:00,1
2026-06-29 04:00:00+00:00,0.13587,0.13724,0.13355,0.13646,29531178.0,2026-06-29 07:59:59.999000+00:00,1
2026-06-29 08:00:00+00:00,0.13646,0.13881,0.13558,0.13602,31276474.0,2026-06-29 11:59:59.999000+00:00,1
2026-06-29 12:00:00+00:00,0.13603,0.14599,0.1354,0.14567,67212648.0,2026-06-29 15:59:59.999000+00:00,1
2026-06-29 16:00:00+00:00,0.14571,0.14717,0.14269,0.14543,53094360.0,2026-06-29 19:59:59.999000+00:00,1
2026-06-29 20:00:00+00:00,0.14545,0.14841,0.14448,0.1456,32897936.0,2026-06-29 23:59:59.999000+00:00,1
2026-06-30 00:00:00+00:00,0.14571,0.14835,0.14353,0.14554,41877493.0,2026-06-30 03:59:59.999000+00:00,1
2026-06-30 04:00:00+00:00,0.14554,0.14777,0.14421,0.14728,31279354.0,2026-06-30 07:59:59.999000+00:00,1
2026-06-30 08:00:00+00:00,0.1473,0.15055,0.14321,0.14375,53590618.0,2026-06-30 11:59:59.999000+00:00,1
2026-06-30 12:00:00+00:00,0.14375,0.14734,0.14183,0.14731,61841214.0,2026-06-30 15:59:59.999000+00:00,1
2026-06-30 16:00:00+00:00,0.14731,0.14832,0.14602,0.14665,24220742.0,2026-06-30 19:59:59.999000+00:00,1
2026-06-30 20:00:00+00:00,0.14664,0.14677,0.14406,0.14544,18640974.0,2026-06-30 23:59:59.999000+00:00,1
2026-07-01 00:00:00+00:00,0.14541,0.14923,0.14466,0.14921,47923284.0,2026-07-01 03:59:59.999000+00:00,1
2026-07-01 04:00:00+00:00,0.14922,0.14937,0.14412,0.14531,41765858.0,2026-07-01 07:59:59.999000+00:00,1
2026-07-01 08:00:00+00:00,0.14528,0.1455,0.1417,0.14292,43426829.0,2026-07-01 11:59:59.999000+00:00,1
2026-07-01 12:00:00+00:00,0.1429,0.1454,0.14135,0.14171,48894032.0,2026-07-01 15:59:59.999000+00:00,1
2026-07-01 16:00:00+00:00,0.1417,0.14326,0.13787,0.13841,43211102.0,2026-07-01 19:59:59.999000+00:00,1
2026-07-01 20:00:00+00:00,0.1384,0.14066,0.13724,0.13973,50051042.0,2026-07-01 23:59:59.999000+00:00,1
2026-07-02 00:00:00+00:00,0.13974,0.14453,0.13931,0.14387,49197437.0,2026-07-02 03:59:59.999000+00:00,1
2026-07-02 04:00:00+00:00,0.14386,0.14481,0.14232,0.14338,28693005.0,2026-07-02 07:59:59.999000+00:00,1
2026-07-02 08:00:00+00:00,0.14338,0.14422,0.14236,0.14366,37715434.0,2026-07-02 11:59:59.999000+00:00,1
2026-07-02 12:00:00+00:00,0.14365,0.147,0.14328,0.14489,54940245.0,2026-07-02 15:59:59.999000+00:00,1
2026-07-02 16:00:00+00:00,0.14489,0.14518,0.14159,0.14196,35375500.0,2026-07-02 19:59:59.999000+00:00,1
2026-07-02 20:00:00+00:00,0.14195,0.14249,0.1401,0.14093,22561561.0,2026-07-02 23:59:59.999000+00:00,1
2026-07-03 00:00:00+00:00,0.14093,0.14378,0.14033,0.143,18840814.0,2026-07-03 03:59:59.999000+00:00,1
2026-07-03 04:00:00+00:00,0.14301,0.14563,0.14239,0.14433,22871010.0,2026-07-03 07:59:59.999000+00:00,1
2026-07-03 08:00:00+00:00,0.14433,0.14592,0.14414,0.14503,22558228.0,2026-07-03 11:59:59.999000+00:00,1
2026-07-03 12:00:00+00:00,0.14503,0.14756,0.14498,0.14739,32035259.0,2026-07-03 15:59:59.999000+00:00,1
2026-07-03 16:00:00+00:00,0.14739,0.14791,0.14537,0.14577,25311443.0,2026-07-03 19:59:59.999000+00:00,1
2026-07-03 20:00:00+00:00,0.14577,0.14697,0.14457,0.14545,18045980.0,2026-07-03 23:59:59.999000+00:00,1
2026-07-04 00:00:00+00:00,0.14544,0.14622,0.14335,0.14361,17818500.0,2026-07-04 03:59:59.999000+00:00,1
2026-07-04 04:00:00+00:00,0.14361,0.14653,0.14258,0.14352,30952106.0,2026-07-04 07:59:59.999000+00:00,1
2026-07-04 08:00:00+00:00,0.14352,0.14564,0.14314,0.14547,14883567.0,2026-07-04 11:59:59.999000+00:00,1
2026-07-04 12:00:00+00:00,0.14548,0.1466,0.14439,0.14632,18075077.0,2026-07-04 15:59:59.999000+00:00,1
2026-07-04 16:00:00+00:00,0.14632,0.14779,0.14518,0.14687,20536499.0,2026-07-04 19:59:59.999000+00:00,1
2026-07-04 20:00:00+00:00,0.14686,0.14932,0.14484,0.1461,23906976.0,2026-07-04 23:59:59.999000+00:00,1
2026-07-05 00:00:00+00:00,0.1461,0.14877,0.14478,0.14495,26637745.0,2026-07-05 03:59:59.999000+00:00,1
2026-07-05 04:00:00+00:00,0.14495,0.14533,0.14298,0.14375,24892171.0,2026-07-05 07:59:59.999000+00:00,1
2026-07-05 08:00:00+00:00,0.14373,0.14413,0.14146,0.14235,15661707.0,2026-07-05 11:59:59.999000+00:00,1
2026-07-05 12:00:00+00:00,0.14236,0.14358,0.14164,0.14231,11607967.0,2026-07-05 15:59:59.999000+00:00,1
2026-07-05 16:00:00+00:00,0.14231,0.14378,0.14148,0.14211,19101967.0,2026-07-05 19:59:59.999000+00:00,1
2026-07-05 20:00:00+00:00,0.14211,0.14433,0.14192,0.14237,10601615.0,2026-07-05 23:59:59.999000+00:00,1
2026-07-06 00:00:00+00:00,0.14237,0.14292,0.1396,0.14039,22077774.0,2026-07-06 03:59:59.999000+00:00,1
2026-07-06 04:00:00+00:00,0.14039,0.1407,0.1376,0.13808,24516642.0,2026-07-06 07:59:59.999000+00:00,1
2026-07-06 08:00:00+00:00,0.13807,0.13893,0.13508,0.13532,26023725.0,2026-07-06 11:59:59.999000+00:00,1
2026-07-06 12:00:00+00:00,0.13533,0.13644,0.13334,0.1353,39349324.0,2026-07-06 15:59:59.999000+00:00,1
2026-07-06 16:00:00+00:00,0.1353,0.1394,0.135,0.13892,39914734.0,2026-07-06 19:59:59.999000+00:00,1
2026-07-06 20:00:00+00:00,0.13892,0.14003,0.1372,0.13786,17189487.0,2026-07-06 23:59:59.999000+00:00,1
2026-07-07 00:00:00+00:00,0.13788,0.13911,0.13534,0.13562,21923513.0,2026-07-07 03:59:59.999000+00:00,1
2026-07-07 04:00:00+00:00,0.13562,0.13593,0.13247,0.13509,32021906.0,2026-07-07 07:59:59.999000+00:00,1
2026-07-07 08:00:00+00:00,0.1351,0.13879,0.13479,0.13872,29025437.0,2026-07-07 11:59:59.999000+00:00,1
2026-07-07 12:00:00+00:00,0.13869,0.14589,0.13844,0.14163,96184922.0,2026-07-07 15:59:59.999000+00:00,1
2026-07-07 16:00:00+00:00,0.14163,0.14229,0.13768,0.13897,35924949.0,2026-07-07 19:59:59.999000+00:00,1
2026-07-07 20:00:00+00:00,0.13897,0.14192,0.13878,0.141,38852114.0,2026-07-07 23:59:59.999000+00:00,1
2026-07-08 00:00:00+00:00,0.14101,0.14635,0.14101,0.14313,74813164.0,2026-07-08 03:59:59.999000+00:00,1
2026-07-08 04:00:00+00:00,0.14312,0.14798,0.14082,0.14785,88456650.0,2026-07-08 07:59:59.999000+00:00,1
2026-07-08 08:00:00+00:00,0.14785,0.15246,0.1434,0.15185,230134098.0,2026-07-08 11:59:59.999000+00:00,1
2026-07-08 12:00:00+00:00,0.15178,0.15356,0.14887,0.15184,150017493.0,2026-07-08 15:59:59.999000+00:00,1
2026-07-08 16:00:00+00:00,0.15183,0.16285,0.14803,0.16014,268290653.0,2026-07-08 19:59:59.999000+00:00,1
2026-07-08 20:00:00+00:00,0.16014,0.16414,0.15612,0.1623,201474248.0,2026-07-08 23:59:59.999000+00:00,1
2026-07-09 00:00:00+00:00,0.16227,0.16382,0.15769,0.16008,165935529.0,2026-07-09 03:59:59.999000+00:00,1
2026-07-09 04:00:00+00:00,0.16006,0.16946,0.15911,0.16232,257064986.0,2026-07-09 07:59:59.999000+00:00,1
2026-07-09 08:00:00+00:00,0.16232,0.16641,0.16013,0.16381,116547891.0,2026-07-09 11:59:59.999000+00:00,1
2026-07-09 12:00:00+00:00,0.16382,0.16492,0.15863,0.16241,124383630.0,2026-07-09 15:59:59.999000+00:00,1
2026-07-09 16:00:00+00:00,0.1624,0.16547,0.1606,0.16136,47625258.0,2026-07-09 19:59:59.999000+00:00,1
2026-07-09 20:00:00+00:00,0.16137,0.16886,0.1597,0.16797,70404068.0,2026-07-09 23:59:59.999000+00:00,1
2026-07-10 00:00:00+00:00,0.16797,0.16998,0.16331,0.1634,59724317.0,2026-07-10 03:59:59.999000+00:00,1
2026-07-10 04:00:00+00:00,0.16339,0.16459,0.16033,0.16356,43563035.0,2026-07-10 07:59:59.999000+00:00,1
2026-07-10 08:00:00+00:00,0.16356,0.16759,0.16353,0.16643,58606207.0,2026-07-10 11:59:59.999000+00:00,1
2026-07-10 12:00:00+00:00,0.16643,0.16816,0.15929,0.15994,72240785.0,2026-07-10 15:59:59.999000+00:00,1
2026-07-10 16:00:00+00:00,0.15992,0.16065,0.15726,0.1587,51188842.0,2026-07-10 19:59:59.999000+00:00,1
2026-07-10 20:00:00+00:00,0.15869,0.16084,0.15755,0.1603,24363382.0,2026-07-10 23:59:59.999000+00:00,1
2026-07-11 00:00:00+00:00,0.1603,0.16442,0.1587,0.15907,34415440.0,2026-07-11 03:59:59.999000+00:00,1
2026-07-11 04:00:00+00:00,0.15907,0.15981,0.15549,0.15714,38889049.0,2026-07-11 07:59:59.999000+00:00,1
2026-07-11 08:00:00+00:00,0.15714,0.15783,0.15576,0.15645,20948979.0,2026-07-11 11:59:59.999000+00:00,1
2026-07-11 12:00:00+00:00,0.15646,0.15764,0.15308,0.15623,40634694.0,2026-07-11 15:59:59.999000+00:00,1
2026-07-11 16:00:00+00:00,0.15623,0.15816,0.15564,0.15748,28265427.0,2026-07-11 19:59:59.999000+00:00,1
2026-07-11 20:00:00+00:00,0.15748,0.15869,0.15411,0.15571,21620457.0,2026-07-11 23:59:59.999000+00:00,1
2026-07-12 00:00:00+00:00,0.15573,0.16025,0.155,0.15853,41141777.0,2026-07-12 03:59:59.999000+00:00,1
2026-07-12 04:00:00+00:00,0.15853,0.15923,0.15563,0.15597,30573077.0,2026-07-12 07:59:59.999000+00:00,1
2026-07-12 08:00:00+00:00,0.15597,0.1573,0.1538,0.15454,23766285.0,2026-07-12 11:59:59.999000+00:00,1
2026-07-12 12:00:00+00:00,0.15454,0.15573,0.15308,0.15423,25788164.0,2026-07-12 15:59:59.999000+00:00,1
2026-07-12 16:00:00+00:00,0.15423,0.1572,0.15396,0.15479,25972018.0,2026-07-12 19:59:59.999000+00:00,1
2026-07-12 20:00:00+00:00,0.15479,0.15626,0.15146,0.15346,19934697.0,2026-07-12 23:59:59.999000+00:00,1
2026-07-13 00:00:00+00:00,0.15344,0.15658,0.14958,0.1514,39007215.0,2026-07-13 03:59:59.999000+00:00,1
2026-07-13 04:00:00+00:00,0.1514,0.15252,0.15047,0.15189,23739104.0,2026-07-13 07:59:59.999000+00:00,1
2026-07-13 08:00:00+00:00,0.15189,0.15225,0.14864,0.14965,27764757.0,2026-07-13 11:59:59.999000+00:00,1
2026-07-13 12:00:00+00:00,0.14965,0.15137,0.14902,0.14946,28460090.0,2026-07-13 15:59:59.999000+00:00,1
2026-07-13 16:00:00+00:00,0.14945,0.15052,0.14655,0.14733,31233239.0,2026-07-13 19:59:59.999000+00:00,1
2026-07-13 20:00:00+00:00,0.14733,0.14797,0.14625,0.14792,11724639.0,2026-07-13 23:59:59.999000+00:00,1
2026-07-14 00:00:00+00:00,0.14789,0.14872,0.14572,0.14662,16438351.0,2026-07-14 03:59:59.999000+00:00,1
2026-07-14 04:00:00+00:00,0.14662,0.14754,0.14199,0.14264,49954770.0,2026-07-14 07:59:59.999000+00:00,1
2026-07-14 08:00:00+00:00,0.14264,0.14341,0.1419,0.14203,22017385.0,2026-07-14 11:59:59.999000+00:00,1
2026-07-14 12:00:00+00:00,0.14204,0.14533,0.14134,0.1429,66197802.0,2026-07-14 15:59:59.999000+00:00,1
2026-07-14 16:00:00+00:00,0.14291,0.14717,0.14268,0.14441,53479366.0,2026-07-14 19:59:59.999000+00:00,1
2026-07-14 20:00:00+00:00,0.1444,0.1475,0.14399,0.14686,33646886.0,2026-07-14 23:59:59.999000+00:00,1
2026-07-15 00:00:00+00:00,0.14686,0.14891,0.14588,0.14822,41545186.0,2026-07-15 03:59:59.999000+00:00,1
2026-07-15 04:00:00+00:00,0.14822,0.1504,0.14697,0.14815,42428020.0,2026-07-15 07:59:59.999000+00:00,1
2026-07-15 08:00:00+00:00,0.14811,0.15032,0.14566,0.14633,43405362.0,2026-07-15 11:59:59.999000+00:00,1
2026-07-15 12:00:00+00:00,0.14628,0.15738,0.1459,0.15738,137480834.0,2026-07-15 15:59:59.999000+00:00,1
2026-07-15 16:00:00+00:00,0.15738,0.15787,0.15361,0.15449,108289763.0,2026-07-15 19:59:59.999000+00:00,1
2026-07-15 20:00:00+00:00,0.15447,0.15655,0.15267,0.15308,31103505.0,2026-07-15 23:59:59.999000+00:00,1
2026-07-16 00:00:00+00:00,0.15308,0.15572,0.1512,0.15287,41439053.0,2026-07-16 03:59:59.999000+00:00,1
2026-07-16 04:00:00+00:00,0.15287,0.15295,0.14915,0.15012,24701041.0,2026-07-16 07:59:59.999000+00:00,1
2026-07-16 08:00:00+00:00,0.15012,0.15296,0.14829,0.15272,39047302.0,2026-07-16 11:59:59.999000+00:00,1
2026-07-16 12:00:00+00:00,0.15272,0.15342,0.15151,0.152,26007236.0,2026-07-16 15:59:59.999000+00:00,1
2026-07-16 16:00:00+00:00,0.152,0.15204,0.14864,0.14894,22895781.0,2026-07-16 19:59:59.999000+00:00,1
2026-07-16 20:00:00+00:00,0.14894,0.15165,0.14826,0.15021,21608447.0,2026-07-16 23:59:59.999000+00:00,1
2026-07-17 00:00:00+00:00,0.15021,0.15185,0.14895,0.14944,38149439.0,2026-07-17 03:59:59.999000+00:00,1
2026-07-17 04:00:00+00:00,0.14943,0.15034,0.14703,0.14866,34806067.0,2026-07-17 07:59:59.999000+00:00,1
2026-07-17 08:00:00+00:00,0.14866,0.14994,0.14733,0.1475,38926383.0,2026-07-17 11:59:59.999000+00:00,1
2026-07-17 12:00:00+00:00,0.14751,0.14923,0.14595,0.14778,40020278.0,2026-07-17 15:59:59.999000+00:00,1
2026-07-17 16:00:00+00:00,0.14778,0.14867,0.14436,0.14536,42927830.0,2026-07-17 19:59:59.999000+00:00,1
2026-07-17 20:00:00+00:00,0.14536,0.14753,0.14475,0.14713,20388747.0,2026-07-17 23:59:59.999000+00:00,1
2026-07-18 00:00:00+00:00,0.14713,0.14772,0.14495,0.1452,23554857.0,2026-07-18 03:59:59.999000+00:00,1
2026-07-18 04:00:00+00:00,0.14523,0.14649,0.14509,0.14536,12648549.0,2026-07-18 07:59:59.999000+00:00,1
2026-07-18 08:00:00+00:00,0.14536,0.14573,0.14364,0.14424,20426643.0,2026-07-18 11:59:59.999000+00:00,1
2026-07-18 12:00:00+00:00,0.14424,0.14427,0.14138,0.14267,23018476.0,2026-07-18 15:59:59.999000+00:00,1
2026-07-18 16:00:00+00:00,0.14267,0.14367,0.1417,0.14202,19538339.0,2026-07-18 19:59:59.999000+00:00,1
2026-07-18 20:00:00+00:00,0.14202,0.14279,0.14123,0.14247,10766722.0,2026-07-18 23:59:59.999000+00:00,1
2026-07-19 00:00:00+00:00,0.14247,0.14432,0.14153,0.14326,20391823.0,2026-07-19 03:59:59.999000+00:00,1
2026-07-19 04:00:00+00:00,0.14326,0.14686,0.1429,0.14554,34631829.0,2026-07-19 07:59:59.999000+00:00,1
2026-07-19 08:00:00+00:00,0.14554,0.14694,0.14456,0.14609,19954100.0,2026-07-19 11:59:59.999000+00:00,1
2026-07-19 12:00:00+00:00,0.1461,0.14778,0.14529,0.14612,22462496.0,2026-07-19 15:59:59.999000+00:00,1
2026-07-19 16:00:00+00:00,0.1461,0.14667,0.14461,0.14626,20716234.0,2026-07-19 19:59:59.999000+00:00,1
2026-07-19 20:00:00+00:00,0.14626,0.14656,0.14398,0.14403,12245403.0,2026-07-19 23:59:59.999000+00:00,1
2026-07-20 00:00:00+00:00,0.14402,0.14522,0.14252,0.14302,25344304.0,2026-07-20 03:59:59.999000+00:00,1
2026-07-20 04:00:00+00:00,0.14301,0.14368,0.13873,0.13962,49297991.0,2026-07-20 07:59:59.999000+00:00,1
2026-07-20 08:00:00+00:00,0.13962,0.1406,0.13697,0.13968,39248223.0,2026-07-20 11:59:59.999000+00:00,1
2026-07-20 12:00:00+00:00,0.13969,0.14341,0.13945,0.14329,33716201.0,2026-07-20 15:59:59.999000+00:00,1
2026-07-20 16:00:00+00:00,0.14332,0.1454,0.14309,0.14353,26981192.0,2026-07-20 19:59:59.999000+00:00,1
2026-07-20 20:00:00+00:00,0.14351,0.14465,0.1426,0.14357,15744880.0,2026-07-20 23:59:59.999000+00:00,1
2026-07-21 00:00:00+00:00,0.14357,0.1457,0.1421,0.14305,20048380.0,2026-07-21 03:59:59.999000+00:00,1
2026-07-21 04:00:00+00:00,0.14305,0.14393,0.14222,0.14392,10040356.0,2026-07-21 07:59:59.999000+00:00,1
2026-07-21 08:00:00+00:00,0.14393,0.14546,0.14244,0.14306,18037215.0,2026-07-21 11:59:59.999000+00:00,1
2026-07-21 12:00:00+00:00,0.14307,0.14629,0.14265,0.14487,31115259.0,2026-07-21 15:59:59.999000+00:00,1
2026-07-21 16:00:00+00:00,0.14488,0.15041,0.14477,0.14906,57303015.0,2026-07-21 19:59:59.999000+00:00,1
2026-07-21 20:00:00+00:00,0.14906,0.15295,0.14837,0.15071,48935133.0,2026-07-21 23:59:59.999000+00:00,1
2026-07-22 00:00:00+00:00,0.15072,0.15127,0.14822,0.1483,29710168.0,2026-07-22 03:59:59.999000+00:00,1
2026-07-22 04:00:00+00:00,0.1483,0.15183,0.1479,0.15094,31049175.0,2026-07-22 07:59:59.999000+00:00,1
2026-07-22 08:00:00+00:00,0.15092,0.15149,0.14745,0.14804,36308340.0,2026-07-22 11:59:59.999000+00:00,1
2026-07-22 12:00:00+00:00,0.14802,0.14802,0.14629,0.14686,30931151.0,2026-07-22 15:59:59.999000+00:00,1
2026-07-22 16:00:00+00:00,0.14684,0.14825,0.14416,0.14459,43027266.0,2026-07-22 19:59:59.999000+00:00,1
2026-07-22 20:00:00+00:00,0.14457,0.14592,0.14427,0.14542,10237212.0,2026-07-22 23:59:59.999000+00:00,1
2026-07-23 00:00:00+00:00,0.14542,0.14617,0.14253,0.14336,25563794.0,2026-07-23 03:59:59.999000+00:00,1
2026-07-23 04:00:00+00:00,0.14334,0.14636,0.14318,0.14551,25590436.0,2026-07-23 07:59:59.999000+00:00,1
2026-07-23 08:00:00+00:00,0.14551,0.1496,0.1454,0.14887,45296379.0,2026-07-23 11:59:59.999000+00:00,1
2026-07-23 12:00:00+00:00,0.14887,0.15129,0.14835,0.1505,57839424.0,2026-07-23 15:59:59.999000+00:00,1
2026-07-23 16:00:00+00:00,0.1505,0.15218,0.14921,0.15,43239483.0,2026-07-23 19:59:59.999000+00:00,1
2026-07-23 20:00:00+00:00,0.15,0.15404,0.14789,0.14852,30528929.0,2026-07-23 23:59:59.999000+00:00,1
2026-07-24 00:00:00+00:00,0.14852,0.15167,0.14652,0.15043,37592301.0,2026-07-24 03:59:59.999000+00:00,1
2026-07-24 04:00:00+00:00,0.15042,0.15059,0.14787,0.14837,30521073.0,2026-07-24 07:59:59.999000+00:00,1
2026-07-24 08:00:00+00:00,0.14837,0.1484,0.14643,0.14685,23538831.0,2026-07-24 11:59:59.999000+00:00,1
2026-07-24 12:00:00+00:00,0.14686,0.14766,0.14281,0.14287,35504532.0,2026-07-24 15:59:59.999000+00:00,1
2026-07-24 16:00:00+00:00,0.14288,0.14403,0.14158,0.14291,30351553.0,2026-07-24 19:59:59.999000+00:00,1
2026-07-24 20:00:00+00:00,0.14291,0.14443,0.14265,0.14294,11871407.0,2026-07-24 23:59:59.999000+00:00,1
2026-07-25 00:00:00+00:00,0.14294,0.14533,0.14273,0.1449,12014420.0,2026-07-25 03:59:59.999000+00:00,1
2026-07-25 04:00:00+00:00,0.1449,0.14805,0.14484,0.14615,23242658.0,2026-07-25 07:59:59.999000+00:00,1
2026-07-25 08:00:00+00:00,0.14615,0.14864,0.14519,0.14592,25278960.0,2026-07-25 11:59:59.999000+00:00,1
2026-07-25 12:00:00+00:00,0.14591,0.14595,0.14318,0.14403,33184934.0,2026-07-25 15:59:59.999000+00:00,1
2026-07-25 16:00:00+00:00,0.14403,0.1442,0.14302,0.14355,7884374.0,2026-07-25 19:59:59.999000+00:00,1
2026-07-25 20:00:00+00:00,0.14355,0.14366,0.1426,0.14354,5412920.0,2026-07-25 23:59:59.999000+00:00,1
2026-07-26 00:00:00+00:00,0.14352,0.14517,0.14329,0.14413,13789359.0,2026-07-26 03:59:59.999000+00:00,1
2026-07-26 04:00:00+00:00,0.14413,0.147,0.14368,0.14422,20063044.0,2026-07-26 07:59:59.999000+00:00,1
2026-07-26 08:00:00+00:00,0.14422,0.14441,0.14295,0.14346,9973926.0,2026-07-26 11:59:59.999000+00:00,1
2026-07-26 12:00:00+00:00,0.14344,0.14427,0.14224,0.14316,13242066.0,2026-07-26 15:59:59.999000+00:00,1
2026-07-26 16:00:00+00:00,0.14318,0.1447,0.14304,0.14354,15032852.0,2026-07-26 19:59:59.999000+00:00,1
2026-07-26 20:00:00+00:00,0.14354,0.14481,0.14175,0.14366,16015832.0,2026-07-26 23:59:59.999000+00:00,1
2026-07-27 00:00:00+00:00,0.14365,0.14754,0.14245,0.14732,30249329.0,2026-07-27 03:59:59.999000+00:00,1
2026-07-27 04:00:00+00:00,0.14732,0.15475,0.14701,0.15439,142683187.0,2026-07-27 07:59:59.999000+00:00,1
2026-07-27 08:00:00+00:00,0.15438,0.15884,0.15114,0.1562,159576594.0,2026-07-27 11:59:59.999000+00:00,1
2026-07-27 12:00:00+00:00,0.15619,0.16338,0.15602,0.15699,259786186.0,2026-07-27 15:59:59.999000+00:00,1
2026-07-27 16:00:00+00:00,0.15699,0.15713,0.15355,0.15514,75616278.0,2026-07-27 19:59:59.999000+00:00,1
2026-07-27 20:00:00+00:00,0.15513,0.15755,0.14778,0.14879,52664666.0,2026-07-27 23:59:59.999000+00:00,1
2026-07-28 00:00:00+00:00,0.1488,0.15225,0.14626,0.15153,56944242.0,2026-07-28 03:59:59.999000+00:00,1
2026-07-28 04:00:00+00:00,0.1515,0.1561,0.14982,0.15539,62030055.0,2026-07-28 07:59:59.999000+00:00,1
2026-07-28 08:00:00+00:00,0.15536,0.1559,0.15112,0.15198,50472504.0,2026-07-28 11:59:59.999000+00:00,1
2026-07-28 12:00:00+00:00,0.15198,0.15262,0.1498,0.15085,41847188.0,2026-07-28 15:59:59.999000+00:00,1
2026-07-28 16:00:00+00:00,0.15085,0.15427,0.15029,0.15234,47665311.0,2026-07-28 19:59:59.999000+00:00,1
2026-07-28 20:00:00+00:00,0.15233,0.15406,0.15121,0.15226,23815614.0,2026-07-28 23:59:59.999000+00:00,1
2026-07-29 00:00:00+00:00,0.15226,0.15357,0.14584,0.14613,51427225.0,2026-07-29 03:59:59.999000+00:00,1
2026-07-29 04:00:00+00:00,0.14614,0.14758,0.14449,0.14499,30435605.0,2026-07-29 07:59:59.999000+00:00,1
2026-07-29 08:00:00+00:00,0.145,0.14637,0.14335,0.14623,36247141.0,2026-07-29 11:59:59.999000+00:00,1
2026-07-29 12:00:00+00:00,0.14623,0.14626,0.14155,0.14211,27367635.0,2026-07-29 15:59:59.999000+00:00,1
2026-07-29 16:00:00+00:00,0.14211,0.14479,0.14028,0.1408,26075072.0,2026-07-29 19:59:59.999000+00:00,1
2026-07-29 20:00:00+00:00,0.14077,0.1414,0.13754,0.13894,23053928.0,2026-07-29 23:59:59.999000+00:00,1
2026-07-30 00:00:00+00:00,0.13894,0.14043,0.1384,0.13846,11425497.0,2026-07-30 03:59:59.999000+00:00,1
2026-07-30 04:00:00+00:00,0.13846,0.13851,0.13594,0.13627,25668449.0,2026-07-30 07:59:59.999000+00:00,1
2026-07-30 08:00:00+00:00,0.13626,0.13752,0.13572,0.1368,20496908.0,2026-07-30 11:59:59.999000+00:00,1
2026-07-30 12:00:00+00:00,0.1368,0.13887,0.13561,0.13588,22666371.0,2026-07-30 15:59:59.999000+00:00,1
2026-07-30 16:00:00+00:00,0.13584,0.13657,0.13459,0.13543,27742303.0,2026-07-30 19:59:59.999000+00:00,1
2026-07-30 20:00:00+00:00,0.13543,0.13625,0.1332,0.13341,23435142.0,2026-07-30 23:59:59.999000+00:00,1
2026-07-31 00:00:00+00:00,0.13341,0.13446,0.12817,0.1285,59372267.0,2026-07-31 03:59:59.999000+00:00,1
2026-07-31 04:00:00+00:00,0.12846,0.13302,0.12827,0.13258,32669698.0,2026-07-31 07:59:59.999000+00:00,1
2026-07-31 08:00:00+00:00,0.13258,0.13387,0.13182,0.13343,25178148.0,2026-07-31 11:59:59.999000+00:00,1
2026-07-31 12:00:00+00:00,0.13342,0.13502,0.13228,0.13365,34711272.0,2026-07-31 15:59:59.999000+00:00,1
2026-07-31 16:00:00+00:00,0.13365,0.13383,0.13185,0.13239,17566041.0,2026-07-31 19:59:59.999000+00:00,1
2026-07-31 20:00:00+00:00,0.13238,0.13536,0.13215,0.13525,17048368.0,2026-07-31 23:59:59.999000+00:00,1
2026-08-01 00:00:00+00:00,0.13524,0.13707,0.13396,0.13417,21664105.0,2026-08-01 03:59:59.999000+00:00,1
2026-08-01 04:00:00+00:00,0.13417,0.13431,0.1332,0.13371,9837684.0,2026-08-01 07:59:59.999000+00:00,1
2026-08-01 08:00:00+00:00,0.13365,0.13425,0.13241,0.13323,9303117.0,2026-08-01 11:59:59.999000+00:00,1
2026-08-01 12:00:00+00:00,0.13323,0.13331,0.13147,0.13179,9208232.0,2026-08-01 15:59:59.999000+00:00,1
2026-08-01 16:00:00+00:00,0.13178,0.13259,0.12986,0.13083,21433096.0,2026-08-01 19:59:59.999000+00:00,1
2026-08-01 20:00:00+00:00,0.13083,0.13105,0.13009,0.13032,6375896.0,2026-08-01 23:59:59.999000+00:00,1
2026-08-02 00:00:00+00:00,0.13032,0.1321,0.12982,0.13155,16675682.0,2026-08-02 03:59:59.999000+00:00,1
2026-08-02 04:00:00+00:00,0.13155,0.13213,0.13,0.13113,17189900.0,2026-08-02 07:59:59.999000+00:00,1
2026-08-02 08:00:00+00:00,0.13113,0.13211,0.13062,0.13175,10544835.0,2026-08-02 11:59:59.999000+00:00,1
2026-08-02 12:00:00+00:00,0.13174,0.13272,0.13061,0.13061,13871362.0,2026-08-02 15:59:59.999000+00:00,1
2026-08-02 16:00:00+00:00,0.1306,0.13251,0.12983,0.13136,12820310.0,2026-08-02 19:59:59.999000+00:00,1
2026-08-02 20:00:00+00:00,0.13136,0.13224,0.13017,0.13033,6721093.0,2026-08-02 23:59:59.999000+00:00,1
2026-08-03 00:00:00+00:00,0.13033,0.13157,0.12978,0.13052,21710927.0,2026-08-03 03:59:59.999000+00:00,1
2026-08-03 04:00:00+00:00,0.13052,0.13248,0.13024,0.13062,16259293.0,2026-08-03 07:59:59.999000+00:00,1
2026-08-03 08:00:00+00:00,0.13062,0.1308,0.12861,0.12913,16727653.0,2026-08-03 11:59:59.999000+00:00,1
2026-08-03 12:00:00+00:00,0.12913,0.13181,0.12894,0.13119,25103604.0,2026-08-03 15:59:59.999000+00:00,1
2026-08-03 16:00:00+00:00,0.13118,0.13386,0.13096,0.13187,26600011.0,2026-08-03 19:59:59.999000+00:00,1
2026-08-03 20:00:00+00:00,0.13187,0.1332,0.13102,0.13183,9654399.0,2026-08-03 23:59:59.999000+00:00,1
2026-08-04 00:00:00+00:00,0.13179,0.1338,0.13161,0.13242,24277815.0,2026-08-04 03:59:59.999000+00:00,1
2026-08-04 04:00:00+00:00,0.13248,0.13434,0.13201,0.13309,28533248.0,2026-08-04 07:59:59.999000+00:00,1
2026-08-04 08:00:00+00:00,0.13309,0.13473,0.1326,0.13354,26001642.0,2026-08-04 11:59:59.999000+00:00,1
2026-08-04 12:00:00+00:00,0.13354,0.13419,0.13145,0.1325,44498343.0,2026-08-04 15:59:59.999000+00:00,1
2026-08-04 16:00:00+00:00,0.13249,0.13249,0.13152,0.13159,19684683.0,2026-08-04 19:59:59.999000+00:00,1
2026-08-04 20:00:00+00:00,0.13159,0.13171,0.12874,0.13086,45961379.0,2026-08-04 23:59:59.999000+00:00,1
2026-08-05 00:00:00+00:00,0.13086,0.13197,0.13042,0.13147,37123829.0,2026-08-05 03:59:59.999000+00:00,1
2026-08-05 04:00:00+00:00,0.13147,0.1328,0.13111,0.13233,13418442.0,2026-08-05 07:59:59.999000+00:00,1
2026-08-05 08:00:00+00:00,0.13233,0.13256,0.13049,0.13077,10066130.0,2026-08-05 11:59:59.999000+00:00,1
2026-08-05 12:00:00+00:00,0.13074,0.13494,0.13059,0.1336,44941636.0,2026-08-05 15:59:59.999000+00:00,1
2026-08-05 16:00:00+00:00,0.13355,0.13687,0.1335,0.1351,27892425.0,2026-08-05 19:59:59.999000+00:00,1
2026-08-05 20:00:00+00:00,0.1351,0.13585,0.13433,0.13538,15017864.0,2026-08-05 23:59:59.999000+00:00,1
2026-08-06 00:00:00+00:00,0.13537,0.136,0.13392,0.13486,16392042.0,2026-08-06 03:59:59.999000+00:00,1
2026-08-06 04:00:00+00:00,0.13486,0.13651,0.1345,0.13455,18681385.0,2026-08-06 07:59:59.999000+00:00,1
2026-08-06 08:00:00+00:00,0.13455,0.13456,0.1332,0.13357,19861803.0,2026-08-06 11:59:59.999000+00:00,1
2026-08-06 12:00:00+00:00,0.13357,0.13374,0.13205,0.13249,23633885.0,2026-08-06 15:59:59.999000+00:00,1
2026-08-06 16:00:00+00:00,0.13249,0.1334,0.13218,0.13275,17395827.0,2026-08-06 19:59:59.999000+00:00,1
2026-08-06 20:00:00+00:00,0.13275,0.1378,0.13269,0.13638,43466865.0,2026-08-06 23:59:59.999000+00:00,1
2026-08-07 00:00:00+00:00,0.13638,0.13862,0.13424,0.13447,52213646.0,2026-08-07 03:59:59.999000+00:00,1
2026-08-07 04:00:00+00:00,0.13447,0.13486,0.13327,0.13378,16807222.0,2026-08-07 07:59:59.999000+00:00,1
2026-08-07 08:00:00+00:00,0.13378,0.13399,0.13259,0.13293,15445188.0,2026-08-07 11:59:59.999000+00:00,1
2026-08-07 12:00:00+00:00,0.13293,0.13344,0.13136,0.1324,21609689.0,2026-08-07 15:59:59.999000+00:00,1
2026-08-07 16:00:00+00:00,0.13238,0.13287,0.13142,0.13206,13660845.0,2026-08-07 19:59:59.999000+00:00,1
2026-08-07 20:00:00+00:00,0.13209,0.13284,0.13152,0.13168,5758754.0,2026-08-07 23:59:59.999000+00:00,1
2026-08-08 00:00:00+00:00,0.13166,0.13269,0.1315,0.13162,8341715.0,2026-08-08 03:59:59.999000+00:00,1
2026-08-08 04:00:00+00:00,0.13164,0.1322,0.1305,0.13194,13032356.0,2026-08-08 07:59:59.999000+00:00,1
2026-08-08 08:00:00+00:00,0.13192,0.13346,0.13183,0.13233,10088208.0,2026-08-08 11:59:59.999000+00:00,1
2026-08-08 12:00:00+00:00,0.13233,0.13378,0.13191,0.13294,10589530.0,2026-08-08 15:59:59.999000+00:00,1
2026-08-08 16:00:00+00:00,0.13295,0.13343,0.13246,0.13269,7690267.0,2026-08-08 19:59:59.999000+00:00,1
2026-08-08 20:00:00+00:00,0.13266,0.13354,0.13218,0.13353,6183499.0,2026-08-08 23:59:59.999000+00:00,1
2026-08-09 00:00:00+00:00,0.13352,0.13389,0.1326,0.13374,14796740.0,2026-08-09 03:59:59.999000+00:00,1
2026-08-09 04:00:00+00:00,0.13374,0.13468,0.13265,0.13307,18814274.0,2026-08-09 07:59:59.999000+00:00,1
2026-08-09 08:00:00+00:00,0.13307,0.13368,0.13201,0.13248,11114790.0,2026-08-09 11:59:59.999000+00:00,1
2026-08-09 12:00:00+00:00,0.13248,0.1335,0.1323,0.1335,7538337.0,2026-08-09 15:59:59.999000+00:00,1
2026-08-09 16:00:00+00:00,0.1335,0.13392,0.13296,0.13388,10856657.0,2026-08-09 19:59:59.999000+00:00,1
2026-08-09 20:00:00+00:00,0.13388,0.13413,0.13087,0.13102,14632468.0,2026-08-09 23:59:59.999000+00:00,1
2026-08-10 00:00:00+00:00,0.13099,0.13156,0.12928,0.13046,27528408.0,2026-08-10 03:59:59.999000+00:00,1
2026-08-10 04:00:00+00:00,0.13046,0.13214,0.13036,0.13181,18489110.0,2026-08-10 07:59:59.999000+00:00,1
2026-08-10 08:00:00+00:00,0.13182,0.13255,0.13063,0.13117,16317546.0,2026-08-10 11:59:59.999000+00:00,1
2026-08-10 12:00:00+00:00,0.13117,0.13227,0.12977,0.13057,26512378.0,2026-08-10 15:59:59.999000+00:00,1
2026-08-10 16:00:00+00:00,0.13059,0.13336,0.13023,0.13245,25244234.0,2026-08-10 19:59:59.999000+00:00,1
2026-08-10 20:00:00+00:00,0.13244,0.13245,0.12888,0.12976,22281713.0,2026-08-10 23:59:59.999000+00:00,1
2026-08-11 00:00:00+00:00,0.12976,0.13125,0.12899,0.13033,20038350.0,2026-08-11 03:59:59.999000+00:00,1
2026-08-11 04:00:00+00:00,0.13034,0.13182,0.12998,0.13038,16569546.0,2026-08-11 07:59:59.999000+00:00,1
2026-08-11 08:00:00+00:00,0.13039,0.1323,0.13037,0.13095,21411583.0,2026-08-11 11:59:59.999000+00:00,1
2026-08-11 12:00:00+00:00,0.13095,0.13102,0.12441,0.12704,63148351.0,2026-08-11 15:59:59.999000+00:00,1
2026-08-11 16:00:00+00:00,0.12704,0.12813,0.12617,0.128,32289479.0,2026-08-11 19:59:59.999000+00:00,1
2026-08-11 20:00:00+00:00,0.128,0.12965,0.12713,0.12917,22831209.0,2026-08-11 23:59:59.999000+00:00,1
2026-08-12 00:00:00+00:00,0.12918,0.12982,0.12868,0.1289,17216012.0,2026-08-12 03:59:59.999000+00:00,1
2026-08-12 04:00:00+00:00,0.12893,0.12946,0.12796,0.12824,15158482.0,2026-08-12 07:59:59.999000+00:00,1
2026-08-12 08:00:00+00:00,0.12824,0.12921,0.12754,0.12837,18951512.0,2026-08-12 11:59:59.999000+00:00,1
2026-08-12 12:00:00+00:00,0.12837,0.12894,0.12566,0.12607,35177796.0,2026-08-12 15:59:59.999000+00:00,1
2026-08-12 16:00:00+00:00,0.12607,0.127,0.12556,0.12641,12509398.0,2026-08-12 19:59:59.999000+00:00,1
2026-08-12 20:00:00+00:00,0.12642,0.12719,0.12333,0.1249,19499486.0,2026-08-12 23:59:59.999000+00:00,1
2026-08-13 00:00:00+00:00,0.12488,0.12539,0.12217,0.12309,31053003.0,2026-08-13 03:59:59.999000+00:00,1
2026-08-13 04:00:00+00:00,0.12309,0.12494,0.12308,0.12453,13452072.0,2026-08-13 07:59:59.999000+00:00,1
2026-08-13 08:00:00+00:00,0.12454,0.12548,0.12385,0.12442,21377695.0,2026-08-13 11:59:59.999000+00:00,1
2026-08-13 12:00:00+00:00,0.12442,0.12609,0.12416,0.12473,22760362.0,2026-08-13 15:59:59.999000+00:00,1
2026-08-13 16:00:00+00:00,0.12473,0.125,0.12297,0.12399,16984898.0,2026-08-13 19:59:59.999000+00:00,1
2026-08-13 20:00:00+00:00,0.12399,0.12433,0.12301,0.12384,10382470.0,2026-08-13 23:59:59.999000+00:00,1
2026-08-14 00:00:00+00:00,0.12384,0.12417,0.12155,0.12186,17594466.0,2026-08-14 03:59:59.999000+00:00,1
2026-08-14 04:00:00+00:00,0.12185,0.12297,0.12133,0.12169,10961164.0,2026-08-14 07:59:59.999000+00:00,1
2026-08-14 08:00:00+00:00,0.12169,0.1228,0.12094,0.12148,17488132.0,2026-08-14 11:59:59.999000+00:00,1
2026-08-14 12:00:00+00:00,0.12148,0.122,0.12055,0.12106,25992029.0,2026-08-14 15:59:59.999000+00:00,1
2026-08-14 16:00:00+00:00,0.12106,0.12332,0.12106,0.12263,19644365.0,2026-08-14 19:59:59.999000+00:00,1
2026-08-14 20:00:00+00:00,0.12264,0.12376,0.12256,0.12338,11152588.0,2026-08-14 23:59:59.999000+00:00,1
2026-08-15 00:00:00+00:00,0.12338,0.12424,0.12309,0.12363,12130528.0,2026-08-15 03:59:59.999000+00:00,1
2026-08-15 04:00:00+00:00,0.12363,0.12409,0.12315,0.12334,10364400.0,2026-08-15 07:59:59.999000+00:00,1
2026-08-15 08:00:00+00:00,0.12334,0.12401,0.12267,0.12378,13155995.0,2026-08-15 11:59:59.999000+00:00,1
2026-08-15 12:00:00+00:00,0.12377,0.12437,0.1236,0.12375,9810804.0,2026-08-15 15:59:59.999000+00:00,1
2026-08-15 16:00:00+00:00,0.12376,0.12398,0.12259,0.12287,7516301.0,2026-08-15 19:59:59.999000+00:00,1
2026-08-15 20:00:00+00:00,0.12288,0.12349,0.12239,0.12286,6620488.0,2026-08-15 23:59:59.999000+00:00,1
2026-08-16 00:00:00+00:00,0.12286,0.12414,0.12277,0.12296,10018951.0,2026-08-16 03:59:59.999000+00:00,1
2026-08-16 04:00:00+00:00,0.12297,0.12326,0.12209,0.12302,8387296.0,2026-08-16 07:59:59.999000+00:00,1
2026-08-16 08:00:00+00:00,0.12303,0.12307,0.12249,0.1226,3548649.0,2026-08-16 11:59:59.999000+00:00,1
2026-08-16 12:00:00+00:00,0.1226,0.12386,0.12255,0.12383,5525870.0,2026-08-16 15:59:59.999000+00:00,1
2026-08-16 16:00:00+00:00,0.12383,0.12489,0.12342,0.12407,8372194.0,2026-08-16 19:59:59.999000+00:00,1
2026-08-16 20:00:00+00:00,0.12407,0.12438,0.12163,0.12361,13932036.0,2026-08-16 23:59:59.999000+00:00,1
2026-08-17 00:00:00+00:00,0.12361,0.12415,0.1231,0.12354,9792311.0,2026-08-17 03:59:59.999000+00:00,1
2026-08-17 04:00:00+00:00,0.12354,0.12575,0.12332,0.12449,9818907.0,2026-08-17 07:59:59.999000+00:00,1
2026-08-17 08:00:00+00:00,0.12448,0.12525,0.1242,0.12481,9703322.0,2026-08-17 11:59:59.999000+00:00,1
2026-08-17 12:00:00+00:00,0.12481,0.12673,0.12461,0.12578,25654396.0,2026-08-17 15:59:59.999000+00:00,1
2026-08-17 16:00:00+00:00,0.12578,0.12578,0.12344,0.12376,12097062.0,2026-08-17 19:59:59.999000+00:00,1
2026-08-17 20:00:00+00:00,0.12377,0.12469,0.12336,0.12413,6309412.0,2026-08-17 23:59:59.999000+00:00,1
2026-08-18 00:00:00+00:00,0.12413,0.12446,0.12124,0.12247,15822146.0,2026-08-18 03:59:59.999000+00:00,1
2026-08-18 04:00:00+00:00,0.12247,0.12339,0.12218,0.123,7844842.0,2026-08-18 07:59:59.999000+00:00,1
2026-08-18 08:00:00+00:00,0.12301,0.12426,0.12275,0.12414,8813031.0,2026-08-18 11:59:59.999000+00:00,1
2026-08-18 12:00:00+00:00,0.12416,0.12454,0.12351,0.12424,6962535.0,2026-08-18 15:59:59.999000+00:00,1
2026-08-18 16:00:00+00:00,0.12425,0.12432,0.12335,0.12342,5248689.0,2026-08-18 19:59:59.999000+00:00,1
2026-08-18 20:00:00+00:00,0.12343,0.12394,0.1226,0.12302,5531763.0,2026-08-18 23:59:59.999000+00:00,1
2026-08-19 00:00:00+00:00,0.12303,0.12324,0.12195,0.12307,10844398.0,2026-08-19 03:59:59.999000+00:00,1
2026-08-19 04:00:00+00:00,0.12307,0.12307,0.12177,0.12191,9780773.0,2026-08-19 07:59:59.999000+00:00,1
2026-08-19 08:00:00+00:00,0.12191,0.12227,0.11904,0.12111,26080085.0,2026-08-19 11:59:59.999000+00:00,1
2026-08-19 12:00:00+00:00,0.12111,0.12735,0.12062,0.12514,39281680.0,2026-08-19 15:59:59.999000+00:00,1
2026-08-19 16:00:00+00:00,0.1251,0.12595,0.12428,0.12511,15877201.0,2026-08-19 19:59:59.999000+00:00,1
2026-08-19 20:00:00+00:00,0.12511,0.12955,0.12477,0.12754,32669989.0,2026-08-19 23:59:59.999000+00:00,1
2026-08-20 00:00:00+00:00,0.12755,0.12934,0.1266,0.12723,14384126.0,2026-08-20 03:59:59.999000+00:00,1
2026-08-20 04:00:00+00:00,0.12724,0.12823,0.12671,0.12805,12308570.0,2026-08-20 07:59:59.999000+00:00,1
2026-08-20 08:00:00+00:00,0.12809,0.13065,0.12786,0.12968,28335759.0,2026-08-20 11:59:59.999000+00:00,1
2026-08-20 12:00:00+00:00,0.12968,0.13065,0.12849,0.13044,24759317.0,2026-08-20 15:59:59.999000+00:00,1
2026-08-20 16:00:00+00:00,0.13046,0.13153,0.12889,0.1296,38911055.0,2026-08-20 19:59:59.999000+00:00,1
2026-08-20 20:00:00+00:00,0.12964,0.13217,0.12962,0.13169,18473852.0,2026-08-20 23:59:59.999000+00:00,1
2026-08-21 00:00:00+00:00,0.1317,0.13334,0.1315,0.13243,26077948.0,2026-08-21 03:59:59.999000+00:00,1
2026-08-21 04:00:00+00:00,0.13243,0.136,0.13198,0.13595,40084076.0,2026-08-21 07:59:59.999000+00:00,1
2026-08-21 08:00:00+00:00,0.13598,0.14,0.13537,0.13723,75367287.0,2026-08-21 11:59:59.999000+00:00,1
2026-08-21 12:00:00+00:00,0.13727,0.14043,0.13643,0.13822,42845015.0,2026-08-21 15:59:59.999000+00:00,1
2026-08-21 16:00:00+00:00,0.13822,0.13975,0.13602,0.13748,33907687.0,2026-08-21 19:59:59.999000+00:00,1
2026-08-21 20:00:00+00:00,0.13749,0.1447,0.13697,0.14403,35087646.0,2026-08-21 23:59:59.999000+00:00,1
2026-08-22 00:00:00+00:00,0.14403,0.15928,0.14286,0.15754,105863061.0,2026-08-22 03:59:59.999000+00:00,1
2026-08-22 04:00:00+00:00,0.15761,0.15912,0.13483,0.14828,101885954.0,2026-08-22 07:59:59.999000+00:00,1
2026-08-22 08:00:00+00:00,0.14835,0.1504,0.14062,0.14436,35952737.0,2026-08-22 11:59:59.999000+00:00,1
2026-08-22 12:00:00+00:00,0.14438,0.14691,0.14298,0.14323,28584547.0,2026-08-22 15:59:59.999000+00:00,1
2026-08-22 16:00:00+00:00,0.14322,0.14833,0.1424,0.14734,27285565.0,2026-08-22 19:59:59.999000+00:00,1
2026-08-22 20:00:00+00:00,0.14734,0.14754,0.14176,0.14575,21636224.0,2026-08-22 23:59:59.999000+00:00,1
2026-08-23 00:00:00+00:00,0.1458,0.14813,0.14147,0.14219,21852930.0,2026-08-23 03:59:59.999000+00:00,1
2026-08-23 04:00:00+00:00,0.14219,0.14356,0.14023,0.14275,18984577.0,2026-08-23 07:59:59.999000+00:00,1
2026-08-23 08:00:00+00:00,0.14278,0.14685,0.14245,0.14655,13573529.0,2026-08-23 11:59:59.999000+00:00,1
2026-08-23 12:00:00+00:00,0.14655,0.14869,0.14415,0.1477,22204439.0,2026-08-23 15:59:59.999000+00:00,1
2026-08-23 16:00:00+00:00,0.14771,0.15113,0.14671,0.15082,20434631.0,2026-08-23 19:59:59.999000+00:00,1
2026-08-23 20:00:00+00:00,0.15085,0.15141,0.14841,0.14906,16519905.0,2026-08-23 23:59:59.999000+00:00,1
2026-08-24 00:00:00+00:00,0.14908,0.14925,0.14364,0.14472,19082628.0,2026-08-24 03:59:59.999000+00:00,1
2026-08-24 04:00:00+00:00,0.14472,0.14639,0.14396,0.14432,15164149.0,2026-08-24 07:59:59.999000+00:00,1
2026-08-24 08:00:00+00:00,0.14432,0.14729,0.14289,0.14667,13649588.0,2026-08-24 11:59:59.999000+00:00,1
2026-08-24 12:00:00+00:00,0.14668,0.14946,0.14428,0.14752,22710142.0,2026-08-24 15:59:59.999000+00:00,1
2026-08-24 16:00:00+00:00,0.14756,0.14889,0.14552,0.1476,11917803.0,2026-08-24 19:59:59.999000+00:00,1
2026-08-24 20:00:00+00:00,0.14762,0.14888,0.14564,0.14666,12685407.0,2026-08-24 23:59:59.999000+00:00,1
2026-08-25 00:00:00+00:00,0.14666,0.14895,0.14593,0.14852,11945750.0,2026-08-25 03:59:59.999000+00:00,1
2026-08-25 04:00:00+00:00,0.14856,0.14895,0.14423,0.14524,15256071.0,2026-08-25 07:59:59.999000+00:00,1
2026-08-25 08:00:00+00:00,0.14522,0.14624,0.14348,0.14421,8271890.0,2026-08-25 11:59:59.999000+00:00,1
2026-08-25 12:00:00+00:00,0.14421,0.14503,0.142,0.14416,19073099.0,2026-08-25 15:59:59.999000+00:00,1
2026-08-25 16:00:00+00:00,0.14416,0.14424,0.14145,0.14196,12958806.0,2026-08-25 19:59:59.999000+00:00,1
2026-08-25 20:00:00+00:00,0.14197,0.14213,0.13645,0.14022,21223024.0,2026-08-25 23:59:59.999000+00:00,1
2026-08-26 00:00:00+00:00,0.14024,0.14246,0.13977,0.14121,9583706.0,2026-08-26 03:59:59.999000+00:00,1
2026-08-26 04:00:00+00:00,0.14121,0.14282,0.1406,0.14176,8279081.0,2026-08-26 07:59:59.999000+00:00,1
2026-08-26 08:00:00+00:00,0.14177,0.14327,0.13938,0.14133,12931716.0,2026-08-26 11:59:59.999000+00:00,1
2026-08-26 12:00:00+00:00,0.14133,0.14223,0.13738,0.13926,19430677.0,2026-08-26 15:59:59.999000+00:00,1
2026-08-26 16:00:00+00:00,0.13926,0.1404,0.13794,0.13953,9391770.0,2026-08-26 19:59:59.999000+00:00,1
2026-08-26 20:00:00+00:00,0.13952,0.14209,0.13805,0.14165,7568569.0,2026-08-26 23:59:59.999000+00:00,1
2026-08-27 00:00:00+00:00,0.14164,0.1418,0.13882,0.13901,13800121.0,2026-08-27 03:59:59.999000+00:00,1
2026-08-27 04:00:00+00:00,0.13899,0.14014,0.13845,0.13988,7652772.0,2026-08-27 07:59:59.999000+00:00,1
2026-08-27 08:00:00+00:00,0.13991,0.1431,0.1393,0.13993,16660486.0,2026-08-27 11:59:59.999000+00:00,1
2026-08-27 12:00:00+00:00,0.13993,0.1425,0.13947,0.14214,12120997.0,2026-08-27 15:59:59.999000+00:00,1
2026-08-27 16:00:00+00:00,0.14214,0.1462,0.14147,0.14316,45244662.0,2026-08-27 19:59:59.999000+00:00,1
2026-08-27 20:00:00+00:00,0.14318,0.14397,0.14241,0.14331,6805644.0,2026-08-27 23:59:59.999000+00:00,1
2026-08-28 00:00:00+00:00,0.14331,0.14557,0.13939,0.14023,16974074.0,2026-08-28 03:59:59.999000+00:00,1
2026-08-28 04:00:00+00:00,0.14022,0.14087,0.13909,0.13933,7880695.0,2026-08-28 07:59:59.999000+00:00,1
2026-08-28 08:00:00+00:00,0.13933,0.14095,0.13825,0.1402,14085431.0,2026-08-28 11:59:59.999000+00:00,1
2026-08-28 12:00:00+00:00,0.14022,0.14163,0.13766,0.13788,20854021.0,2026-08-28 15:59:59.999000+00:00,1
2026-08-28 16:00:00+00:00,0.13786,0.13813,0.13376,0.13563,27874938.0,2026-08-28 19:59:59.999000+00:00,1
2026-08-28 20:00:00+00:00,0.13564,0.13747,0.1355,0.13721,9186375.0,2026-08-28 23:59:59.999000+00:00,1
2026-08-29 00:00:00+00:00,0.13721,0.13923,0.13691,0.13778,13701409.0,2026-08-29 03:59:59.999000+00:00,1
2026-08-29 04:00:00+00:00,0.13778,0.14027,0.13761,0.13983,20944923.0,2026-08-29 07:59:59.999000+00:00,1
2026-08-29 08:00:00+00:00,0.13982,0.14223,0.13853,0.14101,34520222.0,2026-08-29 11:59:59.999000+00:00,1
2026-08-29 12:00:00+00:00,0.141,0.14454,0.13998,0.14344,31481873.0,2026-08-29 15:59:59.999000+00:00,1
2026-08-29 16:00:00+00:00,0.14352,0.1437,0.14035,0.14057,17605776.0,2026-08-29 19:59:59.999000+00:00,1
2026-08-29 20:00:00+00:00,0.1406,0.14075,0.13898,0.1395,9125601.0,2026-08-29 23:59:59.999000+00:00,1
2026-08-30 00:00:00+00:00,0.1395,0.13964,0.1379,0.13828,10914208.0,2026-08-30 03:59:59.999000+00:00,1
2026-08-30 04:00:00+00:00,0.13828,0.13926,0.13729,0.13832,10373929.0,2026-08-30 07:59:59.999000+00:00,1
2026-08-30 08:00:00+00:00,0.13832,0.1387,0.13746,0.1381,13696433.0,2026-08-30 11:59:59.999000+00:00,1
2026-08-30 12:00:00+00:00,0.1381,0.1399,0.13806,0.13862,15434610.0,2026-08-30 15:59:59.999000+00:00,1
2026-08-30 16:00:00+00:00,0.13861,0.14069,0.1383,0.13893,14772887.0,2026-08-30 19:59:59.999000+00:00,1
2026-08-30 20:00:00+00:00,0.13896,0.13904,0.12955,0.13209,39521670.0,2026-08-30 23:59:59.999000+00:00,1
2026-08-31 00:00:00+00:00,0.13209,0.13724,0.13141,0.13678,14494363.0,2026-08-31 03:59:59.999000+00:00,1
2026-08-31 04:00:00+00:00,0.13678,0.13801,0.13583,0.13712,10653228.0,2026-08-31 07:59:59.999000+00:00,1
2026-08-31 08:00:00+00:00,0.13714,0.13785,0.1361,0.13633,14154509.0,2026-08-31 11:59:59.999000+00:00,1
2026-08-31 12:00:00+00:00,0.13633,0.13691,0.13364,0.1347,23826624.0,2026-08-31 15:59:59.999000+00:00,1
2026-08-31 16:00:00+00:00,0.13472,0.13596,0.13406,0.13481,12292248.0,2026-08-31 19:59:59.999000+00:00,1
2026-08-31 20:00:00+00:00,0.1348,0.13719,0.13462,0.13663,10671679.0,2026-08-31 23:59:59.999000+00:00,1
2026-09-01 00:00:00+00:00,0.13664,0.13739,0.13608,0.13661,11464719.0,2026-09-01 03:59:59.999000+00:00,1
2026-09-01 04:00:00+00:00,0.13666,0.13874,0.13577,0.13826,16908693.0,2026-09-01 07:59:59.999000+00:00,1
2026-09-01 08:00:00+00:00,0.13826,0.13951,0.13577,0.13768,17006785.0,2026-09-01 11:59:59.999000+00:00,1
2026-09-01 12:00:00+00:00,0.13768,0.13971,0.13728,0.13882,19818124.0,2026-09-01 15:59:59.999000+00:00,1
2026-09-01 16:00:00+00:00,0.13884,0.1396,0.13621,0.13817,21435670.0,2026-09-01 19:59:59.999000+00:00,1
2026-09-01 20:00:00+00:00,0.13821,0.13904,0.13606,0.13702,12003396.0,2026-09-01 23:59:59.999000+00:00,1
2026-09-02 00:00:00+00:00,0.13702,0.13836,0.13537,0.13787,8329846.0,2026-09-02 03:59:59.999000+00:00,1
2026-09-02 04:00:00+00:00,0.13788,0.13899,0.13696,0.1371,8262426.0,2026-09-02 07:59:59.999000+00:00,1
2026-09-02 08:00:00+00:00,0.13712,0.13756,0.1339,0.13616,20358501.0,2026-09-02 11:59:59.999000+00:00,1
2026-09-02 12:00:00+00:00,0.13616,0.13769,0.13504,0.13628,11547444.0,2026-09-02 15:59:59.999000+00:00,1
2026-09-02 16:00:00+00:00,0.13627,0.13657,0.13374,0.13464,9819996.0,2026-09-02 19:59:59.999000+00:00,1
2026-09-02 20:00:00+00:00,0.13465,0.13542,0.13323,0.13452,10309611.0,2026-09-02 23:59:59.999000+00:00,1
2026-09-03 00:00:00+00:00,0.13449,0.13538,0.13302,0.13437,8428478.0,2026-09-03 03:59:59.999000+00:00,1
2026-09-03 04:00:00+00:00,0.1344,0.13709,0.1344,0.13674,10251904.0,2026-09-03 07:59:59.999000+00:00,1
2026-09-03 08:00:00+00:00,0.1368,0.13865,0.13594,0.13764,16034713.0,2026-09-03 11:59:59.999000+00:00,1
2026-09-03 12:00:00+00:00,0.13762,0.14296,0.13725,0.14288,26015954.0,2026-09-03 15:59:59.999000+00:00,1
2026-09-03 16:00:00+00:00,0.14288,0.14349,0.14101,0.14276,23002239.0,2026-09-03 19:59:59.999000+00:00,1
2026-09-03 20:00:00+00:00,0.14278,0.14353,0.14084,0.14178,14126729.0,2026-09-03 23:59:59.999000+00:00,1
2026-09-04 00:00:00+00:00,0.14182,0.14261,0.13997,0.14009,12305840.0,2026-09-04 03:59:59.999000+00:00,1
2026-09-04 04:00:00+00:00,0.14009,0.14089,0.13882,0.13949,4607892.0,2026-09-04 07:59:59.999000+00:00,1
2026-09-04 08:00:00+00:00,0.13949,0.14127,0.13932,0.14046,10209825.0,2026-09-04 11:59:59.999000+00:00,1
2026-09-04 12:00:00+00:00,0.14046,0.14085,0.13573,0.13928,31494397.0,2026-09-04 15:59:59.999000+00:00,1
2026-09-04 16:00:00+00:00,0.1393,0.14072,0.13918,0.14004,8665304.0,2026-09-04 19:59:59.999000+00:00,1
2026-09-04 20:00:00+00:00,0.14006,0.14013,0.13768,0.13867,6967232.0,2026-09-04 23:59:59.999000+00:00,1
2026-09-05 00:00:00+00:00,0.13868,0.14132,0.13838,0.1406,9931474.0,2026-09-05 03:59:59.999000+00:00,1
2026-09-05 04:00:00+00:00,0.14064,0.14317,0.13994,0.14162,12248494.0,2026-09-05 07:59:59.999000+00:00,1
2026-09-05 08:00:00+00:00,0.14162,0.14282,0.14112,0.14177,7196183.0,2026-09-05 11:59:59.999000+00:00,1
2026-09-05 12:00:00+00:00,0.14176,0.1434,0.14136,0.14213,12370420.0,2026-09-05 15:59:59.999000+00:00,1
2026-09-05 16:00:00+00:00,0.14211,0.14259,0.14047,0.14218,11128540.0,2026-09-05 19:59:59.999000+00:00,1
2026-09-05 20:00:00+00:00,0.14218,0.14484,0.14196,0.14352,11377331.0,2026-09-05 23:59:59.999000+00:00,1
2026-09-06 00:00:00+00:00,0.14354,0.14461,0.14156,0.14356,7934207.0,2026-09-06 03:59:59.999000+00:00,1
2026-09-06 04:00:00+00:00,0.14358,0.14361,0.14096,0.1425,11422728.0,2026-09-06 07:59:59.999000+00:00,1
2026-09-06 08:00:00+00:00,0.1425,0.14417,0.14199,0.14343,8337199.0,2026-09-06 11:59:59.999000+00:00,1
2026-09-06 12:00:00+00:00,0.14343,0.14484,0.14054,0.14284,14360345.0,2026-09-06 15:59:59.999000+00:00,1
2026-09-06 16:00:00+00:00,0.14284,0.1436,0.1413,0.14135,6233888.0,2026-09-06 19:59:59.999000+00:00,1
2026-09-06 20:00:00+00:00,0.14135,0.14308,0.14127,0.14266,7882794.0,2026-09-06 23:59:59.999000+00:00,1
2026-09-07 00:00:00+00:00,0.14265,0.14408,0.14084,0.1413,9678035.0,2026-09-07 03:59:59.999000+00:00,1
2026-09-07 04:00:00+00:00,0.14128,0.14397,0.14054,0.1416,14015607.0,2026-09-07 07:59:59.999000+00:00,1
2026-09-07 08:00:00+00:00,0.14162,0.14398,0.1415,0.14299,9357079.0,2026-09-07 11:59:59.999000+00:00,1
2026-09-07 12:00:00+00:00,0.14298,0.14631,0.1412,0.142,23813184.0,2026-09-07 15:59:59.999000+00:00,1
2026-09-07 16:00:00+00:00,0.14202,0.14472,0.14198,0.14445,7054429.0,2026-09-07 19:59:59.999000+00:00,1
2026-09-07 20:00:00+00:00,0.14451,0.14797,0.14251,0.1455,22751325.0,2026-09-07 23:59:59.999000+00:00,1
2026-09-08 00:00:00+00:00,0.1455,0.14675,0.14356,0.1449,14581201.0,2026-09-08 03:59:59.999000+00:00,1
2026-09-08 04:00:00+00:00,0.1449,0.14735,0.14402,0.14639,11022879.0,2026-09-08 07:59:59.999000+00:00,1
2026-09-08 08:00:00+00:00,0.14639,0.14827,0.14485,0.14546,23104369.0,2026-09-08 11:59:59.999000+00:00,1
2026-09-08 12:00:00+00:00,0.14546,0.14548,0.14088,0.14535,34948289.0,2026-09-08 15:59:59.999000+00:00,1
2026-09-08 16:00:00+00:00,0.14536,0.14596,0.14303,0.14361,9200246.0,2026-09-08 19:59:59.999000+00:00,1
2026-09-08 20:00:00+00:00,0.1436,0.14467,0.14277,0.14294,6344469.0,2026-09-08 23:59:59.999000+00:00,1
2026-09-09 00:00:00+00:00,0.14294,0.14428,0.14139,0.14168,8980422.0,2026-09-09 03:59:59.999000+00:00,1
2026-09-09 04:00:00+00:00,0.14168,0.14392,0.14154,0.14312,9006046.0,2026-09-09 07:59:59.999000+00:00,1
2026-09-09 08:00:00+00:00,0.14313,0.14444,0.14161,0.14377,10688726.0,2026-09-09 11:59:59.999000+00:00,1
2026-09-09 12:00:00+00:00,0.14377,0.14476,0.13819,0.14212,25026442.0,2026-09-09 15:59:59.999000+00:00,1
2026-09-09 16:00:00+00:00,0.14214,0.14736,0.14143,0.1446,26336129.0,2026-09-09 19:59:59.999000+00:00,1
2026-09-09 20:00:00+00:00,0.1446,0.14606,0.13815,0.14228,34632123.0,2026-09-09 23:59:59.999000+00:00,1
2026-09-10 00:00:00+00:00,0.14228,0.14346,0.13832,0.1391,21799842.0,2026-09-10 03:59:59.999000+00:00,1
2026-09-10 04:00:00+00:00,0.13913,0.13925,0.13612,0.13674,13072006.0,2026-09-10 07:59:59.999000+00:00,1
2026-09-10 08:00:00+00:00,0.13672,0.13728,0.13501,0.13612,9704160.0,2026-09-10 11:59:59.999000+00:00,1
2026-09-10 12:00:00+00:00,0.1361,0.13697,0.13332,0.1347,19971975.0,2026-09-10 15:59:59.999000+00:00,1
2026-09-10 16:00:00+00:00,0.13472,0.13545,0.13262,0.1347,11419612.0,2026-09-10 19:59:59.999000+00:00,1
2026-09-10 20:00:00+00:00,0.1347,0.13557,0.13061,0.13115,12304368.0,2026-09-10 23:59:59.999000+00:00,1
2026-09-11 00:00:00+00:00,0.13114,0.13254,0.131,0.13204,10942203.0,2026-09-11 03:59:59.999000+00:00,1
2026-09-11 04:00:00+00:00,0.13205,0.1334,0.13158,0.13175,8503433.0,2026-09-11 07:59:59.999000+00:00,1
2026-09-11 08:00:00+00:00,0.13179,0.13252,0.12931,0.13102,17544330.0,2026-09-11 11:59:59.999000+00:00,1
2026-09-11 12:00:00+00:00,0.13098,0.13798,0.13044,0.13537,35102259.0,2026-09-11 15:59:59.999000+00:00,1
2026-09-11 16:00:00+00:00,0.13537,0.1366,0.13175,0.1332,12447748.0,2026-09-11 19:59:59.999000+00:00,1
2026-09-11 20:00:00+00:00,0.1332,0.13364,0.13037,0.13179,14191101.0,2026-09-11 23:59:59.999000+00:00,1
2026-09-12 00:00:00+00:00,0.13177,0.13521,0.13147,0.13512,9660959.0,2026-09-12 03:59:59.999000+00:00,1
2026-09-12 04:00:00+00:00,0.13513,0.13593,0.13372,0.13533,15869219.0,2026-09-12 07:59:59.999000+00:00,1
2026-09-12 08:00:00+00:00,0.13536,0.1382,0.13498,0.13729,22023131.0,2026-09-12 11:59:59.999000+00:00,1
2026-09-12 12:00:00+00:00,0.13728,0.1375,0.13522,0.13641,24945150.0,2026-09-12 15:59:59.999000+00:00,1
2026-09-12 16:00:00+00:00,0.13641,0.13715,0.13544,0.13585,11014767.0,2026-09-12 19:59:59.999000+00:00,1
2026-09-12 20:00:00+00:00,0.13585,0.13627,0.13485,0.1356,4136834.0,2026-09-12 23:59:59.999000+00:00,1
2026-09-13 00:00:00+00:00,0.1356,0.13813,0.13537,0.13663,10996985.0,2026-09-13 03:59:59.999000+00:00,1
2026-09-13 04:00:00+00:00,0.13664,0.13692,0.13528,0.13554,9688558.0,2026-09-13 07:59:59.999000+00:00,1
2026-09-13 08:00:00+00:00,0.13554,0.13577,0.13326,0.13397,11908371.0,2026-09-13 11:59:59.999000+00:00,1
2026-09-13 12:00:00+00:00,0.13399,0.13625,0.1335,0.13533,11314521.0,2026-09-13 15:59:59.999000+00:00,1
2026-09-13 16:00:00+00:00,0.13534,0.13649,0.1346,0.13477,8527801.0,2026-09-13 19:59:59.999000+00:00,1
2026-09-13 20:00:00+00:00,0.13477,0.13509,0.13125,0.1322,11977456.0,2026-09-13 23:59:59.999000+00:00,1
2026-09-14 00:00:00+00:00,0.1322,0.1349,0.13138,0.13376,12407931.0,2026-09-14 03:59:59.999000+00:00,1
2026-09-14 04:00:00+00:00,0.13378,0.1358,0.13366,0.13527,11953182.0,2026-09-14 07:59:59.999000+00:00,1
2026-09-14 08:00:00+00:00,0.1353,0.13531,0.13234,0.13281,10586680.0,2026-09-14 11:59:59.999000+00:00,1
2026-09-14 12:00:00+00:00,0.13282,0.13282,0.12928,0.13043,26133265.0,2026-09-14 15:59:59.999000+00:00,1
2026-09-14 16:00:00+00:00,0.13047,0.13269,0.12998,0.13083,20338041.0,2026-09-14 19:59:59.999000+00:00,1
2026-09-14 20:00:00+00:00,0.13083,0.13324,0.13021,0.13078,14014291.0,2026-09-14 23:59:59.999000+00:00,1
2026-09-15 00:00:00+00:00,0.13078,0.13172,0.12695,0.12788,26277573.0,2026-09-15 03:59:59.999000+00:00,1
2026-09-15 04:00:00+00:00,0.12784,0.1283,0.12641,0.12651,10788134.0,2026-09-15 07:59:59.999000+00:00,1
2026-09-15 08:00:00+00:00,0.12651,0.12746,0.12586,0.12644,11708403.0,2026-09-15 11:59:59.999000+00:00,1
2026-09-15 12:00:00+00:00,0.12645,0.12823,0.12491,0.12582,14430188.0,2026-09-15 15:59:59.999000+00:00,1
