ts,open,high,low,close,volume,close_time,confirm
2026-03-28 16:00:00+00:00,0.6662,0.6663,0.6586,0.6616,1929620.0,2026-03-28 19:59:59.999000+00:00,1
2026-03-28 20:00:00+00:00,0.6616,0.6628,0.6525,0.6554,2450487.0,2026-03-28 23:59:59.999000+00:00,1
2026-03-29 00:00:00+00:00,0.6553,0.6614,0.6528,0.6608,1727206.0,2026-03-29 03:59:59.999000+00:00,1
2026-03-29 04:00:00+00:00,0.6607,0.6619,0.658,0.6588,1531800.0,2026-03-29 07:59:59.999000+00:00,1
2026-03-29 08:00:00+00:00,0.6588,0.6615,0.6574,0.6585,1233076.0,2026-03-29 11:59:59.999000+00:00,1
2026-03-29 12:00:00+00:00,0.6585,0.6604,0.6554,0.6595,2202853.0,2026-03-29 15:59:59.999000+00:00,1
2026-03-29 16:00:00+00:00,0.6595,0.661,0.6573,0.6586,1002209.0,2026-03-29 19:59:59.999000+00:00,1
2026-03-29 20:00:00+00:00,0.6587,0.6607,0.6485,0.6592,3012866.0,2026-03-29 23:59:59.999000+00:00,1
2026-03-30 00:00:00+00:00,0.6591,0.6658,0.659,0.6639,2718871.0,2026-03-30 03:59:59.999000+00:00,1
2026-03-30 04:00:00+00:00,0.664,0.6691,0.6625,0.6648,5193076.0,2026-03-30 07:59:59.999000+00:00,1
2026-03-30 08:00:00+00:00,0.6648,0.6747,0.6644,0.6716,2255150.0,2026-03-30 11:59:59.999000+00:00,1
2026-03-30 12:00:00+00:00,0.6716,0.6894,0.6699,0.686,6718230.0,2026-03-30 15:59:59.999000+00:00,1
2026-03-30 16:00:00+00:00,0.6861,0.6933,0.6726,0.6755,6213851.0,2026-03-30 19:59:59.999000+00:00,1
2026-03-30 20:00:00+00:00,0.6754,0.6798,0.6717,0.6723,2644209.0,2026-03-30 23:59:59.999000+00:00,1
2026-03-31 00:00:00+00:00,0.6722,0.6809,0.6684,0.675,4170575.0,2026-03-31 03:59:59.999000+00:00,1
2026-03-31 04:00:00+00:00,0.675,0.677,0.6701,0.6713,1771246.0,2026-03-31 07:59:59.999000+00:00,1
2026-03-31 08:00:00+00:00,0.6713,0.6716,0.6583,0.6593,4207299.0,2026-03-31 11:59:59.999000+00:00,1
2026-03-31 12:00:00+00:00,0.6593,0.666,0.6534,0.656,3279643.0,2026-03-31 15:59:59.999000+00:00,1
2026-03-31 16:00:00+00:00,0.656,0.6702,0.6558,0.6675,3008938.0,2026-03-31 19:59:59.999000+00:00,1
2026-03-31 20:00:00+00:00,0.6675,0.6715,0.6668,0.6697,1260341.0,2026-03-31 23:59:59.999000+00:00,1
2026-04-01 00:00:00+00:00,0.6697,0.6724,0.6645,0.6722,2013047.0,2026-04-01 03:59:59.999000+00:00,1
2026-04-01 04:00:00+00:00,0.6722,0.6837,0.6706,0.6748,3239331.0,2026-04-01 07:59:59.999000+00:00,1
2026-04-01 08:00:00+00:00,0.6749,0.6807,0.6727,0.6797,1703860.0,2026-04-01 11:59:59.999000+00:00,1
2026-04-01 12:00:00+00:00,0.6798,0.6806,0.6713,0.6758,3752527.0,2026-04-01 15:59:59.999000+00:00,1
2026-04-01 16:00:00+00:00,0.6758,0.6796,0.669,0.6703,1747756.0,2026-04-01 19:59:59.999000+00:00,1
2026-04-01 20:00:00+00:00,0.6703,0.6708,0.664,0.6669,1134958.0,2026-04-01 23:59:59.999000+00:00,1
2026-04-02 00:00:00+00:00,0.6669,0.672,0.6532,0.6689,7156730.0,2026-04-02 03:59:59.999000+00:00,1
2026-04-02 04:00:00+00:00,0.6689,0.6782,0.6616,0.6742,4095451.0,2026-04-02 07:59:59.999000+00:00,1
2026-04-02 08:00:00+00:00,0.6742,0.677,0.6639,0.6648,3928957.0,2026-04-02 11:59:59.999000+00:00,1
2026-04-02 12:00:00+00:00,0.6648,0.6679,0.6558,0.6623,4333865.0,2026-04-02 15:59:59.999000+00:00,1
2026-04-02 16:00:00+00:00,0.6623,0.6637,0.6508,0.6602,2862173.0,2026-04-02 19:59:59.999000+00:00,1
2026-04-02 20:00:00+00:00,0.6602,0.6679,0.6596,0.6618,2540626.0,2026-04-02 23:59:59.999000+00:00,1
2026-04-03 00:00:00+00:00,0.6617,0.6672,0.6611,0.6659,1038435.0,2026-04-03 03:59:59.999000+00:00,1
2026-04-03 04:00:00+00:00,0.6658,0.667,0.6611,0.6647,1275250.0,2026-04-03 07:59:59.999000+00:00,1
2026-04-03 08:00:00+00:00,0.6646,0.6655,0.658,0.6602,3346824.0,2026-04-03 11:59:59.999000+00:00,1
2026-04-03 12:00:00+00:00,0.6601,0.6632,0.6545,0.6554,2611669.0,2026-04-03 15:59:59.999000+00:00,1
2026-04-03 16:00:00+00:00,0.6553,0.657,0.6525,0.6546,1561838.0,2026-04-03 19:59:59.999000+00:00,1
2026-04-03 20:00:00+00:00,0.6546,0.6556,0.651,0.6551,1312463.0,2026-04-03 23:59:59.999000+00:00,1
2026-04-04 00:00:00+00:00,0.6551,0.6602,0.6543,0.6592,1408767.0,2026-04-04 03:59:59.999000+00:00,1
2026-04-04 04:00:00+00:00,0.6593,0.6629,0.6588,0.662,1741307.0,2026-04-04 07:59:59.999000+00:00,1
2026-04-04 08:00:00+00:00,0.6621,0.6624,0.6587,0.6597,1169112.0,2026-04-04 11:59:59.999000+00:00,1
2026-04-04 12:00:00+00:00,0.6597,0.6703,0.6594,0.6674,2109510.0,2026-04-04 15:59:59.999000+00:00,1
2026-04-04 16:00:00+00:00,0.6675,0.67,0.6634,0.6657,1463855.0,2026-04-04 19:59:59.999000+00:00,1
2026-04-04 20:00:00+00:00,0.6658,0.6699,0.6652,0.6653,1613219.0,2026-04-04 23:59:59.999000+00:00,1
2026-04-05 00:00:00+00:00,0.6654,0.6673,0.6638,0.6671,821439.0,2026-04-05 03:59:59.999000+00:00,1
2026-04-05 04:00:00+00:00,0.6672,0.6684,0.661,0.6658,3182508.0,2026-04-05 07:59:59.999000+00:00,1
2026-04-05 08:00:00+00:00,0.6659,0.6696,0.6651,0.6677,1230484.0,2026-04-05 11:59:59.999000+00:00,1
2026-04-05 12:00:00+00:00,0.6678,0.6682,0.6606,0.6609,1822000.0,2026-04-05 15:59:59.999000+00:00,1
2026-04-05 16:00:00+00:00,0.661,0.6634,0.6579,0.6594,1088876.0,2026-04-05 19:59:59.999000+00:00,1
2026-04-05 20:00:00+00:00,0.6595,0.6676,0.6582,0.666,2265403.0,2026-04-05 23:59:59.999000+00:00,1
2026-04-06 00:00:00+00:00,0.6659,0.6712,0.6659,0.6684,2272901.0,2026-04-06 03:59:59.999000+00:00,1
2026-04-06 04:00:00+00:00,0.6683,0.672,0.6651,0.6707,1759734.0,2026-04-06 07:59:59.999000+00:00,1
2026-04-06 08:00:00+00:00,0.6707,0.6727,0.6682,0.6699,1882399.0,2026-04-06 11:59:59.999000+00:00,1
2026-04-06 12:00:00+00:00,0.6698,0.6715,0.6662,0.6703,2830193.0,2026-04-06 15:59:59.999000+00:00,1
2026-04-06 16:00:00+00:00,0.6703,0.6706,0.6634,0.6644,1562843.0,2026-04-06 19:59:59.999000+00:00,1
2026-04-06 20:00:00+00:00,0.6644,0.6654,0.6489,0.6606,3621319.0,2026-04-06 23:59:59.999000+00:00,1
2026-04-07 00:00:00+00:00,0.6606,0.665,0.6581,0.6637,1924972.0,2026-04-07 03:59:59.999000+00:00,1
2026-04-07 04:00:00+00:00,0.6637,0.669,0.6635,0.6676,2125733.0,2026-04-07 07:59:59.999000+00:00,1
2026-04-07 08:00:00+00:00,0.6677,0.6712,0.6641,0.6647,1899989.0,2026-04-07 11:59:59.999000+00:00,1
2026-04-07 12:00:00+00:00,0.6648,0.6664,0.6593,0.6605,2195867.0,2026-04-07 15:59:59.999000+00:00,1
2026-04-07 16:00:00+00:00,0.6604,0.6688,0.6597,0.6684,1782427.0,2026-04-07 19:59:59.999000+00:00,1
2026-04-07 20:00:00+00:00,0.6684,0.6875,0.6656,0.681,7751830.0,2026-04-07 23:59:59.999000+00:00,1
2026-04-08 00:00:00+00:00,0.6809,0.6841,0.6766,0.6791,2547294.0,2026-04-08 03:59:59.999000+00:00,1
2026-04-08 04:00:00+00:00,0.679,0.6824,0.6779,0.68,2445705.0,2026-04-08 07:59:59.999000+00:00,1
2026-04-08 08:00:00+00:00,0.6801,0.6808,0.6766,0.6793,2017476.0,2026-04-08 11:59:59.999000+00:00,1
2026-04-08 12:00:00+00:00,0.6794,0.6809,0.6682,0.6733,5238465.0,2026-04-08 15:59:59.999000+00:00,1
2026-04-08 16:00:00+00:00,0.6733,0.6736,0.6644,0.6675,1631509.0,2026-04-08 19:59:59.999000+00:00,1
2026-04-08 20:00:00+00:00,0.6675,0.6692,0.6612,0.664,1693669.0,2026-04-08 23:59:59.999000+00:00,1
2026-04-09 00:00:00+00:00,0.6639,0.6659,0.6595,0.6629,2373557.0,2026-04-09 03:59:59.999000+00:00,1
2026-04-09 04:00:00+00:00,0.6629,0.6649,0.6591,0.6604,1644010.0,2026-04-09 07:59:59.999000+00:00,1
2026-04-09 08:00:00+00:00,0.6604,0.6626,0.6584,0.6596,1545484.0,2026-04-09 11:59:59.999000+00:00,1
2026-04-09 12:00:00+00:00,0.6595,0.6725,0.6593,0.6709,2405473.0,2026-04-09 15:59:59.999000+00:00,1
2026-04-09 16:00:00+00:00,0.6709,0.6734,0.6674,0.6706,2278452.0,2026-04-09 19:59:59.999000+00:00,1
2026-04-09 20:00:00+00:00,0.6706,0.6741,0.6616,0.6621,3145991.0,2026-04-09 23:59:59.999000+00:00,1
2026-04-10 00:00:00+00:00,0.6621,0.665,0.6593,0.6631,2128847.0,2026-04-10 03:59:59.999000+00:00,1
2026-04-10 04:00:00+00:00,0.663,0.6645,0.6608,0.6628,2245294.0,2026-04-10 07:59:59.999000+00:00,1
2026-04-10 08:00:00+00:00,0.6629,0.6655,0.6616,0.6649,1368897.0,2026-04-10 11:59:59.999000+00:00,1
2026-04-10 12:00:00+00:00,0.6648,0.6672,0.6615,0.6632,2694707.0,2026-04-10 15:59:59.999000+00:00,1
2026-04-10 16:00:00+00:00,0.6632,0.6641,0.6598,0.6612,1953792.0,2026-04-10 19:59:59.999000+00:00,1
2026-04-10 20:00:00+00:00,0.6612,0.6658,0.6607,0.6643,1195550.0,2026-04-10 23:59:59.999000+00:00,1
2026-04-11 00:00:00+00:00,0.6643,0.6712,0.6622,0.6698,1911565.0,2026-04-11 03:59:59.999000+00:00,1
2026-04-11 04:00:00+00:00,0.6699,0.6714,0.668,0.6697,1106050.0,2026-04-11 07:59:59.999000+00:00,1
2026-04-11 08:00:00+00:00,0.6698,0.6715,0.6682,0.6713,917768.0,2026-04-11 11:59:59.999000+00:00,1
2026-04-11 12:00:00+00:00,0.6713,0.6717,0.6668,0.6682,1701494.0,2026-04-11 15:59:59.999000+00:00,1
2026-04-11 16:00:00+00:00,0.6682,0.6824,0.6674,0.6795,3241138.0,2026-04-11 19:59:59.999000+00:00,1
2026-04-11 20:00:00+00:00,0.6796,0.6857,0.6696,0.6748,4000569.0,2026-04-11 23:59:59.999000+00:00,1
2026-04-12 00:00:00+00:00,0.6747,0.6748,0.6602,0.6634,4225602.0,2026-04-12 03:59:59.999000+00:00,1
2026-04-12 04:00:00+00:00,0.6634,0.6655,0.6623,0.6629,2312073.0,2026-04-12 07:59:59.999000+00:00,1
2026-04-12 08:00:00+00:00,0.6629,0.6655,0.6619,0.6632,1687881.0,2026-04-12 11:59:59.999000+00:00,1
2026-04-12 12:00:00+00:00,0.6633,0.6659,0.6596,0.6614,2551171.0,2026-04-12 15:59:59.999000+00:00,1
2026-04-12 16:00:00+00:00,0.6614,0.6622,0.6601,0.6609,1198088.0,2026-04-12 19:59:59.999000+00:00,1
2026-04-12 20:00:00+00:00,0.6609,0.6645,0.6562,0.6594,1951250.0,2026-04-12 23:59:59.999000+00:00,1
2026-04-13 00:00:00+00:00,0.6594,0.664,0.659,0.66,1428888.0,2026-04-13 03:59:59.999000+00:00,1
2026-04-13 04:00:00+00:00,0.6601,0.6614,0.6586,0.6588,1963699.0,2026-04-13 07:59:59.999000+00:00,1
2026-04-13 08:00:00+00:00,0.6587,0.6602,0.654,0.659,2473246.0,2026-04-13 11:59:59.999000+00:00,1
2026-04-13 12:00:00+00:00,0.6589,0.663,0.6585,0.6594,1991927.0,2026-04-13 15:59:59.999000+00:00,1
2026-04-13 16:00:00+00:00,0.6594,0.6656,0.6576,0.6642,1870089.0,2026-04-13 19:59:59.999000+00:00,1
2026-04-13 20:00:00+00:00,0.6642,0.6837,0.663,0.6756,4819230.0,2026-04-13 23:59:59.999000+00:00,1
2026-04-14 00:00:00+00:00,0.6756,0.6769,0.6729,0.675,1561010.0,2026-04-14 03:59:59.999000+00:00,1
2026-04-14 04:00:00+00:00,0.6751,0.6756,0.6662,0.6692,1879004.0,2026-04-14 07:59:59.999000+00:00,1
2026-04-14 08:00:00+00:00,0.6692,0.6959,0.6688,0.6935,9994495.0,2026-04-14 11:59:59.999000+00:00,1
2026-04-14 12:00:00+00:00,0.6936,0.7014,0.6736,0.6769,12656382.0,2026-04-14 15:59:59.999000+00:00,1
2026-04-14 16:00:00+00:00,0.677,0.6818,0.6589,0.6616,6439658.0,2026-04-14 19:59:59.999000+00:00,1
2026-04-14 20:00:00+00:00,0.6616,0.6675,0.66,0.6658,2012684.0,2026-04-14 23:59:59.999000+00:00,1
2026-04-15 00:00:00+00:00,0.6659,0.6745,0.6634,0.6695,3978505.0,2026-04-15 03:59:59.999000+00:00,1
2026-04-15 04:00:00+00:00,0.6694,0.671,0.6588,0.6604,2482647.0,2026-04-15 07:59:59.999000+00:00,1
2026-04-15 08:00:00+00:00,0.6604,0.6628,0.6552,0.6595,3269787.0,2026-04-15 11:59:59.999000+00:00,1
2026-04-15 12:00:00+00:00,0.6595,0.6617,0.6565,0.6592,3055415.0,2026-04-15 15:59:59.999000+00:00,1
2026-04-15 16:00:00+00:00,0.6591,0.6645,0.658,0.6637,2391352.0,2026-04-15 19:59:59.999000+00:00,1
2026-04-15 20:00:00+00:00,0.6637,0.6675,0.6628,0.6655,2831671.0,2026-04-15 23:59:59.999000+00:00,1
2026-04-16 00:00:00+00:00,0.6656,0.6685,0.663,0.6672,1816778.0,2026-04-16 03:59:59.999000+00:00,1
2026-04-16 04:00:00+00:00,0.6673,0.6748,0.6657,0.6711,2543666.0,2026-04-16 07:59:59.999000+00:00,1
2026-04-16 08:00:00+00:00,0.6711,0.6779,0.6689,0.6706,3059001.0,2026-04-16 11:59:59.999000+00:00,1
2026-04-16 12:00:00+00:00,0.6706,0.6771,0.6597,0.6714,6853640.0,2026-04-16 15:59:59.999000+00:00,1
2026-04-16 16:00:00+00:00,0.6714,0.689,0.6645,0.6872,5873610.0,2026-04-16 19:59:59.999000+00:00,1
2026-04-16 20:00:00+00:00,0.6872,0.6904,0.6815,0.6879,3004404.0,2026-04-16 23:59:59.999000+00:00,1
2026-04-17 00:00:00+00:00,0.6879,0.694,0.6764,0.6815,4620723.0,2026-04-17 03:59:59.999000+00:00,1
2026-04-17 04:00:00+00:00,0.6815,0.6839,0.6744,0.6796,2787840.0,2026-04-17 07:59:59.999000+00:00,1
2026-04-17 08:00:00+00:00,0.6796,0.6873,0.6785,0.6824,3859978.0,2026-04-17 11:59:59.999000+00:00,1
2026-04-17 12:00:00+00:00,0.6825,0.7005,0.681,0.6912,7764776.0,2026-04-17 15:59:59.999000+00:00,1
2026-04-17 16:00:00+00:00,0.6913,0.6933,0.6837,0.6882,4170026.0,2026-04-17 19:59:59.999000+00:00,1
2026-04-17 20:00:00+00:00,0.6884,0.6889,0.6799,0.6814,4232103.0,2026-04-17 23:59:59.999000+00:00,1
2026-04-18 00:00:00+00:00,0.6814,0.69,0.6771,0.6836,3844014.0,2026-04-18 03:59:59.999000+00:00,1
2026-04-18 04:00:00+00:00,0.6837,0.6954,0.6792,0.6903,7318043.0,2026-04-18 07:59:59.999000+00:00,1
2026-04-18 08:00:00+00:00,0.6902,0.6932,0.6617,0.6688,12524025.0,2026-04-18 11:59:59.999000+00:00,1
2026-04-18 12:00:00+00:00,0.6688,0.6711,0.6654,0.669,3236649.0,2026-04-18 15:59:59.999000+00:00,1
2026-04-18 16:00:00+00:00,0.6691,0.6739,0.6666,0.6722,2335894.0,2026-04-18 19:59:59.999000+00:00,1
2026-04-18 20:00:00+00:00,0.6722,0.6754,0.6701,0.6701,1872903.0,2026-04-18 23:59:59.999000+00:00,1
2026-04-19 00:00:00+00:00,0.6701,0.6712,0.6655,0.6688,2346932.0,2026-04-19 03:59:59.999000+00:00,1
2026-04-19 04:00:00+00:00,0.6689,0.6722,0.6652,0.6683,3898912.0,2026-04-19 07:59:59.999000+00:00,1
2026-04-19 08:00:00+00:00,0.6684,0.6767,0.664,0.6716,5528243.0,2026-04-19 11:59:59.999000+00:00,1
2026-04-19 12:00:00+00:00,0.6716,0.6769,0.6714,0.6762,2822067.0,2026-04-19 15:59:59.999000+00:00,1
2026-04-19 16:00:00+00:00,0.6763,0.6788,0.6651,0.6691,3511851.0,2026-04-19 19:59:59.999000+00:00,1
2026-04-19 20:00:00+00:00,0.669,0.6709,0.664,0.6685,3279282.0,2026-04-19 23:59:59.999000+00:00,1
2026-04-20 00:00:00+00:00,0.6684,0.6844,0.6682,0.6837,4562470.0,2026-04-20 03:59:59.999000+00:00,1
2026-04-20 04:00:00+00:00,0.6838,0.6857,0.6732,0.6795,4794464.0,2026-04-20 07:59:59.999000+00:00,1
2026-04-20 08:00:00+00:00,0.6795,0.681,0.6759,0.6777,2525910.0,2026-04-20 11:59:59.999000+00:00,1
2026-04-20 12:00:00+00:00,0.6778,0.6803,0.6728,0.6787,2959240.0,2026-04-20 15:59:59.999000+00:00,1
2026-04-20 16:00:00+00:00,0.6786,0.6813,0.6756,0.68,2452949.0,2026-04-20 19:59:59.999000+00:00,1
2026-04-20 20:00:00+00:00,0.68,0.6812,0.677,0.6776,1539635.0,2026-04-20 23:59:59.999000+00:00,1
2026-04-21 00:00:00+00:00,0.6777,0.6872,0.6747,0.6766,2911195.0,2026-04-21 03:59:59.999000+00:00,1
2026-04-21 04:00:00+00:00,0.6766,0.6804,0.6747,0.6798,1671841.0,2026-04-21 07:59:59.999000+00:00,1
2026-04-21 08:00:00+00:00,0.6797,0.688,0.6779,0.6847,3880424.0,2026-04-21 11:59:59.999000+00:00,1
2026-04-21 12:00:00+00:00,0.6848,0.6878,0.6742,0.6759,5043565.0,2026-04-21 15:59:59.999000+00:00,1
2026-04-21 16:00:00+00:00,0.676,0.6775,0.6685,0.6709,3478852.0,2026-04-21 19:59:59.999000+00:00,1
2026-04-21 20:00:00+00:00,0.6709,0.6789,0.6707,0.6789,2516810.0,2026-04-21 23:59:59.999000+00:00,1
2026-04-22 00:00:00+00:00,0.679,0.6876,0.6768,0.6842,3217396.0,2026-04-22 03:59:59.999000+00:00,1
2026-04-22 04:00:00+00:00,0.6842,0.6887,0.6835,0.687,3136324.0,2026-04-22 07:59:59.999000+00:00,1
2026-04-22 08:00:00+00:00,0.687,0.689,0.6833,0.6889,2657062.0,2026-04-22 11:59:59.999000+00:00,1
2026-04-22 12:00:00+00:00,0.6889,0.7011,0.6826,0.6853,8015944.0,2026-04-22 15:59:59.999000+00:00,1
2026-04-22 16:00:00+00:00,0.6853,0.6867,0.679,0.6813,2315300.0,2026-04-22 19:59:59.999000+00:00,1
2026-04-22 20:00:00+00:00,0.6813,0.6822,0.6698,0.6701,3298728.0,2026-04-22 23:59:59.999000+00:00,1
2026-04-23 00:00:00+00:00,0.6701,0.674,0.6667,0.6704,3775588.0,2026-04-23 03:59:59.999000+00:00,1
2026-04-23 04:00:00+00:00,0.6704,0.6741,0.6687,0.6705,2068627.0,2026-04-23 07:59:59.999000+00:00,1
2026-04-23 08:00:00+00:00,0.6704,0.6721,0.6672,0.6695,1647858.0,2026-04-23 11:59:59.999000+00:00,1
2026-04-23 12:00:00+00:00,0.6694,0.676,0.6683,0.6741,2150751.0,2026-04-23 15:59:59.999000+00:00,1
2026-04-23 16:00:00+00:00,0.6741,0.6758,0.6625,0.6701,3856542.0,2026-04-23 19:59:59.999000+00:00,1
2026-04-23 20:00:00+00:00,0.67,0.674,0.6689,0.6734,1849730.0,2026-04-23 23:59:59.999000+00:00,1
2026-04-24 00:00:00+00:00,0.6735,0.6746,0.668,0.6691,1486443.0,2026-04-24 03:59:59.999000+00:00,1
2026-04-24 04:00:00+00:00,0.6691,0.6712,0.6682,0.6701,1596058.0,2026-04-24 07:59:59.999000+00:00,1
2026-04-24 08:00:00+00:00,0.6702,0.6724,0.6686,0.6696,2448864.0,2026-04-24 11:59:59.999000+00:00,1
2026-04-24 12:00:00+00:00,0.6699,0.6719,0.663,0.6689,6118395.0,2026-04-24 15:59:59.999000+00:00,1
2026-04-24 16:00:00+00:00,0.6689,0.6693,0.6655,0.6683,1422325.0,2026-04-24 19:59:59.999000+00:00,1
2026-04-24 20:00:00+00:00,0.6683,0.6711,0.666,0.6666,1570093.0,2026-04-24 23:59:59.999000+00:00,1
2026-04-25 00:00:00+00:00,0.6667,0.6681,0.6654,0.6664,1443731.0,2026-04-25 03:59:59.999000+00:00,1
2026-04-25 04:00:00+00:00,0.6664,0.6675,0.6642,0.6642,1143631.0,2026-04-25 07:59:59.999000+00:00,1
2026-04-25 08:00:00+00:00,0.6642,0.6663,0.6623,0.6646,1481831.0,2026-04-25 11:59:59.999000+00:00,1
2026-04-25 12:00:00+00:00,0.6647,0.6647,0.6602,0.6624,1534082.0,2026-04-25 15:59:59.999000+00:00,1
2026-04-25 16:00:00+00:00,0.6623,0.6641,0.6312,0.6441,16367505.0,2026-04-25 19:59:59.999000+00:00,1
2026-04-25 20:00:00+00:00,0.644,0.6526,0.6419,0.6508,3557466.0,2026-04-25 23:59:59.999000+00:00,1
2026-04-26 00:00:00+00:00,0.6507,0.6587,0.6487,0.6581,2692329.0,2026-04-26 03:59:59.999000+00:00,1
2026-04-26 04:00:00+00:00,0.658,0.6599,0.656,0.6585,2034813.0,2026-04-26 07:59:59.999000+00:00,1
2026-04-26 08:00:00+00:00,0.6585,0.659,0.6573,0.6585,1379439.0,2026-04-26 11:59:59.999000+00:00,1
2026-04-26 12:00:00+00:00,0.6584,0.6598,0.6505,0.6579,2989584.0,2026-04-26 15:59:59.999000+00:00,1
2026-04-26 16:00:00+00:00,0.6579,0.6594,0.6546,0.6582,2312393.0,2026-04-26 19:59:59.999000+00:00,1
2026-04-26 20:00:00+00:00,0.6581,0.6617,0.6573,0.6594,2332654.0,2026-04-26 23:59:59.999000+00:00,1
2026-04-27 00:00:00+00:00,0.6595,0.6639,0.6587,0.6602,2229834.0,2026-04-27 03:59:59.999000+00:00,1
2026-04-27 04:00:00+00:00,0.6603,0.6607,0.6431,0.6462,5500259.0,2026-04-27 07:59:59.999000+00:00,1
2026-04-27 08:00:00+00:00,0.6462,0.6501,0.6454,0.65,2281146.0,2026-04-27 11:59:59.999000+00:00,1
2026-04-27 12:00:00+00:00,0.65,0.6541,0.6407,0.6446,4266303.0,2026-04-27 15:59:59.999000+00:00,1
2026-04-27 16:00:00+00:00,0.6446,0.6471,0.6427,0.6438,1330759.0,2026-04-27 19:59:59.999000+00:00,1
2026-04-27 20:00:00+00:00,0.6439,0.6472,0.6437,0.6462,1516809.0,2026-04-27 23:59:59.999000+00:00,1
2026-04-28 00:00:00+00:00,0.6463,0.6464,0.6389,0.6412,1858802.0,2026-04-28 03:59:59.999000+00:00,1
2026-04-28 04:00:00+00:00,0.6413,0.6415,0.635,0.6356,2869231.0,2026-04-28 07:59:59.999000+00:00,1
2026-04-28 08:00:00+00:00,0.6356,0.6385,0.6318,0.6323,3164436.0,2026-04-28 11:59:59.999000+00:00,1
2026-04-28 12:00:00+00:00,0.6323,0.6431,0.6254,0.6409,9855802.0,2026-04-28 15:59:59.999000+00:00,1
2026-04-28 16:00:00+00:00,0.641,0.655,0.6392,0.6529,5256395.0,2026-04-28 19:59:59.999000+00:00,1
2026-04-28 20:00:00+00:00,0.653,0.6543,0.6468,0.6519,3021945.0,2026-04-28 23:59:59.999000+00:00,1
2026-04-29 00:00:00+00:00,0.652,0.6659,0.6517,0.657,6358931.0,2026-04-29 03:59:59.999000+00:00,1
2026-04-29 04:00:00+00:00,0.657,0.6615,0.655,0.6584,3235597.0,2026-04-29 07:59:59.999000+00:00,1
2026-04-29 08:00:00+00:00,0.6585,0.6778,0.6585,0.6693,7827326.0,2026-04-29 11:59:59.999000+00:00,1
2026-04-29 12:00:00+00:00,0.6693,0.6806,0.6591,0.6612,10408428.0,2026-04-29 15:59:59.999000+00:00,1
2026-04-29 16:00:00+00:00,0.6612,0.6618,0.647,0.6515,7046234.0,2026-04-29 19:59:59.999000+00:00,1
2026-04-29 20:00:00+00:00,0.6515,0.6611,0.6506,0.6609,3075291.0,2026-04-29 23:59:59.999000+00:00,1
2026-04-30 00:00:00+00:00,0.6609,0.6642,0.6545,0.6601,3509532.0,2026-04-30 03:59:59.999000+00:00,1
2026-04-30 04:00:00+00:00,0.6602,0.6604,0.6542,0.6595,2309266.0,2026-04-30 07:59:59.999000+00:00,1
2026-04-30 08:00:00+00:00,0.6595,0.6602,0.6551,0.6569,1785131.0,2026-04-30 11:59:59.999000+00:00,1
2026-04-30 12:00:00+00:00,0.6569,0.6597,0.6509,0.6525,2398572.0,2026-04-30 15:59:59.999000+00:00,1
2026-04-30 16:00:00+00:00,0.6524,0.6555,0.6504,0.6536,1039007.0,2026-04-30 19:59:59.999000+00:00,1
2026-04-30 20:00:00+00:00,0.6535,0.654,0.6517,0.6519,1056059.0,2026-04-30 23:59:59.999000+00:00,1
2026-05-01 00:00:00+00:00,0.652,0.6578,0.6509,0.655,1450282.0,2026-05-01 03:59:59.999000+00:00,1
2026-05-01 04:00:00+00:00,0.6551,0.6551,0.6489,0.6543,1355117.0,2026-05-01 07:59:59.999000+00:00,1
2026-05-01 08:00:00+00:00,0.6543,0.6569,0.6519,0.6558,781454.0,2026-05-01 11:59:59.999000+00:00,1
2026-05-01 12:00:00+00:00,0.6559,0.661,0.6543,0.6603,1878967.0,2026-05-01 15:59:59.999000+00:00,1
2026-05-01 16:00:00+00:00,0.6603,0.6612,0.655,0.6551,1488013.0,2026-05-01 19:59:59.999000+00:00,1
2026-05-01 20:00:00+00:00,0.6552,0.656,0.6521,0.6555,1090999.0,2026-05-01 23:59:59.999000+00:00,1
2026-05-02 00:00:00+00:00,0.6556,0.6573,0.6527,0.6562,646873.0,2026-05-02 03:59:59.999000+00:00,1
2026-05-02 04:00:00+00:00,0.6562,0.6576,0.6515,0.6543,2699570.0,2026-05-02 07:59:59.999000+00:00,1
2026-05-02 08:00:00+00:00,0.6544,0.6581,0.6543,0.6563,658951.0,2026-05-02 11:59:59.999000+00:00,1
2026-05-02 12:00:00+00:00,0.6564,0.6631,0.6559,0.662,1364376.0,2026-05-02 15:59:59.999000+00:00,1
2026-05-02 16:00:00+00:00,0.6621,0.6825,0.6621,0.6788,4782014.0,2026-05-02 19:59:59.999000+00:00,1
2026-05-02 20:00:00+00:00,0.6789,0.6906,0.6766,0.6815,3023507.0,2026-05-02 23:59:59.999000+00:00,1
2026-05-03 00:00:00+00:00,0.6815,0.6893,0.6743,0.6783,4156846.0,2026-05-03 03:59:59.999000+00:00,1
2026-05-03 04:00:00+00:00,0.6782,0.6805,0.673,0.6745,1832069.0,2026-05-03 07:59:59.999000+00:00,1
2026-05-03 08:00:00+00:00,0.6746,0.6822,0.6663,0.6713,5419017.0,2026-05-03 11:59:59.999000+00:00,1
2026-05-03 12:00:00+00:00,0.6714,0.674,0.6669,0.6676,2352565.0,2026-05-03 15:59:59.999000+00:00,1
2026-05-03 16:00:00+00:00,0.6677,0.6693,0.6639,0.6668,1297336.0,2026-05-03 19:59:59.999000+00:00,1
2026-05-03 20:00:00+00:00,0.6667,0.6708,0.6659,0.6676,1689262.0,2026-05-03 23:59:59.999000+00:00,1
2026-05-04 00:00:00+00:00,0.6677,0.6806,0.6668,0.6781,3288521.0,2026-05-04 03:59:59.999000+00:00,1
2026-05-04 04:00:00+00:00,0.6781,0.682,0.6758,0.6774,2028212.0,2026-05-04 07:59:59.999000+00:00,1
2026-05-04 08:00:00+00:00,0.6774,0.688,0.6734,0.6785,4693076.0,2026-05-04 11:59:59.999000+00:00,1
2026-05-04 12:00:00+00:00,0.6786,0.6803,0.6681,0.6716,3179733.0,2026-05-04 15:59:59.999000+00:00,1
2026-05-04 16:00:00+00:00,0.6715,0.6724,0.6671,0.6679,1546741.0,2026-05-04 19:59:59.999000+00:00,1
2026-05-04 20:00:00+00:00,0.6679,0.6723,0.6665,0.6698,1071390.0,2026-05-04 23:59:59.999000+00:00,1
2026-05-05 00:00:00+00:00,0.6698,0.6768,0.6686,0.6738,1581913.0,2026-05-05 03:59:59.999000+00:00,1
2026-05-05 04:00:00+00:00,0.6739,0.6772,0.6698,0.6759,1878589.0,2026-05-05 07:59:59.999000+00:00,1
2026-05-05 08:00:00+00:00,0.6759,0.6811,0.6749,0.6765,1570453.0,2026-05-05 11:59:59.999000+00:00,1
2026-05-05 12:00:00+00:00,0.6766,0.68,0.6732,0.6749,2060510.0,2026-05-05 15:59:59.999000+00:00,1
2026-05-05 16:00:00+00:00,0.6749,0.6773,0.6708,0.6743,2187414.0,2026-05-05 19:59:59.999000+00:00,1
2026-05-05 20:00:00+00:00,0.6744,0.6806,0.6707,0.674,2414669.0,2026-05-05 23:59:59.999000+00:00,1
2026-05-06 00:00:00+00:00,0.6741,0.6906,0.6718,0.6874,3866654.0,2026-05-06 03:59:59.999000+00:00,1
2026-05-06 04:00:00+00:00,0.6875,0.688,0.6758,0.6808,4131897.0,2026-05-06 07:59:59.999000+00:00,1
2026-05-06 08:00:00+00:00,0.6809,0.6935,0.6802,0.6889,4912912.0,2026-05-06 11:59:59.999000+00:00,1
2026-05-06 12:00:00+00:00,0.6888,0.696,0.6759,0.6821,8022821.0,2026-05-06 15:59:59.999000+00:00,1
2026-05-06 16:00:00+00:00,0.6821,0.6867,0.6785,0.6823,2607089.0,2026-05-06 19:59:59.999000+00:00,1
2026-05-06 20:00:00+00:00,0.6823,0.6833,0.6719,0.6793,4149887.0,2026-05-06 23:59:59.999000+00:00,1
2026-05-07 00:00:00+00:00,0.6793,0.6815,0.6647,0.6675,4392972.0,2026-05-07 03:59:59.999000+00:00,1
2026-05-07 04:00:00+00:00,0.6675,0.6787,0.6669,0.677,2198543.0,2026-05-07 07:59:59.999000+00:00,1
2026-05-07 08:00:00+00:00,0.6769,0.6775,0.6692,0.6748,2091857.0,2026-05-07 11:59:59.999000+00:00,1
2026-05-07 12:00:00+00:00,0.6748,0.6784,0.6578,0.6607,4653022.0,2026-05-07 15:59:59.999000+00:00,1
2026-05-07 16:00:00+00:00,0.6607,0.664,0.6547,0.6598,3466843.0,2026-05-07 19:59:59.999000+00:00,1
2026-05-07 20:00:00+00:00,0.6599,0.6625,0.6564,0.6611,1736346.0,2026-05-07 23:59:59.999000+00:00,1
2026-05-08 00:00:00+00:00,0.6611,0.6693,0.6587,0.6662,3064242.0,2026-05-08 03:59:59.999000+00:00,1
2026-05-08 04:00:00+00:00,0.6662,0.6664,0.6591,0.663,3460713.0,2026-05-08 07:59:59.999000+00:00,1
2026-05-08 08:00:00+00:00,0.663,0.6644,0.6592,0.6632,3403604.0,2026-05-08 11:59:59.999000+00:00,1
2026-05-08 12:00:00+00:00,0.6631,0.6687,0.6576,0.6683,3004323.0,2026-05-08 15:59:59.999000+00:00,1
2026-05-08 16:00:00+00:00,0.6684,0.6815,0.6665,0.6806,3278443.0,2026-05-08 19:59:59.999000+00:00,1
2026-05-08 20:00:00+00:00,0.6807,0.6992,0.6779,0.6947,5268647.0,2026-05-08 23:59:59.999000+00:00,1
2026-05-09 00:00:00+00:00,0.6946,0.7101,0.6911,0.7019,8576205.0,2026-05-09 03:59:59.999000+00:00,1
2026-05-09 04:00:00+00:00,0.702,0.7288,0.702,0.7175,15587755.0,2026-05-09 07:59:59.999000+00:00,1
2026-05-09 08:00:00+00:00,0.7175,0.7192,0.6906,0.7019,15062222.0,2026-05-09 11:59:59.999000+00:00,1
2026-05-09 12:00:00+00:00,0.702,0.716,0.6974,0.7023,8575896.0,2026-05-09 15:59:59.999000+00:00,1
2026-05-09 16:00:00+00:00,0.7023,0.7069,0.6991,0.7029,2609815.0,2026-05-09 19:59:59.999000+00:00,1
2026-05-09 20:00:00+00:00,0.703,0.7038,0.6941,0.6983,3092382.0,2026-05-09 23:59:59.999000+00:00,1
2026-05-10 00:00:00+00:00,0.6984,0.7081,0.6951,0.7017,5323035.0,2026-05-10 03:59:59.999000+00:00,1
2026-05-10 04:00:00+00:00,0.7017,0.702,0.6947,0.6999,4283543.0,2026-05-10 07:59:59.999000+00:00,1
2026-05-10 08:00:00+00:00,0.6999,0.7077,0.6996,0.7036,3469925.0,2026-05-10 11:59:59.999000+00:00,1
2026-05-10 12:00:00+00:00,0.7036,0.7249,0.7015,0.7172,11700851.0,2026-05-10 15:59:59.999000+00:00,1
2026-05-10 16:00:00+00:00,0.7173,0.7298,0.7107,0.7201,7578630.0,2026-05-10 19:59:59.999000+00:00,1
2026-05-10 20:00:00+00:00,0.7202,0.7216,0.6934,0.71,9359809.0,2026-05-10 23:59:59.999000+00:00,1
2026-05-11 00:00:00+00:00,0.71,0.7122,0.6903,0.6967,7049368.0,2026-05-11 03:59:59.999000+00:00,1
2026-05-11 04:00:00+00:00,0.6966,0.6967,0.6766,0.6868,10123872.0,2026-05-11 07:59:59.999000+00:00,1
2026-05-11 08:00:00+00:00,0.6867,0.6936,0.6855,0.6884,4285552.0,2026-05-11 11:59:59.999000+00:00,1
2026-05-11 12:00:00+00:00,0.6884,0.6903,0.6773,0.6867,7748567.0,2026-05-11 15:59:59.999000+00:00,1
2026-05-11 16:00:00+00:00,0.6867,0.6897,0.6803,0.6888,5294211.0,2026-05-11 19:59:59.999000+00:00,1
2026-05-11 20:00:00+00:00,0.6888,0.6925,0.6865,0.6896,2334315.0,2026-05-11 23:59:59.999000+00:00,1
2026-05-12 00:00:00+00:00,0.6897,0.6909,0.679,0.684,3491263.0,2026-05-12 03:59:59.999000+00:00,1
2026-05-12 04:00:00+00:00,0.6841,0.6891,0.6808,0.686,2424689.0,2026-05-12 07:59:59.999000+00:00,1
2026-05-12 08:00:00+00:00,0.686,0.6868,0.6776,0.6802,3204439.0,2026-05-12 11:59:59.999000+00:00,1
2026-05-12 12:00:00+00:00,0.6801,0.681,0.6625,0.6669,6960138.0,2026-05-12 15:59:59.999000+00:00,1
2026-05-12 16:00:00+00:00,0.6668,0.6746,0.665,0.6739,3166050.0,2026-05-12 19:59:59.999000+00:00,1
2026-05-12 20:00:00+00:00,0.674,0.6759,0.6723,0.6731,1735736.0,2026-05-12 23:59:59.999000+00:00,1
2026-05-13 00:00:00+00:00,0.6732,0.68,0.6723,0.6789,2028426.0,2026-05-13 03:59:59.999000+00:00,1
2026-05-13 04:00:00+00:00,0.679,0.6808,0.6741,0.6772,1936765.0,2026-05-13 07:59:59.999000+00:00,1
2026-05-13 08:00:00+00:00,0.6772,0.6831,0.6695,0.6714,4252261.0,2026-05-13 11:59:59.999000+00:00,1
2026-05-13 12:00:00+00:00,0.6713,0.6726,0.6623,0.6648,6762166.0,2026-05-13 15:59:59.999000+00:00,1
2026-05-13 16:00:00+00:00,0.6647,0.6753,0.6644,0.6746,2260239.0,2026-05-13 19:59:59.999000+00:00,1
2026-05-13 20:00:00+00:00,0.6746,0.677,0.6693,0.6725,1809674.0,2026-05-13 23:59:59.999000+00:00,1
2026-05-14 00:00:00+00:00,0.6724,0.6757,0.6656,0.667,1966542.0,2026-05-14 03:59:59.999000+00:00,1
2026-05-14 04:00:00+00:00,0.6669,0.6759,0.6662,0.6754,1698714.0,2026-05-14 07:59:59.999000+00:00,1
2026-05-14 08:00:00+00:00,0.6755,0.6772,0.6683,0.6683,2413549.0,2026-05-14 11:59:59.999000+00:00,1
2026-05-14 12:00:00+00:00,0.6682,0.6765,0.6675,0.6761,2667057.0,2026-05-14 15:59:59.999000+00:00,1
2026-05-14 16:00:00+00:00,0.6761,0.6811,0.6727,0.6791,4096101.0,2026-05-14 19:59:59.999000+00:00,1
2026-05-14 20:00:00+00:00,0.6791,0.6844,0.6773,0.6838,1982518.0,2026-05-14 23:59:59.999000+00:00,1
2026-05-15 00:00:00+00:00,0.6838,0.694,0.6783,0.682,6227471.0,2026-05-15 03:59:59.999000+00:00,1
2026-05-15 04:00:00+00:00,0.682,0.6823,0.669,0.6744,4161895.0,2026-05-15 07:59:59.999000+00:00,1
2026-05-15 08:00:00+00:00,0.6744,0.6752,0.668,0.6726,2506674.0,2026-05-15 11:59:59.999000+00:00,1
2026-05-15 12:00:00+00:00,0.6725,0.6727,0.6527,0.6622,7510997.0,2026-05-15 15:59:59.999000+00:00,1
2026-05-15 16:00:00+00:00,0.6623,0.6699,0.6619,0.6685,2228838.0,2026-05-15 19:59:59.999000+00:00,1
2026-05-15 20:00:00+00:00,0.6686,0.6708,0.6676,0.6696,1819508.0,2026-05-15 23:59:59.999000+00:00,1
2026-05-16 00:00:00+00:00,0.6697,0.6704,0.6678,0.6687,952135.0,2026-05-16 03:59:59.999000+00:00,1
2026-05-16 04:00:00+00:00,0.6688,0.6704,0.656,0.6674,3573778.0,2026-05-16 07:59:59.999000+00:00,1
2026-05-16 08:00:00+00:00,0.6674,0.6679,0.6524,0.659,3945048.0,2026-05-16 11:59:59.999000+00:00,1
2026-05-16 12:00:00+00:00,0.659,0.6704,0.6586,0.6689,2884317.0,2026-05-16 15:59:59.999000+00:00,1
2026-05-16 16:00:00+00:00,0.6688,0.6722,0.6672,0.6684,1628112.0,2026-05-16 19:59:59.999000+00:00,1
2026-05-16 20:00:00+00:00,0.6684,0.6694,0.664,0.6651,1219438.0,2026-05-16 23:59:59.999000+00:00,1
2026-05-17 00:00:00+00:00,0.6652,0.6659,0.6609,0.664,1262574.0,2026-05-17 03:59:59.999000+00:00,1
2026-05-17 04:00:00+00:00,0.664,0.6677,0.6637,0.6657,1164224.0,2026-05-17 07:59:59.999000+00:00,1
2026-05-17 08:00:00+00:00,0.6657,0.6685,0.6645,0.6659,952826.0,2026-05-17 11:59:59.999000+00:00,1
2026-05-17 12:00:00+00:00,0.6658,0.6682,0.6621,0.6624,1237761.0,2026-05-17 15:59:59.999000+00:00,1
2026-05-17 16:00:00+00:00,0.6623,0.6649,0.6581,0.6637,1263726.0,2026-05-17 19:59:59.999000+00:00,1
2026-05-17 20:00:00+00:00,0.6637,0.6652,0.6273,0.6474,9773021.0,2026-05-17 23:59:59.999000+00:00,1
2026-05-18 00:00:00+00:00,0.6474,0.6532,0.6419,0.6487,4132738.0,2026-05-18 03:59:59.999000+00:00,1
2026-05-18 04:00:00+00:00,0.6486,0.6514,0.6447,0.6494,2327216.0,2026-05-18 07:59:59.999000+00:00,1
2026-05-18 08:00:00+00:00,0.6494,0.6524,0.6466,0.6495,2093125.0,2026-05-18 11:59:59.999000+00:00,1
2026-05-18 12:00:00+00:00,0.6494,0.6536,0.6417,0.6473,3234463.0,2026-05-18 15:59:59.999000+00:00,1
2026-05-18 16:00:00+00:00,0.6472,0.6543,0.6455,0.6537,1854382.0,2026-05-18 19:59:59.999000+00:00,1
2026-05-18 20:00:00+00:00,0.6538,0.6564,0.6511,0.6548,1907384.0,2026-05-18 23:59:59.999000+00:00,1
2026-05-19 00:00:00+00:00,0.6548,0.6577,0.651,0.6543,1344268.0,2026-05-19 03:59:59.999000+00:00,1
2026-05-19 04:00:00+00:00,0.6544,0.6592,0.6535,0.6587,1694231.0,2026-05-19 07:59:59.999000+00:00,1
2026-05-19 08:00:00+00:00,0.6588,0.6589,0.6515,0.6521,1413424.0,2026-05-19 11:59:59.999000+00:00,1
2026-05-19 12:00:00+00:00,0.6521,0.6548,0.6461,0.6501,1981794.0,2026-05-19 15:59:59.999000+00:00,1
2026-05-19 16:00:00+00:00,0.6501,0.6521,0.6485,0.6493,941309.0,2026-05-19 19:59:59.999000+00:00,1
2026-05-19 20:00:00+00:00,0.6493,0.653,0.647,0.6492,1042835.0,2026-05-19 23:59:59.999000+00:00,1
2026-05-20 00:00:00+00:00,0.6491,0.6537,0.6477,0.6521,1120500.0,2026-05-20 03:59:59.999000+00:00,1
2026-05-20 04:00:00+00:00,0.6522,0.6638,0.6514,0.6598,2619267.0,2026-05-20 07:59:59.999000+00:00,1
2026-05-20 08:00:00+00:00,0.6599,0.6667,0.659,0.6657,1846713.0,2026-05-20 11:59:59.999000+00:00,1
2026-05-20 12:00:00+00:00,0.6657,0.6804,0.6637,0.6774,6119648.0,2026-05-20 15:59:59.999000+00:00,1
2026-05-20 16:00:00+00:00,0.6776,0.6986,0.6717,0.6974,10868614.0,2026-05-20 19:59:59.999000+00:00,1
2026-05-20 20:00:00+00:00,0.6973,0.7015,0.6787,0.6854,6703840.0,2026-05-20 23:59:59.999000+00:00,1
2026-05-21 00:00:00+00:00,0.6853,0.706,0.6838,0.6964,7734732.0,2026-05-21 03:59:59.999000+00:00,1
2026-05-21 04:00:00+00:00,0.6965,0.6994,0.6818,0.6876,4774925.0,2026-05-21 07:59:59.999000+00:00,1
2026-05-21 08:00:00+00:00,0.6876,0.7459,0.6874,0.6969,33712797.0,2026-05-21 11:59:59.999000+00:00,1
2026-05-21 12:00:00+00:00,0.697,0.719,0.6888,0.7132,22271907.0,2026-05-21 15:59:59.999000+00:00,1
2026-05-21 16:00:00+00:00,0.7132,0.7158,0.6911,0.6933,9108207.0,2026-05-21 19:59:59.999000+00:00,1
2026-05-21 20:00:00+00:00,0.6934,0.6995,0.6811,0.6931,5718421.0,2026-05-21 23:59:59.999000+00:00,1
2026-05-22 00:00:00+00:00,0.6932,0.6957,0.6846,0.6879,5367482.0,2026-05-22 03:59:59.999000+00:00,1
2026-05-22 04:00:00+00:00,0.688,0.6921,0.6833,0.6909,3467332.0,2026-05-22 07:59:59.999000+00:00,1
2026-05-22 08:00:00+00:00,0.691,0.7,0.6855,0.699,5502338.0,2026-05-22 11:59:59.999000+00:00,1
2026-05-22 12:00:00+00:00,0.6991,0.7117,0.6876,0.6881,10632102.0,2026-05-22 15:59:59.999000+00:00,1
2026-05-22 16:00:00+00:00,0.6881,0.6911,0.661,0.6739,8078035.0,2026-05-22 19:59:59.999000+00:00,1
2026-05-22 20:00:00+00:00,0.674,0.6783,0.6659,0.6692,3015732.0,2026-05-22 23:59:59.999000+00:00,1
2026-05-23 00:00:00+00:00,0.6692,0.6742,0.6672,0.6723,2725046.0,2026-05-23 03:59:59.999000+00:00,1
2026-05-23 04:00:00+00:00,0.6724,0.6768,0.6564,0.6623,4560947.0,2026-05-23 07:59:59.999000+00:00,1
2026-05-23 08:00:00+00:00,0.6623,0.672,0.6601,0.6686,3479620.0,2026-05-23 11:59:59.999000+00:00,1
2026-05-23 12:00:00+00:00,0.6685,0.6802,0.6685,0.6779,3007484.0,2026-05-23 15:59:59.999000+00:00,1
2026-05-23 16:00:00+00:00,0.6778,0.6814,0.6751,0.6804,1992908.0,2026-05-23 19:59:59.999000+00:00,1
2026-05-23 20:00:00+00:00,0.6805,0.6883,0.6787,0.6821,2925419.0,2026-05-23 23:59:59.999000+00:00,1
2026-05-24 00:00:00+00:00,0.6822,0.6864,0.6799,0.6831,2081767.0,2026-05-24 03:59:59.999000+00:00,1
2026-05-24 04:00:00+00:00,0.6831,0.685,0.674,0.6802,4870160.0,2026-05-24 07:59:59.999000+00:00,1
2026-05-24 08:00:00+00:00,0.6801,0.7119,0.6715,0.7087,16425658.0,2026-05-24 11:59:59.999000+00:00,1
2026-05-24 12:00:00+00:00,0.7088,0.7361,0.7012,0.7098,20482948.0,2026-05-24 15:59:59.999000+00:00,1
2026-05-24 16:00:00+00:00,0.7097,0.7163,0.6958,0.7011,6034975.0,2026-05-24 19:59:59.999000+00:00,1
2026-05-24 20:00:00+00:00,0.7011,0.7052,0.6927,0.7041,5157415.0,2026-05-24 23:59:59.999000+00:00,1
2026-05-25 00:00:00+00:00,0.7041,0.7078,0.6965,0.7008,3296638.0,2026-05-25 03:59:59.999000+00:00,1
2026-05-25 04:00:00+00:00,0.7007,0.7226,0.698,0.719,6367175.0,2026-05-25 07:59:59.999000+00:00,1
2026-05-25 08:00:00+00:00,0.719,0.719,0.7038,0.7052,4548697.0,2026-05-25 11:59:59.999000+00:00,1
2026-05-25 12:00:00+00:00,0.7052,0.7079,0.6976,0.6998,4862628.0,2026-05-25 15:59:59.999000+00:00,1
2026-05-25 16:00:00+00:00,0.6999,0.7021,0.6865,0.6904,4930565.0,2026-05-25 19:59:59.999000+00:00,1
2026-05-25 20:00:00+00:00,0.6903,0.6921,0.6849,0.691,2653064.0,2026-05-25 23:59:59.999000+00:00,1
2026-05-26 00:00:00+00:00,0.6911,0.6919,0.6811,0.6848,2599609.0,2026-05-26 03:59:59.999000+00:00,1
2026-05-26 04:00:00+00:00,0.6849,0.6908,0.6813,0.6837,2684100.0,2026-05-26 07:59:59.999000+00:00,1
2026-05-26 08:00:00+00:00,0.6836,0.6902,0.6811,0.6854,3175327.0,2026-05-26 11:59:59.999000+00:00,1
2026-05-26 12:00:00+00:00,0.6853,0.6977,0.6818,0.6845,6757055.0,2026-05-26 15:59:59.999000+00:00,1
2026-05-26 16:00:00+00:00,0.6845,0.6856,0.6771,0.6811,2706942.0,2026-05-26 19:59:59.999000+00:00,1
2026-05-26 20:00:00+00:00,0.6812,0.6847,0.6795,0.6829,1292783.0,2026-05-26 23:59:59.999000+00:00,1
2026-05-27 00:00:00+00:00,0.6829,0.6865,0.6813,0.685,2002552.0,2026-05-27 03:59:59.999000+00:00,1
2026-05-27 04:00:00+00:00,0.6849,0.6918,0.6793,0.69,2891279.0,2026-05-27 07:59:59.999000+00:00,1
2026-05-27 08:00:00+00:00,0.6901,0.6982,0.6867,0.6891,3706726.0,2026-05-27 11:59:59.999000+00:00,1
2026-05-27 12:00:00+00:00,0.689,0.6931,0.682,0.6878,5216693.0,2026-05-27 15:59:59.999000+00:00,1
2026-05-27 16:00:00+00:00,0.6879,0.6891,0.6808,0.6858,1691373.0,2026-05-27 19:59:59.999000+00:00,1
2026-05-27 20:00:00+00:00,0.6857,0.6885,0.6709,0.6799,3313237.0,2026-05-27 23:59:59.999000+00:00,1
2026-05-28 00:00:00+00:00,0.6799,0.6814,0.6636,0.6648,5352134.0,2026-05-28 03:59:59.999000+00:00,1
2026-05-28 04:00:00+00:00,0.6648,0.6705,0.6584,0.6657,4333172.0,2026-05-28 07:59:59.999000+00:00,1
2026-05-28 08:00:00+00:00,0.6657,0.6663,0.6605,0.6639,1723270.0,2026-05-28 11:59:59.999000+00:00,1
2026-05-28 12:00:00+00:00,0.6639,0.6703,0.6592,0.6697,3374776.0,2026-05-28 15:59:59.999000+00:00,1
2026-05-28 16:00:00+00:00,0.6697,0.6804,0.6686,0.6748,2478032.0,2026-05-28 19:59:59.999000+00:00,1
2026-05-28 20:00:00+00:00,0.6749,0.6777,0.6733,0.6753,1148943.0,2026-05-28 23:59:59.999000+00:00,1
2026-05-29 00:00:00+00:00,0.6754,0.6785,0.6711,0.6718,1781052.0,2026-05-29 03:59:59.999000+00:00,1
2026-05-29 04:00:00+00:00,0.6719,0.678,0.6664,0.6705,2664623.0,2026-05-29 07:59:59.999000+00:00,1
2026-05-29 08:00:00+00:00,0.6704,0.6719,0.6639,0.666,2363795.0,2026-05-29 11:59:59.999000+00:00,1
2026-05-29 12:00:00+00:00,0.666,0.686,0.6626,0.6783,7801023.0,2026-05-29 15:59:59.999000+00:00,1
2026-05-29 16:00:00+00:00,0.6784,0.6818,0.6709,0.6732,4951157.0,2026-05-29 19:59:59.999000+00:00,1
2026-05-29 20:00:00+00:00,0.6733,0.6758,0.6706,0.6731,1227528.0,2026-05-29 23:59:59.999000+00:00,1
2026-05-30 00:00:00+00:00,0.6732,0.6864,0.6723,0.6822,3073686.0,2026-05-30 03:59:59.999000+00:00,1
2026-05-30 04:00:00+00:00,0.6822,0.7011,0.6771,0.6915,4744450.0,2026-05-30 07:59:59.999000+00:00,1
2026-05-30 08:00:00+00:00,0.6917,0.695,0.687,0.694,3302288.0,2026-05-30 11:59:59.999000+00:00,1
2026-05-30 12:00:00+00:00,0.6941,0.7236,0.6885,0.7178,12566107.0,2026-05-30 15:59:59.999000+00:00,1
2026-05-30 16:00:00+00:00,0.7179,0.7595,0.7151,0.7441,24491010.0,2026-05-30 19:59:59.999000+00:00,1
2026-05-30 20:00:00+00:00,0.744,0.778,0.7351,0.7457,25511956.0,2026-05-30 23:59:59.999000+00:00,1
2026-05-31 00:00:00+00:00,0.7458,0.7781,0.7391,0.763,26405088.0,2026-05-31 03:59:59.999000+00:00,1
2026-05-31 04:00:00+00:00,0.763,0.7826,0.7383,0.7452,25452714.0,2026-05-31 07:59:59.999000+00:00,1
2026-05-31 08:00:00+00:00,0.7452,0.7486,0.7261,0.7405,13474795.0,2026-05-31 11:59:59.999000+00:00,1
2026-05-31 12:00:00+00:00,0.7406,0.7463,0.7111,0.7272,15389114.0,2026-05-31 15:59:59.999000+00:00,1
2026-05-31 16:00:00+00:00,0.7272,0.7282,0.7082,0.7154,9237988.0,2026-05-31 19:59:59.999000+00:00,1
2026-05-31 20:00:00+00:00,0.7155,0.7312,0.7139,0.7259,6295274.0,2026-05-31 23:59:59.999000+00:00,1
2026-06-01 00:00:00+00:00,0.7259,0.7365,0.7109,0.7265,9285459.0,2026-06-01 03:59:59.999000+00:00,1
2026-06-01 04:00:00+00:00,0.7265,0.7284,0.701,0.7024,8364925.0,2026-06-01 07:59:59.999000+00:00,1
2026-06-01 08:00:00+00:00,0.7024,0.724,0.6857,0.6888,13890266.0,2026-06-01 11:59:59.999000+00:00,1
2026-06-01 12:00:00+00:00,0.6889,0.6904,0.677,0.6869,12796615.0,2026-06-01 15:59:59.999000+00:00,1
2026-06-01 16:00:00+00:00,0.6868,0.6957,0.6836,0.6948,5762561.0,2026-06-01 19:59:59.999000+00:00,1
2026-06-01 20:00:00+00:00,0.6948,0.6953,0.683,0.6908,4890096.0,2026-06-01 23:59:59.999000+00:00,1
2026-06-02 00:00:00+00:00,0.6909,0.7002,0.6808,0.6971,6237306.0,2026-06-02 03:59:59.999000+00:00,1
2026-06-02 04:00:00+00:00,0.6972,0.7009,0.6781,0.6854,6592574.0,2026-06-02 07:59:59.999000+00:00,1
2026-06-02 08:00:00+00:00,0.6853,0.6871,0.68,0.6813,5175976.0,2026-06-02 11:59:59.999000+00:00,1
2026-06-02 12:00:00+00:00,0.6812,0.6829,0.6482,0.6608,13933020.0,2026-06-02 15:59:59.999000+00:00,1
2026-06-02 16:00:00+00:00,0.6607,0.6749,0.6587,0.6714,7019870.0,2026-06-02 19:59:59.999000+00:00,1
2026-06-02 20:00:00+00:00,0.6715,0.6757,0.6605,0.6697,5934452.0,2026-06-02 23:59:59.999000+00:00,1
2026-06-03 00:00:00+00:00,0.6698,0.6808,0.668,0.6708,4809255.0,2026-06-03 03:59:59.999000+00:00,1
2026-06-03 04:00:00+00:00,0.6708,0.6866,0.6708,0.6777,4511617.0,2026-06-03 07:59:59.999000+00:00,1
2026-06-03 08:00:00+00:00,0.6777,0.6847,0.6748,0.6778,2891211.0,2026-06-03 11:59:59.999000+00:00,1
2026-06-03 12:00:00+00:00,0.6779,0.7021,0.6756,0.6878,8235447.0,2026-06-03 15:59:59.999000+00:00,1
2026-06-03 16:00:00+00:00,0.6878,0.7082,0.6808,0.6914,8661501.0,2026-06-03 19:59:59.999000+00:00,1
2026-06-03 20:00:00+00:00,0.6914,0.6946,0.6789,0.6854,5311756.0,2026-06-03 23:59:59.999000+00:00,1
2026-06-04 00:00:00+00:00,0.6853,0.6936,0.6465,0.6836,14095394.0,2026-06-04 03:59:59.999000+00:00,1
2026-06-04 04:00:00+00:00,0.6836,0.6863,0.6538,0.6546,6501445.0,2026-06-04 07:59:59.999000+00:00,1
2026-06-04 08:00:00+00:00,0.6547,0.6642,0.6481,0.6631,6373611.0,2026-06-04 11:59:59.999000+00:00,1
2026-06-04 12:00:00+00:00,0.6631,0.6723,0.6606,0.6666,4100887.0,2026-06-04 15:59:59.999000+00:00,1
2026-06-04 16:00:00+00:00,0.6666,0.6673,0.6569,0.6621,2498901.0,2026-06-04 19:59:59.999000+00:00,1
2026-06-04 20:00:00+00:00,0.6622,0.6668,0.6486,0.6664,3330058.0,2026-06-04 23:59:59.999000+00:00,1
2026-06-05 00:00:00+00:00,0.6663,0.6728,0.6544,0.6678,7789257.0,2026-06-05 03:59:59.999000+00:00,1
2026-06-05 04:00:00+00:00,0.6679,0.6764,0.6368,0.6641,15844618.0,2026-06-05 07:59:59.999000+00:00,1
2026-06-05 08:00:00+00:00,0.6641,0.6736,0.6567,0.6599,6191377.0,2026-06-05 11:59:59.999000+00:00,1
2026-06-05 12:00:00+00:00,0.6598,0.6655,0.6375,0.6413,9775913.0,2026-06-05 15:59:59.999000+00:00,1
2026-06-05 16:00:00+00:00,0.6412,0.6413,0.5881,0.6061,34647588.0,2026-06-05 19:59:59.999000+00:00,1
2026-06-05 20:00:00+00:00,0.6061,0.6251,0.6018,0.6165,7166346.0,2026-06-05 23:59:59.999000+00:00,1
2026-06-06 00:00:00+00:00,0.6165,0.6252,0.6116,0.615,6213873.0,2026-06-06 03:59:59.999000+00:00,1
2026-06-06 04:00:00+00:00,0.615,0.6169,0.5901,0.6074,8830808.0,2026-06-06 07:59:59.999000+00:00,1
2026-06-06 08:00:00+00:00,0.6073,0.6181,0.6056,0.6155,6582372.0,2026-06-06 11:59:59.999000+00:00,1
2026-06-06 12:00:00+00:00,0.6155,0.6209,0.6112,0.6171,2779151.0,2026-06-06 15:59:59.999000+00:00,1
2026-06-06 16:00:00+00:00,0.6171,0.6276,0.616,0.6214,4137091.0,2026-06-06 19:59:59.999000+00:00,1
2026-06-06 20:00:00+00:00,0.6213,0.6224,0.6085,0.6197,3415711.0,2026-06-06 23:59:59.999000+00:00,1
2026-06-07 00:00:00+00:00,0.6197,0.6326,0.6192,0.629,2536557.0,2026-06-07 03:59:59.999000+00:00,1
2026-06-07 04:00:00+00:00,0.6291,0.6485,0.6254,0.6414,5792692.0,2026-06-07 07:59:59.999000+00:00,1
2026-06-07 08:00:00+00:00,0.6414,0.6441,0.6342,0.6359,3853771.0,2026-06-07 11:59:59.999000+00:00,1
2026-06-07 12:00:00+00:00,0.636,0.6366,0.6256,0.6304,3347237.0,2026-06-07 15:59:59.999000+00:00,1
2026-06-07 16:00:00+00:00,0.6305,0.6376,0.6197,0.6232,3691404.0,2026-06-07 19:59:59.999000+00:00,1
2026-06-07 20:00:00+00:00,0.6231,0.6437,0.622,0.6332,3135063.0,2026-06-07 23:59:59.999000+00:00,1
2026-06-08 00:00:00+00:00,0.6333,0.6392,0.6281,0.6355,2433475.0,2026-06-08 03:59:59.999000+00:00,1
2026-06-08 04:00:00+00:00,0.6356,0.6357,0.6256,0.6301,2285602.0,2026-06-08 07:59:59.999000+00:00,1
2026-06-08 08:00:00+00:00,0.6301,0.6349,0.6277,0.6319,1989298.0,2026-06-08 11:59:59.999000+00:00,1
2026-06-08 12:00:00+00:00,0.6319,0.6381,0.6268,0.6343,3304296.0,2026-06-08 15:59:59.999000+00:00,1
2026-06-08 16:00:00+00:00,0.6343,0.6381,0.6322,0.634,1942157.0,2026-06-08 19:59:59.999000+00:00,1
2026-06-08 20:00:00+00:00,0.634,0.6391,0.6288,0.631,1436138.0,2026-06-08 23:59:59.999000+00:00,1
2026-06-09 00:00:00+00:00,0.6309,0.6312,0.6109,0.6198,4332674.0,2026-06-09 03:59:59.999000+00:00,1
2026-06-09 04:00:00+00:00,0.6198,0.628,0.6193,0.6217,2435365.0,2026-06-09 07:59:59.999000+00:00,1
2026-06-09 08:00:00+00:00,0.6218,0.622,0.6135,0.6194,2459570.0,2026-06-09 11:59:59.999000+00:00,1
2026-06-09 12:00:00+00:00,0.6193,0.6345,0.6136,0.614,6792807.0,2026-06-09 15:59:59.999000+00:00,1
2026-06-09 16:00:00+00:00,0.614,0.6237,0.6083,0.6227,3710753.0,2026-06-09 19:59:59.999000+00:00,1
2026-06-09 20:00:00+00:00,0.6228,0.6252,0.6186,0.6211,1166467.0,2026-06-09 23:59:59.999000+00:00,1
2026-06-10 00:00:00+00:00,0.6211,0.6234,0.6116,0.619,2003147.0,2026-06-10 03:59:59.999000+00:00,1
2026-06-10 04:00:00+00:00,0.6192,0.6257,0.6152,0.6229,1378205.0,2026-06-10 07:59:59.999000+00:00,1
2026-06-10 08:00:00+00:00,0.6229,0.6289,0.6164,0.6185,4732045.0,2026-06-10 11:59:59.999000+00:00,1
2026-06-10 12:00:00+00:00,0.6186,0.6323,0.6134,0.6309,5725164.0,2026-06-10 15:59:59.999000+00:00,1
2026-06-10 16:00:00+00:00,0.631,0.6327,0.6066,0.6074,2913380.0,2026-06-10 19:59:59.999000+00:00,1
2026-06-10 20:00:00+00:00,0.6075,0.6221,0.6007,0.6189,5010677.0,2026-06-10 23:59:59.999000+00:00,1
2026-06-11 00:00:00+00:00,0.619,0.6373,0.6189,0.6312,2592506.0,2026-06-11 03:59:59.999000+00:00,1
2026-06-11 04:00:00+00:00,0.6312,0.6356,0.6282,0.6305,4332449.0,2026-06-11 07:59:59.999000+00:00,1
2026-06-11 08:00:00+00:00,0.6306,0.6347,0.6268,0.6288,2773952.0,2026-06-11 11:59:59.999000+00:00,1
2026-06-11 12:00:00+00:00,0.6288,0.633,0.6227,0.6285,3252670.0,2026-06-11 15:59:59.999000+00:00,1
2026-06-11 16:00:00+00:00,0.6286,0.6361,0.6243,0.6338,2638640.0,2026-06-11 19:59:59.999000+00:00,1
2026-06-11 20:00:00+00:00,0.6339,0.6357,0.6307,0.6309,1399022.0,2026-06-11 23:59:59.999000+00:00,1
2026-06-12 00:00:00+00:00,0.631,0.6324,0.6281,0.6305,1297083.0,2026-06-12 03:59:59.999000+00:00,1
2026-06-12 04:00:00+00:00,0.6306,0.6309,0.6212,0.6249,1864458.0,2026-06-12 07:59:59.999000+00:00,1
2026-06-12 08:00:00+00:00,0.6249,0.6279,0.6248,0.627,1791657.0,2026-06-12 11:59:59.999000+00:00,1
2026-06-12 12:00:00+00:00,0.6269,0.6355,0.625,0.6287,2858893.0,2026-06-12 15:59:59.999000+00:00,1
2026-06-12 16:00:00+00:00,0.6288,0.6325,0.6243,0.6288,1575079.0,2026-06-12 19:59:59.999000+00:00,1
2026-06-12 20:00:00+00:00,0.6289,0.6299,0.6258,0.6274,753900.0,2026-06-12 23:59:59.999000+00:00,1
2026-06-13 00:00:00+00:00,0.6275,0.6355,0.6274,0.6333,1259626.0,2026-06-13 03:59:59.999000+00:00,1
2026-06-13 04:00:00+00:00,0.6334,0.6436,0.6317,0.639,2014238.0,2026-06-13 07:59:59.999000+00:00,1
2026-06-13 08:00:00+00:00,0.639,0.6395,0.6352,0.6373,1240831.0,2026-06-13 11:59:59.999000+00:00,1
2026-06-13 12:00:00+00:00,0.6373,0.6439,0.6371,0.6378,1566143.0,2026-06-13 15:59:59.999000+00:00,1
2026-06-13 16:00:00+00:00,0.6379,0.6413,0.6336,0.6392,1608090.0,2026-06-13 19:59:59.999000+00:00,1
2026-06-13 20:00:00+00:00,0.6392,0.6411,0.6383,0.6395,767849.0,2026-06-13 23:59:59.999000+00:00,1
2026-06-14 00:00:00+00:00,0.6396,0.6396,0.6352,0.6367,840727.0,2026-06-14 03:59:59.999000+00:00,1
2026-06-14 04:00:00+00:00,0.6368,0.6368,0.6304,0.632,1018000.0,2026-06-14 07:59:59.999000+00:00,1
2026-06-14 08:00:00+00:00,0.632,0.6343,0.63,0.631,1289881.0,2026-06-14 11:59:59.999000+00:00,1
2026-06-14 12:00:00+00:00,0.631,0.631,0.6176,0.6216,2853287.0,2026-06-14 15:59:59.999000+00:00,1
2026-06-14 16:00:00+00:00,0.6216,0.6238,0.6198,0.6201,983523.0,2026-06-14 19:59:59.999000+00:00,1
2026-06-14 20:00:00+00:00,0.6201,0.643,0.6196,0.6349,3668290.0,2026-06-14 23:59:59.999000+00:00,1
2026-06-15 00:00:00+00:00,0.6349,0.6393,0.6303,0.6365,2010671.0,2026-06-15 03:59:59.999000+00:00,1
2026-06-15 04:00:00+00:00,0.6364,0.6377,0.6311,0.6313,1700021.0,2026-06-15 07:59:59.999000+00:00,1
2026-06-15 08:00:00+00:00,0.6313,0.6403,0.6278,0.6392,2631556.0,2026-06-15 11:59:59.999000+00:00,1
2026-06-15 12:00:00+00:00,0.6393,0.6563,0.6362,0.6548,6933131.0,2026-06-15 15:59:59.999000+00:00,1
2026-06-15 16:00:00+00:00,0.6549,0.6556,0.6474,0.65,2291544.0,2026-06-15 19:59:59.999000+00:00,1
2026-06-15 20:00:00+00:00,0.6501,0.6568,0.6439,0.6488,2113202.0,2026-06-15 23:59:59.999000+00:00,1
2026-06-16 00:00:00+00:00,0.6488,0.6595,0.6444,0.6581,2385808.0,2026-06-16 03:59:59.999000+00:00,1
2026-06-16 04:00:00+00:00,0.6581,0.6772,0.6485,0.6549,9833130.0,2026-06-16 07:59:59.999000+00:00,1
2026-06-16 08:00:00+00:00,0.6549,0.6702,0.6547,0.6636,5146435.0,2026-06-16 11:59:59.999000+00:00,1
2026-06-16 12:00:00+00:00,0.6637,0.6722,0.647,0.6587,6970017.0,2026-06-16 15:59:59.999000+00:00,1
2026-06-16 16:00:00+00:00,0.6588,0.6628,0.6517,0.6522,2128196.0,2026-06-16 19:59:59.999000+00:00,1
2026-06-16 20:00:00+00:00,0.6522,0.6641,0.6511,0.6613,1861055.0,2026-06-16 23:59:59.999000+00:00,1
2026-06-17 00:00:00+00:00,0.6613,0.6782,0.6602,0.6749,3818237.0,2026-06-17 03:59:59.999000+00:00,1
2026-06-17 04:00:00+00:00,0.6751,0.6759,0.6625,0.6653,3843008.0,2026-06-17 07:59:59.999000+00:00,1
2026-06-17 08:00:00+00:00,0.6654,0.6705,0.6552,0.6689,5442712.0,2026-06-17 11:59:59.999000+00:00,1
2026-06-17 12:00:00+00:00,0.669,0.784,0.6683,0.7597,92272597.0,2026-06-17 15:59:59.999000+00:00,1
2026-06-17 16:00:00+00:00,0.7598,0.8065,0.7122,0.7282,56015249.0,2026-06-17 19:59:59.999000+00:00,1
2026-06-17 20:00:00+00:00,0.7281,0.7314,0.7021,0.7168,14569766.0,2026-06-17 23:59:59.999000+00:00,1
2026-06-18 00:00:00+00:00,0.7169,0.7267,0.6733,0.6741,23001089.0,2026-06-18 03:59:59.999000+00:00,1
2026-06-18 04:00:00+00:00,0.6741,0.6781,0.6349,0.6713,32207732.0,2026-06-18 07:59:59.999000+00:00,1
2026-06-18 08:00:00+00:00,0.6714,0.6858,0.6591,0.6651,17044993.0,2026-06-18 11:59:59.999000+00:00,1
2026-06-18 12:00:00+00:00,0.665,0.676,0.6275,0.6319,17451036.0,2026-06-18 15:59:59.999000+00:00,1
2026-06-18 16:00:00+00:00,0.6317,0.6428,0.6287,0.6393,10285127.0,2026-06-18 19:59:59.999000+00:00,1
2026-06-18 20:00:00+00:00,0.6393,0.6427,0.6273,0.6374,7573988.0,2026-06-18 23:59:59.999000+00:00,1
2026-06-19 00:00:00+00:00,0.6373,0.6391,0.6238,0.631,8823272.0,2026-06-19 03:59:59.999000+00:00,1
2026-06-19 04:00:00+00:00,0.631,0.631,0.6153,0.6187,6282899.0,2026-06-19 07:59:59.999000+00:00,1
2026-06-19 08:00:00+00:00,0.6186,0.6225,0.6136,0.6197,4547232.0,2026-06-19 11:59:59.999000+00:00,1
2026-06-19 12:00:00+00:00,0.6197,0.6299,0.6164,0.6265,5807148.0,2026-06-19 15:59:59.999000+00:00,1
2026-06-19 16:00:00+00:00,0.6265,0.6305,0.6212,0.6247,3561618.0,2026-06-19 19:59:59.999000+00:00,1
2026-06-19 20:00:00+00:00,0.6247,0.636,0.6225,0.6339,3230219.0,2026-06-19 23:59:59.999000+00:00,1
2026-06-20 00:00:00+00:00,0.6338,0.6373,0.621,0.6229,3575689.0,2026-06-20 03:59:59.999000+00:00,1
2026-06-20 04:00:00+00:00,0.623,0.6547,0.622,0.6545,9273947.0,2026-06-20 07:59:59.999000+00:00,1
2026-06-20 08:00:00+00:00,0.6544,0.6631,0.6401,0.6449,10427171.0,2026-06-20 11:59:59.999000+00:00,1
2026-06-20 12:00:00+00:00,0.6449,0.6466,0.6301,0.6442,7564188.0,2026-06-20 15:59:59.999000+00:00,1
2026-06-20 16:00:00+00:00,0.6443,0.6487,0.6417,0.6447,2917215.0,2026-06-20 19:59:59.999000+00:00,1
2026-06-20 20:00:00+00:00,0.6448,0.6497,0.6416,0.6463,2302472.0,2026-06-20 23:59:59.999000+00:00,1
2026-06-21 00:00:00+00:00,0.6463,0.6544,0.6455,0.652,1992121.0,2026-06-21 03:59:59.999000+00:00,1
2026-06-21 04:00:00+00:00,0.652,0.6547,0.6458,0.6471,3664333.0,2026-06-21 07:59:59.999000+00:00,1
2026-06-21 08:00:00+00:00,0.6471,0.6497,0.6391,0.6405,3547863.0,2026-06-21 11:59:59.999000+00:00,1
2026-06-21 12:00:00+00:00,0.6406,0.6448,0.638,0.6433,1707068.0,2026-06-21 15:59:59.999000+00:00,1
2026-06-21 16:00:00+00:00,0.6433,0.6459,0.6362,0.639,2134585.0,2026-06-21 19:59:59.999000+00:00,1
2026-06-21 20:00:00+00:00,0.639,0.6407,0.6322,0.636,2250157.0,2026-06-21 23:59:59.999000+00:00,1
2026-06-22 00:00:00+00:00,0.636,0.6481,0.6303,0.6333,4521073.0,2026-06-22 03:59:59.999000+00:00,1
2026-06-22 04:00:00+00:00,0.6333,0.6363,0.6218,0.635,4624687.0,2026-06-22 07:59:59.999000+00:00,1
2026-06-22 08:00:00+00:00,0.6351,0.643,0.6334,0.6418,1763468.0,2026-06-22 11:59:59.999000+00:00,1
2026-06-22 12:00:00+00:00,0.6419,0.6459,0.636,0.6389,3755667.0,2026-06-22 15:59:59.999000+00:00,1
2026-06-22 16:00:00+00:00,0.639,0.6424,0.6324,0.6333,2110595.0,2026-06-22 19:59:59.999000+00:00,1
2026-06-22 20:00:00+00:00,0.6333,0.6346,0.6287,0.631,2012531.0,2026-06-22 23:59:59.999000+00:00,1
2026-06-23 00:00:00+00:00,0.6309,0.6331,0.6259,0.63,2288438.0,2026-06-23 03:59:59.999000+00:00,1
2026-06-23 04:00:00+00:00,0.6302,0.6305,0.6107,0.621,6242886.0,2026-06-23 07:59:59.999000+00:00,1
2026-06-23 08:00:00+00:00,0.621,0.6225,0.6105,0.6211,3546925.0,2026-06-23 11:59:59.999000+00:00,1
2026-06-23 12:00:00+00:00,0.6211,0.623,0.6077,0.6178,6516694.0,2026-06-23 15:59:59.999000+00:00,1
2026-06-23 16:00:00+00:00,0.6179,0.6416,0.6174,0.6297,4519048.0,2026-06-23 19:59:59.999000+00:00,1
2026-06-23 20:00:00+00:00,0.6296,0.6375,0.629,0.6351,2795338.0,2026-06-23 23:59:59.999000+00:00,1
2026-06-24 00:00:00+00:00,0.6352,0.6387,0.63,0.6313,2642835.0,2026-06-24 03:59:59.999000+00:00,1
2026-06-24 04:00:00+00:00,0.6312,0.6352,0.628,0.6306,2076199.0,2026-06-24 07:59:59.999000+00:00,1
2026-06-24 08:00:00+00:00,0.6307,0.633,0.6213,0.6302,2776231.0,2026-06-24 11:59:59.999000+00:00,1
2026-06-24 12:00:00+00:00,0.6302,0.6302,0.6112,0.6124,4947124.0,2026-06-24 15:59:59.999000+00:00,1
2026-06-24 16:00:00+00:00,0.6125,0.6179,0.5833,0.5912,12136249.0,2026-06-24 19:59:59.999000+00:00,1
2026-06-24 20:00:00+00:00,0.5911,0.6168,0.5903,0.6153,4081035.0,2026-06-24 23:59:59.999000+00:00,1
2026-06-25 00:00:00+00:00,0.6153,0.6193,0.6117,0.6191,2394546.0,2026-06-25 03:59:59.999000+00:00,1
2026-06-25 04:00:00+00:00,0.619,0.6314,0.6175,0.627,3320388.0,2026-06-25 07:59:59.999000+00:00,1
2026-06-25 08:00:00+00:00,0.627,0.628,0.616,0.6187,3245842.0,2026-06-25 11:59:59.999000+00:00,1
2026-06-25 12:00:00+00:00,0.6187,0.6233,0.5915,0.6171,8135370.0,2026-06-25 15:59:59.999000+00:00,1
2026-06-25 16:00:00+00:00,0.6171,0.6244,0.6137,0.6185,3377434.0,2026-06-25 19:59:59.999000+00:00,1
2026-06-25 20:00:00+00:00,0.6186,0.6237,0.6135,0.6218,1921251.0,2026-06-25 23:59:59.999000+00:00,1
2026-06-26 00:00:00+00:00,0.6219,0.6278,0.6137,0.6253,3596051.0,2026-06-26 03:59:59.999000+00:00,1
2026-06-26 04:00:00+00:00,0.6254,0.6281,0.6186,0.6266,1804013.0,2026-06-26 07:59:59.999000+00:00,1
2026-06-26 08:00:00+00:00,0.6267,0.6269,0.6156,0.6169,1415612.0,2026-06-26 11:59:59.999000+00:00,1
2026-06-26 12:00:00+00:00,0.617,0.6325,0.614,0.6292,4102699.0,2026-06-26 15:59:59.999000+00:00,1
2026-06-26 16:00:00+00:00,0.6293,0.6322,0.6264,0.6269,1953213.0,2026-06-26 19:59:59.999000+00:00,1
2026-06-26 20:00:00+00:00,0.6269,0.6326,0.6269,0.6299,1029334.0,2026-06-26 23:59:59.999000+00:00,1
2026-06-27 00:00:00+00:00,0.63,0.6314,0.6246,0.6293,945229.0,2026-06-27 03:59:59.999000+00:00,1
2026-06-27 04:00:00+00:00,0.6291,0.632,0.6281,0.6296,821569.0,2026-06-27 07:59:59.999000+00:00,1
2026-06-27 08:00:00+00:00,0.6295,0.6317,0.6265,0.6296,902055.0,2026-06-27 11:59:59.999000+00:00,1
2026-06-27 12:00:00+00:00,0.6296,0.632,0.6272,0.6319,1207368.0,2026-06-27 15:59:59.999000+00:00,1
2026-06-27 16:00:00+00:00,0.632,0.6331,0.6219,0.6244,1842524.0,2026-06-27 19:59:59.999000+00:00,1
2026-06-27 20:00:00+00:00,0.6244,0.6251,0.6186,0.6211,1798900.0,2026-06-27 23:59:59.999000+00:00,1
2026-06-28 00:00:00+00:00,0.6211,0.6226,0.619,0.6201,1015062.0,2026-06-28 03:59:59.999000+00:00,1
2026-06-28 04:00:00+00:00,0.62,0.6216,0.617,0.621,812225.0,2026-06-28 07:59:59.999000+00:00,1
2026-06-28 08:00:00+00:00,0.621,0.6246,0.619,0.621,996590.0,2026-06-28 11:59:59.999000+00:00,1
2026-06-28 12:00:00+00:00,0.621,0.6222,0.6158,0.6172,829540.0,2026-06-28 15:59:59.999000+00:00,1
2026-06-28 16:00:00+00:00,0.6173,0.6212,0.6141,0.6194,1378507.0,2026-06-28 19:59:59.999000+00:00,1
2026-06-28 20:00:00+00:00,0.6193,0.624,0.6176,0.6219,1425700.0,2026-06-28 23:59:59.999000+00:00,1
2026-06-29 00:00:00+00:00,0.6219,0.6317,0.6201,0.6288,1576910.0,2026-06-29 03:59:59.999000+00:00,1
2026-06-29 04:00:00+00:00,0.6289,0.6337,0.6239,0.6304,1555383.0,2026-06-29 07:59:59.999000+00:00,1
2026-06-29 08:00:00+00:00,0.6304,0.6364,0.6285,0.632,1900850.0,2026-06-29 11:59:59.999000+00:00,1
2026-06-29 12:00:00+00:00,0.632,0.6359,0.6159,0.6215,6481689.0,2026-06-29 15:59:59.999000+00:00,1
2026-06-29 16:00:00+00:00,0.6215,0.6301,0.6182,0.6282,2361023.0,2026-06-29 19:59:59.999000+00:00,1
2026-06-29 20:00:00+00:00,0.6282,0.6312,0.6251,0.6259,1135501.0,2026-06-29 23:59:59.999000+00:00,1
2026-06-30 00:00:00+00:00,0.6261,0.6281,0.6196,0.6219,1673034.0,2026-06-30 03:59:59.999000+00:00,1
2026-06-30 04:00:00+00:00,0.6218,0.6256,0.621,0.6213,1086493.0,2026-06-30 07:59:59.999000+00:00,1
2026-06-30 08:00:00+00:00,0.6214,0.6231,0.617,0.6173,1804367.0,2026-06-30 11:59:59.999000+00:00,1
2026-06-30 12:00:00+00:00,0.6172,0.6275,0.6121,0.6246,3967663.0,2026-06-30 15:59:59.999000+00:00,1
2026-06-30 16:00:00+00:00,0.6245,0.6294,0.6244,0.6282,1504539.0,2026-06-30 19:59:59.999000+00:00,1
2026-06-30 20:00:00+00:00,0.6281,0.6289,0.6214,0.6229,1650788.0,2026-06-30 23:59:59.999000+00:00,1
2026-07-01 00:00:00+00:00,0.6229,0.6292,0.6195,0.6277,1940301.0,2026-07-01 03:59:59.999000+00:00,1
2026-07-01 04:00:00+00:00,0.6277,0.6298,0.6243,0.6266,1496952.0,2026-07-01 07:59:59.999000+00:00,1
2026-07-01 08:00:00+00:00,0.6266,0.6309,0.623,0.6263,1516871.0,2026-07-01 11:59:59.999000+00:00,1
2026-07-01 12:00:00+00:00,0.6264,0.6326,0.6235,0.6302,2621328.0,2026-07-01 15:59:59.999000+00:00,1
2026-07-01 16:00:00+00:00,0.6302,0.6312,0.6257,0.6261,1377067.0,2026-07-01 19:59:59.999000+00:00,1
2026-07-01 20:00:00+00:00,0.6262,0.6341,0.6253,0.6293,1308476.0,2026-07-01 23:59:59.999000+00:00,1
2026-07-02 00:00:00+00:00,0.6293,0.635,0.6262,0.6344,1177944.0,2026-07-02 03:59:59.999000+00:00,1
2026-07-02 04:00:00+00:00,0.6343,0.6344,0.6278,0.6307,963236.0,2026-07-02 07:59:59.999000+00:00,1
2026-07-02 08:00:00+00:00,0.6306,0.6427,0.6301,0.6401,3183383.0,2026-07-02 11:59:59.999000+00:00,1
2026-07-02 12:00:00+00:00,0.6401,0.649,0.6303,0.6359,6396211.0,2026-07-02 15:59:59.999000+00:00,1
2026-07-02 16:00:00+00:00,0.636,0.6364,0.6317,0.6362,1474266.0,2026-07-02 19:59:59.999000+00:00,1
2026-07-02 20:00:00+00:00,0.6361,0.6387,0.634,0.6374,1274749.0,2026-07-02 23:59:59.999000+00:00,1
2026-07-03 00:00:00+00:00,0.6375,0.6414,0.6348,0.6354,1769964.0,2026-07-03 03:59:59.999000+00:00,1
2026-07-03 04:00:00+00:00,0.6355,0.6393,0.6318,0.6364,1489703.0,2026-07-03 07:59:59.999000+00:00,1
2026-07-03 08:00:00+00:00,0.6365,0.6422,0.6359,0.6416,1473104.0,2026-07-03 11:59:59.999000+00:00,1
2026-07-03 12:00:00+00:00,0.6416,0.6467,0.6395,0.6428,1525290.0,2026-07-03 15:59:59.999000+00:00,1
2026-07-03 16:00:00+00:00,0.6429,0.6536,0.6426,0.6497,1881900.0,2026-07-03 19:59:59.999000+00:00,1
2026-07-03 20:00:00+00:00,0.6496,0.6549,0.6471,0.6507,1464671.0,2026-07-03 23:59:59.999000+00:00,1
2026-07-04 00:00:00+00:00,0.6507,0.6541,0.645,0.6462,1747037.0,2026-07-04 03:59:59.999000+00:00,1
2026-07-04 04:00:00+00:00,0.6463,0.6465,0.6384,0.6414,1656567.0,2026-07-04 07:59:59.999000+00:00,1
2026-07-04 08:00:00+00:00,0.6414,0.6434,0.6369,0.6394,1660356.0,2026-07-04 11:59:59.999000+00:00,1
2026-07-04 12:00:00+00:00,0.6394,0.6496,0.6394,0.6484,1606591.0,2026-07-04 15:59:59.999000+00:00,1
2026-07-04 16:00:00+00:00,0.6485,0.6535,0.6459,0.6465,1492110.0,2026-07-04 19:59:59.999000+00:00,1
2026-07-04 20:00:00+00:00,0.6465,0.6477,0.6398,0.6419,1344725.0,2026-07-04 23:59:59.999000+00:00,1
2026-07-05 00:00:00+00:00,0.6418,0.6424,0.6355,0.6369,1675207.0,2026-07-05 03:59:59.999000+00:00,1
2026-07-05 04:00:00+00:00,0.6369,0.6402,0.6363,0.6396,997319.0,2026-07-05 07:59:59.999000+00:00,1
2026-07-05 08:00:00+00:00,0.6397,0.6419,0.6326,0.6351,1898647.0,2026-07-05 11:59:59.999000+00:00,1
2026-07-05 12:00:00+00:00,0.6351,0.6421,0.634,0.6413,1230861.0,2026-07-05 15:59:59.999000+00:00,1
2026-07-05 16:00:00+00:00,0.6413,0.6461,0.6411,0.642,768654.0,2026-07-05 19:59:59.999000+00:00,1
2026-07-05 20:00:00+00:00,0.642,0.6483,0.6407,0.6449,1444404.0,2026-07-05 23:59:59.999000+00:00,1
2026-07-06 00:00:00+00:00,0.645,0.6465,0.6372,0.6394,1810652.0,2026-07-06 03:59:59.999000+00:00,1
2026-07-06 04:00:00+00:00,0.6393,0.6398,0.6346,0.6383,1208474.0,2026-07-06 07:59:59.999000+00:00,1
2026-07-06 08:00:00+00:00,0.6384,0.6392,0.6308,0.6353,1757518.0,2026-07-06 11:59:59.999000+00:00,1
2026-07-06 12:00:00+00:00,0.6352,0.6392,0.6271,0.6392,2832739.0,2026-07-06 15:59:59.999000+00:00,1
2026-07-06 16:00:00+00:00,0.6392,0.641,0.6348,0.6384,2051626.0,2026-07-06 19:59:59.999000+00:00,1
2026-07-06 20:00:00+00:00,0.6384,0.6431,0.6362,0.6375,1070240.0,2026-07-06 23:59:59.999000+00:00,1
2026-07-07 00:00:00+00:00,0.6375,0.6408,0.634,0.6347,1034653.0,2026-07-07 03:59:59.999000+00:00,1
2026-07-07 04:00:00+00:00,0.6346,0.6382,0.6331,0.6343,726218.0,2026-07-07 07:59:59.999000+00:00,1
2026-07-07 08:00:00+00:00,0.6344,0.6384,0.633,0.6377,991347.0,2026-07-07 11:59:59.999000+00:00,1
2026-07-07 12:00:00+00:00,0.6376,0.6399,0.6221,0.6325,2998021.0,2026-07-07 15:59:59.999000+00:00,1
2026-07-07 16:00:00+00:00,0.6326,0.6345,0.6244,0.6258,1340205.0,2026-07-07 19:59:59.999000+00:00,1
2026-07-07 20:00:00+00:00,0.6259,0.6299,0.6251,0.6263,1841167.0,2026-07-07 23:59:59.999000+00:00,1
2026-07-08 00:00:00+00:00,0.6264,0.6285,0.619,0.6216,2819266.0,2026-07-08 03:59:59.999000+00:00,1
2026-07-08 04:00:00+00:00,0.6216,0.6237,0.6194,0.6232,1586050.0,2026-07-08 07:59:59.999000+00:00,1
2026-07-08 08:00:00+00:00,0.6232,0.6233,0.6102,0.6211,2529712.0,2026-07-08 11:59:59.999000+00:00,1
2026-07-08 12:00:00+00:00,0.6211,0.624,0.6162,0.6191,2544240.0,2026-07-08 15:59:59.999000+00:00,1
2026-07-08 16:00:00+00:00,0.6191,0.6238,0.6184,0.6225,711541.0,2026-07-08 19:59:59.999000+00:00,1
2026-07-08 20:00:00+00:00,0.6225,0.6232,0.6196,0.6219,748916.0,2026-07-08 23:59:59.999000+00:00,1
2026-07-09 00:00:00+00:00,0.6219,0.6249,0.6169,0.6198,1223715.0,2026-07-09 03:59:59.999000+00:00,1
2026-07-09 04:00:00+00:00,0.6199,0.6247,0.6191,0.6225,922333.0,2026-07-09 07:59:59.999000+00:00,1
2026-07-09 08:00:00+00:00,0.6225,0.6258,0.6198,0.6217,987980.0,2026-07-09 11:59:59.999000+00:00,1
2026-07-09 12:00:00+00:00,0.6216,0.6233,0.6185,0.6212,1036837.0,2026-07-09 15:59:59.999000+00:00,1
2026-07-09 16:00:00+00:00,0.6212,0.6246,0.6195,0.6239,912800.0,2026-07-09 19:59:59.999000+00:00,1
2026-07-09 20:00:00+00:00,0.6239,0.6258,0.6213,0.6224,838064.0,2026-07-09 23:59:59.999000+00:00,1
2026-07-10 00:00:00+00:00,0.6225,0.6303,0.6214,0.6293,2204159.0,2026-07-10 03:59:59.999000+00:00,1
2026-07-10 04:00:00+00:00,0.6293,0.6317,0.6291,0.6297,922305.0,2026-07-10 07:59:59.999000+00:00,1
2026-07-10 08:00:00+00:00,0.6298,0.6345,0.6291,0.6315,1830810.0,2026-07-10 11:59:59.999000+00:00,1
2026-07-10 12:00:00+00:00,0.6316,0.6327,0.6267,0.6318,2019035.0,2026-07-10 15:59:59.999000+00:00,1
2026-07-10 16:00:00+00:00,0.6318,0.6338,0.6288,0.6295,964537.0,2026-07-10 19:59:59.999000+00:00,1
2026-07-10 20:00:00+00:00,0.6295,0.6309,0.6281,0.6294,419124.0,2026-07-10 23:59:59.999000+00:00,1
2026-07-11 00:00:00+00:00,0.6295,0.6299,0.6244,0.6262,1043367.0,2026-07-11 03:59:59.999000+00:00,1
2026-07-11 04:00:00+00:00,0.6263,0.6283,0.625,0.6275,410455.0,2026-07-11 07:59:59.999000+00:00,1
2026-07-11 08:00:00+00:00,0.6276,0.6302,0.6271,0.6289,600777.0,2026-07-11 11:59:59.999000+00:00,1
2026-07-11 12:00:00+00:00,0.629,0.6329,0.6275,0.6301,944868.0,2026-07-11 15:59:59.999000+00:00,1
2026-07-11 16:00:00+00:00,0.6302,0.6331,0.6291,0.6331,407184.0,2026-07-11 19:59:59.999000+00:00,1
2026-07-11 20:00:00+00:00,0.633,0.6348,0.6212,0.6219,1542844.0,2026-07-11 23:59:59.999000+00:00,1
2026-07-12 00:00:00+00:00,0.6219,0.6246,0.6138,0.6244,2798612.0,2026-07-12 03:59:59.999000+00:00,1
2026-07-12 04:00:00+00:00,0.6244,0.6247,0.6204,0.6228,422272.0,2026-07-12 07:59:59.999000+00:00,1
2026-07-12 08:00:00+00:00,0.6227,0.6242,0.6174,0.6233,2545286.0,2026-07-12 11:59:59.999000+00:00,1
2026-07-12 12:00:00+00:00,0.6233,0.6261,0.6228,0.6244,782557.0,2026-07-12 15:59:59.999000+00:00,1
2026-07-12 16:00:00+00:00,0.6245,0.6254,0.6228,0.6248,503962.0,2026-07-12 19:59:59.999000+00:00,1
2026-07-12 20:00:00+00:00,0.6249,0.6249,0.6193,0.621,950793.0,2026-07-12 23:59:59.999000+00:00,1
2026-07-13 00:00:00+00:00,0.621,0.6259,0.6163,0.6192,1905998.0,2026-07-13 03:59:59.999000+00:00,1
2026-07-13 04:00:00+00:00,0.6191,0.6324,0.6174,0.6251,2121349.0,2026-07-13 07:59:59.999000+00:00,1
2026-07-13 08:00:00+00:00,0.6251,0.6261,0.6211,0.6214,1039029.0,2026-07-13 11:59:59.999000+00:00,1
2026-07-13 12:00:00+00:00,0.6213,0.623,0.618,0.6211,1433926.0,2026-07-13 15:59:59.999000+00:00,1
2026-07-13 16:00:00+00:00,0.6213,0.6274,0.6136,0.6253,2178777.0,2026-07-13 19:59:59.999000+00:00,1
2026-07-13 20:00:00+00:00,0.6253,0.6299,0.6208,0.6273,1334016.0,2026-07-13 23:59:59.999000+00:00,1
2026-07-14 00:00:00+00:00,0.6272,0.63,0.6257,0.6274,1129745.0,2026-07-14 03:59:59.999000+00:00,1
2026-07-14 04:00:00+00:00,0.6273,0.6324,0.6273,0.6286,729976.0,2026-07-14 07:59:59.999000+00:00,1
2026-07-14 08:00:00+00:00,0.6286,0.6306,0.624,0.6241,1125204.0,2026-07-14 11:59:59.999000+00:00,1
2026-07-14 12:00:00+00:00,0.6241,0.6417,0.6234,0.6296,4172808.0,2026-07-14 15:59:59.999000+00:00,1
2026-07-14 16:00:00+00:00,0.6296,0.6309,0.6237,0.627,1403869.0,2026-07-14 19:59:59.999000+00:00,1
2026-07-14 20:00:00+00:00,0.627,0.6313,0.6261,0.6305,780873.0,2026-07-14 23:59:59.999000+00:00,1
2026-07-15 00:00:00+00:00,0.6304,0.6312,0.6266,0.6297,630466.0,2026-07-15 03:59:59.999000+00:00,1
2026-07-15 04:00:00+00:00,0.6297,0.6396,0.6279,0.6373,1205673.0,2026-07-15 07:59:59.999000+00:00,1
2026-07-15 08:00:00+00:00,0.6374,0.6401,0.6343,0.6357,1033760.0,2026-07-15 11:59:59.999000+00:00,1
2026-07-15 12:00:00+00:00,0.6357,0.6379,0.6293,0.6314,2126488.0,2026-07-15 15:59:59.999000+00:00,1
2026-07-15 16:00:00+00:00,0.6315,0.6336,0.6255,0.6331,1652967.0,2026-07-15 19:59:59.999000+00:00,1
2026-07-15 20:00:00+00:00,0.6332,0.6346,0.628,0.6283,920693.0,2026-07-15 23:59:59.999000+00:00,1
2026-07-16 00:00:00+00:00,0.6283,0.6341,0.6276,0.6341,815016.0,2026-07-16 03:59:59.999000+00:00,1
2026-07-16 04:00:00+00:00,0.6342,0.6342,0.6264,0.6276,754054.0,2026-07-16 07:59:59.999000+00:00,1
2026-07-16 08:00:00+00:00,0.6275,0.6284,0.6237,0.6246,1135336.0,2026-07-16 11:59:59.999000+00:00,1
2026-07-16 12:00:00+00:00,0.6246,0.627,0.6179,0.626,2022708.0,2026-07-16 15:59:59.999000+00:00,1
2026-07-16 16:00:00+00:00,0.626,0.6261,0.6196,0.6211,958940.0,2026-07-16 19:59:59.999000+00:00,1
2026-07-16 20:00:00+00:00,0.6211,0.6224,0.6154,0.6174,1173045.0,2026-07-16 23:59:59.999000+00:00,1
2026-07-17 00:00:00+00:00,0.6174,0.6225,0.6161,0.6194,1405993.0,2026-07-17 03:59:59.999000+00:00,1
2026-07-17 04:00:00+00:00,0.6195,0.6203,0.6071,0.6123,3575498.0,2026-07-17 07:59:59.999000+00:00,1
2026-07-17 08:00:00+00:00,0.6122,0.6177,0.61,0.6175,1424481.0,2026-07-17 11:59:59.999000+00:00,1
2026-07-17 12:00:00+00:00,0.6176,0.6204,0.6106,0.6204,1622342.0,2026-07-17 15:59:59.999000+00:00,1
2026-07-17 16:00:00+00:00,0.6205,0.6222,0.6175,0.6197,1031468.0,2026-07-17 19:59:59.999000+00:00,1
2026-07-17 20:00:00+00:00,0.6197,0.623,0.6193,0.6226,734592.0,2026-07-17 23:59:59.999000+00:00,1
2026-07-18 00:00:00+00:00,0.6227,0.624,0.6198,0.6211,886545.0,2026-07-18 03:59:59.999000+00:00,1
2026-07-18 04:00:00+00:00,0.6211,0.6226,0.6188,0.6208,661912.0,2026-07-18 07:59:59.999000+00:00,1
2026-07-18 08:00:00+00:00,0.6208,0.6223,0.62,0.62,458926.0,2026-07-18 11:59:59.999000+00:00,1
2026-07-18 12:00:00+00:00,0.6201,0.6215,0.619,0.6196,714288.0,2026-07-18 15:59:59.999000+00:00,1
2026-07-18 16:00:00+00:00,0.6197,0.6223,0.6193,0.62,362395.0,2026-07-18 19:59:59.999000+00:00,1
2026-07-18 20:00:00+00:00,0.6202,0.6209,0.6184,0.6202,324670.0,2026-07-18 23:59:59.999000+00:00,1
2026-07-19 00:00:00+00:00,0.6202,0.6243,0.6198,0.6218,911767.0,2026-07-19 03:59:59.999000+00:00,1
2026-07-19 04:00:00+00:00,0.6219,0.6255,0.6202,0.622,892845.0,2026-07-19 07:59:59.999000+00:00,1
2026-07-19 08:00:00+00:00,0.622,0.6233,0.62,0.62,479445.0,2026-07-19 11:59:59.999000+00:00,1
2026-07-19 12:00:00+00:00,0.6201,0.6236,0.6187,0.6201,765033.0,2026-07-19 15:59:59.999000+00:00,1
2026-07-19 16:00:00+00:00,0.6202,0.6209,0.6146,0.6202,939495.0,2026-07-19 19:59:59.999000+00:00,1
2026-07-19 20:00:00+00:00,0.6203,0.6222,0.6195,0.6203,545333.0,2026-07-19 23:59:59.999000+00:00,1
2026-07-20 00:00:00+00:00,0.6203,0.6234,0.6178,0.6194,896757.0,2026-07-20 03:59:59.999000+00:00,1
2026-07-20 04:00:00+00:00,0.6194,0.6203,0.6172,0.6199,575307.0,2026-07-20 07:59:59.999000+00:00,1
2026-07-20 08:00:00+00:00,0.6199,0.6231,0.6184,0.6227,684928.0,2026-07-20 11:59:59.999000+00:00,1
2026-07-20 12:00:00+00:00,0.6228,0.6254,0.6183,0.6232,1520765.0,2026-07-20 15:59:59.999000+00:00,1
2026-07-20 16:00:00+00:00,0.6232,0.6258,0.6219,0.6236,1164141.0,2026-07-20 19:59:59.999000+00:00,1
2026-07-20 20:00:00+00:00,0.6237,0.6256,0.6232,0.6254,574794.0,2026-07-20 23:59:59.999000+00:00,1
2026-07-21 00:00:00+00:00,0.6254,0.633,0.625,0.6287,1194374.0,2026-07-21 03:59:59.999000+00:00,1
2026-07-21 04:00:00+00:00,0.6288,0.632,0.6269,0.6317,885041.0,2026-07-21 07:59:59.999000+00:00,1
2026-07-21 08:00:00+00:00,0.6317,0.6324,0.6285,0.6307,869659.0,2026-07-21 11:59:59.999000+00:00,1
2026-07-21 12:00:00+00:00,0.6306,0.6319,0.6246,0.6269,2067154.0,2026-07-21 15:59:59.999000+00:00,1
2026-07-21 16:00:00+00:00,0.627,0.6279,0.6237,0.6252,1024439.0,2026-07-21 19:59:59.999000+00:00,1
2026-07-21 20:00:00+00:00,0.6253,0.6283,0.6246,0.6277,1071454.0,2026-07-21 23:59:59.999000+00:00,1
2026-07-22 00:00:00+00:00,0.6277,0.6293,0.6222,0.6224,1768864.0,2026-07-22 03:59:59.999000+00:00,1
2026-07-22 04:00:00+00:00,0.6224,0.6255,0.6201,0.6213,1512634.0,2026-07-22 07:59:59.999000+00:00,1
2026-07-22 08:00:00+00:00,0.6213,0.6254,0.6212,0.6241,1013933.0,2026-07-22 11:59:59.999000+00:00,1
2026-07-22 12:00:00+00:00,0.6241,0.627,0.6238,0.6252,798811.0,2026-07-22 15:59:59.999000+00:00,1
2026-07-22 16:00:00+00:00,0.6252,0.6266,0.6224,0.6234,781783.0,2026-07-22 19:59:59.999000+00:00,1
2026-07-22 20:00:00+00:00,0.6234,0.6243,0.62,0.6221,846028.0,2026-07-22 23:59:59.999000+00:00,1
2026-07-23 00:00:00+00:00,0.6221,0.6227,0.6197,0.6218,970043.0,2026-07-23 03:59:59.999000+00:00,1
2026-07-23 04:00:00+00:00,0.6219,0.6243,0.6205,0.6237,1224727.0,2026-07-23 07:59:59.999000+00:00,1
2026-07-23 08:00:00+00:00,0.6238,0.6308,0.6196,0.6249,2836846.0,2026-07-23 11:59:59.999000+00:00,1
2026-07-23 12:00:00+00:00,0.6249,0.6287,0.6168,0.622,2070511.0,2026-07-23 15:59:59.999000+00:00,1
2026-07-23 16:00:00+00:00,0.6219,0.6219,0.6184,0.6195,653653.0,2026-07-23 19:59:59.999000+00:00,1
2026-07-23 20:00:00+00:00,0.6194,0.6231,0.6193,0.6203,724441.0,2026-07-23 23:59:59.999000+00:00,1
2026-07-24 00:00:00+00:00,0.6202,0.6249,0.6169,0.6243,1098127.0,2026-07-24 03:59:59.999000+00:00,1
2026-07-24 04:00:00+00:00,0.6242,0.6275,0.623,0.6273,1075901.0,2026-07-24 07:59:59.999000+00:00,1
2026-07-24 08:00:00+00:00,0.6273,0.6299,0.6257,0.6282,811950.0,2026-07-24 11:59:59.999000+00:00,1
2026-07-24 12:00:00+00:00,0.6283,0.6371,0.6239,0.6346,2635505.0,2026-07-24 15:59:59.999000+00:00,1
2026-07-24 16:00:00+00:00,0.6347,0.6403,0.6331,0.6349,1997537.0,2026-07-24 19:59:59.999000+00:00,1
2026-07-24 20:00:00+00:00,0.6349,0.6352,0.6278,0.6296,1040611.0,2026-07-24 23:59:59.999000+00:00,1
2026-07-25 00:00:00+00:00,0.6297,0.6317,0.6245,0.6262,1729088.0,2026-07-25 03:59:59.999000+00:00,1
2026-07-25 04:00:00+00:00,0.6263,0.6269,0.6203,0.6219,1497578.0,2026-07-25 07:59:59.999000+00:00,1
2026-07-25 08:00:00+00:00,0.6219,0.6255,0.6214,0.6241,599095.0,2026-07-25 11:59:59.999000+00:00,1
2026-07-25 12:00:00+00:00,0.6242,0.6257,0.6239,0.6251,380008.0,2026-07-25 15:59:59.999000+00:00,1
2026-07-25 16:00:00+00:00,0.6251,0.6283,0.6248,0.627,563077.0,2026-07-25 19:59:59.999000+00:00,1
2026-07-25 20:00:00+00:00,0.6271,0.6299,0.627,0.6299,801988.0,2026-07-25 23:59:59.999000+00:00,1
2026-07-26 00:00:00+00:00,0.63,0.6304,0.6273,0.6274,918340.0,2026-07-26 03:59:59.999000+00:00,1
2026-07-26 04:00:00+00:00,0.6275,0.6279,0.6263,0.6271,572359.0,2026-07-26 07:59:59.999000+00:00,1
2026-07-26 08:00:00+00:00,0.6271,0.6287,0.6257,0.6263,747943.0,2026-07-26 11:59:59.999000+00:00,1
2026-07-26 12:00:00+00:00,0.6264,0.6271,0.6235,0.6259,816996.0,2026-07-26 15:59:59.999000+00:00,1
2026-07-26 16:00:00+00:00,0.626,0.6271,0.6253,0.6262,500970.0,2026-07-26 19:59:59.999000+00:00,1
2026-07-26 20:00:00+00:00,0.6262,0.6294,0.6252,0.6286,717838.0,2026-07-26 23:59:59.999000+00:00,1
2026-07-27 00:00:00+00:00,0.6286,0.6314,0.6279,0.6282,964615.0,2026-07-27 03:59:59.999000+00:00,1
2026-07-27 04:00:00+00:00,0.6282,0.6293,0.626,0.6261,756735.0,2026-07-27 07:59:59.999000+00:00,1
2026-07-27 08:00:00+00:00,0.6261,0.6285,0.6254,0.6266,628398.0,2026-07-27 11:59:59.999000+00:00,1
2026-07-27 12:00:00+00:00,0.6265,0.6276,0.6201,0.623,2073976.0,2026-07-27 15:59:59.999000+00:00,1
2026-07-27 16:00:00+00:00,0.623,0.6267,0.6229,0.6262,711266.0,2026-07-27 19:59:59.999000+00:00,1
2026-07-27 20:00:00+00:00,0.6262,0.6266,0.6166,0.6196,2349575.0,2026-07-27 23:59:59.999000+00:00,1
2026-07-28 00:00:00+00:00,0.6196,0.6243,0.6186,0.6212,1470780.0,2026-07-28 03:59:59.999000+00:00,1
2026-07-28 04:00:00+00:00,0.6212,0.625,0.6211,0.6243,818646.0,2026-07-28 07:59:59.999000+00:00,1
2026-07-28 08:00:00+00:00,0.6243,0.6257,0.6201,0.6205,952242.0,2026-07-28 11:59:59.999000+00:00,1
2026-07-28 12:00:00+00:00,0.6204,0.6221,0.6084,0.6211,3839096.0,2026-07-28 15:59:59.999000+00:00,1
2026-07-28 16:00:00+00:00,0.621,0.6226,0.6194,0.6219,774024.0,2026-07-28 19:59:59.999000+00:00,1
2026-07-28 20:00:00+00:00,0.622,0.6222,0.6205,0.6212,823076.0,2026-07-28 23:59:59.999000+00:00,1
2026-07-29 00:00:00+00:00,0.6213,0.6231,0.6106,0.6109,2126984.0,2026-07-29 03:59:59.999000+00:00,1
2026-07-29 04:00:00+00:00,0.611,0.6111,0.5972,0.6028,4270268.0,2026-07-29 07:59:59.999000+00:00,1
2026-07-29 08:00:00+00:00,0.6027,0.6055,0.5988,0.6007,1918716.0,2026-07-29 11:59:59.999000+00:00,1
2026-07-29 12:00:00+00:00,0.6007,0.6063,0.599,0.6024,1127743.0,2026-07-29 15:59:59.999000+00:00,1
2026-07-29 16:00:00+00:00,0.6024,0.6056,0.5926,0.5976,2526051.0,2026-07-29 19:59:59.999000+00:00,1
2026-07-29 20:00:00+00:00,0.5977,0.6005,0.5942,0.5988,1885653.0,2026-07-29 23:59:59.999000+00:00,1
2026-07-30 00:00:00+00:00,0.5988,0.5991,0.587,0.596,3095074.0,2026-07-30 03:59:59.999000+00:00,1
2026-07-30 04:00:00+00:00,0.596,0.6009,0.596,0.6003,1010486.0,2026-07-30 07:59:59.999000+00:00,1
2026-07-30 08:00:00+00:00,0.6003,0.6045,0.5985,0.6011,1844334.0,2026-07-30 11:59:59.999000+00:00,1
2026-07-30 12:00:00+00:00,0.6011,0.6094,0.6007,0.6072,1526111.0,2026-07-30 15:59:59.999000+00:00,1
2026-07-30 16:00:00+00:00,0.6072,0.6089,0.6054,0.6087,566983.0,2026-07-30 19:59:59.999000+00:00,1
2026-07-30 20:00:00+00:00,0.6087,0.6104,0.6064,0.6074,1058914.0,2026-07-30 23:59:59.999000+00:00,1
2026-07-31 00:00:00+00:00,0.6075,0.6105,0.6029,0.6032,1404124.0,2026-07-31 03:59:59.999000+00:00,1
2026-07-31 04:00:00+00:00,0.6033,0.6054,0.5994,0.5994,1417567.0,2026-07-31 07:59:59.999000+00:00,1
2026-07-31 08:00:00+00:00,0.5994,0.6023,0.5982,0.6001,1211723.0,2026-07-31 11:59:59.999000+00:00,1
2026-07-31 12:00:00+00:00,0.6001,0.6012,0.5956,0.599,1932229.0,2026-07-31 15:59:59.999000+00:00,1
2026-07-31 16:00:00+00:00,0.5989,0.6048,0.5984,0.6,1353259.0,2026-07-31 19:59:59.999000+00:00,1
2026-07-31 20:00:00+00:00,0.6001,0.6018,0.5992,0.5995,570443.0,2026-07-31 23:59:59.999000+00:00,1
2026-08-01 00:00:00+00:00,0.5995,0.6021,0.5975,0.5999,773442.0,2026-08-01 03:59:59.999000+00:00,1
2026-08-01 04:00:00+00:00,0.5999,0.601,0.5979,0.5997,545653.0,2026-08-01 07:59:59.999000+00:00,1
2026-08-01 08:00:00+00:00,0.5996,0.6002,0.597,0.5989,527208.0,2026-08-01 11:59:59.999000+00:00,1
2026-08-01 12:00:00+00:00,0.5989,0.6,0.5982,0.5994,588977.0,2026-08-01 15:59:59.999000+00:00,1
2026-08-01 16:00:00+00:00,0.5993,0.6005,0.5957,0.5985,1106951.0,2026-08-01 19:59:59.999000+00:00,1
2026-08-01 20:00:00+00:00,0.5984,0.6015,0.5981,0.5994,1127280.0,2026-08-01 23:59:59.999000+00:00,1
2026-08-02 00:00:00+00:00,0.5994,0.6059,0.5994,0.6051,1370931.0,2026-08-02 03:59:59.999000+00:00,1
2026-08-02 04:00:00+00:00,0.605,0.6056,0.6031,0.6037,674712.0,2026-08-02 07:59:59.999000+00:00,1
2026-08-02 08:00:00+00:00,0.6038,0.6044,0.6002,0.6014,966596.0,2026-08-02 11:59:59.999000+00:00,1
2026-08-02 12:00:00+00:00,0.6014,0.6041,0.6014,0.6031,748129.0,2026-08-02 15:59:59.999000+00:00,1
2026-08-02 16:00:00+00:00,0.6031,0.6041,0.6021,0.6028,336038.0,2026-08-02 19:59:59.999000+00:00,1
2026-08-02 20:00:00+00:00,0.6028,0.6064,0.6023,0.6039,561986.0,2026-08-02 23:59:59.999000+00:00,1
2026-08-03 00:00:00+00:00,0.6039,0.6042,0.5986,0.5998,1285598.0,2026-08-03 03:59:59.999000+00:00,1
2026-08-03 04:00:00+00:00,0.5998,0.6018,0.5996,0.6012,679280.0,2026-08-03 07:59:59.999000+00:00,1
2026-08-03 08:00:00+00:00,0.6011,0.6014,0.5996,0.6005,688241.0,2026-08-03 11:59:59.999000+00:00,1
2026-08-03 12:00:00+00:00,0.6005,0.603,0.5966,0.6021,1186977.0,2026-08-03 15:59:59.999000+00:00,1
2026-08-03 16:00:00+00:00,0.6021,0.6036,0.6003,0.6005,724945.0,2026-08-03 19:59:59.999000+00:00,1
2026-08-03 20:00:00+00:00,0.6004,0.602,0.5993,0.6008,726802.0,2026-08-03 23:59:59.999000+00:00,1
2026-08-04 00:00:00+00:00,0.6008,0.6083,0.6,0.6069,1846808.0,2026-08-04 03:59:59.999000+00:00,1
2026-08-04 04:00:00+00:00,0.607,0.6095,0.6054,0.6084,1242938.0,2026-08-04 07:59:59.999000+00:00,1
2026-08-04 08:00:00+00:00,0.6091,0.61,0.6053,0.6072,599464.0,2026-08-04 11:59:59.999000+00:00,1
2026-08-04 12:00:00+00:00,0.6072,0.6081,0.602,0.6069,1044212.0,2026-08-04 15:59:59.999000+00:00,1
2026-08-04 16:00:00+00:00,0.607,0.6099,0.6065,0.6065,804610.0,2026-08-04 19:59:59.999000+00:00,1
2026-08-04 20:00:00+00:00,0.6065,0.607,0.6043,0.6048,474852.0,2026-08-04 23:59:59.999000+00:00,1
2026-08-05 00:00:00+00:00,0.6048,0.6091,0.6039,0.6072,1282030.0,2026-08-05 03:59:59.999000+00:00,1
2026-08-05 04:00:00+00:00,0.6071,0.6072,0.6054,0.6068,533995.0,2026-08-05 07:59:59.999000+00:00,1
2026-08-05 08:00:00+00:00,0.6068,0.6068,0.6031,0.6065,1034737.0,2026-08-05 11:59:59.999000+00:00,1
2026-08-05 12:00:00+00:00,0.6066,0.6085,0.6047,0.606,853106.0,2026-08-05 15:59:59.999000+00:00,1
2026-08-05 16:00:00+00:00,0.6059,0.609,0.6055,0.6076,926982.0,2026-08-05 19:59:59.999000+00:00,1
2026-08-05 20:00:00+00:00,0.6077,0.6083,0.6042,0.6044,650629.0,2026-08-05 23:59:59.999000+00:00,1
2026-08-06 00:00:00+00:00,0.6045,0.6082,0.604,0.6072,916558.0,2026-08-06 03:59:59.999000+00:00,1
2026-08-06 04:00:00+00:00,0.6072,0.6083,0.6058,0.6064,717940.0,2026-08-06 07:59:59.999000+00:00,1
2026-08-06 08:00:00+00:00,0.6064,0.6066,0.5993,0.6011,1607324.0,2026-08-06 11:59:59.999000+00:00,1
2026-08-06 12:00:00+00:00,0.6011,0.6018,0.5986,0.6011,840705.0,2026-08-06 15:59:59.999000+00:00,1
2026-08-06 16:00:00+00:00,0.6011,0.6036,0.5986,0.6015,854619.0,2026-08-06 19:59:59.999000+00:00,1
2026-08-06 20:00:00+00:00,0.6015,0.6018,0.5988,0.5999,552049.0,2026-08-06 23:59:59.999000+00:00,1
2026-08-07 00:00:00+00:00,0.6,0.6012,0.5988,0.5999,581373.0,2026-08-07 03:59:59.999000+00:00,1
2026-08-07 04:00:00+00:00,0.5999,0.6033,0.5996,0.6023,534268.0,2026-08-07 07:59:59.999000+00:00,1
2026-08-07 08:00:00+00:00,0.6024,0.6024,0.5961,0.6006,1239590.0,2026-08-07 11:59:59.999000+00:00,1
2026-08-07 12:00:00+00:00,0.6005,0.6014,0.5986,0.6002,737074.0,2026-08-07 15:59:59.999000+00:00,1
2026-08-07 16:00:00+00:00,0.6002,0.6008,0.5988,0.5995,510609.0,2026-08-07 19:59:59.999000+00:00,1
2026-08-07 20:00:00+00:00,0.5995,0.6011,0.5995,0.6003,256182.0,2026-08-07 23:59:59.999000+00:00,1
2026-08-08 00:00:00+00:00,0.6002,0.6023,0.5994,0.6014,585894.0,2026-08-08 03:59:59.999000+00:00,1
2026-08-08 04:00:00+00:00,0.6014,0.6019,0.5999,0.6003,589916.0,2026-08-08 07:59:59.999000+00:00,1
2026-08-08 08:00:00+00:00,0.6003,0.6017,0.6002,0.601,264397.0,2026-08-08 11:59:59.999000+00:00,1
2026-08-08 12:00:00+00:00,0.601,0.6108,0.6007,0.6073,1632494.0,2026-08-08 15:59:59.999000+00:00,1
2026-08-08 16:00:00+00:00,0.6074,0.6114,0.6061,0.6064,836656.0,2026-08-08 19:59:59.999000+00:00,1
2026-08-08 20:00:00+00:00,0.6064,0.6079,0.6021,0.6038,886690.0,2026-08-08 23:59:59.999000+00:00,1
2026-08-09 00:00:00+00:00,0.6037,0.604,0.5999,0.6023,1253347.0,2026-08-09 03:59:59.999000+00:00,1
2026-08-09 04:00:00+00:00,0.6023,0.6025,0.5991,0.6005,680204.0,2026-08-09 07:59:59.999000+00:00,1
2026-08-09 08:00:00+00:00,0.6004,0.6022,0.5989,0.6018,856303.0,2026-08-09 11:59:59.999000+00:00,1
2026-08-09 12:00:00+00:00,0.6018,0.6047,0.6009,0.6031,864468.0,2026-08-09 15:59:59.999000+00:00,1
2026-08-09 16:00:00+00:00,0.6031,0.6146,0.6026,0.6143,1498437.0,2026-08-09 19:59:59.999000+00:00,1
2026-08-09 20:00:00+00:00,0.6143,0.6178,0.61,0.6123,3334165.0,2026-08-09 23:59:59.999000+00:00,1
2026-08-10 00:00:00+00:00,0.6123,0.6205,0.6096,0.6112,2988899.0,2026-08-10 03:59:59.999000+00:00,1
2026-08-10 04:00:00+00:00,0.6113,0.6123,0.6074,0.611,873320.0,2026-08-10 07:59:59.999000+00:00,1
2026-08-10 08:00:00+00:00,0.6111,0.6122,0.6038,0.6085,1619845.0,2026-08-10 11:59:59.999000+00:00,1
2026-08-10 12:00:00+00:00,0.6086,0.6133,0.6019,0.605,2489758.0,2026-08-10 15:59:59.999000+00:00,1
2026-08-10 16:00:00+00:00,0.605,0.6072,0.6019,0.6029,1011778.0,2026-08-10 19:59:59.999000+00:00,1
2026-08-10 20:00:00+00:00,0.603,0.6044,0.5999,0.6001,668193.0,2026-08-10 23:59:59.999000+00:00,1
2026-08-11 00:00:00+00:00,0.6001,0.603,0.6,0.6013,492631.0,2026-08-11 03:59:59.999000+00:00,1
2026-08-11 04:00:00+00:00,0.6014,0.6033,0.6001,0.6014,759427.0,2026-08-11 07:59:59.999000+00:00,1
2026-08-11 08:00:00+00:00,0.6014,0.6055,0.6014,0.6054,625967.0,2026-08-11 11:59:59.999000+00:00,1
2026-08-11 12:00:00+00:00,0.6053,0.6061,0.5992,0.6007,1332724.0,2026-08-11 15:59:59.999000+00:00,1
2026-08-11 16:00:00+00:00,0.6006,0.6065,0.5996,0.6061,863980.0,2026-08-11 19:59:59.999000+00:00,1
2026-08-11 20:00:00+00:00,0.6061,0.607,0.6023,0.6055,704515.0,2026-08-11 23:59:59.999000+00:00,1
2026-08-12 00:00:00+00:00,0.6054,0.6094,0.6046,0.6054,1182994.0,2026-08-12 03:59:59.999000+00:00,1
2026-08-12 04:00:00+00:00,0.6053,0.6066,0.6028,0.6037,493288.0,2026-08-12 07:59:59.999000+00:00,1
2026-08-12 08:00:00+00:00,0.6036,0.6058,0.6027,0.6034,650270.0,2026-08-12 11:59:59.999000+00:00,1
2026-08-12 12:00:00+00:00,0.6034,0.6057,0.6007,0.6023,840218.0,2026-08-12 15:59:59.999000+00:00,1
2026-08-12 16:00:00+00:00,0.6023,0.6047,0.6009,0.6036,656277.0,2026-08-12 19:59:59.999000+00:00,1
2026-08-12 20:00:00+00:00,0.6036,0.6043,0.6001,0.6016,473347.0,2026-08-12 23:59:59.999000+00:00,1
2026-08-13 00:00:00+00:00,0.6017,0.6038,0.6012,0.6026,468500.0,2026-08-13 03:59:59.999000+00:00,1
2026-08-13 04:00:00+00:00,0.6026,0.6059,0.6024,0.6045,669364.0,2026-08-13 07:59:59.999000+00:00,1
2026-08-13 08:00:00+00:00,0.6046,0.6061,0.6037,0.6047,1076737.0,2026-08-13 11:59:59.999000+00:00,1
2026-08-13 12:00:00+00:00,0.6048,0.6069,0.602,0.602,1308541.0,2026-08-13 15:59:59.999000+00:00,1
2026-08-13 16:00:00+00:00,0.6021,0.603,0.5991,0.6002,1039666.0,2026-08-13 19:59:59.999000+00:00,1
2026-08-13 20:00:00+00:00,0.6003,0.6035,0.5997,0.6032,346055.0,2026-08-13 23:59:59.999000+00:00,1
2026-08-14 00:00:00+00:00,0.6032,0.6039,0.6022,0.6025,466608.0,2026-08-14 03:59:59.999000+00:00,1
2026-08-14 04:00:00+00:00,0.6025,0.6042,0.6007,0.6016,1022598.0,2026-08-14 07:59:59.999000+00:00,1
2026-08-14 08:00:00+00:00,0.6016,0.6021,0.6001,0.6002,385488.0,2026-08-14 11:59:59.999000+00:00,1
2026-08-14 12:00:00+00:00,0.6003,0.6028,0.597,0.602,1542372.0,2026-08-14 15:59:59.999000+00:00,1
2026-08-14 16:00:00+00:00,0.6021,0.6036,0.5996,0.6004,1058729.0,2026-08-14 19:59:59.999000+00:00,1
2026-08-14 20:00:00+00:00,0.6004,0.6039,0.5995,0.6035,1215538.0,2026-08-14 23:59:59.999000+00:00,1
2026-08-15 00:00:00+00:00,0.6034,0.6043,0.6007,0.6007,1023632.0,2026-08-15 03:59:59.999000+00:00,1
2026-08-15 04:00:00+00:00,0.6008,0.6029,0.6007,0.6027,691503.0,2026-08-15 07:59:59.999000+00:00,1
2026-08-15 08:00:00+00:00,0.6027,0.603,0.6004,0.6012,728737.0,2026-08-15 11:59:59.999000+00:00,1
2026-08-15 12:00:00+00:00,0.6012,0.6025,0.6005,0.6008,272503.0,2026-08-15 15:59:59.999000+00:00,1
2026-08-15 16:00:00+00:00,0.6007,0.6013,0.6,0.6004,447794.0,2026-08-15 19:59:59.999000+00:00,1
2026-08-15 20:00:00+00:00,0.6005,0.6007,0.5995,0.6002,261967.0,2026-08-15 23:59:59.999000+00:00,1
2026-08-16 00:00:00+00:00,0.6001,0.6008,0.5981,0.5991,480204.0,2026-08-16 03:59:59.999000+00:00,1
2026-08-16 04:00:00+00:00,0.5991,0.6006,0.599,0.6002,336189.0,2026-08-16 07:59:59.999000+00:00,1
2026-08-16 08:00:00+00:00,0.6002,0.6022,0.5998,0.602,321716.0,2026-08-16 11:59:59.999000+00:00,1
2026-08-16 12:00:00+00:00,0.602,0.602,0.6005,0.6007,660756.0,2026-08-16 15:59:59.999000+00:00,1
2026-08-16 16:00:00+00:00,0.6007,0.6018,0.5991,0.5991,341827.0,2026-08-16 19:59:59.999000+00:00,1
2026-08-16 20:00:00+00:00,0.5991,0.6002,0.5961,0.5988,973540.0,2026-08-16 23:59:59.999000+00:00,1
2026-08-17 00:00:00+00:00,0.5987,0.6005,0.5968,0.5994,1463819.0,2026-08-17 03:59:59.999000+00:00,1
2026-08-17 04:00:00+00:00,0.5993,0.6004,0.5989,0.5996,548165.0,2026-08-17 07:59:59.999000+00:00,1
2026-08-17 08:00:00+00:00,0.5997,0.601,0.5983,0.6,882972.0,2026-08-17 11:59:59.999000+00:00,1
2026-08-17 12:00:00+00:00,0.5999,0.6024,0.5995,0.6021,592272.0,2026-08-17 15:59:59.999000+00:00,1
2026-08-17 16:00:00+00:00,0.6022,0.6024,0.6008,0.6012,279507.0,2026-08-17 19:59:59.999000+00:00,1
2026-08-17 20:00:00+00:00,0.6012,0.6014,0.5999,0.6008,479768.0,2026-08-17 23:59:59.999000+00:00,1
2026-08-18 00:00:00+00:00,0.6008,0.6012,0.5966,0.5997,787974.0,2026-08-18 03:59:59.999000+00:00,1
2026-08-18 04:00:00+00:00,0.5997,0.6062,0.5992,0.604,1195501.0,2026-08-18 07:59:59.999000+00:00,1
2026-08-18 08:00:00+00:00,0.6041,0.6073,0.6005,0.6008,1480868.0,2026-08-18 11:59:59.999000+00:00,1
2026-08-18 12:00:00+00:00,0.6008,0.6016,0.5977,0.6001,937247.0,2026-08-18 15:59:59.999000+00:00,1
2026-08-18 16:00:00+00:00,0.6001,0.6015,0.5998,0.6013,575509.0,2026-08-18 19:59:59.999000+00:00,1
2026-08-18 20:00:00+00:00,0.6014,0.6019,0.6006,0.6017,328218.0,2026-08-18 23:59:59.999000+00:00,1
2026-08-19 00:00:00+00:00,0.6017,0.6018,0.5993,0.6002,654577.0,2026-08-19 03:59:59.999000+00:00,1
2026-08-19 04:00:00+00:00,0.6002,0.6014,0.5986,0.5996,679429.0,2026-08-19 07:59:59.999000+00:00,1
2026-08-19 08:00:00+00:00,0.5996,0.6,0.5985,0.5989,685046.0,2026-08-19 11:59:59.999000+00:00,1
2026-08-19 12:00:00+00:00,0.5989,0.6111,0.5988,0.6062,2373684.0,2026-08-19 15:59:59.999000+00:00,1
2026-08-19 16:00:00+00:00,0.606,0.6232,0.6042,0.6202,5189589.0,2026-08-19 19:59:59.999000+00:00,1
2026-08-19 20:00:00+00:00,0.6201,0.6343,0.6155,0.6253,9512502.0,2026-08-19 23:59:59.999000+00:00,1
2026-08-20 00:00:00+00:00,0.6252,0.6371,0.6238,0.6283,5360777.0,2026-08-20 03:59:59.999000+00:00,1
2026-08-20 04:00:00+00:00,0.6284,0.6664,0.6284,0.6585,13554725.0,2026-08-20 07:59:59.999000+00:00,1
2026-08-20 08:00:00+00:00,0.6587,0.6798,0.6566,0.66,13422811.0,2026-08-20 11:59:59.999000+00:00,1
2026-08-20 12:00:00+00:00,0.66,0.6729,0.646,0.6719,8028221.0,2026-08-20 15:59:59.999000+00:00,1
2026-08-20 16:00:00+00:00,0.6718,0.6811,0.6455,0.6534,8663872.0,2026-08-20 19:59:59.999000+00:00,1
2026-08-20 20:00:00+00:00,0.6534,0.6692,0.6526,0.6639,3116834.0,2026-08-20 23:59:59.999000+00:00,1
2026-08-21 00:00:00+00:00,0.6638,0.6816,0.6591,0.6636,6062029.0,2026-08-21 03:59:59.999000+00:00,1
2026-08-21 04:00:00+00:00,0.6637,0.7213,0.6612,0.715,11578959.0,2026-08-21 07:59:59.999000+00:00,1
2026-08-21 08:00:00+00:00,0.7151,0.7451,0.6953,0.735,29012674.0,2026-08-21 11:59:59.999000+00:00,1
2026-08-21 12:00:00+00:00,0.7351,0.7479,0.7183,0.7289,18770597.0,2026-08-21 15:59:59.999000+00:00,1
2026-08-21 16:00:00+00:00,0.7288,0.73,0.6669,0.6825,19639938.0,2026-08-21 19:59:59.999000+00:00,1
2026-08-21 20:00:00+00:00,0.6825,0.7142,0.68,0.7092,6603203.0,2026-08-21 23:59:59.999000+00:00,1
2026-08-22 00:00:00+00:00,0.7093,0.7783,0.6997,0.7586,17400131.0,2026-08-22 03:59:59.999000+00:00,1
2026-08-22 04:00:00+00:00,0.7587,0.7607,0.5974,0.6761,32860742.0,2026-08-22 07:59:59.999000+00:00,1
2026-08-22 08:00:00+00:00,0.6761,0.679,0.6424,0.6601,10295375.0,2026-08-22 11:59:59.999000+00:00,1
2026-08-22 12:00:00+00:00,0.6601,0.6701,0.6509,0.6535,4199316.0,2026-08-22 15:59:59.999000+00:00,1
2026-08-22 16:00:00+00:00,0.6534,0.6659,0.6479,0.6561,3157111.0,2026-08-22 19:59:59.999000+00:00,1
2026-08-22 20:00:00+00:00,0.6561,0.6604,0.6431,0.6487,2694547.0,2026-08-22 23:59:59.999000+00:00,1
2026-08-23 00:00:00+00:00,0.6487,0.6596,0.6327,0.637,5970672.0,2026-08-23 03:59:59.999000+00:00,1
2026-08-23 04:00:00+00:00,0.637,0.6467,0.6217,0.6433,6722570.0,2026-08-23 07:59:59.999000+00:00,1
2026-08-23 08:00:00+00:00,0.6434,0.6693,0.6418,0.6649,5196706.0,2026-08-23 11:59:59.999000+00:00,1
2026-08-23 12:00:00+00:00,0.665,0.6766,0.6501,0.6653,6707048.0,2026-08-23 15:59:59.999000+00:00,1
2026-08-23 16:00:00+00:00,0.6654,0.6802,0.6641,0.6775,3273200.0,2026-08-23 19:59:59.999000+00:00,1
2026-08-23 20:00:00+00:00,0.6775,0.7065,0.6717,0.6744,9293823.0,2026-08-23 23:59:59.999000+00:00,1
2026-08-24 00:00:00+00:00,0.6745,0.6978,0.6672,0.6833,7500163.0,2026-08-24 03:59:59.999000+00:00,1
2026-08-24 04:00:00+00:00,0.6832,0.6996,0.6713,0.6911,6740229.0,2026-08-24 07:59:59.999000+00:00,1
2026-08-24 08:00:00+00:00,0.6912,0.6948,0.6703,0.6891,6361709.0,2026-08-24 11:59:59.999000+00:00,1
2026-08-24 12:00:00+00:00,0.6891,0.7013,0.6758,0.6862,7186632.0,2026-08-24 15:59:59.999000+00:00,1
2026-08-24 16:00:00+00:00,0.6863,0.692,0.6697,0.6853,4220444.0,2026-08-24 19:59:59.999000+00:00,1
2026-08-24 20:00:00+00:00,0.6854,0.7185,0.6817,0.6991,4211710.0,2026-08-24 23:59:59.999000+00:00,1
2026-08-25 00:00:00+00:00,0.6991,0.7127,0.6895,0.6976,6483360.0,2026-08-25 03:59:59.999000+00:00,1
2026-08-25 04:00:00+00:00,0.6977,0.7018,0.6781,0.6854,4824188.0,2026-08-25 07:59:59.999000+00:00,1
2026-08-25 08:00:00+00:00,0.6854,0.7041,0.6843,0.6987,3469894.0,2026-08-25 11:59:59.999000+00:00,1
2026-08-25 12:00:00+00:00,0.6987,0.712,0.6872,0.7098,5693421.0,2026-08-25 15:59:59.999000+00:00,1
2026-08-25 16:00:00+00:00,0.7099,0.7152,0.6992,0.7005,3761534.0,2026-08-25 19:59:59.999000+00:00,1
2026-08-25 20:00:00+00:00,0.7005,0.7056,0.6834,0.6983,2955847.0,2026-08-25 23:59:59.999000+00:00,1
2026-08-26 00:00:00+00:00,0.6984,0.709,0.6963,0.6995,2113438.0,2026-08-26 03:59:59.999000+00:00,1
2026-08-26 04:00:00+00:00,0.6994,0.7064,0.6962,0.7017,1857737.0,2026-08-26 07:59:59.999000+00:00,1
2026-08-26 08:00:00+00:00,0.7016,0.7137,0.6913,0.7041,3131532.0,2026-08-26 11:59:59.999000+00:00,1
2026-08-26 12:00:00+00:00,0.7041,0.7116,0.6782,0.6889,4621928.0,2026-08-26 15:59:59.999000+00:00,1
2026-08-26 16:00:00+00:00,0.689,0.7011,0.684,0.6972,2207811.0,2026-08-26 19:59:59.999000+00:00,1
2026-08-26 20:00:00+00:00,0.6971,0.7302,0.6931,0.7264,3816006.0,2026-08-26 23:59:59.999000+00:00,1
2026-08-27 00:00:00+00:00,0.7265,0.7298,0.7095,0.7118,3360874.0,2026-08-27 03:59:59.999000+00:00,1
2026-08-27 04:00:00+00:00,0.7118,0.7145,0.702,0.7074,2195086.0,2026-08-27 07:59:59.999000+00:00,1
2026-08-27 08:00:00+00:00,0.7074,0.7194,0.7027,0.7061,3479032.0,2026-08-27 11:59:59.999000+00:00,1
2026-08-27 12:00:00+00:00,0.7062,0.7187,0.7033,0.7098,2678172.0,2026-08-27 15:59:59.999000+00:00,1
2026-08-27 16:00:00+00:00,0.7099,0.7169,0.7047,0.708,1940984.0,2026-08-27 19:59:59.999000+00:00,1
2026-08-27 20:00:00+00:00,0.7081,0.7113,0.7016,0.7026,2315290.0,2026-08-27 23:59:59.999000+00:00,1
2026-08-28 00:00:00+00:00,0.7026,0.7131,0.6923,0.6985,3623631.0,2026-08-28 03:59:59.999000+00:00,1
2026-08-28 04:00:00+00:00,0.6984,0.7087,0.6939,0.6969,2756155.0,2026-08-28 07:59:59.999000+00:00,1
2026-08-28 08:00:00+00:00,0.697,0.7057,0.6913,0.6997,1795564.0,2026-08-28 11:59:59.999000+00:00,1
2026-08-28 12:00:00+00:00,0.6998,0.7049,0.6847,0.6847,4963355.0,2026-08-28 15:59:59.999000+00:00,1
2026-08-28 16:00:00+00:00,0.6847,0.6931,0.6639,0.6931,6525249.0,2026-08-28 19:59:59.999000+00:00,1
2026-08-28 20:00:00+00:00,0.693,0.705,0.6926,0.6962,2561496.0,2026-08-28 23:59:59.999000+00:00,1
2026-08-29 00:00:00+00:00,0.6962,0.6988,0.6864,0.6922,2064939.0,2026-08-29 03:59:59.999000+00:00,1
2026-08-29 04:00:00+00:00,0.6923,0.7028,0.6917,0.7,1950960.0,2026-08-29 07:59:59.999000+00:00,1
2026-08-29 08:00:00+00:00,0.7002,0.7034,0.6939,0.6975,1955655.0,2026-08-29 11:59:59.999000+00:00,1
2026-08-29 12:00:00+00:00,0.6975,0.7038,0.6954,0.6985,1299408.0,2026-08-29 15:59:59.999000+00:00,1
2026-08-29 16:00:00+00:00,0.6985,0.6998,0.6938,0.6984,868345.0,2026-08-29 19:59:59.999000+00:00,1
2026-08-29 20:00:00+00:00,0.6984,0.7006,0.6973,0.6985,755685.0,2026-08-29 23:59:59.999000+00:00,1
2026-08-30 00:00:00+00:00,0.6984,0.701,0.6962,0.6984,689988.0,2026-08-30 03:59:59.999000+00:00,1
2026-08-30 04:00:00+00:00,0.6985,0.6993,0.6922,0.6966,674154.0,2026-08-30 07:59:59.999000+00:00,1
2026-08-30 08:00:00+00:00,0.6968,0.7086,0.6935,0.7054,1342252.0,2026-08-30 11:59:59.999000+00:00,1
2026-08-30 12:00:00+00:00,0.7053,0.7112,0.6965,0.6979,3765852.0,2026-08-30 15:59:59.999000+00:00,1
2026-08-30 16:00:00+00:00,0.6979,0.7064,0.6975,0.704,1871469.0,2026-08-30 19:59:59.999000+00:00,1
2026-08-30 20:00:00+00:00,0.7039,0.7044,0.671,0.6816,4791215.0,2026-08-30 23:59:59.999000+00:00,1
2026-08-31 00:00:00+00:00,0.6815,0.6997,0.6792,0.6979,4015057.0,2026-08-31 03:59:59.999000+00:00,1
2026-08-31 04:00:00+00:00,0.698,0.6989,0.6881,0.6975,1294860.0,2026-08-31 07:59:59.999000+00:00,1
2026-08-31 08:00:00+00:00,0.6975,0.6975,0.6875,0.6937,1310390.0,2026-08-31 11:59:59.999000+00:00,1
2026-08-31 12:00:00+00:00,0.6938,0.6994,0.6893,0.6991,1564633.0,2026-08-31 15:59:59.999000+00:00,1
2026-08-31 16:00:00+00:00,0.6992,0.7054,0.6968,0.7,2088662.0,2026-08-31 19:59:59.999000+00:00,1
2026-08-31 20:00:00+00:00,0.7,0.7023,0.698,0.7002,545956.0,2026-08-31 23:59:59.999000+00:00,1
2026-09-01 00:00:00+00:00,0.7002,0.7054,0.6977,0.7019,1420950.0,2026-09-01 03:59:59.999000+00:00,1
2026-09-01 04:00:00+00:00,0.7019,0.7024,0.6944,0.6977,1541370.0,2026-09-01 07:59:59.999000+00:00,1
2026-09-01 08:00:00+00:00,0.6977,0.7117,0.693,0.7043,5280912.0,2026-09-01 11:59:59.999000+00:00,1
2026-09-01 12:00:00+00:00,0.7044,0.7054,0.6911,0.6946,2121645.0,2026-09-01 15:59:59.999000+00:00,1
2026-09-01 16:00:00+00:00,0.6946,0.7019,0.6872,0.6915,2046583.0,2026-09-01 19:59:59.999000+00:00,1
2026-09-01 20:00:00+00:00,0.6916,0.694,0.6864,0.6932,828995.0,2026-09-01 23:59:59.999000+00:00,1
2026-09-02 00:00:00+00:00,0.6933,0.7012,0.6873,0.6997,1739437.0,2026-09-02 03:59:59.999000+00:00,1
2026-09-02 04:00:00+00:00,0.6997,0.7123,0.6989,0.7066,1937409.0,2026-09-02 07:59:59.999000+00:00,1
2026-09-02 08:00:00+00:00,0.7066,0.7082,0.6946,0.7001,2364478.0,2026-09-02 11:59:59.999000+00:00,1
2026-09-02 12:00:00+00:00,0.7,0.7392,0.6989,0.7285,13258914.0,2026-09-02 15:59:59.999000+00:00,1
2026-09-02 16:00:00+00:00,0.7284,0.7376,0.7191,0.7314,4141828.0,2026-09-02 19:59:59.999000+00:00,1
2026-09-02 20:00:00+00:00,0.7314,0.7467,0.7177,0.7245,4118328.0,2026-09-02 23:59:59.999000+00:00,1
2026-09-03 00:00:00+00:00,0.7245,0.7295,0.7094,0.716,4185126.0,2026-09-03 03:59:59.999000+00:00,1
2026-09-03 04:00:00+00:00,0.7159,0.7278,0.7144,0.719,2005449.0,2026-09-03 07:59:59.999000+00:00,1
2026-09-03 08:00:00+00:00,0.7189,0.7361,0.7177,0.7346,2431983.0,2026-09-03 11:59:59.999000+00:00,1
2026-09-03 12:00:00+00:00,0.7347,0.738,0.7235,0.7377,4552470.0,2026-09-03 15:59:59.999000+00:00,1
2026-09-03 16:00:00+00:00,0.7378,0.7379,0.7241,0.7298,3815345.0,2026-09-03 19:59:59.999000+00:00,1
2026-09-03 20:00:00+00:00,0.7298,0.7306,0.7111,0.7215,3141957.0,2026-09-03 23:59:59.999000+00:00,1
2026-09-04 00:00:00+00:00,0.7217,0.725,0.7057,0.7176,5089682.0,2026-09-04 03:59:59.999000+00:00,1
2026-09-04 04:00:00+00:00,0.7175,0.7239,0.7147,0.7227,2118201.0,2026-09-04 07:59:59.999000+00:00,1
2026-09-04 08:00:00+00:00,0.7227,0.7594,0.721,0.7549,6683390.0,2026-09-04 11:59:59.999000+00:00,1
2026-09-04 12:00:00+00:00,0.7548,0.7589,0.7168,0.7341,10062599.0,2026-09-04 15:59:59.999000+00:00,1
2026-09-04 16:00:00+00:00,0.734,0.7479,0.7269,0.7392,2574227.0,2026-09-04 19:59:59.999000+00:00,1
2026-09-04 20:00:00+00:00,0.7392,0.7464,0.7321,0.7407,1203591.0,2026-09-04 23:59:59.999000+00:00,1
2026-09-05 00:00:00+00:00,0.7406,0.7484,0.7204,0.7252,3166681.0,2026-09-05 03:59:59.999000+00:00,1
2026-09-05 04:00:00+00:00,0.7254,0.7352,0.7254,0.7331,2125370.0,2026-09-05 07:59:59.999000+00:00,1
2026-09-05 08:00:00+00:00,0.733,0.7928,0.7309,0.7889,10211903.0,2026-09-05 11:59:59.999000+00:00,1
2026-09-05 12:00:00+00:00,0.7889,0.8681,0.766,0.8125,62246922.0,2026-09-05 15:59:59.999000+00:00,1
2026-09-05 16:00:00+00:00,0.8124,0.8204,0.7742,0.7835,15291600.0,2026-09-05 19:59:59.999000+00:00,1
2026-09-05 20:00:00+00:00,0.7835,0.7928,0.7713,0.7764,7137895.0,2026-09-05 23:59:59.999000+00:00,1
2026-09-06 00:00:00+00:00,0.7764,0.8071,0.7731,0.7854,10448498.0,2026-09-06 03:59:59.999000+00:00,1
2026-09-06 04:00:00+00:00,0.7854,0.8107,0.7604,0.7716,11215942.0,2026-09-06 07:59:59.999000+00:00,1
2026-09-06 08:00:00+00:00,0.7715,0.7929,0.7674,0.7873,5522220.0,2026-09-06 11:59:59.999000+00:00,1
2026-09-06 12:00:00+00:00,0.7875,0.7899,0.747,0.7624,13608071.0,2026-09-06 15:59:59.999000+00:00,1
2026-09-06 16:00:00+00:00,0.7625,0.7779,0.758,0.7778,2630593.0,2026-09-06 19:59:59.999000+00:00,1
2026-09-06 20:00:00+00:00,0.7778,0.7912,0.7732,0.7867,3879697.0,2026-09-06 23:59:59.999000+00:00,1
2026-09-07 00:00:00+00:00,0.7867,0.7974,0.7711,0.7821,7616918.0,2026-09-07 03:59:59.999000+00:00,1
2026-09-07 04:00:00+00:00,0.782,0.7923,0.7746,0.7886,4393195.0,2026-09-07 07:59:59.999000+00:00,1
2026-09-07 08:00:00+00:00,0.7886,0.811,0.7807,0.7963,9395671.0,2026-09-07 11:59:59.999000+00:00,1
2026-09-07 12:00:00+00:00,0.7963,0.8089,0.763,0.766,11066903.0,2026-09-07 15:59:59.999000+00:00,1
2026-09-07 16:00:00+00:00,0.7661,0.7761,0.7637,0.7724,3676565.0,2026-09-07 19:59:59.999000+00:00,1
2026-09-07 20:00:00+00:00,0.7725,0.7754,0.7647,0.7718,1875025.0,2026-09-07 23:59:59.999000+00:00,1
2026-09-08 00:00:00+00:00,0.7718,0.7798,0.7537,0.7627,5411503.0,2026-09-08 03:59:59.999000+00:00,1
2026-09-08 04:00:00+00:00,0.7626,0.7747,0.7563,0.7721,3349073.0,2026-09-08 07:59:59.999000+00:00,1
2026-09-08 08:00:00+00:00,0.7721,0.7732,0.752,0.7572,3108981.0,2026-09-08 11:59:59.999000+00:00,1
2026-09-08 12:00:00+00:00,0.7572,0.7647,0.7337,0.7627,6649621.0,2026-09-08 15:59:59.999000+00:00,1
2026-09-08 16:00:00+00:00,0.7627,0.7655,0.7479,0.7499,2237487.0,2026-09-08 19:59:59.999000+00:00,1
2026-09-08 20:00:00+00:00,0.75,0.7554,0.746,0.7507,1509047.0,2026-09-08 23:59:59.999000+00:00,1
2026-09-09 00:00:00+00:00,0.7506,0.7565,0.7472,0.7502,2046651.0,2026-09-09 03:59:59.999000+00:00,1
2026-09-09 04:00:00+00:00,0.7503,0.7659,0.7502,0.7613,3106713.0,2026-09-09 07:59:59.999000+00:00,1
2026-09-09 08:00:00+00:00,0.7614,0.766,0.7479,0.7507,3337910.0,2026-09-09 11:59:59.999000+00:00,1
2026-09-09 12:00:00+00:00,0.7506,0.7537,0.7258,0.7436,5822833.0,2026-09-09 15:59:59.999000+00:00,1
2026-09-09 16:00:00+00:00,0.7436,0.7492,0.7361,0.7381,1694053.0,2026-09-09 19:59:59.999000+00:00,1
2026-09-09 20:00:00+00:00,0.7385,0.7434,0.7137,0.7334,3652279.0,2026-09-09 23:59:59.999000+00:00,1
2026-09-10 00:00:00+00:00,0.7334,0.7359,0.7131,0.7246,3820308.0,2026-09-10 03:59:59.999000+00:00,1
2026-09-10 04:00:00+00:00,0.7245,0.7287,0.7124,0.7167,2076999.0,2026-09-10 07:59:59.999000+00:00,1
2026-09-10 08:00:00+00:00,0.7166,0.7182,0.7075,0.7129,2493863.0,2026-09-10 11:59:59.999000+00:00,1
2026-09-10 12:00:00+00:00,0.7129,0.7135,0.698,0.7045,4411080.0,2026-09-10 15:59:59.999000+00:00,1
2026-09-10 16:00:00+00:00,0.7044,0.7071,0.6899,0.703,4029846.0,2026-09-10 19:59:59.999000+00:00,1
2026-09-10 20:00:00+00:00,0.703,0.7071,0.6947,0.698,1629675.0,2026-09-10 23:59:59.999000+00:00,1
2026-09-11 00:00:00+00:00,0.698,0.7078,0.6954,0.705,1952922.0,2026-09-11 03:59:59.999000+00:00,1
2026-09-11 04:00:00+00:00,0.7051,0.7135,0.704,0.7081,3876985.0,2026-09-11 07:59:59.999000+00:00,1
2026-09-11 08:00:00+00:00,0.7081,0.7093,0.673,0.6847,7143463.0,2026-09-11 11:59:59.999000+00:00,1
2026-09-11 12:00:00+00:00,0.6846,0.7179,0.6779,0.6902,8154938.0,2026-09-11 15:59:59.999000+00:00,1
2026-09-11 16:00:00+00:00,0.6901,0.6982,0.6711,0.6792,3873963.0,2026-09-11 19:59:59.999000+00:00,1
2026-09-11 20:00:00+00:00,0.6792,0.684,0.6732,0.6818,1648596.0,2026-09-11 23:59:59.999000+00:00,1
2026-09-12 00:00:00+00:00,0.6818,0.6866,0.6791,0.6861,1721116.0,2026-09-12 03:59:59.999000+00:00,1
2026-09-12 04:00:00+00:00,0.686,0.6883,0.679,0.6867,2370817.0,2026-09-12 07:59:59.999000+00:00,1
2026-09-12 08:00:00+00:00,0.6866,0.6889,0.684,0.6862,962935.0,2026-09-12 11:59:59.999000+00:00,1
2026-09-12 12:00:00+00:00,0.6862,0.6916,0.6822,0.6893,967860.0,2026-09-12 15:59:59.999000+00:00,1
2026-09-12 16:00:00+00:00,0.6894,0.6981,0.6831,0.6835,2838875.0,2026-09-12 19:59:59.999000+00:00,1
2026-09-12 20:00:00+00:00,0.6835,0.6894,0.6826,0.6867,695927.0,2026-09-12 23:59:59.999000+00:00,1
2026-09-13 00:00:00+00:00,0.6867,0.696,0.6866,0.6918,1119796.0,2026-09-13 03:59:59.999000+00:00,1
2026-09-13 04:00:00+00:00,0.6919,0.6966,0.69,0.6919,636084.0,2026-09-13 07:59:59.999000+00:00,1
2026-09-13 08:00:00+00:00,0.6919,0.6945,0.6843,0.6938,1456647.0,2026-09-13 11:59:59.999000+00:00,1
2026-09-13 12:00:00+00:00,0.6938,0.7017,0.6897,0.6967,1623819.0,2026-09-13 15:59:59.999000+00:00,1
2026-09-13 16:00:00+00:00,0.6967,0.7012,0.6961,0.6972,509385.0,2026-09-13 19:59:59.999000+00:00,1
2026-09-13 20:00:00+00:00,0.6974,0.6989,0.6827,0.6853,1543712.0,2026-09-13 23:59:59.999000+00:00,1
2026-09-14 00:00:00+00:00,0.6853,0.6996,0.6806,0.6949,2430138.0,2026-09-14 03:59:59.999000+00:00,1
2026-09-14 04:00:00+00:00,0.6949,0.7039,0.6941,0.6973,1184455.0,2026-09-14 07:59:59.999000+00:00,1
2026-09-14 08:00:00+00:00,0.6973,0.7015,0.6933,0.6988,1191446.0,2026-09-14 11:59:59.999000+00:00,1
2026-09-14 12:00:00+00:00,0.6987,0.7005,0.6888,0.6978,1416073.0,2026-09-14 15:59:59.999000+00:00,1
2026-09-14 16:00:00+00:00,0.6977,0.7049,0.6976,0.702,1441307.0,2026-09-14 19:59:59.999000+00:00,1
2026-09-14 20:00:00+00:00,0.702,0.7101,0.6999,0.7017,1286148.0,2026-09-14 23:59:59.999000+00:00,1
2026-09-15 00:00:00+00:00,0.7016,0.7052,0.6888,0.6909,2386578.0,2026-09-15 03:59:59.999000+00:00,1
2026-09-15 04:00:00+00:00,0.6909,0.6922,0.6842,0.685,1103486.0,2026-09-15 07:59:59.999000+00:00,1
2026-09-15 08:00:00+00:00,0.685,0.6902,0.6827,0.6872,1407751.0,2026-09-15 11:59:59.999000+00:00,1
2026-09-15 12:00:00+00:00,0.6872,0.696,0.6774,0.6916,2470516.0,2026-09-15 15:59:59.999000+00:00,1
2026-09-15 16:00:00+00:00,0.6914,0.6961,0.6597,0.6813,4219993.0,2026-09-15 19:59:59.999000+00:00,1
2026-09-15 20:00:00+00:00,0.6814,0.6846,0.672,0.6796,1122020.0,2026-09-15 23:59:59.999000+00:00,1
2026-09-16 00:00:00+00:00,0.6797,0.6844,0.6723,0.6764,1523415.0,2026-09-16 03:59:59.999000+00:00,1
2026-09-16 04:00:00+00:00,0.6764,0.6802,0.6687,0.6694,1033631.0,2026-09-16 07:59:59.999000+00:00,1
2026-09-16 08:00:00+00:00,0.6693,0.6796,0.6676,0.6783,1343256.0,2026-09-16 11:59:59.999000+00:00,1
2026-09-16 12:00:00+00:00,0.6783,0.6826,0.672,0.6781,1343020.0,2026-09-16 15:59:59.999000+00:00,1
2026-09-16 16:00:00+00:00,0.6783,0.6935,0.673,0.689,2603410.0,2026-09-16 19:59:59.999000+00:00,1
2026-09-16 20:00:00+00:00,0.6891,0.7032,0.6881,0.7023,1775153.0,2026-09-16 23:59:59.999000+00:00,1
2026-09-17 00:00:00+00:00,0.7023,0.7258,0.7023,0.7238,3689166.0,2026-09-17 03:59:59.999000+00:00,1
2026-09-17 04:00:00+00:00,0.7238,0.7428,0.7181,0.7376,2870124.0,2026-09-17 07:59:59.999000+00:00,1
2026-09-17 08:00:00+00:00,0.7377,0.7446,0.7302,0.7377,2314740.0,2026-09-17 11:59:59.999000+00:00,1
2026-09-17 12:00:00+00:00,0.7377,0.7489,0.7348,0.7447,2094898.0,2026-09-17 15:59:59.999000+00:00,1
2026-09-17 16:00:00+00:00,0.7448,0.7491,0.7376,0.7433,1525256.0,2026-09-17 19:59:59.999000+00:00,1
2026-09-17 20:00:00+00:00,0.7434,0.7473,0.7391,0.7435,1336215.0,2026-09-17 23:59:59.999000+00:00,1
2026-09-18 00:00:00+00:00,0.7435,0.7575,0.7419,0.7525,3438112.0,2026-09-18 03:59:59.999000+00:00,1
2026-09-18 04:00:00+00:00,0.7525,0.7534,0.7414,0.7483,2402294.0,2026-09-18 07:59:59.999000+00:00,1
2026-09-18 08:00:00+00:00,0.7482,0.7595,0.746,0.7504,2881248.0,2026-09-18 11:59:59.999000+00:00,1
2026-09-18 12:00:00+00:00,0.7504,0.7573,0.7444,0.7533,2919213.0,2026-09-18 15:59:59.999000+00:00,1
2026-09-18 16:00:00+00:00,0.7534,0.7556,0.7427,0.7555,2349113.0,2026-09-18 19:59:59.999000+00:00,1
2026-09-18 20:00:00+00:00,0.7554,0.7829,0.7529,0.7673,3617790.0,2026-09-18 23:59:59.999000+00:00,1
2026-09-19 00:00:00+00:00,0.7673,0.7913,0.7664,0.7776,6218743.0,2026-09-19 03:59:59.999000+00:00,1
2026-09-19 04:00:00+00:00,0.7776,0.7829,0.7539,0.7544,3420835.0,2026-09-19 07:59:59.999000+00:00,1
2026-09-19 08:00:00+00:00,0.7545,0.7688,0.7529,0.7679,2165307.0,2026-09-19 11:59:59.999000+00:00,1
2026-09-19 12:00:00+00:00,0.7678,0.7701,0.761,0.7641,2121316.0,2026-09-19 15:59:59.999000+00:00,1
2026-09-19 16:00:00+00:00,0.7642,0.771,0.7556,0.7694,2170519.0,2026-09-19 19:59:59.999000+00:00,1
2026-09-19 20:00:00+00:00,0.7694,0.7702,0.7542,0.764,2020879.0,2026-09-19 23:59:59.999000+00:00,1
2026-09-20 00:00:00+00:00,0.7639,0.7645,0.731,0.7414,4348298.0,2026-09-20 03:59:59.999000+00:00,1
2026-09-20 04:00:00+00:00,0.7414,0.7428,0.7323,0.7342,984530.0,2026-09-20 07:59:59.999000+00:00,1
2026-09-20 08:00:00+00:00,0.7342,0.7444,0.7286,0.7357,1880337.0,2026-09-20 11:59:59.999000+00:00,1
2026-09-20 12:00:00+00:00,0.7356,0.737,0.7262,0.734,1572710.0,2026-09-20 15:59:59.999000+00:00,1
2026-09-20 16:00:00+00:00,0.734,0.7434,0.7292,0.7417,2297668.0,2026-09-20 19:59:59.999000+00:00,1
2026-09-20 20:00:00+00:00,0.7418,0.7449,0.7318,0.7389,1628421.0,2026-09-20 23:59:59.999000+00:00,1
2026-09-21 00:00:00+00:00,0.7388,0.7517,0.7349,0.7393,3634685.0,2026-09-21 03:59:59.999000+00:00,1
2026-09-21 04:00:00+00:00,0.7394,0.7452,0.7337,0.7403,2511472.0,2026-09-21 07:59:59.999000+00:00,1
2026-09-21 08:00:00+00:00,0.7404,0.7678,0.7379,0.7589,5416208.0,2026-09-21 11:59:59.999000+00:00,1
2026-09-21 12:00:00+00:00,0.7588,0.7654,0.7342,0.7455,7775113.0,2026-09-21 15:59:59.999000+00:00,1
2026-09-21 16:00:00+00:00,0.7455,0.7509,0.7277,0.7414,3820994.0,2026-09-21 19:59:59.999000+00:00,1
2026-09-21 20:00:00+00:00,0.7414,0.7501,0.7365,0.7453,2350912.0,2026-09-21 23:59:59.999000+00:00,1
2026-09-22 00:00:00+00:00,0.7453,0.748,0.7207,0.7273,5465936.0,2026-09-22 03:59:59.999000+00:00,1
2026-09-22 04:00:00+00:00,0.7273,0.7439,0.721,0.7335,5681213.0,2026-09-22 07:59:59.999000+00:00,1
2026-09-22 08:00:00+00:00,0.7335,0.7339,0.7169,0.7249,3887038.0,2026-09-22 11:59:59.999000+00:00,1
2026-09-22 12:00:00+00:00,0.7249,0.7341,0.7107,0.7217,5891448.0,2026-09-22 15:59:59.999000+00:00,1
2026-09-22 16:00:00+00:00,0.7216,0.7317,0.7142,0.7265,3483201.0,2026-09-22 19:59:59.999000+00:00,1
2026-09-22 20:00:00+00:00,0.7265,0.7354,0.7232,0.7297,2754590.0,2026-09-22 23:59:59.999000+00:00,1
2026-09-23 00:00:00+00:00,0.7296,0.7417,0.7232,0.7382,6751660.0,2026-09-23 03:59:59.999000+00:00,1
2026-09-23 04:00:00+00:00,0.7382,0.74,0.7262,0.7269,5132721.0,2026-09-23 07:59:59.999000+00:00,1
2026-09-23 08:00:00+00:00,0.727,0.7283,0.7118,0.717,5015989.0,2026-09-23 11:59:59.999000+00:00,1
2026-09-23 12:00:00+00:00,0.717,0.7173,0.6522,0.6849,18384385.0,2026-09-23 15:59:59.999000+00:00,1
2026-09-23 16:00:00+00:00,0.6848,0.6953,0.6777,0.6914,4772495.0,2026-09-23 19:59:59.999000+00:00,1
2026-09-23 20:00:00+00:00,0.6915,0.6957,0.6869,0.6936,1532608.0,2026-09-23 23:59:59.999000+00:00,1
2026-09-24 00:00:00+00:00,0.6936,0.7047,0.6877,0.6986,4474160.0,2026-09-24 03:59:59.999000+00:00,1
2026-09-24 04:00:00+00:00,0.6986,0.7136,0.6977,0.7078,2894187.0,2026-09-24 07:59:59.999000+00:00,1
2026-09-24 08:00:00+00:00,0.7079,0.7097,0.6869,0.6996,5147250.0,2026-09-24 11:59:59.999000+00:00,1
2026-09-24 12:00:00+00:00,0.6995,0.7015,0.6969,0.6978,277287.0,2026-09-24 15:59:59.999000+00:00,0
