ts,open,high,low,close,volume,close_time,confirm
2026-03-28 04:00:00+00:00,474.4,479.4,470.1,479.0,157072.9,2026-03-28 07:59:59.999000+00:00,1
2026-03-28 08:00:00+00:00,479.1,479.4,473.8,477.3,134230.2,2026-03-28 11:59:59.999000+00:00,1
2026-03-28 12:00:00+00:00,477.3,484.0,475.3,482.2,242330.6,2026-03-28 15:59:59.999000+00:00,1
2026-03-28 16:00:00+00:00,482.3,483.5,480.6,482.1,112609.3,2026-03-28 19:59:59.999000+00:00,1
2026-03-28 20:00:00+00:00,482.1,483.1,477.7,480.6,98682.6,2026-03-28 23:59:59.999000+00:00,1
2026-03-29 00:00:00+00:00,480.6,484.0,480.1,483.2,117203.5,2026-03-29 03:59:59.999000+00:00,1
2026-03-29 04:00:00+00:00,483.2,483.9,481.0,482.4,68833.7,2026-03-29 07:59:59.999000+00:00,1
2026-03-29 08:00:00+00:00,482.3,483.5,480.1,481.9,79288.7,2026-03-29 11:59:59.999000+00:00,1
2026-03-29 12:00:00+00:00,481.9,482.2,457.4,458.9,741785.8,2026-03-29 15:59:59.999000+00:00,1
2026-03-29 16:00:00+00:00,458.8,458.8,448.9,454.1,377247.8,2026-03-29 19:59:59.999000+00:00,1
2026-03-29 20:00:00+00:00,454.1,455.1,446.4,452.2,279346.6,2026-03-29 23:59:59.999000+00:00,1
2026-03-30 00:00:00+00:00,452.3,459.6,450.2,456.3,246019.0,2026-03-30 03:59:59.999000+00:00,1
2026-03-30 04:00:00+00:00,456.4,456.7,451.5,452.9,146263.7,2026-03-30 07:59:59.999000+00:00,1
2026-03-30 08:00:00+00:00,452.9,457.9,452.0,456.1,174230.2,2026-03-30 11:59:59.999000+00:00,1
2026-03-30 12:00:00+00:00,456.0,465.9,455.2,464.9,350063.6,2026-03-30 15:59:59.999000+00:00,1
2026-03-30 16:00:00+00:00,464.8,467.2,456.5,459.0,271770.3,2026-03-30 19:59:59.999000+00:00,1
2026-03-30 20:00:00+00:00,458.9,463.6,457.0,459.8,128526.3,2026-03-30 23:59:59.999000+00:00,1
2026-03-31 00:00:00+00:00,459.9,468.3,459.6,466.4,139548.9,2026-03-31 03:59:59.999000+00:00,1
2026-03-31 04:00:00+00:00,466.5,470.2,464.5,469.6,125736.3,2026-03-31 07:59:59.999000+00:00,1
2026-03-31 08:00:00+00:00,469.7,471.7,464.1,466.8,219897.1,2026-03-31 11:59:59.999000+00:00,1
2026-03-31 12:00:00+00:00,466.8,475.0,464.6,469.5,363386.4,2026-03-31 15:59:59.999000+00:00,1
2026-03-31 16:00:00+00:00,469.5,477.8,468.7,470.5,186831.3,2026-03-31 19:59:59.999000+00:00,1
2026-03-31 20:00:00+00:00,470.5,471.9,463.5,466.4,174725.9,2026-03-31 23:59:59.999000+00:00,1
2026-04-01 00:00:00+00:00,466.4,466.5,459.9,462.9,160072.3,2026-04-01 03:59:59.999000+00:00,1
2026-04-01 04:00:00+00:00,462.8,466.1,459.6,460.2,187784.5,2026-04-01 07:59:59.999000+00:00,1
2026-04-01 08:00:00+00:00,460.3,463.3,457.8,462.1,135419.7,2026-04-01 11:59:59.999000+00:00,1
2026-04-01 12:00:00+00:00,462.0,462.7,457.3,458.7,180383.9,2026-04-01 15:59:59.999000+00:00,1
2026-04-01 16:00:00+00:00,458.7,460.2,455.3,455.3,87012.6,2026-04-01 19:59:59.999000+00:00,1
2026-04-01 20:00:00+00:00,455.2,455.8,453.5,454.9,83023.6,2026-04-01 23:59:59.999000+00:00,1
2026-04-02 00:00:00+00:00,455.0,455.5,444.6,444.9,297986.3,2026-04-02 03:59:59.999000+00:00,1
2026-04-02 04:00:00+00:00,444.9,445.9,439.5,441.2,209734.3,2026-04-02 07:59:59.999000+00:00,1
2026-04-02 08:00:00+00:00,441.3,446.0,441.1,443.8,147495.2,2026-04-02 11:59:59.999000+00:00,1
2026-04-02 12:00:00+00:00,443.8,448.6,440.8,442.2,261325.7,2026-04-02 15:59:59.999000+00:00,1
2026-04-02 16:00:00+00:00,442.2,445.0,438.6,442.2,140488.4,2026-04-02 19:59:59.999000+00:00,1
2026-04-02 20:00:00+00:00,442.3,445.2,441.1,443.9,57542.9,2026-04-02 23:59:59.999000+00:00,1
2026-04-03 00:00:00+00:00,444.0,445.1,442.3,444.5,61181.2,2026-04-03 03:59:59.999000+00:00,1
2026-04-03 04:00:00+00:00,444.5,446.4,443.3,444.5,60050.7,2026-04-03 07:59:59.999000+00:00,1
2026-04-03 08:00:00+00:00,444.5,445.2,440.6,443.2,90940.4,2026-04-03 11:59:59.999000+00:00,1
2026-04-03 12:00:00+00:00,443.1,445.6,439.6,440.1,146837.0,2026-04-03 15:59:59.999000+00:00,1
2026-04-03 16:00:00+00:00,440.1,442.6,439.0,441.4,66625.2,2026-04-03 19:59:59.999000+00:00,1
2026-04-03 20:00:00+00:00,441.5,444.2,441.2,442.7,54702.8,2026-04-03 23:59:59.999000+00:00,1
2026-04-04 00:00:00+00:00,442.8,443.7,441.6,443.2,44323.9,2026-04-04 03:59:59.999000+00:00,1
2026-04-04 04:00:00+00:00,443.2,444.0,442.1,442.5,40152.8,2026-04-04 07:59:59.999000+00:00,1
2026-04-04 08:00:00+00:00,442.4,443.6,441.6,442.3,44549.8,2026-04-04 11:59:59.999000+00:00,1
2026-04-04 12:00:00+00:00,442.3,445.0,442.0,442.4,54725.7,2026-04-04 15:59:59.999000+00:00,1
2026-04-04 16:00:00+00:00,442.4,442.9,440.5,440.8,59436.6,2026-04-04 19:59:59.999000+00:00,1
2026-04-04 20:00:00+00:00,440.8,442.5,440.6,440.7,38795.8,2026-04-04 23:59:59.999000+00:00,1
2026-04-05 00:00:00+00:00,440.7,442.1,439.5,440.0,77807.5,2026-04-05 03:59:59.999000+00:00,1
2026-04-05 04:00:00+00:00,440.0,440.5,433.8,435.2,308330.3,2026-04-05 07:59:59.999000+00:00,1
2026-04-05 08:00:00+00:00,435.3,436.2,432.4,432.8,89363.2,2026-04-05 11:59:59.999000+00:00,1
2026-04-05 12:00:00+00:00,432.7,433.0,420.2,421.1,491304.6,2026-04-05 15:59:59.999000+00:00,1
2026-04-05 16:00:00+00:00,421.1,428.0,420.8,425.2,200721.0,2026-04-05 19:59:59.999000+00:00,1
2026-04-05 20:00:00+00:00,425.3,429.8,421.6,428.2,190378.8,2026-04-05 23:59:59.999000+00:00,1
2026-04-06 00:00:00+00:00,428.3,435.0,428.3,432.7,228840.7,2026-04-06 03:59:59.999000+00:00,1
2026-04-06 04:00:00+00:00,432.7,436.8,431.9,435.9,148891.8,2026-04-06 07:59:59.999000+00:00,1
2026-04-06 08:00:00+00:00,435.9,440.2,435.5,438.6,274943.2,2026-04-06 11:59:59.999000+00:00,1
2026-04-06 12:00:00+00:00,438.7,439.8,436.4,438.2,116501.9,2026-04-06 15:59:59.999000+00:00,1
2026-04-06 16:00:00+00:00,438.1,438.4,435.2,436.2,71667.9,2026-04-06 19:59:59.999000+00:00,1
2026-04-06 20:00:00+00:00,436.2,438.7,432.3,434.7,120829.7,2026-04-06 23:59:59.999000+00:00,1
2026-04-07 00:00:00+00:00,434.8,437.9,430.3,432.1,129785.8,2026-04-07 03:59:59.999000+00:00,1
2026-04-07 04:00:00+00:00,432.2,433.1,429.4,430.7,64346.4,2026-04-07 07:59:59.999000+00:00,1
2026-04-07 08:00:00+00:00,430.8,434.2,430.3,432.2,68851.4,2026-04-07 11:59:59.999000+00:00,1
2026-04-07 12:00:00+00:00,432.1,434.8,429.3,432.8,136020.3,2026-04-07 15:59:59.999000+00:00,1
2026-04-07 16:00:00+00:00,432.7,436.5,431.7,435.3,117039.7,2026-04-07 19:59:59.999000+00:00,1
2026-04-07 20:00:00+00:00,435.3,448.0,435.2,445.6,363132.2,2026-04-07 23:59:59.999000+00:00,1
2026-04-08 00:00:00+00:00,445.5,445.9,441.4,442.6,139166.3,2026-04-08 03:59:59.999000+00:00,1
2026-04-08 04:00:00+00:00,442.7,445.6,442.4,443.9,107644.2,2026-04-08 07:59:59.999000+00:00,1
2026-04-08 08:00:00+00:00,443.9,447.2,443.7,445.3,70161.0,2026-04-08 11:59:59.999000+00:00,1
2026-04-08 12:00:00+00:00,445.4,449.3,441.5,444.7,203582.7,2026-04-08 15:59:59.999000+00:00,1
2026-04-08 16:00:00+00:00,444.7,445.8,442.0,442.4,64851.7,2026-04-08 19:59:59.999000+00:00,1
2026-04-08 20:00:00+00:00,442.4,443.9,439.8,441.1,66491.6,2026-04-08 23:59:59.999000+00:00,1
2026-04-09 00:00:00+00:00,441.1,442.0,439.6,440.7,67421.0,2026-04-09 03:59:59.999000+00:00,1
2026-04-09 04:00:00+00:00,440.7,445.5,438.3,443.4,148940.4,2026-04-09 07:59:59.999000+00:00,1
2026-04-09 08:00:00+00:00,443.5,444.1,439.8,440.9,106986.8,2026-04-09 11:59:59.999000+00:00,1
2026-04-09 12:00:00+00:00,440.8,442.1,432.7,440.9,294216.7,2026-04-09 15:59:59.999000+00:00,1
2026-04-09 16:00:00+00:00,440.9,446.3,439.9,444.5,160712.5,2026-04-09 19:59:59.999000+00:00,1
2026-04-09 20:00:00+00:00,444.5,446.3,442.2,442.8,115146.2,2026-04-09 23:59:59.999000+00:00,1
2026-04-10 00:00:00+00:00,442.9,446.0,442.0,443.0,84069.7,2026-04-10 03:59:59.999000+00:00,1
2026-04-10 04:00:00+00:00,443.0,443.5,436.7,436.9,94931.0,2026-04-10 07:59:59.999000+00:00,1
2026-04-10 08:00:00+00:00,436.9,442.3,433.9,442.0,118036.6,2026-04-10 11:59:59.999000+00:00,1
2026-04-10 12:00:00+00:00,442.1,445.0,440.4,442.4,116027.0,2026-04-10 15:59:59.999000+00:00,1
2026-04-10 16:00:00+00:00,442.4,446.7,442.4,445.6,46817.8,2026-04-10 19:59:59.999000+00:00,1
2026-04-10 20:00:00+00:00,445.6,445.9,443.1,443.4,48403.4,2026-04-10 23:59:59.999000+00:00,1
2026-04-11 00:00:00+00:00,443.4,445.1,442.3,443.0,42315.5,2026-04-11 03:59:59.999000+00:00,1
2026-04-11 04:00:00+00:00,443.0,443.1,438.8,440.1,65329.6,2026-04-11 07:59:59.999000+00:00,1
2026-04-11 08:00:00+00:00,440.1,442.0,438.7,439.6,63564.9,2026-04-11 11:59:59.999000+00:00,1
2026-04-11 12:00:00+00:00,439.6,440.4,437.8,438.1,62910.3,2026-04-11 15:59:59.999000+00:00,1
2026-04-11 16:00:00+00:00,438.1,441.2,437.7,440.8,103948.2,2026-04-11 19:59:59.999000+00:00,1
2026-04-11 20:00:00+00:00,440.8,440.9,436.1,437.2,88782.1,2026-04-11 23:59:59.999000+00:00,1
2026-04-12 00:00:00+00:00,437.1,437.6,424.4,426.5,297691.7,2026-04-12 03:59:59.999000+00:00,1
2026-04-12 04:00:00+00:00,426.4,427.0,422.5,425.1,82666.3,2026-04-12 07:59:59.999000+00:00,1
2026-04-12 08:00:00+00:00,425.1,426.2,423.2,425.3,72513.5,2026-04-12 11:59:59.999000+00:00,1
2026-04-12 12:00:00+00:00,425.2,425.2,421.2,421.9,146939.2,2026-04-12 15:59:59.999000+00:00,1
2026-04-12 16:00:00+00:00,421.9,423.5,421.3,423.2,57822.5,2026-04-12 19:59:59.999000+00:00,1
2026-04-12 20:00:00+00:00,423.1,425.4,419.3,420.9,116395.1,2026-04-12 23:59:59.999000+00:00,1
2026-04-13 00:00:00+00:00,420.9,425.6,420.7,425.5,65823.3,2026-04-13 03:59:59.999000+00:00,1
2026-04-13 04:00:00+00:00,425.5,427.3,423.8,424.5,95875.3,2026-04-13 07:59:59.999000+00:00,1
2026-04-13 08:00:00+00:00,424.4,426.1,422.8,425.5,77639.1,2026-04-13 11:59:59.999000+00:00,1
2026-04-13 12:00:00+00:00,425.5,428.1,424.3,426.2,89845.1,2026-04-13 15:59:59.999000+00:00,1
2026-04-13 16:00:00+00:00,426.1,428.4,424.6,428.1,66885.0,2026-04-13 19:59:59.999000+00:00,1
2026-04-13 20:00:00+00:00,428.0,440.4,426.8,438.0,214635.8,2026-04-13 23:59:59.999000+00:00,1
2026-04-14 00:00:00+00:00,438.0,438.5,433.6,434.5,94188.4,2026-04-14 03:59:59.999000+00:00,1
2026-04-14 04:00:00+00:00,434.5,438.2,434.3,435.6,102473.9,2026-04-14 07:59:59.999000+00:00,1
2026-04-14 08:00:00+00:00,435.6,439.5,434.8,439.1,90886.7,2026-04-14 11:59:59.999000+00:00,1
2026-04-14 12:00:00+00:00,439.1,443.9,437.4,440.9,196270.0,2026-04-14 15:59:59.999000+00:00,1
2026-04-14 16:00:00+00:00,441.0,442.8,433.1,434.2,97409.4,2026-04-14 19:59:59.999000+00:00,1
2026-04-14 20:00:00+00:00,434.3,437.1,433.5,436.0,83782.5,2026-04-14 23:59:59.999000+00:00,1
2026-04-15 00:00:00+00:00,436.1,438.3,434.0,434.8,67195.2,2026-04-15 03:59:59.999000+00:00,1
2026-04-15 04:00:00+00:00,434.9,435.4,428.0,428.3,80050.7,2026-04-15 07:59:59.999000+00:00,1
2026-04-15 08:00:00+00:00,428.4,436.3,427.3,434.9,180859.0,2026-04-15 11:59:59.999000+00:00,1
2026-04-15 12:00:00+00:00,435.0,437.3,432.1,434.2,96411.4,2026-04-15 15:59:59.999000+00:00,1
2026-04-15 16:00:00+00:00,434.1,443.0,433.9,441.6,84965.4,2026-04-15 19:59:59.999000+00:00,1
2026-04-15 20:00:00+00:00,441.6,441.9,438.0,440.4,72039.2,2026-04-15 23:59:59.999000+00:00,1
2026-04-16 00:00:00+00:00,440.5,443.7,438.9,442.3,81269.1,2026-04-16 03:59:59.999000+00:00,1
2026-04-16 04:00:00+00:00,442.3,443.6,440.3,441.0,71536.9,2026-04-16 07:59:59.999000+00:00,1
2026-04-16 08:00:00+00:00,441.1,441.2,438.3,439.7,66937.5,2026-04-16 11:59:59.999000+00:00,1
2026-04-16 12:00:00+00:00,439.7,442.7,433.6,441.3,178606.8,2026-04-16 15:59:59.999000+00:00,1
2026-04-16 16:00:00+00:00,441.3,447.0,438.5,446.6,119228.2,2026-04-16 19:59:59.999000+00:00,1
2026-04-16 20:00:00+00:00,446.7,457.1,444.6,454.4,304541.7,2026-04-16 23:59:59.999000+00:00,1
2026-04-17 00:00:00+00:00,454.3,457.7,449.0,449.1,236611.5,2026-04-17 03:59:59.999000+00:00,1
2026-04-17 04:00:00+00:00,449.0,451.2,447.1,449.4,96323.6,2026-04-17 07:59:59.999000+00:00,1
2026-04-17 08:00:00+00:00,449.4,451.5,446.2,449.5,90236.9,2026-04-17 11:59:59.999000+00:00,1
2026-04-17 12:00:00+00:00,449.5,461.4,448.7,458.1,299805.6,2026-04-17 15:59:59.999000+00:00,1
2026-04-17 16:00:00+00:00,458.0,460.1,452.9,454.5,117812.4,2026-04-17 19:59:59.999000+00:00,1
2026-04-17 20:00:00+00:00,454.5,455.7,451.6,453.2,48638.6,2026-04-17 23:59:59.999000+00:00,1
2026-04-18 00:00:00+00:00,453.1,455.7,451.8,453.8,44414.5,2026-04-18 03:59:59.999000+00:00,1
2026-04-18 04:00:00+00:00,453.8,454.5,452.2,452.8,27850.0,2026-04-18 07:59:59.999000+00:00,1
2026-04-18 08:00:00+00:00,452.8,453.2,443.8,445.0,131409.6,2026-04-18 11:59:59.999000+00:00,1
2026-04-18 12:00:00+00:00,445.0,447.7,444.0,445.5,63464.7,2026-04-18 15:59:59.999000+00:00,1
2026-04-18 16:00:00+00:00,445.6,447.6,443.1,444.0,52755.5,2026-04-18 19:59:59.999000+00:00,1
2026-04-18 20:00:00+00:00,444.0,444.8,443.0,443.3,32389.9,2026-04-18 23:59:59.999000+00:00,1
2026-04-19 00:00:00+00:00,443.3,445.7,443.0,444.5,53954.2,2026-04-19 03:59:59.999000+00:00,1
2026-04-19 04:00:00+00:00,444.6,445.2,439.1,441.3,120253.2,2026-04-19 07:59:59.999000+00:00,1
2026-04-19 08:00:00+00:00,441.3,442.3,437.7,440.8,96987.6,2026-04-19 11:59:59.999000+00:00,1
2026-04-19 12:00:00+00:00,440.9,443.8,439.9,442.6,73398.9,2026-04-19 15:59:59.999000+00:00,1
2026-04-19 16:00:00+00:00,442.6,442.9,437.7,440.1,45870.3,2026-04-19 19:59:59.999000+00:00,1
2026-04-19 20:00:00+00:00,440.0,440.3,433.4,434.9,100882.2,2026-04-19 23:59:59.999000+00:00,1
2026-04-20 00:00:00+00:00,435.0,439.0,434.9,438.4,47228.2,2026-04-20 03:59:59.999000+00:00,1
2026-04-20 04:00:00+00:00,438.5,442.6,435.9,440.8,72775.1,2026-04-20 07:59:59.999000+00:00,1
2026-04-20 08:00:00+00:00,440.9,442.6,439.7,440.0,43733.6,2026-04-20 11:59:59.999000+00:00,1
2026-04-20 12:00:00+00:00,440.1,443.5,438.9,442.2,82263.2,2026-04-20 15:59:59.999000+00:00,1
2026-04-20 16:00:00+00:00,442.3,444.8,439.8,443.9,59459.9,2026-04-20 19:59:59.999000+00:00,1
2026-04-20 20:00:00+00:00,443.9,446.1,442.9,443.3,52005.9,2026-04-20 23:59:59.999000+00:00,1
2026-04-21 00:00:00+00:00,443.2,444.7,440.7,441.6,58512.4,2026-04-21 03:59:59.999000+00:00,1
2026-04-21 04:00:00+00:00,441.7,444.9,440.9,444.2,53261.0,2026-04-21 07:59:59.999000+00:00,1
2026-04-21 08:00:00+00:00,444.3,446.8,442.5,444.9,75399.5,2026-04-21 11:59:59.999000+00:00,1
2026-04-21 12:00:00+00:00,444.9,447.2,442.8,445.3,95038.5,2026-04-21 15:59:59.999000+00:00,1
2026-04-21 16:00:00+00:00,445.3,447.5,439.9,440.8,116113.2,2026-04-21 19:59:59.999000+00:00,1
2026-04-21 20:00:00+00:00,440.8,449.1,440.4,448.1,109579.5,2026-04-21 23:59:59.999000+00:00,1
2026-04-22 00:00:00+00:00,448.1,453.7,447.1,452.6,164974.5,2026-04-22 03:59:59.999000+00:00,1
2026-04-22 04:00:00+00:00,452.7,470.5,452.7,469.5,613955.9,2026-04-22 07:59:59.999000+00:00,1
2026-04-22 08:00:00+00:00,469.4,473.7,465.8,466.8,303411.1,2026-04-22 11:59:59.999000+00:00,1
2026-04-22 12:00:00+00:00,466.8,467.0,461.6,464.8,188136.6,2026-04-22 15:59:59.999000+00:00,1
2026-04-22 16:00:00+00:00,464.9,466.7,462.1,462.8,64161.3,2026-04-22 19:59:59.999000+00:00,1
2026-04-22 20:00:00+00:00,462.8,463.8,459.9,460.0,67115.2,2026-04-22 23:59:59.999000+00:00,1
2026-04-23 00:00:00+00:00,460.0,460.6,454.0,454.7,144404.3,2026-04-23 03:59:59.999000+00:00,1
2026-04-23 04:00:00+00:00,454.8,457.3,454.2,454.9,69659.2,2026-04-23 07:59:59.999000+00:00,1
2026-04-23 08:00:00+00:00,454.9,456.4,452.6,455.6,68900.3,2026-04-23 11:59:59.999000+00:00,1
2026-04-23 12:00:00+00:00,455.6,459.4,454.5,458.2,108757.6,2026-04-23 15:59:59.999000+00:00,1
2026-04-23 16:00:00+00:00,458.2,458.8,453.2,456.8,135354.0,2026-04-23 19:59:59.999000+00:00,1
2026-04-23 20:00:00+00:00,456.8,460.4,456.6,460.4,48331.9,2026-04-23 23:59:59.999000+00:00,1
2026-04-24 00:00:00+00:00,460.4,461.4,455.5,456.3,83925.4,2026-04-24 03:59:59.999000+00:00,1
2026-04-24 04:00:00+00:00,456.3,457.7,455.2,455.9,44298.6,2026-04-24 07:59:59.999000+00:00,1
2026-04-24 08:00:00+00:00,455.8,458.2,454.2,457.4,59971.7,2026-04-24 11:59:59.999000+00:00,1
2026-04-24 12:00:00+00:00,457.3,460.9,456.4,459.9,93828.0,2026-04-24 15:59:59.999000+00:00,1
2026-04-24 16:00:00+00:00,460.0,460.6,456.0,456.3,47281.9,2026-04-24 19:59:59.999000+00:00,1
2026-04-24 20:00:00+00:00,456.2,458.2,454.8,456.0,35762.8,2026-04-24 23:59:59.999000+00:00,1
2026-04-25 00:00:00+00:00,455.9,456.2,454.1,455.1,28987.4,2026-04-25 03:59:59.999000+00:00,1
2026-04-25 04:00:00+00:00,455.1,455.8,454.0,454.3,34381.0,2026-04-25 07:59:59.999000+00:00,1
2026-04-25 08:00:00+00:00,454.3,455.2,452.8,453.4,31014.7,2026-04-25 11:59:59.999000+00:00,1
2026-04-25 12:00:00+00:00,453.4,455.0,452.6,453.6,36741.5,2026-04-25 15:59:59.999000+00:00,1
2026-04-25 16:00:00+00:00,453.6,454.2,451.9,452.5,30952.3,2026-04-25 19:59:59.999000+00:00,1
2026-04-25 20:00:00+00:00,452.5,454.2,451.8,452.7,24046.7,2026-04-25 23:59:59.999000+00:00,1
2026-04-26 00:00:00+00:00,452.7,453.3,451.3,451.9,46914.6,2026-04-26 03:59:59.999000+00:00,1
2026-04-26 04:00:00+00:00,451.9,455.5,451.9,453.3,43199.5,2026-04-26 07:59:59.999000+00:00,1
2026-04-26 08:00:00+00:00,453.4,454.1,452.0,452.5,31418.2,2026-04-26 11:59:59.999000+00:00,1
2026-04-26 12:00:00+00:00,452.5,452.5,450.0,451.7,71123.3,2026-04-26 15:59:59.999000+00:00,1
2026-04-26 16:00:00+00:00,451.7,453.9,450.2,453.6,47938.6,2026-04-26 19:59:59.999000+00:00,1
2026-04-26 20:00:00+00:00,453.6,455.4,452.4,454.5,63400.0,2026-04-26 23:59:59.999000+00:00,1
2026-04-27 00:00:00+00:00,454.6,457.5,452.9,455.5,87327.0,2026-04-27 03:59:59.999000+00:00,1
2026-04-27 04:00:00+00:00,455.4,456.0,446.2,446.6,148981.8,2026-04-27 07:59:59.999000+00:00,1
2026-04-27 08:00:00+00:00,446.5,448.4,445.9,447.6,54627.9,2026-04-27 11:59:59.999000+00:00,1
2026-04-27 12:00:00+00:00,447.7,455.2,447.4,450.8,221388.3,2026-04-27 15:59:59.999000+00:00,1
2026-04-27 16:00:00+00:00,450.9,451.1,446.3,448.0,65228.8,2026-04-27 19:59:59.999000+00:00,1
2026-04-27 20:00:00+00:00,448.0,450.0,447.5,449.6,34494.1,2026-04-27 23:59:59.999000+00:00,1
2026-04-28 00:00:00+00:00,449.5,451.6,446.5,447.7,84121.4,2026-04-28 03:59:59.999000+00:00,1
2026-04-28 04:00:00+00:00,447.6,449.1,444.6,446.3,65042.5,2026-04-28 07:59:59.999000+00:00,1
2026-04-28 08:00:00+00:00,446.4,447.9,445.9,446.4,44699.3,2026-04-28 11:59:59.999000+00:00,1
2026-04-28 12:00:00+00:00,446.4,447.9,442.2,446.0,118396.6,2026-04-28 15:59:59.999000+00:00,1
2026-04-28 16:00:00+00:00,446.1,449.7,445.1,449.5,62060.1,2026-04-28 19:59:59.999000+00:00,1
2026-04-28 20:00:00+00:00,449.6,453.8,449.6,453.3,91184.4,2026-04-28 23:59:59.999000+00:00,1
2026-04-29 00:00:00+00:00,453.3,454.7,451.1,453.4,61920.1,2026-04-29 03:59:59.999000+00:00,1
2026-04-29 04:00:00+00:00,453.5,455.2,452.2,452.8,75814.0,2026-04-29 07:59:59.999000+00:00,1
2026-04-29 08:00:00+00:00,452.9,455.1,452.0,453.7,52745.1,2026-04-29 11:59:59.999000+00:00,1
2026-04-29 12:00:00+00:00,453.8,453.8,446.1,446.4,140078.8,2026-04-29 15:59:59.999000+00:00,1
2026-04-29 16:00:00+00:00,446.4,449.1,441.3,445.1,132636.5,2026-04-29 19:59:59.999000+00:00,1
2026-04-29 20:00:00+00:00,445.1,448.1,444.6,447.2,41113.0,2026-04-29 23:59:59.999000+00:00,1
2026-04-30 00:00:00+00:00,447.3,448.9,445.1,446.7,42517.4,2026-04-30 03:59:59.999000+00:00,1
2026-04-30 04:00:00+00:00,446.7,446.8,441.8,445.4,65487.5,2026-04-30 07:59:59.999000+00:00,1
2026-04-30 08:00:00+00:00,445.5,446.8,443.0,444.3,44202.5,2026-04-30 11:59:59.999000+00:00,1
2026-04-30 12:00:00+00:00,444.3,445.8,440.8,444.0,152731.9,2026-04-30 15:59:59.999000+00:00,1
2026-04-30 16:00:00+00:00,444.0,444.0,440.1,440.9,62139.4,2026-04-30 19:59:59.999000+00:00,1
2026-04-30 20:00:00+00:00,440.9,441.8,440.2,440.7,26962.8,2026-04-30 23:59:59.999000+00:00,1
2026-05-01 00:00:00+00:00,440.6,444.6,440.6,443.9,70706.1,2026-05-01 03:59:59.999000+00:00,1
2026-05-01 04:00:00+00:00,444.0,444.8,442.2,443.0,31491.0,2026-05-01 07:59:59.999000+00:00,1
2026-05-01 08:00:00+00:00,443.1,443.8,441.5,442.7,31745.6,2026-05-01 11:59:59.999000+00:00,1
2026-05-01 12:00:00+00:00,442.7,458.0,442.5,451.2,306293.4,2026-05-01 15:59:59.999000+00:00,1
2026-05-01 16:00:00+00:00,451.2,453.9,450.6,453.4,72729.0,2026-05-01 19:59:59.999000+00:00,1
2026-05-01 20:00:00+00:00,453.4,454.1,449.5,450.2,54007.1,2026-05-01 23:59:59.999000+00:00,1
2026-05-02 00:00:00+00:00,450.2,452.8,450.0,450.8,31422.6,2026-05-02 03:59:59.999000+00:00,1
2026-05-02 04:00:00+00:00,450.8,450.9,448.6,448.8,30968.2,2026-05-02 07:59:59.999000+00:00,1
2026-05-02 08:00:00+00:00,448.9,449.5,444.1,444.9,78984.0,2026-05-02 11:59:59.999000+00:00,1
2026-05-02 12:00:00+00:00,444.9,447.0,444.8,446.6,46103.3,2026-05-02 15:59:59.999000+00:00,1
2026-05-02 16:00:00+00:00,446.6,447.3,444.9,446.5,38684.5,2026-05-02 19:59:59.999000+00:00,1
2026-05-02 20:00:00+00:00,446.5,448.5,445.0,445.3,28566.0,2026-05-02 23:59:59.999000+00:00,1
2026-05-03 00:00:00+00:00,445.2,445.7,442.1,443.6,68475.3,2026-05-03 03:59:59.999000+00:00,1
2026-05-03 04:00:00+00:00,443.7,444.3,442.7,443.5,22150.1,2026-05-03 07:59:59.999000+00:00,1
2026-05-03 08:00:00+00:00,443.6,445.8,443.4,444.7,37463.8,2026-05-03 11:59:59.999000+00:00,1
2026-05-03 12:00:00+00:00,444.8,447.3,444.8,446.0,46162.1,2026-05-03 15:59:59.999000+00:00,1
2026-05-03 16:00:00+00:00,446.1,446.1,444.0,444.3,20283.4,2026-05-03 19:59:59.999000+00:00,1
2026-05-03 20:00:00+00:00,444.2,446.0,442.6,442.8,45072.1,2026-05-03 23:59:59.999000+00:00,1
2026-05-04 00:00:00+00:00,442.8,449.9,440.5,449.5,146163.0,2026-05-04 03:59:59.999000+00:00,1
2026-05-04 04:00:00+00:00,449.5,450.4,444.1,446.3,65613.8,2026-05-04 07:59:59.999000+00:00,1
2026-05-04 08:00:00+00:00,446.4,447.0,436.6,443.7,250873.0,2026-05-04 11:59:59.999000+00:00,1
2026-05-04 12:00:00+00:00,443.7,446.3,440.3,442.2,210379.7,2026-05-04 15:59:59.999000+00:00,1
2026-05-04 16:00:00+00:00,442.3,444.4,440.8,443.7,63317.7,2026-05-04 19:59:59.999000+00:00,1
2026-05-04 20:00:00+00:00,443.8,445.2,442.8,443.4,44380.4,2026-05-04 23:59:59.999000+00:00,1
2026-05-05 00:00:00+00:00,443.5,445.7,442.7,445.3,60758.3,2026-05-05 03:59:59.999000+00:00,1
2026-05-05 04:00:00+00:00,445.3,448.0,443.3,446.3,80688.5,2026-05-05 07:59:59.999000+00:00,1
2026-05-05 08:00:00+00:00,446.2,461.2,445.9,460.7,344391.3,2026-05-05 11:59:59.999000+00:00,1
2026-05-05 12:00:00+00:00,460.8,461.1,454.4,455.1,171057.9,2026-05-05 15:59:59.999000+00:00,1
2026-05-05 16:00:00+00:00,455.2,456.0,453.4,455.3,52123.2,2026-05-05 19:59:59.999000+00:00,1
2026-05-05 20:00:00+00:00,455.3,464.0,453.7,461.0,231110.8,2026-05-05 23:59:59.999000+00:00,1
2026-05-06 00:00:00+00:00,461.0,464.0,458.6,459.3,111607.2,2026-05-06 03:59:59.999000+00:00,1
2026-05-06 04:00:00+00:00,459.4,489.0,458.2,472.0,802423.7,2026-05-06 07:59:59.999000+00:00,1
2026-05-06 08:00:00+00:00,472.0,473.5,469.2,472.5,127140.8,2026-05-06 11:59:59.999000+00:00,1
2026-05-06 12:00:00+00:00,472.5,472.7,462.3,467.6,219638.7,2026-05-06 15:59:59.999000+00:00,1
2026-05-06 16:00:00+00:00,467.6,470.4,464.2,465.4,127578.4,2026-05-06 19:59:59.999000+00:00,1
2026-05-06 20:00:00+00:00,465.4,466.7,462.9,465.4,53816.2,2026-05-06 23:59:59.999000+00:00,1
2026-05-07 00:00:00+00:00,465.4,466.2,460.5,461.5,83879.2,2026-05-07 03:59:59.999000+00:00,1
2026-05-07 04:00:00+00:00,461.5,461.9,459.3,460.0,86483.1,2026-05-07 07:59:59.999000+00:00,1
2026-05-07 08:00:00+00:00,460.0,461.9,457.6,458.2,104585.2,2026-05-07 11:59:59.999000+00:00,1
2026-05-07 12:00:00+00:00,458.3,460.5,449.7,450.3,266775.7,2026-05-07 15:59:59.999000+00:00,1
2026-05-07 16:00:00+00:00,450.2,452.1,447.8,449.7,131376.2,2026-05-07 19:59:59.999000+00:00,1
2026-05-07 20:00:00+00:00,449.6,451.1,448.7,449.9,50285.2,2026-05-07 23:59:59.999000+00:00,1
2026-05-08 00:00:00+00:00,449.9,452.7,449.1,450.0,91439.1,2026-05-08 03:59:59.999000+00:00,1
2026-05-08 04:00:00+00:00,450.1,450.6,448.7,450.0,44386.7,2026-05-08 07:59:59.999000+00:00,1
2026-05-08 08:00:00+00:00,449.9,450.5,449.1,450.0,49219.8,2026-05-08 11:59:59.999000+00:00,1
2026-05-08 12:00:00+00:00,450.1,451.6,447.3,450.0,117735.2,2026-05-08 15:59:59.999000+00:00,1
2026-05-08 16:00:00+00:00,449.9,454.1,448.9,451.8,127353.5,2026-05-08 19:59:59.999000+00:00,1
2026-05-08 20:00:00+00:00,451.9,452.2,448.8,450.2,81977.6,2026-05-08 23:59:59.999000+00:00,1
2026-05-09 00:00:00+00:00,450.2,453.7,449.5,451.7,82905.1,2026-05-09 03:59:59.999000+00:00,1
2026-05-09 04:00:00+00:00,451.8,453.2,449.9,450.5,79295.9,2026-05-09 07:59:59.999000+00:00,1
2026-05-09 08:00:00+00:00,450.6,451.1,448.1,450.1,88699.2,2026-05-09 11:59:59.999000+00:00,1
2026-05-09 12:00:00+00:00,450.1,450.3,447.9,449.6,46797.9,2026-05-09 15:59:59.999000+00:00,1
2026-05-09 16:00:00+00:00,449.5,451.1,448.7,450.1,92869.7,2026-05-09 19:59:59.999000+00:00,1
2026-05-09 20:00:00+00:00,450.1,450.5,448.9,449.4,33681.1,2026-05-09 23:59:59.999000+00:00,1
2026-05-10 00:00:00+00:00,449.3,450.6,448.8,450.0,31451.0,2026-05-10 03:59:59.999000+00:00,1
2026-05-10 04:00:00+00:00,450.1,455.2,449.8,452.6,123978.0,2026-05-10 07:59:59.999000+00:00,1
2026-05-10 08:00:00+00:00,452.7,454.6,451.8,453.5,71710.1,2026-05-10 11:59:59.999000+00:00,1
2026-05-10 12:00:00+00:00,453.5,456.4,452.0,456.2,70899.8,2026-05-10 15:59:59.999000+00:00,1
2026-05-10 16:00:00+00:00,456.1,462.5,455.8,461.6,128957.8,2026-05-10 19:59:59.999000+00:00,1
2026-05-10 20:00:00+00:00,461.7,464.9,457.6,463.9,183610.3,2026-05-10 23:59:59.999000+00:00,1
2026-05-11 00:00:00+00:00,464.0,464.8,451.5,452.7,155746.9,2026-05-11 03:59:59.999000+00:00,1
2026-05-11 04:00:00+00:00,452.8,453.0,449.3,449.7,123532.1,2026-05-11 07:59:59.999000+00:00,1
2026-05-11 08:00:00+00:00,449.8,451.3,449.0,450.2,97568.4,2026-05-11 11:59:59.999000+00:00,1
2026-05-11 12:00:00+00:00,450.2,451.4,447.4,450.1,132169.7,2026-05-11 15:59:59.999000+00:00,1
2026-05-11 16:00:00+00:00,450.1,450.9,447.5,450.1,132975.6,2026-05-11 19:59:59.999000+00:00,1
2026-05-11 20:00:00+00:00,450.1,450.6,448.9,450.0,44199.4,2026-05-11 23:59:59.999000+00:00,1
2026-05-12 00:00:00+00:00,450.0,450.0,441.2,445.3,243654.9,2026-05-12 03:59:59.999000+00:00,1
2026-05-12 04:00:00+00:00,445.3,448.5,444.4,448.2,90140.7,2026-05-12 07:59:59.999000+00:00,1
2026-05-12 08:00:00+00:00,448.2,448.4,436.9,439.9,209830.9,2026-05-12 11:59:59.999000+00:00,1
2026-05-12 12:00:00+00:00,439.9,440.7,436.9,438.1,117036.8,2026-05-12 15:59:59.999000+00:00,1
2026-05-12 16:00:00+00:00,438.1,440.1,435.5,439.9,88400.9,2026-05-12 19:59:59.999000+00:00,1
2026-05-12 20:00:00+00:00,439.8,440.2,438.6,439.3,24487.9,2026-05-12 23:59:59.999000+00:00,1
2026-05-13 00:00:00+00:00,439.2,442.6,438.4,442.3,89875.5,2026-05-13 03:59:59.999000+00:00,1
2026-05-13 04:00:00+00:00,442.3,444.3,436.4,439.3,135880.1,2026-05-13 07:59:59.999000+00:00,1
2026-05-13 08:00:00+00:00,439.3,440.8,437.6,437.6,78714.4,2026-05-13 11:59:59.999000+00:00,1
2026-05-13 12:00:00+00:00,437.6,438.6,429.3,430.3,271928.4,2026-05-13 15:59:59.999000+00:00,1
2026-05-13 16:00:00+00:00,430.3,434.3,430.1,433.2,57802.1,2026-05-13 19:59:59.999000+00:00,1
2026-05-13 20:00:00+00:00,433.3,434.7,432.6,433.9,35426.8,2026-05-13 23:59:59.999000+00:00,1
2026-05-14 00:00:00+00:00,433.8,435.3,431.4,431.7,60363.3,2026-05-14 03:59:59.999000+00:00,1
2026-05-14 04:00:00+00:00,431.7,435.0,431.1,433.2,42169.7,2026-05-14 07:59:59.999000+00:00,1
2026-05-14 08:00:00+00:00,433.1,433.9,431.7,432.2,34031.1,2026-05-14 11:59:59.999000+00:00,1
2026-05-14 12:00:00+00:00,432.1,436.2,432.0,435.2,71972.8,2026-05-14 15:59:59.999000+00:00,1
2026-05-14 16:00:00+00:00,435.1,438.4,433.5,437.7,89017.9,2026-05-14 19:59:59.999000+00:00,1
2026-05-14 20:00:00+00:00,437.8,438.3,434.1,434.7,61168.1,2026-05-14 23:59:59.999000+00:00,1
2026-05-15 00:00:00+00:00,434.7,437.1,433.8,435.4,71309.3,2026-05-15 03:59:59.999000+00:00,1
2026-05-15 04:00:00+00:00,435.4,436.6,431.9,434.6,119520.6,2026-05-15 07:59:59.999000+00:00,1
2026-05-15 08:00:00+00:00,434.7,434.7,429.8,430.6,108331.7,2026-05-15 11:59:59.999000+00:00,1
2026-05-15 12:00:00+00:00,430.6,431.2,423.3,424.7,260487.6,2026-05-15 15:59:59.999000+00:00,1
2026-05-15 16:00:00+00:00,424.6,427.9,424.4,425.0,47823.1,2026-05-15 19:59:59.999000+00:00,1
2026-05-15 20:00:00+00:00,425.0,426.6,424.3,426.4,41162.8,2026-05-15 23:59:59.999000+00:00,1
2026-05-16 00:00:00+00:00,426.5,427.7,424.7,427.4,47040.5,2026-05-16 03:59:59.999000+00:00,1
2026-05-16 04:00:00+00:00,427.4,427.7,415.3,419.8,319676.2,2026-05-16 07:59:59.999000+00:00,1
2026-05-16 08:00:00+00:00,419.8,421.5,410.4,411.0,550790.6,2026-05-16 11:59:59.999000+00:00,1
2026-05-16 12:00:00+00:00,410.9,417.3,410.4,416.8,90422.0,2026-05-16 15:59:59.999000+00:00,1
2026-05-16 16:00:00+00:00,416.8,418.5,416.6,417.1,55754.4,2026-05-16 19:59:59.999000+00:00,1
2026-05-16 20:00:00+00:00,417.2,417.6,415.1,415.4,40074.1,2026-05-16 23:59:59.999000+00:00,1
2026-05-17 00:00:00+00:00,415.4,416.3,412.8,414.9,76218.9,2026-05-17 03:59:59.999000+00:00,1
2026-05-17 04:00:00+00:00,414.9,416.6,414.2,415.1,42887.3,2026-05-17 07:59:59.999000+00:00,1
2026-05-17 08:00:00+00:00,415.0,416.4,413.3,413.8,59203.7,2026-05-17 11:59:59.999000+00:00,1
2026-05-17 12:00:00+00:00,413.8,414.7,410.7,412.0,73596.4,2026-05-17 15:59:59.999000+00:00,1
2026-05-17 16:00:00+00:00,411.9,413.7,407.4,413.4,182099.4,2026-05-17 19:59:59.999000+00:00,1
2026-05-17 20:00:00+00:00,413.5,414.0,398.5,404.4,356746.9,2026-05-17 23:59:59.999000+00:00,1
2026-05-18 00:00:00+00:00,404.4,404.5,384.1,384.8,780488.3,2026-05-18 03:59:59.999000+00:00,1
2026-05-18 04:00:00+00:00,384.9,387.1,362.1,364.8,1361019.1,2026-05-18 07:59:59.999000+00:00,1
2026-05-18 08:00:00+00:00,364.8,366.4,347.1,356.0,979957.7,2026-05-18 11:59:59.999000+00:00,1
2026-05-18 12:00:00+00:00,356.0,380.4,355.3,372.1,1348019.5,2026-05-18 15:59:59.999000+00:00,1
2026-05-18 16:00:00+00:00,372.2,378.8,365.0,377.7,433963.9,2026-05-18 19:59:59.999000+00:00,1
2026-05-18 20:00:00+00:00,377.8,383.5,371.6,378.3,409993.4,2026-05-18 23:59:59.999000+00:00,1
2026-05-19 00:00:00+00:00,378.2,381.9,374.6,379.7,215967.1,2026-05-19 03:59:59.999000+00:00,1
2026-05-19 04:00:00+00:00,379.8,383.9,377.4,380.8,195193.1,2026-05-19 07:59:59.999000+00:00,1
2026-05-19 08:00:00+00:00,380.7,385.0,372.0,380.7,488943.3,2026-05-19 11:59:59.999000+00:00,1
2026-05-19 12:00:00+00:00,380.6,386.3,360.6,364.5,712375.6,2026-05-19 15:59:59.999000+00:00,1
2026-05-19 16:00:00+00:00,364.5,369.1,364.5,367.5,108313.5,2026-05-19 19:59:59.999000+00:00,1
2026-05-19 20:00:00+00:00,367.5,370.6,367.1,369.9,71527.8,2026-05-19 23:59:59.999000+00:00,1
2026-05-20 00:00:00+00:00,369.9,371.0,367.0,369.7,87467.0,2026-05-20 03:59:59.999000+00:00,1
2026-05-20 04:00:00+00:00,369.7,371.4,367.4,370.1,94058.5,2026-05-20 07:59:59.999000+00:00,1
2026-05-20 08:00:00+00:00,370.1,371.3,366.6,367.0,178789.7,2026-05-20 11:59:59.999000+00:00,1
2026-05-20 12:00:00+00:00,366.9,372.3,363.7,369.9,343720.1,2026-05-20 15:59:59.999000+00:00,1
2026-05-20 16:00:00+00:00,369.8,373.9,368.2,372.5,176246.7,2026-05-20 19:59:59.999000+00:00,1
2026-05-20 20:00:00+00:00,372.4,374.9,370.7,372.8,93372.6,2026-05-20 23:59:59.999000+00:00,1
2026-05-21 00:00:00+00:00,372.9,382.1,372.4,380.1,243367.1,2026-05-21 03:59:59.999000+00:00,1
2026-05-21 04:00:00+00:00,380.0,380.9,375.8,377.2,81693.0,2026-05-21 07:59:59.999000+00:00,1
2026-05-21 08:00:00+00:00,377.1,378.3,372.9,374.3,120523.6,2026-05-21 11:59:59.999000+00:00,1
2026-05-21 12:00:00+00:00,374.3,380.7,374.0,379.5,197635.5,2026-05-21 15:59:59.999000+00:00,1
2026-05-21 16:00:00+00:00,379.4,383.3,377.7,379.3,137685.3,2026-05-21 19:59:59.999000+00:00,1
2026-05-21 20:00:00+00:00,379.3,381.5,379.0,380.1,51223.3,2026-05-21 23:59:59.999000+00:00,1
2026-05-22 00:00:00+00:00,380.1,380.3,376.9,379.1,55128.0,2026-05-22 03:59:59.999000+00:00,1
2026-05-22 04:00:00+00:00,379.1,380.3,377.3,379.7,58146.4,2026-05-22 07:59:59.999000+00:00,1
2026-05-22 08:00:00+00:00,379.6,380.6,377.3,379.1,44593.7,2026-05-22 11:59:59.999000+00:00,1
2026-05-22 12:00:00+00:00,379.1,381.5,377.4,379.6,115054.3,2026-05-22 15:59:59.999000+00:00,1
2026-05-22 16:00:00+00:00,379.6,380.7,370.2,372.5,151320.3,2026-05-22 19:59:59.999000+00:00,1
2026-05-22 20:00:00+00:00,372.6,374.9,358.9,360.4,338735.3,2026-05-22 23:59:59.999000+00:00,1
2026-05-23 00:00:00+00:00,360.4,364.8,356.8,363.7,261086.3,2026-05-23 03:59:59.999000+00:00,1
2026-05-23 04:00:00+00:00,363.8,363.8,353.6,356.6,201232.0,2026-05-23 07:59:59.999000+00:00,1
2026-05-23 08:00:00+00:00,356.6,357.6,342.6,345.4,718723.6,2026-05-23 11:59:59.999000+00:00,1
2026-05-23 12:00:00+00:00,345.4,350.0,343.9,348.7,226214.0,2026-05-23 15:59:59.999000+00:00,1
2026-05-23 16:00:00+00:00,348.7,353.9,347.8,352.4,130347.2,2026-05-23 19:59:59.999000+00:00,1
2026-05-23 20:00:00+00:00,352.3,359.3,352.1,355.0,195743.9,2026-05-23 23:59:59.999000+00:00,1
2026-05-24 00:00:00+00:00,355.0,357.3,352.6,354.1,164479.5,2026-05-24 03:59:59.999000+00:00,1
2026-05-24 04:00:00+00:00,354.1,355.5,350.5,352.0,136455.4,2026-05-24 07:59:59.999000+00:00,1
2026-05-24 08:00:00+00:00,352.0,354.2,351.4,353.7,106600.1,2026-05-24 11:59:59.999000+00:00,1
2026-05-24 12:00:00+00:00,353.7,353.8,346.8,348.6,244894.3,2026-05-24 15:59:59.999000+00:00,1
2026-05-24 16:00:00+00:00,348.6,352.0,348.0,349.2,136878.8,2026-05-24 19:59:59.999000+00:00,1
2026-05-24 20:00:00+00:00,349.3,349.3,332.9,346.3,534270.4,2026-05-24 23:59:59.999000+00:00,1
2026-05-25 00:00:00+00:00,346.3,347.8,343.3,344.7,118378.5,2026-05-25 03:59:59.999000+00:00,1
2026-05-25 04:00:00+00:00,344.7,351.4,344.1,350.6,124514.6,2026-05-25 07:59:59.999000+00:00,1
2026-05-25 08:00:00+00:00,350.7,352.0,349.1,349.4,75975.2,2026-05-25 11:59:59.999000+00:00,1
2026-05-25 12:00:00+00:00,349.3,352.1,347.4,349.4,124250.0,2026-05-25 15:59:59.999000+00:00,1
2026-05-25 16:00:00+00:00,349.4,350.8,348.8,350.5,69500.5,2026-05-25 19:59:59.999000+00:00,1
2026-05-25 20:00:00+00:00,350.4,351.8,347.8,351.4,73454.8,2026-05-25 23:59:59.999000+00:00,1
2026-05-26 00:00:00+00:00,351.3,351.4,343.7,346.1,183840.0,2026-05-26 03:59:59.999000+00:00,1
2026-05-26 04:00:00+00:00,346.1,352.2,345.3,349.1,169542.6,2026-05-26 07:59:59.999000+00:00,1
2026-05-26 08:00:00+00:00,349.1,354.9,348.4,353.3,258328.7,2026-05-26 11:59:59.999000+00:00,1
2026-05-26 12:00:00+00:00,353.3,354.5,348.0,349.1,237795.4,2026-05-26 15:59:59.999000+00:00,1
2026-05-26 16:00:00+00:00,349.1,349.4,341.6,345.5,237798.6,2026-05-26 19:59:59.999000+00:00,1
2026-05-26 20:00:00+00:00,345.6,346.4,342.9,343.0,62802.5,2026-05-26 23:59:59.999000+00:00,1
2026-05-27 00:00:00+00:00,343.1,345.4,342.0,342.8,111671.4,2026-05-27 03:59:59.999000+00:00,1
2026-05-27 04:00:00+00:00,342.7,346.0,339.6,345.4,133584.9,2026-05-27 07:59:59.999000+00:00,1
2026-05-27 08:00:00+00:00,345.4,345.9,342.1,342.4,65834.5,2026-05-27 11:59:59.999000+00:00,1
2026-05-27 12:00:00+00:00,342.4,347.2,338.2,345.4,271608.3,2026-05-27 15:59:59.999000+00:00,1
2026-05-27 16:00:00+00:00,345.3,346.4,339.8,343.4,84650.9,2026-05-27 19:59:59.999000+00:00,1
2026-05-27 20:00:00+00:00,343.3,343.9,331.5,334.4,365241.7,2026-05-27 23:59:59.999000+00:00,1
2026-05-28 00:00:00+00:00,334.3,336.0,330.7,333.1,228671.7,2026-05-28 03:59:59.999000+00:00,1
2026-05-28 04:00:00+00:00,333.1,333.1,321.7,326.4,506164.9,2026-05-28 07:59:59.999000+00:00,1
2026-05-28 08:00:00+00:00,326.3,326.4,295.7,301.2,1247319.7,2026-05-28 11:59:59.999000+00:00,1
2026-05-28 12:00:00+00:00,301.2,304.0,293.1,295.6,699937.7,2026-05-28 15:59:59.999000+00:00,1
2026-05-28 16:00:00+00:00,295.7,305.6,295.7,299.9,353177.4,2026-05-28 19:59:59.999000+00:00,1
2026-05-28 20:00:00+00:00,300.0,303.2,295.7,299.8,247622.8,2026-05-28 23:59:59.999000+00:00,1
2026-05-29 00:00:00+00:00,299.8,303.1,299.2,302.5,222818.8,2026-05-29 03:59:59.999000+00:00,1
2026-05-29 04:00:00+00:00,302.6,309.3,300.7,305.3,360320.1,2026-05-29 07:59:59.999000+00:00,1
2026-05-29 08:00:00+00:00,305.3,309.8,297.8,298.9,499004.5,2026-05-29 11:59:59.999000+00:00,1
2026-05-29 12:00:00+00:00,298.9,308.4,295.8,305.6,443655.3,2026-05-29 15:59:59.999000+00:00,1
2026-05-29 16:00:00+00:00,305.6,307.5,302.2,304.0,194794.1,2026-05-29 19:59:59.999000+00:00,1
2026-05-29 20:00:00+00:00,304.1,305.5,300.2,302.1,85798.3,2026-05-29 23:59:59.999000+00:00,1
2026-05-30 00:00:00+00:00,302.0,306.0,302.0,302.9,139419.2,2026-05-30 03:59:59.999000+00:00,1
2026-05-30 04:00:00+00:00,302.8,303.6,296.5,301.9,289079.0,2026-05-30 07:59:59.999000+00:00,1
2026-05-30 08:00:00+00:00,301.8,304.3,300.9,303.3,76777.1,2026-05-30 11:59:59.999000+00:00,1
2026-05-30 12:00:00+00:00,303.4,307.2,302.8,306.0,146229.9,2026-05-30 15:59:59.999000+00:00,1
2026-05-30 16:00:00+00:00,306.0,307.8,305.3,306.0,81929.1,2026-05-30 19:59:59.999000+00:00,1
2026-05-30 20:00:00+00:00,306.1,306.7,301.2,303.5,90180.6,2026-05-30 23:59:59.999000+00:00,1
2026-05-31 00:00:00+00:00,303.5,304.6,301.8,303.8,96478.1,2026-05-31 03:59:59.999000+00:00,1
2026-05-31 04:00:00+00:00,303.8,306.2,303.1,305.6,93999.5,2026-05-31 07:59:59.999000+00:00,1
2026-05-31 08:00:00+00:00,305.6,307.6,303.2,303.2,164268.8,2026-05-31 11:59:59.999000+00:00,1
2026-05-31 12:00:00+00:00,303.2,304.6,298.3,299.2,254228.7,2026-05-31 15:59:59.999000+00:00,1
2026-05-31 16:00:00+00:00,299.1,300.9,297.3,300.7,105199.3,2026-05-31 19:59:59.999000+00:00,1
2026-05-31 20:00:00+00:00,300.7,303.9,299.6,302.5,86535.9,2026-05-31 23:59:59.999000+00:00,1
2026-06-01 00:00:00+00:00,302.4,304.5,296.4,300.5,235767.1,2026-06-01 03:59:59.999000+00:00,1
2026-06-01 04:00:00+00:00,300.5,301.7,286.6,288.8,491744.1,2026-06-01 07:59:59.999000+00:00,1
2026-06-01 08:00:00+00:00,288.8,289.4,277.7,279.8,661519.4,2026-06-01 11:59:59.999000+00:00,1
2026-06-01 12:00:00+00:00,279.9,287.4,279.9,286.5,323174.2,2026-06-01 15:59:59.999000+00:00,1
2026-06-01 16:00:00+00:00,286.5,292.8,285.0,291.5,228831.6,2026-06-01 19:59:59.999000+00:00,1
2026-06-01 20:00:00+00:00,291.4,293.7,288.3,293.3,122499.9,2026-06-01 23:59:59.999000+00:00,1
2026-06-02 00:00:00+00:00,293.4,293.6,285.9,291.6,250523.2,2026-06-02 03:59:59.999000+00:00,1
2026-06-02 04:00:00+00:00,291.5,291.7,284.0,286.9,180231.9,2026-06-02 07:59:59.999000+00:00,1
2026-06-02 08:00:00+00:00,287.0,287.3,281.5,283.2,242634.1,2026-06-02 11:59:59.999000+00:00,1
2026-06-02 12:00:00+00:00,283.1,288.1,279.2,281.3,489616.8,2026-06-02 15:59:59.999000+00:00,1
2026-06-02 16:00:00+00:00,281.3,287.0,275.9,281.0,359841.2,2026-06-02 19:59:59.999000+00:00,1
2026-06-02 20:00:00+00:00,281.1,284.3,265.3,268.3,615421.8,2026-06-02 23:59:59.999000+00:00,1
2026-06-03 00:00:00+00:00,268.4,271.2,241.7,247.0,1120515.9,2026-06-03 03:59:59.999000+00:00,1
2026-06-03 04:00:00+00:00,247.1,255.9,243.7,251.6,907999.7,2026-06-03 07:59:59.999000+00:00,1
2026-06-03 08:00:00+00:00,251.6,254.3,247.2,249.0,603621.3,2026-06-03 11:59:59.999000+00:00,1
2026-06-03 12:00:00+00:00,248.9,250.8,242.6,246.8,679015.0,2026-06-03 15:59:59.999000+00:00,1
2026-06-03 16:00:00+00:00,246.9,251.8,241.3,243.4,593239.7,2026-06-03 19:59:59.999000+00:00,1
2026-06-03 20:00:00+00:00,243.4,247.8,239.3,243.1,531696.8,2026-06-03 23:59:59.999000+00:00,1
2026-06-04 00:00:00+00:00,243.0,249.6,229.6,246.6,975867.1,2026-06-04 03:59:59.999000+00:00,1
2026-06-04 04:00:00+00:00,246.6,248.2,241.4,243.7,391708.1,2026-06-04 07:59:59.999000+00:00,1
2026-06-04 08:00:00+00:00,243.7,247.1,238.4,245.0,518071.6,2026-06-04 11:59:59.999000+00:00,1
2026-06-04 12:00:00+00:00,245.1,251.4,244.0,246.0,511325.0,2026-06-04 15:59:59.999000+00:00,1
2026-06-04 16:00:00+00:00,245.9,252.0,244.0,250.0,315208.0,2026-06-04 19:59:59.999000+00:00,1
2026-06-04 20:00:00+00:00,250.0,250.0,240.4,245.3,248997.2,2026-06-04 23:59:59.999000+00:00,1
2026-06-05 00:00:00+00:00,245.2,245.8,238.8,239.4,375472.1,2026-06-05 03:59:59.999000+00:00,1
2026-06-05 04:00:00+00:00,239.4,241.7,218.8,225.4,1086518.0,2026-06-05 07:59:59.999000+00:00,1
2026-06-05 08:00:00+00:00,225.4,232.4,221.4,222.8,519046.9,2026-06-05 11:59:59.999000+00:00,1
2026-06-05 12:00:00+00:00,222.7,224.8,213.3,214.3,765368.3,2026-06-05 15:59:59.999000+00:00,1
2026-06-05 16:00:00+00:00,214.3,221.2,209.1,216.1,629772.6,2026-06-05 19:59:59.999000+00:00,1
2026-06-05 20:00:00+00:00,216.0,221.6,207.6,209.7,438202.0,2026-06-05 23:59:59.999000+00:00,1
2026-06-06 00:00:00+00:00,209.8,215.7,209.6,211.1,350844.8,2026-06-06 03:59:59.999000+00:00,1
2026-06-06 04:00:00+00:00,211.1,225.6,201.6,221.9,1218332.6,2026-06-06 07:59:59.999000+00:00,1
2026-06-06 08:00:00+00:00,221.9,226.9,216.4,219.5,380709.4,2026-06-06 11:59:59.999000+00:00,1
2026-06-06 12:00:00+00:00,219.5,220.5,215.3,217.1,206856.3,2026-06-06 15:59:59.999000+00:00,1
2026-06-06 16:00:00+00:00,217.1,217.8,212.6,213.9,191426.7,2026-06-06 19:59:59.999000+00:00,1
2026-06-06 20:00:00+00:00,213.9,218.0,212.9,217.1,136643.8,2026-06-06 23:59:59.999000+00:00,1
2026-06-07 00:00:00+00:00,217.1,221.4,215.5,221.4,292654.6,2026-06-07 03:59:59.999000+00:00,1
2026-06-07 04:00:00+00:00,221.5,226.6,220.3,223.4,352290.8,2026-06-07 07:59:59.999000+00:00,1
2026-06-07 08:00:00+00:00,223.4,229.4,221.2,223.8,302950.1,2026-06-07 11:59:59.999000+00:00,1
2026-06-07 12:00:00+00:00,223.8,226.1,220.3,224.0,251734.5,2026-06-07 15:59:59.999000+00:00,1
2026-06-07 16:00:00+00:00,223.9,225.6,218.3,219.4,231707.0,2026-06-07 19:59:59.999000+00:00,1
2026-06-07 20:00:00+00:00,219.4,234.5,218.8,230.1,549925.5,2026-06-07 23:59:59.999000+00:00,1
2026-06-08 00:00:00+00:00,230.0,231.4,219.8,221.0,533369.3,2026-06-08 03:59:59.999000+00:00,1
2026-06-08 04:00:00+00:00,221.0,223.7,215.2,217.1,523819.7,2026-06-08 07:59:59.999000+00:00,1
2026-06-08 08:00:00+00:00,217.0,217.0,198.9,207.3,1804928.7,2026-06-08 11:59:59.999000+00:00,1
2026-06-08 12:00:00+00:00,207.2,213.7,204.3,209.9,753823.5,2026-06-08 15:59:59.999000+00:00,1
2026-06-08 16:00:00+00:00,210.0,212.5,206.1,210.6,500909.4,2026-06-08 19:59:59.999000+00:00,1
2026-06-08 20:00:00+00:00,210.7,214.1,208.3,209.1,354363.7,2026-06-08 23:59:59.999000+00:00,1
2026-06-09 00:00:00+00:00,209.2,209.3,203.6,207.5,665621.4,2026-06-09 03:59:59.999000+00:00,1
2026-06-09 04:00:00+00:00,207.5,210.8,204.8,210.0,466257.9,2026-06-09 07:59:59.999000+00:00,1
2026-06-09 08:00:00+00:00,210.0,210.6,204.5,206.9,382961.5,2026-06-09 11:59:59.999000+00:00,1
2026-06-09 12:00:00+00:00,206.8,207.7,201.4,201.9,665327.8,2026-06-09 15:59:59.999000+00:00,1
2026-06-09 16:00:00+00:00,201.9,205.8,200.8,205.0,513525.1,2026-06-09 19:59:59.999000+00:00,1
2026-06-09 20:00:00+00:00,205.0,206.0,201.7,203.2,168407.8,2026-06-09 23:59:59.999000+00:00,1
2026-06-10 00:00:00+00:00,203.3,204.3,199.7,201.9,381263.6,2026-06-10 03:59:59.999000+00:00,1
2026-06-10 04:00:00+00:00,201.8,202.0,196.5,199.3,475241.4,2026-06-10 07:59:59.999000+00:00,1
2026-06-10 08:00:00+00:00,199.2,199.4,192.8,193.9,809865.7,2026-06-10 11:59:59.999000+00:00,1
2026-06-10 12:00:00+00:00,193.8,202.4,193.3,201.9,617298.4,2026-06-10 15:59:59.999000+00:00,1
2026-06-10 16:00:00+00:00,201.9,202.0,195.1,195.2,369625.9,2026-06-10 19:59:59.999000+00:00,1
2026-06-10 20:00:00+00:00,195.3,196.6,191.6,194.3,303237.1,2026-06-10 23:59:59.999000+00:00,1
2026-06-11 00:00:00+00:00,194.2,202.6,192.4,201.0,570821.3,2026-06-11 03:59:59.999000+00:00,1
2026-06-11 04:00:00+00:00,201.1,202.5,199.2,200.4,274603.7,2026-06-11 07:59:59.999000+00:00,1
2026-06-11 08:00:00+00:00,200.4,202.4,199.6,201.6,197906.6,2026-06-11 11:59:59.999000+00:00,1
2026-06-11 12:00:00+00:00,201.5,201.6,198.1,199.3,241452.4,2026-06-11 15:59:59.999000+00:00,1
2026-06-11 16:00:00+00:00,199.3,205.8,198.8,204.6,421113.4,2026-06-11 19:59:59.999000+00:00,1
2026-06-11 20:00:00+00:00,204.7,210.0,202.4,205.2,303892.1,2026-06-11 23:59:59.999000+00:00,1
2026-06-12 00:00:00+00:00,205.1,206.1,203.5,205.0,136297.0,2026-06-12 03:59:59.999000+00:00,1
2026-06-12 04:00:00+00:00,205.1,206.9,201.3,202.5,277956.4,2026-06-12 07:59:59.999000+00:00,1
2026-06-12 08:00:00+00:00,202.6,205.6,202.6,204.5,204610.9,2026-06-12 11:59:59.999000+00:00,1
2026-06-12 12:00:00+00:00,204.5,208.9,201.6,205.0,502869.7,2026-06-12 15:59:59.999000+00:00,1
2026-06-12 16:00:00+00:00,205.0,206.4,203.2,203.9,263204.1,2026-06-12 19:59:59.999000+00:00,1
2026-06-12 20:00:00+00:00,204.0,205.4,200.7,202.0,165389.6,2026-06-12 23:59:59.999000+00:00,1
2026-06-13 00:00:00+00:00,201.9,204.1,201.6,202.9,183926.5,2026-06-13 03:59:59.999000+00:00,1
2026-06-13 04:00:00+00:00,202.9,209.1,200.6,207.5,336531.0,2026-06-13 07:59:59.999000+00:00,1
2026-06-13 08:00:00+00:00,207.6,208.4,206.1,207.8,214264.0,2026-06-13 11:59:59.999000+00:00,1
2026-06-13 12:00:00+00:00,207.8,209.6,207.5,208.5,194750.8,2026-06-13 15:59:59.999000+00:00,1
2026-06-13 16:00:00+00:00,208.5,208.6,205.6,207.3,198674.0,2026-06-13 19:59:59.999000+00:00,1
2026-06-13 20:00:00+00:00,207.3,209.6,206.8,208.5,109883.2,2026-06-13 23:59:59.999000+00:00,1
2026-06-14 00:00:00+00:00,208.5,209.3,207.6,208.6,151059.6,2026-06-14 03:59:59.999000+00:00,1
2026-06-14 04:00:00+00:00,208.7,208.7,202.1,203.4,371129.9,2026-06-14 07:59:59.999000+00:00,1
2026-06-14 08:00:00+00:00,203.3,204.6,202.2,204.0,182238.2,2026-06-14 11:59:59.999000+00:00,1
2026-06-14 12:00:00+00:00,204.0,204.6,199.3,201.4,328791.2,2026-06-14 15:59:59.999000+00:00,1
2026-06-14 16:00:00+00:00,201.4,202.5,196.6,198.8,359830.5,2026-06-14 19:59:59.999000+00:00,1
2026-06-14 20:00:00+00:00,198.8,210.6,198.5,210.4,647423.9,2026-06-14 23:59:59.999000+00:00,1
2026-06-15 00:00:00+00:00,210.4,212.3,209.2,211.5,385007.7,2026-06-15 03:59:59.999000+00:00,1
2026-06-15 04:00:00+00:00,211.5,213.9,209.8,212.1,253930.5,2026-06-15 07:59:59.999000+00:00,1
2026-06-15 08:00:00+00:00,212.1,228.5,211.8,228.1,846046.1,2026-06-15 11:59:59.999000+00:00,1
2026-06-15 12:00:00+00:00,228.0,231.1,223.4,227.2,950411.6,2026-06-15 15:59:59.999000+00:00,1
2026-06-15 16:00:00+00:00,227.2,227.2,220.3,224.1,287452.8,2026-06-15 19:59:59.999000+00:00,1
2026-06-15 20:00:00+00:00,224.1,228.2,222.9,224.3,229058.4,2026-06-15 23:59:59.999000+00:00,1
2026-06-16 00:00:00+00:00,224.4,225.6,219.2,222.5,338869.8,2026-06-16 03:59:59.999000+00:00,1
2026-06-16 04:00:00+00:00,222.5,225.6,218.9,224.6,554114.1,2026-06-16 07:59:59.999000+00:00,1
2026-06-16 08:00:00+00:00,224.5,227.9,216.6,218.0,677799.1,2026-06-16 11:59:59.999000+00:00,1
2026-06-16 12:00:00+00:00,218.0,221.3,212.8,215.9,684253.8,2026-06-16 15:59:59.999000+00:00,1
2026-06-16 16:00:00+00:00,215.9,219.6,215.5,218.1,159040.0,2026-06-16 19:59:59.999000+00:00,1
2026-06-16 20:00:00+00:00,218.1,223.8,212.4,213.9,429145.9,2026-06-16 23:59:59.999000+00:00,1
2026-06-17 00:00:00+00:00,213.8,217.3,212.3,213.9,421143.4,2026-06-17 03:59:59.999000+00:00,1
2026-06-17 04:00:00+00:00,214.0,215.7,213.6,214.9,164098.5,2026-06-17 07:59:59.999000+00:00,1
2026-06-17 08:00:00+00:00,214.8,214.9,210.7,211.6,291951.5,2026-06-17 11:59:59.999000+00:00,1
2026-06-17 12:00:00+00:00,211.7,216.1,209.9,215.9,447553.6,2026-06-17 15:59:59.999000+00:00,1
2026-06-17 16:00:00+00:00,215.9,217.9,208.4,209.0,533137.2,2026-06-17 19:59:59.999000+00:00,1
2026-06-17 20:00:00+00:00,208.9,213.0,208.5,212.4,178228.5,2026-06-17 23:59:59.999000+00:00,1
2026-06-18 00:00:00+00:00,212.3,216.1,211.2,211.4,233512.8,2026-06-18 03:59:59.999000+00:00,1
2026-06-18 04:00:00+00:00,211.4,211.7,205.8,209.4,374339.5,2026-06-18 07:59:59.999000+00:00,1
2026-06-18 08:00:00+00:00,209.4,210.5,206.6,207.1,176403.8,2026-06-18 11:59:59.999000+00:00,1
2026-06-18 12:00:00+00:00,207.1,207.4,192.9,194.8,958668.0,2026-06-18 15:59:59.999000+00:00,1
2026-06-18 16:00:00+00:00,194.8,198.3,194.3,198.0,314661.5,2026-06-18 19:59:59.999000+00:00,1
2026-06-18 20:00:00+00:00,198.0,200.0,196.2,199.5,191220.6,2026-06-18 23:59:59.999000+00:00,1
2026-06-19 00:00:00+00:00,199.5,199.8,192.7,194.5,383976.8,2026-06-19 03:59:59.999000+00:00,1
2026-06-19 04:00:00+00:00,194.5,195.6,192.8,193.8,250429.4,2026-06-19 07:59:59.999000+00:00,1
2026-06-19 08:00:00+00:00,193.7,195.3,192.6,195.0,223170.1,2026-06-19 11:59:59.999000+00:00,1
2026-06-19 12:00:00+00:00,195.1,198.8,193.7,196.8,357286.9,2026-06-19 15:59:59.999000+00:00,1
2026-06-19 16:00:00+00:00,196.8,198.3,195.6,197.1,122824.2,2026-06-19 19:59:59.999000+00:00,1
2026-06-19 20:00:00+00:00,197.2,198.7,196.2,198.4,104257.9,2026-06-19 23:59:59.999000+00:00,1
2026-06-20 00:00:00+00:00,198.3,199.5,196.7,197.4,154460.5,2026-06-20 03:59:59.999000+00:00,1
2026-06-20 04:00:00+00:00,197.4,200.7,197.1,199.6,206912.4,2026-06-20 07:59:59.999000+00:00,1
2026-06-20 08:00:00+00:00,199.7,199.8,197.1,198.2,137521.2,2026-06-20 11:59:59.999000+00:00,1
2026-06-20 12:00:00+00:00,198.2,200.6,195.3,199.9,258460.1,2026-06-20 15:59:59.999000+00:00,1
2026-06-20 16:00:00+00:00,200.0,200.0,197.3,198.4,120348.6,2026-06-20 19:59:59.999000+00:00,1
2026-06-20 20:00:00+00:00,198.4,200.4,197.8,199.9,104836.0,2026-06-20 23:59:59.999000+00:00,1
2026-06-21 00:00:00+00:00,199.9,200.0,198.0,199.5,94986.4,2026-06-21 03:59:59.999000+00:00,1
2026-06-21 04:00:00+00:00,199.4,200.0,198.1,198.8,90795.4,2026-06-21 07:59:59.999000+00:00,1
2026-06-21 08:00:00+00:00,198.7,199.1,196.7,197.8,155634.1,2026-06-21 11:59:59.999000+00:00,1
2026-06-21 12:00:00+00:00,197.7,200.0,197.3,199.5,99333.7,2026-06-21 15:59:59.999000+00:00,1
2026-06-21 16:00:00+00:00,199.5,199.6,197.6,198.5,83678.6,2026-06-21 19:59:59.999000+00:00,1
2026-06-21 20:00:00+00:00,198.5,198.7,194.3,194.8,242684.1,2026-06-21 23:59:59.999000+00:00,1
2026-06-22 00:00:00+00:00,194.7,201.4,194.7,198.5,345721.2,2026-06-22 03:59:59.999000+00:00,1
2026-06-22 04:00:00+00:00,198.6,200.4,197.8,199.1,143671.8,2026-06-22 07:59:59.999000+00:00,1
2026-06-22 08:00:00+00:00,199.2,201.6,198.7,201.0,174827.8,2026-06-22 11:59:59.999000+00:00,1
2026-06-22 12:00:00+00:00,201.0,205.1,200.1,201.1,569846.4,2026-06-22 15:59:59.999000+00:00,1
2026-06-22 16:00:00+00:00,201.1,201.3,197.3,198.6,354993.8,2026-06-22 19:59:59.999000+00:00,1
2026-06-22 20:00:00+00:00,198.6,199.6,195.8,197.4,180350.5,2026-06-22 23:59:59.999000+00:00,1
2026-06-23 00:00:00+00:00,197.3,198.4,193.3,195.7,664574.9,2026-06-23 03:59:59.999000+00:00,1
2026-06-23 04:00:00+00:00,195.8,196.3,188.9,190.7,519161.7,2026-06-23 07:59:59.999000+00:00,1
2026-06-23 08:00:00+00:00,190.8,191.8,186.1,191.0,581756.4,2026-06-23 11:59:59.999000+00:00,1
2026-06-23 12:00:00+00:00,191.0,193.1,189.1,190.3,392398.1,2026-06-23 15:59:59.999000+00:00,1
2026-06-23 16:00:00+00:00,190.2,191.9,189.3,191.6,146796.9,2026-06-23 19:59:59.999000+00:00,1
2026-06-23 20:00:00+00:00,191.7,194.9,191.6,194.5,132910.9,2026-06-23 23:59:59.999000+00:00,1
2026-06-24 00:00:00+00:00,194.4,196.4,193.9,194.0,252653.7,2026-06-24 03:59:59.999000+00:00,1
2026-06-24 04:00:00+00:00,194.1,195.9,192.5,194.4,202351.0,2026-06-24 07:59:59.999000+00:00,1
2026-06-24 08:00:00+00:00,194.3,194.6,190.9,193.4,186747.6,2026-06-24 11:59:59.999000+00:00,1
2026-06-24 12:00:00+00:00,193.4,194.0,187.6,187.7,378259.3,2026-06-24 15:59:59.999000+00:00,1
2026-06-24 16:00:00+00:00,187.7,189.6,180.7,184.7,897776.6,2026-06-24 19:59:59.999000+00:00,1
2026-06-24 20:00:00+00:00,184.7,190.6,184.3,190.2,254637.4,2026-06-24 23:59:59.999000+00:00,1
2026-06-25 00:00:00+00:00,190.2,191.5,189.8,191.2,152961.4,2026-06-25 03:59:59.999000+00:00,1
2026-06-25 04:00:00+00:00,191.2,195.7,190.5,194.8,224516.9,2026-06-25 07:59:59.999000+00:00,1
2026-06-25 08:00:00+00:00,194.8,196.9,192.8,193.9,261341.5,2026-06-25 11:59:59.999000+00:00,1
2026-06-25 12:00:00+00:00,193.8,195.9,182.0,189.0,892121.6,2026-06-25 15:59:59.999000+00:00,1
2026-06-25 16:00:00+00:00,189.1,191.3,186.5,187.2,250746.4,2026-06-25 19:59:59.999000+00:00,1
2026-06-25 20:00:00+00:00,187.2,193.6,187.0,192.8,166211.1,2026-06-25 23:59:59.999000+00:00,1
2026-06-26 00:00:00+00:00,192.9,193.8,184.8,191.7,427379.6,2026-06-26 03:59:59.999000+00:00,1
2026-06-26 04:00:00+00:00,191.7,196.0,190.4,195.7,347411.4,2026-06-26 07:59:59.999000+00:00,1
2026-06-26 08:00:00+00:00,195.6,195.9,192.2,193.2,295812.5,2026-06-26 11:59:59.999000+00:00,1
2026-06-26 12:00:00+00:00,193.2,201.6,191.1,200.3,702853.2,2026-06-26 15:59:59.999000+00:00,1
2026-06-26 16:00:00+00:00,200.3,202.9,197.0,197.6,381060.4,2026-06-26 19:59:59.999000+00:00,1
2026-06-26 20:00:00+00:00,197.7,199.1,196.5,197.3,152802.4,2026-06-26 23:59:59.999000+00:00,1
2026-06-27 00:00:00+00:00,197.2,197.7,194.2,196.5,195965.3,2026-06-27 03:59:59.999000+00:00,1
2026-06-27 04:00:00+00:00,196.4,198.1,196.4,197.1,87304.0,2026-06-27 07:59:59.999000+00:00,1
2026-06-27 08:00:00+00:00,197.0,197.4,195.3,196.2,85496.9,2026-06-27 11:59:59.999000+00:00,1
2026-06-27 12:00:00+00:00,196.1,199.9,195.9,199.3,135924.2,2026-06-27 15:59:59.999000+00:00,1
2026-06-27 16:00:00+00:00,199.4,199.7,195.8,196.4,106384.0,2026-06-27 19:59:59.999000+00:00,1
2026-06-27 20:00:00+00:00,196.5,198.0,194.6,195.3,78496.6,2026-06-27 23:59:59.999000+00:00,1
2026-06-28 00:00:00+00:00,195.2,197.8,192.9,194.8,343642.6,2026-06-28 03:59:59.999000+00:00,1
2026-06-28 04:00:00+00:00,194.8,195.1,191.9,193.1,111993.0,2026-06-28 07:59:59.999000+00:00,1
2026-06-28 08:00:00+00:00,193.1,194.9,191.9,193.5,124256.9,2026-06-28 11:59:59.999000+00:00,1
2026-06-28 12:00:00+00:00,193.4,194.1,191.9,193.0,101644.1,2026-06-28 15:59:59.999000+00:00,1
2026-06-28 16:00:00+00:00,193.1,193.1,188.7,190.4,195682.1,2026-06-28 19:59:59.999000+00:00,1
2026-06-28 20:00:00+00:00,190.3,192.1,188.1,190.8,137264.2,2026-06-28 23:59:59.999000+00:00,1
2026-06-29 00:00:00+00:00,190.7,194.7,188.3,193.9,215457.5,2026-06-29 03:59:59.999000+00:00,1
2026-06-29 04:00:00+00:00,194.0,198.2,191.6,196.6,311004.6,2026-06-29 07:59:59.999000+00:00,1
2026-06-29 08:00:00+00:00,196.6,197.9,194.7,196.3,172475.0,2026-06-29 11:59:59.999000+00:00,1
2026-06-29 12:00:00+00:00,196.3,199.2,193.5,196.2,345128.2,2026-06-29 15:59:59.999000+00:00,1
2026-06-29 16:00:00+00:00,196.3,202.8,195.4,202.2,247137.8,2026-06-29 19:59:59.999000+00:00,1
2026-06-29 20:00:00+00:00,202.3,202.8,199.9,201.1,74261.8,2026-06-29 23:59:59.999000+00:00,1
2026-06-30 00:00:00+00:00,201.1,201.5,198.0,199.5,172994.6,2026-06-30 03:59:59.999000+00:00,1
2026-06-30 04:00:00+00:00,199.4,200.5,198.0,200.3,114659.0,2026-06-30 07:59:59.999000+00:00,1
2026-06-30 08:00:00+00:00,200.3,202.0,198.7,199.1,239267.1,2026-06-30 11:59:59.999000+00:00,1
2026-06-30 12:00:00+00:00,199.1,201.3,194.0,200.2,493613.8,2026-06-30 15:59:59.999000+00:00,1
2026-06-30 16:00:00+00:00,200.3,202.4,198.0,200.3,235170.3,2026-06-30 19:59:59.999000+00:00,1
2026-06-30 20:00:00+00:00,200.2,200.7,198.4,199.8,50525.2,2026-06-30 23:59:59.999000+00:00,1
2026-07-01 00:00:00+00:00,199.9,210.3,195.8,207.3,476251.4,2026-07-01 03:59:59.999000+00:00,1
2026-07-01 04:00:00+00:00,207.4,207.8,201.5,203.0,296995.6,2026-07-01 07:59:59.999000+00:00,1
2026-07-01 08:00:00+00:00,202.9,207.2,201.6,203.6,283878.2,2026-07-01 11:59:59.999000+00:00,1
2026-07-01 12:00:00+00:00,203.7,218.5,201.6,214.7,854335.8,2026-07-01 15:59:59.999000+00:00,1
2026-07-01 16:00:00+00:00,214.6,216.3,211.1,212.3,231390.5,2026-07-01 19:59:59.999000+00:00,1
2026-07-01 20:00:00+00:00,212.3,218.7,208.0,209.8,387980.9,2026-07-01 23:59:59.999000+00:00,1
2026-07-02 00:00:00+00:00,209.9,218.2,209.8,217.9,282962.9,2026-07-02 03:59:59.999000+00:00,1
2026-07-02 04:00:00+00:00,217.8,218.0,213.2,213.5,203345.4,2026-07-02 07:59:59.999000+00:00,1
2026-07-02 08:00:00+00:00,213.4,219.4,212.8,216.1,365054.9,2026-07-02 11:59:59.999000+00:00,1
2026-07-02 12:00:00+00:00,216.0,219.7,214.6,217.6,439619.3,2026-07-02 15:59:59.999000+00:00,1
2026-07-02 16:00:00+00:00,217.5,223.1,216.0,219.8,376804.0,2026-07-02 19:59:59.999000+00:00,1
2026-07-02 20:00:00+00:00,219.7,221.6,218.9,220.1,118952.7,2026-07-02 23:59:59.999000+00:00,1
2026-07-03 00:00:00+00:00,220.0,226.2,219.0,220.9,287690.4,2026-07-03 03:59:59.999000+00:00,1
2026-07-03 04:00:00+00:00,220.8,224.6,219.7,224.0,147853.7,2026-07-03 07:59:59.999000+00:00,1
2026-07-03 08:00:00+00:00,224.0,228.0,222.9,226.2,277731.4,2026-07-03 11:59:59.999000+00:00,1
2026-07-03 12:00:00+00:00,226.1,229.9,224.4,227.4,364430.0,2026-07-03 15:59:59.999000+00:00,1
2026-07-03 16:00:00+00:00,227.4,229.4,226.1,227.4,156633.2,2026-07-03 19:59:59.999000+00:00,1
2026-07-03 20:00:00+00:00,227.4,231.4,227.1,229.2,158901.0,2026-07-03 23:59:59.999000+00:00,1
2026-07-04 00:00:00+00:00,229.2,229.2,225.6,226.4,158685.7,2026-07-04 03:59:59.999000+00:00,1
2026-07-04 04:00:00+00:00,226.4,228.0,225.6,226.6,121917.6,2026-07-04 07:59:59.999000+00:00,1
2026-07-04 08:00:00+00:00,226.5,226.7,223.7,225.8,115105.9,2026-07-04 11:59:59.999000+00:00,1
2026-07-04 12:00:00+00:00,225.7,232.8,225.2,232.4,299444.0,2026-07-04 15:59:59.999000+00:00,1
2026-07-04 16:00:00+00:00,232.3,234.7,230.6,233.7,275967.9,2026-07-04 19:59:59.999000+00:00,1
2026-07-04 20:00:00+00:00,233.7,237.6,230.6,235.9,351425.6,2026-07-04 23:59:59.999000+00:00,1
2026-07-05 00:00:00+00:00,235.9,241.6,233.9,236.4,479155.5,2026-07-05 03:59:59.999000+00:00,1
2026-07-05 04:00:00+00:00,236.3,241.7,235.7,240.5,463548.7,2026-07-05 07:59:59.999000+00:00,1
2026-07-05 08:00:00+00:00,240.5,242.6,235.8,236.5,504569.0,2026-07-05 11:59:59.999000+00:00,1
2026-07-05 12:00:00+00:00,236.5,242.1,234.7,237.5,463227.3,2026-07-05 15:59:59.999000+00:00,1
2026-07-05 16:00:00+00:00,237.6,249.3,236.7,247.9,408687.0,2026-07-05 19:59:59.999000+00:00,1
2026-07-05 20:00:00+00:00,247.9,248.0,241.7,244.1,400831.7,2026-07-05 23:59:59.999000+00:00,1
2026-07-06 00:00:00+00:00,244.1,245.4,239.3,241.2,290362.7,2026-07-06 03:59:59.999000+00:00,1
2026-07-06 04:00:00+00:00,241.2,243.9,238.2,240.4,380125.8,2026-07-06 07:59:59.999000+00:00,1
2026-07-06 08:00:00+00:00,240.4,242.3,236.2,236.7,405855.8,2026-07-06 11:59:59.999000+00:00,1
2026-07-06 12:00:00+00:00,236.8,239.9,234.3,239.6,487529.0,2026-07-06 15:59:59.999000+00:00,1
2026-07-06 16:00:00+00:00,239.5,248.7,239.0,246.0,380130.7,2026-07-06 19:59:59.999000+00:00,1
2026-07-06 20:00:00+00:00,246.1,251.0,240.9,241.9,310021.4,2026-07-06 23:59:59.999000+00:00,1
2026-07-07 00:00:00+00:00,241.9,242.6,236.8,237.7,304281.9,2026-07-07 03:59:59.999000+00:00,1
2026-07-07 04:00:00+00:00,237.8,240.6,237.5,238.6,217040.6,2026-07-07 07:59:59.999000+00:00,1
2026-07-07 08:00:00+00:00,238.6,239.7,237.6,239.3,134975.6,2026-07-07 11:59:59.999000+00:00,1
2026-07-07 12:00:00+00:00,239.4,242.8,234.6,242.8,398784.9,2026-07-07 15:59:59.999000+00:00,1
2026-07-07 16:00:00+00:00,242.8,244.8,239.5,243.2,282040.4,2026-07-07 19:59:59.999000+00:00,1
2026-07-07 20:00:00+00:00,243.3,243.4,237.5,239.1,157429.3,2026-07-07 23:59:59.999000+00:00,1
2026-07-08 00:00:00+00:00,239.1,241.7,236.1,236.4,252897.2,2026-07-08 03:59:59.999000+00:00,1
2026-07-08 04:00:00+00:00,236.4,239.2,236.0,238.1,166522.2,2026-07-08 07:59:59.999000+00:00,1
2026-07-08 08:00:00+00:00,238.2,238.6,228.8,234.7,502249.3,2026-07-08 11:59:59.999000+00:00,1
2026-07-08 12:00:00+00:00,234.8,234.8,229.9,231.7,382170.3,2026-07-08 15:59:59.999000+00:00,1
2026-07-08 16:00:00+00:00,231.8,236.8,231.5,234.7,118414.7,2026-07-08 19:59:59.999000+00:00,1
2026-07-08 20:00:00+00:00,234.6,236.5,232.3,235.1,77774.1,2026-07-08 23:59:59.999000+00:00,1
2026-07-09 00:00:00+00:00,235.2,236.6,231.2,233.9,185179.8,2026-07-09 03:59:59.999000+00:00,1
2026-07-09 04:00:00+00:00,234.0,240.5,233.6,239.1,170354.7,2026-07-09 07:59:59.999000+00:00,1
2026-07-09 08:00:00+00:00,239.3,239.6,235.4,236.9,116653.1,2026-07-09 11:59:59.999000+00:00,1
2026-07-09 12:00:00+00:00,237.0,238.5,236.0,236.7,147487.5,2026-07-09 15:59:59.999000+00:00,1
2026-07-09 16:00:00+00:00,236.8,241.4,235.0,237.7,165528.7,2026-07-09 19:59:59.999000+00:00,1
2026-07-09 20:00:00+00:00,237.8,238.5,236.5,237.5,54629.3,2026-07-09 23:59:59.999000+00:00,1
2026-07-10 00:00:00+00:00,237.5,242.9,236.7,242.0,226940.1,2026-07-10 03:59:59.999000+00:00,1
2026-07-10 04:00:00+00:00,242.1,243.6,241.5,243.2,103239.1,2026-07-10 07:59:59.999000+00:00,1
2026-07-10 08:00:00+00:00,243.2,250.0,243.2,248.1,354246.6,2026-07-10 11:59:59.999000+00:00,1
2026-07-10 12:00:00+00:00,248.1,254.9,247.3,249.4,424714.0,2026-07-10 15:59:59.999000+00:00,1
2026-07-10 16:00:00+00:00,249.5,249.9,244.6,245.8,158066.2,2026-07-10 19:59:59.999000+00:00,1
2026-07-10 20:00:00+00:00,245.7,246.8,244.6,245.0,78029.7,2026-07-10 23:59:59.999000+00:00,1
2026-07-11 00:00:00+00:00,245.1,245.9,243.2,245.6,110626.3,2026-07-11 03:59:59.999000+00:00,1
2026-07-11 04:00:00+00:00,245.5,245.6,243.7,244.1,50014.0,2026-07-11 07:59:59.999000+00:00,1
2026-07-11 08:00:00+00:00,244.1,247.5,243.9,246.6,83857.5,2026-07-11 11:59:59.999000+00:00,1
2026-07-11 12:00:00+00:00,246.7,250.0,246.5,247.9,246501.6,2026-07-11 15:59:59.999000+00:00,1
2026-07-11 16:00:00+00:00,247.9,250.0,246.1,247.9,249119.0,2026-07-11 19:59:59.999000+00:00,1
2026-07-11 20:00:00+00:00,248.0,248.1,243.6,243.7,122551.7,2026-07-11 23:59:59.999000+00:00,1
2026-07-12 00:00:00+00:00,243.6,246.7,243.0,245.7,124391.4,2026-07-12 03:59:59.999000+00:00,1
2026-07-12 04:00:00+00:00,245.8,246.2,243.1,244.4,171334.8,2026-07-12 07:59:59.999000+00:00,1
2026-07-12 08:00:00+00:00,244.3,247.8,243.4,246.2,94300.2,2026-07-12 11:59:59.999000+00:00,1
2026-07-12 12:00:00+00:00,246.1,247.4,244.7,245.2,124295.4,2026-07-12 15:59:59.999000+00:00,1
2026-07-12 16:00:00+00:00,245.2,246.9,243.9,246.6,76241.7,2026-07-12 19:59:59.999000+00:00,1
2026-07-12 20:00:00+00:00,246.6,247.0,238.7,240.1,214187.6,2026-07-12 23:59:59.999000+00:00,1
2026-07-13 00:00:00+00:00,240.0,244.7,234.6,236.2,263307.4,2026-07-13 03:59:59.999000+00:00,1
2026-07-13 04:00:00+00:00,236.1,237.5,235.0,236.9,136668.6,2026-07-13 07:59:59.999000+00:00,1
2026-07-13 08:00:00+00:00,237.0,239.4,237.0,237.5,81886.9,2026-07-13 11:59:59.999000+00:00,1
2026-07-13 12:00:00+00:00,237.5,239.8,235.8,236.9,204056.4,2026-07-13 15:59:59.999000+00:00,1
2026-07-13 16:00:00+00:00,236.9,237.7,234.4,236.0,99358.3,2026-07-13 19:59:59.999000+00:00,1
2026-07-13 20:00:00+00:00,236.0,236.5,232.2,236.2,77520.4,2026-07-13 23:59:59.999000+00:00,1
2026-07-14 00:00:00+00:00,236.3,237.4,231.0,233.6,225632.8,2026-07-14 03:59:59.999000+00:00,1
2026-07-14 04:00:00+00:00,233.5,237.3,232.5,234.7,121559.5,2026-07-14 07:59:59.999000+00:00,1
2026-07-14 08:00:00+00:00,234.6,238.0,234.4,237.7,62067.5,2026-07-14 11:59:59.999000+00:00,1
2026-07-14 12:00:00+00:00,237.7,242.1,237.0,238.9,310227.3,2026-07-14 15:59:59.999000+00:00,1
2026-07-14 16:00:00+00:00,238.9,239.6,235.6,235.7,140830.8,2026-07-14 19:59:59.999000+00:00,1
2026-07-14 20:00:00+00:00,235.7,237.4,235.2,236.6,77133.3,2026-07-14 23:59:59.999000+00:00,1
2026-07-15 00:00:00+00:00,236.6,236.8,230.9,233.2,189228.5,2026-07-15 03:59:59.999000+00:00,1
2026-07-15 04:00:00+00:00,233.3,238.1,232.5,234.9,226056.7,2026-07-15 07:59:59.999000+00:00,1
2026-07-15 08:00:00+00:00,234.9,236.8,234.0,235.2,82117.1,2026-07-15 11:59:59.999000+00:00,1
2026-07-15 12:00:00+00:00,235.2,237.9,233.3,234.2,198171.0,2026-07-15 15:59:59.999000+00:00,1
2026-07-15 16:00:00+00:00,234.2,234.6,225.5,227.4,457817.5,2026-07-15 19:59:59.999000+00:00,1
2026-07-15 20:00:00+00:00,227.4,229.0,221.9,222.9,278327.4,2026-07-15 23:59:59.999000+00:00,1
2026-07-16 00:00:00+00:00,222.8,224.2,219.8,220.7,375612.2,2026-07-16 03:59:59.999000+00:00,1
2026-07-16 04:00:00+00:00,220.7,226.7,220.2,224.3,341982.2,2026-07-16 07:59:59.999000+00:00,1
2026-07-16 08:00:00+00:00,224.3,224.4,219.2,222.1,334201.1,2026-07-16 11:59:59.999000+00:00,1
2026-07-16 12:00:00+00:00,222.1,224.1,220.1,222.6,189028.1,2026-07-16 15:59:59.999000+00:00,1
2026-07-16 16:00:00+00:00,222.7,224.1,220.6,222.3,146291.9,2026-07-16 19:59:59.999000+00:00,1
2026-07-16 20:00:00+00:00,222.4,223.2,220.4,221.7,96138.4,2026-07-16 23:59:59.999000+00:00,1
2026-07-17 00:00:00+00:00,221.7,224.4,221.2,222.8,137696.3,2026-07-17 03:59:59.999000+00:00,1
2026-07-17 04:00:00+00:00,222.8,223.9,221.5,221.9,161423.9,2026-07-17 07:59:59.999000+00:00,1
2026-07-17 08:00:00+00:00,221.9,223.5,216.7,218.3,260013.8,2026-07-17 11:59:59.999000+00:00,1
2026-07-17 12:00:00+00:00,218.3,219.0,213.7,216.7,502205.5,2026-07-17 15:59:59.999000+00:00,1
2026-07-17 16:00:00+00:00,216.7,220.7,215.7,219.8,236063.7,2026-07-17 19:59:59.999000+00:00,1
2026-07-17 20:00:00+00:00,219.9,221.4,218.7,219.5,101322.5,2026-07-17 23:59:59.999000+00:00,1
2026-07-18 00:00:00+00:00,219.6,220.3,218.2,219.2,105325.0,2026-07-18 03:59:59.999000+00:00,1
2026-07-18 04:00:00+00:00,219.3,219.8,218.1,218.6,48748.5,2026-07-18 07:59:59.999000+00:00,1
2026-07-18 08:00:00+00:00,218.7,219.6,216.6,219.3,86210.9,2026-07-18 11:59:59.999000+00:00,1
2026-07-18 12:00:00+00:00,219.3,221.6,218.2,219.5,107392.4,2026-07-18 15:59:59.999000+00:00,1
2026-07-18 16:00:00+00:00,219.6,221.0,218.3,220.0,85182.7,2026-07-18 19:59:59.999000+00:00,1
2026-07-18 20:00:00+00:00,220.1,220.9,219.4,219.9,31781.6,2026-07-18 23:59:59.999000+00:00,1
2026-07-19 00:00:00+00:00,219.9,220.3,218.0,218.2,78931.0,2026-07-19 03:59:59.999000+00:00,1
2026-07-19 04:00:00+00:00,218.1,219.3,217.5,217.9,64986.4,2026-07-19 07:59:59.999000+00:00,1
2026-07-19 08:00:00+00:00,217.8,218.3,216.7,217.0,87291.5,2026-07-19 11:59:59.999000+00:00,1
2026-07-19 12:00:00+00:00,217.1,217.5,214.0,216.1,183217.9,2026-07-19 15:59:59.999000+00:00,1
2026-07-19 16:00:00+00:00,216.0,217.8,214.8,217.5,112141.0,2026-07-19 19:59:59.999000+00:00,1
2026-07-19 20:00:00+00:00,217.6,217.6,213.8,215.1,93805.2,2026-07-19 23:59:59.999000+00:00,1
2026-07-20 00:00:00+00:00,215.1,215.4,211.3,214.0,243193.7,2026-07-20 03:59:59.999000+00:00,1
2026-07-20 04:00:00+00:00,213.9,213.9,209.6,212.4,212210.9,2026-07-20 07:59:59.999000+00:00,1
2026-07-20 08:00:00+00:00,212.4,215.3,210.9,214.8,142266.1,2026-07-20 11:59:59.999000+00:00,1
2026-07-20 12:00:00+00:00,214.8,218.8,214.0,217.6,272374.9,2026-07-20 15:59:59.999000+00:00,1
2026-07-20 16:00:00+00:00,217.7,218.3,216.3,217.6,107191.4,2026-07-20 19:59:59.999000+00:00,1
2026-07-20 20:00:00+00:00,217.6,221.2,217.4,219.7,156768.5,2026-07-20 23:59:59.999000+00:00,1
2026-07-21 00:00:00+00:00,219.7,223.6,219.5,223.4,156514.3,2026-07-21 03:59:59.999000+00:00,1
2026-07-21 04:00:00+00:00,223.3,224.8,222.5,223.8,190459.7,2026-07-21 07:59:59.999000+00:00,1
2026-07-21 08:00:00+00:00,223.7,225.7,223.2,225.0,143438.4,2026-07-21 11:59:59.999000+00:00,1
2026-07-21 12:00:00+00:00,225.1,226.6,223.4,225.5,166889.7,2026-07-21 15:59:59.999000+00:00,1
2026-07-21 16:00:00+00:00,225.4,225.6,223.1,223.8,126900.9,2026-07-21 19:59:59.999000+00:00,1
2026-07-21 20:00:00+00:00,223.8,225.1,222.9,223.6,44241.9,2026-07-21 23:59:59.999000+00:00,1
2026-07-22 00:00:00+00:00,223.7,225.4,223.3,224.0,71222.7,2026-07-22 03:59:59.999000+00:00,1
2026-07-22 04:00:00+00:00,224.0,224.8,220.1,220.7,162173.5,2026-07-22 07:59:59.999000+00:00,1
2026-07-22 08:00:00+00:00,220.7,222.5,220.4,221.0,97189.6,2026-07-22 11:59:59.999000+00:00,1
2026-07-22 12:00:00+00:00,221.0,222.5,219.4,220.6,134852.3,2026-07-22 15:59:59.999000+00:00,1
2026-07-22 16:00:00+00:00,220.5,221.3,218.1,219.1,98904.5,2026-07-22 19:59:59.999000+00:00,1
2026-07-22 20:00:00+00:00,219.0,220.7,218.5,219.8,62796.0,2026-07-22 23:59:59.999000+00:00,1
2026-07-23 00:00:00+00:00,219.8,220.4,217.4,217.9,79022.6,2026-07-23 03:59:59.999000+00:00,1
2026-07-23 04:00:00+00:00,217.9,218.2,215.2,215.8,111833.4,2026-07-23 07:59:59.999000+00:00,1
2026-07-23 08:00:00+00:00,215.7,217.3,215.5,216.1,91359.9,2026-07-23 11:59:59.999000+00:00,1
2026-07-23 12:00:00+00:00,216.0,216.7,213.2,214.2,198856.8,2026-07-23 15:59:59.999000+00:00,1
2026-07-23 16:00:00+00:00,214.1,214.1,208.1,210.0,237050.6,2026-07-23 19:59:59.999000+00:00,1
2026-07-23 20:00:00+00:00,209.9,212.8,209.6,211.7,85280.8,2026-07-23 23:59:59.999000+00:00,1
2026-07-24 00:00:00+00:00,211.6,212.1,209.2,211.6,107002.7,2026-07-24 03:59:59.999000+00:00,1
2026-07-24 04:00:00+00:00,211.7,213.2,210.6,212.3,83668.3,2026-07-24 07:59:59.999000+00:00,1
2026-07-24 08:00:00+00:00,212.4,212.4,209.6,210.1,90257.9,2026-07-24 11:59:59.999000+00:00,1
2026-07-24 12:00:00+00:00,210.1,210.6,207.5,209.6,204230.1,2026-07-24 15:59:59.999000+00:00,1
2026-07-24 16:00:00+00:00,209.6,210.3,208.2,209.6,63731.1,2026-07-24 19:59:59.999000+00:00,1
2026-07-24 20:00:00+00:00,209.6,210.8,208.4,210.7,42845.5,2026-07-24 23:59:59.999000+00:00,1
2026-07-25 00:00:00+00:00,210.7,211.3,209.9,210.8,57123.8,2026-07-25 03:59:59.999000+00:00,1
2026-07-25 04:00:00+00:00,210.9,212.8,209.6,211.3,70397.9,2026-07-25 07:59:59.999000+00:00,1
2026-07-25 08:00:00+00:00,211.3,211.4,209.2,210.4,60894.8,2026-07-25 11:59:59.999000+00:00,1
2026-07-25 12:00:00+00:00,210.5,211.3,209.2,209.7,39108.4,2026-07-25 15:59:59.999000+00:00,1
2026-07-25 16:00:00+00:00,209.8,210.5,209.2,209.3,45352.1,2026-07-25 19:59:59.999000+00:00,1
2026-07-25 20:00:00+00:00,209.3,210.3,208.8,209.6,44796.9,2026-07-25 23:59:59.999000+00:00,1
2026-07-26 00:00:00+00:00,209.7,211.7,208.9,210.8,64716.7,2026-07-26 03:59:59.999000+00:00,1
2026-07-26 04:00:00+00:00,210.8,211.4,209.0,209.9,47894.3,2026-07-26 07:59:59.999000+00:00,1
2026-07-26 08:00:00+00:00,209.8,211.6,209.5,210.5,45865.4,2026-07-26 11:59:59.999000+00:00,1
2026-07-26 12:00:00+00:00,210.5,212.3,210.1,212.1,86842.8,2026-07-26 15:59:59.999000+00:00,1
2026-07-26 16:00:00+00:00,212.2,218.8,211.8,217.1,273682.8,2026-07-26 19:59:59.999000+00:00,1
2026-07-26 20:00:00+00:00,217.1,217.4,213.8,216.9,131270.1,2026-07-26 23:59:59.999000+00:00,1
2026-07-27 00:00:00+00:00,216.9,218.8,214.4,215.8,177725.9,2026-07-27 03:59:59.999000+00:00,1
2026-07-27 04:00:00+00:00,215.8,218.7,215.7,216.3,129134.9,2026-07-27 07:59:59.999000+00:00,1
2026-07-27 08:00:00+00:00,216.3,219.6,213.7,218.8,208576.7,2026-07-27 11:59:59.999000+00:00,1
2026-07-27 12:00:00+00:00,218.9,219.8,212.7,215.2,280200.7,2026-07-27 15:59:59.999000+00:00,1
2026-07-27 16:00:00+00:00,215.1,216.6,213.5,215.5,93830.7,2026-07-27 19:59:59.999000+00:00,1
2026-07-27 20:00:00+00:00,215.5,216.3,210.7,211.6,129136.0,2026-07-27 23:59:59.999000+00:00,1
2026-07-28 00:00:00+00:00,211.5,215.2,211.1,213.4,152888.0,2026-07-28 03:59:59.999000+00:00,1
2026-07-28 04:00:00+00:00,213.4,213.9,211.8,212.5,80586.3,2026-07-28 07:59:59.999000+00:00,1
2026-07-28 08:00:00+00:00,212.5,214.3,211.7,212.6,99411.1,2026-07-28 11:59:59.999000+00:00,1
2026-07-28 12:00:00+00:00,212.6,215.0,208.8,214.6,288526.5,2026-07-28 15:59:59.999000+00:00,1
2026-07-28 16:00:00+00:00,214.6,214.7,211.6,213.3,138036.5,2026-07-28 19:59:59.999000+00:00,1
2026-07-28 20:00:00+00:00,213.4,214.7,212.3,214.0,51457.8,2026-07-28 23:59:59.999000+00:00,1
2026-07-29 00:00:00+00:00,214.1,216.0,211.0,211.4,115049.4,2026-07-29 03:59:59.999000+00:00,1
2026-07-29 04:00:00+00:00,211.4,215.7,210.6,214.0,116687.5,2026-07-29 07:59:59.999000+00:00,1
2026-07-29 08:00:00+00:00,214.1,214.2,211.2,212.0,100140.6,2026-07-29 11:59:59.999000+00:00,1
2026-07-29 12:00:00+00:00,212.0,212.2,209.1,210.7,173868.0,2026-07-29 15:59:59.999000+00:00,1
2026-07-29 16:00:00+00:00,210.7,212.5,205.5,205.7,252117.4,2026-07-29 19:59:59.999000+00:00,1
2026-07-29 20:00:00+00:00,205.8,212.4,204.2,211.2,249321.5,2026-07-29 23:59:59.999000+00:00,1
2026-07-30 00:00:00+00:00,211.3,211.5,208.1,210.1,105052.8,2026-07-30 03:59:59.999000+00:00,1
2026-07-30 04:00:00+00:00,210.1,211.0,209.3,209.4,38285.3,2026-07-30 07:59:59.999000+00:00,1
2026-07-30 08:00:00+00:00,209.4,211.3,209.3,211.0,63074.8,2026-07-30 11:59:59.999000+00:00,1
2026-07-30 12:00:00+00:00,211.1,221.5,211.0,219.6,417022.3,2026-07-30 15:59:59.999000+00:00,1
2026-07-30 16:00:00+00:00,219.7,221.8,218.1,218.4,205122.9,2026-07-30 19:59:59.999000+00:00,1
2026-07-30 20:00:00+00:00,218.4,219.1,215.7,216.8,134704.5,2026-07-30 23:59:59.999000+00:00,1
2026-07-31 00:00:00+00:00,216.8,218.2,213.5,214.5,172953.1,2026-07-31 03:59:59.999000+00:00,1
2026-07-31 04:00:00+00:00,214.4,214.9,211.8,213.7,96864.1,2026-07-31 07:59:59.999000+00:00,1
2026-07-31 08:00:00+00:00,213.7,214.0,205.2,207.2,448656.3,2026-07-31 11:59:59.999000+00:00,1
2026-07-31 12:00:00+00:00,207.3,208.0,205.3,207.2,212145.0,2026-07-31 15:59:59.999000+00:00,1
2026-07-31 16:00:00+00:00,207.2,209.7,207.1,208.3,106235.5,2026-07-31 19:59:59.999000+00:00,1
2026-07-31 20:00:00+00:00,208.3,210.2,208.0,209.8,67414.0,2026-07-31 23:59:59.999000+00:00,1
2026-08-01 00:00:00+00:00,209.8,212.4,208.7,211.0,156962.8,2026-08-01 03:59:59.999000+00:00,1
2026-08-01 04:00:00+00:00,211.0,211.6,210.1,210.4,53352.7,2026-08-01 07:59:59.999000+00:00,1
2026-08-01 08:00:00+00:00,210.3,211.1,207.6,208.3,108855.7,2026-08-01 11:59:59.999000+00:00,1
2026-08-01 12:00:00+00:00,208.2,208.6,207.0,207.6,71771.4,2026-08-01 15:59:59.999000+00:00,1
2026-08-01 16:00:00+00:00,207.5,208.3,205.6,206.5,137870.8,2026-08-01 19:59:59.999000+00:00,1
2026-08-01 20:00:00+00:00,206.4,208.9,206.3,207.8,78104.1,2026-08-01 23:59:59.999000+00:00,1
2026-08-02 00:00:00+00:00,207.8,209.6,206.8,209.0,101261.8,2026-08-02 03:59:59.999000+00:00,1
2026-08-02 04:00:00+00:00,209.0,213.0,208.9,211.9,164276.7,2026-08-02 07:59:59.999000+00:00,1
2026-08-02 08:00:00+00:00,212.0,212.8,211.1,211.7,98046.3,2026-08-02 11:59:59.999000+00:00,1
2026-08-02 12:00:00+00:00,211.7,213.3,211.5,213.1,81380.0,2026-08-02 15:59:59.999000+00:00,1
2026-08-02 16:00:00+00:00,213.0,214.2,212.0,213.9,95467.3,2026-08-02 19:59:59.999000+00:00,1
2026-08-02 20:00:00+00:00,213.9,214.8,211.6,212.5,76533.1,2026-08-02 23:59:59.999000+00:00,1
2026-08-03 00:00:00+00:00,212.5,212.8,209.9,210.7,122512.3,2026-08-03 03:59:59.999000+00:00,1
2026-08-03 04:00:00+00:00,210.6,211.6,209.5,209.7,100787.3,2026-08-03 07:59:59.999000+00:00,1
2026-08-03 08:00:00+00:00,209.8,210.7,208.4,209.7,95923.4,2026-08-03 11:59:59.999000+00:00,1
2026-08-03 12:00:00+00:00,209.7,211.6,209.2,211.1,141237.9,2026-08-03 15:59:59.999000+00:00,1
2026-08-03 16:00:00+00:00,211.1,215.3,210.6,213.7,159741.0,2026-08-03 19:59:59.999000+00:00,1
2026-08-03 20:00:00+00:00,213.7,214.6,212.8,213.1,77256.6,2026-08-03 23:59:59.999000+00:00,1
2026-08-04 00:00:00+00:00,213.2,213.9,210.6,212.9,160592.9,2026-08-04 03:59:59.999000+00:00,1
2026-08-04 04:00:00+00:00,212.9,214.4,212.6,213.0,104775.7,2026-08-04 07:59:59.999000+00:00,1
2026-08-04 08:00:00+00:00,213.1,214.2,212.5,214.1,116741.8,2026-08-04 11:59:59.999000+00:00,1
2026-08-04 12:00:00+00:00,214.1,214.7,212.4,213.9,429636.1,2026-08-04 15:59:59.999000+00:00,1
2026-08-04 16:00:00+00:00,213.9,214.4,212.0,214.2,224569.9,2026-08-04 19:59:59.999000+00:00,1
2026-08-04 20:00:00+00:00,214.2,214.4,212.8,213.2,148466.2,2026-08-04 23:59:59.999000+00:00,1
2026-08-05 00:00:00+00:00,213.2,213.8,210.3,211.1,293365.1,2026-08-05 03:59:59.999000+00:00,1
2026-08-05 04:00:00+00:00,211.0,212.3,209.7,210.5,108374.7,2026-08-05 07:59:59.999000+00:00,1
2026-08-05 08:00:00+00:00,210.5,214.5,210.0,213.0,245732.6,2026-08-05 11:59:59.999000+00:00,1
2026-08-05 12:00:00+00:00,213.0,214.9,211.5,212.5,143029.6,2026-08-05 15:59:59.999000+00:00,1
2026-08-05 16:00:00+00:00,212.4,215.8,212.2,215.5,99661.1,2026-08-05 19:59:59.999000+00:00,1
2026-08-05 20:00:00+00:00,215.5,217.3,213.4,214.5,96499.3,2026-08-05 23:59:59.999000+00:00,1
2026-08-06 00:00:00+00:00,214.6,214.7,212.2,213.8,96746.1,2026-08-06 03:59:59.999000+00:00,1
2026-08-06 04:00:00+00:00,213.9,215.6,213.6,214.4,77881.4,2026-08-06 07:59:59.999000+00:00,1
2026-08-06 08:00:00+00:00,214.5,215.0,210.6,211.8,132384.4,2026-08-06 11:59:59.999000+00:00,1
2026-08-06 12:00:00+00:00,211.7,214.2,210.4,213.8,98914.3,2026-08-06 15:59:59.999000+00:00,1
2026-08-06 16:00:00+00:00,213.8,215.0,212.9,213.3,61473.6,2026-08-06 19:59:59.999000+00:00,1
2026-08-06 20:00:00+00:00,213.3,213.9,211.8,212.6,31107.9,2026-08-06 23:59:59.999000+00:00,1
2026-08-07 00:00:00+00:00,212.6,214.0,212.4,212.7,54024.9,2026-08-07 03:59:59.999000+00:00,1
2026-08-07 04:00:00+00:00,212.7,215.8,212.4,214.9,96999.8,2026-08-07 07:59:59.999000+00:00,1
2026-08-07 08:00:00+00:00,215.0,216.6,215.0,216.4,94306.9,2026-08-07 11:59:59.999000+00:00,1
2026-08-07 12:00:00+00:00,216.4,218.0,214.4,215.7,222899.5,2026-08-07 15:59:59.999000+00:00,1
2026-08-07 16:00:00+00:00,215.8,216.3,214.2,216.3,71876.0,2026-08-07 19:59:59.999000+00:00,1
2026-08-07 20:00:00+00:00,216.2,216.6,214.5,214.5,55975.1,2026-08-07 23:59:59.999000+00:00,1
2026-08-08 00:00:00+00:00,214.5,216.6,214.1,216.5,74286.8,2026-08-08 03:59:59.999000+00:00,1
2026-08-08 04:00:00+00:00,216.5,216.9,215.7,216.5,54199.6,2026-08-08 07:59:59.999000+00:00,1
2026-08-08 08:00:00+00:00,216.6,217.4,216.0,216.5,41278.4,2026-08-08 11:59:59.999000+00:00,1
2026-08-08 12:00:00+00:00,216.4,218.7,216.0,217.4,64338.4,2026-08-08 15:59:59.999000+00:00,1
2026-08-08 16:00:00+00:00,217.5,217.6,216.0,216.7,37598.6,2026-08-08 19:59:59.999000+00:00,1
2026-08-08 20:00:00+00:00,216.6,217.0,215.3,216.0,51564.7,2026-08-08 23:59:59.999000+00:00,1
2026-08-09 00:00:00+00:00,215.9,217.1,214.4,214.8,70012.6,2026-08-09 03:59:59.999000+00:00,1
2026-08-09 04:00:00+00:00,214.8,215.4,214.5,215.0,45254.3,2026-08-09 07:59:59.999000+00:00,1
2026-08-09 08:00:00+00:00,215.0,216.8,214.9,216.2,57729.6,2026-08-09 11:59:59.999000+00:00,1
2026-08-09 12:00:00+00:00,216.2,218.4,215.9,218.2,49331.6,2026-08-09 15:59:59.999000+00:00,1
2026-08-09 16:00:00+00:00,218.2,218.5,216.0,216.2,46192.0,2026-08-09 19:59:59.999000+00:00,1
2026-08-09 20:00:00+00:00,216.1,217.7,213.1,214.6,112150.9,2026-08-09 23:59:59.999000+00:00,1
2026-08-10 00:00:00+00:00,214.5,216.3,214.2,215.5,83170.9,2026-08-10 03:59:59.999000+00:00,1
2026-08-10 04:00:00+00:00,215.5,217.4,215.0,216.6,69224.6,2026-08-10 07:59:59.999000+00:00,1
2026-08-10 08:00:00+00:00,216.6,216.8,215.2,216.0,29413.0,2026-08-10 11:59:59.999000+00:00,1
2026-08-10 12:00:00+00:00,216.0,216.1,212.9,214.0,102056.9,2026-08-10 15:59:59.999000+00:00,1
2026-08-10 16:00:00+00:00,214.0,214.4,212.8,213.0,53926.7,2026-08-10 19:59:59.999000+00:00,1
2026-08-10 20:00:00+00:00,212.9,213.4,212.3,213.0,49045.6,2026-08-10 23:59:59.999000+00:00,1
2026-08-11 00:00:00+00:00,213.1,216.0,212.8,215.4,86343.8,2026-08-11 03:59:59.999000+00:00,1
2026-08-11 04:00:00+00:00,215.3,215.5,214.0,215.3,59744.3,2026-08-11 07:59:59.999000+00:00,1
2026-08-11 08:00:00+00:00,215.4,215.5,214.3,214.6,71212.0,2026-08-11 11:59:59.999000+00:00,1
2026-08-11 12:00:00+00:00,214.6,214.6,210.7,211.3,123971.3,2026-08-11 15:59:59.999000+00:00,1
2026-08-11 16:00:00+00:00,211.3,212.6,210.8,212.6,44216.8,2026-08-11 19:59:59.999000+00:00,1
2026-08-11 20:00:00+00:00,212.5,214.0,212.4,213.6,46144.4,2026-08-11 23:59:59.999000+00:00,1
2026-08-12 00:00:00+00:00,213.6,214.4,212.9,213.2,56576.8,2026-08-12 03:59:59.999000+00:00,1
2026-08-12 04:00:00+00:00,213.1,213.7,212.4,213.0,29857.9,2026-08-12 07:59:59.999000+00:00,1
2026-08-12 08:00:00+00:00,213.0,215.1,212.9,215.0,50814.4,2026-08-12 11:59:59.999000+00:00,1
2026-08-12 12:00:00+00:00,215.1,216.6,212.7,213.4,146448.6,2026-08-12 15:59:59.999000+00:00,1
2026-08-12 16:00:00+00:00,213.3,214.5,212.9,213.7,41618.5,2026-08-12 19:59:59.999000+00:00,1
2026-08-12 20:00:00+00:00,213.7,213.9,211.1,212.5,61649.4,2026-08-12 23:59:59.999000+00:00,1
2026-08-13 00:00:00+00:00,212.5,216.1,212.3,215.0,159862.6,2026-08-13 03:59:59.999000+00:00,1
2026-08-13 04:00:00+00:00,215.0,215.4,214.1,215.4,53638.1,2026-08-13 07:59:59.999000+00:00,1
2026-08-13 08:00:00+00:00,215.4,215.9,212.4,213.2,130202.9,2026-08-13 11:59:59.999000+00:00,1
2026-08-13 12:00:00+00:00,213.2,214.3,206.6,208.1,306334.9,2026-08-13 15:59:59.999000+00:00,1
2026-08-13 16:00:00+00:00,208.2,208.8,204.8,205.9,351347.0,2026-08-13 19:59:59.999000+00:00,1
2026-08-13 20:00:00+00:00,205.8,206.6,205.0,206.3,95342.6,2026-08-13 23:59:59.999000+00:00,1
2026-08-14 00:00:00+00:00,206.3,207.1,205.1,205.2,115444.1,2026-08-14 03:59:59.999000+00:00,1
2026-08-14 04:00:00+00:00,205.2,206.8,205.1,205.4,74429.7,2026-08-14 07:59:59.999000+00:00,1
2026-08-14 08:00:00+00:00,205.4,205.9,204.4,205.2,74732.9,2026-08-14 11:59:59.999000+00:00,1
2026-08-14 12:00:00+00:00,205.2,205.3,199.2,201.2,383052.5,2026-08-14 15:59:59.999000+00:00,1
2026-08-14 16:00:00+00:00,201.2,203.8,200.9,202.9,126021.5,2026-08-14 19:59:59.999000+00:00,1
2026-08-14 20:00:00+00:00,203.0,204.7,202.9,204.6,55932.9,2026-08-14 23:59:59.999000+00:00,1
2026-08-15 00:00:00+00:00,204.7,206.3,204.4,205.7,125152.4,2026-08-15 03:59:59.999000+00:00,1
2026-08-15 04:00:00+00:00,205.7,206.4,205.0,205.6,45772.0,2026-08-15 07:59:59.999000+00:00,1
2026-08-15 08:00:00+00:00,205.6,205.9,204.1,204.6,65571.8,2026-08-15 11:59:59.999000+00:00,1
2026-08-15 12:00:00+00:00,204.5,206.6,204.0,205.3,187283.2,2026-08-15 15:59:59.999000+00:00,1
2026-08-15 16:00:00+00:00,205.3,206.9,202.6,203.8,138204.3,2026-08-15 19:59:59.999000+00:00,1
2026-08-15 20:00:00+00:00,203.8,204.1,203.2,203.4,32516.2,2026-08-15 23:59:59.999000+00:00,1
2026-08-16 00:00:00+00:00,203.5,203.9,202.8,203.3,68005.6,2026-08-16 03:59:59.999000+00:00,1
2026-08-16 04:00:00+00:00,203.2,203.8,202.6,203.6,41553.6,2026-08-16 07:59:59.999000+00:00,1
2026-08-16 08:00:00+00:00,203.6,204.2,203.4,203.8,30143.7,2026-08-16 11:59:59.999000+00:00,1
2026-08-16 12:00:00+00:00,203.8,204.5,203.6,204.5,41304.8,2026-08-16 15:59:59.999000+00:00,1
2026-08-16 16:00:00+00:00,204.4,205.0,203.4,203.6,52031.2,2026-08-16 19:59:59.999000+00:00,1
2026-08-16 20:00:00+00:00,203.7,203.9,201.7,203.8,60823.5,2026-08-16 23:59:59.999000+00:00,1
2026-08-17 00:00:00+00:00,203.8,205.0,203.4,204.5,75448.7,2026-08-17 03:59:59.999000+00:00,1
2026-08-17 04:00:00+00:00,204.5,205.7,204.4,205.2,70159.0,2026-08-17 07:59:59.999000+00:00,1
2026-08-17 08:00:00+00:00,205.3,205.3,203.4,204.5,59674.7,2026-08-17 11:59:59.999000+00:00,1
2026-08-17 12:00:00+00:00,204.6,205.4,203.1,204.7,119228.2,2026-08-17 15:59:59.999000+00:00,1
2026-08-17 16:00:00+00:00,204.8,205.6,203.8,204.0,103530.3,2026-08-17 19:59:59.999000+00:00,1
2026-08-17 20:00:00+00:00,204.0,205.5,203.8,205.2,46860.2,2026-08-17 23:59:59.999000+00:00,1
2026-08-18 00:00:00+00:00,205.2,205.4,202.3,202.9,87990.8,2026-08-18 03:59:59.999000+00:00,1
2026-08-18 04:00:00+00:00,202.9,204.5,202.6,203.9,50126.1,2026-08-18 07:59:59.999000+00:00,1
2026-08-18 08:00:00+00:00,203.9,204.2,202.9,203.3,55225.6,2026-08-18 11:59:59.999000+00:00,1
2026-08-18 12:00:00+00:00,203.2,204.9,202.6,204.1,74513.2,2026-08-18 15:59:59.999000+00:00,1
2026-08-18 16:00:00+00:00,204.2,204.7,203.6,204.0,31510.2,2026-08-18 19:59:59.999000+00:00,1
2026-08-18 20:00:00+00:00,204.1,204.3,203.3,203.5,23769.0,2026-08-18 23:59:59.999000+00:00,1
2026-08-19 00:00:00+00:00,203.4,203.8,201.7,203.5,113765.3,2026-08-19 03:59:59.999000+00:00,1
2026-08-19 04:00:00+00:00,203.5,203.5,202.0,202.9,41656.6,2026-08-19 07:59:59.999000+00:00,1
2026-08-19 08:00:00+00:00,202.9,204.9,202.6,203.7,67921.8,2026-08-19 11:59:59.999000+00:00,1
2026-08-19 12:00:00+00:00,203.7,210.1,202.8,204.6,812011.5,2026-08-19 15:59:59.999000+00:00,1
2026-08-19 16:00:00+00:00,204.7,208.4,204.6,207.2,244216.1,2026-08-19 19:59:59.999000+00:00,1
2026-08-19 20:00:00+00:00,207.3,214.0,206.7,213.4,630976.2,2026-08-19 23:59:59.999000+00:00,1
2026-08-20 00:00:00+00:00,213.3,214.3,208.5,210.5,517765.0,2026-08-20 03:59:59.999000+00:00,1
2026-08-20 04:00:00+00:00,210.5,214.6,210.4,213.6,230994.5,2026-08-20 07:59:59.999000+00:00,1
2026-08-20 08:00:00+00:00,213.7,218.2,213.6,216.0,477531.3,2026-08-20 11:59:59.999000+00:00,1
2026-08-20 12:00:00+00:00,216.1,223.2,214.4,222.3,475464.5,2026-08-20 15:59:59.999000+00:00,1
2026-08-20 16:00:00+00:00,222.2,226.8,219.8,219.9,461585.0,2026-08-20 19:59:59.999000+00:00,1
2026-08-20 20:00:00+00:00,219.9,223.7,219.6,223.0,201088.6,2026-08-20 23:59:59.999000+00:00,1
2026-08-21 00:00:00+00:00,223.0,228.8,223.0,227.7,377671.9,2026-08-21 03:59:59.999000+00:00,1
2026-08-21 04:00:00+00:00,227.7,263.2,227.2,262.3,2173014.6,2026-08-21 07:59:59.999000+00:00,1
2026-08-21 08:00:00+00:00,262.3,269.5,255.1,263.5,1786120.0,2026-08-21 11:59:59.999000+00:00,1
2026-08-21 12:00:00+00:00,263.5,287.8,259.9,287.1,2110616.7,2026-08-21 15:59:59.999000+00:00,1
2026-08-21 16:00:00+00:00,287.1,301.5,282.6,283.4,2288773.9,2026-08-21 19:59:59.999000+00:00,1
2026-08-21 20:00:00+00:00,283.5,294.5,278.1,288.5,1177520.6,2026-08-21 23:59:59.999000+00:00,1
2026-08-22 00:00:00+00:00,288.4,305.9,286.1,296.3,1302340.7,2026-08-22 03:59:59.999000+00:00,1
2026-08-22 04:00:00+00:00,296.3,300.6,261.9,282.7,1787032.1,2026-08-22 07:59:59.999000+00:00,1
2026-08-22 08:00:00+00:00,282.8,284.7,271.0,277.4,561719.6,2026-08-22 11:59:59.999000+00:00,1
2026-08-22 12:00:00+00:00,277.5,280.8,272.6,275.4,241197.7,2026-08-22 15:59:59.999000+00:00,1
2026-08-22 16:00:00+00:00,275.4,283.8,274.9,280.1,194925.5,2026-08-22 19:59:59.999000+00:00,1
2026-08-22 20:00:00+00:00,280.2,280.7,272.1,276.3,178811.6,2026-08-22 23:59:59.999000+00:00,1
2026-08-23 00:00:00+00:00,276.4,280.0,270.3,272.7,311605.7,2026-08-23 03:59:59.999000+00:00,1
2026-08-23 04:00:00+00:00,272.8,275.0,262.9,267.5,422079.3,2026-08-23 07:59:59.999000+00:00,1
2026-08-23 08:00:00+00:00,267.4,275.4,266.8,274.8,265095.6,2026-08-23 11:59:59.999000+00:00,1
2026-08-23 12:00:00+00:00,274.8,277.9,269.3,273.1,379187.6,2026-08-23 15:59:59.999000+00:00,1
2026-08-23 16:00:00+00:00,273.1,275.1,271.7,272.3,110127.4,2026-08-23 19:59:59.999000+00:00,1
2026-08-23 20:00:00+00:00,272.4,277.8,271.4,273.9,174461.7,2026-08-23 23:59:59.999000+00:00,1
2026-08-24 00:00:00+00:00,274.0,278.2,268.5,268.8,389387.6,2026-08-24 03:59:59.999000+00:00,1
2026-08-24 04:00:00+00:00,268.8,271.3,265.9,266.3,217057.8,2026-08-24 07:59:59.999000+00:00,1
2026-08-24 08:00:00+00:00,266.4,275.7,264.5,274.3,359971.0,2026-08-24 11:59:59.999000+00:00,1
2026-08-24 12:00:00+00:00,274.3,285.7,270.7,274.0,1010409.0,2026-08-24 15:59:59.999000+00:00,1
2026-08-24 16:00:00+00:00,274.0,277.2,261.5,269.9,554183.4,2026-08-24 19:59:59.999000+00:00,1
2026-08-24 20:00:00+00:00,269.9,272.3,268.5,270.8,131506.7,2026-08-24 23:59:59.999000+00:00,1
2026-08-25 00:00:00+00:00,270.8,281.7,270.2,276.0,334208.9,2026-08-25 03:59:59.999000+00:00,1
2026-08-25 04:00:00+00:00,276.0,280.1,266.8,268.3,397442.9,2026-08-25 07:59:59.999000+00:00,1
2026-08-25 08:00:00+00:00,268.3,271.5,266.6,269.5,181989.5,2026-08-25 11:59:59.999000+00:00,1
2026-08-25 12:00:00+00:00,269.5,269.9,265.0,268.8,255382.7,2026-08-25 15:59:59.999000+00:00,1
2026-08-25 16:00:00+00:00,268.9,269.4,265.1,266.7,78699.1,2026-08-25 19:59:59.999000+00:00,1
2026-08-25 20:00:00+00:00,266.8,267.2,259.6,265.7,168256.5,2026-08-25 23:59:59.999000+00:00,1
2026-08-26 00:00:00+00:00,265.8,270.8,265.5,267.9,161577.0,2026-08-26 03:59:59.999000+00:00,1
2026-08-26 04:00:00+00:00,267.9,267.9,264.0,264.7,158872.2,2026-08-26 07:59:59.999000+00:00,1
2026-08-26 08:00:00+00:00,264.7,267.7,263.1,266.2,179620.1,2026-08-26 11:59:59.999000+00:00,1
2026-08-26 12:00:00+00:00,266.3,268.0,259.2,261.8,261449.6,2026-08-26 15:59:59.999000+00:00,1
2026-08-26 16:00:00+00:00,261.7,263.0,257.8,261.7,189749.3,2026-08-26 19:59:59.999000+00:00,1
2026-08-26 20:00:00+00:00,261.7,269.0,260.2,268.6,113069.5,2026-08-26 23:59:59.999000+00:00,1
2026-08-27 00:00:00+00:00,268.6,269.6,265.6,266.0,138316.8,2026-08-27 03:59:59.999000+00:00,1
2026-08-27 04:00:00+00:00,266.0,269.2,264.2,268.7,139582.7,2026-08-27 07:59:59.999000+00:00,1
2026-08-27 08:00:00+00:00,268.8,274.1,266.7,268.1,327228.9,2026-08-27 11:59:59.999000+00:00,1
2026-08-27 12:00:00+00:00,268.1,272.2,267.4,270.9,155439.4,2026-08-27 15:59:59.999000+00:00,1
2026-08-27 16:00:00+00:00,271.0,273.6,267.2,269.2,157822.9,2026-08-27 19:59:59.999000+00:00,1
2026-08-27 20:00:00+00:00,269.2,270.7,268.5,269.4,46872.4,2026-08-27 23:59:59.999000+00:00,1
2026-08-28 00:00:00+00:00,269.4,272.2,262.8,263.9,199429.6,2026-08-28 03:59:59.999000+00:00,1
2026-08-28 04:00:00+00:00,263.9,265.3,262.6,262.8,81322.2,2026-08-28 07:59:59.999000+00:00,1
2026-08-28 08:00:00+00:00,262.8,265.5,260.9,264.7,135609.4,2026-08-28 11:59:59.999000+00:00,1
2026-08-28 12:00:00+00:00,264.7,265.1,248.8,249.3,841665.5,2026-08-28 15:59:59.999000+00:00,1
2026-08-28 16:00:00+00:00,249.2,249.9,243.8,247.4,458532.4,2026-08-28 19:59:59.999000+00:00,1
2026-08-28 20:00:00+00:00,247.4,248.6,246.1,247.7,101911.4,2026-08-28 23:59:59.999000+00:00,1
2026-08-29 00:00:00+00:00,247.7,248.7,245.0,246.8,171170.0,2026-08-29 03:59:59.999000+00:00,1
2026-08-29 04:00:00+00:00,246.7,247.1,244.3,244.8,69006.7,2026-08-29 07:59:59.999000+00:00,1
2026-08-29 08:00:00+00:00,244.7,244.9,242.4,242.6,127276.6,2026-08-29 11:59:59.999000+00:00,1
2026-08-29 12:00:00+00:00,242.6,246.9,242.4,244.6,142885.3,2026-08-29 15:59:59.999000+00:00,1
2026-08-29 16:00:00+00:00,244.5,247.5,244.3,247.0,94978.1,2026-08-29 19:59:59.999000+00:00,1
2026-08-29 20:00:00+00:00,247.0,247.6,245.6,246.9,43003.9,2026-08-29 23:59:59.999000+00:00,1
2026-08-30 00:00:00+00:00,246.9,247.1,244.8,245.1,50123.3,2026-08-30 03:59:59.999000+00:00,1
2026-08-30 04:00:00+00:00,245.1,245.9,244.1,244.7,45047.5,2026-08-30 07:59:59.999000+00:00,1
2026-08-30 08:00:00+00:00,244.7,246.6,244.4,246.2,38933.3,2026-08-30 11:59:59.999000+00:00,1
2026-08-30 12:00:00+00:00,246.1,254.2,246.0,252.3,401195.1,2026-08-30 15:59:59.999000+00:00,1
2026-08-30 16:00:00+00:00,252.4,255.2,250.0,251.3,190512.5,2026-08-30 19:59:59.999000+00:00,1
2026-08-30 20:00:00+00:00,251.3,252.0,239.3,243.2,330898.4,2026-08-30 23:59:59.999000+00:00,1
2026-08-31 00:00:00+00:00,243.1,245.3,241.3,244.6,178068.6,2026-08-31 03:59:59.999000+00:00,1
2026-08-31 04:00:00+00:00,244.5,247.6,243.1,246.9,101472.8,2026-08-31 07:59:59.999000+00:00,1
2026-08-31 08:00:00+00:00,246.9,248.8,245.9,246.3,117302.0,2026-08-31 11:59:59.999000+00:00,1
2026-08-31 12:00:00+00:00,246.3,247.6,243.5,245.2,192421.9,2026-08-31 15:59:59.999000+00:00,1
2026-08-31 16:00:00+00:00,245.2,249.4,244.2,247.2,140181.7,2026-08-31 19:59:59.999000+00:00,1
2026-08-31 20:00:00+00:00,247.2,248.4,245.9,247.0,55959.8,2026-08-31 23:59:59.999000+00:00,1
2026-09-01 00:00:00+00:00,247.0,248.5,246.0,247.5,68239.5,2026-09-01 03:59:59.999000+00:00,1
2026-09-01 04:00:00+00:00,247.5,251.8,247.5,250.7,131120.1,2026-09-01 07:59:59.999000+00:00,1
2026-09-01 08:00:00+00:00,250.6,250.7,244.6,248.7,162294.1,2026-09-01 11:59:59.999000+00:00,1
2026-09-01 12:00:00+00:00,248.8,249.9,245.4,248.4,153202.7,2026-09-01 15:59:59.999000+00:00,1
2026-09-01 16:00:00+00:00,248.4,248.5,242.8,246.6,166563.3,2026-09-01 19:59:59.999000+00:00,1
2026-09-01 20:00:00+00:00,246.6,246.8,244.2,245.9,55627.9,2026-09-01 23:59:59.999000+00:00,1
2026-09-02 00:00:00+00:00,245.9,250.0,243.1,248.8,139346.0,2026-09-02 03:59:59.999000+00:00,1
2026-09-02 04:00:00+00:00,248.8,249.5,246.8,247.4,89809.8,2026-09-02 07:59:59.999000+00:00,1
2026-09-02 08:00:00+00:00,247.3,247.6,242.4,244.7,179240.6,2026-09-02 11:59:59.999000+00:00,1
2026-09-02 12:00:00+00:00,244.6,246.0,241.4,242.7,173097.3,2026-09-02 15:59:59.999000+00:00,1
2026-09-02 16:00:00+00:00,242.8,244.8,241.1,244.0,89663.7,2026-09-02 19:59:59.999000+00:00,1
2026-09-02 20:00:00+00:00,244.0,245.2,241.8,244.4,66934.2,2026-09-02 23:59:59.999000+00:00,1
2026-09-03 00:00:00+00:00,244.4,248.1,242.0,247.2,139644.9,2026-09-03 03:59:59.999000+00:00,1
2026-09-03 04:00:00+00:00,247.3,251.2,245.7,250.1,208214.6,2026-09-03 07:59:59.999000+00:00,1
2026-09-03 08:00:00+00:00,250.2,252.2,247.6,249.8,155579.6,2026-09-03 11:59:59.999000+00:00,1
2026-09-03 12:00:00+00:00,249.8,259.3,248.6,258.7,458280.2,2026-09-03 15:59:59.999000+00:00,1
2026-09-03 16:00:00+00:00,258.6,260.9,254.6,259.5,301975.2,2026-09-03 19:59:59.999000+00:00,1
2026-09-03 20:00:00+00:00,259.6,261.6,256.2,256.5,132973.8,2026-09-03 23:59:59.999000+00:00,1
2026-09-04 00:00:00+00:00,256.5,257.5,253.6,254.9,199886.0,2026-09-04 03:59:59.999000+00:00,1
2026-09-04 04:00:00+00:00,254.9,258.2,253.7,256.3,136215.6,2026-09-04 07:59:59.999000+00:00,1
2026-09-04 08:00:00+00:00,256.4,261.1,255.6,259.7,215442.1,2026-09-04 11:59:59.999000+00:00,1
2026-09-04 12:00:00+00:00,259.8,260.5,247.2,251.4,495298.6,2026-09-04 15:59:59.999000+00:00,1
2026-09-04 16:00:00+00:00,251.3,254.0,250.7,253.0,98669.2,2026-09-04 19:59:59.999000+00:00,1
2026-09-04 20:00:00+00:00,253.0,253.6,246.5,247.9,127570.3,2026-09-04 23:59:59.999000+00:00,1
2026-09-05 00:00:00+00:00,247.9,247.9,244.6,247.3,184332.5,2026-09-05 03:59:59.999000+00:00,1
2026-09-05 04:00:00+00:00,247.3,253.5,246.3,252.2,158307.3,2026-09-05 07:59:59.999000+00:00,1
2026-09-05 08:00:00+00:00,252.2,252.9,250.5,252.5,121721.3,2026-09-05 11:59:59.999000+00:00,1
2026-09-05 12:00:00+00:00,252.5,252.7,248.3,251.9,390126.3,2026-09-05 15:59:59.999000+00:00,1
2026-09-05 16:00:00+00:00,251.8,259.4,251.3,256.0,298741.0,2026-09-05 19:59:59.999000+00:00,1
2026-09-05 20:00:00+00:00,256.1,260.0,254.8,256.0,150107.2,2026-09-05 23:59:59.999000+00:00,1
2026-09-06 00:00:00+00:00,256.0,265.1,255.7,262.2,391698.5,2026-09-06 03:59:59.999000+00:00,1
2026-09-06 04:00:00+00:00,262.3,263.9,257.1,259.4,237626.1,2026-09-06 07:59:59.999000+00:00,1
2026-09-06 08:00:00+00:00,259.3,261.8,259.1,260.6,104312.8,2026-09-06 11:59:59.999000+00:00,1
2026-09-06 12:00:00+00:00,260.5,260.7,253.6,255.2,329565.1,2026-09-06 15:59:59.999000+00:00,1
2026-09-06 16:00:00+00:00,255.2,256.9,255.1,256.2,66683.1,2026-09-06 19:59:59.999000+00:00,1
2026-09-06 20:00:00+00:00,256.2,261.6,255.8,260.8,118652.8,2026-09-06 23:59:59.999000+00:00,1
2026-09-07 00:00:00+00:00,260.8,261.5,254.4,255.1,249382.4,2026-09-07 03:59:59.999000+00:00,1
2026-09-07 04:00:00+00:00,255.0,259.0,251.8,254.1,188837.5,2026-09-07 07:59:59.999000+00:00,1
2026-09-07 08:00:00+00:00,254.1,257.2,254.0,256.0,116689.9,2026-09-07 11:59:59.999000+00:00,1
2026-09-07 12:00:00+00:00,256.0,263.2,256.0,259.5,469498.1,2026-09-07 15:59:59.999000+00:00,1
2026-09-07 16:00:00+00:00,259.6,269.3,259.2,261.0,715452.5,2026-09-07 19:59:59.999000+00:00,1
2026-09-07 20:00:00+00:00,261.1,261.4,255.3,258.9,196297.8,2026-09-07 23:59:59.999000+00:00,1
2026-09-08 00:00:00+00:00,258.8,263.0,256.0,258.8,208966.9,2026-09-08 03:59:59.999000+00:00,1
2026-09-08 04:00:00+00:00,258.8,260.5,255.8,257.3,173766.3,2026-09-08 07:59:59.999000+00:00,1
2026-09-08 08:00:00+00:00,257.3,259.0,252.9,255.4,261933.3,2026-09-08 11:59:59.999000+00:00,1
2026-09-08 12:00:00+00:00,255.3,259.0,251.2,258.4,331404.8,2026-09-08 15:59:59.999000+00:00,1
2026-09-08 16:00:00+00:00,258.4,260.4,255.2,255.9,207737.5,2026-09-08 19:59:59.999000+00:00,1
2026-09-08 20:00:00+00:00,255.8,259.0,255.6,258.0,115569.5,2026-09-08 23:59:59.999000+00:00,1
2026-09-09 00:00:00+00:00,258.1,259.8,256.0,257.6,168630.7,2026-09-09 03:59:59.999000+00:00,1
2026-09-09 04:00:00+00:00,257.6,261.2,257.6,259.1,210092.1,2026-09-09 07:59:59.999000+00:00,1
2026-09-09 08:00:00+00:00,259.1,260.8,256.3,258.3,183753.8,2026-09-09 11:59:59.999000+00:00,1
2026-09-09 12:00:00+00:00,258.3,260.0,253.3,257.5,278635.0,2026-09-09 15:59:59.999000+00:00,1
2026-09-09 16:00:00+00:00,257.4,259.0,253.7,254.2,118146.2,2026-09-09 19:59:59.999000+00:00,1
2026-09-09 20:00:00+00:00,254.3,255.5,247.0,251.6,262922.0,2026-09-09 23:59:59.999000+00:00,1
2026-09-10 00:00:00+00:00,251.6,252.3,248.7,251.0,148608.5,2026-09-10 03:59:59.999000+00:00,1
2026-09-10 04:00:00+00:00,250.9,251.6,246.8,247.8,133122.9,2026-09-10 07:59:59.999000+00:00,1
2026-09-10 08:00:00+00:00,247.8,248.2,243.7,245.1,303372.0,2026-09-10 11:59:59.999000+00:00,1
2026-09-10 12:00:00+00:00,245.0,245.7,222.3,225.6,1484804.6,2026-09-10 15:59:59.999000+00:00,1
2026-09-10 16:00:00+00:00,225.6,228.0,223.1,226.6,348914.6,2026-09-10 19:59:59.999000+00:00,1
2026-09-10 20:00:00+00:00,226.7,227.9,222.5,223.6,159679.0,2026-09-10 23:59:59.999000+00:00,1
2026-09-11 00:00:00+00:00,223.7,227.7,223.7,227.6,205291.9,2026-09-11 03:59:59.999000+00:00,1
2026-09-11 04:00:00+00:00,227.5,228.7,225.8,227.0,266921.4,2026-09-11 07:59:59.999000+00:00,1
2026-09-11 08:00:00+00:00,227.0,228.0,223.4,224.8,181739.2,2026-09-11 11:59:59.999000+00:00,1
2026-09-11 12:00:00+00:00,224.8,238.4,218.5,232.0,1194026.6,2026-09-11 15:59:59.999000+00:00,1
2026-09-11 16:00:00+00:00,232.0,234.3,225.1,228.5,370996.9,2026-09-11 19:59:59.999000+00:00,1
2026-09-11 20:00:00+00:00,228.4,230.6,225.3,227.9,136628.2,2026-09-11 23:59:59.999000+00:00,1
2026-09-12 00:00:00+00:00,227.9,230.8,227.3,230.7,117721.4,2026-09-12 03:59:59.999000+00:00,1
2026-09-12 04:00:00+00:00,230.7,231.9,229.0,231.4,90698.8,2026-09-12 07:59:59.999000+00:00,1
2026-09-12 08:00:00+00:00,231.5,231.8,230.0,230.8,99212.7,2026-09-12 11:59:59.999000+00:00,1
2026-09-12 12:00:00+00:00,230.9,231.1,229.8,230.5,95621.9,2026-09-12 15:59:59.999000+00:00,1
2026-09-12 16:00:00+00:00,230.5,230.7,224.5,225.3,181547.9,2026-09-12 19:59:59.999000+00:00,1
2026-09-12 20:00:00+00:00,225.3,226.5,225.0,226.2,87032.8,2026-09-12 23:59:59.999000+00:00,1
2026-09-13 00:00:00+00:00,226.2,226.8,224.3,224.7,106587.3,2026-09-13 03:59:59.999000+00:00,1
2026-09-13 04:00:00+00:00,224.7,226.3,223.6,224.5,96671.2,2026-09-13 07:59:59.999000+00:00,1
2026-09-13 08:00:00+00:00,224.4,225.1,221.4,223.4,190513.1,2026-09-13 11:59:59.999000+00:00,1
2026-09-13 12:00:00+00:00,223.4,226.0,222.5,223.5,187013.5,2026-09-13 15:59:59.999000+00:00,1
2026-09-13 16:00:00+00:00,223.5,225.8,222.7,223.8,146349.5,2026-09-13 19:59:59.999000+00:00,1
2026-09-13 20:00:00+00:00,223.8,225.0,218.7,220.6,201938.1,2026-09-13 23:59:59.999000+00:00,1
2026-09-14 00:00:00+00:00,220.6,224.7,219.4,223.8,249875.9,2026-09-14 03:59:59.999000+00:00,1
2026-09-14 04:00:00+00:00,223.8,225.0,220.5,221.9,199342.5,2026-09-14 07:59:59.999000+00:00,1
2026-09-14 08:00:00+00:00,221.9,224.1,219.9,222.9,173899.0,2026-09-14 11:59:59.999000+00:00,1
2026-09-14 12:00:00+00:00,222.9,224.5,220.7,223.0,294124.0,2026-09-14 15:59:59.999000+00:00,1
2026-09-14 16:00:00+00:00,223.0,227.6,222.9,226.3,222362.6,2026-09-14 19:59:59.999000+00:00,1
2026-09-14 20:00:00+00:00,226.3,230.2,222.9,223.1,169297.3,2026-09-14 23:59:59.999000+00:00,1
2026-09-15 00:00:00+00:00,223.1,223.6,221.5,221.7,166200.4,2026-09-15 03:59:59.999000+00:00,1
2026-09-15 04:00:00+00:00,221.7,223.1,220.2,220.6,144125.9,2026-09-15 07:59:59.999000+00:00,1
2026-09-15 08:00:00+00:00,220.5,222.6,219.8,221.7,119311.9,2026-09-15 11:59:59.999000+00:00,1
2026-09-15 12:00:00+00:00,221.8,225.0,215.3,220.4,570224.4,2026-09-15 15:59:59.999000+00:00,1
2026-09-15 16:00:00+00:00,220.4,223.8,212.5,218.0,455256.7,2026-09-15 19:59:59.999000+00:00,1
2026-09-15 20:00:00+00:00,217.9,218.4,213.6,216.6,159978.1,2026-09-15 23:59:59.999000+00:00,1
2026-09-16 00:00:00+00:00,216.6,219.9,216.3,219.5,158180.9,2026-09-16 03:59:59.999000+00:00,1
2026-09-16 04:00:00+00:00,219.5,221.4,218.8,219.0,141786.1,2026-09-16 07:59:59.999000+00:00,1
2026-09-16 08:00:00+00:00,218.9,219.5,217.0,219.0,142274.5,2026-09-16 11:59:59.999000+00:00,1
2026-09-16 12:00:00+00:00,219.0,219.2,216.1,216.4,193826.1,2026-09-16 15:59:59.999000+00:00,1
2026-09-16 16:00:00+00:00,216.3,219.9,213.8,218.4,389806.7,2026-09-16 19:59:59.999000+00:00,1
2026-09-16 20:00:00+00:00,218.4,221.3,216.6,221.0,157872.5,2026-09-16 23:59:59.999000+00:00,1
2026-09-17 00:00:00+00:00,221.0,222.5,219.2,220.9,127303.2,2026-09-17 03:59:59.999000+00:00,1
2026-09-17 04:00:00+00:00,220.8,222.1,219.7,221.5,123368.0,2026-09-17 07:59:59.999000+00:00,1
2026-09-17 08:00:00+00:00,221.5,226.7,220.9,223.7,292703.7,2026-09-17 11:59:59.999000+00:00,1
2026-09-17 12:00:00+00:00,223.8,241.0,223.1,232.8,895262.2,2026-09-17 15:59:59.999000+00:00,1
2026-09-17 16:00:00+00:00,232.8,234.3,231.3,231.5,150453.3,2026-09-17 19:59:59.999000+00:00,1
2026-09-17 20:00:00+00:00,231.6,235.0,231.0,233.8,204945.5,2026-09-17 23:59:59.999000+00:00,1
2026-09-18 00:00:00+00:00,233.8,249.0,233.1,248.6,492041.7,2026-09-18 03:59:59.999000+00:00,1
2026-09-18 04:00:00+00:00,248.6,250.0,243.9,249.5,273133.7,2026-09-18 07:59:59.999000+00:00,1
2026-09-18 08:00:00+00:00,249.5,251.0,245.8,248.4,238763.7,2026-09-18 11:59:59.999000+00:00,1
2026-09-18 12:00:00+00:00,248.4,256.5,247.6,251.6,544012.9,2026-09-18 15:59:59.999000+00:00,1
2026-09-18 16:00:00+00:00,251.6,254.5,248.3,254.2,246565.7,2026-09-18 19:59:59.999000+00:00,1
2026-09-18 20:00:00+00:00,254.1,265.9,253.3,255.3,467430.2,2026-09-18 23:59:59.999000+00:00,1
2026-09-19 00:00:00+00:00,255.4,258.1,244.6,248.3,533865.8,2026-09-19 03:59:59.999000+00:00,1
2026-09-19 04:00:00+00:00,248.4,249.2,245.3,245.4,270854.2,2026-09-19 07:59:59.999000+00:00,1
2026-09-19 08:00:00+00:00,245.4,251.9,245.2,251.5,219515.2,2026-09-19 11:59:59.999000+00:00,1
2026-09-19 12:00:00+00:00,251.5,257.2,250.5,254.5,296656.3,2026-09-19 15:59:59.999000+00:00,1
2026-09-19 16:00:00+00:00,254.5,256.8,253.1,254.9,181857.5,2026-09-19 19:59:59.999000+00:00,1
2026-09-19 20:00:00+00:00,254.9,256.8,250.0,254.7,183964.1,2026-09-19 23:59:59.999000+00:00,1
2026-09-20 00:00:00+00:00,254.8,255.3,242.2,245.5,557786.2,2026-09-20 03:59:59.999000+00:00,1
2026-09-20 04:00:00+00:00,245.4,247.7,244.8,245.8,124506.7,2026-09-20 07:59:59.999000+00:00,1
2026-09-20 08:00:00+00:00,245.9,247.4,244.8,247.0,113442.2,2026-09-20 11:59:59.999000+00:00,1
2026-09-20 12:00:00+00:00,247.0,248.8,244.4,248.5,239389.0,2026-09-20 15:59:59.999000+00:00,1
2026-09-20 16:00:00+00:00,248.5,252.5,247.9,251.2,178192.8,2026-09-20 19:59:59.999000+00:00,1
2026-09-20 20:00:00+00:00,251.3,255.4,246.1,252.5,272353.5,2026-09-20 23:59:59.999000+00:00,1
2026-09-21 00:00:00+00:00,252.5,258.6,249.2,254.6,551214.8,2026-09-21 03:59:59.999000+00:00,1
2026-09-21 04:00:00+00:00,254.7,258.0,252.6,254.9,220507.2,2026-09-21 07:59:59.999000+00:00,1
2026-09-21 08:00:00+00:00,254.9,267.0,254.7,266.9,646451.1,2026-09-21 11:59:59.999000+00:00,1
2026-09-21 12:00:00+00:00,266.9,271.9,259.3,263.7,796911.5,2026-09-21 15:59:59.999000+00:00,1
2026-09-21 16:00:00+00:00,263.8,266.9,261.3,266.7,252278.4,2026-09-21 19:59:59.999000+00:00,1
2026-09-21 20:00:00+00:00,266.8,272.3,264.7,267.0,481903.7,2026-09-21 23:59:59.999000+00:00,1
2026-09-22 00:00:00+00:00,267.0,270.0,261.9,265.0,457129.4,2026-09-22 03:59:59.999000+00:00,1
2026-09-22 04:00:00+00:00,265.1,268.4,261.0,266.6,299527.3,2026-09-22 07:59:59.999000+00:00,1
2026-09-22 08:00:00+00:00,266.7,273.1,264.3,270.1,467598.3,2026-09-22 11:59:59.999000+00:00,1
2026-09-22 12:00:00+00:00,270.0,329.5,268.8,327.8,5915434.3,2026-09-22 15:59:59.999000+00:00,1
2026-09-22 16:00:00+00:00,327.8,347.0,317.0,335.9,2318774.3,2026-09-22 19:59:59.999000+00:00,1
2026-09-22 20:00:00+00:00,336.0,348.0,330.6,344.8,1237381.8,2026-09-22 23:59:59.999000+00:00,1
2026-09-23 00:00:00+00:00,344.9,350.0,335.8,339.9,1054185.4,2026-09-23 03:59:59.999000+00:00,1
2026-09-23 04:00:00+00:00,339.9,362.7,335.3,348.3,2207954.6,2026-09-23 07:59:59.999000+00:00,1
2026-09-23 08:00:00+00:00,348.3,366.0,344.1,347.0,2454133.0,2026-09-23 11:59:59.999000+00:00,1
2026-09-23 12:00:00+00:00,347.0,359.8,324.0,342.5,3174892.6,2026-09-23 15:59:59.999000+00:00,1
2026-09-23 16:00:00+00:00,342.6,354.7,338.1,345.4,1109157.9,2026-09-23 19:59:59.999000+00:00,1
2026-09-23 20:00:00+00:00,345.4,346.1,332.7,337.1,637769.2,2026-09-23 23:59:59.999000+00:00,1
2026-09-24 00:00:00+00:00,337.2,340.5,334.8,338.1,200746.7,2026-09-24 03:59:59.999000+00:00,0
