ts,open,high,low,close,volume,close_time,confirm
2026-03-25 20:00:00+00:00,0.0193,0.01934,0.01914,0.01924,414783.0,2026-03-25 23:59:59.999000+00:00,1
2026-03-26 00:00:00+00:00,0.01925,0.0193,0.01885,0.01889,259741.0,2026-03-26 03:59:59.999000+00:00,1
2026-03-26 04:00:00+00:00,0.01888,0.01893,0.01855,0.01858,300920.0,2026-03-26 07:59:59.999000+00:00,1
2026-03-26 08:00:00+00:00,0.01859,0.01866,0.01829,0.01837,313139.0,2026-03-26 11:59:59.999000+00:00,1
2026-03-26 12:00:00+00:00,0.01838,0.01857,0.01816,0.01825,498210.0,2026-03-26 15:59:59.999000+00:00,1
2026-03-26 16:00:00+00:00,0.01825,0.0183,0.01807,0.01811,243013.0,2026-03-26 19:59:59.999000+00:00,1
2026-03-26 20:00:00+00:00,0.01811,0.01843,0.01807,0.01828,662536.0,2026-03-26 23:59:59.999000+00:00,1
2026-03-27 00:00:00+00:00,0.01827,0.01841,0.01825,0.01826,291660.0,2026-03-27 03:59:59.999000+00:00,1
2026-03-27 04:00:00+00:00,0.01826,0.01826,0.01809,0.01821,276265.0,2026-03-27 07:59:59.999000+00:00,1
2026-03-27 08:00:00+00:00,0.01823,0.01826,0.01756,0.01765,545307.0,2026-03-27 11:59:59.999000+00:00,1
2026-03-27 12:00:00+00:00,0.01765,0.01765,0.01732,0.01746,335430.0,2026-03-27 15:59:59.999000+00:00,1
2026-03-27 16:00:00+00:00,0.01747,0.01756,0.01732,0.01747,241472.0,2026-03-27 19:59:59.999000+00:00,1
2026-03-27 20:00:00+00:00,0.01748,0.01752,0.01736,0.01742,105412.0,2026-03-27 23:59:59.999000+00:00,1
2026-03-28 00:00:00+00:00,0.01744,0.01746,0.01708,0.01717,145126.0,2026-03-28 03:59:59.999000+00:00,1
2026-03-28 04:00:00+00:00,0.01717,0.01747,0.01713,0.01747,153526.0,2026-03-28 07:59:59.999000+00:00,1
2026-03-28 08:00:00+00:00,0.01745,0.01752,0.01734,0.01746,212237.0,2026-03-28 11:59:59.999000+00:00,1
2026-03-28 12:00:00+00:00,0.01744,0.01794,0.01738,0.01754,837029.0,2026-03-28 15:59:59.999000+00:00,1
2026-03-28 16:00:00+00:00,0.01756,0.01772,0.01755,0.01756,258745.0,2026-03-28 19:59:59.999000+00:00,1
2026-03-28 20:00:00+00:00,0.01756,0.01759,0.01719,0.01724,387202.0,2026-03-28 23:59:59.999000+00:00,1
2026-03-29 00:00:00+00:00,0.01724,0.01737,0.01707,0.01735,243620.0,2026-03-29 03:59:59.999000+00:00,1
2026-03-29 04:00:00+00:00,0.01734,0.01737,0.01718,0.01718,225718.0,2026-03-29 07:59:59.999000+00:00,1
2026-03-29 08:00:00+00:00,0.01719,0.01724,0.01698,0.0171,272686.0,2026-03-29 11:59:59.999000+00:00,1
2026-03-29 12:00:00+00:00,0.0171,0.01711,0.01681,0.01689,328403.0,2026-03-29 15:59:59.999000+00:00,1
2026-03-29 16:00:00+00:00,0.01689,0.01702,0.01686,0.01693,199766.0,2026-03-29 19:59:59.999000+00:00,1
2026-03-29 20:00:00+00:00,0.01694,0.01711,0.01652,0.01694,661285.0,2026-03-29 23:59:59.999000+00:00,1
2026-03-30 00:00:00+00:00,0.01694,0.01727,0.01693,0.01722,779449.0,2026-03-30 03:59:59.999000+00:00,1
2026-03-30 04:00:00+00:00,0.01721,0.01736,0.01719,0.01733,165806.0,2026-03-30 07:59:59.999000+00:00,1
2026-03-30 08:00:00+00:00,0.01734,0.01756,0.01731,0.0174,381110.0,2026-03-30 11:59:59.999000+00:00,1
2026-03-30 12:00:00+00:00,0.0174,0.01747,0.01718,0.01731,273269.0,2026-03-30 15:59:59.999000+00:00,1
2026-03-30 16:00:00+00:00,0.0173,0.01736,0.01698,0.01704,230882.0,2026-03-30 19:59:59.999000+00:00,1
2026-03-30 20:00:00+00:00,0.01705,0.0172,0.01701,0.01703,213422.0,2026-03-30 23:59:59.999000+00:00,1
2026-03-31 00:00:00+00:00,0.01704,0.01729,0.01696,0.01705,291598.0,2026-03-31 03:59:59.999000+00:00,1
2026-03-31 04:00:00+00:00,0.01705,0.01721,0.01702,0.01719,288969.0,2026-03-31 07:59:59.999000+00:00,1
2026-03-31 08:00:00+00:00,0.01719,0.01724,0.01682,0.01699,639116.0,2026-03-31 11:59:59.999000+00:00,1
2026-03-31 12:00:00+00:00,0.01701,0.01722,0.01697,0.01697,240661.0,2026-03-31 15:59:59.999000+00:00,1
2026-03-31 16:00:00+00:00,0.01699,0.01731,0.01698,0.01724,228168.0,2026-03-31 19:59:59.999000+00:00,1
2026-03-31 20:00:00+00:00,0.01724,0.01732,0.01719,0.01731,174663.0,2026-03-31 23:59:59.999000+00:00,1
2026-04-01 00:00:00+00:00,0.01733,0.02156,0.01731,0.02007,50434989.0,2026-04-01 03:59:59.999000+00:00,1
2026-04-01 04:00:00+00:00,0.02006,0.0236,0.01984,0.0236,84567013.0,2026-04-01 07:59:59.999000+00:00,1
2026-04-01 08:00:00+00:00,0.0236,0.02387,0.02242,0.02318,181134905.0,2026-04-01 11:59:59.999000+00:00,1
2026-04-01 12:00:00+00:00,0.02317,0.02611,0.02273,0.02409,231560518.0,2026-04-01 15:59:59.999000+00:00,1
2026-04-01 16:00:00+00:00,0.02409,0.02477,0.02256,0.02272,42852293.0,2026-04-01 19:59:59.999000+00:00,1
2026-04-01 20:00:00+00:00,0.02272,0.02449,0.02194,0.02297,51409947.0,2026-04-01 23:59:59.999000+00:00,1
2026-04-02 00:00:00+00:00,0.02297,0.02358,0.02102,0.02114,70262099.0,2026-04-02 03:59:59.999000+00:00,1
2026-04-02 04:00:00+00:00,0.02113,0.02117,0.02033,0.0209,37279543.0,2026-04-02 07:59:59.999000+00:00,1
2026-04-02 08:00:00+00:00,0.02089,0.021,0.02042,0.02045,18307849.0,2026-04-02 11:59:59.999000+00:00,1
2026-04-02 12:00:00+00:00,0.02045,0.02087,0.01976,0.0198,25880633.0,2026-04-02 15:59:59.999000+00:00,1
2026-04-02 16:00:00+00:00,0.0198,0.02005,0.01963,0.01979,9519741.0,2026-04-02 19:59:59.999000+00:00,1
2026-04-02 20:00:00+00:00,0.0198,0.01992,0.01947,0.01965,7684913.0,2026-04-02 23:59:59.999000+00:00,1
2026-04-03 00:00:00+00:00,0.01965,0.02009,0.01922,0.01968,20174623.0,2026-04-03 03:59:59.999000+00:00,1
2026-04-03 04:00:00+00:00,0.01969,0.02076,0.01965,0.02039,15777360.0,2026-04-03 07:59:59.999000+00:00,1
2026-04-03 08:00:00+00:00,0.02039,0.02095,0.02022,0.02055,8436259.0,2026-04-03 11:59:59.999000+00:00,1
2026-04-03 12:00:00+00:00,0.02056,0.02061,0.01986,0.02001,7940531.0,2026-04-03 15:59:59.999000+00:00,1
2026-04-03 16:00:00+00:00,0.02001,0.02025,0.0199,0.02004,3081123.0,2026-04-03 19:59:59.999000+00:00,1
2026-04-03 20:00:00+00:00,0.02005,0.02011,0.01968,0.01977,3005504.0,2026-04-03 23:59:59.999000+00:00,1
2026-04-04 00:00:00+00:00,0.01978,0.02013,0.01938,0.01994,6907951.0,2026-04-04 03:59:59.999000+00:00,1
2026-04-04 04:00:00+00:00,0.01994,0.02006,0.01967,0.01987,3310304.0,2026-04-04 07:59:59.999000+00:00,1
2026-04-04 08:00:00+00:00,0.01988,0.02026,0.01976,0.0198,3955705.0,2026-04-04 11:59:59.999000+00:00,1
2026-04-04 12:00:00+00:00,0.0198,0.01982,0.0194,0.01947,3827185.0,2026-04-04 15:59:59.999000+00:00,1
2026-04-04 16:00:00+00:00,0.01948,0.01956,0.01919,0.01921,1803044.0,2026-04-04 19:59:59.999000+00:00,1
2026-04-04 20:00:00+00:00,0.0192,0.01942,0.01914,0.01933,2045371.0,2026-04-04 23:59:59.999000+00:00,1
2026-04-05 00:00:00+00:00,0.01934,0.01936,0.01878,0.01882,3854059.0,2026-04-05 03:59:59.999000+00:00,1
2026-04-05 04:00:00+00:00,0.01883,0.01884,0.01846,0.01849,2451109.0,2026-04-05 07:59:59.999000+00:00,1
2026-04-05 08:00:00+00:00,0.01849,0.01863,0.01844,0.01845,1598019.0,2026-04-05 11:59:59.999000+00:00,1
2026-04-05 12:00:00+00:00,0.01846,0.01854,0.01819,0.0184,3067170.0,2026-04-05 15:59:59.999000+00:00,1
2026-04-05 16:00:00+00:00,0.01839,0.01847,0.01822,0.01839,1153250.0,2026-04-05 19:59:59.999000+00:00,1
2026-04-05 20:00:00+00:00,0.0184,0.01861,0.01824,0.01858,1355439.0,2026-04-05 23:59:59.999000+00:00,1
2026-04-06 00:00:00+00:00,0.01859,0.01872,0.01836,0.01849,1931489.0,2026-04-06 03:59:59.999000+00:00,1
2026-04-06 04:00:00+00:00,0.0185,0.01852,0.01804,0.01807,2543089.0,2026-04-06 07:59:59.999000+00:00,1
2026-04-06 08:00:00+00:00,0.01808,0.01837,0.01808,0.0183,2432514.0,2026-04-06 11:59:59.999000+00:00,1
2026-04-06 12:00:00+00:00,0.01831,0.01839,0.01809,0.01824,2161039.0,2026-04-06 15:59:59.999000+00:00,1
2026-04-06 16:00:00+00:00,0.01824,0.01842,0.01818,0.01822,1507588.0,2026-04-06 19:59:59.999000+00:00,1
2026-04-06 20:00:00+00:00,0.01821,0.01825,0.01778,0.01785,2682081.0,2026-04-06 23:59:59.999000+00:00,1
2026-04-07 00:00:00+00:00,0.01785,0.01794,0.01764,0.01776,2581375.0,2026-04-07 03:59:59.999000+00:00,1
2026-04-07 04:00:00+00:00,0.01777,0.01783,0.01758,0.01774,1836390.0,2026-04-07 07:59:59.999000+00:00,1
2026-04-07 08:00:00+00:00,0.01774,0.01792,0.01758,0.01762,2327071.0,2026-04-07 11:59:59.999000+00:00,1
2026-04-07 12:00:00+00:00,0.01763,0.01797,0.01746,0.01773,3446855.0,2026-04-07 15:59:59.999000+00:00,1
2026-04-07 16:00:00+00:00,0.01774,0.01799,0.01767,0.01798,1768759.0,2026-04-07 19:59:59.999000+00:00,1
2026-04-07 20:00:00+00:00,0.01799,0.01885,0.01796,0.01876,3853207.0,2026-04-07 23:59:59.999000+00:00,1
2026-04-08 00:00:00+00:00,0.01875,0.01878,0.01846,0.01859,2468159.0,2026-04-08 03:59:59.999000+00:00,1
2026-04-08 04:00:00+00:00,0.0186,0.0187,0.01854,0.01866,1041710.0,2026-04-08 07:59:59.999000+00:00,1
2026-04-08 08:00:00+00:00,0.01866,0.01866,0.01837,0.01852,1161306.0,2026-04-08 11:59:59.999000+00:00,1
2026-04-08 12:00:00+00:00,0.01852,0.01858,0.01828,0.01847,1521812.0,2026-04-08 15:59:59.999000+00:00,1
2026-04-08 16:00:00+00:00,0.01847,0.01876,0.01844,0.01868,1823946.0,2026-04-08 19:59:59.999000+00:00,1
2026-04-08 20:00:00+00:00,0.01868,0.02116,0.01857,0.01967,72507491.0,2026-04-08 23:59:59.999000+00:00,1
2026-04-09 00:00:00+00:00,0.01966,0.02308,0.01881,0.02276,61383580.0,2026-04-09 03:59:59.999000+00:00,1
2026-04-09 04:00:00+00:00,0.02276,0.0246,0.02201,0.02304,202747214.0,2026-04-09 07:59:59.999000+00:00,1
2026-04-09 08:00:00+00:00,0.02304,0.0252,0.02256,0.02412,184206997.0,2026-04-09 11:59:59.999000+00:00,1
2026-04-09 12:00:00+00:00,0.02413,0.02417,0.02308,0.02336,83506235.0,2026-04-09 15:59:59.999000+00:00,1
2026-04-09 16:00:00+00:00,0.02337,0.02379,0.02257,0.02293,31700480.0,2026-04-09 19:59:59.999000+00:00,1
2026-04-09 20:00:00+00:00,0.02292,0.02313,0.02221,0.0223,19892564.0,2026-04-09 23:59:59.999000+00:00,1
2026-04-10 00:00:00+00:00,0.0223,0.02306,0.02165,0.02168,35761494.0,2026-04-10 03:59:59.999000+00:00,1
2026-04-10 04:00:00+00:00,0.02168,0.02267,0.02163,0.02235,16063377.0,2026-04-10 07:59:59.999000+00:00,1
2026-04-10 08:00:00+00:00,0.02234,0.02246,0.02144,0.02145,17539491.0,2026-04-10 11:59:59.999000+00:00,1
2026-04-10 12:00:00+00:00,0.02146,0.02273,0.02141,0.02265,14911817.0,2026-04-10 15:59:59.999000+00:00,1
2026-04-10 16:00:00+00:00,0.02265,0.02324,0.0225,0.02268,8361507.0,2026-04-10 19:59:59.999000+00:00,1
2026-04-10 20:00:00+00:00,0.02269,0.0228,0.02223,0.02226,4117411.0,2026-04-10 23:59:59.999000+00:00,1
2026-04-11 00:00:00+00:00,0.02225,0.02421,0.02163,0.02167,24108640.0,2026-04-11 03:59:59.999000+00:00,1
2026-04-11 04:00:00+00:00,0.02166,0.02239,0.02161,0.02215,6506361.0,2026-04-11 07:59:59.999000+00:00,1
2026-04-11 08:00:00+00:00,0.02216,0.02257,0.02167,0.02174,4383804.0,2026-04-11 11:59:59.999000+00:00,1
2026-04-11 12:00:00+00:00,0.02175,0.02183,0.02142,0.02157,3138670.0,2026-04-11 15:59:59.999000+00:00,1
2026-04-11 16:00:00+00:00,0.02158,0.02287,0.02155,0.02243,6009277.0,2026-04-11 19:59:59.999000+00:00,1
2026-04-11 20:00:00+00:00,0.02243,0.02254,0.0221,0.02243,3024649.0,2026-04-11 23:59:59.999000+00:00,1
2026-04-12 00:00:00+00:00,0.02244,0.0233,0.02194,0.02277,14138071.0,2026-04-12 03:59:59.999000+00:00,1
2026-04-12 04:00:00+00:00,0.02277,0.02356,0.02231,0.02306,12219743.0,2026-04-12 07:59:59.999000+00:00,1
2026-04-12 08:00:00+00:00,0.02306,0.02309,0.02201,0.0222,6579287.0,2026-04-12 11:59:59.999000+00:00,1
2026-04-12 12:00:00+00:00,0.02221,0.02399,0.02197,0.02305,25115074.0,2026-04-12 15:59:59.999000+00:00,1
2026-04-12 16:00:00+00:00,0.02306,0.02309,0.02224,0.02263,6533214.0,2026-04-12 19:59:59.999000+00:00,1
2026-04-12 20:00:00+00:00,0.02264,0.0231,0.02205,0.02207,4534202.0,2026-04-12 23:59:59.999000+00:00,1
2026-04-13 00:00:00+00:00,0.02207,0.0224,0.02151,0.02175,6916659.0,2026-04-13 03:59:59.999000+00:00,1
2026-04-13 04:00:00+00:00,0.02176,0.02182,0.02105,0.02107,7622180.0,2026-04-13 07:59:59.999000+00:00,1
2026-04-13 08:00:00+00:00,0.02108,0.02204,0.02096,0.02138,9435184.0,2026-04-13 11:59:59.999000+00:00,1
2026-04-13 12:00:00+00:00,0.02138,0.02203,0.02105,0.02137,6208197.0,2026-04-13 15:59:59.999000+00:00,1
2026-04-13 16:00:00+00:00,0.02138,0.02168,0.02108,0.02127,5315255.0,2026-04-13 19:59:59.999000+00:00,1
2026-04-13 20:00:00+00:00,0.02128,0.02163,0.02103,0.02147,5613082.0,2026-04-13 23:59:59.999000+00:00,1
2026-04-14 00:00:00+00:00,0.02147,0.02147,0.02107,0.02121,4540574.0,2026-04-14 03:59:59.999000+00:00,1
2026-04-14 04:00:00+00:00,0.02121,0.0214,0.02098,0.02108,4722256.0,2026-04-14 07:59:59.999000+00:00,1
2026-04-14 08:00:00+00:00,0.02108,0.02175,0.02091,0.02106,7693500.0,2026-04-14 11:59:59.999000+00:00,1
2026-04-14 12:00:00+00:00,0.02107,0.02203,0.02072,0.02156,8530881.0,2026-04-14 15:59:59.999000+00:00,1
2026-04-14 16:00:00+00:00,0.02157,0.02169,0.02047,0.02059,4812069.0,2026-04-14 19:59:59.999000+00:00,1
2026-04-14 20:00:00+00:00,0.0206,0.0206,0.02027,0.02033,2509085.0,2026-04-14 23:59:59.999000+00:00,1
2026-04-15 00:00:00+00:00,0.02033,0.02047,0.02001,0.02046,3100558.0,2026-04-15 03:59:59.999000+00:00,1
2026-04-15 04:00:00+00:00,0.02046,0.02065,0.02014,0.02021,2949446.0,2026-04-15 07:59:59.999000+00:00,1
2026-04-15 08:00:00+00:00,0.02021,0.02077,0.02017,0.0204,4447644.0,2026-04-15 11:59:59.999000+00:00,1
2026-04-15 12:00:00+00:00,0.02039,0.02107,0.02026,0.02102,5106496.0,2026-04-15 15:59:59.999000+00:00,1
2026-04-15 16:00:00+00:00,0.02102,0.02451,0.02098,0.02348,20712761.0,2026-04-15 19:59:59.999000+00:00,1
2026-04-15 20:00:00+00:00,0.02348,0.02615,0.0231,0.02485,34017697.0,2026-04-15 23:59:59.999000+00:00,1
2026-04-16 00:00:00+00:00,0.02484,0.02949,0.0241,0.02626,81485194.0,2026-04-16 03:59:59.999000+00:00,1
2026-04-16 04:00:00+00:00,0.02624,0.02629,0.02444,0.02462,21399895.0,2026-04-16 07:59:59.999000+00:00,1
2026-04-16 08:00:00+00:00,0.02463,0.02578,0.02428,0.02502,15306692.0,2026-04-16 11:59:59.999000+00:00,1
2026-04-16 12:00:00+00:00,0.02501,0.02592,0.02462,0.02564,15664093.0,2026-04-16 15:59:59.999000+00:00,1
2026-04-16 16:00:00+00:00,0.02565,0.02701,0.02517,0.0254,11842861.0,2026-04-16 19:59:59.999000+00:00,1
2026-04-16 20:00:00+00:00,0.0254,0.02544,0.02469,0.02534,4623035.0,2026-04-16 23:59:59.999000+00:00,1
2026-04-17 00:00:00+00:00,0.02534,0.02576,0.02473,0.02538,10452542.0,2026-04-17 03:59:59.999000+00:00,1
2026-04-17 04:00:00+00:00,0.02538,0.02623,0.02514,0.0253,6021440.0,2026-04-17 07:59:59.999000+00:00,1
2026-04-17 08:00:00+00:00,0.0253,0.02536,0.02449,0.0248,3632570.0,2026-04-17 11:59:59.999000+00:00,1
2026-04-17 12:00:00+00:00,0.02481,0.02532,0.02461,0.02514,3504919.0,2026-04-17 15:59:59.999000+00:00,1
2026-04-17 16:00:00+00:00,0.02513,0.02537,0.02468,0.02484,2238479.0,2026-04-17 19:59:59.999000+00:00,1
2026-04-17 20:00:00+00:00,0.02484,0.025,0.02462,0.0248,2230980.0,2026-04-17 23:59:59.999000+00:00,1
2026-04-18 00:00:00+00:00,0.0248,0.02699,0.02446,0.02588,12159891.0,2026-04-18 03:59:59.999000+00:00,1
2026-04-18 04:00:00+00:00,0.02589,0.02764,0.02571,0.02723,13165379.0,2026-04-18 07:59:59.999000+00:00,1
2026-04-18 08:00:00+00:00,0.02722,0.02755,0.02511,0.02527,9079906.0,2026-04-18 11:59:59.999000+00:00,1
2026-04-18 12:00:00+00:00,0.02527,0.02579,0.02461,0.0257,4986362.0,2026-04-18 15:59:59.999000+00:00,1
2026-04-18 16:00:00+00:00,0.0257,0.02725,0.02557,0.02592,14861327.0,2026-04-18 19:59:59.999000+00:00,1
2026-04-18 20:00:00+00:00,0.0259,0.02647,0.0254,0.02572,4272098.0,2026-04-18 23:59:59.999000+00:00,1
2026-04-19 00:00:00+00:00,0.02573,0.02816,0.0253,0.0275,25834216.0,2026-04-19 03:59:59.999000+00:00,1
2026-04-19 04:00:00+00:00,0.02749,0.03422,0.02718,0.03,90359632.0,2026-04-19 07:59:59.999000+00:00,1
2026-04-19 08:00:00+00:00,0.03,0.03299,0.02955,0.03235,65829680.0,2026-04-19 11:59:59.999000+00:00,1
2026-04-19 12:00:00+00:00,0.03234,0.03817,0.03037,0.03282,141496411.0,2026-04-19 15:59:59.999000+00:00,1
2026-04-19 16:00:00+00:00,0.03283,0.0347,0.03207,0.0341,51605010.0,2026-04-19 19:59:59.999000+00:00,1
2026-04-19 20:00:00+00:00,0.0341,0.03548,0.03156,0.03271,33882385.0,2026-04-19 23:59:59.999000+00:00,1
2026-04-20 00:00:00+00:00,0.03269,0.03331,0.03056,0.03112,43753214.0,2026-04-20 03:59:59.999000+00:00,1
2026-04-20 04:00:00+00:00,0.03111,0.03156,0.02982,0.03012,20972651.0,2026-04-20 07:59:59.999000+00:00,1
2026-04-20 08:00:00+00:00,0.03012,0.03133,0.02973,0.03078,14430252.0,2026-04-20 11:59:59.999000+00:00,1
2026-04-20 12:00:00+00:00,0.03078,0.03267,0.03022,0.03205,25441483.0,2026-04-20 15:59:59.999000+00:00,1
2026-04-20 16:00:00+00:00,0.03205,0.0338,0.03187,0.03372,14526151.0,2026-04-20 19:59:59.999000+00:00,1
2026-04-20 20:00:00+00:00,0.03372,0.03597,0.03344,0.03418,22816492.0,2026-04-20 23:59:59.999000+00:00,1
2026-04-21 00:00:00+00:00,0.03419,0.03708,0.03302,0.03445,46627583.0,2026-04-21 03:59:59.999000+00:00,1
2026-04-21 04:00:00+00:00,0.03445,0.03464,0.03238,0.03287,14472724.0,2026-04-21 07:59:59.999000+00:00,1
2026-04-21 08:00:00+00:00,0.03287,0.03294,0.0316,0.03185,9141890.0,2026-04-21 11:59:59.999000+00:00,1
2026-04-21 12:00:00+00:00,0.03185,0.03229,0.03107,0.03146,11621241.0,2026-04-21 15:59:59.999000+00:00,1
2026-04-21 16:00:00+00:00,0.03147,0.03167,0.03067,0.03072,4791228.0,2026-04-21 19:59:59.999000+00:00,1
2026-04-21 20:00:00+00:00,0.03071,0.03144,0.03067,0.03078,5331781.0,2026-04-21 23:59:59.999000+00:00,1
2026-04-22 00:00:00+00:00,0.03077,0.03331,0.03021,0.03237,18464753.0,2026-04-22 03:59:59.999000+00:00,1
2026-04-22 04:00:00+00:00,0.03238,0.03377,0.03178,0.03328,12662643.0,2026-04-22 07:59:59.999000+00:00,1
2026-04-22 08:00:00+00:00,0.03328,0.03351,0.03186,0.03199,8466839.0,2026-04-22 11:59:59.999000+00:00,1
2026-04-22 12:00:00+00:00,0.03198,0.03204,0.03108,0.03204,9752541.0,2026-04-22 15:59:59.999000+00:00,1
2026-04-22 16:00:00+00:00,0.03205,0.03701,0.03202,0.03555,35706872.0,2026-04-22 19:59:59.999000+00:00,1
2026-04-22 20:00:00+00:00,0.03554,0.03605,0.03349,0.03361,11126872.0,2026-04-22 23:59:59.999000+00:00,1
2026-04-23 00:00:00+00:00,0.03361,0.03435,0.03261,0.03308,12273981.0,2026-04-23 03:59:59.999000+00:00,1
2026-04-23 04:00:00+00:00,0.03308,0.03476,0.03184,0.03191,12033023.0,2026-04-23 07:59:59.999000+00:00,1
2026-04-23 08:00:00+00:00,0.03192,0.0321,0.03094,0.03115,6923519.0,2026-04-23 11:59:59.999000+00:00,1
2026-04-23 12:00:00+00:00,0.03116,0.03141,0.03075,0.03108,5594863.0,2026-04-23 15:59:59.999000+00:00,1
2026-04-23 16:00:00+00:00,0.03109,0.03143,0.03055,0.03103,6293636.0,2026-04-23 19:59:59.999000+00:00,1
2026-04-23 20:00:00+00:00,0.03102,0.03173,0.03097,0.03115,4089761.0,2026-04-23 23:59:59.999000+00:00,1
2026-04-24 00:00:00+00:00,0.03115,0.03281,0.03087,0.03185,11931501.0,2026-04-24 03:59:59.999000+00:00,1
2026-04-24 04:00:00+00:00,0.03185,0.03359,0.03148,0.03322,15620126.0,2026-04-24 07:59:59.999000+00:00,1
2026-04-24 08:00:00+00:00,0.03322,0.03445,0.0327,0.03351,12285899.0,2026-04-24 11:59:59.999000+00:00,1
2026-04-24 12:00:00+00:00,0.03351,0.03439,0.0328,0.03352,11190248.0,2026-04-24 15:59:59.999000+00:00,1
2026-04-24 16:00:00+00:00,0.03351,0.03498,0.03285,0.0333,12637990.0,2026-04-24 19:59:59.999000+00:00,1
2026-04-24 20:00:00+00:00,0.0333,0.03331,0.03179,0.03203,4992562.0,2026-04-24 23:59:59.999000+00:00,1
2026-04-25 00:00:00+00:00,0.03203,0.03244,0.03133,0.03225,6185634.0,2026-04-25 03:59:59.999000+00:00,1
2026-04-25 04:00:00+00:00,0.03226,0.03311,0.03186,0.03216,5437701.0,2026-04-25 07:59:59.999000+00:00,1
2026-04-25 08:00:00+00:00,0.03216,0.03252,0.03082,0.03096,4914775.0,2026-04-25 11:59:59.999000+00:00,1
2026-04-25 12:00:00+00:00,0.03095,0.03108,0.02961,0.02985,6314079.0,2026-04-25 15:59:59.999000+00:00,1
2026-04-25 16:00:00+00:00,0.02984,0.03011,0.02901,0.02906,5065201.0,2026-04-25 19:59:59.999000+00:00,1
2026-04-25 20:00:00+00:00,0.02905,0.02935,0.02894,0.0292,3684576.0,2026-04-25 23:59:59.999000+00:00,1
2026-04-26 00:00:00+00:00,0.02919,0.02919,0.02856,0.0287,5288629.0,2026-04-26 03:59:59.999000+00:00,1
2026-04-26 04:00:00+00:00,0.02869,0.02906,0.02853,0.02871,3047106.0,2026-04-26 07:59:59.999000+00:00,1
2026-04-26 08:00:00+00:00,0.02871,0.029,0.02821,0.02828,2796879.0,2026-04-26 11:59:59.999000+00:00,1
2026-04-26 12:00:00+00:00,0.02827,0.02836,0.02774,0.02781,2170882.0,2026-04-26 15:59:59.999000+00:00,1
2026-04-26 16:00:00+00:00,0.02781,0.02782,0.02727,0.0275,2389406.0,2026-04-26 19:59:59.999000+00:00,1
2026-04-26 20:00:00+00:00,0.0275,0.02771,0.02717,0.02727,1908305.0,2026-04-26 23:59:59.999000+00:00,1
2026-04-27 00:00:00+00:00,0.02728,0.02822,0.02721,0.0281,4575608.0,2026-04-27 03:59:59.999000+00:00,1
2026-04-27 04:00:00+00:00,0.02809,0.02821,0.02684,0.02721,4503843.0,2026-04-27 07:59:59.999000+00:00,1
2026-04-27 08:00:00+00:00,0.0272,0.02816,0.0272,0.02747,6728585.0,2026-04-27 11:59:59.999000+00:00,1
2026-04-27 12:00:00+00:00,0.02747,0.02778,0.02728,0.02761,3917736.0,2026-04-27 15:59:59.999000+00:00,1
2026-04-27 16:00:00+00:00,0.0276,0.02783,0.02725,0.02763,3598259.0,2026-04-27 19:59:59.999000+00:00,1
2026-04-27 20:00:00+00:00,0.02762,0.02868,0.02753,0.02823,5472844.0,2026-04-27 23:59:59.999000+00:00,1
2026-04-28 00:00:00+00:00,0.02823,0.02848,0.02763,0.0278,3342831.0,2026-04-28 03:59:59.999000+00:00,1
2026-04-28 04:00:00+00:00,0.02781,0.02891,0.0277,0.02869,3435792.0,2026-04-28 07:59:59.999000+00:00,1
2026-04-28 08:00:00+00:00,0.02868,0.02954,0.02844,0.02928,7784696.0,2026-04-28 11:59:59.999000+00:00,1
2026-04-28 12:00:00+00:00,0.02928,0.02939,0.02845,0.02893,4757050.0,2026-04-28 15:59:59.999000+00:00,1
2026-04-28 16:00:00+00:00,0.02894,0.02899,0.02798,0.02818,2547056.0,2026-04-28 19:59:59.999000+00:00,1
2026-04-28 20:00:00+00:00,0.02818,0.02837,0.02802,0.02822,1347002.0,2026-04-28 23:59:59.999000+00:00,1
2026-04-29 00:00:00+00:00,0.02822,0.02878,0.02735,0.02769,7162871.0,2026-04-29 03:59:59.999000+00:00,1
2026-04-29 04:00:00+00:00,0.0277,0.02792,0.02727,0.02734,2122520.0,2026-04-29 07:59:59.999000+00:00,1
2026-04-29 08:00:00+00:00,0.02734,0.02763,0.02666,0.0268,2800397.0,2026-04-29 11:59:59.999000+00:00,1
2026-04-29 12:00:00+00:00,0.02681,0.02696,0.02632,0.02649,3622648.0,2026-04-29 15:59:59.999000+00:00,1
2026-04-29 16:00:00+00:00,0.0265,0.02711,0.02618,0.02693,3600565.0,2026-04-29 19:59:59.999000+00:00,1
2026-04-29 20:00:00+00:00,0.02694,0.02797,0.02691,0.02743,2930814.0,2026-04-29 23:59:59.999000+00:00,1
2026-04-30 00:00:00+00:00,0.02743,0.02827,0.02723,0.02734,4501508.0,2026-04-30 03:59:59.999000+00:00,1
2026-04-30 04:00:00+00:00,0.02735,0.02741,0.02678,0.02685,2649719.0,2026-04-30 07:59:59.999000+00:00,1
2026-04-30 08:00:00+00:00,0.02685,0.02693,0.02641,0.02647,2473913.0,2026-04-30 11:59:59.999000+00:00,1
2026-04-30 12:00:00+00:00,0.02646,0.02657,0.02619,0.02643,1823528.0,2026-04-30 15:59:59.999000+00:00,1
2026-04-30 16:00:00+00:00,0.02643,0.0267,0.0264,0.02651,1028368.0,2026-04-30 19:59:59.999000+00:00,1
2026-04-30 20:00:00+00:00,0.02651,0.0267,0.02635,0.02639,1020457.0,2026-04-30 23:59:59.999000+00:00,1
2026-05-01 00:00:00+00:00,0.02638,0.02675,0.02603,0.02643,1919215.0,2026-05-01 03:59:59.999000+00:00,1
2026-05-01 04:00:00+00:00,0.02644,0.02658,0.02606,0.02644,1443338.0,2026-05-01 07:59:59.999000+00:00,1
2026-05-01 08:00:00+00:00,0.02645,0.02725,0.02632,0.0272,2525174.0,2026-05-01 11:59:59.999000+00:00,1
2026-05-01 12:00:00+00:00,0.02721,0.02787,0.02715,0.02728,4407973.0,2026-05-01 15:59:59.999000+00:00,1
2026-05-01 16:00:00+00:00,0.02729,0.02732,0.0268,0.02711,1390611.0,2026-05-01 19:59:59.999000+00:00,1
2026-05-01 20:00:00+00:00,0.02711,0.02727,0.02679,0.02696,1278796.0,2026-05-01 23:59:59.999000+00:00,1
2026-05-02 00:00:00+00:00,0.02697,0.02756,0.02686,0.02699,1771112.0,2026-05-02 03:59:59.999000+00:00,1
2026-05-02 04:00:00+00:00,0.02698,0.02708,0.02655,0.02679,1686729.0,2026-05-02 07:59:59.999000+00:00,1
2026-05-02 08:00:00+00:00,0.02678,0.02766,0.02664,0.02754,2428187.0,2026-05-02 11:59:59.999000+00:00,1
2026-05-02 12:00:00+00:00,0.02754,0.02774,0.02709,0.02717,1252630.0,2026-05-02 15:59:59.999000+00:00,1
2026-05-02 16:00:00+00:00,0.02717,0.0272,0.02672,0.027,968253.0,2026-05-02 19:59:59.999000+00:00,1
2026-05-02 20:00:00+00:00,0.02699,0.02727,0.02687,0.02715,959966.0,2026-05-02 23:59:59.999000+00:00,1
2026-05-03 00:00:00+00:00,0.02714,0.02768,0.02627,0.02629,7330784.0,2026-05-03 03:59:59.999000+00:00,1
2026-05-03 04:00:00+00:00,0.02629,0.02638,0.02595,0.02638,1329130.0,2026-05-03 07:59:59.999000+00:00,1
2026-05-03 08:00:00+00:00,0.02637,0.02649,0.02607,0.0261,953113.0,2026-05-03 11:59:59.999000+00:00,1
2026-05-03 12:00:00+00:00,0.02609,0.02643,0.02583,0.02622,1922492.0,2026-05-03 15:59:59.999000+00:00,1
2026-05-03 16:00:00+00:00,0.02622,0.02662,0.0262,0.02659,1005499.0,2026-05-03 19:59:59.999000+00:00,1
2026-05-03 20:00:00+00:00,0.02658,0.0266,0.02615,0.02624,824139.0,2026-05-03 23:59:59.999000+00:00,1
2026-05-04 00:00:00+00:00,0.02623,0.0272,0.02601,0.02688,2038978.0,2026-05-04 03:59:59.999000+00:00,1
2026-05-04 04:00:00+00:00,0.02687,0.02698,0.02645,0.02648,1182682.0,2026-05-04 07:59:59.999000+00:00,1
2026-05-04 08:00:00+00:00,0.02647,0.02672,0.02608,0.02612,1336557.0,2026-05-04 11:59:59.999000+00:00,1
2026-05-04 12:00:00+00:00,0.02612,0.02633,0.02587,0.0263,1558291.0,2026-05-04 15:59:59.999000+00:00,1
2026-05-04 16:00:00+00:00,0.02629,0.02669,0.02611,0.02615,1097833.0,2026-05-04 19:59:59.999000+00:00,1
2026-05-04 20:00:00+00:00,0.02616,0.02776,0.02611,0.02705,4315516.0,2026-05-04 23:59:59.999000+00:00,1
2026-05-05 00:00:00+00:00,0.02705,0.02736,0.02657,0.0268,3050339.0,2026-05-05 03:59:59.999000+00:00,1
2026-05-05 04:00:00+00:00,0.02678,0.02701,0.02647,0.02653,1341928.0,2026-05-05 07:59:59.999000+00:00,1
2026-05-05 08:00:00+00:00,0.02653,0.02777,0.02652,0.02753,2951736.0,2026-05-05 11:59:59.999000+00:00,1
2026-05-05 12:00:00+00:00,0.02752,0.02876,0.02721,0.02808,5019779.0,2026-05-05 15:59:59.999000+00:00,1
2026-05-05 16:00:00+00:00,0.02809,0.02863,0.02762,0.02793,3358002.0,2026-05-05 19:59:59.999000+00:00,1
2026-05-05 20:00:00+00:00,0.02793,0.02802,0.02736,0.02745,1676406.0,2026-05-05 23:59:59.999000+00:00,1
2026-05-06 00:00:00+00:00,0.02746,0.02886,0.02737,0.02826,6920315.0,2026-05-06 03:59:59.999000+00:00,1
2026-05-06 04:00:00+00:00,0.02826,0.02847,0.02747,0.02797,2193257.0,2026-05-06 07:59:59.999000+00:00,1
2026-05-06 08:00:00+00:00,0.02798,0.02855,0.02798,0.02838,1247446.0,2026-05-06 11:59:59.999000+00:00,1
2026-05-06 12:00:00+00:00,0.02838,0.02843,0.02708,0.02726,2513112.0,2026-05-06 15:59:59.999000+00:00,1
2026-05-06 16:00:00+00:00,0.02727,0.02751,0.02681,0.02711,2048023.0,2026-05-06 19:59:59.999000+00:00,1
2026-05-06 20:00:00+00:00,0.02711,0.02733,0.02667,0.02683,1190042.0,2026-05-06 23:59:59.999000+00:00,1
2026-05-07 00:00:00+00:00,0.02682,0.02697,0.02597,0.02606,2906118.0,2026-05-07 03:59:59.999000+00:00,1
2026-05-07 04:00:00+00:00,0.02606,0.02652,0.02587,0.02646,1917318.0,2026-05-07 07:59:59.999000+00:00,1
2026-05-07 08:00:00+00:00,0.02645,0.02654,0.02585,0.02626,1743641.0,2026-05-07 11:59:59.999000+00:00,1
2026-05-07 12:00:00+00:00,0.02626,0.02656,0.02573,0.02597,1874707.0,2026-05-07 15:59:59.999000+00:00,1
2026-05-07 16:00:00+00:00,0.02597,0.02621,0.02563,0.0257,1569669.0,2026-05-07 19:59:59.999000+00:00,1
2026-05-07 20:00:00+00:00,0.02569,0.02585,0.02546,0.02574,1345483.0,2026-05-07 23:59:59.999000+00:00,1
2026-05-08 00:00:00+00:00,0.02574,0.02638,0.02568,0.02584,2312489.0,2026-05-08 03:59:59.999000+00:00,1
2026-05-08 04:00:00+00:00,0.02584,0.02602,0.02561,0.02581,1312281.0,2026-05-08 07:59:59.999000+00:00,1
2026-05-08 08:00:00+00:00,0.0258,0.02599,0.02553,0.02584,1286787.0,2026-05-08 11:59:59.999000+00:00,1
2026-05-08 12:00:00+00:00,0.02585,0.02595,0.02551,0.02594,1084235.0,2026-05-08 15:59:59.999000+00:00,1
2026-05-08 16:00:00+00:00,0.02593,0.02627,0.02584,0.02605,1266737.0,2026-05-08 19:59:59.999000+00:00,1
2026-05-08 20:00:00+00:00,0.02605,0.02642,0.02597,0.02637,827037.0,2026-05-08 23:59:59.999000+00:00,1
2026-05-09 00:00:00+00:00,0.02636,0.02694,0.02619,0.02652,1960977.0,2026-05-09 03:59:59.999000+00:00,1
2026-05-09 04:00:00+00:00,0.02652,0.02663,0.02631,0.02638,806972.0,2026-05-09 07:59:59.999000+00:00,1
2026-05-09 08:00:00+00:00,0.02637,0.02683,0.02632,0.02634,1467168.0,2026-05-09 11:59:59.999000+00:00,1
2026-05-09 12:00:00+00:00,0.02635,0.02635,0.02581,0.0259,1471219.0,2026-05-09 15:59:59.999000+00:00,1
2026-05-09 16:00:00+00:00,0.02591,0.02633,0.02589,0.02614,941096.0,2026-05-09 19:59:59.999000+00:00,1
2026-05-09 20:00:00+00:00,0.02614,0.02647,0.02602,0.02616,633297.0,2026-05-09 23:59:59.999000+00:00,1
2026-05-10 00:00:00+00:00,0.02615,0.02763,0.02603,0.02729,4547161.0,2026-05-10 03:59:59.999000+00:00,1
2026-05-10 04:00:00+00:00,0.02729,0.02773,0.02696,0.02752,5134244.0,2026-05-10 07:59:59.999000+00:00,1
2026-05-10 08:00:00+00:00,0.02751,0.02779,0.02697,0.02716,2665400.0,2026-05-10 11:59:59.999000+00:00,1
2026-05-10 12:00:00+00:00,0.02715,0.02745,0.02706,0.02744,1580997.0,2026-05-10 15:59:59.999000+00:00,1
2026-05-10 16:00:00+00:00,0.02744,0.02841,0.02736,0.02819,3751865.0,2026-05-10 19:59:59.999000+00:00,1
2026-05-10 20:00:00+00:00,0.02818,0.02836,0.02734,0.02796,2547812.0,2026-05-10 23:59:59.999000+00:00,1
2026-05-11 00:00:00+00:00,0.02796,0.02804,0.02666,0.02686,2747151.0,2026-05-11 03:59:59.999000+00:00,1
2026-05-11 04:00:00+00:00,0.02685,0.02771,0.0267,0.02758,1794554.0,2026-05-11 07:59:59.999000+00:00,1
2026-05-11 08:00:00+00:00,0.02757,0.02864,0.02752,0.02814,3509620.0,2026-05-11 11:59:59.999000+00:00,1
2026-05-11 12:00:00+00:00,0.02815,0.02897,0.02787,0.02844,4083500.0,2026-05-11 15:59:59.999000+00:00,1
2026-05-11 16:00:00+00:00,0.02844,0.02853,0.02767,0.02793,1796025.0,2026-05-11 19:59:59.999000+00:00,1
2026-05-11 20:00:00+00:00,0.02793,0.02807,0.02751,0.02766,1717473.0,2026-05-11 23:59:59.999000+00:00,1
2026-05-12 00:00:00+00:00,0.02766,0.028,0.02708,0.02714,1824380.0,2026-05-12 03:59:59.999000+00:00,1
2026-05-12 04:00:00+00:00,0.02714,0.0274,0.02687,0.0272,1255927.0,2026-05-12 07:59:59.999000+00:00,1
2026-05-12 08:00:00+00:00,0.02721,0.02727,0.02674,0.02679,894371.0,2026-05-12 11:59:59.999000+00:00,1
2026-05-12 12:00:00+00:00,0.02678,0.02693,0.02581,0.02586,3132368.0,2026-05-12 15:59:59.999000+00:00,1
2026-05-12 16:00:00+00:00,0.02586,0.02738,0.02576,0.02718,3223152.0,2026-05-12 19:59:59.999000+00:00,1
2026-05-12 20:00:00+00:00,0.02717,0.02773,0.02691,0.02747,2395158.0,2026-05-12 23:59:59.999000+00:00,1
2026-05-13 00:00:00+00:00,0.02748,0.02787,0.02724,0.0275,2261602.0,2026-05-13 03:59:59.999000+00:00,1
2026-05-13 04:00:00+00:00,0.02749,0.02759,0.02724,0.02756,1015512.0,2026-05-13 07:59:59.999000+00:00,1
2026-05-13 08:00:00+00:00,0.02756,0.02776,0.02727,0.02736,1584553.0,2026-05-13 11:59:59.999000+00:00,1
2026-05-13 12:00:00+00:00,0.02736,0.02758,0.0261,0.02613,3118913.0,2026-05-13 15:59:59.999000+00:00,1
2026-05-13 16:00:00+00:00,0.02613,0.02645,0.02591,0.02597,1175189.0,2026-05-13 19:59:59.999000+00:00,1
2026-05-13 20:00:00+00:00,0.02597,0.02623,0.02566,0.0257,1053543.0,2026-05-13 23:59:59.999000+00:00,1
2026-05-14 00:00:00+00:00,0.02569,0.02588,0.02472,0.02487,2425978.0,2026-05-14 03:59:59.999000+00:00,1
2026-05-14 04:00:00+00:00,0.02488,0.0258,0.02484,0.02563,1063919.0,2026-05-14 07:59:59.999000+00:00,1
2026-05-14 08:00:00+00:00,0.02564,0.02571,0.02512,0.02515,952697.0,2026-05-14 11:59:59.999000+00:00,1
2026-05-14 12:00:00+00:00,0.02514,0.02583,0.02509,0.02574,1590446.0,2026-05-14 15:59:59.999000+00:00,1
2026-05-14 16:00:00+00:00,0.02574,0.02626,0.02549,0.02605,2041466.0,2026-05-14 19:59:59.999000+00:00,1
2026-05-14 20:00:00+00:00,0.02605,0.02618,0.02562,0.02571,1061366.0,2026-05-14 23:59:59.999000+00:00,1
2026-05-15 00:00:00+00:00,0.0257,0.0261,0.02553,0.02574,1373713.0,2026-05-15 03:59:59.999000+00:00,1
2026-05-15 04:00:00+00:00,0.02575,0.02584,0.02501,0.02535,1771945.0,2026-05-15 07:59:59.999000+00:00,1
2026-05-15 08:00:00+00:00,0.02536,0.0254,0.02506,0.02508,797688.0,2026-05-15 11:59:59.999000+00:00,1
2026-05-15 12:00:00+00:00,0.02508,0.0253,0.02352,0.02369,4899121.0,2026-05-15 15:59:59.999000+00:00,1
2026-05-15 16:00:00+00:00,0.0237,0.02405,0.02365,0.02393,838963.0,2026-05-15 19:59:59.999000+00:00,1
2026-05-15 20:00:00+00:00,0.02394,0.02425,0.02385,0.02418,847100.0,2026-05-15 23:59:59.999000+00:00,1
2026-05-16 00:00:00+00:00,0.02418,0.02497,0.02408,0.02479,1572125.0,2026-05-16 03:59:59.999000+00:00,1
2026-05-16 04:00:00+00:00,0.02479,0.02488,0.02342,0.02362,1954058.0,2026-05-16 07:59:59.999000+00:00,1
2026-05-16 08:00:00+00:00,0.02362,0.0237,0.02291,0.02318,1756915.0,2026-05-16 11:59:59.999000+00:00,1
2026-05-16 12:00:00+00:00,0.02318,0.02376,0.02317,0.02369,1049173.0,2026-05-16 15:59:59.999000+00:00,1
2026-05-16 16:00:00+00:00,0.02368,0.02387,0.02354,0.02356,667872.0,2026-05-16 19:59:59.999000+00:00,1
2026-05-16 20:00:00+00:00,0.02356,0.02359,0.02338,0.02339,308372.0,2026-05-16 23:59:59.999000+00:00,1
2026-05-17 00:00:00+00:00,0.02339,0.02351,0.02317,0.02341,664000.0,2026-05-17 03:59:59.999000+00:00,1
2026-05-17 04:00:00+00:00,0.02341,0.02355,0.02322,0.02342,888737.0,2026-05-17 07:59:59.999000+00:00,1
2026-05-17 08:00:00+00:00,0.02341,0.02377,0.02338,0.02342,958839.0,2026-05-17 11:59:59.999000+00:00,1
2026-05-17 12:00:00+00:00,0.02341,0.02347,0.02296,0.02303,967868.0,2026-05-17 15:59:59.999000+00:00,1
2026-05-17 16:00:00+00:00,0.02303,0.02346,0.02303,0.02338,1256957.0,2026-05-17 19:59:59.999000+00:00,1
2026-05-17 20:00:00+00:00,0.02339,0.02349,0.02177,0.02253,2968061.0,2026-05-17 23:59:59.999000+00:00,1
2026-05-18 00:00:00+00:00,0.02252,0.02279,0.0223,0.02256,1304929.0,2026-05-18 03:59:59.999000+00:00,1
2026-05-18 04:00:00+00:00,0.02257,0.02287,0.0222,0.02226,1123345.0,2026-05-18 07:59:59.999000+00:00,1
2026-05-18 08:00:00+00:00,0.02226,0.02254,0.02211,0.0224,688325.0,2026-05-18 11:59:59.999000+00:00,1
2026-05-18 12:00:00+00:00,0.02241,0.02266,0.0219,0.02215,1264499.0,2026-05-18 15:59:59.999000+00:00,1
2026-05-18 16:00:00+00:00,0.02215,0.02252,0.02186,0.02242,917710.0,2026-05-18 19:59:59.999000+00:00,1
2026-05-18 20:00:00+00:00,0.02243,0.02264,0.02228,0.02248,547054.0,2026-05-18 23:59:59.999000+00:00,1
2026-05-19 00:00:00+00:00,0.02249,0.0226,0.02225,0.02237,802279.0,2026-05-19 03:59:59.999000+00:00,1
2026-05-19 04:00:00+00:00,0.02238,0.02253,0.02216,0.02244,573255.0,2026-05-19 07:59:59.999000+00:00,1
2026-05-19 08:00:00+00:00,0.02245,0.02246,0.0219,0.0219,819693.0,2026-05-19 11:59:59.999000+00:00,1
2026-05-19 12:00:00+00:00,0.0219,0.02218,0.02179,0.02186,1418171.0,2026-05-19 15:59:59.999000+00:00,1
2026-05-19 16:00:00+00:00,0.02187,0.02216,0.02172,0.02184,663268.0,2026-05-19 19:59:59.999000+00:00,1
2026-05-19 20:00:00+00:00,0.02183,0.02207,0.02165,0.02187,865285.0,2026-05-19 23:59:59.999000+00:00,1
2026-05-20 00:00:00+00:00,0.02186,0.0221,0.02172,0.02203,801104.0,2026-05-20 03:59:59.999000+00:00,1
2026-05-20 04:00:00+00:00,0.02204,0.02247,0.02196,0.02228,732942.0,2026-05-20 07:59:59.999000+00:00,1
2026-05-20 08:00:00+00:00,0.02229,0.02246,0.02215,0.02218,586297.0,2026-05-20 11:59:59.999000+00:00,1
2026-05-20 12:00:00+00:00,0.02217,0.02263,0.02199,0.02254,1817405.0,2026-05-20 15:59:59.999000+00:00,1
2026-05-20 16:00:00+00:00,0.02255,0.02315,0.02251,0.02296,1402890.0,2026-05-20 19:59:59.999000+00:00,1
2026-05-20 20:00:00+00:00,0.02297,0.02325,0.02282,0.02302,978531.0,2026-05-20 23:59:59.999000+00:00,1
2026-05-21 00:00:00+00:00,0.02302,0.02326,0.02293,0.02306,916510.0,2026-05-21 03:59:59.999000+00:00,1
2026-05-21 04:00:00+00:00,0.02305,0.02315,0.02284,0.0229,804609.0,2026-05-21 07:59:59.999000+00:00,1
2026-05-21 08:00:00+00:00,0.02289,0.02306,0.02236,0.02237,910072.0,2026-05-21 11:59:59.999000+00:00,1
2026-05-21 12:00:00+00:00,0.02238,0.02301,0.02234,0.02287,864042.0,2026-05-21 15:59:59.999000+00:00,1
2026-05-21 16:00:00+00:00,0.02286,0.02337,0.02272,0.02325,742012.0,2026-05-21 19:59:59.999000+00:00,1
2026-05-21 20:00:00+00:00,0.02325,0.02339,0.02303,0.02316,368257.0,2026-05-21 23:59:59.999000+00:00,1
2026-05-22 00:00:00+00:00,0.02315,0.0233,0.02294,0.02311,543143.0,2026-05-22 03:59:59.999000+00:00,1
2026-05-22 04:00:00+00:00,0.02311,0.02337,0.02294,0.02315,952601.0,2026-05-22 07:59:59.999000+00:00,1
2026-05-22 08:00:00+00:00,0.02315,0.02336,0.02299,0.02323,715624.0,2026-05-22 11:59:59.999000+00:00,1
2026-05-22 12:00:00+00:00,0.02323,0.02343,0.02267,0.02289,1464029.0,2026-05-22 15:59:59.999000+00:00,1
2026-05-22 16:00:00+00:00,0.02289,0.02308,0.02185,0.02212,1715138.0,2026-05-22 19:59:59.999000+00:00,1
2026-05-22 20:00:00+00:00,0.02213,0.02235,0.02147,0.02163,1115842.0,2026-05-22 23:59:59.999000+00:00,1
2026-05-23 00:00:00+00:00,0.02164,0.02226,0.02149,0.0221,1314248.0,2026-05-23 03:59:59.999000+00:00,1
2026-05-23 04:00:00+00:00,0.02211,0.02228,0.02122,0.02142,1787845.0,2026-05-23 07:59:59.999000+00:00,1
2026-05-23 08:00:00+00:00,0.02143,0.0216,0.0212,0.02136,921342.0,2026-05-23 11:59:59.999000+00:00,1
2026-05-23 12:00:00+00:00,0.02136,0.02248,0.02132,0.02245,1177817.0,2026-05-23 15:59:59.999000+00:00,1
2026-05-23 16:00:00+00:00,0.02247,0.02364,0.0223,0.02324,3086485.0,2026-05-23 19:59:59.999000+00:00,1
2026-05-23 20:00:00+00:00,0.02324,0.02359,0.02298,0.02309,1523747.0,2026-05-23 23:59:59.999000+00:00,1
2026-05-24 00:00:00+00:00,0.02308,0.02312,0.02268,0.02276,627931.0,2026-05-24 03:59:59.999000+00:00,1
2026-05-24 04:00:00+00:00,0.02277,0.02287,0.02252,0.02273,904626.0,2026-05-24 07:59:59.999000+00:00,1
2026-05-24 08:00:00+00:00,0.02272,0.0228,0.02245,0.02249,600738.0,2026-05-24 11:59:59.999000+00:00,1
2026-05-24 12:00:00+00:00,0.02248,0.02255,0.02191,0.0223,1207516.0,2026-05-24 15:59:59.999000+00:00,1
2026-05-24 16:00:00+00:00,0.02231,0.02257,0.02226,0.02238,674074.0,2026-05-24 19:59:59.999000+00:00,1
2026-05-24 20:00:00+00:00,0.02239,0.0224,0.02184,0.02229,484026.0,2026-05-24 23:59:59.999000+00:00,1
2026-05-25 00:00:00+00:00,0.0223,0.0228,0.0223,0.02244,1045216.0,2026-05-25 03:59:59.999000+00:00,1
2026-05-25 04:00:00+00:00,0.02243,0.02299,0.0224,0.02295,1193973.0,2026-05-25 07:59:59.999000+00:00,1
2026-05-25 08:00:00+00:00,0.02296,0.02296,0.02274,0.02277,530916.0,2026-05-25 11:59:59.999000+00:00,1
2026-05-25 12:00:00+00:00,0.02278,0.023,0.02269,0.02287,650116.0,2026-05-25 15:59:59.999000+00:00,1
2026-05-25 16:00:00+00:00,0.02287,0.02297,0.02271,0.02279,370538.0,2026-05-25 19:59:59.999000+00:00,1
2026-05-25 20:00:00+00:00,0.02278,0.02285,0.02243,0.02254,476122.0,2026-05-25 23:59:59.999000+00:00,1
2026-05-26 00:00:00+00:00,0.02256,0.02256,0.02209,0.02231,586772.0,2026-05-26 03:59:59.999000+00:00,1
2026-05-26 04:00:00+00:00,0.02232,0.02262,0.02213,0.02223,481659.0,2026-05-26 07:59:59.999000+00:00,1
2026-05-26 08:00:00+00:00,0.02221,0.02265,0.02212,0.02246,931535.0,2026-05-26 11:59:59.999000+00:00,1
2026-05-26 12:00:00+00:00,0.02246,0.02263,0.02195,0.02216,1056869.0,2026-05-26 15:59:59.999000+00:00,1
2026-05-26 16:00:00+00:00,0.02216,0.0222,0.0216,0.0218,764100.0,2026-05-26 19:59:59.999000+00:00,1
2026-05-26 20:00:00+00:00,0.0218,0.02204,0.02161,0.02178,735636.0,2026-05-26 23:59:59.999000+00:00,1
2026-05-27 00:00:00+00:00,0.02179,0.02218,0.02153,0.02156,420205.0,2026-05-27 03:59:59.999000+00:00,1
2026-05-27 04:00:00+00:00,0.02155,0.0219,0.02142,0.02187,502544.0,2026-05-27 07:59:59.999000+00:00,1
2026-05-27 08:00:00+00:00,0.02188,0.02204,0.02165,0.02179,594426.0,2026-05-27 11:59:59.999000+00:00,1
2026-05-27 12:00:00+00:00,0.0218,0.02257,0.02167,0.02235,1676177.0,2026-05-27 15:59:59.999000+00:00,1
2026-05-27 16:00:00+00:00,0.02235,0.02249,0.02177,0.022,767098.0,2026-05-27 19:59:59.999000+00:00,1
2026-05-27 20:00:00+00:00,0.022,0.02216,0.02125,0.02157,707220.0,2026-05-27 23:59:59.999000+00:00,1
2026-05-28 00:00:00+00:00,0.02158,0.02165,0.02061,0.02069,1698694.0,2026-05-28 03:59:59.999000+00:00,1
2026-05-28 04:00:00+00:00,0.02069,0.02082,0.02039,0.02071,1283462.0,2026-05-28 07:59:59.999000+00:00,1
2026-05-28 08:00:00+00:00,0.02071,0.02076,0.02026,0.02038,816147.0,2026-05-28 11:59:59.999000+00:00,1
2026-05-28 12:00:00+00:00,0.02039,0.02064,0.02006,0.02057,1380357.0,2026-05-28 15:59:59.999000+00:00,1
2026-05-28 16:00:00+00:00,0.02058,0.02117,0.02046,0.02088,599679.0,2026-05-28 19:59:59.999000+00:00,1
2026-05-28 20:00:00+00:00,0.02089,0.02119,0.02081,0.02095,367309.0,2026-05-28 23:59:59.999000+00:00,1
2026-05-29 00:00:00+00:00,0.02096,0.02119,0.02075,0.02083,895501.0,2026-05-29 03:59:59.999000+00:00,1
2026-05-29 04:00:00+00:00,0.02084,0.02109,0.02069,0.02087,585007.0,2026-05-29 07:59:59.999000+00:00,1
2026-05-29 08:00:00+00:00,0.02086,0.02092,0.02043,0.02055,629299.0,2026-05-29 11:59:59.999000+00:00,1
2026-05-29 12:00:00+00:00,0.02055,0.02116,0.02001,0.02106,1805967.0,2026-05-29 15:59:59.999000+00:00,1
2026-05-29 16:00:00+00:00,0.02106,0.02122,0.02061,0.02081,1055994.0,2026-05-29 19:59:59.999000+00:00,1
2026-05-29 20:00:00+00:00,0.02082,0.02107,0.02073,0.02095,525038.0,2026-05-29 23:59:59.999000+00:00,1
2026-05-30 00:00:00+00:00,0.02096,0.02162,0.0209,0.02134,861766.0,2026-05-30 03:59:59.999000+00:00,1
2026-05-30 04:00:00+00:00,0.02135,0.02141,0.02102,0.02119,700004.0,2026-05-30 07:59:59.999000+00:00,1
2026-05-30 08:00:00+00:00,0.02118,0.02133,0.02105,0.0211,258427.0,2026-05-30 11:59:59.999000+00:00,1
2026-05-30 12:00:00+00:00,0.02109,0.02127,0.02105,0.02113,533776.0,2026-05-30 15:59:59.999000+00:00,1
2026-05-30 16:00:00+00:00,0.02114,0.02135,0.02108,0.02129,461461.0,2026-05-30 19:59:59.999000+00:00,1
2026-05-30 20:00:00+00:00,0.02129,0.0214,0.02102,0.02112,472206.0,2026-05-30 23:59:59.999000+00:00,1
2026-05-31 00:00:00+00:00,0.02114,0.02195,0.02109,0.02155,2275788.0,2026-05-31 03:59:59.999000+00:00,1
2026-05-31 04:00:00+00:00,0.02156,0.02165,0.02127,0.02133,956021.0,2026-05-31 07:59:59.999000+00:00,1
2026-05-31 08:00:00+00:00,0.02132,0.02146,0.02115,0.02133,550967.0,2026-05-31 11:59:59.999000+00:00,1
2026-05-31 12:00:00+00:00,0.02133,0.02143,0.02085,0.02093,1100462.0,2026-05-31 15:59:59.999000+00:00,1
2026-05-31 16:00:00+00:00,0.02092,0.02107,0.02072,0.02096,570576.0,2026-05-31 19:59:59.999000+00:00,1
2026-05-31 20:00:00+00:00,0.02098,0.02152,0.02097,0.02142,625532.0,2026-05-31 23:59:59.999000+00:00,1
2026-06-01 00:00:00+00:00,0.02142,0.02162,0.02117,0.02148,567867.0,2026-06-01 03:59:59.999000+00:00,1
2026-06-01 04:00:00+00:00,0.02149,0.02155,0.02078,0.02081,809761.0,2026-06-01 07:59:59.999000+00:00,1
2026-06-01 08:00:00+00:00,0.02082,0.02107,0.02072,0.02091,618440.0,2026-06-01 11:59:59.999000+00:00,1
2026-06-01 12:00:00+00:00,0.02091,0.02097,0.02053,0.02084,2304085.0,2026-06-01 15:59:59.999000+00:00,1
2026-06-01 16:00:00+00:00,0.02085,0.0216,0.02073,0.02156,1118021.0,2026-06-01 19:59:59.999000+00:00,1
2026-06-01 20:00:00+00:00,0.02157,0.02159,0.02107,0.02135,429853.0,2026-06-01 23:59:59.999000+00:00,1
2026-06-02 00:00:00+00:00,0.02136,0.02137,0.02063,0.02118,1320040.0,2026-06-02 03:59:59.999000+00:00,1
2026-06-02 04:00:00+00:00,0.0212,0.02122,0.02062,0.02076,786708.0,2026-06-02 07:59:59.999000+00:00,1
2026-06-02 08:00:00+00:00,0.02077,0.02086,0.02049,0.02074,792991.0,2026-06-02 11:59:59.999000+00:00,1
2026-06-02 12:00:00+00:00,0.02074,0.02091,0.01956,0.01983,2194988.0,2026-06-02 15:59:59.999000+00:00,1
2026-06-02 16:00:00+00:00,0.01982,0.02038,0.01942,0.01986,1342758.0,2026-06-02 19:59:59.999000+00:00,1
2026-06-02 20:00:00+00:00,0.01985,0.02024,0.01902,0.01942,1644811.0,2026-06-02 23:59:59.999000+00:00,1
2026-06-03 00:00:00+00:00,0.01943,0.01976,0.01918,0.01926,1828333.0,2026-06-03 03:59:59.999000+00:00,1
2026-06-03 04:00:00+00:00,0.01929,0.02028,0.01929,0.02018,1159886.0,2026-06-03 07:59:59.999000+00:00,1
2026-06-03 08:00:00+00:00,0.02018,0.02025,0.01995,0.02007,747792.0,2026-06-03 11:59:59.999000+00:00,1
2026-06-03 12:00:00+00:00,0.02008,0.02027,0.0199,0.01999,1065159.0,2026-06-03 15:59:59.999000+00:00,1
2026-06-03 16:00:00+00:00,0.01999,0.02011,0.01955,0.01975,1017913.0,2026-06-03 19:59:59.999000+00:00,1
2026-06-03 20:00:00+00:00,0.01976,0.02017,0.01941,0.0197,1021657.0,2026-06-03 23:59:59.999000+00:00,1
2026-06-04 00:00:00+00:00,0.01969,0.01987,0.01762,0.01901,4031935.0,2026-06-04 03:59:59.999000+00:00,1
2026-06-04 04:00:00+00:00,0.01902,0.01913,0.01842,0.01843,1884884.0,2026-06-04 07:59:59.999000+00:00,1
2026-06-04 08:00:00+00:00,0.01844,0.01853,0.01766,0.01799,1619498.0,2026-06-04 11:59:59.999000+00:00,1
2026-06-04 12:00:00+00:00,0.018,0.01867,0.01785,0.01855,1195489.0,2026-06-04 15:59:59.999000+00:00,1
2026-06-04 16:00:00+00:00,0.01854,0.01873,0.0182,0.01852,978048.0,2026-06-04 19:59:59.999000+00:00,1
2026-06-04 20:00:00+00:00,0.01853,0.01856,0.01789,0.01829,1008535.0,2026-06-04 23:59:59.999000+00:00,1
2026-06-05 00:00:00+00:00,0.01827,0.01836,0.01746,0.01748,1530395.0,2026-06-05 03:59:59.999000+00:00,1
2026-06-05 04:00:00+00:00,0.0175,0.01794,0.01646,0.01728,3199982.0,2026-06-05 07:59:59.999000+00:00,1
2026-06-05 08:00:00+00:00,0.01729,0.01746,0.01688,0.01718,1520074.0,2026-06-05 11:59:59.999000+00:00,1
2026-06-05 12:00:00+00:00,0.01718,0.0174,0.01644,0.0166,3407447.0,2026-06-05 15:59:59.999000+00:00,1
2026-06-05 16:00:00+00:00,0.01659,0.01711,0.01581,0.01641,3478085.0,2026-06-05 19:59:59.999000+00:00,1
2026-06-05 20:00:00+00:00,0.0164,0.01699,0.01624,0.01663,1865990.0,2026-06-05 23:59:59.999000+00:00,1
2026-06-06 00:00:00+00:00,0.01664,0.01686,0.01629,0.01634,886176.0,2026-06-06 03:59:59.999000+00:00,1
2026-06-06 04:00:00+00:00,0.01632,0.01654,0.01546,0.01644,2978761.0,2026-06-06 07:59:59.999000+00:00,1
2026-06-06 08:00:00+00:00,0.01645,0.01677,0.01615,0.01643,1711906.0,2026-06-06 11:59:59.999000+00:00,1
2026-06-06 12:00:00+00:00,0.01644,0.01669,0.01628,0.01649,1322531.0,2026-06-06 15:59:59.999000+00:00,1
2026-06-06 16:00:00+00:00,0.01648,0.01671,0.01625,0.01639,1637173.0,2026-06-06 19:59:59.999000+00:00,1
2026-06-06 20:00:00+00:00,0.01638,0.01673,0.01636,0.01669,865143.0,2026-06-06 23:59:59.999000+00:00,1
2026-06-07 00:00:00+00:00,0.01669,0.01721,0.01666,0.01701,1107344.0,2026-06-07 03:59:59.999000+00:00,1
2026-06-07 04:00:00+00:00,0.017,0.01719,0.01686,0.01714,1450126.0,2026-06-07 07:59:59.999000+00:00,1
2026-06-07 08:00:00+00:00,0.01713,0.01745,0.01703,0.01721,943074.0,2026-06-07 11:59:59.999000+00:00,1
2026-06-07 12:00:00+00:00,0.01721,0.01732,0.01685,0.01719,1299220.0,2026-06-07 15:59:59.999000+00:00,1
2026-06-07 16:00:00+00:00,0.01721,0.01725,0.01672,0.01681,1109027.0,2026-06-07 19:59:59.999000+00:00,1
2026-06-07 20:00:00+00:00,0.0168,0.01789,0.01677,0.01738,1844585.0,2026-06-07 23:59:59.999000+00:00,1
2026-06-08 00:00:00+00:00,0.01737,0.01759,0.01715,0.01745,863556.0,2026-06-08 03:59:59.999000+00:00,1
2026-06-08 04:00:00+00:00,0.01746,0.01751,0.0171,0.01745,1136068.0,2026-06-08 07:59:59.999000+00:00,1
2026-06-08 08:00:00+00:00,0.01745,0.01789,0.01731,0.01772,1623431.0,2026-06-08 11:59:59.999000+00:00,1
2026-06-08 12:00:00+00:00,0.01774,0.01795,0.01754,0.0178,1066277.0,2026-06-08 15:59:59.999000+00:00,1
2026-06-08 16:00:00+00:00,0.0178,0.0181,0.01776,0.01785,953555.0,2026-06-08 19:59:59.999000+00:00,1
2026-06-08 20:00:00+00:00,0.01786,0.01804,0.01767,0.01776,764994.0,2026-06-08 23:59:59.999000+00:00,1
2026-06-09 00:00:00+00:00,0.01776,0.01776,0.0173,0.01749,1275042.0,2026-06-09 03:59:59.999000+00:00,1
2026-06-09 04:00:00+00:00,0.01749,0.01782,0.01743,0.01774,861085.0,2026-06-09 07:59:59.999000+00:00,1
2026-06-09 08:00:00+00:00,0.01775,0.01775,0.01754,0.01769,706756.0,2026-06-09 11:59:59.999000+00:00,1
2026-06-09 12:00:00+00:00,0.01769,0.01793,0.01736,0.01743,1361670.0,2026-06-09 15:59:59.999000+00:00,1
2026-06-09 16:00:00+00:00,0.01742,0.01789,0.01718,0.01766,1747284.0,2026-06-09 19:59:59.999000+00:00,1
2026-06-09 20:00:00+00:00,0.01767,0.01781,0.0175,0.01762,518243.0,2026-06-09 23:59:59.999000+00:00,1
2026-06-10 00:00:00+00:00,0.01764,0.01766,0.01732,0.01749,559216.0,2026-06-10 03:59:59.999000+00:00,1
2026-06-10 04:00:00+00:00,0.0175,0.01764,0.01731,0.01756,720725.0,2026-06-10 07:59:59.999000+00:00,1
2026-06-10 08:00:00+00:00,0.01756,0.01758,0.01711,0.01719,1106919.0,2026-06-10 11:59:59.999000+00:00,1
2026-06-10 12:00:00+00:00,0.01719,0.01785,0.01714,0.01761,2167657.0,2026-06-10 15:59:59.999000+00:00,1
2026-06-10 16:00:00+00:00,0.01762,0.01767,0.0171,0.01716,671687.0,2026-06-10 19:59:59.999000+00:00,1
2026-06-10 20:00:00+00:00,0.01717,0.01719,0.01666,0.01701,1089112.0,2026-06-10 23:59:59.999000+00:00,1
2026-06-11 00:00:00+00:00,0.01701,0.01787,0.01701,0.01785,1170780.0,2026-06-11 03:59:59.999000+00:00,1
2026-06-11 04:00:00+00:00,0.01784,0.01799,0.01755,0.01762,1185268.0,2026-06-11 07:59:59.999000+00:00,1
2026-06-11 08:00:00+00:00,0.01762,0.01784,0.01758,0.01774,643325.0,2026-06-11 11:59:59.999000+00:00,1
2026-06-11 12:00:00+00:00,0.01774,0.01798,0.01749,0.01792,1360731.0,2026-06-11 15:59:59.999000+00:00,1
2026-06-11 16:00:00+00:00,0.01793,0.01828,0.01769,0.01816,2653830.0,2026-06-11 19:59:59.999000+00:00,1
2026-06-11 20:00:00+00:00,0.01817,0.01838,0.01806,0.0181,711238.0,2026-06-11 23:59:59.999000+00:00,1
2026-06-12 00:00:00+00:00,0.0181,0.01827,0.01801,0.01824,493604.0,2026-06-12 03:59:59.999000+00:00,1
2026-06-12 04:00:00+00:00,0.01825,0.01825,0.01795,0.01806,1030542.0,2026-06-12 07:59:59.999000+00:00,1
2026-06-12 08:00:00+00:00,0.01807,0.01852,0.01807,0.01836,1029648.0,2026-06-12 11:59:59.999000+00:00,1
2026-06-12 12:00:00+00:00,0.01836,0.01859,0.01811,0.01824,1521710.0,2026-06-12 15:59:59.999000+00:00,1
2026-06-12 16:00:00+00:00,0.01824,0.0184,0.01811,0.01818,660751.0,2026-06-12 19:59:59.999000+00:00,1
2026-06-12 20:00:00+00:00,0.01817,0.01822,0.018,0.01809,241508.0,2026-06-12 23:59:59.999000+00:00,1
2026-06-13 00:00:00+00:00,0.0181,0.01844,0.01809,0.01826,941912.0,2026-06-13 03:59:59.999000+00:00,1
2026-06-13 04:00:00+00:00,0.01827,0.01877,0.01816,0.01862,1654147.0,2026-06-13 07:59:59.999000+00:00,1
2026-06-13 08:00:00+00:00,0.01863,0.01868,0.01838,0.01864,987927.0,2026-06-13 11:59:59.999000+00:00,1
2026-06-13 12:00:00+00:00,0.01863,0.01865,0.01839,0.01855,561486.0,2026-06-13 15:59:59.999000+00:00,1
2026-06-13 16:00:00+00:00,0.01856,0.01858,0.0183,0.01842,578129.0,2026-06-13 19:59:59.999000+00:00,1
2026-06-13 20:00:00+00:00,0.01841,0.0185,0.0183,0.01836,243009.0,2026-06-13 23:59:59.999000+00:00,1
2026-06-14 00:00:00+00:00,0.01836,0.01836,0.01808,0.01816,597237.0,2026-06-14 03:59:59.999000+00:00,1
2026-06-14 04:00:00+00:00,0.01815,0.01815,0.01787,0.01789,749178.0,2026-06-14 07:59:59.999000+00:00,1
2026-06-14 08:00:00+00:00,0.01789,0.01808,0.01784,0.01797,723121.0,2026-06-14 11:59:59.999000+00:00,1
2026-06-14 12:00:00+00:00,0.01797,0.01809,0.01768,0.0178,956735.0,2026-06-14 15:59:59.999000+00:00,1
2026-06-14 16:00:00+00:00,0.01781,0.01788,0.01768,0.01775,431383.0,2026-06-14 19:59:59.999000+00:00,1
2026-06-14 20:00:00+00:00,0.01776,0.01863,0.01774,0.01852,1366916.0,2026-06-14 23:59:59.999000+00:00,1
2026-06-15 00:00:00+00:00,0.01851,0.01865,0.01834,0.01861,969031.0,2026-06-15 03:59:59.999000+00:00,1
2026-06-15 04:00:00+00:00,0.0186,0.0187,0.01846,0.01852,702683.0,2026-06-15 07:59:59.999000+00:00,1
2026-06-15 08:00:00+00:00,0.01852,0.01892,0.01848,0.01885,718561.0,2026-06-15 11:59:59.999000+00:00,1
2026-06-15 12:00:00+00:00,0.01884,0.01923,0.01877,0.01919,959174.0,2026-06-15 15:59:59.999000+00:00,1
2026-06-15 16:00:00+00:00,0.01919,0.0193,0.01865,0.01875,724012.0,2026-06-15 19:59:59.999000+00:00,1
2026-06-15 20:00:00+00:00,0.01876,0.01884,0.01845,0.01874,790113.0,2026-06-15 23:59:59.999000+00:00,1
2026-06-16 00:00:00+00:00,0.01874,0.01881,0.01827,0.01847,742205.0,2026-06-16 03:59:59.999000+00:00,1
2026-06-16 04:00:00+00:00,0.01848,0.01857,0.01831,0.01852,802737.0,2026-06-16 07:59:59.999000+00:00,1
2026-06-16 08:00:00+00:00,0.01852,0.0188,0.01849,0.01867,1034385.0,2026-06-16 11:59:59.999000+00:00,1
2026-06-16 12:00:00+00:00,0.01869,0.01884,0.01809,0.01845,1284809.0,2026-06-16 15:59:59.999000+00:00,1
2026-06-16 16:00:00+00:00,0.01845,0.01876,0.0184,0.01848,898700.0,2026-06-16 19:59:59.999000+00:00,1
2026-06-16 20:00:00+00:00,0.01848,0.01865,0.01841,0.01845,482059.0,2026-06-16 23:59:59.999000+00:00,1
2026-06-17 00:00:00+00:00,0.01846,0.01882,0.01846,0.01857,805474.0,2026-06-17 03:59:59.999000+00:00,1
2026-06-17 04:00:00+00:00,0.01857,0.01864,0.01836,0.01847,494227.0,2026-06-17 07:59:59.999000+00:00,1
2026-06-17 08:00:00+00:00,0.01847,0.01848,0.01824,0.01826,558491.0,2026-06-17 11:59:59.999000+00:00,1
2026-06-17 12:00:00+00:00,0.01827,0.01864,0.01818,0.01862,1129256.0,2026-06-17 15:59:59.999000+00:00,1
2026-06-17 16:00:00+00:00,0.01862,0.01876,0.01791,0.01799,1733720.0,2026-06-17 19:59:59.999000+00:00,1
2026-06-17 20:00:00+00:00,0.018,0.01818,0.01777,0.01805,654125.0,2026-06-17 23:59:59.999000+00:00,1
2026-06-18 00:00:00+00:00,0.01805,0.01813,0.01774,0.01777,596540.0,2026-06-18 03:59:59.999000+00:00,1
2026-06-18 04:00:00+00:00,0.01779,0.0178,0.01582,0.01629,18971356.0,2026-06-18 07:59:59.999000+00:00,1
2026-06-18 08:00:00+00:00,0.01629,0.01629,0.0157,0.01604,10830498.0,2026-06-18 11:59:59.999000+00:00,1
2026-06-18 12:00:00+00:00,0.01603,0.01654,0.01557,0.01567,8862153.0,2026-06-18 15:59:59.999000+00:00,1
2026-06-18 16:00:00+00:00,0.01566,0.01608,0.01559,0.01604,2788924.0,2026-06-18 19:59:59.999000+00:00,1
2026-06-18 20:00:00+00:00,0.01602,0.01617,0.01567,0.01573,2411552.0,2026-06-18 23:59:59.999000+00:00,1
2026-06-19 00:00:00+00:00,0.01573,0.01589,0.01537,0.01559,3422059.0,2026-06-19 03:59:59.999000+00:00,1
2026-06-19 04:00:00+00:00,0.01559,0.01572,0.01535,0.01556,1987241.0,2026-06-19 07:59:59.999000+00:00,1
2026-06-19 08:00:00+00:00,0.01555,0.01585,0.01545,0.01562,2329669.0,2026-06-19 11:59:59.999000+00:00,1
2026-06-19 12:00:00+00:00,0.01562,0.01619,0.01561,0.01586,2895239.0,2026-06-19 15:59:59.999000+00:00,1
2026-06-19 16:00:00+00:00,0.01586,0.01602,0.01582,0.01591,2164505.0,2026-06-19 19:59:59.999000+00:00,1
2026-06-19 20:00:00+00:00,0.01592,0.01598,0.01583,0.01591,1005163.0,2026-06-19 23:59:59.999000+00:00,1
2026-06-20 00:00:00+00:00,0.0159,0.01605,0.0157,0.01583,2218292.0,2026-06-20 03:59:59.999000+00:00,1
2026-06-20 04:00:00+00:00,0.01584,0.01607,0.01576,0.01578,2041686.0,2026-06-20 07:59:59.999000+00:00,1
2026-06-20 08:00:00+00:00,0.01579,0.01593,0.01565,0.01573,1319849.0,2026-06-20 11:59:59.999000+00:00,1
2026-06-20 12:00:00+00:00,0.01573,0.01587,0.01547,0.01578,2321186.0,2026-06-20 15:59:59.999000+00:00,1
2026-06-20 16:00:00+00:00,0.01579,0.01581,0.01551,0.01558,804953.0,2026-06-20 19:59:59.999000+00:00,1
2026-06-20 20:00:00+00:00,0.01558,0.01568,0.01551,0.01559,760180.0,2026-06-20 23:59:59.999000+00:00,1
2026-06-21 00:00:00+00:00,0.01561,0.01571,0.01554,0.01563,935455.0,2026-06-21 03:59:59.999000+00:00,1
2026-06-21 04:00:00+00:00,0.01564,0.01581,0.01548,0.01568,1274348.0,2026-06-21 07:59:59.999000+00:00,1
2026-06-21 08:00:00+00:00,0.01569,0.01592,0.01554,0.01557,1673093.0,2026-06-21 11:59:59.999000+00:00,1
2026-06-21 12:00:00+00:00,0.01558,0.01567,0.01552,0.01564,673931.0,2026-06-21 15:59:59.999000+00:00,1
2026-06-21 16:00:00+00:00,0.01565,0.01584,0.01562,0.0158,599221.0,2026-06-21 19:59:59.999000+00:00,1
2026-06-21 20:00:00+00:00,0.01581,0.01582,0.01537,0.01545,1351093.0,2026-06-21 23:59:59.999000+00:00,1
2026-06-22 00:00:00+00:00,0.01546,0.01583,0.01543,0.01557,1288132.0,2026-06-22 03:59:59.999000+00:00,1
2026-06-22 04:00:00+00:00,0.01556,0.01581,0.01553,0.01562,694180.0,2026-06-22 07:59:59.999000+00:00,1
2026-06-22 08:00:00+00:00,0.01563,0.01576,0.01552,0.01574,938250.0,2026-06-22 11:59:59.999000+00:00,1
2026-06-22 12:00:00+00:00,0.01575,0.01591,0.0156,0.01563,1303502.0,2026-06-22 15:59:59.999000+00:00,1
2026-06-22 16:00:00+00:00,0.01564,0.01572,0.0153,0.01539,1508996.0,2026-06-22 19:59:59.999000+00:00,1
2026-06-22 20:00:00+00:00,0.01539,0.01546,0.01498,0.01514,2166123.0,2026-06-22 23:59:59.999000+00:00,1
2026-06-23 00:00:00+00:00,0.01514,0.01522,0.015,0.0152,1024095.0,2026-06-23 03:59:59.999000+00:00,1
2026-06-23 04:00:00+00:00,0.01519,0.01523,0.01462,0.01471,2146858.0,2026-06-23 07:59:59.999000+00:00,1
2026-06-23 08:00:00+00:00,0.01472,0.0148,0.01428,0.01475,2122620.0,2026-06-23 11:59:59.999000+00:00,1
2026-06-23 12:00:00+00:00,0.01476,0.0151,0.01472,0.01487,1956414.0,2026-06-23 15:59:59.999000+00:00,1
2026-06-23 16:00:00+00:00,0.01488,0.01514,0.01486,0.01507,740840.0,2026-06-23 19:59:59.999000+00:00,1
2026-06-23 20:00:00+00:00,0.01508,0.01549,0.01508,0.01526,1170492.0,2026-06-23 23:59:59.999000+00:00,1
2026-06-24 00:00:00+00:00,0.01525,0.01544,0.01522,0.01527,1180357.0,2026-06-24 03:59:59.999000+00:00,1
2026-06-24 04:00:00+00:00,0.01528,0.01551,0.01519,0.01534,1040800.0,2026-06-24 07:59:59.999000+00:00,1
2026-06-24 08:00:00+00:00,0.01535,0.01557,0.01527,0.01546,957440.0,2026-06-24 11:59:59.999000+00:00,1
2026-06-24 12:00:00+00:00,0.01547,0.01551,0.01492,0.01498,2674364.0,2026-06-24 15:59:59.999000+00:00,1
2026-06-24 16:00:00+00:00,0.01497,0.01509,0.01429,0.01463,3096611.0,2026-06-24 19:59:59.999000+00:00,1
2026-06-24 20:00:00+00:00,0.01463,0.0149,0.0146,0.0147,1284033.0,2026-06-24 23:59:59.999000+00:00,1
2026-06-25 00:00:00+00:00,0.01471,0.01472,0.01423,0.0144,1522799.0,2026-06-25 03:59:59.999000+00:00,1
2026-06-25 04:00:00+00:00,0.01441,0.01476,0.01438,0.01455,1279837.0,2026-06-25 07:59:59.999000+00:00,1
2026-06-25 08:00:00+00:00,0.01456,0.01468,0.01445,0.0145,695477.0,2026-06-25 11:59:59.999000+00:00,1
2026-06-25 12:00:00+00:00,0.01451,0.01459,0.01338,0.01411,4637259.0,2026-06-25 15:59:59.999000+00:00,1
2026-06-25 16:00:00+00:00,0.01411,0.01425,0.0138,0.0139,1493776.0,2026-06-25 19:59:59.999000+00:00,1
2026-06-25 20:00:00+00:00,0.01391,0.01409,0.01383,0.01396,762817.0,2026-06-25 23:59:59.999000+00:00,1
2026-06-26 00:00:00+00:00,0.01398,0.01413,0.01343,0.0141,1985635.0,2026-06-26 03:59:59.999000+00:00,1
2026-06-26 04:00:00+00:00,0.01411,0.01445,0.01403,0.01441,1101479.0,2026-06-26 07:59:59.999000+00:00,1
2026-06-26 08:00:00+00:00,0.01442,0.01442,0.01408,0.01413,853014.0,2026-06-26 11:59:59.999000+00:00,1
2026-06-26 12:00:00+00:00,0.01414,0.01449,0.01396,0.01445,1796709.0,2026-06-26 15:59:59.999000+00:00,1
2026-06-26 16:00:00+00:00,0.01446,0.01507,0.01446,0.01468,2057443.0,2026-06-26 19:59:59.999000+00:00,1
2026-06-26 20:00:00+00:00,0.01469,0.01504,0.01462,0.01467,3257698.0,2026-06-26 23:59:59.999000+00:00,1
2026-06-27 00:00:00+00:00,0.01468,0.01495,0.01456,0.01475,1598121.0,2026-06-27 03:59:59.999000+00:00,1
2026-06-27 04:00:00+00:00,0.01475,0.01477,0.01456,0.01456,589570.0,2026-06-27 07:59:59.999000+00:00,1
2026-06-27 08:00:00+00:00,0.01457,0.01511,0.01437,0.01506,4506827.0,2026-06-27 11:59:59.999000+00:00,1
2026-06-27 12:00:00+00:00,0.01507,0.01518,0.01479,0.01495,1461350.0,2026-06-27 15:59:59.999000+00:00,1
2026-06-27 16:00:00+00:00,0.01495,0.01497,0.01446,0.01461,760784.0,2026-06-27 19:59:59.999000+00:00,1
2026-06-27 20:00:00+00:00,0.01461,0.01467,0.01443,0.01451,317932.0,2026-06-27 23:59:59.999000+00:00,1
2026-06-28 00:00:00+00:00,0.01452,0.01474,0.0145,0.01473,439322.0,2026-06-28 03:59:59.999000+00:00,1
2026-06-28 04:00:00+00:00,0.01473,0.01508,0.01471,0.01478,1432734.0,2026-06-28 07:59:59.999000+00:00,1
2026-06-28 08:00:00+00:00,0.01479,0.01493,0.01452,0.0149,917836.0,2026-06-28 11:59:59.999000+00:00,1
2026-06-28 12:00:00+00:00,0.01491,0.01543,0.01475,0.01486,2990921.0,2026-06-28 15:59:59.999000+00:00,1
2026-06-28 16:00:00+00:00,0.01486,0.01488,0.0145,0.01456,907708.0,2026-06-28 19:59:59.999000+00:00,1
2026-06-28 20:00:00+00:00,0.01457,0.01469,0.0144,0.01459,668474.0,2026-06-28 23:59:59.999000+00:00,1
2026-06-29 00:00:00+00:00,0.01459,0.01478,0.01425,0.01467,851200.0,2026-06-29 03:59:59.999000+00:00,1
2026-06-29 04:00:00+00:00,0.01469,0.01496,0.01461,0.01482,712844.0,2026-06-29 07:59:59.999000+00:00,1
2026-06-29 08:00:00+00:00,0.01482,0.01484,0.01463,0.0147,746043.0,2026-06-29 11:59:59.999000+00:00,1
2026-06-29 12:00:00+00:00,0.01471,0.01506,0.01447,0.01466,1763998.0,2026-06-29 15:59:59.999000+00:00,1
2026-06-29 16:00:00+00:00,0.01467,0.01511,0.01458,0.01478,792419.0,2026-06-29 19:59:59.999000+00:00,1
2026-06-29 20:00:00+00:00,0.01478,0.01486,0.0147,0.01475,454495.0,2026-06-29 23:59:59.999000+00:00,1
2026-06-30 00:00:00+00:00,0.01475,0.01481,0.01456,0.01456,314623.0,2026-06-30 03:59:59.999000+00:00,1
2026-06-30 04:00:00+00:00,0.01456,0.01461,0.01449,0.01452,355462.0,2026-06-30 07:59:59.999000+00:00,1
2026-06-30 08:00:00+00:00,0.01453,0.01453,0.01421,0.01422,360777.0,2026-06-30 11:59:59.999000+00:00,1
2026-06-30 12:00:00+00:00,0.01423,0.01449,0.01403,0.01437,1073327.0,2026-06-30 15:59:59.999000+00:00,1
2026-06-30 16:00:00+00:00,0.01438,0.01443,0.01421,0.01437,550093.0,2026-06-30 19:59:59.999000+00:00,1
2026-06-30 20:00:00+00:00,0.01437,0.0144,0.01416,0.01421,264346.0,2026-06-30 23:59:59.999000+00:00,1
2026-07-01 00:00:00+00:00,0.01421,0.01452,0.01385,0.01447,804643.0,2026-07-01 03:59:59.999000+00:00,1
2026-07-01 04:00:00+00:00,0.01448,0.01453,0.01412,0.01417,459107.0,2026-07-01 07:59:59.999000+00:00,1
2026-07-01 08:00:00+00:00,0.01417,0.01431,0.01409,0.01425,339270.0,2026-07-01 11:59:59.999000+00:00,1
2026-07-01 12:00:00+00:00,0.01426,0.01492,0.01401,0.01478,913729.0,2026-07-01 15:59:59.999000+00:00,1
2026-07-01 16:00:00+00:00,0.01479,0.01486,0.01467,0.01474,637793.0,2026-07-01 19:59:59.999000+00:00,1
2026-07-01 20:00:00+00:00,0.01475,0.01518,0.01469,0.01478,1113561.0,2026-07-01 23:59:59.999000+00:00,1
2026-07-02 00:00:00+00:00,0.01479,0.01537,0.01477,0.01513,2605480.0,2026-07-02 03:59:59.999000+00:00,1
2026-07-02 04:00:00+00:00,0.01514,0.01538,0.01503,0.01525,1378398.0,2026-07-02 07:59:59.999000+00:00,1
2026-07-02 08:00:00+00:00,0.01526,0.01553,0.01499,0.01519,1946674.0,2026-07-02 11:59:59.999000+00:00,1
2026-07-02 12:00:00+00:00,0.01519,0.01533,0.01504,0.01509,815826.0,2026-07-02 15:59:59.999000+00:00,1
2026-07-02 16:00:00+00:00,0.01509,0.01516,0.01491,0.01492,448207.0,2026-07-02 19:59:59.999000+00:00,1
2026-07-02 20:00:00+00:00,0.01492,0.0151,0.0149,0.01507,231270.0,2026-07-02 23:59:59.999000+00:00,1
2026-07-03 00:00:00+00:00,0.01508,0.01516,0.01495,0.01504,350700.0,2026-07-03 03:59:59.999000+00:00,1
2026-07-03 04:00:00+00:00,0.01503,0.01536,0.015,0.01519,498138.0,2026-07-03 07:59:59.999000+00:00,1
2026-07-03 08:00:00+00:00,0.0152,0.01534,0.01515,0.01531,596200.0,2026-07-03 11:59:59.999000+00:00,1
2026-07-03 12:00:00+00:00,0.01533,0.01549,0.01522,0.0153,657261.0,2026-07-03 15:59:59.999000+00:00,1
2026-07-03 16:00:00+00:00,0.0153,0.01552,0.01526,0.01548,284379.0,2026-07-03 19:59:59.999000+00:00,1
2026-07-03 20:00:00+00:00,0.01548,0.01566,0.01544,0.01558,446050.0,2026-07-03 23:59:59.999000+00:00,1
2026-07-04 00:00:00+00:00,0.01558,0.01594,0.0154,0.01561,1403520.0,2026-07-04 03:59:59.999000+00:00,1
2026-07-04 04:00:00+00:00,0.01561,0.01569,0.01543,0.01551,440605.0,2026-07-04 07:59:59.999000+00:00,1
2026-07-04 08:00:00+00:00,0.01549,0.01566,0.01536,0.01552,289243.0,2026-07-04 11:59:59.999000+00:00,1
2026-07-04 12:00:00+00:00,0.01551,0.01562,0.01536,0.01558,314819.0,2026-07-04 15:59:59.999000+00:00,1
2026-07-04 16:00:00+00:00,0.01558,0.01573,0.01547,0.01562,374429.0,2026-07-04 19:59:59.999000+00:00,1
2026-07-04 20:00:00+00:00,0.01563,0.01564,0.01534,0.01543,230156.0,2026-07-04 23:59:59.999000+00:00,1
2026-07-05 00:00:00+00:00,0.01544,0.01553,0.01511,0.0152,653646.0,2026-07-05 03:59:59.999000+00:00,1
2026-07-05 04:00:00+00:00,0.0152,0.01525,0.01505,0.01519,561744.0,2026-07-05 07:59:59.999000+00:00,1
2026-07-05 08:00:00+00:00,0.01519,0.01521,0.01486,0.01489,681878.0,2026-07-05 11:59:59.999000+00:00,1
2026-07-05 12:00:00+00:00,0.01489,0.01511,0.01485,0.015,399228.0,2026-07-05 15:59:59.999000+00:00,1
2026-07-05 16:00:00+00:00,0.01501,0.01509,0.01496,0.01499,328905.0,2026-07-05 19:59:59.999000+00:00,1
2026-07-05 20:00:00+00:00,0.01499,0.01523,0.01498,0.01513,310160.0,2026-07-05 23:59:59.999000+00:00,1
2026-07-06 00:00:00+00:00,0.01513,0.01518,0.01493,0.01497,254283.0,2026-07-06 03:59:59.999000+00:00,1
2026-07-06 04:00:00+00:00,0.01497,0.01504,0.01469,0.015,1213517.0,2026-07-06 07:59:59.999000+00:00,1
2026-07-06 08:00:00+00:00,0.01502,0.01504,0.01478,0.01478,504000.0,2026-07-06 11:59:59.999000+00:00,1
2026-07-06 12:00:00+00:00,0.01476,0.01668,0.01451,0.0165,6169787.0,2026-07-06 15:59:59.999000+00:00,1
2026-07-06 16:00:00+00:00,0.01649,0.02166,0.01647,0.0198,169445581.0,2026-07-06 19:59:59.999000+00:00,1
2026-07-06 20:00:00+00:00,0.0198,0.02215,0.0193,0.02092,79038891.0,2026-07-06 23:59:59.999000+00:00,1
2026-07-07 00:00:00+00:00,0.02092,0.02194,0.01883,0.0193,93576368.0,2026-07-07 03:59:59.999000+00:00,1
2026-07-07 04:00:00+00:00,0.01929,0.02134,0.01915,0.01994,93870783.0,2026-07-07 07:59:59.999000+00:00,1
2026-07-07 08:00:00+00:00,0.01995,0.02566,0.01945,0.02444,223991145.0,2026-07-07 11:59:59.999000+00:00,1
2026-07-07 12:00:00+00:00,0.02445,0.02493,0.0225,0.02327,197434171.0,2026-07-07 15:59:59.999000+00:00,1
2026-07-07 16:00:00+00:00,0.02328,0.02338,0.02019,0.02133,112414361.0,2026-07-07 19:59:59.999000+00:00,1
2026-07-07 20:00:00+00:00,0.02134,0.02145,0.01972,0.01994,27804097.0,2026-07-07 23:59:59.999000+00:00,1
2026-07-08 00:00:00+00:00,0.01994,0.02086,0.01884,0.01937,44941777.0,2026-07-08 03:59:59.999000+00:00,1
2026-07-08 04:00:00+00:00,0.01937,0.01971,0.01865,0.01932,26256101.0,2026-07-08 07:59:59.999000+00:00,1
2026-07-08 08:00:00+00:00,0.01932,0.0197,0.01852,0.01857,24388337.0,2026-07-08 11:59:59.999000+00:00,1
2026-07-08 12:00:00+00:00,0.01857,0.01927,0.01816,0.01828,23410201.0,2026-07-08 15:59:59.999000+00:00,1
2026-07-08 16:00:00+00:00,0.01829,0.01958,0.01825,0.01844,21722034.0,2026-07-08 19:59:59.999000+00:00,1
2026-07-08 20:00:00+00:00,0.01844,0.01884,0.01827,0.01833,6131804.0,2026-07-08 23:59:59.999000+00:00,1
2026-07-09 00:00:00+00:00,0.01833,0.01936,0.01783,0.01787,16514684.0,2026-07-09 03:59:59.999000+00:00,1
2026-07-09 04:00:00+00:00,0.01788,0.0187,0.01761,0.01833,10730495.0,2026-07-09 07:59:59.999000+00:00,1
2026-07-09 08:00:00+00:00,0.01834,0.01901,0.01824,0.01869,8785326.0,2026-07-09 11:59:59.999000+00:00,1
2026-07-09 12:00:00+00:00,0.01868,0.01912,0.01844,0.01864,5998732.0,2026-07-09 15:59:59.999000+00:00,1
2026-07-09 16:00:00+00:00,0.01865,0.01924,0.01836,0.01839,7147051.0,2026-07-09 19:59:59.999000+00:00,1
2026-07-09 20:00:00+00:00,0.0184,0.01868,0.01825,0.01835,3095346.0,2026-07-09 23:59:59.999000+00:00,1
2026-07-10 00:00:00+00:00,0.01835,0.01858,0.01812,0.0182,3892559.0,2026-07-10 03:59:59.999000+00:00,1
2026-07-10 04:00:00+00:00,0.01819,0.01826,0.01764,0.01773,3841203.0,2026-07-10 07:59:59.999000+00:00,1
2026-07-10 08:00:00+00:00,0.01773,0.01819,0.01761,0.01802,3722403.0,2026-07-10 11:59:59.999000+00:00,1
2026-07-10 12:00:00+00:00,0.01801,0.0186,0.0179,0.01811,4088160.0,2026-07-10 15:59:59.999000+00:00,1
2026-07-10 16:00:00+00:00,0.01811,0.01842,0.01792,0.0184,2469660.0,2026-07-10 19:59:59.999000+00:00,1
2026-07-10 20:00:00+00:00,0.01841,0.01943,0.01833,0.01891,5859589.0,2026-07-10 23:59:59.999000+00:00,1
2026-07-11 00:00:00+00:00,0.01892,0.01893,0.01816,0.0183,4500990.0,2026-07-11 03:59:59.999000+00:00,1
2026-07-11 04:00:00+00:00,0.0183,0.01835,0.01791,0.01804,2642286.0,2026-07-11 07:59:59.999000+00:00,1
2026-07-11 08:00:00+00:00,0.01804,0.01807,0.01767,0.01772,1965245.0,2026-07-11 11:59:59.999000+00:00,1
2026-07-11 12:00:00+00:00,0.01771,0.01773,0.01735,0.01743,2435681.0,2026-07-11 15:59:59.999000+00:00,1
2026-07-11 16:00:00+00:00,0.01742,0.01762,0.01741,0.01751,2136090.0,2026-07-11 19:59:59.999000+00:00,1
2026-07-11 20:00:00+00:00,0.01752,0.01773,0.01694,0.01699,3109402.0,2026-07-11 23:59:59.999000+00:00,1
2026-07-12 00:00:00+00:00,0.01699,0.01708,0.01675,0.01693,2410686.0,2026-07-12 03:59:59.999000+00:00,1
2026-07-12 04:00:00+00:00,0.01693,0.01796,0.01688,0.01721,7041698.0,2026-07-12 07:59:59.999000+00:00,1
2026-07-12 08:00:00+00:00,0.01721,0.01754,0.01711,0.01714,3167639.0,2026-07-12 11:59:59.999000+00:00,1
2026-07-12 12:00:00+00:00,0.01713,0.01722,0.01689,0.01698,1415121.0,2026-07-12 15:59:59.999000+00:00,1
2026-07-12 16:00:00+00:00,0.01697,0.01713,0.01691,0.01706,1158776.0,2026-07-12 19:59:59.999000+00:00,1
2026-07-12 20:00:00+00:00,0.01705,0.01708,0.01663,0.01678,4067865.0,2026-07-12 23:59:59.999000+00:00,1
2026-07-13 00:00:00+00:00,0.01677,0.01704,0.01639,0.01671,2460251.0,2026-07-13 03:59:59.999000+00:00,1
2026-07-13 04:00:00+00:00,0.01671,0.01759,0.01669,0.01752,4775826.0,2026-07-13 07:59:59.999000+00:00,1
2026-07-13 08:00:00+00:00,0.01753,0.01858,0.01753,0.01819,20310713.0,2026-07-13 11:59:59.999000+00:00,1
2026-07-13 12:00:00+00:00,0.01819,0.0183,0.01727,0.01735,9989859.0,2026-07-13 15:59:59.999000+00:00,1
2026-07-13 16:00:00+00:00,0.01736,0.01739,0.01678,0.0169,3405412.0,2026-07-13 19:59:59.999000+00:00,1
2026-07-13 20:00:00+00:00,0.01689,0.01702,0.01675,0.01693,1647159.0,2026-07-13 23:59:59.999000+00:00,1
2026-07-14 00:00:00+00:00,0.01694,0.01695,0.01641,0.01659,3251104.0,2026-07-14 03:59:59.999000+00:00,1
2026-07-14 04:00:00+00:00,0.01658,0.01662,0.01636,0.01638,2276851.0,2026-07-14 07:59:59.999000+00:00,1
2026-07-14 08:00:00+00:00,0.01638,0.01661,0.01621,0.01657,3238466.0,2026-07-14 11:59:59.999000+00:00,1
2026-07-14 12:00:00+00:00,0.01658,0.01668,0.01634,0.01652,4162428.0,2026-07-14 15:59:59.999000+00:00,1
2026-07-14 16:00:00+00:00,0.01651,0.01663,0.01626,0.0163,1557231.0,2026-07-14 19:59:59.999000+00:00,1
2026-07-14 20:00:00+00:00,0.0163,0.01639,0.01618,0.01624,1252263.0,2026-07-14 23:59:59.999000+00:00,1
2026-07-15 00:00:00+00:00,0.01623,0.0167,0.01613,0.01647,3682694.0,2026-07-15 03:59:59.999000+00:00,1
2026-07-15 04:00:00+00:00,0.01646,0.01649,0.01611,0.01616,2984429.0,2026-07-15 07:59:59.999000+00:00,1
2026-07-15 08:00:00+00:00,0.01616,0.01644,0.01611,0.01618,1763221.0,2026-07-15 11:59:59.999000+00:00,1
2026-07-15 12:00:00+00:00,0.01617,0.0164,0.01596,0.0161,4285062.0,2026-07-15 15:59:59.999000+00:00,1
2026-07-15 16:00:00+00:00,0.01609,0.01655,0.01596,0.01637,2749242.0,2026-07-15 19:59:59.999000+00:00,1
2026-07-15 20:00:00+00:00,0.01636,0.01648,0.01627,0.01645,1232393.0,2026-07-15 23:59:59.999000+00:00,1
2026-07-16 00:00:00+00:00,0.01646,0.01686,0.01635,0.01683,5052613.0,2026-07-16 03:59:59.999000+00:00,1
2026-07-16 04:00:00+00:00,0.01684,0.01722,0.01668,0.01676,6908394.0,2026-07-16 07:59:59.999000+00:00,1
2026-07-16 08:00:00+00:00,0.01676,0.01711,0.01652,0.01684,4533300.0,2026-07-16 11:59:59.999000+00:00,1
2026-07-16 12:00:00+00:00,0.01683,0.01696,0.01639,0.01641,3753461.0,2026-07-16 15:59:59.999000+00:00,1
2026-07-16 16:00:00+00:00,0.01641,0.01642,0.01594,0.01599,2754817.0,2026-07-16 19:59:59.999000+00:00,1
2026-07-16 20:00:00+00:00,0.016,0.01614,0.01574,0.01591,2950013.0,2026-07-16 23:59:59.999000+00:00,1
2026-07-17 00:00:00+00:00,0.01591,0.01604,0.01573,0.01575,2920695.0,2026-07-17 03:59:59.999000+00:00,1
2026-07-17 04:00:00+00:00,0.01575,0.01598,0.01562,0.01567,4511645.0,2026-07-17 07:59:59.999000+00:00,1
2026-07-17 08:00:00+00:00,0.01566,0.01584,0.01561,0.0157,1846775.0,2026-07-17 11:59:59.999000+00:00,1
2026-07-17 12:00:00+00:00,0.0157,0.01618,0.01554,0.01606,4437678.0,2026-07-17 15:59:59.999000+00:00,1
2026-07-17 16:00:00+00:00,0.01607,0.01621,0.01578,0.01599,2259922.0,2026-07-17 19:59:59.999000+00:00,1
2026-07-17 20:00:00+00:00,0.01598,0.01696,0.01582,0.0159,11036411.0,2026-07-17 23:59:59.999000+00:00,1
2026-07-18 00:00:00+00:00,0.01591,0.01602,0.01576,0.01577,2520858.0,2026-07-18 03:59:59.999000+00:00,1
2026-07-18 04:00:00+00:00,0.01576,0.01576,0.01543,0.01547,1435316.0,2026-07-18 07:59:59.999000+00:00,1
2026-07-18 08:00:00+00:00,0.01548,0.01555,0.01531,0.0154,1724492.0,2026-07-18 11:59:59.999000+00:00,1
2026-07-18 12:00:00+00:00,0.01541,0.01667,0.01509,0.01547,15022478.0,2026-07-18 15:59:59.999000+00:00,1
2026-07-18 16:00:00+00:00,0.01548,0.0155,0.01515,0.01525,2839136.0,2026-07-18 19:59:59.999000+00:00,1
2026-07-18 20:00:00+00:00,0.01526,0.01567,0.01524,0.01564,1785474.0,2026-07-18 23:59:59.999000+00:00,1
2026-07-19 00:00:00+00:00,0.01564,0.01597,0.01546,0.01569,3187748.0,2026-07-19 03:59:59.999000+00:00,1
2026-07-19 04:00:00+00:00,0.01569,0.0162,0.01562,0.01596,2955393.0,2026-07-19 07:59:59.999000+00:00,1
2026-07-19 08:00:00+00:00,0.01595,0.01599,0.01557,0.0156,2327621.0,2026-07-19 11:59:59.999000+00:00,1
2026-07-19 12:00:00+00:00,0.01561,0.01573,0.01551,0.01558,1481630.0,2026-07-19 15:59:59.999000+00:00,1
2026-07-19 16:00:00+00:00,0.01559,0.01573,0.01533,0.01544,1794092.0,2026-07-19 19:59:59.999000+00:00,1
2026-07-19 20:00:00+00:00,0.01543,0.01562,0.01538,0.01546,1053575.0,2026-07-19 23:59:59.999000+00:00,1
2026-07-20 00:00:00+00:00,0.01546,0.01564,0.01533,0.01536,1074747.0,2026-07-20 03:59:59.999000+00:00,1
2026-07-20 04:00:00+00:00,0.01536,0.01537,0.0151,0.01527,1216099.0,2026-07-20 07:59:59.999000+00:00,1
2026-07-20 08:00:00+00:00,0.01527,0.01549,0.01518,0.01548,1890186.0,2026-07-20 11:59:59.999000+00:00,1
2026-07-20 12:00:00+00:00,0.01548,0.01595,0.01544,0.01591,2459313.0,2026-07-20 15:59:59.999000+00:00,1
2026-07-20 16:00:00+00:00,0.01592,0.01604,0.01575,0.01582,1543609.0,2026-07-20 19:59:59.999000+00:00,1
2026-07-20 20:00:00+00:00,0.01583,0.01592,0.01567,0.01574,909709.0,2026-07-20 23:59:59.999000+00:00,1
2026-07-21 00:00:00+00:00,0.01574,0.01579,0.01559,0.01571,1391901.0,2026-07-21 03:59:59.999000+00:00,1
2026-07-21 04:00:00+00:00,0.01572,0.01589,0.01567,0.01577,1342138.0,2026-07-21 07:59:59.999000+00:00,1
2026-07-21 08:00:00+00:00,0.01576,0.0158,0.01554,0.01557,1132739.0,2026-07-21 11:59:59.999000+00:00,1
2026-07-21 12:00:00+00:00,0.01556,0.01566,0.01549,0.01556,1356184.0,2026-07-21 15:59:59.999000+00:00,1
2026-07-21 16:00:00+00:00,0.01556,0.01561,0.01528,0.01552,1645248.0,2026-07-21 19:59:59.999000+00:00,1
2026-07-21 20:00:00+00:00,0.01553,0.0156,0.01542,0.01557,1002938.0,2026-07-21 23:59:59.999000+00:00,1
2026-07-22 00:00:00+00:00,0.01558,0.01578,0.01551,0.01568,1520134.0,2026-07-22 03:59:59.999000+00:00,1
2026-07-22 04:00:00+00:00,0.01567,0.01595,0.01563,0.01564,2332789.0,2026-07-22 07:59:59.999000+00:00,1
2026-07-22 08:00:00+00:00,0.01564,0.01631,0.01562,0.01626,3648612.0,2026-07-22 11:59:59.999000+00:00,1
2026-07-22 12:00:00+00:00,0.01627,0.0174,0.01594,0.01615,15311469.0,2026-07-22 15:59:59.999000+00:00,1
2026-07-22 16:00:00+00:00,0.01615,0.01629,0.01582,0.01587,2813331.0,2026-07-22 19:59:59.999000+00:00,1
2026-07-22 20:00:00+00:00,0.01586,0.01597,0.01572,0.01576,1717272.0,2026-07-22 23:59:59.999000+00:00,1
2026-07-23 00:00:00+00:00,0.01577,0.01578,0.01548,0.0155,2622525.0,2026-07-23 03:59:59.999000+00:00,1
2026-07-23 04:00:00+00:00,0.01549,0.01562,0.01531,0.01533,1674998.0,2026-07-23 07:59:59.999000+00:00,1
2026-07-23 08:00:00+00:00,0.01533,0.01549,0.01526,0.01536,1604035.0,2026-07-23 11:59:59.999000+00:00,1
2026-07-23 12:00:00+00:00,0.01537,0.01547,0.01511,0.01541,3214087.0,2026-07-23 15:59:59.999000+00:00,1
2026-07-23 16:00:00+00:00,0.0154,0.01541,0.01517,0.01528,1065089.0,2026-07-23 19:59:59.999000+00:00,1
2026-07-23 20:00:00+00:00,0.01527,0.01535,0.01519,0.01522,787114.0,2026-07-23 23:59:59.999000+00:00,1
2026-07-24 00:00:00+00:00,0.01522,0.01548,0.01498,0.01543,2017305.0,2026-07-24 03:59:59.999000+00:00,1
2026-07-24 04:00:00+00:00,0.01542,0.01565,0.01538,0.01556,1851911.0,2026-07-24 07:59:59.999000+00:00,1
2026-07-24 08:00:00+00:00,0.01556,0.01569,0.01544,0.01557,2670111.0,2026-07-24 11:59:59.999000+00:00,1
2026-07-24 12:00:00+00:00,0.01557,0.01565,0.01516,0.01518,2963853.0,2026-07-24 15:59:59.999000+00:00,1
2026-07-24 16:00:00+00:00,0.01518,0.01538,0.01511,0.01529,1600787.0,2026-07-24 19:59:59.999000+00:00,1
2026-07-24 20:00:00+00:00,0.0153,0.01535,0.01516,0.0152,1027418.0,2026-07-24 23:59:59.999000+00:00,1
2026-07-25 00:00:00+00:00,0.01519,0.01523,0.01473,0.01477,1942526.0,2026-07-25 03:59:59.999000+00:00,1
2026-07-25 04:00:00+00:00,0.01476,0.01484,0.01457,0.01458,2371858.0,2026-07-25 07:59:59.999000+00:00,1
2026-07-25 08:00:00+00:00,0.01458,0.01492,0.01437,0.01485,2825654.0,2026-07-25 11:59:59.999000+00:00,1
2026-07-25 12:00:00+00:00,0.01486,0.01511,0.01482,0.015,3415816.0,2026-07-25 15:59:59.999000+00:00,1
2026-07-25 16:00:00+00:00,0.015,0.01501,0.01473,0.01477,1204882.0,2026-07-25 19:59:59.999000+00:00,1
2026-07-25 20:00:00+00:00,0.01478,0.01484,0.01471,0.01476,809107.0,2026-07-25 23:59:59.999000+00:00,1
2026-07-26 00:00:00+00:00,0.01476,0.0148,0.01457,0.01458,1317390.0,2026-07-26 03:59:59.999000+00:00,1
2026-07-26 04:00:00+00:00,0.01457,0.01498,0.01455,0.0149,2112295.0,2026-07-26 07:59:59.999000+00:00,1
2026-07-26 08:00:00+00:00,0.0149,0.015,0.01476,0.01481,2161640.0,2026-07-26 11:59:59.999000+00:00,1
2026-07-26 12:00:00+00:00,0.0148,0.01493,0.01469,0.0149,1604223.0,2026-07-26 15:59:59.999000+00:00,1
2026-07-26 16:00:00+00:00,0.01489,0.0153,0.01488,0.01521,2495605.0,2026-07-26 19:59:59.999000+00:00,1
2026-07-26 20:00:00+00:00,0.0152,0.01548,0.01518,0.01541,1974949.0,2026-07-26 23:59:59.999000+00:00,1
2026-07-27 00:00:00+00:00,0.01541,0.01568,0.01533,0.0154,3580763.0,2026-07-27 03:59:59.999000+00:00,1
2026-07-27 04:00:00+00:00,0.0154,0.01556,0.01514,0.01518,2348126.0,2026-07-27 07:59:59.999000+00:00,1
2026-07-27 08:00:00+00:00,0.01518,0.01529,0.01503,0.01507,1294992.0,2026-07-27 11:59:59.999000+00:00,1
2026-07-27 12:00:00+00:00,0.01507,0.01512,0.01459,0.0147,2723993.0,2026-07-27 15:59:59.999000+00:00,1
2026-07-27 16:00:00+00:00,0.01469,0.01484,0.01457,0.0146,2105019.0,2026-07-27 19:59:59.999000+00:00,1
2026-07-27 20:00:00+00:00,0.01461,0.01463,0.01408,0.01428,1973308.0,2026-07-27 23:59:59.999000+00:00,1
2026-07-28 00:00:00+00:00,0.01428,0.01441,0.01416,0.01432,1923062.0,2026-07-28 03:59:59.999000+00:00,1
2026-07-28 04:00:00+00:00,0.01433,0.01453,0.01429,0.01432,1242499.0,2026-07-28 07:59:59.999000+00:00,1
2026-07-28 08:00:00+00:00,0.01433,0.01462,0.01431,0.01456,2126389.0,2026-07-28 11:59:59.999000+00:00,1
2026-07-28 12:00:00+00:00,0.01456,0.01477,0.01428,0.01463,2332461.0,2026-07-28 15:59:59.999000+00:00,1
2026-07-28 16:00:00+00:00,0.01463,0.01472,0.01444,0.01465,726418.0,2026-07-28 19:59:59.999000+00:00,1
2026-07-28 20:00:00+00:00,0.01466,0.01471,0.01446,0.01466,773230.0,2026-07-28 23:59:59.999000+00:00,1
2026-07-29 00:00:00+00:00,0.01467,0.0148,0.01422,0.01422,1630811.0,2026-07-29 03:59:59.999000+00:00,1
2026-07-29 04:00:00+00:00,0.01423,0.01431,0.01412,0.01422,1647214.0,2026-07-29 07:59:59.999000+00:00,1
2026-07-29 08:00:00+00:00,0.01421,0.01423,0.01403,0.01405,987539.0,2026-07-29 11:59:59.999000+00:00,1
2026-07-29 12:00:00+00:00,0.01405,0.01405,0.01381,0.01385,1930397.0,2026-07-29 15:59:59.999000+00:00,1
2026-07-29 16:00:00+00:00,0.01385,0.01428,0.0138,0.01391,1801440.0,2026-07-29 19:59:59.999000+00:00,1
2026-07-29 20:00:00+00:00,0.01391,0.01412,0.01368,0.01401,1571006.0,2026-07-29 23:59:59.999000+00:00,1
2026-07-30 00:00:00+00:00,0.01402,0.01432,0.014,0.01419,1886355.0,2026-07-30 03:59:59.999000+00:00,1
2026-07-30 04:00:00+00:00,0.01419,0.01435,0.01408,0.01425,1639708.0,2026-07-30 07:59:59.999000+00:00,1
2026-07-30 08:00:00+00:00,0.01426,0.01472,0.01425,0.01444,3040182.0,2026-07-30 11:59:59.999000+00:00,1
2026-07-30 12:00:00+00:00,0.01443,0.01448,0.01425,0.01427,964422.0,2026-07-30 15:59:59.999000+00:00,1
2026-07-30 16:00:00+00:00,0.01428,0.01452,0.01415,0.01444,2196552.0,2026-07-30 19:59:59.999000+00:00,1
2026-07-30 20:00:00+00:00,0.01444,0.01448,0.01417,0.01419,617967.0,2026-07-30 23:59:59.999000+00:00,1
2026-07-31 00:00:00+00:00,0.0142,0.01431,0.01402,0.01409,1830923.0,2026-07-31 03:59:59.999000+00:00,1
2026-07-31 04:00:00+00:00,0.0141,0.01415,0.01393,0.01408,1861445.0,2026-07-31 07:59:59.999000+00:00,1
2026-07-31 08:00:00+00:00,0.01409,0.01415,0.01386,0.01409,2392839.0,2026-07-31 11:59:59.999000+00:00,1
2026-07-31 12:00:00+00:00,0.01409,0.01449,0.01403,0.01444,2357895.0,2026-07-31 15:59:59.999000+00:00,1
2026-07-31 16:00:00+00:00,0.01444,0.01454,0.01431,0.01447,1347439.0,2026-07-31 19:59:59.999000+00:00,1
2026-07-31 20:00:00+00:00,0.01448,0.01451,0.01422,0.01426,1393001.0,2026-07-31 23:59:59.999000+00:00,1
2026-08-01 00:00:00+00:00,0.01427,0.01439,0.01424,0.0143,756401.0,2026-08-01 03:59:59.999000+00:00,1
2026-08-01 04:00:00+00:00,0.01431,0.01438,0.01415,0.0142,917434.0,2026-08-01 07:59:59.999000+00:00,1
2026-08-01 08:00:00+00:00,0.0142,0.01434,0.01403,0.01408,708952.0,2026-08-01 11:59:59.999000+00:00,1
2026-08-01 12:00:00+00:00,0.01407,0.01415,0.01399,0.01399,678724.0,2026-08-01 15:59:59.999000+00:00,1
2026-08-01 16:00:00+00:00,0.01398,0.01415,0.01373,0.01385,1271223.0,2026-08-01 19:59:59.999000+00:00,1
2026-08-01 20:00:00+00:00,0.01385,0.01395,0.01369,0.01385,891109.0,2026-08-01 23:59:59.999000+00:00,1
2026-08-02 00:00:00+00:00,0.01384,0.01415,0.01383,0.01395,1117139.0,2026-08-02 03:59:59.999000+00:00,1
2026-08-02 04:00:00+00:00,0.01397,0.01397,0.01382,0.01389,900817.0,2026-08-02 07:59:59.999000+00:00,1
2026-08-02 08:00:00+00:00,0.0139,0.01398,0.01385,0.01386,788261.0,2026-08-02 11:59:59.999000+00:00,1
2026-08-02 12:00:00+00:00,0.01386,0.01399,0.01376,0.01396,1355526.0,2026-08-02 15:59:59.999000+00:00,1
2026-08-02 16:00:00+00:00,0.01397,0.01401,0.01385,0.01392,778104.0,2026-08-02 19:59:59.999000+00:00,1
2026-08-02 20:00:00+00:00,0.01393,0.014,0.01388,0.01391,478188.0,2026-08-02 23:59:59.999000+00:00,1
2026-08-03 00:00:00+00:00,0.01393,0.01399,0.0138,0.01384,1322166.0,2026-08-03 03:59:59.999000+00:00,1
2026-08-03 04:00:00+00:00,0.01384,0.01388,0.01368,0.01372,1100533.0,2026-08-03 07:59:59.999000+00:00,1
2026-08-03 08:00:00+00:00,0.01372,0.01372,0.01344,0.01352,2678363.0,2026-08-03 11:59:59.999000+00:00,1
2026-08-03 12:00:00+00:00,0.01353,0.01362,0.01348,0.01354,1169582.0,2026-08-03 15:59:59.999000+00:00,1
2026-08-03 16:00:00+00:00,0.01355,0.01371,0.01351,0.01352,691024.0,2026-08-03 19:59:59.999000+00:00,1
2026-08-03 20:00:00+00:00,0.01351,0.01358,0.01331,0.01338,1149034.0,2026-08-03 23:59:59.999000+00:00,1
2026-08-04 00:00:00+00:00,0.01338,0.01375,0.01327,0.01359,2041532.0,2026-08-04 03:59:59.999000+00:00,1
2026-08-04 04:00:00+00:00,0.01358,0.01365,0.0134,0.01345,547206.0,2026-08-04 07:59:59.999000+00:00,1
2026-08-04 08:00:00+00:00,0.01346,0.01357,0.0134,0.01342,575917.0,2026-08-04 11:59:59.999000+00:00,1
2026-08-04 12:00:00+00:00,0.01342,0.01352,0.01329,0.01339,1440317.0,2026-08-04 15:59:59.999000+00:00,1
2026-08-04 16:00:00+00:00,0.01339,0.01362,0.01337,0.01357,945672.0,2026-08-04 19:59:59.999000+00:00,1
2026-08-04 20:00:00+00:00,0.01356,0.01374,0.01349,0.01353,1186772.0,2026-08-04 23:59:59.999000+00:00,1
2026-08-05 00:00:00+00:00,0.01353,0.01371,0.01349,0.01354,1158267.0,2026-08-05 03:59:59.999000+00:00,1
2026-08-05 04:00:00+00:00,0.01354,0.01358,0.01346,0.01352,825065.0,2026-08-05 07:59:59.999000+00:00,1
2026-08-05 08:00:00+00:00,0.01353,0.01354,0.01342,0.01348,675663.0,2026-08-05 11:59:59.999000+00:00,1
2026-08-05 12:00:00+00:00,0.01348,0.01357,0.01339,0.01348,1068818.0,2026-08-05 15:59:59.999000+00:00,1
2026-08-05 16:00:00+00:00,0.01348,0.01366,0.01346,0.01356,791639.0,2026-08-05 19:59:59.999000+00:00,1
2026-08-05 20:00:00+00:00,0.01357,0.01367,0.01352,0.01359,434373.0,2026-08-05 23:59:59.999000+00:00,1
2026-08-06 00:00:00+00:00,0.0136,0.01383,0.01346,0.01379,949091.0,2026-08-06 03:59:59.999000+00:00,1
2026-08-06 04:00:00+00:00,0.0138,0.01417,0.01369,0.01399,3719971.0,2026-08-06 07:59:59.999000+00:00,1
2026-08-06 08:00:00+00:00,0.01398,0.01473,0.01376,0.01388,8870178.0,2026-08-06 11:59:59.999000+00:00,1
2026-08-06 12:00:00+00:00,0.01389,0.01411,0.0138,0.01389,2246270.0,2026-08-06 15:59:59.999000+00:00,1
2026-08-06 16:00:00+00:00,0.0139,0.01392,0.01376,0.0138,689009.0,2026-08-06 19:59:59.999000+00:00,1
2026-08-06 20:00:00+00:00,0.01379,0.0138,0.01366,0.01371,463887.0,2026-08-06 23:59:59.999000+00:00,1
2026-08-07 00:00:00+00:00,0.0137,0.01389,0.01353,0.01354,1385000.0,2026-08-07 03:59:59.999000+00:00,1
2026-08-07 04:00:00+00:00,0.01354,0.01371,0.01348,0.01356,884843.0,2026-08-07 07:59:59.999000+00:00,1
2026-08-07 08:00:00+00:00,0.01356,0.01368,0.01349,0.01354,554374.0,2026-08-07 11:59:59.999000+00:00,1
2026-08-07 12:00:00+00:00,0.01354,0.0136,0.01344,0.01355,1459259.0,2026-08-07 15:59:59.999000+00:00,1
2026-08-07 16:00:00+00:00,0.01355,0.01358,0.01338,0.01343,397495.0,2026-08-07 19:59:59.999000+00:00,1
2026-08-07 20:00:00+00:00,0.01344,0.01351,0.01338,0.01348,197800.0,2026-08-07 23:59:59.999000+00:00,1
2026-08-08 00:00:00+00:00,0.01347,0.01361,0.01347,0.01355,376868.0,2026-08-08 03:59:59.999000+00:00,1
2026-08-08 04:00:00+00:00,0.01356,0.01366,0.01351,0.0136,568457.0,2026-08-08 07:59:59.999000+00:00,1
2026-08-08 08:00:00+00:00,0.01361,0.01371,0.01359,0.01363,695433.0,2026-08-08 11:59:59.999000+00:00,1
2026-08-08 12:00:00+00:00,0.01364,0.01378,0.01357,0.01376,941678.0,2026-08-08 15:59:59.999000+00:00,1
2026-08-08 16:00:00+00:00,0.01377,0.01397,0.01375,0.01387,834565.0,2026-08-08 19:59:59.999000+00:00,1
2026-08-08 20:00:00+00:00,0.01388,0.01392,0.01376,0.01378,345168.0,2026-08-08 23:59:59.999000+00:00,1
2026-08-09 00:00:00+00:00,0.01379,0.01383,0.01369,0.01373,492218.0,2026-08-09 03:59:59.999000+00:00,1
2026-08-09 04:00:00+00:00,0.01373,0.01397,0.01371,0.01389,832447.0,2026-08-09 07:59:59.999000+00:00,1
2026-08-09 08:00:00+00:00,0.0139,0.01394,0.01379,0.01388,903694.0,2026-08-09 11:59:59.999000+00:00,1
2026-08-09 12:00:00+00:00,0.01388,0.01398,0.0138,0.01385,1042222.0,2026-08-09 15:59:59.999000+00:00,1
2026-08-09 16:00:00+00:00,0.01386,0.01403,0.01385,0.01396,743832.0,2026-08-09 19:59:59.999000+00:00,1
2026-08-09 20:00:00+00:00,0.01397,0.014,0.01364,0.01368,801988.0,2026-08-09 23:59:59.999000+00:00,1
2026-08-10 00:00:00+00:00,0.01367,0.01398,0.01366,0.01386,931052.0,2026-08-10 03:59:59.999000+00:00,1
2026-08-10 04:00:00+00:00,0.01386,0.01404,0.01375,0.01388,1813464.0,2026-08-10 07:59:59.999000+00:00,1
2026-08-10 08:00:00+00:00,0.01388,0.0139,0.01372,0.01386,814254.0,2026-08-10 11:59:59.999000+00:00,1
2026-08-10 12:00:00+00:00,0.01387,0.01397,0.01376,0.01388,1135318.0,2026-08-10 15:59:59.999000+00:00,1
2026-08-10 16:00:00+00:00,0.01389,0.01416,0.01376,0.01376,1599069.0,2026-08-10 19:59:59.999000+00:00,1
2026-08-10 20:00:00+00:00,0.01376,0.01379,0.01355,0.01362,1065650.0,2026-08-10 23:59:59.999000+00:00,1
2026-08-11 00:00:00+00:00,0.01362,0.01373,0.01359,0.01367,630005.0,2026-08-11 03:59:59.999000+00:00,1
2026-08-11 04:00:00+00:00,0.01368,0.01368,0.01344,0.01345,834226.0,2026-08-11 07:59:59.999000+00:00,1
2026-08-11 08:00:00+00:00,0.01346,0.01366,0.01346,0.01362,796434.0,2026-08-11 11:59:59.999000+00:00,1
2026-08-11 12:00:00+00:00,0.01361,0.01365,0.01316,0.01329,1959760.0,2026-08-11 15:59:59.999000+00:00,1
2026-08-11 16:00:00+00:00,0.01328,0.0134,0.01322,0.01339,848786.0,2026-08-11 19:59:59.999000+00:00,1
2026-08-11 20:00:00+00:00,0.01339,0.01356,0.01339,0.01348,401699.0,2026-08-11 23:59:59.999000+00:00,1
2026-08-12 00:00:00+00:00,0.01347,0.01372,0.01347,0.01361,856597.0,2026-08-12 03:59:59.999000+00:00,1
2026-08-12 04:00:00+00:00,0.01361,0.01364,0.01352,0.01357,621423.0,2026-08-12 07:59:59.999000+00:00,1
2026-08-12 08:00:00+00:00,0.01356,0.01363,0.01341,0.0136,520863.0,2026-08-12 11:59:59.999000+00:00,1
2026-08-12 12:00:00+00:00,0.01359,0.01367,0.0134,0.01346,746294.0,2026-08-12 15:59:59.999000+00:00,1
2026-08-12 16:00:00+00:00,0.01345,0.01346,0.01323,0.01327,603359.0,2026-08-12 19:59:59.999000+00:00,1
2026-08-12 20:00:00+00:00,0.01327,0.01334,0.01295,0.01311,1531261.0,2026-08-12 23:59:59.999000+00:00,1
2026-08-13 00:00:00+00:00,0.01311,0.01343,0.0131,0.01336,832520.0,2026-08-13 03:59:59.999000+00:00,1
2026-08-13 04:00:00+00:00,0.01337,0.01343,0.01328,0.01329,513725.0,2026-08-13 07:59:59.999000+00:00,1
2026-08-13 08:00:00+00:00,0.0133,0.01343,0.01327,0.01327,377942.0,2026-08-13 11:59:59.999000+00:00,1
2026-08-13 12:00:00+00:00,0.01328,0.01333,0.01317,0.01317,752519.0,2026-08-13 15:59:59.999000+00:00,1
2026-08-13 16:00:00+00:00,0.01317,0.01318,0.013,0.01307,675124.0,2026-08-13 19:59:59.999000+00:00,1
2026-08-13 20:00:00+00:00,0.01308,0.0132,0.01306,0.01315,441835.0,2026-08-13 23:59:59.999000+00:00,1
2026-08-14 00:00:00+00:00,0.01315,0.01317,0.01297,0.01298,1045158.0,2026-08-14 03:59:59.999000+00:00,1
2026-08-14 04:00:00+00:00,0.01298,0.0131,0.01288,0.0129,1020694.0,2026-08-14 07:59:59.999000+00:00,1
2026-08-14 08:00:00+00:00,0.01291,0.01301,0.01283,0.01287,1434752.0,2026-08-14 11:59:59.999000+00:00,1
2026-08-14 12:00:00+00:00,0.01288,0.01305,0.01281,0.01304,1233874.0,2026-08-14 15:59:59.999000+00:00,1
2026-08-14 16:00:00+00:00,0.01304,0.01334,0.01304,0.01316,1065341.0,2026-08-14 19:59:59.999000+00:00,1
2026-08-14 20:00:00+00:00,0.01315,0.01317,0.0131,0.01315,438599.0,2026-08-14 23:59:59.999000+00:00,1
2026-08-15 00:00:00+00:00,0.01316,0.01319,0.01306,0.01308,359606.0,2026-08-15 03:59:59.999000+00:00,1
2026-08-15 04:00:00+00:00,0.01308,0.01318,0.01305,0.01305,353766.0,2026-08-15 07:59:59.999000+00:00,1
2026-08-15 08:00:00+00:00,0.01305,0.01325,0.01305,0.01317,526713.0,2026-08-15 11:59:59.999000+00:00,1
2026-08-15 12:00:00+00:00,0.01317,0.01322,0.01312,0.01319,385660.0,2026-08-15 15:59:59.999000+00:00,1
2026-08-15 16:00:00+00:00,0.0132,0.01322,0.0131,0.01315,279743.0,2026-08-15 19:59:59.999000+00:00,1
2026-08-15 20:00:00+00:00,0.01316,0.01323,0.01309,0.01313,291787.0,2026-08-15 23:59:59.999000+00:00,1
2026-08-16 00:00:00+00:00,0.01312,0.01316,0.01302,0.01307,284087.0,2026-08-16 03:59:59.999000+00:00,1
2026-08-16 04:00:00+00:00,0.01307,0.01318,0.01302,0.01314,380015.0,2026-08-16 07:59:59.999000+00:00,1
2026-08-16 08:00:00+00:00,0.01314,0.01315,0.01308,0.01311,113125.0,2026-08-16 11:59:59.999000+00:00,1
2026-08-16 12:00:00+00:00,0.01311,0.01323,0.0131,0.01323,322634.0,2026-08-16 15:59:59.999000+00:00,1
2026-08-16 16:00:00+00:00,0.01322,0.01323,0.01312,0.01317,587840.0,2026-08-16 19:59:59.999000+00:00,1
2026-08-16 20:00:00+00:00,0.01318,0.01318,0.01287,0.01295,569883.0,2026-08-16 23:59:59.999000+00:00,1
2026-08-17 00:00:00+00:00,0.01295,0.01316,0.01292,0.01311,664795.0,2026-08-17 03:59:59.999000+00:00,1
2026-08-17 04:00:00+00:00,0.01312,0.01316,0.01308,0.01309,393802.0,2026-08-17 07:59:59.999000+00:00,1
2026-08-17 08:00:00+00:00,0.0131,0.0132,0.01304,0.01311,579892.0,2026-08-17 11:59:59.999000+00:00,1
2026-08-17 12:00:00+00:00,0.01311,0.01322,0.01304,0.01312,619782.0,2026-08-17 15:59:59.999000+00:00,1
2026-08-17 16:00:00+00:00,0.01313,0.01319,0.01308,0.01313,298257.0,2026-08-17 19:59:59.999000+00:00,1
2026-08-17 20:00:00+00:00,0.01311,0.01318,0.01305,0.01311,475410.0,2026-08-17 23:59:59.999000+00:00,1
2026-08-18 00:00:00+00:00,0.0131,0.01311,0.01276,0.01282,1120048.0,2026-08-18 03:59:59.999000+00:00,1
2026-08-18 04:00:00+00:00,0.01283,0.01297,0.01277,0.01294,895312.0,2026-08-18 07:59:59.999000+00:00,1
2026-08-18 08:00:00+00:00,0.01294,0.01337,0.01291,0.01325,1472916.0,2026-08-18 11:59:59.999000+00:00,1
2026-08-18 12:00:00+00:00,0.01325,0.01346,0.01313,0.01318,1263171.0,2026-08-18 15:59:59.999000+00:00,1
2026-08-18 16:00:00+00:00,0.01319,0.01321,0.0131,0.0131,220070.0,2026-08-18 19:59:59.999000+00:00,1
2026-08-18 20:00:00+00:00,0.0131,0.01314,0.01306,0.01312,208713.0,2026-08-18 23:59:59.999000+00:00,1
2026-08-19 00:00:00+00:00,0.01313,0.01329,0.01309,0.01324,711755.0,2026-08-19 03:59:59.999000+00:00,1
2026-08-19 04:00:00+00:00,0.01325,0.01327,0.01309,0.01312,499330.0,2026-08-19 07:59:59.999000+00:00,1
2026-08-19 08:00:00+00:00,0.01312,0.01321,0.01308,0.01315,305933.0,2026-08-19 11:59:59.999000+00:00,1
2026-08-19 12:00:00+00:00,0.01316,0.01378,0.01315,0.01354,1467460.0,2026-08-19 15:59:59.999000+00:00,1
2026-08-19 16:00:00+00:00,0.01355,0.01361,0.01344,0.01358,837358.0,2026-08-19 19:59:59.999000+00:00,1
2026-08-19 20:00:00+00:00,0.01359,0.014,0.01357,0.01386,1088349.0,2026-08-19 23:59:59.999000+00:00,1
2026-08-20 00:00:00+00:00,0.01386,0.01396,0.01376,0.01381,463123.0,2026-08-20 03:59:59.999000+00:00,1
2026-08-20 04:00:00+00:00,0.01381,0.01411,0.01379,0.0141,452422.0,2026-08-20 07:59:59.999000+00:00,1
2026-08-20 08:00:00+00:00,0.01409,0.0144,0.01407,0.01421,1144637.0,2026-08-20 11:59:59.999000+00:00,1
2026-08-20 12:00:00+00:00,0.01422,0.0144,0.01408,0.01425,1432434.0,2026-08-20 15:59:59.999000+00:00,1
2026-08-20 16:00:00+00:00,0.01425,0.01441,0.01417,0.01425,823289.0,2026-08-20 19:59:59.999000+00:00,1
2026-08-20 20:00:00+00:00,0.01425,0.01455,0.01423,0.01444,760328.0,2026-08-20 23:59:59.999000+00:00,1
2026-08-21 00:00:00+00:00,0.01443,0.01461,0.01439,0.01454,703808.0,2026-08-21 03:59:59.999000+00:00,1
2026-08-21 04:00:00+00:00,0.01453,0.01487,0.0145,0.01485,1037524.0,2026-08-21 07:59:59.999000+00:00,1
2026-08-21 08:00:00+00:00,0.01487,0.0154,0.01483,0.0153,1911931.0,2026-08-21 11:59:59.999000+00:00,1
2026-08-21 12:00:00+00:00,0.01531,0.01559,0.01523,0.0155,1556047.0,2026-08-21 15:59:59.999000+00:00,1
2026-08-21 16:00:00+00:00,0.0155,0.01563,0.01522,0.01533,705765.0,2026-08-21 19:59:59.999000+00:00,1
2026-08-21 20:00:00+00:00,0.01532,0.01693,0.01528,0.01641,6353115.0,2026-08-21 23:59:59.999000+00:00,1
2026-08-22 00:00:00+00:00,0.01641,0.01742,0.01636,0.01721,3074155.0,2026-08-22 03:59:59.999000+00:00,1
2026-08-22 04:00:00+00:00,0.0172,0.01736,0.01518,0.01681,6404047.0,2026-08-22 07:59:59.999000+00:00,1
2026-08-22 08:00:00+00:00,0.01682,0.01726,0.0161,0.01701,5084316.0,2026-08-22 11:59:59.999000+00:00,1
2026-08-22 12:00:00+00:00,0.017,0.0172,0.01624,0.01626,2827979.0,2026-08-22 15:59:59.999000+00:00,1
2026-08-22 16:00:00+00:00,0.01626,0.0166,0.01622,0.01632,1160923.0,2026-08-22 19:59:59.999000+00:00,1
2026-08-22 20:00:00+00:00,0.01631,0.01633,0.0157,0.01601,2144817.0,2026-08-22 23:59:59.999000+00:00,1
2026-08-23 00:00:00+00:00,0.01603,0.01635,0.01553,0.01559,1576001.0,2026-08-23 03:59:59.999000+00:00,1
2026-08-23 04:00:00+00:00,0.01559,0.01578,0.01527,0.01572,1492326.0,2026-08-23 07:59:59.999000+00:00,1
2026-08-23 08:00:00+00:00,0.01571,0.01643,0.0157,0.01636,1246066.0,2026-08-23 11:59:59.999000+00:00,1
2026-08-23 12:00:00+00:00,0.01637,0.01677,0.01608,0.01659,1188425.0,2026-08-23 15:59:59.999000+00:00,1
2026-08-23 16:00:00+00:00,0.0166,0.01683,0.01649,0.0168,482753.0,2026-08-23 19:59:59.999000+00:00,1
2026-08-23 20:00:00+00:00,0.01679,0.01687,0.01653,0.01664,415056.0,2026-08-23 23:59:59.999000+00:00,1
2026-08-24 00:00:00+00:00,0.01663,0.01684,0.01602,0.01614,1666494.0,2026-08-24 03:59:59.999000+00:00,1
2026-08-24 04:00:00+00:00,0.01614,0.01648,0.01614,0.01627,1232210.0,2026-08-24 07:59:59.999000+00:00,1
2026-08-24 08:00:00+00:00,0.01628,0.01658,0.01608,0.01645,1207345.0,2026-08-24 11:59:59.999000+00:00,1
2026-08-24 12:00:00+00:00,0.01645,0.01702,0.01629,0.01675,1717775.0,2026-08-24 15:59:59.999000+00:00,1
2026-08-24 16:00:00+00:00,0.01676,0.01691,0.01642,0.01654,642791.0,2026-08-24 19:59:59.999000+00:00,1
2026-08-24 20:00:00+00:00,0.01655,0.01693,0.01643,0.01658,464716.0,2026-08-24 23:59:59.999000+00:00,1
2026-08-25 00:00:00+00:00,0.01657,0.01698,0.01653,0.01678,644836.0,2026-08-25 03:59:59.999000+00:00,1
2026-08-25 04:00:00+00:00,0.01678,0.01703,0.01629,0.01643,915104.0,2026-08-25 07:59:59.999000+00:00,1
2026-08-25 08:00:00+00:00,0.01642,0.01663,0.01635,0.0165,366001.0,2026-08-25 11:59:59.999000+00:00,1
2026-08-25 12:00:00+00:00,0.0165,0.01666,0.01622,0.01666,568265.0,2026-08-25 15:59:59.999000+00:00,1
2026-08-25 16:00:00+00:00,0.01667,0.01694,0.01663,0.01675,794220.0,2026-08-25 19:59:59.999000+00:00,1
2026-08-25 20:00:00+00:00,0.01675,0.01675,0.01615,0.01626,676567.0,2026-08-25 23:59:59.999000+00:00,1
2026-08-26 00:00:00+00:00,0.01626,0.01689,0.01619,0.01681,772190.0,2026-08-26 03:59:59.999000+00:00,1
2026-08-26 04:00:00+00:00,0.01681,0.01704,0.01627,0.01631,1352511.0,2026-08-26 07:59:59.999000+00:00,1
2026-08-26 08:00:00+00:00,0.0163,0.01636,0.01574,0.01584,1135502.0,2026-08-26 11:59:59.999000+00:00,1
2026-08-26 12:00:00+00:00,0.01585,0.01603,0.01554,0.01586,1745432.0,2026-08-26 15:59:59.999000+00:00,1
2026-08-26 16:00:00+00:00,0.01586,0.01619,0.0157,0.01616,935924.0,2026-08-26 19:59:59.999000+00:00,1
2026-08-26 20:00:00+00:00,0.01616,0.01643,0.01597,0.01635,443239.0,2026-08-26 23:59:59.999000+00:00,1
2026-08-27 00:00:00+00:00,0.01635,0.01635,0.01598,0.01609,410098.0,2026-08-27 03:59:59.999000+00:00,1
2026-08-27 04:00:00+00:00,0.01609,0.01619,0.016,0.01615,317670.0,2026-08-27 07:59:59.999000+00:00,1
2026-08-27 08:00:00+00:00,0.01614,0.01655,0.01605,0.01616,513868.0,2026-08-27 11:59:59.999000+00:00,1
2026-08-27 12:00:00+00:00,0.01616,0.01643,0.01608,0.01634,412943.0,2026-08-27 15:59:59.999000+00:00,1
2026-08-27 16:00:00+00:00,0.01635,0.0165,0.01622,0.01622,235079.0,2026-08-27 19:59:59.999000+00:00,1
2026-08-27 20:00:00+00:00,0.01622,0.01653,0.01617,0.01646,221202.0,2026-08-27 23:59:59.999000+00:00,1
2026-08-28 00:00:00+00:00,0.01646,0.01661,0.01591,0.016,496221.0,2026-08-28 03:59:59.999000+00:00,1
2026-08-28 04:00:00+00:00,0.016,0.01611,0.01586,0.016,490391.0,2026-08-28 07:59:59.999000+00:00,1
2026-08-28 08:00:00+00:00,0.016,0.01628,0.01597,0.01612,387880.0,2026-08-28 11:59:59.999000+00:00,1
2026-08-28 12:00:00+00:00,0.01611,0.01649,0.0159,0.01617,1138249.0,2026-08-28 15:59:59.999000+00:00,1
2026-08-28 16:00:00+00:00,0.01617,0.01618,0.01565,0.0159,772914.0,2026-08-28 19:59:59.999000+00:00,1
2026-08-28 20:00:00+00:00,0.0159,0.01623,0.0159,0.01622,754218.0,2026-08-28 23:59:59.999000+00:00,1
2026-08-29 00:00:00+00:00,0.01622,0.0164,0.01607,0.01607,401141.0,2026-08-29 03:59:59.999000+00:00,1
2026-08-29 04:00:00+00:00,0.01608,0.01624,0.01599,0.016,330158.0,2026-08-29 07:59:59.999000+00:00,1
2026-08-29 08:00:00+00:00,0.01599,0.01611,0.01594,0.01596,319679.0,2026-08-29 11:59:59.999000+00:00,1
2026-08-29 12:00:00+00:00,0.01597,0.01623,0.01593,0.01618,311494.0,2026-08-29 15:59:59.999000+00:00,1
2026-08-29 16:00:00+00:00,0.01619,0.01619,0.01599,0.01603,157690.0,2026-08-29 19:59:59.999000+00:00,1
2026-08-29 20:00:00+00:00,0.01603,0.01607,0.01597,0.01603,193688.0,2026-08-29 23:59:59.999000+00:00,1
2026-08-30 00:00:00+00:00,0.01603,0.01609,0.01574,0.01592,1106508.0,2026-08-30 03:59:59.999000+00:00,1
2026-08-30 04:00:00+00:00,0.01592,0.016,0.01577,0.01585,305699.0,2026-08-30 07:59:59.999000+00:00,1
2026-08-30 08:00:00+00:00,0.01584,0.01608,0.01578,0.01607,373672.0,2026-08-30 11:59:59.999000+00:00,1
2026-08-30 12:00:00+00:00,0.01608,0.01647,0.01608,0.01628,1158917.0,2026-08-30 15:59:59.999000+00:00,1
2026-08-30 16:00:00+00:00,0.01628,0.01712,0.01628,0.01632,3313233.0,2026-08-30 19:59:59.999000+00:00,1
2026-08-30 20:00:00+00:00,0.01632,0.01643,0.01527,0.01556,3156319.0,2026-08-30 23:59:59.999000+00:00,1
2026-08-31 00:00:00+00:00,0.01555,0.01578,0.01548,0.01571,957106.0,2026-08-31 03:59:59.999000+00:00,1
2026-08-31 04:00:00+00:00,0.0157,0.01593,0.01561,0.01592,316436.0,2026-08-31 07:59:59.999000+00:00,1
2026-08-31 08:00:00+00:00,0.01591,0.01593,0.01569,0.01571,280838.0,2026-08-31 11:59:59.999000+00:00,1
2026-08-31 12:00:00+00:00,0.01572,0.01576,0.01554,0.01561,470432.0,2026-08-31 15:59:59.999000+00:00,1
2026-08-31 16:00:00+00:00,0.0156,0.01575,0.01554,0.01557,654732.0,2026-08-31 19:59:59.999000+00:00,1
2026-08-31 20:00:00+00:00,0.01556,0.01562,0.01543,0.01556,437209.0,2026-08-31 23:59:59.999000+00:00,1
2026-09-01 00:00:00+00:00,0.01557,0.0158,0.01557,0.01576,440997.0,2026-09-01 03:59:59.999000+00:00,1
2026-09-01 04:00:00+00:00,0.01575,0.01589,0.0157,0.01581,853806.0,2026-09-01 07:59:59.999000+00:00,1
2026-09-01 08:00:00+00:00,0.01581,0.01581,0.01541,0.01566,493980.0,2026-09-01 11:59:59.999000+00:00,1
2026-09-01 12:00:00+00:00,0.01568,0.01585,0.01545,0.01566,715880.0,2026-09-01 15:59:59.999000+00:00,1
2026-09-01 16:00:00+00:00,0.01566,0.01567,0.01503,0.01532,1234552.0,2026-09-01 19:59:59.999000+00:00,1
2026-09-01 20:00:00+00:00,0.01533,0.0154,0.0152,0.01533,658628.0,2026-09-01 23:59:59.999000+00:00,1
2026-09-02 00:00:00+00:00,0.01534,0.01552,0.01512,0.01549,577353.0,2026-09-02 03:59:59.999000+00:00,1
2026-09-02 04:00:00+00:00,0.01549,0.01558,0.01541,0.01553,414911.0,2026-09-02 07:59:59.999000+00:00,1
2026-09-02 08:00:00+00:00,0.01551,0.01577,0.01524,0.01574,955142.0,2026-09-02 11:59:59.999000+00:00,1
2026-09-02 12:00:00+00:00,0.01574,0.01586,0.01545,0.01556,913446.0,2026-09-02 15:59:59.999000+00:00,1
2026-09-02 16:00:00+00:00,0.01556,0.01571,0.01553,0.01561,252292.0,2026-09-02 19:59:59.999000+00:00,1
2026-09-02 20:00:00+00:00,0.01561,0.01573,0.0155,0.01573,205069.0,2026-09-02 23:59:59.999000+00:00,1
2026-09-03 00:00:00+00:00,0.01572,0.01607,0.01564,0.01599,683056.0,2026-09-03 03:59:59.999000+00:00,1
2026-09-03 04:00:00+00:00,0.016,0.0166,0.01592,0.01659,1345290.0,2026-09-03 07:59:59.999000+00:00,1
2026-09-03 08:00:00+00:00,0.01658,0.01676,0.01606,0.01611,1297701.0,2026-09-03 11:59:59.999000+00:00,1
2026-09-03 12:00:00+00:00,0.01611,0.01657,0.01592,0.01657,729015.0,2026-09-03 15:59:59.999000+00:00,1
2026-09-03 16:00:00+00:00,0.01657,0.01686,0.01641,0.0166,1114560.0,2026-09-03 19:59:59.999000+00:00,1
2026-09-03 20:00:00+00:00,0.0166,0.01669,0.01644,0.01654,334836.0,2026-09-03 23:59:59.999000+00:00,1
2026-09-04 00:00:00+00:00,0.01653,0.01663,0.01637,0.01646,360113.0,2026-09-04 03:59:59.999000+00:00,1
2026-09-04 04:00:00+00:00,0.01645,0.01669,0.0163,0.01659,350215.0,2026-09-04 07:59:59.999000+00:00,1
2026-09-04 08:00:00+00:00,0.01659,0.01664,0.0164,0.01643,383164.0,2026-09-04 11:59:59.999000+00:00,1
2026-09-04 12:00:00+00:00,0.01643,0.01646,0.01594,0.01633,1108353.0,2026-09-04 15:59:59.999000+00:00,1
2026-09-04 16:00:00+00:00,0.01632,0.01639,0.0162,0.01636,268325.0,2026-09-04 19:59:59.999000+00:00,1
2026-09-04 20:00:00+00:00,0.01636,0.01642,0.01627,0.01637,149568.0,2026-09-04 23:59:59.999000+00:00,1
2026-09-05 00:00:00+00:00,0.01639,0.01656,0.01635,0.01645,219294.0,2026-09-05 03:59:59.999000+00:00,1
2026-09-05 04:00:00+00:00,0.01646,0.01682,0.01641,0.01667,458684.0,2026-09-05 07:59:59.999000+00:00,1
2026-09-05 08:00:00+00:00,0.01668,0.01696,0.01665,0.01679,437162.0,2026-09-05 11:59:59.999000+00:00,1
2026-09-05 12:00:00+00:00,0.01679,0.01697,0.01675,0.01681,318978.0,2026-09-05 15:59:59.999000+00:00,1
2026-09-05 16:00:00+00:00,0.01682,0.01682,0.0167,0.01673,214118.0,2026-09-05 19:59:59.999000+00:00,1
2026-09-05 20:00:00+00:00,0.01673,0.01696,0.01673,0.01691,279218.0,2026-09-05 23:59:59.999000+00:00,1
2026-09-06 00:00:00+00:00,0.01691,0.01709,0.01688,0.01697,394495.0,2026-09-06 03:59:59.999000+00:00,1
2026-09-06 04:00:00+00:00,0.01698,0.01709,0.01686,0.01702,357277.0,2026-09-06 07:59:59.999000+00:00,1
2026-09-06 08:00:00+00:00,0.01701,0.01737,0.01699,0.01733,498810.0,2026-09-06 11:59:59.999000+00:00,1
2026-09-06 12:00:00+00:00,0.01732,0.01783,0.0172,0.01751,2005880.0,2026-09-06 15:59:59.999000+00:00,1
2026-09-06 16:00:00+00:00,0.01751,0.01808,0.01735,0.01742,2329642.0,2026-09-06 19:59:59.999000+00:00,1
2026-09-06 20:00:00+00:00,0.01742,0.01764,0.01738,0.01761,244318.0,2026-09-06 23:59:59.999000+00:00,1
2026-09-07 00:00:00+00:00,0.01762,0.01805,0.01735,0.01735,996715.0,2026-09-07 03:59:59.999000+00:00,1
2026-09-07 04:00:00+00:00,0.01736,0.01756,0.01724,0.01733,399799.0,2026-09-07 07:59:59.999000+00:00,1
2026-09-07 08:00:00+00:00,0.01733,0.01758,0.01732,0.01757,453625.0,2026-09-07 11:59:59.999000+00:00,1
2026-09-07 12:00:00+00:00,0.01758,0.01775,0.0173,0.01735,575311.0,2026-09-07 15:59:59.999000+00:00,1
2026-09-07 16:00:00+00:00,0.01736,0.01751,0.01729,0.0174,282724.0,2026-09-07 19:59:59.999000+00:00,1
2026-09-07 20:00:00+00:00,0.0174,0.0174,0.01712,0.01731,266663.0,2026-09-07 23:59:59.999000+00:00,1
2026-09-08 00:00:00+00:00,0.0173,0.01759,0.01726,0.01737,466728.0,2026-09-08 03:59:59.999000+00:00,1
2026-09-08 04:00:00+00:00,0.01736,0.01752,0.01726,0.01736,350216.0,2026-09-08 07:59:59.999000+00:00,1
2026-09-08 08:00:00+00:00,0.01735,0.01768,0.01723,0.01748,454197.0,2026-09-08 11:59:59.999000+00:00,1
2026-09-08 12:00:00+00:00,0.01748,0.01777,0.01713,0.01772,608447.0,2026-09-08 15:59:59.999000+00:00,1
2026-09-08 16:00:00+00:00,0.01773,0.01782,0.01728,0.01731,595658.0,2026-09-08 19:59:59.999000+00:00,1
2026-09-08 20:00:00+00:00,0.01731,0.01738,0.01719,0.01733,270025.0,2026-09-08 23:59:59.999000+00:00,1
2026-09-09 00:00:00+00:00,0.01733,0.01747,0.01718,0.01723,306499.0,2026-09-09 03:59:59.999000+00:00,1
2026-09-09 04:00:00+00:00,0.01722,0.01776,0.01722,0.01772,368715.0,2026-09-09 07:59:59.999000+00:00,1
2026-09-09 08:00:00+00:00,0.01774,0.01796,0.01756,0.01781,1463930.0,2026-09-09 11:59:59.999000+00:00,1
2026-09-09 12:00:00+00:00,0.0178,0.01862,0.01769,0.01859,2476350.0,2026-09-09 15:59:59.999000+00:00,1
2026-09-09 16:00:00+00:00,0.01858,0.01861,0.01783,0.01784,1613146.0,2026-09-09 19:59:59.999000+00:00,1
2026-09-09 20:00:00+00:00,0.01786,0.01819,0.01736,0.01743,1250133.0,2026-09-09 23:59:59.999000+00:00,1
2026-09-10 00:00:00+00:00,0.01742,0.01767,0.01706,0.01743,1124173.0,2026-09-10 03:59:59.999000+00:00,1
2026-09-10 04:00:00+00:00,0.01742,0.01769,0.01722,0.01725,926505.0,2026-09-10 07:59:59.999000+00:00,1
2026-09-10 08:00:00+00:00,0.01725,0.01728,0.01688,0.01707,1039319.0,2026-09-10 11:59:59.999000+00:00,1
2026-09-10 12:00:00+00:00,0.01706,0.01708,0.01608,0.01617,4579357.0,2026-09-10 15:59:59.999000+00:00,1
2026-09-10 16:00:00+00:00,0.01616,0.01637,0.01594,0.01627,1124869.0,2026-09-10 19:59:59.999000+00:00,1
2026-09-10 20:00:00+00:00,0.01627,0.01646,0.01591,0.01597,697132.0,2026-09-10 23:59:59.999000+00:00,1
2026-09-11 00:00:00+00:00,0.01598,0.01791,0.01596,0.01765,15047842.0,2026-09-11 03:59:59.999000+00:00,1
2026-09-11 04:00:00+00:00,0.01766,0.01826,0.01696,0.0172,14270765.0,2026-09-11 07:59:59.999000+00:00,1
2026-09-11 08:00:00+00:00,0.01719,0.01775,0.01661,0.01702,7719814.0,2026-09-11 11:59:59.999000+00:00,1
2026-09-11 12:00:00+00:00,0.01702,0.02149,0.01663,0.02043,43203113.0,2026-09-11 15:59:59.999000+00:00,1
2026-09-11 16:00:00+00:00,0.02042,0.02056,0.01769,0.01774,31271663.0,2026-09-11 19:59:59.999000+00:00,1
2026-09-11 20:00:00+00:00,0.01772,0.0185,0.01741,0.01765,8221117.0,2026-09-11 23:59:59.999000+00:00,1
2026-09-12 00:00:00+00:00,0.01765,0.01765,0.01705,0.01711,8113272.0,2026-09-12 03:59:59.999000+00:00,1
2026-09-12 04:00:00+00:00,0.01711,0.01738,0.01683,0.01712,4904309.0,2026-09-12 07:59:59.999000+00:00,1
2026-09-12 08:00:00+00:00,0.01712,0.01758,0.01705,0.01743,5408303.0,2026-09-12 11:59:59.999000+00:00,1
2026-09-12 12:00:00+00:00,0.01742,0.01755,0.01701,0.01752,3959020.0,2026-09-12 15:59:59.999000+00:00,1
2026-09-12 16:00:00+00:00,0.01751,0.01772,0.01677,0.01682,2890095.0,2026-09-12 19:59:59.999000+00:00,1
2026-09-12 20:00:00+00:00,0.01683,0.01713,0.01678,0.01712,1455613.0,2026-09-12 23:59:59.999000+00:00,1
2026-09-13 00:00:00+00:00,0.01712,0.01784,0.01708,0.0175,4582340.0,2026-09-13 03:59:59.999000+00:00,1
2026-09-13 04:00:00+00:00,0.01749,0.01803,0.01732,0.01782,3514861.0,2026-09-13 07:59:59.999000+00:00,1
2026-09-13 08:00:00+00:00,0.01782,0.01805,0.01743,0.01799,2316644.0,2026-09-13 11:59:59.999000+00:00,1
2026-09-13 12:00:00+00:00,0.01798,0.01976,0.01794,0.01818,22118367.0,2026-09-13 15:59:59.999000+00:00,1
2026-09-13 16:00:00+00:00,0.01818,0.01877,0.01811,0.01816,4774029.0,2026-09-13 19:59:59.999000+00:00,1
2026-09-13 20:00:00+00:00,0.01816,0.01819,0.01768,0.01789,1946796.0,2026-09-13 23:59:59.999000+00:00,1
2026-09-14 00:00:00+00:00,0.0179,0.01815,0.01753,0.018,1940290.0,2026-09-14 03:59:59.999000+00:00,1
2026-09-14 04:00:00+00:00,0.01799,0.01845,0.01782,0.01801,2052159.0,2026-09-14 07:59:59.999000+00:00,1
2026-09-14 08:00:00+00:00,0.018,0.018,0.01731,0.01766,2406572.0,2026-09-14 11:59:59.999000+00:00,1
2026-09-14 12:00:00+00:00,0.01767,0.01769,0.01713,0.01735,1808770.0,2026-09-14 15:59:59.999000+00:00,1
2026-09-14 16:00:00+00:00,0.01734,0.01759,0.01725,0.01738,960028.0,2026-09-14 19:59:59.999000+00:00,1
2026-09-14 20:00:00+00:00,0.01738,0.01766,0.01737,0.01749,910951.0,2026-09-14 23:59:59.999000+00:00,1
2026-09-15 00:00:00+00:00,0.01748,0.01759,0.01721,0.01737,1026550.0,2026-09-15 03:59:59.999000+00:00,1
2026-09-15 04:00:00+00:00,0.01736,0.01746,0.01686,0.0169,1075462.0,2026-09-15 07:59:59.999000+00:00,1
2026-09-15 08:00:00+00:00,0.0169,0.01711,0.01684,0.01696,893721.0,2026-09-15 11:59:59.999000+00:00,1
2026-09-15 12:00:00+00:00,0.01695,0.01712,0.0166,0.0169,1536801.0,2026-09-15 15:59:59.999000+00:00,1
2026-09-15 16:00:00+00:00,0.01689,0.01707,0.01623,0.01677,1908804.0,2026-09-15 19:59:59.999000+00:00,1
2026-09-15 20:00:00+00:00,0.01678,0.01684,0.01634,0.01657,747105.0,2026-09-15 23:59:59.999000+00:00,1
2026-09-16 00:00:00+00:00,0.01658,0.01682,0.01636,0.01655,737836.0,2026-09-16 03:59:59.999000+00:00,1
2026-09-16 04:00:00+00:00,0.01655,0.01667,0.01643,0.01645,460875.0,2026-09-16 07:59:59.999000+00:00,1
2026-09-16 08:00:00+00:00,0.01644,0.01659,0.01627,0.01649,467010.0,2026-09-16 11:59:59.999000+00:00,1
2026-09-16 12:00:00+00:00,0.01649,0.0165,0.01614,0.0163,636828.0,2026-09-16 15:59:59.999000+00:00,1
2026-09-16 16:00:00+00:00,0.01631,0.01693,0.01617,0.01686,1243604.0,2026-09-16 19:59:59.999000+00:00,1
2026-09-16 20:00:00+00:00,0.01685,0.01702,0.01662,0.01702,641425.0,2026-09-16 23:59:59.999000+00:00,1
2026-09-17 00:00:00+00:00,0.01702,0.01703,0.01668,0.01674,485652.0,2026-09-17 03:59:59.999000+00:00,1
2026-09-17 04:00:00+00:00,0.01675,0.01685,0.01663,0.01672,554485.0,2026-09-17 07:59:59.999000+00:00,1
2026-09-17 08:00:00+00:00,0.01673,0.01694,0.0167,0.01686,530959.0,2026-09-17 11:59:59.999000+00:00,1
2026-09-17 12:00:00+00:00,0.01687,0.01716,0.01679,0.01708,1228047.0,2026-09-17 15:59:59.999000+00:00,1
2026-09-17 16:00:00+00:00,0.01709,0.01729,0.01708,0.01716,696089.0,2026-09-17 19:59:59.999000+00:00,1
2026-09-17 20:00:00+00:00,0.01718,0.01731,0.01708,0.01727,475793.0,2026-09-17 23:59:59.999000+00:00,1
2026-09-18 00:00:00+00:00,0.01726,0.01785,0.01724,0.01784,1377401.0,2026-09-18 03:59:59.999000+00:00,1
2026-09-18 04:00:00+00:00,0.01785,0.01793,0.01771,0.01779,663713.0,2026-09-18 07:59:59.999000+00:00,1
2026-09-18 08:00:00+00:00,0.0178,0.01786,0.01754,0.01768,516692.0,2026-09-18 11:59:59.999000+00:00,1
2026-09-18 12:00:00+00:00,0.01769,0.01812,0.01766,0.01808,1412465.0,2026-09-18 15:59:59.999000+00:00,1
2026-09-18 16:00:00+00:00,0.01809,0.01818,0.01794,0.01811,508689.0,2026-09-18 19:59:59.999000+00:00,1
2026-09-18 20:00:00+00:00,0.0181,0.01842,0.0181,0.01838,710515.0,2026-09-18 23:59:59.999000+00:00,1
2026-09-19 00:00:00+00:00,0.01837,0.01861,0.01826,0.01839,730840.0,2026-09-19 03:59:59.999000+00:00,1
2026-09-19 04:00:00+00:00,0.0184,0.01842,0.01808,0.01818,570768.0,2026-09-19 07:59:59.999000+00:00,1
2026-09-19 08:00:00+00:00,0.01818,0.01858,0.01817,0.01854,489803.0,2026-09-19 11:59:59.999000+00:00,1
2026-09-19 12:00:00+00:00,0.01856,0.01916,0.01853,0.01908,1638895.0,2026-09-19 15:59:59.999000+00:00,1
2026-09-19 16:00:00+00:00,0.01908,0.01932,0.01879,0.01893,1187342.0,2026-09-19 19:59:59.999000+00:00,1
2026-09-19 20:00:00+00:00,0.01893,0.01926,0.0188,0.01903,791925.0,2026-09-19 23:59:59.999000+00:00,1
2026-09-20 00:00:00+00:00,0.01902,0.01927,0.01839,0.01887,1991545.0,2026-09-20 03:59:59.999000+00:00,1
2026-09-20 04:00:00+00:00,0.01887,0.01889,0.01849,0.01852,524934.0,2026-09-20 07:59:59.999000+00:00,1
2026-09-20 08:00:00+00:00,0.01852,0.01866,0.01827,0.01836,529460.0,2026-09-20 11:59:59.999000+00:00,1
2026-09-20 12:00:00+00:00,0.01837,0.01841,0.01815,0.01839,478842.0,2026-09-20 15:59:59.999000+00:00,1
2026-09-20 16:00:00+00:00,0.01839,0.01875,0.01838,0.01865,440777.0,2026-09-20 19:59:59.999000+00:00,1
2026-09-20 20:00:00+00:00,0.01867,0.01883,0.01846,0.01868,403874.0,2026-09-20 23:59:59.999000+00:00,1
2026-09-21 00:00:00+00:00,0.01869,0.01905,0.01834,0.01895,1071097.0,2026-09-21 03:59:59.999000+00:00,1
2026-09-21 04:00:00+00:00,0.01896,0.01923,0.01875,0.01917,937670.0,2026-09-21 07:59:59.999000+00:00,1
2026-09-21 08:00:00+00:00,0.01916,0.02023,0.01914,0.01987,2531654.0,2026-09-21 11:59:59.999000+00:00,1
2026-09-21 12:00:00+00:00,0.01985,0.02028,0.01974,0.02006,1854597.0,2026-09-21 15:59:59.999000+00:00,1
2026-09-21 16:00:00+00:00,0.02006,0.02017,0.01976,0.01993,874311.0,2026-09-21 19:59:59.999000+00:00,0
