ts,open,high,low,close,volume,close_time,confirm
2026-03-28 00:00:00+00:00,613.6,613.7,609.4,610.7,677100.0,2026-03-28 03:59:59.999000+00:00,1
2026-03-28 04:00:00+00:00,610.8,614.3,610.1,613.6,504474.0,2026-03-28 07:59:59.999000+00:00,1
2026-03-28 08:00:00+00:00,613.6,614.0,610.0,612.4,426476.0,2026-03-28 11:59:59.999000+00:00,1
2026-03-28 12:00:00+00:00,612.4,618.6,611.1,616.8,1324024.0,2026-03-28 15:59:59.999000+00:00,1
2026-03-28 16:00:00+00:00,616.9,617.2,615.1,616.2,415429.0,2026-03-28 19:59:59.999000+00:00,1
2026-03-28 20:00:00+00:00,616.2,617.7,610.2,610.6,749039.0,2026-03-28 23:59:59.999000+00:00,1
2026-03-29 00:00:00+00:00,610.6,614.8,609.4,613.5,603945.0,2026-03-29 03:59:59.999000+00:00,1
2026-03-29 04:00:00+00:00,613.6,614.4,611.5,613.3,420177.0,2026-03-29 07:59:59.999000+00:00,1
2026-03-29 08:00:00+00:00,613.2,614.1,610.7,613.2,463660.0,2026-03-29 11:59:59.999000+00:00,1
2026-03-29 12:00:00+00:00,613.3,613.3,607.0,609.4,885962.0,2026-03-29 15:59:59.999000+00:00,1
2026-03-29 16:00:00+00:00,609.4,610.7,607.1,608.9,463484.0,2026-03-29 19:59:59.999000+00:00,1
2026-03-29 20:00:00+00:00,608.8,611.8,595.9,605.6,2000226.0,2026-03-29 23:59:59.999000+00:00,1
2026-03-30 00:00:00+00:00,605.7,619.0,604.6,615.5,3113181.0,2026-03-30 03:59:59.999000+00:00,1
2026-03-30 04:00:00+00:00,615.5,619.0,615.1,618.1,1148131.0,2026-03-30 07:59:59.999000+00:00,1
2026-03-30 08:00:00+00:00,618.0,621.5,616.2,617.7,1829313.0,2026-03-30 11:59:59.999000+00:00,1
2026-03-30 12:00:00+00:00,617.7,620.8,613.2,618.3,1522014.0,2026-03-30 15:59:59.999000+00:00,1
2026-03-30 16:00:00+00:00,618.2,618.5,607.9,610.5,991898.0,2026-03-30 19:59:59.999000+00:00,1
2026-03-30 20:00:00+00:00,610.4,613.5,606.4,609.0,1670922.0,2026-03-30 23:59:59.999000+00:00,1
2026-03-31 00:00:00+00:00,609.0,619.4,607.9,613.2,1518983.0,2026-03-31 03:59:59.999000+00:00,1
2026-03-31 04:00:00+00:00,613.3,614.2,608.8,610.5,738507.0,2026-03-31 07:59:59.999000+00:00,1
2026-03-31 08:00:00+00:00,610.6,610.8,598.4,604.7,2573175.0,2026-03-31 11:59:59.999000+00:00,1
2026-03-31 12:00:00+00:00,604.8,615.6,603.7,607.6,2558364.0,2026-03-31 15:59:59.999000+00:00,1
2026-03-31 16:00:00+00:00,607.7,619.6,607.6,615.5,2022887.0,2026-03-31 19:59:59.999000+00:00,1
2026-03-31 20:00:00+00:00,615.5,619.0,614.8,617.2,990827.0,2026-03-31 23:59:59.999000+00:00,1
2026-04-01 00:00:00+00:00,617.2,619.5,613.7,616.6,964089.0,2026-04-01 03:59:59.999000+00:00,1
2026-04-01 04:00:00+00:00,616.6,622.1,614.8,616.3,1686723.0,2026-04-01 07:59:59.999000+00:00,1
2026-04-01 08:00:00+00:00,616.3,617.4,613.6,615.3,1060802.0,2026-04-01 11:59:59.999000+00:00,1
2026-04-01 12:00:00+00:00,615.3,617.7,609.8,614.9,1713920.0,2026-04-01 15:59:59.999000+00:00,1
2026-04-01 16:00:00+00:00,614.8,619.5,611.3,613.6,1133546.0,2026-04-01 19:59:59.999000+00:00,1
2026-04-01 20:00:00+00:00,613.7,615.8,609.3,610.5,1071428.0,2026-04-01 23:59:59.999000+00:00,1
2026-04-02 00:00:00+00:00,610.6,613.6,591.5,592.0,3581808.0,2026-04-02 03:59:59.999000+00:00,1
2026-04-02 04:00:00+00:00,592.0,592.4,587.0,591.5,2372707.0,2026-04-02 07:59:59.999000+00:00,1
2026-04-02 08:00:00+00:00,591.5,591.6,576.9,580.9,2626359.0,2026-04-02 11:59:59.999000+00:00,1
2026-04-02 12:00:00+00:00,581.0,581.2,570.3,573.9,6404243.0,2026-04-02 15:59:59.999000+00:00,1
2026-04-02 16:00:00+00:00,573.9,583.4,573.6,583.1,2786427.0,2026-04-02 19:59:59.999000+00:00,1
2026-04-02 20:00:00+00:00,583.1,584.5,580.9,583.2,1439867.0,2026-04-02 23:59:59.999000+00:00,1
2026-04-03 00:00:00+00:00,583.2,586.8,581.5,585.4,1824518.0,2026-04-03 03:59:59.999000+00:00,1
2026-04-03 04:00:00+00:00,585.4,588.6,584.5,585.9,1045480.0,2026-04-03 07:59:59.999000+00:00,1
2026-04-03 08:00:00+00:00,586.0,587.8,582.7,586.8,1578602.0,2026-04-03 11:59:59.999000+00:00,1
2026-04-03 12:00:00+00:00,586.8,589.9,583.6,586.5,1558343.0,2026-04-03 15:59:59.999000+00:00,1
2026-04-03 16:00:00+00:00,586.6,588.9,586.1,588.2,789521.0,2026-04-03 19:59:59.999000+00:00,1
2026-04-03 20:00:00+00:00,588.2,588.8,586.5,587.7,661350.0,2026-04-03 23:59:59.999000+00:00,1
2026-04-04 00:00:00+00:00,587.8,588.8,586.7,588.7,622356.0,2026-04-04 03:59:59.999000+00:00,1
2026-04-04 04:00:00+00:00,588.7,591.9,588.0,589.7,1075706.0,2026-04-04 07:59:59.999000+00:00,1
2026-04-04 08:00:00+00:00,589.7,591.4,588.6,589.1,904085.0,2026-04-04 11:59:59.999000+00:00,1
2026-04-04 12:00:00+00:00,589.0,591.5,587.7,590.6,1031777.0,2026-04-04 15:59:59.999000+00:00,1
2026-04-04 16:00:00+00:00,590.6,596.3,590.1,593.2,1229240.0,2026-04-04 19:59:59.999000+00:00,1
2026-04-04 20:00:00+00:00,593.2,594.9,592.3,593.0,483530.0,2026-04-04 23:59:59.999000+00:00,1
2026-04-05 00:00:00+00:00,593.1,593.7,590.9,593.2,611650.0,2026-04-05 03:59:59.999000+00:00,1
2026-04-05 04:00:00+00:00,593.1,593.8,587.4,589.9,1582084.0,2026-04-05 07:59:59.999000+00:00,1
2026-04-05 08:00:00+00:00,589.9,594.6,589.7,593.6,1073268.0,2026-04-05 11:59:59.999000+00:00,1
2026-04-05 12:00:00+00:00,593.6,596.0,586.6,592.8,1688475.0,2026-04-05 15:59:59.999000+00:00,1
2026-04-05 16:00:00+00:00,592.7,593.4,591.2,592.1,549851.0,2026-04-05 19:59:59.999000+00:00,1
2026-04-05 20:00:00+00:00,592.1,604.1,589.8,601.1,3148407.0,2026-04-05 23:59:59.999000+00:00,1
2026-04-06 00:00:00+00:00,601.2,607.5,599.9,600.3,2003129.0,2026-04-06 03:59:59.999000+00:00,1
2026-04-06 04:00:00+00:00,600.3,604.0,597.8,603.5,1678493.0,2026-04-06 07:59:59.999000+00:00,1
2026-04-06 08:00:00+00:00,603.5,610.2,603.5,605.1,1828575.0,2026-04-06 11:59:59.999000+00:00,1
2026-04-06 12:00:00+00:00,605.1,608.5,603.7,608.0,1342286.0,2026-04-06 15:59:59.999000+00:00,1
2026-04-06 16:00:00+00:00,608.1,608.7,602.7,606.6,1337788.0,2026-04-06 19:59:59.999000+00:00,1
2026-04-06 20:00:00+00:00,606.7,607.9,596.0,599.7,1389258.0,2026-04-06 23:59:59.999000+00:00,1
2026-04-07 00:00:00+00:00,599.8,601.1,596.0,598.7,1012233.0,2026-04-07 03:59:59.999000+00:00,1
2026-04-07 04:00:00+00:00,598.7,601.9,596.5,598.8,1396915.0,2026-04-07 07:59:59.999000+00:00,1
2026-04-07 08:00:00+00:00,598.9,606.2,595.9,596.8,2471640.0,2026-04-07 11:59:59.999000+00:00,1
2026-04-07 12:00:00+00:00,596.7,599.6,590.9,598.1,3076006.0,2026-04-07 15:59:59.999000+00:00,1
2026-04-07 16:00:00+00:00,598.2,608.6,598.2,608.1,1382088.0,2026-04-07 19:59:59.999000+00:00,1
2026-04-07 20:00:00+00:00,608.1,624.6,606.8,619.9,5270792.0,2026-04-07 23:59:59.999000+00:00,1
2026-04-08 00:00:00+00:00,619.8,621.3,612.9,613.3,2283286.0,2026-04-08 03:59:59.999000+00:00,1
2026-04-08 04:00:00+00:00,613.2,617.1,611.9,613.2,1471606.0,2026-04-08 07:59:59.999000+00:00,1
2026-04-08 08:00:00+00:00,613.2,614.4,610.7,612.8,1165455.0,2026-04-08 11:59:59.999000+00:00,1
2026-04-08 12:00:00+00:00,612.7,615.7,601.0,605.1,3155391.0,2026-04-08 15:59:59.999000+00:00,1
2026-04-08 16:00:00+00:00,605.1,607.6,602.5,604.0,966362.0,2026-04-08 19:59:59.999000+00:00,1
2026-04-08 20:00:00+00:00,604.0,607.2,599.6,600.9,958153.0,2026-04-08 23:59:59.999000+00:00,1
2026-04-09 00:00:00+00:00,600.8,602.6,596.6,599.9,1797896.0,2026-04-09 03:59:59.999000+00:00,1
2026-04-09 04:00:00+00:00,599.9,601.0,598.3,599.7,670477.0,2026-04-09 07:59:59.999000+00:00,1
2026-04-09 08:00:00+00:00,599.7,603.0,598.9,602.2,1439707.0,2026-04-09 11:59:59.999000+00:00,1
2026-04-09 12:00:00+00:00,602.3,606.9,598.0,605.7,1889451.0,2026-04-09 15:59:59.999000+00:00,1
2026-04-09 16:00:00+00:00,605.6,609.1,603.2,608.4,1943135.0,2026-04-09 19:59:59.999000+00:00,1
2026-04-09 20:00:00+00:00,608.4,612.0,601.7,602.8,1587795.0,2026-04-09 23:59:59.999000+00:00,1
2026-04-10 00:00:00+00:00,602.8,605.1,599.5,600.8,1571420.0,2026-04-10 03:59:59.999000+00:00,1
2026-04-10 04:00:00+00:00,600.8,602.3,598.6,598.9,1024287.0,2026-04-10 07:59:59.999000+00:00,1
2026-04-10 08:00:00+00:00,598.9,603.2,597.0,602.1,1842296.0,2026-04-10 11:59:59.999000+00:00,1
2026-04-10 12:00:00+00:00,602.1,608.5,600.7,603.0,2089894.0,2026-04-10 15:59:59.999000+00:00,1
2026-04-10 16:00:00+00:00,603.1,609.9,603.1,609.4,822922.0,2026-04-10 19:59:59.999000+00:00,1
2026-04-10 20:00:00+00:00,609.5,610.0,605.0,605.1,706566.0,2026-04-10 23:59:59.999000+00:00,1
2026-04-11 00:00:00+00:00,605.2,607.5,603.0,606.3,1109913.0,2026-04-11 03:59:59.999000+00:00,1
2026-04-11 04:00:00+00:00,606.4,607.4,604.2,605.7,828807.0,2026-04-11 07:59:59.999000+00:00,1
2026-04-11 08:00:00+00:00,605.7,607.0,604.1,605.1,822538.0,2026-04-11 11:59:59.999000+00:00,1
2026-04-11 12:00:00+00:00,605.1,606.6,603.2,605.5,860811.0,2026-04-11 15:59:59.999000+00:00,1
2026-04-11 16:00:00+00:00,605.5,613.8,605.3,612.6,1291278.0,2026-04-11 19:59:59.999000+00:00,1
2026-04-11 20:00:00+00:00,612.6,612.8,605.1,606.8,1331606.0,2026-04-11 23:59:59.999000+00:00,1
2026-04-12 00:00:00+00:00,606.9,607.2,589.8,594.9,3493073.0,2026-04-12 03:59:59.999000+00:00,1
2026-04-12 04:00:00+00:00,595.0,595.6,592.4,593.9,1121870.0,2026-04-12 07:59:59.999000+00:00,1
2026-04-12 08:00:00+00:00,593.8,595.2,592.5,595.1,1158633.0,2026-04-12 11:59:59.999000+00:00,1
2026-04-12 12:00:00+00:00,595.0,595.5,588.7,591.2,1681725.0,2026-04-12 15:59:59.999000+00:00,1
2026-04-12 16:00:00+00:00,591.2,593.1,590.6,592.1,719050.0,2026-04-12 19:59:59.999000+00:00,1
2026-04-12 20:00:00+00:00,592.0,596.6,590.5,591.8,1598017.0,2026-04-12 23:59:59.999000+00:00,1
2026-04-13 00:00:00+00:00,591.8,597.6,591.3,594.3,926186.0,2026-04-13 03:59:59.999000+00:00,1
2026-04-13 04:00:00+00:00,594.4,599.6,594.1,597.0,1279322.0,2026-04-13 07:59:59.999000+00:00,1
2026-04-13 08:00:00+00:00,597.0,598.4,594.9,596.9,738592.0,2026-04-13 11:59:59.999000+00:00,1
2026-04-13 12:00:00+00:00,596.8,604.6,595.2,603.1,2965653.0,2026-04-13 15:59:59.999000+00:00,1
2026-04-13 16:00:00+00:00,603.2,608.9,602.0,608.4,2550971.0,2026-04-13 19:59:59.999000+00:00,1
2026-04-13 20:00:00+00:00,608.3,618.3,606.9,614.6,2773605.0,2026-04-13 23:59:59.999000+00:00,1
2026-04-14 00:00:00+00:00,614.6,616.0,610.7,615.9,1744934.0,2026-04-14 03:59:59.999000+00:00,1
2026-04-14 04:00:00+00:00,616.0,616.0,611.8,613.6,1050597.0,2026-04-14 07:59:59.999000+00:00,1
2026-04-14 08:00:00+00:00,613.6,619.4,613.4,616.5,1783870.0,2026-04-14 11:59:59.999000+00:00,1
2026-04-14 12:00:00+00:00,616.5,625.0,615.2,623.3,4227886.0,2026-04-14 15:59:59.999000+00:00,1
2026-04-14 16:00:00+00:00,623.3,625.2,611.5,613.8,2670007.0,2026-04-14 19:59:59.999000+00:00,1
2026-04-14 20:00:00+00:00,613.8,617.0,612.9,613.6,971458.0,2026-04-14 23:59:59.999000+00:00,1
2026-04-15 00:00:00+00:00,613.7,619.7,613.7,615.9,1293070.0,2026-04-15 03:59:59.999000+00:00,1
2026-04-15 04:00:00+00:00,616.0,617.0,610.2,611.1,1784625.0,2026-04-15 07:59:59.999000+00:00,1
2026-04-15 08:00:00+00:00,611.2,620.6,610.2,619.4,1243154.0,2026-04-15 11:59:59.999000+00:00,1
2026-04-15 12:00:00+00:00,619.5,620.2,615.7,618.9,1097925.0,2026-04-15 15:59:59.999000+00:00,1
2026-04-15 16:00:00+00:00,618.8,627.3,618.3,625.1,1597347.0,2026-04-15 19:59:59.999000+00:00,1
2026-04-15 20:00:00+00:00,625.2,626.5,621.2,622.4,802467.0,2026-04-15 23:59:59.999000+00:00,1
2026-04-16 00:00:00+00:00,622.4,626.0,620.3,623.9,841928.0,2026-04-16 03:59:59.999000+00:00,1
2026-04-16 04:00:00+00:00,623.9,626.0,621.5,622.1,1192388.0,2026-04-16 07:59:59.999000+00:00,1
2026-04-16 08:00:00+00:00,622.1,623.5,618.3,620.5,1305977.0,2026-04-16 11:59:59.999000+00:00,1
2026-04-16 12:00:00+00:00,620.5,626.3,614.4,624.7,2912842.0,2026-04-16 15:59:59.999000+00:00,1
2026-04-16 16:00:00+00:00,624.6,637.2,623.1,636.4,3123701.0,2026-04-16 19:59:59.999000+00:00,1
2026-04-16 20:00:00+00:00,636.3,637.2,631.5,635.3,1054271.0,2026-04-16 23:59:59.999000+00:00,1
2026-04-17 00:00:00+00:00,635.3,636.1,627.9,628.9,1013810.0,2026-04-17 03:59:59.999000+00:00,1
2026-04-17 04:00:00+00:00,629.0,629.9,626.4,626.9,721836.0,2026-04-17 07:59:59.999000+00:00,1
2026-04-17 08:00:00+00:00,627.0,634.8,626.7,632.2,1500822.0,2026-04-17 11:59:59.999000+00:00,1
2026-04-17 12:00:00+00:00,632.2,645.4,631.4,643.0,3228605.0,2026-04-17 15:59:59.999000+00:00,1
2026-04-17 16:00:00+00:00,642.9,645.4,638.4,640.9,1786291.0,2026-04-17 19:59:59.999000+00:00,1
2026-04-17 20:00:00+00:00,641.0,644.4,638.8,642.8,796886.0,2026-04-17 23:59:59.999000+00:00,1
2026-04-18 00:00:00+00:00,642.7,646.5,639.7,639.8,1607351.0,2026-04-18 03:59:59.999000+00:00,1
2026-04-18 04:00:00+00:00,639.8,648.6,639.6,643.0,1365304.0,2026-04-18 07:59:59.999000+00:00,1
2026-04-18 08:00:00+00:00,643.1,643.3,631.0,633.0,1680592.0,2026-04-18 11:59:59.999000+00:00,1
2026-04-18 12:00:00+00:00,633.1,634.7,631.0,632.9,752692.0,2026-04-18 15:59:59.999000+00:00,1
2026-04-18 16:00:00+00:00,632.9,633.8,627.8,630.0,1126557.0,2026-04-18 19:59:59.999000+00:00,1
2026-04-18 20:00:00+00:00,630.1,631.5,629.3,629.4,390769.0,2026-04-18 23:59:59.999000+00:00,1
2026-04-19 00:00:00+00:00,629.5,630.0,620.5,622.7,1518729.0,2026-04-19 03:59:59.999000+00:00,1
2026-04-19 04:00:00+00:00,622.7,624.2,617.6,619.9,1243485.0,2026-04-19 07:59:59.999000+00:00,1
2026-04-19 08:00:00+00:00,619.9,622.9,617.7,621.9,1078437.0,2026-04-19 11:59:59.999000+00:00,1
2026-04-19 12:00:00+00:00,622.0,628.0,621.6,625.5,1170146.0,2026-04-19 15:59:59.999000+00:00,1
2026-04-19 16:00:00+00:00,625.5,626.2,618.9,622.7,1253755.0,2026-04-19 19:59:59.999000+00:00,1
2026-04-19 20:00:00+00:00,622.6,622.8,614.3,615.7,1175039.0,2026-04-19 23:59:59.999000+00:00,1
2026-04-20 00:00:00+00:00,615.8,622.4,615.7,621.6,1242436.0,2026-04-20 03:59:59.999000+00:00,1
2026-04-20 04:00:00+00:00,621.5,629.0,616.7,624.3,1528379.0,2026-04-20 07:59:59.999000+00:00,1
2026-04-20 08:00:00+00:00,624.3,627.8,622.1,625.0,1654815.0,2026-04-20 11:59:59.999000+00:00,1
2026-04-20 12:00:00+00:00,625.1,628.0,620.3,627.9,1395607.0,2026-04-20 15:59:59.999000+00:00,1
2026-04-20 16:00:00+00:00,628.0,631.4,626.4,630.3,798592.0,2026-04-20 19:59:59.999000+00:00,1
2026-04-20 20:00:00+00:00,630.3,631.9,627.5,628.8,626128.0,2026-04-20 23:59:59.999000+00:00,1
2026-04-21 00:00:00+00:00,628.8,632.6,627.9,629.7,1520231.0,2026-04-21 03:59:59.999000+00:00,1
2026-04-21 04:00:00+00:00,629.8,633.6,628.6,632.6,1057317.0,2026-04-21 07:59:59.999000+00:00,1
2026-04-21 08:00:00+00:00,632.6,640.3,631.8,634.0,2038326.0,2026-04-21 11:59:59.999000+00:00,1
2026-04-21 12:00:00+00:00,634.0,635.0,628.9,631.2,1371620.0,2026-04-21 15:59:59.999000+00:00,1
2026-04-21 16:00:00+00:00,631.3,633.3,624.4,626.1,1470901.0,2026-04-21 19:59:59.999000+00:00,1
2026-04-21 20:00:00+00:00,626.1,632.0,625.0,631.2,977615.0,2026-04-21 23:59:59.999000+00:00,1
2026-04-22 00:00:00+00:00,631.2,641.4,630.6,639.2,1964212.0,2026-04-22 03:59:59.999000+00:00,1
2026-04-22 04:00:00+00:00,639.3,644.7,638.3,641.8,1971434.0,2026-04-22 07:59:59.999000+00:00,1
2026-04-22 08:00:00+00:00,641.8,643.5,640.7,642.5,806185.0,2026-04-22 11:59:59.999000+00:00,1
2026-04-22 12:00:00+00:00,642.4,653.7,641.9,648.9,3485475.0,2026-04-22 15:59:59.999000+00:00,1
2026-04-22 16:00:00+00:00,648.9,650.8,642.7,643.7,1358165.0,2026-04-22 19:59:59.999000+00:00,1
2026-04-22 20:00:00+00:00,643.7,643.7,636.8,637.0,956056.0,2026-04-22 23:59:59.999000+00:00,1
2026-04-23 00:00:00+00:00,637.1,638.9,632.7,635.1,1661335.0,2026-04-23 03:59:59.999000+00:00,1
2026-04-23 04:00:00+00:00,635.1,637.9,634.5,635.3,829551.0,2026-04-23 07:59:59.999000+00:00,1
2026-04-23 08:00:00+00:00,635.2,635.8,630.6,633.1,1013270.0,2026-04-23 11:59:59.999000+00:00,1
2026-04-23 12:00:00+00:00,633.0,639.7,631.5,639.3,1582476.0,2026-04-23 15:59:59.999000+00:00,1
2026-04-23 16:00:00+00:00,639.2,640.0,630.4,635.5,1966421.0,2026-04-23 19:59:59.999000+00:00,1
2026-04-23 20:00:00+00:00,635.4,639.4,635.2,638.1,797234.0,2026-04-23 23:59:59.999000+00:00,1
2026-04-24 00:00:00+00:00,638.2,640.2,633.0,634.1,1370058.0,2026-04-24 03:59:59.999000+00:00,1
2026-04-24 04:00:00+00:00,634.1,636.7,631.4,634.6,1281739.0,2026-04-24 07:59:59.999000+00:00,1
2026-04-24 08:00:00+00:00,634.7,638.6,633.1,637.8,1108038.0,2026-04-24 11:59:59.999000+00:00,1
2026-04-24 12:00:00+00:00,637.8,640.4,635.4,639.1,1518802.0,2026-04-24 15:59:59.999000+00:00,1
2026-04-24 16:00:00+00:00,639.1,639.5,634.9,637.9,544102.0,2026-04-24 19:59:59.999000+00:00,1
2026-04-24 20:00:00+00:00,637.8,638.0,635.0,635.9,372941.0,2026-04-24 23:59:59.999000+00:00,1
2026-04-25 00:00:00+00:00,635.9,637.4,635.1,637.0,503327.0,2026-04-25 03:59:59.999000+00:00,1
2026-04-25 04:00:00+00:00,637.0,637.8,635.8,636.6,329863.0,2026-04-25 07:59:59.999000+00:00,1
2026-04-25 08:00:00+00:00,636.5,638.2,633.7,634.5,541324.0,2026-04-25 11:59:59.999000+00:00,1
2026-04-25 12:00:00+00:00,634.4,634.8,628.3,629.3,1673517.0,2026-04-25 15:59:59.999000+00:00,1
2026-04-25 16:00:00+00:00,629.4,630.0,626.7,628.3,804683.0,2026-04-25 19:59:59.999000+00:00,1
2026-04-25 20:00:00+00:00,628.3,630.0,627.9,628.1,468920.0,2026-04-25 23:59:59.999000+00:00,1
2026-04-26 00:00:00+00:00,628.0,630.0,626.5,628.1,717082.0,2026-04-26 03:59:59.999000+00:00,1
2026-04-26 04:00:00+00:00,628.2,632.5,627.8,632.0,912826.0,2026-04-26 07:59:59.999000+00:00,1
2026-04-26 08:00:00+00:00,632.0,632.3,629.5,632.1,666681.0,2026-04-26 11:59:59.999000+00:00,1
2026-04-26 12:00:00+00:00,632.0,632.7,630.0,631.8,657801.0,2026-04-26 15:59:59.999000+00:00,1
2026-04-26 16:00:00+00:00,631.8,636.5,630.0,635.5,1281098.0,2026-04-26 19:59:59.999000+00:00,1
2026-04-26 20:00:00+00:00,635.5,637.9,632.7,635.3,1312290.0,2026-04-26 23:59:59.999000+00:00,1
2026-04-27 00:00:00+00:00,635.4,639.7,633.3,638.0,1331097.0,2026-04-27 03:59:59.999000+00:00,1
2026-04-27 04:00:00+00:00,638.1,638.4,624.2,625.2,3096968.0,2026-04-27 07:59:59.999000+00:00,1
2026-04-27 08:00:00+00:00,625.2,628.3,624.7,626.9,908628.0,2026-04-27 11:59:59.999000+00:00,1
2026-04-27 12:00:00+00:00,626.8,628.2,618.0,620.3,1830419.0,2026-04-27 15:59:59.999000+00:00,1
2026-04-27 16:00:00+00:00,620.3,623.6,620.0,623.2,691567.0,2026-04-27 19:59:59.999000+00:00,1
2026-04-27 20:00:00+00:00,623.1,626.9,622.7,626.4,581708.0,2026-04-27 23:59:59.999000+00:00,1
2026-04-28 00:00:00+00:00,626.5,627.1,622.9,624.1,457091.0,2026-04-28 03:59:59.999000+00:00,1
2026-04-28 04:00:00+00:00,624.2,626.3,621.2,623.8,933798.0,2026-04-28 07:59:59.999000+00:00,1
2026-04-28 08:00:00+00:00,623.8,625.0,620.6,621.3,405725.0,2026-04-28 11:59:59.999000+00:00,1
2026-04-28 12:00:00+00:00,621.4,623.3,618.6,622.3,1197662.0,2026-04-28 15:59:59.999000+00:00,1
2026-04-28 16:00:00+00:00,622.2,623.9,621.4,623.8,499258.0,2026-04-28 19:59:59.999000+00:00,1
2026-04-28 20:00:00+00:00,623.7,624.2,622.3,624.1,327039.0,2026-04-28 23:59:59.999000+00:00,1
2026-04-29 00:00:00+00:00,624.1,626.2,622.1,625.5,596324.0,2026-04-29 03:59:59.999000+00:00,1
2026-04-29 04:00:00+00:00,625.5,628.3,624.6,624.7,1316218.0,2026-04-29 07:59:59.999000+00:00,1
2026-04-29 08:00:00+00:00,624.7,629.2,624.0,625.7,1260607.0,2026-04-29 11:59:59.999000+00:00,1
2026-04-29 12:00:00+00:00,625.6,625.7,615.0,616.0,2061263.0,2026-04-29 15:59:59.999000+00:00,1
2026-04-29 16:00:00+00:00,616.0,619.8,609.5,612.8,2238292.0,2026-04-29 19:59:59.999000+00:00,1
2026-04-29 20:00:00+00:00,612.9,618.0,612.7,617.0,709806.0,2026-04-29 23:59:59.999000+00:00,1
2026-04-30 00:00:00+00:00,617.0,620.3,615.6,617.5,855335.0,2026-04-30 03:59:59.999000+00:00,1
2026-04-30 04:00:00+00:00,617.5,617.8,612.9,617.1,843683.0,2026-04-30 07:59:59.999000+00:00,1
2026-04-30 08:00:00+00:00,617.2,618.4,614.2,615.3,441466.0,2026-04-30 11:59:59.999000+00:00,1
2026-04-30 12:00:00+00:00,615.4,617.8,613.0,616.7,552792.0,2026-04-30 15:59:59.999000+00:00,1
2026-04-30 16:00:00+00:00,616.7,618.3,615.2,618.1,406673.0,2026-04-30 19:59:59.999000+00:00,1
2026-04-30 20:00:00+00:00,618.0,618.2,614.4,614.9,270201.0,2026-04-30 23:59:59.999000+00:00,1
2026-05-01 00:00:00+00:00,615.0,621.1,614.8,618.1,835422.0,2026-05-01 03:59:59.999000+00:00,1
2026-05-01 04:00:00+00:00,618.1,618.7,615.7,617.1,438177.0,2026-05-01 07:59:59.999000+00:00,1
2026-05-01 08:00:00+00:00,617.2,619.2,615.4,618.5,512195.0,2026-05-01 11:59:59.999000+00:00,1
2026-05-01 12:00:00+00:00,618.5,622.7,618.2,620.6,1557851.0,2026-05-01 15:59:59.999000+00:00,1
2026-05-01 16:00:00+00:00,620.5,621.5,618.5,618.9,611133.0,2026-05-01 19:59:59.999000+00:00,1
2026-05-01 20:00:00+00:00,618.9,619.0,613.3,615.2,922161.0,2026-05-01 23:59:59.999000+00:00,1
2026-05-02 00:00:00+00:00,615.1,616.8,614.5,615.9,468152.0,2026-05-02 03:59:59.999000+00:00,1
2026-05-02 04:00:00+00:00,615.9,616.0,613.7,615.5,337215.0,2026-05-02 07:59:59.999000+00:00,1
2026-05-02 08:00:00+00:00,615.4,615.8,614.3,615.2,276430.0,2026-05-02 11:59:59.999000+00:00,1
2026-05-02 12:00:00+00:00,615.2,617.9,614.9,617.9,474217.0,2026-05-02 15:59:59.999000+00:00,1
2026-05-02 16:00:00+00:00,617.8,619.2,617.2,618.6,549551.0,2026-05-02 19:59:59.999000+00:00,1
2026-05-02 20:00:00+00:00,618.6,621.4,617.3,617.6,387143.0,2026-05-02 23:59:59.999000+00:00,1
2026-05-03 00:00:00+00:00,617.7,618.1,614.6,616.0,704128.0,2026-05-03 03:59:59.999000+00:00,1
2026-05-03 04:00:00+00:00,615.9,618.0,615.1,616.5,582190.0,2026-05-03 07:59:59.999000+00:00,1
2026-05-03 08:00:00+00:00,616.5,619.3,616.4,618.7,588685.0,2026-05-03 11:59:59.999000+00:00,1
2026-05-03 12:00:00+00:00,618.7,620.3,617.9,619.6,375441.0,2026-05-03 15:59:59.999000+00:00,1
2026-05-03 16:00:00+00:00,619.7,620.4,618.5,619.0,351591.0,2026-05-03 19:59:59.999000+00:00,1
2026-05-03 20:00:00+00:00,619.0,622.2,616.7,617.0,1222947.0,2026-05-03 23:59:59.999000+00:00,1
2026-05-04 00:00:00+00:00,617.0,626.5,615.2,626.5,2712588.0,2026-05-04 03:59:59.999000+00:00,1
2026-05-04 04:00:00+00:00,626.5,638.9,626.5,628.3,3972148.0,2026-05-04 07:59:59.999000+00:00,1
2026-05-04 08:00:00+00:00,628.3,630.8,619.7,622.6,1715584.0,2026-05-04 11:59:59.999000+00:00,1
2026-05-04 12:00:00+00:00,622.6,628.1,620.7,625.0,1641537.0,2026-05-04 15:59:59.999000+00:00,1
2026-05-04 16:00:00+00:00,625.1,628.6,623.2,624.7,816925.0,2026-05-04 19:59:59.999000+00:00,1
2026-05-04 20:00:00+00:00,624.7,625.7,622.3,622.3,473590.0,2026-05-04 23:59:59.999000+00:00,1
2026-05-05 00:00:00+00:00,622.4,627.9,622.3,627.6,981773.0,2026-05-05 03:59:59.999000+00:00,1
2026-05-05 04:00:00+00:00,627.5,628.7,625.4,627.3,559025.0,2026-05-05 07:59:59.999000+00:00,1
2026-05-05 08:00:00+00:00,627.2,629.1,625.7,628.6,912282.0,2026-05-05 11:59:59.999000+00:00,1
2026-05-05 12:00:00+00:00,628.5,633.7,628.0,630.8,1618734.0,2026-05-05 15:59:59.999000+00:00,1
2026-05-05 16:00:00+00:00,630.7,632.2,627.5,631.5,760302.0,2026-05-05 19:59:59.999000+00:00,1
2026-05-05 20:00:00+00:00,631.4,634.9,629.4,630.1,1130870.0,2026-05-05 23:59:59.999000+00:00,1
2026-05-06 00:00:00+00:00,630.1,635.8,628.7,634.9,1367452.0,2026-05-06 03:59:59.999000+00:00,1
2026-05-06 04:00:00+00:00,635.0,640.4,632.4,637.8,1546565.0,2026-05-06 07:59:59.999000+00:00,1
2026-05-06 08:00:00+00:00,637.7,652.4,637.6,652.1,3068575.0,2026-05-06 11:59:59.999000+00:00,1
2026-05-06 12:00:00+00:00,652.1,663.8,643.2,648.2,3827277.0,2026-05-06 15:59:59.999000+00:00,1
2026-05-06 16:00:00+00:00,648.2,650.7,646.0,650.3,615848.0,2026-05-06 19:59:59.999000+00:00,1
2026-05-06 20:00:00+00:00,650.2,651.4,644.1,647.4,646995.0,2026-05-06 23:59:59.999000+00:00,1
2026-05-07 00:00:00+00:00,647.4,649.5,641.2,642.2,1175462.0,2026-05-07 03:59:59.999000+00:00,1
2026-05-07 04:00:00+00:00,642.3,653.2,641.8,651.8,1182867.0,2026-05-07 07:59:59.999000+00:00,1
2026-05-07 08:00:00+00:00,651.8,652.9,645.7,647.8,958076.0,2026-05-07 11:59:59.999000+00:00,1
2026-05-07 12:00:00+00:00,647.7,650.6,638.8,642.2,1665757.0,2026-05-07 15:59:59.999000+00:00,1
2026-05-07 16:00:00+00:00,642.1,644.4,639.0,643.3,964908.0,2026-05-07 19:59:59.999000+00:00,1
2026-05-07 20:00:00+00:00,643.3,645.2,633.2,636.6,2128430.0,2026-05-07 23:59:59.999000+00:00,1
2026-05-08 00:00:00+00:00,636.7,640.1,634.8,639.1,693838.0,2026-05-08 03:59:59.999000+00:00,1
2026-05-08 04:00:00+00:00,639.1,640.7,634.2,636.5,1083201.0,2026-05-08 07:59:59.999000+00:00,1
2026-05-08 08:00:00+00:00,636.5,641.1,635.5,640.7,1109637.0,2026-05-08 11:59:59.999000+00:00,1
2026-05-08 12:00:00+00:00,640.7,643.8,637.1,643.6,1150952.0,2026-05-08 15:59:59.999000+00:00,1
2026-05-08 16:00:00+00:00,643.6,649.2,642.2,647.8,1479916.0,2026-05-08 19:59:59.999000+00:00,1
2026-05-08 20:00:00+00:00,647.8,651.3,645.7,648.9,914214.0,2026-05-08 23:59:59.999000+00:00,1
2026-05-09 00:00:00+00:00,649.0,655.6,648.6,653.3,1303031.0,2026-05-09 03:59:59.999000+00:00,1
2026-05-09 04:00:00+00:00,653.4,655.7,648.7,649.5,744973.0,2026-05-09 07:59:59.999000+00:00,1
2026-05-09 08:00:00+00:00,649.5,650.8,648.0,649.7,917942.0,2026-05-09 11:59:59.999000+00:00,1
2026-05-09 12:00:00+00:00,649.7,650.3,645.8,647.3,751998.0,2026-05-09 15:59:59.999000+00:00,1
2026-05-09 16:00:00+00:00,647.3,651.6,646.7,650.8,499296.0,2026-05-09 19:59:59.999000+00:00,1
2026-05-09 20:00:00+00:00,650.8,652.1,649.1,649.3,391033.0,2026-05-09 23:59:59.999000+00:00,1
2026-05-10 00:00:00+00:00,649.3,650.1,644.3,647.3,795474.0,2026-05-10 03:59:59.999000+00:00,1
2026-05-10 04:00:00+00:00,647.3,649.0,647.0,648.0,381614.0,2026-05-10 07:59:59.999000+00:00,1
2026-05-10 08:00:00+00:00,648.0,651.9,647.4,649.4,901358.0,2026-05-10 11:59:59.999000+00:00,1
2026-05-10 12:00:00+00:00,649.3,655.9,648.1,655.1,907639.0,2026-05-10 15:59:59.999000+00:00,1
2026-05-10 16:00:00+00:00,655.1,662.2,654.2,661.0,1379525.0,2026-05-10 19:59:59.999000+00:00,1
2026-05-10 20:00:00+00:00,661.0,666.6,648.3,663.3,2941240.0,2026-05-10 23:59:59.999000+00:00,1
2026-05-11 00:00:00+00:00,663.4,664.6,649.7,651.3,1899791.0,2026-05-11 03:59:59.999000+00:00,1
2026-05-11 04:00:00+00:00,651.4,653.6,649.5,650.1,806374.0,2026-05-11 07:59:59.999000+00:00,1
2026-05-11 08:00:00+00:00,650.2,655.5,648.9,655.5,812810.0,2026-05-11 11:59:59.999000+00:00,1
2026-05-11 12:00:00+00:00,655.5,661.0,650.9,661.0,1403811.0,2026-05-11 15:59:59.999000+00:00,1
2026-05-11 16:00:00+00:00,661.0,663.2,658.9,662.9,1123459.0,2026-05-11 19:59:59.999000+00:00,1
2026-05-11 20:00:00+00:00,662.8,672.6,660.5,670.1,1648032.0,2026-05-11 23:59:59.999000+00:00,1
2026-05-12 00:00:00+00:00,670.1,671.3,658.6,661.5,1528465.0,2026-05-12 03:59:59.999000+00:00,1
2026-05-12 04:00:00+00:00,661.5,663.7,657.4,658.1,882972.0,2026-05-12 07:59:59.999000+00:00,1
2026-05-12 08:00:00+00:00,658.0,663.2,657.2,663.2,1363657.0,2026-05-12 11:59:59.999000+00:00,1
2026-05-12 12:00:00+00:00,663.1,664.4,650.0,651.9,2807026.0,2026-05-12 15:59:59.999000+00:00,1
2026-05-12 16:00:00+00:00,651.8,662.9,650.1,662.7,1622744.0,2026-05-12 19:59:59.999000+00:00,1
2026-05-12 20:00:00+00:00,662.7,667.7,662.6,664.5,1148245.0,2026-05-12 23:59:59.999000+00:00,1
2026-05-13 00:00:00+00:00,664.4,682.6,663.9,680.7,3679186.0,2026-05-13 03:59:59.999000+00:00,1
2026-05-13 04:00:00+00:00,680.8,681.6,675.4,678.5,1832394.0,2026-05-13 07:59:59.999000+00:00,1
2026-05-13 08:00:00+00:00,678.5,685.7,677.0,678.1,2022610.0,2026-05-13 11:59:59.999000+00:00,1
2026-05-13 12:00:00+00:00,678.1,680.3,663.3,663.7,4518593.0,2026-05-13 15:59:59.999000+00:00,1
2026-05-13 16:00:00+00:00,663.7,674.2,663.7,670.8,1567243.0,2026-05-13 19:59:59.999000+00:00,1
2026-05-13 20:00:00+00:00,670.8,673.4,667.6,671.1,717691.0,2026-05-13 23:59:59.999000+00:00,1
2026-05-14 00:00:00+00:00,671.1,677.1,664.8,665.4,1528788.0,2026-05-14 03:59:59.999000+00:00,1
2026-05-14 04:00:00+00:00,665.4,671.7,665.0,668.7,1286776.0,2026-05-14 07:59:59.999000+00:00,1
2026-05-14 08:00:00+00:00,668.7,673.5,668.0,670.5,868097.0,2026-05-14 11:59:59.999000+00:00,1
2026-05-14 12:00:00+00:00,670.4,680.2,670.2,679.6,2745626.0,2026-05-14 15:59:59.999000+00:00,1
2026-05-14 16:00:00+00:00,679.6,687.2,677.9,679.7,2805898.0,2026-05-14 19:59:59.999000+00:00,1
2026-05-14 20:00:00+00:00,679.8,681.6,676.5,677.8,971452.0,2026-05-14 23:59:59.999000+00:00,1
2026-05-15 00:00:00+00:00,677.8,685.6,676.4,681.4,2495481.0,2026-05-15 03:59:59.999000+00:00,1
2026-05-15 04:00:00+00:00,681.3,688.8,673.2,684.0,2542911.0,2026-05-15 07:59:59.999000+00:00,1
2026-05-15 08:00:00+00:00,684.0,689.9,681.3,686.1,2627557.0,2026-05-15 11:59:59.999000+00:00,1
2026-05-15 12:00:00+00:00,686.0,686.3,668.6,671.1,4467656.0,2026-05-15 15:59:59.999000+00:00,1
2026-05-15 16:00:00+00:00,671.2,676.2,670.7,673.5,1137923.0,2026-05-15 19:59:59.999000+00:00,1
2026-05-15 20:00:00+00:00,673.6,674.0,670.7,671.9,598360.0,2026-05-15 23:59:59.999000+00:00,1
2026-05-16 00:00:00+00:00,671.9,674.6,664.5,664.7,1831297.0,2026-05-16 03:59:59.999000+00:00,1
2026-05-16 04:00:00+00:00,664.6,664.6,655.7,660.3,2692642.0,2026-05-16 07:59:59.999000+00:00,1
2026-05-16 08:00:00+00:00,660.3,661.4,650.2,654.0,2843116.0,2026-05-16 11:59:59.999000+00:00,1
2026-05-16 12:00:00+00:00,653.9,657.3,650.6,654.8,1513461.0,2026-05-16 15:59:59.999000+00:00,1
2026-05-16 16:00:00+00:00,654.8,657.8,654.6,655.8,801018.0,2026-05-16 19:59:59.999000+00:00,1
2026-05-16 20:00:00+00:00,655.8,657.2,655.3,655.6,317626.0,2026-05-16 23:59:59.999000+00:00,1
2026-05-17 00:00:00+00:00,655.6,656.7,649.2,652.3,1623885.0,2026-05-17 03:59:59.999000+00:00,1
2026-05-17 04:00:00+00:00,652.2,655.8,651.9,654.8,626453.0,2026-05-17 07:59:59.999000+00:00,1
2026-05-17 08:00:00+00:00,654.8,655.2,649.7,654.6,821708.0,2026-05-17 11:59:59.999000+00:00,1
2026-05-17 12:00:00+00:00,654.5,657.1,649.9,651.7,925361.0,2026-05-17 15:59:59.999000+00:00,1
2026-05-17 16:00:00+00:00,651.8,656.1,649.6,655.6,620619.0,2026-05-17 19:59:59.999000+00:00,1
2026-05-17 20:00:00+00:00,655.6,658.0,638.7,649.1,3378473.0,2026-05-17 23:59:59.999000+00:00,1
2026-05-18 00:00:00+00:00,649.1,649.2,641.7,643.0,1348275.0,2026-05-18 03:59:59.999000+00:00,1
2026-05-18 04:00:00+00:00,643.0,644.1,636.8,641.4,1797251.0,2026-05-18 07:59:59.999000+00:00,1
2026-05-18 08:00:00+00:00,641.5,643.3,636.8,641.3,826446.0,2026-05-18 11:59:59.999000+00:00,1
2026-05-18 12:00:00+00:00,641.3,645.0,633.5,636.6,1828688.0,2026-05-18 15:59:59.999000+00:00,1
2026-05-18 16:00:00+00:00,636.6,644.5,635.3,644.3,1254080.0,2026-05-18 19:59:59.999000+00:00,1
2026-05-18 20:00:00+00:00,644.4,646.1,641.4,643.1,896901.0,2026-05-18 23:59:59.999000+00:00,1
2026-05-19 00:00:00+00:00,643.1,646.6,640.7,642.4,1041798.0,2026-05-19 03:59:59.999000+00:00,1
2026-05-19 04:00:00+00:00,642.5,645.9,640.3,645.4,891769.0,2026-05-19 07:59:59.999000+00:00,1
2026-05-19 08:00:00+00:00,645.5,645.5,637.5,639.4,1087234.0,2026-05-19 11:59:59.999000+00:00,1
2026-05-19 12:00:00+00:00,639.4,641.7,635.7,638.2,1066871.0,2026-05-19 15:59:59.999000+00:00,1
2026-05-19 16:00:00+00:00,638.3,641.4,637.5,639.4,463071.0,2026-05-19 19:59:59.999000+00:00,1
2026-05-19 20:00:00+00:00,639.4,641.2,637.3,639.5,644737.0,2026-05-19 23:59:59.999000+00:00,1
2026-05-20 00:00:00+00:00,639.4,640.3,636.9,639.7,719625.0,2026-05-20 03:59:59.999000+00:00,1
2026-05-20 04:00:00+00:00,639.7,644.6,637.9,643.0,974667.0,2026-05-20 07:59:59.999000+00:00,1
2026-05-20 08:00:00+00:00,643.0,645.0,641.7,642.8,796195.0,2026-05-20 11:59:59.999000+00:00,1
2026-05-20 12:00:00+00:00,642.8,649.6,640.8,648.4,2066091.0,2026-05-20 15:59:59.999000+00:00,1
2026-05-20 16:00:00+00:00,648.5,651.1,645.6,650.1,723611.0,2026-05-20 19:59:59.999000+00:00,1
2026-05-20 20:00:00+00:00,650.1,651.3,646.6,648.9,623523.0,2026-05-20 23:59:59.999000+00:00,1
2026-05-21 00:00:00+00:00,648.9,655.0,648.7,654.4,1224938.0,2026-05-21 03:59:59.999000+00:00,1
2026-05-21 04:00:00+00:00,654.4,655.0,649.9,652.6,631219.0,2026-05-21 07:59:59.999000+00:00,1
2026-05-21 08:00:00+00:00,652.7,655.7,646.9,647.4,1014481.0,2026-05-21 11:59:59.999000+00:00,1
2026-05-21 12:00:00+00:00,647.3,652.8,645.7,651.9,1375164.0,2026-05-21 15:59:59.999000+00:00,1
2026-05-21 16:00:00+00:00,651.9,659.5,649.8,657.7,2274679.0,2026-05-21 19:59:59.999000+00:00,1
2026-05-21 20:00:00+00:00,657.7,658.9,655.8,658.2,580011.0,2026-05-21 23:59:59.999000+00:00,1
2026-05-22 00:00:00+00:00,658.3,661.2,655.7,659.2,1273917.0,2026-05-22 03:59:59.999000+00:00,1
2026-05-22 04:00:00+00:00,659.2,660.2,655.1,659.1,887779.0,2026-05-22 07:59:59.999000+00:00,1
2026-05-22 08:00:00+00:00,659.2,660.9,654.4,657.5,1073941.0,2026-05-22 11:59:59.999000+00:00,1
2026-05-22 12:00:00+00:00,657.5,663.9,655.8,657.9,2190456.0,2026-05-22 15:59:59.999000+00:00,1
2026-05-22 16:00:00+00:00,657.9,661.3,647.7,651.9,2902177.0,2026-05-22 19:59:59.999000+00:00,1
2026-05-22 20:00:00+00:00,652.0,653.7,648.2,650.0,1135895.0,2026-05-22 23:59:59.999000+00:00,1
2026-05-23 00:00:00+00:00,650.0,652.7,647.3,652.0,1300168.0,2026-05-23 03:59:59.999000+00:00,1
2026-05-23 04:00:00+00:00,652.0,652.3,634.6,636.3,2698068.0,2026-05-23 07:59:59.999000+00:00,1
2026-05-23 08:00:00+00:00,636.2,640.8,635.2,639.6,1613463.0,2026-05-23 11:59:59.999000+00:00,1
2026-05-23 12:00:00+00:00,639.7,648.5,638.8,647.0,1384681.0,2026-05-23 15:59:59.999000+00:00,1
2026-05-23 16:00:00+00:00,647.1,652.7,645.8,652.1,1208896.0,2026-05-23 19:59:59.999000+00:00,1
2026-05-23 20:00:00+00:00,652.1,664.1,651.4,655.8,3227223.0,2026-05-23 23:59:59.999000+00:00,1
2026-05-24 00:00:00+00:00,655.9,658.7,655.2,656.9,586157.0,2026-05-24 03:59:59.999000+00:00,1
2026-05-24 04:00:00+00:00,656.9,657.8,653.7,656.2,672344.0,2026-05-24 07:59:59.999000+00:00,1
2026-05-24 08:00:00+00:00,656.3,662.2,655.9,660.9,1209154.0,2026-05-24 11:59:59.999000+00:00,1
2026-05-24 12:00:00+00:00,661.0,661.1,651.6,655.2,1348458.0,2026-05-24 15:59:59.999000+00:00,1
2026-05-24 16:00:00+00:00,655.1,657.4,654.4,655.7,620436.0,2026-05-24 19:59:59.999000+00:00,1
2026-05-24 20:00:00+00:00,655.7,657.3,649.1,656.2,1091701.0,2026-05-24 23:59:59.999000+00:00,1
2026-05-25 00:00:00+00:00,656.3,659.6,655.3,656.7,730777.0,2026-05-25 03:59:59.999000+00:00,1
2026-05-25 04:00:00+00:00,656.6,661.7,656.1,661.6,941931.0,2026-05-25 07:59:59.999000+00:00,1
2026-05-25 08:00:00+00:00,661.7,663.1,660.5,661.9,792943.0,2026-05-25 11:59:59.999000+00:00,1
2026-05-25 12:00:00+00:00,661.9,672.9,661.8,667.5,2831766.0,2026-05-25 15:59:59.999000+00:00,1
2026-05-25 16:00:00+00:00,667.5,668.0,660.6,662.2,1492884.0,2026-05-25 19:59:59.999000+00:00,1
2026-05-25 20:00:00+00:00,662.1,662.9,660.0,662.7,847941.0,2026-05-25 23:59:59.999000+00:00,1
2026-05-26 00:00:00+00:00,662.8,663.5,655.7,657.7,1500926.0,2026-05-26 03:59:59.999000+00:00,1
2026-05-26 04:00:00+00:00,657.6,659.5,654.3,657.4,881806.0,2026-05-26 07:59:59.999000+00:00,1
2026-05-26 08:00:00+00:00,657.4,664.3,655.9,662.0,1044091.0,2026-05-26 11:59:59.999000+00:00,1
2026-05-26 12:00:00+00:00,662.1,667.9,656.8,659.7,2518508.0,2026-05-26 15:59:59.999000+00:00,1
2026-05-26 16:00:00+00:00,659.8,660.6,652.9,656.8,1414184.0,2026-05-26 19:59:59.999000+00:00,1
2026-05-26 20:00:00+00:00,656.8,657.5,654.5,655.9,492218.0,2026-05-26 23:59:59.999000+00:00,1
2026-05-27 00:00:00+00:00,656.0,658.8,653.6,653.9,843497.0,2026-05-27 03:59:59.999000+00:00,1
2026-05-27 04:00:00+00:00,654.0,654.3,650.2,653.0,1022729.0,2026-05-27 07:59:59.999000+00:00,1
2026-05-27 08:00:00+00:00,653.0,655.5,651.9,653.4,913755.0,2026-05-27 11:59:59.999000+00:00,1
2026-05-27 12:00:00+00:00,653.4,658.0,649.6,657.3,1415312.0,2026-05-27 15:59:59.999000+00:00,1
2026-05-27 16:00:00+00:00,657.4,659.6,649.8,653.1,855424.0,2026-05-27 19:59:59.999000+00:00,1
2026-05-27 20:00:00+00:00,653.1,654.7,646.0,648.4,1133665.0,2026-05-27 23:59:59.999000+00:00,1
2026-05-28 00:00:00+00:00,648.3,648.9,636.2,637.3,2077316.0,2026-05-28 03:59:59.999000+00:00,1
2026-05-28 04:00:00+00:00,637.2,637.3,630.8,634.6,2409337.0,2026-05-28 07:59:59.999000+00:00,1
2026-05-28 08:00:00+00:00,634.5,634.8,630.9,632.4,1160562.0,2026-05-28 11:59:59.999000+00:00,1
2026-05-28 12:00:00+00:00,632.4,636.4,627.7,634.5,1952333.0,2026-05-28 15:59:59.999000+00:00,1
2026-05-28 16:00:00+00:00,634.4,642.3,633.1,639.2,1343954.0,2026-05-28 19:59:59.999000+00:00,1
2026-05-28 20:00:00+00:00,639.2,642.2,637.1,637.8,742317.0,2026-05-28 23:59:59.999000+00:00,1
2026-05-29 00:00:00+00:00,637.9,639.2,633.3,635.0,1206865.0,2026-05-29 03:59:59.999000+00:00,1
2026-05-29 04:00:00+00:00,635.1,639.2,634.0,636.7,690512.0,2026-05-29 07:59:59.999000+00:00,1
2026-05-29 08:00:00+00:00,636.6,640.9,634.8,636.6,1023814.0,2026-05-29 11:59:59.999000+00:00,1
2026-05-29 12:00:00+00:00,636.5,642.7,630.2,639.4,2050592.0,2026-05-29 15:59:59.999000+00:00,1
2026-05-29 16:00:00+00:00,639.5,644.7,637.7,641.1,1461492.0,2026-05-29 19:59:59.999000+00:00,1
2026-05-29 20:00:00+00:00,641.1,643.5,641.0,642.8,760347.0,2026-05-29 23:59:59.999000+00:00,1
2026-05-30 00:00:00+00:00,642.8,660.8,642.3,657.9,3711871.0,2026-05-30 03:59:59.999000+00:00,1
2026-05-30 04:00:00+00:00,658.0,674.1,656.2,672.6,4702858.0,2026-05-30 07:59:59.999000+00:00,1
2026-05-30 08:00:00+00:00,672.6,677.1,669.0,673.4,4028307.0,2026-05-30 11:59:59.999000+00:00,1
2026-05-30 12:00:00+00:00,673.4,694.8,670.5,694.2,8069482.0,2026-05-30 15:59:59.999000+00:00,1
2026-05-30 16:00:00+00:00,694.2,724.4,694.0,720.5,21754181.0,2026-05-30 19:59:59.999000+00:00,1
2026-05-30 20:00:00+00:00,720.6,728.3,706.8,718.3,7238528.0,2026-05-30 23:59:59.999000+00:00,1
2026-05-31 00:00:00+00:00,718.4,746.0,718.4,739.7,16122775.0,2026-05-31 03:59:59.999000+00:00,1
2026-05-31 04:00:00+00:00,739.7,742.1,716.8,719.7,12866142.0,2026-05-31 07:59:59.999000+00:00,1
2026-05-31 08:00:00+00:00,719.6,725.6,717.1,722.6,7928736.0,2026-05-31 11:59:59.999000+00:00,1
2026-05-31 12:00:00+00:00,722.7,733.5,717.4,720.7,11280469.0,2026-05-31 15:59:59.999000+00:00,1
2026-05-31 16:00:00+00:00,720.6,721.9,702.7,708.5,9483531.0,2026-05-31 19:59:59.999000+00:00,1
2026-05-31 20:00:00+00:00,708.5,714.7,706.1,710.4,4184456.0,2026-05-31 23:59:59.999000+00:00,1
2026-06-01 00:00:00+00:00,710.5,717.0,692.8,703.7,12144107.0,2026-06-01 03:59:59.999000+00:00,1
2026-06-01 04:00:00+00:00,703.6,705.5,684.4,686.1,7133099.0,2026-06-01 07:59:59.999000+00:00,1
2026-06-01 08:00:00+00:00,686.2,729.7,685.2,697.0,22147775.0,2026-06-01 11:59:59.999000+00:00,1
2026-06-01 12:00:00+00:00,697.0,698.2,674.4,677.3,12396184.0,2026-06-01 15:59:59.999000+00:00,1
2026-06-01 16:00:00+00:00,677.2,696.1,673.6,695.8,5605223.0,2026-06-01 19:59:59.999000+00:00,1
2026-06-01 20:00:00+00:00,695.7,701.4,688.2,692.7,4377913.0,2026-06-01 23:59:59.999000+00:00,1
2026-06-02 00:00:00+00:00,692.8,695.2,680.9,693.5,4950261.0,2026-06-02 03:59:59.999000+00:00,1
2026-06-02 04:00:00+00:00,693.5,694.1,680.1,681.6,4032019.0,2026-06-02 07:59:59.999000+00:00,1
2026-06-02 08:00:00+00:00,681.7,684.8,675.3,677.8,3653282.0,2026-06-02 11:59:59.999000+00:00,1
2026-06-02 12:00:00+00:00,677.8,679.9,657.4,663.1,12998808.0,2026-06-02 15:59:59.999000+00:00,1
2026-06-02 16:00:00+00:00,663.0,671.2,651.1,659.9,4914215.0,2026-06-02 19:59:59.999000+00:00,1
2026-06-02 20:00:00+00:00,659.9,662.9,642.0,650.2,5737753.0,2026-06-02 23:59:59.999000+00:00,1
2026-06-03 00:00:00+00:00,650.2,657.1,630.3,633.4,5005017.0,2026-06-03 03:59:59.999000+00:00,1
2026-06-03 04:00:00+00:00,633.5,646.3,632.4,643.6,3486456.0,2026-06-03 07:59:59.999000+00:00,1
2026-06-03 08:00:00+00:00,643.5,645.7,636.5,636.8,1818241.0,2026-06-03 11:59:59.999000+00:00,1
2026-06-03 12:00:00+00:00,636.9,638.9,629.2,632.4,5187340.0,2026-06-03 15:59:59.999000+00:00,1
2026-06-03 16:00:00+00:00,632.4,633.1,619.2,622.3,4866815.0,2026-06-03 19:59:59.999000+00:00,1
2026-06-03 20:00:00+00:00,622.3,629.6,615.7,620.2,2835037.0,2026-06-03 23:59:59.999000+00:00,1
2026-06-04 00:00:00+00:00,620.1,624.0,590.0,618.6,10595596.0,2026-06-04 03:59:59.999000+00:00,1
2026-06-04 04:00:00+00:00,618.7,620.9,598.6,599.7,6456626.0,2026-06-04 07:59:59.999000+00:00,1
2026-06-04 08:00:00+00:00,599.7,603.2,587.5,594.8,4042579.0,2026-06-04 11:59:59.999000+00:00,1
2026-06-04 12:00:00+00:00,594.9,609.0,593.5,605.9,3288376.0,2026-06-04 15:59:59.999000+00:00,1
2026-06-04 16:00:00+00:00,605.9,610.0,598.7,605.9,2368157.0,2026-06-04 19:59:59.999000+00:00,1
2026-06-04 20:00:00+00:00,605.9,607.1,597.4,604.2,1489781.0,2026-06-04 23:59:59.999000+00:00,1
2026-06-05 00:00:00+00:00,604.1,607.7,591.1,595.3,3717344.0,2026-06-05 03:59:59.999000+00:00,1
2026-06-05 04:00:00+00:00,595.3,602.6,569.7,592.9,10461777.0,2026-06-05 07:59:59.999000+00:00,1
2026-06-05 08:00:00+00:00,592.9,596.7,585.1,589.8,3305674.0,2026-06-05 11:59:59.999000+00:00,1
2026-06-05 12:00:00+00:00,589.8,596.0,574.2,578.3,8577197.0,2026-06-05 15:59:59.999000+00:00,1
2026-06-05 16:00:00+00:00,578.3,582.8,555.9,566.9,9556487.0,2026-06-05 19:59:59.999000+00:00,1
2026-06-05 20:00:00+00:00,566.9,579.1,562.8,571.9,3104058.0,2026-06-05 23:59:59.999000+00:00,1
2026-06-06 00:00:00+00:00,571.8,579.6,570.2,572.7,3468173.0,2026-06-06 03:59:59.999000+00:00,1
2026-06-06 04:00:00+00:00,572.7,581.2,559.1,578.6,5957797.0,2026-06-06 07:59:59.999000+00:00,1
2026-06-06 08:00:00+00:00,578.6,583.9,570.5,573.5,3104162.0,2026-06-06 11:59:59.999000+00:00,1
2026-06-06 12:00:00+00:00,573.6,577.2,570.6,575.5,2087477.0,2026-06-06 15:59:59.999000+00:00,1
2026-06-06 16:00:00+00:00,575.6,577.4,570.8,573.2,1046631.0,2026-06-06 19:59:59.999000+00:00,1
2026-06-06 20:00:00+00:00,573.3,576.5,570.5,574.1,1053764.0,2026-06-06 23:59:59.999000+00:00,1
2026-06-07 00:00:00+00:00,574.1,581.4,573.0,580.6,2097296.0,2026-06-07 03:59:59.999000+00:00,1
2026-06-07 04:00:00+00:00,580.6,589.8,577.5,589.3,2848058.0,2026-06-07 07:59:59.999000+00:00,1
2026-06-07 08:00:00+00:00,589.3,598.6,587.0,593.0,2829263.0,2026-06-07 11:59:59.999000+00:00,1
2026-06-07 12:00:00+00:00,593.0,593.7,585.2,591.2,2509457.0,2026-06-07 15:59:59.999000+00:00,1
2026-06-07 16:00:00+00:00,591.3,597.4,586.5,588.4,2315885.0,2026-06-07 19:59:59.999000+00:00,1
2026-06-07 20:00:00+00:00,588.3,610.8,587.3,604.0,3947419.0,2026-06-07 23:59:59.999000+00:00,1
2026-06-08 00:00:00+00:00,604.1,608.1,598.1,603.0,1658065.0,2026-06-08 03:59:59.999000+00:00,1
2026-06-08 04:00:00+00:00,603.0,603.3,591.2,595.9,2089462.0,2026-06-08 07:59:59.999000+00:00,1
2026-06-08 08:00:00+00:00,595.9,603.9,593.1,601.9,2160508.0,2026-06-08 11:59:59.999000+00:00,1
2026-06-08 12:00:00+00:00,601.8,606.0,597.3,603.9,1798668.0,2026-06-08 15:59:59.999000+00:00,1
2026-06-08 16:00:00+00:00,604.0,609.7,602.1,607.4,1320383.0,2026-06-08 19:59:59.999000+00:00,1
2026-06-08 20:00:00+00:00,607.4,610.3,600.8,601.4,1158674.0,2026-06-08 23:59:59.999000+00:00,1
2026-06-09 00:00:00+00:00,601.4,602.5,592.6,598.8,2182433.0,2026-06-09 03:59:59.999000+00:00,1
2026-06-09 04:00:00+00:00,598.7,605.4,596.1,603.8,1772152.0,2026-06-09 07:59:59.999000+00:00,1
2026-06-09 08:00:00+00:00,603.8,604.1,595.8,596.6,1683514.0,2026-06-09 11:59:59.999000+00:00,1
2026-06-09 12:00:00+00:00,596.6,599.2,584.2,586.5,4424788.0,2026-06-09 15:59:59.999000+00:00,1
2026-06-09 16:00:00+00:00,586.6,596.7,583.4,596.5,2597609.0,2026-06-09 19:59:59.999000+00:00,1
2026-06-09 20:00:00+00:00,596.5,598.4,590.5,593.0,871051.0,2026-06-09 23:59:59.999000+00:00,1
2026-06-10 00:00:00+00:00,593.1,594.7,586.1,587.5,1014640.0,2026-06-10 03:59:59.999000+00:00,1
2026-06-10 04:00:00+00:00,587.5,589.3,583.2,588.3,1411877.0,2026-06-10 07:59:59.999000+00:00,1
2026-06-10 08:00:00+00:00,588.4,588.4,580.2,582.6,1412746.0,2026-06-10 11:59:59.999000+00:00,1
2026-06-10 12:00:00+00:00,582.7,598.3,582.1,596.5,2803490.0,2026-06-10 15:59:59.999000+00:00,1
2026-06-10 16:00:00+00:00,596.5,596.8,586.6,587.7,1125191.0,2026-06-10 19:59:59.999000+00:00,1
2026-06-10 20:00:00+00:00,587.6,588.9,581.6,586.2,1110820.0,2026-06-10 23:59:59.999000+00:00,1
2026-06-11 00:00:00+00:00,586.2,597.5,586.2,596.1,1466172.0,2026-06-11 03:59:59.999000+00:00,1
2026-06-11 04:00:00+00:00,596.2,597.9,593.5,597.8,865087.0,2026-06-11 07:59:59.999000+00:00,1
2026-06-11 08:00:00+00:00,597.9,603.5,597.8,600.5,1575965.0,2026-06-11 11:59:59.999000+00:00,1
2026-06-11 12:00:00+00:00,600.5,602.7,596.7,598.2,1940422.0,2026-06-11 15:59:59.999000+00:00,1
2026-06-11 16:00:00+00:00,598.2,607.2,595.7,604.2,2241656.0,2026-06-11 19:59:59.999000+00:00,1
2026-06-11 20:00:00+00:00,604.2,606.0,600.4,605.3,961083.0,2026-06-11 23:59:59.999000+00:00,1
2026-06-12 00:00:00+00:00,605.4,605.8,600.8,601.9,945182.0,2026-06-12 03:59:59.999000+00:00,1
2026-06-12 04:00:00+00:00,601.9,604.7,596.2,599.6,900677.0,2026-06-12 07:59:59.999000+00:00,1
2026-06-12 08:00:00+00:00,599.6,608.5,599.5,606.5,1258685.0,2026-06-12 11:59:59.999000+00:00,1
2026-06-12 12:00:00+00:00,606.5,613.2,603.2,605.0,2563394.0,2026-06-12 15:59:59.999000+00:00,1
2026-06-12 16:00:00+00:00,604.9,609.2,602.3,603.0,768221.0,2026-06-12 19:59:59.999000+00:00,1
2026-06-12 20:00:00+00:00,603.0,604.4,601.7,603.4,620365.0,2026-06-12 23:59:59.999000+00:00,1
2026-06-13 00:00:00+00:00,603.4,605.9,600.0,600.0,1509713.0,2026-06-13 03:59:59.999000+00:00,1
2026-06-13 04:00:00+00:00,600.0,603.6,599.1,602.9,917039.0,2026-06-13 07:59:59.999000+00:00,1
2026-06-13 08:00:00+00:00,602.9,607.0,602.3,606.2,881780.0,2026-06-13 11:59:59.999000+00:00,1
2026-06-13 12:00:00+00:00,606.2,610.9,605.8,610.1,1334916.0,2026-06-13 15:59:59.999000+00:00,1
2026-06-13 16:00:00+00:00,610.0,610.2,606.3,608.1,829161.0,2026-06-13 19:59:59.999000+00:00,1
2026-06-13 20:00:00+00:00,608.1,612.3,607.2,609.3,585729.0,2026-06-13 23:59:59.999000+00:00,1
2026-06-14 00:00:00+00:00,609.3,610.6,608.2,609.6,494429.0,2026-06-14 03:59:59.999000+00:00,1
2026-06-14 04:00:00+00:00,609.6,611.8,607.3,609.9,675612.0,2026-06-14 07:59:59.999000+00:00,1
2026-06-14 08:00:00+00:00,609.9,612.9,609.2,611.9,423764.0,2026-06-14 11:59:59.999000+00:00,1
2026-06-14 12:00:00+00:00,612.0,612.2,604.8,607.8,1368040.0,2026-06-14 15:59:59.999000+00:00,1
2026-06-14 16:00:00+00:00,607.8,608.3,602.3,602.8,912119.0,2026-06-14 19:59:59.999000+00:00,1
2026-06-14 20:00:00+00:00,602.8,617.2,602.3,616.5,1791111.0,2026-06-14 23:59:59.999000+00:00,1
2026-06-15 00:00:00+00:00,616.5,618.1,612.3,617.5,1310860.0,2026-06-15 03:59:59.999000+00:00,1
2026-06-15 04:00:00+00:00,617.6,618.6,614.9,615.0,1210989.0,2026-06-15 07:59:59.999000+00:00,1
2026-06-15 08:00:00+00:00,615.0,622.6,612.1,620.3,2100688.0,2026-06-15 11:59:59.999000+00:00,1
2026-06-15 12:00:00+00:00,620.4,632.7,619.1,628.7,4009979.0,2026-06-15 15:59:59.999000+00:00,1
2026-06-15 16:00:00+00:00,628.7,629.2,617.9,620.3,1604020.0,2026-06-15 19:59:59.999000+00:00,1
2026-06-15 20:00:00+00:00,620.4,621.3,614.8,617.5,847789.0,2026-06-15 23:59:59.999000+00:00,1
2026-06-16 00:00:00+00:00,617.5,618.7,610.4,614.7,1637060.0,2026-06-16 03:59:59.999000+00:00,1
2026-06-16 04:00:00+00:00,614.7,618.9,611.3,615.4,1322265.0,2026-06-16 07:59:59.999000+00:00,1
2026-06-16 08:00:00+00:00,615.5,619.2,612.8,613.9,1169543.0,2026-06-16 11:59:59.999000+00:00,1
2026-06-16 12:00:00+00:00,613.9,617.6,600.6,606.0,5831345.0,2026-06-16 15:59:59.999000+00:00,1
2026-06-16 16:00:00+00:00,606.0,610.3,603.3,606.6,1262788.0,2026-06-16 19:59:59.999000+00:00,1
2026-06-16 20:00:00+00:00,606.6,608.5,604.3,604.6,628344.0,2026-06-16 23:59:59.999000+00:00,1
2026-06-17 00:00:00+00:00,604.6,608.1,602.8,604.4,999501.0,2026-06-17 03:59:59.999000+00:00,1
2026-06-17 04:00:00+00:00,604.5,609.5,604.1,606.2,1014979.0,2026-06-17 07:59:59.999000+00:00,1
2026-06-17 08:00:00+00:00,606.2,606.3,600.4,603.6,1405624.0,2026-06-17 11:59:59.999000+00:00,1
2026-06-17 12:00:00+00:00,603.6,612.3,600.7,605.4,3557801.0,2026-06-17 15:59:59.999000+00:00,1
2026-06-17 16:00:00+00:00,605.4,609.4,596.6,598.4,3861994.0,2026-06-17 19:59:59.999000+00:00,1
2026-06-17 20:00:00+00:00,598.3,601.9,594.6,601.2,1195930.0,2026-06-17 23:59:59.999000+00:00,1
2026-06-18 00:00:00+00:00,601.3,603.8,596.0,596.3,836919.0,2026-06-18 03:59:59.999000+00:00,1
2026-06-18 04:00:00+00:00,596.3,596.6,586.9,589.4,2147067.0,2026-06-18 07:59:59.999000+00:00,1
2026-06-18 08:00:00+00:00,589.3,592.3,587.9,589.2,1161534.0,2026-06-18 11:59:59.999000+00:00,1
2026-06-18 12:00:00+00:00,589.2,592.1,572.6,573.4,3395315.0,2026-06-18 15:59:59.999000+00:00,1
2026-06-18 16:00:00+00:00,573.3,579.4,573.1,578.5,2122393.0,2026-06-18 19:59:59.999000+00:00,1
2026-06-18 20:00:00+00:00,578.5,580.8,576.5,578.1,726638.0,2026-06-18 23:59:59.999000+00:00,1
2026-06-19 00:00:00+00:00,578.0,582.8,575.4,577.8,1203736.0,2026-06-19 03:59:59.999000+00:00,1
2026-06-19 04:00:00+00:00,577.8,578.6,570.3,574.4,1252759.0,2026-06-19 07:59:59.999000+00:00,1
2026-06-19 08:00:00+00:00,574.5,574.8,570.6,572.8,903552.0,2026-06-19 11:59:59.999000+00:00,1
2026-06-19 12:00:00+00:00,572.9,579.2,571.7,578.3,1350237.0,2026-06-19 15:59:59.999000+00:00,1
2026-06-19 16:00:00+00:00,578.3,581.5,576.6,579.5,684243.0,2026-06-19 19:59:59.999000+00:00,1
2026-06-19 20:00:00+00:00,579.5,582.1,578.6,581.1,481692.0,2026-06-19 23:59:59.999000+00:00,1
2026-06-20 00:00:00+00:00,581.1,582.4,579.8,580.3,514334.0,2026-06-20 03:59:59.999000+00:00,1
2026-06-20 04:00:00+00:00,580.3,589.3,580.0,587.5,1733034.0,2026-06-20 07:59:59.999000+00:00,1
2026-06-20 08:00:00+00:00,587.5,588.0,585.2,586.0,660696.0,2026-06-20 11:59:59.999000+00:00,1
2026-06-20 12:00:00+00:00,586.1,588.9,581.7,587.0,1500264.0,2026-06-20 15:59:59.999000+00:00,1
2026-06-20 16:00:00+00:00,587.0,587.1,583.8,585.7,481490.0,2026-06-20 19:59:59.999000+00:00,1
2026-06-20 20:00:00+00:00,585.7,588.2,584.6,587.6,559656.0,2026-06-20 23:59:59.999000+00:00,1
2026-06-21 00:00:00+00:00,587.7,590.8,586.6,590.1,636703.0,2026-06-21 03:59:59.999000+00:00,1
2026-06-21 04:00:00+00:00,590.2,591.7,588.5,590.7,689436.0,2026-06-21 07:59:59.999000+00:00,1
2026-06-21 08:00:00+00:00,590.8,591.6,587.2,588.1,908360.0,2026-06-21 11:59:59.999000+00:00,1
2026-06-21 12:00:00+00:00,588.0,590.3,584.9,589.6,1051450.0,2026-06-21 15:59:59.999000+00:00,1
2026-06-21 16:00:00+00:00,589.6,592.3,588.3,591.8,653723.0,2026-06-21 19:59:59.999000+00:00,1
2026-06-21 20:00:00+00:00,591.8,591.8,583.1,583.9,1277109.0,2026-06-21 23:59:59.999000+00:00,1
2026-06-22 00:00:00+00:00,583.8,595.3,583.7,589.8,1988381.0,2026-06-22 03:59:59.999000+00:00,1
2026-06-22 04:00:00+00:00,589.8,594.9,589.0,593.6,1125979.0,2026-06-22 07:59:59.999000+00:00,1
2026-06-22 08:00:00+00:00,593.7,597.8,590.9,596.8,858100.0,2026-06-22 11:59:59.999000+00:00,1
2026-06-22 12:00:00+00:00,596.9,602.2,595.0,595.8,2584148.0,2026-06-22 15:59:59.999000+00:00,1
2026-06-22 16:00:00+00:00,595.8,596.7,589.8,591.8,1240465.0,2026-06-22 19:59:59.999000+00:00,1
2026-06-22 20:00:00+00:00,591.9,592.7,587.5,589.9,877874.0,2026-06-22 23:59:59.999000+00:00,1
2026-06-23 00:00:00+00:00,589.8,592.5,587.6,591.6,847308.0,2026-06-23 03:59:59.999000+00:00,1
2026-06-23 04:00:00+00:00,591.7,591.9,576.9,580.3,2635798.0,2026-06-23 07:59:59.999000+00:00,1
2026-06-23 08:00:00+00:00,580.4,581.0,569.9,573.5,2872427.0,2026-06-23 11:59:59.999000+00:00,1
2026-06-23 12:00:00+00:00,573.5,576.6,570.7,574.2,1615059.0,2026-06-23 15:59:59.999000+00:00,1
2026-06-23 16:00:00+00:00,574.2,576.9,572.2,575.8,1025757.0,2026-06-23 19:59:59.999000+00:00,1
2026-06-23 20:00:00+00:00,575.7,578.8,575.0,577.7,562152.0,2026-06-23 23:59:59.999000+00:00,1
2026-06-24 00:00:00+00:00,577.7,581.4,575.0,577.6,883482.0,2026-06-24 03:59:59.999000+00:00,1
2026-06-24 04:00:00+00:00,577.6,581.1,573.6,576.6,763587.0,2026-06-24 07:59:59.999000+00:00,1
2026-06-24 08:00:00+00:00,576.5,582.0,573.4,579.4,954890.0,2026-06-24 11:59:59.999000+00:00,1
2026-06-24 12:00:00+00:00,579.4,580.0,560.6,561.1,3001010.0,2026-06-24 15:59:59.999000+00:00,1
2026-06-24 16:00:00+00:00,561.0,563.5,546.0,555.0,4776465.0,2026-06-24 19:59:59.999000+00:00,1
2026-06-24 20:00:00+00:00,555.0,565.8,554.2,564.2,1854110.0,2026-06-24 23:59:59.999000+00:00,1
2026-06-25 00:00:00+00:00,564.3,566.8,562.8,565.6,960942.0,2026-06-25 03:59:59.999000+00:00,1
2026-06-25 04:00:00+00:00,565.6,572.3,563.5,570.1,1250499.0,2026-06-25 07:59:59.999000+00:00,1
2026-06-25 08:00:00+00:00,570.2,570.2,560.6,562.4,1497214.0,2026-06-25 11:59:59.999000+00:00,1
2026-06-25 12:00:00+00:00,562.3,568.3,540.2,553.7,6945643.0,2026-06-25 15:59:59.999000+00:00,1
2026-06-25 16:00:00+00:00,553.7,560.0,552.0,554.0,1835944.0,2026-06-25 19:59:59.999000+00:00,1
2026-06-25 20:00:00+00:00,554.1,562.8,554.1,560.4,898974.0,2026-06-25 23:59:59.999000+00:00,1
2026-06-26 00:00:00+00:00,560.4,564.3,550.0,562.8,3275231.0,2026-06-26 03:59:59.999000+00:00,1
2026-06-26 04:00:00+00:00,562.8,570.1,558.9,569.3,1849913.0,2026-06-26 07:59:59.999000+00:00,1
2026-06-26 08:00:00+00:00,569.3,569.7,558.4,558.7,1618714.0,2026-06-26 11:59:59.999000+00:00,1
2026-06-26 12:00:00+00:00,558.6,566.9,551.6,565.0,3222995.0,2026-06-26 15:59:59.999000+00:00,1
2026-06-26 16:00:00+00:00,565.1,568.6,562.6,565.5,1511006.0,2026-06-26 19:59:59.999000+00:00,1
2026-06-26 20:00:00+00:00,565.6,568.5,564.2,567.3,666802.0,2026-06-26 23:59:59.999000+00:00,1
2026-06-27 00:00:00+00:00,567.4,568.4,565.1,566.6,803174.0,2026-06-27 03:59:59.999000+00:00,1
2026-06-27 04:00:00+00:00,566.6,567.8,563.6,565.1,727039.0,2026-06-27 07:59:59.999000+00:00,1
2026-06-27 08:00:00+00:00,565.2,565.4,562.1,562.9,541366.0,2026-06-27 11:59:59.999000+00:00,1
2026-06-27 12:00:00+00:00,562.8,566.8,562.1,565.1,735121.0,2026-06-27 15:59:59.999000+00:00,1
2026-06-27 16:00:00+00:00,565.1,566.5,557.5,558.9,1110959.0,2026-06-27 19:59:59.999000+00:00,1
2026-06-27 20:00:00+00:00,558.9,562.8,554.2,556.9,910447.0,2026-06-27 23:59:59.999000+00:00,1
2026-06-28 00:00:00+00:00,556.8,558.5,556.0,558.4,620129.0,2026-06-28 03:59:59.999000+00:00,1
2026-06-28 04:00:00+00:00,558.3,558.4,553.6,556.2,717789.0,2026-06-28 07:59:59.999000+00:00,1
2026-06-28 08:00:00+00:00,556.2,558.6,553.8,556.8,665443.0,2026-06-28 11:59:59.999000+00:00,1
2026-06-28 12:00:00+00:00,556.8,557.6,553.4,554.2,553741.0,2026-06-28 15:59:59.999000+00:00,1
2026-06-28 16:00:00+00:00,554.3,554.4,546.8,548.2,1516412.0,2026-06-28 19:59:59.999000+00:00,1
2026-06-28 20:00:00+00:00,548.1,555.0,545.2,550.8,2117701.0,2026-06-28 23:59:59.999000+00:00,1
2026-06-29 00:00:00+00:00,550.9,556.4,546.3,555.0,1308636.0,2026-06-29 03:59:59.999000+00:00,1
2026-06-29 04:00:00+00:00,555.0,555.2,548.0,553.3,846783.0,2026-06-29 07:59:59.999000+00:00,1
2026-06-29 08:00:00+00:00,553.2,555.5,550.1,551.5,1032162.0,2026-06-29 11:59:59.999000+00:00,1
2026-06-29 12:00:00+00:00,551.5,558.0,545.8,551.6,2832169.0,2026-06-29 15:59:59.999000+00:00,1
2026-06-29 16:00:00+00:00,551.5,562.5,550.0,561.6,2236431.0,2026-06-29 19:59:59.999000+00:00,1
2026-06-29 20:00:00+00:00,561.6,562.1,559.0,559.3,734086.0,2026-06-29 23:59:59.999000+00:00,1
2026-06-30 00:00:00+00:00,559.4,560.3,553.6,553.6,984844.0,2026-06-30 03:59:59.999000+00:00,1
2026-06-30 04:00:00+00:00,553.6,554.5,551.2,552.0,685117.0,2026-06-30 07:59:59.999000+00:00,1
2026-06-30 08:00:00+00:00,552.0,552.7,546.6,547.4,1205084.0,2026-06-30 11:59:59.999000+00:00,1
2026-06-30 12:00:00+00:00,547.3,551.2,543.0,544.6,2590021.0,2026-06-30 15:59:59.999000+00:00,1
2026-06-30 16:00:00+00:00,544.5,548.4,544.5,547.2,1138258.0,2026-06-30 19:59:59.999000+00:00,1
2026-06-30 20:00:00+00:00,547.1,547.4,543.8,546.3,812677.0,2026-06-30 23:59:59.999000+00:00,1
2026-07-01 00:00:00+00:00,546.4,552.6,539.4,551.2,2188913.0,2026-07-01 03:59:59.999000+00:00,1
2026-07-01 04:00:00+00:00,551.3,552.3,544.7,546.6,1081224.0,2026-07-01 07:59:59.999000+00:00,1
2026-07-01 08:00:00+00:00,546.6,547.5,536.7,542.2,2196115.0,2026-07-01 11:59:59.999000+00:00,1
2026-07-01 12:00:00+00:00,542.2,555.4,540.9,554.3,3347216.0,2026-07-01 15:59:59.999000+00:00,1
2026-07-01 16:00:00+00:00,554.3,554.7,550.1,551.0,1123738.0,2026-07-01 19:59:59.999000+00:00,1
2026-07-01 20:00:00+00:00,551.1,559.5,549.8,550.1,1327797.0,2026-07-01 23:59:59.999000+00:00,1
2026-07-02 00:00:00+00:00,550.2,558.0,545.8,556.7,1651372.0,2026-07-02 03:59:59.999000+00:00,1
2026-07-02 04:00:00+00:00,556.6,556.6,548.4,549.1,1013055.0,2026-07-02 07:59:59.999000+00:00,1
2026-07-02 08:00:00+00:00,549.1,561.5,549.0,559.7,1935958.0,2026-07-02 11:59:59.999000+00:00,1
2026-07-02 12:00:00+00:00,559.6,566.9,559.0,562.2,2701015.0,2026-07-02 15:59:59.999000+00:00,1
2026-07-02 16:00:00+00:00,562.1,563.8,557.7,557.7,1201643.0,2026-07-02 19:59:59.999000+00:00,1
2026-07-02 20:00:00+00:00,557.8,559.3,555.8,558.4,750616.0,2026-07-02 23:59:59.999000+00:00,1
2026-07-03 00:00:00+00:00,558.5,561.7,556.8,560.8,1004161.0,2026-07-03 03:59:59.999000+00:00,1
2026-07-03 04:00:00+00:00,560.8,563.7,559.7,561.3,682306.0,2026-07-03 07:59:59.999000+00:00,1
2026-07-03 08:00:00+00:00,561.4,567.4,561.2,566.5,1047702.0,2026-07-03 11:59:59.999000+00:00,1
2026-07-03 12:00:00+00:00,566.6,568.4,563.1,565.5,1281955.0,2026-07-03 15:59:59.999000+00:00,1
2026-07-03 16:00:00+00:00,565.6,571.2,564.4,569.6,1089761.0,2026-07-03 19:59:59.999000+00:00,1
2026-07-03 20:00:00+00:00,569.5,575.2,569.4,573.7,1173114.0,2026-07-03 23:59:59.999000+00:00,1
2026-07-04 00:00:00+00:00,573.7,575.4,570.9,572.2,612378.0,2026-07-04 03:59:59.999000+00:00,1
2026-07-04 04:00:00+00:00,572.2,573.0,568.1,569.4,696863.0,2026-07-04 07:59:59.999000+00:00,1
2026-07-04 08:00:00+00:00,569.5,576.0,568.9,571.6,993236.0,2026-07-04 11:59:59.999000+00:00,1
2026-07-04 12:00:00+00:00,571.5,577.8,571.5,576.4,1300361.0,2026-07-04 15:59:59.999000+00:00,1
2026-07-04 16:00:00+00:00,576.5,578.5,574.2,575.1,861414.0,2026-07-04 19:59:59.999000+00:00,1
2026-07-04 20:00:00+00:00,575.2,577.9,572.2,575.0,771144.0,2026-07-04 23:59:59.999000+00:00,1
2026-07-05 00:00:00+00:00,575.0,575.1,568.0,570.2,1281665.0,2026-07-05 03:59:59.999000+00:00,1
2026-07-05 04:00:00+00:00,570.2,575.5,569.6,575.5,703845.0,2026-07-05 07:59:59.999000+00:00,1
2026-07-05 08:00:00+00:00,575.5,578.8,572.4,576.7,1213250.0,2026-07-05 11:59:59.999000+00:00,1
2026-07-05 12:00:00+00:00,576.8,589.9,575.9,587.0,2795332.0,2026-07-05 15:59:59.999000+00:00,1
2026-07-05 16:00:00+00:00,587.1,591.6,583.2,589.2,1117584.0,2026-07-05 19:59:59.999000+00:00,1
2026-07-05 20:00:00+00:00,589.1,593.3,585.5,589.7,989180.0,2026-07-05 23:59:59.999000+00:00,1
2026-07-06 00:00:00+00:00,589.6,593.0,582.6,585.0,1725387.0,2026-07-06 03:59:59.999000+00:00,1
2026-07-06 04:00:00+00:00,585.0,585.4,580.7,581.9,765926.0,2026-07-06 07:59:59.999000+00:00,1
2026-07-06 08:00:00+00:00,581.9,582.6,575.8,577.5,1141060.0,2026-07-06 11:59:59.999000+00:00,1
2026-07-06 12:00:00+00:00,577.4,584.7,569.9,584.4,2746869.0,2026-07-06 15:59:59.999000+00:00,1
2026-07-06 16:00:00+00:00,584.5,586.3,582.6,585.0,1272629.0,2026-07-06 19:59:59.999000+00:00,1
2026-07-06 20:00:00+00:00,585.1,591.9,583.4,585.6,1011019.0,2026-07-06 23:59:59.999000+00:00,1
2026-07-07 00:00:00+00:00,585.7,587.5,577.9,578.9,786667.0,2026-07-07 03:59:59.999000+00:00,1
2026-07-07 04:00:00+00:00,578.8,580.4,576.0,578.0,688903.0,2026-07-07 07:59:59.999000+00:00,1
2026-07-07 08:00:00+00:00,578.0,580.3,576.3,579.9,1242336.0,2026-07-07 11:59:59.999000+00:00,1
2026-07-07 12:00:00+00:00,580.0,585.4,574.8,584.4,1357006.0,2026-07-07 15:59:59.999000+00:00,1
2026-07-07 16:00:00+00:00,584.5,586.8,579.7,583.0,1017555.0,2026-07-07 19:59:59.999000+00:00,1
2026-07-07 20:00:00+00:00,583.1,583.5,575.9,576.4,700001.0,2026-07-07 23:59:59.999000+00:00,1
2026-07-08 00:00:00+00:00,576.3,578.6,566.9,568.5,1728670.0,2026-07-08 03:59:59.999000+00:00,1
2026-07-08 04:00:00+00:00,568.6,569.8,564.8,567.6,863580.0,2026-07-08 07:59:59.999000+00:00,1
2026-07-08 08:00:00+00:00,567.6,568.4,559.8,565.6,1724020.0,2026-07-08 11:59:59.999000+00:00,1
2026-07-08 12:00:00+00:00,565.6,566.9,560.4,562.0,1328692.0,2026-07-08 15:59:59.999000+00:00,1
2026-07-08 16:00:00+00:00,562.0,567.5,561.5,566.7,857382.0,2026-07-08 19:59:59.999000+00:00,1
2026-07-08 20:00:00+00:00,566.7,568.7,564.3,568.3,451390.0,2026-07-08 23:59:59.999000+00:00,1
2026-07-09 00:00:00+00:00,568.4,572.6,565.1,567.9,835187.0,2026-07-09 03:59:59.999000+00:00,1
2026-07-09 04:00:00+00:00,568.0,576.4,567.3,572.5,909124.0,2026-07-09 07:59:59.999000+00:00,1
2026-07-09 08:00:00+00:00,572.6,573.3,568.7,569.6,660528.0,2026-07-09 11:59:59.999000+00:00,1
2026-07-09 12:00:00+00:00,569.5,572.7,567.6,570.6,1076918.0,2026-07-09 15:59:59.999000+00:00,1
2026-07-09 16:00:00+00:00,570.7,573.3,568.7,569.7,1050196.0,2026-07-09 19:59:59.999000+00:00,1
2026-07-09 20:00:00+00:00,569.8,570.7,568.2,568.3,611034.0,2026-07-09 23:59:59.999000+00:00,1
2026-07-10 00:00:00+00:00,568.2,576.3,567.5,575.2,1277392.0,2026-07-10 03:59:59.999000+00:00,1
2026-07-10 04:00:00+00:00,575.3,578.0,573.7,573.9,1111978.0,2026-07-10 07:59:59.999000+00:00,1
2026-07-10 08:00:00+00:00,573.9,577.3,573.7,575.2,1239870.0,2026-07-10 11:59:59.999000+00:00,1
2026-07-10 12:00:00+00:00,575.1,576.6,569.2,573.4,1786622.0,2026-07-10 15:59:59.999000+00:00,1
2026-07-10 16:00:00+00:00,573.4,578.0,573.4,575.6,733705.0,2026-07-10 19:59:59.999000+00:00,1
2026-07-10 20:00:00+00:00,575.7,576.7,574.3,574.9,347845.0,2026-07-10 23:59:59.999000+00:00,1
2026-07-11 00:00:00+00:00,575.0,575.7,572.7,574.7,728984.0,2026-07-11 03:59:59.999000+00:00,1
2026-07-11 04:00:00+00:00,574.8,577.3,574.3,576.6,493301.0,2026-07-11 07:59:59.999000+00:00,1
2026-07-11 08:00:00+00:00,576.7,579.8,576.3,579.0,693398.0,2026-07-11 11:59:59.999000+00:00,1
2026-07-11 12:00:00+00:00,579.1,582.8,577.6,579.6,1062492.0,2026-07-11 15:59:59.999000+00:00,1
2026-07-11 16:00:00+00:00,579.6,581.3,579.0,580.3,335871.0,2026-07-11 19:59:59.999000+00:00,1
2026-07-11 20:00:00+00:00,580.3,581.7,574.2,574.2,647979.0,2026-07-11 23:59:59.999000+00:00,1
2026-07-12 00:00:00+00:00,574.2,575.4,569.8,574.8,1619294.0,2026-07-12 03:59:59.999000+00:00,1
2026-07-12 04:00:00+00:00,574.9,575.3,569.5,572.0,726005.0,2026-07-12 07:59:59.999000+00:00,1
2026-07-12 08:00:00+00:00,571.9,580.3,571.8,579.7,1276738.0,2026-07-12 11:59:59.999000+00:00,1
2026-07-12 12:00:00+00:00,579.8,584.6,579.1,580.8,2101853.0,2026-07-12 15:59:59.999000+00:00,1
2026-07-12 16:00:00+00:00,580.9,581.9,578.3,579.3,918958.0,2026-07-12 19:59:59.999000+00:00,1
2026-07-12 20:00:00+00:00,579.3,579.5,572.4,573.5,1163513.0,2026-07-12 23:59:59.999000+00:00,1
2026-07-13 00:00:00+00:00,573.4,579.4,566.1,568.5,2693790.0,2026-07-13 03:59:59.999000+00:00,1
2026-07-13 04:00:00+00:00,568.5,570.1,565.7,569.6,1038331.0,2026-07-13 07:59:59.999000+00:00,1
2026-07-13 08:00:00+00:00,569.6,570.7,568.1,569.3,657690.0,2026-07-13 11:59:59.999000+00:00,1
2026-07-13 12:00:00+00:00,569.3,571.5,565.3,568.4,1130569.0,2026-07-13 15:59:59.999000+00:00,1
2026-07-13 16:00:00+00:00,568.3,568.4,561.7,565.8,1533820.0,2026-07-13 19:59:59.999000+00:00,1
2026-07-13 20:00:00+00:00,565.8,567.2,562.9,567.2,534674.0,2026-07-13 23:59:59.999000+00:00,1
2026-07-14 00:00:00+00:00,567.2,570.2,566.3,569.6,812774.0,2026-07-14 03:59:59.999000+00:00,1
2026-07-14 04:00:00+00:00,569.5,571.4,568.5,569.7,643912.0,2026-07-14 07:59:59.999000+00:00,1
2026-07-14 08:00:00+00:00,569.7,571.3,568.8,570.5,648166.0,2026-07-14 11:59:59.999000+00:00,1
2026-07-14 12:00:00+00:00,570.6,584.4,569.8,582.6,3568964.0,2026-07-14 15:59:59.999000+00:00,1
2026-07-14 16:00:00+00:00,582.7,583.3,578.8,580.4,987836.0,2026-07-14 19:59:59.999000+00:00,1
2026-07-14 20:00:00+00:00,580.4,582.6,578.9,581.4,667682.0,2026-07-14 23:59:59.999000+00:00,1
2026-07-15 00:00:00+00:00,581.5,582.9,578.9,580.6,698471.0,2026-07-15 03:59:59.999000+00:00,1
2026-07-15 04:00:00+00:00,580.5,582.1,576.1,576.2,1115997.0,2026-07-15 07:59:59.999000+00:00,1
2026-07-15 08:00:00+00:00,576.2,578.7,575.5,578.6,798436.0,2026-07-15 11:59:59.999000+00:00,1
2026-07-15 12:00:00+00:00,578.7,585.0,576.8,581.4,2595359.0,2026-07-15 15:59:59.999000+00:00,1
2026-07-15 16:00:00+00:00,581.4,581.7,576.3,579.3,1368374.0,2026-07-15 19:59:59.999000+00:00,1
2026-07-15 20:00:00+00:00,579.3,581.8,579.0,580.3,586946.0,2026-07-15 23:59:59.999000+00:00,1
2026-07-16 00:00:00+00:00,580.3,582.3,577.3,581.2,716737.0,2026-07-16 03:59:59.999000+00:00,1
2026-07-16 04:00:00+00:00,581.2,585.6,578.7,579.7,1014221.0,2026-07-16 07:59:59.999000+00:00,1
2026-07-16 08:00:00+00:00,579.7,580.0,574.3,577.7,1417800.0,2026-07-16 11:59:59.999000+00:00,1
2026-07-16 12:00:00+00:00,577.8,581.1,574.9,579.2,1489673.0,2026-07-16 15:59:59.999000+00:00,1
2026-07-16 16:00:00+00:00,579.3,579.3,573.8,575.5,907008.0,2026-07-16 19:59:59.999000+00:00,1
2026-07-16 20:00:00+00:00,575.4,576.6,571.3,572.1,694122.0,2026-07-16 23:59:59.999000+00:00,1
2026-07-17 00:00:00+00:00,572.1,574.6,569.9,572.0,882449.0,2026-07-17 03:59:59.999000+00:00,1
2026-07-17 04:00:00+00:00,571.9,572.4,565.7,565.8,884091.0,2026-07-17 07:59:59.999000+00:00,1
2026-07-17 08:00:00+00:00,565.7,565.7,562.4,564.5,1617125.0,2026-07-17 11:59:59.999000+00:00,1
2026-07-17 12:00:00+00:00,564.4,564.8,555.2,562.5,2247084.0,2026-07-17 15:59:59.999000+00:00,1
2026-07-17 16:00:00+00:00,562.6,567.6,561.7,567.6,1082819.0,2026-07-17 19:59:59.999000+00:00,1
2026-07-17 20:00:00+00:00,567.6,568.8,566.1,567.7,623845.0,2026-07-17 23:59:59.999000+00:00,1
2026-07-18 00:00:00+00:00,567.8,568.8,565.8,568.1,655728.0,2026-07-18 03:59:59.999000+00:00,1
2026-07-18 04:00:00+00:00,568.1,568.1,566.0,567.4,587820.0,2026-07-18 07:59:59.999000+00:00,1
2026-07-18 08:00:00+00:00,567.5,570.2,567.3,569.4,630823.0,2026-07-18 11:59:59.999000+00:00,1
2026-07-18 12:00:00+00:00,569.5,571.6,568.6,570.4,564821.0,2026-07-18 15:59:59.999000+00:00,1
2026-07-18 16:00:00+00:00,570.3,572.6,569.6,570.4,811519.0,2026-07-18 19:59:59.999000+00:00,1
2026-07-18 20:00:00+00:00,570.4,572.2,569.3,570.3,457155.0,2026-07-18 23:59:59.999000+00:00,1
2026-07-19 00:00:00+00:00,570.4,572.3,568.3,568.7,433869.0,2026-07-19 03:59:59.999000+00:00,1
2026-07-19 04:00:00+00:00,568.7,569.3,566.7,568.5,676864.0,2026-07-19 07:59:59.999000+00:00,1
2026-07-19 08:00:00+00:00,568.5,569.8,566.8,567.8,431211.0,2026-07-19 11:59:59.999000+00:00,1
2026-07-19 12:00:00+00:00,567.8,570.6,566.5,569.8,714019.0,2026-07-19 15:59:59.999000+00:00,1
2026-07-19 16:00:00+00:00,569.9,570.1,565.8,567.7,814438.0,2026-07-19 19:59:59.999000+00:00,1
2026-07-19 20:00:00+00:00,567.7,571.5,567.5,570.8,591518.0,2026-07-19 23:59:59.999000+00:00,1
2026-07-20 00:00:00+00:00,570.8,573.9,567.8,569.8,1362094.0,2026-07-20 03:59:59.999000+00:00,1
2026-07-20 04:00:00+00:00,569.8,569.9,562.2,566.4,1566470.0,2026-07-20 07:59:59.999000+00:00,1
2026-07-20 08:00:00+00:00,566.4,571.2,564.0,570.9,1014706.0,2026-07-20 11:59:59.999000+00:00,1
2026-07-20 12:00:00+00:00,570.8,574.4,564.5,573.6,1629216.0,2026-07-20 15:59:59.999000+00:00,1
2026-07-20 16:00:00+00:00,573.7,575.2,570.9,571.1,1206612.0,2026-07-20 19:59:59.999000+00:00,1
2026-07-20 20:00:00+00:00,571.1,572.8,569.5,571.0,465466.0,2026-07-20 23:59:59.999000+00:00,1
2026-07-21 00:00:00+00:00,570.9,575.1,570.4,575.0,764648.0,2026-07-21 03:59:59.999000+00:00,1
2026-07-21 04:00:00+00:00,575.0,576.8,573.4,576.7,800458.0,2026-07-21 07:59:59.999000+00:00,1
2026-07-21 08:00:00+00:00,576.7,579.7,576.0,576.5,1326861.0,2026-07-21 11:59:59.999000+00:00,1
2026-07-21 12:00:00+00:00,576.6,577.9,574.1,575.0,1227776.0,2026-07-21 15:59:59.999000+00:00,1
2026-07-21 16:00:00+00:00,574.9,575.4,571.9,572.4,1125852.0,2026-07-21 19:59:59.999000+00:00,1
2026-07-21 20:00:00+00:00,572.4,573.9,571.3,573.7,631506.0,2026-07-21 23:59:59.999000+00:00,1
2026-07-22 00:00:00+00:00,573.7,575.4,570.6,570.7,935285.0,2026-07-22 03:59:59.999000+00:00,1
2026-07-22 04:00:00+00:00,570.7,572.3,566.7,568.0,1663973.0,2026-07-22 07:59:59.999000+00:00,1
2026-07-22 08:00:00+00:00,567.9,571.6,567.7,570.8,615039.0,2026-07-22 11:59:59.999000+00:00,1
2026-07-22 12:00:00+00:00,570.8,575.0,569.1,572.3,1021445.0,2026-07-22 15:59:59.999000+00:00,1
2026-07-22 16:00:00+00:00,572.3,575.2,568.5,569.8,740558.0,2026-07-22 19:59:59.999000+00:00,1
2026-07-22 20:00:00+00:00,569.7,571.7,568.9,570.8,566071.0,2026-07-22 23:59:59.999000+00:00,1
2026-07-23 00:00:00+00:00,570.7,571.9,569.3,569.9,482458.0,2026-07-23 03:59:59.999000+00:00,1
2026-07-23 04:00:00+00:00,569.9,570.3,567.8,569.4,441526.0,2026-07-23 07:59:59.999000+00:00,1
2026-07-23 08:00:00+00:00,569.5,571.2,568.9,569.7,563364.0,2026-07-23 11:59:59.999000+00:00,1
2026-07-23 12:00:00+00:00,569.7,570.1,563.3,567.3,2085073.0,2026-07-23 15:59:59.999000+00:00,1
2026-07-23 16:00:00+00:00,567.4,567.4,564.6,566.3,526218.0,2026-07-23 19:59:59.999000+00:00,1
2026-07-23 20:00:00+00:00,566.3,568.5,565.7,566.9,357131.0,2026-07-23 23:59:59.999000+00:00,1
2026-07-24 00:00:00+00:00,566.9,570.2,565.5,568.8,551762.0,2026-07-24 03:59:59.999000+00:00,1
2026-07-24 04:00:00+00:00,568.9,571.1,566.4,569.1,973037.0,2026-07-24 07:59:59.999000+00:00,1
2026-07-24 08:00:00+00:00,569.2,569.3,564.6,566.5,961039.0,2026-07-24 11:59:59.999000+00:00,1
2026-07-24 12:00:00+00:00,566.5,566.5,555.7,561.1,2850364.0,2026-07-24 15:59:59.999000+00:00,1
2026-07-24 16:00:00+00:00,561.1,566.0,559.5,564.9,1339685.0,2026-07-24 19:59:59.999000+00:00,1
2026-07-24 20:00:00+00:00,564.9,565.3,563.2,564.6,577679.0,2026-07-24 23:59:59.999000+00:00,1
2026-07-25 00:00:00+00:00,564.6,566.0,563.8,565.0,604990.0,2026-07-25 03:59:59.999000+00:00,1
2026-07-25 04:00:00+00:00,564.9,565.6,563.4,564.3,274911.0,2026-07-25 07:59:59.999000+00:00,1
2026-07-25 08:00:00+00:00,564.4,565.8,564.0,565.3,732655.0,2026-07-25 11:59:59.999000+00:00,1
2026-07-25 12:00:00+00:00,565.4,569.1,564.8,567.0,925229.0,2026-07-25 15:59:59.999000+00:00,1
2026-07-25 16:00:00+00:00,567.0,569.0,566.3,568.5,506888.0,2026-07-25 19:59:59.999000+00:00,1
2026-07-25 20:00:00+00:00,568.5,570.1,568.0,568.7,748360.0,2026-07-25 23:59:59.999000+00:00,1
2026-07-26 00:00:00+00:00,568.7,570.7,568.7,570.3,592137.0,2026-07-26 03:59:59.999000+00:00,1
2026-07-26 04:00:00+00:00,570.2,572.8,569.8,571.4,873257.0,2026-07-26 07:59:59.999000+00:00,1
2026-07-26 08:00:00+00:00,571.5,572.4,570.2,570.4,603785.0,2026-07-26 11:59:59.999000+00:00,1
2026-07-26 12:00:00+00:00,570.4,573.9,569.9,573.6,681801.0,2026-07-26 15:59:59.999000+00:00,1
2026-07-26 16:00:00+00:00,573.7,574.8,572.1,573.4,693342.0,2026-07-26 19:59:59.999000+00:00,1
2026-07-26 20:00:00+00:00,573.4,576.3,572.6,575.0,817153.0,2026-07-26 23:59:59.999000+00:00,1
2026-07-27 00:00:00+00:00,575.1,575.5,571.3,573.5,514303.0,2026-07-27 03:59:59.999000+00:00,1
2026-07-27 04:00:00+00:00,573.5,576.9,572.9,574.5,728874.0,2026-07-27 07:59:59.999000+00:00,1
2026-07-27 08:00:00+00:00,574.5,574.9,571.5,572.8,687057.0,2026-07-27 11:59:59.999000+00:00,1
2026-07-27 12:00:00+00:00,572.7,576.8,565.3,568.2,2225874.0,2026-07-27 15:59:59.999000+00:00,1
2026-07-27 16:00:00+00:00,568.2,576.0,567.6,575.4,1418289.0,2026-07-27 19:59:59.999000+00:00,1
2026-07-27 20:00:00+00:00,575.5,575.7,565.0,565.9,1505966.0,2026-07-27 23:59:59.999000+00:00,1
2026-07-28 00:00:00+00:00,565.9,566.9,561.8,566.2,1501425.0,2026-07-28 03:59:59.999000+00:00,1
2026-07-28 04:00:00+00:00,566.2,566.5,564.1,565.5,651142.0,2026-07-28 07:59:59.999000+00:00,1
2026-07-28 08:00:00+00:00,565.5,567.2,564.5,566.6,510612.0,2026-07-28 11:59:59.999000+00:00,1
2026-07-28 12:00:00+00:00,566.6,575.6,563.1,573.2,2119353.0,2026-07-28 15:59:59.999000+00:00,1
2026-07-28 16:00:00+00:00,573.2,573.9,566.8,570.6,1093639.0,2026-07-28 19:59:59.999000+00:00,1
2026-07-28 20:00:00+00:00,570.7,571.9,567.9,571.0,499590.0,2026-07-28 23:59:59.999000+00:00,1
2026-07-29 00:00:00+00:00,571.0,573.3,566.7,567.1,1174640.0,2026-07-29 03:59:59.999000+00:00,1
2026-07-29 04:00:00+00:00,567.1,571.9,565.6,571.6,847804.0,2026-07-29 07:59:59.999000+00:00,1
2026-07-29 08:00:00+00:00,571.7,573.1,569.8,570.5,709353.0,2026-07-29 11:59:59.999000+00:00,1
2026-07-29 12:00:00+00:00,570.5,570.5,567.0,568.4,780635.0,2026-07-29 15:59:59.999000+00:00,1
2026-07-29 16:00:00+00:00,568.3,573.3,567.1,568.3,1627799.0,2026-07-29 19:59:59.999000+00:00,1
2026-07-29 20:00:00+00:00,568.2,572.3,564.8,571.7,1189429.0,2026-07-29 23:59:59.999000+00:00,1
2026-07-30 00:00:00+00:00,571.8,577.5,570.9,573.4,2361764.0,2026-07-30 03:59:59.999000+00:00,1
2026-07-30 04:00:00+00:00,573.4,575.8,571.3,574.4,1014627.0,2026-07-30 07:59:59.999000+00:00,1
2026-07-30 08:00:00+00:00,574.3,591.2,574.1,588.8,5092047.0,2026-07-30 11:59:59.999000+00:00,1
2026-07-30 12:00:00+00:00,588.9,591.0,585.3,590.9,2073464.0,2026-07-30 15:59:59.999000+00:00,1
2026-07-30 16:00:00+00:00,591.0,595.9,590.9,594.5,1948661.0,2026-07-30 19:59:59.999000+00:00,1
2026-07-30 20:00:00+00:00,594.5,595.2,590.6,591.9,1021718.0,2026-07-30 23:59:59.999000+00:00,1
2026-07-31 00:00:00+00:00,591.9,594.1,585.6,589.3,1371769.0,2026-07-31 03:59:59.999000+00:00,1
2026-07-31 04:00:00+00:00,589.2,592.6,588.2,589.4,885548.0,2026-07-31 07:59:59.999000+00:00,1
2026-07-31 08:00:00+00:00,589.5,593.7,587.9,591.7,1240582.0,2026-07-31 11:59:59.999000+00:00,1
2026-07-31 12:00:00+00:00,591.8,595.4,583.7,585.2,3126132.0,2026-07-31 15:59:59.999000+00:00,1
2026-07-31 16:00:00+00:00,585.2,589.8,584.9,587.8,975663.0,2026-07-31 19:59:59.999000+00:00,1
2026-07-31 20:00:00+00:00,587.9,588.7,586.0,586.7,515626.0,2026-07-31 23:59:59.999000+00:00,1
2026-08-01 00:00:00+00:00,586.7,591.2,586.7,589.1,725740.0,2026-08-01 03:59:59.999000+00:00,1
2026-08-01 04:00:00+00:00,589.2,592.7,588.5,589.8,942027.0,2026-08-01 07:59:59.999000+00:00,1
2026-08-01 08:00:00+00:00,589.8,590.3,579.2,580.1,1911128.0,2026-08-01 11:59:59.999000+00:00,1
2026-08-01 12:00:00+00:00,580.0,580.1,576.0,576.1,1977486.0,2026-08-01 15:59:59.999000+00:00,1
2026-08-01 16:00:00+00:00,576.1,578.3,573.1,575.5,1969855.0,2026-08-01 19:59:59.999000+00:00,1
2026-08-01 20:00:00+00:00,575.5,576.1,574.2,574.9,800641.0,2026-08-01 23:59:59.999000+00:00,1
2026-08-02 00:00:00+00:00,574.9,582.7,573.5,581.8,1552105.0,2026-08-02 03:59:59.999000+00:00,1
2026-08-02 04:00:00+00:00,581.9,585.9,581.8,585.0,1538255.0,2026-08-02 07:59:59.999000+00:00,1
2026-08-02 08:00:00+00:00,585.1,585.3,581.2,581.7,771186.0,2026-08-02 11:59:59.999000+00:00,1
2026-08-02 12:00:00+00:00,581.6,587.4,580.7,586.0,1202756.0,2026-08-02 15:59:59.999000+00:00,1
2026-08-02 16:00:00+00:00,586.0,590.9,585.7,589.1,928878.0,2026-08-02 19:59:59.999000+00:00,1
2026-08-02 20:00:00+00:00,589.1,590.5,587.3,588.0,534304.0,2026-08-02 23:59:59.999000+00:00,1
2026-08-03 00:00:00+00:00,588.1,588.1,582.5,582.9,1006715.0,2026-08-03 03:59:59.999000+00:00,1
2026-08-03 04:00:00+00:00,582.8,584.1,581.4,583.3,736097.0,2026-08-03 07:59:59.999000+00:00,1
2026-08-03 08:00:00+00:00,583.3,587.7,580.7,585.4,1080919.0,2026-08-03 11:59:59.999000+00:00,1
2026-08-03 12:00:00+00:00,585.4,593.5,584.1,592.3,1748119.0,2026-08-03 15:59:59.999000+00:00,1
2026-08-03 16:00:00+00:00,592.4,594.2,590.9,591.2,1016321.0,2026-08-03 19:59:59.999000+00:00,1
2026-08-03 20:00:00+00:00,591.2,592.4,588.8,589.1,506949.0,2026-08-03 23:59:59.999000+00:00,1
2026-08-04 00:00:00+00:00,589.1,592.3,588.6,590.5,552821.0,2026-08-04 03:59:59.999000+00:00,1
2026-08-04 04:00:00+00:00,590.5,592.8,589.0,590.2,629957.0,2026-08-04 07:59:59.999000+00:00,1
2026-08-04 08:00:00+00:00,590.2,591.6,587.6,591.5,576077.0,2026-08-04 11:59:59.999000+00:00,1
2026-08-04 12:00:00+00:00,591.5,594.6,588.4,593.0,1630644.0,2026-08-04 15:59:59.999000+00:00,1
2026-08-04 16:00:00+00:00,593.0,594.7,591.8,593.3,784540.0,2026-08-04 19:59:59.999000+00:00,1
2026-08-04 20:00:00+00:00,593.4,594.3,592.2,593.0,456623.0,2026-08-04 23:59:59.999000+00:00,1
2026-08-05 00:00:00+00:00,592.9,605.2,592.2,598.4,4316461.0,2026-08-05 03:59:59.999000+00:00,1
2026-08-05 04:00:00+00:00,598.4,602.6,597.6,599.9,1113460.0,2026-08-05 07:59:59.999000+00:00,1
2026-08-05 08:00:00+00:00,599.8,600.7,595.0,596.4,948551.0,2026-08-05 11:59:59.999000+00:00,1
2026-08-05 12:00:00+00:00,596.3,603.6,596.2,599.6,1945742.0,2026-08-05 15:59:59.999000+00:00,1
2026-08-05 16:00:00+00:00,599.6,602.3,596.7,599.3,809400.0,2026-08-05 19:59:59.999000+00:00,1
2026-08-05 20:00:00+00:00,599.2,599.6,591.3,593.4,1280993.0,2026-08-05 23:59:59.999000+00:00,1
2026-08-06 00:00:00+00:00,593.5,596.6,591.5,594.2,1098178.0,2026-08-06 03:59:59.999000+00:00,1
2026-08-06 04:00:00+00:00,594.2,598.0,593.6,594.9,985213.0,2026-08-06 07:59:59.999000+00:00,1
2026-08-06 08:00:00+00:00,595.0,595.8,591.9,593.7,976372.0,2026-08-06 11:59:59.999000+00:00,1
2026-08-06 12:00:00+00:00,593.7,594.2,590.6,592.0,1209099.0,2026-08-06 15:59:59.999000+00:00,1
2026-08-06 16:00:00+00:00,592.1,593.3,589.4,590.0,629590.0,2026-08-06 19:59:59.999000+00:00,1
2026-08-06 20:00:00+00:00,590.0,592.5,589.9,592.1,420849.0,2026-08-06 23:59:59.999000+00:00,1
2026-08-07 00:00:00+00:00,592.1,594.3,591.6,592.6,664175.0,2026-08-07 03:59:59.999000+00:00,1
2026-08-07 04:00:00+00:00,592.6,592.6,584.9,585.1,1707298.0,2026-08-07 07:59:59.999000+00:00,1
2026-08-07 08:00:00+00:00,585.1,591.5,585.0,591.1,951644.0,2026-08-07 11:59:59.999000+00:00,1
2026-08-07 12:00:00+00:00,591.1,593.3,590.0,592.0,1143345.0,2026-08-07 15:59:59.999000+00:00,1
2026-08-07 16:00:00+00:00,592.0,594.2,590.7,593.1,468582.0,2026-08-07 19:59:59.999000+00:00,1
2026-08-07 20:00:00+00:00,593.1,593.4,591.8,592.2,423898.0,2026-08-07 23:59:59.999000+00:00,1
2026-08-08 00:00:00+00:00,592.2,593.6,590.3,593.2,402141.0,2026-08-08 03:59:59.999000+00:00,1
2026-08-08 04:00:00+00:00,593.2,595.1,592.3,594.3,728224.0,2026-08-08 07:59:59.999000+00:00,1
2026-08-08 08:00:00+00:00,594.3,596.3,593.4,596.2,416550.0,2026-08-08 11:59:59.999000+00:00,1
2026-08-08 12:00:00+00:00,596.3,611.6,595.1,605.0,4140982.0,2026-08-08 15:59:59.999000+00:00,1
2026-08-08 16:00:00+00:00,605.0,607.3,602.5,603.1,1079773.0,2026-08-08 19:59:59.999000+00:00,1
2026-08-08 20:00:00+00:00,603.1,603.1,598.8,600.4,698202.0,2026-08-08 23:59:59.999000+00:00,1
2026-08-09 00:00:00+00:00,600.4,604.2,599.8,600.1,971331.0,2026-08-09 03:59:59.999000+00:00,1
2026-08-09 04:00:00+00:00,600.1,603.7,600.1,602.9,779782.0,2026-08-09 07:59:59.999000+00:00,1
2026-08-09 08:00:00+00:00,603.0,604.5,600.5,603.7,725928.0,2026-08-09 11:59:59.999000+00:00,1
2026-08-09 12:00:00+00:00,603.7,611.3,602.9,608.3,2318273.0,2026-08-09 15:59:59.999000+00:00,1
2026-08-09 16:00:00+00:00,608.4,609.2,607.1,607.5,516748.0,2026-08-09 19:59:59.999000+00:00,1
2026-08-09 20:00:00+00:00,607.5,610.7,601.5,602.0,988796.0,2026-08-09 23:59:59.999000+00:00,1
2026-08-10 00:00:00+00:00,601.9,606.6,600.9,602.3,893130.0,2026-08-10 03:59:59.999000+00:00,1
2026-08-10 04:00:00+00:00,602.3,604.8,600.6,604.0,707012.0,2026-08-10 07:59:59.999000+00:00,1
2026-08-10 08:00:00+00:00,604.0,606.6,603.3,605.0,807172.0,2026-08-10 11:59:59.999000+00:00,1
2026-08-10 12:00:00+00:00,605.1,605.5,599.2,601.0,1491757.0,2026-08-10 15:59:59.999000+00:00,1
2026-08-10 16:00:00+00:00,600.9,602.4,596.9,600.4,1173262.0,2026-08-10 19:59:59.999000+00:00,1
2026-08-10 20:00:00+00:00,600.4,601.2,598.1,599.0,372522.0,2026-08-10 23:59:59.999000+00:00,1
2026-08-11 00:00:00+00:00,599.1,600.6,598.7,600.0,478179.0,2026-08-11 03:59:59.999000+00:00,1
2026-08-11 04:00:00+00:00,600.0,602.1,598.0,602.1,671211.0,2026-08-11 07:59:59.999000+00:00,1
2026-08-11 08:00:00+00:00,602.2,608.4,602.1,608.2,1601789.0,2026-08-11 11:59:59.999000+00:00,1
2026-08-11 12:00:00+00:00,608.3,614.9,605.2,608.2,3816905.0,2026-08-11 15:59:59.999000+00:00,1
2026-08-11 16:00:00+00:00,608.2,611.7,607.6,611.5,848930.0,2026-08-11 19:59:59.999000+00:00,1
2026-08-11 20:00:00+00:00,611.6,617.6,611.1,616.3,1434467.0,2026-08-11 23:59:59.999000+00:00,1
2026-08-12 00:00:00+00:00,616.4,620.3,612.6,613.0,1865767.0,2026-08-12 03:59:59.999000+00:00,1
2026-08-12 04:00:00+00:00,612.9,615.6,608.6,612.1,1635763.0,2026-08-12 07:59:59.999000+00:00,1
2026-08-12 08:00:00+00:00,612.1,614.5,609.8,614.4,1147084.0,2026-08-12 11:59:59.999000+00:00,1
2026-08-12 12:00:00+00:00,614.5,615.3,608.4,610.6,1788129.0,2026-08-12 15:59:59.999000+00:00,1
2026-08-12 16:00:00+00:00,610.5,611.3,608.7,609.5,672000.0,2026-08-12 19:59:59.999000+00:00,1
2026-08-12 20:00:00+00:00,609.4,612.0,607.8,609.9,909373.0,2026-08-12 23:59:59.999000+00:00,1
2026-08-13 00:00:00+00:00,610.0,612.2,609.5,611.9,792049.0,2026-08-13 03:59:59.999000+00:00,1
2026-08-13 04:00:00+00:00,612.0,614.7,610.3,613.2,1115374.0,2026-08-13 07:59:59.999000+00:00,1
2026-08-13 08:00:00+00:00,613.3,614.0,607.4,608.6,791311.0,2026-08-13 11:59:59.999000+00:00,1
2026-08-13 12:00:00+00:00,608.6,611.3,606.1,607.0,987040.0,2026-08-13 15:59:59.999000+00:00,1
2026-08-13 16:00:00+00:00,607.0,609.8,604.3,609.3,859730.0,2026-08-13 19:59:59.999000+00:00,1
2026-08-13 20:00:00+00:00,609.4,611.5,609.1,610.2,317931.0,2026-08-13 23:59:59.999000+00:00,1
2026-08-14 00:00:00+00:00,610.3,612.5,609.3,611.4,569842.0,2026-08-14 03:59:59.999000+00:00,1
2026-08-14 04:00:00+00:00,611.3,612.2,607.1,607.1,521306.0,2026-08-14 07:59:59.999000+00:00,1
2026-08-14 08:00:00+00:00,607.0,608.6,603.0,604.5,1006897.0,2026-08-14 11:59:59.999000+00:00,1
2026-08-14 12:00:00+00:00,604.5,606.7,602.3,606.2,1009613.0,2026-08-14 15:59:59.999000+00:00,1
2026-08-14 16:00:00+00:00,606.3,607.0,604.7,606.1,587570.0,2026-08-14 19:59:59.999000+00:00,1
2026-08-14 20:00:00+00:00,606.1,608.3,606.0,607.7,463350.0,2026-08-14 23:59:59.999000+00:00,1
2026-08-15 00:00:00+00:00,607.8,610.8,606.8,610.2,596524.0,2026-08-15 03:59:59.999000+00:00,1
2026-08-15 04:00:00+00:00,610.3,612.2,610.0,611.3,1021273.0,2026-08-15 07:59:59.999000+00:00,1
2026-08-15 08:00:00+00:00,611.3,612.0,609.7,611.6,816389.0,2026-08-15 11:59:59.999000+00:00,1
2026-08-15 12:00:00+00:00,611.6,612.8,608.4,611.5,817313.0,2026-08-15 15:59:59.999000+00:00,1
2026-08-15 16:00:00+00:00,611.5,611.8,609.7,611.0,363805.0,2026-08-15 19:59:59.999000+00:00,1
2026-08-15 20:00:00+00:00,611.1,611.4,607.1,607.3,352219.0,2026-08-15 23:59:59.999000+00:00,1
2026-08-16 00:00:00+00:00,607.4,607.6,605.7,606.0,746501.0,2026-08-16 03:59:59.999000+00:00,1
2026-08-16 04:00:00+00:00,606.0,606.2,603.8,605.2,790486.0,2026-08-16 07:59:59.999000+00:00,1
2026-08-16 08:00:00+00:00,605.2,607.8,604.5,606.6,513047.0,2026-08-16 11:59:59.999000+00:00,1
2026-08-16 12:00:00+00:00,606.6,608.0,606.3,607.1,376250.0,2026-08-16 15:59:59.999000+00:00,1
2026-08-16 16:00:00+00:00,607.1,607.8,604.9,605.7,269024.0,2026-08-16 19:59:59.999000+00:00,1
2026-08-16 20:00:00+00:00,605.6,605.7,601.0,602.5,1095077.0,2026-08-16 23:59:59.999000+00:00,1
2026-08-17 00:00:00+00:00,602.5,605.3,600.6,604.7,1487306.0,2026-08-17 03:59:59.999000+00:00,1
2026-08-17 04:00:00+00:00,604.7,606.9,604.4,604.7,831930.0,2026-08-17 07:59:59.999000+00:00,1
2026-08-17 08:00:00+00:00,604.7,605.3,602.6,604.5,658623.0,2026-08-17 11:59:59.999000+00:00,1
2026-08-17 12:00:00+00:00,604.5,607.4,603.5,606.8,1000948.0,2026-08-17 15:59:59.999000+00:00,1
2026-08-17 16:00:00+00:00,606.8,607.5,604.4,604.8,508139.0,2026-08-17 19:59:59.999000+00:00,1
2026-08-17 20:00:00+00:00,604.8,606.1,603.9,605.4,245482.0,2026-08-17 23:59:59.999000+00:00,1
2026-08-18 00:00:00+00:00,605.3,605.6,601.5,603.2,729865.0,2026-08-18 03:59:59.999000+00:00,1
2026-08-18 04:00:00+00:00,603.3,605.0,602.6,603.0,734594.0,2026-08-18 07:59:59.999000+00:00,1
2026-08-18 08:00:00+00:00,603.0,603.0,600.5,601.7,922402.0,2026-08-18 11:59:59.999000+00:00,1
2026-08-18 12:00:00+00:00,601.8,603.7,599.3,602.9,1598724.0,2026-08-18 15:59:59.999000+00:00,1
2026-08-18 16:00:00+00:00,603.0,603.9,602.1,602.7,361695.0,2026-08-18 19:59:59.999000+00:00,1
2026-08-18 20:00:00+00:00,602.6,604.0,601.9,603.6,300681.0,2026-08-18 23:59:59.999000+00:00,1
2026-08-19 00:00:00+00:00,603.7,604.5,601.0,601.6,751992.0,2026-08-19 03:59:59.999000+00:00,1
2026-08-19 04:00:00+00:00,601.6,602.3,600.8,601.4,528886.0,2026-08-19 07:59:59.999000+00:00,1
2026-08-19 08:00:00+00:00,601.4,603.0,601.1,602.3,461735.0,2026-08-19 11:59:59.999000+00:00,1
2026-08-19 12:00:00+00:00,602.3,620.1,602.2,616.2,4875855.0,2026-08-19 15:59:59.999000+00:00,1
2026-08-19 16:00:00+00:00,616.2,620.0,614.1,616.5,2947723.0,2026-08-19 19:59:59.999000+00:00,1
2026-08-19 20:00:00+00:00,616.5,636.4,616.3,627.4,4780959.0,2026-08-19 23:59:59.999000+00:00,1
2026-08-20 00:00:00+00:00,627.3,630.1,622.1,626.2,2258176.0,2026-08-20 03:59:59.999000+00:00,1
2026-08-20 04:00:00+00:00,626.2,632.6,624.3,630.0,1453297.0,2026-08-20 07:59:59.999000+00:00,1
2026-08-20 08:00:00+00:00,630.1,648.7,630.0,645.5,3843763.0,2026-08-20 11:59:59.999000+00:00,1
2026-08-20 12:00:00+00:00,645.4,652.4,637.7,652.4,4071283.0,2026-08-20 15:59:59.999000+00:00,1
2026-08-20 16:00:00+00:00,652.3,654.3,646.5,650.2,2135788.0,2026-08-20 19:59:59.999000+00:00,1
2026-08-20 20:00:00+00:00,650.2,658.2,650.0,654.3,1011301.0,2026-08-20 23:59:59.999000+00:00,1
2026-08-21 00:00:00+00:00,654.4,666.4,652.8,660.8,2964437.0,2026-08-21 03:59:59.999000+00:00,1
2026-08-21 04:00:00+00:00,660.8,673.3,658.6,669.8,2718186.0,2026-08-21 07:59:59.999000+00:00,1
2026-08-21 08:00:00+00:00,669.8,686.2,667.0,674.1,6708356.0,2026-08-21 11:59:59.999000+00:00,1
2026-08-21 12:00:00+00:00,674.2,682.2,672.8,679.0,1730285.0,2026-08-21 15:59:59.999000+00:00,1
2026-08-21 16:00:00+00:00,679.0,682.1,672.6,672.7,1634808.0,2026-08-21 19:59:59.999000+00:00,1
2026-08-21 20:00:00+00:00,672.8,692.2,671.4,686.9,2727388.0,2026-08-21 23:59:59.999000+00:00,1
2026-08-22 00:00:00+00:00,686.8,723.2,681.3,718.2,6665457.0,2026-08-22 03:59:59.999000+00:00,1
2026-08-22 04:00:00+00:00,718.2,727.0,682.3,705.9,10025934.0,2026-08-22 07:59:59.999000+00:00,1
2026-08-22 08:00:00+00:00,706.0,710.1,684.1,694.3,3156738.0,2026-08-22 11:59:59.999000+00:00,1
2026-08-22 12:00:00+00:00,694.3,698.3,688.3,688.3,1241951.0,2026-08-22 15:59:59.999000+00:00,1
2026-08-22 16:00:00+00:00,688.4,699.9,688.3,698.8,938481.0,2026-08-22 19:59:59.999000+00:00,1
2026-08-22 20:00:00+00:00,698.8,700.5,691.3,695.2,985998.0,2026-08-22 23:59:59.999000+00:00,1
2026-08-23 00:00:00+00:00,695.3,701.8,688.3,689.3,1894353.0,2026-08-23 03:59:59.999000+00:00,1
2026-08-23 04:00:00+00:00,689.2,690.4,676.5,683.9,2822770.0,2026-08-23 07:59:59.999000+00:00,1
2026-08-23 08:00:00+00:00,684.0,695.6,683.5,694.9,833477.0,2026-08-23 11:59:59.999000+00:00,1
2026-08-23 12:00:00+00:00,695.0,699.9,689.7,694.7,1321316.0,2026-08-23 15:59:59.999000+00:00,1
2026-08-23 16:00:00+00:00,694.8,700.4,694.8,698.8,933090.0,2026-08-23 19:59:59.999000+00:00,1
2026-08-23 20:00:00+00:00,698.8,707.2,697.7,702.4,1138338.0,2026-08-23 23:59:59.999000+00:00,1
2026-08-24 00:00:00+00:00,702.4,705.1,693.3,695.7,1592434.0,2026-08-24 03:59:59.999000+00:00,1
2026-08-24 04:00:00+00:00,695.7,703.4,694.3,698.5,819776.0,2026-08-24 07:59:59.999000+00:00,1
2026-08-24 08:00:00+00:00,698.6,707.2,692.7,703.8,1373842.0,2026-08-24 11:59:59.999000+00:00,1
2026-08-24 12:00:00+00:00,703.8,716.9,695.9,705.9,3113034.0,2026-08-24 15:59:59.999000+00:00,1
2026-08-24 16:00:00+00:00,705.9,712.3,698.2,701.9,1723838.0,2026-08-24 19:59:59.999000+00:00,1
2026-08-24 20:00:00+00:00,701.9,705.2,699.8,704.1,521562.0,2026-08-24 23:59:59.999000+00:00,1
2026-08-25 00:00:00+00:00,704.1,719.2,703.3,715.4,1725590.0,2026-08-25 03:59:59.999000+00:00,1
2026-08-25 04:00:00+00:00,715.3,718.6,702.2,706.0,1483343.0,2026-08-25 07:59:59.999000+00:00,1
2026-08-25 08:00:00+00:00,706.0,708.5,696.2,696.5,1283043.0,2026-08-25 11:59:59.999000+00:00,1
2026-08-25 12:00:00+00:00,696.5,700.0,690.1,699.7,2724710.0,2026-08-25 15:59:59.999000+00:00,1
2026-08-25 16:00:00+00:00,699.8,701.2,696.3,697.7,675095.0,2026-08-25 19:59:59.999000+00:00,1
2026-08-25 20:00:00+00:00,697.7,698.0,687.5,694.1,1392816.0,2026-08-25 23:59:59.999000+00:00,1
2026-08-26 00:00:00+00:00,694.2,697.9,691.0,695.8,552821.0,2026-08-26 03:59:59.999000+00:00,1
2026-08-26 04:00:00+00:00,695.7,700.0,692.2,698.2,651942.0,2026-08-26 07:59:59.999000+00:00,1
2026-08-26 08:00:00+00:00,698.2,708.0,693.8,701.9,2067870.0,2026-08-26 11:59:59.999000+00:00,1
2026-08-26 12:00:00+00:00,701.9,703.8,691.5,696.5,1705457.0,2026-08-26 15:59:59.999000+00:00,1
2026-08-26 16:00:00+00:00,696.6,701.7,694.3,699.1,584664.0,2026-08-26 19:59:59.999000+00:00,1
2026-08-26 20:00:00+00:00,699.1,708.3,697.1,707.2,821152.0,2026-08-26 23:59:59.999000+00:00,1
2026-08-27 00:00:00+00:00,707.3,707.4,701.8,703.0,605476.0,2026-08-27 03:59:59.999000+00:00,1
2026-08-27 04:00:00+00:00,703.0,707.7,700.4,707.1,757920.0,2026-08-27 07:59:59.999000+00:00,1
2026-08-27 08:00:00+00:00,707.2,715.5,703.8,706.5,1831207.0,2026-08-27 11:59:59.999000+00:00,1
2026-08-27 12:00:00+00:00,706.5,713.6,704.6,711.2,1489518.0,2026-08-27 15:59:59.999000+00:00,1
2026-08-27 16:00:00+00:00,711.2,714.0,706.3,709.7,969039.0,2026-08-27 19:59:59.999000+00:00,1
2026-08-27 20:00:00+00:00,709.8,712.5,708.3,711.6,335983.0,2026-08-27 23:59:59.999000+00:00,1
2026-08-28 00:00:00+00:00,711.5,718.6,705.7,709.1,2481342.0,2026-08-28 03:59:59.999000+00:00,1
2026-08-28 04:00:00+00:00,709.1,714.1,705.8,706.6,1041153.0,2026-08-28 07:59:59.999000+00:00,1
2026-08-28 08:00:00+00:00,706.5,709.0,702.2,705.7,692911.0,2026-08-28 11:59:59.999000+00:00,1
2026-08-28 12:00:00+00:00,705.7,706.9,695.2,695.5,2034096.0,2026-08-28 15:59:59.999000+00:00,1
2026-08-28 16:00:00+00:00,695.5,696.1,684.9,688.4,2405765.0,2026-08-28 19:59:59.999000+00:00,1
2026-08-28 20:00:00+00:00,688.3,691.1,686.2,690.9,514702.0,2026-08-28 23:59:59.999000+00:00,1
2026-08-29 00:00:00+00:00,691.0,692.0,688.0,688.1,572097.0,2026-08-29 03:59:59.999000+00:00,1
2026-08-29 04:00:00+00:00,688.1,690.8,686.3,687.7,413970.0,2026-08-29 07:59:59.999000+00:00,1
2026-08-29 08:00:00+00:00,687.6,689.4,686.5,688.9,363100.0,2026-08-29 11:59:59.999000+00:00,1
2026-08-29 12:00:00+00:00,688.9,692.2,687.0,690.4,557183.0,2026-08-29 15:59:59.999000+00:00,1
2026-08-29 16:00:00+00:00,690.4,693.8,689.9,693.1,563018.0,2026-08-29 19:59:59.999000+00:00,1
2026-08-29 20:00:00+00:00,693.0,693.3,691.6,692.1,284860.0,2026-08-29 23:59:59.999000+00:00,1
2026-08-30 00:00:00+00:00,692.1,695.3,690.1,694.2,730021.0,2026-08-30 03:59:59.999000+00:00,1
2026-08-30 04:00:00+00:00,694.3,695.0,691.8,692.9,348654.0,2026-08-30 07:59:59.999000+00:00,1
2026-08-30 08:00:00+00:00,692.8,694.6,691.0,692.4,475567.0,2026-08-30 11:59:59.999000+00:00,1
2026-08-30 12:00:00+00:00,692.4,699.7,692.3,699.0,1166390.0,2026-08-30 15:59:59.999000+00:00,1
2026-08-30 16:00:00+00:00,699.0,703.9,697.8,699.2,964945.0,2026-08-30 19:59:59.999000+00:00,1
2026-08-30 20:00:00+00:00,699.2,699.8,678.6,684.2,1711775.0,2026-08-30 23:59:59.999000+00:00,1
2026-08-31 00:00:00+00:00,684.1,688.0,681.6,684.9,1070382.0,2026-08-31 03:59:59.999000+00:00,1
2026-08-31 04:00:00+00:00,684.9,687.7,682.3,686.4,678657.0,2026-08-31 07:59:59.999000+00:00,1
2026-08-31 08:00:00+00:00,686.3,689.2,684.2,686.7,678611.0,2026-08-31 11:59:59.999000+00:00,1
2026-08-31 12:00:00+00:00,686.7,691.0,683.8,689.1,990507.0,2026-08-31 15:59:59.999000+00:00,1
2026-08-31 16:00:00+00:00,689.2,694.4,687.5,691.3,759159.0,2026-08-31 19:59:59.999000+00:00,1
2026-08-31 20:00:00+00:00,691.3,692.7,689.6,691.0,318621.0,2026-08-31 23:59:59.999000+00:00,1
2026-09-01 00:00:00+00:00,690.9,694.8,689.5,693.1,574456.0,2026-09-01 03:59:59.999000+00:00,1
2026-09-01 04:00:00+00:00,693.1,693.9,688.5,690.1,607362.0,2026-09-01 07:59:59.999000+00:00,1
2026-09-01 08:00:00+00:00,690.1,690.2,684.9,686.9,679433.0,2026-09-01 11:59:59.999000+00:00,1
2026-09-01 12:00:00+00:00,686.9,688.3,682.7,686.4,806200.0,2026-09-01 15:59:59.999000+00:00,1
2026-09-01 16:00:00+00:00,686.4,686.5,674.1,679.3,1094213.0,2026-09-01 19:59:59.999000+00:00,1
2026-09-01 20:00:00+00:00,679.4,683.6,677.0,682.5,588664.0,2026-09-01 23:59:59.999000+00:00,1
2026-09-02 00:00:00+00:00,682.6,689.1,679.1,687.1,1156415.0,2026-09-02 03:59:59.999000+00:00,1
2026-09-02 04:00:00+00:00,687.1,689.6,685.6,687.2,564248.0,2026-09-02 07:59:59.999000+00:00,1
2026-09-02 08:00:00+00:00,687.3,687.7,679.9,683.4,882212.0,2026-09-02 11:59:59.999000+00:00,1
2026-09-02 12:00:00+00:00,683.4,689.3,682.5,687.2,949854.0,2026-09-02 15:59:59.999000+00:00,1
2026-09-02 16:00:00+00:00,687.3,688.8,684.4,686.1,499237.0,2026-09-02 19:59:59.999000+00:00,1
2026-09-02 20:00:00+00:00,686.2,688.6,685.1,688.5,417724.0,2026-09-02 23:59:59.999000+00:00,1
2026-09-03 00:00:00+00:00,688.5,694.7,685.8,692.2,1184192.0,2026-09-03 03:59:59.999000+00:00,1
2026-09-03 04:00:00+00:00,692.3,699.4,689.3,697.7,1302322.0,2026-09-03 07:59:59.999000+00:00,1
2026-09-03 08:00:00+00:00,697.7,715.5,697.7,711.3,3057802.0,2026-09-03 11:59:59.999000+00:00,1
2026-09-03 12:00:00+00:00,711.3,728.3,708.7,727.6,2911536.0,2026-09-03 15:59:59.999000+00:00,1
2026-09-03 16:00:00+00:00,727.7,728.0,718.5,724.4,1290690.0,2026-09-03 19:59:59.999000+00:00,1
2026-09-03 20:00:00+00:00,724.4,727.7,720.4,725.0,734342.0,2026-09-03 23:59:59.999000+00:00,1
2026-09-04 00:00:00+00:00,725.1,730.2,718.7,723.4,1915727.0,2026-09-04 03:59:59.999000+00:00,1
2026-09-04 04:00:00+00:00,723.3,729.3,713.7,714.2,1136996.0,2026-09-04 07:59:59.999000+00:00,1
2026-09-04 08:00:00+00:00,714.3,724.9,713.5,724.2,1546756.0,2026-09-04 11:59:59.999000+00:00,1
2026-09-04 12:00:00+00:00,724.3,727.5,708.4,716.4,3678918.0,2026-09-04 15:59:59.999000+00:00,1
2026-09-04 16:00:00+00:00,716.4,721.4,715.9,719.9,847557.0,2026-09-04 19:59:59.999000+00:00,1
2026-09-04 20:00:00+00:00,720.0,721.4,716.0,721.3,453652.0,2026-09-04 23:59:59.999000+00:00,1
2026-09-05 00:00:00+00:00,721.3,725.1,719.2,723.4,999287.0,2026-09-05 03:59:59.999000+00:00,1
2026-09-05 04:00:00+00:00,723.4,739.5,720.4,738.2,2485805.0,2026-09-05 07:59:59.999000+00:00,1
2026-09-05 08:00:00+00:00,738.2,757.0,738.1,747.9,5366410.0,2026-09-05 11:59:59.999000+00:00,1
2026-09-05 12:00:00+00:00,747.9,772.4,747.8,769.9,6689542.0,2026-09-05 15:59:59.999000+00:00,1
2026-09-05 16:00:00+00:00,770.0,781.9,767.7,773.2,4455584.0,2026-09-05 19:59:59.999000+00:00,1
2026-09-05 20:00:00+00:00,773.3,774.0,763.3,766.2,2248229.0,2026-09-05 23:59:59.999000+00:00,1
2026-09-06 00:00:00+00:00,766.2,768.8,760.9,764.9,2053847.0,2026-09-06 03:59:59.999000+00:00,1
2026-09-06 04:00:00+00:00,764.9,765.2,754.3,756.4,2156463.0,2026-09-06 07:59:59.999000+00:00,1
2026-09-06 08:00:00+00:00,756.4,758.9,753.9,758.1,1360374.0,2026-09-06 11:59:59.999000+00:00,1
2026-09-06 12:00:00+00:00,758.1,758.3,739.7,745.9,3825817.0,2026-09-06 15:59:59.999000+00:00,1
2026-09-06 16:00:00+00:00,745.8,750.4,744.8,748.9,1035109.0,2026-09-06 19:59:59.999000+00:00,1
2026-09-06 20:00:00+00:00,749.0,754.7,748.2,752.7,975749.0,2026-09-06 23:59:59.999000+00:00,1
2026-09-07 00:00:00+00:00,752.8,756.3,744.8,745.9,2063824.0,2026-09-07 03:59:59.999000+00:00,1
2026-09-07 04:00:00+00:00,745.9,750.1,740.1,743.6,970757.0,2026-09-07 07:59:59.999000+00:00,1
2026-09-07 08:00:00+00:00,743.6,746.7,742.4,744.8,841824.0,2026-09-07 11:59:59.999000+00:00,1
2026-09-07 12:00:00+00:00,744.7,747.6,732.6,734.3,2144894.0,2026-09-07 15:59:59.999000+00:00,1
2026-09-07 16:00:00+00:00,734.4,741.8,734.2,741.6,986622.0,2026-09-07 19:59:59.999000+00:00,1
2026-09-07 20:00:00+00:00,741.5,741.8,735.7,739.6,641479.0,2026-09-07 23:59:59.999000+00:00,1
2026-09-08 00:00:00+00:00,739.6,745.0,736.5,742.6,1402596.0,2026-09-08 03:59:59.999000+00:00,1
2026-09-08 04:00:00+00:00,742.6,757.2,741.3,754.4,3542085.0,2026-09-08 07:59:59.999000+00:00,1
2026-09-08 08:00:00+00:00,754.3,760.8,749.5,752.1,3198595.0,2026-09-08 11:59:59.999000+00:00,1
2026-09-08 12:00:00+00:00,752.0,757.0,741.4,756.0,3407311.0,2026-09-08 15:59:59.999000+00:00,1
2026-09-08 16:00:00+00:00,756.1,757.8,747.1,748.4,1234494.0,2026-09-08 19:59:59.999000+00:00,1
2026-09-08 20:00:00+00:00,748.4,754.8,748.4,751.8,1011354.0,2026-09-08 23:59:59.999000+00:00,1
2026-09-09 00:00:00+00:00,751.9,756.5,746.4,749.1,1317082.0,2026-09-09 03:59:59.999000+00:00,1
2026-09-09 04:00:00+00:00,749.0,757.2,749.0,754.1,1320787.0,2026-09-09 07:59:59.999000+00:00,1
2026-09-09 08:00:00+00:00,754.1,757.6,747.3,749.8,1445951.0,2026-09-09 11:59:59.999000+00:00,1
2026-09-09 12:00:00+00:00,749.9,751.3,734.4,738.6,2895686.0,2026-09-09 15:59:59.999000+00:00,1
2026-09-09 16:00:00+00:00,738.7,741.9,736.1,736.8,945264.0,2026-09-09 19:59:59.999000+00:00,1
2026-09-09 20:00:00+00:00,736.9,737.6,716.7,721.9,4495846.0,2026-09-09 23:59:59.999000+00:00,1
2026-09-10 00:00:00+00:00,722.0,725.9,716.0,723.2,1729347.0,2026-09-10 03:59:59.999000+00:00,1
2026-09-10 04:00:00+00:00,723.2,723.3,714.6,718.6,1711839.0,2026-09-10 07:59:59.999000+00:00,1
2026-09-10 08:00:00+00:00,718.6,719.3,715.1,716.1,940914.0,2026-09-10 11:59:59.999000+00:00,1
2026-09-10 12:00:00+00:00,716.0,717.8,702.5,707.5,3883694.0,2026-09-10 15:59:59.999000+00:00,1
2026-09-10 16:00:00+00:00,707.4,715.6,704.0,714.0,1153901.0,2026-09-10 19:59:59.999000+00:00,1
2026-09-10 20:00:00+00:00,714.0,716.0,707.9,708.3,817530.0,2026-09-10 23:59:59.999000+00:00,1
2026-09-11 00:00:00+00:00,708.3,714.5,708.2,711.8,713451.0,2026-09-11 03:59:59.999000+00:00,1
2026-09-11 04:00:00+00:00,711.9,717.1,711.7,713.2,854384.0,2026-09-11 07:59:59.999000+00:00,1
2026-09-11 08:00:00+00:00,713.3,715.6,709.9,712.7,705491.0,2026-09-11 11:59:59.999000+00:00,1
2026-09-11 12:00:00+00:00,712.7,741.4,705.9,728.1,5145801.0,2026-09-11 15:59:59.999000+00:00,1
2026-09-11 16:00:00+00:00,728.1,733.2,719.7,724.5,1510334.0,2026-09-11 19:59:59.999000+00:00,1
2026-09-11 20:00:00+00:00,724.6,727.6,721.2,726.4,878316.0,2026-09-11 23:59:59.999000+00:00,1
2026-09-12 00:00:00+00:00,726.4,736.0,725.7,733.1,1373396.0,2026-09-12 03:59:59.999000+00:00,1
2026-09-12 04:00:00+00:00,733.1,735.0,731.0,733.1,684166.0,2026-09-12 07:59:59.999000+00:00,1
2026-09-12 08:00:00+00:00,733.1,739.6,732.2,736.3,1111887.0,2026-09-12 11:59:59.999000+00:00,1
2026-09-12 12:00:00+00:00,736.3,736.9,734.1,734.6,720797.0,2026-09-12 15:59:59.999000+00:00,1
2026-09-12 16:00:00+00:00,734.7,734.8,724.8,725.8,887475.0,2026-09-12 19:59:59.999000+00:00,1
2026-09-12 20:00:00+00:00,725.9,727.6,725.1,727.2,461678.0,2026-09-12 23:59:59.999000+00:00,1
2026-09-13 00:00:00+00:00,727.3,729.4,726.5,726.5,527426.0,2026-09-13 03:59:59.999000+00:00,1
2026-09-13 04:00:00+00:00,726.5,727.1,721.1,721.8,634852.0,2026-09-13 07:59:59.999000+00:00,1
2026-09-13 08:00:00+00:00,721.7,722.1,713.6,716.1,902368.0,2026-09-13 11:59:59.999000+00:00,1
2026-09-13 12:00:00+00:00,716.2,719.9,712.5,718.5,689885.0,2026-09-13 15:59:59.999000+00:00,1
2026-09-13 16:00:00+00:00,718.4,722.7,718.4,720.6,432284.0,2026-09-13 19:59:59.999000+00:00,1
2026-09-13 20:00:00+00:00,720.5,722.4,714.7,716.0,604687.0,2026-09-13 23:59:59.999000+00:00,1
2026-09-14 00:00:00+00:00,715.9,725.0,713.1,722.1,1346016.0,2026-09-14 03:59:59.999000+00:00,1
2026-09-14 04:00:00+00:00,722.2,726.3,721.9,724.5,726641.0,2026-09-14 07:59:59.999000+00:00,1
2026-09-14 08:00:00+00:00,724.6,728.2,720.4,721.6,1256788.0,2026-09-14 11:59:59.999000+00:00,1
2026-09-14 12:00:00+00:00,721.6,723.3,716.4,722.0,1466389.0,2026-09-14 15:59:59.999000+00:00,1
2026-09-14 16:00:00+00:00,722.0,728.4,721.7,725.1,1198418.0,2026-09-14 19:59:59.999000+00:00,1
2026-09-14 20:00:00+00:00,725.1,733.2,716.0,720.0,1732020.0,2026-09-14 23:59:59.999000+00:00,1
2026-09-15 00:00:00+00:00,720.0,722.1,717.6,720.9,743622.0,2026-09-15 03:59:59.999000+00:00,1
2026-09-15 04:00:00+00:00,720.9,723.2,714.4,714.6,764340.0,2026-09-15 07:59:59.999000+00:00,1
2026-09-15 08:00:00+00:00,714.7,720.1,713.7,718.6,650448.0,2026-09-15 11:59:59.999000+00:00,1
2026-09-15 12:00:00+00:00,718.5,722.1,710.7,718.3,1663572.0,2026-09-15 15:59:59.999000+00:00,1
2026-09-15 16:00:00+00:00,718.3,725.2,706.6,719.1,2404228.0,2026-09-15 19:59:59.999000+00:00,1
2026-09-15 20:00:00+00:00,719.1,720.2,708.3,711.7,1006413.0,2026-09-15 23:59:59.999000+00:00,1
2026-09-16 00:00:00+00:00,711.7,715.9,707.4,713.7,1231022.0,2026-09-16 03:59:59.999000+00:00,1
2026-09-16 04:00:00+00:00,713.8,715.7,708.9,709.3,572265.0,2026-09-16 07:59:59.999000+00:00,1
2026-09-16 08:00:00+00:00,709.3,715.5,703.8,714.0,978829.0,2026-09-16 11:59:59.999000+00:00,1
2026-09-16 12:00:00+00:00,714.0,714.2,707.5,711.3,938427.0,2026-09-16 15:59:59.999000+00:00,1
2026-09-16 16:00:00+00:00,711.2,721.1,708.5,718.9,2165001.0,2026-09-16 19:59:59.999000+00:00,1
2026-09-16 20:00:00+00:00,718.8,726.6,717.8,725.6,1155646.0,2026-09-16 23:59:59.999000+00:00,1
2026-09-17 00:00:00+00:00,725.7,729.0,722.0,725.2,1174015.0,2026-09-17 03:59:59.999000+00:00,1
2026-09-17 04:00:00+00:00,725.2,727.1,721.8,724.0,721805.0,2026-09-17 07:59:59.999000+00:00,1
2026-09-17 08:00:00+00:00,723.9,727.0,720.4,724.1,798663.0,2026-09-17 11:59:59.999000+00:00,1
2026-09-17 12:00:00+00:00,724.2,732.2,722.9,727.5,1633435.0,2026-09-17 15:59:59.999000+00:00,1
2026-09-17 16:00:00+00:00,727.6,733.5,725.8,732.3,707638.0,2026-09-17 19:59:59.999000+00:00,1
2026-09-17 20:00:00+00:00,732.4,739.5,730.9,738.2,1465230.0,2026-09-17 23:59:59.999000+00:00,1
2026-09-18 00:00:00+00:00,738.3,754.1,735.0,751.4,2747756.0,2026-09-18 03:59:59.999000+00:00,1
2026-09-18 04:00:00+00:00,751.2,759.4,748.8,753.0,2514881.0,2026-09-18 07:59:59.999000+00:00,1
2026-09-18 08:00:00+00:00,753.0,755.5,748.7,749.0,1871170.0,2026-09-18 11:59:59.999000+00:00,1
2026-09-18 12:00:00+00:00,749.0,762.2,744.6,756.7,3039731.0,2026-09-18 15:59:59.999000+00:00,1
2026-09-18 16:00:00+00:00,756.8,768.8,755.8,766.1,1883081.0,2026-09-18 19:59:59.999000+00:00,1
2026-09-18 20:00:00+00:00,766.1,766.4,760.4,761.0,983195.0,2026-09-18 23:59:59.999000+00:00,1
2026-09-19 00:00:00+00:00,761.0,764.5,758.6,759.4,1328285.0,2026-09-19 03:59:59.999000+00:00,1
2026-09-19 04:00:00+00:00,759.3,767.5,759.3,760.5,1331587.0,2026-09-19 07:59:59.999000+00:00,1
2026-09-19 08:00:00+00:00,760.4,769.8,759.8,767.7,1321181.0,2026-09-19 11:59:59.999000+00:00,1
2026-09-19 12:00:00+00:00,767.7,773.5,766.4,766.6,1807194.0,2026-09-19 15:59:59.999000+00:00,1
2026-09-19 16:00:00+00:00,766.7,768.5,760.8,762.8,1427713.0,2026-09-19 19:59:59.999000+00:00,1
2026-09-19 20:00:00+00:00,762.8,763.2,756.6,761.7,869574.0,2026-09-19 23:59:59.999000+00:00,1
2026-09-20 00:00:00+00:00,761.6,764.0,745.4,750.2,1788801.0,2026-09-20 03:59:59.999000+00:00,1
2026-09-20 04:00:00+00:00,750.1,753.0,746.5,747.6,846287.0,2026-09-20 07:59:59.999000+00:00,1
2026-09-20 08:00:00+00:00,747.6,753.0,747.3,752.2,771168.0,2026-09-20 11:59:59.999000+00:00,1
2026-09-20 12:00:00+00:00,752.3,757.1,750.0,757.0,622455.0,2026-09-20 15:59:59.999000+00:00,1
2026-09-20 16:00:00+00:00,757.1,771.9,755.8,769.4,1467230.0,2026-09-20 19:59:59.999000+00:00,1
2026-09-20 20:00:00+00:00,769.4,777.7,762.0,772.3,1771204.0,2026-09-20 23:59:59.999000+00:00,1
2026-09-21 00:00:00+00:00,772.4,784.6,772.0,776.6,2281593.0,2026-09-21 03:59:59.999000+00:00,1
2026-09-21 04:00:00+00:00,776.7,777.3,765.8,768.4,991297.0,2026-09-21 07:59:59.999000+00:00,1
2026-09-21 08:00:00+00:00,768.5,794.0,768.3,790.2,3178677.0,2026-09-21 11:59:59.999000+00:00,1
2026-09-21 12:00:00+00:00,790.2,807.4,785.4,802.6,4523276.0,2026-09-21 15:59:59.999000+00:00,1
2026-09-21 16:00:00+00:00,802.6,803.4,793.0,799.6,1800039.0,2026-09-21 19:59:59.999000+00:00,1
2026-09-21 20:00:00+00:00,799.7,807.1,797.2,799.0,1345511.0,2026-09-21 23:59:59.999000+00:00,1
2026-09-22 00:00:00+00:00,799.0,800.7,785.2,789.0,2282458.0,2026-09-22 03:59:59.999000+00:00,1
2026-09-22 04:00:00+00:00,789.0,790.3,782.9,784.6,1076162.0,2026-09-22 07:59:59.999000+00:00,1
2026-09-22 08:00:00+00:00,784.7,789.5,782.9,786.5,1199311.0,2026-09-22 11:59:59.999000+00:00,1
2026-09-22 12:00:00+00:00,786.5,792.5,778.9,787.4,2018865.0,2026-09-22 15:59:59.999000+00:00,1
2026-09-22 16:00:00+00:00,787.4,790.8,784.6,786.0,1126695.0,2026-09-22 19:59:59.999000+00:00,1
2026-09-22 20:00:00+00:00,786.0,790.9,781.6,787.9,991835.0,2026-09-22 23:59:59.999000+00:00,1
2026-09-23 00:00:00+00:00,788.0,797.2,786.5,796.1,1135311.0,2026-09-23 03:59:59.999000+00:00,1
2026-09-23 04:00:00+00:00,796.2,799.0,786.2,788.1,1155799.0,2026-09-23 07:59:59.999000+00:00,1
2026-09-23 08:00:00+00:00,788.1,790.6,780.6,782.5,1161849.0,2026-09-23 11:59:59.999000+00:00,1
2026-09-23 12:00:00+00:00,782.5,783.1,757.9,760.5,4077726.0,2026-09-23 15:59:59.999000+00:00,1
2026-09-23 16:00:00+00:00,760.6,768.1,756.1,767.4,1396779.0,2026-09-23 19:59:59.999000+00:00,1
2026-09-23 20:00:00+00:00,767.5,768.4,764.0,765.2,675923.0,2026-09-23 23:59:59.999000+00:00,0
