ts,open,high,low,close,volume,close_time,confirm
2026-03-29 12:00:00+00:00,66777.1,66848.6,66277.2,66500.2,1024614.78,2026-03-29 15:59:59.999000+00:00,1
2026-03-29 16:00:00+00:00,66500.2,66633.9,66123.0,66319.6,553612.14,2026-03-29 19:59:59.999000+00:00,1
2026-03-29 20:00:00+00:00,66319.6,66768.7,64930.8,65980.4,1962913.51,2026-03-29 23:59:59.999000+00:00,1
2026-03-30 00:00:00+00:00,65980.5,67496.2,65762.0,67146.5,2213921.73,2026-03-30 03:59:59.999000+00:00,1
2026-03-30 04:00:00+00:00,67146.4,67788.0,67131.6,67598.6,1549398.56,2026-03-30 07:59:59.999000+00:00,1
2026-03-30 08:00:00+00:00,67598.6,67985.0,67331.0,67642.0,1567453.12,2026-03-30 11:59:59.999000+00:00,1
2026-03-30 12:00:00+00:00,67642.0,68198.9,67054.2,67601.2,2908972.4,2026-03-30 15:59:59.999000+00:00,1
2026-03-30 16:00:00+00:00,67601.2,67621.8,66210.8,66521.5,1959123.67,2026-03-30 19:59:59.999000+00:00,1
2026-03-30 20:00:00+00:00,66521.5,66966.9,66377.4,66765.2,939535.04,2026-03-30 23:59:59.999000+00:00,1
2026-03-31 00:00:00+00:00,66765.1,68388.9,66510.0,67683.8,2079160.24,2026-03-31 03:59:59.999000+00:00,1
2026-03-31 04:00:00+00:00,67683.8,67870.2,67064.1,67346.9,1185974.89,2026-03-31 07:59:59.999000+00:00,1
2026-03-31 08:00:00+00:00,67346.8,67489.3,65946.0,66653.5,2812149.8,2026-03-31 11:59:59.999000+00:00,1
2026-03-31 12:00:00+00:00,66653.5,67770.3,66389.0,66705.0,3315001.08,2026-03-31 15:59:59.999000+00:00,1
2026-03-31 16:00:00+00:00,66705.0,68575.1,66696.2,67809.4,2654448.69,2026-03-31 19:59:59.999000+00:00,1
2026-03-31 20:00:00+00:00,67808.4,68382.7,67794.4,68241.2,803948.97,2026-03-31 23:59:59.999000+00:00,1
2026-04-01 00:00:00+00:00,68241.1,68333.3,67550.1,68130.4,1121909.54,2026-04-01 03:59:59.999000+00:00,1
2026-04-01 04:00:00+00:00,68130.3,69315.8,67967.6,68655.2,2322095.65,2026-04-01 07:59:59.999000+00:00,1
2026-04-01 08:00:00+00:00,68655.2,68834.8,68350.1,68687.9,1265128.78,2026-04-01 11:59:59.999000+00:00,1
2026-04-01 12:00:00+00:00,68688.0,68932.9,67892.5,68887.6,2186741.15,2026-04-01 15:59:59.999000+00:00,1
2026-04-01 16:00:00+00:00,68887.6,69170.3,67907.3,68142.7,1646826.98,2026-04-01 19:59:59.999000+00:00,1
2026-04-01 20:00:00+00:00,68142.7,68521.8,67926.2,68079.1,634743.39,2026-04-01 23:59:59.999000+00:00,1
2026-04-02 00:00:00+00:00,68079.0,68626.6,66450.8,66541.5,2866621.92,2026-04-02 03:59:59.999000+00:00,1
2026-04-02 04:00:00+00:00,66541.5,66898.9,66175.8,66885.0,1545289.88,2026-04-02 07:59:59.999000+00:00,1
2026-04-02 08:00:00+00:00,66885.0,66885.0,66107.3,66179.5,1109225.2,2026-04-02 11:59:59.999000+00:00,1
2026-04-02 12:00:00+00:00,66179.5,67077.0,65653.0,66818.1,2967982.57,2026-04-02 15:59:59.999000+00:00,1
2026-04-02 16:00:00+00:00,66818.0,67400.0,66555.2,66949.9,1619510.59,2026-04-02 19:59:59.999000+00:00,1
2026-04-02 20:00:00+00:00,66950.0,67070.7,66682.7,66864.5,435601.7,2026-04-02 23:59:59.999000+00:00,1
2026-04-03 00:00:00+00:00,66864.6,66974.0,66250.0,66553.3,892621.8,2026-04-03 03:59:59.999000+00:00,1
2026-04-03 04:00:00+00:00,66553.1,67239.2,66380.0,67015.2,843671.53,2026-04-03 07:59:59.999000+00:00,1
2026-04-03 08:00:00+00:00,67015.2,67279.3,66650.2,66987.2,834383.55,2026-04-03 11:59:59.999000+00:00,1
2026-04-03 12:00:00+00:00,66987.2,67350.0,66478.5,66808.0,1338634.56,2026-04-03 15:59:59.999000+00:00,1
2026-04-03 16:00:00+00:00,66808.1,67036.0,66721.5,66854.0,427459.18,2026-04-03 19:59:59.999000+00:00,1
2026-04-03 20:00:00+00:00,66854.1,66954.7,66784.3,66929.0,204817.82,2026-04-03 23:59:59.999000+00:00,1
2026-04-04 00:00:00+00:00,66928.9,66937.4,66780.0,66800.3,220173.81,2026-04-04 03:59:59.999000+00:00,1
2026-04-04 04:00:00+00:00,66800.3,67013.4,66734.5,66980.0,350159.8,2026-04-04 07:59:59.999000+00:00,1
2026-04-04 08:00:00+00:00,66980.0,67199.8,66873.9,67129.9,561197.44,2026-04-04 11:59:59.999000+00:00,1
2026-04-04 12:00:00+00:00,67129.9,67550.0,66980.0,67346.0,928341.98,2026-04-04 15:59:59.999000+00:00,1
2026-04-04 16:00:00+00:00,67346.0,67517.4,67215.0,67262.3,629571.4,2026-04-04 19:59:59.999000+00:00,1
2026-04-04 20:00:00+00:00,67262.2,67449.5,67150.5,67267.4,314773.09,2026-04-04 23:59:59.999000+00:00,1
2026-04-05 00:00:00+00:00,67267.3,67288.1,66880.2,67115.1,481777.84,2026-04-05 03:59:59.999000+00:00,1
2026-04-05 04:00:00+00:00,67115.2,67157.6,66572.3,66785.2,807417.17,2026-04-05 07:59:59.999000+00:00,1
2026-04-05 08:00:00+00:00,66785.1,67116.7,66779.0,66971.8,486783.33,2026-04-05 11:59:59.999000+00:00,1
2026-04-05 12:00:00+00:00,66971.8,67846.1,66650.1,67281.0,1560949.09,2026-04-05 15:59:59.999000+00:00,1
2026-04-05 16:00:00+00:00,67281.0,67537.5,67146.9,67335.0,558905.43,2026-04-05 19:59:59.999000+00:00,1
2026-04-05 20:00:00+00:00,67334.9,69118.0,67300.0,69008.0,2065619.22,2026-04-05 23:59:59.999000+00:00,1
2026-04-06 00:00:00+00:00,69008.0,69587.9,68748.0,69099.9,2092082.07,2026-04-06 03:59:59.999000+00:00,1
2026-04-06 04:00:00+00:00,69100.0,69327.7,68736.9,69074.8,1090817.6,2026-04-06 07:59:59.999000+00:00,1
2026-04-06 08:00:00+00:00,69074.8,70276.8,69040.6,69592.5,1988171.29,2026-04-06 11:59:59.999000+00:00,1
2026-04-06 12:00:00+00:00,69592.4,69935.0,69130.0,69923.0,2016918.39,2026-04-06 15:59:59.999000+00:00,1
2026-04-06 16:00:00+00:00,69923.0,70322.8,69225.0,69699.8,1673398.86,2026-04-06 19:59:59.999000+00:00,1
2026-04-06 20:00:00+00:00,69699.8,69947.5,68269.0,68812.9,1404116.19,2026-04-06 23:59:59.999000+00:00,1
2026-04-07 00:00:00+00:00,68812.9,69100.6,68233.5,68745.2,1223058.42,2026-04-07 03:59:59.999000+00:00,1
2026-04-07 04:00:00+00:00,68745.1,68958.8,68408.4,68585.4,710105.25,2026-04-07 07:59:59.999000+00:00,1
2026-04-07 08:00:00+00:00,68585.3,69217.7,68006.4,68308.1,2105406.35,2026-04-07 11:59:59.999000+00:00,1
2026-04-07 12:00:00+00:00,68308.1,68613.8,67680.2,68138.7,2146278.51,2026-04-07 15:59:59.999000+00:00,1
2026-04-07 16:00:00+00:00,68138.6,69058.8,68050.0,68975.6,1716559.33,2026-04-07 19:59:59.999000+00:00,1
2026-04-07 20:00:00+00:00,68975.6,72773.9,68975.6,71904.6,5378264.01,2026-04-07 23:59:59.999000+00:00,1
2026-04-08 00:00:00+00:00,71904.7,72101.7,71219.3,71280.1,1480113.67,2026-04-08 03:59:59.999000+00:00,1
2026-04-08 04:00:00+00:00,71280.0,71935.0,71279.0,71624.2,1175681.76,2026-04-08 07:59:59.999000+00:00,1
2026-04-08 08:00:00+00:00,71624.2,71965.1,71388.0,71661.3,879904.81,2026-04-08 11:59:59.999000+00:00,1
2026-04-08 12:00:00+00:00,71661.4,72876.5,70670.0,71265.3,3995192.92,2026-04-08 15:59:59.999000+00:00,1
2026-04-08 16:00:00+00:00,71265.3,71929.9,70983.5,71294.0,1617530.73,2026-04-08 19:59:59.999000+00:00,1
2026-04-08 20:00:00+00:00,71294.0,71718.8,70863.5,71041.7,685165.68,2026-04-08 23:59:59.999000+00:00,1
2026-04-09 00:00:00+00:00,71041.8,71170.0,70422.0,70965.7,1211838.22,2026-04-09 03:59:59.999000+00:00,1
2026-04-09 04:00:00+00:00,70965.7,71086.2,70660.7,70953.8,686754.99,2026-04-09 07:59:59.999000+00:00,1
2026-04-09 08:00:00+00:00,70953.8,71548.0,70831.5,71124.5,1242284.64,2026-04-09 11:59:59.999000+00:00,1
2026-04-09 12:00:00+00:00,71124.5,72333.7,70505.0,72105.7,2975760.46,2026-04-09 15:59:59.999000+00:00,1
2026-04-09 16:00:00+00:00,72105.6,72518.3,71666.7,72060.7,2283102.76,2026-04-09 19:59:59.999000+00:00,1
2026-04-09 20:00:00+00:00,72060.7,73146.1,71541.9,71759.0,1757167.23,2026-04-09 23:59:59.999000+00:00,1
2026-04-10 00:00:00+00:00,71759.1,72355.4,71543.0,71838.2,1159273.63,2026-04-10 03:59:59.999000+00:00,1
2026-04-10 04:00:00+00:00,71838.3,72258.0,71404.1,71463.5,962405.95,2026-04-10 07:59:59.999000+00:00,1
2026-04-10 08:00:00+00:00,71463.5,72222.0,71388.9,72084.8,1100117.27,2026-04-10 11:59:59.999000+00:00,1
2026-04-10 12:00:00+00:00,72084.7,73288.0,71868.8,72418.3,3289426.05,2026-04-10 15:59:59.999000+00:00,1
2026-04-10 16:00:00+00:00,72418.2,73248.8,72348.4,73194.0,1204016.73,2026-04-10 19:59:59.999000+00:00,1
2026-04-10 20:00:00+00:00,73194.5,73452.3,72678.5,72925.8,806204.36,2026-04-10 23:59:59.999000+00:00,1
2026-04-11 00:00:00+00:00,72925.7,73073.8,72616.7,72836.9,494333.99,2026-04-11 03:59:59.999000+00:00,1
2026-04-11 04:00:00+00:00,72837.0,72925.2,72570.3,72719.7,480722.61,2026-04-11 07:59:59.999000+00:00,1
2026-04-11 08:00:00+00:00,72719.8,72898.4,72600.0,72883.8,475987.35,2026-04-11 11:59:59.999000+00:00,1
2026-04-11 12:00:00+00:00,72883.7,72956.5,72480.4,72826.6,731724.04,2026-04-11 15:59:59.999000+00:00,1
2026-04-11 16:00:00+00:00,72826.5,73799.1,72790.0,73659.6,1307000.29,2026-04-11 19:59:59.999000+00:00,1
2026-04-11 20:00:00+00:00,73659.6,73670.7,72864.0,73014.7,711354.33,2026-04-11 23:59:59.999000+00:00,1
2026-04-12 00:00:00+00:00,73014.7,73107.1,71270.2,71557.7,2191123.87,2026-04-12 03:59:59.999000+00:00,1
2026-04-12 04:00:00+00:00,71557.6,71750.0,71380.0,71635.9,655112.06,2026-04-12 07:59:59.999000+00:00,1
2026-04-12 08:00:00+00:00,71635.9,71772.0,71323.0,71441.4,579658.24,2026-04-12 11:59:59.999000+00:00,1
2026-04-12 12:00:00+00:00,71441.3,71477.7,70570.0,70869.5,1638497.57,2026-04-12 15:59:59.999000+00:00,1
2026-04-12 16:00:00+00:00,70869.5,71189.2,70778.0,71060.7,556045.57,2026-04-12 19:59:59.999000+00:00,1
2026-04-12 20:00:00+00:00,71060.7,71425.2,70456.0,70707.9,1094646.44,2026-04-12 23:59:59.999000+00:00,1
2026-04-13 00:00:00+00:00,70707.9,71273.1,70580.0,70950.1,957054.46,2026-04-13 03:59:59.999000+00:00,1
2026-04-13 04:00:00+00:00,70950.2,71120.0,70637.2,70796.5,717585.75,2026-04-13 07:59:59.999000+00:00,1
2026-04-13 08:00:00+00:00,70796.5,70966.0,70542.1,70892.6,681879.3,2026-04-13 11:59:59.999000+00:00,1
2026-04-13 12:00:00+00:00,70892.6,72424.0,70730.3,71831.1,3231289.41,2026-04-13 15:59:59.999000+00:00,1
2026-04-13 16:00:00+00:00,71831.0,73468.0,71637.8,73287.6,2502063.13,2026-04-13 19:59:59.999000+00:00,1
2026-04-13 20:00:00+00:00,73287.6,74876.5,72977.8,74385.5,2824092.77,2026-04-13 23:59:59.999000+00:00,1
2026-04-14 00:00:00+00:00,74385.4,74567.6,73935.5,74418.4,1024610.2,2026-04-14 03:59:59.999000+00:00,1
2026-04-14 04:00:00+00:00,74418.5,74920.4,74127.2,74518.0,825443.91,2026-04-14 07:59:59.999000+00:00,1
2026-04-14 08:00:00+00:00,74518.1,74870.0,74276.7,74350.1,858682.02,2026-04-14 11:59:59.999000+00:00,1
2026-04-14 12:00:00+00:00,74350.0,76000.0,74250.0,75280.4,3877474.49,2026-04-14 15:59:59.999000+00:00,1
2026-04-14 16:00:00+00:00,75280.4,75668.3,73777.0,74175.0,2256846.46,2026-04-14 19:59:59.999000+00:00,1
2026-04-14 20:00:00+00:00,74175.0,74391.2,73743.9,74100.1,806267.12,2026-04-14 23:59:59.999000+00:00,1
2026-04-15 00:00:00+00:00,74100.0,74749.0,74079.6,74296.3,970868.99,2026-04-15 03:59:59.999000+00:00,1
2026-04-15 04:00:00+00:00,74296.3,74400.0,73443.0,73706.9,1262123.2,2026-04-15 07:59:59.999000+00:00,1
2026-04-15 08:00:00+00:00,73706.9,74243.2,73644.0,74163.1,1072389.35,2026-04-15 11:59:59.999000+00:00,1
2026-04-15 12:00:00+00:00,74163.1,74479.8,73542.0,73802.4,1883197.51,2026-04-15 15:59:59.999000+00:00,1
2026-04-15 16:00:00+00:00,73802.3,75250.0,73721.8,74963.0,1359993.05,2026-04-15 19:59:59.999000+00:00,1
2026-04-15 20:00:00+00:00,74962.2,75391.9,74469.1,74773.4,1213199.2,2026-04-15 23:59:59.999000+00:00,1
2026-04-16 00:00:00+00:00,74773.4,75220.4,74400.5,74844.6,863570.84,2026-04-16 03:59:59.999000+00:00,1
2026-04-16 04:00:00+00:00,74844.6,75129.6,74600.0,74673.4,715986.77,2026-04-16 07:59:59.999000+00:00,1
2026-04-16 08:00:00+00:00,74673.5,74860.0,74240.0,74532.3,1141598.91,2026-04-16 11:59:59.999000+00:00,1
2026-04-16 12:00:00+00:00,74532.4,74990.0,73220.2,74660.0,3125357.72,2026-04-16 15:59:59.999000+00:00,1
2026-04-16 16:00:00+00:00,74660.1,75388.0,73866.5,75317.0,1684992.19,2026-04-16 19:59:59.999000+00:00,1
2026-04-16 20:00:00+00:00,75317.0,75522.3,74747.0,75106.7,793008.25,2026-04-16 23:59:59.999000+00:00,1
2026-04-17 00:00:00+00:00,75106.7,75114.3,74495.2,74577.3,688096.35,2026-04-17 03:59:59.999000+00:00,1
2026-04-17 04:00:00+00:00,74577.2,75064.7,74510.3,75043.8,814300.13,2026-04-17 07:59:59.999000+00:00,1
2026-04-17 08:00:00+00:00,75043.7,76348.0,74961.4,75544.1,2895987.04,2026-04-17 11:59:59.999000+00:00,1
2026-04-17 12:00:00+00:00,75544.1,78036.1,75483.0,77740.1,5925440.32,2026-04-17 15:59:59.999000+00:00,1
2026-04-17 16:00:00+00:00,77740.1,78323.0,76920.6,77354.6,2278809.74,2026-04-17 19:59:59.999000+00:00,1
2026-04-17 20:00:00+00:00,77354.6,77598.4,76856.1,77033.1,686574.8,2026-04-17 23:59:59.999000+00:00,1
2026-04-18 00:00:00+00:00,77033.0,77392.4,76922.0,76975.2,615277.62,2026-04-18 03:59:59.999000+00:00,1
2026-04-18 04:00:00+00:00,76975.1,77250.0,76824.4,76969.3,540155.56,2026-04-18 07:59:59.999000+00:00,1
2026-04-18 08:00:00+00:00,76969.3,77016.0,75733.3,76008.5,1968581.54,2026-04-18 11:59:59.999000+00:00,1
2026-04-18 12:00:00+00:00,76008.5,76345.2,75760.0,76121.9,935812.38,2026-04-18 15:59:59.999000+00:00,1
2026-04-18 16:00:00+00:00,76121.8,76172.0,75370.0,75609.8,1151902.13,2026-04-18 19:59:59.999000+00:00,1
2026-04-18 20:00:00+00:00,75609.8,75861.1,75547.7,75649.6,341493.67,2026-04-18 23:59:59.999000+00:00,1
2026-04-19 00:00:00+00:00,75649.5,75811.1,75310.4,75473.4,703123.01,2026-04-19 03:59:59.999000+00:00,1
2026-04-19 04:00:00+00:00,75473.3,75755.0,74837.4,75210.3,1124997.47,2026-04-19 07:59:59.999000+00:00,1
2026-04-19 08:00:00+00:00,75210.2,75595.8,74888.0,75560.7,915084.75,2026-04-19 11:59:59.999000+00:00,1
2026-04-19 12:00:00+00:00,75560.7,76219.3,75337.2,75806.8,1584447.87,2026-04-19 15:59:59.999000+00:00,1
2026-04-19 16:00:00+00:00,75806.7,75816.1,74550.0,74935.0,1327614.65,2026-04-19 19:59:59.999000+00:00,1
2026-04-19 20:00:00+00:00,74935.0,74935.0,73716.3,73767.8,1587108.51,2026-04-19 23:59:59.999000+00:00,1
2026-04-20 00:00:00+00:00,73768.4,74727.1,73666.0,74600.1,1364364.81,2026-04-20 03:59:59.999000+00:00,1
2026-04-20 04:00:00+00:00,74600.1,75562.2,74073.6,74799.9,1871624.68,2026-04-20 07:59:59.999000+00:00,1
2026-04-20 08:00:00+00:00,74799.9,75363.6,74579.0,75154.0,1232860.45,2026-04-20 11:59:59.999000+00:00,1
2026-04-20 12:00:00+00:00,75154.0,75742.3,74654.2,75669.8,2499296.24,2026-04-20 15:59:59.999000+00:00,1
2026-04-20 16:00:00+00:00,75669.9,76448.0,75237.9,76248.0,1686089.35,2026-04-20 19:59:59.999000+00:00,1
2026-04-20 20:00:00+00:00,76247.9,76548.5,75564.8,75803.4,844543.59,2026-04-20 23:59:59.999000+00:00,1
2026-04-21 00:00:00+00:00,75803.4,76249.9,75441.0,75684.3,1048537.97,2026-04-21 03:59:59.999000+00:00,1
2026-04-21 04:00:00+00:00,75684.4,76275.0,75565.9,76051.4,852381.08,2026-04-21 07:59:59.999000+00:00,1
2026-04-21 08:00:00+00:00,76051.5,76924.5,76025.0,76406.7,1687944.78,2026-04-21 11:59:59.999000+00:00,1
2026-04-21 12:00:00+00:00,76406.6,76567.2,75300.0,75795.6,2514400.8,2026-04-21 15:59:59.999000+00:00,1
2026-04-21 16:00:00+00:00,75795.6,76166.0,74766.1,74985.7,1980498.94,2026-04-21 19:59:59.999000+00:00,1
2026-04-21 20:00:00+00:00,74985.7,76400.0,74943.6,76302.1,1187641.86,2026-04-21 23:59:59.999000+00:00,1
2026-04-22 00:00:00+00:00,76302.2,77717.8,76111.0,77493.7,2351558.49,2026-04-22 03:59:59.999000+00:00,1
2026-04-22 04:00:00+00:00,77493.8,78420.2,77323.4,77977.8,2156336.85,2026-04-22 07:59:59.999000+00:00,1
2026-04-22 08:00:00+00:00,77977.9,78361.2,77899.2,78262.6,891643.82,2026-04-22 11:59:59.999000+00:00,1
2026-04-22 12:00:00+00:00,78262.6,79375.3,78062.5,79233.1,3212754.02,2026-04-22 15:59:59.999000+00:00,1
2026-04-22 16:00:00+00:00,79233.1,79443.4,78592.0,78798.4,1515634.4,2026-04-22 19:59:59.999000+00:00,1
2026-04-22 20:00:00+00:00,78798.5,78887.8,78112.0,78147.0,807594.32,2026-04-22 23:59:59.999000+00:00,1
2026-04-23 00:00:00+00:00,78147.1,78545.9,77425.9,77704.3,1902932.06,2026-04-23 03:59:59.999000+00:00,1
2026-04-23 04:00:00+00:00,77704.2,78299.3,77636.4,78004.0,982218.64,2026-04-23 07:59:59.999000+00:00,1
2026-04-23 08:00:00+00:00,78004.0,78142.0,77130.6,77659.3,1564809.73,2026-04-23 11:59:59.999000+00:00,1
2026-04-23 12:00:00+00:00,77659.3,78620.0,77350.0,78331.3,2329189.85,2026-04-23 15:59:59.999000+00:00,1
2026-04-23 16:00:00+00:00,78331.2,78470.0,76911.1,77674.2,2439440.91,2026-04-23 19:59:59.999000+00:00,1
2026-04-23 20:00:00+00:00,77674.1,78299.7,77601.9,78209.7,625060.24,2026-04-23 23:59:59.999000+00:00,1
2026-04-24 00:00:00+00:00,78209.8,78546.9,77521.0,77702.2,1519895.81,2026-04-24 03:59:59.999000+00:00,1
2026-04-24 04:00:00+00:00,77702.3,77997.8,77400.7,77623.0,1031470.65,2026-04-24 07:59:59.999000+00:00,1
2026-04-24 08:00:00+00:00,77623.1,78347.1,77328.5,78191.3,1537602.69,2026-04-24 11:59:59.999000+00:00,1
2026-04-24 12:00:00+00:00,78191.3,78440.0,77524.4,78006.8,1903496.77,2026-04-24 15:59:59.999000+00:00,1
2026-04-24 16:00:00+00:00,78006.8,78033.9,77309.6,77600.0,1120634.32,2026-04-24 19:59:59.999000+00:00,1
2026-04-24 20:00:00+00:00,77599.9,77726.3,77202.2,77386.8,726051.35,2026-04-24 23:59:59.999000+00:00,1
2026-04-25 00:00:00+00:00,77386.7,77674.7,77258.9,77625.7,435471.63,2026-04-25 03:59:59.999000+00:00,1
2026-04-25 04:00:00+00:00,77625.7,77655.1,77409.7,77454.2,291015.54,2026-04-25 07:59:59.999000+00:00,1
2026-04-25 08:00:00+00:00,77454.3,77839.6,77439.1,77655.8,573822.37,2026-04-25 11:59:59.999000+00:00,1
2026-04-25 12:00:00+00:00,77655.8,77715.4,77256.1,77290.0,595476.22,2026-04-25 15:59:59.999000+00:00,1
2026-04-25 16:00:00+00:00,77289.9,77413.3,77034.5,77292.0,728276.18,2026-04-25 19:59:59.999000+00:00,1
2026-04-25 20:00:00+00:00,77292.0,77616.0,77263.0,77587.9,347228.38,2026-04-25 23:59:59.999000+00:00,1
2026-04-26 00:00:00+00:00,77588.0,77600.0,77289.8,77359.6,371424.49,2026-04-26 03:59:59.999000+00:00,1
2026-04-26 04:00:00+00:00,77359.5,78174.7,77336.9,78072.8,995059.71,2026-04-26 07:59:59.999000+00:00,1
2026-04-26 08:00:00+00:00,78072.8,78185.1,77888.0,78052.7,499813.58,2026-04-26 11:59:59.999000+00:00,1
2026-04-26 12:00:00+00:00,78052.7,78138.9,77705.2,78005.2,700109.81,2026-04-26 15:59:59.999000+00:00,1
2026-04-26 16:00:00+00:00,78005.3,78470.5,77803.0,78179.9,1204804.14,2026-04-26 19:59:59.999000+00:00,1
2026-04-26 20:00:00+00:00,78180.0,78958.9,77767.0,78621.5,2593019.7,2026-04-26 23:59:59.999000+00:00,1
2026-04-27 00:00:00+00:00,78621.6,79489.9,78340.0,79055.9,1700737.89,2026-04-27 03:59:59.999000+00:00,1
2026-04-27 04:00:00+00:00,79055.9,79122.7,77410.0,77558.2,2200805.28,2026-04-27 07:59:59.999000+00:00,1
2026-04-27 08:00:00+00:00,77558.2,77936.3,77502.2,77795.5,790820.24,2026-04-27 11:59:59.999000+00:00,1
2026-04-27 12:00:00+00:00,77795.5,78233.0,76518.0,76758.1,3061626.45,2026-04-27 15:59:59.999000+00:00,1
2026-04-27 16:00:00+00:00,76758.1,76904.6,76400.0,76835.4,1463823.72,2026-04-27 19:59:59.999000+00:00,1
2026-04-27 20:00:00+00:00,76835.3,77410.0,76720.0,77327.6,773266.57,2026-04-27 23:59:59.999000+00:00,1
2026-04-28 00:00:00+00:00,77327.6,77444.0,76611.0,76770.3,1005569.04,2026-04-28 03:59:59.999000+00:00,1
2026-04-28 04:00:00+00:00,76770.4,77120.9,76355.1,76828.0,1012374.86,2026-04-28 07:59:59.999000+00:00,1
2026-04-28 08:00:00+00:00,76828.0,76947.1,76088.0,76199.9,995002.34,2026-04-28 11:59:59.999000+00:00,1
2026-04-28 12:00:00+00:00,76200.0,76389.0,75624.7,76026.3,1925500.02,2026-04-28 15:59:59.999000+00:00,1
2026-04-28 16:00:00+00:00,76026.4,76359.0,75854.3,76295.9,868423.05,2026-04-28 19:59:59.999000+00:00,1
2026-04-28 20:00:00+00:00,76295.8,76449.9,76143.8,76301.9,424680.18,2026-04-28 23:59:59.999000+00:00,1
2026-04-29 00:00:00+00:00,76301.9,77086.7,76132.7,76946.4,1084370.57,2026-04-29 03:59:59.999000+00:00,1
2026-04-29 04:00:00+00:00,76946.5,77416.7,76837.6,77017.9,1496016.93,2026-04-29 07:59:59.999000+00:00,1
2026-04-29 08:00:00+00:00,77017.9,77882.3,76922.0,77543.6,1455683.76,2026-04-29 11:59:59.999000+00:00,1
2026-04-29 12:00:00+00:00,77543.6,77553.0,75669.0,75892.4,2511414.36,2026-04-29 15:59:59.999000+00:00,1
2026-04-29 16:00:00+00:00,75892.4,76225.6,74893.3,75510.6,2706621.23,2026-04-29 19:59:59.999000+00:00,1
2026-04-29 20:00:00+00:00,75510.5,76063.9,75452.4,75755.0,1002844.34,2026-04-29 23:59:59.999000+00:00,1
2026-04-30 00:00:00+00:00,75755.0,76432.3,75454.2,75886.0,1225874.38,2026-04-30 03:59:59.999000+00:00,1
2026-04-30 04:00:00+00:00,75886.1,76142.9,75276.9,76123.1,953574.73,2026-04-30 07:59:59.999000+00:00,1
2026-04-30 08:00:00+00:00,76123.2,76315.8,75850.0,76026.4,1006242.75,2026-04-30 11:59:59.999000+00:00,1
2026-04-30 12:00:00+00:00,76026.4,76621.0,76001.0,76416.3,2039779.5,2026-04-30 15:59:59.999000+00:00,1
2026-04-30 16:00:00+00:00,76416.3,76465.0,76063.0,76357.4,894440.69,2026-04-30 19:59:59.999000+00:00,1
2026-04-30 20:00:00+00:00,76357.3,76544.0,76169.0,76312.8,609860.85,2026-04-30 23:59:59.999000+00:00,1
2026-05-01 00:00:00+00:00,76312.9,77426.9,76275.4,77087.3,1448660.4,2026-05-01 03:59:59.999000+00:00,1
2026-05-01 04:00:00+00:00,77087.4,77166.0,76827.6,77104.0,878452.23,2026-05-01 07:59:59.999000+00:00,1
2026-05-01 08:00:00+00:00,77103.9,77562.4,77014.1,77419.6,1126964.41,2026-05-01 11:59:59.999000+00:00,1
2026-05-01 12:00:00+00:00,77419.7,78888.0,77353.5,78400.0,3604975.41,2026-05-01 15:59:59.999000+00:00,1
2026-05-01 16:00:00+00:00,78400.0,78643.9,78090.1,78322.2,968321.56,2026-05-01 19:59:59.999000+00:00,1
2026-05-01 20:00:00+00:00,78322.2,78398.4,77715.0,78195.4,677253.52,2026-05-01 23:59:59.999000+00:00,1
2026-05-02 00:00:00+00:00,78195.4,78495.3,78116.2,78374.0,422875.8,2026-05-02 03:59:59.999000+00:00,1
2026-05-02 04:00:00+00:00,78374.1,78412.8,78006.3,78186.5,506978.31,2026-05-02 07:59:59.999000+00:00,1
2026-05-02 08:00:00+00:00,78186.5,78370.9,78062.3,78115.4,365324.33,2026-05-02 11:59:59.999000+00:00,1
2026-05-02 12:00:00+00:00,78115.4,78460.7,78074.1,78448.0,425499.51,2026-05-02 15:59:59.999000+00:00,1
2026-05-02 16:00:00+00:00,78448.1,78569.9,78266.9,78448.9,317935.89,2026-05-02 19:59:59.999000+00:00,1
2026-05-02 20:00:00+00:00,78448.9,79172.9,78370.6,78656.0,673463.52,2026-05-02 23:59:59.999000+00:00,1
2026-05-03 00:00:00+00:00,78655.9,78728.0,78050.2,78163.8,727340.8,2026-05-03 03:59:59.999000+00:00,1
2026-05-03 04:00:00+00:00,78163.7,78406.8,78011.7,78317.6,485609.26,2026-05-03 07:59:59.999000+00:00,1
2026-05-03 08:00:00+00:00,78317.6,78833.0,78300.1,78620.5,626295.04,2026-05-03 11:59:59.999000+00:00,1
2026-05-03 12:00:00+00:00,78620.5,78863.8,78540.9,78632.2,585050.89,2026-05-03 15:59:59.999000+00:00,1
2026-05-03 16:00:00+00:00,78632.2,78821.0,78524.0,78733.9,327376.04,2026-05-03 19:59:59.999000+00:00,1
2026-05-03 20:00:00+00:00,78733.8,79428.4,78444.4,78531.0,1321687.64,2026-05-03 23:59:59.999000+00:00,1
2026-05-04 00:00:00+00:00,78531.1,80465.4,78225.0,80284.6,3384697.58,2026-05-04 03:59:59.999000+00:00,1
2026-05-04 04:00:00+00:00,80284.7,80597.4,79450.1,79665.3,1586433.13,2026-05-04 07:59:59.999000+00:00,1
2026-05-04 08:00:00+00:00,79665.2,79894.9,78146.8,78756.9,2838215.0,2026-05-04 11:59:59.999000+00:00,1
2026-05-04 12:00:00+00:00,78756.8,80513.0,78423.5,79990.6,3758453.6,2026-05-04 15:59:59.999000+00:00,1
2026-05-04 16:00:00+00:00,79990.6,80746.5,79571.6,80006.1,1807204.86,2026-05-04 19:59:59.999000+00:00,1
2026-05-04 20:00:00+00:00,80006.0,80360.0,79706.5,79821.4,590636.71,2026-05-04 23:59:59.999000+00:00,1
2026-05-05 00:00:00+00:00,79821.3,81076.5,79756.8,80848.7,1421743.11,2026-05-05 03:59:59.999000+00:00,1
2026-05-05 04:00:00+00:00,80848.6,81309.9,80686.9,80821.9,1340831.74,2026-05-05 07:59:59.999000+00:00,1
2026-05-05 08:00:00+00:00,80821.8,81080.5,80483.4,80979.9,1003878.72,2026-05-05 11:59:59.999000+00:00,1
2026-05-05 12:00:00+00:00,80980.0,81688.0,80889.4,81484.3,2491096.68,2026-05-05 15:59:59.999000+00:00,1
2026-05-05 16:00:00+00:00,81484.4,81645.8,81000.0,81557.2,1009077.48,2026-05-05 19:59:59.999000+00:00,1
2026-05-05 20:00:00+00:00,81557.2,81792.4,80738.6,80875.3,1351149.52,2026-05-05 23:59:59.999000+00:00,1
2026-05-06 00:00:00+00:00,80875.3,81721.8,80653.9,81535.9,1195716.37,2026-05-06 03:59:59.999000+00:00,1
2026-05-06 04:00:00+00:00,81536.0,81614.4,81010.4,81333.8,915213.22,2026-05-06 07:59:59.999000+00:00,1
2026-05-06 08:00:00+00:00,81333.7,82800.0,81281.0,82489.9,2794017.38,2026-05-06 11:59:59.999000+00:00,1
2026-05-06 12:00:00+00:00,82490.0,82518.8,81090.5,81658.3,3099728.79,2026-05-06 15:59:59.999000+00:00,1
2026-05-06 16:00:00+00:00,81658.3,81853.8,81157.6,81422.2,771884.01,2026-05-06 19:59:59.999000+00:00,1
2026-05-06 20:00:00+00:00,81422.1,81668.0,80944.6,81395.7,691129.98,2026-05-06 23:59:59.999000+00:00,1
2026-05-07 00:00:00+00:00,81395.7,81448.3,80786.1,80808.0,1150836.81,2026-05-07 03:59:59.999000+00:00,1
2026-05-07 04:00:00+00:00,80808.0,81683.9,80666.1,81482.1,1214307.82,2026-05-07 07:59:59.999000+00:00,1
2026-05-07 08:00:00+00:00,81482.2,81556.0,80525.5,80836.6,1291882.03,2026-05-07 11:59:59.999000+00:00,1
2026-05-07 12:00:00+00:00,80836.5,81155.0,79640.7,79862.2,2706268.98,2026-05-07 15:59:59.999000+00:00,1
2026-05-07 16:00:00+00:00,79862.1,80235.0,79421.0,80109.9,1381224.37,2026-05-07 19:59:59.999000+00:00,1
2026-05-07 20:00:00+00:00,80110.0,80352.1,79540.6,79979.2,683926.57,2026-05-07 23:59:59.999000+00:00,1
2026-05-08 00:00:00+00:00,79979.2,80111.9,79118.7,79535.0,1086515.45,2026-05-08 03:59:59.999000+00:00,1
2026-05-08 04:00:00+00:00,79535.0,79750.0,79205.9,79636.3,766850.64,2026-05-08 07:59:59.999000+00:00,1
2026-05-08 08:00:00+00:00,79636.3,80305.5,79621.2,80193.2,1239739.93,2026-05-08 11:59:59.999000+00:00,1
2026-05-08 12:00:00+00:00,80193.2,80520.0,79500.0,80118.5,2339287.71,2026-05-08 15:59:59.999000+00:00,1
2026-05-08 16:00:00+00:00,80118.6,80272.7,79706.5,80141.6,1059818.71,2026-05-08 19:59:59.999000+00:00,1
2026-05-08 20:00:00+00:00,80141.7,80367.2,80038.9,80152.4,366563.85,2026-05-08 23:59:59.999000+00:00,1
2026-05-09 00:00:00+00:00,80152.5,80541.8,80089.7,80346.1,426366.52,2026-05-09 03:59:59.999000+00:00,1
2026-05-09 04:00:00+00:00,80346.2,80649.9,80090.0,80190.0,687553.32,2026-05-09 07:59:59.999000+00:00,1
2026-05-09 08:00:00+00:00,80190.1,80415.8,80120.1,80303.4,420622.65,2026-05-09 11:59:59.999000+00:00,1
2026-05-09 12:00:00+00:00,80303.5,80569.1,80182.5,80484.7,566521.8,2026-05-09 15:59:59.999000+00:00,1
2026-05-09 16:00:00+00:00,80484.8,81047.8,80439.4,80900.0,1066079.39,2026-05-09 19:59:59.999000+00:00,1
2026-05-09 20:00:00+00:00,80900.0,80908.9,80583.8,80631.6,272951.14,2026-05-09 23:59:59.999000+00:00,1
2026-05-10 00:00:00+00:00,80631.6,80847.0,80534.5,80731.5,374277.97,2026-05-10 03:59:59.999000+00:00,1
2026-05-10 04:00:00+00:00,80731.4,80808.0,80620.0,80700.1,245484.1,2026-05-10 07:59:59.999000+00:00,1
2026-05-10 08:00:00+00:00,80700.1,80936.3,80650.1,80781.6,485054.94,2026-05-10 11:59:59.999000+00:00,1
2026-05-10 12:00:00+00:00,80781.7,81435.4,80732.2,81374.5,814968.87,2026-05-10 15:59:59.999000+00:00,1
2026-05-10 16:00:00+00:00,81374.6,81550.0,81104.0,81393.1,810328.19,2026-05-10 19:59:59.999000+00:00,1
2026-05-10 20:00:00+00:00,81393.2,82464.1,80228.0,82182.8,2831471.05,2026-05-10 23:59:59.999000+00:00,1
2026-05-11 00:00:00+00:00,82182.9,82364.3,80500.0,80700.7,2025039.53,2026-05-11 03:59:59.999000+00:00,1
2026-05-11 04:00:00+00:00,80700.8,81021.7,80612.7,80706.3,628275.42,2026-05-11 07:59:59.999000+00:00,1
2026-05-11 08:00:00+00:00,80706.3,81157.1,80577.5,81152.9,690745.37,2026-05-11 11:59:59.999000+00:00,1
2026-05-11 12:00:00+00:00,81153.0,81434.8,80404.5,81405.4,1863537.93,2026-05-11 15:59:59.999000+00:00,1
2026-05-11 16:00:00+00:00,81405.5,82100.0,81303.1,81916.1,1722099.12,2026-05-11 19:59:59.999000+00:00,1
2026-05-11 20:00:00+00:00,81916.1,82032.2,81537.5,81696.6,494810.35,2026-05-11 23:59:59.999000+00:00,1
2026-05-12 00:00:00+00:00,81696.6,81751.1,80666.0,81020.4,1292132.71,2026-05-12 03:59:59.999000+00:00,1
2026-05-12 04:00:00+00:00,81020.5,81287.3,80770.7,80809.9,926978.3,2026-05-12 07:59:59.999000+00:00,1
2026-05-12 08:00:00+00:00,80810.0,80924.9,80457.8,80733.3,1013096.6,2026-05-12 11:59:59.999000+00:00,1
2026-05-12 12:00:00+00:00,80733.3,80962.0,80135.0,80286.8,2482960.69,2026-05-12 15:59:59.999000+00:00,1
2026-05-12 16:00:00+00:00,80286.9,80829.8,79779.0,80788.5,1595359.9,2026-05-12 19:59:59.999000+00:00,1
2026-05-12 20:00:00+00:00,80788.5,80843.1,80387.8,80460.2,434762.5,2026-05-12 23:59:59.999000+00:00,1
2026-05-13 00:00:00+00:00,80460.2,81274.3,80363.5,81211.9,983307.19,2026-05-13 03:59:59.999000+00:00,1
2026-05-13 04:00:00+00:00,81212.0,81250.0,80851.0,80983.3,687104.48,2026-05-13 07:59:59.999000+00:00,1
2026-05-13 08:00:00+00:00,80983.3,81320.1,80462.0,80468.3,1340864.66,2026-05-13 11:59:59.999000+00:00,1
2026-05-13 12:00:00+00:00,80468.3,80565.7,78764.1,78800.1,3612238.02,2026-05-13 15:59:59.999000+00:00,1
2026-05-13 16:00:00+00:00,78800.1,79768.0,78721.5,79607.7,1591263.87,2026-05-13 19:59:59.999000+00:00,1
2026-05-13 20:00:00+00:00,79607.7,79728.4,79170.8,79288.2,537011.31,2026-05-13 23:59:59.999000+00:00,1
2026-05-14 00:00:00+00:00,79288.2,79658.2,78863.0,79008.1,1189669.51,2026-05-14 03:59:59.999000+00:00,1
2026-05-14 04:00:00+00:00,79008.2,79970.0,78940.0,79708.2,1129240.03,2026-05-14 07:59:59.999000+00:00,1
2026-05-14 08:00:00+00:00,79708.2,79908.0,79190.1,79225.0,992192.39,2026-05-14 11:59:59.999000+00:00,1
2026-05-14 12:00:00+00:00,79225.0,81286.8,79199.2,81241.8,3576661.18,2026-05-14 15:59:59.999000+00:00,1
2026-05-14 16:00:00+00:00,81241.9,82001.0,81015.6,81380.8,3020201.47,2026-05-14 19:59:59.999000+00:00,1
2026-05-14 20:00:00+00:00,81380.9,81550.0,81012.0,81060.0,653260.66,2026-05-14 23:59:59.999000+00:00,1
2026-05-15 00:00:00+00:00,81059.9,81630.5,80691.6,81021.1,1645653.64,2026-05-15 03:59:59.999000+00:00,1
2026-05-15 04:00:00+00:00,81021.2,81067.7,80251.5,80787.2,1764402.91,2026-05-15 07:59:59.999000+00:00,1
2026-05-15 08:00:00+00:00,80787.2,80799.9,80333.0,80592.0,945856.28,2026-05-15 11:59:59.999000+00:00,1
2026-05-15 12:00:00+00:00,80591.9,80609.6,78588.2,79117.2,4196103.51,2026-05-15 15:59:59.999000+00:00,1
2026-05-15 16:00:00+00:00,79117.1,79530.0,79017.5,79101.3,953035.3,2026-05-15 19:59:59.999000+00:00,1
2026-05-15 20:00:00+00:00,79101.4,79184.1,78856.5,79082.4,333321.4,2026-05-15 23:59:59.999000+00:00,1
2026-05-16 00:00:00+00:00,79082.4,79197.4,78978.2,79053.5,367479.42,2026-05-16 03:59:59.999000+00:00,1
2026-05-16 04:00:00+00:00,79053.6,79100.0,78002.0,78333.4,1446585.77,2026-05-16 07:59:59.999000+00:00,1
2026-05-16 08:00:00+00:00,78333.4,78499.9,77600.0,78055.2,1667093.68,2026-05-16 11:59:59.999000+00:00,1
2026-05-16 12:00:00+00:00,78055.3,78324.3,77807.2,78200.0,781563.41,2026-05-16 15:59:59.999000+00:00,1
2026-05-16 16:00:00+00:00,78200.1,78337.4,78078.1,78226.7,404523.53,2026-05-16 19:59:59.999000+00:00,1
2026-05-16 20:00:00+00:00,78226.8,78288.7,78089.3,78106.9,280162.37,2026-05-16 23:59:59.999000+00:00,1
2026-05-17 00:00:00+00:00,78106.9,78208.0,77672.4,77991.6,793735.34,2026-05-17 03:59:59.999000+00:00,1
2026-05-17 04:00:00+00:00,77991.6,78285.4,77964.0,78149.0,454096.15,2026-05-17 07:59:59.999000+00:00,1
2026-05-17 08:00:00+00:00,78148.9,78571.4,77996.8,78369.0,757665.85,2026-05-17 11:59:59.999000+00:00,1
2026-05-17 12:00:00+00:00,78369.0,78520.3,77777.0,78003.6,768510.94,2026-05-17 15:59:59.999000+00:00,1
2026-05-17 16:00:00+00:00,78003.6,78432.8,77811.5,78369.1,534680.31,2026-05-17 19:59:59.999000+00:00,1
2026-05-17 20:00:00+00:00,78369.0,78449.0,76633.3,77415.0,1922906.31,2026-05-17 23:59:59.999000+00:00,1
2026-05-18 00:00:00+00:00,77415.0,77444.8,76666.0,76896.9,1649018.02,2026-05-18 03:59:59.999000+00:00,1
2026-05-18 04:00:00+00:00,76896.9,77055.7,76535.8,77036.9,1194637.61,2026-05-18 07:59:59.999000+00:00,1
2026-05-18 08:00:00+00:00,77036.9,77373.7,76634.8,77253.6,976801.49,2026-05-18 11:59:59.999000+00:00,1
2026-05-18 12:00:00+00:00,77253.7,77772.6,76018.0,76384.0,3904557.53,2026-05-18 15:59:59.999000+00:00,1
2026-05-18 16:00:00+00:00,76384.0,76980.0,76111.0,76907.5,1684469.43,2026-05-18 19:59:59.999000+00:00,1
2026-05-18 20:00:00+00:00,76907.6,77194.9,76766.3,76962.2,815297.82,2026-05-18 23:59:59.999000+00:00,1
2026-05-19 00:00:00+00:00,76962.2,77379.9,76432.0,76753.8,1064754.95,2026-05-19 03:59:59.999000+00:00,1
2026-05-19 04:00:00+00:00,76753.8,77242.3,76604.4,77194.1,791583.46,2026-05-19 07:59:59.999000+00:00,1
2026-05-19 08:00:00+00:00,77194.1,77288.0,76601.0,76678.6,1165781.11,2026-05-19 11:59:59.999000+00:00,1
2026-05-19 12:00:00+00:00,76678.7,77026.2,76116.0,76498.2,1986155.35,2026-05-19 15:59:59.999000+00:00,1
2026-05-19 16:00:00+00:00,76498.3,77043.5,76381.4,76785.0,924747.89,2026-05-19 19:59:59.999000+00:00,1
2026-05-19 20:00:00+00:00,76785.4,77011.5,76612.8,76800.0,458499.26,2026-05-19 23:59:59.999000+00:00,1
2026-05-20 00:00:00+00:00,76799.9,76891.7,76469.0,76688.1,772609.95,2026-05-20 03:59:59.999000+00:00,1
2026-05-20 04:00:00+00:00,76688.1,77450.0,76650.0,77246.0,1138346.4,2026-05-20 07:59:59.999000+00:00,1
2026-05-20 08:00:00+00:00,77246.0,77627.5,77161.8,77346.1,972196.52,2026-05-20 11:59:59.999000+00:00,1
2026-05-20 12:00:00+00:00,77346.0,77830.7,76858.2,77424.6,2463289.26,2026-05-20 15:59:59.999000+00:00,1
2026-05-20 16:00:00+00:00,77424.6,77690.0,76981.5,77635.2,1098044.49,2026-05-20 19:59:59.999000+00:00,1
2026-05-20 20:00:00+00:00,77635.1,77730.0,77180.1,77512.3,625366.72,2026-05-20 23:59:59.999000+00:00,1
2026-05-21 00:00:00+00:00,77512.4,78161.5,77476.1,78033.1,1164592.0,2026-05-21 03:59:59.999000+00:00,1
2026-05-21 04:00:00+00:00,78033.2,78130.6,77457.4,77848.5,993275.71,2026-05-21 07:59:59.999000+00:00,1
2026-05-21 08:00:00+00:00,77848.5,78155.0,77116.7,77168.6,1538793.89,2026-05-21 11:59:59.999000+00:00,1
2026-05-21 12:00:00+00:00,77168.7,77379.8,76688.2,77223.7,1963496.87,2026-05-21 15:59:59.999000+00:00,1
2026-05-21 16:00:00+00:00,77223.7,78056.0,76970.6,77653.4,1968479.34,2026-05-21 19:59:59.999000+00:00,1
2026-05-21 20:00:00+00:00,77653.4,77776.0,77487.2,77583.0,387773.03,2026-05-21 23:59:59.999000+00:00,1
2026-05-22 00:00:00+00:00,77583.1,77776.0,77288.0,77739.9,592336.72,2026-05-22 03:59:59.999000+00:00,1
2026-05-22 04:00:00+00:00,77739.9,77866.6,77220.0,77369.8,777413.94,2026-05-22 07:59:59.999000+00:00,1
2026-05-22 08:00:00+00:00,77369.8,77511.1,77140.0,77399.9,640866.48,2026-05-22 11:59:59.999000+00:00,1
2026-05-22 12:00:00+00:00,77399.9,77549.9,76531.3,76765.0,1961093.56,2026-05-22 15:59:59.999000+00:00,1
2026-05-22 16:00:00+00:00,76765.1,77091.3,75620.0,75830.4,2090482.76,2026-05-22 19:59:59.999000+00:00,1
2026-05-22 20:00:00+00:00,75830.4,76055.0,75300.0,75508.7,1117035.1,2026-05-22 23:59:59.999000+00:00,1
2026-05-23 00:00:00+00:00,75508.7,75644.2,75180.0,75605.0,999004.86,2026-05-23 03:59:59.999000+00:00,1
2026-05-23 04:00:00+00:00,75605.1,75612.6,74200.0,74576.3,1910228.89,2026-05-23 07:59:59.999000+00:00,1
2026-05-23 08:00:00+00:00,74576.3,74850.0,74301.1,74753.9,1226417.07,2026-05-23 11:59:59.999000+00:00,1
2026-05-23 12:00:00+00:00,74753.9,75652.4,74621.7,75482.7,1764834.36,2026-05-23 15:59:59.999000+00:00,1
2026-05-23 16:00:00+00:00,75482.7,75999.4,75326.3,75949.8,961556.39,2026-05-23 19:59:59.999000+00:00,1
2026-05-23 20:00:00+00:00,75949.8,77378.8,75909.1,76709.2,2515478.32,2026-05-23 23:59:59.999000+00:00,1
2026-05-24 00:00:00+00:00,76709.2,76976.7,76588.7,76704.2,627144.63,2026-05-24 03:59:59.999000+00:00,1
2026-05-24 04:00:00+00:00,76704.2,77040.0,76608.0,76770.1,536637.69,2026-05-24 07:59:59.999000+00:00,1
2026-05-24 08:00:00+00:00,76770.1,77528.5,76700.0,77279.9,974196.18,2026-05-24 11:59:59.999000+00:00,1
2026-05-24 12:00:00+00:00,77280.0,77298.6,76150.0,76340.3,1505983.52,2026-05-24 15:59:59.999000+00:00,1
2026-05-24 16:00:00+00:00,76340.4,76784.4,76340.3,76738.0,604504.22,2026-05-24 19:59:59.999000+00:00,1
2026-05-24 20:00:00+00:00,76737.9,77198.0,76050.2,77029.9,1218370.65,2026-05-24 23:59:59.999000+00:00,1
2026-05-25 00:00:00+00:00,77030.0,77450.0,76845.7,76986.3,995650.46,2026-05-25 03:59:59.999000+00:00,1
2026-05-25 04:00:00+00:00,76986.3,77654.9,76945.4,77374.9,1069743.28,2026-05-25 07:59:59.999000+00:00,1
2026-05-25 08:00:00+00:00,77375.0,77733.0,77224.8,77319.1,813884.46,2026-05-25 11:59:59.999000+00:00,1
2026-05-25 12:00:00+00:00,77319.2,77876.5,77238.3,77591.7,1115919.95,2026-05-25 15:59:59.999000+00:00,1
2026-05-25 16:00:00+00:00,77591.6,77784.5,77309.2,77404.2,574780.45,2026-05-25 19:59:59.999000+00:00,1
2026-05-25 20:00:00+00:00,77404.0,77475.0,77006.0,77283.3,567827.64,2026-05-25 23:59:59.999000+00:00,1
2026-05-26 00:00:00+00:00,77283.4,77315.0,76430.0,76626.1,1292638.63,2026-05-26 03:59:59.999000+00:00,1
2026-05-26 04:00:00+00:00,76626.1,77035.0,76560.0,76684.0,841838.81,2026-05-26 07:59:59.999000+00:00,1
2026-05-26 08:00:00+00:00,76684.0,77594.1,76533.6,77155.3,1284681.96,2026-05-26 11:59:59.999000+00:00,1
2026-05-26 12:00:00+00:00,77155.3,78066.7,76230.0,76474.5,4011126.82,2026-05-26 15:59:59.999000+00:00,1
2026-05-26 16:00:00+00:00,76474.5,76689.6,75730.8,76022.4,1949673.69,2026-05-26 19:59:59.999000+00:00,1
2026-05-26 20:00:00+00:00,76022.4,76144.9,75626.0,75898.2,654986.92,2026-05-26 23:59:59.999000+00:00,1
2026-05-27 00:00:00+00:00,75898.2,76080.0,75561.3,75630.4,776176.77,2026-05-27 03:59:59.999000+00:00,1
2026-05-27 04:00:00+00:00,75630.4,75932.5,75267.6,75921.3,1154355.53,2026-05-27 07:59:59.999000+00:00,1
2026-05-27 08:00:00+00:00,75921.3,76024.0,75673.7,75741.3,869782.06,2026-05-27 11:59:59.999000+00:00,1
2026-05-27 12:00:00+00:00,75741.3,76157.1,74710.0,75297.0,2860065.57,2026-05-27 15:59:59.999000+00:00,1
2026-05-27 16:00:00+00:00,75297.0,75375.0,74621.1,75040.7,1100466.66,2026-05-27 19:59:59.999000+00:00,1
2026-05-27 20:00:00+00:00,75040.7,75385.2,74210.0,74414.1,1455430.73,2026-05-27 23:59:59.999000+00:00,1
2026-05-28 00:00:00+00:00,74414.0,74559.9,73031.3,73228.1,2741403.03,2026-05-28 03:59:59.999000+00:00,1
2026-05-28 04:00:00+00:00,73228.0,73468.0,72678.1,73457.4,2160603.82,2026-05-28 07:59:59.999000+00:00,1
2026-05-28 08:00:00+00:00,73457.4,73592.7,73172.6,73474.1,800451.41,2026-05-28 11:59:59.999000+00:00,1
2026-05-28 12:00:00+00:00,73474.0,73550.0,72554.0,72898.2,2785510.02,2026-05-28 15:59:59.999000+00:00,1
2026-05-28 16:00:00+00:00,72898.3,73726.2,72714.7,73388.7,1364864.12,2026-05-28 19:59:59.999000+00:00,1
2026-05-28 20:00:00+00:00,73388.7,73923.9,73207.7,73586.0,821868.28,2026-05-28 23:59:59.999000+00:00,1
2026-05-29 00:00:00+00:00,73586.1,73837.0,73160.2,73275.1,791147.1,2026-05-29 03:59:59.999000+00:00,1
2026-05-29 04:00:00+00:00,73275.1,73899.0,73181.0,73480.1,1024116.74,2026-05-29 07:59:59.999000+00:00,1
2026-05-29 08:00:00+00:00,73480.1,73877.5,73303.7,73440.0,888299.53,2026-05-29 11:59:59.999000+00:00,1
2026-05-29 12:00:00+00:00,73440.0,74159.0,72436.9,73764.6,3642509.69,2026-05-29 15:59:59.999000+00:00,1
2026-05-29 16:00:00+00:00,73764.7,74299.0,73132.8,73487.2,2228647.42,2026-05-29 19:59:59.999000+00:00,1
2026-05-29 20:00:00+00:00,73487.1,73822.8,73280.6,73431.4,541160.89,2026-05-29 23:59:59.999000+00:00,1
2026-05-30 00:00:00+00:00,73431.4,73758.5,73377.2,73492.0,451015.99,2026-05-30 03:59:59.999000+00:00,1
2026-05-30 04:00:00+00:00,73492.0,73680.0,73155.1,73519.7,715862.61,2026-05-30 07:59:59.999000+00:00,1
2026-05-30 08:00:00+00:00,73519.7,73649.9,73463.6,73564.0,265456.41,2026-05-30 11:59:59.999000+00:00,1
2026-05-30 12:00:00+00:00,73564.1,74069.3,73551.9,73889.6,814935.05,2026-05-30 15:59:59.999000+00:00,1
2026-05-30 16:00:00+00:00,73889.7,74119.8,73768.3,73976.1,404502.73,2026-05-30 19:59:59.999000+00:00,1
2026-05-30 20:00:00+00:00,73976.2,74019.1,73742.7,73850.0,268039.03,2026-05-30 23:59:59.999000+00:00,1
2026-05-31 00:00:00+00:00,73850.1,74244.7,73814.1,74110.1,588912.47,2026-05-31 03:59:59.999000+00:00,1
2026-05-31 04:00:00+00:00,74110.1,74180.0,73796.0,73830.0,350217.19,2026-05-31 07:59:59.999000+00:00,1
2026-05-31 08:00:00+00:00,73829.9,73986.8,73668.0,73910.6,432301.47,2026-05-31 11:59:59.999000+00:00,1
2026-05-31 12:00:00+00:00,73910.7,73999.0,73467.1,73622.6,834893.66,2026-05-31 15:59:59.999000+00:00,1
2026-05-31 16:00:00+00:00,73622.6,73704.1,73353.0,73527.5,544667.92,2026-05-31 19:59:59.999000+00:00,1
2026-05-31 20:00:00+00:00,73527.6,74168.0,73456.1,73649.1,695368.34,2026-05-31 23:59:59.999000+00:00,1
2026-06-01 00:00:00+00:00,73649.2,74061.0,73166.9,73722.2,1192085.43,2026-06-01 03:59:59.999000+00:00,1
2026-06-01 04:00:00+00:00,73722.3,73800.0,72665.0,72777.0,1271639.16,2026-06-01 07:59:59.999000+00:00,1
2026-06-01 08:00:00+00:00,72777.0,73078.6,72235.7,72453.9,1587852.83,2026-06-01 11:59:59.999000+00:00,1
2026-06-01 12:00:00+00:00,72453.9,72576.6,71023.1,71108.0,4810367.4,2026-06-01 15:59:59.999000+00:00,1
2026-06-01 16:00:00+00:00,71107.9,71779.7,70668.0,71574.5,2379860.67,2026-06-01 19:59:59.999000+00:00,1
2026-06-01 20:00:00+00:00,71574.5,71679.2,70812.1,71389.7,1029629.88,2026-06-01 23:59:59.999000+00:00,1
2026-06-02 00:00:00+00:00,71389.7,71391.8,70039.9,70930.1,2088974.06,2026-06-02 03:59:59.999000+00:00,1
2026-06-02 04:00:00+00:00,70930.1,71031.0,69690.2,70087.0,2663099.21,2026-06-02 07:59:59.999000+00:00,1
2026-06-02 08:00:00+00:00,70086.9,70153.5,69288.0,69435.1,2069713.73,2026-06-02 11:59:59.999000+00:00,1
2026-06-02 12:00:00+00:00,69435.2,69532.9,67055.0,67281.0,6796304.91,2026-06-02 15:59:59.999000+00:00,1
2026-06-02 16:00:00+00:00,67281.1,68132.3,66351.2,67284.4,3975613.41,2026-06-02 19:59:59.999000+00:00,1
2026-06-02 20:00:00+00:00,67284.5,67907.0,66155.1,66722.6,2889986.45,2026-06-02 23:59:59.999000+00:00,1
2026-06-03 00:00:00+00:00,66722.7,67182.9,65398.3,65823.7,2704265.09,2026-06-03 03:59:59.999000+00:00,1
2026-06-03 04:00:00+00:00,65823.6,67477.5,65790.5,67187.5,2863186.36,2026-06-03 07:59:59.999000+00:00,1
2026-06-03 08:00:00+00:00,67185.6,67450.0,66620.8,67039.8,1605096.89,2026-06-03 11:59:59.999000+00:00,1
2026-06-03 12:00:00+00:00,67039.9,67224.5,66050.0,66057.6,2763852.6,2026-06-03 15:59:59.999000+00:00,1
2026-06-03 16:00:00+00:00,66057.6,66353.7,65215.3,65436.6,2963563.16,2026-06-03 19:59:59.999000+00:00,1
2026-06-03 20:00:00+00:00,65436.6,65826.8,64056.0,64117.3,3349271.52,2026-06-03 23:59:59.999000+00:00,1
2026-06-04 00:00:00+00:00,64117.2,64500.0,61339.5,64330.4,8985092.72,2026-06-04 03:59:59.999000+00:00,1
2026-06-04 04:00:00+00:00,64330.4,64737.3,63438.5,63564.9,3327506.5,2026-06-04 07:59:59.999000+00:00,1
2026-06-04 08:00:00+00:00,63564.8,63879.2,62157.0,62516.7,4523125.38,2026-06-04 11:59:59.999000+00:00,1
2026-06-04 12:00:00+00:00,62516.7,64455.0,62352.0,63863.9,4986227.96,2026-06-04 15:59:59.999000+00:00,1
2026-06-04 16:00:00+00:00,63863.9,64137.8,62910.0,63600.7,2719171.93,2026-06-04 19:59:59.999000+00:00,1
2026-06-04 20:00:00+00:00,63600.7,63887.0,63070.7,63847.8,1406394.68,2026-06-04 23:59:59.999000+00:00,1
2026-06-05 00:00:00+00:00,63847.7,63958.1,62300.0,62706.4,2326360.14,2026-06-05 03:59:59.999000+00:00,1
2026-06-05 04:00:00+00:00,62706.4,63664.8,61075.1,63067.4,6094283.45,2026-06-05 07:59:59.999000+00:00,1
2026-06-05 08:00:00+00:00,63067.3,63262.2,61922.6,61935.0,2476252.42,2026-06-05 11:59:59.999000+00:00,1
2026-06-05 12:00:00+00:00,61935.0,62427.9,60011.0,60394.3,7165498.05,2026-06-05 15:59:59.999000+00:00,1
2026-06-05 16:00:00+00:00,60394.4,61542.3,59078.4,60267.2,6595791.34,2026-06-05 19:59:59.999000+00:00,1
2026-06-05 20:00:00+00:00,60267.2,61999.2,59906.4,61025.2,3582043.36,2026-06-05 23:59:59.999000+00:00,1
2026-06-06 00:00:00+00:00,61025.1,61493.0,60480.6,60654.1,1414610.51,2026-06-06 03:59:59.999000+00:00,1
2026-06-06 04:00:00+00:00,60654.2,61265.5,59447.5,60971.6,3573385.68,2026-06-06 07:59:59.999000+00:00,1
2026-06-06 08:00:00+00:00,60971.5,61476.8,60152.6,60774.9,1963956.21,2026-06-06 11:59:59.999000+00:00,1
2026-06-06 12:00:00+00:00,60774.9,61178.7,60356.5,60750.0,1358090.8,2026-06-06 15:59:59.999000+00:00,1
2026-06-06 16:00:00+00:00,60750.1,60944.1,60373.6,60565.2,848129.69,2026-06-06 19:59:59.999000+00:00,1
2026-06-06 20:00:00+00:00,60565.2,60974.5,60393.6,60849.2,677071.31,2026-06-06 23:59:59.999000+00:00,1
2026-06-07 00:00:00+00:00,60849.3,61741.7,60707.6,61661.2,1657873.98,2026-06-07 03:59:59.999000+00:00,1
2026-06-07 04:00:00+00:00,61661.2,62387.9,61440.0,62372.1,2025319.33,2026-06-07 07:59:59.999000+00:00,1
2026-06-07 08:00:00+00:00,62372.0,62937.0,62219.8,62598.6,2448280.0,2026-06-07 11:59:59.999000+00:00,1
2026-06-07 12:00:00+00:00,62598.5,62618.7,61520.1,62065.0,2740269.81,2026-06-07 15:59:59.999000+00:00,1
2026-06-07 16:00:00+00:00,62065.0,62299.0,61147.0,61300.0,1671167.35,2026-06-07 19:59:59.999000+00:00,1
2026-06-07 20:00:00+00:00,61299.9,64407.5,61192.0,63308.0,3922695.2,2026-06-07 23:59:59.999000+00:00,1
2026-06-08 00:00:00+00:00,63308.0,63838.0,62681.6,63099.9,2002582.88,2026-06-08 03:59:59.999000+00:00,1
2026-06-08 04:00:00+00:00,63099.9,63324.9,62376.1,63254.5,1787590.41,2026-06-08 07:59:59.999000+00:00,1
2026-06-08 08:00:00+00:00,63254.5,63852.4,62950.1,63444.9,2121805.79,2026-06-08 11:59:59.999000+00:00,1
2026-06-08 12:00:00+00:00,63444.9,64202.4,62653.1,63744.0,3572941.96,2026-06-08 15:59:59.999000+00:00,1
2026-06-08 16:00:00+00:00,63744.1,64026.3,63246.7,63341.7,1130265.74,2026-06-08 19:59:59.999000+00:00,1
2026-06-08 20:00:00+00:00,63341.7,63840.5,62939.0,63061.9,1008393.46,2026-06-08 23:59:59.999000+00:00,1
2026-06-09 00:00:00+00:00,63061.8,63154.9,62380.0,62839.4,1678108.82,2026-06-09 03:59:59.999000+00:00,1
2026-06-09 04:00:00+00:00,62839.4,63493.5,62718.4,63169.3,1369423.77,2026-06-09 07:59:59.999000+00:00,1
2026-06-09 08:00:00+00:00,63169.4,63187.2,62461.8,62678.8,1397840.01,2026-06-09 11:59:59.999000+00:00,1
2026-06-09 12:00:00+00:00,62678.8,62880.3,61002.0,61102.7,4382077.47,2026-06-09 15:59:59.999000+00:00,1
2026-06-09 16:00:00+00:00,61102.8,62077.0,60728.4,62066.0,2697231.75,2026-06-09 19:59:59.999000+00:00,1
2026-06-09 20:00:00+00:00,62066.0,62242.0,61521.7,61698.2,985667.41,2026-06-09 23:59:59.999000+00:00,1
2026-06-10 00:00:00+00:00,61698.2,61953.0,61200.2,61516.2,1136822.45,2026-06-10 03:59:59.999000+00:00,1
2026-06-10 04:00:00+00:00,61516.3,61764.2,61045.7,61654.8,1045555.94,2026-06-10 07:59:59.999000+00:00,1
2026-06-10 08:00:00+00:00,61654.9,61708.7,60638.3,61003.1,2182066.79,2026-06-10 11:59:59.999000+00:00,1
2026-06-10 12:00:00+00:00,61003.2,62840.4,60921.5,62598.8,4041006.75,2026-06-10 15:59:59.999000+00:00,1
2026-06-10 16:00:00+00:00,62598.8,62615.3,61573.7,61915.0,1737300.25,2026-06-10 19:59:59.999000+00:00,1
2026-06-10 20:00:00+00:00,61914.9,61924.9,61060.3,61475.3,1253236.37,2026-06-10 23:59:59.999000+00:00,1
2026-06-11 00:00:00+00:00,61475.3,62823.4,61475.3,62650.0,1586185.68,2026-06-11 03:59:59.999000+00:00,1
2026-06-11 04:00:00+00:00,62650.1,62998.9,62502.5,62683.7,1343310.96,2026-06-11 07:59:59.999000+00:00,1
2026-06-11 08:00:00+00:00,62683.6,63239.1,62678.0,63075.0,1258667.11,2026-06-11 11:59:59.999000+00:00,1
2026-06-11 12:00:00+00:00,63075.1,63212.1,62456.0,62724.0,2456601.61,2026-06-11 15:59:59.999000+00:00,1
2026-06-11 16:00:00+00:00,62724.0,63900.0,62310.0,63570.0,2749331.25,2026-06-11 19:59:59.999000+00:00,1
2026-06-11 20:00:00+00:00,63570.0,63684.4,63232.5,63596.9,680801.85,2026-06-11 23:59:59.999000+00:00,1
2026-06-12 00:00:00+00:00,63597.0,63764.3,63262.4,63491.4,775596.73,2026-06-12 03:59:59.999000+00:00,1
2026-06-12 04:00:00+00:00,63491.5,63834.9,62814.4,63063.0,1494526.02,2026-06-12 07:59:59.999000+00:00,1
2026-06-12 08:00:00+00:00,63063.0,63950.0,63063.0,63721.5,1440787.43,2026-06-12 11:59:59.999000+00:00,1
2026-06-12 12:00:00+00:00,63721.5,64378.8,63000.0,63564.2,3011950.72,2026-06-12 15:59:59.999000+00:00,1
2026-06-12 16:00:00+00:00,63564.2,64089.0,63477.0,63552.8,1177169.95,2026-06-12 19:59:59.999000+00:00,1
2026-06-12 20:00:00+00:00,63553.1,63668.4,63345.6,63541.9,503242.11,2026-06-12 23:59:59.999000+00:00,1
2026-06-13 00:00:00+00:00,63541.9,63817.2,63390.0,63497.6,600525.51,2026-06-13 03:59:59.999000+00:00,1
2026-06-13 04:00:00+00:00,63497.6,63859.0,63452.5,63812.5,480407.75,2026-06-13 07:59:59.999000+00:00,1
2026-06-13 08:00:00+00:00,63812.6,63937.1,63680.0,63934.8,512738.94,2026-06-13 11:59:59.999000+00:00,1
2026-06-13 12:00:00+00:00,63934.8,64312.4,63881.1,64262.5,934997.85,2026-06-13 15:59:59.999000+00:00,1
2026-06-13 16:00:00+00:00,64262.5,64315.8,63850.2,64262.5,906524.26,2026-06-13 19:59:59.999000+00:00,1
2026-06-13 20:00:00+00:00,64262.6,64745.0,64185.3,64417.1,853127.42,2026-06-13 23:59:59.999000+00:00,1
2026-06-14 00:00:00+00:00,64417.2,64685.6,64338.8,64507.8,523270.72,2026-06-14 03:59:59.999000+00:00,1
2026-06-14 04:00:00+00:00,64507.8,64518.5,64179.6,64402.5,586805.36,2026-06-14 07:59:59.999000+00:00,1
2026-06-14 08:00:00+00:00,64402.6,64635.9,64282.2,64509.9,517208.38,2026-06-14 11:59:59.999000+00:00,1
2026-06-14 12:00:00+00:00,64509.9,64525.6,63822.0,63984.9,1153631.72,2026-06-14 15:59:59.999000+00:00,1
2026-06-14 16:00:00+00:00,63984.9,64179.8,63644.8,63768.6,753619.6,2026-06-14 19:59:59.999000+00:00,1
2026-06-14 20:00:00+00:00,63768.6,65764.4,63760.0,65697.7,2760113.79,2026-06-14 23:59:59.999000+00:00,1
2026-06-15 00:00:00+00:00,65697.8,65996.9,65310.6,65883.7,1502135.87,2026-06-15 03:59:59.999000+00:00,1
2026-06-15 04:00:00+00:00,65883.7,65980.0,65566.5,65648.5,1116951.26,2026-06-15 07:59:59.999000+00:00,1
2026-06-15 08:00:00+00:00,65648.5,66370.0,65471.0,66197.9,1766182.61,2026-06-15 11:59:59.999000+00:00,1
2026-06-15 12:00:00+00:00,66198.0,67283.9,66070.0,67252.8,3437300.87,2026-06-15 15:59:59.999000+00:00,1
2026-06-15 16:00:00+00:00,67252.7,67253.3,66313.2,66580.0,1673706.82,2026-06-15 19:59:59.999000+00:00,1
2026-06-15 20:00:00+00:00,66579.9,66654.4,66065.0,66292.8,761273.9,2026-06-15 23:59:59.999000+00:00,1
2026-06-16 00:00:00+00:00,66292.7,66433.5,65612.9,66120.1,1457025.01,2026-06-16 03:59:59.999000+00:00,1
2026-06-16 04:00:00+00:00,66120.1,66567.0,65764.9,66333.6,1258270.13,2026-06-16 07:59:59.999000+00:00,1
2026-06-16 08:00:00+00:00,66333.6,66976.4,66305.3,66458.1,1481191.07,2026-06-16 11:59:59.999000+00:00,1
2026-06-16 12:00:00+00:00,66458.1,66790.0,65324.3,65834.7,2576934.4,2026-06-16 15:59:59.999000+00:00,1
2026-06-16 16:00:00+00:00,65834.8,66246.8,65520.8,65650.1,983615.09,2026-06-16 19:59:59.999000+00:00,1
2026-06-16 20:00:00+00:00,65650.0,65921.2,65554.5,65648.7,478488.46,2026-06-16 23:59:59.999000+00:00,1
2026-06-17 00:00:00+00:00,65648.7,66100.0,65408.9,65820.0,781781.58,2026-06-17 03:59:59.999000+00:00,1
2026-06-17 04:00:00+00:00,65820.0,66021.2,65213.6,65505.0,1072150.82,2026-06-17 07:59:59.999000+00:00,1
2026-06-17 08:00:00+00:00,65505.0,65543.6,64514.6,64777.0,2008863.69,2026-06-17 11:59:59.999000+00:00,1
2026-06-17 12:00:00+00:00,64777.0,65833.1,64555.0,65720.0,2387757.92,2026-06-17 15:59:59.999000+00:00,1
2026-06-17 16:00:00+00:00,65719.9,66426.6,64007.0,64278.2,4587507.14,2026-06-17 19:59:59.999000+00:00,1
2026-06-17 20:00:00+00:00,64278.2,64498.0,63880.0,64471.4,1058498.16,2026-06-17 23:59:59.999000+00:00,1
2026-06-18 00:00:00+00:00,64471.3,64775.4,64234.4,64250.1,857245.15,2026-06-18 03:59:59.999000+00:00,1
2026-06-18 04:00:00+00:00,64250.2,64480.0,63666.0,64474.1,1630973.78,2026-06-18 07:59:59.999000+00:00,1
2026-06-18 08:00:00+00:00,64474.1,64650.0,63846.3,63941.0,1330845.46,2026-06-18 11:59:59.999000+00:00,1
2026-06-18 12:00:00+00:00,63941.0,64416.4,62253.6,62332.2,3714847.11,2026-06-18 15:59:59.999000+00:00,1
2026-06-18 16:00:00+00:00,62332.2,62979.0,62222.2,62922.2,2074462.72,2026-06-18 19:59:59.999000+00:00,1
2026-06-18 20:00:00+00:00,62922.3,63249.9,62695.5,62920.8,727690.42,2026-06-18 23:59:59.999000+00:00,1
2026-06-19 00:00:00+00:00,62920.8,63084.7,62350.5,62746.4,979584.27,2026-06-19 03:59:59.999000+00:00,1
2026-06-19 04:00:00+00:00,62746.5,62893.3,62380.3,62598.2,969283.15,2026-06-19 07:59:59.999000+00:00,1
2026-06-19 08:00:00+00:00,62598.3,62751.4,62281.6,62599.5,1009941.0,2026-06-19 11:59:59.999000+00:00,1
2026-06-19 12:00:00+00:00,62599.5,63387.5,62320.0,63187.6,1868282.32,2026-06-19 15:59:59.999000+00:00,1
2026-06-19 16:00:00+00:00,63187.7,63361.3,62827.7,62999.9,963878.16,2026-06-19 19:59:59.999000+00:00,1
2026-06-19 20:00:00+00:00,63000.0,63645.7,62931.0,63510.5,582746.37,2026-06-19 23:59:59.999000+00:00,1
2026-06-20 00:00:00+00:00,63510.4,63752.0,63289.1,63448.6,647790.84,2026-06-20 03:59:59.999000+00:00,1
2026-06-20 04:00:00+00:00,63448.7,63886.0,63361.6,63622.6,767293.95,2026-06-20 07:59:59.999000+00:00,1
2026-06-20 08:00:00+00:00,63622.7,63769.4,63341.4,63646.6,841395.13,2026-06-20 11:59:59.999000+00:00,1
2026-06-20 12:00:00+00:00,63646.7,64355.5,63150.0,64129.7,2175484.35,2026-06-20 15:59:59.999000+00:00,1
2026-06-20 16:00:00+00:00,64129.8,64140.4,63701.7,63909.5,622689.34,2026-06-20 19:59:59.999000+00:00,1
2026-06-20 20:00:00+00:00,63909.5,64328.6,63822.7,64261.7,435237.49,2026-06-20 23:59:59.999000+00:00,1
2026-06-21 00:00:00+00:00,64261.6,64447.0,64179.5,64391.5,551272.36,2026-06-21 03:59:59.999000+00:00,1
2026-06-21 04:00:00+00:00,64391.5,64560.0,64127.3,64165.1,633797.64,2026-06-21 07:59:59.999000+00:00,1
2026-06-21 08:00:00+00:00,64165.1,64448.4,63864.0,64144.6,1186641.07,2026-06-21 11:59:59.999000+00:00,1
2026-06-21 12:00:00+00:00,64144.5,64332.5,63908.9,64191.6,838632.81,2026-06-21 15:59:59.999000+00:00,1
2026-06-21 16:00:00+00:00,64191.7,64270.0,63911.0,64169.1,457225.58,2026-06-21 19:59:59.999000+00:00,1
2026-06-21 20:00:00+00:00,64169.2,64237.7,63228.0,63278.9,1323823.53,2026-06-21 23:59:59.999000+00:00,1
2026-06-22 00:00:00+00:00,63278.9,64813.0,63278.8,63940.1,2444850.4,2026-06-22 03:59:59.999000+00:00,1
2026-06-22 04:00:00+00:00,63940.1,64382.8,63833.3,64179.3,948854.25,2026-06-22 07:59:59.999000+00:00,1
2026-06-22 08:00:00+00:00,64179.3,64745.8,64005.6,64625.0,1111369.86,2026-06-22 11:59:59.999000+00:00,1
2026-06-22 12:00:00+00:00,64625.0,65616.4,64551.7,64803.5,3170498.27,2026-06-22 15:59:59.999000+00:00,1
2026-06-22 16:00:00+00:00,64803.5,64831.8,64244.0,64451.4,1422574.02,2026-06-22 19:59:59.999000+00:00,1
2026-06-22 20:00:00+00:00,64451.4,64640.3,63766.0,63994.0,1115942.24,2026-06-22 23:59:59.999000+00:00,1
2026-06-23 00:00:00+00:00,63993.9,64250.0,63803.1,64040.0,835111.52,2026-06-23 03:59:59.999000+00:00,1
2026-06-23 04:00:00+00:00,64039.9,64067.8,62523.1,62846.3,2765742.5,2026-06-23 07:59:59.999000+00:00,1
2026-06-23 08:00:00+00:00,62846.2,62910.4,61883.8,62476.0,2556108.24,2026-06-23 11:59:59.999000+00:00,1
2026-06-23 12:00:00+00:00,62476.1,62828.1,61928.6,62459.9,2266550.65,2026-06-23 15:59:59.999000+00:00,1
2026-06-23 16:00:00+00:00,62459.9,62794.3,62075.0,62367.4,1193118.81,2026-06-23 19:59:59.999000+00:00,1
2026-06-23 20:00:00+00:00,62367.5,62774.8,62350.0,62701.4,524616.5,2026-06-23 23:59:59.999000+00:00,1
2026-06-24 00:00:00+00:00,62701.5,63097.9,62433.0,62706.5,1390793.18,2026-06-24 03:59:59.999000+00:00,1
2026-06-24 04:00:00+00:00,62706.6,63050.0,62499.9,62627.0,882539.77,2026-06-24 07:59:59.999000+00:00,1
2026-06-24 08:00:00+00:00,62627.0,63221.0,62260.0,62887.5,1460656.28,2026-06-24 11:59:59.999000+00:00,1
2026-06-24 12:00:00+00:00,62887.4,62944.2,60230.9,60252.7,6187533.07,2026-06-24 15:59:59.999000+00:00,1
2026-06-24 16:00:00+00:00,60252.7,60675.5,59050.3,59921.2,5857733.16,2026-06-24 19:59:59.999000+00:00,1
2026-06-24 20:00:00+00:00,59920.8,61243.9,59815.2,61050.0,2647548.43,2026-06-24 23:59:59.999000+00:00,1
2026-06-25 00:00:00+00:00,61050.1,61137.0,60650.0,60851.9,920772.24,2026-06-25 03:59:59.999000+00:00,1
2026-06-25 04:00:00+00:00,60852.0,61929.5,60752.9,61877.6,2098170.2,2026-06-25 07:59:59.999000+00:00,1
2026-06-25 08:00:00+00:00,61877.6,61888.0,61029.3,61258.9,1590402.69,2026-06-25 11:59:59.999000+00:00,1
2026-06-25 12:00:00+00:00,61259.0,61757.4,58031.5,59528.4,10365617.13,2026-06-25 15:59:59.999000+00:00,1
2026-06-25 16:00:00+00:00,59528.3,60031.0,59083.6,59295.5,2075760.33,2026-06-25 19:59:59.999000+00:00,1
2026-06-25 20:00:00+00:00,59295.5,60267.7,59292.3,59767.2,1170133.36,2026-06-25 23:59:59.999000+00:00,1
2026-06-26 00:00:00+00:00,59767.3,60114.0,58300.0,60010.1,3402783.33,2026-06-26 03:59:59.999000+00:00,1
2026-06-26 04:00:00+00:00,60010.1,60759.9,59668.4,60486.1,2694120.52,2026-06-26 07:59:59.999000+00:00,1
2026-06-26 08:00:00+00:00,60486.2,60540.0,59200.6,59390.4,2216466.41,2026-06-26 11:59:59.999000+00:00,1
2026-06-26 12:00:00+00:00,59390.3,60478.9,58468.0,60297.4,5602256.46,2026-06-26 15:59:59.999000+00:00,1
2026-06-26 16:00:00+00:00,60297.4,60573.2,59527.0,59730.0,1932028.86,2026-06-26 19:59:59.999000+00:00,1
2026-06-26 20:00:00+00:00,59730.1,60090.5,59529.4,60072.1,710904.8,2026-06-26 23:59:59.999000+00:00,1
2026-06-27 00:00:00+00:00,60072.1,60399.8,59853.5,60277.4,764320.2,2026-06-27 03:59:59.999000+00:00,1
2026-06-27 04:00:00+00:00,60277.5,60543.0,60089.0,60516.1,796326.66,2026-06-27 07:59:59.999000+00:00,1
2026-06-27 08:00:00+00:00,60516.1,60516.2,60161.6,60333.5,577075.82,2026-06-27 11:59:59.999000+00:00,1
2026-06-27 12:00:00+00:00,60333.5,60925.7,60226.8,60816.0,1092242.85,2026-06-27 15:59:59.999000+00:00,1
2026-06-27 16:00:00+00:00,60816.1,60832.5,60025.0,60153.3,1104701.34,2026-06-27 19:59:59.999000+00:00,1
2026-06-27 20:00:00+00:00,60153.2,60456.7,59821.4,59996.6,827959.23,2026-06-27 23:59:59.999000+00:00,1
2026-06-28 00:00:00+00:00,59996.7,60315.3,59950.0,60170.3,527610.04,2026-06-28 03:59:59.999000+00:00,1
2026-06-28 04:00:00+00:00,60170.3,60235.3,59719.3,60192.0,834061.84,2026-06-28 07:59:59.999000+00:00,1
2026-06-28 08:00:00+00:00,60192.0,60520.0,60034.1,60316.1,794783.66,2026-06-28 11:59:59.999000+00:00,1
2026-06-28 12:00:00+00:00,60316.1,60426.3,59768.1,59865.4,865358.73,2026-06-28 15:59:59.999000+00:00,1
2026-06-28 16:00:00+00:00,59865.4,59920.0,59219.5,59450.1,1337762.52,2026-06-28 19:59:59.999000+00:00,1
2026-06-28 20:00:00+00:00,59450.0,59888.0,58852.5,59548.9,1616275.9,2026-06-28 23:59:59.999000+00:00,1
2026-06-29 00:00:00+00:00,59548.9,60209.9,58858.6,60023.8,2386646.29,2026-06-29 03:59:59.999000+00:00,1
2026-06-29 04:00:00+00:00,60023.7,60329.4,59366.0,59990.1,1363250.8,2026-06-29 07:59:59.999000+00:00,1
2026-06-29 08:00:00+00:00,59990.1,60290.0,59711.1,59929.7,1306065.89,2026-06-29 11:59:59.999000+00:00,1
2026-06-29 12:00:00+00:00,59929.6,60770.0,58950.0,59788.6,5350624.85,2026-06-29 15:59:59.999000+00:00,1
2026-06-29 16:00:00+00:00,59788.7,60660.0,59555.0,60401.0,1974073.55,2026-06-29 19:59:59.999000+00:00,1
2026-06-29 20:00:00+00:00,60401.0,60563.7,60170.0,60231.4,527847.28,2026-06-29 23:59:59.999000+00:00,1
2026-06-30 00:00:00+00:00,60231.3,60254.0,59568.0,59592.7,1357266.65,2026-06-30 03:59:59.999000+00:00,1
2026-06-30 04:00:00+00:00,59592.7,59692.5,59324.3,59492.7,1265735.43,2026-06-30 07:59:59.999000+00:00,1
2026-06-30 08:00:00+00:00,59492.8,59525.0,59088.0,59162.9,1238283.81,2026-06-30 11:59:59.999000+00:00,1
2026-06-30 12:00:00+00:00,59162.9,59250.0,58158.1,58359.8,5547713.15,2026-06-30 15:59:59.999000+00:00,1
2026-06-30 16:00:00+00:00,58359.9,58817.8,58216.5,58789.7,1317515.45,2026-06-30 19:59:59.999000+00:00,1
2026-06-30 20:00:00+00:00,58789.7,58849.9,58471.5,58604.0,543021.99,2026-06-30 23:59:59.999000+00:00,1
2026-07-01 00:00:00+00:00,58604.1,59317.5,57750.0,59168.3,3343930.62,2026-07-01 03:59:59.999000+00:00,1
2026-07-01 04:00:00+00:00,59168.4,59436.8,58503.4,58743.5,1564364.52,2026-07-01 07:59:59.999000+00:00,1
2026-07-01 08:00:00+00:00,58743.5,59079.2,58463.5,58587.8,1258884.72,2026-07-01 11:59:59.999000+00:00,1
2026-07-01 12:00:00+00:00,58587.9,60538.9,58287.1,60123.2,5061621.97,2026-07-01 15:59:59.999000+00:00,1
2026-07-01 16:00:00+00:00,60123.3,60337.7,59765.1,60005.4,1269171.94,2026-07-01 19:59:59.999000+00:00,1
2026-07-01 20:00:00+00:00,60005.5,61342.8,59850.0,60003.2,2453144.44,2026-07-01 23:59:59.999000+00:00,1
2026-07-02 00:00:00+00:00,60003.1,61110.0,59560.0,61036.3,2212455.77,2026-07-02 03:59:59.999000+00:00,1
2026-07-02 04:00:00+00:00,61036.4,61038.8,60070.0,60119.2,1768929.45,2026-07-02 07:59:59.999000+00:00,1
2026-07-02 08:00:00+00:00,60119.2,61432.6,60110.0,61324.7,2705297.1,2026-07-02 11:59:59.999000+00:00,1
2026-07-02 12:00:00+00:00,61324.8,62186.6,61131.4,61583.4,4217141.19,2026-07-02 15:59:59.999000+00:00,1
2026-07-02 16:00:00+00:00,61583.4,61950.0,61100.0,61451.0,1703003.88,2026-07-02 19:59:59.999000+00:00,1
2026-07-02 20:00:00+00:00,61450.9,61631.6,61319.5,61537.1,538099.22,2026-07-02 23:59:59.999000+00:00,1
2026-07-03 00:00:00+00:00,61537.0,61709.8,61215.0,61412.6,995368.0,2026-07-03 03:59:59.999000+00:00,1
2026-07-03 04:00:00+00:00,61412.5,61849.9,61314.8,61733.3,886008.81,2026-07-03 07:59:59.999000+00:00,1
2026-07-03 08:00:00+00:00,61733.4,62087.7,61488.0,61993.8,1080545.08,2026-07-03 11:59:59.999000+00:00,1
2026-07-03 12:00:00+00:00,61993.9,62377.0,61668.0,61899.9,1818922.15,2026-07-03 15:59:59.999000+00:00,1
2026-07-03 16:00:00+00:00,61899.9,62288.8,61877.2,62175.1,684202.95,2026-07-03 19:59:59.999000+00:00,1
2026-07-03 20:00:00+00:00,62175.0,62933.6,62151.9,62552.9,1637601.82,2026-07-03 23:59:59.999000+00:00,1
2026-07-04 00:00:00+00:00,62553.0,62918.0,62372.2,62597.0,839127.94,2026-07-04 03:59:59.999000+00:00,1
2026-07-04 04:00:00+00:00,62596.9,62724.9,62300.0,62539.4,648976.38,2026-07-04 07:59:59.999000+00:00,1
2026-07-04 08:00:00+00:00,62539.5,62657.1,62390.0,62464.2,433885.26,2026-07-04 11:59:59.999000+00:00,1
2026-07-04 12:00:00+00:00,62464.2,63067.0,62464.2,62906.6,1200078.8,2026-07-04 15:59:59.999000+00:00,1
2026-07-04 16:00:00+00:00,62906.7,63450.0,62751.0,63266.9,1312266.4,2026-07-04 19:59:59.999000+00:00,1
2026-07-04 20:00:00+00:00,63266.8,63430.0,62909.8,63119.3,568217.12,2026-07-04 23:59:59.999000+00:00,1
2026-07-05 00:00:00+00:00,63119.3,63119.4,62570.2,62742.6,848322.57,2026-07-05 03:59:59.999000+00:00,1
2026-07-05 04:00:00+00:00,62742.7,63037.1,62620.0,62990.0,623177.63,2026-07-05 07:59:59.999000+00:00,1
2026-07-05 08:00:00+00:00,62990.1,63085.0,62410.3,62625.0,899757.31,2026-07-05 11:59:59.999000+00:00,1
2026-07-05 12:00:00+00:00,62625.0,62921.2,62533.0,62710.0,660271.15,2026-07-05 15:59:59.999000+00:00,1
2026-07-05 16:00:00+00:00,62710.1,62859.1,62573.3,62750.0,424316.16,2026-07-05 19:59:59.999000+00:00,1
2026-07-05 20:00:00+00:00,62750.0,63981.7,62581.3,63613.5,1778448.47,2026-07-05 23:59:59.999000+00:00,1
2026-07-06 00:00:00+00:00,63613.4,63895.0,63109.8,63280.8,1293797.48,2026-07-06 03:59:59.999000+00:00,1
2026-07-06 04:00:00+00:00,63280.8,63375.0,62860.0,63065.1,959718.14,2026-07-06 07:59:59.999000+00:00,1
2026-07-06 08:00:00+00:00,63065.1,63220.0,62440.2,62448.9,1572348.11,2026-07-06 11:59:59.999000+00:00,1
2026-07-06 12:00:00+00:00,62449.0,63529.0,61283.6,63519.9,5789304.87,2026-07-06 15:59:59.999000+00:00,1
2026-07-06 16:00:00+00:00,63519.9,63950.0,63352.8,63711.8,1919900.97,2026-07-06 19:59:59.999000+00:00,1
2026-07-06 20:00:00+00:00,63711.8,64729.0,63570.3,64025.5,1449811.98,2026-07-06 23:59:59.999000+00:00,1
2026-07-07 00:00:00+00:00,64025.5,64294.1,63125.0,63166.5,1515158.06,2026-07-07 03:59:59.999000+00:00,1
2026-07-07 04:00:00+00:00,63166.4,63423.6,62763.3,63061.2,1470022.34,2026-07-07 07:59:59.999000+00:00,1
2026-07-07 08:00:00+00:00,63061.3,63480.0,62943.9,63371.6,1007170.32,2026-07-07 11:59:59.999000+00:00,1
2026-07-07 12:00:00+00:00,63371.6,64089.9,62638.6,63913.4,3342460.61,2026-07-07 15:59:59.999000+00:00,1
2026-07-07 16:00:00+00:00,63913.4,64227.0,63356.2,63794.1,1406335.26,2026-07-07 19:59:59.999000+00:00,1
2026-07-07 20:00:00+00:00,63794.1,63881.7,63188.0,63338.7,740338.11,2026-07-07 23:59:59.999000+00:00,1
2026-07-08 00:00:00+00:00,63338.9,63744.7,62500.0,62741.0,1566959.95,2026-07-08 03:59:59.999000+00:00,1
2026-07-08 04:00:00+00:00,62740.9,62880.4,62432.6,62855.1,1034013.06,2026-07-08 07:59:59.999000+00:00,1
2026-07-08 08:00:00+00:00,62855.0,62912.0,61705.8,62278.0,2823564.28,2026-07-08 11:59:59.999000+00:00,1
2026-07-08 12:00:00+00:00,62278.0,62412.7,61514.7,61671.7,2165998.39,2026-07-08 15:59:59.999000+00:00,1
2026-07-08 16:00:00+00:00,61671.7,62377.0,61660.4,62254.4,1189406.85,2026-07-08 19:59:59.999000+00:00,1
2026-07-08 20:00:00+00:00,62254.4,62329.9,61927.5,62253.7,517073.64,2026-07-08 23:59:59.999000+00:00,1
2026-07-09 00:00:00+00:00,62253.6,62624.0,61658.6,61936.8,1331983.9,2026-07-09 03:59:59.999000+00:00,1
2026-07-09 04:00:00+00:00,61936.8,63278.9,61925.6,62973.7,2213464.35,2026-07-09 07:59:59.999000+00:00,1
2026-07-09 08:00:00+00:00,62973.7,63068.0,62587.0,62755.1,1050354.65,2026-07-09 11:59:59.999000+00:00,1
2026-07-09 12:00:00+00:00,62755.1,63230.4,62426.4,62835.1,2856536.14,2026-07-09 15:59:59.999000+00:00,1
2026-07-09 16:00:00+00:00,62835.0,63475.5,62531.2,63222.1,1458662.76,2026-07-09 19:59:59.999000+00:00,1
2026-07-09 20:00:00+00:00,63222.1,63399.9,63018.0,63196.8,590825.04,2026-07-09 23:59:59.999000+00:00,1
2026-07-10 00:00:00+00:00,63196.9,64035.0,62867.6,63925.0,1901287.55,2026-07-10 03:59:59.999000+00:00,1
2026-07-10 04:00:00+00:00,63924.9,64176.8,63772.6,63955.5,1063996.16,2026-07-10 07:59:59.999000+00:00,1
2026-07-10 08:00:00+00:00,63955.6,64482.3,63951.0,64397.7,1427819.64,2026-07-10 11:59:59.999000+00:00,1
2026-07-10 12:00:00+00:00,64397.7,64675.0,63755.2,64018.2,2177464.92,2026-07-10 15:59:59.999000+00:00,1
2026-07-10 16:00:00+00:00,64018.1,64214.2,63714.6,63901.9,840902.34,2026-07-10 19:59:59.999000+00:00,1
2026-07-10 20:00:00+00:00,63901.9,64185.0,63637.0,64137.8,552717.68,2026-07-10 23:59:59.999000+00:00,1
2026-07-11 00:00:00+00:00,64137.7,64283.0,63950.0,64120.0,472158.67,2026-07-11 03:59:59.999000+00:00,1
2026-07-11 04:00:00+00:00,64120.0,64245.4,64050.0,64132.4,320307.42,2026-07-11 07:59:59.999000+00:00,1
2026-07-11 08:00:00+00:00,64132.4,64277.0,64111.0,64176.2,323721.94,2026-07-11 11:59:59.999000+00:00,1
2026-07-11 12:00:00+00:00,64176.2,64484.8,63863.7,64145.4,910799.61,2026-07-11 15:59:59.999000+00:00,1
2026-07-11 16:00:00+00:00,64145.5,64385.9,64060.2,64267.1,417201.01,2026-07-11 19:59:59.999000+00:00,1
2026-07-11 20:00:00+00:00,64267.0,64439.1,63780.1,63780.1,608430.69,2026-07-11 23:59:59.999000+00:00,1
2026-07-12 00:00:00+00:00,63780.2,64200.0,63666.0,64197.2,736224.46,2026-07-12 03:59:59.999000+00:00,1
2026-07-12 04:00:00+00:00,64197.2,64220.0,63605.5,63857.6,708632.92,2026-07-12 07:59:59.999000+00:00,1
2026-07-12 08:00:00+00:00,63857.6,64077.5,63738.0,63987.5,630605.72,2026-07-12 11:59:59.999000+00:00,1
2026-07-12 12:00:00+00:00,63987.5,64287.7,63920.0,64153.1,568337.31,2026-07-12 15:59:59.999000+00:00,1
2026-07-12 16:00:00+00:00,64153.1,64256.2,63980.1,64211.4,388208.57,2026-07-12 19:59:59.999000+00:00,1
2026-07-12 20:00:00+00:00,64211.5,64238.0,63639.0,63750.1,683810.46,2026-07-12 23:59:59.999000+00:00,1
2026-07-13 00:00:00+00:00,63750.0,64398.0,62700.6,62782.1,3604141.51,2026-07-13 03:59:59.999000+00:00,1
2026-07-13 04:00:00+00:00,62782.1,63027.6,62447.0,62951.5,1753747.64,2026-07-13 07:59:59.999000+00:00,1
2026-07-13 08:00:00+00:00,62951.6,63250.0,62830.0,62875.4,1087148.1,2026-07-13 11:59:59.999000+00:00,1
2026-07-13 12:00:00+00:00,62875.5,62953.9,62065.9,62587.0,2652047.38,2026-07-13 15:59:59.999000+00:00,1
2026-07-13 16:00:00+00:00,62587.0,62607.7,61800.5,62264.1,1787310.08,2026-07-13 19:59:59.999000+00:00,1
2026-07-13 20:00:00+00:00,62264.0,62321.6,61850.0,62313.1,724294.07,2026-07-13 23:59:59.999000+00:00,1
2026-07-14 00:00:00+00:00,62313.2,62651.0,62240.0,62543.2,1075299.42,2026-07-14 03:59:59.999000+00:00,1
2026-07-14 04:00:00+00:00,62543.2,62845.0,62474.1,62521.3,1060185.91,2026-07-14 07:59:59.999000+00:00,1
2026-07-14 08:00:00+00:00,62521.4,62898.2,62460.3,62808.8,751333.8,2026-07-14 11:59:59.999000+00:00,1
2026-07-14 12:00:00+00:00,62808.9,65100.0,62751.2,64731.6,6231595.42,2026-07-14 15:59:59.999000+00:00,1
2026-07-14 16:00:00+00:00,64731.6,64886.9,64250.0,64546.5,1503173.83,2026-07-14 19:59:59.999000+00:00,1
2026-07-14 20:00:00+00:00,64547.3,65097.1,64384.4,65010.0,1078358.0,2026-07-14 23:59:59.999000+00:00,1
2026-07-15 00:00:00+00:00,65010.0,65039.1,64446.6,64766.7,913629.53,2026-07-15 03:59:59.999000+00:00,1
2026-07-15 04:00:00+00:00,64766.7,65265.0,64452.0,64524.8,1653970.34,2026-07-15 07:59:59.999000+00:00,1
2026-07-15 08:00:00+00:00,64524.9,64893.7,64524.9,64707.8,734449.11,2026-07-15 11:59:59.999000+00:00,1
2026-07-15 12:00:00+00:00,64707.8,65588.0,64567.0,65389.0,3452785.97,2026-07-15 15:59:59.999000+00:00,1
2026-07-15 16:00:00+00:00,65389.0,65436.0,64710.4,64953.2,1563102.9,2026-07-15 19:59:59.999000+00:00,1
2026-07-15 20:00:00+00:00,64953.1,65030.7,64656.0,64725.0,400751.62,2026-07-15 23:59:59.999000+00:00,1
2026-07-16 00:00:00+00:00,64725.0,64819.8,64366.4,64588.8,813904.4,2026-07-16 03:59:59.999000+00:00,1
2026-07-16 04:00:00+00:00,64588.9,64974.7,64050.0,64210.1,1243005.12,2026-07-16 07:59:59.999000+00:00,1
2026-07-16 08:00:00+00:00,64210.1,64336.3,63853.0,64219.8,1459181.61,2026-07-16 11:59:59.999000+00:00,1
2026-07-16 12:00:00+00:00,64219.8,64874.4,63826.7,64679.0,2371845.14,2026-07-16 15:59:59.999000+00:00,1
2026-07-16 16:00:00+00:00,64679.1,64694.4,63962.0,64242.7,1056718.24,2026-07-16 19:59:59.999000+00:00,1
2026-07-16 20:00:00+00:00,64242.6,64252.7,63716.2,63795.9,704200.57,2026-07-16 23:59:59.999000+00:00,1
2026-07-17 00:00:00+00:00,63796.0,64039.4,63358.1,63543.5,1612269.48,2026-07-17 03:59:59.999000+00:00,1
2026-07-17 04:00:00+00:00,63543.4,63547.4,62650.5,62789.6,2210103.13,2026-07-17 07:59:59.999000+00:00,1
2026-07-17 08:00:00+00:00,62789.7,63330.9,62600.0,63264.3,1191440.03,2026-07-17 11:59:59.999000+00:00,1
2026-07-17 12:00:00+00:00,63264.4,63498.0,62510.0,63436.7,2812640.14,2026-07-17 15:59:59.999000+00:00,1
2026-07-17 16:00:00+00:00,63436.8,64358.8,63284.7,64130.0,1972230.52,2026-07-17 19:59:59.999000+00:00,1
2026-07-17 20:00:00+00:00,64129.9,64200.0,63852.6,63908.2,469152.19,2026-07-17 23:59:59.999000+00:00,1
2026-07-18 00:00:00+00:00,63908.2,64012.7,63855.7,63989.5,307975.27,2026-07-18 03:59:59.999000+00:00,1
2026-07-18 04:00:00+00:00,63989.5,63999.0,63900.4,63980.8,230619.67,2026-07-18 07:59:59.999000+00:00,1
2026-07-18 08:00:00+00:00,63980.9,64068.0,63913.1,64038.4,244256.26,2026-07-18 11:59:59.999000+00:00,1
2026-07-18 12:00:00+00:00,64038.5,64257.7,63933.5,64093.0,688774.43,2026-07-18 15:59:59.999000+00:00,1
2026-07-18 16:00:00+00:00,64093.0,64645.3,64056.6,64521.4,860972.56,2026-07-18 19:59:59.999000+00:00,1
2026-07-18 20:00:00+00:00,64521.4,64849.1,64475.3,64802.4,838994.9,2026-07-18 23:59:59.999000+00:00,1
2026-07-19 00:00:00+00:00,64802.5,64942.0,64588.1,64689.9,611773.24,2026-07-19 03:59:59.999000+00:00,1
2026-07-19 04:00:00+00:00,64689.9,64790.0,64591.6,64694.2,395084.19,2026-07-19 07:59:59.999000+00:00,1
2026-07-19 08:00:00+00:00,64694.2,64725.0,64414.6,64443.4,706016.44,2026-07-19 11:59:59.999000+00:00,1
2026-07-19 12:00:00+00:00,64443.4,64633.0,64237.1,64549.5,965891.49,2026-07-19 15:59:59.999000+00:00,1
2026-07-19 16:00:00+00:00,64549.5,64730.0,64242.0,64429.5,635815.01,2026-07-19 19:59:59.999000+00:00,1
2026-07-19 20:00:00+00:00,64429.5,64869.0,64312.8,64700.0,618721.17,2026-07-19 23:59:59.999000+00:00,1
2026-07-20 00:00:00+00:00,64700.1,65088.0,64384.9,64836.4,1560208.11,2026-07-20 03:59:59.999000+00:00,1
2026-07-20 04:00:00+00:00,64836.3,64836.4,63722.6,64242.5,2419410.78,2026-07-20 07:59:59.999000+00:00,1
2026-07-20 08:00:00+00:00,64242.4,65050.0,63844.3,64970.8,1713058.55,2026-07-20 11:59:59.999000+00:00,1
2026-07-20 12:00:00+00:00,64970.9,65710.0,64040.9,65569.7,3515419.04,2026-07-20 15:59:59.999000+00:00,1
2026-07-20 16:00:00+00:00,65569.7,65770.4,65006.8,65110.9,1702977.5,2026-07-20 19:59:59.999000+00:00,1
2026-07-20 20:00:00+00:00,65111.0,65418.0,65027.1,65224.1,541839.43,2026-07-20 23:59:59.999000+00:00,1
2026-07-21 00:00:00+00:00,65224.0,65640.9,65119.0,65534.7,877353.32,2026-07-21 03:59:59.999000+00:00,1
2026-07-21 04:00:00+00:00,65534.7,66229.3,65442.4,66160.1,1655354.89,2026-07-21 07:59:59.999000+00:00,1
2026-07-21 08:00:00+00:00,66160.0,66387.0,66095.7,66314.9,1345826.32,2026-07-21 11:59:59.999000+00:00,1
2026-07-21 12:00:00+00:00,66314.9,66928.0,66238.2,66650.0,2507470.77,2026-07-21 15:59:59.999000+00:00,1
2026-07-21 16:00:00+00:00,66650.0,66732.0,66015.3,66416.4,1340192.13,2026-07-21 19:59:59.999000+00:00,1
2026-07-21 20:00:00+00:00,66416.3,66546.7,66156.2,66519.8,524402.31,2026-07-21 23:59:59.999000+00:00,1
2026-07-22 00:00:00+00:00,66519.8,66710.0,66147.1,66180.1,952969.95,2026-07-22 03:59:59.999000+00:00,1
2026-07-22 04:00:00+00:00,66180.0,66398.0,65654.2,65806.4,1350001.16,2026-07-22 07:59:59.999000+00:00,1
2026-07-22 08:00:00+00:00,65806.4,66138.0,65806.4,65992.1,1204330.98,2026-07-22 11:59:59.999000+00:00,1
2026-07-22 12:00:00+00:00,65992.1,66184.5,65505.4,66011.2,2446705.66,2026-07-22 15:59:59.999000+00:00,1
2026-07-22 16:00:00+00:00,66011.3,66396.6,65664.4,65895.6,1227722.66,2026-07-22 19:59:59.999000+00:00,1
2026-07-22 20:00:00+00:00,65895.5,66111.0,65760.1,66080.8,469240.91,2026-07-22 23:59:59.999000+00:00,1
2026-07-23 00:00:00+00:00,66080.9,66288.0,65538.1,65625.4,1101132.01,2026-07-23 03:59:59.999000+00:00,1
2026-07-23 04:00:00+00:00,65625.3,65784.9,65302.3,65408.5,932709.92,2026-07-23 07:59:59.999000+00:00,1
2026-07-23 08:00:00+00:00,65408.4,65753.8,65379.2,65530.0,815969.6,2026-07-23 11:59:59.999000+00:00,1
2026-07-23 12:00:00+00:00,65530.0,65556.7,64681.4,64927.6,2854063.29,2026-07-23 15:59:59.999000+00:00,1
2026-07-23 16:00:00+00:00,64927.5,64931.1,64606.0,64817.9,1089653.62,2026-07-23 19:59:59.999000+00:00,1
2026-07-23 20:00:00+00:00,64817.9,65190.0,64807.3,65066.0,773843.76,2026-07-23 23:59:59.999000+00:00,1
2026-07-24 00:00:00+00:00,65066.0,65430.0,64720.0,65418.5,1223117.49,2026-07-24 03:59:59.999000+00:00,1
2026-07-24 04:00:00+00:00,65418.5,65780.6,65214.6,65470.5,1307145.32,2026-07-24 07:59:59.999000+00:00,1
2026-07-24 08:00:00+00:00,65470.6,65481.3,64820.0,65049.9,1209584.38,2026-07-24 11:59:59.999000+00:00,1
2026-07-24 12:00:00+00:00,65049.8,65098.6,63700.0,64060.9,4292157.83,2026-07-24 15:59:59.999000+00:00,1
2026-07-24 16:00:00+00:00,64060.8,64272.3,63850.5,64196.2,907211.34,2026-07-24 19:59:59.999000+00:00,1
2026-07-24 20:00:00+00:00,64196.2,64250.0,64089.5,64119.7,294850.83,2026-07-24 23:59:59.999000+00:00,1
2026-07-25 00:00:00+00:00,64119.6,64148.8,63970.6,64045.0,386655.79,2026-07-25 03:59:59.999000+00:00,1
2026-07-25 04:00:00+00:00,64044.9,64169.1,63933.0,63973.1,413764.99,2026-07-25 07:59:59.999000+00:00,1
2026-07-25 08:00:00+00:00,63973.1,64076.9,63769.1,64028.1,568471.7,2026-07-25 11:59:59.999000+00:00,1
2026-07-25 12:00:00+00:00,64028.2,64256.0,63996.7,64152.5,630568.38,2026-07-25 15:59:59.999000+00:00,1
2026-07-25 16:00:00+00:00,64152.5,64428.5,64092.2,64362.7,557313.28,2026-07-25 19:59:59.999000+00:00,1
2026-07-25 20:00:00+00:00,64362.8,64399.6,64225.2,64344.3,290738.88,2026-07-25 23:59:59.999000+00:00,1
2026-07-26 00:00:00+00:00,64344.3,64547.0,64318.7,64514.2,472760.68,2026-07-26 03:59:59.999000+00:00,1
2026-07-26 04:00:00+00:00,64514.2,64565.0,64255.3,64348.6,518752.31,2026-07-26 07:59:59.999000+00:00,1
2026-07-26 08:00:00+00:00,64348.5,64544.3,64324.1,64477.7,337099.59,2026-07-26 11:59:59.999000+00:00,1
2026-07-26 12:00:00+00:00,64477.6,64798.4,64380.6,64737.2,1058693.31,2026-07-26 15:59:59.999000+00:00,1
2026-07-26 16:00:00+00:00,64737.2,64918.4,64638.1,64672.7,502981.31,2026-07-26 19:59:59.999000+00:00,1
2026-07-26 20:00:00+00:00,64672.6,65576.7,64600.6,65379.3,1467521.87,2026-07-26 23:59:59.999000+00:00,1
2026-07-27 00:00:00+00:00,65379.3,65402.9,64866.5,65257.5,1003566.13,2026-07-27 03:59:59.999000+00:00,1
2026-07-27 04:00:00+00:00,65257.5,65740.0,65173.2,65198.9,1153315.62,2026-07-27 07:59:59.999000+00:00,1
2026-07-27 08:00:00+00:00,65199.0,65412.2,65061.3,65081.9,801308.96,2026-07-27 11:59:59.999000+00:00,1
2026-07-27 12:00:00+00:00,65081.9,65682.5,64382.3,64520.0,3242946.56,2026-07-27 15:59:59.999000+00:00,1
2026-07-27 16:00:00+00:00,64520.0,65060.1,64483.7,64957.1,1219573.08,2026-07-27 19:59:59.999000+00:00,1
2026-07-27 20:00:00+00:00,64957.2,65028.6,63566.0,63727.4,1948053.04,2026-07-27 23:59:59.999000+00:00,1
2026-07-28 00:00:00+00:00,63727.4,63798.0,63011.0,63312.6,1963156.05,2026-07-28 03:59:59.999000+00:00,1
2026-07-28 04:00:00+00:00,63312.5,63635.0,63185.5,63468.5,1000570.04,2026-07-28 07:59:59.999000+00:00,1
2026-07-28 08:00:00+00:00,63468.4,63566.4,63257.0,63423.0,821114.6,2026-07-28 11:59:59.999000+00:00,1
2026-07-28 12:00:00+00:00,63423.1,63997.7,62700.1,63895.2,2732943.29,2026-07-28 15:59:59.999000+00:00,1
2026-07-28 16:00:00+00:00,63895.3,64077.9,63458.9,63873.0,1053408.56,2026-07-28 19:59:59.999000+00:00,1
2026-07-28 20:00:00+00:00,63873.0,64047.8,63522.0,63900.2,660360.8,2026-07-28 23:59:59.999000+00:00,1
2026-07-29 00:00:00+00:00,63900.1,64179.8,63616.0,63721.6,1255429.5,2026-07-29 03:59:59.999000+00:00,1
2026-07-29 04:00:00+00:00,63721.7,64555.0,63562.4,64534.7,1453781.89,2026-07-29 07:59:59.999000+00:00,1
2026-07-29 08:00:00+00:00,64534.7,64743.8,64250.5,64487.9,1207819.6,2026-07-29 11:59:59.999000+00:00,1
2026-07-29 12:00:00+00:00,64487.9,64697.3,63846.2,63942.9,2131092.27,2026-07-29 15:59:59.999000+00:00,1
2026-07-29 16:00:00+00:00,63942.9,64664.0,63476.8,63554.3,3077772.46,2026-07-29 19:59:59.999000+00:00,1
2026-07-29 20:00:00+00:00,63554.2,64098.0,63226.5,63955.1,1357772.03,2026-07-29 23:59:59.999000+00:00,1
2026-07-30 00:00:00+00:00,63955.0,64391.8,63580.0,64137.7,1227529.63,2026-07-30 03:59:59.999000+00:00,1
2026-07-30 04:00:00+00:00,64137.8,64162.9,63882.6,63980.4,654007.2,2026-07-30 07:59:59.999000+00:00,1
2026-07-30 08:00:00+00:00,63980.5,64870.8,63950.0,64757.5,1342145.59,2026-07-30 11:59:59.999000+00:00,1
2026-07-30 12:00:00+00:00,64757.4,65158.0,64573.2,64706.0,2000161.95,2026-07-30 15:59:59.999000+00:00,1
2026-07-30 16:00:00+00:00,64705.9,64967.2,64662.3,64776.9,555611.23,2026-07-30 19:59:59.999000+00:00,1
2026-07-30 20:00:00+00:00,64777.5,65060.4,64637.5,64757.6,674732.51,2026-07-30 23:59:59.999000+00:00,1
2026-07-31 00:00:00+00:00,64757.6,65390.8,64146.1,64340.2,2243761.3,2026-07-31 03:59:59.999000+00:00,1
2026-07-31 04:00:00+00:00,64340.2,64466.7,63819.2,63903.7,1280719.15,2026-07-31 07:59:59.999000+00:00,1
2026-07-31 08:00:00+00:00,63903.8,63987.1,63565.0,63778.5,1271560.17,2026-07-31 11:59:59.999000+00:00,1
2026-07-31 12:00:00+00:00,63778.6,63812.0,62410.5,62691.4,3819254.44,2026-07-31 15:59:59.999000+00:00,1
2026-07-31 16:00:00+00:00,62691.3,63269.3,62680.0,62947.3,1083157.25,2026-07-31 19:59:59.999000+00:00,1
2026-07-31 20:00:00+00:00,62947.3,63032.9,62815.2,62858.0,429824.2,2026-07-31 23:59:59.999000+00:00,1
2026-08-01 00:00:00+00:00,62858.0,63074.0,62858.0,62976.1,401482.84,2026-08-01 03:59:59.999000+00:00,1
2026-08-01 04:00:00+00:00,62976.0,63108.6,62961.2,63021.0,266454.42,2026-08-01 07:59:59.999000+00:00,1
2026-08-01 08:00:00+00:00,63021.0,63125.4,62953.0,63042.9,241299.51,2026-08-01 11:59:59.999000+00:00,1
2026-08-01 12:00:00+00:00,63042.9,63099.9,62974.6,62974.6,254610.46,2026-08-01 15:59:59.999000+00:00,1
2026-08-01 16:00:00+00:00,62974.6,63009.4,62227.0,62496.5,1329394.29,2026-08-01 19:59:59.999000+00:00,1
2026-08-01 20:00:00+00:00,62496.5,62836.0,62450.0,62788.9,459174.03,2026-08-01 23:59:59.999000+00:00,1
2026-08-02 00:00:00+00:00,62788.9,63556.1,62783.4,63435.0,1315121.65,2026-08-02 03:59:59.999000+00:00,1
2026-08-02 04:00:00+00:00,63435.1,63618.3,63388.0,63461.6,517854.16,2026-08-02 07:59:59.999000+00:00,1
2026-08-02 08:00:00+00:00,63461.6,63500.0,62936.5,62998.3,1043388.6,2026-08-02 11:59:59.999000+00:00,1
2026-08-02 12:00:00+00:00,62998.4,63200.0,62971.5,63080.6,532897.22,2026-08-02 15:59:59.999000+00:00,1
2026-08-02 16:00:00+00:00,63080.7,63585.0,63036.0,63426.8,561301.23,2026-08-02 19:59:59.999000+00:00,1
2026-08-02 20:00:00+00:00,63426.9,63779.8,63316.8,63545.7,767029.82,2026-08-02 23:59:59.999000+00:00,1
2026-08-03 00:00:00+00:00,63545.7,63566.0,62742.5,62838.6,1064685.33,2026-08-03 03:59:59.999000+00:00,1
2026-08-03 04:00:00+00:00,62838.5,62975.4,62520.3,62591.2,967231.36,2026-08-03 07:59:59.999000+00:00,1
2026-08-03 08:00:00+00:00,62591.2,62835.0,62268.0,62524.9,1328518.39,2026-08-03 11:59:59.999000+00:00,1
2026-08-03 12:00:00+00:00,62524.9,63989.9,62410.3,63659.7,3632211.34,2026-08-03 15:59:59.999000+00:00,1
2026-08-03 16:00:00+00:00,63659.8,64050.0,63630.0,63828.8,1081669.98,2026-08-03 19:59:59.999000+00:00,1
2026-08-03 20:00:00+00:00,63828.9,63995.1,63365.0,63503.5,781840.11,2026-08-03 23:59:59.999000+00:00,1
2026-08-04 00:00:00+00:00,63503.5,63958.5,63296.0,63764.3,971915.08,2026-08-04 03:59:59.999000+00:00,1
2026-08-04 04:00:00+00:00,63764.2,64249.1,63481.4,63666.2,1264745.03,2026-08-04 07:59:59.999000+00:00,1
2026-08-04 08:00:00+00:00,63666.2,63929.3,63430.5,63893.5,731119.63,2026-08-04 11:59:59.999000+00:00,1
2026-08-04 12:00:00+00:00,63893.4,64211.0,63581.2,64088.0,2178183.09,2026-08-04 15:59:59.999000+00:00,1
2026-08-04 16:00:00+00:00,64088.1,64388.0,63860.1,64198.0,989210.13,2026-08-04 19:59:59.999000+00:00,1
2026-08-04 20:00:00+00:00,64197.9,64534.5,63975.0,64078.0,1034317.69,2026-08-04 23:59:59.999000+00:00,1
2026-08-05 00:00:00+00:00,64078.1,64496.2,63925.0,64157.5,1039290.96,2026-08-05 03:59:59.999000+00:00,1
2026-08-05 04:00:00+00:00,64157.4,64500.0,63963.3,64143.1,800711.33,2026-08-05 07:59:59.999000+00:00,1
2026-08-05 08:00:00+00:00,64143.2,64256.6,63988.0,64048.0,615917.12,2026-08-05 11:59:59.999000+00:00,1
2026-08-05 12:00:00+00:00,64048.0,64720.0,63840.0,64351.0,2881151.8,2026-08-05 15:59:59.999000+00:00,1
2026-08-05 16:00:00+00:00,64351.1,64927.6,64350.2,64810.0,1433425.3,2026-08-05 19:59:59.999000+00:00,1
2026-08-05 20:00:00+00:00,64810.0,65026.0,64551.9,64626.8,992540.18,2026-08-05 23:59:59.999000+00:00,1
2026-08-06 00:00:00+00:00,64626.8,64720.0,64408.0,64502.1,656673.58,2026-08-06 03:59:59.999000+00:00,1
2026-08-06 04:00:00+00:00,64502.2,64980.0,64470.0,64788.2,812170.45,2026-08-06 07:59:59.999000+00:00,1
2026-08-06 08:00:00+00:00,64788.2,64975.0,64478.0,64589.2,738013.3,2026-08-06 11:59:59.999000+00:00,1
2026-08-06 12:00:00+00:00,64589.1,64957.4,64144.0,64599.0,2023313.69,2026-08-06 15:59:59.999000+00:00,1
2026-08-06 16:00:00+00:00,64599.0,64806.2,64330.0,64420.5,590281.97,2026-08-06 19:59:59.999000+00:00,1
2026-08-06 20:00:00+00:00,64420.5,64512.8,64162.3,64297.6,413878.32,2026-08-06 23:59:59.999000+00:00,1
2026-08-07 00:00:00+00:00,64297.5,64524.7,64201.1,64264.5,640555.61,2026-08-07 03:59:59.999000+00:00,1
2026-08-07 04:00:00+00:00,64264.5,64442.0,64111.1,64289.7,687671.38,2026-08-07 07:59:59.999000+00:00,1
2026-08-07 08:00:00+00:00,64289.7,65188.0,64274.5,64997.8,1553736.22,2026-08-07 11:59:59.999000+00:00,1
2026-08-07 12:00:00+00:00,64997.9,65357.8,64750.0,64884.8,2394846.83,2026-08-07 15:59:59.999000+00:00,1
2026-08-07 16:00:00+00:00,64884.7,65048.0,64485.0,64930.0,1135135.37,2026-08-07 19:59:59.999000+00:00,1
2026-08-07 20:00:00+00:00,64930.0,65087.0,64797.5,64886.0,291255.08,2026-08-07 23:59:59.999000+00:00,1
2026-08-08 00:00:00+00:00,64885.9,65044.7,64791.3,64999.9,285610.06,2026-08-08 03:59:59.999000+00:00,1
2026-08-08 04:00:00+00:00,65000.0,65045.4,64915.1,64934.0,204480.02,2026-08-08 07:59:59.999000+00:00,1
2026-08-08 08:00:00+00:00,64933.9,65024.9,64906.8,64933.9,207378.88,2026-08-08 11:59:59.999000+00:00,1
2026-08-08 12:00:00+00:00,64933.9,65172.5,64882.2,65046.3,451081.32,2026-08-08 15:59:59.999000+00:00,1
2026-08-08 16:00:00+00:00,65046.2,65128.1,64985.5,65041.1,145990.04,2026-08-08 19:59:59.999000+00:00,1
2026-08-08 20:00:00+00:00,65041.1,65059.9,64901.1,64928.4,150837.59,2026-08-08 23:59:59.999000+00:00,1
2026-08-09 00:00:00+00:00,64928.4,64980.1,64680.0,64753.8,482440.75,2026-08-09 03:59:59.999000+00:00,1
2026-08-09 04:00:00+00:00,64753.8,64835.0,64740.0,64790.4,196544.91,2026-08-09 07:59:59.999000+00:00,1
2026-08-09 08:00:00+00:00,64790.3,64968.3,64752.3,64912.8,336412.25,2026-08-09 11:59:59.999000+00:00,1
2026-08-09 12:00:00+00:00,64912.8,65279.9,64884.8,65200.0,603848.7,2026-08-09 15:59:59.999000+00:00,1
2026-08-09 16:00:00+00:00,65200.0,65235.0,65150.0,65159.5,177048.05,2026-08-09 19:59:59.999000+00:00,1
2026-08-09 20:00:00+00:00,65159.5,65500.0,64805.6,64870.1,962549.05,2026-08-09 23:59:59.999000+00:00,1
2026-08-10 00:00:00+00:00,64870.1,65368.9,64794.4,64950.5,980600.79,2026-08-10 03:59:59.999000+00:00,1
2026-08-10 04:00:00+00:00,64950.5,65337.9,64904.4,65179.1,522673.03,2026-08-10 07:59:59.999000+00:00,1
2026-08-10 08:00:00+00:00,65179.1,65300.0,64930.0,65100.3,485149.97,2026-08-10 11:59:59.999000+00:00,1
2026-08-10 12:00:00+00:00,65100.4,65217.0,64162.9,64277.1,2287499.01,2026-08-10 15:59:59.999000+00:00,1
2026-08-10 16:00:00+00:00,64277.1,64325.0,63775.9,64016.7,2049915.46,2026-08-10 19:59:59.999000+00:00,1
2026-08-10 20:00:00+00:00,64016.7,64174.8,63881.1,63947.7,454247.23,2026-08-10 23:59:59.999000+00:00,1
2026-08-11 00:00:00+00:00,63947.6,64158.8,63844.7,64120.0,507048.48,2026-08-11 03:59:59.999000+00:00,1
2026-08-11 04:00:00+00:00,64119.9,64134.1,63825.0,64035.0,437983.16,2026-08-11 07:59:59.999000+00:00,1
2026-08-11 08:00:00+00:00,64035.0,64379.8,64016.8,64356.3,707530.92,2026-08-11 11:59:59.999000+00:00,1
2026-08-11 12:00:00+00:00,64356.2,64474.0,63405.3,63584.7,2391774.43,2026-08-11 15:59:59.999000+00:00,1
2026-08-11 16:00:00+00:00,63584.6,63638.5,63162.7,63509.6,1451209.49,2026-08-11 19:59:59.999000+00:00,1
2026-08-11 20:00:00+00:00,63509.7,63742.8,63509.7,63566.1,488749.96,2026-08-11 23:59:59.999000+00:00,1
2026-08-12 00:00:00+00:00,63566.0,63886.8,63496.0,63800.1,569205.74,2026-08-12 03:59:59.999000+00:00,1
2026-08-12 04:00:00+00:00,63800.1,63864.2,63578.3,63803.4,558123.41,2026-08-12 07:59:59.999000+00:00,1
2026-08-12 08:00:00+00:00,63803.4,64215.6,63735.0,64202.5,1186037.95,2026-08-12 11:59:59.999000+00:00,1
2026-08-12 12:00:00+00:00,64202.5,64466.0,63280.0,63417.7,2815036.06,2026-08-12 15:59:59.999000+00:00,1
2026-08-12 16:00:00+00:00,63417.7,63558.5,63288.0,63400.8,721027.25,2026-08-12 19:59:59.999000+00:00,1
2026-08-12 20:00:00+00:00,63400.7,63643.3,63346.6,63461.5,586440.2,2026-08-12 23:59:59.999000+00:00,1
2026-08-13 00:00:00+00:00,63461.5,63698.0,63350.1,63627.0,769888.19,2026-08-13 03:59:59.999000+00:00,1
2026-08-13 04:00:00+00:00,63626.9,63997.8,63567.2,63835.2,1011517.91,2026-08-13 07:59:59.999000+00:00,1
2026-08-13 08:00:00+00:00,63835.2,63880.0,63313.0,63459.0,990215.87,2026-08-13 11:59:59.999000+00:00,1
2026-08-13 12:00:00+00:00,63459.0,63974.4,63380.1,63383.9,1595792.76,2026-08-13 15:59:59.999000+00:00,1
2026-08-13 16:00:00+00:00,63384.0,63557.0,62818.0,63388.8,2005130.3,2026-08-13 19:59:59.999000+00:00,1
2026-08-13 20:00:00+00:00,63388.8,63620.0,63342.4,63456.8,519043.08,2026-08-13 23:59:59.999000+00:00,1
2026-08-14 00:00:00+00:00,63456.8,63600.1,63271.1,63288.3,914978.54,2026-08-14 03:59:59.999000+00:00,1
2026-08-14 04:00:00+00:00,63288.2,63455.6,62887.5,62887.5,888832.82,2026-08-14 07:59:59.999000+00:00,1
2026-08-14 08:00:00+00:00,62887.5,62968.4,62666.0,62843.1,1249913.74,2026-08-14 11:59:59.999000+00:00,1
2026-08-14 12:00:00+00:00,62843.0,63069.7,62508.3,62966.1,1780558.69,2026-08-14 15:59:59.999000+00:00,1
2026-08-14 16:00:00+00:00,62966.2,63215.1,62785.8,62938.4,1009729.8,2026-08-14 19:59:59.999000+00:00,1
2026-08-14 20:00:00+00:00,62938.5,63049.0,62761.0,63019.5,490315.99,2026-08-14 23:59:59.999000+00:00,1
2026-08-15 00:00:00+00:00,63019.6,63164.5,62966.2,63026.7,282110.04,2026-08-15 03:59:59.999000+00:00,1
2026-08-15 04:00:00+00:00,63026.7,63129.0,63000.0,63049.1,261420.86,2026-08-15 07:59:59.999000+00:00,1
2026-08-15 08:00:00+00:00,63049.0,63058.3,62872.5,62991.6,370660.68,2026-08-15 11:59:59.999000+00:00,1
2026-08-15 12:00:00+00:00,62991.5,63095.8,62913.1,63065.0,243527.45,2026-08-15 15:59:59.999000+00:00,1
2026-08-15 16:00:00+00:00,63065.0,63094.2,63013.7,63091.6,127889.07,2026-08-15 19:59:59.999000+00:00,1
2026-08-15 20:00:00+00:00,63091.6,63143.0,63039.7,63057.5,118135.32,2026-08-15 23:59:59.999000+00:00,1
2026-08-16 00:00:00+00:00,63057.4,63120.0,62980.0,63098.9,188551.78,2026-08-16 03:59:59.999000+00:00,1
2026-08-16 04:00:00+00:00,63098.9,63122.2,63009.0,63031.0,131553.09,2026-08-16 07:59:59.999000+00:00,1
2026-08-16 08:00:00+00:00,63031.0,63046.4,62937.7,62986.5,172170.15,2026-08-16 11:59:59.999000+00:00,1
2026-08-16 12:00:00+00:00,62986.5,63106.9,62964.0,63106.9,184094.71,2026-08-16 15:59:59.999000+00:00,1
2026-08-16 16:00:00+00:00,63106.9,63363.5,63058.9,63080.9,627827.48,2026-08-16 19:59:59.999000+00:00,1
2026-08-16 20:00:00+00:00,63081.0,63117.5,62685.0,62878.8,588348.97,2026-08-16 23:59:59.999000+00:00,1
2026-08-17 00:00:00+00:00,62878.7,63499.5,62726.2,63405.0,1147160.2,2026-08-17 03:59:59.999000+00:00,1
2026-08-17 04:00:00+00:00,63405.0,63695.2,63404.9,63499.9,1036919.24,2026-08-17 07:59:59.999000+00:00,1
2026-08-17 08:00:00+00:00,63499.9,63761.2,63260.9,63593.0,1047427.86,2026-08-17 11:59:59.999000+00:00,1
2026-08-17 12:00:00+00:00,63593.0,64200.0,63408.1,64170.0,1890863.47,2026-08-17 15:59:59.999000+00:00,1
2026-08-17 16:00:00+00:00,64170.0,64591.0,63946.0,64279.9,1678695.42,2026-08-17 19:59:59.999000+00:00,1
2026-08-17 20:00:00+00:00,64279.9,64550.0,64233.7,64500.0,493496.88,2026-08-17 23:59:59.999000+00:00,1
2026-08-18 00:00:00+00:00,64500.1,64531.4,64009.5,64147.6,850488.75,2026-08-18 03:59:59.999000+00:00,1
2026-08-18 04:00:00+00:00,64147.6,64423.2,64057.1,64174.4,848953.8,2026-08-18 07:59:59.999000+00:00,1
2026-08-18 08:00:00+00:00,64174.4,64378.5,64058.0,64322.2,591883.12,2026-08-18 11:59:59.999000+00:00,1
2026-08-18 12:00:00+00:00,64322.2,65036.9,64016.3,64828.0,2360871.02,2026-08-18 15:59:59.999000+00:00,1
2026-08-18 16:00:00+00:00,64828.0,64865.0,64612.9,64620.6,568914.66,2026-08-18 19:59:59.999000+00:00,1
2026-08-18 20:00:00+00:00,64620.6,64789.1,64530.0,64700.6,395542.46,2026-08-18 23:59:59.999000+00:00,1
2026-08-19 00:00:00+00:00,64700.6,64712.8,64251.2,64304.4,919221.38,2026-08-19 03:59:59.999000+00:00,1
2026-08-19 04:00:00+00:00,64304.3,64391.4,64141.9,64266.1,690751.31,2026-08-19 07:59:59.999000+00:00,1
2026-08-19 08:00:00+00:00,64266.1,64518.9,64220.0,64477.6,614722.01,2026-08-19 11:59:59.999000+00:00,1
2026-08-19 12:00:00+00:00,64477.6,70099.2,64435.8,68530.1,10499601.99,2026-08-19 15:59:59.999000+00:00,1
2026-08-19 16:00:00+00:00,68530.0,68994.0,67802.0,68405.0,2489360.44,2026-08-19 19:59:59.999000+00:00,1
2026-08-19 20:00:00+00:00,68405.0,70054.0,68355.9,69307.8,2870109.49,2026-08-19 23:59:59.999000+00:00,1
2026-08-20 00:00:00+00:00,69307.9,69859.0,68878.4,69180.1,1752761.11,2026-08-20 03:59:59.999000+00:00,1
2026-08-20 04:00:00+00:00,69180.1,70030.3,69149.2,69819.9,1450900.71,2026-08-20 07:59:59.999000+00:00,1
2026-08-20 08:00:00+00:00,69820.0,72492.9,69776.9,71891.3,5171845.65,2026-08-20 11:59:59.999000+00:00,1
2026-08-20 12:00:00+00:00,71891.3,72845.0,71068.5,72438.2,3862491.32,2026-08-20 15:59:59.999000+00:00,1
2026-08-20 16:00:00+00:00,72438.3,72939.0,72180.0,72649.9,1553861.79,2026-08-20 19:59:59.999000+00:00,1
2026-08-20 20:00:00+00:00,72649.9,73414.8,72456.0,72996.6,1179852.35,2026-08-20 23:59:59.999000+00:00,1
2026-08-21 00:00:00+00:00,72996.6,75770.0,72984.5,74487.8,4995451.16,2026-08-21 03:59:59.999000+00:00,1
2026-08-21 04:00:00+00:00,74487.7,76880.6,74487.7,76303.3,3810240.11,2026-08-21 07:59:59.999000+00:00,1
2026-08-21 08:00:00+00:00,76303.3,79603.1,76251.1,76759.7,8614360.28,2026-08-21 11:59:59.999000+00:00,1
2026-08-21 12:00:00+00:00,76759.7,77888.0,76228.4,77222.8,3409395.62,2026-08-21 15:59:59.999000+00:00,1
2026-08-21 16:00:00+00:00,77222.7,77720.2,76611.0,76999.0,1719195.61,2026-08-21 19:59:59.999000+00:00,1
2026-08-21 20:00:00+00:00,76999.0,78769.9,76802.7,78317.5,1834474.16,2026-08-21 23:59:59.999000+00:00,1
2026-08-22 00:00:00+00:00,78317.4,78819.9,77666.7,78402.1,1241489.1,2026-08-22 03:59:59.999000+00:00,1
2026-08-22 04:00:00+00:00,78402.0,78812.1,76438.5,77282.0,2569323.36,2026-08-22 07:59:59.999000+00:00,1
2026-08-22 08:00:00+00:00,77282.0,77425.0,76501.8,77133.5,1294434.9,2026-08-22 11:59:59.999000+00:00,1
2026-08-22 12:00:00+00:00,77133.6,77400.0,76871.4,76987.9,645935.73,2026-08-22 15:59:59.999000+00:00,1
2026-08-22 16:00:00+00:00,76987.9,77584.8,76963.1,77419.0,667686.7,2026-08-22 19:59:59.999000+00:00,1
2026-08-22 20:00:00+00:00,77419.1,77467.1,76763.7,77086.7,481884.64,2026-08-22 23:59:59.999000+00:00,1
2026-08-23 00:00:00+00:00,77086.7,77417.3,76850.0,76950.1,586274.64,2026-08-23 03:59:59.999000+00:00,1
2026-08-23 04:00:00+00:00,76950.1,77057.0,75513.2,76030.0,2274843.69,2026-08-23 07:59:59.999000+00:00,1
2026-08-23 08:00:00+00:00,76030.0,77380.0,75979.0,77299.1,1276418.77,2026-08-23 11:59:59.999000+00:00,1
2026-08-23 12:00:00+00:00,77299.1,77777.0,76770.0,77137.8,1387220.16,2026-08-23 15:59:59.999000+00:00,1
2026-08-23 16:00:00+00:00,77137.8,77480.7,77088.4,77320.8,472665.61,2026-08-23 19:59:59.999000+00:00,1
2026-08-23 20:00:00+00:00,77320.8,78054.2,77177.3,77725.7,924269.83,2026-08-23 23:59:59.999000+00:00,1
2026-08-24 00:00:00+00:00,77725.8,77737.2,76855.1,76934.3,1129233.93,2026-08-24 03:59:59.999000+00:00,1
2026-08-24 04:00:00+00:00,76934.4,77777.7,76663.6,77303.7,1078081.18,2026-08-24 07:59:59.999000+00:00,1
2026-08-24 08:00:00+00:00,77303.7,78589.0,76827.3,78420.7,2014800.38,2026-08-24 11:59:59.999000+00:00,1
2026-08-24 12:00:00+00:00,78420.7,79998.9,77742.0,79055.5,5026713.09,2026-08-24 15:59:59.999000+00:00,1
2026-08-24 16:00:00+00:00,79055.5,79840.4,78400.1,78720.8,2351634.09,2026-08-24 19:59:59.999000+00:00,1
2026-08-24 20:00:00+00:00,78720.7,79017.5,78520.5,78954.0,505066.5,2026-08-24 23:59:59.999000+00:00,1
2026-08-25 00:00:00+00:00,78954.0,81266.4,78680.0,80447.3,3333608.59,2026-08-25 03:59:59.999000+00:00,1
2026-08-25 04:00:00+00:00,80447.3,80888.0,79320.0,79665.4,1652721.35,2026-08-25 07:59:59.999000+00:00,1
2026-08-25 08:00:00+00:00,79665.4,80220.4,78843.2,79095.8,1716595.7,2026-08-25 11:59:59.999000+00:00,1
2026-08-25 12:00:00+00:00,79095.7,79486.0,78050.0,79462.2,2817173.77,2026-08-25 15:59:59.999000+00:00,1
2026-08-25 16:00:00+00:00,79462.1,79542.5,78680.0,78889.7,993951.79,2026-08-25 19:59:59.999000+00:00,1
2026-08-25 20:00:00+00:00,78889.7,78980.0,77810.0,78506.1,1476493.23,2026-08-25 23:59:59.999000+00:00,1
2026-08-26 00:00:00+00:00,78506.1,79234.3,78263.4,79056.9,770108.99,2026-08-26 03:59:59.999000+00:00,1
2026-08-26 04:00:00+00:00,79057.0,79176.5,78603.8,78884.7,673933.14,2026-08-26 07:59:59.999000+00:00,1
2026-08-26 08:00:00+00:00,78884.8,79080.3,78209.7,78447.4,1197270.43,2026-08-26 11:59:59.999000+00:00,1
2026-08-26 12:00:00+00:00,78447.3,78693.0,77554.5,77979.9,2630855.84,2026-08-26 15:59:59.999000+00:00,1
2026-08-26 16:00:00+00:00,77979.9,78643.8,77820.4,78431.7,951968.26,2026-08-26 19:59:59.999000+00:00,1
2026-08-26 20:00:00+00:00,78431.8,79150.2,78150.9,78993.2,810352.61,2026-08-26 23:59:59.999000+00:00,1
2026-08-27 00:00:00+00:00,78993.3,79000.0,78504.4,78797.6,777367.54,2026-08-27 03:59:59.999000+00:00,1
2026-08-27 04:00:00+00:00,78797.5,79063.1,78561.2,79040.1,619832.84,2026-08-27 07:59:59.999000+00:00,1
2026-08-27 08:00:00+00:00,79040.0,80499.9,79001.8,79445.9,2866276.64,2026-08-27 11:59:59.999000+00:00,1
2026-08-27 12:00:00+00:00,79446.0,80776.7,78853.4,80258.8,2328312.58,2026-08-27 15:59:59.999000+00:00,1
2026-08-27 16:00:00+00:00,80258.9,80799.9,79706.3,79870.0,1370110.08,2026-08-27 19:59:59.999000+00:00,1
2026-08-27 20:00:00+00:00,79870.0,80409.9,79838.0,80211.9,392018.9,2026-08-27 23:59:59.999000+00:00,1
2026-08-28 00:00:00+00:00,80212.0,81520.0,79675.1,79780.0,2200966.9,2026-08-28 03:59:59.999000+00:00,1
2026-08-28 04:00:00+00:00,79780.0,79970.5,79519.6,79647.4,1000805.51,2026-08-28 07:59:59.999000+00:00,1
2026-08-28 08:00:00+00:00,79647.3,79843.4,78950.8,79570.1,1271780.55,2026-08-28 11:59:59.999000+00:00,1
2026-08-28 12:00:00+00:00,79570.0,79860.0,78246.7,78294.1,3331717.02,2026-08-28 15:59:59.999000+00:00,1
2026-08-28 16:00:00+00:00,78294.1,78372.0,76847.3,77549.9,3507265.63,2026-08-28 19:59:59.999000+00:00,1
2026-08-28 20:00:00+00:00,77549.9,77820.7,77217.0,77813.0,500976.66,2026-08-28 23:59:59.999000+00:00,1
2026-08-29 00:00:00+00:00,77812.9,77918.2,77470.0,77475.0,535662.18,2026-08-29 03:59:59.999000+00:00,1
2026-08-29 04:00:00+00:00,77475.0,77683.7,77350.0,77581.3,421815.14,2026-08-29 07:59:59.999000+00:00,1
2026-08-29 08:00:00+00:00,77581.4,77717.8,77439.4,77554.7,376332.25,2026-08-29 11:59:59.999000+00:00,1
2026-08-29 12:00:00+00:00,77554.7,78125.0,77476.8,77821.7,622527.08,2026-08-29 15:59:59.999000+00:00,1
2026-08-29 16:00:00+00:00,77821.7,78299.0,77814.8,78152.4,464682.85,2026-08-29 19:59:59.999000+00:00,1
2026-08-29 20:00:00+00:00,78152.3,78264.9,78020.0,78194.6,228497.19,2026-08-29 23:59:59.999000+00:00,1
2026-08-30 00:00:00+00:00,78194.5,78299.0,77937.0,78104.4,337229.12,2026-08-30 03:59:59.999000+00:00,1
2026-08-30 04:00:00+00:00,78104.4,78288.0,77950.0,78083.5,272389.19,2026-08-30 07:59:59.999000+00:00,1
2026-08-30 08:00:00+00:00,78083.6,78200.0,77916.0,78137.4,365441.83,2026-08-30 11:59:59.999000+00:00,1
2026-08-30 12:00:00+00:00,78137.4,78935.3,78137.4,78786.4,1329666.63,2026-08-30 15:59:59.999000+00:00,1
2026-08-30 16:00:00+00:00,78786.4,79387.8,78678.3,78828.7,1216670.86,2026-08-30 19:59:59.999000+00:00,1
2026-08-30 20:00:00+00:00,78828.6,78902.3,76916.6,77640.2,1599904.74,2026-08-30 23:59:59.999000+00:00,1
2026-08-31 00:00:00+00:00,77640.3,78160.0,77350.0,77718.0,1205031.14,2026-08-31 03:59:59.999000+00:00,1
2026-08-31 04:00:00+00:00,77718.1,78290.0,77424.8,78164.4,1049956.59,2026-08-31 07:59:59.999000+00:00,1
2026-08-31 08:00:00+00:00,78164.5,78790.9,77953.0,78281.5,1142839.02,2026-08-31 11:59:59.999000+00:00,1
2026-08-31 12:00:00+00:00,78281.6,78744.8,77634.5,78542.2,2148441.01,2026-08-31 15:59:59.999000+00:00,1
2026-08-31 16:00:00+00:00,78542.2,79238.9,78459.5,78863.6,1043850.91,2026-08-31 19:59:59.999000+00:00,1
2026-08-31 20:00:00+00:00,78863.7,79138.4,78355.0,78549.9,488507.02,2026-08-31 23:59:59.999000+00:00,1
2026-09-01 00:00:00+00:00,78549.9,78869.9,78133.4,78654.6,817939.83,2026-09-01 03:59:59.999000+00:00,1
2026-09-01 04:00:00+00:00,78654.7,79185.7,78460.9,78599.4,928758.1,2026-09-01 07:59:59.999000+00:00,1
2026-09-01 08:00:00+00:00,78599.4,78628.5,77720.6,78060.0,1482841.03,2026-09-01 11:59:59.999000+00:00,1
2026-09-01 12:00:00+00:00,78060.0,78388.0,77400.9,77882.1,2007646.06,2026-09-01 15:59:59.999000+00:00,1
2026-09-01 16:00:00+00:00,77882.1,77940.0,76385.0,77284.8,2363697.58,2026-09-01 19:59:59.999000+00:00,1
2026-09-01 20:00:00+00:00,77284.8,77645.0,76871.8,77399.3,807015.41,2026-09-01 23:59:59.999000+00:00,1
2026-09-02 00:00:00+00:00,77399.2,77770.8,76667.3,77530.6,1325064.86,2026-09-02 03:59:59.999000+00:00,1
2026-09-02 04:00:00+00:00,77530.6,77734.5,77242.4,77449.2,683640.75,2026-09-02 07:59:59.999000+00:00,1
2026-09-02 08:00:00+00:00,77449.3,77520.0,76204.5,76799.7,1995657.51,2026-09-02 11:59:59.999000+00:00,1
2026-09-02 12:00:00+00:00,76799.8,77459.6,76567.9,77256.3,2189726.7,2026-09-02 15:59:59.999000+00:00,1
2026-09-02 16:00:00+00:00,77256.3,77550.8,76925.4,77307.7,954890.04,2026-09-02 19:59:59.999000+00:00,1
2026-09-02 20:00:00+00:00,77307.8,77488.5,76972.4,77303.8,415688.56,2026-09-02 23:59:59.999000+00:00,1
2026-09-03 00:00:00+00:00,77303.7,77875.9,76926.0,77666.1,1122566.09,2026-09-03 03:59:59.999000+00:00,1
2026-09-03 04:00:00+00:00,77666.1,78149.9,77050.0,77630.1,1415785.43,2026-09-03 07:59:59.999000+00:00,1
2026-09-03 08:00:00+00:00,77630.1,78035.7,77436.2,77900.1,1036382.27,2026-09-03 11:59:59.999000+00:00,1
2026-09-03 12:00:00+00:00,77900.1,81338.4,77845.3,81319.9,5478287.49,2026-09-03 15:59:59.999000+00:00,1
2026-09-03 16:00:00+00:00,81319.9,81770.0,80580.0,81721.7,2065746.09,2026-09-03 19:59:59.999000+00:00,1
2026-09-03 20:00:00+00:00,81721.7,82279.9,80852.7,81228.7,1555394.97,2026-09-03 23:59:59.999000+00:00,1
2026-09-04 00:00:00+00:00,81228.6,81411.9,80620.4,80799.2,940323.07,2026-09-04 03:59:59.999000+00:00,1
2026-09-04 04:00:00+00:00,80799.1,81247.0,80520.6,80631.8,844814.45,2026-09-04 07:59:59.999000+00:00,1
2026-09-04 08:00:00+00:00,80631.7,81378.8,80466.0,81183.4,1202433.24,2026-09-04 11:59:59.999000+00:00,1
2026-09-04 12:00:00+00:00,81183.4,81331.6,78610.6,79378.9,5000721.52,2026-09-04 15:59:59.999000+00:00,1
2026-09-04 16:00:00+00:00,79378.9,79828.1,79324.0,79749.7,912202.14,2026-09-04 19:59:59.999000+00:00,1
2026-09-04 20:00:00+00:00,79749.6,79824.2,79479.1,79620.3,288164.59,2026-09-04 23:59:59.999000+00:00,1
2026-09-05 00:00:00+00:00,79620.2,79690.8,79436.6,79545.6,348306.13,2026-09-05 03:59:59.999000+00:00,1
2026-09-05 04:00:00+00:00,79545.6,79722.6,79402.9,79672.3,390907.03,2026-09-05 07:59:59.999000+00:00,1
2026-09-05 08:00:00+00:00,79672.3,79693.1,79519.9,79568.0,339825.47,2026-09-05 11:59:59.999000+00:00,1
2026-09-05 12:00:00+00:00,79568.0,79777.0,79503.6,79759.9,430743.88,2026-09-05 15:59:59.999000+00:00,1
2026-09-05 16:00:00+00:00,79760.0,80178.0,79674.2,79708.7,758398.0,2026-09-05 19:59:59.999000+00:00,1
2026-09-05 20:00:00+00:00,79708.7,79899.4,79633.8,79792.3,347539.2,2026-09-05 23:59:59.999000+00:00,1
2026-09-06 00:00:00+00:00,79792.2,80075.6,79786.2,80000.0,385998.36,2026-09-06 03:59:59.999000+00:00,1
2026-09-06 04:00:00+00:00,80000.0,80085.0,79520.0,79772.1,579091.09,2026-09-06 07:59:59.999000+00:00,1
2026-09-06 08:00:00+00:00,79772.0,79984.2,79717.7,79867.2,321236.01,2026-09-06 11:59:59.999000+00:00,1
2026-09-06 12:00:00+00:00,79867.2,79972.3,79119.6,79674.9,934607.59,2026-09-06 15:59:59.999000+00:00,1
2026-09-06 16:00:00+00:00,79674.9,79932.6,79542.2,79794.4,317657.94,2026-09-06 19:59:59.999000+00:00,1
2026-09-06 20:00:00+00:00,79794.5,80549.7,79602.6,80300.1,767101.83,2026-09-06 23:59:59.999000+00:00,1
2026-09-07 00:00:00+00:00,80300.1,80405.0,79539.0,79557.4,1102372.64,2026-09-07 03:59:59.999000+00:00,1
2026-09-07 04:00:00+00:00,79557.5,79884.4,78920.0,79357.9,916060.89,2026-09-07 07:59:59.999000+00:00,1
2026-09-07 08:00:00+00:00,79357.9,79523.5,79232.9,79378.6,437531.79,2026-09-07 11:59:59.999000+00:00,1
2026-09-07 12:00:00+00:00,79378.6,79611.0,78619.6,78794.7,1289286.43,2026-09-07 15:59:59.999000+00:00,1
2026-09-07 16:00:00+00:00,78794.6,79383.4,78775.0,79324.2,510871.9,2026-09-07 19:59:59.999000+00:00,1
2026-09-07 20:00:00+00:00,79324.2,79357.7,78704.4,79074.5,513215.45,2026-09-07 23:59:59.999000+00:00,1
2026-09-08 00:00:00+00:00,79074.4,79454.0,78681.4,78877.0,871059.52,2026-09-08 03:59:59.999000+00:00,1
2026-09-08 04:00:00+00:00,78877.0,78900.0,78123.2,78443.9,1389806.18,2026-09-08 07:59:59.999000+00:00,1
2026-09-08 08:00:00+00:00,78444.0,78965.0,78250.0,78398.8,1041998.07,2026-09-08 11:59:59.999000+00:00,1
2026-09-08 12:00:00+00:00,78398.8,78873.1,77574.3,78866.0,2051237.99,2026-09-08 15:59:59.999000+00:00,1
2026-09-08 16:00:00+00:00,78865.9,78940.0,78232.0,78410.1,812847.91,2026-09-08 19:59:59.999000+00:00,1
2026-09-08 20:00:00+00:00,78410.0,78646.8,78368.5,78420.7,379511.01,2026-09-08 23:59:59.999000+00:00,1
2026-09-09 00:00:00+00:00,78420.8,78888.0,78413.2,78593.7,585455.49,2026-09-09 03:59:59.999000+00:00,1
2026-09-09 04:00:00+00:00,78593.8,79377.2,78593.7,79247.4,1228384.58,2026-09-09 07:59:59.999000+00:00,1
2026-09-09 08:00:00+00:00,79247.5,79744.4,78706.9,79286.1,1546096.4,2026-09-09 11:59:59.999000+00:00,1
2026-09-09 12:00:00+00:00,79286.2,79649.9,78028.0,78569.3,2746647.14,2026-09-09 15:59:59.999000+00:00,1
2026-09-09 16:00:00+00:00,78569.3,78902.4,78118.0,78196.3,917867.44,2026-09-09 19:59:59.999000+00:00,1
2026-09-09 20:00:00+00:00,78196.2,78304.4,77710.0,78265.0,886743.62,2026-09-09 23:59:59.999000+00:00,1
2026-09-10 00:00:00+00:00,78265.0,78520.0,77904.4,78297.4,901176.92,2026-09-10 03:59:59.999000+00:00,1
2026-09-10 04:00:00+00:00,78297.4,78519.4,77875.0,78070.9,802526.81,2026-09-10 07:59:59.999000+00:00,1
2026-09-10 08:00:00+00:00,78070.9,78198.0,77640.6,77805.1,744614.65,2026-09-10 11:59:59.999000+00:00,1
2026-09-10 12:00:00+00:00,77805.0,77957.0,76607.1,77221.1,3285345.85,2026-09-10 15:59:59.999000+00:00,1
2026-09-10 16:00:00+00:00,77221.2,77519.9,76771.3,77136.1,1004474.33,2026-09-10 19:59:59.999000+00:00,1
2026-09-10 20:00:00+00:00,77136.1,77323.5,76410.1,76540.0,754963.98,2026-09-10 23:59:59.999000+00:00,1
2026-09-11 00:00:00+00:00,76540.0,76998.0,76529.6,76860.0,695116.37,2026-09-11 03:59:59.999000+00:00,1
2026-09-11 04:00:00+00:00,76859.9,77411.8,76844.9,77184.1,822951.04,2026-09-11 07:59:59.999000+00:00,1
2026-09-11 08:00:00+00:00,77184.1,77458.0,76716.2,77000.1,878186.48,2026-09-11 11:59:59.999000+00:00,1
2026-09-11 12:00:00+00:00,77000.0,79888.0,75866.0,77687.8,6518926.04,2026-09-11 15:59:59.999000+00:00,1
2026-09-11 16:00:00+00:00,77687.8,78037.2,76821.3,77247.3,1745554.33,2026-09-11 19:59:59.999000+00:00,1
2026-09-11 20:00:00+00:00,77247.2,77470.7,76929.5,77184.7,587623.36,2026-09-11 23:59:59.999000+00:00,1
2026-09-12 00:00:00+00:00,77184.7,77348.7,77161.0,77244.9,318125.86,2026-09-12 03:59:59.999000+00:00,1
2026-09-12 04:00:00+00:00,77245.0,77327.8,77140.4,77236.9,361584.87,2026-09-12 07:59:59.999000+00:00,1
2026-09-12 08:00:00+00:00,77236.8,77359.2,77231.4,77321.6,293410.61,2026-09-12 11:59:59.999000+00:00,1
2026-09-12 12:00:00+00:00,77321.7,77493.8,77200.0,77350.1,418669.55,2026-09-12 15:59:59.999000+00:00,1
2026-09-12 16:00:00+00:00,77350.1,77391.2,77032.9,77095.9,365436.47,2026-09-12 19:59:59.999000+00:00,1
2026-09-12 20:00:00+00:00,77095.9,77272.2,77095.8,77247.0,201181.42,2026-09-12 23:59:59.999000+00:00,1
2026-09-13 00:00:00+00:00,77247.0,77308.9,77118.7,77172.0,209029.32,2026-09-13 03:59:59.999000+00:00,1
2026-09-13 04:00:00+00:00,77172.0,77289.4,77020.0,77089.6,293512.15,2026-09-13 07:59:59.999000+00:00,1
2026-09-13 08:00:00+00:00,77089.6,77165.1,76434.8,76760.0,1097097.44,2026-09-13 11:59:59.999000+00:00,1
2026-09-13 12:00:00+00:00,76760.0,77222.0,76520.6,77102.2,792336.13,2026-09-13 15:59:59.999000+00:00,1
2026-09-13 16:00:00+00:00,77102.3,77390.0,77100.0,77248.0,461387.13,2026-09-13 19:59:59.999000+00:00,1
2026-09-13 20:00:00+00:00,77248.0,77425.0,76588.1,76793.5,702842.42,2026-09-13 23:59:59.999000+00:00,1
2026-09-14 00:00:00+00:00,76793.4,77838.8,76323.3,77562.7,1622041.96,2026-09-14 03:59:59.999000+00:00,1
2026-09-14 04:00:00+00:00,77562.7,77869.2,77333.0,77854.9,646300.68,2026-09-14 07:59:59.999000+00:00,1
2026-09-14 08:00:00+00:00,77855.0,78345.0,77550.0,77749.9,1126891.89,2026-09-14 11:59:59.999000+00:00,1
2026-09-14 12:00:00+00:00,77750.0,78675.0,77438.4,78536.7,2259725.28,2026-09-14 15:59:59.999000+00:00,1
2026-09-14 16:00:00+00:00,78536.7,79288.0,78384.7,78956.3,1468987.91,2026-09-14 19:59:59.999000+00:00,1
2026-09-14 20:00:00+00:00,78956.4,79569.0,78093.0,78158.4,1072411.48,2026-09-14 23:59:59.999000+00:00,1
2026-09-15 00:00:00+00:00,78158.3,78230.7,77609.0,77650.1,1041714.66,2026-09-15 03:59:59.999000+00:00,1
2026-09-15 04:00:00+00:00,77650.0,77712.9,76824.2,76886.2,1405595.93,2026-09-15 07:59:59.999000+00:00,1
2026-09-15 08:00:00+00:00,76886.1,77198.5,76666.0,76889.1,1173831.4,2026-09-15 11:59:59.999000+00:00,1
2026-09-15 12:00:00+00:00,76889.2,77102.7,75557.0,76474.0,3839334.63,2026-09-15 15:59:59.999000+00:00,1
2026-09-15 16:00:00+00:00,76474.1,77324.9,74896.6,76144.9,3849287.34,2026-09-15 19:59:59.999000+00:00,1
2026-09-15 20:00:00+00:00,76145.0,76208.7,75107.9,75611.2,1085089.87,2026-09-15 23:59:59.999000+00:00,1
2026-09-16 00:00:00+00:00,75611.2,76099.7,75430.1,75784.8,748060.38,2026-09-16 03:59:59.999000+00:00,1
2026-09-16 04:00:00+00:00,75784.8,76070.0,75634.3,75732.4,617392.24,2026-09-16 07:59:59.999000+00:00,1
2026-09-16 08:00:00+00:00,75732.3,76265.0,75315.0,76205.3,988352.37,2026-09-16 11:59:59.999000+00:00,1
2026-09-16 12:00:00+00:00,76205.2,76264.6,75383.0,75750.2,1217617.51,2026-09-16 15:59:59.999000+00:00,1
2026-09-16 16:00:00+00:00,75750.2,76543.7,75000.0,76040.1,3469223.44,2026-09-16 19:59:59.999000+00:00,1
2026-09-16 20:00:00+00:00,76040.2,76388.0,75611.0,76168.1,678166.08,2026-09-16 23:59:59.999000+00:00,1
2026-09-17 00:00:00+00:00,76168.1,76742.0,76008.1,76406.8,988905.87,2026-09-17 03:59:59.999000+00:00,1
2026-09-17 04:00:00+00:00,76406.9,76655.2,76147.9,76434.0,577521.6,2026-09-17 07:59:59.999000+00:00,1
2026-09-17 08:00:00+00:00,76434.1,76744.8,76137.0,76448.2,771060.64,2026-09-17 11:59:59.999000+00:00,1
2026-09-17 12:00:00+00:00,76448.1,77137.0,75982.0,76750.0,2591535.24,2026-09-17 15:59:59.999000+00:00,1
2026-09-17 16:00:00+00:00,76750.0,76938.0,76432.4,76555.3,656124.98,2026-09-17 19:59:59.999000+00:00,1
2026-09-17 20:00:00+00:00,76555.4,76706.2,76217.7,76390.1,401279.59,2026-09-17 23:59:59.999000+00:00,1
2026-09-18 00:00:00+00:00,76390.0,77577.0,76249.6,77346.0,1157891.77,2026-09-18 03:59:59.999000+00:00,1
2026-09-18 04:00:00+00:00,77346.1,77820.0,77180.0,77771.0,1233886.96,2026-09-18 07:59:59.999000+00:00,1
2026-09-18 08:00:00+00:00,77771.0,78456.1,77625.0,78029.6,1701443.33,2026-09-18 11:59:59.999000+00:00,1
2026-09-18 12:00:00+00:00,78029.6,81167.4,77924.2,80701.9,5193417.12,2026-09-18 15:59:59.999000+00:00,1
2026-09-18 16:00:00+00:00,80701.8,81377.3,80551.8,81179.9,1540395.39,2026-09-18 19:59:59.999000+00:00,1
2026-09-18 20:00:00+00:00,81179.9,81348.0,80826.3,80876.6,757936.12,2026-09-18 23:59:59.999000+00:00,1
2026-09-19 00:00:00+00:00,80876.5,81740.0,80806.3,81115.4,1113552.14,2026-09-19 03:59:59.999000+00:00,1
2026-09-19 04:00:00+00:00,81115.4,81235.0,80900.0,81090.1,474740.07,2026-09-19 07:59:59.999000+00:00,1
2026-09-19 08:00:00+00:00,81090.1,81500.0,81050.0,81293.7,646297.56,2026-09-19 11:59:59.999000+00:00,1
2026-09-19 12:00:00+00:00,81293.8,81930.0,81151.1,81618.5,867772.76,2026-09-19 15:59:59.999000+00:00,1
2026-09-19 16:00:00+00:00,81618.5,81899.0,81262.4,81340.0,645230.96,2026-09-19 19:59:59.999000+00:00,1
2026-09-19 20:00:00+00:00,81340.0,81410.0,80846.1,81231.2,583394.15,2026-09-19 23:59:59.999000+00:00,1
2026-09-20 00:00:00+00:00,81231.1,81300.0,80100.0,80465.2,1485954.36,2026-09-20 03:59:59.999000+00:00,1
2026-09-20 04:00:00+00:00,80465.2,80619.0,80185.0,80278.9,843307.89,2026-09-20 07:59:59.999000+00:00,1
2026-09-20 08:00:00+00:00,80278.8,80560.0,80136.6,80444.8,545479.55,2026-09-20 11:59:59.999000+00:00,1
2026-09-20 12:00:00+00:00,80444.8,80940.0,80289.7,80872.5,825556.27,2026-09-20 15:59:59.999000+00:00,1
2026-09-20 16:00:00+00:00,80872.4,81485.9,80760.9,81154.0,1015462.3,2026-09-20 19:59:59.999000+00:00,1
2026-09-20 20:00:00+00:00,81154.0,81301.5,80541.3,81144.3,718999.0,2026-09-20 23:59:59.999000+00:00,1
2026-09-21 00:00:00+00:00,81144.3,82088.0,80822.4,81409.9,1937138.3,2026-09-21 03:59:59.999000+00:00,1
2026-09-21 04:00:00+00:00,81409.9,81862.5,81205.9,81700.0,850166.79,2026-09-21 07:59:59.999000+00:00,1
2026-09-21 08:00:00+00:00,81700.0,85332.9,81699.9,84848.7,5393637.73,2026-09-21 11:59:59.999000+00:00,1
2026-09-21 12:00:00+00:00,84848.7,86319.6,84733.4,85887.6,3692259.09,2026-09-21 15:59:59.999000+00:00,1
2026-09-21 16:00:00+00:00,85887.7,86887.9,85551.9,86451.6,1513196.0,2026-09-21 19:59:59.999000+00:00,1
2026-09-21 20:00:00+00:00,86451.7,87374.3,86263.2,86589.1,1341002.18,2026-09-21 23:59:59.999000+00:00,1
2026-09-22 00:00:00+00:00,86589.1,86602.7,85276.2,85669.4,1420971.88,2026-09-22 03:59:59.999000+00:00,1
2026-09-22 04:00:00+00:00,85669.3,85710.0,85070.2,85334.7,1013179.44,2026-09-22 07:59:59.999000+00:00,1
2026-09-22 08:00:00+00:00,85334.7,86342.5,85290.7,85963.0,1470037.42,2026-09-22 11:59:59.999000+00:00,1
2026-09-22 12:00:00+00:00,85962.9,86736.6,85406.0,86369.9,2025608.36,2026-09-22 15:59:59.999000+00:00,1
2026-09-22 16:00:00+00:00,86369.9,86620.0,86022.9,86152.3,997022.66,2026-09-22 19:59:59.999000+00:00,1
2026-09-22 20:00:00+00:00,86152.3,86478.2,85935.1,86167.5,669309.97,2026-09-22 23:59:59.999000+00:00,1
2026-09-23 00:00:00+00:00,86167.4,86930.0,86091.5,86662.3,931545.1,2026-09-23 03:59:59.999000+00:00,1
2026-09-23 04:00:00+00:00,86662.4,87245.0,85946.0,86105.0,1595073.26,2026-09-23 07:59:59.999000+00:00,1
2026-09-23 08:00:00+00:00,86105.0,86239.7,85402.0,85619.4,1230642.67,2026-09-23 11:59:59.999000+00:00,1
2026-09-23 12:00:00+00:00,85619.4,85905.4,83820.3,83949.9,4077027.35,2026-09-23 15:59:59.999000+00:00,1
2026-09-23 16:00:00+00:00,83950.0,84518.3,83439.3,84462.9,1557115.45,2026-09-23 19:59:59.999000+00:00,1
2026-09-23 20:00:00+00:00,84462.9,84638.3,84172.6,84366.1,499840.89,2026-09-23 23:59:59.999000+00:00,1
2026-09-24 00:00:00+00:00,84366.0,84468.0,83707.0,83899.0,1008749.76,2026-09-24 03:59:59.999000+00:00,1
2026-09-24 04:00:00+00:00,83898.9,84577.4,83738.0,84468.1,1070909.87,2026-09-24 07:59:59.999000+00:00,1
2026-09-24 08:00:00+00:00,84468.1,84580.0,82812.5,83449.4,2475793.68,2026-09-24 11:59:59.999000+00:00,1
2026-09-24 12:00:00+00:00,83449.4,84931.3,83295.7,84383.3,2644360.47,2026-09-24 15:59:59.999000+00:00,1
2026-09-24 16:00:00+00:00,84383.2,84892.4,83840.0,84382.3,1434036.72,2026-09-24 19:59:59.999000+00:00,1
2026-09-24 20:00:00+00:00,84382.3,84444.0,83898.0,84369.4,581868.35,2026-09-24 23:59:59.999000+00:00,1
2026-09-25 00:00:00+00:00,84369.4,84860.0,84033.3,84205.9,916800.78,2026-09-25 03:59:59.999000+00:00,1
2026-09-25 04:00:00+00:00,84205.9,84319.4,83680.3,84000.0,1058089.72,2026-09-25 07:59:59.999000+00:00,1
2026-09-25 08:00:00+00:00,84000.0,84370.6,83994.7,84357.8,176798.55,2026-09-25 11:59:59.999000+00:00,0
