ts,open,high,low,close,volume,close_time,confirm
2026-03-25 04:00:00+00:00,0.03619,0.03626,0.03586,0.0359,1136465.0,2026-03-25 07:59:59.999000+00:00,1
2026-03-25 08:00:00+00:00,0.0359,0.03625,0.03582,0.03614,2714293.0,2026-03-25 11:59:59.999000+00:00,1
2026-03-25 12:00:00+00:00,0.03613,0.03622,0.03559,0.03579,2703560.0,2026-03-25 15:59:59.999000+00:00,1
2026-03-25 16:00:00+00:00,0.03579,0.0362,0.03575,0.03577,1396700.0,2026-03-25 19:59:59.999000+00:00,1
2026-03-25 20:00:00+00:00,0.03578,0.03618,0.03564,0.03598,1173350.0,2026-03-25 23:59:59.999000+00:00,1
2026-03-26 00:00:00+00:00,0.03599,0.03617,0.0357,0.03575,1310091.0,2026-03-26 03:59:59.999000+00:00,1
2026-03-26 04:00:00+00:00,0.03575,0.03576,0.03527,0.03537,1745603.0,2026-03-26 07:59:59.999000+00:00,1
2026-03-26 08:00:00+00:00,0.03536,0.0355,0.03457,0.03463,4145840.0,2026-03-26 11:59:59.999000+00:00,1
2026-03-26 12:00:00+00:00,0.03463,0.03502,0.03456,0.03474,2352791.0,2026-03-26 15:59:59.999000+00:00,1
2026-03-26 16:00:00+00:00,0.03473,0.035,0.03459,0.03471,1420280.0,2026-03-26 19:59:59.999000+00:00,1
2026-03-26 20:00:00+00:00,0.03471,0.03543,0.03466,0.03523,2049132.0,2026-03-26 23:59:59.999000+00:00,1
2026-03-27 00:00:00+00:00,0.03525,0.03558,0.03507,0.03532,1247425.0,2026-03-27 03:59:59.999000+00:00,1
2026-03-27 04:00:00+00:00,0.03532,0.03616,0.03509,0.03612,2904777.0,2026-03-27 07:59:59.999000+00:00,1
2026-03-27 08:00:00+00:00,0.03614,0.03637,0.0344,0.03485,8364537.0,2026-03-27 11:59:59.999000+00:00,1
2026-03-27 12:00:00+00:00,0.03485,0.03488,0.0342,0.03452,7164827.0,2026-03-27 15:59:59.999000+00:00,1
2026-03-27 16:00:00+00:00,0.03453,0.03548,0.03441,0.03534,4626277.0,2026-03-27 19:59:59.999000+00:00,1
2026-03-27 20:00:00+00:00,0.03533,0.03571,0.03522,0.03558,2426098.0,2026-03-27 23:59:59.999000+00:00,1
2026-03-28 00:00:00+00:00,0.03558,0.03622,0.03528,0.03622,4811879.0,2026-03-28 03:59:59.999000+00:00,1
2026-03-28 04:00:00+00:00,0.03621,0.03672,0.03562,0.0367,6308181.0,2026-03-28 07:59:59.999000+00:00,1
2026-03-28 08:00:00+00:00,0.03669,0.03753,0.03668,0.03733,8208806.0,2026-03-28 11:59:59.999000+00:00,1
2026-03-28 12:00:00+00:00,0.03734,0.04063,0.03734,0.03996,33419793.0,2026-03-28 15:59:59.999000+00:00,1
2026-03-28 16:00:00+00:00,0.03996,0.04097,0.03917,0.04072,33202617.0,2026-03-28 19:59:59.999000+00:00,1
2026-03-28 20:00:00+00:00,0.04072,0.04222,0.04002,0.04024,25824467.0,2026-03-28 23:59:59.999000+00:00,1
2026-03-29 00:00:00+00:00,0.04026,0.04109,0.03957,0.04033,19052340.0,2026-03-29 03:59:59.999000+00:00,1
2026-03-29 04:00:00+00:00,0.04033,0.04121,0.03988,0.04019,17605555.0,2026-03-29 07:59:59.999000+00:00,1
2026-03-29 08:00:00+00:00,0.04018,0.04081,0.03863,0.03914,20102685.0,2026-03-29 11:59:59.999000+00:00,1
2026-03-29 12:00:00+00:00,0.03915,0.03996,0.03855,0.03981,14034979.0,2026-03-29 15:59:59.999000+00:00,1
2026-03-29 16:00:00+00:00,0.03981,0.03991,0.03884,0.03954,7085092.0,2026-03-29 19:59:59.999000+00:00,1
2026-03-29 20:00:00+00:00,0.03954,0.04023,0.03893,0.04012,7157223.0,2026-03-29 23:59:59.999000+00:00,1
2026-03-30 00:00:00+00:00,0.04013,0.04155,0.04009,0.04093,13689775.0,2026-03-30 03:59:59.999000+00:00,1
2026-03-30 04:00:00+00:00,0.04094,0.0444,0.04084,0.04376,29055626.0,2026-03-30 07:59:59.999000+00:00,1
2026-03-30 08:00:00+00:00,0.04376,0.04484,0.04239,0.04373,38601527.0,2026-03-30 11:59:59.999000+00:00,1
2026-03-30 12:00:00+00:00,0.04374,0.04393,0.04253,0.04289,19691565.0,2026-03-30 15:59:59.999000+00:00,1
2026-03-30 16:00:00+00:00,0.04289,0.04367,0.0423,0.04279,8920802.0,2026-03-30 19:59:59.999000+00:00,1
2026-03-30 20:00:00+00:00,0.0428,0.04361,0.04205,0.04265,7041885.0,2026-03-30 23:59:59.999000+00:00,1
2026-03-31 00:00:00+00:00,0.04264,0.04417,0.04209,0.04313,14791817.0,2026-03-31 03:59:59.999000+00:00,1
2026-03-31 04:00:00+00:00,0.04313,0.04393,0.04275,0.04355,8312487.0,2026-03-31 07:59:59.999000+00:00,1
2026-03-31 08:00:00+00:00,0.04354,0.04393,0.04233,0.04272,13672430.0,2026-03-31 11:59:59.999000+00:00,1
2026-03-31 12:00:00+00:00,0.04271,0.04313,0.04219,0.04235,10041181.0,2026-03-31 15:59:59.999000+00:00,1
2026-03-31 16:00:00+00:00,0.04236,0.04349,0.0413,0.04184,14092685.0,2026-03-31 19:59:59.999000+00:00,1
2026-03-31 20:00:00+00:00,0.04184,0.04233,0.04168,0.04223,4047525.0,2026-03-31 23:59:59.999000+00:00,1
2026-04-01 00:00:00+00:00,0.04223,0.04241,0.04082,0.04127,9068496.0,2026-04-01 03:59:59.999000+00:00,1
2026-04-01 04:00:00+00:00,0.04127,0.0428,0.04123,0.04204,7198303.0,2026-04-01 07:59:59.999000+00:00,1
2026-04-01 08:00:00+00:00,0.04204,0.04224,0.04135,0.04172,5615133.0,2026-04-01 11:59:59.999000+00:00,1
2026-04-01 12:00:00+00:00,0.04171,0.04187,0.04107,0.04138,6339485.0,2026-04-01 15:59:59.999000+00:00,1
2026-04-01 16:00:00+00:00,0.04138,0.04221,0.04123,0.04164,5240853.0,2026-04-01 19:59:59.999000+00:00,1
2026-04-01 20:00:00+00:00,0.04165,0.04196,0.04084,0.04112,2768636.0,2026-04-01 23:59:59.999000+00:00,1
2026-04-02 00:00:00+00:00,0.04113,0.04171,0.03967,0.04019,10441556.0,2026-04-02 03:59:59.999000+00:00,1
2026-04-02 04:00:00+00:00,0.04018,0.04053,0.0395,0.04018,5893118.0,2026-04-02 07:59:59.999000+00:00,1
2026-04-02 08:00:00+00:00,0.04019,0.04039,0.03983,0.04012,4402641.0,2026-04-02 11:59:59.999000+00:00,1
2026-04-02 12:00:00+00:00,0.04012,0.04012,0.03888,0.03949,10682908.0,2026-04-02 15:59:59.999000+00:00,1
2026-04-02 16:00:00+00:00,0.03948,0.03985,0.03909,0.03914,3247654.0,2026-04-02 19:59:59.999000+00:00,1
2026-04-02 20:00:00+00:00,0.03914,0.03938,0.03817,0.03889,5460083.0,2026-04-02 23:59:59.999000+00:00,1
2026-04-03 00:00:00+00:00,0.03889,0.03902,0.03851,0.0389,3727178.0,2026-04-03 03:59:59.999000+00:00,1
2026-04-03 04:00:00+00:00,0.03891,0.04002,0.03887,0.03973,5635348.0,2026-04-03 07:59:59.999000+00:00,1
2026-04-03 08:00:00+00:00,0.03974,0.04037,0.03935,0.03997,4780386.0,2026-04-03 11:59:59.999000+00:00,1
2026-04-03 12:00:00+00:00,0.03998,0.04,0.03897,0.03949,4859387.0,2026-04-03 15:59:59.999000+00:00,1
2026-04-03 16:00:00+00:00,0.03948,0.03978,0.03926,0.03952,1873169.0,2026-04-03 19:59:59.999000+00:00,1
2026-04-03 20:00:00+00:00,0.03951,0.03976,0.03934,0.03953,1221882.0,2026-04-03 23:59:59.999000+00:00,1
2026-04-04 00:00:00+00:00,0.03953,0.03956,0.03889,0.03905,2903509.0,2026-04-04 03:59:59.999000+00:00,1
2026-04-04 04:00:00+00:00,0.03904,0.03924,0.03871,0.03896,2118328.0,2026-04-04 07:59:59.999000+00:00,1
2026-04-04 08:00:00+00:00,0.03897,0.03907,0.03857,0.03902,2626988.0,2026-04-04 11:59:59.999000+00:00,1
2026-04-04 12:00:00+00:00,0.03902,0.03936,0.03859,0.03894,2589247.0,2026-04-04 15:59:59.999000+00:00,1
2026-04-04 16:00:00+00:00,0.03896,0.03911,0.03865,0.03884,1336884.0,2026-04-04 19:59:59.999000+00:00,1
2026-04-04 20:00:00+00:00,0.03885,0.03914,0.03879,0.03905,1071936.0,2026-04-04 23:59:59.999000+00:00,1
2026-04-05 00:00:00+00:00,0.03905,0.03933,0.03876,0.03926,1784640.0,2026-04-05 03:59:59.999000+00:00,1
2026-04-05 04:00:00+00:00,0.03926,0.03944,0.03768,0.03799,6785422.0,2026-04-05 07:59:59.999000+00:00,1
2026-04-05 08:00:00+00:00,0.03798,0.03838,0.03781,0.03828,4074983.0,2026-04-05 11:59:59.999000+00:00,1
2026-04-05 12:00:00+00:00,0.03827,0.0387,0.03817,0.03837,2641225.0,2026-04-05 15:59:59.999000+00:00,1
2026-04-05 16:00:00+00:00,0.03838,0.0384,0.03805,0.03815,1384136.0,2026-04-05 19:59:59.999000+00:00,1
2026-04-05 20:00:00+00:00,0.03815,0.03883,0.03806,0.03882,1768855.0,2026-04-05 23:59:59.999000+00:00,1
2026-04-06 00:00:00+00:00,0.03883,0.03976,0.03883,0.03944,3835875.0,2026-04-06 03:59:59.999000+00:00,1
2026-04-06 04:00:00+00:00,0.03944,0.03946,0.03873,0.03898,2533675.0,2026-04-06 07:59:59.999000+00:00,1
2026-04-06 08:00:00+00:00,0.03899,0.03929,0.03878,0.03911,3130716.0,2026-04-06 11:59:59.999000+00:00,1
2026-04-06 12:00:00+00:00,0.03909,0.03927,0.03852,0.03911,2745164.0,2026-04-06 15:59:59.999000+00:00,1
2026-04-06 16:00:00+00:00,0.03912,0.03915,0.03844,0.03858,1541034.0,2026-04-06 19:59:59.999000+00:00,1
2026-04-06 20:00:00+00:00,0.03859,0.03859,0.03718,0.0374,5493505.0,2026-04-06 23:59:59.999000+00:00,1
2026-04-07 00:00:00+00:00,0.0374,0.03771,0.03698,0.03733,6352486.0,2026-04-07 03:59:59.999000+00:00,1
2026-04-07 04:00:00+00:00,0.03733,0.03759,0.03703,0.03756,2805318.0,2026-04-07 07:59:59.999000+00:00,1
2026-04-07 08:00:00+00:00,0.03756,0.03773,0.03718,0.03735,3195783.0,2026-04-07 11:59:59.999000+00:00,1
2026-04-07 12:00:00+00:00,0.03734,0.03776,0.03714,0.03734,3026374.0,2026-04-07 15:59:59.999000+00:00,1
2026-04-07 16:00:00+00:00,0.03734,0.03812,0.03729,0.03806,2828930.0,2026-04-07 19:59:59.999000+00:00,1
2026-04-07 20:00:00+00:00,0.03806,0.03998,0.0379,0.03954,7235512.0,2026-04-07 23:59:59.999000+00:00,1
2026-04-08 00:00:00+00:00,0.03955,0.03966,0.03857,0.03886,4824412.0,2026-04-08 03:59:59.999000+00:00,1
2026-04-08 04:00:00+00:00,0.03886,0.03947,0.03886,0.03913,2339525.0,2026-04-08 07:59:59.999000+00:00,1
2026-04-08 08:00:00+00:00,0.03913,0.03916,0.03846,0.03873,2788999.0,2026-04-08 11:59:59.999000+00:00,1
2026-04-08 12:00:00+00:00,0.03872,0.0388,0.03767,0.03828,5947169.0,2026-04-08 15:59:59.999000+00:00,1
2026-04-08 16:00:00+00:00,0.03829,0.03845,0.0379,0.03805,1541673.0,2026-04-08 19:59:59.999000+00:00,1
2026-04-08 20:00:00+00:00,0.03805,0.03821,0.0375,0.03765,1968938.0,2026-04-08 23:59:59.999000+00:00,1
2026-04-09 00:00:00+00:00,0.03764,0.03832,0.03726,0.03823,3120600.0,2026-04-09 03:59:59.999000+00:00,1
2026-04-09 04:00:00+00:00,0.03823,0.03888,0.03805,0.03871,4459642.0,2026-04-09 07:59:59.999000+00:00,1
2026-04-09 08:00:00+00:00,0.03872,0.03926,0.03868,0.03886,5227718.0,2026-04-09 11:59:59.999000+00:00,1
2026-04-09 12:00:00+00:00,0.03885,0.03944,0.03842,0.03913,4652826.0,2026-04-09 15:59:59.999000+00:00,1
2026-04-09 16:00:00+00:00,0.03913,0.03937,0.03894,0.03898,2105930.0,2026-04-09 19:59:59.999000+00:00,1
2026-04-09 20:00:00+00:00,0.03899,0.03944,0.0387,0.03892,1868413.0,2026-04-09 23:59:59.999000+00:00,1
2026-04-10 00:00:00+00:00,0.03891,0.03961,0.03877,0.03947,2679828.0,2026-04-10 03:59:59.999000+00:00,1
2026-04-10 04:00:00+00:00,0.03946,0.03962,0.03907,0.03919,1915336.0,2026-04-10 07:59:59.999000+00:00,1
2026-04-10 08:00:00+00:00,0.03918,0.03959,0.03904,0.03906,1887949.0,2026-04-10 11:59:59.999000+00:00,1
2026-04-10 12:00:00+00:00,0.03906,0.03945,0.03881,0.03888,3357960.0,2026-04-10 15:59:59.999000+00:00,1
2026-04-10 16:00:00+00:00,0.03888,0.03972,0.03888,0.03947,2429925.0,2026-04-10 19:59:59.999000+00:00,1
2026-04-10 20:00:00+00:00,0.03946,0.03983,0.03932,0.03953,1536018.0,2026-04-10 23:59:59.999000+00:00,1
2026-04-11 00:00:00+00:00,0.03953,0.03987,0.03905,0.03954,2816717.0,2026-04-11 03:59:59.999000+00:00,1
2026-04-11 04:00:00+00:00,0.03953,0.03994,0.03934,0.03955,2669089.0,2026-04-11 07:59:59.999000+00:00,1
2026-04-11 08:00:00+00:00,0.03955,0.03957,0.03905,0.03924,1612582.0,2026-04-11 11:59:59.999000+00:00,1
2026-04-11 12:00:00+00:00,0.03923,0.03935,0.039,0.03908,1531040.0,2026-04-11 15:59:59.999000+00:00,1
2026-04-11 16:00:00+00:00,0.03908,0.0397,0.03908,0.03953,1885649.0,2026-04-11 19:59:59.999000+00:00,1
2026-04-11 20:00:00+00:00,0.03953,0.03958,0.03902,0.03929,2064658.0,2026-04-11 23:59:59.999000+00:00,1
2026-04-12 00:00:00+00:00,0.03929,0.03955,0.0378,0.03793,6045768.0,2026-04-12 03:59:59.999000+00:00,1
2026-04-12 04:00:00+00:00,0.03794,0.03833,0.03754,0.03783,2564865.0,2026-04-12 07:59:59.999000+00:00,1
2026-04-12 08:00:00+00:00,0.03783,0.03789,0.03761,0.03766,1454714.0,2026-04-12 11:59:59.999000+00:00,1
2026-04-12 12:00:00+00:00,0.03765,0.03783,0.03706,0.03721,4537846.0,2026-04-12 15:59:59.999000+00:00,1
2026-04-12 16:00:00+00:00,0.03721,0.03736,0.03666,0.03676,4406674.0,2026-04-12 19:59:59.999000+00:00,1
2026-04-12 20:00:00+00:00,0.03676,0.03699,0.03555,0.03565,5536971.0,2026-04-12 23:59:59.999000+00:00,1
2026-04-13 00:00:00+00:00,0.03565,0.03627,0.03542,0.03608,6099684.0,2026-04-13 03:59:59.999000+00:00,1
2026-04-13 04:00:00+00:00,0.03608,0.03626,0.03557,0.03593,4834001.0,2026-04-13 07:59:59.999000+00:00,1
2026-04-13 08:00:00+00:00,0.03593,0.03618,0.03571,0.03594,3049169.0,2026-04-13 11:59:59.999000+00:00,1
2026-04-13 12:00:00+00:00,0.03594,0.0366,0.03582,0.03645,3783807.0,2026-04-13 15:59:59.999000+00:00,1
2026-04-13 16:00:00+00:00,0.03645,0.03707,0.03622,0.03685,3023041.0,2026-04-13 19:59:59.999000+00:00,1
2026-04-13 20:00:00+00:00,0.03685,0.0373,0.03637,0.0371,3476698.0,2026-04-13 23:59:59.999000+00:00,1
2026-04-14 00:00:00+00:00,0.0371,0.03713,0.0362,0.03623,3978474.0,2026-04-14 03:59:59.999000+00:00,1
2026-04-14 04:00:00+00:00,0.03622,0.03678,0.03615,0.03656,2920307.0,2026-04-14 07:59:59.999000+00:00,1
2026-04-14 08:00:00+00:00,0.03656,0.03691,0.03652,0.03666,2975232.0,2026-04-14 11:59:59.999000+00:00,1
2026-04-14 12:00:00+00:00,0.03665,0.03724,0.0364,0.03704,4642944.0,2026-04-14 15:59:59.999000+00:00,1
2026-04-14 16:00:00+00:00,0.03704,0.0375,0.03651,0.03675,3120561.0,2026-04-14 19:59:59.999000+00:00,1
2026-04-14 20:00:00+00:00,0.03675,0.03693,0.03629,0.03634,1746303.0,2026-04-14 23:59:59.999000+00:00,1
2026-04-15 00:00:00+00:00,0.03635,0.03687,0.0363,0.03675,2261301.0,2026-04-15 03:59:59.999000+00:00,1
2026-04-15 04:00:00+00:00,0.03675,0.0371,0.03649,0.0366,2069866.0,2026-04-15 07:59:59.999000+00:00,1
2026-04-15 08:00:00+00:00,0.03661,0.03845,0.03658,0.03818,5969437.0,2026-04-15 11:59:59.999000+00:00,1
2026-04-15 12:00:00+00:00,0.03819,0.04129,0.03797,0.04123,17008694.0,2026-04-15 15:59:59.999000+00:00,1
2026-04-15 16:00:00+00:00,0.04122,0.04401,0.04094,0.04129,37851602.0,2026-04-15 19:59:59.999000+00:00,1
2026-04-15 20:00:00+00:00,0.04128,0.04216,0.0407,0.042,6592859.0,2026-04-15 23:59:59.999000+00:00,1
2026-04-16 00:00:00+00:00,0.042,0.04344,0.04177,0.0425,11951690.0,2026-04-16 03:59:59.999000+00:00,1
2026-04-16 04:00:00+00:00,0.0425,0.0439,0.04217,0.04234,10442280.0,2026-04-16 07:59:59.999000+00:00,1
2026-04-16 08:00:00+00:00,0.04234,0.04359,0.04195,0.04345,9526842.0,2026-04-16 11:59:59.999000+00:00,1
2026-04-16 12:00:00+00:00,0.04346,0.04443,0.04204,0.04312,19015280.0,2026-04-16 15:59:59.999000+00:00,1
2026-04-16 16:00:00+00:00,0.04311,0.0433,0.04164,0.04303,8354010.0,2026-04-16 19:59:59.999000+00:00,1
2026-04-16 20:00:00+00:00,0.04304,0.04304,0.04216,0.04286,2699930.0,2026-04-16 23:59:59.999000+00:00,1
2026-04-17 00:00:00+00:00,0.04286,0.04296,0.04129,0.04132,6196731.0,2026-04-17 03:59:59.999000+00:00,1
2026-04-17 04:00:00+00:00,0.04132,0.04153,0.04006,0.04078,9976081.0,2026-04-17 07:59:59.999000+00:00,1
2026-04-17 08:00:00+00:00,0.04079,0.04163,0.04062,0.04144,4537016.0,2026-04-17 11:59:59.999000+00:00,1
2026-04-17 12:00:00+00:00,0.04144,0.04219,0.04114,0.04141,7936255.0,2026-04-17 15:59:59.999000+00:00,1
2026-04-17 16:00:00+00:00,0.0414,0.04202,0.04115,0.04144,4875406.0,2026-04-17 19:59:59.999000+00:00,1
2026-04-17 20:00:00+00:00,0.04143,0.0418,0.04122,0.0414,2172510.0,2026-04-17 23:59:59.999000+00:00,1
2026-04-18 00:00:00+00:00,0.0414,0.04223,0.04092,0.04188,4251536.0,2026-04-18 03:59:59.999000+00:00,1
2026-04-18 04:00:00+00:00,0.04188,0.04257,0.04162,0.04224,3067937.0,2026-04-18 07:59:59.999000+00:00,1
2026-04-18 08:00:00+00:00,0.04224,0.0423,0.04024,0.0407,7179835.0,2026-04-18 11:59:59.999000+00:00,1
2026-04-18 12:00:00+00:00,0.04069,0.04106,0.04027,0.04078,4273127.0,2026-04-18 15:59:59.999000+00:00,1
2026-04-18 16:00:00+00:00,0.04078,0.04092,0.03957,0.04035,4180171.0,2026-04-18 19:59:59.999000+00:00,1
2026-04-18 20:00:00+00:00,0.04035,0.04079,0.04009,0.04043,1491432.0,2026-04-18 23:59:59.999000+00:00,1
2026-04-19 00:00:00+00:00,0.04043,0.041,0.03974,0.0408,5736631.0,2026-04-19 03:59:59.999000+00:00,1
2026-04-19 04:00:00+00:00,0.0408,0.04116,0.0396,0.0402,4951621.0,2026-04-19 07:59:59.999000+00:00,1
2026-04-19 08:00:00+00:00,0.04019,0.04067,0.03988,0.04038,3126243.0,2026-04-19 11:59:59.999000+00:00,1
2026-04-19 12:00:00+00:00,0.04038,0.04094,0.04032,0.04069,5633518.0,2026-04-19 15:59:59.999000+00:00,1
2026-04-19 16:00:00+00:00,0.04069,0.04206,0.04022,0.04149,4352121.0,2026-04-19 19:59:59.999000+00:00,1
2026-04-19 20:00:00+00:00,0.04149,0.04194,0.04002,0.04042,4991265.0,2026-04-19 23:59:59.999000+00:00,1
2026-04-20 00:00:00+00:00,0.04042,0.04397,0.04038,0.04383,15783581.0,2026-04-20 03:59:59.999000+00:00,1
2026-04-20 04:00:00+00:00,0.04383,0.04426,0.0426,0.04336,16286202.0,2026-04-20 07:59:59.999000+00:00,1
2026-04-20 08:00:00+00:00,0.04336,0.04515,0.04293,0.04405,19617781.0,2026-04-20 11:59:59.999000+00:00,1
2026-04-20 12:00:00+00:00,0.04404,0.0454,0.04322,0.04444,17229212.0,2026-04-20 15:59:59.999000+00:00,1
2026-04-20 16:00:00+00:00,0.04443,0.04728,0.04363,0.04649,16060788.0,2026-04-20 19:59:59.999000+00:00,1
2026-04-20 20:00:00+00:00,0.04649,0.04848,0.046,0.0464,10802714.0,2026-04-20 23:59:59.999000+00:00,1
2026-04-21 00:00:00+00:00,0.04641,0.04743,0.04546,0.04618,10899159.0,2026-04-21 03:59:59.999000+00:00,1
2026-04-21 04:00:00+00:00,0.04618,0.0468,0.04529,0.04633,9304390.0,2026-04-21 07:59:59.999000+00:00,1
2026-04-21 08:00:00+00:00,0.04634,0.04798,0.04558,0.04789,10294933.0,2026-04-21 11:59:59.999000+00:00,1
2026-04-21 12:00:00+00:00,0.0479,0.04892,0.04647,0.04858,19078384.0,2026-04-21 15:59:59.999000+00:00,1
2026-04-21 16:00:00+00:00,0.04858,0.0491,0.04629,0.0466,12634975.0,2026-04-21 19:59:59.999000+00:00,1
2026-04-21 20:00:00+00:00,0.04659,0.04812,0.04619,0.04756,4878346.0,2026-04-21 23:59:59.999000+00:00,1
2026-04-22 00:00:00+00:00,0.04755,0.04787,0.04671,0.0476,5363103.0,2026-04-22 03:59:59.999000+00:00,1
2026-04-22 04:00:00+00:00,0.0476,0.04904,0.04691,0.04742,9969368.0,2026-04-22 07:59:59.999000+00:00,1
2026-04-22 08:00:00+00:00,0.04743,0.04775,0.04693,0.04732,4754884.0,2026-04-22 11:59:59.999000+00:00,1
2026-04-22 12:00:00+00:00,0.04732,0.04733,0.04587,0.04605,7088142.0,2026-04-22 15:59:59.999000+00:00,1
2026-04-22 16:00:00+00:00,0.04605,0.04729,0.04581,0.0467,3836591.0,2026-04-22 19:59:59.999000+00:00,1
2026-04-22 20:00:00+00:00,0.0467,0.04813,0.04643,0.04709,5800636.0,2026-04-22 23:59:59.999000+00:00,1
2026-04-23 00:00:00+00:00,0.0471,0.04759,0.04623,0.04652,7960565.0,2026-04-23 03:59:59.999000+00:00,1
2026-04-23 04:00:00+00:00,0.04652,0.04877,0.0463,0.04736,9907850.0,2026-04-23 07:59:59.999000+00:00,1
2026-04-23 08:00:00+00:00,0.04737,0.04766,0.04569,0.04664,7722402.0,2026-04-23 11:59:59.999000+00:00,1
2026-04-23 12:00:00+00:00,0.04664,0.04832,0.04651,0.04797,8078653.0,2026-04-23 15:59:59.999000+00:00,1
2026-04-23 16:00:00+00:00,0.04798,0.04798,0.04637,0.04768,6298199.0,2026-04-23 19:59:59.999000+00:00,1
2026-04-23 20:00:00+00:00,0.04767,0.05037,0.04766,0.05022,10851083.0,2026-04-23 23:59:59.999000+00:00,1
2026-04-24 00:00:00+00:00,0.0502,0.05193,0.04831,0.04895,17001126.0,2026-04-24 03:59:59.999000+00:00,1
2026-04-24 04:00:00+00:00,0.04896,0.04902,0.04758,0.04802,7204125.0,2026-04-24 07:59:59.999000+00:00,1
2026-04-24 08:00:00+00:00,0.04801,0.04877,0.04742,0.04797,6101837.0,2026-04-24 11:59:59.999000+00:00,1
2026-04-24 12:00:00+00:00,0.04796,0.0491,0.04779,0.04895,5231129.0,2026-04-24 15:59:59.999000+00:00,1
2026-04-24 16:00:00+00:00,0.04896,0.0491,0.04764,0.04789,3708534.0,2026-04-24 19:59:59.999000+00:00,1
2026-04-24 20:00:00+00:00,0.04788,0.04845,0.0477,0.04817,2695732.0,2026-04-24 23:59:59.999000+00:00,1
2026-04-25 00:00:00+00:00,0.04817,0.04847,0.04769,0.04802,3066832.0,2026-04-25 03:59:59.999000+00:00,1
2026-04-25 04:00:00+00:00,0.04802,0.04967,0.0479,0.04941,4752479.0,2026-04-25 07:59:59.999000+00:00,1
2026-04-25 08:00:00+00:00,0.0494,0.05029,0.04852,0.04922,8698873.0,2026-04-25 11:59:59.999000+00:00,1
2026-04-25 12:00:00+00:00,0.04921,0.04986,0.04865,0.04908,4801863.0,2026-04-25 15:59:59.999000+00:00,1
2026-04-25 16:00:00+00:00,0.04908,0.04933,0.04834,0.0487,3188149.0,2026-04-25 19:59:59.999000+00:00,1
2026-04-25 20:00:00+00:00,0.04871,0.05001,0.04849,0.0496,2196243.0,2026-04-25 23:59:59.999000+00:00,1
2026-04-26 00:00:00+00:00,0.0496,0.04964,0.04881,0.04934,2267620.0,2026-04-26 03:59:59.999000+00:00,1
2026-04-26 04:00:00+00:00,0.04933,0.05064,0.04919,0.04962,4539672.0,2026-04-26 07:59:59.999000+00:00,1
2026-04-26 08:00:00+00:00,0.04963,0.04995,0.0491,0.04969,2513487.0,2026-04-26 11:59:59.999000+00:00,1
2026-04-26 12:00:00+00:00,0.0497,0.05159,0.04969,0.05146,6157199.0,2026-04-26 15:59:59.999000+00:00,1
2026-04-26 16:00:00+00:00,0.05147,0.05148,0.04987,0.05016,4588060.0,2026-04-26 19:59:59.999000+00:00,1
2026-04-26 20:00:00+00:00,0.05016,0.0508,0.04951,0.04965,3362070.0,2026-04-26 23:59:59.999000+00:00,1
2026-04-27 00:00:00+00:00,0.04964,0.0504,0.04923,0.04989,3171538.0,2026-04-27 03:59:59.999000+00:00,1
2026-04-27 04:00:00+00:00,0.0499,0.05005,0.04777,0.04875,9858113.0,2026-04-27 07:59:59.999000+00:00,1
2026-04-27 08:00:00+00:00,0.04875,0.05128,0.04846,0.05011,12367538.0,2026-04-27 11:59:59.999000+00:00,1
2026-04-27 12:00:00+00:00,0.05011,0.05022,0.04815,0.04841,7532529.0,2026-04-27 15:59:59.999000+00:00,1
2026-04-27 16:00:00+00:00,0.04841,0.04932,0.04831,0.04893,2720476.0,2026-04-27 19:59:59.999000+00:00,1
2026-04-27 20:00:00+00:00,0.04894,0.05034,0.04894,0.05008,2797970.0,2026-04-27 23:59:59.999000+00:00,1
2026-04-28 00:00:00+00:00,0.05008,0.05059,0.04899,0.04958,4136960.0,2026-04-28 03:59:59.999000+00:00,1
2026-04-28 04:00:00+00:00,0.04958,0.04986,0.04879,0.04946,3376071.0,2026-04-28 07:59:59.999000+00:00,1
2026-04-28 08:00:00+00:00,0.04946,0.04949,0.04567,0.04588,14243491.0,2026-04-28 11:59:59.999000+00:00,1
2026-04-28 12:00:00+00:00,0.04587,0.04636,0.04506,0.04605,12495761.0,2026-04-28 15:59:59.999000+00:00,1
2026-04-28 16:00:00+00:00,0.04605,0.04623,0.04487,0.04542,4972381.0,2026-04-28 19:59:59.999000+00:00,1
2026-04-28 20:00:00+00:00,0.04541,0.04572,0.04533,0.04548,2363793.0,2026-04-28 23:59:59.999000+00:00,1
2026-04-29 00:00:00+00:00,0.04548,0.04713,0.04539,0.047,6959765.0,2026-04-29 03:59:59.999000+00:00,1
2026-04-29 04:00:00+00:00,0.04699,0.04768,0.04567,0.04588,9080853.0,2026-04-29 07:59:59.999000+00:00,1
2026-04-29 08:00:00+00:00,0.04589,0.04614,0.04553,0.04555,5637284.0,2026-04-29 11:59:59.999000+00:00,1
2026-04-29 12:00:00+00:00,0.04555,0.04557,0.04287,0.04322,18619894.0,2026-04-29 15:59:59.999000+00:00,1
2026-04-29 16:00:00+00:00,0.04322,0.0435,0.04106,0.04203,16486279.0,2026-04-29 19:59:59.999000+00:00,1
2026-04-29 20:00:00+00:00,0.04204,0.04248,0.04177,0.04239,5490440.0,2026-04-29 23:59:59.999000+00:00,1
2026-04-30 00:00:00+00:00,0.04239,0.04268,0.04056,0.04093,12274819.0,2026-04-30 03:59:59.999000+00:00,1
2026-04-30 04:00:00+00:00,0.04093,0.04113,0.04003,0.04094,10875808.0,2026-04-30 07:59:59.999000+00:00,1
2026-04-30 08:00:00+00:00,0.04093,0.04169,0.04074,0.04121,5629957.0,2026-04-30 11:59:59.999000+00:00,1
2026-04-30 12:00:00+00:00,0.0412,0.04141,0.04064,0.04101,4915861.0,2026-04-30 15:59:59.999000+00:00,1
2026-04-30 16:00:00+00:00,0.04101,0.04158,0.04085,0.04132,2812475.0,2026-04-30 19:59:59.999000+00:00,1
2026-04-30 20:00:00+00:00,0.04132,0.04159,0.04105,0.04123,1537323.0,2026-04-30 23:59:59.999000+00:00,1
2026-05-01 00:00:00+00:00,0.04122,0.04238,0.04117,0.04201,4988450.0,2026-05-01 03:59:59.999000+00:00,1
2026-05-01 04:00:00+00:00,0.04201,0.04216,0.04152,0.04169,4128819.0,2026-05-01 07:59:59.999000+00:00,1
2026-05-01 08:00:00+00:00,0.04169,0.04188,0.04115,0.04144,3566481.0,2026-05-01 11:59:59.999000+00:00,1
2026-05-01 12:00:00+00:00,0.04143,0.04195,0.04136,0.04148,4227893.0,2026-05-01 15:59:59.999000+00:00,1
2026-05-01 16:00:00+00:00,0.04148,0.04151,0.04094,0.04121,2490023.0,2026-05-01 19:59:59.999000+00:00,1
2026-05-01 20:00:00+00:00,0.04121,0.04165,0.04101,0.04164,2771249.0,2026-05-01 23:59:59.999000+00:00,1
2026-05-02 00:00:00+00:00,0.04165,0.04192,0.04139,0.04154,2777397.0,2026-05-02 03:59:59.999000+00:00,1
2026-05-02 04:00:00+00:00,0.04154,0.04157,0.04112,0.04128,2352509.0,2026-05-02 07:59:59.999000+00:00,1
2026-05-02 08:00:00+00:00,0.04128,0.04143,0.04102,0.04115,2991485.0,2026-05-02 11:59:59.999000+00:00,1
2026-05-02 12:00:00+00:00,0.04114,0.04166,0.04111,0.04139,2991312.0,2026-05-02 15:59:59.999000+00:00,1
2026-05-02 16:00:00+00:00,0.0414,0.04152,0.04104,0.0414,2076208.0,2026-05-02 19:59:59.999000+00:00,1
2026-05-02 20:00:00+00:00,0.04141,0.04184,0.04108,0.0415,1755057.0,2026-05-02 23:59:59.999000+00:00,1
2026-05-03 00:00:00+00:00,0.0415,0.04154,0.04018,0.04032,6849147.0,2026-05-03 03:59:59.999000+00:00,1
2026-05-03 04:00:00+00:00,0.04032,0.0405,0.0389,0.03961,10716891.0,2026-05-03 07:59:59.999000+00:00,1
2026-05-03 08:00:00+00:00,0.03959,0.04026,0.03948,0.04003,4117074.0,2026-05-03 11:59:59.999000+00:00,1
2026-05-03 12:00:00+00:00,0.04003,0.04021,0.03959,0.03999,2453288.0,2026-05-03 15:59:59.999000+00:00,1
2026-05-03 16:00:00+00:00,0.03999,0.04029,0.03977,0.04002,1384201.0,2026-05-03 19:59:59.999000+00:00,1
2026-05-03 20:00:00+00:00,0.04002,0.04067,0.04002,0.04022,2340037.0,2026-05-03 23:59:59.999000+00:00,1
2026-05-04 00:00:00+00:00,0.04022,0.04113,0.03987,0.04102,4712613.0,2026-05-04 03:59:59.999000+00:00,1
2026-05-04 04:00:00+00:00,0.041,0.04131,0.04053,0.04061,4816218.0,2026-05-04 07:59:59.999000+00:00,1
2026-05-04 08:00:00+00:00,0.04061,0.04075,0.03904,0.03977,7177342.0,2026-05-04 11:59:59.999000+00:00,1
2026-05-04 12:00:00+00:00,0.03978,0.04071,0.03966,0.04007,4368870.0,2026-05-04 15:59:59.999000+00:00,1
2026-05-04 16:00:00+00:00,0.04007,0.04036,0.03974,0.03999,2439972.0,2026-05-04 19:59:59.999000+00:00,1
2026-05-04 20:00:00+00:00,0.03999,0.0401,0.03966,0.0398,1749905.0,2026-05-04 23:59:59.999000+00:00,1
2026-05-05 00:00:00+00:00,0.0398,0.04012,0.03951,0.03991,2492629.0,2026-05-05 03:59:59.999000+00:00,1
2026-05-05 04:00:00+00:00,0.03992,0.04089,0.03973,0.04049,4460617.0,2026-05-05 07:59:59.999000+00:00,1
2026-05-05 08:00:00+00:00,0.0405,0.0429,0.04019,0.04218,15845768.0,2026-05-05 11:59:59.999000+00:00,1
2026-05-05 12:00:00+00:00,0.04218,0.04258,0.04114,0.04148,7434667.0,2026-05-05 15:59:59.999000+00:00,1
2026-05-05 16:00:00+00:00,0.0415,0.04173,0.04085,0.04129,4502608.0,2026-05-05 19:59:59.999000+00:00,1
2026-05-05 20:00:00+00:00,0.04129,0.0418,0.04097,0.04129,3058284.0,2026-05-05 23:59:59.999000+00:00,1
2026-05-06 00:00:00+00:00,0.04129,0.0425,0.04128,0.0419,5566656.0,2026-05-06 03:59:59.999000+00:00,1
2026-05-06 04:00:00+00:00,0.0419,0.04234,0.04128,0.04213,4009831.0,2026-05-06 07:59:59.999000+00:00,1
2026-05-06 08:00:00+00:00,0.04213,0.04334,0.04205,0.0427,10443427.0,2026-05-06 11:59:59.999000+00:00,1
2026-05-06 12:00:00+00:00,0.04269,0.04304,0.04158,0.04234,9356879.0,2026-05-06 15:59:59.999000+00:00,1
2026-05-06 16:00:00+00:00,0.04233,0.04331,0.04189,0.0432,4058699.0,2026-05-06 19:59:59.999000+00:00,1
2026-05-06 20:00:00+00:00,0.04322,0.04359,0.04264,0.04303,7182609.0,2026-05-06 23:59:59.999000+00:00,1
2026-05-07 00:00:00+00:00,0.04304,0.04358,0.04198,0.04214,8811487.0,2026-05-07 03:59:59.999000+00:00,1
2026-05-07 04:00:00+00:00,0.04214,0.043,0.04207,0.04294,2709056.0,2026-05-07 07:59:59.999000+00:00,1
2026-05-07 08:00:00+00:00,0.04293,0.04409,0.0425,0.04345,8104440.0,2026-05-07 11:59:59.999000+00:00,1
2026-05-07 12:00:00+00:00,0.04344,0.04417,0.04237,0.04303,6131025.0,2026-05-07 15:59:59.999000+00:00,1
2026-05-07 16:00:00+00:00,0.04303,0.04397,0.04275,0.04366,3950061.0,2026-05-07 19:59:59.999000+00:00,1
2026-05-07 20:00:00+00:00,0.04366,0.04433,0.04323,0.04405,2872261.0,2026-05-07 23:59:59.999000+00:00,1
2026-05-08 00:00:00+00:00,0.04405,0.04433,0.04332,0.04429,3674385.0,2026-05-08 03:59:59.999000+00:00,1
2026-05-08 04:00:00+00:00,0.04429,0.04662,0.0436,0.04628,13594192.0,2026-05-08 07:59:59.999000+00:00,1
2026-05-08 08:00:00+00:00,0.04627,0.04683,0.04382,0.04443,12973805.0,2026-05-08 11:59:59.999000+00:00,1
2026-05-08 12:00:00+00:00,0.04443,0.04557,0.04394,0.04553,6266422.0,2026-05-08 15:59:59.999000+00:00,1
2026-05-08 16:00:00+00:00,0.04554,0.04581,0.04489,0.04562,3364672.0,2026-05-08 19:59:59.999000+00:00,1
2026-05-08 20:00:00+00:00,0.04562,0.04568,0.04497,0.04513,2751461.0,2026-05-08 23:59:59.999000+00:00,1
2026-05-09 00:00:00+00:00,0.04513,0.04599,0.04489,0.04576,3124633.0,2026-05-09 03:59:59.999000+00:00,1
2026-05-09 04:00:00+00:00,0.04576,0.04662,0.04554,0.04611,4560681.0,2026-05-09 07:59:59.999000+00:00,1
2026-05-09 08:00:00+00:00,0.04612,0.04728,0.04502,0.04568,8014946.0,2026-05-09 11:59:59.999000+00:00,1
2026-05-09 12:00:00+00:00,0.04568,0.04579,0.04424,0.0445,8175939.0,2026-05-09 15:59:59.999000+00:00,1
2026-05-09 16:00:00+00:00,0.0445,0.04511,0.04435,0.04488,3037070.0,2026-05-09 19:59:59.999000+00:00,1
2026-05-09 20:00:00+00:00,0.04489,0.04525,0.04469,0.04483,1539959.0,2026-05-09 23:59:59.999000+00:00,1
2026-05-10 00:00:00+00:00,0.04481,0.04532,0.04401,0.04465,3989759.0,2026-05-10 03:59:59.999000+00:00,1
2026-05-10 04:00:00+00:00,0.04465,0.04572,0.04463,0.04547,3879705.0,2026-05-10 07:59:59.999000+00:00,1
2026-05-10 08:00:00+00:00,0.04548,0.04605,0.04528,0.0454,3862508.0,2026-05-10 11:59:59.999000+00:00,1
2026-05-10 12:00:00+00:00,0.0454,0.04593,0.04517,0.04553,3789842.0,2026-05-10 15:59:59.999000+00:00,1
2026-05-10 16:00:00+00:00,0.04553,0.04646,0.04548,0.04611,4062566.0,2026-05-10 19:59:59.999000+00:00,1
2026-05-10 20:00:00+00:00,0.04611,0.04621,0.04416,0.04553,7186473.0,2026-05-10 23:59:59.999000+00:00,1
2026-05-11 00:00:00+00:00,0.04553,0.04566,0.04418,0.04464,4225281.0,2026-05-11 03:59:59.999000+00:00,1
2026-05-11 04:00:00+00:00,0.04465,0.04494,0.04422,0.04463,3791615.0,2026-05-11 07:59:59.999000+00:00,1
2026-05-11 08:00:00+00:00,0.04464,0.04509,0.04414,0.04428,3657797.0,2026-05-11 11:59:59.999000+00:00,1
2026-05-11 12:00:00+00:00,0.04429,0.04435,0.04264,0.04336,12278453.0,2026-05-11 15:59:59.999000+00:00,1
2026-05-11 16:00:00+00:00,0.04335,0.04352,0.043,0.04317,4956399.0,2026-05-11 19:59:59.999000+00:00,1
2026-05-11 20:00:00+00:00,0.04318,0.04351,0.04311,0.04328,2546211.0,2026-05-11 23:59:59.999000+00:00,1
2026-05-12 00:00:00+00:00,0.04328,0.0438,0.04259,0.04318,7346514.0,2026-05-12 03:59:59.999000+00:00,1
2026-05-12 04:00:00+00:00,0.04317,0.04412,0.04294,0.04388,5002927.0,2026-05-12 07:59:59.999000+00:00,1
2026-05-12 08:00:00+00:00,0.04388,0.04396,0.04297,0.04316,4281452.0,2026-05-12 11:59:59.999000+00:00,1
2026-05-12 12:00:00+00:00,0.04317,0.04356,0.04165,0.04249,10939679.0,2026-05-12 15:59:59.999000+00:00,1
2026-05-12 16:00:00+00:00,0.04249,0.04292,0.04195,0.04285,3202315.0,2026-05-12 19:59:59.999000+00:00,1
2026-05-12 20:00:00+00:00,0.04286,0.04466,0.04279,0.04442,5277258.0,2026-05-12 23:59:59.999000+00:00,1
2026-05-13 00:00:00+00:00,0.04442,0.04583,0.04422,0.04464,10177538.0,2026-05-13 03:59:59.999000+00:00,1
2026-05-13 04:00:00+00:00,0.04463,0.04518,0.04398,0.04406,4270940.0,2026-05-13 07:59:59.999000+00:00,1
2026-05-13 08:00:00+00:00,0.04407,0.04494,0.04374,0.04385,5306623.0,2026-05-13 11:59:59.999000+00:00,1
2026-05-13 12:00:00+00:00,0.04386,0.04399,0.04194,0.04216,11973973.0,2026-05-13 15:59:59.999000+00:00,1
2026-05-13 16:00:00+00:00,0.04217,0.04329,0.04214,0.04289,3635228.0,2026-05-13 19:59:59.999000+00:00,1
2026-05-13 20:00:00+00:00,0.04288,0.04338,0.04244,0.04313,1973373.0,2026-05-13 23:59:59.999000+00:00,1
2026-05-14 00:00:00+00:00,0.04312,0.04347,0.04217,0.04227,3778008.0,2026-05-14 03:59:59.999000+00:00,1
2026-05-14 04:00:00+00:00,0.04228,0.04306,0.04212,0.04255,3519328.0,2026-05-14 07:59:59.999000+00:00,1
2026-05-14 08:00:00+00:00,0.04255,0.04271,0.04214,0.04214,3611824.0,2026-05-14 11:59:59.999000+00:00,1
2026-05-14 12:00:00+00:00,0.04213,0.04339,0.04208,0.0433,7178229.0,2026-05-14 15:59:59.999000+00:00,1
2026-05-14 16:00:00+00:00,0.0433,0.04399,0.04306,0.0437,4817735.0,2026-05-14 19:59:59.999000+00:00,1
2026-05-14 20:00:00+00:00,0.04371,0.04438,0.04349,0.04434,2446265.0,2026-05-14 23:59:59.999000+00:00,1
2026-05-15 00:00:00+00:00,0.04435,0.04499,0.04378,0.04494,6806459.0,2026-05-15 03:59:59.999000+00:00,1
2026-05-15 04:00:00+00:00,0.04493,0.04509,0.0431,0.04378,8247338.0,2026-05-15 07:59:59.999000+00:00,1
2026-05-15 08:00:00+00:00,0.04379,0.04612,0.04314,0.04513,12187419.0,2026-05-15 11:59:59.999000+00:00,1
2026-05-15 12:00:00+00:00,0.04512,0.04545,0.04257,0.04368,19944117.0,2026-05-15 15:59:59.999000+00:00,1
2026-05-15 16:00:00+00:00,0.04369,0.04541,0.04321,0.04525,7631179.0,2026-05-15 19:59:59.999000+00:00,1
2026-05-15 20:00:00+00:00,0.04525,0.04602,0.04489,0.0455,8411667.0,2026-05-15 23:59:59.999000+00:00,1
2026-05-16 00:00:00+00:00,0.04549,0.04687,0.04506,0.04511,15640188.0,2026-05-16 03:59:59.999000+00:00,1
2026-05-16 04:00:00+00:00,0.04511,0.04563,0.04295,0.04332,17605374.0,2026-05-16 07:59:59.999000+00:00,1
2026-05-16 08:00:00+00:00,0.04332,0.04519,0.04331,0.0445,12109328.0,2026-05-16 11:59:59.999000+00:00,1
2026-05-16 12:00:00+00:00,0.0445,0.04687,0.04404,0.04648,17527773.0,2026-05-16 15:59:59.999000+00:00,1
2026-05-16 16:00:00+00:00,0.04649,0.04885,0.04595,0.04855,24676690.0,2026-05-16 19:59:59.999000+00:00,1
2026-05-16 20:00:00+00:00,0.04856,0.04907,0.04756,0.0477,14850156.0,2026-05-16 23:59:59.999000+00:00,1
2026-05-17 00:00:00+00:00,0.0477,0.04809,0.04669,0.04701,16133280.0,2026-05-17 03:59:59.999000+00:00,1
2026-05-17 04:00:00+00:00,0.04701,0.04914,0.04677,0.04889,16807665.0,2026-05-17 07:59:59.999000+00:00,1
2026-05-17 08:00:00+00:00,0.04889,0.04963,0.04768,0.04797,16387214.0,2026-05-17 11:59:59.999000+00:00,1
2026-05-17 12:00:00+00:00,0.04796,0.04949,0.04774,0.04793,16407095.0,2026-05-17 15:59:59.999000+00:00,1
2026-05-17 16:00:00+00:00,0.04793,0.04852,0.04712,0.04828,9569521.0,2026-05-17 19:59:59.999000+00:00,1
2026-05-17 20:00:00+00:00,0.04828,0.04873,0.04492,0.04643,14503799.0,2026-05-17 23:59:59.999000+00:00,1
2026-05-18 00:00:00+00:00,0.04642,0.04699,0.0455,0.0459,11543425.0,2026-05-18 03:59:59.999000+00:00,1
2026-05-18 04:00:00+00:00,0.0459,0.04748,0.0455,0.04725,9700518.0,2026-05-18 07:59:59.999000+00:00,1
2026-05-18 08:00:00+00:00,0.04726,0.04801,0.04626,0.04742,12749269.0,2026-05-18 11:59:59.999000+00:00,1
2026-05-18 12:00:00+00:00,0.04742,0.04814,0.04657,0.04739,14090337.0,2026-05-18 15:59:59.999000+00:00,1
2026-05-18 16:00:00+00:00,0.04739,0.04946,0.04715,0.04933,17192024.0,2026-05-18 19:59:59.999000+00:00,1
2026-05-18 20:00:00+00:00,0.04934,0.04958,0.04823,0.04851,6233971.0,2026-05-18 23:59:59.999000+00:00,1
2026-05-19 00:00:00+00:00,0.04852,0.04982,0.04809,0.04917,14228126.0,2026-05-19 03:59:59.999000+00:00,1
2026-05-19 04:00:00+00:00,0.04916,0.05016,0.04869,0.04876,12462073.0,2026-05-19 07:59:59.999000+00:00,1
2026-05-19 08:00:00+00:00,0.04876,0.04949,0.04813,0.04828,8135243.0,2026-05-19 11:59:59.999000+00:00,1
2026-05-19 12:00:00+00:00,0.04827,0.04872,0.0471,0.04738,12666910.0,2026-05-19 15:59:59.999000+00:00,1
2026-05-19 16:00:00+00:00,0.04738,0.04745,0.04667,0.04687,7699883.0,2026-05-19 19:59:59.999000+00:00,1
2026-05-19 20:00:00+00:00,0.04686,0.04776,0.04671,0.04743,4048582.0,2026-05-19 23:59:59.999000+00:00,1
2026-05-20 00:00:00+00:00,0.04743,0.04805,0.04612,0.04636,7967047.0,2026-05-20 03:59:59.999000+00:00,1
2026-05-20 04:00:00+00:00,0.04637,0.04684,0.04591,0.04605,6271548.0,2026-05-20 07:59:59.999000+00:00,1
2026-05-20 08:00:00+00:00,0.04604,0.0471,0.04519,0.04528,9623891.0,2026-05-20 11:59:59.999000+00:00,1
2026-05-20 12:00:00+00:00,0.04528,0.04588,0.04427,0.04553,14792362.0,2026-05-20 15:59:59.999000+00:00,1
2026-05-20 16:00:00+00:00,0.04553,0.04634,0.04501,0.04548,7390079.0,2026-05-20 19:59:59.999000+00:00,1
2026-05-20 20:00:00+00:00,0.04547,0.04558,0.04448,0.0447,4727018.0,2026-05-20 23:59:59.999000+00:00,1
2026-05-21 00:00:00+00:00,0.04469,0.04587,0.04451,0.04526,8202220.0,2026-05-21 03:59:59.999000+00:00,1
2026-05-21 04:00:00+00:00,0.04526,0.04547,0.0437,0.04418,12279058.0,2026-05-21 07:59:59.999000+00:00,1
2026-05-21 08:00:00+00:00,0.04418,0.04426,0.04214,0.04252,19411323.0,2026-05-21 11:59:59.999000+00:00,1
2026-05-21 12:00:00+00:00,0.04253,0.04394,0.0425,0.04383,8373297.0,2026-05-21 15:59:59.999000+00:00,1
2026-05-21 16:00:00+00:00,0.04383,0.0454,0.04344,0.04485,7512563.0,2026-05-21 19:59:59.999000+00:00,1
2026-05-21 20:00:00+00:00,0.04485,0.04487,0.04378,0.04396,4911995.0,2026-05-21 23:59:59.999000+00:00,1
2026-05-22 00:00:00+00:00,0.04396,0.04396,0.04291,0.04317,6656270.0,2026-05-22 03:59:59.999000+00:00,1
2026-05-22 04:00:00+00:00,0.04318,0.04377,0.04269,0.04302,6599763.0,2026-05-22 07:59:59.999000+00:00,1
2026-05-22 08:00:00+00:00,0.04303,0.04358,0.04298,0.04341,4528209.0,2026-05-22 11:59:59.999000+00:00,1
2026-05-22 12:00:00+00:00,0.04341,0.04396,0.0428,0.0431,7132537.0,2026-05-22 15:59:59.999000+00:00,1
2026-05-22 16:00:00+00:00,0.04309,0.0437,0.04112,0.04178,14114948.0,2026-05-22 19:59:59.999000+00:00,1
2026-05-22 20:00:00+00:00,0.04178,0.04193,0.03973,0.04019,12521288.0,2026-05-22 23:59:59.999000+00:00,1
2026-05-23 00:00:00+00:00,0.04019,0.04102,0.04001,0.04085,9132690.0,2026-05-23 03:59:59.999000+00:00,1
2026-05-23 04:00:00+00:00,0.04085,0.0409,0.0363,0.03771,30262582.0,2026-05-23 07:59:59.999000+00:00,1
2026-05-23 08:00:00+00:00,0.03772,0.03788,0.03669,0.03676,21001138.0,2026-05-23 11:59:59.999000+00:00,1
2026-05-23 12:00:00+00:00,0.03677,0.03804,0.03615,0.0374,34701395.0,2026-05-23 15:59:59.999000+00:00,1
2026-05-23 16:00:00+00:00,0.03739,0.03789,0.03692,0.03785,10379759.0,2026-05-23 19:59:59.999000+00:00,1
2026-05-23 20:00:00+00:00,0.03785,0.03888,0.03744,0.03769,11778307.0,2026-05-23 23:59:59.999000+00:00,1
2026-05-24 00:00:00+00:00,0.03769,0.03864,0.03731,0.03769,11629364.0,2026-05-24 03:59:59.999000+00:00,1
2026-05-24 04:00:00+00:00,0.0377,0.03793,0.03711,0.03762,10464465.0,2026-05-24 07:59:59.999000+00:00,1
2026-05-24 08:00:00+00:00,0.03762,0.0377,0.03671,0.03732,11170359.0,2026-05-24 11:59:59.999000+00:00,1
2026-05-24 12:00:00+00:00,0.03731,0.03731,0.03612,0.03679,13166533.0,2026-05-24 15:59:59.999000+00:00,1
2026-05-24 16:00:00+00:00,0.03678,0.0373,0.03664,0.03699,5627096.0,2026-05-24 19:59:59.999000+00:00,1
2026-05-24 20:00:00+00:00,0.037,0.03703,0.03487,0.03632,13431544.0,2026-05-24 23:59:59.999000+00:00,1
2026-05-25 00:00:00+00:00,0.03633,0.03666,0.03612,0.03654,5289886.0,2026-05-25 03:59:59.999000+00:00,1
2026-05-25 04:00:00+00:00,0.03653,0.03758,0.03653,0.03698,6859048.0,2026-05-25 07:59:59.999000+00:00,1
2026-05-25 08:00:00+00:00,0.03698,0.03728,0.0369,0.03698,3133145.0,2026-05-25 11:59:59.999000+00:00,1
2026-05-25 12:00:00+00:00,0.03698,0.037,0.03592,0.03649,10380214.0,2026-05-25 15:59:59.999000+00:00,1
2026-05-25 16:00:00+00:00,0.03649,0.03748,0.03641,0.03714,9167470.0,2026-05-25 19:59:59.999000+00:00,1
2026-05-25 20:00:00+00:00,0.03714,0.0373,0.03623,0.03676,3611651.0,2026-05-25 23:59:59.999000+00:00,1
2026-05-26 00:00:00+00:00,0.03675,0.03685,0.03509,0.0356,14180038.0,2026-05-26 03:59:59.999000+00:00,1
2026-05-26 04:00:00+00:00,0.0356,0.03599,0.03511,0.0353,6722996.0,2026-05-26 07:59:59.999000+00:00,1
2026-05-26 08:00:00+00:00,0.03531,0.03636,0.03527,0.03581,6660103.0,2026-05-26 11:59:59.999000+00:00,1
2026-05-26 12:00:00+00:00,0.0358,0.03673,0.03534,0.03592,15937979.0,2026-05-26 15:59:59.999000+00:00,1
2026-05-26 16:00:00+00:00,0.03592,0.03603,0.03442,0.03546,11683250.0,2026-05-26 19:59:59.999000+00:00,1
2026-05-26 20:00:00+00:00,0.03547,0.03616,0.03538,0.03609,3451138.0,2026-05-26 23:59:59.999000+00:00,1
2026-05-27 00:00:00+00:00,0.0361,0.03681,0.03508,0.03521,8236122.0,2026-05-27 03:59:59.999000+00:00,1
2026-05-27 04:00:00+00:00,0.03521,0.03579,0.03482,0.0357,6277996.0,2026-05-27 07:59:59.999000+00:00,1
2026-05-27 08:00:00+00:00,0.03571,0.03652,0.03529,0.03614,9830905.0,2026-05-27 11:59:59.999000+00:00,1
2026-05-27 12:00:00+00:00,0.03613,0.03736,0.03547,0.03726,15967923.0,2026-05-27 15:59:59.999000+00:00,1
2026-05-27 16:00:00+00:00,0.03727,0.03747,0.03618,0.03701,9029736.0,2026-05-27 19:59:59.999000+00:00,1
2026-05-27 20:00:00+00:00,0.03701,0.03742,0.03588,0.03648,7490567.0,2026-05-27 23:59:59.999000+00:00,1
2026-05-28 00:00:00+00:00,0.03647,0.03713,0.03534,0.03585,14248759.0,2026-05-28 03:59:59.999000+00:00,1
2026-05-28 04:00:00+00:00,0.03586,0.03587,0.03334,0.03376,23898095.0,2026-05-28 07:59:59.999000+00:00,1
2026-05-28 08:00:00+00:00,0.03376,0.03431,0.03343,0.03419,7405095.0,2026-05-28 11:59:59.999000+00:00,1
2026-05-28 12:00:00+00:00,0.03419,0.03442,0.03348,0.03426,9427177.0,2026-05-28 15:59:59.999000+00:00,1
2026-05-28 16:00:00+00:00,0.03426,0.03561,0.03404,0.03492,7674626.0,2026-05-28 19:59:59.999000+00:00,1
2026-05-28 20:00:00+00:00,0.03493,0.03541,0.03455,0.03468,2722670.0,2026-05-28 23:59:59.999000+00:00,1
2026-05-29 00:00:00+00:00,0.03469,0.03487,0.0338,0.03389,7030753.0,2026-05-29 03:59:59.999000+00:00,1
2026-05-29 04:00:00+00:00,0.0339,0.03455,0.03359,0.03418,6387128.0,2026-05-29 07:59:59.999000+00:00,1
2026-05-29 08:00:00+00:00,0.03417,0.03447,0.03342,0.03361,5055440.0,2026-05-29 11:59:59.999000+00:00,1
2026-05-29 12:00:00+00:00,0.0336,0.03415,0.03236,0.03393,21591851.0,2026-05-29 15:59:59.999000+00:00,1
2026-05-29 16:00:00+00:00,0.03393,0.03412,0.03315,0.03333,7652194.0,2026-05-29 19:59:59.999000+00:00,1
2026-05-29 20:00:00+00:00,0.03334,0.03363,0.03292,0.03308,2754607.0,2026-05-29 23:59:59.999000+00:00,1
2026-05-30 00:00:00+00:00,0.03309,0.03494,0.03298,0.03428,8493837.0,2026-05-30 03:59:59.999000+00:00,1
2026-05-30 04:00:00+00:00,0.03428,0.03435,0.03321,0.03374,6045869.0,2026-05-30 07:59:59.999000+00:00,1
2026-05-30 08:00:00+00:00,0.03376,0.03436,0.03366,0.03425,4360761.0,2026-05-30 11:59:59.999000+00:00,1
2026-05-30 12:00:00+00:00,0.03424,0.0344,0.03373,0.03379,4814755.0,2026-05-30 15:59:59.999000+00:00,1
2026-05-30 16:00:00+00:00,0.03379,0.03387,0.03329,0.03345,4378516.0,2026-05-30 19:59:59.999000+00:00,1
2026-05-30 20:00:00+00:00,0.03344,0.03349,0.03262,0.03285,5540961.0,2026-05-30 23:59:59.999000+00:00,1
2026-05-31 00:00:00+00:00,0.03286,0.03336,0.03275,0.03317,5411627.0,2026-05-31 03:59:59.999000+00:00,1
2026-05-31 04:00:00+00:00,0.03316,0.03342,0.03265,0.03278,5607215.0,2026-05-31 07:59:59.999000+00:00,1
2026-05-31 08:00:00+00:00,0.03278,0.03349,0.03274,0.03329,4378557.0,2026-05-31 11:59:59.999000+00:00,1
2026-05-31 12:00:00+00:00,0.03328,0.03369,0.03237,0.03356,11348716.0,2026-05-31 15:59:59.999000+00:00,1
2026-05-31 16:00:00+00:00,0.03357,0.03362,0.03278,0.03316,5598252.0,2026-05-31 19:59:59.999000+00:00,1
2026-05-31 20:00:00+00:00,0.03316,0.03418,0.03316,0.0339,5253649.0,2026-05-31 23:59:59.999000+00:00,1
2026-06-01 00:00:00+00:00,0.03389,0.03438,0.03308,0.03371,7512644.0,2026-06-01 03:59:59.999000+00:00,1
2026-06-01 04:00:00+00:00,0.03371,0.03392,0.03285,0.03295,6995234.0,2026-06-01 07:59:59.999000+00:00,1
2026-06-01 08:00:00+00:00,0.03295,0.03442,0.03283,0.03409,8842841.0,2026-06-01 11:59:59.999000+00:00,1
2026-06-01 12:00:00+00:00,0.0341,0.03435,0.03293,0.0339,16329463.0,2026-06-01 15:59:59.999000+00:00,1
2026-06-01 16:00:00+00:00,0.0339,0.03612,0.03383,0.03573,13129317.0,2026-06-01 19:59:59.999000+00:00,1
2026-06-01 20:00:00+00:00,0.03574,0.03735,0.03533,0.03648,13179943.0,2026-06-01 23:59:59.999000+00:00,1
2026-06-02 00:00:00+00:00,0.03647,0.03744,0.03459,0.03608,22366674.0,2026-06-02 03:59:59.999000+00:00,1
2026-06-02 04:00:00+00:00,0.03609,0.03652,0.03506,0.03579,13624796.0,2026-06-02 07:59:59.999000+00:00,1
2026-06-02 08:00:00+00:00,0.03579,0.0362,0.0353,0.03544,8219342.0,2026-06-02 11:59:59.999000+00:00,1
2026-06-02 12:00:00+00:00,0.03543,0.03589,0.03354,0.03446,19426667.0,2026-06-02 15:59:59.999000+00:00,1
2026-06-02 16:00:00+00:00,0.03446,0.03548,0.03285,0.03379,15184131.0,2026-06-02 19:59:59.999000+00:00,1
2026-06-02 20:00:00+00:00,0.0338,0.03464,0.03204,0.03278,12460284.0,2026-06-02 23:59:59.999000+00:00,1
2026-06-03 00:00:00+00:00,0.03279,0.03371,0.03218,0.03249,11323897.0,2026-06-03 03:59:59.999000+00:00,1
2026-06-03 04:00:00+00:00,0.03248,0.03507,0.03247,0.03446,13652736.0,2026-06-03 07:59:59.999000+00:00,1
2026-06-03 08:00:00+00:00,0.03445,0.03453,0.03303,0.03322,8482321.0,2026-06-03 11:59:59.999000+00:00,1
2026-06-03 12:00:00+00:00,0.03322,0.03461,0.03303,0.03364,10285031.0,2026-06-03 15:59:59.999000+00:00,1
2026-06-03 16:00:00+00:00,0.03365,0.03372,0.0324,0.03279,11177887.0,2026-06-03 19:59:59.999000+00:00,1
2026-06-03 20:00:00+00:00,0.03278,0.03426,0.03236,0.03343,7653255.0,2026-06-03 23:59:59.999000+00:00,1
2026-06-04 00:00:00+00:00,0.03342,0.03397,0.02802,0.02971,52448501.0,2026-06-04 03:59:59.999000+00:00,1
2026-06-04 04:00:00+00:00,0.02971,0.02979,0.02825,0.02834,20764968.0,2026-06-04 07:59:59.999000+00:00,1
2026-06-04 08:00:00+00:00,0.02834,0.0286,0.02702,0.02736,26129392.0,2026-06-04 11:59:59.999000+00:00,1
2026-06-04 12:00:00+00:00,0.02736,0.02812,0.02682,0.02796,23089120.0,2026-06-04 15:59:59.999000+00:00,1
2026-06-04 16:00:00+00:00,0.02795,0.02876,0.02771,0.02809,18177542.0,2026-06-04 19:59:59.999000+00:00,1
2026-06-04 20:00:00+00:00,0.02808,0.02808,0.02621,0.02684,15107868.0,2026-06-04 23:59:59.999000+00:00,1
2026-06-05 00:00:00+00:00,0.02683,0.02683,0.02479,0.02495,26938345.0,2026-06-05 03:59:59.999000+00:00,1
2026-06-05 04:00:00+00:00,0.02495,0.02609,0.0237,0.02487,29209400.0,2026-06-05 07:59:59.999000+00:00,1
2026-06-05 08:00:00+00:00,0.02488,0.02503,0.02425,0.02464,11594340.0,2026-06-05 11:59:59.999000+00:00,1
2026-06-05 12:00:00+00:00,0.02464,0.02534,0.02394,0.02439,17118811.0,2026-06-05 15:59:59.999000+00:00,1
2026-06-05 16:00:00+00:00,0.02439,0.02516,0.02313,0.02385,21068519.0,2026-06-05 19:59:59.999000+00:00,1
2026-06-05 20:00:00+00:00,0.02385,0.02484,0.02366,0.02469,8313940.0,2026-06-05 23:59:59.999000+00:00,1
2026-06-06 00:00:00+00:00,0.02469,0.02538,0.0243,0.02451,10547122.0,2026-06-06 03:59:59.999000+00:00,1
2026-06-06 04:00:00+00:00,0.02451,0.0249,0.02291,0.02477,17280116.0,2026-06-06 07:59:59.999000+00:00,1
2026-06-06 08:00:00+00:00,0.02477,0.02532,0.0242,0.02477,10235266.0,2026-06-06 11:59:59.999000+00:00,1
2026-06-06 12:00:00+00:00,0.02477,0.02518,0.02427,0.02477,5842558.0,2026-06-06 15:59:59.999000+00:00,1
2026-06-06 16:00:00+00:00,0.02476,0.02497,0.0243,0.02447,4737476.0,2026-06-06 19:59:59.999000+00:00,1
2026-06-06 20:00:00+00:00,0.02447,0.02516,0.02439,0.02507,3417007.0,2026-06-06 23:59:59.999000+00:00,1
2026-06-07 00:00:00+00:00,0.02507,0.02563,0.02488,0.0254,5922967.0,2026-06-07 03:59:59.999000+00:00,1
2026-06-07 04:00:00+00:00,0.0254,0.02583,0.02525,0.02555,6153932.0,2026-06-07 07:59:59.999000+00:00,1
2026-06-07 08:00:00+00:00,0.02555,0.02579,0.02504,0.02519,6432588.0,2026-06-07 11:59:59.999000+00:00,1
2026-06-07 12:00:00+00:00,0.02519,0.02531,0.02462,0.02504,6478239.0,2026-06-07 15:59:59.999000+00:00,1
2026-06-07 16:00:00+00:00,0.02504,0.0251,0.02426,0.02453,5892023.0,2026-06-07 19:59:59.999000+00:00,1
2026-06-07 20:00:00+00:00,0.02452,0.02601,0.02446,0.02515,10361490.0,2026-06-07 23:59:59.999000+00:00,1
2026-06-08 00:00:00+00:00,0.02514,0.02529,0.0246,0.0247,6763453.0,2026-06-08 03:59:59.999000+00:00,1
2026-06-08 04:00:00+00:00,0.0247,0.02498,0.02413,0.02492,7196320.0,2026-06-08 07:59:59.999000+00:00,1
2026-06-08 08:00:00+00:00,0.02491,0.02534,0.02467,0.0251,5880394.0,2026-06-08 11:59:59.999000+00:00,1
2026-06-08 12:00:00+00:00,0.0251,0.02549,0.02483,0.02521,6556457.0,2026-06-08 15:59:59.999000+00:00,1
2026-06-08 16:00:00+00:00,0.02521,0.02767,0.02516,0.02644,44286600.0,2026-06-08 19:59:59.999000+00:00,1
2026-06-08 20:00:00+00:00,0.02644,0.02662,0.02595,0.02645,11390200.0,2026-06-08 23:59:59.999000+00:00,1
2026-06-09 00:00:00+00:00,0.02644,0.02649,0.0252,0.02572,18993131.0,2026-06-09 03:59:59.999000+00:00,1
2026-06-09 04:00:00+00:00,0.02571,0.02664,0.02546,0.02662,12892571.0,2026-06-09 07:59:59.999000+00:00,1
2026-06-09 08:00:00+00:00,0.02663,0.02774,0.02621,0.0276,21504902.0,2026-06-09 11:59:59.999000+00:00,1
2026-06-09 12:00:00+00:00,0.0276,0.02844,0.02612,0.02684,53497591.0,2026-06-09 15:59:59.999000+00:00,1
2026-06-09 16:00:00+00:00,0.02683,0.02934,0.02681,0.02835,52941103.0,2026-06-09 19:59:59.999000+00:00,1
2026-06-09 20:00:00+00:00,0.02835,0.02912,0.02763,0.02887,14841789.0,2026-06-09 23:59:59.999000+00:00,1
2026-06-10 00:00:00+00:00,0.02888,0.02933,0.02784,0.02836,23618956.0,2026-06-10 03:59:59.999000+00:00,1
2026-06-10 04:00:00+00:00,0.02836,0.02846,0.02675,0.02738,30477907.0,2026-06-10 07:59:59.999000+00:00,1
2026-06-10 08:00:00+00:00,0.02738,0.02803,0.02677,0.02741,17963531.0,2026-06-10 11:59:59.999000+00:00,1
2026-06-10 12:00:00+00:00,0.02742,0.02883,0.02714,0.02858,22451773.0,2026-06-10 15:59:59.999000+00:00,1
2026-06-10 16:00:00+00:00,0.02858,0.02862,0.0274,0.02766,13395706.0,2026-06-10 19:59:59.999000+00:00,1
2026-06-10 20:00:00+00:00,0.02765,0.02772,0.02567,0.0266,19989003.0,2026-06-10 23:59:59.999000+00:00,1
2026-06-11 00:00:00+00:00,0.0266,0.0275,0.02651,0.02691,13251774.0,2026-06-11 03:59:59.999000+00:00,1
2026-06-11 04:00:00+00:00,0.02692,0.02733,0.02624,0.02641,12033599.0,2026-06-11 07:59:59.999000+00:00,1
2026-06-11 08:00:00+00:00,0.02642,0.02738,0.02634,0.02683,11542208.0,2026-06-11 11:59:59.999000+00:00,1
2026-06-11 12:00:00+00:00,0.02683,0.03073,0.02628,0.02912,51053683.0,2026-06-11 15:59:59.999000+00:00,1
2026-06-11 16:00:00+00:00,0.02913,0.02922,0.0277,0.02833,31364759.0,2026-06-11 19:59:59.999000+00:00,1
2026-06-11 20:00:00+00:00,0.02834,0.02855,0.02781,0.02819,9273381.0,2026-06-11 23:59:59.999000+00:00,1
2026-06-12 00:00:00+00:00,0.02819,0.0282,0.02737,0.02753,17054685.0,2026-06-12 03:59:59.999000+00:00,1
2026-06-12 04:00:00+00:00,0.02754,0.02761,0.02662,0.02701,20750518.0,2026-06-12 07:59:59.999000+00:00,1
2026-06-12 08:00:00+00:00,0.02701,0.02756,0.027,0.02712,11522110.0,2026-06-12 11:59:59.999000+00:00,1
2026-06-12 12:00:00+00:00,0.02711,0.02732,0.0264,0.02655,17556547.0,2026-06-12 15:59:59.999000+00:00,1
2026-06-12 16:00:00+00:00,0.02654,0.0266,0.02538,0.02622,19262161.0,2026-06-12 19:59:59.999000+00:00,1
2026-06-12 20:00:00+00:00,0.02622,0.02644,0.02577,0.02591,6102957.0,2026-06-12 23:59:59.999000+00:00,1
2026-06-13 00:00:00+00:00,0.02591,0.02628,0.02564,0.02586,10461551.0,2026-06-13 03:59:59.999000+00:00,1
2026-06-13 04:00:00+00:00,0.02586,0.02609,0.02532,0.02607,10800035.0,2026-06-13 07:59:59.999000+00:00,1
2026-06-13 08:00:00+00:00,0.02606,0.0261,0.02565,0.02584,5855051.0,2026-06-13 11:59:59.999000+00:00,1
2026-06-13 12:00:00+00:00,0.02584,0.02592,0.02526,0.02545,11512546.0,2026-06-13 15:59:59.999000+00:00,1
2026-06-13 16:00:00+00:00,0.02544,0.02566,0.02492,0.0255,11961893.0,2026-06-13 19:59:59.999000+00:00,1
2026-06-13 20:00:00+00:00,0.02551,0.02574,0.02523,0.02569,4796485.0,2026-06-13 23:59:59.999000+00:00,1
2026-06-14 00:00:00+00:00,0.02568,0.02648,0.02553,0.02578,13841126.0,2026-06-14 03:59:59.999000+00:00,1
2026-06-14 04:00:00+00:00,0.02578,0.02608,0.02519,0.02588,12420771.0,2026-06-14 07:59:59.999000+00:00,1
2026-06-14 08:00:00+00:00,0.02588,0.02627,0.02558,0.02565,10689007.0,2026-06-14 11:59:59.999000+00:00,1
2026-06-14 12:00:00+00:00,0.02566,0.02578,0.02453,0.02493,13135829.0,2026-06-14 15:59:59.999000+00:00,1
2026-06-14 16:00:00+00:00,0.02492,0.02504,0.02472,0.02494,5451214.0,2026-06-14 19:59:59.999000+00:00,1
2026-06-14 20:00:00+00:00,0.02494,0.026,0.02482,0.02571,8301944.0,2026-06-14 23:59:59.999000+00:00,1
2026-06-15 00:00:00+00:00,0.0257,0.02584,0.0253,0.02557,5440334.0,2026-06-15 03:59:59.999000+00:00,1
2026-06-15 04:00:00+00:00,0.02557,0.02573,0.02517,0.02526,8623246.0,2026-06-15 07:59:59.999000+00:00,1
2026-06-15 08:00:00+00:00,0.02526,0.02552,0.0248,0.02527,12214170.0,2026-06-15 11:59:59.999000+00:00,1
2026-06-15 12:00:00+00:00,0.02528,0.02616,0.02523,0.02579,14489982.0,2026-06-15 15:59:59.999000+00:00,1
2026-06-15 16:00:00+00:00,0.02578,0.02633,0.02516,0.02527,15085664.0,2026-06-15 19:59:59.999000+00:00,1
2026-06-15 20:00:00+00:00,0.02527,0.02562,0.0249,0.02518,6422408.0,2026-06-15 23:59:59.999000+00:00,1
2026-06-16 00:00:00+00:00,0.02519,0.02522,0.02351,0.02404,24750952.0,2026-06-16 03:59:59.999000+00:00,1
2026-06-16 04:00:00+00:00,0.02404,0.02446,0.02387,0.02439,8870277.0,2026-06-16 07:59:59.999000+00:00,1
2026-06-16 08:00:00+00:00,0.02438,0.02486,0.02431,0.02448,8795864.0,2026-06-16 11:59:59.999000+00:00,1
2026-06-16 12:00:00+00:00,0.02448,0.02494,0.02391,0.02446,12144992.0,2026-06-16 15:59:59.999000+00:00,1
2026-06-16 16:00:00+00:00,0.02447,0.0246,0.02412,0.02438,4736494.0,2026-06-16 19:59:59.999000+00:00,1
2026-06-16 20:00:00+00:00,0.02437,0.02463,0.02431,0.02437,2332752.0,2026-06-16 23:59:59.999000+00:00,1
2026-06-17 00:00:00+00:00,0.02437,0.02471,0.02406,0.02434,4681802.0,2026-06-17 03:59:59.999000+00:00,1
2026-06-17 04:00:00+00:00,0.02434,0.02469,0.02426,0.02439,3647766.0,2026-06-17 07:59:59.999000+00:00,1
2026-06-17 08:00:00+00:00,0.0244,0.02449,0.0239,0.02403,6940455.0,2026-06-17 11:59:59.999000+00:00,1
2026-06-17 12:00:00+00:00,0.02403,0.02454,0.02375,0.02452,10098878.0,2026-06-17 15:59:59.999000+00:00,1
2026-06-17 16:00:00+00:00,0.02453,0.02512,0.0234,0.02362,15454498.0,2026-06-17 19:59:59.999000+00:00,1
2026-06-17 20:00:00+00:00,0.02361,0.02416,0.02355,0.02409,4807517.0,2026-06-17 23:59:59.999000+00:00,1
2026-06-18 00:00:00+00:00,0.02409,0.02449,0.02387,0.02393,4329090.0,2026-06-18 03:59:59.999000+00:00,1
2026-06-18 04:00:00+00:00,0.02394,0.02395,0.02315,0.02357,8736437.0,2026-06-18 07:59:59.999000+00:00,1
2026-06-18 08:00:00+00:00,0.02357,0.0237,0.023,0.02318,6473435.0,2026-06-18 11:59:59.999000+00:00,1
2026-06-18 12:00:00+00:00,0.02318,0.02351,0.02183,0.02194,23548876.0,2026-06-18 15:59:59.999000+00:00,1
2026-06-18 16:00:00+00:00,0.02194,0.02248,0.02187,0.0224,6588264.0,2026-06-18 19:59:59.999000+00:00,1
2026-06-18 20:00:00+00:00,0.0224,0.02268,0.02209,0.02224,4569860.0,2026-06-18 23:59:59.999000+00:00,1
2026-06-19 00:00:00+00:00,0.02223,0.02249,0.02112,0.02124,13119690.0,2026-06-19 03:59:59.999000+00:00,1
2026-06-19 04:00:00+00:00,0.02124,0.02126,0.02068,0.02089,12350354.0,2026-06-19 07:59:59.999000+00:00,1
2026-06-19 08:00:00+00:00,0.02089,0.02142,0.02088,0.02119,5746773.0,2026-06-19 11:59:59.999000+00:00,1
2026-06-19 12:00:00+00:00,0.02119,0.02219,0.02111,0.02218,10187028.0,2026-06-19 15:59:59.999000+00:00,1
2026-06-19 16:00:00+00:00,0.02218,0.02227,0.02156,0.02165,7515361.0,2026-06-19 19:59:59.999000+00:00,1
2026-06-19 20:00:00+00:00,0.02165,0.02182,0.02144,0.02161,2360215.0,2026-06-19 23:59:59.999000+00:00,1
2026-06-20 00:00:00+00:00,0.0216,0.02195,0.02151,0.0218,3913190.0,2026-06-20 03:59:59.999000+00:00,1
2026-06-20 04:00:00+00:00,0.02181,0.02212,0.02165,0.02172,5725204.0,2026-06-20 07:59:59.999000+00:00,1
2026-06-20 08:00:00+00:00,0.02171,0.02194,0.02154,0.02157,2921168.0,2026-06-20 11:59:59.999000+00:00,1
2026-06-20 12:00:00+00:00,0.02157,0.02183,0.02119,0.02178,6310933.0,2026-06-20 15:59:59.999000+00:00,1
2026-06-20 16:00:00+00:00,0.02177,0.02182,0.02138,0.02154,2436638.0,2026-06-20 19:59:59.999000+00:00,1
2026-06-20 20:00:00+00:00,0.02154,0.02186,0.0215,0.0217,2526605.0,2026-06-20 23:59:59.999000+00:00,1
2026-06-21 00:00:00+00:00,0.0217,0.02191,0.02158,0.02172,3344503.0,2026-06-21 03:59:59.999000+00:00,1
2026-06-21 04:00:00+00:00,0.02172,0.02196,0.02141,0.02147,3976544.0,2026-06-21 07:59:59.999000+00:00,1
2026-06-21 08:00:00+00:00,0.02146,0.02157,0.02108,0.02124,5747289.0,2026-06-21 11:59:59.999000+00:00,1
2026-06-21 12:00:00+00:00,0.02124,0.02148,0.02116,0.02142,3260062.0,2026-06-21 15:59:59.999000+00:00,1
2026-06-21 16:00:00+00:00,0.02141,0.02145,0.02097,0.02123,2826727.0,2026-06-21 19:59:59.999000+00:00,1
2026-06-21 20:00:00+00:00,0.02123,0.02125,0.02053,0.02065,4940468.0,2026-06-21 23:59:59.999000+00:00,1
2026-06-22 00:00:00+00:00,0.02066,0.02134,0.02062,0.02081,5172371.0,2026-06-22 03:59:59.999000+00:00,1
2026-06-22 04:00:00+00:00,0.0208,0.02107,0.02073,0.02091,3278241.0,2026-06-22 07:59:59.999000+00:00,1
2026-06-22 08:00:00+00:00,0.02093,0.02097,0.02056,0.02088,5428875.0,2026-06-22 11:59:59.999000+00:00,1
2026-06-22 12:00:00+00:00,0.02089,0.02098,0.02014,0.0204,12800942.0,2026-06-22 15:59:59.999000+00:00,1
2026-06-22 16:00:00+00:00,0.02041,0.02041,0.01994,0.02013,5953307.0,2026-06-22 19:59:59.999000+00:00,1
2026-06-22 20:00:00+00:00,0.02013,0.02028,0.01974,0.01995,4582969.0,2026-06-22 23:59:59.999000+00:00,1
2026-06-23 00:00:00+00:00,0.01995,0.01997,0.01949,0.01997,5708067.0,2026-06-23 03:59:59.999000+00:00,1
2026-06-23 04:00:00+00:00,0.01996,0.0202,0.0188,0.01914,12014944.0,2026-06-23 07:59:59.999000+00:00,1
2026-06-23 08:00:00+00:00,0.01915,0.01928,0.01842,0.01912,9942242.0,2026-06-23 11:59:59.999000+00:00,1
2026-06-23 12:00:00+00:00,0.01913,0.01933,0.01881,0.0191,4030778.0,2026-06-23 15:59:59.999000+00:00,1
2026-06-23 16:00:00+00:00,0.0191,0.0193,0.01892,0.01921,2686165.0,2026-06-23 19:59:59.999000+00:00,1
2026-06-23 20:00:00+00:00,0.0192,0.01972,0.01919,0.01948,3430352.0,2026-06-23 23:59:59.999000+00:00,1
2026-06-24 00:00:00+00:00,0.01949,0.01971,0.01938,0.01967,3990051.0,2026-06-24 03:59:59.999000+00:00,1
2026-06-24 04:00:00+00:00,0.01967,0.02035,0.01937,0.01962,11191196.0,2026-06-24 07:59:59.999000+00:00,1
2026-06-24 08:00:00+00:00,0.01962,0.01984,0.01945,0.01968,7401840.0,2026-06-24 11:59:59.999000+00:00,1
2026-06-24 12:00:00+00:00,0.01968,0.01995,0.01904,0.01921,15613675.0,2026-06-24 15:59:59.999000+00:00,1
2026-06-24 16:00:00+00:00,0.0192,0.0193,0.01824,0.01861,14506693.0,2026-06-24 19:59:59.999000+00:00,1
2026-06-24 20:00:00+00:00,0.01861,0.01929,0.01854,0.01902,3855664.0,2026-06-24 23:59:59.999000+00:00,1
2026-06-25 00:00:00+00:00,0.01903,0.01915,0.01876,0.01879,3021565.0,2026-06-25 03:59:59.999000+00:00,1
2026-06-25 04:00:00+00:00,0.01879,0.01902,0.01865,0.01887,5216065.0,2026-06-25 07:59:59.999000+00:00,1
2026-06-25 08:00:00+00:00,0.01887,0.01893,0.01836,0.01844,4858533.0,2026-06-25 11:59:59.999000+00:00,1
2026-06-25 12:00:00+00:00,0.01845,0.01857,0.01685,0.0178,23739298.0,2026-06-25 15:59:59.999000+00:00,1
2026-06-25 16:00:00+00:00,0.0178,0.01796,0.01734,0.01756,6457293.0,2026-06-25 19:59:59.999000+00:00,1
2026-06-25 20:00:00+00:00,0.01757,0.01814,0.01757,0.01793,3810832.0,2026-06-25 23:59:59.999000+00:00,1
2026-06-26 00:00:00+00:00,0.01792,0.01814,0.01711,0.01773,8990681.0,2026-06-26 03:59:59.999000+00:00,1
2026-06-26 04:00:00+00:00,0.01774,0.01819,0.01753,0.01801,5154567.0,2026-06-26 07:59:59.999000+00:00,1
2026-06-26 08:00:00+00:00,0.018,0.01803,0.01762,0.01768,2980300.0,2026-06-26 11:59:59.999000+00:00,1
2026-06-26 12:00:00+00:00,0.01768,0.0183,0.01736,0.01812,7291036.0,2026-06-26 15:59:59.999000+00:00,1
2026-06-26 16:00:00+00:00,0.01812,0.01844,0.01792,0.01797,3657669.0,2026-06-26 19:59:59.999000+00:00,1
2026-06-26 20:00:00+00:00,0.01797,0.01813,0.01781,0.01795,3177305.0,2026-06-26 23:59:59.999000+00:00,1
2026-06-27 00:00:00+00:00,0.01794,0.01806,0.01784,0.01791,2245027.0,2026-06-27 03:59:59.999000+00:00,1
2026-06-27 04:00:00+00:00,0.0179,0.01833,0.0179,0.01803,4445096.0,2026-06-27 07:59:59.999000+00:00,1
2026-06-27 08:00:00+00:00,0.01802,0.01803,0.01779,0.01796,3742870.0,2026-06-27 11:59:59.999000+00:00,1
2026-06-27 12:00:00+00:00,0.01795,0.01808,0.01787,0.01803,2386104.0,2026-06-27 15:59:59.999000+00:00,1
2026-06-27 16:00:00+00:00,0.01803,0.01806,0.01753,0.01764,5396844.0,2026-06-27 19:59:59.999000+00:00,1
2026-06-27 20:00:00+00:00,0.01763,0.01775,0.01743,0.01764,2545314.0,2026-06-27 23:59:59.999000+00:00,1
2026-06-28 00:00:00+00:00,0.01764,0.01785,0.01754,0.01776,3655950.0,2026-06-28 03:59:59.999000+00:00,1
2026-06-28 04:00:00+00:00,0.01775,0.0178,0.01757,0.01771,2853585.0,2026-06-28 07:59:59.999000+00:00,1
2026-06-28 08:00:00+00:00,0.01771,0.018,0.01763,0.01774,5213980.0,2026-06-28 11:59:59.999000+00:00,1
2026-06-28 12:00:00+00:00,0.01774,0.01774,0.01744,0.01752,3013754.0,2026-06-28 15:59:59.999000+00:00,1
2026-06-28 16:00:00+00:00,0.01753,0.01754,0.01708,0.01719,3981294.0,2026-06-28 19:59:59.999000+00:00,1
2026-06-28 20:00:00+00:00,0.01719,0.01747,0.01704,0.01743,4372135.0,2026-06-28 23:59:59.999000+00:00,1
2026-06-29 00:00:00+00:00,0.01744,0.01762,0.01708,0.0176,4346228.0,2026-06-29 03:59:59.999000+00:00,1
2026-06-29 04:00:00+00:00,0.0176,0.01761,0.0172,0.01728,2584704.0,2026-06-29 07:59:59.999000+00:00,1
2026-06-29 08:00:00+00:00,0.01727,0.01761,0.01719,0.0173,3688212.0,2026-06-29 11:59:59.999000+00:00,1
2026-06-29 12:00:00+00:00,0.0173,0.01762,0.01713,0.01755,6566813.0,2026-06-29 15:59:59.999000+00:00,1
2026-06-29 16:00:00+00:00,0.01755,0.01848,0.01747,0.01821,6341096.0,2026-06-29 19:59:59.999000+00:00,1
2026-06-29 20:00:00+00:00,0.01822,0.01923,0.01817,0.0191,16469412.0,2026-06-29 23:59:59.999000+00:00,1
2026-06-30 00:00:00+00:00,0.0191,0.01948,0.01847,0.01855,21450597.0,2026-06-30 03:59:59.999000+00:00,1
2026-06-30 04:00:00+00:00,0.01854,0.01935,0.0181,0.01907,18140419.0,2026-06-30 07:59:59.999000+00:00,1
2026-06-30 08:00:00+00:00,0.01907,0.0194,0.01835,0.01848,18454662.0,2026-06-30 11:59:59.999000+00:00,1
2026-06-30 12:00:00+00:00,0.01847,0.01848,0.01786,0.01816,14067660.0,2026-06-30 15:59:59.999000+00:00,1
2026-06-30 16:00:00+00:00,0.01816,0.01835,0.01789,0.01797,6263238.0,2026-06-30 19:59:59.999000+00:00,1
2026-06-30 20:00:00+00:00,0.01797,0.01804,0.01762,0.01784,5590310.0,2026-06-30 23:59:59.999000+00:00,1
2026-07-01 00:00:00+00:00,0.01784,0.01796,0.01729,0.01783,6805963.0,2026-07-01 03:59:59.999000+00:00,1
2026-07-01 04:00:00+00:00,0.01782,0.01793,0.01734,0.0175,7247131.0,2026-07-01 07:59:59.999000+00:00,1
2026-07-01 08:00:00+00:00,0.0175,0.01753,0.01716,0.01741,7046343.0,2026-07-01 11:59:59.999000+00:00,1
2026-07-01 12:00:00+00:00,0.01741,0.01806,0.01722,0.01795,8086458.0,2026-07-01 15:59:59.999000+00:00,1
2026-07-01 16:00:00+00:00,0.01794,0.01808,0.0174,0.01746,5559741.0,2026-07-01 19:59:59.999000+00:00,1
2026-07-01 20:00:00+00:00,0.01745,0.01819,0.01741,0.01772,4861780.0,2026-07-01 23:59:59.999000+00:00,1
2026-07-02 00:00:00+00:00,0.01773,0.01834,0.01767,0.01825,5697774.0,2026-07-02 03:59:59.999000+00:00,1
2026-07-02 04:00:00+00:00,0.01825,0.01839,0.01776,0.01792,4740719.0,2026-07-02 07:59:59.999000+00:00,1
2026-07-02 08:00:00+00:00,0.01792,0.0182,0.0179,0.01804,3680775.0,2026-07-02 11:59:59.999000+00:00,1
2026-07-02 12:00:00+00:00,0.01804,0.0182,0.01779,0.01789,4727169.0,2026-07-02 15:59:59.999000+00:00,1
2026-07-02 16:00:00+00:00,0.01789,0.018,0.01768,0.01771,2751950.0,2026-07-02 19:59:59.999000+00:00,1
2026-07-02 20:00:00+00:00,0.0177,0.01797,0.01766,0.01793,1909637.0,2026-07-02 23:59:59.999000+00:00,1
2026-07-03 00:00:00+00:00,0.01793,0.01867,0.01791,0.01861,7485971.0,2026-07-03 03:59:59.999000+00:00,1
2026-07-03 04:00:00+00:00,0.01861,0.01868,0.01834,0.01851,5031405.0,2026-07-03 07:59:59.999000+00:00,1
2026-07-03 08:00:00+00:00,0.01851,0.01865,0.01838,0.01848,3625687.0,2026-07-03 11:59:59.999000+00:00,1
2026-07-03 12:00:00+00:00,0.01847,0.01862,0.01836,0.01846,3575988.0,2026-07-03 15:59:59.999000+00:00,1
2026-07-03 16:00:00+00:00,0.01845,0.01872,0.01831,0.01866,2720085.0,2026-07-03 19:59:59.999000+00:00,1
2026-07-03 20:00:00+00:00,0.01866,0.0188,0.01849,0.01858,2600709.0,2026-07-03 23:59:59.999000+00:00,1
2026-07-04 00:00:00+00:00,0.01857,0.01863,0.01814,0.01844,4835301.0,2026-07-04 03:59:59.999000+00:00,1
2026-07-04 04:00:00+00:00,0.01843,0.01844,0.01821,0.01829,2479009.0,2026-07-04 07:59:59.999000+00:00,1
2026-07-04 08:00:00+00:00,0.01829,0.01841,0.01807,0.01826,2672258.0,2026-07-04 11:59:59.999000+00:00,1
2026-07-04 12:00:00+00:00,0.01826,0.01862,0.01826,0.01857,2973450.0,2026-07-04 15:59:59.999000+00:00,1
2026-07-04 16:00:00+00:00,0.01857,0.01894,0.01853,0.01858,4283883.0,2026-07-04 19:59:59.999000+00:00,1
2026-07-04 20:00:00+00:00,0.01857,0.01859,0.01825,0.0184,2161929.0,2026-07-04 23:59:59.999000+00:00,1
2026-07-05 00:00:00+00:00,0.0184,0.0184,0.01793,0.01821,4623927.0,2026-07-05 03:59:59.999000+00:00,1
2026-07-05 04:00:00+00:00,0.01821,0.01837,0.01813,0.01833,2048303.0,2026-07-05 07:59:59.999000+00:00,1
2026-07-05 08:00:00+00:00,0.01833,0.01856,0.01805,0.0182,3291338.0,2026-07-05 11:59:59.999000+00:00,1
2026-07-05 12:00:00+00:00,0.01819,0.01846,0.01812,0.01829,1555634.0,2026-07-05 15:59:59.999000+00:00,1
2026-07-05 16:00:00+00:00,0.01829,0.01845,0.01824,0.01834,1518491.0,2026-07-05 19:59:59.999000+00:00,1
2026-07-05 20:00:00+00:00,0.01834,0.01865,0.01824,0.0185,1967841.0,2026-07-05 23:59:59.999000+00:00,1
2026-07-06 00:00:00+00:00,0.0185,0.01859,0.01796,0.01807,4171148.0,2026-07-06 03:59:59.999000+00:00,1
2026-07-06 04:00:00+00:00,0.01807,0.01807,0.01773,0.0178,3870847.0,2026-07-06 07:59:59.999000+00:00,1
2026-07-06 08:00:00+00:00,0.0178,0.01811,0.01769,0.01794,3726441.0,2026-07-06 11:59:59.999000+00:00,1
2026-07-06 12:00:00+00:00,0.01794,0.01815,0.01743,0.01808,8244027.0,2026-07-06 15:59:59.999000+00:00,1
2026-07-06 16:00:00+00:00,0.01808,0.01828,0.01803,0.01809,2422122.0,2026-07-06 19:59:59.999000+00:00,1
2026-07-06 20:00:00+00:00,0.01808,0.01842,0.01799,0.01808,2521563.0,2026-07-06 23:59:59.999000+00:00,1
2026-07-07 00:00:00+00:00,0.01808,0.01834,0.01776,0.01779,4045115.0,2026-07-07 03:59:59.999000+00:00,1
2026-07-07 04:00:00+00:00,0.01779,0.01796,0.0176,0.0178,3224225.0,2026-07-07 07:59:59.999000+00:00,1
2026-07-07 08:00:00+00:00,0.0178,0.01794,0.01776,0.01792,1582160.0,2026-07-07 11:59:59.999000+00:00,1
2026-07-07 12:00:00+00:00,0.01791,0.01805,0.01733,0.01772,4984865.0,2026-07-07 15:59:59.999000+00:00,1
2026-07-07 16:00:00+00:00,0.01772,0.01785,0.01711,0.01731,5457646.0,2026-07-07 19:59:59.999000+00:00,1
2026-07-07 20:00:00+00:00,0.01731,0.0174,0.01694,0.01721,3623180.0,2026-07-07 23:59:59.999000+00:00,1
2026-07-08 00:00:00+00:00,0.01721,0.01745,0.01664,0.01677,6806680.0,2026-07-08 03:59:59.999000+00:00,1
2026-07-08 04:00:00+00:00,0.01678,0.01696,0.01655,0.01687,4829410.0,2026-07-08 07:59:59.999000+00:00,1
2026-07-08 08:00:00+00:00,0.01686,0.017,0.01626,0.01671,12236001.0,2026-07-08 11:59:59.999000+00:00,1
2026-07-08 12:00:00+00:00,0.01671,0.01678,0.01625,0.01633,6244718.0,2026-07-08 15:59:59.999000+00:00,1
2026-07-08 16:00:00+00:00,0.01633,0.01687,0.01633,0.01675,3733544.0,2026-07-08 19:59:59.999000+00:00,1
2026-07-08 20:00:00+00:00,0.01674,0.0172,0.01664,0.01703,3560030.0,2026-07-08 23:59:59.999000+00:00,1
2026-07-09 00:00:00+00:00,0.01703,0.01724,0.01693,0.01709,4338543.0,2026-07-09 03:59:59.999000+00:00,1
2026-07-09 04:00:00+00:00,0.01708,0.01737,0.01704,0.01716,4120246.0,2026-07-09 07:59:59.999000+00:00,1
2026-07-09 08:00:00+00:00,0.01716,0.01717,0.01696,0.01704,1825264.0,2026-07-09 11:59:59.999000+00:00,1
2026-07-09 12:00:00+00:00,0.01703,0.01723,0.01694,0.01701,2997419.0,2026-07-09 15:59:59.999000+00:00,1
2026-07-09 16:00:00+00:00,0.01701,0.01718,0.01685,0.01692,2082956.0,2026-07-09 19:59:59.999000+00:00,1
2026-07-09 20:00:00+00:00,0.01691,0.01695,0.01676,0.01685,1293240.0,2026-07-09 23:59:59.999000+00:00,1
2026-07-10 00:00:00+00:00,0.01685,0.01711,0.01675,0.01685,2674102.0,2026-07-10 03:59:59.999000+00:00,1
2026-07-10 04:00:00+00:00,0.01685,0.0169,0.01669,0.01681,1666575.0,2026-07-10 07:59:59.999000+00:00,1
2026-07-10 08:00:00+00:00,0.0168,0.01689,0.01664,0.01686,3043364.0,2026-07-10 11:59:59.999000+00:00,1
2026-07-10 12:00:00+00:00,0.01686,0.01693,0.01656,0.01685,5092391.0,2026-07-10 15:59:59.999000+00:00,1
2026-07-10 16:00:00+00:00,0.01685,0.017,0.01676,0.01696,2144361.0,2026-07-10 19:59:59.999000+00:00,1
2026-07-10 20:00:00+00:00,0.01696,0.01717,0.01689,0.01701,2165467.0,2026-07-10 23:59:59.999000+00:00,1
2026-07-11 00:00:00+00:00,0.01701,0.01769,0.01697,0.01741,9214330.0,2026-07-11 03:59:59.999000+00:00,1
2026-07-11 04:00:00+00:00,0.01741,0.01759,0.01727,0.0175,4019429.0,2026-07-11 07:59:59.999000+00:00,1
2026-07-11 08:00:00+00:00,0.01749,0.01774,0.01721,0.01739,3886058.0,2026-07-11 11:59:59.999000+00:00,1
2026-07-11 12:00:00+00:00,0.01739,0.01764,0.01739,0.01757,3298493.0,2026-07-11 15:59:59.999000+00:00,1
2026-07-11 16:00:00+00:00,0.01757,0.01803,0.01747,0.01764,7568136.0,2026-07-11 19:59:59.999000+00:00,1
2026-07-11 20:00:00+00:00,0.01764,0.01768,0.01713,0.01714,3420023.0,2026-07-11 23:59:59.999000+00:00,1
2026-07-12 00:00:00+00:00,0.01713,0.01722,0.01698,0.01721,2990116.0,2026-07-12 03:59:59.999000+00:00,1
2026-07-12 04:00:00+00:00,0.01721,0.01734,0.01709,0.0172,2125336.0,2026-07-12 07:59:59.999000+00:00,1
2026-07-12 08:00:00+00:00,0.0172,0.01733,0.01712,0.01722,2239009.0,2026-07-12 11:59:59.999000+00:00,1
2026-07-12 12:00:00+00:00,0.01722,0.01732,0.01718,0.01718,1735010.0,2026-07-12 15:59:59.999000+00:00,1
2026-07-12 16:00:00+00:00,0.01718,0.0172,0.01697,0.01704,2280254.0,2026-07-12 19:59:59.999000+00:00,1
2026-07-12 20:00:00+00:00,0.01704,0.01714,0.01678,0.01688,3087069.0,2026-07-12 23:59:59.999000+00:00,1
2026-07-13 00:00:00+00:00,0.01688,0.01713,0.01646,0.0166,4567079.0,2026-07-13 03:59:59.999000+00:00,1
2026-07-13 04:00:00+00:00,0.0166,0.01682,0.01655,0.01677,1676631.0,2026-07-13 07:59:59.999000+00:00,1
2026-07-13 08:00:00+00:00,0.01677,0.01686,0.01666,0.01668,962284.0,2026-07-13 11:59:59.999000+00:00,1
2026-07-13 12:00:00+00:00,0.01668,0.01686,0.0165,0.01669,2570718.0,2026-07-13 15:59:59.999000+00:00,1
2026-07-13 16:00:00+00:00,0.01669,0.01672,0.01626,0.0164,3440553.0,2026-07-13 19:59:59.999000+00:00,1
2026-07-13 20:00:00+00:00,0.0164,0.0164,0.01601,0.01638,3020887.0,2026-07-13 23:59:59.999000+00:00,1
2026-07-14 00:00:00+00:00,0.01638,0.01649,0.0163,0.01637,1820390.0,2026-07-14 03:59:59.999000+00:00,1
2026-07-14 04:00:00+00:00,0.01637,0.0165,0.01635,0.01642,985220.0,2026-07-14 07:59:59.999000+00:00,1
2026-07-14 08:00:00+00:00,0.01642,0.01648,0.01635,0.01642,714222.0,2026-07-14 11:59:59.999000+00:00,1
2026-07-14 12:00:00+00:00,0.01642,0.01696,0.0164,0.01682,5450794.0,2026-07-14 15:59:59.999000+00:00,1
2026-07-14 16:00:00+00:00,0.01682,0.01706,0.01663,0.01679,2822523.0,2026-07-14 19:59:59.999000+00:00,1
2026-07-14 20:00:00+00:00,0.01679,0.01684,0.01662,0.01673,2572521.0,2026-07-14 23:59:59.999000+00:00,1
2026-07-15 00:00:00+00:00,0.01673,0.01679,0.01656,0.01662,1452711.0,2026-07-15 03:59:59.999000+00:00,1
2026-07-15 04:00:00+00:00,0.01662,0.01678,0.01658,0.01665,1128735.0,2026-07-15 07:59:59.999000+00:00,1
2026-07-15 08:00:00+00:00,0.01665,0.01669,0.01655,0.01666,1614021.0,2026-07-15 11:59:59.999000+00:00,1
2026-07-15 12:00:00+00:00,0.01666,0.01692,0.01662,0.01671,3798390.0,2026-07-15 15:59:59.999000+00:00,1
2026-07-15 16:00:00+00:00,0.01671,0.01677,0.01659,0.01662,2733464.0,2026-07-15 19:59:59.999000+00:00,1
2026-07-15 20:00:00+00:00,0.01662,0.01691,0.01662,0.01671,1911151.0,2026-07-15 23:59:59.999000+00:00,1
2026-07-16 00:00:00+00:00,0.01671,0.01699,0.01666,0.01695,3182039.0,2026-07-16 03:59:59.999000+00:00,1
2026-07-16 04:00:00+00:00,0.01695,0.01705,0.01668,0.01676,3650685.0,2026-07-16 07:59:59.999000+00:00,1
2026-07-16 08:00:00+00:00,0.01676,0.0168,0.01648,0.01664,4404485.0,2026-07-16 11:59:59.999000+00:00,1
2026-07-16 12:00:00+00:00,0.01664,0.01694,0.01651,0.01689,4655004.0,2026-07-16 15:59:59.999000+00:00,1
2026-07-16 16:00:00+00:00,0.01687,0.01702,0.01663,0.01686,3138288.0,2026-07-16 19:59:59.999000+00:00,1
2026-07-16 20:00:00+00:00,0.01685,0.01688,0.01659,0.01669,1854002.0,2026-07-16 23:59:59.999000+00:00,1
2026-07-17 00:00:00+00:00,0.01669,0.01682,0.01653,0.01659,2695254.0,2026-07-17 03:59:59.999000+00:00,1
2026-07-17 04:00:00+00:00,0.01659,0.01669,0.01628,0.01633,4606593.0,2026-07-17 07:59:59.999000+00:00,1
2026-07-17 08:00:00+00:00,0.01633,0.01636,0.01609,0.01623,4583791.0,2026-07-17 11:59:59.999000+00:00,1
2026-07-17 12:00:00+00:00,0.01623,0.01627,0.01583,0.01593,10239974.0,2026-07-17 15:59:59.999000+00:00,1
2026-07-17 16:00:00+00:00,0.01593,0.01601,0.01578,0.01596,4456788.0,2026-07-17 19:59:59.999000+00:00,1
2026-07-17 20:00:00+00:00,0.01596,0.01607,0.01592,0.01596,1668526.0,2026-07-17 23:59:59.999000+00:00,1
2026-07-18 00:00:00+00:00,0.01596,0.016,0.0158,0.0159,2669000.0,2026-07-18 03:59:59.999000+00:00,1
2026-07-18 04:00:00+00:00,0.0159,0.01591,0.01552,0.01566,5923110.0,2026-07-18 07:59:59.999000+00:00,1
2026-07-18 08:00:00+00:00,0.01566,0.01575,0.01558,0.01566,1979272.0,2026-07-18 11:59:59.999000+00:00,1
2026-07-18 12:00:00+00:00,0.01565,0.01577,0.01559,0.01562,2115714.0,2026-07-18 15:59:59.999000+00:00,1
2026-07-18 16:00:00+00:00,0.01561,0.01572,0.01556,0.01561,2167590.0,2026-07-18 19:59:59.999000+00:00,1
2026-07-18 20:00:00+00:00,0.01561,0.01576,0.01559,0.01571,1763479.0,2026-07-18 23:59:59.999000+00:00,1
2026-07-19 00:00:00+00:00,0.01571,0.01576,0.0153,0.01541,4307870.0,2026-07-19 03:59:59.999000+00:00,1
2026-07-19 04:00:00+00:00,0.0154,0.01552,0.01528,0.01535,2972845.0,2026-07-19 07:59:59.999000+00:00,1
2026-07-19 08:00:00+00:00,0.01535,0.01541,0.01515,0.01522,3015311.0,2026-07-19 11:59:59.999000+00:00,1
2026-07-19 12:00:00+00:00,0.01521,0.01523,0.01502,0.01504,4356193.0,2026-07-19 15:59:59.999000+00:00,1
2026-07-19 16:00:00+00:00,0.01504,0.0151,0.0148,0.01498,7341704.0,2026-07-19 19:59:59.999000+00:00,1
2026-07-19 20:00:00+00:00,0.01498,0.01505,0.01457,0.01481,6176096.0,2026-07-19 23:59:59.999000+00:00,1
2026-07-20 00:00:00+00:00,0.01481,0.01499,0.01458,0.01471,5188902.0,2026-07-20 03:59:59.999000+00:00,1
2026-07-20 04:00:00+00:00,0.01471,0.01477,0.01429,0.01477,12481214.0,2026-07-20 07:59:59.999000+00:00,1
2026-07-20 08:00:00+00:00,0.01477,0.01525,0.01462,0.0152,9394606.0,2026-07-20 11:59:59.999000+00:00,1
2026-07-20 12:00:00+00:00,0.01521,0.01578,0.01521,0.0156,14831635.0,2026-07-20 15:59:59.999000+00:00,1
2026-07-20 16:00:00+00:00,0.0156,0.01561,0.01523,0.01526,4491865.0,2026-07-20 19:59:59.999000+00:00,1
2026-07-20 20:00:00+00:00,0.01526,0.01527,0.01506,0.01508,2667684.0,2026-07-20 23:59:59.999000+00:00,1
2026-07-21 00:00:00+00:00,0.01508,0.01531,0.01503,0.01525,3392280.0,2026-07-21 03:59:59.999000+00:00,1
2026-07-21 04:00:00+00:00,0.01525,0.01526,0.01508,0.01526,2061999.0,2026-07-21 07:59:59.999000+00:00,1
2026-07-21 08:00:00+00:00,0.01526,0.01534,0.01512,0.01528,2614153.0,2026-07-21 11:59:59.999000+00:00,1
2026-07-21 12:00:00+00:00,0.01528,0.01532,0.01508,0.0152,3563744.0,2026-07-21 15:59:59.999000+00:00,1
2026-07-21 16:00:00+00:00,0.0152,0.01522,0.01505,0.01521,1501416.0,2026-07-21 19:59:59.999000+00:00,1
2026-07-21 20:00:00+00:00,0.01521,0.01527,0.0151,0.0152,1207228.0,2026-07-21 23:59:59.999000+00:00,1
2026-07-22 00:00:00+00:00,0.01521,0.01525,0.01508,0.01512,1412403.0,2026-07-22 03:59:59.999000+00:00,1
2026-07-22 04:00:00+00:00,0.01512,0.01514,0.01489,0.01494,3164689.0,2026-07-22 07:59:59.999000+00:00,1
2026-07-22 08:00:00+00:00,0.01495,0.01502,0.01485,0.01489,1854457.0,2026-07-22 11:59:59.999000+00:00,1
2026-07-22 12:00:00+00:00,0.01489,0.01499,0.01478,0.01491,2731373.0,2026-07-22 15:59:59.999000+00:00,1
2026-07-22 16:00:00+00:00,0.01491,0.01502,0.01483,0.01485,1589129.0,2026-07-22 19:59:59.999000+00:00,1
2026-07-22 20:00:00+00:00,0.01485,0.01493,0.01483,0.01492,1272498.0,2026-07-22 23:59:59.999000+00:00,1
2026-07-23 00:00:00+00:00,0.01492,0.01494,0.01471,0.01474,2410892.0,2026-07-23 03:59:59.999000+00:00,1
2026-07-23 04:00:00+00:00,0.01475,0.01475,0.01459,0.01465,1854968.0,2026-07-23 07:59:59.999000+00:00,1
2026-07-23 08:00:00+00:00,0.01465,0.01471,0.01455,0.01461,1404980.0,2026-07-23 11:59:59.999000+00:00,1
2026-07-23 12:00:00+00:00,0.01461,0.01464,0.0144,0.01447,4233282.0,2026-07-23 15:59:59.999000+00:00,1
2026-07-23 16:00:00+00:00,0.01447,0.0145,0.01429,0.01446,1971419.0,2026-07-23 19:59:59.999000+00:00,1
2026-07-23 20:00:00+00:00,0.01446,0.01464,0.01446,0.0145,1437849.0,2026-07-23 23:59:59.999000+00:00,1
2026-07-24 00:00:00+00:00,0.0145,0.0147,0.01446,0.01469,1764656.0,2026-07-24 03:59:59.999000+00:00,1
2026-07-24 04:00:00+00:00,0.01469,0.0147,0.01458,0.01465,1333589.0,2026-07-24 07:59:59.999000+00:00,1
2026-07-24 08:00:00+00:00,0.01465,0.01467,0.01447,0.01454,2260609.0,2026-07-24 11:59:59.999000+00:00,1
2026-07-24 12:00:00+00:00,0.01454,0.01462,0.01423,0.01428,5734687.0,2026-07-24 15:59:59.999000+00:00,1
2026-07-24 16:00:00+00:00,0.01429,0.01432,0.01418,0.01425,2979149.0,2026-07-24 19:59:59.999000+00:00,1
2026-07-24 20:00:00+00:00,0.01425,0.01431,0.01405,0.01409,2685247.0,2026-07-24 23:59:59.999000+00:00,1
2026-07-25 00:00:00+00:00,0.01409,0.01414,0.01386,0.01404,4530060.0,2026-07-25 03:59:59.999000+00:00,1
2026-07-25 04:00:00+00:00,0.01404,0.01408,0.01398,0.01403,1407832.0,2026-07-25 07:59:59.999000+00:00,1
2026-07-25 08:00:00+00:00,0.01403,0.01417,0.01396,0.01398,2011828.0,2026-07-25 11:59:59.999000+00:00,1
2026-07-25 12:00:00+00:00,0.01398,0.01414,0.01397,0.01409,1752083.0,2026-07-25 15:59:59.999000+00:00,1
2026-07-25 16:00:00+00:00,0.01409,0.01434,0.01407,0.01423,2356164.0,2026-07-25 19:59:59.999000+00:00,1
2026-07-25 20:00:00+00:00,0.01423,0.01437,0.01419,0.01424,1280132.0,2026-07-25 23:59:59.999000+00:00,1
2026-07-26 00:00:00+00:00,0.01424,0.0143,0.01421,0.01425,1801756.0,2026-07-26 03:59:59.999000+00:00,1
2026-07-26 04:00:00+00:00,0.01425,0.01428,0.01417,0.01421,1234454.0,2026-07-26 07:59:59.999000+00:00,1
2026-07-26 08:00:00+00:00,0.0142,0.01423,0.01402,0.01403,1615463.0,2026-07-26 11:59:59.999000+00:00,1
2026-07-26 12:00:00+00:00,0.01403,0.01414,0.01399,0.01411,1737771.0,2026-07-26 15:59:59.999000+00:00,1
2026-07-26 16:00:00+00:00,0.01411,0.01413,0.01396,0.01399,1655933.0,2026-07-26 19:59:59.999000+00:00,1
2026-07-26 20:00:00+00:00,0.01399,0.01423,0.01398,0.01421,1710245.0,2026-07-26 23:59:59.999000+00:00,1
2026-07-27 00:00:00+00:00,0.0142,0.01425,0.01411,0.01412,1882436.0,2026-07-27 03:59:59.999000+00:00,1
2026-07-27 04:00:00+00:00,0.01412,0.01426,0.01402,0.01405,2218446.0,2026-07-27 07:59:59.999000+00:00,1
2026-07-27 08:00:00+00:00,0.01405,0.01408,0.01393,0.01395,2678465.0,2026-07-27 11:59:59.999000+00:00,1
2026-07-27 12:00:00+00:00,0.01395,0.014,0.01315,0.01324,17797235.0,2026-07-27 15:59:59.999000+00:00,1
2026-07-27 16:00:00+00:00,0.01324,0.01348,0.01322,0.01337,3846150.0,2026-07-27 19:59:59.999000+00:00,1
2026-07-27 20:00:00+00:00,0.01337,0.01346,0.01287,0.01311,8379323.0,2026-07-27 23:59:59.999000+00:00,1
2026-07-28 00:00:00+00:00,0.01311,0.01321,0.01299,0.01309,4342459.0,2026-07-28 03:59:59.999000+00:00,1
2026-07-28 04:00:00+00:00,0.01309,0.01318,0.013,0.01303,2786668.0,2026-07-28 07:59:59.999000+00:00,1
2026-07-28 08:00:00+00:00,0.01303,0.0132,0.013,0.01313,3551493.0,2026-07-28 11:59:59.999000+00:00,1
2026-07-28 12:00:00+00:00,0.01312,0.01364,0.01312,0.01359,7326994.0,2026-07-28 15:59:59.999000+00:00,1
2026-07-28 16:00:00+00:00,0.01359,0.01368,0.0135,0.01358,4236683.0,2026-07-28 19:59:59.999000+00:00,1
2026-07-28 20:00:00+00:00,0.01358,0.01369,0.01347,0.01357,2778966.0,2026-07-28 23:59:59.999000+00:00,1
2026-07-29 00:00:00+00:00,0.01357,0.01367,0.01347,0.01356,4392698.0,2026-07-29 03:59:59.999000+00:00,1
2026-07-29 04:00:00+00:00,0.01356,0.01363,0.0134,0.01352,3361461.0,2026-07-29 07:59:59.999000+00:00,1
2026-07-29 08:00:00+00:00,0.01352,0.01353,0.0134,0.01347,1610103.0,2026-07-29 11:59:59.999000+00:00,1
2026-07-29 12:00:00+00:00,0.01347,0.01348,0.0132,0.01322,5015835.0,2026-07-29 15:59:59.999000+00:00,1
2026-07-29 16:00:00+00:00,0.01322,0.01333,0.01292,0.01299,6957665.0,2026-07-29 19:59:59.999000+00:00,1
2026-07-29 20:00:00+00:00,0.01299,0.01317,0.01285,0.01297,6426195.0,2026-07-29 23:59:59.999000+00:00,1
2026-07-30 00:00:00+00:00,0.01297,0.01306,0.01285,0.01286,2997338.0,2026-07-30 03:59:59.999000+00:00,1
2026-07-30 04:00:00+00:00,0.01286,0.01287,0.0127,0.01276,3683763.0,2026-07-30 07:59:59.999000+00:00,1
2026-07-30 08:00:00+00:00,0.01276,0.0131,0.01275,0.013,3512730.0,2026-07-30 11:59:59.999000+00:00,1
2026-07-30 12:00:00+00:00,0.013,0.01307,0.01291,0.01294,2724048.0,2026-07-30 15:59:59.999000+00:00,1
2026-07-30 16:00:00+00:00,0.01294,0.01311,0.01292,0.01295,3683104.0,2026-07-30 19:59:59.999000+00:00,1
2026-07-30 20:00:00+00:00,0.01295,0.01298,0.01279,0.01281,2565657.0,2026-07-30 23:59:59.999000+00:00,1
2026-07-31 00:00:00+00:00,0.01281,0.01295,0.01262,0.01268,4326928.0,2026-07-31 03:59:59.999000+00:00,1
2026-07-31 04:00:00+00:00,0.01267,0.01272,0.0125,0.01267,3959980.0,2026-07-31 07:59:59.999000+00:00,1
2026-07-31 08:00:00+00:00,0.01267,0.0128,0.01262,0.01263,3183134.0,2026-07-31 11:59:59.999000+00:00,1
2026-07-31 12:00:00+00:00,0.01263,0.01304,0.01261,0.01285,6465485.0,2026-07-31 15:59:59.999000+00:00,1
2026-07-31 16:00:00+00:00,0.01285,0.01306,0.01284,0.01293,2713097.0,2026-07-31 19:59:59.999000+00:00,1
2026-07-31 20:00:00+00:00,0.01292,0.01299,0.01286,0.01291,1646191.0,2026-07-31 23:59:59.999000+00:00,1
2026-08-01 00:00:00+00:00,0.01291,0.01298,0.01287,0.01292,1741925.0,2026-08-01 03:59:59.999000+00:00,1
2026-08-01 04:00:00+00:00,0.01292,0.01307,0.01292,0.01298,1575658.0,2026-08-01 07:59:59.999000+00:00,1
2026-08-01 08:00:00+00:00,0.01298,0.01302,0.01288,0.01293,1623755.0,2026-08-01 11:59:59.999000+00:00,1
2026-08-01 12:00:00+00:00,0.01293,0.01299,0.0129,0.01294,1375700.0,2026-08-01 15:59:59.999000+00:00,1
2026-08-01 16:00:00+00:00,0.01294,0.01296,0.01254,0.01254,4086854.0,2026-08-01 19:59:59.999000+00:00,1
2026-08-01 20:00:00+00:00,0.01254,0.01265,0.01252,0.01259,1427495.0,2026-08-01 23:59:59.999000+00:00,1
2026-08-02 00:00:00+00:00,0.01259,0.01287,0.01259,0.01278,2665142.0,2026-08-02 03:59:59.999000+00:00,1
2026-08-02 04:00:00+00:00,0.01278,0.01287,0.01276,0.01285,849460.0,2026-08-02 07:59:59.999000+00:00,1
2026-08-02 08:00:00+00:00,0.01285,0.01298,0.0128,0.01284,2594427.0,2026-08-02 11:59:59.999000+00:00,1
2026-08-02 12:00:00+00:00,0.01284,0.01288,0.01275,0.01282,1614784.0,2026-08-02 15:59:59.999000+00:00,1
2026-08-02 16:00:00+00:00,0.01282,0.01295,0.0128,0.01281,899520.0,2026-08-02 19:59:59.999000+00:00,1
2026-08-02 20:00:00+00:00,0.01281,0.0129,0.01278,0.01284,1215319.0,2026-08-02 23:59:59.999000+00:00,1
2026-08-03 00:00:00+00:00,0.01284,0.01286,0.0126,0.01264,2142692.0,2026-08-03 03:59:59.999000+00:00,1
2026-08-03 04:00:00+00:00,0.01263,0.01274,0.01256,0.01261,3394409.0,2026-08-03 07:59:59.999000+00:00,1
2026-08-03 08:00:00+00:00,0.01261,0.01269,0.01254,0.0126,1765057.0,2026-08-03 11:59:59.999000+00:00,1
2026-08-03 12:00:00+00:00,0.0126,0.01286,0.01256,0.01285,3749341.0,2026-08-03 15:59:59.999000+00:00,1
2026-08-03 16:00:00+00:00,0.01285,0.01304,0.01276,0.01279,2655569.0,2026-08-03 19:59:59.999000+00:00,1
2026-08-03 20:00:00+00:00,0.01279,0.01285,0.01269,0.0128,1270584.0,2026-08-03 23:59:59.999000+00:00,1
2026-08-04 00:00:00+00:00,0.0128,0.0128,0.01263,0.01268,2225029.0,2026-08-04 03:59:59.999000+00:00,1
2026-08-04 04:00:00+00:00,0.01268,0.01277,0.01264,0.01273,2870748.0,2026-08-04 07:59:59.999000+00:00,1
2026-08-04 08:00:00+00:00,0.01273,0.01312,0.01272,0.01302,10352040.0,2026-08-04 11:59:59.999000+00:00,1
2026-08-04 12:00:00+00:00,0.01301,0.01308,0.01277,0.01287,13464616.0,2026-08-04 15:59:59.999000+00:00,1
2026-08-04 16:00:00+00:00,0.01287,0.01295,0.01283,0.01287,4598205.0,2026-08-04 19:59:59.999000+00:00,1
2026-08-04 20:00:00+00:00,0.01286,0.01296,0.0128,0.0128,5307811.0,2026-08-04 23:59:59.999000+00:00,1
2026-08-05 00:00:00+00:00,0.0128,0.01282,0.0127,0.01272,8266519.0,2026-08-05 03:59:59.999000+00:00,1
2026-08-05 04:00:00+00:00,0.01272,0.01281,0.01267,0.01274,1852882.0,2026-08-05 07:59:59.999000+00:00,1
2026-08-05 08:00:00+00:00,0.01274,0.01287,0.01272,0.0128,2075415.0,2026-08-05 11:59:59.999000+00:00,1
2026-08-05 12:00:00+00:00,0.0128,0.01285,0.01261,0.01268,4387657.0,2026-08-05 15:59:59.999000+00:00,1
2026-08-05 16:00:00+00:00,0.01268,0.01286,0.01267,0.01279,1799794.0,2026-08-05 19:59:59.999000+00:00,1
2026-08-05 20:00:00+00:00,0.01279,0.01287,0.01274,0.0128,1764927.0,2026-08-05 23:59:59.999000+00:00,1
2026-08-06 00:00:00+00:00,0.0128,0.01282,0.01263,0.01274,1793544.0,2026-08-06 03:59:59.999000+00:00,1
2026-08-06 04:00:00+00:00,0.01274,0.01318,0.01272,0.01308,5137039.0,2026-08-06 07:59:59.999000+00:00,1
2026-08-06 08:00:00+00:00,0.01308,0.01316,0.01286,0.01294,4545548.0,2026-08-06 11:59:59.999000+00:00,1
2026-08-06 12:00:00+00:00,0.01294,0.01301,0.01286,0.0129,1813526.0,2026-08-06 15:59:59.999000+00:00,1
2026-08-06 16:00:00+00:00,0.0129,0.01293,0.01269,0.0127,2903769.0,2026-08-06 19:59:59.999000+00:00,1
2026-08-06 20:00:00+00:00,0.0127,0.01289,0.01265,0.01279,1943418.0,2026-08-06 23:59:59.999000+00:00,1
2026-08-07 00:00:00+00:00,0.01279,0.01296,0.01277,0.01277,2686653.0,2026-08-07 03:59:59.999000+00:00,1
2026-08-07 04:00:00+00:00,0.01277,0.01281,0.01267,0.01269,2176222.0,2026-08-07 07:59:59.999000+00:00,1
2026-08-07 08:00:00+00:00,0.01269,0.01281,0.01267,0.01268,1957235.0,2026-08-07 11:59:59.999000+00:00,1
2026-08-07 12:00:00+00:00,0.01268,0.01284,0.01267,0.01276,3589766.0,2026-08-07 15:59:59.999000+00:00,1
2026-08-07 16:00:00+00:00,0.01276,0.0128,0.01264,0.01274,1816079.0,2026-08-07 19:59:59.999000+00:00,1
2026-08-07 20:00:00+00:00,0.01274,0.01294,0.0127,0.01285,1953326.0,2026-08-07 23:59:59.999000+00:00,1
2026-08-08 00:00:00+00:00,0.01285,0.01303,0.01285,0.01286,1578002.0,2026-08-08 03:59:59.999000+00:00,1
2026-08-08 04:00:00+00:00,0.01286,0.01291,0.01283,0.01287,680566.0,2026-08-08 07:59:59.999000+00:00,1
2026-08-08 08:00:00+00:00,0.01287,0.01313,0.01286,0.01301,3353958.0,2026-08-08 11:59:59.999000+00:00,1
2026-08-08 12:00:00+00:00,0.01301,0.01335,0.013,0.01333,4733027.0,2026-08-08 15:59:59.999000+00:00,1
2026-08-08 16:00:00+00:00,0.01333,0.01408,0.01333,0.01369,16707151.0,2026-08-08 19:59:59.999000+00:00,1
2026-08-08 20:00:00+00:00,0.01369,0.01371,0.01343,0.01347,5151403.0,2026-08-08 23:59:59.999000+00:00,1
2026-08-09 00:00:00+00:00,0.01347,0.0136,0.01325,0.01327,6255023.0,2026-08-09 03:59:59.999000+00:00,1
2026-08-09 04:00:00+00:00,0.01327,0.0134,0.01326,0.01328,3204115.0,2026-08-09 07:59:59.999000+00:00,1
2026-08-09 08:00:00+00:00,0.01328,0.01334,0.01319,0.01327,4014122.0,2026-08-09 11:59:59.999000+00:00,1
2026-08-09 12:00:00+00:00,0.01327,0.01343,0.01324,0.01335,3935762.0,2026-08-09 15:59:59.999000+00:00,1
2026-08-09 16:00:00+00:00,0.01335,0.01338,0.01328,0.01335,2041813.0,2026-08-09 19:59:59.999000+00:00,1
2026-08-09 20:00:00+00:00,0.01335,0.0134,0.01305,0.01307,3643935.0,2026-08-09 23:59:59.999000+00:00,1
2026-08-10 00:00:00+00:00,0.01307,0.01317,0.01303,0.01306,3644973.0,2026-08-10 03:59:59.999000+00:00,1
2026-08-10 04:00:00+00:00,0.01306,0.01333,0.01295,0.01329,8373751.0,2026-08-10 07:59:59.999000+00:00,1
2026-08-10 08:00:00+00:00,0.01329,0.01332,0.01309,0.01329,5250869.0,2026-08-10 11:59:59.999000+00:00,1
2026-08-10 12:00:00+00:00,0.01329,0.01334,0.01303,0.01307,3605840.0,2026-08-10 15:59:59.999000+00:00,1
2026-08-10 16:00:00+00:00,0.01307,0.01309,0.01296,0.01306,2779012.0,2026-08-10 19:59:59.999000+00:00,1
2026-08-10 20:00:00+00:00,0.01305,0.01309,0.01287,0.01294,2280417.0,2026-08-10 23:59:59.999000+00:00,1
2026-08-11 00:00:00+00:00,0.01294,0.01302,0.0129,0.01302,1860802.0,2026-08-11 03:59:59.999000+00:00,1
2026-08-11 04:00:00+00:00,0.01302,0.01303,0.01287,0.01288,4594501.0,2026-08-11 07:59:59.999000+00:00,1
2026-08-11 08:00:00+00:00,0.01288,0.01304,0.01287,0.01298,2648123.0,2026-08-11 11:59:59.999000+00:00,1
2026-08-11 12:00:00+00:00,0.01298,0.013,0.01255,0.01262,4844349.0,2026-08-11 15:59:59.999000+00:00,1
2026-08-11 16:00:00+00:00,0.01262,0.01265,0.01249,0.01258,3727391.0,2026-08-11 19:59:59.999000+00:00,1
2026-08-11 20:00:00+00:00,0.01258,0.01277,0.01257,0.01266,2384121.0,2026-08-11 23:59:59.999000+00:00,1
2026-08-12 00:00:00+00:00,0.01266,0.01281,0.01263,0.01268,2181543.0,2026-08-12 03:59:59.999000+00:00,1
2026-08-12 04:00:00+00:00,0.01268,0.01275,0.01259,0.01269,3060020.0,2026-08-12 07:59:59.999000+00:00,1
2026-08-12 08:00:00+00:00,0.01269,0.01275,0.01257,0.01272,2669284.0,2026-08-12 11:59:59.999000+00:00,1
2026-08-12 12:00:00+00:00,0.01272,0.0128,0.01234,0.01245,6625104.0,2026-08-12 15:59:59.999000+00:00,1
2026-08-12 16:00:00+00:00,0.01245,0.01252,0.01234,0.01245,2233137.0,2026-08-12 19:59:59.999000+00:00,1
2026-08-12 20:00:00+00:00,0.01245,0.0125,0.01213,0.0123,4147564.0,2026-08-12 23:59:59.999000+00:00,1
2026-08-13 00:00:00+00:00,0.0123,0.01248,0.01229,0.01245,1997402.0,2026-08-13 03:59:59.999000+00:00,1
2026-08-13 04:00:00+00:00,0.01245,0.01263,0.01245,0.01248,1814265.0,2026-08-13 07:59:59.999000+00:00,1
2026-08-13 08:00:00+00:00,0.01248,0.01259,0.01244,0.0125,2082376.0,2026-08-13 11:59:59.999000+00:00,1
2026-08-13 12:00:00+00:00,0.0125,0.01262,0.0125,0.01252,2289768.0,2026-08-13 15:59:59.999000+00:00,1
2026-08-13 16:00:00+00:00,0.01252,0.01253,0.0123,0.01238,2492989.0,2026-08-13 19:59:59.999000+00:00,1
2026-08-13 20:00:00+00:00,0.01238,0.01247,0.01236,0.0124,1047984.0,2026-08-13 23:59:59.999000+00:00,1
2026-08-14 00:00:00+00:00,0.0124,0.01244,0.01232,0.01232,1388316.0,2026-08-14 03:59:59.999000+00:00,1
2026-08-14 04:00:00+00:00,0.01232,0.01237,0.01222,0.01225,2059461.0,2026-08-14 07:59:59.999000+00:00,1
2026-08-14 08:00:00+00:00,0.01225,0.0123,0.01216,0.01219,3206441.0,2026-08-14 11:59:59.999000+00:00,1
2026-08-14 12:00:00+00:00,0.01219,0.01224,0.01205,0.01223,2914519.0,2026-08-14 15:59:59.999000+00:00,1
2026-08-14 16:00:00+00:00,0.01223,0.01246,0.01223,0.01244,3927539.0,2026-08-14 19:59:59.999000+00:00,1
2026-08-14 20:00:00+00:00,0.01244,0.01258,0.01234,0.01255,1855363.0,2026-08-14 23:59:59.999000+00:00,1
2026-08-15 00:00:00+00:00,0.01255,0.0127,0.0125,0.0126,3096869.0,2026-08-15 03:59:59.999000+00:00,1
2026-08-15 04:00:00+00:00,0.0126,0.01265,0.01252,0.01252,2340050.0,2026-08-15 07:59:59.999000+00:00,1
2026-08-15 08:00:00+00:00,0.01252,0.01263,0.0125,0.01261,2323722.0,2026-08-15 11:59:59.999000+00:00,1
2026-08-15 12:00:00+00:00,0.01261,0.01268,0.01253,0.01257,2499562.0,2026-08-15 15:59:59.999000+00:00,1
2026-08-15 16:00:00+00:00,0.01257,0.01262,0.01251,0.01254,1410414.0,2026-08-15 19:59:59.999000+00:00,1
2026-08-15 20:00:00+00:00,0.01254,0.01263,0.01248,0.01248,1417941.0,2026-08-15 23:59:59.999000+00:00,1
2026-08-16 00:00:00+00:00,0.01248,0.01251,0.01242,0.01244,1514690.0,2026-08-16 03:59:59.999000+00:00,1
2026-08-16 04:00:00+00:00,0.01244,0.01248,0.01239,0.01245,791873.0,2026-08-16 07:59:59.999000+00:00,1
2026-08-16 08:00:00+00:00,0.01245,0.0125,0.01242,0.01245,1129938.0,2026-08-16 11:59:59.999000+00:00,1
2026-08-16 12:00:00+00:00,0.01245,0.01252,0.01244,0.01249,1324806.0,2026-08-16 15:59:59.999000+00:00,1
2026-08-16 16:00:00+00:00,0.01249,0.01258,0.01244,0.01244,2162894.0,2026-08-16 19:59:59.999000+00:00,1
2026-08-16 20:00:00+00:00,0.01244,0.01246,0.01212,0.01219,3414640.0,2026-08-16 23:59:59.999000+00:00,1
2026-08-17 00:00:00+00:00,0.01219,0.01232,0.01212,0.0123,1982559.0,2026-08-17 03:59:59.999000+00:00,1
2026-08-17 04:00:00+00:00,0.0123,0.01238,0.0123,0.01231,1430919.0,2026-08-17 07:59:59.999000+00:00,1
2026-08-17 08:00:00+00:00,0.01231,0.01232,0.01213,0.01217,1597871.0,2026-08-17 11:59:59.999000+00:00,1
2026-08-17 12:00:00+00:00,0.01217,0.01223,0.01203,0.01221,4006257.0,2026-08-17 15:59:59.999000+00:00,1
2026-08-17 16:00:00+00:00,0.01221,0.01225,0.01216,0.01221,2520874.0,2026-08-17 19:59:59.999000+00:00,1
2026-08-17 20:00:00+00:00,0.01221,0.01227,0.0121,0.01214,2057535.0,2026-08-17 23:59:59.999000+00:00,1
2026-08-18 00:00:00+00:00,0.01214,0.01217,0.01162,0.01174,9048860.0,2026-08-18 03:59:59.999000+00:00,1
2026-08-18 04:00:00+00:00,0.01174,0.01195,0.01174,0.01188,3003611.0,2026-08-18 07:59:59.999000+00:00,1
2026-08-18 08:00:00+00:00,0.01188,0.01196,0.0118,0.0118,2157176.0,2026-08-18 11:59:59.999000+00:00,1
2026-08-18 12:00:00+00:00,0.0118,0.01197,0.01177,0.01193,2140238.0,2026-08-18 15:59:59.999000+00:00,1
2026-08-18 16:00:00+00:00,0.01193,0.01201,0.01189,0.01191,1578575.0,2026-08-18 19:59:59.999000+00:00,1
2026-08-18 20:00:00+00:00,0.01191,0.01193,0.01183,0.01189,1320647.0,2026-08-18 23:59:59.999000+00:00,1
2026-08-19 00:00:00+00:00,0.01189,0.01192,0.01183,0.01186,1700277.0,2026-08-19 03:59:59.999000+00:00,1
2026-08-19 04:00:00+00:00,0.01186,0.01194,0.01173,0.0119,2261785.0,2026-08-19 07:59:59.999000+00:00,1
2026-08-19 08:00:00+00:00,0.0119,0.012,0.01185,0.01191,1153974.0,2026-08-19 11:59:59.999000+00:00,1
2026-08-19 12:00:00+00:00,0.01191,0.01283,0.01188,0.01242,11309165.0,2026-08-19 15:59:59.999000+00:00,1
2026-08-19 16:00:00+00:00,0.01243,0.01266,0.01234,0.01246,4755840.0,2026-08-19 19:59:59.999000+00:00,1
2026-08-19 20:00:00+00:00,0.01247,0.01306,0.01245,0.01275,6712765.0,2026-08-19 23:59:59.999000+00:00,1
2026-08-20 00:00:00+00:00,0.01275,0.01288,0.01266,0.01271,2896770.0,2026-08-20 03:59:59.999000+00:00,1
2026-08-20 04:00:00+00:00,0.01271,0.01284,0.01269,0.01281,1461853.0,2026-08-20 07:59:59.999000+00:00,1
2026-08-20 08:00:00+00:00,0.01281,0.01308,0.01278,0.01282,4938838.0,2026-08-20 11:59:59.999000+00:00,1
2026-08-20 12:00:00+00:00,0.01282,0.01302,0.01273,0.01299,3508040.0,2026-08-20 15:59:59.999000+00:00,1
2026-08-20 16:00:00+00:00,0.01298,0.01313,0.01282,0.01284,3590421.0,2026-08-20 19:59:59.999000+00:00,1
2026-08-20 20:00:00+00:00,0.01284,0.01324,0.01282,0.01316,3004729.0,2026-08-20 23:59:59.999000+00:00,1
2026-08-21 00:00:00+00:00,0.01316,0.01337,0.01312,0.01327,4862847.0,2026-08-21 03:59:59.999000+00:00,1
2026-08-21 04:00:00+00:00,0.01327,0.01358,0.01327,0.01355,4660305.0,2026-08-21 07:59:59.999000+00:00,1
2026-08-21 08:00:00+00:00,0.01355,0.01408,0.01355,0.01401,11370791.0,2026-08-21 11:59:59.999000+00:00,1
2026-08-21 12:00:00+00:00,0.01401,0.01455,0.01398,0.01444,12627189.0,2026-08-21 15:59:59.999000+00:00,1
2026-08-21 16:00:00+00:00,0.01444,0.01453,0.01392,0.014,6083745.0,2026-08-21 19:59:59.999000+00:00,1
2026-08-21 20:00:00+00:00,0.014,0.01448,0.01394,0.01437,3953966.0,2026-08-21 23:59:59.999000+00:00,1
2026-08-22 00:00:00+00:00,0.01437,0.01531,0.01419,0.01522,9053796.0,2026-08-22 03:59:59.999000+00:00,1
2026-08-22 04:00:00+00:00,0.01522,0.01582,0.0138,0.01479,23981095.0,2026-08-22 07:59:59.999000+00:00,1
2026-08-22 08:00:00+00:00,0.01481,0.01507,0.01417,0.0148,8499265.0,2026-08-22 11:59:59.999000+00:00,1
2026-08-22 12:00:00+00:00,0.01479,0.01489,0.01444,0.01453,3640473.0,2026-08-22 15:59:59.999000+00:00,1
2026-08-22 16:00:00+00:00,0.01452,0.01482,0.01446,0.01472,1540428.0,2026-08-22 19:59:59.999000+00:00,1
2026-08-22 20:00:00+00:00,0.01471,0.0148,0.01415,0.01434,2784067.0,2026-08-22 23:59:59.999000+00:00,1
2026-08-23 00:00:00+00:00,0.01433,0.01452,0.01366,0.0137,4547954.0,2026-08-23 03:59:59.999000+00:00,1
2026-08-23 04:00:00+00:00,0.01371,0.0139,0.01342,0.01381,3000308.0,2026-08-23 07:59:59.999000+00:00,1
2026-08-23 08:00:00+00:00,0.01381,0.01444,0.01379,0.0144,2669708.0,2026-08-23 11:59:59.999000+00:00,1
2026-08-23 12:00:00+00:00,0.0144,0.01477,0.01419,0.01455,3716159.0,2026-08-23 15:59:59.999000+00:00,1
2026-08-23 16:00:00+00:00,0.01455,0.01495,0.01455,0.01473,2205654.0,2026-08-23 19:59:59.999000+00:00,1
2026-08-23 20:00:00+00:00,0.01473,0.01497,0.01467,0.01479,1606726.0,2026-08-23 23:59:59.999000+00:00,1
2026-08-24 00:00:00+00:00,0.01479,0.01482,0.01424,0.0143,2759628.0,2026-08-24 03:59:59.999000+00:00,1
2026-08-24 04:00:00+00:00,0.0143,0.0145,0.01427,0.01439,1691004.0,2026-08-24 07:59:59.999000+00:00,1
2026-08-24 08:00:00+00:00,0.01439,0.01472,0.01424,0.01458,1753321.0,2026-08-24 11:59:59.999000+00:00,1
2026-08-24 12:00:00+00:00,0.01458,0.01477,0.01428,0.01448,3851769.0,2026-08-24 15:59:59.999000+00:00,1
2026-08-24 16:00:00+00:00,0.01448,0.01465,0.01423,0.01429,2244720.0,2026-08-24 19:59:59.999000+00:00,1
2026-08-24 20:00:00+00:00,0.01429,0.01449,0.01424,0.01437,678738.0,2026-08-24 23:59:59.999000+00:00,1
2026-08-25 00:00:00+00:00,0.01438,0.01473,0.01435,0.01455,2425835.0,2026-08-25 03:59:59.999000+00:00,1
2026-08-25 04:00:00+00:00,0.01455,0.01471,0.01428,0.01441,1851548.0,2026-08-25 07:59:59.999000+00:00,1
2026-08-25 08:00:00+00:00,0.01441,0.01454,0.01422,0.01427,1032328.0,2026-08-25 11:59:59.999000+00:00,1
2026-08-25 12:00:00+00:00,0.01427,0.01437,0.01399,0.01431,2508779.0,2026-08-25 15:59:59.999000+00:00,1
2026-08-25 16:00:00+00:00,0.01431,0.01436,0.01412,0.01417,825009.0,2026-08-25 19:59:59.999000+00:00,1
2026-08-25 20:00:00+00:00,0.01416,0.01418,0.01368,0.01396,1621543.0,2026-08-25 23:59:59.999000+00:00,1
2026-08-26 00:00:00+00:00,0.01395,0.01421,0.01392,0.01403,724065.0,2026-08-26 03:59:59.999000+00:00,1
2026-08-26 04:00:00+00:00,0.01403,0.01411,0.01395,0.01401,605649.0,2026-08-26 07:59:59.999000+00:00,1
2026-08-26 08:00:00+00:00,0.01401,0.01409,0.01381,0.01394,621948.0,2026-08-26 11:59:59.999000+00:00,1
2026-08-26 12:00:00+00:00,0.01394,0.01402,0.01355,0.01372,1975678.0,2026-08-26 15:59:59.999000+00:00,1
2026-08-26 16:00:00+00:00,0.01372,0.0139,0.01356,0.01384,1084241.0,2026-08-26 19:59:59.999000+00:00,1
2026-08-26 20:00:00+00:00,0.01384,0.01438,0.0137,0.01435,1702167.0,2026-08-26 23:59:59.999000+00:00,1
2026-08-27 00:00:00+00:00,0.01435,0.01444,0.01401,0.01405,1734561.0,2026-08-27 03:59:59.999000+00:00,1
2026-08-27 04:00:00+00:00,0.01405,0.01411,0.01388,0.01408,919427.0,2026-08-27 07:59:59.999000+00:00,1
2026-08-27 08:00:00+00:00,0.01407,0.01455,0.01406,0.01414,3182703.0,2026-08-27 11:59:59.999000+00:00,1
2026-08-27 12:00:00+00:00,0.01414,0.01453,0.01408,0.01442,1592971.0,2026-08-27 15:59:59.999000+00:00,1
2026-08-27 16:00:00+00:00,0.01442,0.01459,0.01423,0.01431,1284598.0,2026-08-27 19:59:59.999000+00:00,1
2026-08-27 20:00:00+00:00,0.01431,0.01439,0.01417,0.01437,962431.0,2026-08-27 23:59:59.999000+00:00,1
2026-08-28 00:00:00+00:00,0.01437,0.01455,0.01394,0.01407,1461903.0,2026-08-28 03:59:59.999000+00:00,1
2026-08-28 04:00:00+00:00,0.01407,0.01409,0.01384,0.0139,1244889.0,2026-08-28 07:59:59.999000+00:00,1
2026-08-28 08:00:00+00:00,0.0139,0.01397,0.01369,0.01391,1138061.0,2026-08-28 11:59:59.999000+00:00,1
2026-08-28 12:00:00+00:00,0.01391,0.01407,0.01361,0.01369,2578920.0,2026-08-28 15:59:59.999000+00:00,1
2026-08-28 16:00:00+00:00,0.01368,0.01369,0.01329,0.01348,2858109.0,2026-08-28 19:59:59.999000+00:00,1
2026-08-28 20:00:00+00:00,0.01348,0.01368,0.01345,0.01363,1163174.0,2026-08-28 23:59:59.999000+00:00,1
2026-08-29 00:00:00+00:00,0.01363,0.01378,0.01358,0.01361,732270.0,2026-08-29 03:59:59.999000+00:00,1
2026-08-29 04:00:00+00:00,0.01361,0.01392,0.01361,0.01376,1545954.0,2026-08-29 07:59:59.999000+00:00,1
2026-08-29 08:00:00+00:00,0.01376,0.01377,0.01353,0.01358,1017101.0,2026-08-29 11:59:59.999000+00:00,1
2026-08-29 12:00:00+00:00,0.01358,0.01389,0.01356,0.01388,1434215.0,2026-08-29 15:59:59.999000+00:00,1
2026-08-29 16:00:00+00:00,0.01388,0.01392,0.01369,0.01375,1235814.0,2026-08-29 19:59:59.999000+00:00,1
2026-08-29 20:00:00+00:00,0.01375,0.01382,0.01369,0.01379,733164.0,2026-08-29 23:59:59.999000+00:00,1
2026-08-30 00:00:00+00:00,0.01379,0.01384,0.01369,0.01378,760213.0,2026-08-30 03:59:59.999000+00:00,1
2026-08-30 04:00:00+00:00,0.01378,0.01386,0.01369,0.01374,512542.0,2026-08-30 07:59:59.999000+00:00,1
2026-08-30 08:00:00+00:00,0.01374,0.01391,0.01371,0.01389,1112682.0,2026-08-30 11:59:59.999000+00:00,1
2026-08-30 12:00:00+00:00,0.01389,0.01399,0.01374,0.01377,1026764.0,2026-08-30 15:59:59.999000+00:00,1
2026-08-30 16:00:00+00:00,0.01377,0.01397,0.01374,0.01375,894638.0,2026-08-30 19:59:59.999000+00:00,1
2026-08-30 20:00:00+00:00,0.01375,0.01381,0.01297,0.01321,2908490.0,2026-08-30 23:59:59.999000+00:00,1
2026-08-31 00:00:00+00:00,0.0132,0.01344,0.01314,0.01339,1825145.0,2026-08-31 03:59:59.999000+00:00,1
2026-08-31 04:00:00+00:00,0.01339,0.01351,0.01333,0.01339,860432.0,2026-08-31 07:59:59.999000+00:00,1
2026-08-31 08:00:00+00:00,0.01339,0.01345,0.01329,0.01331,752094.0,2026-08-31 11:59:59.999000+00:00,1
2026-08-31 12:00:00+00:00,0.01331,0.01339,0.01315,0.01322,1284511.0,2026-08-31 15:59:59.999000+00:00,1
2026-08-31 16:00:00+00:00,0.01322,0.01338,0.01317,0.01324,925123.0,2026-08-31 19:59:59.999000+00:00,1
2026-08-31 20:00:00+00:00,0.01324,0.01331,0.01319,0.01323,756682.0,2026-08-31 23:59:59.999000+00:00,1
2026-09-01 00:00:00+00:00,0.01323,0.01347,0.01323,0.01341,1172078.0,2026-09-01 03:59:59.999000+00:00,1
2026-09-01 04:00:00+00:00,0.01341,0.01347,0.01335,0.01337,629585.0,2026-09-01 07:59:59.999000+00:00,1
2026-09-01 08:00:00+00:00,0.01337,0.01344,0.01314,0.01338,1411499.0,2026-09-01 11:59:59.999000+00:00,1
2026-09-01 12:00:00+00:00,0.01338,0.01361,0.01322,0.01346,1643206.0,2026-09-01 15:59:59.999000+00:00,1
2026-09-01 16:00:00+00:00,0.01346,0.01362,0.01321,0.01345,1829297.0,2026-09-01 19:59:59.999000+00:00,1
2026-09-01 20:00:00+00:00,0.01345,0.01356,0.0133,0.01339,1002084.0,2026-09-01 23:59:59.999000+00:00,1
2026-09-02 00:00:00+00:00,0.01339,0.01353,0.01308,0.01347,1236340.0,2026-09-02 03:59:59.999000+00:00,1
2026-09-02 04:00:00+00:00,0.01347,0.01361,0.01337,0.01338,1105911.0,2026-09-02 07:59:59.999000+00:00,1
2026-09-02 08:00:00+00:00,0.01339,0.01342,0.01304,0.01321,1376214.0,2026-09-02 11:59:59.999000+00:00,1
2026-09-02 12:00:00+00:00,0.01321,0.01365,0.01317,0.01353,5924414.0,2026-09-02 15:59:59.999000+00:00,1
2026-09-02 16:00:00+00:00,0.01354,0.01356,0.01331,0.01333,960839.0,2026-09-02 19:59:59.999000+00:00,1
2026-09-02 20:00:00+00:00,0.01334,0.0134,0.01325,0.01338,726647.0,2026-09-02 23:59:59.999000+00:00,1
2026-09-03 00:00:00+00:00,0.01338,0.01349,0.01331,0.01344,1275030.0,2026-09-03 03:59:59.999000+00:00,1
2026-09-03 04:00:00+00:00,0.01344,0.01357,0.01334,0.01348,1024264.0,2026-09-03 07:59:59.999000+00:00,1
2026-09-03 08:00:00+00:00,0.01348,0.01359,0.01342,0.0135,1038804.0,2026-09-03 11:59:59.999000+00:00,1
2026-09-03 12:00:00+00:00,0.0135,0.01383,0.01339,0.01379,3112736.0,2026-09-03 15:59:59.999000+00:00,1
2026-09-03 16:00:00+00:00,0.0138,0.01396,0.01367,0.01387,1967718.0,2026-09-03 19:59:59.999000+00:00,1
2026-09-03 20:00:00+00:00,0.01386,0.01396,0.01374,0.01381,1615255.0,2026-09-03 23:59:59.999000+00:00,1
2026-09-04 00:00:00+00:00,0.01381,0.01387,0.01366,0.01369,978878.0,2026-09-04 03:59:59.999000+00:00,1
2026-09-04 04:00:00+00:00,0.01369,0.01376,0.01335,0.01344,1983613.0,2026-09-04 07:59:59.999000+00:00,1
2026-09-04 08:00:00+00:00,0.01344,0.01361,0.01341,0.01355,1364852.0,2026-09-04 11:59:59.999000+00:00,1
2026-09-04 12:00:00+00:00,0.01355,0.01361,0.01307,0.01333,4855682.0,2026-09-04 15:59:59.999000+00:00,1
2026-09-04 16:00:00+00:00,0.01333,0.01352,0.01331,0.01346,1087686.0,2026-09-04 19:59:59.999000+00:00,1
2026-09-04 20:00:00+00:00,0.01346,0.01348,0.01331,0.01339,536287.0,2026-09-04 23:59:59.999000+00:00,1
2026-09-05 00:00:00+00:00,0.01339,0.01357,0.01336,0.0135,1022472.0,2026-09-05 03:59:59.999000+00:00,1
2026-09-05 04:00:00+00:00,0.0135,0.01361,0.01343,0.01358,676757.0,2026-09-05 07:59:59.999000+00:00,1
2026-09-05 08:00:00+00:00,0.01358,0.01364,0.01353,0.0136,662534.0,2026-09-05 11:59:59.999000+00:00,1
2026-09-05 12:00:00+00:00,0.0136,0.01378,0.0136,0.01377,1009417.0,2026-09-05 15:59:59.999000+00:00,1
2026-09-05 16:00:00+00:00,0.01378,0.01386,0.01373,0.01376,1059925.0,2026-09-05 19:59:59.999000+00:00,1
2026-09-05 20:00:00+00:00,0.01376,0.01394,0.01376,0.01383,1082622.0,2026-09-05 23:59:59.999000+00:00,1
2026-09-06 00:00:00+00:00,0.01383,0.01409,0.01382,0.01399,1654542.0,2026-09-06 03:59:59.999000+00:00,1
2026-09-06 04:00:00+00:00,0.01399,0.01405,0.01384,0.01402,1516069.0,2026-09-06 07:59:59.999000+00:00,1
2026-09-06 08:00:00+00:00,0.01402,0.01408,0.0139,0.01404,1067723.0,2026-09-06 11:59:59.999000+00:00,1
2026-09-06 12:00:00+00:00,0.01404,0.01406,0.01365,0.01389,1905383.0,2026-09-06 15:59:59.999000+00:00,1
2026-09-06 16:00:00+00:00,0.01389,0.01398,0.01383,0.01387,882850.0,2026-09-06 19:59:59.999000+00:00,1
2026-09-06 20:00:00+00:00,0.01387,0.01406,0.01384,0.01406,1089048.0,2026-09-06 23:59:59.999000+00:00,1
2026-09-07 00:00:00+00:00,0.01406,0.01417,0.01381,0.01388,1957124.0,2026-09-07 03:59:59.999000+00:00,1
2026-09-07 04:00:00+00:00,0.01387,0.01402,0.01373,0.01382,1106814.0,2026-09-07 07:59:59.999000+00:00,1
2026-09-07 08:00:00+00:00,0.01382,0.01403,0.01381,0.01401,866924.0,2026-09-07 11:59:59.999000+00:00,1
2026-09-07 12:00:00+00:00,0.01402,0.01443,0.0138,0.01386,3281243.0,2026-09-07 15:59:59.999000+00:00,1
2026-09-07 16:00:00+00:00,0.01387,0.01429,0.01385,0.01418,2036767.0,2026-09-07 19:59:59.999000+00:00,1
2026-09-07 20:00:00+00:00,0.01418,0.01426,0.01396,0.01418,1609226.0,2026-09-07 23:59:59.999000+00:00,1
2026-09-08 00:00:00+00:00,0.01418,0.01425,0.01394,0.01403,1282013.0,2026-09-08 03:59:59.999000+00:00,1
2026-09-08 04:00:00+00:00,0.01403,0.01434,0.01393,0.01431,2838201.0,2026-09-08 07:59:59.999000+00:00,1
2026-09-08 08:00:00+00:00,0.01431,0.01445,0.01418,0.01426,2320438.0,2026-09-08 11:59:59.999000+00:00,1
2026-09-08 12:00:00+00:00,0.01426,0.01443,0.0138,0.01443,3184017.0,2026-09-08 15:59:59.999000+00:00,1
2026-09-08 16:00:00+00:00,0.01443,0.01443,0.01417,0.01426,1719764.0,2026-09-08 19:59:59.999000+00:00,1
2026-09-08 20:00:00+00:00,0.01426,0.01439,0.01413,0.01421,940772.0,2026-09-08 23:59:59.999000+00:00,1
2026-09-09 00:00:00+00:00,0.01421,0.01427,0.01402,0.01405,1255835.0,2026-09-09 03:59:59.999000+00:00,1
2026-09-09 04:00:00+00:00,0.01405,0.01438,0.01404,0.01436,1331624.0,2026-09-09 07:59:59.999000+00:00,1
2026-09-09 08:00:00+00:00,0.01436,0.01442,0.01411,0.0143,1641659.0,2026-09-09 11:59:59.999000+00:00,1
2026-09-09 12:00:00+00:00,0.0143,0.01448,0.01411,0.01429,2696947.0,2026-09-09 15:59:59.999000+00:00,1
2026-09-09 16:00:00+00:00,0.01429,0.01449,0.01403,0.01407,3042498.0,2026-09-09 19:59:59.999000+00:00,1
2026-09-09 20:00:00+00:00,0.01407,0.01432,0.01372,0.01431,4190019.0,2026-09-09 23:59:59.999000+00:00,1
2026-09-10 00:00:00+00:00,0.01431,0.01437,0.01386,0.01411,4394649.0,2026-09-10 03:59:59.999000+00:00,1
2026-09-10 04:00:00+00:00,0.01411,0.01411,0.01367,0.01375,3214409.0,2026-09-10 07:59:59.999000+00:00,1
2026-09-10 08:00:00+00:00,0.01375,0.01382,0.01345,0.01357,3974913.0,2026-09-10 11:59:59.999000+00:00,1
2026-09-10 12:00:00+00:00,0.01356,0.01365,0.01337,0.01355,4739339.0,2026-09-10 15:59:59.999000+00:00,1
2026-09-10 16:00:00+00:00,0.01354,0.01376,0.01332,0.01373,2455558.0,2026-09-10 19:59:59.999000+00:00,1
2026-09-10 20:00:00+00:00,0.01373,0.01401,0.01356,0.01357,3820184.0,2026-09-10 23:59:59.999000+00:00,1
2026-09-11 00:00:00+00:00,0.01358,0.0137,0.01346,0.01361,2535604.0,2026-09-11 03:59:59.999000+00:00,1
2026-09-11 04:00:00+00:00,0.01361,0.01398,0.01359,0.01363,3786789.0,2026-09-11 07:59:59.999000+00:00,1
2026-09-11 08:00:00+00:00,0.01363,0.01374,0.01336,0.01345,2930706.0,2026-09-11 11:59:59.999000+00:00,1
2026-09-11 12:00:00+00:00,0.01345,0.01412,0.01327,0.01385,7066483.0,2026-09-11 15:59:59.999000+00:00,1
2026-09-11 16:00:00+00:00,0.01385,0.01409,0.01371,0.01387,4766170.0,2026-09-11 19:59:59.999000+00:00,1
2026-09-11 20:00:00+00:00,0.01388,0.01405,0.01365,0.01396,2774710.0,2026-09-11 23:59:59.999000+00:00,1
2026-09-12 00:00:00+00:00,0.01396,0.01513,0.01396,0.01507,15381197.0,2026-09-12 03:59:59.999000+00:00,1
2026-09-12 04:00:00+00:00,0.01508,0.01547,0.01446,0.01456,51741820.0,2026-09-12 07:59:59.999000+00:00,1
2026-09-12 08:00:00+00:00,0.01456,0.01461,0.0143,0.01435,7628152.0,2026-09-12 11:59:59.999000+00:00,1
2026-09-12 12:00:00+00:00,0.01435,0.01443,0.01418,0.01434,7462916.0,2026-09-12 15:59:59.999000+00:00,1
2026-09-12 16:00:00+00:00,0.01434,0.01442,0.01405,0.01417,5498061.0,2026-09-12 19:59:59.999000+00:00,1
2026-09-12 20:00:00+00:00,0.01417,0.01434,0.01411,0.01429,2916111.0,2026-09-12 23:59:59.999000+00:00,1
2026-09-13 00:00:00+00:00,0.0143,0.01499,0.01423,0.0148,14184925.0,2026-09-13 03:59:59.999000+00:00,1
2026-09-13 04:00:00+00:00,0.0148,0.01498,0.01457,0.0149,6924838.0,2026-09-13 07:59:59.999000+00:00,1
2026-09-13 08:00:00+00:00,0.0149,0.01492,0.01452,0.01488,6249920.0,2026-09-13 11:59:59.999000+00:00,1
2026-09-13 12:00:00+00:00,0.01488,0.01537,0.01482,0.01487,11045653.0,2026-09-13 15:59:59.999000+00:00,1
2026-09-13 16:00:00+00:00,0.01487,0.0151,0.01479,0.01483,3406550.0,2026-09-13 19:59:59.999000+00:00,1
2026-09-13 20:00:00+00:00,0.01483,0.01488,0.01442,0.01481,4462925.0,2026-09-13 23:59:59.999000+00:00,1
2026-09-14 00:00:00+00:00,0.01481,0.01515,0.01453,0.01472,6002227.0,2026-09-14 03:59:59.999000+00:00,1
2026-09-14 04:00:00+00:00,0.01471,0.01501,0.0146,0.01479,3072049.0,2026-09-14 07:59:59.999000+00:00,1
2026-09-14 08:00:00+00:00,0.01479,0.01487,0.01463,0.0147,2605445.0,2026-09-14 11:59:59.999000+00:00,1
2026-09-14 12:00:00+00:00,0.0147,0.0147,0.01445,0.01457,3275038.0,2026-09-14 15:59:59.999000+00:00,1
2026-09-14 16:00:00+00:00,0.01456,0.01477,0.01444,0.01449,2701712.0,2026-09-14 19:59:59.999000+00:00,1
2026-09-14 20:00:00+00:00,0.0145,0.01468,0.01446,0.0145,1827768.0,2026-09-14 23:59:59.999000+00:00,1
2026-09-15 00:00:00+00:00,0.0145,0.01459,0.0144,0.01452,1610613.0,2026-09-15 03:59:59.999000+00:00,1
2026-09-15 04:00:00+00:00,0.01452,0.01459,0.01413,0.01416,3272524.0,2026-09-15 07:59:59.999000+00:00,1
2026-09-15 08:00:00+00:00,0.01415,0.01422,0.01407,0.01414,1784807.0,2026-09-15 11:59:59.999000+00:00,1
2026-09-15 12:00:00+00:00,0.01414,0.01424,0.01379,0.01399,3234358.0,2026-09-15 15:59:59.999000+00:00,1
2026-09-15 16:00:00+00:00,0.01398,0.01417,0.01345,0.01387,5091986.0,2026-09-15 19:59:59.999000+00:00,1
2026-09-15 20:00:00+00:00,0.01387,0.01394,0.01343,0.01361,2124177.0,2026-09-15 23:59:59.999000+00:00,1
2026-09-16 00:00:00+00:00,0.01361,0.01366,0.01341,0.01358,2034614.0,2026-09-16 03:59:59.999000+00:00,1
2026-09-16 04:00:00+00:00,0.01358,0.0137,0.01352,0.01357,1645916.0,2026-09-16 07:59:59.999000+00:00,1
2026-09-16 08:00:00+00:00,0.01357,0.01375,0.01342,0.01363,1940240.0,2026-09-16 11:59:59.999000+00:00,1
2026-09-16 12:00:00+00:00,0.01363,0.01363,0.01335,0.01338,2340559.0,2026-09-16 15:59:59.999000+00:00,1
2026-09-16 16:00:00+00:00,0.01338,0.01368,0.01327,0.01365,3700655.0,2026-09-16 19:59:59.999000+00:00,1
2026-09-16 20:00:00+00:00,0.01365,0.01415,0.01361,0.01408,3617034.0,2026-09-16 23:59:59.999000+00:00,1
2026-09-17 00:00:00+00:00,0.01408,0.01414,0.01391,0.01399,1748061.0,2026-09-17 03:59:59.999000+00:00,1
2026-09-17 04:00:00+00:00,0.01399,0.01402,0.01388,0.01397,1167284.0,2026-09-17 07:59:59.999000+00:00,1
2026-09-17 08:00:00+00:00,0.01397,0.01412,0.01395,0.01403,1568402.0,2026-09-17 11:59:59.999000+00:00,1
2026-09-17 12:00:00+00:00,0.01404,0.0142,0.01401,0.01416,2271649.0,2026-09-17 15:59:59.999000+00:00,1
2026-09-17 16:00:00+00:00,0.01416,0.01443,0.01415,0.01433,3714416.0,2026-09-17 19:59:59.999000+00:00,1
2026-09-17 20:00:00+00:00,0.01433,0.01456,0.01428,0.0145,2582787.0,2026-09-17 23:59:59.999000+00:00,1
2026-09-18 00:00:00+00:00,0.0145,0.01473,0.01443,0.01471,3420761.0,2026-09-18 03:59:59.999000+00:00,1
2026-09-18 04:00:00+00:00,0.01471,0.01473,0.01451,0.0146,2166270.0,2026-09-18 07:59:59.999000+00:00,1
2026-09-18 08:00:00+00:00,0.0146,0.01472,0.01443,0.01455,3571191.0,2026-09-18 11:59:59.999000+00:00,1
2026-09-18 12:00:00+00:00,0.01455,0.01483,0.01453,0.01472,3999273.0,2026-09-18 15:59:59.999000+00:00,1
2026-09-18 16:00:00+00:00,0.01473,0.01482,0.01458,0.01477,2211030.0,2026-09-18 19:59:59.999000+00:00,1
2026-09-18 20:00:00+00:00,0.01477,0.01514,0.01473,0.0151,4540106.0,2026-09-18 23:59:59.999000+00:00,1
2026-09-19 00:00:00+00:00,0.0151,0.01514,0.01486,0.01505,3485419.0,2026-09-19 03:59:59.999000+00:00,1
2026-09-19 04:00:00+00:00,0.01505,0.01514,0.01485,0.01492,2793662.0,2026-09-19 07:59:59.999000+00:00,1
2026-09-19 08:00:00+00:00,0.01492,0.01529,0.0149,0.01521,3780210.0,2026-09-19 11:59:59.999000+00:00,1
2026-09-19 12:00:00+00:00,0.01521,0.01531,0.01513,0.01523,2189778.0,2026-09-19 15:59:59.999000+00:00,1
2026-09-19 16:00:00+00:00,0.01523,0.01555,0.01518,0.01534,9554845.0,2026-09-19 19:59:59.999000+00:00,1
2026-09-19 20:00:00+00:00,0.01534,0.01543,0.01508,0.01535,3321041.0,2026-09-19 23:59:59.999000+00:00,1
2026-09-20 00:00:00+00:00,0.01535,0.01539,0.01486,0.01508,5605063.0,2026-09-20 03:59:59.999000+00:00,1
2026-09-20 04:00:00+00:00,0.01508,0.01515,0.01485,0.0149,2146732.0,2026-09-20 07:59:59.999000+00:00,1
2026-09-20 08:00:00+00:00,0.0149,0.01497,0.01461,0.01475,5235489.0,2026-09-20 11:59:59.999000+00:00,1
2026-09-20 12:00:00+00:00,0.01475,0.01489,0.01459,0.01488,2115524.0,2026-09-20 15:59:59.999000+00:00,1
2026-09-20 16:00:00+00:00,0.01487,0.01512,0.01481,0.015,4684832.0,2026-09-20 19:59:59.999000+00:00,1
2026-09-20 20:00:00+00:00,0.015,0.01507,0.01478,0.01497,1577089.0,2026-09-20 23:59:59.999000+00:00,1
2026-09-21 00:00:00+00:00,0.01497,0.0152,0.01476,0.01489,2770614.0,2026-09-21 03:59:59.999000+00:00,0
