ts,open,high,low,close,volume,close_time,confirm
2026-04-12 16:00:00+00:00,0.06805,0.06827,0.06784,0.06798,141187.0,2026-04-12 19:59:59.999000+00:00,1
2026-04-12 20:00:00+00:00,0.06798,0.06829,0.06775,0.0679,143232.0,2026-04-12 23:59:59.999000+00:00,1
2026-04-13 00:00:00+00:00,0.06789,0.06856,0.06782,0.0684,293930.0,2026-04-13 03:59:59.999000+00:00,1
2026-04-13 04:00:00+00:00,0.06841,0.06847,0.06807,0.06817,128597.0,2026-04-13 07:59:59.999000+00:00,1
2026-04-13 08:00:00+00:00,0.06819,0.06841,0.06804,0.06818,166288.0,2026-04-13 11:59:59.999000+00:00,1
2026-04-13 12:00:00+00:00,0.06819,0.06858,0.06797,0.0682,354992.0,2026-04-13 15:59:59.999000+00:00,1
2026-04-13 16:00:00+00:00,0.0682,0.06872,0.06807,0.06868,196331.0,2026-04-13 19:59:59.999000+00:00,1
2026-04-13 20:00:00+00:00,0.06869,0.07044,0.06851,0.07008,518683.0,2026-04-13 23:59:59.999000+00:00,1
2026-04-14 00:00:00+00:00,0.07009,0.07083,0.06982,0.07051,919706.0,2026-04-14 03:59:59.999000+00:00,1
2026-04-14 04:00:00+00:00,0.0705,0.07056,0.07002,0.07035,310176.0,2026-04-14 07:59:59.999000+00:00,1
2026-04-14 08:00:00+00:00,0.07036,0.07079,0.07033,0.07052,236927.0,2026-04-14 11:59:59.999000+00:00,1
2026-04-14 12:00:00+00:00,0.07051,0.07081,0.06988,0.07006,469247.0,2026-04-14 15:59:59.999000+00:00,1
2026-04-14 16:00:00+00:00,0.07005,0.0701,0.06869,0.06894,350617.0,2026-04-14 19:59:59.999000+00:00,1
2026-04-14 20:00:00+00:00,0.06893,0.06921,0.06867,0.06914,308130.0,2026-04-14 23:59:59.999000+00:00,1
2026-04-15 00:00:00+00:00,0.06914,0.0696,0.0685,0.06909,777075.0,2026-04-15 03:59:59.999000+00:00,1
2026-04-15 04:00:00+00:00,0.06909,0.06913,0.06835,0.06852,500237.0,2026-04-15 07:59:59.999000+00:00,1
2026-04-15 08:00:00+00:00,0.06852,0.06875,0.06822,0.06859,215014.0,2026-04-15 11:59:59.999000+00:00,1
2026-04-15 12:00:00+00:00,0.06859,0.06891,0.06815,0.06866,486422.0,2026-04-15 15:59:59.999000+00:00,1
2026-04-15 16:00:00+00:00,0.06866,0.06934,0.06861,0.06928,214941.0,2026-04-15 19:59:59.999000+00:00,1
2026-04-15 20:00:00+00:00,0.06927,0.06928,0.06884,0.06904,333585.0,2026-04-15 23:59:59.999000+00:00,1
2026-04-16 00:00:00+00:00,0.06905,0.07004,0.06893,0.06988,379165.0,2026-04-16 03:59:59.999000+00:00,1
2026-04-16 04:00:00+00:00,0.06986,0.06994,0.06956,0.06966,274002.0,2026-04-16 07:59:59.999000+00:00,1
2026-04-16 08:00:00+00:00,0.0697,0.07004,0.06955,0.06999,210819.0,2026-04-16 11:59:59.999000+00:00,1
2026-04-16 12:00:00+00:00,0.06998,0.07066,0.06914,0.0701,654021.0,2026-04-16 15:59:59.999000+00:00,1
2026-04-16 16:00:00+00:00,0.0701,0.07118,0.06944,0.07112,626486.0,2026-04-16 19:59:59.999000+00:00,1
2026-04-16 20:00:00+00:00,0.0711,0.07118,0.07047,0.07101,345564.0,2026-04-16 23:59:59.999000+00:00,1
2026-04-17 00:00:00+00:00,0.07101,0.0711,0.07011,0.07043,416222.0,2026-04-17 03:59:59.999000+00:00,1
2026-04-17 04:00:00+00:00,0.07041,0.07091,0.07012,0.07083,291966.0,2026-04-17 07:59:59.999000+00:00,1
2026-04-17 08:00:00+00:00,0.07083,0.07129,0.07072,0.07103,291118.0,2026-04-17 11:59:59.999000+00:00,1
2026-04-17 12:00:00+00:00,0.07103,0.07359,0.07092,0.07233,1269270.0,2026-04-17 15:59:59.999000+00:00,1
2026-04-17 16:00:00+00:00,0.07234,0.07275,0.07158,0.07197,360028.0,2026-04-17 19:59:59.999000+00:00,1
2026-04-17 20:00:00+00:00,0.07194,0.07208,0.07123,0.07147,355264.0,2026-04-17 23:59:59.999000+00:00,1
2026-04-18 00:00:00+00:00,0.07147,0.07186,0.0711,0.07129,341092.0,2026-04-18 03:59:59.999000+00:00,1
2026-04-18 04:00:00+00:00,0.07134,0.07178,0.07127,0.07162,158610.0,2026-04-18 07:59:59.999000+00:00,1
2026-04-18 08:00:00+00:00,0.07163,0.07165,0.07008,0.0705,527177.0,2026-04-18 11:59:59.999000+00:00,1
2026-04-18 12:00:00+00:00,0.07049,0.07088,0.07012,0.07067,804179.0,2026-04-18 15:59:59.999000+00:00,1
2026-04-18 16:00:00+00:00,0.07066,0.07081,0.06964,0.06999,383985.0,2026-04-18 19:59:59.999000+00:00,1
2026-04-18 20:00:00+00:00,0.07,0.07023,0.06985,0.06989,207326.0,2026-04-18 23:59:59.999000+00:00,1
2026-04-19 00:00:00+00:00,0.06989,0.06993,0.06924,0.06955,500409.0,2026-04-19 03:59:59.999000+00:00,1
2026-04-19 04:00:00+00:00,0.06957,0.06993,0.06895,0.06941,761782.0,2026-04-19 07:59:59.999000+00:00,1
2026-04-19 08:00:00+00:00,0.0694,0.06969,0.06923,0.06967,224055.0,2026-04-19 11:59:59.999000+00:00,1
2026-04-19 12:00:00+00:00,0.06965,0.07009,0.06945,0.06974,234935.0,2026-04-19 15:59:59.999000+00:00,1
2026-04-19 16:00:00+00:00,0.06975,0.06975,0.06866,0.06932,507161.0,2026-04-19 19:59:59.999000+00:00,1
2026-04-19 20:00:00+00:00,0.06931,0.06931,0.06812,0.06868,401022.0,2026-04-19 23:59:59.999000+00:00,1
2026-04-20 00:00:00+00:00,0.06867,0.06909,0.06864,0.06902,477236.0,2026-04-20 03:59:59.999000+00:00,1
2026-04-20 04:00:00+00:00,0.06903,0.06963,0.06883,0.0692,258993.0,2026-04-20 07:59:59.999000+00:00,1
2026-04-20 08:00:00+00:00,0.06921,0.06966,0.06913,0.06949,329188.0,2026-04-20 11:59:59.999000+00:00,1
2026-04-20 12:00:00+00:00,0.06948,0.06987,0.06929,0.06981,412239.0,2026-04-20 15:59:59.999000+00:00,1
2026-04-20 16:00:00+00:00,0.06982,0.07041,0.06974,0.07018,374875.0,2026-04-20 19:59:59.999000+00:00,1
2026-04-20 20:00:00+00:00,0.07016,0.07051,0.06996,0.07012,271392.0,2026-04-20 23:59:59.999000+00:00,1
2026-04-21 00:00:00+00:00,0.07012,0.07071,0.07001,0.07024,411723.0,2026-04-21 03:59:59.999000+00:00,1
2026-04-21 04:00:00+00:00,0.07024,0.07036,0.06995,0.07013,240171.0,2026-04-21 07:59:59.999000+00:00,1
2026-04-21 08:00:00+00:00,0.07013,0.07046,0.07007,0.07034,455233.0,2026-04-21 11:59:59.999000+00:00,1
2026-04-21 12:00:00+00:00,0.07032,0.07038,0.06983,0.06998,313329.0,2026-04-21 15:59:59.999000+00:00,1
2026-04-21 16:00:00+00:00,0.06998,0.07013,0.06913,0.06924,247754.0,2026-04-21 19:59:59.999000+00:00,1
2026-04-21 20:00:00+00:00,0.06926,0.06992,0.06917,0.06991,155421.0,2026-04-21 23:59:59.999000+00:00,1
2026-04-22 00:00:00+00:00,0.0699,0.07064,0.06978,0.07028,334209.0,2026-04-22 03:59:59.999000+00:00,1
2026-04-22 04:00:00+00:00,0.07029,0.07104,0.07024,0.0706,299472.0,2026-04-22 07:59:59.999000+00:00,1
2026-04-22 08:00:00+00:00,0.07062,0.07104,0.07054,0.07095,215327.0,2026-04-22 11:59:59.999000+00:00,1
2026-04-22 12:00:00+00:00,0.07095,0.07104,0.07058,0.07065,371978.0,2026-04-22 15:59:59.999000+00:00,1
2026-04-22 16:00:00+00:00,0.07063,0.07078,0.07001,0.07034,514560.0,2026-04-22 19:59:59.999000+00:00,1
2026-04-22 20:00:00+00:00,0.07033,0.0704,0.06957,0.0696,238178.0,2026-04-22 23:59:59.999000+00:00,1
2026-04-23 00:00:00+00:00,0.06959,0.0698,0.06924,0.06938,294802.0,2026-04-23 03:59:59.999000+00:00,1
2026-04-23 04:00:00+00:00,0.06935,0.06995,0.06932,0.06977,253520.0,2026-04-23 07:59:59.999000+00:00,1
2026-04-23 08:00:00+00:00,0.06976,0.06993,0.06941,0.06967,313041.0,2026-04-23 11:59:59.999000+00:00,1
2026-04-23 12:00:00+00:00,0.06967,0.07018,0.06941,0.07005,335873.0,2026-04-23 15:59:59.999000+00:00,1
2026-04-23 16:00:00+00:00,0.07005,0.07011,0.0694,0.06975,417014.0,2026-04-23 19:59:59.999000+00:00,1
2026-04-23 20:00:00+00:00,0.06973,0.06993,0.06904,0.0697,491041.0,2026-04-23 23:59:59.999000+00:00,1
2026-04-24 00:00:00+00:00,0.06971,0.07014,0.06968,0.06983,324687.0,2026-04-24 03:59:59.999000+00:00,1
2026-04-24 04:00:00+00:00,0.06982,0.06996,0.06947,0.06953,169370.0,2026-04-24 07:59:59.999000+00:00,1
2026-04-24 08:00:00+00:00,0.06952,0.06983,0.06937,0.06973,192024.0,2026-04-24 11:59:59.999000+00:00,1
2026-04-24 12:00:00+00:00,0.06973,0.06985,0.06914,0.06946,417044.0,2026-04-24 15:59:59.999000+00:00,1
2026-04-24 16:00:00+00:00,0.06947,0.06948,0.06924,0.06935,130164.0,2026-04-24 19:59:59.999000+00:00,1
2026-04-24 20:00:00+00:00,0.06934,0.0695,0.06917,0.06923,212337.0,2026-04-24 23:59:59.999000+00:00,1
2026-04-25 00:00:00+00:00,0.06923,0.06982,0.06914,0.06982,261549.0,2026-04-25 03:59:59.999000+00:00,1
2026-04-25 04:00:00+00:00,0.06979,0.06986,0.06948,0.06975,219971.0,2026-04-25 07:59:59.999000+00:00,1
2026-04-25 08:00:00+00:00,0.06974,0.07046,0.06967,0.07007,670116.0,2026-04-25 11:59:59.999000+00:00,1
2026-04-25 12:00:00+00:00,0.07008,0.07044,0.06992,0.06999,307481.0,2026-04-25 15:59:59.999000+00:00,1
2026-04-25 16:00:00+00:00,0.07,0.07014,0.06962,0.06981,279577.0,2026-04-25 19:59:59.999000+00:00,1
2026-04-25 20:00:00+00:00,0.06981,0.07003,0.06977,0.06989,85060.0,2026-04-25 23:59:59.999000+00:00,1
2026-04-26 00:00:00+00:00,0.0699,0.06994,0.06952,0.06967,122689.0,2026-04-26 03:59:59.999000+00:00,1
2026-04-26 04:00:00+00:00,0.06968,0.07049,0.06967,0.07032,185337.0,2026-04-26 07:59:59.999000+00:00,1
2026-04-26 08:00:00+00:00,0.07033,0.07044,0.07011,0.07043,96180.0,2026-04-26 11:59:59.999000+00:00,1
2026-04-26 12:00:00+00:00,0.07042,0.07047,0.06997,0.07047,248421.0,2026-04-26 15:59:59.999000+00:00,1
2026-04-26 16:00:00+00:00,0.07048,0.07049,0.06989,0.07025,185663.0,2026-04-26 19:59:59.999000+00:00,1
2026-04-26 20:00:00+00:00,0.07024,0.07048,0.07002,0.07016,119156.0,2026-04-26 23:59:59.999000+00:00,1
2026-04-27 00:00:00+00:00,0.07015,0.0707,0.07003,0.07043,339810.0,2026-04-27 03:59:59.999000+00:00,1
2026-04-27 04:00:00+00:00,0.07043,0.07044,0.06966,0.06967,556661.0,2026-04-27 07:59:59.999000+00:00,1
2026-04-27 08:00:00+00:00,0.06967,0.07025,0.06961,0.0697,408347.0,2026-04-27 11:59:59.999000+00:00,1
2026-04-27 12:00:00+00:00,0.0697,0.0701,0.06897,0.06915,332849.0,2026-04-27 15:59:59.999000+00:00,1
2026-04-27 16:00:00+00:00,0.06915,0.06956,0.06907,0.06938,303471.0,2026-04-27 19:59:59.999000+00:00,1
2026-04-27 20:00:00+00:00,0.06941,0.06972,0.0694,0.0697,98682.0,2026-04-27 23:59:59.999000+00:00,1
2026-04-28 00:00:00+00:00,0.0697,0.06978,0.0693,0.0696,227586.0,2026-04-28 03:59:59.999000+00:00,1
2026-04-28 04:00:00+00:00,0.0696,0.06969,0.06915,0.06937,174570.0,2026-04-28 07:59:59.999000+00:00,1
2026-04-28 08:00:00+00:00,0.06937,0.06942,0.0688,0.06906,242672.0,2026-04-28 11:59:59.999000+00:00,1
2026-04-28 12:00:00+00:00,0.06905,0.06932,0.06887,0.06906,254482.0,2026-04-28 15:59:59.999000+00:00,1
2026-04-28 16:00:00+00:00,0.06906,0.06922,0.06903,0.06912,103747.0,2026-04-28 19:59:59.999000+00:00,1
2026-04-28 20:00:00+00:00,0.06912,0.06919,0.06896,0.06905,90107.0,2026-04-28 23:59:59.999000+00:00,1
2026-04-29 00:00:00+00:00,0.06906,0.06909,0.06853,0.06904,285028.0,2026-04-29 03:59:59.999000+00:00,1
2026-04-29 04:00:00+00:00,0.06904,0.06963,0.06897,0.06913,371033.0,2026-04-29 07:59:59.999000+00:00,1
2026-04-29 08:00:00+00:00,0.06914,0.06946,0.06889,0.06922,445730.0,2026-04-29 11:59:59.999000+00:00,1
2026-04-29 12:00:00+00:00,0.06921,0.06921,0.06795,0.06808,499229.0,2026-04-29 15:59:59.999000+00:00,1
2026-04-29 16:00:00+00:00,0.06807,0.06836,0.06732,0.06789,801951.0,2026-04-29 19:59:59.999000+00:00,1
2026-04-29 20:00:00+00:00,0.0679,0.06838,0.06786,0.06834,174140.0,2026-04-29 23:59:59.999000+00:00,1
2026-04-30 00:00:00+00:00,0.06836,0.06872,0.06813,0.06823,278107.0,2026-04-30 03:59:59.999000+00:00,1
2026-04-30 04:00:00+00:00,0.06823,0.06833,0.06769,0.06829,241058.0,2026-04-30 07:59:59.999000+00:00,1
2026-04-30 08:00:00+00:00,0.0683,0.06864,0.06815,0.06847,412393.0,2026-04-30 11:59:59.999000+00:00,1
2026-04-30 12:00:00+00:00,0.06846,0.06861,0.06815,0.06849,219785.0,2026-04-30 15:59:59.999000+00:00,1
2026-04-30 16:00:00+00:00,0.06849,0.0687,0.0684,0.0685,174179.0,2026-04-30 19:59:59.999000+00:00,1
2026-04-30 20:00:00+00:00,0.06848,0.06853,0.06831,0.06843,251575.0,2026-04-30 23:59:59.999000+00:00,1
2026-05-01 00:00:00+00:00,0.06844,0.06848,0.06814,0.06826,379081.0,2026-05-01 03:59:59.999000+00:00,1
2026-05-01 04:00:00+00:00,0.06826,0.06832,0.06809,0.06821,180400.0,2026-05-01 07:59:59.999000+00:00,1
2026-05-01 08:00:00+00:00,0.06822,0.06847,0.06799,0.06842,265309.0,2026-05-01 11:59:59.999000+00:00,1
2026-05-01 12:00:00+00:00,0.06843,0.06931,0.06838,0.06905,501621.0,2026-05-01 15:59:59.999000+00:00,1
2026-05-01 16:00:00+00:00,0.06905,0.06923,0.06866,0.06871,260660.0,2026-05-01 19:59:59.999000+00:00,1
2026-05-01 20:00:00+00:00,0.06872,0.06875,0.06825,0.06862,210580.0,2026-05-01 23:59:59.999000+00:00,1
2026-05-02 00:00:00+00:00,0.06862,0.06871,0.06841,0.06852,131845.0,2026-05-02 03:59:59.999000+00:00,1
2026-05-02 04:00:00+00:00,0.06852,0.06853,0.06824,0.06833,138197.0,2026-05-02 07:59:59.999000+00:00,1
2026-05-02 08:00:00+00:00,0.06833,0.06843,0.06821,0.06828,67866.0,2026-05-02 11:59:59.999000+00:00,1
2026-05-02 12:00:00+00:00,0.06828,0.06844,0.06827,0.06836,135318.0,2026-05-02 15:59:59.999000+00:00,1
2026-05-02 16:00:00+00:00,0.06837,0.06859,0.06806,0.06818,165666.0,2026-05-02 19:59:59.999000+00:00,1
2026-05-02 20:00:00+00:00,0.06818,0.06841,0.06811,0.06831,95330.0,2026-05-02 23:59:59.999000+00:00,1
2026-05-03 00:00:00+00:00,0.0683,0.06835,0.06772,0.06799,251864.0,2026-05-03 03:59:59.999000+00:00,1
2026-05-03 04:00:00+00:00,0.06799,0.0682,0.06793,0.06808,63288.0,2026-05-03 07:59:59.999000+00:00,1
2026-05-03 08:00:00+00:00,0.06807,0.06839,0.06801,0.06829,138677.0,2026-05-03 11:59:59.999000+00:00,1
2026-05-03 12:00:00+00:00,0.06829,0.06841,0.06807,0.06816,110192.0,2026-05-03 15:59:59.999000+00:00,1
2026-05-03 16:00:00+00:00,0.06817,0.06827,0.06807,0.06815,126975.0,2026-05-03 19:59:59.999000+00:00,1
2026-05-03 20:00:00+00:00,0.06815,0.06849,0.06796,0.06796,220225.0,2026-05-03 23:59:59.999000+00:00,1
2026-05-04 00:00:00+00:00,0.06797,0.06918,0.06774,0.06912,507606.0,2026-05-04 03:59:59.999000+00:00,1
2026-05-04 04:00:00+00:00,0.06912,0.06937,0.06863,0.06867,249767.0,2026-05-04 07:59:59.999000+00:00,1
2026-05-04 08:00:00+00:00,0.06868,0.06898,0.06801,0.06829,338397.0,2026-05-04 11:59:59.999000+00:00,1
2026-05-04 12:00:00+00:00,0.0683,0.06872,0.06799,0.06833,304903.0,2026-05-04 15:59:59.999000+00:00,1
2026-05-04 16:00:00+00:00,0.06834,0.06898,0.06812,0.0685,277079.0,2026-05-04 19:59:59.999000+00:00,1
2026-05-04 20:00:00+00:00,0.0685,0.06877,0.0683,0.06855,173239.0,2026-05-04 23:59:59.999000+00:00,1
2026-05-05 00:00:00+00:00,0.06856,0.0689,0.06845,0.06883,348118.0,2026-05-05 03:59:59.999000+00:00,1
2026-05-05 04:00:00+00:00,0.06885,0.06903,0.06871,0.0689,176831.0,2026-05-05 07:59:59.999000+00:00,1
2026-05-05 08:00:00+00:00,0.06891,0.06947,0.06889,0.06932,222127.0,2026-05-05 11:59:59.999000+00:00,1
2026-05-05 12:00:00+00:00,0.06932,0.0697,0.06904,0.0696,414144.0,2026-05-05 15:59:59.999000+00:00,1
2026-05-05 16:00:00+00:00,0.0696,0.06965,0.06925,0.06957,241285.0,2026-05-05 19:59:59.999000+00:00,1
2026-05-05 20:00:00+00:00,0.06956,0.07122,0.06956,0.06989,951871.0,2026-05-05 23:59:59.999000+00:00,1
2026-05-06 00:00:00+00:00,0.0699,0.07064,0.0699,0.07057,284963.0,2026-05-06 03:59:59.999000+00:00,1
2026-05-06 04:00:00+00:00,0.07056,0.07109,0.07013,0.07097,302014.0,2026-05-06 07:59:59.999000+00:00,1
2026-05-06 08:00:00+00:00,0.07097,0.07209,0.07097,0.07172,398398.0,2026-05-06 11:59:59.999000+00:00,1
2026-05-06 12:00:00+00:00,0.07172,0.0718,0.07049,0.07093,839799.0,2026-05-06 15:59:59.999000+00:00,1
2026-05-06 16:00:00+00:00,0.07092,0.07123,0.07049,0.07076,357482.0,2026-05-06 19:59:59.999000+00:00,1
2026-05-06 20:00:00+00:00,0.07077,0.07095,0.07047,0.07086,216688.0,2026-05-06 23:59:59.999000+00:00,1
2026-05-07 00:00:00+00:00,0.07086,0.07093,0.06989,0.06995,329625.0,2026-05-07 03:59:59.999000+00:00,1
2026-05-07 04:00:00+00:00,0.06994,0.0709,0.06994,0.07081,235498.0,2026-05-07 07:59:59.999000+00:00,1
2026-05-07 08:00:00+00:00,0.07081,0.07087,0.07014,0.07063,227290.0,2026-05-07 11:59:59.999000+00:00,1
2026-05-07 12:00:00+00:00,0.07061,0.07098,0.06946,0.06983,442938.0,2026-05-07 15:59:59.999000+00:00,1
2026-05-07 16:00:00+00:00,0.06983,0.07007,0.06961,0.06972,269315.0,2026-05-07 19:59:59.999000+00:00,1
2026-05-07 20:00:00+00:00,0.06973,0.06993,0.06915,0.06941,312923.0,2026-05-07 23:59:59.999000+00:00,1
2026-05-08 00:00:00+00:00,0.06942,0.06958,0.06917,0.06946,243774.0,2026-05-08 03:59:59.999000+00:00,1
2026-05-08 04:00:00+00:00,0.06946,0.06976,0.06926,0.06948,292900.0,2026-05-08 07:59:59.999000+00:00,1
2026-05-08 08:00:00+00:00,0.06949,0.06978,0.06949,0.06961,266803.0,2026-05-08 11:59:59.999000+00:00,1
2026-05-08 12:00:00+00:00,0.06961,0.06994,0.06821,0.06953,1787697.0,2026-05-08 15:59:59.999000+00:00,1
2026-05-08 16:00:00+00:00,0.06953,0.0715,0.06935,0.07076,677422.0,2026-05-08 19:59:59.999000+00:00,1
2026-05-08 20:00:00+00:00,0.07077,0.07166,0.07059,0.07164,439878.0,2026-05-08 23:59:59.999000+00:00,1
2026-05-09 00:00:00+00:00,0.07165,0.07255,0.07156,0.07187,777811.0,2026-05-09 03:59:59.999000+00:00,1
2026-05-09 04:00:00+00:00,0.07186,0.07208,0.07097,0.07108,719882.0,2026-05-09 07:59:59.999000+00:00,1
2026-05-09 08:00:00+00:00,0.07107,0.07149,0.07057,0.07117,619941.0,2026-05-09 11:59:59.999000+00:00,1
2026-05-09 12:00:00+00:00,0.07115,0.07124,0.07018,0.07062,469462.0,2026-05-09 15:59:59.999000+00:00,1
2026-05-09 16:00:00+00:00,0.07064,0.07114,0.07051,0.07099,163852.0,2026-05-09 19:59:59.999000+00:00,1
2026-05-09 20:00:00+00:00,0.07099,0.071,0.07062,0.07073,127397.0,2026-05-09 23:59:59.999000+00:00,1
2026-05-10 00:00:00+00:00,0.07074,0.07187,0.07036,0.07102,857611.0,2026-05-10 03:59:59.999000+00:00,1
2026-05-10 04:00:00+00:00,0.07102,0.07148,0.07088,0.07137,272823.0,2026-05-10 07:59:59.999000+00:00,1
2026-05-10 08:00:00+00:00,0.07138,0.07216,0.07137,0.07203,372441.0,2026-05-10 11:59:59.999000+00:00,1
2026-05-10 12:00:00+00:00,0.07203,0.07312,0.07184,0.07303,325109.0,2026-05-10 15:59:59.999000+00:00,1
2026-05-10 16:00:00+00:00,0.07303,0.07509,0.07299,0.07454,1063810.0,2026-05-10 19:59:59.999000+00:00,1
2026-05-10 20:00:00+00:00,0.07456,0.076,0.07277,0.07599,1117231.0,2026-05-10 23:59:59.999000+00:00,1
2026-05-11 00:00:00+00:00,0.07598,0.07616,0.07326,0.0738,1584092.0,2026-05-11 03:59:59.999000+00:00,1
2026-05-11 04:00:00+00:00,0.0738,0.0752,0.07343,0.07478,888938.0,2026-05-11 07:59:59.999000+00:00,1
2026-05-11 08:00:00+00:00,0.07477,0.07679,0.07427,0.07678,1068931.0,2026-05-11 11:59:59.999000+00:00,1
2026-05-11 12:00:00+00:00,0.07679,0.08138,0.07644,0.07823,7672104.0,2026-05-11 15:59:59.999000+00:00,1
2026-05-11 16:00:00+00:00,0.07819,0.07946,0.07737,0.07914,1728389.0,2026-05-11 19:59:59.999000+00:00,1
2026-05-11 20:00:00+00:00,0.07916,0.07946,0.07698,0.07744,1074206.0,2026-05-11 23:59:59.999000+00:00,1
2026-05-12 00:00:00+00:00,0.07744,0.08093,0.07678,0.08004,2556594.0,2026-05-12 03:59:59.999000+00:00,1
2026-05-12 04:00:00+00:00,0.08004,0.08328,0.07965,0.08071,2449200.0,2026-05-12 07:59:59.999000+00:00,1
2026-05-12 08:00:00+00:00,0.08069,0.08111,0.07939,0.07979,1005362.0,2026-05-12 11:59:59.999000+00:00,1
2026-05-12 12:00:00+00:00,0.07976,0.08128,0.07781,0.07859,1619758.0,2026-05-12 15:59:59.999000+00:00,1
2026-05-12 16:00:00+00:00,0.07858,0.07869,0.07658,0.07789,900501.0,2026-05-12 19:59:59.999000+00:00,1
2026-05-12 20:00:00+00:00,0.07786,0.07834,0.07764,0.0782,443979.0,2026-05-12 23:59:59.999000+00:00,1
2026-05-13 00:00:00+00:00,0.0782,0.07966,0.07801,0.0796,656297.0,2026-05-13 03:59:59.999000+00:00,1
2026-05-13 04:00:00+00:00,0.07961,0.07991,0.07866,0.07922,694116.0,2026-05-13 07:59:59.999000+00:00,1
2026-05-13 08:00:00+00:00,0.07924,0.08048,0.07893,0.07922,720518.0,2026-05-13 11:59:59.999000+00:00,1
2026-05-13 12:00:00+00:00,0.07921,0.07947,0.07463,0.07471,1510010.0,2026-05-13 15:59:59.999000+00:00,1
2026-05-13 16:00:00+00:00,0.07469,0.07614,0.07455,0.07535,771982.0,2026-05-13 19:59:59.999000+00:00,1
2026-05-13 20:00:00+00:00,0.07535,0.07569,0.07483,0.07499,377826.0,2026-05-13 23:59:59.999000+00:00,1
2026-05-14 00:00:00+00:00,0.07499,0.07526,0.07243,0.07271,879216.0,2026-05-14 03:59:59.999000+00:00,1
2026-05-14 04:00:00+00:00,0.07269,0.07397,0.07254,0.0736,508990.0,2026-05-14 07:59:59.999000+00:00,1
2026-05-14 08:00:00+00:00,0.0736,0.07429,0.07345,0.07392,448211.0,2026-05-14 11:59:59.999000+00:00,1
2026-05-14 12:00:00+00:00,0.07391,0.07577,0.07387,0.0757,649685.0,2026-05-14 15:59:59.999000+00:00,1
2026-05-14 16:00:00+00:00,0.07572,0.07647,0.07542,0.07577,636937.0,2026-05-14 19:59:59.999000+00:00,1
2026-05-14 20:00:00+00:00,0.07577,0.07639,0.07568,0.07591,172916.0,2026-05-14 23:59:59.999000+00:00,1
2026-05-15 00:00:00+00:00,0.07591,0.07742,0.07558,0.07716,649478.0,2026-05-15 03:59:59.999000+00:00,1
2026-05-15 04:00:00+00:00,0.07719,0.07824,0.07526,0.07587,1190620.0,2026-05-15 07:59:59.999000+00:00,1
2026-05-15 08:00:00+00:00,0.07587,0.07592,0.07467,0.07484,575842.0,2026-05-15 11:59:59.999000+00:00,1
2026-05-15 12:00:00+00:00,0.07484,0.07488,0.07195,0.07289,1208289.0,2026-05-15 15:59:59.999000+00:00,1
2026-05-15 16:00:00+00:00,0.0729,0.07362,0.07248,0.07299,475843.0,2026-05-15 19:59:59.999000+00:00,1
2026-05-15 20:00:00+00:00,0.073,0.07303,0.07248,0.07283,138933.0,2026-05-15 23:59:59.999000+00:00,1
2026-05-16 00:00:00+00:00,0.07286,0.07327,0.07261,0.07272,275018.0,2026-05-16 03:59:59.999000+00:00,1
2026-05-16 04:00:00+00:00,0.07272,0.07272,0.07003,0.0709,914309.0,2026-05-16 07:59:59.999000+00:00,1
2026-05-16 08:00:00+00:00,0.07089,0.07116,0.07004,0.07105,463143.0,2026-05-16 11:59:59.999000+00:00,1
2026-05-16 12:00:00+00:00,0.07104,0.0716,0.07085,0.07153,222436.0,2026-05-16 15:59:59.999000+00:00,1
2026-05-16 16:00:00+00:00,0.07153,0.07156,0.07115,0.0712,157997.0,2026-05-16 19:59:59.999000+00:00,1
2026-05-16 20:00:00+00:00,0.07121,0.07137,0.07064,0.07068,136473.0,2026-05-16 23:59:59.999000+00:00,1
2026-05-17 00:00:00+00:00,0.07069,0.07126,0.06985,0.07103,339862.0,2026-05-17 03:59:59.999000+00:00,1
2026-05-17 04:00:00+00:00,0.07102,0.07153,0.07092,0.07143,195731.0,2026-05-17 07:59:59.999000+00:00,1
2026-05-17 08:00:00+00:00,0.07143,0.07199,0.07121,0.07169,154629.0,2026-05-17 11:59:59.999000+00:00,1
2026-05-17 12:00:00+00:00,0.07168,0.07172,0.07071,0.07098,216833.0,2026-05-17 15:59:59.999000+00:00,1
2026-05-17 16:00:00+00:00,0.07099,0.0714,0.07061,0.07133,205197.0,2026-05-17 19:59:59.999000+00:00,1
2026-05-17 20:00:00+00:00,0.07133,0.07139,0.06873,0.06953,581059.0,2026-05-17 23:59:59.999000+00:00,1
2026-05-18 00:00:00+00:00,0.06951,0.06985,0.06882,0.06959,420062.0,2026-05-18 03:59:59.999000+00:00,1
2026-05-18 04:00:00+00:00,0.06959,0.06989,0.06875,0.0689,330813.0,2026-05-18 07:59:59.999000+00:00,1
2026-05-18 08:00:00+00:00,0.0689,0.06961,0.06885,0.06937,254000.0,2026-05-18 11:59:59.999000+00:00,1
2026-05-18 12:00:00+00:00,0.06939,0.06998,0.06831,0.06882,509750.0,2026-05-18 15:59:59.999000+00:00,1
2026-05-18 16:00:00+00:00,0.06881,0.06966,0.0685,0.06961,232048.0,2026-05-18 19:59:59.999000+00:00,1
2026-05-18 20:00:00+00:00,0.06961,0.07008,0.06929,0.06996,186116.0,2026-05-18 23:59:59.999000+00:00,1
2026-05-19 00:00:00+00:00,0.06996,0.07032,0.06974,0.06981,298168.0,2026-05-19 03:59:59.999000+00:00,1
2026-05-19 04:00:00+00:00,0.06982,0.07014,0.06944,0.07004,250429.0,2026-05-19 07:59:59.999000+00:00,1
2026-05-19 08:00:00+00:00,0.07005,0.07008,0.06873,0.06893,287482.0,2026-05-19 11:59:59.999000+00:00,1
2026-05-19 12:00:00+00:00,0.06892,0.06979,0.0685,0.06885,280601.0,2026-05-19 15:59:59.999000+00:00,1
2026-05-19 16:00:00+00:00,0.06885,0.06907,0.06822,0.0686,455558.0,2026-05-19 19:59:59.999000+00:00,1
2026-05-19 20:00:00+00:00,0.06862,0.06878,0.06765,0.0683,709733.0,2026-05-19 23:59:59.999000+00:00,1
2026-05-20 00:00:00+00:00,0.06829,0.06871,0.06775,0.06849,477117.0,2026-05-20 03:59:59.999000+00:00,1
2026-05-20 04:00:00+00:00,0.06849,0.06925,0.06831,0.06885,284632.0,2026-05-20 07:59:59.999000+00:00,1
2026-05-20 08:00:00+00:00,0.06886,0.0692,0.0684,0.06848,295042.0,2026-05-20 11:59:59.999000+00:00,1
2026-05-20 12:00:00+00:00,0.06848,0.06979,0.06821,0.06932,719161.0,2026-05-20 15:59:59.999000+00:00,1
2026-05-20 16:00:00+00:00,0.06932,0.06946,0.06881,0.06915,239419.0,2026-05-20 19:59:59.999000+00:00,1
2026-05-20 20:00:00+00:00,0.06914,0.06934,0.06875,0.06898,239162.0,2026-05-20 23:59:59.999000+00:00,1
2026-05-21 00:00:00+00:00,0.06898,0.06988,0.06893,0.06979,184142.0,2026-05-21 03:59:59.999000+00:00,1
2026-05-21 04:00:00+00:00,0.06979,0.06987,0.06908,0.06952,169981.0,2026-05-21 07:59:59.999000+00:00,1
2026-05-21 08:00:00+00:00,0.06952,0.06971,0.0687,0.0687,326722.0,2026-05-21 11:59:59.999000+00:00,1
2026-05-21 12:00:00+00:00,0.0687,0.06916,0.06851,0.06902,298380.0,2026-05-21 15:59:59.999000+00:00,1
2026-05-21 16:00:00+00:00,0.06903,0.06976,0.06881,0.06964,274131.0,2026-05-21 19:59:59.999000+00:00,1
2026-05-21 20:00:00+00:00,0.06965,0.0697,0.06935,0.06961,231729.0,2026-05-21 23:59:59.999000+00:00,1
2026-05-22 00:00:00+00:00,0.06963,0.06985,0.0693,0.06953,258530.0,2026-05-22 03:59:59.999000+00:00,1
2026-05-22 04:00:00+00:00,0.06953,0.06969,0.06892,0.06935,220376.0,2026-05-22 07:59:59.999000+00:00,1
2026-05-22 08:00:00+00:00,0.06936,0.06963,0.06912,0.06961,160253.0,2026-05-22 11:59:59.999000+00:00,1
2026-05-22 12:00:00+00:00,0.06961,0.07015,0.06878,0.06915,436623.0,2026-05-22 15:59:59.999000+00:00,1
2026-05-22 16:00:00+00:00,0.06913,0.06944,0.06785,0.06812,934948.0,2026-05-22 19:59:59.999000+00:00,1
2026-05-22 20:00:00+00:00,0.06811,0.06857,0.06752,0.06779,496215.0,2026-05-22 23:59:59.999000+00:00,1
2026-05-23 00:00:00+00:00,0.0678,0.06841,0.06761,0.06826,344888.0,2026-05-23 03:59:59.999000+00:00,1
2026-05-23 04:00:00+00:00,0.06826,0.06844,0.06642,0.06711,532694.0,2026-05-23 07:59:59.999000+00:00,1
2026-05-23 08:00:00+00:00,0.06712,0.06794,0.06679,0.06772,428807.0,2026-05-23 11:59:59.999000+00:00,1
2026-05-23 12:00:00+00:00,0.06774,0.06919,0.06758,0.06874,453047.0,2026-05-23 15:59:59.999000+00:00,1
2026-05-23 16:00:00+00:00,0.06876,0.06924,0.06855,0.06893,507460.0,2026-05-23 19:59:59.999000+00:00,1
2026-05-23 20:00:00+00:00,0.06893,0.0698,0.06882,0.06946,389445.0,2026-05-23 23:59:59.999000+00:00,1
2026-05-24 00:00:00+00:00,0.06947,0.06973,0.06929,0.06944,244249.0,2026-05-24 03:59:59.999000+00:00,1
2026-05-24 04:00:00+00:00,0.06943,0.07001,0.06941,0.06952,261064.0,2026-05-24 07:59:59.999000+00:00,1
2026-05-24 08:00:00+00:00,0.06953,0.0696,0.06921,0.06949,173532.0,2026-05-24 11:59:59.999000+00:00,1
2026-05-24 12:00:00+00:00,0.0695,0.06953,0.06866,0.0689,357390.0,2026-05-24 15:59:59.999000+00:00,1
2026-05-24 16:00:00+00:00,0.06891,0.06924,0.06863,0.06897,201803.0,2026-05-24 19:59:59.999000+00:00,1
2026-05-24 20:00:00+00:00,0.06898,0.06903,0.06813,0.06891,304322.0,2026-05-24 23:59:59.999000+00:00,1
2026-05-25 00:00:00+00:00,0.06893,0.0691,0.06863,0.06877,158996.0,2026-05-25 03:59:59.999000+00:00,1
2026-05-25 04:00:00+00:00,0.06877,0.06935,0.06867,0.06923,326616.0,2026-05-25 07:59:59.999000+00:00,1
2026-05-25 08:00:00+00:00,0.06922,0.06976,0.06916,0.0694,319100.0,2026-05-25 11:59:59.999000+00:00,1
2026-05-25 12:00:00+00:00,0.06941,0.06977,0.06935,0.06948,273152.0,2026-05-25 15:59:59.999000+00:00,1
2026-05-25 16:00:00+00:00,0.06948,0.06971,0.06905,0.06921,288159.0,2026-05-25 19:59:59.999000+00:00,1
2026-05-25 20:00:00+00:00,0.06921,0.06931,0.06859,0.0688,256624.0,2026-05-25 23:59:59.999000+00:00,1
2026-05-26 00:00:00+00:00,0.0688,0.0688,0.06783,0.06796,393639.0,2026-05-26 03:59:59.999000+00:00,1
2026-05-26 04:00:00+00:00,0.06796,0.06867,0.06788,0.0682,257641.0,2026-05-26 07:59:59.999000+00:00,1
2026-05-26 08:00:00+00:00,0.06817,0.06898,0.06815,0.06865,360369.0,2026-05-26 11:59:59.999000+00:00,1
2026-05-26 12:00:00+00:00,0.06866,0.06882,0.06795,0.06813,549605.0,2026-05-26 15:59:59.999000+00:00,1
2026-05-26 16:00:00+00:00,0.06812,0.06816,0.06701,0.06737,479258.0,2026-05-26 19:59:59.999000+00:00,1
2026-05-26 20:00:00+00:00,0.06738,0.06796,0.06729,0.06787,172448.0,2026-05-26 23:59:59.999000+00:00,1
2026-05-27 00:00:00+00:00,0.06787,0.06802,0.06744,0.06754,135771.0,2026-05-27 03:59:59.999000+00:00,1
2026-05-27 04:00:00+00:00,0.06754,0.0681,0.0673,0.06768,210899.0,2026-05-27 07:59:59.999000+00:00,1
2026-05-27 08:00:00+00:00,0.06768,0.0677,0.06692,0.06726,405290.0,2026-05-27 11:59:59.999000+00:00,1
2026-05-27 12:00:00+00:00,0.06727,0.06795,0.06689,0.06778,480926.0,2026-05-27 15:59:59.999000+00:00,1
2026-05-27 16:00:00+00:00,0.06777,0.0679,0.06697,0.06728,348175.0,2026-05-27 19:59:59.999000+00:00,1
2026-05-27 20:00:00+00:00,0.06728,0.06787,0.06644,0.06694,482916.0,2026-05-27 23:59:59.999000+00:00,1
2026-05-28 00:00:00+00:00,0.06694,0.06702,0.0649,0.06519,642283.0,2026-05-28 03:59:59.999000+00:00,1
2026-05-28 04:00:00+00:00,0.06518,0.06593,0.06479,0.06572,531511.0,2026-05-28 07:59:59.999000+00:00,1
2026-05-28 08:00:00+00:00,0.06571,0.06575,0.06531,0.06548,188629.0,2026-05-28 11:59:59.999000+00:00,1
2026-05-28 12:00:00+00:00,0.06548,0.06756,0.06537,0.06643,1337212.0,2026-05-28 15:59:59.999000+00:00,1
2026-05-28 16:00:00+00:00,0.06644,0.06793,0.06626,0.06711,786438.0,2026-05-28 19:59:59.999000+00:00,1
2026-05-28 20:00:00+00:00,0.06714,0.06759,0.06668,0.06707,552727.0,2026-05-28 23:59:59.999000+00:00,1
2026-05-29 00:00:00+00:00,0.06707,0.06725,0.0664,0.06699,516254.0,2026-05-29 03:59:59.999000+00:00,1
2026-05-29 04:00:00+00:00,0.06698,0.06733,0.06679,0.06715,449784.0,2026-05-29 07:59:59.999000+00:00,1
2026-05-29 08:00:00+00:00,0.06714,0.06756,0.06686,0.06738,557360.0,2026-05-29 11:59:59.999000+00:00,1
2026-05-29 12:00:00+00:00,0.06741,0.06821,0.06646,0.06772,838954.0,2026-05-29 15:59:59.999000+00:00,1
2026-05-29 16:00:00+00:00,0.06773,0.06791,0.06719,0.06752,524902.0,2026-05-29 19:59:59.999000+00:00,1
2026-05-29 20:00:00+00:00,0.06751,0.06816,0.06725,0.06808,299883.0,2026-05-29 23:59:59.999000+00:00,1
2026-05-30 00:00:00+00:00,0.06808,0.06865,0.06788,0.06846,814718.0,2026-05-30 03:59:59.999000+00:00,1
2026-05-30 04:00:00+00:00,0.06848,0.06861,0.06768,0.06784,538258.0,2026-05-30 07:59:59.999000+00:00,1
2026-05-30 08:00:00+00:00,0.06784,0.06808,0.06771,0.068,179829.0,2026-05-30 11:59:59.999000+00:00,1
2026-05-30 12:00:00+00:00,0.06801,0.06826,0.06779,0.06786,233824.0,2026-05-30 15:59:59.999000+00:00,1
2026-05-30 16:00:00+00:00,0.06787,0.06797,0.06772,0.06787,196690.0,2026-05-30 19:59:59.999000+00:00,1
2026-05-30 20:00:00+00:00,0.06788,0.06794,0.0675,0.06781,189194.0,2026-05-30 23:59:59.999000+00:00,1
2026-05-31 00:00:00+00:00,0.06782,0.06828,0.06778,0.06819,279648.0,2026-05-31 03:59:59.999000+00:00,1
2026-05-31 04:00:00+00:00,0.0682,0.06826,0.06793,0.06811,248532.0,2026-05-31 07:59:59.999000+00:00,1
2026-05-31 08:00:00+00:00,0.0681,0.06831,0.06761,0.06791,335713.0,2026-05-31 11:59:59.999000+00:00,1
2026-05-31 12:00:00+00:00,0.06791,0.06817,0.06734,0.06738,403888.0,2026-05-31 15:59:59.999000+00:00,1
2026-05-31 16:00:00+00:00,0.06739,0.06754,0.06686,0.06733,408384.0,2026-05-31 19:59:59.999000+00:00,1
2026-05-31 20:00:00+00:00,0.06732,0.06768,0.06718,0.06737,293620.0,2026-05-31 23:59:59.999000+00:00,1
2026-06-01 00:00:00+00:00,0.06736,0.06765,0.06688,0.0671,288365.0,2026-06-01 03:59:59.999000+00:00,1
2026-06-01 04:00:00+00:00,0.0671,0.06713,0.06577,0.06585,390747.0,2026-06-01 07:59:59.999000+00:00,1
2026-06-01 08:00:00+00:00,0.06586,0.06617,0.06558,0.06578,406726.0,2026-06-01 11:59:59.999000+00:00,1
2026-06-01 12:00:00+00:00,0.06579,0.06598,0.06521,0.06529,499709.0,2026-06-01 15:59:59.999000+00:00,1
2026-06-01 16:00:00+00:00,0.06528,0.06629,0.06504,0.06578,563427.0,2026-06-01 19:59:59.999000+00:00,1
2026-06-01 20:00:00+00:00,0.06577,0.06593,0.06511,0.06557,288161.0,2026-06-01 23:59:59.999000+00:00,1
2026-06-02 00:00:00+00:00,0.06558,0.06565,0.06437,0.06504,449130.0,2026-06-02 03:59:59.999000+00:00,1
2026-06-02 04:00:00+00:00,0.06504,0.06507,0.0642,0.06468,338826.0,2026-06-02 07:59:59.999000+00:00,1
2026-06-02 08:00:00+00:00,0.06465,0.065,0.06436,0.06474,295797.0,2026-06-02 11:59:59.999000+00:00,1
2026-06-02 12:00:00+00:00,0.06474,0.06483,0.06224,0.06316,1154518.0,2026-06-02 15:59:59.999000+00:00,1
2026-06-02 16:00:00+00:00,0.06313,0.06365,0.06178,0.06255,999665.0,2026-06-02 19:59:59.999000+00:00,1
2026-06-02 20:00:00+00:00,0.06255,0.06316,0.06183,0.06236,858387.0,2026-06-02 23:59:59.999000+00:00,1
2026-06-03 00:00:00+00:00,0.06236,0.06307,0.06167,0.06189,504690.0,2026-06-03 03:59:59.999000+00:00,1
2026-06-03 04:00:00+00:00,0.06188,0.06387,0.06188,0.06359,705873.0,2026-06-03 07:59:59.999000+00:00,1
2026-06-03 08:00:00+00:00,0.06358,0.06378,0.06329,0.06347,353369.0,2026-06-03 11:59:59.999000+00:00,1
2026-06-03 12:00:00+00:00,0.06348,0.06355,0.063,0.06303,544041.0,2026-06-03 15:59:59.999000+00:00,1
2026-06-03 16:00:00+00:00,0.06304,0.06315,0.06208,0.06246,617535.0,2026-06-03 19:59:59.999000+00:00,1
2026-06-03 20:00:00+00:00,0.06247,0.06272,0.06131,0.06161,735545.0,2026-06-03 23:59:59.999000+00:00,1
2026-06-04 00:00:00+00:00,0.06162,0.06196,0.05919,0.06168,1915915.0,2026-06-04 03:59:59.999000+00:00,1
2026-06-04 04:00:00+00:00,0.06168,0.06207,0.05953,0.06093,2092220.0,2026-06-04 07:59:59.999000+00:00,1
2026-06-04 08:00:00+00:00,0.06096,0.06135,0.05947,0.0601,633470.0,2026-06-04 11:59:59.999000+00:00,1
2026-06-04 12:00:00+00:00,0.06011,0.06131,0.05995,0.06102,574952.0,2026-06-04 15:59:59.999000+00:00,1
2026-06-04 16:00:00+00:00,0.06102,0.06126,0.06048,0.06097,553984.0,2026-06-04 19:59:59.999000+00:00,1
2026-06-04 20:00:00+00:00,0.06096,0.06107,0.06025,0.06098,511895.0,2026-06-04 23:59:59.999000+00:00,1
2026-06-05 00:00:00+00:00,0.06097,0.06103,0.05943,0.05991,609758.0,2026-06-05 03:59:59.999000+00:00,1
2026-06-05 04:00:00+00:00,0.05989,0.06072,0.05749,0.05945,1249741.0,2026-06-05 07:59:59.999000+00:00,1
2026-06-05 08:00:00+00:00,0.05946,0.05973,0.05854,0.05855,479890.0,2026-06-05 11:59:59.999000+00:00,1
2026-06-05 12:00:00+00:00,0.05855,0.05948,0.05684,0.05722,1000815.0,2026-06-05 15:59:59.999000+00:00,1
2026-06-05 16:00:00+00:00,0.0572,0.05881,0.05607,0.05756,1118488.0,2026-06-05 19:59:59.999000+00:00,1
2026-06-05 20:00:00+00:00,0.05754,0.05866,0.0569,0.05762,476551.0,2026-06-05 23:59:59.999000+00:00,1
2026-06-06 00:00:00+00:00,0.05763,0.05844,0.0567,0.05674,421094.0,2026-06-06 03:59:59.999000+00:00,1
2026-06-06 04:00:00+00:00,0.05671,0.05787,0.0551,0.05774,865673.0,2026-06-06 07:59:59.999000+00:00,1
2026-06-06 08:00:00+00:00,0.05774,0.05827,0.05705,0.05761,353111.0,2026-06-06 11:59:59.999000+00:00,1
2026-06-06 12:00:00+00:00,0.05762,0.05868,0.05733,0.05852,337667.0,2026-06-06 15:59:59.999000+00:00,1
2026-06-06 16:00:00+00:00,0.05852,0.05868,0.05781,0.05782,252069.0,2026-06-06 19:59:59.999000+00:00,1
2026-06-06 20:00:00+00:00,0.05782,0.05832,0.05776,0.0582,129012.0,2026-06-06 23:59:59.999000+00:00,1
2026-06-07 00:00:00+00:00,0.0582,0.0591,0.05817,0.05898,318771.0,2026-06-07 03:59:59.999000+00:00,1
2026-06-07 04:00:00+00:00,0.05898,0.05979,0.05862,0.05961,244138.0,2026-06-07 07:59:59.999000+00:00,1
2026-06-07 08:00:00+00:00,0.05961,0.06043,0.0595,0.06018,253520.0,2026-06-07 11:59:59.999000+00:00,1
2026-06-07 12:00:00+00:00,0.06017,0.06017,0.05941,0.05994,263118.0,2026-06-07 15:59:59.999000+00:00,1
2026-06-07 16:00:00+00:00,0.05995,0.06016,0.05924,0.05959,258570.0,2026-06-07 19:59:59.999000+00:00,1
2026-06-07 20:00:00+00:00,0.05959,0.06156,0.05949,0.06063,521714.0,2026-06-07 23:59:59.999000+00:00,1
2026-06-08 00:00:00+00:00,0.06064,0.06213,0.06053,0.0611,563296.0,2026-06-08 03:59:59.999000+00:00,1
2026-06-08 04:00:00+00:00,0.06111,0.06123,0.0599,0.06084,336809.0,2026-06-08 07:59:59.999000+00:00,1
2026-06-08 08:00:00+00:00,0.06083,0.06255,0.06065,0.06234,347849.0,2026-06-08 11:59:59.999000+00:00,1
2026-06-08 12:00:00+00:00,0.06233,0.06279,0.06172,0.06204,440321.0,2026-06-08 15:59:59.999000+00:00,1
2026-06-08 16:00:00+00:00,0.06205,0.06245,0.0616,0.0622,279827.0,2026-06-08 19:59:59.999000+00:00,1
2026-06-08 20:00:00+00:00,0.06219,0.06246,0.06169,0.06204,650995.0,2026-06-08 23:59:59.999000+00:00,1
2026-06-09 00:00:00+00:00,0.06204,0.06207,0.06062,0.06078,334237.0,2026-06-09 03:59:59.999000+00:00,1
2026-06-09 04:00:00+00:00,0.06077,0.06192,0.06058,0.06149,298513.0,2026-06-09 07:59:59.999000+00:00,1
2026-06-09 08:00:00+00:00,0.06149,0.06151,0.06087,0.06135,332436.0,2026-06-09 11:59:59.999000+00:00,1
2026-06-09 12:00:00+00:00,0.06135,0.06152,0.05944,0.0595,341527.0,2026-06-09 15:59:59.999000+00:00,1
2026-06-09 16:00:00+00:00,0.05949,0.06028,0.05917,0.05997,305108.0,2026-06-09 19:59:59.999000+00:00,1
2026-06-09 20:00:00+00:00,0.05997,0.06015,0.0595,0.05962,136442.0,2026-06-09 23:59:59.999000+00:00,1
2026-06-10 00:00:00+00:00,0.05964,0.05988,0.05915,0.05928,222894.0,2026-06-10 03:59:59.999000+00:00,1
2026-06-10 04:00:00+00:00,0.05928,0.06017,0.05908,0.06,141803.0,2026-06-10 07:59:59.999000+00:00,1
2026-06-10 08:00:00+00:00,0.05998,0.06001,0.05918,0.05935,280546.0,2026-06-10 11:59:59.999000+00:00,1
2026-06-10 12:00:00+00:00,0.05934,0.06035,0.05919,0.06013,405137.0,2026-06-10 15:59:59.999000+00:00,1
2026-06-10 16:00:00+00:00,0.06015,0.06026,0.05937,0.05944,173115.0,2026-06-10 19:59:59.999000+00:00,1
2026-06-10 20:00:00+00:00,0.05939,0.05954,0.0586,0.05928,190169.0,2026-06-10 23:59:59.999000+00:00,1
2026-06-11 00:00:00+00:00,0.05929,0.06024,0.05927,0.06012,147547.0,2026-06-11 03:59:59.999000+00:00,1
2026-06-11 04:00:00+00:00,0.0601,0.06023,0.05978,0.05987,120632.0,2026-06-11 07:59:59.999000+00:00,1
2026-06-11 08:00:00+00:00,0.05988,0.06019,0.0598,0.06006,220185.0,2026-06-11 11:59:59.999000+00:00,1
2026-06-11 12:00:00+00:00,0.06004,0.06004,0.05943,0.05956,170605.0,2026-06-11 15:59:59.999000+00:00,1
2026-06-11 16:00:00+00:00,0.05958,0.06086,0.05951,0.0606,316512.0,2026-06-11 19:59:59.999000+00:00,1
2026-06-11 20:00:00+00:00,0.06061,0.06083,0.06051,0.06066,97654.0,2026-06-11 23:59:59.999000+00:00,1
2026-06-12 00:00:00+00:00,0.0607,0.06089,0.0598,0.06001,193440.0,2026-06-12 03:59:59.999000+00:00,1
2026-06-12 04:00:00+00:00,0.06002,0.06015,0.05946,0.05959,157731.0,2026-06-12 07:59:59.999000+00:00,1
2026-06-12 08:00:00+00:00,0.05962,0.0601,0.05958,0.06009,195442.0,2026-06-12 11:59:59.999000+00:00,1
2026-06-12 12:00:00+00:00,0.06006,0.06041,0.05927,0.05955,257016.0,2026-06-12 15:59:59.999000+00:00,1
2026-06-12 16:00:00+00:00,0.05954,0.05988,0.05915,0.05937,246919.0,2026-06-12 19:59:59.999000+00:00,1
2026-06-12 20:00:00+00:00,0.05935,0.05955,0.05905,0.05927,269535.0,2026-06-12 23:59:59.999000+00:00,1
2026-06-13 00:00:00+00:00,0.05927,0.06035,0.059,0.06032,367279.0,2026-06-13 03:59:59.999000+00:00,1
2026-06-13 04:00:00+00:00,0.06031,0.0605,0.05925,0.05972,336101.0,2026-06-13 07:59:59.999000+00:00,1
2026-06-13 08:00:00+00:00,0.05973,0.06014,0.05964,0.06009,102000.0,2026-06-13 11:59:59.999000+00:00,1
2026-06-13 12:00:00+00:00,0.06009,0.06015,0.05966,0.05976,105461.0,2026-06-13 15:59:59.999000+00:00,1
2026-06-13 16:00:00+00:00,0.05975,0.05995,0.05956,0.05985,167843.0,2026-06-13 19:59:59.999000+00:00,1
2026-06-13 20:00:00+00:00,0.05985,0.06013,0.05972,0.0601,63318.0,2026-06-13 23:59:59.999000+00:00,1
2026-06-14 00:00:00+00:00,0.0601,0.06061,0.06003,0.06046,124226.0,2026-06-14 03:59:59.999000+00:00,1
2026-06-14 04:00:00+00:00,0.06053,0.0615,0.06043,0.0615,217855.0,2026-06-14 07:59:59.999000+00:00,1
2026-06-14 08:00:00+00:00,0.06146,0.06227,0.06117,0.06156,388460.0,2026-06-14 11:59:59.999000+00:00,1
2026-06-14 12:00:00+00:00,0.06157,0.06164,0.06058,0.06074,235461.0,2026-06-14 15:59:59.999000+00:00,1
2026-06-14 16:00:00+00:00,0.06075,0.06078,0.06027,0.06041,168342.0,2026-06-14 19:59:59.999000+00:00,1
2026-06-14 20:00:00+00:00,0.06042,0.06246,0.06041,0.0624,326858.0,2026-06-14 23:59:59.999000+00:00,1
2026-06-15 00:00:00+00:00,0.06239,0.06259,0.06191,0.0622,316190.0,2026-06-15 03:59:59.999000+00:00,1
2026-06-15 04:00:00+00:00,0.0622,0.06222,0.0613,0.06146,246886.0,2026-06-15 07:59:59.999000+00:00,1
2026-06-15 08:00:00+00:00,0.06146,0.06264,0.06129,0.06261,296102.0,2026-06-15 11:59:59.999000+00:00,1
2026-06-15 12:00:00+00:00,0.06265,0.06329,0.06237,0.06314,342298.0,2026-06-15 15:59:59.999000+00:00,1
2026-06-15 16:00:00+00:00,0.06315,0.06331,0.06237,0.06264,284259.0,2026-06-15 19:59:59.999000+00:00,1
2026-06-15 20:00:00+00:00,0.06264,0.06279,0.0622,0.06256,154322.0,2026-06-15 23:59:59.999000+00:00,1
2026-06-16 00:00:00+00:00,0.06256,0.0628,0.06163,0.06259,600301.0,2026-06-16 03:59:59.999000+00:00,1
2026-06-16 04:00:00+00:00,0.06259,0.06279,0.06177,0.06221,261317.0,2026-06-16 07:59:59.999000+00:00,1
2026-06-16 08:00:00+00:00,0.06221,0.06286,0.06218,0.06237,350606.0,2026-06-16 11:59:59.999000+00:00,1
2026-06-16 12:00:00+00:00,0.06231,0.06271,0.05992,0.06033,682501.0,2026-06-16 15:59:59.999000+00:00,1
2026-06-16 16:00:00+00:00,0.06031,0.06059,0.05987,0.06006,337456.0,2026-06-16 19:59:59.999000+00:00,1
2026-06-16 20:00:00+00:00,0.06007,0.06046,0.05989,0.06016,395694.0,2026-06-16 23:59:59.999000+00:00,1
2026-06-17 00:00:00+00:00,0.0602,0.06027,0.05975,0.05987,329985.0,2026-06-17 03:59:59.999000+00:00,1
2026-06-17 04:00:00+00:00,0.05987,0.0602,0.05949,0.05976,365832.0,2026-06-17 07:59:59.999000+00:00,1
2026-06-17 08:00:00+00:00,0.05975,0.05978,0.05885,0.05926,272839.0,2026-06-17 11:59:59.999000+00:00,1
2026-06-17 12:00:00+00:00,0.05923,0.05989,0.05894,0.05989,322745.0,2026-06-17 15:59:59.999000+00:00,1
2026-06-17 16:00:00+00:00,0.05988,0.06019,0.05908,0.05917,499519.0,2026-06-17 19:59:59.999000+00:00,1
2026-06-17 20:00:00+00:00,0.05917,0.05938,0.05896,0.05914,187600.0,2026-06-17 23:59:59.999000+00:00,1
2026-06-18 00:00:00+00:00,0.05915,0.05972,0.05905,0.05907,289846.0,2026-06-18 03:59:59.999000+00:00,1
2026-06-18 04:00:00+00:00,0.05905,0.0593,0.05876,0.05914,369527.0,2026-06-18 07:59:59.999000+00:00,1
2026-06-18 08:00:00+00:00,0.05914,0.05943,0.05847,0.05873,292799.0,2026-06-18 11:59:59.999000+00:00,1
2026-06-18 12:00:00+00:00,0.05873,0.05923,0.0571,0.0573,1039038.0,2026-06-18 15:59:59.999000+00:00,1
2026-06-18 16:00:00+00:00,0.05728,0.05832,0.05724,0.05821,278485.0,2026-06-18 19:59:59.999000+00:00,1
2026-06-18 20:00:00+00:00,0.0582,0.05884,0.0582,0.05882,182134.0,2026-06-18 23:59:59.999000+00:00,1
2026-06-19 00:00:00+00:00,0.05882,0.05902,0.05831,0.05841,225544.0,2026-06-19 03:59:59.999000+00:00,1
2026-06-19 04:00:00+00:00,0.05846,0.05861,0.05766,0.05787,371230.0,2026-06-19 07:59:59.999000+00:00,1
2026-06-19 08:00:00+00:00,0.05787,0.05815,0.05778,0.05799,239808.0,2026-06-19 11:59:59.999000+00:00,1
2026-06-19 12:00:00+00:00,0.05801,0.05885,0.0577,0.05879,229369.0,2026-06-19 15:59:59.999000+00:00,1
2026-06-19 16:00:00+00:00,0.05877,0.05885,0.05838,0.05842,116696.0,2026-06-19 19:59:59.999000+00:00,1
2026-06-19 20:00:00+00:00,0.05844,0.05865,0.05827,0.05855,75306.0,2026-06-19 23:59:59.999000+00:00,1
2026-06-20 00:00:00+00:00,0.05854,0.05869,0.05788,0.05803,163664.0,2026-06-20 03:59:59.999000+00:00,1
2026-06-20 04:00:00+00:00,0.05804,0.05879,0.05801,0.05855,151344.0,2026-06-20 07:59:59.999000+00:00,1
2026-06-20 08:00:00+00:00,0.05855,0.05877,0.0584,0.05863,101662.0,2026-06-20 11:59:59.999000+00:00,1
2026-06-20 12:00:00+00:00,0.05864,0.05886,0.0579,0.05862,252062.0,2026-06-20 15:59:59.999000+00:00,1
2026-06-20 16:00:00+00:00,0.05864,0.05884,0.0584,0.05857,242957.0,2026-06-20 19:59:59.999000+00:00,1
2026-06-20 20:00:00+00:00,0.05856,0.05898,0.0585,0.05888,145294.0,2026-06-20 23:59:59.999000+00:00,1
2026-06-21 00:00:00+00:00,0.05888,0.05902,0.05875,0.05883,119339.0,2026-06-21 03:59:59.999000+00:00,1
2026-06-21 04:00:00+00:00,0.05883,0.059,0.05854,0.05891,143635.0,2026-06-21 07:59:59.999000+00:00,1
2026-06-21 08:00:00+00:00,0.0589,0.05923,0.05863,0.0589,89766.0,2026-06-21 11:59:59.999000+00:00,1
2026-06-21 12:00:00+00:00,0.05889,0.05917,0.05862,0.05909,109481.0,2026-06-21 15:59:59.999000+00:00,1
2026-06-21 16:00:00+00:00,0.05909,0.0592,0.05887,0.05908,106654.0,2026-06-21 19:59:59.999000+00:00,1
2026-06-21 20:00:00+00:00,0.05906,0.0591,0.05831,0.05837,147222.0,2026-06-21 23:59:59.999000+00:00,1
2026-06-22 00:00:00+00:00,0.05837,0.0595,0.05834,0.05863,255017.0,2026-06-22 03:59:59.999000+00:00,1
2026-06-22 04:00:00+00:00,0.05863,0.05908,0.05861,0.05897,129988.0,2026-06-22 07:59:59.999000+00:00,1
2026-06-22 08:00:00+00:00,0.05896,0.05933,0.05881,0.0593,174987.0,2026-06-22 11:59:59.999000+00:00,1
2026-06-22 12:00:00+00:00,0.05928,0.05999,0.05899,0.05903,621710.0,2026-06-22 15:59:59.999000+00:00,1
2026-06-22 16:00:00+00:00,0.05902,0.0592,0.05868,0.05875,134500.0,2026-06-22 19:59:59.999000+00:00,1
2026-06-22 20:00:00+00:00,0.05877,0.05892,0.05803,0.05823,185696.0,2026-06-22 23:59:59.999000+00:00,1
2026-06-23 00:00:00+00:00,0.05827,0.0583,0.05786,0.0582,164308.0,2026-06-23 03:59:59.999000+00:00,1
2026-06-23 04:00:00+00:00,0.05821,0.05824,0.05646,0.05705,376336.0,2026-06-23 07:59:59.999000+00:00,1
2026-06-23 08:00:00+00:00,0.05706,0.05712,0.05562,0.05655,527902.0,2026-06-23 11:59:59.999000+00:00,1
2026-06-23 12:00:00+00:00,0.05654,0.05697,0.05632,0.0566,250302.0,2026-06-23 15:59:59.999000+00:00,1
2026-06-23 16:00:00+00:00,0.05658,0.05696,0.05634,0.05642,143374.0,2026-06-23 19:59:59.999000+00:00,1
2026-06-23 20:00:00+00:00,0.05645,0.05684,0.05637,0.05654,152906.0,2026-06-23 23:59:59.999000+00:00,1
2026-06-24 00:00:00+00:00,0.05653,0.05686,0.05609,0.05621,125850.0,2026-06-24 03:59:59.999000+00:00,1
2026-06-24 04:00:00+00:00,0.0562,0.05652,0.0558,0.05628,413413.0,2026-06-24 07:59:59.999000+00:00,1
2026-06-24 08:00:00+00:00,0.05625,0.05704,0.05591,0.05673,352159.0,2026-06-24 11:59:59.999000+00:00,1
2026-06-24 12:00:00+00:00,0.05671,0.05691,0.05524,0.05531,322193.0,2026-06-24 15:59:59.999000+00:00,1
2026-06-24 16:00:00+00:00,0.05528,0.05578,0.05418,0.05538,783104.0,2026-06-24 19:59:59.999000+00:00,1
2026-06-24 20:00:00+00:00,0.0554,0.05692,0.05532,0.05662,233234.0,2026-06-24 23:59:59.999000+00:00,1
2026-06-25 00:00:00+00:00,0.05662,0.05668,0.05574,0.05585,122570.0,2026-06-25 03:59:59.999000+00:00,1
2026-06-25 04:00:00+00:00,0.05585,0.05714,0.0558,0.05674,205761.0,2026-06-25 07:59:59.999000+00:00,1
2026-06-25 08:00:00+00:00,0.05676,0.05679,0.05568,0.05591,249444.0,2026-06-25 11:59:59.999000+00:00,1
2026-06-25 12:00:00+00:00,0.05592,0.05621,0.05309,0.05446,929013.0,2026-06-25 15:59:59.999000+00:00,1
2026-06-25 16:00:00+00:00,0.05447,0.05496,0.05411,0.05438,217414.0,2026-06-25 19:59:59.999000+00:00,1
2026-06-25 20:00:00+00:00,0.05442,0.05499,0.05435,0.05466,104642.0,2026-06-25 23:59:59.999000+00:00,1
2026-06-26 00:00:00+00:00,0.05466,0.05487,0.05343,0.05478,303943.0,2026-06-26 03:59:59.999000+00:00,1
2026-06-26 04:00:00+00:00,0.05479,0.05562,0.05438,0.05491,240604.0,2026-06-26 07:59:59.999000+00:00,1
2026-06-26 08:00:00+00:00,0.0549,0.05511,0.05416,0.05429,241443.0,2026-06-26 11:59:59.999000+00:00,1
2026-06-26 12:00:00+00:00,0.05432,0.05491,0.05383,0.05479,270498.0,2026-06-26 15:59:59.999000+00:00,1
2026-06-26 16:00:00+00:00,0.05479,0.05518,0.05445,0.05492,192196.0,2026-06-26 19:59:59.999000+00:00,1
2026-06-26 20:00:00+00:00,0.05491,0.05516,0.05458,0.05481,171922.0,2026-06-26 23:59:59.999000+00:00,1
2026-06-27 00:00:00+00:00,0.05483,0.05504,0.0547,0.0548,106406.0,2026-06-27 03:59:59.999000+00:00,1
2026-06-27 04:00:00+00:00,0.0548,0.0552,0.0548,0.05504,152469.0,2026-06-27 07:59:59.999000+00:00,1
2026-06-27 08:00:00+00:00,0.05502,0.05506,0.05472,0.05501,131036.0,2026-06-27 11:59:59.999000+00:00,1
2026-06-27 12:00:00+00:00,0.05501,0.05563,0.05496,0.05557,124827.0,2026-06-27 15:59:59.999000+00:00,1
2026-06-27 16:00:00+00:00,0.05555,0.05562,0.05463,0.05482,128880.0,2026-06-27 19:59:59.999000+00:00,1
2026-06-27 20:00:00+00:00,0.05483,0.05489,0.05438,0.05461,52648.0,2026-06-27 23:59:59.999000+00:00,1
2026-06-28 00:00:00+00:00,0.05462,0.05472,0.05448,0.05462,68384.0,2026-06-28 03:59:59.999000+00:00,1
2026-06-28 04:00:00+00:00,0.05462,0.05462,0.05419,0.0543,69211.0,2026-06-28 07:59:59.999000+00:00,1
2026-06-28 08:00:00+00:00,0.05432,0.05465,0.05421,0.05441,78059.0,2026-06-28 11:59:59.999000+00:00,1
2026-06-28 12:00:00+00:00,0.05443,0.05447,0.05409,0.05427,78229.0,2026-06-28 15:59:59.999000+00:00,1
2026-06-28 16:00:00+00:00,0.05425,0.05428,0.05364,0.05384,111019.0,2026-06-28 19:59:59.999000+00:00,1
2026-06-28 20:00:00+00:00,0.05386,0.05441,0.05362,0.05415,178861.0,2026-06-28 23:59:59.999000+00:00,1
2026-06-29 00:00:00+00:00,0.05415,0.05442,0.05343,0.05416,178947.0,2026-06-29 03:59:59.999000+00:00,1
2026-06-29 04:00:00+00:00,0.05415,0.05423,0.0537,0.05403,125708.0,2026-06-29 07:59:59.999000+00:00,1
2026-06-29 08:00:00+00:00,0.05403,0.05421,0.05383,0.05394,108954.0,2026-06-29 11:59:59.999000+00:00,1
2026-06-29 12:00:00+00:00,0.05397,0.05442,0.05345,0.05388,272939.0,2026-06-29 15:59:59.999000+00:00,1
2026-06-29 16:00:00+00:00,0.05387,0.05484,0.05371,0.05447,194935.0,2026-06-29 19:59:59.999000+00:00,1
2026-06-29 20:00:00+00:00,0.05448,0.05456,0.05425,0.05456,80215.0,2026-06-29 23:59:59.999000+00:00,1
2026-06-30 00:00:00+00:00,0.05455,0.0546,0.05361,0.05362,184974.0,2026-06-30 03:59:59.999000+00:00,1
2026-06-30 04:00:00+00:00,0.05362,0.05382,0.05355,0.05377,79338.0,2026-06-30 07:59:59.999000+00:00,1
2026-06-30 08:00:00+00:00,0.05378,0.05392,0.05346,0.05346,258703.0,2026-06-30 11:59:59.999000+00:00,1
2026-06-30 12:00:00+00:00,0.05346,0.05377,0.05296,0.05332,331503.0,2026-06-30 15:59:59.999000+00:00,1
2026-06-30 16:00:00+00:00,0.05331,0.05374,0.05301,0.05371,183312.0,2026-06-30 19:59:59.999000+00:00,1
2026-06-30 20:00:00+00:00,0.0537,0.05382,0.05358,0.05377,148885.0,2026-06-30 23:59:59.999000+00:00,1
2026-07-01 00:00:00+00:00,0.05378,0.05405,0.05314,0.05394,262424.0,2026-07-01 03:59:59.999000+00:00,1
2026-07-01 04:00:00+00:00,0.05395,0.05436,0.05359,0.05374,166453.0,2026-07-01 07:59:59.999000+00:00,1
2026-07-01 08:00:00+00:00,0.05373,0.05393,0.05349,0.05385,104101.0,2026-07-01 11:59:59.999000+00:00,1
2026-07-01 12:00:00+00:00,0.05384,0.05506,0.05375,0.05479,261820.0,2026-07-01 15:59:59.999000+00:00,1
2026-07-01 16:00:00+00:00,0.05479,0.05489,0.05437,0.05455,216699.0,2026-07-01 19:59:59.999000+00:00,1
2026-07-01 20:00:00+00:00,0.05456,0.0563,0.05453,0.05573,276136.0,2026-07-01 23:59:59.999000+00:00,1
2026-07-02 00:00:00+00:00,0.05573,0.05635,0.05546,0.05616,201792.0,2026-07-02 03:59:59.999000+00:00,1
2026-07-02 04:00:00+00:00,0.05617,0.0562,0.05533,0.05541,287687.0,2026-07-02 07:59:59.999000+00:00,1
2026-07-02 08:00:00+00:00,0.0554,0.05595,0.05524,0.05595,211916.0,2026-07-02 11:59:59.999000+00:00,1
2026-07-02 12:00:00+00:00,0.05594,0.05704,0.05588,0.05631,404766.0,2026-07-02 15:59:59.999000+00:00,1
2026-07-02 16:00:00+00:00,0.05634,0.05645,0.05587,0.05589,175379.0,2026-07-02 19:59:59.999000+00:00,1
2026-07-02 20:00:00+00:00,0.05588,0.05621,0.05571,0.05621,88763.0,2026-07-02 23:59:59.999000+00:00,1
2026-07-03 00:00:00+00:00,0.0562,0.05653,0.05598,0.05649,297331.0,2026-07-03 03:59:59.999000+00:00,1
2026-07-03 04:00:00+00:00,0.05649,0.05708,0.05642,0.05688,165612.0,2026-07-03 07:59:59.999000+00:00,1
2026-07-03 08:00:00+00:00,0.05689,0.05829,0.05686,0.0582,351143.0,2026-07-03 11:59:59.999000+00:00,1
2026-07-03 12:00:00+00:00,0.0582,0.05939,0.05809,0.05892,571491.0,2026-07-03 15:59:59.999000+00:00,1
2026-07-03 16:00:00+00:00,0.05895,0.06263,0.05885,0.06142,1021952.0,2026-07-03 19:59:59.999000+00:00,1
2026-07-03 20:00:00+00:00,0.0614,0.06238,0.06067,0.06077,437367.0,2026-07-03 23:59:59.999000+00:00,1
2026-07-04 00:00:00+00:00,0.0608,0.0611,0.0603,0.06051,196958.0,2026-07-04 03:59:59.999000+00:00,1
2026-07-04 04:00:00+00:00,0.06052,0.06069,0.05955,0.06025,292289.0,2026-07-04 07:59:59.999000+00:00,1
2026-07-04 08:00:00+00:00,0.0603,0.06161,0.06011,0.06077,862063.0,2026-07-04 11:59:59.999000+00:00,1
2026-07-04 12:00:00+00:00,0.06073,0.06138,0.06045,0.0612,275208.0,2026-07-04 15:59:59.999000+00:00,1
2026-07-04 16:00:00+00:00,0.0612,0.06141,0.06065,0.0607,177480.0,2026-07-04 19:59:59.999000+00:00,1
2026-07-04 20:00:00+00:00,0.06068,0.06084,0.06036,0.06064,257411.0,2026-07-04 23:59:59.999000+00:00,1
2026-07-05 00:00:00+00:00,0.06064,0.06082,0.05969,0.05982,180407.0,2026-07-05 03:59:59.999000+00:00,1
2026-07-05 04:00:00+00:00,0.0598,0.06012,0.05961,0.05991,214967.0,2026-07-05 07:59:59.999000+00:00,1
2026-07-05 08:00:00+00:00,0.05991,0.05993,0.05889,0.05969,159998.0,2026-07-05 11:59:59.999000+00:00,1
2026-07-05 12:00:00+00:00,0.05966,0.0605,0.05953,0.06015,181092.0,2026-07-05 15:59:59.999000+00:00,1
2026-07-05 16:00:00+00:00,0.06017,0.06041,0.05985,0.06,134791.0,2026-07-05 19:59:59.999000+00:00,1
2026-07-05 20:00:00+00:00,0.06001,0.0608,0.05983,0.06042,178705.0,2026-07-05 23:59:59.999000+00:00,1
2026-07-06 00:00:00+00:00,0.06042,0.06047,0.05962,0.0599,133310.0,2026-07-06 03:59:59.999000+00:00,1
2026-07-06 04:00:00+00:00,0.05989,0.05989,0.05934,0.05976,309873.0,2026-07-06 07:59:59.999000+00:00,1
2026-07-06 08:00:00+00:00,0.05977,0.05989,0.05919,0.0592,52799.0,2026-07-06 11:59:59.999000+00:00,1
2026-07-06 12:00:00+00:00,0.05919,0.0594,0.05793,0.05939,377427.0,2026-07-06 15:59:59.999000+00:00,1
2026-07-06 16:00:00+00:00,0.0594,0.05983,0.05911,0.05924,293963.0,2026-07-06 19:59:59.999000+00:00,1
2026-07-06 20:00:00+00:00,0.05923,0.06007,0.05903,0.05907,121249.0,2026-07-06 23:59:59.999000+00:00,1
2026-07-07 00:00:00+00:00,0.05912,0.05927,0.05778,0.05781,193201.0,2026-07-07 03:59:59.999000+00:00,1
2026-07-07 04:00:00+00:00,0.0578,0.05836,0.05744,0.0581,242477.0,2026-07-07 07:59:59.999000+00:00,1
2026-07-07 08:00:00+00:00,0.05812,0.05828,0.05772,0.05799,143361.0,2026-07-07 11:59:59.999000+00:00,1
2026-07-07 12:00:00+00:00,0.05798,0.05828,0.05727,0.05817,301712.0,2026-07-07 15:59:59.999000+00:00,1
2026-07-07 16:00:00+00:00,0.05821,0.05833,0.05734,0.05761,300109.0,2026-07-07 19:59:59.999000+00:00,1
2026-07-07 20:00:00+00:00,0.05761,0.05762,0.0569,0.05695,134167.0,2026-07-07 23:59:59.999000+00:00,1
2026-07-08 00:00:00+00:00,0.057,0.05719,0.05608,0.05613,449942.0,2026-07-08 03:59:59.999000+00:00,1
2026-07-08 04:00:00+00:00,0.05616,0.05689,0.05611,0.05687,183608.0,2026-07-08 07:59:59.999000+00:00,1
2026-07-08 08:00:00+00:00,0.05688,0.05697,0.05613,0.05687,169803.0,2026-07-08 11:59:59.999000+00:00,1
2026-07-08 12:00:00+00:00,0.0569,0.05703,0.05621,0.0563,233648.0,2026-07-08 15:59:59.999000+00:00,1
2026-07-08 16:00:00+00:00,0.05627,0.05687,0.05627,0.05654,141397.0,2026-07-08 19:59:59.999000+00:00,1
2026-07-08 20:00:00+00:00,0.05652,0.05663,0.05626,0.0565,93756.0,2026-07-08 23:59:59.999000+00:00,1
2026-07-09 00:00:00+00:00,0.05652,0.05698,0.05588,0.056,107094.0,2026-07-09 03:59:59.999000+00:00,1
2026-07-09 04:00:00+00:00,0.05602,0.05668,0.05593,0.05637,138576.0,2026-07-09 07:59:59.999000+00:00,1
2026-07-09 08:00:00+00:00,0.05639,0.05663,0.05616,0.05623,79472.0,2026-07-09 11:59:59.999000+00:00,1
2026-07-09 12:00:00+00:00,0.05622,0.05652,0.0561,0.05614,89028.0,2026-07-09 15:59:59.999000+00:00,1
2026-07-09 16:00:00+00:00,0.05616,0.05658,0.05598,0.05628,119282.0,2026-07-09 19:59:59.999000+00:00,1
2026-07-09 20:00:00+00:00,0.05626,0.05644,0.05609,0.05619,35864.0,2026-07-09 23:59:59.999000+00:00,1
2026-07-10 00:00:00+00:00,0.0562,0.05675,0.05599,0.05667,204626.0,2026-07-10 03:59:59.999000+00:00,1
2026-07-10 04:00:00+00:00,0.05667,0.05711,0.05655,0.05675,131707.0,2026-07-10 07:59:59.999000+00:00,1
2026-07-10 08:00:00+00:00,0.05676,0.05717,0.05673,0.05704,89282.0,2026-07-10 11:59:59.999000+00:00,1
2026-07-10 12:00:00+00:00,0.05704,0.05709,0.05611,0.05637,124667.0,2026-07-10 15:59:59.999000+00:00,1
2026-07-10 16:00:00+00:00,0.05639,0.05657,0.05608,0.05608,79713.0,2026-07-10 19:59:59.999000+00:00,1
2026-07-10 20:00:00+00:00,0.05606,0.05606,0.05552,0.05572,85604.0,2026-07-10 23:59:59.999000+00:00,1
2026-07-11 00:00:00+00:00,0.05573,0.05611,0.0556,0.05561,119501.0,2026-07-11 03:59:59.999000+00:00,1
2026-07-11 04:00:00+00:00,0.05558,0.05598,0.0554,0.05592,55536.0,2026-07-11 07:59:59.999000+00:00,1
2026-07-11 08:00:00+00:00,0.05594,0.05621,0.05577,0.05617,26039.0,2026-07-11 11:59:59.999000+00:00,1
2026-07-11 12:00:00+00:00,0.05619,0.05679,0.05619,0.05643,176336.0,2026-07-11 15:59:59.999000+00:00,1
2026-07-11 16:00:00+00:00,0.05645,0.05672,0.05635,0.05644,101418.0,2026-07-11 19:59:59.999000+00:00,1
2026-07-11 20:00:00+00:00,0.05643,0.0565,0.05567,0.05578,175575.0,2026-07-11 23:59:59.999000+00:00,1
2026-07-12 00:00:00+00:00,0.05581,0.05599,0.05533,0.05587,239014.0,2026-07-12 03:59:59.999000+00:00,1
2026-07-12 04:00:00+00:00,0.05587,0.05589,0.05531,0.05558,79619.0,2026-07-12 07:59:59.999000+00:00,1
2026-07-12 08:00:00+00:00,0.05557,0.05584,0.05551,0.05576,51612.0,2026-07-12 11:59:59.999000+00:00,1
2026-07-12 12:00:00+00:00,0.05576,0.05598,0.05553,0.05575,66391.0,2026-07-12 15:59:59.999000+00:00,1
2026-07-12 16:00:00+00:00,0.05577,0.05597,0.05576,0.05594,26465.0,2026-07-12 19:59:59.999000+00:00,1
2026-07-12 20:00:00+00:00,0.05594,0.05598,0.05542,0.05585,87943.0,2026-07-12 23:59:59.999000+00:00,1
2026-07-13 00:00:00+00:00,0.05585,0.05636,0.0554,0.05581,147533.0,2026-07-13 03:59:59.999000+00:00,1
2026-07-13 04:00:00+00:00,0.05579,0.05602,0.05545,0.05547,153526.0,2026-07-13 07:59:59.999000+00:00,1
2026-07-13 08:00:00+00:00,0.05547,0.05551,0.05463,0.05464,319403.0,2026-07-13 11:59:59.999000+00:00,1
2026-07-13 12:00:00+00:00,0.05464,0.05497,0.05463,0.05474,381556.0,2026-07-13 15:59:59.999000+00:00,1
2026-07-13 16:00:00+00:00,0.05474,0.05478,0.05406,0.05453,397626.0,2026-07-13 19:59:59.999000+00:00,1
2026-07-13 20:00:00+00:00,0.05453,0.05461,0.05415,0.05459,75720.0,2026-07-13 23:59:59.999000+00:00,1
2026-07-14 00:00:00+00:00,0.05457,0.05486,0.05404,0.05426,332028.0,2026-07-14 03:59:59.999000+00:00,1
2026-07-14 04:00:00+00:00,0.05426,0.05443,0.05399,0.054,103127.0,2026-07-14 07:59:59.999000+00:00,1
2026-07-14 08:00:00+00:00,0.05399,0.05444,0.05378,0.05441,227053.0,2026-07-14 11:59:59.999000+00:00,1
2026-07-14 12:00:00+00:00,0.05442,0.05569,0.05416,0.05554,500741.0,2026-07-14 15:59:59.999000+00:00,1
2026-07-14 16:00:00+00:00,0.05555,0.05585,0.05544,0.05563,115947.0,2026-07-14 19:59:59.999000+00:00,1
2026-07-14 20:00:00+00:00,0.05562,0.05583,0.05546,0.0558,57113.0,2026-07-14 23:59:59.999000+00:00,1
2026-07-15 00:00:00+00:00,0.0558,0.05594,0.05544,0.05588,67171.0,2026-07-15 03:59:59.999000+00:00,1
2026-07-15 04:00:00+00:00,0.05587,0.05593,0.05522,0.05537,93352.0,2026-07-15 07:59:59.999000+00:00,1
2026-07-15 08:00:00+00:00,0.05539,0.05559,0.05536,0.05557,23687.0,2026-07-15 11:59:59.999000+00:00,1
2026-07-15 12:00:00+00:00,0.05555,0.05616,0.05528,0.05561,237414.0,2026-07-15 15:59:59.999000+00:00,1
2026-07-15 16:00:00+00:00,0.05563,0.05586,0.05534,0.05557,194461.0,2026-07-15 19:59:59.999000+00:00,1
2026-07-15 20:00:00+00:00,0.05555,0.05573,0.05552,0.05564,43162.0,2026-07-15 23:59:59.999000+00:00,1
2026-07-16 00:00:00+00:00,0.05561,0.05571,0.05545,0.05553,33868.0,2026-07-16 03:59:59.999000+00:00,1
2026-07-16 04:00:00+00:00,0.05553,0.05592,0.05543,0.05591,108727.0,2026-07-16 07:59:59.999000+00:00,1
2026-07-16 08:00:00+00:00,0.0559,0.05682,0.0555,0.05668,438662.0,2026-07-16 11:59:59.999000+00:00,1
2026-07-16 12:00:00+00:00,0.05668,0.05799,0.05654,0.05742,516863.0,2026-07-16 15:59:59.999000+00:00,1
2026-07-16 16:00:00+00:00,0.05745,0.06888,0.05622,0.05917,21639957.0,2026-07-16 19:59:59.999000+00:00,1
2026-07-16 20:00:00+00:00,0.05918,0.06247,0.05916,0.06108,3088575.0,2026-07-16 23:59:59.999000+00:00,1
2026-07-17 00:00:00+00:00,0.06106,0.06157,0.05829,0.05847,2865841.0,2026-07-17 03:59:59.999000+00:00,1
2026-07-17 04:00:00+00:00,0.05849,0.05873,0.05664,0.05821,1513804.0,2026-07-17 07:59:59.999000+00:00,1
2026-07-17 08:00:00+00:00,0.05821,0.05986,0.05796,0.05966,1624820.0,2026-07-17 11:59:59.999000+00:00,1
2026-07-17 12:00:00+00:00,0.05965,0.06029,0.05627,0.05702,1281111.0,2026-07-17 15:59:59.999000+00:00,1
2026-07-17 16:00:00+00:00,0.05703,0.05927,0.0569,0.05883,1280024.0,2026-07-17 19:59:59.999000+00:00,1
2026-07-17 20:00:00+00:00,0.05884,0.062,0.0588,0.0614,2885829.0,2026-07-17 23:59:59.999000+00:00,1
2026-07-18 00:00:00+00:00,0.06139,0.06493,0.06051,0.06093,9216104.0,2026-07-18 03:59:59.999000+00:00,1
2026-07-18 04:00:00+00:00,0.06094,0.06129,0.06005,0.06064,2435171.0,2026-07-18 07:59:59.999000+00:00,1
2026-07-18 08:00:00+00:00,0.06062,0.06126,0.05952,0.06079,1180552.0,2026-07-18 11:59:59.999000+00:00,1
2026-07-18 12:00:00+00:00,0.06081,0.06122,0.05868,0.05918,1154392.0,2026-07-18 15:59:59.999000+00:00,1
2026-07-18 16:00:00+00:00,0.05917,0.05998,0.0586,0.05988,767196.0,2026-07-18 19:59:59.999000+00:00,1
2026-07-18 20:00:00+00:00,0.05987,0.05994,0.05932,0.05942,223638.0,2026-07-18 23:59:59.999000+00:00,1
2026-07-19 00:00:00+00:00,0.05941,0.06009,0.05929,0.05984,257220.0,2026-07-19 03:59:59.999000+00:00,1
2026-07-19 04:00:00+00:00,0.05988,0.0603,0.05942,0.05953,282827.0,2026-07-19 07:59:59.999000+00:00,1
2026-07-19 08:00:00+00:00,0.05954,0.05968,0.05854,0.05891,370896.0,2026-07-19 11:59:59.999000+00:00,1
2026-07-19 12:00:00+00:00,0.05889,0.0594,0.05838,0.05862,252267.0,2026-07-19 15:59:59.999000+00:00,1
2026-07-19 16:00:00+00:00,0.05863,0.059,0.05844,0.05872,161162.0,2026-07-19 19:59:59.999000+00:00,1
2026-07-19 20:00:00+00:00,0.05873,0.05877,0.05807,0.05842,115597.0,2026-07-19 23:59:59.999000+00:00,1
2026-07-20 00:00:00+00:00,0.05843,0.05886,0.0581,0.05822,185338.0,2026-07-20 03:59:59.999000+00:00,1
2026-07-20 04:00:00+00:00,0.05821,0.05823,0.05746,0.05769,190471.0,2026-07-20 07:59:59.999000+00:00,1
2026-07-20 08:00:00+00:00,0.0577,0.05814,0.05708,0.05805,249437.0,2026-07-20 11:59:59.999000+00:00,1
2026-07-20 12:00:00+00:00,0.05807,0.05807,0.05723,0.05787,147269.0,2026-07-20 15:59:59.999000+00:00,1
2026-07-20 16:00:00+00:00,0.05788,0.05805,0.05716,0.05774,206047.0,2026-07-20 19:59:59.999000+00:00,1
2026-07-20 20:00:00+00:00,0.05773,0.05797,0.05702,0.05731,115424.0,2026-07-20 23:59:59.999000+00:00,1
2026-07-21 00:00:00+00:00,0.05731,0.058,0.05724,0.05783,182671.0,2026-07-21 03:59:59.999000+00:00,1
2026-07-21 04:00:00+00:00,0.05783,0.05805,0.05766,0.05798,183324.0,2026-07-21 07:59:59.999000+00:00,1
2026-07-21 08:00:00+00:00,0.05798,0.05827,0.05781,0.05825,119205.0,2026-07-21 11:59:59.999000+00:00,1
2026-07-21 12:00:00+00:00,0.05825,0.05903,0.05824,0.05853,322846.0,2026-07-21 15:59:59.999000+00:00,1
2026-07-21 16:00:00+00:00,0.05854,0.05892,0.05813,0.05853,132148.0,2026-07-21 19:59:59.999000+00:00,1
2026-07-21 20:00:00+00:00,0.05851,0.05858,0.0582,0.05855,59306.0,2026-07-21 23:59:59.999000+00:00,1
2026-07-22 00:00:00+00:00,0.05856,0.0589,0.05828,0.05841,100904.0,2026-07-22 03:59:59.999000+00:00,1
2026-07-22 04:00:00+00:00,0.05842,0.05851,0.0575,0.05759,123746.0,2026-07-22 07:59:59.999000+00:00,1
2026-07-22 08:00:00+00:00,0.0576,0.05816,0.05755,0.05791,111137.0,2026-07-22 11:59:59.999000+00:00,1
2026-07-22 12:00:00+00:00,0.05791,0.05845,0.05768,0.05839,80904.0,2026-07-22 15:59:59.999000+00:00,1
2026-07-22 16:00:00+00:00,0.05841,0.05846,0.05776,0.05786,156058.0,2026-07-22 19:59:59.999000+00:00,1
2026-07-22 20:00:00+00:00,0.05787,0.05802,0.0577,0.05777,45262.0,2026-07-22 23:59:59.999000+00:00,1
2026-07-23 00:00:00+00:00,0.05779,0.05787,0.0573,0.05742,181813.0,2026-07-23 03:59:59.999000+00:00,1
2026-07-23 04:00:00+00:00,0.05742,0.05781,0.05739,0.05756,132288.0,2026-07-23 07:59:59.999000+00:00,1
2026-07-23 08:00:00+00:00,0.05757,0.05908,0.0574,0.05828,399573.0,2026-07-23 11:59:59.999000+00:00,1
2026-07-23 12:00:00+00:00,0.05828,0.05863,0.05726,0.0576,532975.0,2026-07-23 15:59:59.999000+00:00,1
2026-07-23 16:00:00+00:00,0.0576,0.05768,0.05656,0.05703,342586.0,2026-07-23 19:59:59.999000+00:00,1
2026-07-23 20:00:00+00:00,0.05707,0.05732,0.05688,0.05708,154247.0,2026-07-23 23:59:59.999000+00:00,1
2026-07-24 00:00:00+00:00,0.05708,0.05745,0.05691,0.05735,125737.0,2026-07-24 03:59:59.999000+00:00,1
2026-07-24 04:00:00+00:00,0.05736,0.05763,0.05669,0.05705,569725.0,2026-07-24 07:59:59.999000+00:00,1
2026-07-24 08:00:00+00:00,0.05706,0.05723,0.05685,0.0569,118956.0,2026-07-24 11:59:59.999000+00:00,1
2026-07-24 12:00:00+00:00,0.05691,0.05691,0.05613,0.05646,209801.0,2026-07-24 15:59:59.999000+00:00,1
2026-07-24 16:00:00+00:00,0.05644,0.05662,0.0563,0.05657,85891.0,2026-07-24 19:59:59.999000+00:00,1
2026-07-24 20:00:00+00:00,0.05657,0.05815,0.05647,0.05673,777755.0,2026-07-24 23:59:59.999000+00:00,1
2026-07-25 00:00:00+00:00,0.05673,0.05722,0.05651,0.05709,212496.0,2026-07-25 03:59:59.999000+00:00,1
2026-07-25 04:00:00+00:00,0.05709,0.0571,0.05644,0.05647,213904.0,2026-07-25 07:59:59.999000+00:00,1
2026-07-25 08:00:00+00:00,0.05648,0.05667,0.05635,0.05647,141476.0,2026-07-25 11:59:59.999000+00:00,1
2026-07-25 12:00:00+00:00,0.05646,0.05676,0.05639,0.0565,107242.0,2026-07-25 15:59:59.999000+00:00,1
2026-07-25 16:00:00+00:00,0.05651,0.05678,0.05648,0.0566,114265.0,2026-07-25 19:59:59.999000+00:00,1
2026-07-25 20:00:00+00:00,0.05659,0.05662,0.05637,0.05657,102568.0,2026-07-25 23:59:59.999000+00:00,1
2026-07-26 00:00:00+00:00,0.05652,0.0566,0.05629,0.05641,120235.0,2026-07-26 03:59:59.999000+00:00,1
2026-07-26 04:00:00+00:00,0.05641,0.05656,0.05633,0.05643,41771.0,2026-07-26 07:59:59.999000+00:00,1
2026-07-26 08:00:00+00:00,0.05644,0.05664,0.05636,0.05657,91905.0,2026-07-26 11:59:59.999000+00:00,1
2026-07-26 12:00:00+00:00,0.05658,0.05677,0.05651,0.05676,55128.0,2026-07-26 15:59:59.999000+00:00,1
2026-07-26 16:00:00+00:00,0.05677,0.057,0.05656,0.0567,155517.0,2026-07-26 19:59:59.999000+00:00,1
2026-07-26 20:00:00+00:00,0.05671,0.05718,0.0567,0.05707,112319.0,2026-07-26 23:59:59.999000+00:00,1
2026-07-27 00:00:00+00:00,0.05709,0.05784,0.05696,0.05735,284420.0,2026-07-27 03:59:59.999000+00:00,1
2026-07-27 04:00:00+00:00,0.05735,0.05772,0.05725,0.05732,138904.0,2026-07-27 07:59:59.999000+00:00,1
2026-07-27 08:00:00+00:00,0.05735,0.05737,0.05691,0.057,146747.0,2026-07-27 11:59:59.999000+00:00,1
2026-07-27 12:00:00+00:00,0.05699,0.05733,0.05613,0.05619,307092.0,2026-07-27 15:59:59.999000+00:00,1
2026-07-27 16:00:00+00:00,0.05618,0.05665,0.05608,0.05643,213717.0,2026-07-27 19:59:59.999000+00:00,1
2026-07-27 20:00:00+00:00,0.05643,0.05649,0.0554,0.05554,373398.0,2026-07-27 23:59:59.999000+00:00,1
2026-07-28 00:00:00+00:00,0.05555,0.05575,0.05459,0.05502,535752.0,2026-07-28 03:59:59.999000+00:00,1
2026-07-28 04:00:00+00:00,0.05503,0.05524,0.05487,0.05512,119076.0,2026-07-28 07:59:59.999000+00:00,1
2026-07-28 08:00:00+00:00,0.05511,0.05534,0.05498,0.05527,63838.0,2026-07-28 11:59:59.999000+00:00,1
2026-07-28 12:00:00+00:00,0.05521,0.0559,0.05469,0.05589,149507.0,2026-07-28 15:59:59.999000+00:00,1
2026-07-28 16:00:00+00:00,0.05589,0.05593,0.05547,0.05591,140127.0,2026-07-28 19:59:59.999000+00:00,1
2026-07-28 20:00:00+00:00,0.0559,0.05608,0.0554,0.05554,144714.0,2026-07-28 23:59:59.999000+00:00,1
2026-07-29 00:00:00+00:00,0.05556,0.05581,0.05492,0.05494,220857.0,2026-07-29 03:59:59.999000+00:00,1
2026-07-29 04:00:00+00:00,0.05494,0.05509,0.05471,0.05484,213043.0,2026-07-29 07:59:59.999000+00:00,1
2026-07-29 08:00:00+00:00,0.05487,0.05505,0.0547,0.05501,143782.0,2026-07-29 11:59:59.999000+00:00,1
2026-07-29 12:00:00+00:00,0.055,0.05521,0.05474,0.05488,107485.0,2026-07-29 15:59:59.999000+00:00,1
2026-07-29 16:00:00+00:00,0.05489,0.05557,0.05461,0.05466,155529.0,2026-07-29 19:59:59.999000+00:00,1
2026-07-29 20:00:00+00:00,0.05467,0.05501,0.05429,0.05469,201561.0,2026-07-29 23:59:59.999000+00:00,1
2026-07-30 00:00:00+00:00,0.05469,0.05475,0.05414,0.05425,131494.0,2026-07-30 03:59:59.999000+00:00,1
2026-07-30 04:00:00+00:00,0.05427,0.05475,0.05422,0.05461,132096.0,2026-07-30 07:59:59.999000+00:00,1
2026-07-30 08:00:00+00:00,0.05462,0.05515,0.05462,0.05502,278145.0,2026-07-30 11:59:59.999000+00:00,1
2026-07-30 12:00:00+00:00,0.05501,0.05544,0.05492,0.05524,342047.0,2026-07-30 15:59:59.999000+00:00,1
2026-07-30 16:00:00+00:00,0.05524,0.05529,0.05477,0.05484,326353.0,2026-07-30 19:59:59.999000+00:00,1
2026-07-30 20:00:00+00:00,0.05483,0.0553,0.05473,0.05515,196124.0,2026-07-30 23:59:59.999000+00:00,1
2026-07-31 00:00:00+00:00,0.05515,0.05553,0.05489,0.05492,83933.0,2026-07-31 03:59:59.999000+00:00,1
2026-07-31 04:00:00+00:00,0.0549,0.055,0.0546,0.05495,202855.0,2026-07-31 07:59:59.999000+00:00,1
2026-07-31 08:00:00+00:00,0.05493,0.05509,0.05476,0.05484,110809.0,2026-07-31 11:59:59.999000+00:00,1
2026-07-31 12:00:00+00:00,0.05485,0.05501,0.05415,0.05429,213158.0,2026-07-31 15:59:59.999000+00:00,1
2026-07-31 16:00:00+00:00,0.05431,0.05447,0.0542,0.05427,192905.0,2026-07-31 19:59:59.999000+00:00,1
2026-07-31 20:00:00+00:00,0.05424,0.05433,0.05409,0.05425,150551.0,2026-07-31 23:59:59.999000+00:00,1
2026-08-01 00:00:00+00:00,0.05425,0.05447,0.05421,0.05439,56114.0,2026-08-01 03:59:59.999000+00:00,1
2026-08-01 04:00:00+00:00,0.05439,0.05458,0.05433,0.05445,74660.0,2026-08-01 07:59:59.999000+00:00,1
2026-08-01 08:00:00+00:00,0.05445,0.05466,0.05445,0.05458,123573.0,2026-08-01 11:59:59.999000+00:00,1
2026-08-01 12:00:00+00:00,0.05457,0.05483,0.05455,0.05472,91972.0,2026-08-01 15:59:59.999000+00:00,1
2026-08-01 16:00:00+00:00,0.05472,0.05498,0.05388,0.05421,156626.0,2026-08-01 19:59:59.999000+00:00,1
2026-08-01 20:00:00+00:00,0.05422,0.05435,0.05412,0.05415,57260.0,2026-08-01 23:59:59.999000+00:00,1
2026-08-02 00:00:00+00:00,0.05415,0.05426,0.05392,0.05408,215663.0,2026-08-02 03:59:59.999000+00:00,1
2026-08-02 04:00:00+00:00,0.0541,0.05433,0.0541,0.05425,110488.0,2026-08-02 07:59:59.999000+00:00,1
2026-08-02 08:00:00+00:00,0.05424,0.05454,0.0541,0.05414,133333.0,2026-08-02 11:59:59.999000+00:00,1
2026-08-02 12:00:00+00:00,0.05416,0.05454,0.05412,0.0545,58383.0,2026-08-02 15:59:59.999000+00:00,1
2026-08-02 16:00:00+00:00,0.05451,0.05495,0.05444,0.05491,119284.0,2026-08-02 19:59:59.999000+00:00,1
2026-08-02 20:00:00+00:00,0.05491,0.05503,0.05466,0.05481,88974.0,2026-08-02 23:59:59.999000+00:00,1
2026-08-03 00:00:00+00:00,0.0548,0.05484,0.05409,0.05414,143642.0,2026-08-03 03:59:59.999000+00:00,1
2026-08-03 04:00:00+00:00,0.05415,0.05425,0.05409,0.05414,105055.0,2026-08-03 07:59:59.999000+00:00,1
2026-08-03 08:00:00+00:00,0.05413,0.05438,0.05392,0.05432,132229.0,2026-08-03 11:59:59.999000+00:00,1
2026-08-03 12:00:00+00:00,0.0543,0.05493,0.05429,0.05458,203604.0,2026-08-03 15:59:59.999000+00:00,1
2026-08-03 16:00:00+00:00,0.05458,0.05494,0.05436,0.05478,131165.0,2026-08-03 19:59:59.999000+00:00,1
2026-08-03 20:00:00+00:00,0.05479,0.05519,0.05459,0.05519,88626.0,2026-08-03 23:59:59.999000+00:00,1
2026-08-04 00:00:00+00:00,0.05517,0.05557,0.05489,0.05502,178401.0,2026-08-04 03:59:59.999000+00:00,1
2026-08-04 04:00:00+00:00,0.05502,0.05507,0.05438,0.05442,162577.0,2026-08-04 07:59:59.999000+00:00,1
2026-08-04 08:00:00+00:00,0.05441,0.05471,0.05424,0.05456,187820.0,2026-08-04 11:59:59.999000+00:00,1
2026-08-04 12:00:00+00:00,0.05457,0.05471,0.05422,0.05429,324867.0,2026-08-04 15:59:59.999000+00:00,1
2026-08-04 16:00:00+00:00,0.05428,0.05442,0.05419,0.05428,165352.0,2026-08-04 19:59:59.999000+00:00,1
2026-08-04 20:00:00+00:00,0.05427,0.05494,0.05411,0.05447,281815.0,2026-08-04 23:59:59.999000+00:00,1
2026-08-05 00:00:00+00:00,0.05444,0.05447,0.05398,0.0541,140856.0,2026-08-05 03:59:59.999000+00:00,1
2026-08-05 04:00:00+00:00,0.05409,0.05434,0.05402,0.0542,70256.0,2026-08-05 07:59:59.999000+00:00,1
2026-08-05 08:00:00+00:00,0.05421,0.05435,0.054,0.05402,86542.0,2026-08-05 11:59:59.999000+00:00,1
2026-08-05 12:00:00+00:00,0.05403,0.05435,0.05384,0.05411,119106.0,2026-08-05 15:59:59.999000+00:00,1
2026-08-05 16:00:00+00:00,0.05409,0.05443,0.05396,0.05404,104252.0,2026-08-05 19:59:59.999000+00:00,1
2026-08-05 20:00:00+00:00,0.05406,0.05418,0.05386,0.05395,94416.0,2026-08-05 23:59:59.999000+00:00,1
2026-08-06 00:00:00+00:00,0.05395,0.05406,0.05347,0.05364,173152.0,2026-08-06 03:59:59.999000+00:00,1
2026-08-06 04:00:00+00:00,0.05363,0.05409,0.05356,0.05392,83353.0,2026-08-06 07:59:59.999000+00:00,1
2026-08-06 08:00:00+00:00,0.05391,0.05411,0.05335,0.05356,191588.0,2026-08-06 11:59:59.999000+00:00,1
2026-08-06 12:00:00+00:00,0.05356,0.05397,0.05331,0.05389,172768.0,2026-08-06 15:59:59.999000+00:00,1
2026-08-06 16:00:00+00:00,0.05389,0.054,0.05284,0.05307,272840.0,2026-08-06 19:59:59.999000+00:00,1
2026-08-06 20:00:00+00:00,0.05307,0.05342,0.05305,0.05335,86882.0,2026-08-06 23:59:59.999000+00:00,1
2026-08-07 00:00:00+00:00,0.05336,0.05347,0.0529,0.05292,92230.0,2026-08-07 03:59:59.999000+00:00,1
2026-08-07 04:00:00+00:00,0.05292,0.05313,0.05284,0.05302,86338.0,2026-08-07 07:59:59.999000+00:00,1
2026-08-07 08:00:00+00:00,0.05301,0.05337,0.053,0.05335,92913.0,2026-08-07 11:59:59.999000+00:00,1
2026-08-07 12:00:00+00:00,0.05334,0.05351,0.05299,0.05329,322707.0,2026-08-07 15:59:59.999000+00:00,1
2026-08-07 16:00:00+00:00,0.05329,0.05332,0.05251,0.05287,300090.0,2026-08-07 19:59:59.999000+00:00,1
2026-08-07 20:00:00+00:00,0.05288,0.05289,0.04936,0.0503,4991998.0,2026-08-07 23:59:59.999000+00:00,1
2026-08-08 00:00:00+00:00,0.05031,0.05239,0.04981,0.0501,1800612.0,2026-08-08 03:59:59.999000+00:00,1
2026-08-08 04:00:00+00:00,0.0501,0.05026,0.04605,0.04611,3388181.0,2026-08-08 07:59:59.999000+00:00,1
2026-08-08 08:00:00+00:00,0.04612,0.04883,0.04586,0.04877,2371037.0,2026-08-08 11:59:59.999000+00:00,1
2026-08-08 12:00:00+00:00,0.04878,0.04926,0.04792,0.04911,1472958.0,2026-08-08 15:59:59.999000+00:00,1
2026-08-08 16:00:00+00:00,0.0491,0.04999,0.04876,0.04894,898352.0,2026-08-08 19:59:59.999000+00:00,1
2026-08-08 20:00:00+00:00,0.04894,0.04957,0.04875,0.04898,380607.0,2026-08-08 23:59:59.999000+00:00,1
2026-08-09 00:00:00+00:00,0.04898,0.05006,0.04893,0.04979,743706.0,2026-08-09 03:59:59.999000+00:00,1
2026-08-09 04:00:00+00:00,0.04979,0.05002,0.04884,0.04901,436299.0,2026-08-09 07:59:59.999000+00:00,1
2026-08-09 08:00:00+00:00,0.04901,0.0491,0.04835,0.04886,425838.0,2026-08-09 11:59:59.999000+00:00,1
2026-08-09 12:00:00+00:00,0.04885,0.049,0.04834,0.04838,147749.0,2026-08-09 15:59:59.999000+00:00,1
2026-08-09 16:00:00+00:00,0.04839,0.04845,0.04805,0.04826,264629.0,2026-08-09 19:59:59.999000+00:00,1
2026-08-09 20:00:00+00:00,0.04826,0.04836,0.04764,0.04788,272397.0,2026-08-09 23:59:59.999000+00:00,1
2026-08-10 00:00:00+00:00,0.04787,0.04822,0.04787,0.04819,195859.0,2026-08-10 03:59:59.999000+00:00,1
2026-08-10 04:00:00+00:00,0.04819,0.04825,0.04756,0.04773,148447.0,2026-08-10 07:59:59.999000+00:00,1
2026-08-10 08:00:00+00:00,0.04772,0.04795,0.04733,0.04761,294785.0,2026-08-10 11:59:59.999000+00:00,1
2026-08-10 12:00:00+00:00,0.04761,0.04762,0.04698,0.04709,515505.0,2026-08-10 15:59:59.999000+00:00,1
2026-08-10 16:00:00+00:00,0.04709,0.04717,0.04664,0.04716,292261.0,2026-08-10 19:59:59.999000+00:00,1
2026-08-10 20:00:00+00:00,0.04716,0.04726,0.04682,0.04708,116498.0,2026-08-10 23:59:59.999000+00:00,1
2026-08-11 00:00:00+00:00,0.04707,0.0479,0.04656,0.04761,412835.0,2026-08-11 03:59:59.999000+00:00,1
2026-08-11 04:00:00+00:00,0.04759,0.04772,0.04666,0.04666,243386.0,2026-08-11 07:59:59.999000+00:00,1
2026-08-11 08:00:00+00:00,0.04666,0.04706,0.04664,0.04703,152725.0,2026-08-11 11:59:59.999000+00:00,1
2026-08-11 12:00:00+00:00,0.04702,0.04713,0.04599,0.04652,358395.0,2026-08-11 15:59:59.999000+00:00,1
2026-08-11 16:00:00+00:00,0.04653,0.04705,0.04628,0.047,248803.0,2026-08-11 19:59:59.999000+00:00,1
2026-08-11 20:00:00+00:00,0.04699,0.04718,0.04668,0.0469,208271.0,2026-08-11 23:59:59.999000+00:00,1
2026-08-12 00:00:00+00:00,0.0469,0.04714,0.04661,0.04681,179286.0,2026-08-12 03:59:59.999000+00:00,1
2026-08-12 04:00:00+00:00,0.0468,0.04695,0.04654,0.04693,127851.0,2026-08-12 07:59:59.999000+00:00,1
2026-08-12 08:00:00+00:00,0.04693,0.04712,0.04674,0.04694,260124.0,2026-08-12 11:59:59.999000+00:00,1
2026-08-12 12:00:00+00:00,0.04695,0.04709,0.04632,0.04683,279304.0,2026-08-12 15:59:59.999000+00:00,1
2026-08-12 16:00:00+00:00,0.04682,0.04683,0.0466,0.04666,69341.0,2026-08-12 19:59:59.999000+00:00,1
2026-08-12 20:00:00+00:00,0.04665,0.0468,0.04646,0.04672,106516.0,2026-08-12 23:59:59.999000+00:00,1
2026-08-13 00:00:00+00:00,0.04671,0.04677,0.04653,0.04667,75836.0,2026-08-13 03:59:59.999000+00:00,1
2026-08-13 04:00:00+00:00,0.04667,0.04686,0.04662,0.04681,123018.0,2026-08-13 07:59:59.999000+00:00,1
2026-08-13 08:00:00+00:00,0.04682,0.04722,0.04679,0.04685,257991.0,2026-08-13 11:59:59.999000+00:00,1
2026-08-13 12:00:00+00:00,0.04685,0.04704,0.04677,0.04686,133659.0,2026-08-13 15:59:59.999000+00:00,1
2026-08-13 16:00:00+00:00,0.04686,0.04689,0.04652,0.04681,158495.0,2026-08-13 19:59:59.999000+00:00,1
2026-08-13 20:00:00+00:00,0.04681,0.04706,0.04681,0.047,57847.0,2026-08-13 23:59:59.999000+00:00,1
2026-08-14 00:00:00+00:00,0.047,0.04992,0.04698,0.04847,1303346.0,2026-08-14 03:59:59.999000+00:00,1
2026-08-14 04:00:00+00:00,0.04845,0.04976,0.04832,0.04907,1139036.0,2026-08-14 07:59:59.999000+00:00,1
2026-08-14 08:00:00+00:00,0.0491,0.04928,0.04833,0.04847,520504.0,2026-08-14 11:59:59.999000+00:00,1
2026-08-14 12:00:00+00:00,0.04848,0.04881,0.04723,0.04816,595765.0,2026-08-14 15:59:59.999000+00:00,1
2026-08-14 16:00:00+00:00,0.04814,0.04877,0.04796,0.04819,279702.0,2026-08-14 19:59:59.999000+00:00,1
2026-08-14 20:00:00+00:00,0.04818,0.04847,0.04795,0.04838,113272.0,2026-08-14 23:59:59.999000+00:00,1
2026-08-15 00:00:00+00:00,0.04837,0.0486,0.04795,0.04832,143067.0,2026-08-15 03:59:59.999000+00:00,1
2026-08-15 04:00:00+00:00,0.04832,0.04871,0.04784,0.04834,219588.0,2026-08-15 07:59:59.999000+00:00,1
2026-08-15 08:00:00+00:00,0.04835,0.04847,0.04821,0.04833,88136.0,2026-08-15 11:59:59.999000+00:00,1
2026-08-15 12:00:00+00:00,0.04834,0.04834,0.04809,0.04814,69220.0,2026-08-15 15:59:59.999000+00:00,1
2026-08-15 16:00:00+00:00,0.04817,0.04823,0.04769,0.0477,168340.0,2026-08-15 19:59:59.999000+00:00,1
2026-08-15 20:00:00+00:00,0.04769,0.04777,0.04754,0.04765,59067.0,2026-08-15 23:59:59.999000+00:00,1
2026-08-16 00:00:00+00:00,0.04767,0.04767,0.04728,0.04747,177300.0,2026-08-16 03:59:59.999000+00:00,1
2026-08-16 04:00:00+00:00,0.04747,0.04765,0.04735,0.04754,140246.0,2026-08-16 07:59:59.999000+00:00,1
2026-08-16 08:00:00+00:00,0.04754,0.04779,0.04749,0.04762,105984.0,2026-08-16 11:59:59.999000+00:00,1
2026-08-16 12:00:00+00:00,0.04762,0.04776,0.04756,0.04769,77686.0,2026-08-16 15:59:59.999000+00:00,1
2026-08-16 16:00:00+00:00,0.04771,0.04785,0.04744,0.04757,88926.0,2026-08-16 19:59:59.999000+00:00,1
2026-08-16 20:00:00+00:00,0.04756,0.04761,0.04699,0.04726,159826.0,2026-08-16 23:59:59.999000+00:00,1
2026-08-17 00:00:00+00:00,0.04725,0.04756,0.0472,0.04756,112145.0,2026-08-17 03:59:59.999000+00:00,1
2026-08-17 04:00:00+00:00,0.04755,0.04773,0.04749,0.04749,69623.0,2026-08-17 07:59:59.999000+00:00,1
2026-08-17 08:00:00+00:00,0.04751,0.04762,0.04736,0.04759,55507.0,2026-08-17 11:59:59.999000+00:00,1
2026-08-17 12:00:00+00:00,0.04759,0.0476,0.04716,0.04718,107228.0,2026-08-17 15:59:59.999000+00:00,1
2026-08-17 16:00:00+00:00,0.0472,0.04728,0.04706,0.04708,82005.0,2026-08-17 19:59:59.999000+00:00,1
2026-08-17 20:00:00+00:00,0.04708,0.04717,0.04691,0.04698,99399.0,2026-08-17 23:59:59.999000+00:00,1
2026-08-18 00:00:00+00:00,0.04698,0.04704,0.04541,0.04621,997081.0,2026-08-18 03:59:59.999000+00:00,1
2026-08-18 04:00:00+00:00,0.04619,0.04627,0.04593,0.04616,191630.0,2026-08-18 07:59:59.999000+00:00,1
2026-08-18 08:00:00+00:00,0.04614,0.04614,0.04584,0.04607,201271.0,2026-08-18 11:59:59.999000+00:00,1
2026-08-18 12:00:00+00:00,0.04607,0.04673,0.04596,0.0466,207227.0,2026-08-18 15:59:59.999000+00:00,1
2026-08-18 16:00:00+00:00,0.04662,0.04674,0.04566,0.04588,203789.0,2026-08-18 19:59:59.999000+00:00,1
2026-08-18 20:00:00+00:00,0.04587,0.04627,0.04581,0.04617,148246.0,2026-08-18 23:59:59.999000+00:00,1
2026-08-19 00:00:00+00:00,0.04618,0.04618,0.0459,0.04594,58001.0,2026-08-19 03:59:59.999000+00:00,1
2026-08-19 04:00:00+00:00,0.04594,0.04615,0.0457,0.04594,223985.0,2026-08-19 07:59:59.999000+00:00,1
2026-08-19 08:00:00+00:00,0.04596,0.04633,0.04584,0.0463,84058.0,2026-08-19 11:59:59.999000+00:00,1
2026-08-19 12:00:00+00:00,0.04631,0.04775,0.04625,0.04737,375662.0,2026-08-19 15:59:59.999000+00:00,1
2026-08-19 16:00:00+00:00,0.04739,0.04766,0.04713,0.04755,272750.0,2026-08-19 19:59:59.999000+00:00,1
2026-08-19 20:00:00+00:00,0.04757,0.04936,0.04751,0.04878,580733.0,2026-08-19 23:59:59.999000+00:00,1
2026-08-20 00:00:00+00:00,0.04879,0.05031,0.04879,0.04971,458767.0,2026-08-20 03:59:59.999000+00:00,1
2026-08-20 04:00:00+00:00,0.04969,0.04984,0.04915,0.04945,268724.0,2026-08-20 07:59:59.999000+00:00,1
2026-08-20 08:00:00+00:00,0.04947,0.05434,0.04945,0.05428,2029426.0,2026-08-20 11:59:59.999000+00:00,1
2026-08-20 12:00:00+00:00,0.05427,0.05519,0.05225,0.05515,1472856.0,2026-08-20 15:59:59.999000+00:00,1
2026-08-20 16:00:00+00:00,0.05518,0.0552,0.053,0.05328,870498.0,2026-08-20 19:59:59.999000+00:00,1
2026-08-20 20:00:00+00:00,0.05328,0.05352,0.05271,0.05341,340861.0,2026-08-20 23:59:59.999000+00:00,1
2026-08-21 00:00:00+00:00,0.05344,0.05449,0.05302,0.05434,382949.0,2026-08-21 03:59:59.999000+00:00,1
2026-08-21 04:00:00+00:00,0.05432,0.05546,0.05403,0.05513,277646.0,2026-08-21 07:59:59.999000+00:00,1
2026-08-21 08:00:00+00:00,0.05515,0.0577,0.05503,0.05655,1136039.0,2026-08-21 11:59:59.999000+00:00,1
2026-08-21 12:00:00+00:00,0.05655,0.05716,0.05613,0.05673,601471.0,2026-08-21 15:59:59.999000+00:00,1
2026-08-21 16:00:00+00:00,0.05674,0.0571,0.05588,0.05621,636214.0,2026-08-21 19:59:59.999000+00:00,1
2026-08-21 20:00:00+00:00,0.0562,0.05802,0.05607,0.05788,414685.0,2026-08-21 23:59:59.999000+00:00,1
2026-08-22 00:00:00+00:00,0.05791,0.06448,0.05785,0.06345,1932500.0,2026-08-22 03:59:59.999000+00:00,1
2026-08-22 04:00:00+00:00,0.06344,0.0697,0.06022,0.06213,4602382.0,2026-08-22 07:59:59.999000+00:00,1
2026-08-22 08:00:00+00:00,0.06215,0.0629,0.05886,0.05959,1108186.0,2026-08-22 11:59:59.999000+00:00,1
2026-08-22 12:00:00+00:00,0.05957,0.06102,0.05844,0.05854,566892.0,2026-08-22 15:59:59.999000+00:00,1
2026-08-22 16:00:00+00:00,0.05855,0.05981,0.05843,0.05917,511395.0,2026-08-22 19:59:59.999000+00:00,1
2026-08-22 20:00:00+00:00,0.0592,0.05941,0.05638,0.05737,603866.0,2026-08-22 23:59:59.999000+00:00,1
2026-08-23 00:00:00+00:00,0.05737,0.05882,0.05645,0.05669,564266.0,2026-08-23 03:59:59.999000+00:00,1
2026-08-23 04:00:00+00:00,0.0567,0.05704,0.0551,0.05624,592670.0,2026-08-23 07:59:59.999000+00:00,1
2026-08-23 08:00:00+00:00,0.05625,0.0579,0.0561,0.05779,428390.0,2026-08-23 11:59:59.999000+00:00,1
2026-08-23 12:00:00+00:00,0.05777,0.05904,0.05753,0.05824,511791.0,2026-08-23 15:59:59.999000+00:00,1
2026-08-23 16:00:00+00:00,0.05827,0.06038,0.05826,0.05987,617091.0,2026-08-23 19:59:59.999000+00:00,1
2026-08-23 20:00:00+00:00,0.05984,0.06023,0.05923,0.05976,235270.0,2026-08-23 23:59:59.999000+00:00,1
2026-08-24 00:00:00+00:00,0.05975,0.05991,0.058,0.05976,593969.0,2026-08-24 03:59:59.999000+00:00,1
2026-08-24 04:00:00+00:00,0.05976,0.0627,0.05976,0.06088,1276179.0,2026-08-24 07:59:59.999000+00:00,1
2026-08-24 08:00:00+00:00,0.06088,0.06184,0.05995,0.06136,411295.0,2026-08-24 11:59:59.999000+00:00,1
2026-08-24 12:00:00+00:00,0.06134,0.06255,0.06029,0.06177,858809.0,2026-08-24 15:59:59.999000+00:00,1
2026-08-24 16:00:00+00:00,0.06178,0.06237,0.06007,0.06014,312224.0,2026-08-24 19:59:59.999000+00:00,1
2026-08-24 20:00:00+00:00,0.06015,0.06115,0.05986,0.0601,208150.0,2026-08-24 23:59:59.999000+00:00,1
2026-08-25 00:00:00+00:00,0.0601,0.06226,0.05977,0.0611,395923.0,2026-08-25 03:59:59.999000+00:00,1
2026-08-25 04:00:00+00:00,0.0611,0.06174,0.06035,0.06062,479859.0,2026-08-25 07:59:59.999000+00:00,1
2026-08-25 08:00:00+00:00,0.0606,0.0619,0.06027,0.0617,338234.0,2026-08-25 11:59:59.999000+00:00,1
2026-08-25 12:00:00+00:00,0.06167,0.06178,0.05984,0.06017,614177.0,2026-08-25 15:59:59.999000+00:00,1
2026-08-25 16:00:00+00:00,0.06021,0.06027,0.05888,0.05919,283106.0,2026-08-25 19:59:59.999000+00:00,1
2026-08-25 20:00:00+00:00,0.05919,0.05919,0.05763,0.0585,431066.0,2026-08-25 23:59:59.999000+00:00,1
2026-08-26 00:00:00+00:00,0.05848,0.05963,0.05776,0.05898,391961.0,2026-08-26 03:59:59.999000+00:00,1
2026-08-26 04:00:00+00:00,0.05895,0.05959,0.05873,0.05891,189404.0,2026-08-26 07:59:59.999000+00:00,1
2026-08-26 08:00:00+00:00,0.05888,0.05913,0.05821,0.05876,159527.0,2026-08-26 11:59:59.999000+00:00,1
2026-08-26 12:00:00+00:00,0.05878,0.059,0.05694,0.05748,371805.0,2026-08-26 15:59:59.999000+00:00,1
2026-08-26 16:00:00+00:00,0.05751,0.05897,0.05744,0.058,229991.0,2026-08-26 19:59:59.999000+00:00,1
2026-08-26 20:00:00+00:00,0.05799,0.05948,0.05782,0.05948,237458.0,2026-08-26 23:59:59.999000+00:00,1
2026-08-27 00:00:00+00:00,0.05948,0.0599,0.05892,0.05935,241236.0,2026-08-27 03:59:59.999000+00:00,1
2026-08-27 04:00:00+00:00,0.05935,0.05985,0.05903,0.05983,103843.0,2026-08-27 07:59:59.999000+00:00,1
2026-08-27 08:00:00+00:00,0.05984,0.0612,0.05981,0.06119,501131.0,2026-08-27 11:59:59.999000+00:00,1
2026-08-27 12:00:00+00:00,0.06115,0.06212,0.06058,0.06096,505272.0,2026-08-27 15:59:59.999000+00:00,1
2026-08-27 16:00:00+00:00,0.06095,0.06194,0.06072,0.06166,479838.0,2026-08-27 19:59:59.999000+00:00,1
2026-08-27 20:00:00+00:00,0.06164,0.06195,0.06091,0.06091,269243.0,2026-08-27 23:59:59.999000+00:00,1
2026-08-28 00:00:00+00:00,0.06094,0.06167,0.05819,0.05845,609862.0,2026-08-28 03:59:59.999000+00:00,1
2026-08-28 04:00:00+00:00,0.05845,0.05905,0.05789,0.05855,222721.0,2026-08-28 07:59:59.999000+00:00,1
2026-08-28 08:00:00+00:00,0.05856,0.05897,0.05837,0.05872,111850.0,2026-08-28 11:59:59.999000+00:00,1
2026-08-28 12:00:00+00:00,0.05871,0.05955,0.05833,0.05839,651733.0,2026-08-28 15:59:59.999000+00:00,1
2026-08-28 16:00:00+00:00,0.05838,0.05839,0.05604,0.0567,491809.0,2026-08-28 19:59:59.999000+00:00,1
2026-08-28 20:00:00+00:00,0.0567,0.05757,0.05662,0.05748,173121.0,2026-08-28 23:59:59.999000+00:00,1
2026-08-29 00:00:00+00:00,0.05747,0.05747,0.05643,0.05648,303141.0,2026-08-29 03:59:59.999000+00:00,1
2026-08-29 04:00:00+00:00,0.05651,0.05744,0.0565,0.05702,190584.0,2026-08-29 07:59:59.999000+00:00,1
2026-08-29 08:00:00+00:00,0.05701,0.0576,0.05665,0.05759,139394.0,2026-08-29 11:59:59.999000+00:00,1
2026-08-29 12:00:00+00:00,0.05756,0.05802,0.05738,0.05764,284624.0,2026-08-29 15:59:59.999000+00:00,1
2026-08-29 16:00:00+00:00,0.05768,0.05811,0.05721,0.05747,151788.0,2026-08-29 19:59:59.999000+00:00,1
2026-08-29 20:00:00+00:00,0.05747,0.0578,0.05734,0.05777,70605.0,2026-08-29 23:59:59.999000+00:00,1
2026-08-30 00:00:00+00:00,0.05777,0.0578,0.05696,0.05703,299885.0,2026-08-30 03:59:59.999000+00:00,1
2026-08-30 04:00:00+00:00,0.05702,0.05779,0.057,0.05746,109804.0,2026-08-30 07:59:59.999000+00:00,1
2026-08-30 08:00:00+00:00,0.05745,0.0576,0.05713,0.05718,62422.0,2026-08-30 11:59:59.999000+00:00,1
2026-08-30 12:00:00+00:00,0.05718,0.06339,0.05718,0.06008,5332276.0,2026-08-30 15:59:59.999000+00:00,1
2026-08-30 16:00:00+00:00,0.0601,0.06148,0.05931,0.05947,1219901.0,2026-08-30 19:59:59.999000+00:00,1
2026-08-30 20:00:00+00:00,0.0595,0.05961,0.0562,0.05706,653638.0,2026-08-30 23:59:59.999000+00:00,1
2026-08-31 00:00:00+00:00,0.05703,0.05767,0.056,0.05626,366811.0,2026-08-31 03:59:59.999000+00:00,1
2026-08-31 04:00:00+00:00,0.05629,0.05718,0.05564,0.05678,351313.0,2026-08-31 07:59:59.999000+00:00,1
2026-08-31 08:00:00+00:00,0.05678,0.05688,0.0554,0.05547,213718.0,2026-08-31 11:59:59.999000+00:00,1
2026-08-31 12:00:00+00:00,0.05543,0.0559,0.05503,0.05554,405286.0,2026-08-31 15:59:59.999000+00:00,1
2026-08-31 16:00:00+00:00,0.05556,0.05659,0.05552,0.05602,345499.0,2026-08-31 19:59:59.999000+00:00,1
2026-08-31 20:00:00+00:00,0.05603,0.05706,0.05589,0.05666,216712.0,2026-08-31 23:59:59.999000+00:00,1
2026-09-01 00:00:00+00:00,0.05668,0.0574,0.05568,0.05574,486651.0,2026-09-01 03:59:59.999000+00:00,1
2026-09-01 04:00:00+00:00,0.05572,0.0569,0.05568,0.0565,276148.0,2026-09-01 07:59:59.999000+00:00,1
2026-09-01 08:00:00+00:00,0.05649,0.05674,0.05566,0.05659,207621.0,2026-09-01 11:59:59.999000+00:00,1
2026-09-01 12:00:00+00:00,0.05656,0.05656,0.05559,0.05575,226670.0,2026-09-01 15:59:59.999000+00:00,1
2026-09-01 16:00:00+00:00,0.05575,0.05575,0.0543,0.05484,417217.0,2026-09-01 19:59:59.999000+00:00,1
2026-09-01 20:00:00+00:00,0.05484,0.05508,0.05448,0.05481,145968.0,2026-09-01 23:59:59.999000+00:00,1
2026-09-02 00:00:00+00:00,0.05482,0.05506,0.05434,0.05474,185936.0,2026-09-02 03:59:59.999000+00:00,1
2026-09-02 04:00:00+00:00,0.05478,0.05573,0.05453,0.05497,231543.0,2026-09-02 07:59:59.999000+00:00,1
2026-09-02 08:00:00+00:00,0.05499,0.05515,0.05361,0.05379,165915.0,2026-09-02 11:59:59.999000+00:00,1
2026-09-02 12:00:00+00:00,0.05379,0.05497,0.05333,0.05387,362427.0,2026-09-02 15:59:59.999000+00:00,1
2026-09-02 16:00:00+00:00,0.0539,0.05456,0.05333,0.0539,229435.0,2026-09-02 19:59:59.999000+00:00,1
2026-09-02 20:00:00+00:00,0.05392,0.05438,0.05392,0.05437,58773.0,2026-09-02 23:59:59.999000+00:00,1
2026-09-03 00:00:00+00:00,0.05436,0.05455,0.05388,0.05421,89529.0,2026-09-03 03:59:59.999000+00:00,1
2026-09-03 04:00:00+00:00,0.05421,0.05551,0.05419,0.0553,239244.0,2026-09-03 07:59:59.999000+00:00,1
2026-09-03 08:00:00+00:00,0.05525,0.05553,0.0545,0.05508,199521.0,2026-09-03 11:59:59.999000+00:00,1
2026-09-03 12:00:00+00:00,0.05506,0.05753,0.05408,0.05704,882856.0,2026-09-03 15:59:59.999000+00:00,1
2026-09-03 16:00:00+00:00,0.05702,0.05801,0.05701,0.05775,807550.0,2026-09-03 19:59:59.999000+00:00,1
2026-09-03 20:00:00+00:00,0.05773,0.05874,0.05722,0.0577,698736.0,2026-09-03 23:59:59.999000+00:00,1
2026-09-04 00:00:00+00:00,0.05771,0.05828,0.05723,0.05784,140828.0,2026-09-04 03:59:59.999000+00:00,1
2026-09-04 04:00:00+00:00,0.05785,0.05839,0.05673,0.05695,210243.0,2026-09-04 07:59:59.999000+00:00,1
2026-09-04 08:00:00+00:00,0.05696,0.05815,0.05683,0.05762,260646.0,2026-09-04 11:59:59.999000+00:00,1
2026-09-04 12:00:00+00:00,0.05759,0.05773,0.0557,0.05615,498702.0,2026-09-04 15:59:59.999000+00:00,1
2026-09-04 16:00:00+00:00,0.05615,0.05665,0.05585,0.05599,172494.0,2026-09-04 19:59:59.999000+00:00,1
2026-09-04 20:00:00+00:00,0.05602,0.05617,0.05564,0.05586,53406.0,2026-09-04 23:59:59.999000+00:00,1
2026-09-05 00:00:00+00:00,0.05589,0.05605,0.05566,0.05583,55257.0,2026-09-05 03:59:59.999000+00:00,1
2026-09-05 04:00:00+00:00,0.05587,0.05647,0.05558,0.0564,131821.0,2026-09-05 07:59:59.999000+00:00,1
2026-09-05 08:00:00+00:00,0.05639,0.05642,0.05585,0.05607,68273.0,2026-09-05 11:59:59.999000+00:00,1
2026-09-05 12:00:00+00:00,0.05606,0.05666,0.05598,0.05639,224369.0,2026-09-05 15:59:59.999000+00:00,1
2026-09-05 16:00:00+00:00,0.05638,0.05719,0.05615,0.05656,219940.0,2026-09-05 19:59:59.999000+00:00,1
2026-09-05 20:00:00+00:00,0.05657,0.05676,0.05619,0.05659,141558.0,2026-09-05 23:59:59.999000+00:00,1
2026-09-06 00:00:00+00:00,0.05663,0.05761,0.05659,0.05713,238457.0,2026-09-06 03:59:59.999000+00:00,1
2026-09-06 04:00:00+00:00,0.05714,0.05738,0.05641,0.05688,142684.0,2026-09-06 07:59:59.999000+00:00,1
2026-09-06 08:00:00+00:00,0.05687,0.05771,0.05684,0.05729,153715.0,2026-09-06 11:59:59.999000+00:00,1
2026-09-06 12:00:00+00:00,0.05728,0.05741,0.05672,0.05721,198673.0,2026-09-06 15:59:59.999000+00:00,1
2026-09-06 16:00:00+00:00,0.05724,0.0577,0.05712,0.0574,159936.0,2026-09-06 19:59:59.999000+00:00,1
2026-09-06 20:00:00+00:00,0.05737,0.05783,0.05721,0.05773,94081.0,2026-09-06 23:59:59.999000+00:00,1
2026-09-07 00:00:00+00:00,0.05774,0.05805,0.05725,0.05733,262270.0,2026-09-07 03:59:59.999000+00:00,1
2026-09-07 04:00:00+00:00,0.05729,0.05785,0.05693,0.05736,133674.0,2026-09-07 07:59:59.999000+00:00,1
2026-09-07 08:00:00+00:00,0.05737,0.05782,0.05702,0.05742,159791.0,2026-09-07 11:59:59.999000+00:00,1
2026-09-07 12:00:00+00:00,0.05743,0.05821,0.05673,0.05704,344367.0,2026-09-07 15:59:59.999000+00:00,1
2026-09-07 16:00:00+00:00,0.05706,0.0575,0.05684,0.05723,185984.0,2026-09-07 19:59:59.999000+00:00,1
2026-09-07 20:00:00+00:00,0.05725,0.05725,0.05644,0.05699,175371.0,2026-09-07 23:59:59.999000+00:00,1
2026-09-08 00:00:00+00:00,0.05696,0.05802,0.05657,0.05755,359375.0,2026-09-08 03:59:59.999000+00:00,1
2026-09-08 04:00:00+00:00,0.05759,0.05863,0.05703,0.05791,839365.0,2026-09-08 07:59:59.999000+00:00,1
2026-09-08 08:00:00+00:00,0.05794,0.05982,0.05734,0.05962,899592.0,2026-09-08 11:59:59.999000+00:00,1
2026-09-08 12:00:00+00:00,0.05965,0.06534,0.05883,0.06058,7307131.0,2026-09-08 15:59:59.999000+00:00,1
2026-09-08 16:00:00+00:00,0.0606,0.0608,0.05914,0.05956,985473.0,2026-09-08 19:59:59.999000+00:00,1
2026-09-08 20:00:00+00:00,0.05958,0.05963,0.05841,0.059,512933.0,2026-09-08 23:59:59.999000+00:00,1
2026-09-09 00:00:00+00:00,0.059,0.0639,0.05892,0.06001,7634256.0,2026-09-09 03:59:59.999000+00:00,1
2026-09-09 04:00:00+00:00,0.06,0.06073,0.0593,0.06051,876892.0,2026-09-09 07:59:59.999000+00:00,1
2026-09-09 08:00:00+00:00,0.06051,0.06112,0.05964,0.0601,870030.0,2026-09-09 11:59:59.999000+00:00,1
2026-09-09 12:00:00+00:00,0.06008,0.06045,0.05813,0.05919,920178.0,2026-09-09 15:59:59.999000+00:00,1
2026-09-09 16:00:00+00:00,0.05918,0.05999,0.05868,0.05874,407566.0,2026-09-09 19:59:59.999000+00:00,1
2026-09-09 20:00:00+00:00,0.05872,0.05904,0.05807,0.05893,439806.0,2026-09-09 23:59:59.999000+00:00,1
2026-09-10 00:00:00+00:00,0.05893,0.05907,0.05751,0.05785,374652.0,2026-09-10 03:59:59.999000+00:00,1
2026-09-10 04:00:00+00:00,0.05784,0.05825,0.05683,0.05713,260042.0,2026-09-10 07:59:59.999000+00:00,1
2026-09-10 08:00:00+00:00,0.05709,0.05714,0.05605,0.05634,442621.0,2026-09-10 11:59:59.999000+00:00,1
2026-09-10 12:00:00+00:00,0.05632,0.05692,0.0557,0.05668,340216.0,2026-09-10 15:59:59.999000+00:00,1
2026-09-10 16:00:00+00:00,0.05665,0.05677,0.05596,0.05612,184843.0,2026-09-10 19:59:59.999000+00:00,1
2026-09-10 20:00:00+00:00,0.05614,0.05662,0.05569,0.05581,141027.0,2026-09-10 23:59:59.999000+00:00,1
2026-09-11 00:00:00+00:00,0.05581,0.05683,0.05575,0.05628,308390.0,2026-09-11 03:59:59.999000+00:00,1
2026-09-11 04:00:00+00:00,0.0563,0.05696,0.05622,0.0566,197292.0,2026-09-11 07:59:59.999000+00:00,1
2026-09-11 08:00:00+00:00,0.0566,0.05688,0.05568,0.05608,233365.0,2026-09-11 11:59:59.999000+00:00,1
2026-09-11 12:00:00+00:00,0.05605,0.05839,0.05569,0.05692,738113.0,2026-09-11 15:59:59.999000+00:00,1
2026-09-11 16:00:00+00:00,0.05686,0.05736,0.05588,0.05643,288828.0,2026-09-11 19:59:59.999000+00:00,1
2026-09-11 20:00:00+00:00,0.05643,0.05673,0.05588,0.0564,291535.0,2026-09-11 23:59:59.999000+00:00,1
2026-09-12 00:00:00+00:00,0.05638,0.05754,0.05611,0.05737,427111.0,2026-09-12 03:59:59.999000+00:00,1
2026-09-12 04:00:00+00:00,0.05737,0.05764,0.05704,0.05757,163880.0,2026-09-12 07:59:59.999000+00:00,1
2026-09-12 08:00:00+00:00,0.05757,0.05856,0.05751,0.05811,233316.0,2026-09-12 11:59:59.999000+00:00,1
2026-09-12 12:00:00+00:00,0.05811,0.05902,0.05798,0.05872,484325.0,2026-09-12 15:59:59.999000+00:00,1
2026-09-12 16:00:00+00:00,0.05875,0.05928,0.05817,0.05881,557299.0,2026-09-12 19:59:59.999000+00:00,1
2026-09-12 20:00:00+00:00,0.05882,0.06054,0.05879,0.06044,649970.0,2026-09-12 23:59:59.999000+00:00,1
2026-09-13 00:00:00+00:00,0.06044,0.0608,0.05935,0.0601,504877.0,2026-09-13 03:59:59.999000+00:00,1
2026-09-13 04:00:00+00:00,0.0601,0.06022,0.05856,0.05864,340353.0,2026-09-13 07:59:59.999000+00:00,1
2026-09-13 08:00:00+00:00,0.05865,0.05887,0.05791,0.05872,290515.0,2026-09-13 11:59:59.999000+00:00,1
2026-09-13 12:00:00+00:00,0.05873,0.05886,0.05757,0.05784,452724.0,2026-09-13 15:59:59.999000+00:00,1
2026-09-13 16:00:00+00:00,0.05784,0.05865,0.05778,0.05806,148588.0,2026-09-13 19:59:59.999000+00:00,1
2026-09-13 20:00:00+00:00,0.05804,0.0585,0.05691,0.05704,291864.0,2026-09-13 23:59:59.999000+00:00,1
2026-09-14 00:00:00+00:00,0.05702,0.05823,0.05701,0.05807,317781.0,2026-09-14 03:59:59.999000+00:00,1
2026-09-14 04:00:00+00:00,0.05808,0.05833,0.05763,0.05816,182672.0,2026-09-14 07:59:59.999000+00:00,1
2026-09-14 08:00:00+00:00,0.05819,0.05926,0.05786,0.05925,225351.0,2026-09-14 11:59:59.999000+00:00,1
2026-09-14 12:00:00+00:00,0.05926,0.06026,0.05827,0.0588,628827.0,2026-09-14 15:59:59.999000+00:00,1
2026-09-14 16:00:00+00:00,0.05878,0.05994,0.0585,0.05955,254415.0,2026-09-14 19:59:59.999000+00:00,1
2026-09-14 20:00:00+00:00,0.05953,0.06009,0.05901,0.05904,169172.0,2026-09-14 23:59:59.999000+00:00,1
2026-09-15 00:00:00+00:00,0.05904,0.05917,0.05792,0.05823,359271.0,2026-09-15 03:59:59.999000+00:00,1
2026-09-15 04:00:00+00:00,0.05823,0.0585,0.05635,0.05704,1156782.0,2026-09-15 07:59:59.999000+00:00,1
2026-09-15 08:00:00+00:00,0.05699,0.05776,0.05687,0.05731,327395.0,2026-09-15 11:59:59.999000+00:00,1
2026-09-15 12:00:00+00:00,0.05728,0.0581,0.05583,0.05684,684895.0,2026-09-15 15:59:59.999000+00:00,1
2026-09-15 16:00:00+00:00,0.05683,0.05736,0.05486,0.05587,675913.0,2026-09-15 19:59:59.999000+00:00,1
2026-09-15 20:00:00+00:00,0.05593,0.05599,0.05453,0.0553,407146.0,2026-09-15 23:59:59.999000+00:00,1
2026-09-16 00:00:00+00:00,0.0553,0.05575,0.05489,0.05545,313884.0,2026-09-16 03:59:59.999000+00:00,1
2026-09-16 04:00:00+00:00,0.05543,0.05589,0.05491,0.05497,228013.0,2026-09-16 07:59:59.999000+00:00,1
2026-09-16 08:00:00+00:00,0.05495,0.05597,0.05455,0.05593,335280.0,2026-09-16 11:59:59.999000+00:00,1
2026-09-16 12:00:00+00:00,0.05589,0.05591,0.05478,0.05502,273763.0,2026-09-16 15:59:59.999000+00:00,1
2026-09-16 16:00:00+00:00,0.05497,0.05631,0.05461,0.0559,675147.0,2026-09-16 19:59:59.999000+00:00,1
2026-09-16 20:00:00+00:00,0.05588,0.05689,0.05539,0.05628,316777.0,2026-09-16 23:59:59.999000+00:00,1
2026-09-17 00:00:00+00:00,0.0563,0.05896,0.05624,0.05868,616959.0,2026-09-17 03:59:59.999000+00:00,1
2026-09-17 04:00:00+00:00,0.0587,0.05894,0.05797,0.05812,415776.0,2026-09-17 07:59:59.999000+00:00,1
2026-09-17 08:00:00+00:00,0.05817,0.05849,0.05744,0.0577,272953.0,2026-09-17 11:59:59.999000+00:00,1
2026-09-17 12:00:00+00:00,0.0577,0.0595,0.0574,0.05813,802223.0,2026-09-17 15:59:59.999000+00:00,1
2026-09-17 16:00:00+00:00,0.05811,0.05831,0.05725,0.05763,323743.0,2026-09-17 19:59:59.999000+00:00,1
2026-09-17 20:00:00+00:00,0.0576,0.05802,0.05712,0.05794,160591.0,2026-09-17 23:59:59.999000+00:00,1
2026-09-18 00:00:00+00:00,0.05797,0.05909,0.05762,0.05874,426565.0,2026-09-18 03:59:59.999000+00:00,1
2026-09-18 04:00:00+00:00,0.05875,0.05918,0.0582,0.05861,433316.0,2026-09-18 07:59:59.999000+00:00,1
2026-09-18 08:00:00+00:00,0.05863,0.0598,0.05861,0.05924,613718.0,2026-09-18 11:59:59.999000+00:00,1
2026-09-18 12:00:00+00:00,0.05925,0.06012,0.05893,0.05924,654518.0,2026-09-18 15:59:59.999000+00:00,1
2026-09-18 16:00:00+00:00,0.05927,0.05995,0.05874,0.05971,396450.0,2026-09-18 19:59:59.999000+00:00,1
2026-09-18 20:00:00+00:00,0.05971,0.06015,0.05941,0.05984,304892.0,2026-09-18 23:59:59.999000+00:00,1
2026-09-19 00:00:00+00:00,0.05986,0.06047,0.05878,0.05956,520429.0,2026-09-19 03:59:59.999000+00:00,1
2026-09-19 04:00:00+00:00,0.05956,0.05962,0.05839,0.05889,338139.0,2026-09-19 07:59:59.999000+00:00,1
2026-09-19 08:00:00+00:00,0.05894,0.06001,0.05888,0.05996,166564.0,2026-09-19 11:59:59.999000+00:00,1
2026-09-19 12:00:00+00:00,0.05997,0.06019,0.05963,0.05992,297306.0,2026-09-19 15:59:59.999000+00:00,1
2026-09-19 16:00:00+00:00,0.05988,0.06045,0.05951,0.05965,285796.0,2026-09-19 19:59:59.999000+00:00,1
2026-09-19 20:00:00+00:00,0.05966,0.0598,0.05885,0.05957,321909.0,2026-09-19 23:59:59.999000+00:00,1
2026-09-20 00:00:00+00:00,0.05957,0.06005,0.0579,0.0585,753879.0,2026-09-20 03:59:59.999000+00:00,1
2026-09-20 04:00:00+00:00,0.0585,0.05897,0.05814,0.0582,261243.0,2026-09-20 07:59:59.999000+00:00,1
2026-09-20 08:00:00+00:00,0.0582,0.05836,0.05742,0.05801,466784.0,2026-09-20 11:59:59.999000+00:00,1
2026-09-20 12:00:00+00:00,0.05797,0.05874,0.05771,0.05874,500181.0,2026-09-20 15:59:59.999000+00:00,1
2026-09-20 16:00:00+00:00,0.0587,0.05948,0.05865,0.05902,471838.0,2026-09-20 19:59:59.999000+00:00,1
2026-09-20 20:00:00+00:00,0.05902,0.05981,0.05831,0.05959,409969.0,2026-09-20 23:59:59.999000+00:00,1
2026-09-21 00:00:00+00:00,0.05959,0.06288,0.05957,0.06285,1497072.0,2026-09-21 03:59:59.999000+00:00,1
2026-09-21 04:00:00+00:00,0.06284,0.06308,0.06124,0.0623,628282.0,2026-09-21 07:59:59.999000+00:00,1
2026-09-21 08:00:00+00:00,0.06229,0.06439,0.06223,0.0634,873499.0,2026-09-21 11:59:59.999000+00:00,1
2026-09-21 12:00:00+00:00,0.06344,0.06493,0.06286,0.06342,1264810.0,2026-09-21 15:59:59.999000+00:00,1
2026-09-21 16:00:00+00:00,0.06344,0.06406,0.06293,0.0639,471104.0,2026-09-21 19:59:59.999000+00:00,1
2026-09-21 20:00:00+00:00,0.06391,0.06677,0.06385,0.06609,1323341.0,2026-09-21 23:59:59.999000+00:00,1
2026-09-22 00:00:00+00:00,0.06609,0.06878,0.06523,0.06791,1963737.0,2026-09-22 03:59:59.999000+00:00,1
2026-09-22 04:00:00+00:00,0.06786,0.06906,0.06504,0.06543,1301764.0,2026-09-22 07:59:59.999000+00:00,1
2026-09-22 08:00:00+00:00,0.06546,0.06696,0.06465,0.06513,727985.0,2026-09-22 11:59:59.999000+00:00,1
2026-09-22 12:00:00+00:00,0.06513,0.06748,0.065,0.06653,929630.0,2026-09-22 15:59:59.999000+00:00,1
2026-09-22 16:00:00+00:00,0.06655,0.06782,0.06592,0.06723,758484.0,2026-09-22 19:59:59.999000+00:00,1
2026-09-22 20:00:00+00:00,0.06725,0.06756,0.06592,0.06686,406315.0,2026-09-22 23:59:59.999000+00:00,1
2026-09-23 00:00:00+00:00,0.06685,0.0692,0.06664,0.06889,479608.0,2026-09-23 03:59:59.999000+00:00,1
2026-09-23 04:00:00+00:00,0.06888,0.0689,0.0668,0.06696,692351.0,2026-09-23 07:59:59.999000+00:00,1
2026-09-23 08:00:00+00:00,0.06697,0.06749,0.06492,0.06535,736375.0,2026-09-23 11:59:59.999000+00:00,1
2026-09-23 12:00:00+00:00,0.06535,0.06595,0.06053,0.06114,1977551.0,2026-09-23 15:59:59.999000+00:00,1
2026-09-23 16:00:00+00:00,0.06114,0.06202,0.0604,0.0612,595018.0,2026-09-23 19:59:59.999000+00:00,1
2026-09-23 20:00:00+00:00,0.06123,0.062,0.06082,0.06127,382404.0,2026-09-23 23:59:59.999000+00:00,1
2026-09-24 00:00:00+00:00,0.0613,0.06237,0.06076,0.0613,548426.0,2026-09-24 03:59:59.999000+00:00,1
2026-09-24 04:00:00+00:00,0.0613,0.06325,0.06116,0.06246,522995.0,2026-09-24 07:59:59.999000+00:00,1
2026-09-24 08:00:00+00:00,0.06246,0.06256,0.06007,0.06076,759876.0,2026-09-24 11:59:59.999000+00:00,1
2026-09-24 12:00:00+00:00,0.06075,0.06318,0.06038,0.06263,1012465.0,2026-09-24 15:59:59.999000+00:00,1
2026-09-24 16:00:00+00:00,0.06263,0.06355,0.06195,0.06348,736910.0,2026-09-24 19:59:59.999000+00:00,1
2026-09-24 20:00:00+00:00,0.06349,0.06357,0.06196,0.06278,351406.0,2026-09-24 23:59:59.999000+00:00,1
2026-09-25 00:00:00+00:00,0.06279,0.06659,0.06271,0.06462,1295941.0,2026-09-25 03:59:59.999000+00:00,1
2026-09-25 04:00:00+00:00,0.06461,0.06518,0.0639,0.0645,390576.0,2026-09-25 07:59:59.999000+00:00,1
2026-09-25 08:00:00+00:00,0.06449,0.06619,0.06423,0.06566,422950.0,2026-09-25 11:59:59.999000+00:00,1
2026-09-25 12:00:00+00:00,0.06568,0.06635,0.06452,0.0657,1018189.0,2026-09-25 15:59:59.999000+00:00,1
2026-09-25 16:00:00+00:00,0.06571,0.06681,0.06524,0.06593,659221.0,2026-09-25 19:59:59.999000+00:00,1
2026-09-25 20:00:00+00:00,0.06593,0.06694,0.06492,0.06667,565017.0,2026-09-25 23:59:59.999000+00:00,1
2026-09-26 00:00:00+00:00,0.06667,0.06677,0.06557,0.06652,455874.0,2026-09-26 03:59:59.999000+00:00,1
2026-09-26 04:00:00+00:00,0.06649,0.06667,0.06497,0.06564,293829.0,2026-09-26 07:59:59.999000+00:00,1
2026-09-26 08:00:00+00:00,0.06563,0.06613,0.06524,0.06543,307877.0,2026-09-26 11:59:59.999000+00:00,1
2026-09-26 12:00:00+00:00,0.06544,0.06604,0.06499,0.066,211440.0,2026-09-26 15:59:59.999000+00:00,1
2026-09-26 16:00:00+00:00,0.06604,0.06634,0.06537,0.06618,470165.0,2026-09-26 19:59:59.999000+00:00,1
2026-09-26 20:00:00+00:00,0.06613,0.06851,0.06469,0.06816,799138.0,2026-09-26 23:59:59.999000+00:00,1
2026-09-27 00:00:00+00:00,0.06817,0.06845,0.06612,0.06633,909297.0,2026-09-27 03:59:59.999000+00:00,1
2026-09-27 04:00:00+00:00,0.06632,0.06782,0.06596,0.06772,360319.0,2026-09-27 07:59:59.999000+00:00,1
2026-09-27 08:00:00+00:00,0.06774,0.06954,0.06759,0.06801,699361.0,2026-09-27 11:59:59.999000+00:00,1
2026-09-27 12:00:00+00:00,0.06801,0.06859,0.06667,0.06699,629808.0,2026-09-27 15:59:59.999000+00:00,1
2026-09-27 16:00:00+00:00,0.06701,0.06767,0.0669,0.06705,245789.0,2026-09-27 19:59:59.999000+00:00,1
2026-09-27 20:00:00+00:00,0.06704,0.06782,0.06553,0.06689,623516.0,2026-09-27 23:59:59.999000+00:00,1
2026-09-28 00:00:00+00:00,0.06691,0.06714,0.06411,0.0642,810286.0,2026-09-28 03:59:59.999000+00:00,1
2026-09-28 04:00:00+00:00,0.06422,0.06514,0.06349,0.06372,732076.0,2026-09-28 07:59:59.999000+00:00,1
2026-09-28 08:00:00+00:00,0.06372,0.06506,0.06321,0.06498,727650.0,2026-09-28 11:59:59.999000+00:00,1
2026-09-28 12:00:00+00:00,0.06498,0.07012,0.06496,0.06808,3922413.0,2026-09-28 15:59:59.999000+00:00,1
2026-09-28 16:00:00+00:00,0.06813,0.06982,0.06734,0.06847,1383421.0,2026-09-28 19:59:59.999000+00:00,1
2026-09-28 20:00:00+00:00,0.06848,0.07043,0.06833,0.06969,673718.0,2026-09-28 23:59:59.999000+00:00,1
2026-09-29 00:00:00+00:00,0.06967,0.06996,0.06646,0.06791,1338617.0,2026-09-29 03:59:59.999000+00:00,1
2026-09-29 04:00:00+00:00,0.06791,0.06992,0.06778,0.06897,781886.0,2026-09-29 07:59:59.999000+00:00,1
2026-09-29 08:00:00+00:00,0.06897,0.07297,0.06893,0.07183,1167678.0,2026-09-29 11:59:59.999000+00:00,1
2026-09-29 12:00:00+00:00,0.07181,0.07186,0.06909,0.06964,1224195.0,2026-09-29 15:59:59.999000+00:00,1
2026-09-29 16:00:00+00:00,0.06965,0.07009,0.0678,0.06871,643635.0,2026-09-29 19:59:59.999000+00:00,1
2026-09-29 20:00:00+00:00,0.06874,0.0693,0.06794,0.068,428748.0,2026-09-29 23:59:59.999000+00:00,1
2026-09-30 00:00:00+00:00,0.06805,0.06824,0.06686,0.06712,448324.0,2026-09-30 03:59:59.999000+00:00,1
2026-09-30 04:00:00+00:00,0.06712,0.06789,0.06629,0.06707,889666.0,2026-09-30 07:59:59.999000+00:00,1
2026-09-30 08:00:00+00:00,0.06706,0.06804,0.06659,0.06694,554931.0,2026-09-30 11:59:59.999000+00:00,1
2026-09-30 12:00:00+00:00,0.06691,0.06908,0.06601,0.06674,1286999.0,2026-09-30 15:59:59.999000+00:00,1
2026-09-30 16:00:00+00:00,0.06673,0.06794,0.06635,0.06654,746369.0,2026-09-30 19:59:59.999000+00:00,1
2026-09-30 20:00:00+00:00,0.0665,0.06715,0.0662,0.06682,425085.0,2026-09-30 23:59:59.999000+00:00,1
2026-10-01 00:00:00+00:00,0.06682,0.06838,0.06667,0.06828,499537.0,2026-10-01 03:59:59.999000+00:00,1
2026-10-01 04:00:00+00:00,0.06827,0.06942,0.06765,0.06821,605532.0,2026-10-01 07:59:59.999000+00:00,1
2026-10-01 08:00:00+00:00,0.06821,0.07094,0.06794,0.06975,1169088.0,2026-10-01 11:59:59.999000+00:00,1
2026-10-01 12:00:00+00:00,0.06974,0.06995,0.06787,0.06829,857484.0,2026-10-01 15:59:59.999000+00:00,1
2026-10-01 16:00:00+00:00,0.06831,0.0695,0.06776,0.06812,657305.0,2026-10-01 19:59:59.999000+00:00,1
2026-10-01 20:00:00+00:00,0.06813,0.0688,0.06792,0.06853,359378.0,2026-10-01 23:59:59.999000+00:00,1
2026-10-02 00:00:00+00:00,0.06856,0.06968,0.06734,0.06884,724916.0,2026-10-02 03:59:59.999000+00:00,1
2026-10-02 04:00:00+00:00,0.06884,0.06966,0.0682,0.06869,444181.0,2026-10-02 07:59:59.999000+00:00,1
2026-10-02 08:00:00+00:00,0.06866,0.06967,0.06857,0.06907,399304.0,2026-10-02 11:59:59.999000+00:00,1
2026-10-02 12:00:00+00:00,0.06907,0.0701,0.06848,0.06865,573100.0,2026-10-02 15:59:59.999000+00:00,1
2026-10-02 16:00:00+00:00,0.06865,0.06899,0.06473,0.06581,1386332.0,2026-10-02 19:59:59.999000+00:00,1
2026-10-02 20:00:00+00:00,0.06581,0.0668,0.06541,0.06679,763540.0,2026-10-02 23:59:59.999000+00:00,1
2026-10-03 00:00:00+00:00,0.0668,0.0668,0.06554,0.0657,358333.0,2026-10-03 03:59:59.999000+00:00,1
2026-10-03 04:00:00+00:00,0.06571,0.06627,0.06545,0.06596,223942.0,2026-10-03 07:59:59.999000+00:00,1
2026-10-03 08:00:00+00:00,0.06595,0.06639,0.06561,0.06587,178312.0,2026-10-03 11:59:59.999000+00:00,1
2026-10-03 12:00:00+00:00,0.06587,0.06617,0.06535,0.06579,290538.0,2026-10-03 15:59:59.999000+00:00,1
2026-10-03 16:00:00+00:00,0.0658,0.0662,0.06534,0.06595,206553.0,2026-10-03 19:59:59.999000+00:00,1
2026-10-03 20:00:00+00:00,0.06596,0.06647,0.06593,0.06642,95818.0,2026-10-03 23:59:59.999000+00:00,1
2026-10-04 00:00:00+00:00,0.06642,0.06708,0.06581,0.06691,240028.0,2026-10-04 03:59:59.999000+00:00,1
2026-10-04 04:00:00+00:00,0.06693,0.06756,0.0666,0.06751,393228.0,2026-10-04 07:59:59.999000+00:00,1
2026-10-04 08:00:00+00:00,0.06753,0.06912,0.06736,0.06833,835553.0,2026-10-04 11:59:59.999000+00:00,1
2026-10-04 12:00:00+00:00,0.06834,0.06867,0.068,0.06836,577645.0,2026-10-04 15:59:59.999000+00:00,1
2026-10-04 16:00:00+00:00,0.06835,0.06845,0.06744,0.06776,383354.0,2026-10-04 19:59:59.999000+00:00,1
2026-10-04 20:00:00+00:00,0.06773,0.06913,0.06769,0.06899,449196.0,2026-10-04 23:59:59.999000+00:00,1
2026-10-05 00:00:00+00:00,0.06899,0.06945,0.06839,0.06855,508186.0,2026-10-05 03:59:59.999000+00:00,1
2026-10-05 04:00:00+00:00,0.06856,0.06987,0.0678,0.0697,285309.0,2026-10-05 07:59:59.999000+00:00,1
2026-10-05 08:00:00+00:00,0.06968,0.07004,0.0688,0.06928,254175.0,2026-10-05 11:59:59.999000+00:00,1
2026-10-05 12:00:00+00:00,0.06927,0.06971,0.06804,0.06828,342463.0,2026-10-05 15:59:59.999000+00:00,1
2026-10-05 16:00:00+00:00,0.06829,0.06883,0.0675,0.0686,257737.0,2026-10-05 19:59:59.999000+00:00,1
2026-10-05 20:00:00+00:00,0.06859,0.06939,0.06859,0.06916,192182.0,2026-10-05 23:59:59.999000+00:00,1
2026-10-06 00:00:00+00:00,0.06918,0.06963,0.06715,0.06745,349758.0,2026-10-06 03:59:59.999000+00:00,1
2026-10-06 04:00:00+00:00,0.06746,0.06806,0.06717,0.0678,187596.0,2026-10-06 07:59:59.999000+00:00,1
2026-10-06 08:00:00+00:00,0.0678,0.06859,0.06751,0.06807,153214.0,2026-10-06 11:59:59.999000+00:00,1
2026-10-06 12:00:00+00:00,0.06803,0.06826,0.06723,0.06739,256736.0,2026-10-06 15:59:59.999000+00:00,1
2026-10-06 16:00:00+00:00,0.06737,0.06774,0.06607,0.06618,270050.0,2026-10-06 19:59:59.999000+00:00,1
2026-10-06 20:00:00+00:00,0.06619,0.06684,0.06612,0.06645,209364.0,2026-10-06 23:59:59.999000+00:00,1
2026-10-07 00:00:00+00:00,0.06647,0.06666,0.06352,0.064,832207.0,2026-10-07 03:59:59.999000+00:00,1
2026-10-07 04:00:00+00:00,0.06402,0.065,0.06368,0.06451,290414.0,2026-10-07 07:59:59.999000+00:00,1
2026-10-07 08:00:00+00:00,0.06449,0.06475,0.06288,0.06314,343786.0,2026-10-07 11:59:59.999000+00:00,1
2026-10-07 12:00:00+00:00,0.06312,0.06327,0.06175,0.06292,394912.0,2026-10-07 15:59:59.999000+00:00,1
2026-10-07 16:00:00+00:00,0.06293,0.0637,0.06253,0.06278,273202.0,2026-10-07 19:59:59.999000+00:00,1
2026-10-07 20:00:00+00:00,0.06278,0.06326,0.0627,0.06313,117393.0,2026-10-07 23:59:59.999000+00:00,1
2026-10-08 00:00:00+00:00,0.06313,0.06334,0.06227,0.06235,289687.0,2026-10-08 03:59:59.999000+00:00,1
2026-10-08 04:00:00+00:00,0.06233,0.06363,0.0614,0.06295,556360.0,2026-10-08 07:59:59.999000+00:00,1
2026-10-08 08:00:00+00:00,0.06295,0.06352,0.06204,0.06225,240694.0,2026-10-08 11:59:59.999000+00:00,1
2026-10-08 12:00:00+00:00,0.06223,0.06296,0.05889,0.05907,1018550.0,2026-10-08 15:59:59.999000+00:00,1
2026-10-08 16:00:00+00:00,0.05907,0.06006,0.05793,0.05988,1418993.0,2026-10-08 19:59:59.999000+00:00,1
2026-10-08 20:00:00+00:00,0.0599,0.0607,0.0599,0.06025,238954.0,2026-10-08 23:59:59.999000+00:00,1
2026-10-09 00:00:00+00:00,0.06026,0.06077,0.05973,0.06041,408010.0,2026-10-09 03:59:59.999000+00:00,1
2026-10-09 04:00:00+00:00,0.0604,0.0616,0.06035,0.06127,411509.0,2026-10-09 07:59:59.999000+00:00,1
2026-10-09 08:00:00+00:00,0.06126,0.06192,0.06054,0.06158,317618.0,2026-10-09 11:59:59.999000+00:00,1
2026-10-09 12:00:00+00:00,0.06155,0.06169,0.06138,0.06144,28206.0,2026-10-09 15:59:59.999000+00:00,0
