ts,open,high,low,close,volume,close_time,confirm
2026-03-22 08:00:00+00:00,5.994,6.017,5.929,5.931,310653.0,2026-03-22 11:59:59.999000+00:00,1
2026-03-22 12:00:00+00:00,5.931,6.0,5.93,5.968,170477.0,2026-03-22 15:59:59.999000+00:00,1
2026-03-22 16:00:00+00:00,5.967,5.968,5.857,5.881,416241.0,2026-03-22 19:59:59.999000+00:00,1
2026-03-22 20:00:00+00:00,5.882,5.907,5.773,5.852,385485.0,2026-03-22 23:59:59.999000+00:00,1
2026-03-23 00:00:00+00:00,5.852,5.958,5.826,5.904,257005.0,2026-03-23 03:59:59.999000+00:00,1
2026-03-23 04:00:00+00:00,5.903,5.968,5.799,5.84,321100.0,2026-03-23 07:59:59.999000+00:00,1
2026-03-23 08:00:00+00:00,5.84,6.183,5.779,6.046,1282830.0,2026-03-23 11:59:59.999000+00:00,1
2026-03-23 12:00:00+00:00,6.048,6.199,6.003,6.071,684780.0,2026-03-23 15:59:59.999000+00:00,1
2026-03-23 16:00:00+00:00,6.073,6.201,6.05,6.145,371379.0,2026-03-23 19:59:59.999000+00:00,1
2026-03-23 20:00:00+00:00,6.146,6.196,6.109,6.153,278419.0,2026-03-23 23:59:59.999000+00:00,1
2026-03-24 00:00:00+00:00,6.151,6.169,6.063,6.114,238194.0,2026-03-24 03:59:59.999000+00:00,1
2026-03-24 04:00:00+00:00,6.115,6.183,6.064,6.172,248652.0,2026-03-24 07:59:59.999000+00:00,1
2026-03-24 08:00:00+00:00,6.175,6.178,6.085,6.103,387077.0,2026-03-24 11:59:59.999000+00:00,1
2026-03-24 12:00:00+00:00,6.104,6.112,6.02,6.052,424526.0,2026-03-24 15:59:59.999000+00:00,1
2026-03-24 16:00:00+00:00,6.051,6.077,5.966,5.976,387850.0,2026-03-24 19:59:59.999000+00:00,1
2026-03-24 20:00:00+00:00,5.977,6.119,5.97,6.104,300711.0,2026-03-24 23:59:59.999000+00:00,1
2026-03-25 00:00:00+00:00,6.106,6.151,6.072,6.145,401179.0,2026-03-25 03:59:59.999000+00:00,1
2026-03-25 04:00:00+00:00,6.143,6.178,6.116,6.129,270574.0,2026-03-25 07:59:59.999000+00:00,1
2026-03-25 08:00:00+00:00,6.131,6.222,6.131,6.164,624460.0,2026-03-25 11:59:59.999000+00:00,1
2026-03-25 12:00:00+00:00,6.164,6.186,6.062,6.105,352445.0,2026-03-25 15:59:59.999000+00:00,1
2026-03-25 16:00:00+00:00,6.104,6.158,6.091,6.118,364774.0,2026-03-25 19:59:59.999000+00:00,1
2026-03-25 20:00:00+00:00,6.122,6.153,6.069,6.114,310393.0,2026-03-25 23:59:59.999000+00:00,1
2026-03-26 00:00:00+00:00,6.114,6.117,5.997,6.024,304007.0,2026-03-26 03:59:59.999000+00:00,1
2026-03-26 04:00:00+00:00,6.025,6.025,5.923,5.948,585608.0,2026-03-26 07:59:59.999000+00:00,1
2026-03-26 08:00:00+00:00,5.949,5.952,5.836,5.843,397254.0,2026-03-26 11:59:59.999000+00:00,1
2026-03-26 12:00:00+00:00,5.844,5.929,5.823,5.852,287170.0,2026-03-26 15:59:59.999000+00:00,1
2026-03-26 16:00:00+00:00,5.851,5.871,5.789,5.798,238855.0,2026-03-26 19:59:59.999000+00:00,1
2026-03-26 20:00:00+00:00,5.799,5.903,5.785,5.849,410116.0,2026-03-26 23:59:59.999000+00:00,1
2026-03-27 00:00:00+00:00,5.849,5.87,5.817,5.821,144307.0,2026-03-27 03:59:59.999000+00:00,1
2026-03-27 04:00:00+00:00,5.826,5.848,5.785,5.841,332555.0,2026-03-27 07:59:59.999000+00:00,1
2026-03-27 08:00:00+00:00,5.843,5.851,5.592,5.63,791600.0,2026-03-27 11:59:59.999000+00:00,1
2026-03-27 12:00:00+00:00,5.63,5.701,5.583,5.637,327082.0,2026-03-27 15:59:59.999000+00:00,1
2026-03-27 16:00:00+00:00,5.638,5.685,5.615,5.657,195231.0,2026-03-27 19:59:59.999000+00:00,1
2026-03-27 20:00:00+00:00,5.658,5.675,5.619,5.65,111188.0,2026-03-27 23:59:59.999000+00:00,1
2026-03-28 00:00:00+00:00,5.649,5.65,5.564,5.583,195720.0,2026-03-28 03:59:59.999000+00:00,1
2026-03-28 04:00:00+00:00,5.584,5.673,5.573,5.673,169124.0,2026-03-28 07:59:59.999000+00:00,1
2026-03-28 08:00:00+00:00,5.674,5.685,5.63,5.663,168303.0,2026-03-28 11:59:59.999000+00:00,1
2026-03-28 12:00:00+00:00,5.662,5.765,5.648,5.717,429431.0,2026-03-28 15:59:59.999000+00:00,1
2026-03-28 16:00:00+00:00,5.719,5.743,5.695,5.714,84326.0,2026-03-28 19:59:59.999000+00:00,1
2026-03-28 20:00:00+00:00,5.714,5.732,5.6,5.613,188777.0,2026-03-28 23:59:59.999000+00:00,1
2026-03-29 00:00:00+00:00,5.613,5.661,5.588,5.639,167705.0,2026-03-29 03:59:59.999000+00:00,1
2026-03-29 04:00:00+00:00,5.64,5.647,5.603,5.607,159913.0,2026-03-29 07:59:59.999000+00:00,1
2026-03-29 08:00:00+00:00,5.608,5.615,5.553,5.581,289095.0,2026-03-29 11:59:59.999000+00:00,1
2026-03-29 12:00:00+00:00,5.581,5.588,5.522,5.55,431812.0,2026-03-29 15:59:59.999000+00:00,1
2026-03-29 16:00:00+00:00,5.55,5.568,5.507,5.538,202836.0,2026-03-29 19:59:59.999000+00:00,1
2026-03-29 20:00:00+00:00,5.535,5.594,5.383,5.517,432061.0,2026-03-29 23:59:59.999000+00:00,1
2026-03-30 00:00:00+00:00,5.517,5.676,5.509,5.654,340032.0,2026-03-30 03:59:59.999000+00:00,1
2026-03-30 04:00:00+00:00,5.654,5.723,5.654,5.72,326784.0,2026-03-30 07:59:59.999000+00:00,1
2026-03-30 08:00:00+00:00,5.72,5.766,5.664,5.69,483229.0,2026-03-30 11:59:59.999000+00:00,1
2026-03-30 12:00:00+00:00,5.693,5.713,5.617,5.634,235995.0,2026-03-30 15:59:59.999000+00:00,1
2026-03-30 16:00:00+00:00,5.634,5.647,5.502,5.539,225544.0,2026-03-30 19:59:59.999000+00:00,1
2026-03-30 20:00:00+00:00,5.537,5.582,5.505,5.527,165242.0,2026-03-30 23:59:59.999000+00:00,1
2026-03-31 00:00:00+00:00,5.53,5.674,5.526,5.612,249758.0,2026-03-31 03:59:59.999000+00:00,1
2026-03-31 04:00:00+00:00,5.613,5.628,5.562,5.599,144150.0,2026-03-31 07:59:59.999000+00:00,1
2026-03-31 08:00:00+00:00,5.6,5.601,5.458,5.515,445813.0,2026-03-31 11:59:59.999000+00:00,1
2026-03-31 12:00:00+00:00,5.515,5.628,5.51,5.556,246670.0,2026-03-31 15:59:59.999000+00:00,1
2026-03-31 16:00:00+00:00,5.556,5.706,5.544,5.666,368465.0,2026-03-31 19:59:59.999000+00:00,1
2026-03-31 20:00:00+00:00,5.665,5.699,5.643,5.674,129477.0,2026-03-31 23:59:59.999000+00:00,1
2026-04-01 00:00:00+00:00,5.673,5.699,5.626,5.67,352575.0,2026-04-01 03:59:59.999000+00:00,1
2026-04-01 04:00:00+00:00,5.668,5.819,5.66,5.767,320891.0,2026-04-01 07:59:59.999000+00:00,1
2026-04-01 08:00:00+00:00,5.768,5.808,5.731,5.758,366158.0,2026-04-01 11:59:59.999000+00:00,1
2026-04-01 12:00:00+00:00,5.758,5.817,5.722,5.795,623833.0,2026-04-01 15:59:59.999000+00:00,1
2026-04-01 16:00:00+00:00,5.797,5.845,5.746,5.762,242215.0,2026-04-01 19:59:59.999000+00:00,1
2026-04-01 20:00:00+00:00,5.761,5.778,5.704,5.719,187449.0,2026-04-01 23:59:59.999000+00:00,1
2026-04-02 00:00:00+00:00,5.718,5.775,5.476,5.499,681881.0,2026-04-02 03:59:59.999000+00:00,1
2026-04-02 04:00:00+00:00,5.498,5.554,5.446,5.549,427560.0,2026-04-02 07:59:59.999000+00:00,1
2026-04-02 08:00:00+00:00,5.55,5.55,5.461,5.482,297033.0,2026-04-02 11:59:59.999000+00:00,1
2026-04-02 12:00:00+00:00,5.483,5.544,5.419,5.5,410227.0,2026-04-02 15:59:59.999000+00:00,1
2026-04-02 16:00:00+00:00,5.5,5.56,5.47,5.497,299325.0,2026-04-02 19:59:59.999000+00:00,1
2026-04-02 20:00:00+00:00,5.498,5.521,5.475,5.513,188749.0,2026-04-02 23:59:59.999000+00:00,1
2026-04-03 00:00:00+00:00,5.513,5.567,5.499,5.565,247520.0,2026-04-03 03:59:59.999000+00:00,1
2026-04-03 04:00:00+00:00,5.56,5.642,5.551,5.613,220662.0,2026-04-03 07:59:59.999000+00:00,1
2026-04-03 08:00:00+00:00,5.614,5.632,5.581,5.619,223857.0,2026-04-03 11:59:59.999000+00:00,1
2026-04-03 12:00:00+00:00,5.618,5.665,5.552,5.557,346722.0,2026-04-03 15:59:59.999000+00:00,1
2026-04-03 16:00:00+00:00,5.557,5.579,5.501,5.523,301567.0,2026-04-03 19:59:59.999000+00:00,1
2026-04-03 20:00:00+00:00,5.524,5.542,5.498,5.515,132047.0,2026-04-03 23:59:59.999000+00:00,1
2026-04-04 00:00:00+00:00,5.517,5.555,5.502,5.549,296756.0,2026-04-04 03:59:59.999000+00:00,1
2026-04-04 04:00:00+00:00,5.547,5.565,5.533,5.549,230164.0,2026-04-04 07:59:59.999000+00:00,1
2026-04-04 08:00:00+00:00,5.548,5.598,5.528,5.584,203106.0,2026-04-04 11:59:59.999000+00:00,1
2026-04-04 12:00:00+00:00,5.585,5.626,5.556,5.599,182546.0,2026-04-04 15:59:59.999000+00:00,1
2026-04-04 16:00:00+00:00,5.598,5.742,5.584,5.698,1097175.0,2026-04-04 19:59:59.999000+00:00,1
2026-04-04 20:00:00+00:00,5.7,5.71,5.641,5.669,215977.0,2026-04-04 23:59:59.999000+00:00,1
2026-04-05 00:00:00+00:00,5.67,5.674,5.6,5.603,124290.0,2026-04-05 03:59:59.999000+00:00,1
2026-04-05 04:00:00+00:00,5.602,5.608,5.518,5.53,329918.0,2026-04-05 07:59:59.999000+00:00,1
2026-04-05 08:00:00+00:00,5.528,5.557,5.519,5.55,393903.0,2026-04-05 11:59:59.999000+00:00,1
2026-04-05 12:00:00+00:00,5.55,5.575,5.453,5.519,820428.0,2026-04-05 15:59:59.999000+00:00,1
2026-04-05 16:00:00+00:00,5.519,5.536,5.5,5.518,228698.0,2026-04-05 19:59:59.999000+00:00,1
2026-04-05 20:00:00+00:00,5.52,5.689,5.51,5.677,579411.0,2026-04-05 23:59:59.999000+00:00,1
2026-04-06 00:00:00+00:00,5.68,5.785,5.672,5.741,1403750.0,2026-04-06 03:59:59.999000+00:00,1
2026-04-06 04:00:00+00:00,5.742,5.762,5.712,5.744,306163.0,2026-04-06 07:59:59.999000+00:00,1
2026-04-06 08:00:00+00:00,5.745,5.863,5.741,5.817,631333.0,2026-04-06 11:59:59.999000+00:00,1
2026-04-06 12:00:00+00:00,5.82,5.835,5.755,5.814,438958.0,2026-04-06 15:59:59.999000+00:00,1
2026-04-06 16:00:00+00:00,5.812,5.813,5.726,5.737,319531.0,2026-04-06 19:59:59.999000+00:00,1
2026-04-06 20:00:00+00:00,5.738,5.767,5.575,5.608,397460.0,2026-04-06 23:59:59.999000+00:00,1
2026-04-07 00:00:00+00:00,5.607,5.632,5.547,5.617,370743.0,2026-04-07 03:59:59.999000+00:00,1
2026-04-07 04:00:00+00:00,5.615,5.629,5.558,5.597,245495.0,2026-04-07 07:59:59.999000+00:00,1
2026-04-07 08:00:00+00:00,5.592,5.658,5.52,5.533,411812.0,2026-04-07 11:59:59.999000+00:00,1
2026-04-07 12:00:00+00:00,5.53,5.542,5.451,5.509,1554033.0,2026-04-07 15:59:59.999000+00:00,1
2026-04-07 16:00:00+00:00,5.507,5.622,5.503,5.617,432305.0,2026-04-07 19:59:59.999000+00:00,1
2026-04-07 20:00:00+00:00,5.618,6.05,5.618,5.976,2827157.0,2026-04-07 23:59:59.999000+00:00,1
2026-04-08 00:00:00+00:00,5.977,6.008,5.888,5.903,620520.0,2026-04-08 03:59:59.999000+00:00,1
2026-04-08 04:00:00+00:00,5.905,5.961,5.905,5.938,322329.0,2026-04-08 07:59:59.999000+00:00,1
2026-04-08 08:00:00+00:00,5.94,5.95,5.843,5.869,207828.0,2026-04-08 11:59:59.999000+00:00,1
2026-04-08 12:00:00+00:00,5.87,5.92,5.741,5.788,650058.0,2026-04-08 15:59:59.999000+00:00,1
2026-04-08 16:00:00+00:00,5.788,5.826,5.725,5.755,325131.0,2026-04-08 19:59:59.999000+00:00,1
2026-04-08 20:00:00+00:00,5.756,5.788,5.682,5.704,318906.0,2026-04-08 23:59:59.999000+00:00,1
2026-04-09 00:00:00+00:00,5.703,5.712,5.62,5.696,498321.0,2026-04-09 03:59:59.999000+00:00,1
2026-04-09 04:00:00+00:00,5.692,5.759,5.687,5.737,149894.0,2026-04-09 07:59:59.999000+00:00,1
2026-04-09 08:00:00+00:00,5.738,5.772,5.715,5.715,360390.0,2026-04-09 11:59:59.999000+00:00,1
2026-04-09 12:00:00+00:00,5.714,5.815,5.668,5.787,540334.0,2026-04-09 15:59:59.999000+00:00,1
2026-04-09 16:00:00+00:00,5.792,5.828,5.752,5.8,425833.0,2026-04-09 19:59:59.999000+00:00,1
2026-04-09 20:00:00+00:00,5.802,5.916,5.751,5.764,553979.0,2026-04-09 23:59:59.999000+00:00,1
2026-04-10 00:00:00+00:00,5.764,5.801,5.718,5.743,356687.0,2026-04-10 03:59:59.999000+00:00,1
2026-04-10 04:00:00+00:00,5.744,5.855,5.743,5.755,359841.0,2026-04-10 07:59:59.999000+00:00,1
2026-04-10 08:00:00+00:00,5.759,5.823,5.75,5.797,348695.0,2026-04-10 11:59:59.999000+00:00,1
2026-04-10 12:00:00+00:00,5.794,5.938,5.791,5.834,507656.0,2026-04-10 15:59:59.999000+00:00,1
2026-04-10 16:00:00+00:00,5.84,5.908,5.834,5.906,153507.0,2026-04-10 19:59:59.999000+00:00,1
2026-04-10 20:00:00+00:00,5.905,5.915,5.829,5.852,220216.0,2026-04-10 23:59:59.999000+00:00,1
2026-04-11 00:00:00+00:00,5.852,5.855,5.773,5.777,139806.0,2026-04-11 03:59:59.999000+00:00,1
2026-04-11 04:00:00+00:00,5.779,5.802,5.74,5.786,157448.0,2026-04-11 07:59:59.999000+00:00,1
2026-04-11 08:00:00+00:00,5.787,5.818,5.778,5.788,304402.0,2026-04-11 11:59:59.999000+00:00,1
2026-04-11 12:00:00+00:00,5.789,5.807,5.733,5.797,149648.0,2026-04-11 15:59:59.999000+00:00,1
2026-04-11 16:00:00+00:00,5.797,5.934,5.787,5.917,405177.0,2026-04-11 19:59:59.999000+00:00,1
2026-04-11 20:00:00+00:00,5.918,5.92,5.794,5.819,250504.0,2026-04-11 23:59:59.999000+00:00,1
2026-04-12 00:00:00+00:00,5.821,5.846,5.583,5.611,2534480.0,2026-04-12 03:59:59.999000+00:00,1
2026-04-12 04:00:00+00:00,5.61,5.635,5.591,5.614,351042.0,2026-04-12 07:59:59.999000+00:00,1
2026-04-12 08:00:00+00:00,5.613,5.631,5.565,5.602,558135.0,2026-04-12 11:59:59.999000+00:00,1
2026-04-12 12:00:00+00:00,5.602,5.632,5.535,5.552,276946.0,2026-04-12 15:59:59.999000+00:00,1
2026-04-12 16:00:00+00:00,5.55,5.623,5.541,5.597,217515.0,2026-04-12 19:59:59.999000+00:00,1
2026-04-12 20:00:00+00:00,5.592,5.62,5.528,5.542,207513.0,2026-04-12 23:59:59.999000+00:00,1
2026-04-13 00:00:00+00:00,5.545,5.605,5.53,5.586,245202.0,2026-04-13 03:59:59.999000+00:00,1
2026-04-13 04:00:00+00:00,5.586,5.627,5.557,5.557,157165.0,2026-04-13 07:59:59.999000+00:00,1
2026-04-13 08:00:00+00:00,5.556,5.579,5.54,5.566,230538.0,2026-04-13 11:59:59.999000+00:00,1
2026-04-13 12:00:00+00:00,5.565,5.67,5.543,5.594,645074.0,2026-04-13 15:59:59.999000+00:00,1
2026-04-13 16:00:00+00:00,5.594,5.773,5.572,5.766,2513446.0,2026-04-13 19:59:59.999000+00:00,1
2026-04-13 20:00:00+00:00,5.766,5.979,5.695,5.946,1168856.0,2026-04-13 23:59:59.999000+00:00,1
2026-04-14 00:00:00+00:00,5.946,5.968,5.841,5.865,530234.0,2026-04-14 03:59:59.999000+00:00,1
2026-04-14 04:00:00+00:00,5.865,5.902,5.827,5.861,382255.0,2026-04-14 07:59:59.999000+00:00,1
2026-04-14 08:00:00+00:00,5.861,5.905,5.829,5.845,373974.0,2026-04-14 11:59:59.999000+00:00,1
2026-04-14 12:00:00+00:00,5.844,5.956,5.809,5.833,894689.0,2026-04-14 15:59:59.999000+00:00,1
2026-04-14 16:00:00+00:00,5.833,5.864,5.689,5.737,502943.0,2026-04-14 19:59:59.999000+00:00,1
2026-04-14 20:00:00+00:00,5.739,5.778,5.718,5.759,167853.0,2026-04-14 23:59:59.999000+00:00,1
2026-04-15 00:00:00+00:00,5.761,5.82,5.734,5.777,648833.0,2026-04-15 03:59:59.999000+00:00,1
2026-04-15 04:00:00+00:00,5.778,5.828,5.741,5.753,534675.0,2026-04-15 07:59:59.999000+00:00,1
2026-04-15 08:00:00+00:00,5.755,5.844,5.749,5.821,404746.0,2026-04-15 11:59:59.999000+00:00,1
2026-04-15 12:00:00+00:00,5.819,5.913,5.804,5.863,436050.0,2026-04-15 15:59:59.999000+00:00,1
2026-04-15 16:00:00+00:00,5.864,5.958,5.849,5.929,570445.0,2026-04-15 19:59:59.999000+00:00,1
2026-04-15 20:00:00+00:00,5.93,5.96,5.867,5.897,372892.0,2026-04-15 23:59:59.999000+00:00,1
2026-04-16 00:00:00+00:00,5.898,5.997,5.877,5.988,483945.0,2026-04-16 03:59:59.999000+00:00,1
2026-04-16 04:00:00+00:00,5.989,6.042,5.936,6.009,805529.0,2026-04-16 07:59:59.999000+00:00,1
2026-04-16 08:00:00+00:00,6.011,6.011,5.935,5.971,442506.0,2026-04-16 11:59:59.999000+00:00,1
2026-04-16 12:00:00+00:00,5.97,6.123,5.889,6.083,1240204.0,2026-04-16 15:59:59.999000+00:00,1
2026-04-16 16:00:00+00:00,6.084,6.262,5.994,6.255,841041.0,2026-04-16 19:59:59.999000+00:00,1
2026-04-16 20:00:00+00:00,6.254,6.277,6.156,6.228,791896.0,2026-04-16 23:59:59.999000+00:00,1
2026-04-17 00:00:00+00:00,6.225,6.236,6.116,6.129,372420.0,2026-04-17 03:59:59.999000+00:00,1
2026-04-17 04:00:00+00:00,6.129,6.188,6.06,6.188,245205.0,2026-04-17 07:59:59.999000+00:00,1
2026-04-17 08:00:00+00:00,6.189,6.232,6.107,6.179,477451.0,2026-04-17 11:59:59.999000+00:00,1
2026-04-17 12:00:00+00:00,6.179,6.429,6.162,6.344,1205279.0,2026-04-17 15:59:59.999000+00:00,1
2026-04-17 16:00:00+00:00,6.345,6.471,6.309,6.366,665342.0,2026-04-17 19:59:59.999000+00:00,1
2026-04-17 20:00:00+00:00,6.367,6.386,6.234,6.258,462403.0,2026-04-17 23:59:59.999000+00:00,1
2026-04-18 00:00:00+00:00,6.256,6.286,6.196,6.204,474493.0,2026-04-18 03:59:59.999000+00:00,1
2026-04-18 04:00:00+00:00,6.204,6.322,6.19,6.301,214087.0,2026-04-18 07:59:59.999000+00:00,1
2026-04-18 08:00:00+00:00,6.303,6.315,6.036,6.089,794395.0,2026-04-18 11:59:59.999000+00:00,1
2026-04-18 12:00:00+00:00,6.088,6.124,6.05,6.096,180590.0,2026-04-18 15:59:59.999000+00:00,1
2026-04-18 16:00:00+00:00,6.095,6.117,5.945,5.973,1608819.0,2026-04-18 19:59:59.999000+00:00,1
2026-04-18 20:00:00+00:00,5.974,6.035,5.951,5.971,363633.0,2026-04-18 23:59:59.999000+00:00,1
2026-04-19 00:00:00+00:00,5.972,5.978,5.825,5.877,471295.0,2026-04-19 03:59:59.999000+00:00,1
2026-04-19 04:00:00+00:00,5.88,5.902,5.787,5.832,672926.0,2026-04-19 07:59:59.999000+00:00,1
2026-04-19 08:00:00+00:00,5.831,5.896,5.802,5.878,224484.0,2026-04-19 11:59:59.999000+00:00,1
2026-04-19 12:00:00+00:00,5.876,6.003,5.865,5.938,372692.0,2026-04-19 15:59:59.999000+00:00,1
2026-04-19 16:00:00+00:00,5.937,5.938,5.812,5.878,338457.0,2026-04-19 19:59:59.999000+00:00,1
2026-04-19 20:00:00+00:00,5.877,5.877,5.718,5.753,467678.0,2026-04-19 23:59:59.999000+00:00,1
2026-04-20 00:00:00+00:00,5.755,5.858,5.737,5.853,285477.0,2026-04-20 03:59:59.999000+00:00,1
2026-04-20 04:00:00+00:00,5.851,5.921,5.76,5.851,451943.0,2026-04-20 07:59:59.999000+00:00,1
2026-04-20 08:00:00+00:00,5.852,5.917,5.829,5.884,389931.0,2026-04-20 11:59:59.999000+00:00,1
2026-04-20 12:00:00+00:00,5.883,5.963,5.839,5.916,470618.0,2026-04-20 15:59:59.999000+00:00,1
2026-04-20 16:00:00+00:00,5.917,6.02,5.887,5.988,652027.0,2026-04-20 19:59:59.999000+00:00,1
2026-04-20 20:00:00+00:00,5.989,6.06,5.948,5.964,359746.0,2026-04-20 23:59:59.999000+00:00,1
2026-04-21 00:00:00+00:00,5.966,6.003,5.891,5.944,262824.0,2026-04-21 03:59:59.999000+00:00,1
2026-04-21 04:00:00+00:00,5.943,5.999,5.927,5.966,293355.0,2026-04-21 07:59:59.999000+00:00,1
2026-04-21 08:00:00+00:00,5.964,6.091,5.958,6.072,405621.0,2026-04-21 11:59:59.999000+00:00,1
2026-04-21 12:00:00+00:00,6.069,6.084,5.97,6.02,323228.0,2026-04-21 15:59:59.999000+00:00,1
2026-04-21 16:00:00+00:00,6.022,6.04,5.85,5.867,874348.0,2026-04-21 19:59:59.999000+00:00,1
2026-04-21 20:00:00+00:00,5.866,6.022,5.861,6.016,424763.0,2026-04-21 23:59:59.999000+00:00,1
2026-04-22 00:00:00+00:00,6.015,6.24,5.984,6.194,1227328.0,2026-04-22 03:59:59.999000+00:00,1
2026-04-22 04:00:00+00:00,6.195,6.319,6.179,6.255,965906.0,2026-04-22 07:59:59.999000+00:00,1
2026-04-22 08:00:00+00:00,6.256,6.289,6.225,6.26,321317.0,2026-04-22 11:59:59.999000+00:00,1
2026-04-22 12:00:00+00:00,6.26,6.288,6.215,6.252,584827.0,2026-04-22 15:59:59.999000+00:00,1
2026-04-22 16:00:00+00:00,6.253,6.279,6.177,6.207,278020.0,2026-04-22 19:59:59.999000+00:00,1
2026-04-22 20:00:00+00:00,6.208,6.229,6.097,6.101,288437.0,2026-04-22 23:59:59.999000+00:00,1
2026-04-23 00:00:00+00:00,6.102,6.121,5.965,5.998,517993.0,2026-04-23 03:59:59.999000+00:00,1
2026-04-23 04:00:00+00:00,5.996,6.083,5.986,6.048,306504.0,2026-04-23 07:59:59.999000+00:00,1
2026-04-23 08:00:00+00:00,6.051,6.062,5.963,6.034,250433.0,2026-04-23 11:59:59.999000+00:00,1
2026-04-23 12:00:00+00:00,6.033,6.217,6.025,6.193,531371.0,2026-04-23 15:59:59.999000+00:00,1
2026-04-23 16:00:00+00:00,6.194,6.2,6.002,6.104,423673.0,2026-04-23 19:59:59.999000+00:00,1
2026-04-23 20:00:00+00:00,6.103,6.2,6.09,6.166,319957.0,2026-04-23 23:59:59.999000+00:00,1
2026-04-24 00:00:00+00:00,6.167,6.213,6.099,6.124,435317.0,2026-04-24 03:59:59.999000+00:00,1
2026-04-24 04:00:00+00:00,6.125,6.33,6.091,6.298,803458.0,2026-04-24 07:59:59.999000+00:00,1
2026-04-24 08:00:00+00:00,6.3,6.477,6.243,6.383,909772.0,2026-04-24 11:59:59.999000+00:00,1
2026-04-24 12:00:00+00:00,6.382,6.453,6.286,6.379,924015.0,2026-04-24 15:59:59.999000+00:00,1
2026-04-24 16:00:00+00:00,6.379,6.386,6.25,6.324,516756.0,2026-04-24 19:59:59.999000+00:00,1
2026-04-24 20:00:00+00:00,6.321,6.349,6.239,6.275,430224.0,2026-04-24 23:59:59.999000+00:00,1
2026-04-25 00:00:00+00:00,6.274,6.346,6.236,6.341,252346.0,2026-04-25 03:59:59.999000+00:00,1
2026-04-25 04:00:00+00:00,6.341,6.348,6.277,6.282,159308.0,2026-04-25 07:59:59.999000+00:00,1
2026-04-25 08:00:00+00:00,6.279,6.343,6.235,6.255,156248.0,2026-04-25 11:59:59.999000+00:00,1
2026-04-25 12:00:00+00:00,6.256,6.297,6.178,6.202,385295.0,2026-04-25 15:59:59.999000+00:00,1
2026-04-25 16:00:00+00:00,6.2,6.217,6.105,6.117,680203.0,2026-04-25 19:59:59.999000+00:00,1
2026-04-25 20:00:00+00:00,6.117,6.176,6.106,6.168,240632.0,2026-04-25 23:59:59.999000+00:00,1
2026-04-26 00:00:00+00:00,6.167,6.17,6.092,6.125,194624.0,2026-04-26 03:59:59.999000+00:00,1
2026-04-26 04:00:00+00:00,6.123,6.27,6.108,6.245,318134.0,2026-04-26 07:59:59.999000+00:00,1
2026-04-26 08:00:00+00:00,6.246,6.277,6.218,6.251,229879.0,2026-04-26 11:59:59.999000+00:00,1
2026-04-26 12:00:00+00:00,6.249,6.256,6.107,6.184,377030.0,2026-04-26 15:59:59.999000+00:00,1
2026-04-26 16:00:00+00:00,6.183,6.236,6.138,6.204,221748.0,2026-04-26 19:59:59.999000+00:00,1
2026-04-26 20:00:00+00:00,6.202,6.228,6.144,6.196,181317.0,2026-04-26 23:59:59.999000+00:00,1
2026-04-27 00:00:00+00:00,6.196,6.335,6.167,6.281,798799.0,2026-04-27 03:59:59.999000+00:00,1
2026-04-27 04:00:00+00:00,6.281,6.286,6.015,6.031,1143808.0,2026-04-27 07:59:59.999000+00:00,1
2026-04-27 08:00:00+00:00,6.029,6.099,6.024,6.064,299064.0,2026-04-27 11:59:59.999000+00:00,1
2026-04-27 12:00:00+00:00,6.065,6.113,5.925,5.971,752106.0,2026-04-27 15:59:59.999000+00:00,1
2026-04-27 16:00:00+00:00,5.97,6.036,5.947,6.008,215100.0,2026-04-27 19:59:59.999000+00:00,1
2026-04-27 20:00:00+00:00,6.01,6.095,6.01,6.087,202657.0,2026-04-27 23:59:59.999000+00:00,1
2026-04-28 00:00:00+00:00,6.087,6.096,6.014,6.034,134233.0,2026-04-28 03:59:59.999000+00:00,1
2026-04-28 04:00:00+00:00,6.035,6.096,5.997,6.038,602726.0,2026-04-28 07:59:59.999000+00:00,1
2026-04-28 08:00:00+00:00,6.04,6.072,5.981,5.999,175725.0,2026-04-28 11:59:59.999000+00:00,1
2026-04-28 12:00:00+00:00,6.0,6.05,5.974,6.035,349030.0,2026-04-28 15:59:59.999000+00:00,1
2026-04-28 16:00:00+00:00,6.036,6.08,6.009,6.075,247345.0,2026-04-28 19:59:59.999000+00:00,1
2026-04-28 20:00:00+00:00,6.075,6.088,6.028,6.046,253327.0,2026-04-28 23:59:59.999000+00:00,1
2026-04-29 00:00:00+00:00,6.046,6.121,6.034,6.121,596121.0,2026-04-29 03:59:59.999000+00:00,1
2026-04-29 04:00:00+00:00,6.122,6.169,6.102,6.12,230541.0,2026-04-29 07:59:59.999000+00:00,1
2026-04-29 08:00:00+00:00,6.119,6.235,6.089,6.151,474600.0,2026-04-29 11:59:59.999000+00:00,1
2026-04-29 12:00:00+00:00,6.154,6.159,5.95,5.966,549640.0,2026-04-29 15:59:59.999000+00:00,1
2026-04-29 16:00:00+00:00,5.967,6.027,5.821,5.925,1022731.0,2026-04-29 19:59:59.999000+00:00,1
2026-04-29 20:00:00+00:00,5.927,6.027,5.926,6.022,328245.0,2026-04-29 23:59:59.999000+00:00,1
2026-04-30 00:00:00+00:00,6.022,6.088,5.963,5.999,458098.0,2026-04-30 03:59:59.999000+00:00,1
2026-04-30 04:00:00+00:00,5.999,6.031,5.931,6.019,225657.0,2026-04-30 07:59:59.999000+00:00,1
2026-04-30 08:00:00+00:00,6.019,6.05,5.978,6.01,238209.0,2026-04-30 11:59:59.999000+00:00,1
2026-04-30 12:00:00+00:00,6.012,6.043,5.968,6.016,299005.0,2026-04-30 15:59:59.999000+00:00,1
2026-04-30 16:00:00+00:00,6.016,6.022,5.97,5.993,180770.0,2026-04-30 19:59:59.999000+00:00,1
2026-04-30 20:00:00+00:00,5.99,5.996,5.963,5.989,89274.0,2026-04-30 23:59:59.999000+00:00,1
2026-05-01 00:00:00+00:00,5.99,6.1,5.988,6.049,477176.0,2026-05-01 03:59:59.999000+00:00,1
2026-05-01 04:00:00+00:00,6.048,6.07,6.0,6.022,426168.0,2026-05-01 07:59:59.999000+00:00,1
2026-05-01 08:00:00+00:00,6.023,6.049,5.972,6.016,230865.0,2026-05-01 11:59:59.999000+00:00,1
2026-05-01 12:00:00+00:00,6.016,6.137,6.01,6.12,482690.0,2026-05-01 15:59:59.999000+00:00,1
2026-05-01 16:00:00+00:00,6.119,6.134,6.079,6.103,348012.0,2026-05-01 19:59:59.999000+00:00,1
2026-05-01 20:00:00+00:00,6.105,6.118,6.054,6.08,242801.0,2026-05-01 23:59:59.999000+00:00,1
2026-05-02 00:00:00+00:00,6.082,6.129,6.077,6.102,168907.0,2026-05-02 03:59:59.999000+00:00,1
2026-05-02 04:00:00+00:00,6.1,6.104,6.04,6.059,204199.0,2026-05-02 07:59:59.999000+00:00,1
2026-05-02 08:00:00+00:00,6.057,6.079,6.034,6.04,174123.0,2026-05-02 11:59:59.999000+00:00,1
2026-05-02 12:00:00+00:00,6.041,6.092,6.035,6.09,155753.0,2026-05-02 15:59:59.999000+00:00,1
2026-05-02 16:00:00+00:00,6.09,6.123,6.054,6.114,154416.0,2026-05-02 19:59:59.999000+00:00,1
2026-05-02 20:00:00+00:00,6.112,6.16,6.099,6.107,211416.0,2026-05-02 23:59:59.999000+00:00,1
2026-05-03 00:00:00+00:00,6.109,6.116,6.01,6.041,365602.0,2026-05-03 03:59:59.999000+00:00,1
2026-05-03 04:00:00+00:00,6.041,6.088,6.03,6.071,146654.0,2026-05-03 07:59:59.999000+00:00,1
2026-05-03 08:00:00+00:00,6.071,6.168,6.061,6.14,457691.0,2026-05-03 11:59:59.999000+00:00,1
2026-05-03 12:00:00+00:00,6.14,6.174,6.108,6.142,263092.0,2026-05-03 15:59:59.999000+00:00,1
2026-05-03 16:00:00+00:00,6.143,6.17,6.121,6.156,298310.0,2026-05-03 19:59:59.999000+00:00,1
2026-05-03 20:00:00+00:00,6.154,6.197,6.104,6.125,399746.0,2026-05-03 23:59:59.999000+00:00,1
2026-05-04 00:00:00+00:00,6.126,6.294,6.066,6.283,650442.0,2026-05-04 03:59:59.999000+00:00,1
2026-05-04 04:00:00+00:00,6.288,6.325,6.201,6.225,230375.0,2026-05-04 07:59:59.999000+00:00,1
2026-05-04 08:00:00+00:00,6.224,6.258,6.067,6.128,469300.0,2026-05-04 11:59:59.999000+00:00,1
2026-05-04 12:00:00+00:00,6.125,6.252,6.09,6.17,610560.0,2026-05-04 15:59:59.999000+00:00,1
2026-05-04 16:00:00+00:00,6.171,6.238,6.134,6.17,318755.0,2026-05-04 19:59:59.999000+00:00,1
2026-05-04 20:00:00+00:00,6.171,6.212,6.133,6.16,231240.0,2026-05-04 23:59:59.999000+00:00,1
2026-05-05 00:00:00+00:00,6.163,6.278,6.157,6.25,476493.0,2026-05-05 03:59:59.999000+00:00,1
2026-05-05 04:00:00+00:00,6.249,6.351,6.237,6.317,460860.0,2026-05-05 07:59:59.999000+00:00,1
2026-05-05 08:00:00+00:00,6.317,6.389,6.301,6.384,261007.0,2026-05-05 11:59:59.999000+00:00,1
2026-05-05 12:00:00+00:00,6.387,6.416,6.292,6.303,627786.0,2026-05-05 15:59:59.999000+00:00,1
2026-05-05 16:00:00+00:00,6.303,6.361,6.265,6.358,271950.0,2026-05-05 19:59:59.999000+00:00,1
2026-05-05 20:00:00+00:00,6.359,6.43,6.341,6.36,470592.0,2026-05-05 23:59:59.999000+00:00,1
2026-05-06 00:00:00+00:00,6.359,6.486,6.324,6.462,494457.0,2026-05-06 03:59:59.999000+00:00,1
2026-05-06 04:00:00+00:00,6.466,6.49,6.407,6.469,423449.0,2026-05-06 07:59:59.999000+00:00,1
2026-05-06 08:00:00+00:00,6.469,6.673,6.462,6.636,833239.0,2026-05-06 11:59:59.999000+00:00,1
2026-05-06 12:00:00+00:00,6.641,6.669,6.417,6.55,966192.0,2026-05-06 15:59:59.999000+00:00,1
2026-05-06 16:00:00+00:00,6.549,6.586,6.503,6.55,496537.0,2026-05-06 19:59:59.999000+00:00,1
2026-05-06 20:00:00+00:00,6.55,6.643,6.531,6.617,586372.0,2026-05-06 23:59:59.999000+00:00,1
2026-05-07 00:00:00+00:00,6.617,6.63,6.46,6.482,473587.0,2026-05-07 03:59:59.999000+00:00,1
2026-05-07 04:00:00+00:00,6.482,6.693,6.473,6.676,526317.0,2026-05-07 07:59:59.999000+00:00,1
2026-05-07 08:00:00+00:00,6.676,6.693,6.552,6.612,367872.0,2026-05-07 11:59:59.999000+00:00,1
2026-05-07 12:00:00+00:00,6.611,6.677,6.416,6.456,555188.0,2026-05-07 15:59:59.999000+00:00,1
2026-05-07 16:00:00+00:00,6.462,6.506,6.406,6.442,586773.0,2026-05-07 19:59:59.999000+00:00,1
2026-05-07 20:00:00+00:00,6.443,6.485,6.338,6.403,556503.0,2026-05-07 23:59:59.999000+00:00,1
2026-05-08 00:00:00+00:00,6.402,6.443,6.347,6.401,440405.0,2026-05-08 03:59:59.999000+00:00,1
2026-05-08 04:00:00+00:00,6.402,6.483,6.394,6.461,503818.0,2026-05-08 07:59:59.999000+00:00,1
2026-05-08 08:00:00+00:00,6.46,6.613,6.448,6.603,502802.0,2026-05-08 11:59:59.999000+00:00,1
2026-05-08 12:00:00+00:00,6.603,6.755,6.482,6.737,693328.0,2026-05-08 15:59:59.999000+00:00,1
2026-05-08 16:00:00+00:00,6.738,6.819,6.692,6.782,559785.0,2026-05-08 19:59:59.999000+00:00,1
2026-05-08 20:00:00+00:00,6.784,6.973,6.769,6.971,934407.0,2026-05-08 23:59:59.999000+00:00,1
2026-05-09 00:00:00+00:00,6.966,7.206,6.907,7.078,1002530.0,2026-05-09 03:59:59.999000+00:00,1
2026-05-09 04:00:00+00:00,7.073,7.119,6.961,6.967,508121.0,2026-05-09 07:59:59.999000+00:00,1
2026-05-09 08:00:00+00:00,6.966,7.026,6.823,6.874,483578.0,2026-05-09 11:59:59.999000+00:00,1
2026-05-09 12:00:00+00:00,6.871,6.889,6.754,6.773,338257.0,2026-05-09 15:59:59.999000+00:00,1
2026-05-09 16:00:00+00:00,6.772,6.85,6.757,6.794,464275.0,2026-05-09 19:59:59.999000+00:00,1
2026-05-09 20:00:00+00:00,6.793,6.821,6.768,6.785,237628.0,2026-05-09 23:59:59.999000+00:00,1
2026-05-10 00:00:00+00:00,6.785,6.833,6.711,6.78,405985.0,2026-05-10 03:59:59.999000+00:00,1
2026-05-10 04:00:00+00:00,6.776,7.227,6.745,7.049,2679982.0,2026-05-10 07:59:59.999000+00:00,1
2026-05-10 08:00:00+00:00,7.047,7.129,6.917,6.927,855297.0,2026-05-10 11:59:59.999000+00:00,1
2026-05-10 12:00:00+00:00,6.926,7.141,6.907,7.138,782958.0,2026-05-10 15:59:59.999000+00:00,1
2026-05-10 16:00:00+00:00,7.137,7.591,7.101,7.482,1810234.0,2026-05-10 19:59:59.999000+00:00,1
2026-05-10 20:00:00+00:00,7.481,7.661,7.087,7.373,3303305.0,2026-05-10 23:59:59.999000+00:00,1
2026-05-11 00:00:00+00:00,7.373,8.127,7.178,7.353,11050782.0,2026-05-11 03:59:59.999000+00:00,1
2026-05-11 04:00:00+00:00,7.352,7.585,7.293,7.416,2816741.0,2026-05-11 07:59:59.999000+00:00,1
2026-05-11 08:00:00+00:00,7.414,7.502,7.334,7.396,1325244.0,2026-05-11 11:59:59.999000+00:00,1
2026-05-11 12:00:00+00:00,7.396,7.484,7.275,7.421,1656759.0,2026-05-11 15:59:59.999000+00:00,1
2026-05-11 16:00:00+00:00,7.419,7.499,7.359,7.454,759174.0,2026-05-11 19:59:59.999000+00:00,1
2026-05-11 20:00:00+00:00,7.456,7.465,7.367,7.384,607587.0,2026-05-11 23:59:59.999000+00:00,1
2026-05-12 00:00:00+00:00,7.384,7.427,7.181,7.198,1283569.0,2026-05-12 03:59:59.999000+00:00,1
2026-05-12 04:00:00+00:00,7.196,7.279,7.164,7.192,720542.0,2026-05-12 07:59:59.999000+00:00,1
2026-05-12 08:00:00+00:00,7.19,7.203,7.016,7.039,960961.0,2026-05-12 11:59:59.999000+00:00,1
2026-05-12 12:00:00+00:00,7.041,7.12,6.822,6.85,1498766.0,2026-05-12 15:59:59.999000+00:00,1
2026-05-12 16:00:00+00:00,6.85,7.012,6.803,6.984,715412.0,2026-05-12 19:59:59.999000+00:00,1
2026-05-12 20:00:00+00:00,6.985,7.034,6.972,6.993,318813.0,2026-05-12 23:59:59.999000+00:00,1
2026-05-13 00:00:00+00:00,6.993,7.314,6.976,7.292,644911.0,2026-05-13 03:59:59.999000+00:00,1
2026-05-13 04:00:00+00:00,7.292,7.315,7.091,7.12,812280.0,2026-05-13 07:59:59.999000+00:00,1
2026-05-13 08:00:00+00:00,7.121,7.228,7.046,7.057,717708.0,2026-05-13 11:59:59.999000+00:00,1
2026-05-13 12:00:00+00:00,7.058,7.08,6.721,6.737,1410622.0,2026-05-13 15:59:59.999000+00:00,1
2026-05-13 16:00:00+00:00,6.736,6.862,6.732,6.8,522214.0,2026-05-13 19:59:59.999000+00:00,1
2026-05-13 20:00:00+00:00,6.8,6.859,6.743,6.809,235031.0,2026-05-13 23:59:59.999000+00:00,1
2026-05-14 00:00:00+00:00,6.808,6.856,6.701,6.717,283120.0,2026-05-14 03:59:59.999000+00:00,1
2026-05-14 04:00:00+00:00,6.718,6.913,6.711,6.886,400462.0,2026-05-14 07:59:59.999000+00:00,1
2026-05-14 08:00:00+00:00,6.886,6.957,6.838,6.838,478598.0,2026-05-14 11:59:59.999000+00:00,1
2026-05-14 12:00:00+00:00,6.837,7.187,6.836,7.152,990634.0,2026-05-14 15:59:59.999000+00:00,1
2026-05-14 16:00:00+00:00,7.152,7.262,7.058,7.204,1026571.0,2026-05-14 19:59:59.999000+00:00,1
2026-05-14 20:00:00+00:00,7.205,7.22,7.065,7.086,535258.0,2026-05-14 23:59:59.999000+00:00,1
2026-05-15 00:00:00+00:00,7.087,7.132,6.96,7.013,514149.0,2026-05-15 03:59:59.999000+00:00,1
2026-05-15 04:00:00+00:00,7.012,7.017,6.828,6.951,597963.0,2026-05-15 07:59:59.999000+00:00,1
2026-05-15 08:00:00+00:00,6.951,6.958,6.867,6.888,298493.0,2026-05-15 11:59:59.999000+00:00,1
2026-05-15 12:00:00+00:00,6.887,6.929,6.568,6.66,1675352.0,2026-05-15 15:59:59.999000+00:00,1
2026-05-15 16:00:00+00:00,6.661,6.777,6.649,6.717,358557.0,2026-05-15 19:59:59.999000+00:00,1
2026-05-15 20:00:00+00:00,6.718,6.75,6.66,6.742,449862.0,2026-05-15 23:59:59.999000+00:00,1
2026-05-16 00:00:00+00:00,6.743,6.783,6.726,6.758,341459.0,2026-05-16 03:59:59.999000+00:00,1
2026-05-16 04:00:00+00:00,6.759,6.76,6.403,6.475,756786.0,2026-05-16 07:59:59.999000+00:00,1
2026-05-16 08:00:00+00:00,6.474,6.495,6.327,6.389,735607.0,2026-05-16 11:59:59.999000+00:00,1
2026-05-16 12:00:00+00:00,6.388,6.44,6.357,6.42,395623.0,2026-05-16 15:59:59.999000+00:00,1
2026-05-16 16:00:00+00:00,6.419,6.471,6.41,6.427,202487.0,2026-05-16 19:59:59.999000+00:00,1
2026-05-16 20:00:00+00:00,6.428,6.446,6.391,6.408,129479.0,2026-05-16 23:59:59.999000+00:00,1
2026-05-17 00:00:00+00:00,6.409,6.426,6.326,6.402,338758.0,2026-05-17 03:59:59.999000+00:00,1
2026-05-17 04:00:00+00:00,6.4,6.484,6.397,6.453,273288.0,2026-05-17 07:59:59.999000+00:00,1
2026-05-17 08:00:00+00:00,6.452,6.562,6.445,6.507,326247.0,2026-05-17 11:59:59.999000+00:00,1
2026-05-17 12:00:00+00:00,6.507,6.545,6.389,6.409,444656.0,2026-05-17 15:59:59.999000+00:00,1
2026-05-17 16:00:00+00:00,6.41,6.423,6.311,6.378,223680.0,2026-05-17 19:59:59.999000+00:00,1
2026-05-17 20:00:00+00:00,6.378,6.407,6.019,6.214,930602.0,2026-05-17 23:59:59.999000+00:00,1
2026-05-18 00:00:00+00:00,6.216,6.251,6.13,6.199,484620.0,2026-05-18 03:59:59.999000+00:00,1
2026-05-18 04:00:00+00:00,6.202,6.228,6.117,6.154,594229.0,2026-05-18 07:59:59.999000+00:00,1
2026-05-18 08:00:00+00:00,6.153,6.195,6.079,6.161,387133.0,2026-05-18 11:59:59.999000+00:00,1
2026-05-18 12:00:00+00:00,6.162,6.24,6.071,6.135,796231.0,2026-05-18 15:59:59.999000+00:00,1
2026-05-18 16:00:00+00:00,6.135,6.283,6.096,6.26,435687.0,2026-05-18 19:59:59.999000+00:00,1
2026-05-18 20:00:00+00:00,6.261,6.335,6.232,6.293,197117.0,2026-05-18 23:59:59.999000+00:00,1
2026-05-19 00:00:00+00:00,6.294,6.359,6.246,6.301,274344.0,2026-05-19 03:59:59.999000+00:00,1
2026-05-19 04:00:00+00:00,6.303,6.357,6.274,6.323,153421.0,2026-05-19 07:59:59.999000+00:00,1
2026-05-19 08:00:00+00:00,6.324,6.324,6.174,6.174,217185.0,2026-05-19 11:59:59.999000+00:00,1
2026-05-19 12:00:00+00:00,6.174,6.254,6.131,6.172,460328.0,2026-05-19 15:59:59.999000+00:00,1
2026-05-19 16:00:00+00:00,6.172,6.242,6.158,6.172,188097.0,2026-05-19 19:59:59.999000+00:00,1
2026-05-19 20:00:00+00:00,6.172,6.21,6.117,6.141,207443.0,2026-05-19 23:59:59.999000+00:00,1
2026-05-20 00:00:00+00:00,6.143,6.155,6.084,6.107,619142.0,2026-05-20 03:59:59.999000+00:00,1
2026-05-20 04:00:00+00:00,6.109,6.258,6.101,6.22,374457.0,2026-05-20 07:59:59.999000+00:00,1
2026-05-20 08:00:00+00:00,6.22,6.271,6.192,6.203,182113.0,2026-05-20 11:59:59.999000+00:00,1
2026-05-20 12:00:00+00:00,6.203,6.334,6.159,6.309,456692.0,2026-05-20 15:59:59.999000+00:00,1
2026-05-20 16:00:00+00:00,6.308,6.337,6.239,6.28,385689.0,2026-05-20 19:59:59.999000+00:00,1
2026-05-20 20:00:00+00:00,6.279,6.291,6.21,6.275,254074.0,2026-05-20 23:59:59.999000+00:00,1
2026-05-21 00:00:00+00:00,6.274,6.36,6.253,6.353,225071.0,2026-05-21 03:59:59.999000+00:00,1
2026-05-21 04:00:00+00:00,6.353,6.375,6.26,6.316,280863.0,2026-05-21 07:59:59.999000+00:00,1
2026-05-21 08:00:00+00:00,6.315,6.366,6.205,6.217,318199.0,2026-05-21 11:59:59.999000+00:00,1
2026-05-21 12:00:00+00:00,6.218,6.292,6.179,6.263,328430.0,2026-05-21 15:59:59.999000+00:00,1
2026-05-21 16:00:00+00:00,6.261,6.402,6.234,6.377,370823.0,2026-05-21 19:59:59.999000+00:00,1
2026-05-21 20:00:00+00:00,6.379,6.405,6.322,6.346,164544.0,2026-05-21 23:59:59.999000+00:00,1
2026-05-22 00:00:00+00:00,6.349,6.417,6.272,6.413,340671.0,2026-05-22 03:59:59.999000+00:00,1
2026-05-22 04:00:00+00:00,6.414,6.482,6.361,6.412,1337517.0,2026-05-22 07:59:59.999000+00:00,1
2026-05-22 08:00:00+00:00,6.414,6.502,6.391,6.5,486399.0,2026-05-22 11:59:59.999000+00:00,1
2026-05-22 12:00:00+00:00,6.499,6.586,6.366,6.406,928957.0,2026-05-22 15:59:59.999000+00:00,1
2026-05-22 16:00:00+00:00,6.405,6.451,6.098,6.149,1037060.0,2026-05-22 19:59:59.999000+00:00,1
2026-05-22 20:00:00+00:00,6.149,6.232,6.057,6.105,573015.0,2026-05-22 23:59:59.999000+00:00,1
2026-05-23 00:00:00+00:00,6.107,6.216,6.058,6.193,467535.0,2026-05-23 03:59:59.999000+00:00,1
2026-05-23 04:00:00+00:00,6.193,6.193,5.919,5.99,641961.0,2026-05-23 07:59:59.999000+00:00,1
2026-05-23 08:00:00+00:00,5.99,6.05,5.949,6.023,465101.0,2026-05-23 11:59:59.999000+00:00,1
2026-05-23 12:00:00+00:00,6.024,6.224,6.002,6.22,387571.0,2026-05-23 15:59:59.999000+00:00,1
2026-05-23 16:00:00+00:00,6.221,6.331,6.198,6.31,391219.0,2026-05-23 19:59:59.999000+00:00,1
2026-05-23 20:00:00+00:00,6.309,6.513,6.296,6.342,631765.0,2026-05-23 23:59:59.999000+00:00,1
2026-05-24 00:00:00+00:00,6.344,6.367,6.291,6.298,213414.0,2026-05-24 03:59:59.999000+00:00,1
2026-05-24 04:00:00+00:00,6.301,6.315,6.241,6.278,211386.0,2026-05-24 07:59:59.999000+00:00,1
2026-05-24 08:00:00+00:00,6.279,6.348,6.266,6.32,232310.0,2026-05-24 11:59:59.999000+00:00,1
2026-05-24 12:00:00+00:00,6.321,6.328,6.137,6.213,233738.0,2026-05-24 15:59:59.999000+00:00,1
2026-05-24 16:00:00+00:00,6.213,6.241,6.186,6.196,328766.0,2026-05-24 19:59:59.999000+00:00,1
2026-05-24 20:00:00+00:00,6.196,6.228,6.08,6.216,225680.0,2026-05-24 23:59:59.999000+00:00,1
2026-05-25 00:00:00+00:00,6.219,6.252,6.18,6.243,216895.0,2026-05-25 03:59:59.999000+00:00,1
2026-05-25 04:00:00+00:00,6.245,6.378,6.226,6.362,338867.0,2026-05-25 07:59:59.999000+00:00,1
2026-05-25 08:00:00+00:00,6.36,6.399,6.332,6.352,180828.0,2026-05-25 11:59:59.999000+00:00,1
2026-05-25 12:00:00+00:00,6.352,6.423,6.329,6.405,307283.0,2026-05-25 15:59:59.999000+00:00,1
2026-05-25 16:00:00+00:00,6.407,6.498,6.373,6.406,497231.0,2026-05-25 19:59:59.999000+00:00,1
2026-05-25 20:00:00+00:00,6.408,6.415,6.292,6.316,324296.0,2026-05-25 23:59:59.999000+00:00,1
2026-05-26 00:00:00+00:00,6.318,6.321,6.18,6.223,428850.0,2026-05-26 03:59:59.999000+00:00,1
2026-05-26 04:00:00+00:00,6.223,6.317,6.208,6.277,707052.0,2026-05-26 07:59:59.999000+00:00,1
2026-05-26 08:00:00+00:00,6.28,6.414,6.262,6.363,566698.0,2026-05-26 11:59:59.999000+00:00,1
2026-05-26 12:00:00+00:00,6.361,6.447,6.261,6.3,774592.0,2026-05-26 15:59:59.999000+00:00,1
2026-05-26 16:00:00+00:00,6.299,6.304,6.153,6.212,423604.0,2026-05-26 19:59:59.999000+00:00,1
2026-05-26 20:00:00+00:00,6.215,6.228,6.164,6.169,168312.0,2026-05-26 23:59:59.999000+00:00,1
2026-05-27 00:00:00+00:00,6.173,6.238,6.101,6.113,272801.0,2026-05-27 03:59:59.999000+00:00,1
2026-05-27 04:00:00+00:00,6.112,6.177,6.039,6.15,510295.0,2026-05-27 07:59:59.999000+00:00,1
2026-05-27 08:00:00+00:00,6.15,6.179,6.079,6.079,305935.0,2026-05-27 11:59:59.999000+00:00,1
2026-05-27 12:00:00+00:00,6.08,6.149,6.007,6.129,775553.0,2026-05-27 15:59:59.999000+00:00,1
2026-05-27 16:00:00+00:00,6.13,6.154,5.996,6.06,280588.0,2026-05-27 19:59:59.999000+00:00,1
2026-05-27 20:00:00+00:00,6.061,6.083,5.865,5.916,479246.0,2026-05-27 23:59:59.999000+00:00,1
2026-05-28 00:00:00+00:00,5.914,5.966,5.755,5.776,678433.0,2026-05-28 03:59:59.999000+00:00,1
2026-05-28 04:00:00+00:00,5.776,5.777,5.665,5.749,744016.0,2026-05-28 07:59:59.999000+00:00,1
2026-05-28 08:00:00+00:00,5.751,5.763,5.668,5.692,401424.0,2026-05-28 11:59:59.999000+00:00,1
2026-05-28 12:00:00+00:00,5.691,5.741,5.596,5.688,904542.0,2026-05-28 15:59:59.999000+00:00,1
2026-05-28 16:00:00+00:00,5.687,5.876,5.671,5.806,545196.0,2026-05-28 19:59:59.999000+00:00,1
2026-05-28 20:00:00+00:00,5.807,5.894,5.78,5.859,243680.0,2026-05-28 23:59:59.999000+00:00,1
2026-05-29 00:00:00+00:00,5.858,5.919,5.815,5.817,485048.0,2026-05-29 03:59:59.999000+00:00,1
2026-05-29 04:00:00+00:00,5.818,5.891,5.767,5.853,176601.0,2026-05-29 07:59:59.999000+00:00,1
2026-05-29 08:00:00+00:00,5.851,5.88,5.77,5.791,371587.0,2026-05-29 11:59:59.999000+00:00,1
2026-05-29 12:00:00+00:00,5.793,5.921,5.64,5.883,683213.0,2026-05-29 15:59:59.999000+00:00,1
2026-05-29 16:00:00+00:00,5.884,5.918,5.775,5.828,683561.0,2026-05-29 19:59:59.999000+00:00,1
2026-05-29 20:00:00+00:00,5.828,5.873,5.81,5.858,197446.0,2026-05-29 23:59:59.999000+00:00,1
2026-05-30 00:00:00+00:00,5.859,6.248,5.846,6.04,5395852.0,2026-05-30 03:59:59.999000+00:00,1
2026-05-30 04:00:00+00:00,6.036,6.049,5.898,6.003,1287157.0,2026-05-30 07:59:59.999000+00:00,1
2026-05-30 08:00:00+00:00,6.001,6.034,5.966,5.986,411474.0,2026-05-30 11:59:59.999000+00:00,1
2026-05-30 12:00:00+00:00,5.986,6.032,5.978,5.997,260999.0,2026-05-30 15:59:59.999000+00:00,1
2026-05-30 16:00:00+00:00,5.997,6.028,5.965,6.014,178827.0,2026-05-30 19:59:59.999000+00:00,1
2026-05-30 20:00:00+00:00,6.015,6.046,5.943,5.968,293552.0,2026-05-30 23:59:59.999000+00:00,1
2026-05-31 00:00:00+00:00,5.97,6.026,5.936,5.997,798426.0,2026-05-31 03:59:59.999000+00:00,1
2026-05-31 04:00:00+00:00,5.997,6.01,5.898,5.912,254274.0,2026-05-31 07:59:59.999000+00:00,1
2026-05-31 08:00:00+00:00,5.91,5.94,5.874,5.906,186124.0,2026-05-31 11:59:59.999000+00:00,1
2026-05-31 12:00:00+00:00,5.904,5.929,5.794,5.815,416392.0,2026-05-31 15:59:59.999000+00:00,1
2026-05-31 16:00:00+00:00,5.816,5.823,5.742,5.8,344113.0,2026-05-31 19:59:59.999000+00:00,1
2026-05-31 20:00:00+00:00,5.798,5.923,5.798,5.891,261923.0,2026-05-31 23:59:59.999000+00:00,1
2026-06-01 00:00:00+00:00,5.892,5.953,5.793,5.886,406819.0,2026-06-01 03:59:59.999000+00:00,1
2026-06-01 04:00:00+00:00,5.888,5.903,5.709,5.717,521720.0,2026-06-01 07:59:59.999000+00:00,1
2026-06-01 08:00:00+00:00,5.718,5.774,5.695,5.729,432119.0,2026-06-01 11:59:59.999000+00:00,1
2026-06-01 12:00:00+00:00,5.729,5.743,5.628,5.687,680624.0,2026-06-01 15:59:59.999000+00:00,1
2026-06-01 16:00:00+00:00,5.686,5.856,5.663,5.847,644479.0,2026-06-01 19:59:59.999000+00:00,1
2026-06-01 20:00:00+00:00,5.847,5.852,5.732,5.811,349134.0,2026-06-01 23:59:59.999000+00:00,1
2026-06-02 00:00:00+00:00,5.811,5.818,5.633,5.755,431054.0,2026-06-02 03:59:59.999000+00:00,1
2026-06-02 04:00:00+00:00,5.754,5.775,5.624,5.671,380002.0,2026-06-02 07:59:59.999000+00:00,1
2026-06-02 08:00:00+00:00,5.672,5.692,5.617,5.666,171324.0,2026-06-02 11:59:59.999000+00:00,1
2026-06-02 12:00:00+00:00,5.666,5.709,5.366,5.437,1313499.0,2026-06-02 15:59:59.999000+00:00,1
2026-06-02 16:00:00+00:00,5.433,5.572,5.352,5.461,542106.0,2026-06-02 19:59:59.999000+00:00,1
2026-06-02 20:00:00+00:00,5.459,5.555,5.262,5.398,665745.0,2026-06-02 23:59:59.999000+00:00,1
2026-06-03 00:00:00+00:00,5.399,5.481,5.313,5.332,739654.0,2026-06-03 03:59:59.999000+00:00,1
2026-06-03 04:00:00+00:00,5.331,5.631,5.33,5.57,807739.0,2026-06-03 07:59:59.999000+00:00,1
2026-06-03 08:00:00+00:00,5.567,5.638,5.531,5.59,403770.0,2026-06-03 11:59:59.999000+00:00,1
2026-06-03 12:00:00+00:00,5.591,5.611,5.526,5.529,517731.0,2026-06-03 15:59:59.999000+00:00,1
2026-06-03 16:00:00+00:00,5.53,5.536,5.382,5.401,546044.0,2026-06-03 19:59:59.999000+00:00,1
2026-06-03 20:00:00+00:00,5.396,5.515,5.314,5.388,549295.0,2026-06-03 23:59:59.999000+00:00,1
2026-06-04 00:00:00+00:00,5.384,5.43,4.917,5.297,1550949.0,2026-06-04 03:59:59.999000+00:00,1
2026-06-04 04:00:00+00:00,5.298,5.335,5.14,5.143,412855.0,2026-06-04 07:59:59.999000+00:00,1
2026-06-04 08:00:00+00:00,5.146,5.168,4.994,5.091,546785.0,2026-06-04 11:59:59.999000+00:00,1
2026-06-04 12:00:00+00:00,5.092,5.303,5.051,5.266,512652.0,2026-06-04 15:59:59.999000+00:00,1
2026-06-04 16:00:00+00:00,5.263,5.293,5.17,5.23,433393.0,2026-06-04 19:59:59.999000+00:00,1
2026-06-04 20:00:00+00:00,5.233,5.237,5.066,5.15,519282.0,2026-06-04 23:59:59.999000+00:00,1
2026-06-05 00:00:00+00:00,5.146,5.164,4.921,4.928,744681.0,2026-06-05 03:59:59.999000+00:00,1
2026-06-05 04:00:00+00:00,4.93,5.048,4.633,4.85,1329749.0,2026-06-05 07:59:59.999000+00:00,1
2026-06-05 08:00:00+00:00,4.851,4.88,4.742,4.774,573607.0,2026-06-05 11:59:59.999000+00:00,1
2026-06-05 12:00:00+00:00,4.774,4.826,4.527,4.583,1467151.0,2026-06-05 15:59:59.999000+00:00,1
2026-06-05 16:00:00+00:00,4.58,4.693,4.399,4.534,1636413.0,2026-06-05 19:59:59.999000+00:00,1
2026-06-05 20:00:00+00:00,4.533,4.717,4.483,4.595,850187.0,2026-06-05 23:59:59.999000+00:00,1
2026-06-06 00:00:00+00:00,4.596,4.663,4.483,4.506,317281.0,2026-06-06 03:59:59.999000+00:00,1
2026-06-06 04:00:00+00:00,4.505,4.55,4.27,4.527,942533.0,2026-06-06 07:59:59.999000+00:00,1
2026-06-06 08:00:00+00:00,4.528,4.594,4.412,4.513,411059.0,2026-06-06 11:59:59.999000+00:00,1
2026-06-06 12:00:00+00:00,4.515,4.569,4.466,4.526,196822.0,2026-06-06 15:59:59.999000+00:00,1
2026-06-06 16:00:00+00:00,4.521,4.552,4.466,4.472,219586.0,2026-06-06 19:59:59.999000+00:00,1
2026-06-06 20:00:00+00:00,4.47,4.535,4.452,4.527,244708.0,2026-06-06 23:59:59.999000+00:00,1
2026-06-07 00:00:00+00:00,4.527,4.675,4.508,4.656,388685.0,2026-06-07 03:59:59.999000+00:00,1
2026-06-07 04:00:00+00:00,4.655,4.734,4.61,4.729,509874.0,2026-06-07 07:59:59.999000+00:00,1
2026-06-07 08:00:00+00:00,4.728,4.814,4.659,4.682,626566.0,2026-06-07 11:59:59.999000+00:00,1
2026-06-07 12:00:00+00:00,4.68,4.686,4.57,4.64,328417.0,2026-06-07 15:59:59.999000+00:00,1
2026-06-07 16:00:00+00:00,4.64,4.674,4.51,4.53,310351.0,2026-06-07 19:59:59.999000+00:00,1
2026-06-07 20:00:00+00:00,4.529,4.815,4.52,4.714,570535.0,2026-06-07 23:59:59.999000+00:00,1
2026-06-08 00:00:00+00:00,4.717,4.779,4.653,4.725,394421.0,2026-06-08 03:59:59.999000+00:00,1
2026-06-08 04:00:00+00:00,4.727,4.73,4.62,4.696,280329.0,2026-06-08 07:59:59.999000+00:00,1
2026-06-08 08:00:00+00:00,4.696,4.839,4.667,4.796,441487.0,2026-06-08 11:59:59.999000+00:00,1
2026-06-08 12:00:00+00:00,4.795,4.858,4.744,4.797,681649.0,2026-06-08 15:59:59.999000+00:00,1
2026-06-08 16:00:00+00:00,4.798,4.851,4.77,4.798,290945.0,2026-06-08 19:59:59.999000+00:00,1
2026-06-08 20:00:00+00:00,4.799,4.849,4.722,4.743,317004.0,2026-06-08 23:59:59.999000+00:00,1
2026-06-09 00:00:00+00:00,4.741,4.746,4.605,4.656,407800.0,2026-06-09 03:59:59.999000+00:00,1
2026-06-09 04:00:00+00:00,4.659,4.755,4.638,4.717,479589.0,2026-06-09 07:59:59.999000+00:00,1
2026-06-09 08:00:00+00:00,4.719,4.721,4.638,4.671,467263.0,2026-06-09 11:59:59.999000+00:00,1
2026-06-09 12:00:00+00:00,4.671,4.725,4.575,4.584,618705.0,2026-06-09 15:59:59.999000+00:00,1
2026-06-09 16:00:00+00:00,4.583,4.668,4.519,4.657,733926.0,2026-06-09 19:59:59.999000+00:00,1
2026-06-09 20:00:00+00:00,4.659,4.693,4.613,4.623,214244.0,2026-06-09 23:59:59.999000+00:00,1
2026-06-10 00:00:00+00:00,4.624,4.669,4.571,4.594,355170.0,2026-06-10 03:59:59.999000+00:00,1
2026-06-10 04:00:00+00:00,4.595,4.628,4.543,4.613,298258.0,2026-06-10 07:59:59.999000+00:00,1
2026-06-10 08:00:00+00:00,4.616,4.619,4.5,4.52,576362.0,2026-06-10 11:59:59.999000+00:00,1
2026-06-10 12:00:00+00:00,4.521,4.714,4.502,4.688,929738.0,2026-06-10 15:59:59.999000+00:00,1
2026-06-10 16:00:00+00:00,4.689,4.703,4.567,4.583,388964.0,2026-06-10 19:59:59.999000+00:00,1
2026-06-10 20:00:00+00:00,4.584,4.597,4.464,4.544,606676.0,2026-06-10 23:59:59.999000+00:00,1
2026-06-11 00:00:00+00:00,4.542,4.707,4.535,4.695,488050.0,2026-06-11 03:59:59.999000+00:00,1
2026-06-11 04:00:00+00:00,4.695,4.741,4.68,4.696,358315.0,2026-06-11 07:59:59.999000+00:00,1
2026-06-11 08:00:00+00:00,4.695,4.749,4.689,4.705,800698.0,2026-06-11 11:59:59.999000+00:00,1
2026-06-11 12:00:00+00:00,4.709,4.733,4.644,4.712,764691.0,2026-06-11 15:59:59.999000+00:00,1
2026-06-11 16:00:00+00:00,4.713,4.823,4.641,4.78,827412.0,2026-06-11 19:59:59.999000+00:00,1
2026-06-11 20:00:00+00:00,4.78,4.797,4.735,4.75,415016.0,2026-06-11 23:59:59.999000+00:00,1
2026-06-12 00:00:00+00:00,4.751,4.808,4.728,4.808,373743.0,2026-06-12 03:59:59.999000+00:00,1
2026-06-12 04:00:00+00:00,4.81,4.832,4.719,4.766,294557.0,2026-06-12 07:59:59.999000+00:00,1
2026-06-12 08:00:00+00:00,4.765,4.892,4.762,4.841,414087.0,2026-06-12 11:59:59.999000+00:00,1
2026-06-12 12:00:00+00:00,4.839,4.904,4.756,4.79,712892.0,2026-06-12 15:59:59.999000+00:00,1
2026-06-12 16:00:00+00:00,4.789,4.883,4.768,4.856,615274.0,2026-06-12 19:59:59.999000+00:00,1
2026-06-12 20:00:00+00:00,4.857,4.877,4.812,4.842,217155.0,2026-06-12 23:59:59.999000+00:00,1
2026-06-13 00:00:00+00:00,4.843,4.899,4.83,4.86,265838.0,2026-06-13 03:59:59.999000+00:00,1
2026-06-13 04:00:00+00:00,4.86,4.968,4.844,4.96,358524.0,2026-06-13 07:59:59.999000+00:00,1
2026-06-13 08:00:00+00:00,4.962,5.019,4.925,4.958,436698.0,2026-06-13 11:59:59.999000+00:00,1
2026-06-13 12:00:00+00:00,4.959,4.971,4.91,4.961,419269.0,2026-06-13 15:59:59.999000+00:00,1
2026-06-13 16:00:00+00:00,4.962,4.97,4.907,4.947,397056.0,2026-06-13 19:59:59.999000+00:00,1
2026-06-13 20:00:00+00:00,4.945,5.01,4.943,4.953,138577.0,2026-06-13 23:59:59.999000+00:00,1
2026-06-14 00:00:00+00:00,4.951,4.977,4.906,4.933,426726.0,2026-06-14 03:59:59.999000+00:00,1
2026-06-14 04:00:00+00:00,4.929,4.944,4.856,4.881,277302.0,2026-06-14 07:59:59.999000+00:00,1
2026-06-14 08:00:00+00:00,4.882,4.924,4.864,4.905,111783.0,2026-06-14 11:59:59.999000+00:00,1
2026-06-14 12:00:00+00:00,4.906,4.911,4.824,4.832,176477.0,2026-06-14 15:59:59.999000+00:00,1
2026-06-14 16:00:00+00:00,4.833,4.892,4.804,4.85,229767.0,2026-06-14 19:59:59.999000+00:00,1
2026-06-14 20:00:00+00:00,4.85,5.158,4.84,5.156,716031.0,2026-06-14 23:59:59.999000+00:00,1
2026-06-15 00:00:00+00:00,5.157,5.182,5.056,5.14,520669.0,2026-06-15 03:59:59.999000+00:00,1
2026-06-15 04:00:00+00:00,5.143,5.173,5.096,5.119,379498.0,2026-06-15 07:59:59.999000+00:00,1
2026-06-15 08:00:00+00:00,5.122,5.286,5.084,5.271,561900.0,2026-06-15 11:59:59.999000+00:00,1
2026-06-15 12:00:00+00:00,5.272,5.489,5.228,5.479,896543.0,2026-06-15 15:59:59.999000+00:00,1
2026-06-15 16:00:00+00:00,5.481,5.81,5.323,5.359,7475954.0,2026-06-15 19:59:59.999000+00:00,1
2026-06-15 20:00:00+00:00,5.358,5.443,5.315,5.404,710108.0,2026-06-15 23:59:59.999000+00:00,1
2026-06-16 00:00:00+00:00,5.403,5.427,5.249,5.339,999908.0,2026-06-16 03:59:59.999000+00:00,1
2026-06-16 04:00:00+00:00,5.339,5.385,5.284,5.359,509877.0,2026-06-16 07:59:59.999000+00:00,1
2026-06-16 08:00:00+00:00,5.358,5.461,5.35,5.385,525709.0,2026-06-16 11:59:59.999000+00:00,1
2026-06-16 12:00:00+00:00,5.388,5.511,5.245,5.369,706488.0,2026-06-16 15:59:59.999000+00:00,1
2026-06-16 16:00:00+00:00,5.368,5.493,5.351,5.395,615187.0,2026-06-16 19:59:59.999000+00:00,1
2026-06-16 20:00:00+00:00,5.393,5.462,5.372,5.394,236940.0,2026-06-16 23:59:59.999000+00:00,1
2026-06-17 00:00:00+00:00,5.399,5.587,5.379,5.466,491180.0,2026-06-17 03:59:59.999000+00:00,1
2026-06-17 04:00:00+00:00,5.467,5.55,5.443,5.476,407640.0,2026-06-17 07:59:59.999000+00:00,1
2026-06-17 08:00:00+00:00,5.481,5.481,5.32,5.337,599654.0,2026-06-17 11:59:59.999000+00:00,1
2026-06-17 12:00:00+00:00,5.337,5.469,5.32,5.462,481198.0,2026-06-17 15:59:59.999000+00:00,1
2026-06-17 16:00:00+00:00,5.461,5.539,5.251,5.284,977021.0,2026-06-17 19:59:59.999000+00:00,1
2026-06-17 20:00:00+00:00,5.284,5.363,5.243,5.338,426828.0,2026-06-17 23:59:59.999000+00:00,1
2026-06-18 00:00:00+00:00,5.339,5.417,5.297,5.312,266090.0,2026-06-18 03:59:59.999000+00:00,1
2026-06-18 04:00:00+00:00,5.311,5.317,5.211,5.291,424050.0,2026-06-18 07:59:59.999000+00:00,1
2026-06-18 08:00:00+00:00,5.293,5.397,5.266,5.275,351979.0,2026-06-18 11:59:59.999000+00:00,1
2026-06-18 12:00:00+00:00,5.276,5.391,5.134,5.153,769334.0,2026-06-18 15:59:59.999000+00:00,1
2026-06-18 16:00:00+00:00,5.15,5.369,5.142,5.357,596026.0,2026-06-18 19:59:59.999000+00:00,1
2026-06-18 20:00:00+00:00,5.359,5.391,5.238,5.321,579265.0,2026-06-18 23:59:59.999000+00:00,1
2026-06-19 00:00:00+00:00,5.322,5.324,5.179,5.242,272441.0,2026-06-19 03:59:59.999000+00:00,1
2026-06-19 04:00:00+00:00,5.241,5.258,5.12,5.135,497726.0,2026-06-19 07:59:59.999000+00:00,1
2026-06-19 08:00:00+00:00,5.137,5.161,5.062,5.099,439197.0,2026-06-19 11:59:59.999000+00:00,1
2026-06-19 12:00:00+00:00,5.101,5.258,5.089,5.232,521926.0,2026-06-19 15:59:59.999000+00:00,1
2026-06-19 16:00:00+00:00,5.232,5.272,5.163,5.193,287100.0,2026-06-19 19:59:59.999000+00:00,1
2026-06-19 20:00:00+00:00,5.195,5.264,5.18,5.256,188035.0,2026-06-19 23:59:59.999000+00:00,1
2026-06-20 00:00:00+00:00,5.257,5.296,4.54,4.656,4441789.0,2026-06-20 03:59:59.999000+00:00,1
2026-06-20 04:00:00+00:00,4.656,4.821,4.634,4.802,2232689.0,2026-06-20 07:59:59.999000+00:00,1
2026-06-20 08:00:00+00:00,4.802,4.848,4.783,4.822,716151.0,2026-06-20 11:59:59.999000+00:00,1
2026-06-20 12:00:00+00:00,4.822,4.885,4.74,4.864,1507192.0,2026-06-20 15:59:59.999000+00:00,1
2026-06-20 16:00:00+00:00,4.866,4.87,4.786,4.842,495142.0,2026-06-20 19:59:59.999000+00:00,1
2026-06-20 20:00:00+00:00,4.843,4.857,4.772,4.816,358733.0,2026-06-20 23:59:59.999000+00:00,1
2026-06-21 00:00:00+00:00,4.816,4.819,4.728,4.755,365963.0,2026-06-21 03:59:59.999000+00:00,1
2026-06-21 04:00:00+00:00,4.756,4.777,4.686,4.707,533803.0,2026-06-21 07:59:59.999000+00:00,1
2026-06-21 08:00:00+00:00,4.708,4.754,4.672,4.715,382866.0,2026-06-21 11:59:59.999000+00:00,1
2026-06-21 12:00:00+00:00,4.718,4.791,4.705,4.779,277861.0,2026-06-21 15:59:59.999000+00:00,1
2026-06-21 16:00:00+00:00,4.779,4.781,4.722,4.761,226451.0,2026-06-21 19:59:59.999000+00:00,1
2026-06-21 20:00:00+00:00,4.76,4.76,4.627,4.648,554309.0,2026-06-21 23:59:59.999000+00:00,1
2026-06-22 00:00:00+00:00,4.647,4.782,4.646,4.682,421997.0,2026-06-22 03:59:59.999000+00:00,1
2026-06-22 04:00:00+00:00,4.681,4.714,4.664,4.691,341944.0,2026-06-22 07:59:59.999000+00:00,1
2026-06-22 08:00:00+00:00,4.692,4.717,4.644,4.712,369779.0,2026-06-22 11:59:59.999000+00:00,1
2026-06-22 12:00:00+00:00,4.711,4.817,4.67,4.682,1197441.0,2026-06-22 15:59:59.999000+00:00,1
2026-06-22 16:00:00+00:00,4.683,4.778,4.663,4.695,1169146.0,2026-06-22 19:59:59.999000+00:00,1
2026-06-22 20:00:00+00:00,4.695,4.715,4.61,4.643,436099.0,2026-06-22 23:59:59.999000+00:00,1
2026-06-23 00:00:00+00:00,4.642,4.648,4.586,4.611,352989.0,2026-06-23 03:59:59.999000+00:00,1
2026-06-23 04:00:00+00:00,4.611,4.613,4.409,4.416,1562793.0,2026-06-23 07:59:59.999000+00:00,1
2026-06-23 08:00:00+00:00,4.417,4.43,4.302,4.405,1249857.0,2026-06-23 11:59:59.999000+00:00,1
2026-06-23 12:00:00+00:00,4.404,4.451,4.353,4.382,542412.0,2026-06-23 15:59:59.999000+00:00,1
2026-06-23 16:00:00+00:00,4.382,4.41,4.36,4.389,425360.0,2026-06-23 19:59:59.999000+00:00,1
2026-06-23 20:00:00+00:00,4.39,4.45,4.39,4.441,294995.0,2026-06-23 23:59:59.999000+00:00,1
2026-06-24 00:00:00+00:00,4.442,4.472,4.383,4.392,342335.0,2026-06-24 03:59:59.999000+00:00,1
2026-06-24 04:00:00+00:00,4.39,4.414,4.351,4.386,340919.0,2026-06-24 07:59:59.999000+00:00,1
2026-06-24 08:00:00+00:00,4.386,4.445,4.345,4.41,343415.0,2026-06-24 11:59:59.999000+00:00,1
2026-06-24 12:00:00+00:00,4.41,4.421,4.225,4.249,1378894.0,2026-06-24 15:59:59.999000+00:00,1
2026-06-24 16:00:00+00:00,4.247,4.308,4.112,4.245,1947845.0,2026-06-24 19:59:59.999000+00:00,1
2026-06-24 20:00:00+00:00,4.247,4.399,4.239,4.339,571762.0,2026-06-24 23:59:59.999000+00:00,1
2026-06-25 00:00:00+00:00,4.342,4.355,4.287,4.315,517359.0,2026-06-25 03:59:59.999000+00:00,1
2026-06-25 04:00:00+00:00,4.314,4.388,4.285,4.347,625761.0,2026-06-25 07:59:59.999000+00:00,1
2026-06-25 08:00:00+00:00,4.347,4.351,4.252,4.262,388818.0,2026-06-25 11:59:59.999000+00:00,1
2026-06-25 12:00:00+00:00,4.262,4.322,3.949,4.122,2781500.0,2026-06-25 15:59:59.999000+00:00,1
2026-06-25 16:00:00+00:00,4.121,4.18,4.086,4.106,780839.0,2026-06-25 19:59:59.999000+00:00,1
2026-06-25 20:00:00+00:00,4.108,4.193,4.108,4.157,455703.0,2026-06-25 23:59:59.999000+00:00,1
2026-06-26 00:00:00+00:00,4.159,4.166,3.949,4.062,1037003.0,2026-06-26 03:59:59.999000+00:00,1
2026-06-26 04:00:00+00:00,4.061,4.147,4.026,4.134,516460.0,2026-06-26 07:59:59.999000+00:00,1
2026-06-26 08:00:00+00:00,4.134,4.138,4.009,4.018,682177.0,2026-06-26 11:59:59.999000+00:00,1
2026-06-26 12:00:00+00:00,4.019,4.177,3.968,4.144,961794.0,2026-06-26 15:59:59.999000+00:00,1
2026-06-26 16:00:00+00:00,4.144,4.289,4.136,4.202,782826.0,2026-06-26 19:59:59.999000+00:00,1
2026-06-26 20:00:00+00:00,4.203,4.261,4.149,4.215,622493.0,2026-06-26 23:59:59.999000+00:00,1
2026-06-27 00:00:00+00:00,4.217,4.324,4.217,4.316,916801.0,2026-06-27 03:59:59.999000+00:00,1
2026-06-27 04:00:00+00:00,4.314,4.361,4.262,4.3,742991.0,2026-06-27 07:59:59.999000+00:00,1
2026-06-27 08:00:00+00:00,4.301,4.307,4.253,4.281,341052.0,2026-06-27 11:59:59.999000+00:00,1
2026-06-27 12:00:00+00:00,4.281,4.321,4.26,4.308,217535.0,2026-06-27 15:59:59.999000+00:00,1
2026-06-27 16:00:00+00:00,4.308,4.311,4.141,4.16,470995.0,2026-06-27 19:59:59.999000+00:00,1
2026-06-27 20:00:00+00:00,4.161,4.199,4.141,4.179,353282.0,2026-06-27 23:59:59.999000+00:00,1
2026-06-28 00:00:00+00:00,4.177,4.182,4.132,4.151,256870.0,2026-06-28 03:59:59.999000+00:00,1
2026-06-28 04:00:00+00:00,4.15,4.158,4.088,4.133,258170.0,2026-06-28 07:59:59.999000+00:00,1
2026-06-28 08:00:00+00:00,4.134,4.169,4.114,4.166,180242.0,2026-06-28 11:59:59.999000+00:00,1
2026-06-28 12:00:00+00:00,4.166,4.178,4.124,4.15,219173.0,2026-06-28 15:59:59.999000+00:00,1
2026-06-28 16:00:00+00:00,4.152,4.154,4.086,4.111,395512.0,2026-06-28 19:59:59.999000+00:00,1
2026-06-28 20:00:00+00:00,4.111,4.152,4.065,4.117,230509.0,2026-06-28 23:59:59.999000+00:00,1
2026-06-29 00:00:00+00:00,4.119,4.172,4.063,4.15,422660.0,2026-06-29 03:59:59.999000+00:00,1
2026-06-29 04:00:00+00:00,4.15,4.163,4.076,4.132,242604.0,2026-06-29 07:59:59.999000+00:00,1
2026-06-29 08:00:00+00:00,4.132,4.164,4.119,4.142,397771.0,2026-06-29 11:59:59.999000+00:00,1
2026-06-29 12:00:00+00:00,4.142,4.189,4.071,4.14,775102.0,2026-06-29 15:59:59.999000+00:00,1
2026-06-29 16:00:00+00:00,4.14,4.262,4.126,4.224,499099.0,2026-06-29 19:59:59.999000+00:00,1
2026-06-29 20:00:00+00:00,4.225,4.225,4.17,4.189,150371.0,2026-06-29 23:59:59.999000+00:00,1
2026-06-30 00:00:00+00:00,4.189,4.203,4.119,4.133,273723.0,2026-06-30 03:59:59.999000+00:00,1
2026-06-30 04:00:00+00:00,4.132,4.149,4.116,4.124,125337.0,2026-06-30 07:59:59.999000+00:00,1
2026-06-30 08:00:00+00:00,4.126,4.134,4.074,4.084,216919.0,2026-06-30 11:59:59.999000+00:00,1
2026-06-30 12:00:00+00:00,4.085,4.098,4.008,4.046,600326.0,2026-06-30 15:59:59.999000+00:00,1
2026-06-30 16:00:00+00:00,4.046,4.082,4.007,4.052,328640.0,2026-06-30 19:59:59.999000+00:00,1
2026-06-30 20:00:00+00:00,4.05,4.085,4.045,4.07,188784.0,2026-06-30 23:59:59.999000+00:00,1
2026-07-01 00:00:00+00:00,4.072,4.153,3.977,4.14,404181.0,2026-07-01 03:59:59.999000+00:00,1
2026-07-01 04:00:00+00:00,4.139,4.152,4.03,4.045,234722.0,2026-07-01 07:59:59.999000+00:00,1
2026-07-01 08:00:00+00:00,4.045,4.069,4.009,4.062,398632.0,2026-07-01 11:59:59.999000+00:00,1
2026-07-01 12:00:00+00:00,4.062,4.215,4.006,4.177,616019.0,2026-07-01 15:59:59.999000+00:00,1
2026-07-01 16:00:00+00:00,4.175,4.181,4.103,4.112,274781.0,2026-07-01 19:59:59.999000+00:00,1
2026-07-01 20:00:00+00:00,4.11,4.199,4.087,4.091,278036.0,2026-07-01 23:59:59.999000+00:00,1
2026-07-02 00:00:00+00:00,4.089,4.203,4.059,4.201,357515.0,2026-07-02 03:59:59.999000+00:00,1
2026-07-02 04:00:00+00:00,4.201,4.201,4.116,4.143,212984.0,2026-07-02 07:59:59.999000+00:00,1
2026-07-02 08:00:00+00:00,4.144,4.247,4.14,4.214,385490.0,2026-07-02 11:59:59.999000+00:00,1
2026-07-02 12:00:00+00:00,4.214,4.343,4.188,4.208,1224345.0,2026-07-02 15:59:59.999000+00:00,1
2026-07-02 16:00:00+00:00,4.209,4.222,4.173,4.187,433202.0,2026-07-02 19:59:59.999000+00:00,1
2026-07-02 20:00:00+00:00,4.186,4.205,4.156,4.17,267425.0,2026-07-02 23:59:59.999000+00:00,1
2026-07-03 00:00:00+00:00,4.171,4.239,4.148,4.22,461151.0,2026-07-03 03:59:59.999000+00:00,1
2026-07-03 04:00:00+00:00,4.219,4.261,4.186,4.253,437751.0,2026-07-03 07:59:59.999000+00:00,1
2026-07-03 08:00:00+00:00,4.255,4.353,4.249,4.331,335337.0,2026-07-03 11:59:59.999000+00:00,1
2026-07-03 12:00:00+00:00,4.331,4.375,4.308,4.344,508156.0,2026-07-03 15:59:59.999000+00:00,1
2026-07-03 16:00:00+00:00,4.343,4.385,4.33,4.364,354551.0,2026-07-03 19:59:59.999000+00:00,1
2026-07-03 20:00:00+00:00,4.363,4.417,4.351,4.366,651373.0,2026-07-03 23:59:59.999000+00:00,1
2026-07-04 00:00:00+00:00,4.367,4.395,4.292,4.321,394898.0,2026-07-04 03:59:59.999000+00:00,1
2026-07-04 04:00:00+00:00,4.315,4.351,4.285,4.314,460855.0,2026-07-04 07:59:59.999000+00:00,1
2026-07-04 08:00:00+00:00,4.313,4.327,4.273,4.317,213336.0,2026-07-04 11:59:59.999000+00:00,1
2026-07-04 12:00:00+00:00,4.316,4.397,4.316,4.371,361671.0,2026-07-04 15:59:59.999000+00:00,1
2026-07-04 16:00:00+00:00,4.371,4.418,4.354,4.354,455462.0,2026-07-04 19:59:59.999000+00:00,1
2026-07-04 20:00:00+00:00,4.354,4.367,4.297,4.311,380427.0,2026-07-04 23:59:59.999000+00:00,1
2026-07-05 00:00:00+00:00,4.311,4.347,4.255,4.275,387457.0,2026-07-05 03:59:59.999000+00:00,1
2026-07-05 04:00:00+00:00,4.273,4.302,4.241,4.301,276949.0,2026-07-05 07:59:59.999000+00:00,1
2026-07-05 08:00:00+00:00,4.3,4.313,4.236,4.277,327041.0,2026-07-05 11:59:59.999000+00:00,1
2026-07-05 12:00:00+00:00,4.277,4.315,4.263,4.279,188761.0,2026-07-05 15:59:59.999000+00:00,1
2026-07-05 16:00:00+00:00,4.278,4.353,4.257,4.327,365800.0,2026-07-05 19:59:59.999000+00:00,1
2026-07-05 20:00:00+00:00,4.327,4.405,4.3,4.336,504067.0,2026-07-05 23:59:59.999000+00:00,1
2026-07-06 00:00:00+00:00,4.338,4.34,4.276,4.294,569495.0,2026-07-06 03:59:59.999000+00:00,1
2026-07-06 04:00:00+00:00,4.294,4.296,4.242,4.255,201589.0,2026-07-06 07:59:59.999000+00:00,1
2026-07-06 08:00:00+00:00,4.255,4.265,4.213,4.214,415249.0,2026-07-06 11:59:59.999000+00:00,1
2026-07-06 12:00:00+00:00,4.214,4.259,4.052,4.245,1673801.0,2026-07-06 15:59:59.999000+00:00,1
2026-07-06 16:00:00+00:00,4.245,4.279,4.218,4.273,399507.0,2026-07-06 19:59:59.999000+00:00,1
2026-07-06 20:00:00+00:00,4.272,4.326,4.238,4.265,512952.0,2026-07-06 23:59:59.999000+00:00,1
2026-07-07 00:00:00+00:00,4.264,4.294,4.177,4.187,402215.0,2026-07-07 03:59:59.999000+00:00,1
2026-07-07 04:00:00+00:00,4.186,4.229,4.164,4.21,314517.0,2026-07-07 07:59:59.999000+00:00,1
2026-07-07 08:00:00+00:00,4.212,4.229,4.183,4.192,227000.0,2026-07-07 11:59:59.999000+00:00,1
2026-07-07 12:00:00+00:00,4.191,4.241,4.117,4.232,212123.0,2026-07-07 15:59:59.999000+00:00,1
2026-07-07 16:00:00+00:00,4.231,4.284,4.154,4.168,297078.0,2026-07-07 19:59:59.999000+00:00,1
2026-07-07 20:00:00+00:00,4.168,4.197,4.106,4.138,213294.0,2026-07-07 23:59:59.999000+00:00,1
2026-07-08 00:00:00+00:00,4.139,4.181,4.008,4.053,566150.0,2026-07-08 03:59:59.999000+00:00,1
2026-07-08 04:00:00+00:00,4.052,4.11,4.037,4.062,1153829.0,2026-07-08 07:59:59.999000+00:00,1
2026-07-08 08:00:00+00:00,4.062,4.084,3.977,4.063,1794461.0,2026-07-08 11:59:59.999000+00:00,1
2026-07-08 12:00:00+00:00,4.063,4.066,3.996,4.018,561053.0,2026-07-08 15:59:59.999000+00:00,1
2026-07-08 16:00:00+00:00,4.016,4.082,4.015,4.045,245597.0,2026-07-08 19:59:59.999000+00:00,1
2026-07-08 20:00:00+00:00,4.044,4.076,4.03,4.071,218653.0,2026-07-08 23:59:59.999000+00:00,1
2026-07-09 00:00:00+00:00,4.072,4.101,4.028,4.047,230101.0,2026-07-09 03:59:59.999000+00:00,1
2026-07-09 04:00:00+00:00,4.046,4.201,4.043,4.133,628430.0,2026-07-09 07:59:59.999000+00:00,1
2026-07-09 08:00:00+00:00,4.134,4.146,4.084,4.107,202880.0,2026-07-09 11:59:59.999000+00:00,1
2026-07-09 12:00:00+00:00,4.106,4.133,4.076,4.117,342494.0,2026-07-09 15:59:59.999000+00:00,1
2026-07-09 16:00:00+00:00,4.116,4.149,4.094,4.109,241292.0,2026-07-09 19:59:59.999000+00:00,1
2026-07-09 20:00:00+00:00,4.109,4.15,4.1,4.142,194608.0,2026-07-09 23:59:59.999000+00:00,1
2026-07-10 00:00:00+00:00,4.143,4.211,4.107,4.164,546514.0,2026-07-10 03:59:59.999000+00:00,1
2026-07-10 04:00:00+00:00,4.163,4.183,4.157,4.16,235099.0,2026-07-10 07:59:59.999000+00:00,1
2026-07-10 08:00:00+00:00,4.16,4.242,4.157,4.19,792397.0,2026-07-10 11:59:59.999000+00:00,1
2026-07-10 12:00:00+00:00,4.19,4.215,4.114,4.154,380950.0,2026-07-10 15:59:59.999000+00:00,1
2026-07-10 16:00:00+00:00,4.155,4.163,4.122,4.14,278461.0,2026-07-10 19:59:59.999000+00:00,1
2026-07-10 20:00:00+00:00,4.141,4.184,4.14,4.18,206306.0,2026-07-10 23:59:59.999000+00:00,1
2026-07-11 00:00:00+00:00,4.178,4.2,4.156,4.184,200894.0,2026-07-11 03:59:59.999000+00:00,1
2026-07-11 04:00:00+00:00,4.185,4.206,4.163,4.18,499660.0,2026-07-11 07:59:59.999000+00:00,1
2026-07-11 08:00:00+00:00,4.181,4.21,4.18,4.201,438260.0,2026-07-11 11:59:59.999000+00:00,1
2026-07-11 12:00:00+00:00,4.203,4.227,4.176,4.201,336664.0,2026-07-11 15:59:59.999000+00:00,1
2026-07-11 16:00:00+00:00,4.201,4.23,4.186,4.204,380476.0,2026-07-11 19:59:59.999000+00:00,1
2026-07-11 20:00:00+00:00,4.206,4.231,4.124,4.127,403075.0,2026-07-11 23:59:59.999000+00:00,1
2026-07-12 00:00:00+00:00,4.126,4.16,4.092,4.152,559619.0,2026-07-12 03:59:59.999000+00:00,1
2026-07-12 04:00:00+00:00,4.154,4.163,4.099,4.122,249404.0,2026-07-12 07:59:59.999000+00:00,1
2026-07-12 08:00:00+00:00,4.121,4.15,4.114,4.144,294260.0,2026-07-12 11:59:59.999000+00:00,1
2026-07-12 12:00:00+00:00,4.143,4.15,4.118,4.134,220715.0,2026-07-12 15:59:59.999000+00:00,1
2026-07-12 16:00:00+00:00,4.134,4.141,4.107,4.139,158486.0,2026-07-12 19:59:59.999000+00:00,1
2026-07-12 20:00:00+00:00,4.14,4.147,4.077,4.095,139047.0,2026-07-12 23:59:59.999000+00:00,1
2026-07-13 00:00:00+00:00,4.095,4.156,3.991,4.03,580251.0,2026-07-13 03:59:59.999000+00:00,1
2026-07-13 04:00:00+00:00,4.029,4.142,4.014,4.136,407509.0,2026-07-13 07:59:59.999000+00:00,1
2026-07-13 08:00:00+00:00,4.137,4.141,4.085,4.095,253036.0,2026-07-13 11:59:59.999000+00:00,1
2026-07-13 12:00:00+00:00,4.094,4.1,4.043,4.066,365812.0,2026-07-13 15:59:59.999000+00:00,1
2026-07-13 16:00:00+00:00,4.067,4.08,4.023,4.079,264110.0,2026-07-13 19:59:59.999000+00:00,1
2026-07-13 20:00:00+00:00,4.078,4.078,4.008,4.071,270889.0,2026-07-13 23:59:59.999000+00:00,1
2026-07-14 00:00:00+00:00,4.068,4.107,4.053,4.1,359838.0,2026-07-14 03:59:59.999000+00:00,1
2026-07-14 04:00:00+00:00,4.102,4.148,4.089,4.096,544719.0,2026-07-14 07:59:59.999000+00:00,1
2026-07-14 08:00:00+00:00,4.095,4.105,4.079,4.087,223740.0,2026-07-14 11:59:59.999000+00:00,1
2026-07-14 12:00:00+00:00,4.088,4.272,4.087,4.227,1096049.0,2026-07-14 15:59:59.999000+00:00,1
2026-07-14 16:00:00+00:00,4.228,4.261,4.197,4.221,378876.0,2026-07-14 19:59:59.999000+00:00,1
2026-07-14 20:00:00+00:00,4.223,4.235,4.187,4.223,261146.0,2026-07-14 23:59:59.999000+00:00,1
2026-07-15 00:00:00+00:00,4.224,4.232,4.169,4.211,440360.0,2026-07-15 03:59:59.999000+00:00,1
2026-07-15 04:00:00+00:00,4.211,4.249,4.183,4.212,440726.0,2026-07-15 07:59:59.999000+00:00,1
2026-07-15 08:00:00+00:00,4.213,4.244,4.203,4.24,229544.0,2026-07-15 11:59:59.999000+00:00,1
2026-07-15 12:00:00+00:00,4.242,4.45,4.23,4.402,2674168.0,2026-07-15 15:59:59.999000+00:00,1
2026-07-15 16:00:00+00:00,4.403,4.421,4.341,4.353,1199621.0,2026-07-15 19:59:59.999000+00:00,1
2026-07-15 20:00:00+00:00,4.355,4.376,4.312,4.312,530145.0,2026-07-15 23:59:59.999000+00:00,1
2026-07-16 00:00:00+00:00,4.312,4.397,4.28,4.322,564311.0,2026-07-16 03:59:59.999000+00:00,1
2026-07-16 04:00:00+00:00,4.322,4.38,4.245,4.265,781202.0,2026-07-16 07:59:59.999000+00:00,1
2026-07-16 08:00:00+00:00,4.263,4.269,4.232,4.25,593549.0,2026-07-16 11:59:59.999000+00:00,1
2026-07-16 12:00:00+00:00,4.249,4.299,4.234,4.293,348325.0,2026-07-16 15:59:59.999000+00:00,1
2026-07-16 16:00:00+00:00,4.294,4.339,4.246,4.285,542192.0,2026-07-16 19:59:59.999000+00:00,1
2026-07-16 20:00:00+00:00,4.286,4.303,4.215,4.237,297110.0,2026-07-16 23:59:59.999000+00:00,1
2026-07-17 00:00:00+00:00,4.238,4.378,4.229,4.311,921592.0,2026-07-17 03:59:59.999000+00:00,1
2026-07-17 04:00:00+00:00,4.31,4.477,4.259,4.419,2124715.0,2026-07-17 07:59:59.999000+00:00,1
2026-07-17 08:00:00+00:00,4.416,4.607,4.399,4.514,4521967.0,2026-07-17 11:59:59.999000+00:00,1
2026-07-17 12:00:00+00:00,4.512,4.703,4.477,4.638,5838798.0,2026-07-17 15:59:59.999000+00:00,1
2026-07-17 16:00:00+00:00,4.638,4.679,4.557,4.586,2197613.0,2026-07-17 19:59:59.999000+00:00,1
2026-07-17 20:00:00+00:00,4.586,4.675,4.545,4.557,1267447.0,2026-07-17 23:59:59.999000+00:00,1
2026-07-18 00:00:00+00:00,4.557,4.588,4.49,4.539,1472042.0,2026-07-18 03:59:59.999000+00:00,1
2026-07-18 04:00:00+00:00,4.54,4.54,4.438,4.449,647771.0,2026-07-18 07:59:59.999000+00:00,1
2026-07-18 08:00:00+00:00,4.45,4.511,4.435,4.498,715290.0,2026-07-18 11:59:59.999000+00:00,1
2026-07-18 12:00:00+00:00,4.498,4.658,4.495,4.563,2343138.0,2026-07-18 15:59:59.999000+00:00,1
2026-07-18 16:00:00+00:00,4.562,4.562,4.476,4.489,987275.0,2026-07-18 19:59:59.999000+00:00,1
2026-07-18 20:00:00+00:00,4.49,4.578,4.484,4.554,696253.0,2026-07-18 23:59:59.999000+00:00,1
2026-07-19 00:00:00+00:00,4.554,4.557,4.445,4.452,1028682.0,2026-07-19 03:59:59.999000+00:00,1
2026-07-19 04:00:00+00:00,4.452,4.51,4.439,4.482,687866.0,2026-07-19 07:59:59.999000+00:00,1
2026-07-19 08:00:00+00:00,4.483,4.514,4.462,4.487,537932.0,2026-07-19 11:59:59.999000+00:00,1
2026-07-19 12:00:00+00:00,4.488,4.66,4.461,4.63,2262342.0,2026-07-19 15:59:59.999000+00:00,1
2026-07-19 16:00:00+00:00,4.629,4.654,4.512,4.52,898449.0,2026-07-19 19:59:59.999000+00:00,1
2026-07-19 20:00:00+00:00,4.52,4.569,4.483,4.506,675894.0,2026-07-19 23:59:59.999000+00:00,1
2026-07-20 00:00:00+00:00,4.507,4.56,4.464,4.525,996169.0,2026-07-20 03:59:59.999000+00:00,1
2026-07-20 04:00:00+00:00,4.525,4.536,4.386,4.428,796484.0,2026-07-20 07:59:59.999000+00:00,1
2026-07-20 08:00:00+00:00,4.429,4.445,4.373,4.433,848320.0,2026-07-20 11:59:59.999000+00:00,1
2026-07-20 12:00:00+00:00,4.434,4.438,4.343,4.423,903096.0,2026-07-20 15:59:59.999000+00:00,1
2026-07-20 16:00:00+00:00,4.425,4.471,4.385,4.447,922545.0,2026-07-20 19:59:59.999000+00:00,1
2026-07-20 20:00:00+00:00,4.448,4.542,4.427,4.499,779957.0,2026-07-20 23:59:59.999000+00:00,1
2026-07-21 00:00:00+00:00,4.5,4.74,4.479,4.634,3539499.0,2026-07-21 03:59:59.999000+00:00,1
2026-07-21 04:00:00+00:00,4.637,4.683,4.577,4.591,1356117.0,2026-07-21 07:59:59.999000+00:00,1
2026-07-21 08:00:00+00:00,4.59,4.682,4.563,4.567,1422150.0,2026-07-21 11:59:59.999000+00:00,1
2026-07-21 12:00:00+00:00,4.566,4.599,4.518,4.563,817150.0,2026-07-21 15:59:59.999000+00:00,1
2026-07-21 16:00:00+00:00,4.562,4.568,4.501,4.559,629993.0,2026-07-21 19:59:59.999000+00:00,1
2026-07-21 20:00:00+00:00,4.56,4.568,4.533,4.55,460158.0,2026-07-21 23:59:59.999000+00:00,1
2026-07-22 00:00:00+00:00,4.55,4.583,4.535,4.54,616993.0,2026-07-22 03:59:59.999000+00:00,1
2026-07-22 04:00:00+00:00,4.538,4.62,4.461,4.502,1892994.0,2026-07-22 07:59:59.999000+00:00,1
2026-07-22 08:00:00+00:00,4.503,4.607,4.5,4.602,905605.0,2026-07-22 11:59:59.999000+00:00,1
2026-07-22 12:00:00+00:00,4.605,4.676,4.574,4.612,1418167.0,2026-07-22 15:59:59.999000+00:00,1
2026-07-22 16:00:00+00:00,4.612,4.643,4.559,4.566,623905.0,2026-07-22 19:59:59.999000+00:00,1
2026-07-22 20:00:00+00:00,4.564,4.58,4.533,4.556,645635.0,2026-07-22 23:59:59.999000+00:00,1
2026-07-23 00:00:00+00:00,4.556,4.569,4.502,4.525,573442.0,2026-07-23 03:59:59.999000+00:00,1
2026-07-23 04:00:00+00:00,4.523,4.568,4.495,4.504,757494.0,2026-07-23 07:59:59.999000+00:00,1
2026-07-23 08:00:00+00:00,4.504,4.534,4.499,4.523,324496.0,2026-07-23 11:59:59.999000+00:00,1
2026-07-23 12:00:00+00:00,4.523,4.523,4.415,4.443,908148.0,2026-07-23 15:59:59.999000+00:00,1
2026-07-23 16:00:00+00:00,4.443,4.45,4.406,4.431,252060.0,2026-07-23 19:59:59.999000+00:00,1
2026-07-23 20:00:00+00:00,4.427,4.473,4.41,4.423,299044.0,2026-07-23 23:59:59.999000+00:00,1
2026-07-24 00:00:00+00:00,4.425,4.518,4.394,4.497,443619.0,2026-07-24 03:59:59.999000+00:00,1
2026-07-24 04:00:00+00:00,4.497,4.515,4.473,4.503,526957.0,2026-07-24 07:59:59.999000+00:00,1
2026-07-24 08:00:00+00:00,4.502,4.503,4.422,4.433,505152.0,2026-07-24 11:59:59.999000+00:00,1
2026-07-24 12:00:00+00:00,4.434,4.449,4.316,4.345,1175819.0,2026-07-24 15:59:59.999000+00:00,1
2026-07-24 16:00:00+00:00,4.344,4.378,4.327,4.353,742554.0,2026-07-24 19:59:59.999000+00:00,1
2026-07-24 20:00:00+00:00,4.354,4.366,4.325,4.337,514363.0,2026-07-24 23:59:59.999000+00:00,1
2026-07-25 00:00:00+00:00,4.337,4.339,4.278,4.3,701921.0,2026-07-25 03:59:59.999000+00:00,1
2026-07-25 04:00:00+00:00,4.299,4.379,4.293,4.302,795224.0,2026-07-25 07:59:59.999000+00:00,1
2026-07-25 08:00:00+00:00,4.298,4.333,4.284,4.298,394547.0,2026-07-25 11:59:59.999000+00:00,1
2026-07-25 12:00:00+00:00,4.299,4.348,4.298,4.342,210998.0,2026-07-25 15:59:59.999000+00:00,1
2026-07-25 16:00:00+00:00,4.342,4.354,4.323,4.341,246449.0,2026-07-25 19:59:59.999000+00:00,1
2026-07-25 20:00:00+00:00,4.341,4.346,4.313,4.316,215776.0,2026-07-25 23:59:59.999000+00:00,1
2026-07-26 00:00:00+00:00,4.315,4.417,4.312,4.417,969622.0,2026-07-26 03:59:59.999000+00:00,1
2026-07-26 04:00:00+00:00,4.418,4.444,4.387,4.392,652234.0,2026-07-26 07:59:59.999000+00:00,1
2026-07-26 08:00:00+00:00,4.391,4.427,4.381,4.384,324939.0,2026-07-26 11:59:59.999000+00:00,1
2026-07-26 12:00:00+00:00,4.384,4.418,4.366,4.41,526593.0,2026-07-26 15:59:59.999000+00:00,1
2026-07-26 16:00:00+00:00,4.41,4.518,4.401,4.5,1358769.0,2026-07-26 19:59:59.999000+00:00,1
2026-07-26 20:00:00+00:00,4.502,4.674,4.493,4.622,2276184.0,2026-07-26 23:59:59.999000+00:00,1
2026-07-27 00:00:00+00:00,4.621,4.654,4.562,4.577,994057.0,2026-07-27 03:59:59.999000+00:00,1
2026-07-27 04:00:00+00:00,4.577,4.601,4.539,4.542,528546.0,2026-07-27 07:59:59.999000+00:00,1
2026-07-27 08:00:00+00:00,4.543,4.58,4.523,4.562,426839.0,2026-07-27 11:59:59.999000+00:00,1
2026-07-27 12:00:00+00:00,4.562,4.594,4.438,4.483,884066.0,2026-07-27 15:59:59.999000+00:00,1
2026-07-27 16:00:00+00:00,4.481,4.521,4.455,4.52,324844.0,2026-07-27 19:59:59.999000+00:00,1
2026-07-27 20:00:00+00:00,4.519,4.546,4.339,4.35,712729.0,2026-07-27 23:59:59.999000+00:00,1
2026-07-28 00:00:00+00:00,4.352,4.362,4.27,4.304,618372.0,2026-07-28 03:59:59.999000+00:00,1
2026-07-28 04:00:00+00:00,4.303,4.343,4.29,4.336,475319.0,2026-07-28 07:59:59.999000+00:00,1
2026-07-28 08:00:00+00:00,4.336,4.364,4.273,4.302,910946.0,2026-07-28 11:59:59.999000+00:00,1
2026-07-28 12:00:00+00:00,4.303,4.357,4.223,4.343,1027443.0,2026-07-28 15:59:59.999000+00:00,1
2026-07-28 16:00:00+00:00,4.343,4.352,4.283,4.335,339999.0,2026-07-28 19:59:59.999000+00:00,1
2026-07-28 20:00:00+00:00,4.336,4.377,4.296,4.332,384346.0,2026-07-28 23:59:59.999000+00:00,1
2026-07-29 00:00:00+00:00,4.332,4.362,4.225,4.227,540924.0,2026-07-29 03:59:59.999000+00:00,1
2026-07-29 04:00:00+00:00,4.228,4.248,4.171,4.246,654312.0,2026-07-29 07:59:59.999000+00:00,1
2026-07-29 08:00:00+00:00,4.249,4.291,4.225,4.263,915802.0,2026-07-29 11:59:59.999000+00:00,1
2026-07-29 12:00:00+00:00,4.262,4.281,4.208,4.218,709372.0,2026-07-29 15:59:59.999000+00:00,1
2026-07-29 16:00:00+00:00,4.217,4.271,4.154,4.164,882946.0,2026-07-29 19:59:59.999000+00:00,1
2026-07-29 20:00:00+00:00,4.163,4.246,4.117,4.233,729970.0,2026-07-29 23:59:59.999000+00:00,1
2026-07-30 00:00:00+00:00,4.234,4.301,4.197,4.266,450953.0,2026-07-30 03:59:59.999000+00:00,1
2026-07-30 04:00:00+00:00,4.266,4.277,4.239,4.265,264046.0,2026-07-30 07:59:59.999000+00:00,1
2026-07-30 08:00:00+00:00,4.265,4.304,4.261,4.302,340376.0,2026-07-30 11:59:59.999000+00:00,1
2026-07-30 12:00:00+00:00,4.303,4.349,4.26,4.335,945456.0,2026-07-30 15:59:59.999000+00:00,1
2026-07-30 16:00:00+00:00,4.336,4.353,4.294,4.345,784910.0,2026-07-30 19:59:59.999000+00:00,1
2026-07-30 20:00:00+00:00,4.346,4.36,4.292,4.296,353522.0,2026-07-30 23:59:59.999000+00:00,1
2026-07-31 00:00:00+00:00,4.295,4.344,4.263,4.298,370392.0,2026-07-31 03:59:59.999000+00:00,1
2026-07-31 04:00:00+00:00,4.296,4.309,4.264,4.287,288745.0,2026-07-31 07:59:59.999000+00:00,1
2026-07-31 08:00:00+00:00,4.287,4.297,4.226,4.247,458549.0,2026-07-31 11:59:59.999000+00:00,1
2026-07-31 12:00:00+00:00,4.245,4.254,4.171,4.188,740380.0,2026-07-31 15:59:59.999000+00:00,1
2026-07-31 16:00:00+00:00,4.188,4.275,4.186,4.229,410433.0,2026-07-31 19:59:59.999000+00:00,1
2026-07-31 20:00:00+00:00,4.23,4.253,4.213,4.251,376566.0,2026-07-31 23:59:59.999000+00:00,1
2026-08-01 00:00:00+00:00,4.252,4.28,4.244,4.262,444708.0,2026-08-01 03:59:59.999000+00:00,1
2026-08-01 04:00:00+00:00,4.262,4.271,4.23,4.235,123796.0,2026-08-01 07:59:59.999000+00:00,1
2026-08-01 08:00:00+00:00,4.237,4.255,4.222,4.241,204913.0,2026-08-01 11:59:59.999000+00:00,1
2026-08-01 12:00:00+00:00,4.242,4.262,4.235,4.244,166810.0,2026-08-01 15:59:59.999000+00:00,1
2026-08-01 16:00:00+00:00,4.242,4.264,4.151,4.184,501119.0,2026-08-01 19:59:59.999000+00:00,1
2026-08-01 20:00:00+00:00,4.183,4.219,4.167,4.208,136801.0,2026-08-01 23:59:59.999000+00:00,1
2026-08-02 00:00:00+00:00,4.208,4.263,4.206,4.255,272150.0,2026-08-02 03:59:59.999000+00:00,1
2026-08-02 04:00:00+00:00,4.254,4.289,4.248,4.282,508025.0,2026-08-02 07:59:59.999000+00:00,1
2026-08-02 08:00:00+00:00,4.283,4.288,4.22,4.224,352649.0,2026-08-02 11:59:59.999000+00:00,1
2026-08-02 12:00:00+00:00,4.225,4.252,4.219,4.24,539705.0,2026-08-02 15:59:59.999000+00:00,1
2026-08-02 16:00:00+00:00,4.239,4.28,4.226,4.268,268886.0,2026-08-02 19:59:59.999000+00:00,1
2026-08-02 20:00:00+00:00,4.269,4.31,4.254,4.272,437617.0,2026-08-02 23:59:59.999000+00:00,1
2026-08-03 00:00:00+00:00,4.271,4.277,4.184,4.199,361223.0,2026-08-03 03:59:59.999000+00:00,1
2026-08-03 04:00:00+00:00,4.199,4.22,4.193,4.199,257722.0,2026-08-03 07:59:59.999000+00:00,1
2026-08-03 08:00:00+00:00,4.198,4.228,4.173,4.203,279436.0,2026-08-03 11:59:59.999000+00:00,1
2026-08-03 12:00:00+00:00,4.203,4.264,4.201,4.24,571533.0,2026-08-03 15:59:59.999000+00:00,1
2026-08-03 16:00:00+00:00,4.241,4.274,4.238,4.243,189599.0,2026-08-03 19:59:59.999000+00:00,1
2026-08-03 20:00:00+00:00,4.243,4.261,4.232,4.245,186891.0,2026-08-03 23:59:59.999000+00:00,1
2026-08-04 00:00:00+00:00,4.245,4.263,4.205,4.249,308026.0,2026-08-04 03:59:59.999000+00:00,1
2026-08-04 04:00:00+00:00,4.248,4.273,4.22,4.238,386918.0,2026-08-04 07:59:59.999000+00:00,1
2026-08-04 08:00:00+00:00,4.238,4.252,4.214,4.246,355961.0,2026-08-04 11:59:59.999000+00:00,1
2026-08-04 12:00:00+00:00,4.246,4.251,4.207,4.235,1153286.0,2026-08-04 15:59:59.999000+00:00,1
2026-08-04 16:00:00+00:00,4.236,4.279,4.215,4.262,731218.0,2026-08-04 19:59:59.999000+00:00,1
2026-08-04 20:00:00+00:00,4.262,4.281,4.232,4.232,607823.0,2026-08-04 23:59:59.999000+00:00,1
2026-08-05 00:00:00+00:00,4.232,4.257,4.212,4.217,851666.0,2026-08-05 03:59:59.999000+00:00,1
2026-08-05 04:00:00+00:00,4.216,4.241,4.213,4.231,152054.0,2026-08-05 07:59:59.999000+00:00,1
2026-08-05 08:00:00+00:00,4.231,4.246,4.22,4.222,168021.0,2026-08-05 11:59:59.999000+00:00,1
2026-08-05 12:00:00+00:00,4.223,4.26,4.189,4.193,463594.0,2026-08-05 15:59:59.999000+00:00,1
2026-08-05 16:00:00+00:00,4.192,4.244,4.189,4.234,245630.0,2026-08-05 19:59:59.999000+00:00,1
2026-08-05 20:00:00+00:00,4.235,4.257,4.223,4.23,183601.0,2026-08-05 23:59:59.999000+00:00,1
2026-08-06 00:00:00+00:00,4.23,4.248,4.169,4.185,321154.0,2026-08-06 03:59:59.999000+00:00,1
2026-08-06 04:00:00+00:00,4.186,4.237,4.18,4.221,140687.0,2026-08-06 07:59:59.999000+00:00,1
2026-08-06 08:00:00+00:00,4.222,4.244,4.171,4.194,436689.0,2026-08-06 11:59:59.999000+00:00,1
2026-08-06 12:00:00+00:00,4.195,4.217,4.159,4.197,448794.0,2026-08-06 15:59:59.999000+00:00,1
2026-08-06 16:00:00+00:00,4.198,4.223,4.183,4.184,402642.0,2026-08-06 19:59:59.999000+00:00,1
2026-08-06 20:00:00+00:00,4.185,4.195,4.17,4.188,308341.0,2026-08-06 23:59:59.999000+00:00,1
2026-08-07 00:00:00+00:00,4.188,4.209,4.181,4.192,228712.0,2026-08-07 03:59:59.999000+00:00,1
2026-08-07 04:00:00+00:00,4.192,4.265,4.185,4.244,365295.0,2026-08-07 07:59:59.999000+00:00,1
2026-08-07 08:00:00+00:00,4.244,4.262,4.215,4.223,282216.0,2026-08-07 11:59:59.999000+00:00,1
2026-08-07 12:00:00+00:00,4.223,4.256,4.202,4.237,340859.0,2026-08-07 15:59:59.999000+00:00,1
2026-08-07 16:00:00+00:00,4.237,4.246,4.196,4.228,199112.0,2026-08-07 19:59:59.999000+00:00,1
2026-08-07 20:00:00+00:00,4.228,4.229,4.196,4.21,99483.0,2026-08-07 23:59:59.999000+00:00,1
2026-08-08 00:00:00+00:00,4.21,4.302,4.209,4.294,150576.0,2026-08-08 03:59:59.999000+00:00,1
2026-08-08 04:00:00+00:00,4.294,4.367,4.273,4.361,587194.0,2026-08-08 07:59:59.999000+00:00,1
2026-08-08 08:00:00+00:00,4.362,4.368,4.307,4.307,309742.0,2026-08-08 11:59:59.999000+00:00,1
2026-08-08 12:00:00+00:00,4.307,4.328,4.3,4.315,222302.0,2026-08-08 15:59:59.999000+00:00,1
2026-08-08 16:00:00+00:00,4.315,4.32,4.303,4.314,90954.0,2026-08-08 19:59:59.999000+00:00,1
2026-08-08 20:00:00+00:00,4.314,4.319,4.282,4.283,243401.0,2026-08-08 23:59:59.999000+00:00,1
2026-08-09 00:00:00+00:00,4.283,4.293,4.267,4.291,159697.0,2026-08-09 03:59:59.999000+00:00,1
2026-08-09 04:00:00+00:00,4.29,4.315,4.273,4.303,333703.0,2026-08-09 07:59:59.999000+00:00,1
2026-08-09 08:00:00+00:00,4.304,4.319,4.286,4.292,183837.0,2026-08-09 11:59:59.999000+00:00,1
2026-08-09 12:00:00+00:00,4.293,4.304,4.287,4.301,110008.0,2026-08-09 15:59:59.999000+00:00,1
2026-08-09 16:00:00+00:00,4.3,4.308,4.275,4.29,215288.0,2026-08-09 19:59:59.999000+00:00,1
2026-08-09 20:00:00+00:00,4.288,4.318,4.22,4.226,289846.0,2026-08-09 23:59:59.999000+00:00,1
2026-08-10 00:00:00+00:00,4.225,4.283,4.222,4.236,260822.0,2026-08-10 03:59:59.999000+00:00,1
2026-08-10 04:00:00+00:00,4.236,4.29,4.233,4.271,240640.0,2026-08-10 07:59:59.999000+00:00,1
2026-08-10 08:00:00+00:00,4.272,4.287,4.238,4.24,135051.0,2026-08-10 11:59:59.999000+00:00,1
2026-08-10 12:00:00+00:00,4.239,4.257,4.183,4.215,658511.0,2026-08-10 15:59:59.999000+00:00,1
2026-08-10 16:00:00+00:00,4.214,4.228,4.194,4.207,194206.0,2026-08-10 19:59:59.999000+00:00,1
2026-08-10 20:00:00+00:00,4.207,4.216,4.193,4.212,134311.0,2026-08-10 23:59:59.999000+00:00,1
2026-08-11 00:00:00+00:00,4.211,4.228,4.196,4.196,159922.0,2026-08-11 03:59:59.999000+00:00,1
2026-08-11 04:00:00+00:00,4.196,4.212,4.151,4.187,311039.0,2026-08-11 07:59:59.999000+00:00,1
2026-08-11 08:00:00+00:00,4.186,4.215,4.181,4.189,192081.0,2026-08-11 11:59:59.999000+00:00,1
2026-08-11 12:00:00+00:00,4.189,4.221,4.101,4.119,960260.0,2026-08-11 15:59:59.999000+00:00,1
2026-08-11 16:00:00+00:00,4.119,4.133,4.085,4.133,470557.0,2026-08-11 19:59:59.999000+00:00,1
2026-08-11 20:00:00+00:00,4.133,4.18,4.13,4.149,344886.0,2026-08-11 23:59:59.999000+00:00,1
2026-08-12 00:00:00+00:00,4.149,4.162,4.133,4.146,549791.0,2026-08-12 03:59:59.999000+00:00,1
2026-08-12 04:00:00+00:00,4.145,4.19,4.115,4.126,464794.0,2026-08-12 07:59:59.999000+00:00,1
2026-08-12 08:00:00+00:00,4.127,4.174,4.113,4.172,383082.0,2026-08-12 11:59:59.999000+00:00,1
2026-08-12 12:00:00+00:00,4.172,4.204,4.114,4.132,843020.0,2026-08-12 15:59:59.999000+00:00,1
2026-08-12 16:00:00+00:00,4.131,4.14,4.087,4.099,418024.0,2026-08-12 19:59:59.999000+00:00,1
2026-08-12 20:00:00+00:00,4.099,4.115,3.989,4.032,663805.0,2026-08-12 23:59:59.999000+00:00,1
2026-08-13 00:00:00+00:00,4.032,4.059,3.997,4.055,378840.0,2026-08-13 03:59:59.999000+00:00,1
2026-08-13 04:00:00+00:00,4.056,4.089,4.049,4.07,273050.0,2026-08-13 07:59:59.999000+00:00,1
2026-08-13 08:00:00+00:00,4.07,4.072,4.037,4.043,244864.0,2026-08-13 11:59:59.999000+00:00,1
2026-08-13 12:00:00+00:00,4.042,4.081,4.03,4.03,278938.0,2026-08-13 15:59:59.999000+00:00,1
2026-08-13 16:00:00+00:00,4.03,4.051,3.997,4.049,314149.0,2026-08-13 19:59:59.999000+00:00,1
2026-08-13 20:00:00+00:00,4.049,4.066,4.043,4.056,62608.0,2026-08-13 23:59:59.999000+00:00,1
2026-08-14 00:00:00+00:00,4.056,4.06,4.034,4.037,178547.0,2026-08-14 03:59:59.999000+00:00,1
2026-08-14 04:00:00+00:00,4.036,4.043,3.996,3.997,305824.0,2026-08-14 07:59:59.999000+00:00,1
2026-08-14 08:00:00+00:00,3.997,4.032,3.995,4.011,414492.0,2026-08-14 11:59:59.999000+00:00,1
2026-08-14 12:00:00+00:00,4.011,4.031,3.992,4.026,529137.0,2026-08-14 15:59:59.999000+00:00,1
2026-08-14 16:00:00+00:00,4.027,4.046,4.0,4.013,230924.0,2026-08-14 19:59:59.999000+00:00,1
2026-08-14 20:00:00+00:00,4.013,4.058,4.008,4.058,164227.0,2026-08-14 23:59:59.999000+00:00,1
2026-08-15 00:00:00+00:00,4.059,4.073,4.035,4.041,214997.0,2026-08-15 03:59:59.999000+00:00,1
2026-08-15 04:00:00+00:00,4.041,4.051,4.026,4.03,203449.0,2026-08-15 07:59:59.999000+00:00,1
2026-08-15 08:00:00+00:00,4.031,4.089,4.028,4.073,271773.0,2026-08-15 11:59:59.999000+00:00,1
2026-08-15 12:00:00+00:00,4.074,4.09,4.068,4.07,157859.0,2026-08-15 15:59:59.999000+00:00,1
2026-08-15 16:00:00+00:00,4.071,4.074,4.053,4.061,325642.0,2026-08-15 19:59:59.999000+00:00,1
2026-08-15 20:00:00+00:00,4.061,4.064,4.029,4.033,73327.0,2026-08-15 23:59:59.999000+00:00,1
2026-08-16 00:00:00+00:00,4.032,4.037,4.016,4.018,182929.0,2026-08-16 03:59:59.999000+00:00,1
2026-08-16 04:00:00+00:00,4.017,4.021,3.997,4.021,231334.0,2026-08-16 07:59:59.999000+00:00,1
2026-08-16 08:00:00+00:00,4.02,4.027,4.015,4.022,78798.0,2026-08-16 11:59:59.999000+00:00,1
2026-08-16 12:00:00+00:00,4.022,4.032,4.016,4.028,89984.0,2026-08-16 15:59:59.999000+00:00,1
2026-08-16 16:00:00+00:00,4.029,4.038,4.014,4.015,132711.0,2026-08-16 19:59:59.999000+00:00,1
2026-08-16 20:00:00+00:00,4.015,4.018,3.871,3.917,1262398.0,2026-08-16 23:59:59.999000+00:00,1
2026-08-17 00:00:00+00:00,3.916,3.959,3.894,3.936,360200.0,2026-08-17 03:59:59.999000+00:00,1
2026-08-17 04:00:00+00:00,3.936,3.964,3.922,3.925,263117.0,2026-08-17 07:59:59.999000+00:00,1
2026-08-17 08:00:00+00:00,3.926,3.927,3.883,3.886,306056.0,2026-08-17 11:59:59.999000+00:00,1
2026-08-17 12:00:00+00:00,3.886,3.94,3.821,3.922,983619.0,2026-08-17 15:59:59.999000+00:00,1
2026-08-17 16:00:00+00:00,3.923,3.94,3.905,3.908,474767.0,2026-08-17 19:59:59.999000+00:00,1
2026-08-17 20:00:00+00:00,3.909,3.919,3.887,3.894,207341.0,2026-08-17 23:59:59.999000+00:00,1
2026-08-18 00:00:00+00:00,3.894,3.902,3.744,3.808,762891.0,2026-08-18 03:59:59.999000+00:00,1
2026-08-18 04:00:00+00:00,3.808,3.834,3.79,3.814,423547.0,2026-08-18 07:59:59.999000+00:00,1
2026-08-18 08:00:00+00:00,3.815,3.858,3.798,3.854,341717.0,2026-08-18 11:59:59.999000+00:00,1
2026-08-18 12:00:00+00:00,3.853,3.912,3.826,3.884,532232.0,2026-08-18 15:59:59.999000+00:00,1
2026-08-18 16:00:00+00:00,3.883,3.89,3.848,3.85,259832.0,2026-08-18 19:59:59.999000+00:00,1
2026-08-18 20:00:00+00:00,3.849,3.856,3.834,3.847,119476.0,2026-08-18 23:59:59.999000+00:00,1
2026-08-19 00:00:00+00:00,3.847,3.85,3.799,3.822,242457.0,2026-08-19 03:59:59.999000+00:00,1
2026-08-19 04:00:00+00:00,3.822,3.851,3.794,3.832,279351.0,2026-08-19 07:59:59.999000+00:00,1
2026-08-19 08:00:00+00:00,3.833,3.865,3.82,3.848,266024.0,2026-08-19 11:59:59.999000+00:00,1
2026-08-19 12:00:00+00:00,3.848,4.095,3.829,4.003,1330183.0,2026-08-19 15:59:59.999000+00:00,1
2026-08-19 16:00:00+00:00,4.004,4.051,3.998,4.047,496111.0,2026-08-19 19:59:59.999000+00:00,1
2026-08-19 20:00:00+00:00,4.047,4.284,4.044,4.237,1072948.0,2026-08-19 23:59:59.999000+00:00,1
2026-08-20 00:00:00+00:00,4.238,4.274,4.144,4.174,732338.0,2026-08-20 03:59:59.999000+00:00,1
2026-08-20 04:00:00+00:00,4.173,4.201,4.149,4.194,324574.0,2026-08-20 07:59:59.999000+00:00,1
2026-08-20 08:00:00+00:00,4.194,4.4,4.189,4.356,1463448.0,2026-08-20 11:59:59.999000+00:00,1
2026-08-20 12:00:00+00:00,4.357,4.453,4.292,4.437,976638.0,2026-08-20 15:59:59.999000+00:00,1
2026-08-20 16:00:00+00:00,4.437,4.592,4.423,4.445,1549477.0,2026-08-20 19:59:59.999000+00:00,1
2026-08-20 20:00:00+00:00,4.445,4.526,4.441,4.507,615218.0,2026-08-20 23:59:59.999000+00:00,1
2026-08-21 00:00:00+00:00,4.507,4.8,4.474,4.656,3074220.0,2026-08-21 03:59:59.999000+00:00,1
2026-08-21 04:00:00+00:00,4.657,4.867,4.647,4.824,2501512.0,2026-08-21 07:59:59.999000+00:00,1
2026-08-21 08:00:00+00:00,4.825,5.225,4.825,4.965,4117664.0,2026-08-21 11:59:59.999000+00:00,1
2026-08-21 12:00:00+00:00,4.965,5.29,4.945,5.281,1950938.0,2026-08-21 15:59:59.999000+00:00,1
2026-08-21 16:00:00+00:00,5.283,5.462,5.194,5.261,2366157.0,2026-08-21 19:59:59.999000+00:00,1
2026-08-21 20:00:00+00:00,5.261,5.973,5.232,5.914,5809040.0,2026-08-21 23:59:59.999000+00:00,1
2026-08-22 00:00:00+00:00,5.914,6.58,5.808,6.135,20074217.0,2026-08-22 03:59:59.999000+00:00,1
2026-08-22 04:00:00+00:00,6.13,6.406,5.28,5.856,7338387.0,2026-08-22 07:59:59.999000+00:00,1
2026-08-22 08:00:00+00:00,5.856,5.949,5.463,5.614,3348176.0,2026-08-22 11:59:59.999000+00:00,1
2026-08-22 12:00:00+00:00,5.615,5.711,5.519,5.604,1287234.0,2026-08-22 15:59:59.999000+00:00,1
2026-08-22 16:00:00+00:00,5.602,5.846,5.581,5.716,747690.0,2026-08-22 19:59:59.999000+00:00,1
2026-08-22 20:00:00+00:00,5.717,5.752,5.541,5.661,485270.0,2026-08-22 23:59:59.999000+00:00,1
2026-08-23 00:00:00+00:00,5.661,5.948,5.615,5.64,1640454.0,2026-08-23 03:59:59.999000+00:00,1
2026-08-23 04:00:00+00:00,5.642,5.781,5.451,5.546,1507005.0,2026-08-23 07:59:59.999000+00:00,1
2026-08-23 08:00:00+00:00,5.543,5.852,5.528,5.819,1381279.0,2026-08-23 11:59:59.999000+00:00,1
2026-08-23 12:00:00+00:00,5.82,6.034,5.66,5.789,1891799.0,2026-08-23 15:59:59.999000+00:00,1
2026-08-23 16:00:00+00:00,5.789,5.867,5.734,5.812,387312.0,2026-08-23 19:59:59.999000+00:00,1
2026-08-23 20:00:00+00:00,5.812,6.009,5.806,5.884,846466.0,2026-08-23 23:59:59.999000+00:00,1
2026-08-24 00:00:00+00:00,5.883,5.883,5.627,5.642,1099469.0,2026-08-24 03:59:59.999000+00:00,1
2026-08-24 04:00:00+00:00,5.64,5.83,5.639,5.696,636228.0,2026-08-24 07:59:59.999000+00:00,1
2026-08-24 08:00:00+00:00,5.698,5.87,5.608,5.855,747300.0,2026-08-24 11:59:59.999000+00:00,1
2026-08-24 12:00:00+00:00,5.855,6.05,5.732,5.839,1981804.0,2026-08-24 15:59:59.999000+00:00,1
2026-08-24 16:00:00+00:00,5.84,5.943,5.737,5.821,761414.0,2026-08-24 19:59:59.999000+00:00,1
2026-08-24 20:00:00+00:00,5.823,5.86,5.735,5.792,367429.0,2026-08-24 23:59:59.999000+00:00,1
2026-08-25 00:00:00+00:00,5.791,6.068,5.765,5.879,962085.0,2026-08-25 03:59:59.999000+00:00,1
2026-08-25 04:00:00+00:00,5.876,6.027,5.763,5.83,990959.0,2026-08-25 07:59:59.999000+00:00,1
2026-08-25 08:00:00+00:00,5.832,5.898,5.762,5.814,691323.0,2026-08-25 11:59:59.999000+00:00,1
2026-08-25 12:00:00+00:00,5.815,5.878,5.682,5.796,1180168.0,2026-08-25 15:59:59.999000+00:00,1
2026-08-25 16:00:00+00:00,5.794,5.875,5.716,5.741,351170.0,2026-08-25 19:59:59.999000+00:00,1
2026-08-25 20:00:00+00:00,5.74,5.747,5.542,5.618,463773.0,2026-08-25 23:59:59.999000+00:00,1
2026-08-26 00:00:00+00:00,5.616,6.017,5.571,5.88,1202971.0,2026-08-26 03:59:59.999000+00:00,1
2026-08-26 04:00:00+00:00,5.879,5.99,5.725,5.738,1144675.0,2026-08-26 07:59:59.999000+00:00,1
2026-08-26 08:00:00+00:00,5.735,5.811,5.655,5.745,609415.0,2026-08-26 11:59:59.999000+00:00,1
2026-08-26 12:00:00+00:00,5.743,5.792,5.586,5.667,984303.0,2026-08-26 15:59:59.999000+00:00,1
2026-08-26 16:00:00+00:00,5.672,5.87,5.595,5.785,545756.0,2026-08-26 19:59:59.999000+00:00,1
2026-08-26 20:00:00+00:00,5.783,6.027,5.733,6.0,572389.0,2026-08-26 23:59:59.999000+00:00,1
2026-08-27 00:00:00+00:00,5.996,6.028,5.903,5.927,730114.0,2026-08-27 03:59:59.999000+00:00,1
2026-08-27 04:00:00+00:00,5.927,5.947,5.819,5.897,369681.0,2026-08-27 07:59:59.999000+00:00,1
2026-08-27 08:00:00+00:00,5.893,6.073,5.868,5.906,1107229.0,2026-08-27 11:59:59.999000+00:00,1
2026-08-27 12:00:00+00:00,5.904,6.088,5.904,5.988,1094218.0,2026-08-27 15:59:59.999000+00:00,1
2026-08-27 16:00:00+00:00,5.987,6.006,5.852,5.933,470949.0,2026-08-27 19:59:59.999000+00:00,1
2026-08-27 20:00:00+00:00,5.934,6.015,5.926,5.999,289955.0,2026-08-27 23:59:59.999000+00:00,1
2026-08-28 00:00:00+00:00,5.999,6.094,5.753,5.811,858772.0,2026-08-28 03:59:59.999000+00:00,1
2026-08-28 04:00:00+00:00,5.81,5.846,5.768,5.792,344147.0,2026-08-28 07:59:59.999000+00:00,1
2026-08-28 08:00:00+00:00,5.792,5.847,5.729,5.821,457492.0,2026-08-28 11:59:59.999000+00:00,1
2026-08-28 12:00:00+00:00,5.821,5.923,5.728,5.73,884307.0,2026-08-28 15:59:59.999000+00:00,1
2026-08-28 16:00:00+00:00,5.729,5.733,5.543,5.63,710493.0,2026-08-28 19:59:59.999000+00:00,1
2026-08-28 20:00:00+00:00,5.63,5.692,5.616,5.668,201757.0,2026-08-28 23:59:59.999000+00:00,1
2026-08-29 00:00:00+00:00,5.667,5.703,5.53,5.559,417964.0,2026-08-29 03:59:59.999000+00:00,1
2026-08-29 04:00:00+00:00,5.561,5.619,5.526,5.545,289056.0,2026-08-29 07:59:59.999000+00:00,1
2026-08-29 08:00:00+00:00,5.541,5.549,5.475,5.48,201082.0,2026-08-29 11:59:59.999000+00:00,1
2026-08-29 12:00:00+00:00,5.48,5.646,5.474,5.608,249582.0,2026-08-29 15:59:59.999000+00:00,1
2026-08-29 16:00:00+00:00,5.608,5.647,5.565,5.587,179888.0,2026-08-29 19:59:59.999000+00:00,1
2026-08-29 20:00:00+00:00,5.587,5.629,5.573,5.613,198014.0,2026-08-29 23:59:59.999000+00:00,1
2026-08-30 00:00:00+00:00,5.612,5.612,5.527,5.547,251470.0,2026-08-30 03:59:59.999000+00:00,1
2026-08-30 04:00:00+00:00,5.548,5.596,5.52,5.565,73384.0,2026-08-30 07:59:59.999000+00:00,1
2026-08-30 08:00:00+00:00,5.566,5.592,5.512,5.564,212334.0,2026-08-30 11:59:59.999000+00:00,1
2026-08-30 12:00:00+00:00,5.564,5.806,5.561,5.758,789180.0,2026-08-30 15:59:59.999000+00:00,1
2026-08-30 16:00:00+00:00,5.759,5.961,5.754,5.888,933500.0,2026-08-30 19:59:59.999000+00:00,1
2026-08-30 20:00:00+00:00,5.89,5.92,5.492,5.586,772903.0,2026-08-30 23:59:59.999000+00:00,1
2026-08-31 00:00:00+00:00,5.586,5.661,5.55,5.612,254882.0,2026-08-31 03:59:59.999000+00:00,1
2026-08-31 04:00:00+00:00,5.613,5.788,5.572,5.769,371742.0,2026-08-31 07:59:59.999000+00:00,1
2026-08-31 08:00:00+00:00,5.765,5.896,5.759,5.818,534961.0,2026-08-31 11:59:59.999000+00:00,1
2026-08-31 12:00:00+00:00,5.82,5.887,5.742,5.82,778796.0,2026-08-31 15:59:59.999000+00:00,1
2026-08-31 16:00:00+00:00,5.82,5.926,5.78,5.856,343196.0,2026-08-31 19:59:59.999000+00:00,1
2026-08-31 20:00:00+00:00,5.856,5.912,5.823,5.841,192718.0,2026-08-31 23:59:59.999000+00:00,1
2026-09-01 00:00:00+00:00,5.843,5.95,5.803,5.95,381824.0,2026-09-01 03:59:59.999000+00:00,1
2026-09-01 04:00:00+00:00,5.947,6.336,5.934,6.141,2355875.0,2026-09-01 07:59:59.999000+00:00,1
2026-09-01 08:00:00+00:00,6.141,6.147,5.942,6.046,1373904.0,2026-09-01 11:59:59.999000+00:00,1
2026-09-01 12:00:00+00:00,6.048,6.073,5.877,5.995,1099813.0,2026-09-01 15:59:59.999000+00:00,1
2026-09-01 16:00:00+00:00,5.995,6.003,5.735,5.834,653905.0,2026-09-01 19:59:59.999000+00:00,1
2026-09-01 20:00:00+00:00,5.835,5.839,5.622,5.694,445254.0,2026-09-01 23:59:59.999000+00:00,1
2026-09-02 00:00:00+00:00,5.696,5.709,5.508,5.591,918161.0,2026-09-02 03:59:59.999000+00:00,1
2026-09-02 04:00:00+00:00,5.592,5.626,5.511,5.517,894256.0,2026-09-02 07:59:59.999000+00:00,1
2026-09-02 08:00:00+00:00,5.518,5.555,5.355,5.372,1431230.0,2026-09-02 11:59:59.999000+00:00,1
2026-09-02 12:00:00+00:00,5.367,5.451,5.268,5.307,1117952.0,2026-09-02 15:59:59.999000+00:00,1
2026-09-02 16:00:00+00:00,5.309,5.324,5.198,5.285,792435.0,2026-09-02 19:59:59.999000+00:00,1
2026-09-02 20:00:00+00:00,5.287,5.407,5.286,5.399,724070.0,2026-09-02 23:59:59.999000+00:00,1
2026-09-03 00:00:00+00:00,5.399,5.482,5.312,5.471,1042428.0,2026-09-03 03:59:59.999000+00:00,1
2026-09-03 04:00:00+00:00,5.471,5.541,5.417,5.456,723542.0,2026-09-03 07:59:59.999000+00:00,1
2026-09-03 08:00:00+00:00,5.454,5.541,5.431,5.507,445074.0,2026-09-03 11:59:59.999000+00:00,1
2026-09-03 12:00:00+00:00,5.506,5.79,5.472,5.783,1264543.0,2026-09-03 15:59:59.999000+00:00,1
2026-09-03 16:00:00+00:00,5.783,5.862,5.694,5.832,639131.0,2026-09-03 19:59:59.999000+00:00,1
2026-09-03 20:00:00+00:00,5.829,5.882,5.704,5.741,697697.0,2026-09-03 23:59:59.999000+00:00,1
2026-09-04 00:00:00+00:00,5.739,6.003,5.675,5.794,1509075.0,2026-09-04 03:59:59.999000+00:00,1
2026-09-04 04:00:00+00:00,5.794,5.884,5.62,5.764,1299868.0,2026-09-04 07:59:59.999000+00:00,1
2026-09-04 08:00:00+00:00,5.765,6.005,5.737,5.969,831723.0,2026-09-04 11:59:59.999000+00:00,1
2026-09-04 12:00:00+00:00,5.973,5.984,5.554,5.768,2294794.0,2026-09-04 15:59:59.999000+00:00,1
2026-09-04 16:00:00+00:00,5.768,5.811,5.624,5.768,488563.0,2026-09-04 19:59:59.999000+00:00,1
2026-09-04 20:00:00+00:00,5.767,5.92,5.721,5.89,465690.0,2026-09-04 23:59:59.999000+00:00,1
2026-09-05 00:00:00+00:00,5.888,5.908,5.755,5.818,493608.0,2026-09-05 03:59:59.999000+00:00,1
2026-09-05 04:00:00+00:00,5.815,5.969,5.797,5.881,412692.0,2026-09-05 07:59:59.999000+00:00,1
2026-09-05 08:00:00+00:00,5.88,5.897,5.795,5.809,312923.0,2026-09-05 11:59:59.999000+00:00,1
2026-09-05 12:00:00+00:00,5.809,5.862,5.78,5.794,453855.0,2026-09-05 15:59:59.999000+00:00,1
2026-09-05 16:00:00+00:00,5.795,5.956,5.782,5.925,573229.0,2026-09-05 19:59:59.999000+00:00,1
2026-09-05 20:00:00+00:00,5.923,6.011,5.888,5.931,368918.0,2026-09-05 23:59:59.999000+00:00,1
2026-09-06 00:00:00+00:00,5.93,6.16,5.908,6.152,911560.0,2026-09-06 03:59:59.999000+00:00,1
2026-09-06 04:00:00+00:00,6.153,6.238,6.016,6.074,1235925.0,2026-09-06 07:59:59.999000+00:00,1
2026-09-06 08:00:00+00:00,6.076,6.154,6.001,6.124,677484.0,2026-09-06 11:59:59.999000+00:00,1
2026-09-06 12:00:00+00:00,6.123,6.171,5.923,6.128,832092.0,2026-09-06 15:59:59.999000+00:00,1
2026-09-06 16:00:00+00:00,6.13,6.323,6.107,6.196,1215486.0,2026-09-06 19:59:59.999000+00:00,1
2026-09-06 20:00:00+00:00,6.194,6.296,6.07,6.223,780477.0,2026-09-06 23:59:59.999000+00:00,1
2026-09-07 00:00:00+00:00,6.223,6.299,6.04,6.097,1170627.0,2026-09-07 03:59:59.999000+00:00,1
2026-09-07 04:00:00+00:00,6.094,6.185,5.949,5.994,800021.0,2026-09-07 07:59:59.999000+00:00,1
2026-09-07 08:00:00+00:00,5.999,6.083,5.997,6.042,306424.0,2026-09-07 11:59:59.999000+00:00,1
2026-09-07 12:00:00+00:00,6.041,6.192,5.947,5.991,982753.0,2026-09-07 15:59:59.999000+00:00,1
2026-09-07 16:00:00+00:00,5.992,6.174,5.99,6.152,432010.0,2026-09-07 19:59:59.999000+00:00,1
2026-09-07 20:00:00+00:00,6.152,6.154,6.014,6.081,293877.0,2026-09-07 23:59:59.999000+00:00,1
2026-09-08 00:00:00+00:00,6.08,6.275,6.069,6.151,829921.0,2026-09-08 03:59:59.999000+00:00,1
2026-09-08 04:00:00+00:00,6.15,6.184,6.072,6.142,500252.0,2026-09-08 07:59:59.999000+00:00,1
2026-09-08 08:00:00+00:00,6.141,6.24,6.064,6.09,629384.0,2026-09-08 11:59:59.999000+00:00,1
2026-09-08 12:00:00+00:00,6.085,6.466,6.003,6.42,1672587.0,2026-09-08 15:59:59.999000+00:00,1
2026-09-08 16:00:00+00:00,6.415,6.521,6.3,6.382,953264.0,2026-09-08 19:59:59.999000+00:00,1
2026-09-08 20:00:00+00:00,6.382,6.415,6.162,6.219,541634.0,2026-09-08 23:59:59.999000+00:00,1
2026-09-09 00:00:00+00:00,6.221,6.36,6.139,6.178,1047537.0,2026-09-09 03:59:59.999000+00:00,1
2026-09-09 04:00:00+00:00,6.176,6.269,6.146,6.175,1033265.0,2026-09-09 07:59:59.999000+00:00,1
2026-09-09 08:00:00+00:00,6.175,6.249,5.848,6.047,2216418.0,2026-09-09 11:59:59.999000+00:00,1
2026-09-09 12:00:00+00:00,6.048,6.123,5.874,5.964,1004323.0,2026-09-09 15:59:59.999000+00:00,1
2026-09-09 16:00:00+00:00,5.964,6.001,5.765,5.783,793019.0,2026-09-09 19:59:59.999000+00:00,1
2026-09-09 20:00:00+00:00,5.784,5.827,5.635,5.769,673401.0,2026-09-09 23:59:59.999000+00:00,1
2026-09-10 00:00:00+00:00,5.765,5.835,5.689,5.771,638218.0,2026-09-10 03:59:59.999000+00:00,1
2026-09-10 04:00:00+00:00,5.77,5.806,5.676,5.702,320126.0,2026-09-10 07:59:59.999000+00:00,1
2026-09-10 08:00:00+00:00,5.699,5.741,5.643,5.672,481731.0,2026-09-10 11:59:59.999000+00:00,1
2026-09-10 12:00:00+00:00,5.671,5.697,5.523,5.564,914066.0,2026-09-10 15:59:59.999000+00:00,1
2026-09-10 16:00:00+00:00,5.562,5.616,5.474,5.564,336006.0,2026-09-10 19:59:59.999000+00:00,1
2026-09-10 20:00:00+00:00,5.566,5.628,5.501,5.508,178929.0,2026-09-10 23:59:59.999000+00:00,1
2026-09-11 00:00:00+00:00,5.509,5.595,5.5,5.589,237546.0,2026-09-11 03:59:59.999000+00:00,1
2026-09-11 04:00:00+00:00,5.589,5.667,5.585,5.595,273829.0,2026-09-11 07:59:59.999000+00:00,1
2026-09-11 08:00:00+00:00,5.595,5.65,5.472,5.516,332469.0,2026-09-11 11:59:59.999000+00:00,1
2026-09-11 12:00:00+00:00,5.516,6.064,5.464,5.807,2236183.0,2026-09-11 15:59:59.999000+00:00,1
2026-09-11 16:00:00+00:00,5.804,5.879,5.671,5.742,880097.0,2026-09-11 19:59:59.999000+00:00,1
2026-09-11 20:00:00+00:00,5.74,5.794,5.679,5.76,301341.0,2026-09-11 23:59:59.999000+00:00,1
2026-09-12 00:00:00+00:00,5.756,5.788,5.731,5.773,419715.0,2026-09-12 03:59:59.999000+00:00,1
2026-09-12 04:00:00+00:00,5.776,5.802,5.73,5.802,199179.0,2026-09-12 07:59:59.999000+00:00,1
2026-09-12 08:00:00+00:00,5.799,5.868,5.795,5.808,515632.0,2026-09-12 11:59:59.999000+00:00,1
2026-09-12 12:00:00+00:00,5.808,5.879,5.786,5.848,276258.0,2026-09-12 15:59:59.999000+00:00,1
2026-09-12 16:00:00+00:00,5.847,5.859,5.773,5.785,175440.0,2026-09-12 19:59:59.999000+00:00,1
2026-09-12 20:00:00+00:00,5.785,5.804,5.768,5.788,173691.0,2026-09-12 23:59:59.999000+00:00,1
2026-09-13 00:00:00+00:00,5.785,5.818,5.77,5.783,224663.0,2026-09-13 03:59:59.999000+00:00,1
2026-09-13 04:00:00+00:00,5.784,5.809,5.724,5.724,321470.0,2026-09-13 07:59:59.999000+00:00,1
2026-09-13 08:00:00+00:00,5.728,5.739,5.629,5.665,264047.0,2026-09-13 11:59:59.999000+00:00,1
2026-09-13 12:00:00+00:00,5.663,5.768,5.64,5.679,129787.0,2026-09-13 15:59:59.999000+00:00,1
2026-09-13 16:00:00+00:00,5.678,5.733,5.671,5.689,140352.0,2026-09-13 19:59:59.999000+00:00,1
2026-09-13 20:00:00+00:00,5.69,5.722,5.52,5.581,288662.0,2026-09-13 23:59:59.999000+00:00,1
2026-09-14 00:00:00+00:00,5.581,5.735,5.529,5.708,350565.0,2026-09-14 03:59:59.999000+00:00,1
2026-09-14 04:00:00+00:00,5.711,5.723,5.663,5.698,294847.0,2026-09-14 07:59:59.999000+00:00,1
2026-09-14 08:00:00+00:00,5.701,5.776,5.644,5.725,353527.0,2026-09-14 11:59:59.999000+00:00,1
2026-09-14 12:00:00+00:00,5.726,5.764,5.66,5.727,457989.0,2026-09-14 15:59:59.999000+00:00,1
2026-09-14 16:00:00+00:00,5.727,5.834,5.713,5.779,264049.0,2026-09-14 19:59:59.999000+00:00,1
2026-09-14 20:00:00+00:00,5.779,5.915,5.723,5.729,233306.0,2026-09-14 23:59:59.999000+00:00,1
2026-09-15 00:00:00+00:00,5.726,5.739,5.677,5.693,174155.0,2026-09-15 03:59:59.999000+00:00,1
2026-09-15 04:00:00+00:00,5.697,5.716,5.611,5.622,116012.0,2026-09-15 07:59:59.999000+00:00,1
2026-09-15 08:00:00+00:00,5.623,5.674,5.6,5.628,158018.0,2026-09-15 11:59:59.999000+00:00,1
2026-09-15 12:00:00+00:00,5.629,5.698,5.441,5.538,453959.0,2026-09-15 15:59:59.999000+00:00,1
2026-09-15 16:00:00+00:00,5.538,5.616,5.308,5.436,428442.0,2026-09-15 19:59:59.999000+00:00,1
2026-09-15 20:00:00+00:00,5.435,5.451,5.271,5.315,207186.0,2026-09-15 23:59:59.999000+00:00,1
2026-09-16 00:00:00+00:00,5.318,5.37,5.257,5.351,240079.0,2026-09-16 03:59:59.999000+00:00,1
2026-09-16 04:00:00+00:00,5.354,5.403,5.314,5.316,140113.0,2026-09-16 07:59:59.999000+00:00,1
2026-09-16 08:00:00+00:00,5.315,5.36,5.282,5.338,168070.0,2026-09-16 11:59:59.999000+00:00,1
2026-09-16 12:00:00+00:00,5.335,5.338,5.172,5.186,563196.0,2026-09-16 15:59:59.999000+00:00,1
2026-09-16 16:00:00+00:00,5.188,5.373,5.171,5.31,682488.0,2026-09-16 19:59:59.999000+00:00,1
2026-09-16 20:00:00+00:00,5.31,5.464,5.3,5.439,237570.0,2026-09-16 23:59:59.999000+00:00,1
2026-09-17 00:00:00+00:00,5.442,5.531,5.42,5.504,209309.0,2026-09-17 03:59:59.999000+00:00,1
2026-09-17 04:00:00+00:00,5.503,5.568,5.467,5.517,249359.0,2026-09-17 07:59:59.999000+00:00,1
2026-09-17 08:00:00+00:00,5.518,5.557,5.474,5.518,174554.0,2026-09-17 11:59:59.999000+00:00,1
2026-09-17 12:00:00+00:00,5.519,5.663,5.502,5.63,334916.0,2026-09-17 15:59:59.999000+00:00,1
2026-09-17 16:00:00+00:00,5.632,5.78,5.626,5.684,359966.0,2026-09-17 19:59:59.999000+00:00,1
2026-09-17 20:00:00+00:00,5.686,5.729,5.636,5.689,186021.0,2026-09-17 23:59:59.999000+00:00,1
2026-09-18 00:00:00+00:00,5.693,5.921,5.648,5.907,439887.0,2026-09-18 03:59:59.999000+00:00,1
