ts,open,high,low,close,volume,close_time,confirm
2026-03-28 08:00:00+00:00,8.182,8.198,8.111,8.148,8197.48,2026-03-28 11:59:59.999000+00:00,1
2026-03-28 12:00:00+00:00,8.147,8.245,8.118,8.195,19728.5,2026-03-28 15:59:59.999000+00:00,1
2026-03-28 16:00:00+00:00,8.195,8.204,8.142,8.154,4874.19,2026-03-28 19:59:59.999000+00:00,1
2026-03-28 20:00:00+00:00,8.155,8.183,8.012,8.029,12174.68,2026-03-28 23:59:59.999000+00:00,1
2026-03-29 00:00:00+00:00,8.029,8.086,7.992,8.067,11551.95,2026-03-29 03:59:59.999000+00:00,1
2026-03-29 04:00:00+00:00,8.066,8.072,8.011,8.022,6031.15,2026-03-29 07:59:59.999000+00:00,1
2026-03-29 08:00:00+00:00,8.022,8.03,7.974,8.011,7082.79,2026-03-29 11:59:59.999000+00:00,1
2026-03-29 12:00:00+00:00,8.01,8.01,7.92,7.953,14693.95,2026-03-29 15:59:59.999000+00:00,1
2026-03-29 16:00:00+00:00,7.953,7.969,7.879,7.943,9311.66,2026-03-29 19:59:59.999000+00:00,1
2026-03-29 20:00:00+00:00,7.942,8.02,7.728,7.932,34098.82,2026-03-29 23:59:59.999000+00:00,1
2026-03-30 00:00:00+00:00,7.933,8.214,7.916,8.164,26705.84,2026-03-30 03:59:59.999000+00:00,1
2026-03-30 04:00:00+00:00,8.164,8.327,8.164,8.315,27021.51,2026-03-30 07:59:59.999000+00:00,1
2026-03-30 08:00:00+00:00,8.316,8.391,8.175,8.283,26979.01,2026-03-30 11:59:59.999000+00:00,1
2026-03-30 12:00:00+00:00,8.283,8.303,8.171,8.196,17261.37,2026-03-30 15:59:59.999000+00:00,1
2026-03-30 16:00:00+00:00,8.195,8.221,8.029,8.076,16585.97,2026-03-30 19:59:59.999000+00:00,1
2026-03-30 20:00:00+00:00,8.076,8.141,8.042,8.071,10021.83,2026-03-30 23:59:59.999000+00:00,1
2026-03-31 00:00:00+00:00,8.071,8.226,8.052,8.146,12642.65,2026-03-31 03:59:59.999000+00:00,1
2026-03-31 04:00:00+00:00,8.146,8.171,8.104,8.132,12764.38,2026-03-31 07:59:59.999000+00:00,1
2026-03-31 08:00:00+00:00,8.132,8.169,7.993,8.074,24629.89,2026-03-31 11:59:59.999000+00:00,1
2026-03-31 12:00:00+00:00,8.074,8.174,8.022,8.064,18734.19,2026-03-31 15:59:59.999000+00:00,1
2026-03-31 16:00:00+00:00,8.064,8.241,8.061,8.191,21516.85,2026-03-31 19:59:59.999000+00:00,1
2026-03-31 20:00:00+00:00,8.191,8.207,8.129,8.18,7115.96,2026-03-31 23:59:59.999000+00:00,1
2026-04-01 00:00:00+00:00,8.181,8.209,8.107,8.16,12464.51,2026-04-01 03:59:59.999000+00:00,1
2026-04-01 04:00:00+00:00,8.16,8.361,8.143,8.308,15564.61,2026-04-01 07:59:59.999000+00:00,1
2026-04-01 08:00:00+00:00,8.308,8.326,8.187,8.285,15349.88,2026-04-01 11:59:59.999000+00:00,1
2026-04-01 12:00:00+00:00,8.286,8.369,8.209,8.262,17462.0,2026-04-01 15:59:59.999000+00:00,1
2026-04-01 16:00:00+00:00,8.263,8.337,8.21,8.235,9700.43,2026-04-01 19:59:59.999000+00:00,1
2026-04-01 20:00:00+00:00,8.235,8.339,8.171,8.186,13927.39,2026-04-01 23:59:59.999000+00:00,1
2026-04-02 00:00:00+00:00,8.187,8.259,7.902,7.942,37779.8,2026-04-02 03:59:59.999000+00:00,1
2026-04-02 04:00:00+00:00,7.942,7.991,7.887,7.983,14107.58,2026-04-02 07:59:59.999000+00:00,1
2026-04-02 08:00:00+00:00,7.983,7.983,7.842,7.883,17406.52,2026-04-02 11:59:59.999000+00:00,1
2026-04-02 12:00:00+00:00,7.883,7.938,7.792,7.878,34255.46,2026-04-02 15:59:59.999000+00:00,1
2026-04-02 16:00:00+00:00,7.877,7.918,7.813,7.864,14135.83,2026-04-02 19:59:59.999000+00:00,1
2026-04-02 20:00:00+00:00,7.865,7.891,7.822,7.866,7815.81,2026-04-02 23:59:59.999000+00:00,1
2026-04-03 00:00:00+00:00,7.865,7.902,7.825,7.899,10322.93,2026-04-03 03:59:59.999000+00:00,1
2026-04-03 04:00:00+00:00,7.899,8.06,7.894,7.997,20394.05,2026-04-03 07:59:59.999000+00:00,1
2026-04-03 08:00:00+00:00,7.996,8.043,7.97,8.02,10291.41,2026-04-03 11:59:59.999000+00:00,1
2026-04-03 12:00:00+00:00,8.019,8.119,7.991,8.046,16915.38,2026-04-03 15:59:59.999000+00:00,1
2026-04-03 16:00:00+00:00,8.045,8.13,8.038,8.116,14985.8,2026-04-03 19:59:59.999000+00:00,1
2026-04-03 20:00:00+00:00,8.115,8.186,8.062,8.078,13909.63,2026-04-03 23:59:59.999000+00:00,1
2026-04-04 00:00:00+00:00,8.079,8.178,8.062,8.174,11389.44,2026-04-04 03:59:59.999000+00:00,1
2026-04-04 04:00:00+00:00,8.174,8.251,8.145,8.236,16765.0,2026-04-04 07:59:59.999000+00:00,1
2026-04-04 08:00:00+00:00,8.237,8.439,8.237,8.398,32782.33,2026-04-04 11:59:59.999000+00:00,1
2026-04-04 12:00:00+00:00,8.398,8.545,8.303,8.436,49301.38,2026-04-04 15:59:59.999000+00:00,1
2026-04-04 16:00:00+00:00,8.435,9.0,8.426,8.88,128343.17,2026-04-04 19:59:59.999000+00:00,1
2026-04-04 20:00:00+00:00,8.88,8.909,8.586,8.617,54936.16,2026-04-04 23:59:59.999000+00:00,1
2026-04-05 00:00:00+00:00,8.617,8.639,8.462,8.477,44327.82,2026-04-05 03:59:59.999000+00:00,1
2026-04-05 04:00:00+00:00,8.478,8.493,8.405,8.445,32375.58,2026-04-05 07:59:59.999000+00:00,1
2026-04-05 08:00:00+00:00,8.445,8.538,8.436,8.493,28725.52,2026-04-05 11:59:59.999000+00:00,1
2026-04-05 12:00:00+00:00,8.492,8.649,8.383,8.532,33394.59,2026-04-05 15:59:59.999000+00:00,1
2026-04-05 16:00:00+00:00,8.531,8.606,8.473,8.59,13606.49,2026-04-05 19:59:59.999000+00:00,1
2026-04-05 20:00:00+00:00,8.59,8.819,8.579,8.727,24301.67,2026-04-05 23:59:59.999000+00:00,1
2026-04-06 00:00:00+00:00,8.728,8.809,8.659,8.732,34375.36,2026-04-06 03:59:59.999000+00:00,1
2026-04-06 04:00:00+00:00,8.732,8.736,8.662,8.689,15650.66,2026-04-06 07:59:59.999000+00:00,1
2026-04-06 08:00:00+00:00,8.689,8.769,8.672,8.688,16335.44,2026-04-06 11:59:59.999000+00:00,1
2026-04-06 12:00:00+00:00,8.688,8.706,8.54,8.593,23810.02,2026-04-06 15:59:59.999000+00:00,1
2026-04-06 16:00:00+00:00,8.593,8.646,8.569,8.586,13677.44,2026-04-06 19:59:59.999000+00:00,1
2026-04-06 20:00:00+00:00,8.587,8.59,8.369,8.421,20325.73,2026-04-06 23:59:59.999000+00:00,1
2026-04-07 00:00:00+00:00,8.421,8.44,8.308,8.388,20374.06,2026-04-07 03:59:59.999000+00:00,1
2026-04-07 04:00:00+00:00,8.387,8.387,8.111,8.19,55680.6,2026-04-07 07:59:59.999000+00:00,1
2026-04-07 08:00:00+00:00,8.19,8.204,8.086,8.174,34146.95,2026-04-07 11:59:59.999000+00:00,1
2026-04-07 12:00:00+00:00,8.175,8.318,8.127,8.311,49218.13,2026-04-07 15:59:59.999000+00:00,1
2026-04-07 16:00:00+00:00,8.311,8.481,8.304,8.424,48906.96,2026-04-07 19:59:59.999000+00:00,1
2026-04-07 20:00:00+00:00,8.424,8.953,8.382,8.85,56055.37,2026-04-07 23:59:59.999000+00:00,1
2026-04-08 00:00:00+00:00,8.849,8.887,8.672,8.683,36436.05,2026-04-08 03:59:59.999000+00:00,1
2026-04-08 04:00:00+00:00,8.683,8.786,8.682,8.777,12824.76,2026-04-08 07:59:59.999000+00:00,1
2026-04-08 08:00:00+00:00,8.777,8.777,8.637,8.668,11787.55,2026-04-08 11:59:59.999000+00:00,1
2026-04-08 12:00:00+00:00,8.667,8.709,8.48,8.508,42101.98,2026-04-08 15:59:59.999000+00:00,1
2026-04-08 16:00:00+00:00,8.509,8.587,8.458,8.501,17747.01,2026-04-08 19:59:59.999000+00:00,1
2026-04-08 20:00:00+00:00,8.501,8.526,8.381,8.413,13680.74,2026-04-08 23:59:59.999000+00:00,1
2026-04-09 00:00:00+00:00,8.413,8.413,8.319,8.39,20013.77,2026-04-09 03:59:59.999000+00:00,1
2026-04-09 04:00:00+00:00,8.39,8.466,8.367,8.404,10033.27,2026-04-09 07:59:59.999000+00:00,1
2026-04-09 08:00:00+00:00,8.405,8.415,8.343,8.355,12732.02,2026-04-09 11:59:59.999000+00:00,1
2026-04-09 12:00:00+00:00,8.355,8.422,8.309,8.38,29203.32,2026-04-09 15:59:59.999000+00:00,1
2026-04-09 16:00:00+00:00,8.381,8.437,8.352,8.402,18175.61,2026-04-09 19:59:59.999000+00:00,1
2026-04-09 20:00:00+00:00,8.403,8.609,8.391,8.431,21099.98,2026-04-09 23:59:59.999000+00:00,1
2026-04-10 00:00:00+00:00,8.431,8.481,8.369,8.432,17429.16,2026-04-10 03:59:59.999000+00:00,1
2026-04-10 04:00:00+00:00,8.431,8.575,8.421,8.46,13147.51,2026-04-10 07:59:59.999000+00:00,1
2026-04-10 08:00:00+00:00,8.46,8.526,8.427,8.449,12269.71,2026-04-10 11:59:59.999000+00:00,1
2026-04-10 12:00:00+00:00,8.449,8.637,8.427,8.454,33221.41,2026-04-10 15:59:59.999000+00:00,1
2026-04-10 16:00:00+00:00,8.454,8.554,8.425,8.549,11080.88,2026-04-10 19:59:59.999000+00:00,1
2026-04-10 20:00:00+00:00,8.549,8.562,8.47,8.487,7159.82,2026-04-10 23:59:59.999000+00:00,1
2026-04-11 00:00:00+00:00,8.486,8.494,8.427,8.447,9978.85,2026-04-11 03:59:59.999000+00:00,1
2026-04-11 04:00:00+00:00,8.447,8.454,8.327,8.359,18926.32,2026-04-11 07:59:59.999000+00:00,1
2026-04-11 08:00:00+00:00,8.358,8.374,8.331,8.353,7718.72,2026-04-11 11:59:59.999000+00:00,1
2026-04-11 12:00:00+00:00,8.353,8.359,8.257,8.327,18391.42,2026-04-11 15:59:59.999000+00:00,1
2026-04-11 16:00:00+00:00,8.326,8.563,8.311,8.539,21475.85,2026-04-11 19:59:59.999000+00:00,1
2026-04-11 20:00:00+00:00,8.54,8.562,8.387,8.431,15685.3,2026-04-11 23:59:59.999000+00:00,1
2026-04-12 00:00:00+00:00,8.431,8.448,8.151,8.231,33244.46,2026-04-12 03:59:59.999000+00:00,1
2026-04-12 04:00:00+00:00,8.231,8.247,8.19,8.209,6584.17,2026-04-12 07:59:59.999000+00:00,1
2026-04-12 08:00:00+00:00,8.209,8.209,8.154,8.186,10198.43,2026-04-12 11:59:59.999000+00:00,1
2026-04-12 12:00:00+00:00,8.185,8.211,8.091,8.119,21345.36,2026-04-12 15:59:59.999000+00:00,1
2026-04-12 16:00:00+00:00,8.119,8.205,8.113,8.142,6416.28,2026-04-12 19:59:59.999000+00:00,1
2026-04-12 20:00:00+00:00,8.142,8.18,8.097,8.125,17259.18,2026-04-12 23:59:59.999000+00:00,1
2026-04-13 00:00:00+00:00,8.125,8.275,8.111,8.228,17130.09,2026-04-13 03:59:59.999000+00:00,1
2026-04-13 04:00:00+00:00,8.228,8.253,8.172,8.192,9407.42,2026-04-13 07:59:59.999000+00:00,1
2026-04-13 08:00:00+00:00,8.192,8.21,8.136,8.16,10820.16,2026-04-13 11:59:59.999000+00:00,1
2026-04-13 12:00:00+00:00,8.16,8.277,8.145,8.156,22596.98,2026-04-13 15:59:59.999000+00:00,1
2026-04-13 16:00:00+00:00,8.156,8.367,8.108,8.35,21988.09,2026-04-13 19:59:59.999000+00:00,1
2026-04-13 20:00:00+00:00,8.35,8.608,8.269,8.602,31627.73,2026-04-13 23:59:59.999000+00:00,1
2026-04-14 00:00:00+00:00,8.603,8.625,8.479,8.499,19119.39,2026-04-14 03:59:59.999000+00:00,1
2026-04-14 04:00:00+00:00,8.499,8.557,8.408,8.437,13548.17,2026-04-14 07:59:59.999000+00:00,1
2026-04-14 08:00:00+00:00,8.437,8.519,8.427,8.442,10430.11,2026-04-14 11:59:59.999000+00:00,1
2026-04-14 12:00:00+00:00,8.442,8.566,8.349,8.368,50516.59,2026-04-14 15:59:59.999000+00:00,1
2026-04-14 16:00:00+00:00,8.368,8.442,8.241,8.294,22481.54,2026-04-14 19:59:59.999000+00:00,1
2026-04-14 20:00:00+00:00,8.295,8.338,8.265,8.307,9336.09,2026-04-14 23:59:59.999000+00:00,1
2026-04-15 00:00:00+00:00,8.308,8.376,8.28,8.301,10185.75,2026-04-15 03:59:59.999000+00:00,1
2026-04-15 04:00:00+00:00,8.3,8.364,8.257,8.273,11100.61,2026-04-15 07:59:59.999000+00:00,1
2026-04-15 08:00:00+00:00,8.276,8.409,8.266,8.398,8597.97,2026-04-15 11:59:59.999000+00:00,1
2026-04-15 12:00:00+00:00,8.398,8.449,8.351,8.395,12580.37,2026-04-15 15:59:59.999000+00:00,1
2026-04-15 16:00:00+00:00,8.396,8.54,8.388,8.513,13783.02,2026-04-15 19:59:59.999000+00:00,1
2026-04-15 20:00:00+00:00,8.514,8.526,8.411,8.446,9679.43,2026-04-15 23:59:59.999000+00:00,1
2026-04-16 00:00:00+00:00,8.447,8.553,8.383,8.535,14714.38,2026-04-16 03:59:59.999000+00:00,1
2026-04-16 04:00:00+00:00,8.535,8.587,8.51,8.548,12748.96,2026-04-16 07:59:59.999000+00:00,1
2026-04-16 08:00:00+00:00,8.547,8.559,8.437,8.487,12166.42,2026-04-16 11:59:59.999000+00:00,1
2026-04-16 12:00:00+00:00,8.487,8.684,8.338,8.606,54531.96,2026-04-16 15:59:59.999000+00:00,1
2026-04-16 16:00:00+00:00,8.605,8.842,8.477,8.82,38738.99,2026-04-16 19:59:59.999000+00:00,1
2026-04-16 20:00:00+00:00,8.82,8.892,8.614,8.745,17773.86,2026-04-16 23:59:59.999000+00:00,1
2026-04-17 00:00:00+00:00,8.745,8.763,8.572,8.608,21608.23,2026-04-17 03:59:59.999000+00:00,1
2026-04-17 04:00:00+00:00,8.608,8.677,8.505,8.675,20472.33,2026-04-17 07:59:59.999000+00:00,1
2026-04-17 08:00:00+00:00,8.676,8.737,8.565,8.655,25136.21,2026-04-17 11:59:59.999000+00:00,1
2026-04-17 12:00:00+00:00,8.655,8.906,8.624,8.771,40445.71,2026-04-17 15:59:59.999000+00:00,1
2026-04-17 16:00:00+00:00,8.771,8.933,8.749,8.816,33502.84,2026-04-17 19:59:59.999000+00:00,1
2026-04-17 20:00:00+00:00,8.817,8.861,8.727,8.769,10893.65,2026-04-17 23:59:59.999000+00:00,1
2026-04-18 00:00:00+00:00,8.767,8.825,8.648,8.669,14842.39,2026-04-18 03:59:59.999000+00:00,1
2026-04-18 04:00:00+00:00,8.67,8.736,8.616,8.728,11523.63,2026-04-18 07:59:59.999000+00:00,1
2026-04-18 08:00:00+00:00,8.727,8.736,8.484,8.552,31815.9,2026-04-18 11:59:59.999000+00:00,1
2026-04-18 12:00:00+00:00,8.552,8.595,8.513,8.557,10012.29,2026-04-18 15:59:59.999000+00:00,1
2026-04-18 16:00:00+00:00,8.557,8.58,8.407,8.455,16617.81,2026-04-18 19:59:59.999000+00:00,1
2026-04-18 20:00:00+00:00,8.454,8.538,8.438,8.496,8393.39,2026-04-18 23:59:59.999000+00:00,1
2026-04-19 00:00:00+00:00,8.496,8.496,8.334,8.383,27831.14,2026-04-19 03:59:59.999000+00:00,1
2026-04-19 04:00:00+00:00,8.384,8.423,8.293,8.349,13704.15,2026-04-19 07:59:59.999000+00:00,1
2026-04-19 08:00:00+00:00,8.349,8.412,8.308,8.398,13236.49,2026-04-19 11:59:59.999000+00:00,1
2026-04-19 12:00:00+00:00,8.399,8.531,8.383,8.461,16757.38,2026-04-19 15:59:59.999000+00:00,1
2026-04-19 16:00:00+00:00,8.462,8.474,8.285,8.367,14502.46,2026-04-19 19:59:59.999000+00:00,1
2026-04-19 20:00:00+00:00,8.366,8.366,8.177,8.229,17335.59,2026-04-19 23:59:59.999000+00:00,1
2026-04-20 00:00:00+00:00,8.23,8.369,8.216,8.359,11863.24,2026-04-20 03:59:59.999000+00:00,1
2026-04-20 04:00:00+00:00,8.359,8.469,8.293,8.398,14850.54,2026-04-20 07:59:59.999000+00:00,1
2026-04-20 08:00:00+00:00,8.398,8.453,8.354,8.412,7586.8,2026-04-20 11:59:59.999000+00:00,1
2026-04-20 12:00:00+00:00,8.412,8.48,8.309,8.382,25389.51,2026-04-20 15:59:59.999000+00:00,1
2026-04-20 16:00:00+00:00,8.382,8.472,8.358,8.433,10187.0,2026-04-20 19:59:59.999000+00:00,1
2026-04-20 20:00:00+00:00,8.429,8.483,8.367,8.388,9232.6,2026-04-20 23:59:59.999000+00:00,1
2026-04-21 00:00:00+00:00,8.389,8.432,8.34,8.373,5830.46,2026-04-21 03:59:59.999000+00:00,1
2026-04-21 04:00:00+00:00,8.373,8.447,8.371,8.431,7668.55,2026-04-21 07:59:59.999000+00:00,1
2026-04-21 08:00:00+00:00,8.431,8.535,8.421,8.487,15952.74,2026-04-21 11:59:59.999000+00:00,1
2026-04-21 12:00:00+00:00,8.487,8.501,8.4,8.467,16099.69,2026-04-21 15:59:59.999000+00:00,1
2026-04-21 16:00:00+00:00,8.467,8.495,8.276,8.283,14516.32,2026-04-21 19:59:59.999000+00:00,1
2026-04-21 20:00:00+00:00,8.286,8.438,8.286,8.435,9979.14,2026-04-21 23:59:59.999000+00:00,1
2026-04-22 00:00:00+00:00,8.435,8.584,8.413,8.533,22382.49,2026-04-22 03:59:59.999000+00:00,1
2026-04-22 04:00:00+00:00,8.533,8.663,8.527,8.648,18960.23,2026-04-22 07:59:59.999000+00:00,1
2026-04-22 08:00:00+00:00,8.651,8.744,8.632,8.714,18444.91,2026-04-22 11:59:59.999000+00:00,1
2026-04-22 12:00:00+00:00,8.714,8.728,8.624,8.658,20235.91,2026-04-22 15:59:59.999000+00:00,1
2026-04-22 16:00:00+00:00,8.659,8.678,8.511,8.549,14183.66,2026-04-22 19:59:59.999000+00:00,1
2026-04-22 20:00:00+00:00,8.549,8.565,8.434,8.436,18350.26,2026-04-22 23:59:59.999000+00:00,1
2026-04-23 00:00:00+00:00,8.437,8.459,8.33,8.372,25230.85,2026-04-23 03:59:59.999000+00:00,1
2026-04-23 04:00:00+00:00,8.371,8.478,8.359,8.441,9330.57,2026-04-23 07:59:59.999000+00:00,1
2026-04-23 08:00:00+00:00,8.441,8.494,8.365,8.476,17400.18,2026-04-23 11:59:59.999000+00:00,1
2026-04-23 12:00:00+00:00,8.477,8.549,8.426,8.529,12523.65,2026-04-23 15:59:59.999000+00:00,1
2026-04-23 16:00:00+00:00,8.529,8.536,8.345,8.424,20800.61,2026-04-23 19:59:59.999000+00:00,1
2026-04-23 20:00:00+00:00,8.425,8.532,8.424,8.509,8332.02,2026-04-23 23:59:59.999000+00:00,1
2026-04-24 00:00:00+00:00,8.51,8.541,8.415,8.451,13849.44,2026-04-24 03:59:59.999000+00:00,1
2026-04-24 04:00:00+00:00,8.451,8.485,8.427,8.461,9711.52,2026-04-24 07:59:59.999000+00:00,1
2026-04-24 08:00:00+00:00,8.46,8.585,8.454,8.547,14067.58,2026-04-24 11:59:59.999000+00:00,1
2026-04-24 12:00:00+00:00,8.547,8.599,8.479,8.598,9539.92,2026-04-24 15:59:59.999000+00:00,1
2026-04-24 16:00:00+00:00,8.598,8.605,8.54,8.57,6431.92,2026-04-24 19:59:59.999000+00:00,1
2026-04-24 20:00:00+00:00,8.571,8.605,8.487,8.523,8446.33,2026-04-24 23:59:59.999000+00:00,1
2026-04-25 00:00:00+00:00,8.523,8.559,8.476,8.544,15414.02,2026-04-25 03:59:59.999000+00:00,1
2026-04-25 04:00:00+00:00,8.545,8.58,8.507,8.525,9339.81,2026-04-25 07:59:59.999000+00:00,1
2026-04-25 08:00:00+00:00,8.524,8.568,8.482,8.504,6377.23,2026-04-25 11:59:59.999000+00:00,1
2026-04-25 12:00:00+00:00,8.504,8.522,8.445,8.463,8523.25,2026-04-25 15:59:59.999000+00:00,1
2026-04-25 16:00:00+00:00,8.462,8.476,8.39,8.411,11078.97,2026-04-25 19:59:59.999000+00:00,1
2026-04-25 20:00:00+00:00,8.411,8.45,8.396,8.439,4429.29,2026-04-25 23:59:59.999000+00:00,1
2026-04-26 00:00:00+00:00,8.438,8.438,8.384,8.402,8770.36,2026-04-26 03:59:59.999000+00:00,1
2026-04-26 04:00:00+00:00,8.4,8.485,8.394,8.458,13080.77,2026-04-26 07:59:59.999000+00:00,1
2026-04-26 08:00:00+00:00,8.458,8.508,8.423,8.493,9243.55,2026-04-26 11:59:59.999000+00:00,1
2026-04-26 12:00:00+00:00,8.494,8.5,8.407,8.471,8228.01,2026-04-26 15:59:59.999000+00:00,1
2026-04-26 16:00:00+00:00,8.469,8.547,8.426,8.506,12207.49,2026-04-26 19:59:59.999000+00:00,1
2026-04-26 20:00:00+00:00,8.507,8.543,8.456,8.523,13748.15,2026-04-26 23:59:59.999000+00:00,1
2026-04-27 00:00:00+00:00,8.525,8.626,8.481,8.598,13768.37,2026-04-27 03:59:59.999000+00:00,1
2026-04-27 04:00:00+00:00,8.598,8.598,8.317,8.351,36409.95,2026-04-27 07:59:59.999000+00:00,1
2026-04-27 08:00:00+00:00,8.352,8.4,8.333,8.382,11110.91,2026-04-27 11:59:59.999000+00:00,1
2026-04-27 12:00:00+00:00,8.382,8.432,8.243,8.284,24070.06,2026-04-27 15:59:59.999000+00:00,1
2026-04-27 16:00:00+00:00,8.284,8.319,8.234,8.302,10489.48,2026-04-27 19:59:59.999000+00:00,1
2026-04-27 20:00:00+00:00,8.304,8.397,8.303,8.388,9939.72,2026-04-27 23:59:59.999000+00:00,1
2026-04-28 00:00:00+00:00,8.388,8.409,8.347,8.388,8231.01,2026-04-28 03:59:59.999000+00:00,1
2026-04-28 04:00:00+00:00,8.389,8.486,8.357,8.396,19473.13,2026-04-28 07:59:59.999000+00:00,1
2026-04-28 08:00:00+00:00,8.396,8.435,8.333,8.355,11363.68,2026-04-28 11:59:59.999000+00:00,1
2026-04-28 12:00:00+00:00,8.356,8.412,8.318,8.388,16526.21,2026-04-28 15:59:59.999000+00:00,1
2026-04-28 16:00:00+00:00,8.389,8.42,8.343,8.417,6594.11,2026-04-28 19:59:59.999000+00:00,1
2026-04-28 20:00:00+00:00,8.418,8.432,8.366,8.396,7398.41,2026-04-28 23:59:59.999000+00:00,1
2026-04-29 00:00:00+00:00,8.396,8.468,8.391,8.462,11046.05,2026-04-29 03:59:59.999000+00:00,1
2026-04-29 04:00:00+00:00,8.462,8.511,8.441,8.478,13965.36,2026-04-29 07:59:59.999000+00:00,1
2026-04-29 08:00:00+00:00,8.479,8.605,8.459,8.522,28996.78,2026-04-29 11:59:59.999000+00:00,1
2026-04-29 12:00:00+00:00,8.523,8.525,8.287,8.295,36828.19,2026-04-29 15:59:59.999000+00:00,1
2026-04-29 16:00:00+00:00,8.296,8.351,8.114,8.238,36165.61,2026-04-29 19:59:59.999000+00:00,1
2026-04-29 20:00:00+00:00,8.238,8.348,8.235,8.336,12097.81,2026-04-29 23:59:59.999000+00:00,1
2026-04-30 00:00:00+00:00,8.337,8.41,8.296,8.347,20421.56,2026-04-30 03:59:59.999000+00:00,1
2026-04-30 04:00:00+00:00,8.346,8.354,8.261,8.348,16117.12,2026-04-30 07:59:59.999000+00:00,1
2026-04-30 08:00:00+00:00,8.349,8.419,8.33,8.38,17053.2,2026-04-30 11:59:59.999000+00:00,1
2026-04-30 12:00:00+00:00,8.381,8.471,8.353,8.411,16543.63,2026-04-30 15:59:59.999000+00:00,1
2026-04-30 16:00:00+00:00,8.411,8.415,8.334,8.353,7489.66,2026-04-30 19:59:59.999000+00:00,1
2026-04-30 20:00:00+00:00,8.352,8.363,8.305,8.336,9812.33,2026-04-30 23:59:59.999000+00:00,1
2026-05-01 00:00:00+00:00,8.336,8.456,8.334,8.4,16574.57,2026-05-01 03:59:59.999000+00:00,1
2026-05-01 04:00:00+00:00,8.401,8.42,8.353,8.375,10424.12,2026-05-01 07:59:59.999000+00:00,1
2026-05-01 08:00:00+00:00,8.376,8.442,8.324,8.438,16287.94,2026-05-01 11:59:59.999000+00:00,1
2026-05-01 12:00:00+00:00,8.437,8.516,8.401,8.482,20199.03,2026-05-01 15:59:59.999000+00:00,1
2026-05-01 16:00:00+00:00,8.481,8.501,8.441,8.449,7451.85,2026-05-01 19:59:59.999000+00:00,1
2026-05-01 20:00:00+00:00,8.449,8.457,8.375,8.404,16098.83,2026-05-01 23:59:59.999000+00:00,1
2026-05-02 00:00:00+00:00,8.404,8.464,8.399,8.443,10341.32,2026-05-02 03:59:59.999000+00:00,1
2026-05-02 04:00:00+00:00,8.442,8.448,8.382,8.432,6756.64,2026-05-02 07:59:59.999000+00:00,1
2026-05-02 08:00:00+00:00,8.431,8.528,8.426,8.467,10734.12,2026-05-02 11:59:59.999000+00:00,1
2026-05-02 12:00:00+00:00,8.466,8.509,8.456,8.508,10286.96,2026-05-02 15:59:59.999000+00:00,1
2026-05-02 16:00:00+00:00,8.508,8.56,8.49,8.557,7144.34,2026-05-02 19:59:59.999000+00:00,1
2026-05-02 20:00:00+00:00,8.558,8.585,8.51,8.519,6622.86,2026-05-02 23:59:59.999000+00:00,1
2026-05-03 00:00:00+00:00,8.52,8.524,8.408,8.439,13499.12,2026-05-03 03:59:59.999000+00:00,1
2026-05-03 04:00:00+00:00,8.438,8.47,8.425,8.452,6786.39,2026-05-03 07:59:59.999000+00:00,1
2026-05-03 08:00:00+00:00,8.45,8.489,8.422,8.473,6878.23,2026-05-03 11:59:59.999000+00:00,1
2026-05-03 12:00:00+00:00,8.473,8.495,8.438,8.47,9866.82,2026-05-03 15:59:59.999000+00:00,1
2026-05-03 16:00:00+00:00,8.47,8.518,8.454,8.494,7064.96,2026-05-03 19:59:59.999000+00:00,1
2026-05-03 20:00:00+00:00,8.493,8.545,8.452,8.481,12854.24,2026-05-03 23:59:59.999000+00:00,1
2026-05-04 00:00:00+00:00,8.48,8.697,8.42,8.697,41060.39,2026-05-04 03:59:59.999000+00:00,1
2026-05-04 04:00:00+00:00,8.697,8.728,8.611,8.658,22571.33,2026-05-04 07:59:59.999000+00:00,1
2026-05-04 08:00:00+00:00,8.658,8.72,8.475,8.625,32887.6,2026-05-04 11:59:59.999000+00:00,1
2026-05-04 12:00:00+00:00,8.626,8.868,8.602,8.671,60214.76,2026-05-04 15:59:59.999000+00:00,1
2026-05-04 16:00:00+00:00,8.672,8.763,8.606,8.711,15268.91,2026-05-04 19:59:59.999000+00:00,1
2026-05-04 20:00:00+00:00,8.713,8.76,8.656,8.68,9385.86,2026-05-04 23:59:59.999000+00:00,1
2026-05-05 00:00:00+00:00,8.68,8.862,8.677,8.841,24839.19,2026-05-05 03:59:59.999000+00:00,1
2026-05-05 04:00:00+00:00,8.841,8.861,8.753,8.818,20787.35,2026-05-05 07:59:59.999000+00:00,1
2026-05-05 08:00:00+00:00,8.817,9.039,8.816,8.95,43856.2,2026-05-05 11:59:59.999000+00:00,1
2026-05-05 12:00:00+00:00,8.95,8.975,8.831,8.906,26253.74,2026-05-05 15:59:59.999000+00:00,1
2026-05-05 16:00:00+00:00,8.905,8.95,8.863,8.925,6986.9,2026-05-05 19:59:59.999000+00:00,1
2026-05-05 20:00:00+00:00,8.925,9.071,8.925,9.01,16611.36,2026-05-05 23:59:59.999000+00:00,1
2026-05-06 00:00:00+00:00,9.01,9.343,8.994,9.263,31633.99,2026-05-06 03:59:59.999000+00:00,1
2026-05-06 04:00:00+00:00,9.263,9.365,9.195,9.248,31014.36,2026-05-06 07:59:59.999000+00:00,1
2026-05-06 08:00:00+00:00,9.249,9.41,9.248,9.317,30792.13,2026-05-06 11:59:59.999000+00:00,1
2026-05-06 12:00:00+00:00,9.317,9.481,9.151,9.446,52538.41,2026-05-06 15:59:59.999000+00:00,1
2026-05-06 16:00:00+00:00,9.445,9.51,9.219,9.268,28737.71,2026-05-06 19:59:59.999000+00:00,1
2026-05-06 20:00:00+00:00,9.268,9.393,9.237,9.39,9131.38,2026-05-06 23:59:59.999000+00:00,1
2026-05-07 00:00:00+00:00,9.39,9.398,9.125,9.133,30391.16,2026-05-07 03:59:59.999000+00:00,1
2026-05-07 04:00:00+00:00,9.133,9.364,9.121,9.302,20607.18,2026-05-07 07:59:59.999000+00:00,1
2026-05-07 08:00:00+00:00,9.302,9.35,9.204,9.262,13151.85,2026-05-07 11:59:59.999000+00:00,1
2026-05-07 12:00:00+00:00,9.262,9.341,9.057,9.204,34508.66,2026-05-07 15:59:59.999000+00:00,1
2026-05-07 16:00:00+00:00,9.205,9.347,9.182,9.198,24330.4,2026-05-07 19:59:59.999000+00:00,1
2026-05-07 20:00:00+00:00,9.199,9.261,9.155,9.223,17126.52,2026-05-07 23:59:59.999000+00:00,1
2026-05-08 00:00:00+00:00,9.224,9.295,9.195,9.262,18661.27,2026-05-08 03:59:59.999000+00:00,1
2026-05-08 04:00:00+00:00,9.262,9.38,9.259,9.36,18314.15,2026-05-08 07:59:59.999000+00:00,1
2026-05-08 08:00:00+00:00,9.361,9.542,9.343,9.433,24038.29,2026-05-08 11:59:59.999000+00:00,1
2026-05-08 12:00:00+00:00,9.433,9.646,9.3,9.623,36689.0,2026-05-08 15:59:59.999000+00:00,1
2026-05-08 16:00:00+00:00,9.624,9.881,9.605,9.827,85089.27,2026-05-08 19:59:59.999000+00:00,1
2026-05-08 20:00:00+00:00,9.828,9.861,9.744,9.773,25136.63,2026-05-08 23:59:59.999000+00:00,1
2026-05-09 00:00:00+00:00,9.773,9.828,9.71,9.744,16217.64,2026-05-09 03:59:59.999000+00:00,1
2026-05-09 04:00:00+00:00,9.745,9.923,9.692,9.728,28646.87,2026-05-09 07:59:59.999000+00:00,1
2026-05-09 08:00:00+00:00,9.728,9.749,9.546,9.585,27431.21,2026-05-09 11:59:59.999000+00:00,1
2026-05-09 12:00:00+00:00,9.585,9.604,9.444,9.476,28231.94,2026-05-09 15:59:59.999000+00:00,1
2026-05-09 16:00:00+00:00,9.476,9.56,9.404,9.551,14488.05,2026-05-09 19:59:59.999000+00:00,1
2026-05-09 20:00:00+00:00,9.552,9.628,9.525,9.581,11664.49,2026-05-09 23:59:59.999000+00:00,1
2026-05-10 00:00:00+00:00,9.58,9.684,9.536,9.621,19306.04,2026-05-10 03:59:59.999000+00:00,1
2026-05-10 04:00:00+00:00,9.621,9.711,9.592,9.666,16845.47,2026-05-10 07:59:59.999000+00:00,1
2026-05-10 08:00:00+00:00,9.666,9.715,9.548,9.572,17125.51,2026-05-10 11:59:59.999000+00:00,1
2026-05-10 12:00:00+00:00,9.572,9.704,9.554,9.699,14688.79,2026-05-10 15:59:59.999000+00:00,1
2026-05-10 16:00:00+00:00,9.7,9.969,9.666,9.905,33153.48,2026-05-10 19:59:59.999000+00:00,1
2026-05-10 20:00:00+00:00,9.906,10.043,9.629,9.968,40809.2,2026-05-10 23:59:59.999000+00:00,1
2026-05-11 00:00:00+00:00,9.967,10.07,9.674,9.788,36353.5,2026-05-11 03:59:59.999000+00:00,1
2026-05-11 04:00:00+00:00,9.788,9.852,9.709,9.739,12916.93,2026-05-11 07:59:59.999000+00:00,1
2026-05-11 08:00:00+00:00,9.74,9.799,9.676,9.718,15727.61,2026-05-11 11:59:59.999000+00:00,1
2026-05-11 12:00:00+00:00,9.717,9.76,9.614,9.739,24214.54,2026-05-11 15:59:59.999000+00:00,1
2026-05-11 16:00:00+00:00,9.739,9.867,9.669,9.852,17819.93,2026-05-11 19:59:59.999000+00:00,1
2026-05-11 20:00:00+00:00,9.853,9.869,9.743,9.767,8865.74,2026-05-11 23:59:59.999000+00:00,1
2026-05-12 00:00:00+00:00,9.766,9.788,9.555,9.602,21390.12,2026-05-12 03:59:59.999000+00:00,1
2026-05-12 04:00:00+00:00,9.602,9.662,9.514,9.571,16998.51,2026-05-12 07:59:59.999000+00:00,1
2026-05-12 08:00:00+00:00,9.571,9.586,9.407,9.457,20092.66,2026-05-12 11:59:59.999000+00:00,1
2026-05-12 12:00:00+00:00,9.458,9.488,9.254,9.267,36104.76,2026-05-12 15:59:59.999000+00:00,1
2026-05-12 16:00:00+00:00,9.267,9.425,9.2,9.394,17203.27,2026-05-12 19:59:59.999000+00:00,1
2026-05-12 20:00:00+00:00,9.394,9.454,9.375,9.384,9628.83,2026-05-12 23:59:59.999000+00:00,1
2026-05-13 00:00:00+00:00,9.384,9.514,9.372,9.505,11617.47,2026-05-13 03:59:59.999000+00:00,1
2026-05-13 04:00:00+00:00,9.504,9.557,9.418,9.437,15169.63,2026-05-13 07:59:59.999000+00:00,1
2026-05-13 08:00:00+00:00,9.437,9.591,9.43,9.451,17883.31,2026-05-13 11:59:59.999000+00:00,1
2026-05-13 12:00:00+00:00,9.45,9.47,9.108,9.137,49718.42,2026-05-13 15:59:59.999000+00:00,1
2026-05-13 16:00:00+00:00,9.138,9.3,9.135,9.22,9111.1,2026-05-13 19:59:59.999000+00:00,1
2026-05-13 20:00:00+00:00,9.219,9.261,9.164,9.246,6636.14,2026-05-13 23:59:59.999000+00:00,1
2026-05-14 00:00:00+00:00,9.247,9.281,9.125,9.141,13101.3,2026-05-14 03:59:59.999000+00:00,1
2026-05-14 04:00:00+00:00,9.142,9.308,9.129,9.234,9836.11,2026-05-14 07:59:59.999000+00:00,1
2026-05-14 08:00:00+00:00,9.234,9.269,9.187,9.21,6619.91,2026-05-14 11:59:59.999000+00:00,1
2026-05-14 12:00:00+00:00,9.209,9.462,9.203,9.451,18384.1,2026-05-14 15:59:59.999000+00:00,1
2026-05-14 16:00:00+00:00,9.452,9.681,9.413,9.514,31777.77,2026-05-14 19:59:59.999000+00:00,1
2026-05-14 20:00:00+00:00,9.516,9.574,9.452,9.466,16828.23,2026-05-14 23:59:59.999000+00:00,1
2026-05-15 00:00:00+00:00,9.466,9.527,9.358,9.46,13343.96,2026-05-15 03:59:59.999000+00:00,1
2026-05-15 04:00:00+00:00,9.459,9.468,9.25,9.401,23431.95,2026-05-15 07:59:59.999000+00:00,1
2026-05-15 08:00:00+00:00,9.402,9.402,9.281,9.294,12175.99,2026-05-15 11:59:59.999000+00:00,1
2026-05-15 12:00:00+00:00,9.294,9.301,8.89,9.02,53552.5,2026-05-15 15:59:59.999000+00:00,1
2026-05-15 16:00:00+00:00,9.02,9.272,9.01,9.227,21876.01,2026-05-15 19:59:59.999000+00:00,1
2026-05-15 20:00:00+00:00,9.226,9.274,9.198,9.24,9733.49,2026-05-15 23:59:59.999000+00:00,1
2026-05-16 00:00:00+00:00,9.24,9.305,9.16,9.208,13091.04,2026-05-16 03:59:59.999000+00:00,1
2026-05-16 04:00:00+00:00,9.208,9.216,8.824,8.924,33736.04,2026-05-16 07:59:59.999000+00:00,1
2026-05-16 08:00:00+00:00,8.922,8.968,8.76,8.869,36718.52,2026-05-16 11:59:59.999000+00:00,1
2026-05-16 12:00:00+00:00,8.868,9.02,8.845,8.999,12138.15,2026-05-16 15:59:59.999000+00:00,1
2026-05-16 16:00:00+00:00,8.997,9.114,8.995,9.07,12413.08,2026-05-16 19:59:59.999000+00:00,1
2026-05-16 20:00:00+00:00,9.071,9.083,9.004,9.035,6563.18,2026-05-16 23:59:59.999000+00:00,1
2026-05-17 00:00:00+00:00,9.034,9.055,8.922,9.041,16575.77,2026-05-17 03:59:59.999000+00:00,1
2026-05-17 04:00:00+00:00,9.04,9.144,9.033,9.093,12848.58,2026-05-17 07:59:59.999000+00:00,1
2026-05-17 08:00:00+00:00,9.094,9.144,9.061,9.086,10595.63,2026-05-17 11:59:59.999000+00:00,1
2026-05-17 12:00:00+00:00,9.085,9.182,8.978,9.013,13798.28,2026-05-17 15:59:59.999000+00:00,1
2026-05-17 16:00:00+00:00,9.013,9.033,8.942,8.998,8823.54,2026-05-17 19:59:59.999000+00:00,1
2026-05-17 20:00:00+00:00,8.998,9.034,8.606,8.856,30775.18,2026-05-17 23:59:59.999000+00:00,1
2026-05-18 00:00:00+00:00,8.856,8.942,8.784,8.857,18117.64,2026-05-18 03:59:59.999000+00:00,1
2026-05-18 04:00:00+00:00,8.858,8.883,8.771,8.799,15071.52,2026-05-18 07:59:59.999000+00:00,1
2026-05-18 08:00:00+00:00,8.798,8.838,8.685,8.759,19061.31,2026-05-18 11:59:59.999000+00:00,1
2026-05-18 12:00:00+00:00,8.76,8.851,8.616,8.679,33394.14,2026-05-18 15:59:59.999000+00:00,1
2026-05-18 16:00:00+00:00,8.679,8.949,8.644,8.932,18583.48,2026-05-18 19:59:59.999000+00:00,1
2026-05-18 20:00:00+00:00,8.932,9.026,8.894,8.931,15076.85,2026-05-18 23:59:59.999000+00:00,1
2026-05-19 00:00:00+00:00,8.931,8.999,8.865,8.897,10049.85,2026-05-19 03:59:59.999000+00:00,1
2026-05-19 04:00:00+00:00,8.897,8.99,8.872,8.971,11323.85,2026-05-19 07:59:59.999000+00:00,1
2026-05-19 08:00:00+00:00,8.971,9.001,8.811,8.813,16704.96,2026-05-19 11:59:59.999000+00:00,1
2026-05-19 12:00:00+00:00,8.814,8.909,8.782,8.838,17389.23,2026-05-19 15:59:59.999000+00:00,1
2026-05-19 16:00:00+00:00,8.839,9.151,8.835,9.015,33369.28,2026-05-19 19:59:59.999000+00:00,1
2026-05-19 20:00:00+00:00,9.015,9.04,8.897,8.961,9548.44,2026-05-19 23:59:59.999000+00:00,1
2026-05-20 00:00:00+00:00,8.962,8.968,8.837,8.909,12043.56,2026-05-20 03:59:59.999000+00:00,1
2026-05-20 04:00:00+00:00,8.909,9.042,8.871,9.018,12635.21,2026-05-20 07:59:59.999000+00:00,1
2026-05-20 08:00:00+00:00,9.019,9.08,8.945,8.952,15754.69,2026-05-20 11:59:59.999000+00:00,1
2026-05-20 12:00:00+00:00,8.952,9.114,8.899,9.073,28883.71,2026-05-20 15:59:59.999000+00:00,1
2026-05-20 16:00:00+00:00,9.074,9.112,8.961,9.033,16916.04,2026-05-20 19:59:59.999000+00:00,1
2026-05-20 20:00:00+00:00,9.033,9.068,8.924,8.997,13502.5,2026-05-20 23:59:59.999000+00:00,1
2026-05-21 00:00:00+00:00,8.998,9.073,8.977,9.06,12065.99,2026-05-21 03:59:59.999000+00:00,1
2026-05-21 04:00:00+00:00,9.059,9.075,8.946,9.037,15538.28,2026-05-21 07:59:59.999000+00:00,1
2026-05-21 08:00:00+00:00,9.038,9.056,8.852,8.856,20667.32,2026-05-21 11:59:59.999000+00:00,1
2026-05-21 12:00:00+00:00,8.856,8.956,8.835,8.909,15814.0,2026-05-21 15:59:59.999000+00:00,1
2026-05-21 16:00:00+00:00,8.909,9.044,8.859,9.02,14896.85,2026-05-21 19:59:59.999000+00:00,1
2026-05-21 20:00:00+00:00,9.022,9.04,8.945,8.968,8498.35,2026-05-21 23:59:59.999000+00:00,1
2026-05-22 00:00:00+00:00,8.969,9.145,8.944,9.144,14307.21,2026-05-22 03:59:59.999000+00:00,1
2026-05-22 04:00:00+00:00,9.144,9.193,9.043,9.142,21142.65,2026-05-22 07:59:59.999000+00:00,1
2026-05-22 08:00:00+00:00,9.142,9.359,9.133,9.31,33350.64,2026-05-22 11:59:59.999000+00:00,1
2026-05-22 12:00:00+00:00,9.311,9.5,9.108,9.127,55216.04,2026-05-22 15:59:59.999000+00:00,1
2026-05-22 16:00:00+00:00,9.127,9.177,8.745,8.819,36294.01,2026-05-22 19:59:59.999000+00:00,1
2026-05-22 20:00:00+00:00,8.819,8.914,8.704,8.773,17887.99,2026-05-22 23:59:59.999000+00:00,1
2026-05-23 00:00:00+00:00,8.773,8.94,8.714,8.9,24880.55,2026-05-23 03:59:59.999000+00:00,1
2026-05-23 04:00:00+00:00,8.899,8.899,8.592,8.674,21552.31,2026-05-23 07:59:59.999000+00:00,1
2026-05-23 08:00:00+00:00,8.673,8.701,8.58,8.654,19262.01,2026-05-23 11:59:59.999000+00:00,1
2026-05-23 12:00:00+00:00,8.654,8.894,8.637,8.856,13977.1,2026-05-23 15:59:59.999000+00:00,1
2026-05-23 16:00:00+00:00,8.858,8.988,8.847,8.937,12223.13,2026-05-23 19:59:59.999000+00:00,1
2026-05-23 20:00:00+00:00,8.937,9.191,8.913,8.996,17096.82,2026-05-23 23:59:59.999000+00:00,1
2026-05-24 00:00:00+00:00,8.997,9.044,8.955,8.974,9123.65,2026-05-24 03:59:59.999000+00:00,1
2026-05-24 04:00:00+00:00,8.975,9.038,8.925,8.987,10074.37,2026-05-24 07:59:59.999000+00:00,1
2026-05-24 08:00:00+00:00,8.988,9.155,8.959,9.083,23122.27,2026-05-24 11:59:59.999000+00:00,1
2026-05-24 12:00:00+00:00,9.083,9.087,8.835,8.935,24261.15,2026-05-24 15:59:59.999000+00:00,1
2026-05-24 16:00:00+00:00,8.935,8.978,8.9,8.921,4759.09,2026-05-24 19:59:59.999000+00:00,1
2026-05-24 20:00:00+00:00,8.921,8.928,8.771,8.901,15206.62,2026-05-24 23:59:59.999000+00:00,1
2026-05-25 00:00:00+00:00,8.902,8.942,8.848,8.881,11609.17,2026-05-25 03:59:59.999000+00:00,1
2026-05-25 04:00:00+00:00,8.882,9.037,8.859,9.013,9639.23,2026-05-25 07:59:59.999000+00:00,1
2026-05-25 08:00:00+00:00,9.014,9.069,8.989,9.029,7739.73,2026-05-25 11:59:59.999000+00:00,1
2026-05-25 12:00:00+00:00,9.029,9.099,8.996,9.033,12820.3,2026-05-25 15:59:59.999000+00:00,1
2026-05-25 16:00:00+00:00,9.034,9.131,8.993,9.028,8387.1,2026-05-25 19:59:59.999000+00:00,1
2026-05-25 20:00:00+00:00,9.027,9.042,8.874,8.935,9580.62,2026-05-25 23:59:59.999000+00:00,1
2026-05-26 00:00:00+00:00,8.935,8.943,8.772,8.827,20666.75,2026-05-26 03:59:59.999000+00:00,1
2026-05-26 04:00:00+00:00,8.827,8.904,8.805,8.84,9604.6,2026-05-26 07:59:59.999000+00:00,1
2026-05-26 08:00:00+00:00,8.84,9.008,8.821,8.913,10117.49,2026-05-26 11:59:59.999000+00:00,1
2026-05-26 12:00:00+00:00,8.912,9.004,8.73,8.797,31390.07,2026-05-26 15:59:59.999000+00:00,1
2026-05-26 16:00:00+00:00,8.798,8.798,8.567,8.636,22695.71,2026-05-26 19:59:59.999000+00:00,1
2026-05-26 20:00:00+00:00,8.637,8.675,8.599,8.628,11092.63,2026-05-26 23:59:59.999000+00:00,1
2026-05-27 00:00:00+00:00,8.628,8.706,8.594,8.634,15228.3,2026-05-27 03:59:59.999000+00:00,1
2026-05-27 04:00:00+00:00,8.633,8.664,8.505,8.647,16558.35,2026-05-27 07:59:59.999000+00:00,1
2026-05-27 08:00:00+00:00,8.647,8.682,8.554,8.559,10324.62,2026-05-27 11:59:59.999000+00:00,1
2026-05-27 12:00:00+00:00,8.559,8.715,8.489,8.667,19897.03,2026-05-27 15:59:59.999000+00:00,1
2026-05-27 16:00:00+00:00,8.668,8.689,8.486,8.591,10543.3,2026-05-27 19:59:59.999000+00:00,1
2026-05-27 20:00:00+00:00,8.592,8.617,8.384,8.446,20522.27,2026-05-27 23:59:59.999000+00:00,1
2026-05-28 00:00:00+00:00,8.446,8.465,8.206,8.224,30311.7,2026-05-28 03:59:59.999000+00:00,1
2026-05-28 04:00:00+00:00,8.225,8.243,8.112,8.211,18918.68,2026-05-28 07:59:59.999000+00:00,1
2026-05-28 08:00:00+00:00,8.211,8.218,8.123,8.136,13049.59,2026-05-28 11:59:59.999000+00:00,1
2026-05-28 12:00:00+00:00,8.135,8.185,8.05,8.14,22027.98,2026-05-28 15:59:59.999000+00:00,1
2026-05-28 16:00:00+00:00,8.139,8.374,8.109,8.269,19654.82,2026-05-28 19:59:59.999000+00:00,1
2026-05-28 20:00:00+00:00,8.272,8.335,8.213,8.242,10081.78,2026-05-28 23:59:59.999000+00:00,1
2026-05-29 00:00:00+00:00,8.242,8.283,8.157,8.161,8288.35,2026-05-29 03:59:59.999000+00:00,1
2026-05-29 04:00:00+00:00,8.16,8.267,8.123,8.215,9849.05,2026-05-29 07:59:59.999000+00:00,1
2026-05-29 08:00:00+00:00,8.214,8.241,8.12,8.152,14610.83,2026-05-29 11:59:59.999000+00:00,1
2026-05-29 12:00:00+00:00,8.153,8.299,8.008,8.236,35065.04,2026-05-29 15:59:59.999000+00:00,1
2026-05-29 16:00:00+00:00,8.236,8.311,8.122,8.162,22725.64,2026-05-29 19:59:59.999000+00:00,1
2026-05-29 20:00:00+00:00,8.163,8.244,8.149,8.199,9860.53,2026-05-29 23:59:59.999000+00:00,1
2026-05-30 00:00:00+00:00,8.201,8.38,8.189,8.304,21778.76,2026-05-30 03:59:59.999000+00:00,1
2026-05-30 04:00:00+00:00,8.303,8.316,8.203,8.254,12149.06,2026-05-30 07:59:59.999000+00:00,1
2026-05-30 08:00:00+00:00,8.255,8.266,8.229,8.242,4023.21,2026-05-30 11:59:59.999000+00:00,1
2026-05-30 12:00:00+00:00,8.241,8.276,8.215,8.237,5571.22,2026-05-30 15:59:59.999000+00:00,1
2026-05-30 16:00:00+00:00,8.236,8.276,8.212,8.246,7137.2,2026-05-30 19:59:59.999000+00:00,1
2026-05-30 20:00:00+00:00,8.247,8.269,8.174,8.206,8337.12,2026-05-30 23:59:59.999000+00:00,1
2026-05-31 00:00:00+00:00,8.208,8.281,8.194,8.247,8151.51,2026-05-31 03:59:59.999000+00:00,1
2026-05-31 04:00:00+00:00,8.246,8.271,8.188,8.2,7062.74,2026-05-31 07:59:59.999000+00:00,1
2026-05-31 08:00:00+00:00,8.201,8.236,8.17,8.213,7607.92,2026-05-31 11:59:59.999000+00:00,1
2026-05-31 12:00:00+00:00,8.212,8.22,8.075,8.1,17927.44,2026-05-31 15:59:59.999000+00:00,1
2026-05-31 16:00:00+00:00,8.1,8.117,8.042,8.115,8146.18,2026-05-31 19:59:59.999000+00:00,1
2026-05-31 20:00:00+00:00,8.116,8.225,8.116,8.179,9645.5,2026-05-31 23:59:59.999000+00:00,1
2026-06-01 00:00:00+00:00,8.18,8.233,8.057,8.178,13618.38,2026-06-01 03:59:59.999000+00:00,1
2026-06-01 04:00:00+00:00,8.178,8.194,8.003,8.025,14909.1,2026-06-01 07:59:59.999000+00:00,1
2026-06-01 08:00:00+00:00,8.025,8.079,7.962,8.059,15867.92,2026-06-01 11:59:59.999000+00:00,1
2026-06-01 12:00:00+00:00,8.059,8.091,7.946,7.991,30451.04,2026-06-01 15:59:59.999000+00:00,1
2026-06-01 16:00:00+00:00,7.991,8.146,7.953,8.114,17133.54,2026-06-01 19:59:59.999000+00:00,1
2026-06-01 20:00:00+00:00,8.114,8.121,7.996,8.086,10431.6,2026-06-01 23:59:59.999000+00:00,1
2026-06-02 00:00:00+00:00,8.087,8.095,7.912,8.068,21063.47,2026-06-02 03:59:59.999000+00:00,1
2026-06-02 04:00:00+00:00,8.068,8.084,7.924,7.989,16942.8,2026-06-02 07:59:59.999000+00:00,1
2026-06-02 08:00:00+00:00,7.99,8.011,7.922,7.948,14749.16,2026-06-02 11:59:59.999000+00:00,1
2026-06-02 12:00:00+00:00,7.948,7.99,7.601,7.715,64818.85,2026-06-02 15:59:59.999000+00:00,1
2026-06-02 16:00:00+00:00,7.714,7.817,7.609,7.716,23075.2,2026-06-02 19:59:59.999000+00:00,1
2026-06-02 20:00:00+00:00,7.716,7.823,7.445,7.6,31710.02,2026-06-02 23:59:59.999000+00:00,1
2026-06-03 00:00:00+00:00,7.601,7.804,7.592,7.628,36128.52,2026-06-03 03:59:59.999000+00:00,1
2026-06-03 04:00:00+00:00,7.629,7.945,7.621,7.888,29887.27,2026-06-03 07:59:59.999000+00:00,1
2026-06-03 08:00:00+00:00,7.889,7.914,7.805,7.86,14490.76,2026-06-03 11:59:59.999000+00:00,1
2026-06-03 12:00:00+00:00,7.861,7.922,7.786,7.818,18929.39,2026-06-03 15:59:59.999000+00:00,1
2026-06-03 16:00:00+00:00,7.819,7.841,7.697,7.733,16449.12,2026-06-03 19:59:59.999000+00:00,1
2026-06-03 20:00:00+00:00,7.732,7.857,7.604,7.71,21190.99,2026-06-03 23:59:59.999000+00:00,1
2026-06-04 00:00:00+00:00,7.711,7.777,7.192,7.626,74097.71,2026-06-04 03:59:59.999000+00:00,1
2026-06-04 04:00:00+00:00,7.625,7.645,7.375,7.377,27449.93,2026-06-04 07:59:59.999000+00:00,1
2026-06-04 08:00:00+00:00,7.376,7.435,7.183,7.319,36226.97,2026-06-04 11:59:59.999000+00:00,1
2026-06-04 12:00:00+00:00,7.32,7.534,7.288,7.449,27715.19,2026-06-04 15:59:59.999000+00:00,1
2026-06-04 16:00:00+00:00,7.449,7.488,7.349,7.426,14126.53,2026-06-04 19:59:59.999000+00:00,1
2026-06-04 20:00:00+00:00,7.428,7.43,7.21,7.267,20201.77,2026-06-04 23:59:59.999000+00:00,1
2026-06-05 00:00:00+00:00,7.266,7.297,6.99,7.035,35879.51,2026-06-05 03:59:59.999000+00:00,1
2026-06-05 04:00:00+00:00,7.036,7.183,6.696,6.992,76458.63,2026-06-05 07:59:59.999000+00:00,1
2026-06-05 08:00:00+00:00,6.992,7.042,6.855,6.943,30321.69,2026-06-05 11:59:59.999000+00:00,1
2026-06-05 12:00:00+00:00,6.943,7.019,6.657,6.723,66798.29,2026-06-05 15:59:59.999000+00:00,1
2026-06-05 16:00:00+00:00,6.722,6.888,6.502,6.717,58672.38,2026-06-05 19:59:59.999000+00:00,1
2026-06-05 20:00:00+00:00,6.718,6.915,6.65,6.797,28546.39,2026-06-05 23:59:59.999000+00:00,1
2026-06-06 00:00:00+00:00,6.797,6.87,6.702,6.721,20171.35,2026-06-06 03:59:59.999000+00:00,1
2026-06-06 04:00:00+00:00,6.721,6.799,6.421,6.773,52309.65,2026-06-06 07:59:59.999000+00:00,1
2026-06-06 08:00:00+00:00,6.773,6.848,6.656,6.756,29816.37,2026-06-06 11:59:59.999000+00:00,1
2026-06-06 12:00:00+00:00,6.757,6.846,6.72,6.781,18310.15,2026-06-06 15:59:59.999000+00:00,1
2026-06-06 16:00:00+00:00,6.781,6.81,6.704,6.712,11439.8,2026-06-06 19:59:59.999000+00:00,1
2026-06-06 20:00:00+00:00,6.711,6.797,6.682,6.784,11711.09,2026-06-06 23:59:59.999000+00:00,1
2026-06-07 00:00:00+00:00,6.785,6.946,6.77,6.921,23338.99,2026-06-07 03:59:59.999000+00:00,1
2026-06-07 04:00:00+00:00,6.922,7.076,6.897,7.05,20792.52,2026-06-07 07:59:59.999000+00:00,1
2026-06-07 08:00:00+00:00,7.05,7.161,7.004,7.048,19614.94,2026-06-07 11:59:59.999000+00:00,1
2026-06-07 12:00:00+00:00,7.046,7.048,6.898,7.015,24664.97,2026-06-07 15:59:59.999000+00:00,1
2026-06-07 16:00:00+00:00,7.015,7.048,6.87,6.902,12437.38,2026-06-07 19:59:59.999000+00:00,1
2026-06-07 20:00:00+00:00,6.902,7.232,6.885,7.106,25206.22,2026-06-07 23:59:59.999000+00:00,1
2026-06-08 00:00:00+00:00,7.106,7.139,6.996,7.063,18430.94,2026-06-08 03:59:59.999000+00:00,1
2026-06-08 04:00:00+00:00,7.063,7.077,6.948,7.065,14428.91,2026-06-08 07:59:59.999000+00:00,1
2026-06-08 08:00:00+00:00,7.065,7.206,7.015,7.16,18022.18,2026-06-08 11:59:59.999000+00:00,1
2026-06-08 12:00:00+00:00,7.16,7.219,7.118,7.154,20550.04,2026-06-08 15:59:59.999000+00:00,1
2026-06-08 16:00:00+00:00,7.155,7.209,7.11,7.141,9910.83,2026-06-08 19:59:59.999000+00:00,1
2026-06-08 20:00:00+00:00,7.141,7.182,7.083,7.102,8836.79,2026-06-08 23:59:59.999000+00:00,1
2026-06-09 00:00:00+00:00,7.102,7.106,6.896,6.969,24035.64,2026-06-09 03:59:59.999000+00:00,1
2026-06-09 04:00:00+00:00,6.968,7.098,6.943,7.056,13071.34,2026-06-09 07:59:59.999000+00:00,1
2026-06-09 08:00:00+00:00,7.056,7.058,6.981,7.026,11522.16,2026-06-09 11:59:59.999000+00:00,1
2026-06-09 12:00:00+00:00,7.025,7.065,6.896,6.907,19381.69,2026-06-09 15:59:59.999000+00:00,1
2026-06-09 16:00:00+00:00,6.906,7.046,6.827,7.034,22216.67,2026-06-09 19:59:59.999000+00:00,1
2026-06-09 20:00:00+00:00,7.034,7.071,6.975,6.998,10040.89,2026-06-09 23:59:59.999000+00:00,1
2026-06-10 00:00:00+00:00,6.998,7.034,6.908,6.942,13900.08,2026-06-10 03:59:59.999000+00:00,1
2026-06-10 04:00:00+00:00,6.941,6.973,6.887,6.955,9417.6,2026-06-10 07:59:59.999000+00:00,1
2026-06-10 08:00:00+00:00,6.956,6.956,6.854,6.891,24952.58,2026-06-10 11:59:59.999000+00:00,1
2026-06-10 12:00:00+00:00,6.891,7.079,6.87,7.045,30558.99,2026-06-10 15:59:59.999000+00:00,1
2026-06-10 16:00:00+00:00,7.047,7.055,6.872,6.892,19024.0,2026-06-10 19:59:59.999000+00:00,1
2026-06-10 20:00:00+00:00,6.891,6.969,6.796,6.951,23657.29,2026-06-10 23:59:59.999000+00:00,1
2026-06-11 00:00:00+00:00,6.953,7.107,6.951,7.086,13690.22,2026-06-11 03:59:59.999000+00:00,1
2026-06-11 04:00:00+00:00,7.087,7.161,7.047,7.079,14835.57,2026-06-11 07:59:59.999000+00:00,1
2026-06-11 08:00:00+00:00,7.08,7.153,7.078,7.133,11749.06,2026-06-11 11:59:59.999000+00:00,1
2026-06-11 12:00:00+00:00,7.134,7.174,7.053,7.125,19280.45,2026-06-11 15:59:59.999000+00:00,1
2026-06-11 16:00:00+00:00,7.125,7.374,7.109,7.268,31109.98,2026-06-11 19:59:59.999000+00:00,1
2026-06-11 20:00:00+00:00,7.268,7.301,7.228,7.242,9532.26,2026-06-11 23:59:59.999000+00:00,1
2026-06-12 00:00:00+00:00,7.243,7.308,7.213,7.306,10712.13,2026-06-12 03:59:59.999000+00:00,1
2026-06-12 04:00:00+00:00,7.306,7.326,7.171,7.213,11999.31,2026-06-12 07:59:59.999000+00:00,1
2026-06-12 08:00:00+00:00,7.213,7.322,7.213,7.244,13460.49,2026-06-12 11:59:59.999000+00:00,1
2026-06-12 12:00:00+00:00,7.243,7.322,7.174,7.209,14617.06,2026-06-12 15:59:59.999000+00:00,1
2026-06-12 16:00:00+00:00,7.21,7.27,7.138,7.141,12214.54,2026-06-12 19:59:59.999000+00:00,1
2026-06-12 20:00:00+00:00,7.141,7.168,7.102,7.144,6649.54,2026-06-12 23:59:59.999000+00:00,1
2026-06-13 00:00:00+00:00,7.145,7.196,7.122,7.146,7005.08,2026-06-13 03:59:59.999000+00:00,1
2026-06-13 04:00:00+00:00,7.145,7.19,7.093,7.183,8347.59,2026-06-13 07:59:59.999000+00:00,1
2026-06-13 08:00:00+00:00,7.183,7.203,7.164,7.197,6024.38,2026-06-13 11:59:59.999000+00:00,1
2026-06-13 12:00:00+00:00,7.198,7.231,7.155,7.217,10268.69,2026-06-13 15:59:59.999000+00:00,1
2026-06-13 16:00:00+00:00,7.218,7.22,7.161,7.19,7665.48,2026-06-13 19:59:59.999000+00:00,1
2026-06-13 20:00:00+00:00,7.19,7.235,7.163,7.183,5150.85,2026-06-13 23:59:59.999000+00:00,1
2026-06-14 00:00:00+00:00,7.184,7.186,7.134,7.161,13175.94,2026-06-14 03:59:59.999000+00:00,1
2026-06-14 04:00:00+00:00,7.162,7.162,7.089,7.099,9910.26,2026-06-14 07:59:59.999000+00:00,1
2026-06-14 08:00:00+00:00,7.1,7.157,7.088,7.107,6245.24,2026-06-14 11:59:59.999000+00:00,1
2026-06-14 12:00:00+00:00,7.108,7.11,6.962,7.001,17921.18,2026-06-14 15:59:59.999000+00:00,1
2026-06-14 16:00:00+00:00,7.002,7.012,6.906,6.948,16297.47,2026-06-14 19:59:59.999000+00:00,1
2026-06-14 20:00:00+00:00,6.949,7.223,6.943,7.215,24074.82,2026-06-14 23:59:59.999000+00:00,1
2026-06-15 00:00:00+00:00,7.215,7.309,7.141,7.278,17742.13,2026-06-15 03:59:59.999000+00:00,1
2026-06-15 04:00:00+00:00,7.279,7.294,7.227,7.254,10891.12,2026-06-15 07:59:59.999000+00:00,1
2026-06-15 08:00:00+00:00,7.255,7.42,7.22,7.411,28607.85,2026-06-15 11:59:59.999000+00:00,1
2026-06-15 12:00:00+00:00,7.411,7.535,7.374,7.529,34296.59,2026-06-15 15:59:59.999000+00:00,1
2026-06-15 16:00:00+00:00,7.528,7.679,7.385,7.422,29042.63,2026-06-15 19:59:59.999000+00:00,1
2026-06-15 20:00:00+00:00,7.423,7.496,7.366,7.413,11078.07,2026-06-15 23:59:59.999000+00:00,1
2026-06-16 00:00:00+00:00,7.414,7.442,7.253,7.397,19188.09,2026-06-16 03:59:59.999000+00:00,1
2026-06-16 04:00:00+00:00,7.397,7.414,7.324,7.391,10561.72,2026-06-16 07:59:59.999000+00:00,1
2026-06-16 08:00:00+00:00,7.391,7.485,7.347,7.375,15181.26,2026-06-16 11:59:59.999000+00:00,1
2026-06-16 12:00:00+00:00,7.375,7.46,7.227,7.314,30089.2,2026-06-16 15:59:59.999000+00:00,1
2026-06-16 16:00:00+00:00,7.313,7.431,7.283,7.381,10233.51,2026-06-16 19:59:59.999000+00:00,1
2026-06-16 20:00:00+00:00,7.38,7.451,7.361,7.376,7887.45,2026-06-16 23:59:59.999000+00:00,1
2026-06-17 00:00:00+00:00,7.377,7.536,7.374,7.443,15721.5,2026-06-17 03:59:59.999000+00:00,1
2026-06-17 04:00:00+00:00,7.443,7.489,7.346,7.385,14698.13,2026-06-17 07:59:59.999000+00:00,1
2026-06-17 08:00:00+00:00,7.386,7.393,7.27,7.291,20648.36,2026-06-17 11:59:59.999000+00:00,1
2026-06-17 12:00:00+00:00,7.291,7.448,7.265,7.447,20465.27,2026-06-17 15:59:59.999000+00:00,1
2026-06-17 16:00:00+00:00,7.448,7.478,7.22,7.252,28174.53,2026-06-17 19:59:59.999000+00:00,1
2026-06-17 20:00:00+00:00,7.251,7.327,7.189,7.315,17998.85,2026-06-17 23:59:59.999000+00:00,1
2026-06-18 00:00:00+00:00,7.317,7.396,7.249,7.258,12299.45,2026-06-18 03:59:59.999000+00:00,1
2026-06-18 04:00:00+00:00,7.258,7.263,7.125,7.18,32282.66,2026-06-18 07:59:59.999000+00:00,1
2026-06-18 08:00:00+00:00,7.179,7.204,7.126,7.149,36035.18,2026-06-18 11:59:59.999000+00:00,1
2026-06-18 12:00:00+00:00,7.149,7.228,6.931,6.983,42099.18,2026-06-18 15:59:59.999000+00:00,1
2026-06-18 16:00:00+00:00,6.981,7.163,6.969,7.152,20563.34,2026-06-18 19:59:59.999000+00:00,1
2026-06-18 20:00:00+00:00,7.152,7.211,7.152,7.206,7916.41,2026-06-18 23:59:59.999000+00:00,1
2026-06-19 00:00:00+00:00,7.207,7.294,7.16,7.19,12727.74,2026-06-19 03:59:59.999000+00:00,1
2026-06-19 04:00:00+00:00,7.19,7.207,7.077,7.103,11947.31,2026-06-19 07:59:59.999000+00:00,1
2026-06-19 08:00:00+00:00,7.102,7.253,7.091,7.225,13204.5,2026-06-19 11:59:59.999000+00:00,1
2026-06-19 12:00:00+00:00,7.227,7.449,7.227,7.388,37915.32,2026-06-19 15:59:59.999000+00:00,1
2026-06-19 16:00:00+00:00,7.388,7.764,7.388,7.47,76813.84,2026-06-19 19:59:59.999000+00:00,1
2026-06-19 20:00:00+00:00,7.471,7.705,7.468,7.602,34310.63,2026-06-19 23:59:59.999000+00:00,1
2026-06-20 00:00:00+00:00,7.602,7.671,7.523,7.627,26206.01,2026-06-20 03:59:59.999000+00:00,1
2026-06-20 04:00:00+00:00,7.627,7.66,7.504,7.518,19711.48,2026-06-20 07:59:59.999000+00:00,1
2026-06-20 08:00:00+00:00,7.518,7.697,7.486,7.672,21208.2,2026-06-20 11:59:59.999000+00:00,1
2026-06-20 12:00:00+00:00,7.673,7.681,7.468,7.568,27040.61,2026-06-20 15:59:59.999000+00:00,1
2026-06-20 16:00:00+00:00,7.569,7.57,7.394,7.401,12950.14,2026-06-20 19:59:59.999000+00:00,1
2026-06-20 20:00:00+00:00,7.401,7.494,7.349,7.454,14388.84,2026-06-20 23:59:59.999000+00:00,1
2026-06-21 00:00:00+00:00,7.455,7.457,7.392,7.42,9394.93,2026-06-21 03:59:59.999000+00:00,1
2026-06-21 04:00:00+00:00,7.42,7.445,7.383,7.401,8113.36,2026-06-21 07:59:59.999000+00:00,1
2026-06-21 08:00:00+00:00,7.402,7.435,7.309,7.359,16812.85,2026-06-21 11:59:59.999000+00:00,1
2026-06-21 12:00:00+00:00,7.359,7.386,7.32,7.382,8113.98,2026-06-21 15:59:59.999000+00:00,1
2026-06-21 16:00:00+00:00,7.382,7.416,7.325,7.393,6648.94,2026-06-21 19:59:59.999000+00:00,1
2026-06-21 20:00:00+00:00,7.393,7.393,7.222,7.289,13836.01,2026-06-21 23:59:59.999000+00:00,1
2026-06-22 00:00:00+00:00,7.29,7.431,7.261,7.306,21397.63,2026-06-22 03:59:59.999000+00:00,1
2026-06-22 04:00:00+00:00,7.306,7.327,7.266,7.317,10138.03,2026-06-22 07:59:59.999000+00:00,1
2026-06-22 08:00:00+00:00,7.318,7.357,7.273,7.349,8902.86,2026-06-22 11:59:59.999000+00:00,1
2026-06-22 12:00:00+00:00,7.349,7.442,7.282,7.295,20339.11,2026-06-22 15:59:59.999000+00:00,1
2026-06-22 16:00:00+00:00,7.296,7.344,7.204,7.232,18858.54,2026-06-22 19:59:59.999000+00:00,1
2026-06-22 20:00:00+00:00,7.234,7.257,7.115,7.176,15772.25,2026-06-22 23:59:59.999000+00:00,1
2026-06-23 00:00:00+00:00,7.175,7.21,7.117,7.164,12418.33,2026-06-23 03:59:59.999000+00:00,1
2026-06-23 04:00:00+00:00,7.165,7.166,6.965,7.003,22356.09,2026-06-23 07:59:59.999000+00:00,1
2026-06-23 08:00:00+00:00,7.003,7.041,6.902,7.002,19551.96,2026-06-23 11:59:59.999000+00:00,1
2026-06-23 12:00:00+00:00,7.001,7.01,6.859,6.91,21261.11,2026-06-23 15:59:59.999000+00:00,1
2026-06-23 16:00:00+00:00,6.908,6.969,6.838,6.954,18133.85,2026-06-23 19:59:59.999000+00:00,1
2026-06-23 20:00:00+00:00,6.955,7.075,6.955,7.062,10941.42,2026-06-23 23:59:59.999000+00:00,1
2026-06-24 00:00:00+00:00,7.063,7.157,7.057,7.071,20078.17,2026-06-24 03:59:59.999000+00:00,1
2026-06-24 04:00:00+00:00,7.071,7.172,7.043,7.068,13529.86,2026-06-24 07:59:59.999000+00:00,1
2026-06-24 08:00:00+00:00,7.069,7.076,6.974,7.021,12670.66,2026-06-24 11:59:59.999000+00:00,1
2026-06-24 12:00:00+00:00,7.022,7.04,6.778,6.811,34568.12,2026-06-24 15:59:59.999000+00:00,1
2026-06-24 16:00:00+00:00,6.809,6.873,6.583,6.841,43739.04,2026-06-24 19:59:59.999000+00:00,1
2026-06-24 20:00:00+00:00,6.843,7.014,6.832,6.986,19433.98,2026-06-24 23:59:59.999000+00:00,1
2026-06-25 00:00:00+00:00,6.987,7.13,6.987,7.041,31062.73,2026-06-25 03:59:59.999000+00:00,1
2026-06-25 04:00:00+00:00,7.042,7.176,7.023,7.135,24106.55,2026-06-25 07:59:59.999000+00:00,1
2026-06-25 08:00:00+00:00,7.136,7.146,7.051,7.065,11873.67,2026-06-25 11:59:59.999000+00:00,1
2026-06-25 12:00:00+00:00,7.064,7.107,6.688,6.924,54439.27,2026-06-25 15:59:59.999000+00:00,1
2026-06-25 16:00:00+00:00,6.924,7.164,6.922,7.113,38066.27,2026-06-25 19:59:59.999000+00:00,1
2026-06-25 20:00:00+00:00,7.114,7.162,7.016,7.025,13948.06,2026-06-25 23:59:59.999000+00:00,1
2026-06-26 00:00:00+00:00,7.026,7.051,6.806,6.968,37784.76,2026-06-26 03:59:59.999000+00:00,1
2026-06-26 04:00:00+00:00,6.967,7.085,6.906,7.024,19672.48,2026-06-26 07:59:59.999000+00:00,1
2026-06-26 08:00:00+00:00,7.023,7.076,6.934,6.948,17346.07,2026-06-26 11:59:59.999000+00:00,1
2026-06-26 12:00:00+00:00,6.948,7.15,6.87,7.122,28537.65,2026-06-26 15:59:59.999000+00:00,1
2026-06-26 16:00:00+00:00,7.122,7.349,7.078,7.311,22634.77,2026-06-26 19:59:59.999000+00:00,1
2026-06-26 20:00:00+00:00,7.312,7.391,7.221,7.248,16191.29,2026-06-26 23:59:59.999000+00:00,1
2026-06-27 00:00:00+00:00,7.248,7.297,7.205,7.235,10547.6,2026-06-27 03:59:59.999000+00:00,1
2026-06-27 04:00:00+00:00,7.234,7.326,7.232,7.293,13064.1,2026-06-27 07:59:59.999000+00:00,1
2026-06-27 08:00:00+00:00,7.294,7.336,7.226,7.261,11338.27,2026-06-27 11:59:59.999000+00:00,1
2026-06-27 12:00:00+00:00,7.261,7.268,7.21,7.265,7656.92,2026-06-27 15:59:59.999000+00:00,1
2026-06-27 16:00:00+00:00,7.264,7.292,7.124,7.147,13697.57,2026-06-27 19:59:59.999000+00:00,1
2026-06-27 20:00:00+00:00,7.146,7.184,7.086,7.111,8556.07,2026-06-27 23:59:59.999000+00:00,1
2026-06-28 00:00:00+00:00,7.112,7.161,7.048,7.121,11420.08,2026-06-28 03:59:59.999000+00:00,1
2026-06-28 04:00:00+00:00,7.121,7.132,7.063,7.108,6755.07,2026-06-28 07:59:59.999000+00:00,1
2026-06-28 08:00:00+00:00,7.109,7.141,7.019,7.06,12884.46,2026-06-28 11:59:59.999000+00:00,1
2026-06-28 12:00:00+00:00,7.061,7.08,7.005,7.03,6621.09,2026-06-28 15:59:59.999000+00:00,1
2026-06-28 16:00:00+00:00,7.031,7.085,6.984,7.014,8266.41,2026-06-28 19:59:59.999000+00:00,1
2026-06-28 20:00:00+00:00,7.013,7.072,6.963,7.049,10976.94,2026-06-28 23:59:59.999000+00:00,1
2026-06-29 00:00:00+00:00,7.049,7.074,6.962,7.056,16030.02,2026-06-29 03:59:59.999000+00:00,1
2026-06-29 04:00:00+00:00,7.055,7.103,7.004,7.045,11760.02,2026-06-29 07:59:59.999000+00:00,1
2026-06-29 08:00:00+00:00,7.045,7.059,6.999,7.03,9483.6,2026-06-29 11:59:59.999000+00:00,1
2026-06-29 12:00:00+00:00,7.027,7.116,6.927,7.035,28539.54,2026-06-29 15:59:59.999000+00:00,1
2026-06-29 16:00:00+00:00,7.036,7.152,7.007,7.14,13580.1,2026-06-29 19:59:59.999000+00:00,1
2026-06-29 20:00:00+00:00,7.14,7.154,7.096,7.136,4997.08,2026-06-29 23:59:59.999000+00:00,1
2026-06-30 00:00:00+00:00,7.136,7.149,7.019,7.062,10962.18,2026-06-30 03:59:59.999000+00:00,1
2026-06-30 04:00:00+00:00,7.062,7.079,7.003,7.016,9743.82,2026-06-30 07:59:59.999000+00:00,1
2026-06-30 08:00:00+00:00,7.015,7.023,6.943,6.974,15839.47,2026-06-30 11:59:59.999000+00:00,1
2026-06-30 12:00:00+00:00,6.974,7.02,6.894,6.965,20070.16,2026-06-30 15:59:59.999000+00:00,1
2026-06-30 16:00:00+00:00,6.965,7.004,6.925,6.942,7773.49,2026-06-30 19:59:59.999000+00:00,1
2026-06-30 20:00:00+00:00,6.942,6.946,6.839,6.888,14030.15,2026-06-30 23:59:59.999000+00:00,1
2026-07-01 00:00:00+00:00,6.888,6.969,6.752,6.951,27102.45,2026-07-01 03:59:59.999000+00:00,1
2026-07-01 04:00:00+00:00,6.951,6.972,6.83,6.858,9798.13,2026-07-01 07:59:59.999000+00:00,1
2026-07-01 08:00:00+00:00,6.858,6.897,6.814,6.842,11489.04,2026-07-01 11:59:59.999000+00:00,1
2026-07-01 12:00:00+00:00,6.842,7.049,6.789,7.01,27638.64,2026-07-01 15:59:59.999000+00:00,1
2026-07-01 16:00:00+00:00,7.01,7.023,6.941,6.949,12472.41,2026-07-01 19:59:59.999000+00:00,1
2026-07-01 20:00:00+00:00,6.949,7.107,6.935,7.002,14635.43,2026-07-01 23:59:59.999000+00:00,1
2026-07-02 00:00:00+00:00,7.003,7.101,6.967,7.092,15451.43,2026-07-02 03:59:59.999000+00:00,1
2026-07-02 04:00:00+00:00,7.091,7.092,6.984,7.022,11100.09,2026-07-02 07:59:59.999000+00:00,1
2026-07-02 08:00:00+00:00,7.022,7.153,7.014,7.128,13828.71,2026-07-02 11:59:59.999000+00:00,1
2026-07-02 12:00:00+00:00,7.127,7.238,7.086,7.113,23578.67,2026-07-02 15:59:59.999000+00:00,1
2026-07-02 16:00:00+00:00,7.113,7.126,7.062,7.079,7682.24,2026-07-02 19:59:59.999000+00:00,1
2026-07-02 20:00:00+00:00,7.079,7.09,7.054,7.07,4249.21,2026-07-02 23:59:59.999000+00:00,1
2026-07-03 00:00:00+00:00,7.07,7.122,7.034,7.068,12428.33,2026-07-03 03:59:59.999000+00:00,1
2026-07-03 04:00:00+00:00,7.068,7.145,7.051,7.108,8141.58,2026-07-03 07:59:59.999000+00:00,1
2026-07-03 08:00:00+00:00,7.108,7.282,7.098,7.275,13884.15,2026-07-03 11:59:59.999000+00:00,1
2026-07-03 12:00:00+00:00,7.275,7.307,7.144,7.182,19688.76,2026-07-03 15:59:59.999000+00:00,1
2026-07-03 16:00:00+00:00,7.182,7.257,7.181,7.215,7332.36,2026-07-03 19:59:59.999000+00:00,1
2026-07-03 20:00:00+00:00,7.215,7.312,7.203,7.228,14235.64,2026-07-03 23:59:59.999000+00:00,1
2026-07-04 00:00:00+00:00,7.227,7.251,7.118,7.162,13733.13,2026-07-04 03:59:59.999000+00:00,1
2026-07-04 04:00:00+00:00,7.161,7.211,7.112,7.151,13220.47,2026-07-04 07:59:59.999000+00:00,1
2026-07-04 08:00:00+00:00,7.151,7.358,7.138,7.331,33019.63,2026-07-04 11:59:59.999000+00:00,1
2026-07-04 12:00:00+00:00,7.331,7.376,7.26,7.348,19520.69,2026-07-04 15:59:59.999000+00:00,1
2026-07-04 16:00:00+00:00,7.348,7.387,7.298,7.303,15817.37,2026-07-04 19:59:59.999000+00:00,1
2026-07-04 20:00:00+00:00,7.303,7.329,7.215,7.259,8365.44,2026-07-04 23:59:59.999000+00:00,1
2026-07-05 00:00:00+00:00,7.259,7.267,7.139,7.142,15679.01,2026-07-05 03:59:59.999000+00:00,1
2026-07-05 04:00:00+00:00,7.142,7.17,7.023,7.102,24973.45,2026-07-05 07:59:59.999000+00:00,1
2026-07-05 08:00:00+00:00,7.102,7.109,7.027,7.095,17342.84,2026-07-05 11:59:59.999000+00:00,1
2026-07-05 12:00:00+00:00,7.095,7.167,7.076,7.164,10561.81,2026-07-05 15:59:59.999000+00:00,1
2026-07-05 16:00:00+00:00,7.164,7.164,7.104,7.131,7071.26,2026-07-05 19:59:59.999000+00:00,1
2026-07-05 20:00:00+00:00,7.133,7.268,7.111,7.233,11621.6,2026-07-05 23:59:59.999000+00:00,1
2026-07-06 00:00:00+00:00,7.233,7.238,7.068,7.109,35797.25,2026-07-06 03:59:59.999000+00:00,1
2026-07-06 04:00:00+00:00,7.109,7.119,7.021,7.1,19821.94,2026-07-06 07:59:59.999000+00:00,1
2026-07-06 08:00:00+00:00,7.1,7.146,7.076,7.08,9458.71,2026-07-06 11:59:59.999000+00:00,1
2026-07-06 12:00:00+00:00,7.079,7.167,6.967,7.158,35281.71,2026-07-06 15:59:59.999000+00:00,1
2026-07-06 16:00:00+00:00,7.158,7.192,7.1,7.129,13373.52,2026-07-06 19:59:59.999000+00:00,1
2026-07-06 20:00:00+00:00,7.129,7.195,7.084,7.11,10877.87,2026-07-06 23:59:59.999000+00:00,1
2026-07-07 00:00:00+00:00,7.11,7.159,7.005,7.026,19852.34,2026-07-07 03:59:59.999000+00:00,1
2026-07-07 04:00:00+00:00,7.026,7.045,6.974,7.026,14849.23,2026-07-07 07:59:59.999000+00:00,1
2026-07-07 08:00:00+00:00,7.026,7.039,6.963,6.997,14475.4,2026-07-07 11:59:59.999000+00:00,1
2026-07-07 12:00:00+00:00,6.997,7.052,6.9,7.045,32064.3,2026-07-07 15:59:59.999000+00:00,1
2026-07-07 16:00:00+00:00,7.045,7.077,6.942,6.975,14536.0,2026-07-07 19:59:59.999000+00:00,1
2026-07-07 20:00:00+00:00,6.975,6.988,6.865,6.959,27329.33,2026-07-07 23:59:59.999000+00:00,1
2026-07-08 00:00:00+00:00,6.959,6.989,6.822,6.867,27260.54,2026-07-08 03:59:59.999000+00:00,1
2026-07-08 04:00:00+00:00,6.867,6.95,6.853,6.917,9064.01,2026-07-08 07:59:59.999000+00:00,1
2026-07-08 08:00:00+00:00,6.916,6.969,6.808,6.931,26388.41,2026-07-08 11:59:59.999000+00:00,1
2026-07-08 12:00:00+00:00,6.931,6.95,6.843,6.85,17974.93,2026-07-08 15:59:59.999000+00:00,1
2026-07-08 16:00:00+00:00,6.85,6.939,6.847,6.863,9923.02,2026-07-08 19:59:59.999000+00:00,1
2026-07-08 20:00:00+00:00,6.863,6.901,6.86,6.899,6206.47,2026-07-08 23:59:59.999000+00:00,1
2026-07-09 00:00:00+00:00,6.899,6.992,6.871,6.948,18390.09,2026-07-09 03:59:59.999000+00:00,1
2026-07-09 04:00:00+00:00,6.947,7.035,6.943,7.01,14359.79,2026-07-09 07:59:59.999000+00:00,1
2026-07-09 08:00:00+00:00,7.01,7.034,6.977,6.999,8519.43,2026-07-09 11:59:59.999000+00:00,1
2026-07-09 12:00:00+00:00,6.999,7.039,6.956,7.002,14878.5,2026-07-09 15:59:59.999000+00:00,1
2026-07-09 16:00:00+00:00,7.002,7.043,6.971,7.03,9608.46,2026-07-09 19:59:59.999000+00:00,1
2026-07-09 20:00:00+00:00,7.029,7.054,7.001,7.033,5742.42,2026-07-09 23:59:59.999000+00:00,1
2026-07-10 00:00:00+00:00,7.032,7.109,7.003,7.045,20257.59,2026-07-10 03:59:59.999000+00:00,1
2026-07-10 04:00:00+00:00,7.045,7.084,7.041,7.043,6085.79,2026-07-10 07:59:59.999000+00:00,1
2026-07-10 08:00:00+00:00,7.042,7.139,7.037,7.084,17062.1,2026-07-10 11:59:59.999000+00:00,1
2026-07-10 12:00:00+00:00,7.084,7.118,7.015,7.083,19194.29,2026-07-10 15:59:59.999000+00:00,1
2026-07-10 16:00:00+00:00,7.082,7.117,7.048,7.079,8333.68,2026-07-10 19:59:59.999000+00:00,1
2026-07-10 20:00:00+00:00,7.078,7.091,7.057,7.058,3608.54,2026-07-10 23:59:59.999000+00:00,1
2026-07-11 00:00:00+00:00,7.057,7.106,7.046,7.102,8707.95,2026-07-11 03:59:59.999000+00:00,1
2026-07-11 04:00:00+00:00,7.102,7.127,7.084,7.09,6923.74,2026-07-11 07:59:59.999000+00:00,1
2026-07-11 08:00:00+00:00,7.09,7.119,7.06,7.073,6960.32,2026-07-11 11:59:59.999000+00:00,1
2026-07-11 12:00:00+00:00,7.072,7.123,7.064,7.098,12255.52,2026-07-11 15:59:59.999000+00:00,1
2026-07-11 16:00:00+00:00,7.098,7.118,7.077,7.081,4795.49,2026-07-11 19:59:59.999000+00:00,1
2026-07-11 20:00:00+00:00,7.081,7.091,6.941,6.949,13399.84,2026-07-11 23:59:59.999000+00:00,1
2026-07-12 00:00:00+00:00,6.948,6.951,6.804,6.917,40764.62,2026-07-12 03:59:59.999000+00:00,1
2026-07-12 04:00:00+00:00,6.917,6.918,6.825,6.859,14650.35,2026-07-12 07:59:59.999000+00:00,1
2026-07-12 08:00:00+00:00,6.859,6.892,6.842,6.891,8130.62,2026-07-12 11:59:59.999000+00:00,1
2026-07-12 12:00:00+00:00,6.891,6.964,6.884,6.934,13921.53,2026-07-12 15:59:59.999000+00:00,1
2026-07-12 16:00:00+00:00,6.934,6.941,6.898,6.908,4722.29,2026-07-12 19:59:59.999000+00:00,1
2026-07-12 20:00:00+00:00,6.908,6.924,6.821,6.844,10768.44,2026-07-12 23:59:59.999000+00:00,1
2026-07-13 00:00:00+00:00,6.844,6.944,6.822,6.883,28066.45,2026-07-13 03:59:59.999000+00:00,1
2026-07-13 04:00:00+00:00,6.883,6.991,6.839,6.962,26290.68,2026-07-13 07:59:59.999000+00:00,1
2026-07-13 08:00:00+00:00,6.96,7.074,6.933,6.948,35065.93,2026-07-13 11:59:59.999000+00:00,1
2026-07-13 12:00:00+00:00,6.948,6.963,6.883,6.928,26969.13,2026-07-13 15:59:59.999000+00:00,1
2026-07-13 16:00:00+00:00,6.927,6.972,6.849,6.903,18242.09,2026-07-13 19:59:59.999000+00:00,1
2026-07-13 20:00:00+00:00,6.903,6.908,6.802,6.875,13060.11,2026-07-13 23:59:59.999000+00:00,1
2026-07-14 00:00:00+00:00,6.875,6.918,6.826,6.86,21520.09,2026-07-14 03:59:59.999000+00:00,1
2026-07-14 04:00:00+00:00,6.86,6.999,6.845,6.904,25451.28,2026-07-14 07:59:59.999000+00:00,1
2026-07-14 08:00:00+00:00,6.904,6.92,6.853,6.858,14273.35,2026-07-14 11:59:59.999000+00:00,1
2026-07-14 12:00:00+00:00,6.858,7.112,6.857,7.059,46498.32,2026-07-14 15:59:59.999000+00:00,1
2026-07-14 16:00:00+00:00,7.059,7.088,7.013,7.068,11481.23,2026-07-14 19:59:59.999000+00:00,1
2026-07-14 20:00:00+00:00,7.068,7.109,7.053,7.091,10049.45,2026-07-14 23:59:59.999000+00:00,1
2026-07-15 00:00:00+00:00,7.092,7.106,7.015,7.033,13178.3,2026-07-15 03:59:59.999000+00:00,1
2026-07-15 04:00:00+00:00,7.032,7.066,6.987,7.003,12739.44,2026-07-15 07:59:59.999000+00:00,1
2026-07-15 08:00:00+00:00,7.003,7.07,6.992,7.04,12361.01,2026-07-15 11:59:59.999000+00:00,1
2026-07-15 12:00:00+00:00,7.04,7.221,7.04,7.13,38373.32,2026-07-15 15:59:59.999000+00:00,1
2026-07-15 16:00:00+00:00,7.13,7.137,7.044,7.073,19941.61,2026-07-15 19:59:59.999000+00:00,1
2026-07-15 20:00:00+00:00,7.074,7.101,7.065,7.08,8925.99,2026-07-15 23:59:59.999000+00:00,1
2026-07-16 00:00:00+00:00,7.08,7.091,7.012,7.066,11151.83,2026-07-16 03:59:59.999000+00:00,1
2026-07-16 04:00:00+00:00,7.066,7.093,7.006,7.036,10573.05,2026-07-16 07:59:59.999000+00:00,1
2026-07-16 08:00:00+00:00,7.036,7.044,6.936,6.958,25218.29,2026-07-16 11:59:59.999000+00:00,1
2026-07-16 12:00:00+00:00,6.957,7.063,6.94,7.027,24231.01,2026-07-16 15:59:59.999000+00:00,1
2026-07-16 16:00:00+00:00,7.027,7.063,6.983,6.997,12049.72,2026-07-16 19:59:59.999000+00:00,1
2026-07-16 20:00:00+00:00,6.996,7.016,6.909,6.935,18699.5,2026-07-16 23:59:59.999000+00:00,1
2026-07-17 00:00:00+00:00,6.935,6.992,6.872,6.951,19975.56,2026-07-17 03:59:59.999000+00:00,1
2026-07-17 04:00:00+00:00,6.951,6.951,6.847,6.889,13127.63,2026-07-17 07:59:59.999000+00:00,1
2026-07-17 08:00:00+00:00,6.889,6.96,6.87,6.943,11732.03,2026-07-17 11:59:59.999000+00:00,1
2026-07-17 12:00:00+00:00,6.942,7.038,6.853,7.033,25330.34,2026-07-17 15:59:59.999000+00:00,1
2026-07-17 16:00:00+00:00,7.033,7.099,6.994,7.017,18266.22,2026-07-17 19:59:59.999000+00:00,1
2026-07-17 20:00:00+00:00,7.016,7.044,7.007,7.039,5449.07,2026-07-17 23:59:59.999000+00:00,1
2026-07-18 00:00:00+00:00,7.039,7.071,7.011,7.066,13076.27,2026-07-18 03:59:59.999000+00:00,1
2026-07-18 04:00:00+00:00,7.066,7.08,7.02,7.056,9347.69,2026-07-18 07:59:59.999000+00:00,1
2026-07-18 08:00:00+00:00,7.056,7.07,7.0,7.006,11470.22,2026-07-18 11:59:59.999000+00:00,1
2026-07-18 12:00:00+00:00,7.005,7.068,6.993,6.993,10001.86,2026-07-18 15:59:59.999000+00:00,1
2026-07-18 16:00:00+00:00,6.993,7.026,6.954,6.972,12517.54,2026-07-18 19:59:59.999000+00:00,1
2026-07-18 20:00:00+00:00,6.972,7.012,6.961,7.012,4079.88,2026-07-18 23:59:59.999000+00:00,1
2026-07-19 00:00:00+00:00,7.011,7.041,6.999,7.014,5895.18,2026-07-19 03:59:59.999000+00:00,1
2026-07-19 04:00:00+00:00,7.013,7.015,6.943,6.965,10021.91,2026-07-19 07:59:59.999000+00:00,1
2026-07-19 08:00:00+00:00,6.965,6.985,6.914,6.917,11618.91,2026-07-19 11:59:59.999000+00:00,1
2026-07-19 12:00:00+00:00,6.917,6.94,6.9,6.911,14676.79,2026-07-19 15:59:59.999000+00:00,1
2026-07-19 16:00:00+00:00,6.911,6.963,6.809,6.957,30686.35,2026-07-19 19:59:59.999000+00:00,1
2026-07-19 20:00:00+00:00,6.957,7.019,6.917,6.955,15255.04,2026-07-19 23:59:59.999000+00:00,1
2026-07-20 00:00:00+00:00,6.955,6.978,6.858,6.918,26803.17,2026-07-20 03:59:59.999000+00:00,1
2026-07-20 04:00:00+00:00,6.918,6.921,6.741,6.794,34176.44,2026-07-20 07:59:59.999000+00:00,1
2026-07-20 08:00:00+00:00,6.794,6.86,6.718,6.834,38019.73,2026-07-20 11:59:59.999000+00:00,1
2026-07-20 12:00:00+00:00,6.834,6.939,6.772,6.937,31026.27,2026-07-20 15:59:59.999000+00:00,1
2026-07-20 16:00:00+00:00,6.938,7.04,6.881,6.957,28003.91,2026-07-20 19:59:59.999000+00:00,1
2026-07-20 20:00:00+00:00,6.957,6.98,6.891,6.923,8175.18,2026-07-20 23:59:59.999000+00:00,1
2026-07-21 00:00:00+00:00,6.923,6.971,6.875,6.971,13927.45,2026-07-21 03:59:59.999000+00:00,1
2026-07-21 04:00:00+00:00,6.972,7.028,6.942,7.028,14593.83,2026-07-21 07:59:59.999000+00:00,1
2026-07-21 08:00:00+00:00,7.029,7.096,7.011,7.056,25943.14,2026-07-21 11:59:59.999000+00:00,1
2026-07-21 12:00:00+00:00,7.057,7.07,6.982,6.99,19054.15,2026-07-21 15:59:59.999000+00:00,1
2026-07-21 16:00:00+00:00,6.991,7.028,6.951,7.007,11647.17,2026-07-21 19:59:59.999000+00:00,1
2026-07-21 20:00:00+00:00,7.007,7.014,6.973,6.994,9231.87,2026-07-21 23:59:59.999000+00:00,1
2026-07-22 00:00:00+00:00,6.994,7.034,6.973,6.98,13607.3,2026-07-22 03:59:59.999000+00:00,1
2026-07-22 04:00:00+00:00,6.98,7.005,6.912,6.932,12802.3,2026-07-22 07:59:59.999000+00:00,1
2026-07-22 08:00:00+00:00,6.933,6.976,6.93,6.941,9141.58,2026-07-22 11:59:59.999000+00:00,1
2026-07-22 12:00:00+00:00,6.941,7.017,6.917,7.013,11630.08,2026-07-22 15:59:59.999000+00:00,1
2026-07-22 16:00:00+00:00,7.014,7.043,6.933,6.934,11367.84,2026-07-22 19:59:59.999000+00:00,1
2026-07-22 20:00:00+00:00,6.934,6.954,6.893,6.94,11568.88,2026-07-22 23:59:59.999000+00:00,1
2026-07-23 00:00:00+00:00,6.94,6.962,6.895,6.913,15216.59,2026-07-23 03:59:59.999000+00:00,1
2026-07-23 04:00:00+00:00,6.914,6.942,6.903,6.908,7446.02,2026-07-23 07:59:59.999000+00:00,1
2026-07-23 08:00:00+00:00,6.908,6.993,6.903,6.971,11998.77,2026-07-23 11:59:59.999000+00:00,1
2026-07-23 12:00:00+00:00,6.971,6.992,6.789,6.848,36272.54,2026-07-23 15:59:59.999000+00:00,1
2026-07-23 16:00:00+00:00,6.848,6.864,6.798,6.825,15338.1,2026-07-23 19:59:59.999000+00:00,1
2026-07-23 20:00:00+00:00,6.825,6.873,6.816,6.826,9372.74,2026-07-23 23:59:59.999000+00:00,1
2026-07-24 00:00:00+00:00,6.826,6.847,6.65,6.753,46522.69,2026-07-24 03:59:59.999000+00:00,1
2026-07-24 04:00:00+00:00,6.753,6.779,6.724,6.766,15619.87,2026-07-24 07:59:59.999000+00:00,1
2026-07-24 08:00:00+00:00,6.766,6.779,6.69,6.706,13799.44,2026-07-24 11:59:59.999000+00:00,1
2026-07-24 12:00:00+00:00,6.706,6.725,6.595,6.66,39329.7,2026-07-24 15:59:59.999000+00:00,1
2026-07-24 16:00:00+00:00,6.66,6.66,6.603,6.615,15445.52,2026-07-24 19:59:59.999000+00:00,1
2026-07-24 20:00:00+00:00,6.615,6.624,6.488,6.556,35877.39,2026-07-24 23:59:59.999000+00:00,1
2026-07-25 00:00:00+00:00,6.556,6.604,6.534,6.601,20905.01,2026-07-25 03:59:59.999000+00:00,1
2026-07-25 04:00:00+00:00,6.601,6.623,6.575,6.595,18539.33,2026-07-25 07:59:59.999000+00:00,1
2026-07-25 08:00:00+00:00,6.595,6.619,6.565,6.576,13180.56,2026-07-25 11:59:59.999000+00:00,1
2026-07-25 12:00:00+00:00,6.576,6.633,6.576,6.625,10524.55,2026-07-25 15:59:59.999000+00:00,1
2026-07-25 16:00:00+00:00,6.625,6.731,6.625,6.691,19613.38,2026-07-25 19:59:59.999000+00:00,1
2026-07-25 20:00:00+00:00,6.691,6.722,6.682,6.702,10019.29,2026-07-25 23:59:59.999000+00:00,1
2026-07-26 00:00:00+00:00,6.702,6.911,6.7,6.903,43024.65,2026-07-26 03:59:59.999000+00:00,1
2026-07-26 04:00:00+00:00,6.902,7.035,6.839,7.029,37697.18,2026-07-26 07:59:59.999000+00:00,1
2026-07-26 08:00:00+00:00,7.029,7.077,6.934,6.993,35319.89,2026-07-26 11:59:59.999000+00:00,1
2026-07-26 12:00:00+00:00,6.993,7.01,6.893,6.968,26610.74,2026-07-26 15:59:59.999000+00:00,1
2026-07-26 16:00:00+00:00,6.968,7.198,6.968,7.069,79211.89,2026-07-26 19:59:59.999000+00:00,1
2026-07-26 20:00:00+00:00,7.069,7.13,7.045,7.098,17382.39,2026-07-26 23:59:59.999000+00:00,1
2026-07-27 00:00:00+00:00,7.098,7.119,7.004,7.018,28502.96,2026-07-27 03:59:59.999000+00:00,1
2026-07-27 04:00:00+00:00,7.018,7.061,6.994,6.996,16339.24,2026-07-27 07:59:59.999000+00:00,1
2026-07-27 08:00:00+00:00,6.996,7.032,6.975,7.012,11766.73,2026-07-27 11:59:59.999000+00:00,1
2026-07-27 12:00:00+00:00,7.012,7.039,6.862,6.899,42737.6,2026-07-27 15:59:59.999000+00:00,1
2026-07-27 16:00:00+00:00,6.899,6.968,6.882,6.928,9873.65,2026-07-27 19:59:59.999000+00:00,1
2026-07-27 20:00:00+00:00,6.928,6.958,6.735,6.783,32682.33,2026-07-27 23:59:59.999000+00:00,1
2026-07-28 00:00:00+00:00,6.783,6.8,6.675,6.782,30430.12,2026-07-28 03:59:59.999000+00:00,1
2026-07-28 04:00:00+00:00,6.782,6.79,6.691,6.729,12251.04,2026-07-28 07:59:59.999000+00:00,1
2026-07-28 08:00:00+00:00,6.729,6.74,6.698,6.708,18127.73,2026-07-28 11:59:59.999000+00:00,1
2026-07-28 12:00:00+00:00,6.707,6.779,6.636,6.773,39064.56,2026-07-28 15:59:59.999000+00:00,1
2026-07-28 16:00:00+00:00,6.773,6.792,6.702,6.737,18567.35,2026-07-28 19:59:59.999000+00:00,1
2026-07-28 20:00:00+00:00,6.737,6.774,6.707,6.75,10374.19,2026-07-28 23:59:59.999000+00:00,1
2026-07-29 00:00:00+00:00,6.75,6.77,6.652,6.658,24593.53,2026-07-29 03:59:59.999000+00:00,1
2026-07-29 04:00:00+00:00,6.658,6.724,6.62,6.712,16896.17,2026-07-29 07:59:59.999000+00:00,1
2026-07-29 08:00:00+00:00,6.712,6.722,6.673,6.694,7612.71,2026-07-29 11:59:59.999000+00:00,1
2026-07-29 12:00:00+00:00,6.694,6.71,6.634,6.649,13752.75,2026-07-29 15:59:59.999000+00:00,1
2026-07-29 16:00:00+00:00,6.649,6.759,6.627,6.65,19208.96,2026-07-29 19:59:59.999000+00:00,1
2026-07-29 20:00:00+00:00,6.65,6.687,6.576,6.681,21487.28,2026-07-29 23:59:59.999000+00:00,1
2026-07-30 00:00:00+00:00,6.68,6.767,6.67,6.743,23144.99,2026-07-30 03:59:59.999000+00:00,1
2026-07-30 04:00:00+00:00,6.743,6.769,6.716,6.739,7515.27,2026-07-30 07:59:59.999000+00:00,1
2026-07-30 08:00:00+00:00,6.739,6.81,6.739,6.796,12713.96,2026-07-30 11:59:59.999000+00:00,1
2026-07-30 12:00:00+00:00,6.796,6.816,6.748,6.775,10349.62,2026-07-30 15:59:59.999000+00:00,1
2026-07-30 16:00:00+00:00,6.775,6.807,6.761,6.793,7669.83,2026-07-30 19:59:59.999000+00:00,1
2026-07-30 20:00:00+00:00,6.793,6.805,6.761,6.765,6234.34,2026-07-30 23:59:59.999000+00:00,1
2026-07-31 00:00:00+00:00,6.765,6.804,6.638,6.665,24175.07,2026-07-31 03:59:59.999000+00:00,1
2026-07-31 04:00:00+00:00,6.664,6.693,6.626,6.67,13944.73,2026-07-31 07:59:59.999000+00:00,1
2026-07-31 08:00:00+00:00,6.669,6.675,6.616,6.648,11991.69,2026-07-31 11:59:59.999000+00:00,1
2026-07-31 12:00:00+00:00,6.648,6.663,6.551,6.618,28241.01,2026-07-31 15:59:59.999000+00:00,1
2026-07-31 16:00:00+00:00,6.617,6.644,6.601,6.61,12584.2,2026-07-31 19:59:59.999000+00:00,1
2026-07-31 20:00:00+00:00,6.609,6.622,6.588,6.607,9082.19,2026-07-31 23:59:59.999000+00:00,1
2026-08-01 00:00:00+00:00,6.607,6.725,6.6,6.689,18034.54,2026-08-01 03:59:59.999000+00:00,1
2026-08-01 04:00:00+00:00,6.689,6.729,6.641,6.66,13576.49,2026-08-01 07:59:59.999000+00:00,1
2026-08-01 08:00:00+00:00,6.66,6.669,6.61,6.613,8759.27,2026-08-01 11:59:59.999000+00:00,1
2026-08-01 12:00:00+00:00,6.613,6.626,6.568,6.576,12914.63,2026-08-01 15:59:59.999000+00:00,1
2026-08-01 16:00:00+00:00,6.576,6.608,6.381,6.472,53014.6,2026-08-01 19:59:59.999000+00:00,1
2026-08-01 20:00:00+00:00,6.471,6.53,6.447,6.513,18175.02,2026-08-01 23:59:59.999000+00:00,1
2026-08-02 00:00:00+00:00,6.513,6.655,6.507,6.594,29976.26,2026-08-02 03:59:59.999000+00:00,1
2026-08-02 04:00:00+00:00,6.594,6.672,6.583,6.665,16131.74,2026-08-02 07:59:59.999000+00:00,1
2026-08-02 08:00:00+00:00,6.664,6.668,6.609,6.634,12063.97,2026-08-02 11:59:59.999000+00:00,1
2026-08-02 12:00:00+00:00,6.634,6.669,6.61,6.617,8616.61,2026-08-02 15:59:59.999000+00:00,1
2026-08-02 16:00:00+00:00,6.617,6.641,6.597,6.615,7903.45,2026-08-02 19:59:59.999000+00:00,1
2026-08-02 20:00:00+00:00,6.615,6.671,6.601,6.621,7378.28,2026-08-02 23:59:59.999000+00:00,1
2026-08-03 00:00:00+00:00,6.621,6.627,6.52,6.557,28055.16,2026-08-03 03:59:59.999000+00:00,1
2026-08-03 04:00:00+00:00,6.557,6.594,6.546,6.547,7260.16,2026-08-03 07:59:59.999000+00:00,1
2026-08-03 08:00:00+00:00,6.546,6.59,6.485,6.557,21520.24,2026-08-03 11:59:59.999000+00:00,1
2026-08-03 12:00:00+00:00,6.557,6.657,6.55,6.619,14402.89,2026-08-03 15:59:59.999000+00:00,1
2026-08-03 16:00:00+00:00,6.619,6.648,6.602,6.616,10147.72,2026-08-03 19:59:59.999000+00:00,1
2026-08-03 20:00:00+00:00,6.616,6.639,6.573,6.593,7610.14,2026-08-03 23:59:59.999000+00:00,1
2026-08-04 00:00:00+00:00,6.593,6.619,6.556,6.601,8897.02,2026-08-04 03:59:59.999000+00:00,1
2026-08-04 04:00:00+00:00,6.601,6.631,6.558,6.604,6339.11,2026-08-04 07:59:59.999000+00:00,1
2026-08-04 08:00:00+00:00,6.604,6.612,6.57,6.599,4740.93,2026-08-04 11:59:59.999000+00:00,1
2026-08-04 12:00:00+00:00,6.599,6.629,6.55,6.58,25905.3,2026-08-04 15:59:59.999000+00:00,1
2026-08-04 16:00:00+00:00,6.58,6.639,6.56,6.617,7239.29,2026-08-04 19:59:59.999000+00:00,1
2026-08-04 20:00:00+00:00,6.617,6.637,6.575,6.575,7816.75,2026-08-04 23:59:59.999000+00:00,1
2026-08-05 00:00:00+00:00,6.575,6.583,6.507,6.522,22012.58,2026-08-05 03:59:59.999000+00:00,1
2026-08-05 04:00:00+00:00,6.521,6.55,6.452,6.493,18113.9,2026-08-05 07:59:59.999000+00:00,1
2026-08-05 08:00:00+00:00,6.493,6.503,6.462,6.485,21110.82,2026-08-05 11:59:59.999000+00:00,1
2026-08-05 12:00:00+00:00,6.485,6.529,6.42,6.436,31479.58,2026-08-05 15:59:59.999000+00:00,1
2026-08-05 16:00:00+00:00,6.435,6.525,6.416,6.51,18892.87,2026-08-05 19:59:59.999000+00:00,1
2026-08-05 20:00:00+00:00,6.51,6.562,6.486,6.517,11797.42,2026-08-05 23:59:59.999000+00:00,1
2026-08-06 00:00:00+00:00,6.517,6.568,6.48,6.495,20807.39,2026-08-06 03:59:59.999000+00:00,1
2026-08-06 04:00:00+00:00,6.495,6.561,6.487,6.507,13880.12,2026-08-06 07:59:59.999000+00:00,1
2026-08-06 08:00:00+00:00,6.507,6.526,6.295,6.385,74226.94,2026-08-06 11:59:59.999000+00:00,1
2026-08-06 12:00:00+00:00,6.385,6.422,6.345,6.405,17146.91,2026-08-06 15:59:59.999000+00:00,1
2026-08-06 16:00:00+00:00,6.405,6.491,6.4,6.486,16107.52,2026-08-06 19:59:59.999000+00:00,1
2026-08-06 20:00:00+00:00,6.485,6.594,6.466,6.498,30196.03,2026-08-06 23:59:59.999000+00:00,1
2026-08-07 00:00:00+00:00,6.498,6.52,6.456,6.479,14465.04,2026-08-07 03:59:59.999000+00:00,1
2026-08-07 04:00:00+00:00,6.479,6.549,6.47,6.526,16344.41,2026-08-07 07:59:59.999000+00:00,1
2026-08-07 08:00:00+00:00,6.526,6.535,6.486,6.504,9831.43,2026-08-07 11:59:59.999000+00:00,1
2026-08-07 12:00:00+00:00,6.505,6.538,6.474,6.49,16333.79,2026-08-07 15:59:59.999000+00:00,1
2026-08-07 16:00:00+00:00,6.491,6.514,6.44,6.49,8741.46,2026-08-07 19:59:59.999000+00:00,1
2026-08-07 20:00:00+00:00,6.489,6.496,6.451,6.48,4957.81,2026-08-07 23:59:59.999000+00:00,1
2026-08-08 00:00:00+00:00,6.48,6.531,6.45,6.517,6500.79,2026-08-08 03:59:59.999000+00:00,1
2026-08-08 04:00:00+00:00,6.516,6.526,6.498,6.513,4836.91,2026-08-08 07:59:59.999000+00:00,1
2026-08-08 08:00:00+00:00,6.512,6.565,6.5,6.503,14926.23,2026-08-08 11:59:59.999000+00:00,1
2026-08-08 12:00:00+00:00,6.503,6.546,6.495,6.545,7986.71,2026-08-08 15:59:59.999000+00:00,1
2026-08-08 16:00:00+00:00,6.545,6.587,6.514,6.519,10404.51,2026-08-08 19:59:59.999000+00:00,1
2026-08-08 20:00:00+00:00,6.519,6.54,6.502,6.507,7283.17,2026-08-08 23:59:59.999000+00:00,1
2026-08-09 00:00:00+00:00,6.507,6.518,6.471,6.493,15246.92,2026-08-09 03:59:59.999000+00:00,1
2026-08-09 04:00:00+00:00,6.493,6.509,6.467,6.492,7009.16,2026-08-09 07:59:59.999000+00:00,1
2026-08-09 08:00:00+00:00,6.492,6.509,6.472,6.485,3904.86,2026-08-09 11:59:59.999000+00:00,1
2026-08-09 12:00:00+00:00,6.485,6.533,6.478,6.524,10202.9,2026-08-09 15:59:59.999000+00:00,1
2026-08-09 16:00:00+00:00,6.522,6.528,6.476,6.488,5946.12,2026-08-09 19:59:59.999000+00:00,1
2026-08-09 20:00:00+00:00,6.488,6.531,6.408,6.417,19992.13,2026-08-09 23:59:59.999000+00:00,1
2026-08-10 00:00:00+00:00,6.417,6.522,6.401,6.501,22946.49,2026-08-10 03:59:59.999000+00:00,1
2026-08-10 04:00:00+00:00,6.5,6.543,6.489,6.526,15695.81,2026-08-10 07:59:59.999000+00:00,1
2026-08-10 08:00:00+00:00,6.525,6.532,6.483,6.512,6967.75,2026-08-10 11:59:59.999000+00:00,1
2026-08-10 12:00:00+00:00,6.512,6.524,6.447,6.463,18120.51,2026-08-10 15:59:59.999000+00:00,1
2026-08-10 16:00:00+00:00,6.462,6.462,6.375,6.398,20724.32,2026-08-10 19:59:59.999000+00:00,1
2026-08-10 20:00:00+00:00,6.398,6.41,6.368,6.393,10091.86,2026-08-10 23:59:59.999000+00:00,1
2026-08-11 00:00:00+00:00,6.393,6.436,6.37,6.387,18140.84,2026-08-11 03:59:59.999000+00:00,1
2026-08-11 04:00:00+00:00,6.387,6.416,6.371,6.395,7337.93,2026-08-11 07:59:59.999000+00:00,1
2026-08-11 08:00:00+00:00,6.395,6.405,6.374,6.395,8827.6,2026-08-11 11:59:59.999000+00:00,1
2026-08-11 12:00:00+00:00,6.395,6.442,6.263,6.304,39933.93,2026-08-11 15:59:59.999000+00:00,1
2026-08-11 16:00:00+00:00,6.304,6.346,6.274,6.341,13937.77,2026-08-11 19:59:59.999000+00:00,1
2026-08-11 20:00:00+00:00,6.34,6.4,6.34,6.373,8379.12,2026-08-11 23:59:59.999000+00:00,1
2026-08-12 00:00:00+00:00,6.373,6.406,6.363,6.363,10692.12,2026-08-12 03:59:59.999000+00:00,1
2026-08-12 04:00:00+00:00,6.363,6.383,6.309,6.331,12365.46,2026-08-12 07:59:59.999000+00:00,1
2026-08-12 08:00:00+00:00,6.331,6.476,6.308,6.462,28633.7,2026-08-12 11:59:59.999000+00:00,1
2026-08-12 12:00:00+00:00,6.461,6.492,6.322,6.341,33251.82,2026-08-12 15:59:59.999000+00:00,1
2026-08-12 16:00:00+00:00,6.341,6.356,6.292,6.306,13771.06,2026-08-12 19:59:59.999000+00:00,1
2026-08-12 20:00:00+00:00,6.306,6.33,6.108,6.24,54499.24,2026-08-12 23:59:59.999000+00:00,1
2026-08-13 00:00:00+00:00,6.239,6.306,6.197,6.303,25773.52,2026-08-13 03:59:59.999000+00:00,1
2026-08-13 04:00:00+00:00,6.303,6.314,6.267,6.278,10789.92,2026-08-13 07:59:59.999000+00:00,1
2026-08-13 08:00:00+00:00,6.278,6.292,6.25,6.251,10227.54,2026-08-13 11:59:59.999000+00:00,1
2026-08-13 12:00:00+00:00,6.251,6.296,6.227,6.228,9816.9,2026-08-13 15:59:59.999000+00:00,1
2026-08-13 16:00:00+00:00,6.228,6.245,6.165,6.236,12375.24,2026-08-13 19:59:59.999000+00:00,1
2026-08-13 20:00:00+00:00,6.236,6.268,6.228,6.234,5520.89,2026-08-13 23:59:59.999000+00:00,1
2026-08-14 00:00:00+00:00,6.234,6.252,6.148,6.154,16559.96,2026-08-14 03:59:59.999000+00:00,1
2026-08-14 04:00:00+00:00,6.154,6.191,6.092,6.136,21892.26,2026-08-14 07:59:59.999000+00:00,1
2026-08-14 08:00:00+00:00,6.136,6.153,6.109,6.126,13370.85,2026-08-14 11:59:59.999000+00:00,1
2026-08-14 12:00:00+00:00,6.126,6.166,6.101,6.159,17035.46,2026-08-14 15:59:59.999000+00:00,1
2026-08-14 16:00:00+00:00,6.159,6.191,6.133,6.154,10539.72,2026-08-14 19:59:59.999000+00:00,1
2026-08-14 20:00:00+00:00,6.154,6.216,6.133,6.21,6390.8,2026-08-14 23:59:59.999000+00:00,1
2026-08-15 00:00:00+00:00,6.21,6.25,6.198,6.239,15999.88,2026-08-15 03:59:59.999000+00:00,1
2026-08-15 04:00:00+00:00,6.239,6.249,6.222,6.229,8579.54,2026-08-15 07:59:59.999000+00:00,1
2026-08-15 08:00:00+00:00,6.229,6.293,6.226,6.262,10961.67,2026-08-15 11:59:59.999000+00:00,1
2026-08-15 12:00:00+00:00,6.262,6.278,6.257,6.26,4964.25,2026-08-15 15:59:59.999000+00:00,1
2026-08-15 16:00:00+00:00,6.26,6.27,6.233,6.255,7116.06,2026-08-15 19:59:59.999000+00:00,1
2026-08-15 20:00:00+00:00,6.255,6.271,6.204,6.21,6627.2,2026-08-15 23:59:59.999000+00:00,1
2026-08-16 00:00:00+00:00,6.21,6.223,6.157,6.164,12723.82,2026-08-16 03:59:59.999000+00:00,1
2026-08-16 04:00:00+00:00,6.164,6.175,6.151,6.171,6696.46,2026-08-16 07:59:59.999000+00:00,1
2026-08-16 08:00:00+00:00,6.171,6.181,6.163,6.177,7634.1,2026-08-16 11:59:59.999000+00:00,1
2026-08-16 12:00:00+00:00,6.177,6.203,6.167,6.199,7031.05,2026-08-16 15:59:59.999000+00:00,1
2026-08-16 16:00:00+00:00,6.199,6.207,6.161,6.17,5551.46,2026-08-16 19:59:59.999000+00:00,1
2026-08-16 20:00:00+00:00,6.17,6.171,6.017,6.102,30548.19,2026-08-16 23:59:59.999000+00:00,1
2026-08-17 00:00:00+00:00,6.102,6.241,6.1,6.207,30868.22,2026-08-17 03:59:59.999000+00:00,1
2026-08-17 04:00:00+00:00,6.207,6.227,6.192,6.194,5979.6,2026-08-17 07:59:59.999000+00:00,1
2026-08-17 08:00:00+00:00,6.194,6.204,6.182,6.192,7556.13,2026-08-17 11:59:59.999000+00:00,1
2026-08-17 12:00:00+00:00,6.192,6.197,6.163,6.19,7171.99,2026-08-17 15:59:59.999000+00:00,1
2026-08-17 16:00:00+00:00,6.19,6.197,6.161,6.178,7865.13,2026-08-17 19:59:59.999000+00:00,1
2026-08-17 20:00:00+00:00,6.178,6.197,6.169,6.189,4282.72,2026-08-17 23:59:59.999000+00:00,1
2026-08-18 00:00:00+00:00,6.188,6.194,6.031,6.049,37692.1,2026-08-18 03:59:59.999000+00:00,1
2026-08-18 04:00:00+00:00,6.048,6.083,6.009,6.036,24908.61,2026-08-18 07:59:59.999000+00:00,1
2026-08-18 08:00:00+00:00,6.036,6.082,6.024,6.068,19314.75,2026-08-18 11:59:59.999000+00:00,1
2026-08-18 12:00:00+00:00,6.068,6.104,6.023,6.079,19834.22,2026-08-18 15:59:59.999000+00:00,1
2026-08-18 16:00:00+00:00,6.079,6.101,6.028,6.073,11270.82,2026-08-18 19:59:59.999000+00:00,1
2026-08-18 20:00:00+00:00,6.073,6.08,6.051,6.075,4972.75,2026-08-18 23:59:59.999000+00:00,1
2026-08-19 00:00:00+00:00,6.075,6.112,6.04,6.108,11034.33,2026-08-19 03:59:59.999000+00:00,1
2026-08-19 04:00:00+00:00,6.107,6.135,6.07,6.112,11132.95,2026-08-19 07:59:59.999000+00:00,1
2026-08-19 08:00:00+00:00,6.111,6.119,6.073,6.096,9784.79,2026-08-19 11:59:59.999000+00:00,1
2026-08-19 12:00:00+00:00,6.096,6.4,6.079,6.26,77442.02,2026-08-19 15:59:59.999000+00:00,1
2026-08-19 16:00:00+00:00,6.259,6.355,6.239,6.354,26322.21,2026-08-19 19:59:59.999000+00:00,1
2026-08-19 20:00:00+00:00,6.355,6.694,6.348,6.533,70132.06,2026-08-19 23:59:59.999000+00:00,1
2026-08-20 00:00:00+00:00,6.532,6.656,6.49,6.51,44602.36,2026-08-20 03:59:59.999000+00:00,1
2026-08-20 04:00:00+00:00,6.509,6.612,6.506,6.589,22425.18,2026-08-20 07:59:59.999000+00:00,1
2026-08-20 08:00:00+00:00,6.589,6.767,6.589,6.739,46983.38,2026-08-20 11:59:59.999000+00:00,1
2026-08-20 12:00:00+00:00,6.738,6.856,6.674,6.849,39902.0,2026-08-20 15:59:59.999000+00:00,1
2026-08-20 16:00:00+00:00,6.848,6.967,6.799,6.809,37948.13,2026-08-20 19:59:59.999000+00:00,1
2026-08-20 20:00:00+00:00,6.808,6.978,6.808,6.948,17290.27,2026-08-20 23:59:59.999000+00:00,1
2026-08-21 00:00:00+00:00,6.948,7.1,6.931,7.035,41794.16,2026-08-21 03:59:59.999000+00:00,1
2026-08-21 04:00:00+00:00,7.034,7.308,7.025,7.27,49200.36,2026-08-21 07:59:59.999000+00:00,1
2026-08-21 08:00:00+00:00,7.271,7.517,7.241,7.3,93414.98,2026-08-21 11:59:59.999000+00:00,1
2026-08-21 12:00:00+00:00,7.299,7.495,7.278,7.475,38074.09,2026-08-21 15:59:59.999000+00:00,1
2026-08-21 16:00:00+00:00,7.476,7.658,7.408,7.56,52595.33,2026-08-21 19:59:59.999000+00:00,1
2026-08-21 20:00:00+00:00,7.56,8.362,7.527,8.347,112063.6,2026-08-21 23:59:59.999000+00:00,1
2026-08-22 00:00:00+00:00,8.348,9.095,8.314,8.859,414177.79,2026-08-22 03:59:59.999000+00:00,1
2026-08-22 04:00:00+00:00,8.858,8.94,7.163,8.221,224868.15,2026-08-22 07:59:59.999000+00:00,1
2026-08-22 08:00:00+00:00,8.221,8.267,7.776,7.932,83734.85,2026-08-22 11:59:59.999000+00:00,1
2026-08-22 12:00:00+00:00,7.932,8.021,7.739,7.805,71247.24,2026-08-22 15:59:59.999000+00:00,1
2026-08-22 16:00:00+00:00,7.804,8.025,7.798,7.933,28917.23,2026-08-22 19:59:59.999000+00:00,1
2026-08-22 20:00:00+00:00,7.933,7.984,7.753,7.887,30093.29,2026-08-22 23:59:59.999000+00:00,1
2026-08-23 00:00:00+00:00,7.886,8.022,7.66,7.703,53274.46,2026-08-23 03:59:59.999000+00:00,1
2026-08-23 04:00:00+00:00,7.704,7.792,7.613,7.751,36077.21,2026-08-23 07:59:59.999000+00:00,1
2026-08-23 08:00:00+00:00,7.751,7.907,7.742,7.881,30778.64,2026-08-23 11:59:59.999000+00:00,1
2026-08-23 12:00:00+00:00,7.881,7.99,7.71,7.915,60267.86,2026-08-23 15:59:59.999000+00:00,1
2026-08-23 16:00:00+00:00,7.915,7.938,7.816,7.885,14040.62,2026-08-23 19:59:59.999000+00:00,1
2026-08-23 20:00:00+00:00,7.885,8.036,7.848,7.936,25313.36,2026-08-23 23:59:59.999000+00:00,1
2026-08-24 00:00:00+00:00,7.936,7.957,7.626,7.692,51783.16,2026-08-24 03:59:59.999000+00:00,1
2026-08-24 04:00:00+00:00,7.692,7.795,7.648,7.714,22750.52,2026-08-24 07:59:59.999000+00:00,1
2026-08-24 08:00:00+00:00,7.714,7.882,7.637,7.837,25745.0,2026-08-24 11:59:59.999000+00:00,1
2026-08-24 12:00:00+00:00,7.836,7.93,7.658,7.752,53289.83,2026-08-24 15:59:59.999000+00:00,1
2026-08-24 16:00:00+00:00,7.751,7.897,7.665,7.732,35409.96,2026-08-24 19:59:59.999000+00:00,1
2026-08-24 20:00:00+00:00,7.732,7.822,7.684,7.751,15461.46,2026-08-24 23:59:59.999000+00:00,1
2026-08-25 00:00:00+00:00,7.751,8.052,7.696,7.952,45846.54,2026-08-25 03:59:59.999000+00:00,1
2026-08-25 04:00:00+00:00,7.952,8.094,7.766,7.858,51300.81,2026-08-25 07:59:59.999000+00:00,1
2026-08-25 08:00:00+00:00,7.858,7.962,7.806,7.918,23070.48,2026-08-25 11:59:59.999000+00:00,1
2026-08-25 12:00:00+00:00,7.918,8.069,7.721,7.919,44241.37,2026-08-25 15:59:59.999000+00:00,1
2026-08-25 16:00:00+00:00,7.919,8.029,7.739,7.754,18016.74,2026-08-25 19:59:59.999000+00:00,1
2026-08-25 20:00:00+00:00,7.754,7.77,7.487,7.662,32224.44,2026-08-25 23:59:59.999000+00:00,1
2026-08-26 00:00:00+00:00,7.662,7.906,7.633,7.77,27654.97,2026-08-26 03:59:59.999000+00:00,1
2026-08-26 04:00:00+00:00,7.77,7.839,7.707,7.729,18628.09,2026-08-26 07:59:59.999000+00:00,1
2026-08-26 08:00:00+00:00,7.729,7.776,7.634,7.702,18674.31,2026-08-26 11:59:59.999000+00:00,1
2026-08-26 12:00:00+00:00,7.702,7.751,7.474,7.539,31509.79,2026-08-26 15:59:59.999000+00:00,1
2026-08-26 16:00:00+00:00,7.539,7.706,7.527,7.657,12254.06,2026-08-26 19:59:59.999000+00:00,1
2026-08-26 20:00:00+00:00,7.656,7.893,7.586,7.879,13178.22,2026-08-26 23:59:59.999000+00:00,1
2026-08-27 00:00:00+00:00,7.878,7.88,7.78,7.814,16068.28,2026-08-27 03:59:59.999000+00:00,1
2026-08-27 04:00:00+00:00,7.814,7.918,7.785,7.855,14652.39,2026-08-27 07:59:59.999000+00:00,1
2026-08-27 08:00:00+00:00,7.855,7.98,7.767,7.819,25563.44,2026-08-27 11:59:59.999000+00:00,1
2026-08-27 12:00:00+00:00,7.819,7.886,7.732,7.869,16949.57,2026-08-27 15:59:59.999000+00:00,1
2026-08-27 16:00:00+00:00,7.869,7.931,7.753,7.792,14266.79,2026-08-27 19:59:59.999000+00:00,1
2026-08-27 20:00:00+00:00,7.792,7.881,7.775,7.834,9127.47,2026-08-27 23:59:59.999000+00:00,1
2026-08-28 00:00:00+00:00,7.835,7.92,7.632,7.688,26318.95,2026-08-28 03:59:59.999000+00:00,1
2026-08-28 04:00:00+00:00,7.688,7.783,7.663,7.716,9494.95,2026-08-28 07:59:59.999000+00:00,1
2026-08-28 08:00:00+00:00,7.716,7.754,7.663,7.698,8499.13,2026-08-28 11:59:59.999000+00:00,1
2026-08-28 12:00:00+00:00,7.698,7.733,7.525,7.542,24421.65,2026-08-28 15:59:59.999000+00:00,1
2026-08-28 16:00:00+00:00,7.545,7.56,7.34,7.484,33060.7,2026-08-28 19:59:59.999000+00:00,1
2026-08-28 20:00:00+00:00,7.484,7.526,7.436,7.502,6678.36,2026-08-28 23:59:59.999000+00:00,1
2026-08-29 00:00:00+00:00,7.503,7.563,7.455,7.489,17095.28,2026-08-29 03:59:59.999000+00:00,1
2026-08-29 04:00:00+00:00,7.489,7.55,7.472,7.489,13136.99,2026-08-29 07:59:59.999000+00:00,1
2026-08-29 08:00:00+00:00,7.488,7.488,7.431,7.452,7294.02,2026-08-29 11:59:59.999000+00:00,1
2026-08-29 12:00:00+00:00,7.452,7.571,7.449,7.537,7521.87,2026-08-29 15:59:59.999000+00:00,1
2026-08-29 16:00:00+00:00,7.537,7.582,7.48,7.515,9472.63,2026-08-29 19:59:59.999000+00:00,1
2026-08-29 20:00:00+00:00,7.515,7.534,7.491,7.516,2852.99,2026-08-29 23:59:59.999000+00:00,1
2026-08-30 00:00:00+00:00,7.516,7.517,7.437,7.445,7290.2,2026-08-30 03:59:59.999000+00:00,1
2026-08-30 04:00:00+00:00,7.445,7.464,7.386,7.397,7369.14,2026-08-30 07:59:59.999000+00:00,1
2026-08-30 08:00:00+00:00,7.397,7.422,7.362,7.407,11036.24,2026-08-30 11:59:59.999000+00:00,1
2026-08-30 12:00:00+00:00,7.407,7.48,7.401,7.427,15986.64,2026-08-30 15:59:59.999000+00:00,1
2026-08-30 16:00:00+00:00,7.427,7.518,7.41,7.433,15558.77,2026-08-30 19:59:59.999000+00:00,1
2026-08-30 20:00:00+00:00,7.433,7.452,7.057,7.176,41222.88,2026-08-30 23:59:59.999000+00:00,1
2026-08-31 00:00:00+00:00,7.175,7.257,7.096,7.182,14903.02,2026-08-31 03:59:59.999000+00:00,1
2026-08-31 04:00:00+00:00,7.182,7.25,7.144,7.226,7303.55,2026-08-31 07:59:59.999000+00:00,1
2026-08-31 08:00:00+00:00,7.226,7.284,7.183,7.242,8123.56,2026-08-31 11:59:59.999000+00:00,1
2026-08-31 12:00:00+00:00,7.242,7.299,7.184,7.262,14413.86,2026-08-31 15:59:59.999000+00:00,1
2026-08-31 16:00:00+00:00,7.262,7.365,7.247,7.286,15039.32,2026-08-31 19:59:59.999000+00:00,1
2026-08-31 20:00:00+00:00,7.285,7.321,7.266,7.279,6204.9,2026-08-31 23:59:59.999000+00:00,1
2026-09-01 00:00:00+00:00,7.278,7.335,7.251,7.299,6019.15,2026-09-01 03:59:59.999000+00:00,1
2026-09-01 04:00:00+00:00,7.299,7.385,7.294,7.342,7229.75,2026-09-01 07:59:59.999000+00:00,1
2026-09-01 08:00:00+00:00,7.342,7.344,7.214,7.317,18866.09,2026-09-01 11:59:59.999000+00:00,1
2026-09-01 12:00:00+00:00,7.317,7.33,7.178,7.286,15062.68,2026-09-01 15:59:59.999000+00:00,1
2026-09-01 16:00:00+00:00,7.286,7.326,7.181,7.289,12873.05,2026-09-01 19:59:59.999000+00:00,1
2026-09-01 20:00:00+00:00,7.289,7.3,7.183,7.235,9388.87,2026-09-01 23:59:59.999000+00:00,1
2026-09-02 00:00:00+00:00,7.235,7.286,7.114,7.248,20669.88,2026-09-02 03:59:59.999000+00:00,1
2026-09-02 04:00:00+00:00,7.248,7.321,7.223,7.277,8827.98,2026-09-02 07:59:59.999000+00:00,1
2026-09-02 08:00:00+00:00,7.278,7.285,7.139,7.222,15041.03,2026-09-02 11:59:59.999000+00:00,1
2026-09-02 12:00:00+00:00,7.221,7.28,7.17,7.236,11385.6,2026-09-02 15:59:59.999000+00:00,1
2026-09-02 16:00:00+00:00,7.24,7.256,7.176,7.208,6220.27,2026-09-02 19:59:59.999000+00:00,1
2026-09-02 20:00:00+00:00,7.209,7.279,7.207,7.278,7426.35,2026-09-02 23:59:59.999000+00:00,1
2026-09-03 00:00:00+00:00,7.277,7.403,7.229,7.35,16659.1,2026-09-03 03:59:59.999000+00:00,1
2026-09-03 04:00:00+00:00,7.35,7.394,7.273,7.345,17200.35,2026-09-03 07:59:59.999000+00:00,1
2026-09-03 08:00:00+00:00,7.345,7.411,7.343,7.405,14116.62,2026-09-03 11:59:59.999000+00:00,1
2026-09-03 12:00:00+00:00,7.405,7.684,7.37,7.678,37691.31,2026-09-03 15:59:59.999000+00:00,1
2026-09-03 16:00:00+00:00,7.678,7.684,7.594,7.631,17713.52,2026-09-03 19:59:59.999000+00:00,1
2026-09-03 20:00:00+00:00,7.631,7.679,7.518,7.586,13477.82,2026-09-03 23:59:59.999000+00:00,1
2026-09-04 00:00:00+00:00,7.587,7.612,7.506,7.52,15133.36,2026-09-04 03:59:59.999000+00:00,1
2026-09-04 04:00:00+00:00,7.52,7.629,7.515,7.574,18046.62,2026-09-04 07:59:59.999000+00:00,1
2026-09-04 08:00:00+00:00,7.574,7.694,7.554,7.646,17494.16,2026-09-04 11:59:59.999000+00:00,1
2026-09-04 12:00:00+00:00,7.646,7.653,7.268,7.359,59180.54,2026-09-04 15:59:59.999000+00:00,1
2026-09-04 16:00:00+00:00,7.359,7.415,7.328,7.376,6291.84,2026-09-04 19:59:59.999000+00:00,1
2026-09-04 20:00:00+00:00,7.375,7.448,7.347,7.444,8882.22,2026-09-04 23:59:59.999000+00:00,1
2026-09-05 00:00:00+00:00,7.444,7.598,7.415,7.577,17107.91,2026-09-05 03:59:59.999000+00:00,1
2026-09-05 04:00:00+00:00,7.578,7.796,7.515,7.696,23762.24,2026-09-05 07:59:59.999000+00:00,1
2026-09-05 08:00:00+00:00,7.696,7.718,7.626,7.647,13493.51,2026-09-05 11:59:59.999000+00:00,1
2026-09-05 12:00:00+00:00,7.646,7.786,7.64,7.699,14013.4,2026-09-05 15:59:59.999000+00:00,1
2026-09-05 16:00:00+00:00,7.699,7.834,7.656,7.773,18546.01,2026-09-05 19:59:59.999000+00:00,1
2026-09-05 20:00:00+00:00,7.773,7.84,7.697,7.724,11519.82,2026-09-05 23:59:59.999000+00:00,1
2026-09-06 00:00:00+00:00,7.723,7.855,7.693,7.781,23719.61,2026-09-06 03:59:59.999000+00:00,1
2026-09-06 04:00:00+00:00,7.781,7.852,7.669,7.714,20198.94,2026-09-06 07:59:59.999000+00:00,1
2026-09-06 08:00:00+00:00,7.715,7.748,7.695,7.733,8477.8,2026-09-06 11:59:59.999000+00:00,1
2026-09-06 12:00:00+00:00,7.733,7.757,7.552,7.71,23668.82,2026-09-06 15:59:59.999000+00:00,1
2026-09-06 16:00:00+00:00,7.71,7.742,7.678,7.69,8265.47,2026-09-06 19:59:59.999000+00:00,1
2026-09-06 20:00:00+00:00,7.69,7.871,7.679,7.854,12322.96,2026-09-06 23:59:59.999000+00:00,1
2026-09-07 00:00:00+00:00,7.854,7.938,7.725,7.774,29339.13,2026-09-07 03:59:59.999000+00:00,1
2026-09-07 04:00:00+00:00,7.773,7.892,7.62,7.708,20016.09,2026-09-07 07:59:59.999000+00:00,1
2026-09-07 08:00:00+00:00,7.708,7.821,7.705,7.741,9737.32,2026-09-07 11:59:59.999000+00:00,1
2026-09-07 12:00:00+00:00,7.741,8.064,7.741,7.78,53959.46,2026-09-07 15:59:59.999000+00:00,1
2026-09-07 16:00:00+00:00,7.781,7.952,7.781,7.843,18093.24,2026-09-07 19:59:59.999000+00:00,1
2026-09-07 20:00:00+00:00,7.842,7.982,7.767,7.892,15595.31,2026-09-07 23:59:59.999000+00:00,1
2026-09-08 00:00:00+00:00,7.891,8.186,7.873,8.074,47176.39,2026-09-08 03:59:59.999000+00:00,1
2026-09-08 04:00:00+00:00,8.073,8.149,7.917,8.093,44235.17,2026-09-08 07:59:59.999000+00:00,1
2026-09-08 08:00:00+00:00,8.093,8.289,8.034,8.05,48804.76,2026-09-08 11:59:59.999000+00:00,1
2026-09-08 12:00:00+00:00,8.049,8.79,8.026,8.747,98892.45,2026-09-08 15:59:59.999000+00:00,1
2026-09-08 16:00:00+00:00,8.749,8.868,8.387,8.469,67826.44,2026-09-08 19:59:59.999000+00:00,1
2026-09-08 20:00:00+00:00,8.47,8.701,8.448,8.608,33636.11,2026-09-08 23:59:59.999000+00:00,1
2026-09-09 00:00:00+00:00,8.609,9.026,8.529,8.67,101561.03,2026-09-09 03:59:59.999000+00:00,1
2026-09-09 04:00:00+00:00,8.67,8.786,8.363,8.399,44478.24,2026-09-09 07:59:59.999000+00:00,1
2026-09-09 08:00:00+00:00,8.399,8.513,8.233,8.359,45409.69,2026-09-09 11:59:59.999000+00:00,1
2026-09-09 12:00:00+00:00,8.359,8.384,8.111,8.179,41484.75,2026-09-09 15:59:59.999000+00:00,1
2026-09-09 16:00:00+00:00,8.18,8.244,8.007,8.051,27360.03,2026-09-09 19:59:59.999000+00:00,1
2026-09-09 20:00:00+00:00,8.052,8.116,7.863,8.011,35397.69,2026-09-09 23:59:59.999000+00:00,1
2026-09-10 00:00:00+00:00,8.013,8.034,7.845,7.92,20418.92,2026-09-10 03:59:59.999000+00:00,1
2026-09-10 04:00:00+00:00,7.92,7.977,7.812,7.851,13412.52,2026-09-10 07:59:59.999000+00:00,1
2026-09-10 08:00:00+00:00,7.851,7.913,7.761,7.864,23722.86,2026-09-10 11:59:59.999000+00:00,1
2026-09-10 12:00:00+00:00,7.864,7.886,7.584,7.706,42634.16,2026-09-10 15:59:59.999000+00:00,1
2026-09-10 16:00:00+00:00,7.706,7.776,7.595,7.694,12667.04,2026-09-10 19:59:59.999000+00:00,1
2026-09-10 20:00:00+00:00,7.694,7.762,7.547,7.567,19753.71,2026-09-10 23:59:59.999000+00:00,1
2026-09-11 00:00:00+00:00,7.568,7.649,7.503,7.553,16866.6,2026-09-11 03:59:59.999000+00:00,1
2026-09-11 04:00:00+00:00,7.553,7.784,7.553,7.646,17359.34,2026-09-11 07:59:59.999000+00:00,1
2026-09-11 08:00:00+00:00,7.646,7.701,7.431,7.512,24017.95,2026-09-11 11:59:59.999000+00:00,1
2026-09-11 12:00:00+00:00,7.511,8.061,7.344,7.726,86966.27,2026-09-11 15:59:59.999000+00:00,1
2026-09-11 16:00:00+00:00,7.726,7.848,7.555,7.67,29663.98,2026-09-11 19:59:59.999000+00:00,1
2026-09-11 20:00:00+00:00,7.67,7.706,7.543,7.622,17290.84,2026-09-11 23:59:59.999000+00:00,1
2026-09-12 00:00:00+00:00,7.621,7.66,7.6,7.643,10503.36,2026-09-12 03:59:59.999000+00:00,1
2026-09-12 04:00:00+00:00,7.643,7.768,7.618,7.743,13426.35,2026-09-12 07:59:59.999000+00:00,1
2026-09-12 08:00:00+00:00,7.744,7.773,7.674,7.768,10193.98,2026-09-12 11:59:59.999000+00:00,1
2026-09-12 12:00:00+00:00,7.769,7.793,7.718,7.758,10900.81,2026-09-12 15:59:59.999000+00:00,1
2026-09-12 16:00:00+00:00,7.758,7.758,7.614,7.634,8641.25,2026-09-12 19:59:59.999000+00:00,1
2026-09-12 20:00:00+00:00,7.634,7.647,7.562,7.609,11597.63,2026-09-12 23:59:59.999000+00:00,1
2026-09-13 00:00:00+00:00,7.61,7.644,7.538,7.567,13804.72,2026-09-13 03:59:59.999000+00:00,1
2026-09-13 04:00:00+00:00,7.567,7.65,7.561,7.581,8681.16,2026-09-13 07:59:59.999000+00:00,1
2026-09-13 08:00:00+00:00,7.58,7.594,7.46,7.541,25604.26,2026-09-13 11:59:59.999000+00:00,1
2026-09-13 12:00:00+00:00,7.539,7.646,7.494,7.612,12035.34,2026-09-13 15:59:59.999000+00:00,1
2026-09-13 16:00:00+00:00,7.611,7.701,7.571,7.575,8452.79,2026-09-13 19:59:59.999000+00:00,1
2026-09-13 20:00:00+00:00,7.575,7.608,7.371,7.42,13181.48,2026-09-13 23:59:59.999000+00:00,1
2026-09-14 00:00:00+00:00,7.42,7.67,7.398,7.608,19197.03,2026-09-14 03:59:59.999000+00:00,1
2026-09-14 04:00:00+00:00,7.609,7.662,7.575,7.622,7895.2,2026-09-14 07:59:59.999000+00:00,1
2026-09-14 08:00:00+00:00,7.622,7.69,7.598,7.63,13592.37,2026-09-14 11:59:59.999000+00:00,1
2026-09-14 12:00:00+00:00,7.63,7.652,7.533,7.596,17470.85,2026-09-14 15:59:59.999000+00:00,1
2026-09-14 16:00:00+00:00,7.597,7.698,7.573,7.647,12001.99,2026-09-14 19:59:59.999000+00:00,1
2026-09-14 20:00:00+00:00,7.647,7.762,7.543,7.563,13660.69,2026-09-14 23:59:59.999000+00:00,1
2026-09-15 00:00:00+00:00,7.562,7.574,7.452,7.459,13159.65,2026-09-15 03:59:59.999000+00:00,1
2026-09-15 04:00:00+00:00,7.46,7.477,7.376,7.386,13056.63,2026-09-15 07:59:59.999000+00:00,1
2026-09-15 08:00:00+00:00,7.386,7.432,7.352,7.385,10292.93,2026-09-15 11:59:59.999000+00:00,1
2026-09-15 12:00:00+00:00,7.385,7.459,7.226,7.343,25216.1,2026-09-15 15:59:59.999000+00:00,1
2026-09-15 16:00:00+00:00,7.343,7.448,7.074,7.266,28473.7,2026-09-15 19:59:59.999000+00:00,1
2026-09-15 20:00:00+00:00,7.266,7.285,7.092,7.189,25931.85,2026-09-15 23:59:59.999000+00:00,1
2026-09-16 00:00:00+00:00,7.189,7.23,7.107,7.212,11144.78,2026-09-16 03:59:59.999000+00:00,1
2026-09-16 04:00:00+00:00,7.212,7.27,7.155,7.16,9146.03,2026-09-16 07:59:59.999000+00:00,1
2026-09-16 08:00:00+00:00,7.159,7.248,7.118,7.209,8020.66,2026-09-16 11:59:59.999000+00:00,1
2026-09-16 12:00:00+00:00,7.209,7.223,7.102,7.124,14702.47,2026-09-16 15:59:59.999000+00:00,1
2026-09-16 16:00:00+00:00,7.124,7.294,7.075,7.233,32187.86,2026-09-16 19:59:59.999000+00:00,1
2026-09-16 20:00:00+00:00,7.233,7.388,7.219,7.371,19131.95,2026-09-16 23:59:59.999000+00:00,1
2026-09-17 00:00:00+00:00,7.372,7.433,7.324,7.414,18487.34,2026-09-17 03:59:59.999000+00:00,1
2026-09-17 04:00:00+00:00,7.414,7.47,7.352,7.413,16665.84,2026-09-17 07:59:59.999000+00:00,1
2026-09-17 08:00:00+00:00,7.413,7.435,7.314,7.351,17775.63,2026-09-17 11:59:59.999000+00:00,1
2026-09-17 12:00:00+00:00,7.352,7.473,7.306,7.444,21841.9,2026-09-17 15:59:59.999000+00:00,1
2026-09-17 16:00:00+00:00,7.444,7.465,7.373,7.417,14851.46,2026-09-17 19:59:59.999000+00:00,1
2026-09-17 20:00:00+00:00,7.417,7.532,7.389,7.505,12691.71,2026-09-17 23:59:59.999000+00:00,1
2026-09-18 00:00:00+00:00,7.505,7.9,7.457,7.866,34666.03,2026-09-18 03:59:59.999000+00:00,1
2026-09-18 04:00:00+00:00,7.866,7.88,7.755,7.822,21749.56,2026-09-18 07:59:59.999000+00:00,1
2026-09-18 08:00:00+00:00,7.823,7.96,7.791,7.891,25495.99,2026-09-18 11:59:59.999000+00:00,1
2026-09-18 12:00:00+00:00,7.891,8.131,7.861,8.083,33364.32,2026-09-18 15:59:59.999000+00:00,1
2026-09-18 16:00:00+00:00,8.081,8.242,8.081,8.227,18328.57,2026-09-18 19:59:59.999000+00:00,1
2026-09-18 20:00:00+00:00,8.227,8.243,8.112,8.16,18217.96,2026-09-18 23:59:59.999000+00:00,1
2026-09-19 00:00:00+00:00,8.16,8.35,8.147,8.311,25775.83,2026-09-19 03:59:59.999000+00:00,1
2026-09-19 04:00:00+00:00,8.311,8.343,8.121,8.18,24218.98,2026-09-19 07:59:59.999000+00:00,1
2026-09-19 08:00:00+00:00,8.181,8.613,8.166,8.513,33188.32,2026-09-19 11:59:59.999000+00:00,1
2026-09-19 12:00:00+00:00,8.513,8.538,8.356,8.399,18173.8,2026-09-19 15:59:59.999000+00:00,1
2026-09-19 16:00:00+00:00,8.402,8.605,8.381,8.546,20554.45,2026-09-19 19:59:59.999000+00:00,1
2026-09-19 20:00:00+00:00,8.547,8.59,8.396,8.577,15743.46,2026-09-19 23:59:59.999000+00:00,1
2026-09-20 00:00:00+00:00,8.576,8.789,8.205,8.311,69377.34,2026-09-20 03:59:59.999000+00:00,1
2026-09-20 04:00:00+00:00,8.311,8.36,8.245,8.279,14258.21,2026-09-20 07:59:59.999000+00:00,1
2026-09-20 08:00:00+00:00,8.28,8.394,8.236,8.335,11936.23,2026-09-20 11:59:59.999000+00:00,1
2026-09-20 12:00:00+00:00,8.336,8.455,8.207,8.436,22934.95,2026-09-20 15:59:59.999000+00:00,1
2026-09-20 16:00:00+00:00,8.436,8.648,8.41,8.504,33388.11,2026-09-20 19:59:59.999000+00:00,1
2026-09-20 20:00:00+00:00,8.504,8.568,8.356,8.518,14002.25,2026-09-20 23:59:59.999000+00:00,1
2026-09-21 00:00:00+00:00,8.518,8.692,8.391,8.536,27976.51,2026-09-21 03:59:59.999000+00:00,1
2026-09-21 04:00:00+00:00,8.536,8.623,8.456,8.549,17618.32,2026-09-21 07:59:59.999000+00:00,1
2026-09-21 08:00:00+00:00,8.55,8.818,8.532,8.743,43544.79,2026-09-21 11:59:59.999000+00:00,1
2026-09-21 12:00:00+00:00,8.743,8.87,8.643,8.797,40010.29,2026-09-21 15:59:59.999000+00:00,1
2026-09-21 16:00:00+00:00,8.796,9.002,8.711,8.811,39848.42,2026-09-21 19:59:59.999000+00:00,1
2026-09-21 20:00:00+00:00,8.812,8.973,8.758,8.894,22747.2,2026-09-21 23:59:59.999000+00:00,1
2026-09-22 00:00:00+00:00,8.894,8.977,8.716,8.846,33302.37,2026-09-22 03:59:59.999000+00:00,1
2026-09-22 04:00:00+00:00,8.847,8.934,8.615,8.738,22927.5,2026-09-22 07:59:59.999000+00:00,1
2026-09-22 08:00:00+00:00,8.739,8.852,8.519,8.702,27029.42,2026-09-22 11:59:59.999000+00:00,1
2026-09-22 12:00:00+00:00,8.703,9.35,8.65,9.323,130324.6,2026-09-22 15:59:59.999000+00:00,1
2026-09-22 16:00:00+00:00,9.323,9.377,9.06,9.245,43186.63,2026-09-22 19:59:59.999000+00:00,1
2026-09-22 20:00:00+00:00,9.243,9.509,9.201,9.435,36084.65,2026-09-22 23:59:59.999000+00:00,1
2026-09-23 00:00:00+00:00,9.435,9.673,9.337,9.528,65341.89,2026-09-23 03:59:59.999000+00:00,1
2026-09-23 04:00:00+00:00,9.528,9.6,9.351,9.445,38070.66,2026-09-23 07:59:59.999000+00:00,1
2026-09-23 08:00:00+00:00,9.445,9.605,9.262,9.329,54311.48,2026-09-23 11:59:59.999000+00:00,1
2026-09-23 12:00:00+00:00,9.328,9.515,8.724,8.759,125581.89,2026-09-23 15:59:59.999000+00:00,1
2026-09-23 16:00:00+00:00,8.759,8.856,8.581,8.784,52225.82,2026-09-23 19:59:59.999000+00:00,1
2026-09-23 20:00:00+00:00,8.784,8.798,8.659,8.728,14813.99,2026-09-23 23:59:59.999000+00:00,1
2026-09-24 00:00:00+00:00,8.728,9.2,8.645,9.096,50538.94,2026-09-24 03:59:59.999000+00:00,1
2026-09-24 04:00:00+00:00,9.095,9.386,9.012,9.292,33941.52,2026-09-24 07:59:59.999000+00:00,0
