ts,open,high,low,close,volume,close_time,confirm
2026-03-28 00:00:00+00:00,0.08905,0.08919,0.08828,0.08872,65922.1,2026-03-28 03:59:59.999000+00:00,1
2026-03-28 04:00:00+00:00,0.08873,0.09026,0.08846,0.09024,101762.6,2026-03-28 07:59:59.999000+00:00,1
2026-03-28 08:00:00+00:00,0.09023,0.09044,0.08939,0.09015,85946.7,2026-03-28 11:59:59.999000+00:00,1
2026-03-28 12:00:00+00:00,0.09014,0.09188,0.08992,0.09127,194709.4,2026-03-28 15:59:59.999000+00:00,1
2026-03-28 16:00:00+00:00,0.09127,0.09139,0.09046,0.09061,53246.7,2026-03-28 19:59:59.999000+00:00,1
2026-03-28 20:00:00+00:00,0.09062,0.09093,0.08957,0.08977,73524.3,2026-03-28 23:59:59.999000+00:00,1
2026-03-29 00:00:00+00:00,0.08978,0.09036,0.08942,0.09008,92794.2,2026-03-29 03:59:59.999000+00:00,1
2026-03-29 04:00:00+00:00,0.09009,0.09012,0.08916,0.08922,39844.5,2026-03-29 07:59:59.999000+00:00,1
2026-03-29 08:00:00+00:00,0.08923,0.08969,0.08878,0.0894,43347.4,2026-03-29 11:59:59.999000+00:00,1
2026-03-29 12:00:00+00:00,0.08941,0.08944,0.08847,0.08879,92426.3,2026-03-29 15:59:59.999000+00:00,1
2026-03-29 16:00:00+00:00,0.08879,0.089,0.08809,0.08813,59935.6,2026-03-29 19:59:59.999000+00:00,1
2026-03-29 20:00:00+00:00,0.08814,0.08878,0.08601,0.08799,251636.9,2026-03-29 23:59:59.999000+00:00,1
2026-03-30 00:00:00+00:00,0.08799,0.08999,0.08778,0.08955,114802.5,2026-03-30 03:59:59.999000+00:00,1
2026-03-30 04:00:00+00:00,0.08956,0.09031,0.08931,0.09016,65075.9,2026-03-30 07:59:59.999000+00:00,1
2026-03-30 08:00:00+00:00,0.09016,0.09092,0.0894,0.08983,103932.4,2026-03-30 11:59:59.999000+00:00,1
2026-03-30 12:00:00+00:00,0.08983,0.0901,0.08869,0.08916,144766.2,2026-03-30 15:59:59.999000+00:00,1
2026-03-30 16:00:00+00:00,0.08915,0.08948,0.0869,0.08724,133073.0,2026-03-30 19:59:59.999000+00:00,1
2026-03-30 20:00:00+00:00,0.08724,0.08837,0.08694,0.08718,97528.2,2026-03-30 23:59:59.999000+00:00,1
2026-03-31 00:00:00+00:00,0.08719,0.08838,0.08674,0.08713,122278.7,2026-03-31 03:59:59.999000+00:00,1
2026-03-31 04:00:00+00:00,0.08713,0.08723,0.08534,0.0855,171706.5,2026-03-31 07:59:59.999000+00:00,1
2026-03-31 08:00:00+00:00,0.0855,0.0856,0.0846,0.08504,201072.3,2026-03-31 11:59:59.999000+00:00,1
2026-03-31 12:00:00+00:00,0.08504,0.08623,0.08348,0.08378,421708.8,2026-03-31 15:59:59.999000+00:00,1
2026-03-31 16:00:00+00:00,0.08379,0.08779,0.08376,0.08739,315261.2,2026-03-31 19:59:59.999000+00:00,1
2026-03-31 20:00:00+00:00,0.0874,0.08822,0.08686,0.08758,121392.4,2026-03-31 23:59:59.999000+00:00,1
2026-04-01 00:00:00+00:00,0.08758,0.08894,0.08742,0.08882,174550.1,2026-04-01 03:59:59.999000+00:00,1
2026-04-01 04:00:00+00:00,0.08881,0.09121,0.0888,0.08994,203053.8,2026-04-01 07:59:59.999000+00:00,1
2026-04-01 08:00:00+00:00,0.08993,0.09035,0.08942,0.09018,103830.0,2026-04-01 11:59:59.999000+00:00,1
2026-04-01 12:00:00+00:00,0.09018,0.09098,0.08917,0.08956,215868.7,2026-04-01 15:59:59.999000+00:00,1
2026-04-01 16:00:00+00:00,0.08955,0.09004,0.08901,0.08934,204520.8,2026-04-01 19:59:59.999000+00:00,1
2026-04-01 20:00:00+00:00,0.08934,0.08999,0.08823,0.0884,83801.9,2026-04-01 23:59:59.999000+00:00,1
2026-04-02 00:00:00+00:00,0.0884,0.0895,0.08573,0.08601,300681.5,2026-04-02 03:59:59.999000+00:00,1
2026-04-02 04:00:00+00:00,0.086,0.08725,0.08568,0.08705,177404.1,2026-04-02 07:59:59.999000+00:00,1
2026-04-02 08:00:00+00:00,0.08704,0.08711,0.0857,0.08587,71530.5,2026-04-02 11:59:59.999000+00:00,1
2026-04-02 12:00:00+00:00,0.08587,0.08713,0.0848,0.0869,197059.5,2026-04-02 15:59:59.999000+00:00,1
2026-04-02 16:00:00+00:00,0.0869,0.08784,0.08632,0.08741,120031.3,2026-04-02 19:59:59.999000+00:00,1
2026-04-02 20:00:00+00:00,0.08741,0.08804,0.08713,0.08794,64452.6,2026-04-02 23:59:59.999000+00:00,1
2026-04-03 00:00:00+00:00,0.08795,0.08908,0.08773,0.0887,154483.3,2026-04-03 03:59:59.999000+00:00,1
2026-04-03 04:00:00+00:00,0.08869,0.0903,0.08857,0.08992,148491.6,2026-04-03 07:59:59.999000+00:00,1
2026-04-03 08:00:00+00:00,0.08993,0.08995,0.08837,0.08886,127500.1,2026-04-03 11:59:59.999000+00:00,1
2026-04-03 12:00:00+00:00,0.08886,0.08943,0.0874,0.08758,125149.7,2026-04-03 15:59:59.999000+00:00,1
2026-04-03 16:00:00+00:00,0.08758,0.08827,0.08736,0.08761,96738.8,2026-04-03 19:59:59.999000+00:00,1
2026-04-03 20:00:00+00:00,0.08762,0.08775,0.08718,0.08765,38368.7,2026-04-03 23:59:59.999000+00:00,1
2026-04-04 00:00:00+00:00,0.08765,0.08771,0.08705,0.08741,83191.0,2026-04-04 03:59:59.999000+00:00,1
2026-04-04 04:00:00+00:00,0.08741,0.08781,0.08722,0.08731,135702.9,2026-04-04 07:59:59.999000+00:00,1
2026-04-04 08:00:00+00:00,0.08731,0.08736,0.08677,0.08708,30650.7,2026-04-04 11:59:59.999000+00:00,1
2026-04-04 12:00:00+00:00,0.08708,0.08733,0.08662,0.08697,104914.8,2026-04-04 15:59:59.999000+00:00,1
2026-04-04 16:00:00+00:00,0.08697,0.08781,0.08668,0.08727,92956.7,2026-04-04 19:59:59.999000+00:00,1
2026-04-04 20:00:00+00:00,0.08727,0.08748,0.08705,0.08743,50172.7,2026-04-04 23:59:59.999000+00:00,1
2026-04-05 00:00:00+00:00,0.08743,0.08797,0.08709,0.08774,113279.9,2026-04-05 03:59:59.999000+00:00,1
2026-04-05 04:00:00+00:00,0.08773,0.08784,0.08623,0.0864,66311.9,2026-04-05 07:59:59.999000+00:00,1
2026-04-05 08:00:00+00:00,0.0864,0.08714,0.08623,0.08665,29906.1,2026-04-05 11:59:59.999000+00:00,1
2026-04-05 12:00:00+00:00,0.08664,0.08727,0.08596,0.08674,107129.3,2026-04-05 15:59:59.999000+00:00,1
2026-04-05 16:00:00+00:00,0.08674,0.08711,0.0866,0.08678,34074.4,2026-04-05 19:59:59.999000+00:00,1
2026-04-05 20:00:00+00:00,0.08678,0.08813,0.08629,0.08796,113994.5,2026-04-05 23:59:59.999000+00:00,1
2026-04-06 00:00:00+00:00,0.08796,0.08919,0.08758,0.08893,152547.5,2026-04-06 03:59:59.999000+00:00,1
2026-04-06 04:00:00+00:00,0.08894,0.08933,0.08815,0.08859,95072.4,2026-04-06 07:59:59.999000+00:00,1
2026-04-06 08:00:00+00:00,0.0886,0.0901,0.08846,0.08953,179131.2,2026-04-06 11:59:59.999000+00:00,1
2026-04-06 12:00:00+00:00,0.08953,0.08964,0.0884,0.08893,101029.7,2026-04-06 15:59:59.999000+00:00,1
2026-04-06 16:00:00+00:00,0.08894,0.08908,0.08803,0.08835,45617.5,2026-04-06 19:59:59.999000+00:00,1
2026-04-06 20:00:00+00:00,0.08837,0.08848,0.08686,0.08734,114298.6,2026-04-06 23:59:59.999000+00:00,1
2026-04-07 00:00:00+00:00,0.08733,0.08765,0.08667,0.08677,63748.7,2026-04-07 03:59:59.999000+00:00,1
2026-04-07 04:00:00+00:00,0.08675,0.08696,0.08607,0.08658,71396.3,2026-04-07 07:59:59.999000+00:00,1
2026-04-07 08:00:00+00:00,0.08658,0.08739,0.086,0.08619,63920.2,2026-04-07 11:59:59.999000+00:00,1
2026-04-07 12:00:00+00:00,0.08618,0.08664,0.08574,0.08604,146528.2,2026-04-07 15:59:59.999000+00:00,1
2026-04-07 16:00:00+00:00,0.08603,0.08708,0.08582,0.08708,119751.0,2026-04-07 19:59:59.999000+00:00,1
2026-04-07 20:00:00+00:00,0.08708,0.09285,0.08687,0.09181,519400.2,2026-04-07 23:59:59.999000+00:00,1
2026-04-08 00:00:00+00:00,0.09182,0.09433,0.09181,0.09345,353475.2,2026-04-08 03:59:59.999000+00:00,1
2026-04-08 04:00:00+00:00,0.09344,0.09482,0.09104,0.09145,349429.5,2026-04-08 07:59:59.999000+00:00,1
2026-04-08 08:00:00+00:00,0.09145,0.09243,0.09049,0.09153,275878.0,2026-04-08 11:59:59.999000+00:00,1
2026-04-08 12:00:00+00:00,0.09153,0.09221,0.08963,0.09066,155775.7,2026-04-08 15:59:59.999000+00:00,1
2026-04-08 16:00:00+00:00,0.09066,0.09075,0.08916,0.08931,104848.7,2026-04-08 19:59:59.999000+00:00,1
2026-04-08 20:00:00+00:00,0.08931,0.08949,0.08842,0.08894,97376.0,2026-04-08 23:59:59.999000+00:00,1
2026-04-09 00:00:00+00:00,0.08893,0.08984,0.08758,0.08963,122397.4,2026-04-09 03:59:59.999000+00:00,1
2026-04-09 04:00:00+00:00,0.08963,0.08972,0.08882,0.08882,57973.6,2026-04-09 07:59:59.999000+00:00,1
2026-04-09 08:00:00+00:00,0.08881,0.08892,0.08802,0.08804,60505.3,2026-04-09 11:59:59.999000+00:00,1
2026-04-09 12:00:00+00:00,0.08803,0.09097,0.08791,0.09019,328092.0,2026-04-09 15:59:59.999000+00:00,1
2026-04-09 16:00:00+00:00,0.09019,0.09057,0.08939,0.09016,171220.7,2026-04-09 19:59:59.999000+00:00,1
2026-04-09 20:00:00+00:00,0.09017,0.09164,0.08926,0.08932,130938.6,2026-04-09 23:59:59.999000+00:00,1
2026-04-10 00:00:00+00:00,0.08931,0.08989,0.08828,0.08837,183037.8,2026-04-10 03:59:59.999000+00:00,1
2026-04-10 04:00:00+00:00,0.08837,0.08873,0.08783,0.08797,98992.2,2026-04-10 07:59:59.999000+00:00,1
2026-04-10 08:00:00+00:00,0.08798,0.08874,0.08767,0.08828,84055.4,2026-04-10 11:59:59.999000+00:00,1
2026-04-10 12:00:00+00:00,0.08828,0.08997,0.08798,0.08902,188240.5,2026-04-10 15:59:59.999000+00:00,1
2026-04-10 16:00:00+00:00,0.08903,0.09029,0.08885,0.09026,121126.1,2026-04-10 19:59:59.999000+00:00,1
2026-04-10 20:00:00+00:00,0.09027,0.09043,0.08931,0.08945,69377.4,2026-04-10 23:59:59.999000+00:00,1
2026-04-11 00:00:00+00:00,0.08945,0.08958,0.08816,0.0882,86024.2,2026-04-11 03:59:59.999000+00:00,1
2026-04-11 04:00:00+00:00,0.0882,0.08827,0.0878,0.08806,58183.9,2026-04-11 07:59:59.999000+00:00,1
2026-04-11 08:00:00+00:00,0.08807,0.08839,0.08782,0.08811,44900.5,2026-04-11 11:59:59.999000+00:00,1
2026-04-11 12:00:00+00:00,0.0881,0.08853,0.08787,0.08807,52762.4,2026-04-11 15:59:59.999000+00:00,1
2026-04-11 16:00:00+00:00,0.08806,0.08963,0.0879,0.08963,80025.8,2026-04-11 19:59:59.999000+00:00,1
2026-04-11 20:00:00+00:00,0.08963,0.08978,0.08784,0.08824,105845.6,2026-04-11 23:59:59.999000+00:00,1
2026-04-12 00:00:00+00:00,0.08824,0.08853,0.08659,0.08678,236328.5,2026-04-12 03:59:59.999000+00:00,1
2026-04-12 04:00:00+00:00,0.08677,0.08687,0.0859,0.08622,89711.6,2026-04-12 07:59:59.999000+00:00,1
2026-04-12 08:00:00+00:00,0.08624,0.08628,0.08577,0.08598,40164.2,2026-04-12 11:59:59.999000+00:00,1
2026-04-12 12:00:00+00:00,0.08597,0.08599,0.08497,0.08547,67170.5,2026-04-12 15:59:59.999000+00:00,1
2026-04-12 16:00:00+00:00,0.08547,0.08658,0.0854,0.08602,58239.2,2026-04-12 19:59:59.999000+00:00,1
2026-04-12 20:00:00+00:00,0.08603,0.08648,0.08505,0.08509,67584.1,2026-04-12 23:59:59.999000+00:00,1
2026-04-13 00:00:00+00:00,0.08511,0.08579,0.08491,0.08505,50853.6,2026-04-13 03:59:59.999000+00:00,1
2026-04-13 04:00:00+00:00,0.08504,0.08588,0.08467,0.08496,74914.4,2026-04-13 07:59:59.999000+00:00,1
2026-04-13 08:00:00+00:00,0.08496,0.08525,0.08432,0.08473,114195.3,2026-04-13 11:59:59.999000+00:00,1
2026-04-13 12:00:00+00:00,0.08474,0.08631,0.08467,0.08492,244612.6,2026-04-13 15:59:59.999000+00:00,1
2026-04-13 16:00:00+00:00,0.08493,0.08615,0.08444,0.08605,184573.7,2026-04-13 19:59:59.999000+00:00,1
2026-04-13 20:00:00+00:00,0.08604,0.08802,0.08512,0.08773,261907.6,2026-04-13 23:59:59.999000+00:00,1
2026-04-14 00:00:00+00:00,0.08773,0.08778,0.08631,0.08653,84126.1,2026-04-14 03:59:59.999000+00:00,1
2026-04-14 04:00:00+00:00,0.08654,0.08668,0.08573,0.08634,69436.0,2026-04-14 07:59:59.999000+00:00,1
2026-04-14 08:00:00+00:00,0.08633,0.08698,0.0863,0.08647,73669.2,2026-04-14 11:59:59.999000+00:00,1
2026-04-14 12:00:00+00:00,0.08646,0.08771,0.08585,0.08605,174043.0,2026-04-14 15:59:59.999000+00:00,1
2026-04-14 16:00:00+00:00,0.08605,0.08623,0.08448,0.08492,168619.9,2026-04-14 19:59:59.999000+00:00,1
2026-04-14 20:00:00+00:00,0.08492,0.08506,0.08431,0.08496,67463.5,2026-04-14 23:59:59.999000+00:00,1
2026-04-15 00:00:00+00:00,0.08497,0.08576,0.08493,0.08512,51908.0,2026-04-15 03:59:59.999000+00:00,1
2026-04-15 04:00:00+00:00,0.08514,0.0857,0.08471,0.08498,81169.0,2026-04-15 07:59:59.999000+00:00,1
2026-04-15 08:00:00+00:00,0.08498,0.08608,0.08494,0.08575,72698.1,2026-04-15 11:59:59.999000+00:00,1
2026-04-15 12:00:00+00:00,0.08576,0.08659,0.08548,0.08577,108131.7,2026-04-15 15:59:59.999000+00:00,1
2026-04-15 16:00:00+00:00,0.08577,0.08739,0.0856,0.08701,117370.4,2026-04-15 19:59:59.999000+00:00,1
2026-04-15 20:00:00+00:00,0.08701,0.08734,0.08608,0.08704,116857.8,2026-04-15 23:59:59.999000+00:00,1
2026-04-16 00:00:00+00:00,0.08704,0.08763,0.08625,0.0875,85854.3,2026-04-16 03:59:59.999000+00:00,1
2026-04-16 04:00:00+00:00,0.08749,0.08831,0.08733,0.08804,101697.0,2026-04-16 07:59:59.999000+00:00,1
2026-04-16 08:00:00+00:00,0.08804,0.08867,0.0871,0.08753,126632.3,2026-04-16 11:59:59.999000+00:00,1
2026-04-16 12:00:00+00:00,0.08754,0.08919,0.08673,0.08864,207967.5,2026-04-16 15:59:59.999000+00:00,1
2026-04-16 16:00:00+00:00,0.08864,0.0908,0.08776,0.09079,235674.8,2026-04-16 19:59:59.999000+00:00,1
2026-04-16 20:00:00+00:00,0.09079,0.09156,0.08971,0.09061,242587.0,2026-04-16 23:59:59.999000+00:00,1
2026-04-17 00:00:00+00:00,0.0906,0.09082,0.08899,0.08912,140349.5,2026-04-17 03:59:59.999000+00:00,1
2026-04-17 04:00:00+00:00,0.08912,0.09129,0.08849,0.09103,126003.1,2026-04-17 07:59:59.999000+00:00,1
2026-04-17 08:00:00+00:00,0.09104,0.09176,0.09001,0.09095,151962.9,2026-04-17 11:59:59.999000+00:00,1
2026-04-17 12:00:00+00:00,0.09095,0.09343,0.09079,0.09222,359473.5,2026-04-17 15:59:59.999000+00:00,1
2026-04-17 16:00:00+00:00,0.09223,0.09293,0.09013,0.09082,201558.0,2026-04-17 19:59:59.999000+00:00,1
2026-04-17 20:00:00+00:00,0.09081,0.0914,0.09012,0.09061,85800.9,2026-04-17 23:59:59.999000+00:00,1
2026-04-18 00:00:00+00:00,0.09061,0.091,0.08984,0.08997,70859.2,2026-04-18 03:59:59.999000+00:00,1
2026-04-18 04:00:00+00:00,0.08996,0.09024,0.08933,0.09013,95908.8,2026-04-18 07:59:59.999000+00:00,1
2026-04-18 08:00:00+00:00,0.09012,0.09016,0.08782,0.08848,143624.4,2026-04-18 11:59:59.999000+00:00,1
2026-04-18 12:00:00+00:00,0.08848,0.08946,0.08835,0.08914,93781.4,2026-04-18 15:59:59.999000+00:00,1
2026-04-18 16:00:00+00:00,0.08914,0.08942,0.08821,0.08872,70425.1,2026-04-18 19:59:59.999000+00:00,1
2026-04-18 20:00:00+00:00,0.08871,0.08935,0.08849,0.08869,36225.2,2026-04-18 23:59:59.999000+00:00,1
2026-04-19 00:00:00+00:00,0.08869,0.08888,0.08776,0.08786,72294.1,2026-04-19 03:59:59.999000+00:00,1
2026-04-19 04:00:00+00:00,0.08787,0.08875,0.08741,0.08821,100164.6,2026-04-19 07:59:59.999000+00:00,1
2026-04-19 08:00:00+00:00,0.08819,0.08831,0.08727,0.08812,72462.2,2026-04-19 11:59:59.999000+00:00,1
2026-04-19 12:00:00+00:00,0.08812,0.08956,0.0881,0.08892,89906.2,2026-04-19 15:59:59.999000+00:00,1
2026-04-19 16:00:00+00:00,0.08893,0.08901,0.08758,0.08834,71853.5,2026-04-19 19:59:59.999000+00:00,1
2026-04-19 20:00:00+00:00,0.08834,0.08844,0.08686,0.08715,91465.4,2026-04-19 23:59:59.999000+00:00,1
2026-04-20 00:00:00+00:00,0.08716,0.08859,0.08709,0.08855,74850.6,2026-04-20 03:59:59.999000+00:00,1
2026-04-20 04:00:00+00:00,0.08855,0.08965,0.08795,0.08894,97467.8,2026-04-20 07:59:59.999000+00:00,1
2026-04-20 08:00:00+00:00,0.08895,0.08919,0.08851,0.08856,67202.0,2026-04-20 11:59:59.999000+00:00,1
2026-04-20 12:00:00+00:00,0.08856,0.08984,0.088,0.08982,189565.0,2026-04-20 15:59:59.999000+00:00,1
2026-04-20 16:00:00+00:00,0.08982,0.09054,0.08917,0.08957,158206.8,2026-04-20 19:59:59.999000+00:00,1
2026-04-20 20:00:00+00:00,0.08958,0.08974,0.08906,0.08965,59913.9,2026-04-20 23:59:59.999000+00:00,1
2026-04-21 00:00:00+00:00,0.08966,0.09002,0.08898,0.08922,63503.6,2026-04-21 03:59:59.999000+00:00,1
2026-04-21 04:00:00+00:00,0.08922,0.09062,0.08919,0.09049,46009.4,2026-04-21 07:59:59.999000+00:00,1
2026-04-21 08:00:00+00:00,0.09049,0.09134,0.09033,0.0909,96240.9,2026-04-21 11:59:59.999000+00:00,1
2026-04-21 12:00:00+00:00,0.09091,0.09116,0.08955,0.09036,135652.3,2026-04-21 15:59:59.999000+00:00,1
2026-04-21 16:00:00+00:00,0.09035,0.09056,0.08866,0.08892,118702.0,2026-04-21 19:59:59.999000+00:00,1
2026-04-21 20:00:00+00:00,0.08891,0.09042,0.08884,0.09028,61215.3,2026-04-21 23:59:59.999000+00:00,1
2026-04-22 00:00:00+00:00,0.09029,0.09099,0.08979,0.09076,76855.7,2026-04-22 03:59:59.999000+00:00,1
2026-04-22 04:00:00+00:00,0.09075,0.09132,0.09027,0.09074,99180.7,2026-04-22 07:59:59.999000+00:00,1
2026-04-22 08:00:00+00:00,0.09076,0.09119,0.09066,0.09116,47376.9,2026-04-22 11:59:59.999000+00:00,1
2026-04-22 12:00:00+00:00,0.09117,0.09345,0.09075,0.09266,413410.1,2026-04-22 15:59:59.999000+00:00,1
2026-04-22 16:00:00+00:00,0.09267,0.09336,0.09114,0.09154,270631.6,2026-04-22 19:59:59.999000+00:00,1
2026-04-22 20:00:00+00:00,0.09154,0.09167,0.09035,0.09072,142038.5,2026-04-22 23:59:59.999000+00:00,1
2026-04-23 00:00:00+00:00,0.09073,0.09115,0.09004,0.09051,267783.6,2026-04-23 03:59:59.999000+00:00,1
2026-04-23 04:00:00+00:00,0.09049,0.09129,0.09026,0.09074,79402.7,2026-04-23 07:59:59.999000+00:00,1
2026-04-23 08:00:00+00:00,0.09074,0.09092,0.08965,0.09058,89312.4,2026-04-23 11:59:59.999000+00:00,1
2026-04-23 12:00:00+00:00,0.09057,0.09139,0.09034,0.09087,124906.1,2026-04-23 15:59:59.999000+00:00,1
2026-04-23 16:00:00+00:00,0.09088,0.091,0.08975,0.09005,113860.8,2026-04-23 19:59:59.999000+00:00,1
2026-04-23 20:00:00+00:00,0.09006,0.09099,0.09002,0.09075,36750.9,2026-04-23 23:59:59.999000+00:00,1
2026-04-24 00:00:00+00:00,0.09075,0.09114,0.09021,0.09042,74437.3,2026-04-24 03:59:59.999000+00:00,1
2026-04-24 04:00:00+00:00,0.09042,0.0908,0.09015,0.09055,35666.8,2026-04-24 07:59:59.999000+00:00,1
2026-04-24 08:00:00+00:00,0.09056,0.09165,0.09002,0.09126,67478.5,2026-04-24 11:59:59.999000+00:00,1
2026-04-24 12:00:00+00:00,0.09126,0.09153,0.09017,0.09152,126229.7,2026-04-24 15:59:59.999000+00:00,1
2026-04-24 16:00:00+00:00,0.09153,0.09153,0.09081,0.09116,51664.9,2026-04-24 19:59:59.999000+00:00,1
2026-04-24 20:00:00+00:00,0.09116,0.09219,0.0908,0.09085,126182.5,2026-04-24 23:59:59.999000+00:00,1
2026-04-25 00:00:00+00:00,0.09086,0.09123,0.09059,0.0912,51967.6,2026-04-25 03:59:59.999000+00:00,1
2026-04-25 04:00:00+00:00,0.0912,0.09149,0.09086,0.09126,27047.3,2026-04-25 07:59:59.999000+00:00,1
2026-04-25 08:00:00+00:00,0.09127,0.09211,0.09112,0.09134,91319.2,2026-04-25 11:59:59.999000+00:00,1
2026-04-25 12:00:00+00:00,0.09135,0.0917,0.09099,0.09128,52531.3,2026-04-25 15:59:59.999000+00:00,1
2026-04-25 16:00:00+00:00,0.09128,0.09154,0.09007,0.09054,63632.8,2026-04-25 19:59:59.999000+00:00,1
2026-04-25 20:00:00+00:00,0.09054,0.09129,0.09049,0.09116,48675.0,2026-04-25 23:59:59.999000+00:00,1
2026-04-26 00:00:00+00:00,0.09115,0.09148,0.0905,0.0913,73996.5,2026-04-26 03:59:59.999000+00:00,1
2026-04-26 04:00:00+00:00,0.0913,0.0925,0.09127,0.09221,99782.4,2026-04-26 07:59:59.999000+00:00,1
2026-04-26 08:00:00+00:00,0.09222,0.09283,0.09196,0.0928,58628.7,2026-04-26 11:59:59.999000+00:00,1
2026-04-26 12:00:00+00:00,0.0928,0.09296,0.09146,0.09283,161059.2,2026-04-26 15:59:59.999000+00:00,1
2026-04-26 16:00:00+00:00,0.09284,0.09313,0.09251,0.09251,67399.6,2026-04-26 19:59:59.999000+00:00,1
2026-04-26 20:00:00+00:00,0.09252,0.09272,0.09174,0.09223,89768.7,2026-04-26 23:59:59.999000+00:00,1
2026-04-27 00:00:00+00:00,0.09223,0.09305,0.09196,0.09267,218297.8,2026-04-27 03:59:59.999000+00:00,1
2026-04-27 04:00:00+00:00,0.09266,0.0927,0.09033,0.09061,124831.3,2026-04-27 07:59:59.999000+00:00,1
2026-04-27 08:00:00+00:00,0.0906,0.09116,0.09042,0.09087,62316.8,2026-04-27 11:59:59.999000+00:00,1
2026-04-27 12:00:00+00:00,0.09087,0.09128,0.08883,0.08909,408969.9,2026-04-27 15:59:59.999000+00:00,1
2026-04-27 16:00:00+00:00,0.08908,0.08988,0.08898,0.08927,142160.3,2026-04-27 19:59:59.999000+00:00,1
2026-04-27 20:00:00+00:00,0.08927,0.08978,0.08897,0.08966,64477.4,2026-04-27 23:59:59.999000+00:00,1
2026-04-28 00:00:00+00:00,0.08966,0.08967,0.08881,0.08892,55049.0,2026-04-28 03:59:59.999000+00:00,1
2026-04-28 04:00:00+00:00,0.08893,0.08935,0.08851,0.08913,74303.3,2026-04-28 07:59:59.999000+00:00,1
2026-04-28 08:00:00+00:00,0.08913,0.08925,0.08857,0.08876,49172.1,2026-04-28 11:59:59.999000+00:00,1
2026-04-28 12:00:00+00:00,0.08876,0.08928,0.0881,0.08922,170701.7,2026-04-28 15:59:59.999000+00:00,1
2026-04-28 16:00:00+00:00,0.08922,0.08937,0.08868,0.08914,136504.5,2026-04-28 19:59:59.999000+00:00,1
2026-04-28 20:00:00+00:00,0.08914,0.08922,0.08876,0.08884,45725.3,2026-04-28 23:59:59.999000+00:00,1
2026-04-29 00:00:00+00:00,0.08885,0.08996,0.08881,0.08995,69804.0,2026-04-29 03:59:59.999000+00:00,1
2026-04-29 04:00:00+00:00,0.08994,0.0904,0.08967,0.0899,105775.1,2026-04-29 07:59:59.999000+00:00,1
2026-04-29 08:00:00+00:00,0.0899,0.09104,0.08969,0.09016,100313.7,2026-04-29 11:59:59.999000+00:00,1
2026-04-29 12:00:00+00:00,0.09016,0.09017,0.08835,0.08852,221248.7,2026-04-29 15:59:59.999000+00:00,1
2026-04-29 16:00:00+00:00,0.08853,0.08888,0.08691,0.08784,177548.1,2026-04-29 19:59:59.999000+00:00,1
2026-04-29 20:00:00+00:00,0.08785,0.08896,0.08785,0.08862,68085.2,2026-04-29 23:59:59.999000+00:00,1
2026-04-30 00:00:00+00:00,0.08863,0.08925,0.0883,0.08841,75950.6,2026-04-30 03:59:59.999000+00:00,1
2026-04-30 04:00:00+00:00,0.0884,0.08846,0.08762,0.08841,46972.2,2026-04-30 07:59:59.999000+00:00,1
2026-04-30 08:00:00+00:00,0.08842,0.08877,0.08798,0.08829,45540.9,2026-04-30 11:59:59.999000+00:00,1
2026-04-30 12:00:00+00:00,0.08828,0.08864,0.08768,0.08805,188569.7,2026-04-30 15:59:59.999000+00:00,1
2026-04-30 16:00:00+00:00,0.08804,0.08819,0.08745,0.08752,60565.6,2026-04-30 19:59:59.999000+00:00,1
2026-04-30 20:00:00+00:00,0.08751,0.08781,0.08722,0.0873,47012.0,2026-04-30 23:59:59.999000+00:00,1
2026-05-01 00:00:00+00:00,0.0873,0.0883,0.0873,0.08796,71698.1,2026-05-01 03:59:59.999000+00:00,1
2026-05-01 04:00:00+00:00,0.08797,0.08821,0.0876,0.08786,40514.6,2026-05-01 07:59:59.999000+00:00,1
2026-05-01 08:00:00+00:00,0.08786,0.08811,0.08745,0.08762,36992.8,2026-05-01 11:59:59.999000+00:00,1
2026-05-01 12:00:00+00:00,0.08762,0.08857,0.08758,0.08817,168381.1,2026-05-01 15:59:59.999000+00:00,1
2026-05-01 16:00:00+00:00,0.08816,0.08834,0.08775,0.08784,57516.7,2026-05-01 19:59:59.999000+00:00,1
2026-05-01 20:00:00+00:00,0.08785,0.08847,0.08762,0.08808,74634.5,2026-05-01 23:59:59.999000+00:00,1
2026-05-02 00:00:00+00:00,0.08809,0.08834,0.08777,0.08797,75342.1,2026-05-02 03:59:59.999000+00:00,1
2026-05-02 04:00:00+00:00,0.08796,0.08804,0.08751,0.08773,33222.2,2026-05-02 07:59:59.999000+00:00,1
2026-05-02 08:00:00+00:00,0.08772,0.08805,0.0876,0.0877,26274.6,2026-05-02 11:59:59.999000+00:00,1
2026-05-02 12:00:00+00:00,0.08769,0.0884,0.08762,0.08839,38620.4,2026-05-02 15:59:59.999000+00:00,1
2026-05-02 16:00:00+00:00,0.0884,0.08865,0.08797,0.08863,17141.7,2026-05-02 19:59:59.999000+00:00,1
2026-05-02 20:00:00+00:00,0.08862,0.08907,0.08845,0.08852,39411.6,2026-05-02 23:59:59.999000+00:00,1
2026-05-03 00:00:00+00:00,0.08852,0.08861,0.08755,0.08771,60304.2,2026-05-03 03:59:59.999000+00:00,1
2026-05-03 04:00:00+00:00,0.08771,0.08807,0.0876,0.08781,18310.2,2026-05-03 07:59:59.999000+00:00,1
2026-05-03 08:00:00+00:00,0.0878,0.08828,0.08738,0.08805,31562.2,2026-05-03 11:59:59.999000+00:00,1
2026-05-03 12:00:00+00:00,0.08806,0.0883,0.0877,0.08812,30364.2,2026-05-03 15:59:59.999000+00:00,1
2026-05-03 16:00:00+00:00,0.08813,0.0882,0.08781,0.08807,19191.0,2026-05-03 19:59:59.999000+00:00,1
2026-05-03 20:00:00+00:00,0.08806,0.08842,0.08753,0.08763,63109.1,2026-05-03 23:59:59.999000+00:00,1
2026-05-04 00:00:00+00:00,0.08762,0.08923,0.08711,0.08908,177529.8,2026-05-04 03:59:59.999000+00:00,1
2026-05-04 04:00:00+00:00,0.08909,0.08953,0.08879,0.08895,51599.9,2026-05-04 07:59:59.999000+00:00,1
2026-05-04 08:00:00+00:00,0.08895,0.08938,0.08734,0.08772,125570.0,2026-05-04 11:59:59.999000+00:00,1
2026-05-04 12:00:00+00:00,0.08771,0.0889,0.08742,0.08793,155747.0,2026-05-04 15:59:59.999000+00:00,1
2026-05-04 16:00:00+00:00,0.08795,0.08841,0.08755,0.08786,56848.4,2026-05-04 19:59:59.999000+00:00,1
2026-05-04 20:00:00+00:00,0.08787,0.08813,0.08721,0.08765,46515.5,2026-05-04 23:59:59.999000+00:00,1
2026-05-05 00:00:00+00:00,0.08766,0.08864,0.08766,0.08841,93726.2,2026-05-05 03:59:59.999000+00:00,1
2026-05-05 04:00:00+00:00,0.0884,0.08894,0.08812,0.08874,73903.1,2026-05-05 07:59:59.999000+00:00,1
2026-05-05 08:00:00+00:00,0.08873,0.08975,0.08872,0.0895,186403.7,2026-05-05 11:59:59.999000+00:00,1
2026-05-05 12:00:00+00:00,0.08951,0.09093,0.08936,0.08966,284818.0,2026-05-05 15:59:59.999000+00:00,1
2026-05-05 16:00:00+00:00,0.08966,0.09042,0.08915,0.09032,199632.3,2026-05-05 19:59:59.999000+00:00,1
2026-05-05 20:00:00+00:00,0.09032,0.09107,0.09004,0.09023,131176.4,2026-05-05 23:59:59.999000+00:00,1
2026-05-06 00:00:00+00:00,0.09023,0.09145,0.09016,0.09129,218880.8,2026-05-06 03:59:59.999000+00:00,1
2026-05-06 04:00:00+00:00,0.09128,0.09146,0.09048,0.09123,77216.5,2026-05-06 07:59:59.999000+00:00,1
2026-05-06 08:00:00+00:00,0.09123,0.09288,0.09119,0.09288,180105.3,2026-05-06 11:59:59.999000+00:00,1
2026-05-06 12:00:00+00:00,0.09288,0.09308,0.0902,0.0917,565314.4,2026-05-06 15:59:59.999000+00:00,1
2026-05-06 16:00:00+00:00,0.09169,0.09201,0.09111,0.09158,80103.3,2026-05-06 19:59:59.999000+00:00,1
2026-05-06 20:00:00+00:00,0.09157,0.09187,0.09062,0.09133,84868.7,2026-05-06 23:59:59.999000+00:00,1
2026-05-07 00:00:00+00:00,0.09135,0.09155,0.08975,0.08976,92557.5,2026-05-07 03:59:59.999000+00:00,1
2026-05-07 04:00:00+00:00,0.08975,0.09131,0.0897,0.09125,86516.7,2026-05-07 07:59:59.999000+00:00,1
2026-05-07 08:00:00+00:00,0.09125,0.09147,0.09034,0.09096,64386.1,2026-05-07 11:59:59.999000+00:00,1
2026-05-07 12:00:00+00:00,0.09095,0.09164,0.08906,0.08956,250434.2,2026-05-07 15:59:59.999000+00:00,1
2026-05-07 16:00:00+00:00,0.08956,0.09039,0.08924,0.08977,175067.2,2026-05-07 19:59:59.999000+00:00,1
2026-05-07 20:00:00+00:00,0.08978,0.09031,0.08925,0.09003,112748.1,2026-05-07 23:59:59.999000+00:00,1
2026-05-08 00:00:00+00:00,0.09004,0.09057,0.08938,0.08993,139979.6,2026-05-08 03:59:59.999000+00:00,1
2026-05-08 04:00:00+00:00,0.08992,0.09028,0.08964,0.09016,76397.9,2026-05-08 07:59:59.999000+00:00,1
2026-05-08 08:00:00+00:00,0.09017,0.09112,0.09013,0.09087,69211.6,2026-05-08 11:59:59.999000+00:00,1
2026-05-08 12:00:00+00:00,0.09086,0.09243,0.09005,0.09223,160405.3,2026-05-08 15:59:59.999000+00:00,1
2026-05-08 16:00:00+00:00,0.09224,0.09336,0.09156,0.09256,260467.4,2026-05-08 19:59:59.999000+00:00,1
2026-05-08 20:00:00+00:00,0.09257,0.09309,0.09213,0.09259,96868.7,2026-05-08 23:59:59.999000+00:00,1
2026-05-09 00:00:00+00:00,0.0926,0.09506,0.09251,0.09422,560261.4,2026-05-09 03:59:59.999000+00:00,1
2026-05-09 04:00:00+00:00,0.09421,0.0944,0.09307,0.09317,193730.2,2026-05-09 07:59:59.999000+00:00,1
2026-05-09 08:00:00+00:00,0.09316,0.09339,0.09215,0.09263,154829.0,2026-05-09 11:59:59.999000+00:00,1
2026-05-09 12:00:00+00:00,0.09262,0.09279,0.09184,0.09203,138833.7,2026-05-09 15:59:59.999000+00:00,1
2026-05-09 16:00:00+00:00,0.09203,0.09287,0.09147,0.09279,86416.2,2026-05-09 19:59:59.999000+00:00,1
2026-05-09 20:00:00+00:00,0.09278,0.09328,0.09258,0.09282,104324.7,2026-05-09 23:59:59.999000+00:00,1
2026-05-10 00:00:00+00:00,0.09283,0.09342,0.09212,0.09281,93301.0,2026-05-10 03:59:59.999000+00:00,1
2026-05-10 04:00:00+00:00,0.09281,0.0943,0.09271,0.09395,188402.7,2026-05-10 07:59:59.999000+00:00,1
2026-05-10 08:00:00+00:00,0.09395,0.09512,0.09367,0.09508,243570.4,2026-05-10 11:59:59.999000+00:00,1
2026-05-10 12:00:00+00:00,0.09509,0.09597,0.09466,0.09592,437796.8,2026-05-10 15:59:59.999000+00:00,1
2026-05-10 16:00:00+00:00,0.09592,0.09959,0.09591,0.09859,527296.0,2026-05-10 19:59:59.999000+00:00,1
2026-05-10 20:00:00+00:00,0.09858,0.09896,0.09468,0.0974,335399.5,2026-05-10 23:59:59.999000+00:00,1
2026-05-11 00:00:00+00:00,0.0974,0.09766,0.09487,0.0957,157350.4,2026-05-11 03:59:59.999000+00:00,1
2026-05-11 04:00:00+00:00,0.0957,0.09652,0.095,0.09637,73523.6,2026-05-11 07:59:59.999000+00:00,1
2026-05-11 08:00:00+00:00,0.09638,0.09719,0.09547,0.09661,151936.5,2026-05-11 11:59:59.999000+00:00,1
2026-05-11 12:00:00+00:00,0.09661,0.09729,0.09507,0.09725,199963.5,2026-05-11 15:59:59.999000+00:00,1
2026-05-11 16:00:00+00:00,0.09725,0.09726,0.09574,0.09615,133295.9,2026-05-11 19:59:59.999000+00:00,1
2026-05-11 20:00:00+00:00,0.09616,0.09696,0.09614,0.09684,87986.6,2026-05-11 23:59:59.999000+00:00,1
2026-05-12 00:00:00+00:00,0.09685,0.09726,0.09513,0.09542,120092.7,2026-05-12 03:59:59.999000+00:00,1
2026-05-12 04:00:00+00:00,0.09542,0.09661,0.09522,0.0956,88903.3,2026-05-12 07:59:59.999000+00:00,1
2026-05-12 08:00:00+00:00,0.09561,0.09571,0.09386,0.09466,263770.8,2026-05-12 11:59:59.999000+00:00,1
2026-05-12 12:00:00+00:00,0.09466,0.09527,0.09274,0.09284,390454.4,2026-05-12 15:59:59.999000+00:00,1
2026-05-12 16:00:00+00:00,0.09285,0.09397,0.09255,0.0937,107577.3,2026-05-12 19:59:59.999000+00:00,1
2026-05-12 20:00:00+00:00,0.09371,0.09415,0.09345,0.09378,61489.2,2026-05-12 23:59:59.999000+00:00,1
2026-05-13 00:00:00+00:00,0.09379,0.09508,0.09348,0.0948,154793.2,2026-05-13 03:59:59.999000+00:00,1
2026-05-13 04:00:00+00:00,0.09481,0.09506,0.09401,0.09451,73294.5,2026-05-13 07:59:59.999000+00:00,1
2026-05-13 08:00:00+00:00,0.09452,0.09557,0.0932,0.09327,199498.1,2026-05-13 11:59:59.999000+00:00,1
2026-05-13 12:00:00+00:00,0.09328,0.09342,0.09142,0.09164,436521.7,2026-05-13 15:59:59.999000+00:00,1
2026-05-13 16:00:00+00:00,0.09164,0.09304,0.09164,0.09294,124870.9,2026-05-13 19:59:59.999000+00:00,1
2026-05-13 20:00:00+00:00,0.09294,0.09403,0.09258,0.09336,138666.0,2026-05-13 23:59:59.999000+00:00,1
2026-05-14 00:00:00+00:00,0.09335,0.09393,0.09252,0.09269,113858.5,2026-05-14 03:59:59.999000+00:00,1
2026-05-14 04:00:00+00:00,0.0927,0.09361,0.09261,0.09289,79154.4,2026-05-14 07:59:59.999000+00:00,1
2026-05-14 08:00:00+00:00,0.09289,0.09317,0.09239,0.09272,40271.2,2026-05-14 11:59:59.999000+00:00,1
2026-05-14 12:00:00+00:00,0.09271,0.09638,0.09269,0.09609,309074.9,2026-05-14 15:59:59.999000+00:00,1
2026-05-14 16:00:00+00:00,0.0961,0.09844,0.09497,0.0961,561108.1,2026-05-14 19:59:59.999000+00:00,1
2026-05-14 20:00:00+00:00,0.0961,0.09614,0.0947,0.09489,136438.0,2026-05-14 23:59:59.999000+00:00,1
2026-05-15 00:00:00+00:00,0.09488,0.09571,0.09453,0.09499,184193.4,2026-05-15 03:59:59.999000+00:00,1
2026-05-15 04:00:00+00:00,0.09498,0.095,0.09351,0.09438,120327.6,2026-05-15 07:59:59.999000+00:00,1
2026-05-15 08:00:00+00:00,0.09438,0.09439,0.09293,0.09309,101870.0,2026-05-15 11:59:59.999000+00:00,1
2026-05-15 12:00:00+00:00,0.0931,0.09347,0.09118,0.0922,315167.7,2026-05-15 15:59:59.999000+00:00,1
2026-05-15 16:00:00+00:00,0.09221,0.09389,0.09215,0.09277,159006.6,2026-05-15 19:59:59.999000+00:00,1
2026-05-15 20:00:00+00:00,0.09277,0.093,0.09248,0.0928,60101.6,2026-05-15 23:59:59.999000+00:00,1
2026-05-16 00:00:00+00:00,0.0928,0.09302,0.09253,0.09288,69459.6,2026-05-16 03:59:59.999000+00:00,1
2026-05-16 04:00:00+00:00,0.09288,0.09299,0.09051,0.09093,136590.7,2026-05-16 07:59:59.999000+00:00,1
2026-05-16 08:00:00+00:00,0.09092,0.09124,0.08984,0.09097,245216.8,2026-05-16 11:59:59.999000+00:00,1
2026-05-16 12:00:00+00:00,0.09096,0.09207,0.09063,0.092,134481.7,2026-05-16 15:59:59.999000+00:00,1
2026-05-16 16:00:00+00:00,0.092,0.0921,0.09139,0.09141,44139.2,2026-05-16 19:59:59.999000+00:00,1
2026-05-16 20:00:00+00:00,0.09142,0.09161,0.09105,0.09117,59344.2,2026-05-16 23:59:59.999000+00:00,1
2026-05-17 00:00:00+00:00,0.09117,0.09149,0.09071,0.09117,54492.2,2026-05-17 03:59:59.999000+00:00,1
2026-05-17 04:00:00+00:00,0.09117,0.09199,0.09117,0.09167,38168.1,2026-05-17 07:59:59.999000+00:00,1
2026-05-17 08:00:00+00:00,0.09168,0.09198,0.09132,0.09151,44865.1,2026-05-17 11:59:59.999000+00:00,1
2026-05-17 12:00:00+00:00,0.0915,0.09182,0.09061,0.09084,53220.7,2026-05-17 15:59:59.999000+00:00,1
2026-05-17 16:00:00+00:00,0.09083,0.09111,0.09038,0.09099,42974.1,2026-05-17 19:59:59.999000+00:00,1
2026-05-17 20:00:00+00:00,0.09098,0.09121,0.08803,0.09005,220908.7,2026-05-17 23:59:59.999000+00:00,1
2026-05-18 00:00:00+00:00,0.09005,0.0902,0.08928,0.08964,220292.2,2026-05-18 03:59:59.999000+00:00,1
2026-05-18 04:00:00+00:00,0.08964,0.08987,0.08862,0.08879,154882.4,2026-05-18 07:59:59.999000+00:00,1
2026-05-18 08:00:00+00:00,0.08879,0.08937,0.08815,0.08885,76335.9,2026-05-18 11:59:59.999000+00:00,1
2026-05-18 12:00:00+00:00,0.08885,0.08966,0.08804,0.08891,191053.2,2026-05-18 15:59:59.999000+00:00,1
2026-05-18 16:00:00+00:00,0.08891,0.08931,0.08805,0.08914,107416.0,2026-05-18 19:59:59.999000+00:00,1
2026-05-18 20:00:00+00:00,0.08914,0.09029,0.08892,0.09015,86530.5,2026-05-18 23:59:59.999000+00:00,1
2026-05-19 00:00:00+00:00,0.09015,0.091,0.08972,0.09,94028.5,2026-05-19 03:59:59.999000+00:00,1
2026-05-19 04:00:00+00:00,0.09001,0.0906,0.08981,0.09049,50341.8,2026-05-19 07:59:59.999000+00:00,1
2026-05-19 08:00:00+00:00,0.09049,0.09053,0.08911,0.0892,72796.3,2026-05-19 11:59:59.999000+00:00,1
2026-05-19 12:00:00+00:00,0.08921,0.08971,0.08825,0.08839,101910.8,2026-05-19 15:59:59.999000+00:00,1
2026-05-19 16:00:00+00:00,0.0884,0.08885,0.08786,0.08824,99824.3,2026-05-19 19:59:59.999000+00:00,1
2026-05-19 20:00:00+00:00,0.08822,0.08871,0.088,0.08853,160926.9,2026-05-19 23:59:59.999000+00:00,1
2026-05-20 00:00:00+00:00,0.08854,0.08886,0.08791,0.08858,87165.9,2026-05-20 03:59:59.999000+00:00,1
2026-05-20 04:00:00+00:00,0.08858,0.08931,0.08826,0.08896,41401.6,2026-05-20 07:59:59.999000+00:00,1
2026-05-20 08:00:00+00:00,0.08897,0.0894,0.08841,0.08855,84469.0,2026-05-20 11:59:59.999000+00:00,1
2026-05-20 12:00:00+00:00,0.08854,0.0896,0.08818,0.08913,189708.9,2026-05-20 15:59:59.999000+00:00,1
2026-05-20 16:00:00+00:00,0.08913,0.08964,0.08877,0.08934,101000.7,2026-05-20 19:59:59.999000+00:00,1
2026-05-20 20:00:00+00:00,0.08934,0.08934,0.08849,0.08876,58634.4,2026-05-20 23:59:59.999000+00:00,1
2026-05-21 00:00:00+00:00,0.08877,0.08972,0.08872,0.08963,67488.3,2026-05-21 03:59:59.999000+00:00,1
2026-05-21 04:00:00+00:00,0.08965,0.08986,0.08838,0.08887,62254.3,2026-05-21 07:59:59.999000+00:00,1
2026-05-21 08:00:00+00:00,0.08887,0.08919,0.08791,0.08798,103717.4,2026-05-21 11:59:59.999000+00:00,1
2026-05-21 12:00:00+00:00,0.08799,0.08876,0.08777,0.0886,96973.9,2026-05-21 15:59:59.999000+00:00,1
2026-05-21 16:00:00+00:00,0.0886,0.09072,0.0884,0.09011,167733.9,2026-05-21 19:59:59.999000+00:00,1
2026-05-21 20:00:00+00:00,0.09013,0.09049,0.08959,0.0899,89572.9,2026-05-21 23:59:59.999000+00:00,1
2026-05-22 00:00:00+00:00,0.08991,0.09004,0.08903,0.08998,70205.7,2026-05-22 03:59:59.999000+00:00,1
2026-05-22 04:00:00+00:00,0.08998,0.09036,0.08893,0.08974,66770.0,2026-05-22 07:59:59.999000+00:00,1
2026-05-22 08:00:00+00:00,0.08975,0.09078,0.08955,0.09077,76600.5,2026-05-22 11:59:59.999000+00:00,1
2026-05-22 12:00:00+00:00,0.09078,0.09096,0.0888,0.08927,194812.8,2026-05-22 15:59:59.999000+00:00,1
2026-05-22 16:00:00+00:00,0.08927,0.09002,0.08758,0.08834,260939.0,2026-05-22 19:59:59.999000+00:00,1
2026-05-22 20:00:00+00:00,0.08835,0.08909,0.08746,0.08782,216246.7,2026-05-22 23:59:59.999000+00:00,1
2026-05-23 00:00:00+00:00,0.08783,0.08871,0.08759,0.08839,86981.2,2026-05-23 03:59:59.999000+00:00,1
2026-05-23 04:00:00+00:00,0.08839,0.08839,0.08556,0.08604,153368.0,2026-05-23 07:59:59.999000+00:00,1
2026-05-23 08:00:00+00:00,0.08605,0.08617,0.08535,0.08587,108616.1,2026-05-23 11:59:59.999000+00:00,1
2026-05-23 12:00:00+00:00,0.08587,0.08786,0.08579,0.08762,128295.7,2026-05-23 15:59:59.999000+00:00,1
2026-05-23 16:00:00+00:00,0.08762,0.08862,0.08745,0.08845,73058.4,2026-05-23 19:59:59.999000+00:00,1
2026-05-23 20:00:00+00:00,0.08846,0.09102,0.08838,0.08965,276409.4,2026-05-23 23:59:59.999000+00:00,1
2026-05-24 00:00:00+00:00,0.08966,0.08995,0.08934,0.08953,66295.1,2026-05-24 03:59:59.999000+00:00,1
2026-05-24 04:00:00+00:00,0.08952,0.08991,0.08929,0.08942,61749.6,2026-05-24 07:59:59.999000+00:00,1
2026-05-24 08:00:00+00:00,0.08943,0.08973,0.08906,0.08937,79081.8,2026-05-24 11:59:59.999000+00:00,1
2026-05-24 12:00:00+00:00,0.08938,0.0894,0.0877,0.08867,89078.5,2026-05-24 15:59:59.999000+00:00,1
2026-05-24 16:00:00+00:00,0.08867,0.08898,0.08833,0.08841,39004.2,2026-05-24 19:59:59.999000+00:00,1
2026-05-24 20:00:00+00:00,0.08842,0.08849,0.08711,0.08836,99269.1,2026-05-24 23:59:59.999000+00:00,1
2026-05-25 00:00:00+00:00,0.08837,0.08859,0.08795,0.08856,56801.5,2026-05-25 03:59:59.999000+00:00,1
2026-05-25 04:00:00+00:00,0.08855,0.08971,0.08831,0.08945,65729.3,2026-05-25 07:59:59.999000+00:00,1
2026-05-25 08:00:00+00:00,0.08946,0.08984,0.0892,0.08943,45702.3,2026-05-25 11:59:59.999000+00:00,1
2026-05-25 12:00:00+00:00,0.08944,0.08974,0.08897,0.08914,67973.9,2026-05-25 15:59:59.999000+00:00,1
2026-05-25 16:00:00+00:00,0.08914,0.08956,0.08866,0.08887,79889.5,2026-05-25 19:59:59.999000+00:00,1
2026-05-25 20:00:00+00:00,0.08887,0.089,0.0879,0.08809,83922.3,2026-05-25 23:59:59.999000+00:00,1
2026-05-26 00:00:00+00:00,0.0881,0.08812,0.08666,0.08718,105481.0,2026-05-26 03:59:59.999000+00:00,1
2026-05-26 04:00:00+00:00,0.08719,0.08803,0.08712,0.08737,69662.2,2026-05-26 07:59:59.999000+00:00,1
2026-05-26 08:00:00+00:00,0.08737,0.08889,0.08733,0.08833,86820.3,2026-05-26 11:59:59.999000+00:00,1
2026-05-26 12:00:00+00:00,0.08834,0.08925,0.08707,0.08755,162188.0,2026-05-26 15:59:59.999000+00:00,1
2026-05-26 16:00:00+00:00,0.08754,0.08755,0.08629,0.08681,104361.3,2026-05-26 19:59:59.999000+00:00,1
2026-05-26 20:00:00+00:00,0.0868,0.08693,0.08642,0.08649,48393.8,2026-05-26 23:59:59.999000+00:00,1
2026-05-27 00:00:00+00:00,0.08649,0.08692,0.08614,0.08624,50220.1,2026-05-27 03:59:59.999000+00:00,1
2026-05-27 04:00:00+00:00,0.08624,0.08627,0.08556,0.08613,86138.2,2026-05-27 07:59:59.999000+00:00,1
2026-05-27 08:00:00+00:00,0.08613,0.08634,0.0855,0.08562,46581.4,2026-05-27 11:59:59.999000+00:00,1
2026-05-27 12:00:00+00:00,0.08563,0.08674,0.0853,0.08622,123999.1,2026-05-27 15:59:59.999000+00:00,1
2026-05-27 16:00:00+00:00,0.08623,0.08633,0.0851,0.08597,83323.2,2026-05-27 19:59:59.999000+00:00,1
2026-05-27 20:00:00+00:00,0.08598,0.08637,0.08499,0.08561,101669.6,2026-05-27 23:59:59.999000+00:00,1
2026-05-28 00:00:00+00:00,0.0856,0.0859,0.08224,0.08282,250716.3,2026-05-28 03:59:59.999000+00:00,1
2026-05-28 04:00:00+00:00,0.08282,0.08378,0.0818,0.08367,245912.6,2026-05-28 07:59:59.999000+00:00,1
2026-05-28 08:00:00+00:00,0.08366,0.0839,0.08297,0.08329,79495.7,2026-05-28 11:59:59.999000+00:00,1
2026-05-28 12:00:00+00:00,0.08329,0.08968,0.08326,0.08878,1352224.3,2026-05-28 15:59:59.999000+00:00,1
2026-05-28 16:00:00+00:00,0.08878,0.09249,0.08754,0.08865,992797.0,2026-05-28 19:59:59.999000+00:00,1
2026-05-28 20:00:00+00:00,0.08865,0.09216,0.08788,0.09096,526167.7,2026-05-28 23:59:59.999000+00:00,1
2026-05-29 00:00:00+00:00,0.09097,0.09267,0.08939,0.09151,822519.9,2026-05-29 03:59:59.999000+00:00,1
2026-05-29 04:00:00+00:00,0.09151,0.09555,0.08952,0.09192,1394454.2,2026-05-29 07:59:59.999000+00:00,1
2026-05-29 08:00:00+00:00,0.09191,0.09325,0.0893,0.08952,707266.9,2026-05-29 11:59:59.999000+00:00,1
2026-05-29 12:00:00+00:00,0.08952,0.09263,0.08845,0.09233,898796.0,2026-05-29 15:59:59.999000+00:00,1
2026-05-29 16:00:00+00:00,0.09235,0.09304,0.09058,0.09285,321530.8,2026-05-29 19:59:59.999000+00:00,1
2026-05-29 20:00:00+00:00,0.09285,0.09974,0.09247,0.09911,1299253.7,2026-05-29 23:59:59.999000+00:00,1
2026-05-30 00:00:00+00:00,0.0991,0.10986,0.0991,0.1008,3285022.1,2026-05-30 03:59:59.999000+00:00,1
2026-05-30 04:00:00+00:00,0.1008,0.10083,0.09557,0.09679,1303968.0,2026-05-30 07:59:59.999000+00:00,1
2026-05-30 08:00:00+00:00,0.09679,0.09935,0.09597,0.09859,620055.2,2026-05-30 11:59:59.999000+00:00,1
2026-05-30 12:00:00+00:00,0.09859,0.10172,0.0976,0.09775,1044688.9,2026-05-30 15:59:59.999000+00:00,1
2026-05-30 16:00:00+00:00,0.09776,0.0985,0.09711,0.09759,280303.8,2026-05-30 19:59:59.999000+00:00,1
2026-05-30 20:00:00+00:00,0.09759,0.09763,0.09446,0.09509,478256.4,2026-05-30 23:59:59.999000+00:00,1
2026-05-31 00:00:00+00:00,0.0951,0.09637,0.09367,0.0953,461289.9,2026-05-31 03:59:59.999000+00:00,1
2026-05-31 04:00:00+00:00,0.0953,0.09721,0.09494,0.09694,530865.7,2026-05-31 07:59:59.999000+00:00,1
2026-05-31 08:00:00+00:00,0.09694,0.0993,0.09587,0.09878,552555.0,2026-05-31 11:59:59.999000+00:00,1
2026-05-31 12:00:00+00:00,0.09878,0.09934,0.09469,0.09473,528386.8,2026-05-31 15:59:59.999000+00:00,1
2026-05-31 16:00:00+00:00,0.09473,0.09544,0.09424,0.09544,201120.2,2026-05-31 19:59:59.999000+00:00,1
2026-05-31 20:00:00+00:00,0.09545,0.09761,0.09545,0.09653,214695.0,2026-05-31 23:59:59.999000+00:00,1
2026-06-01 00:00:00+00:00,0.09653,0.09791,0.09426,0.09637,421011.1,2026-06-01 03:59:59.999000+00:00,1
2026-06-01 04:00:00+00:00,0.09637,0.0969,0.09384,0.09387,338970.7,2026-06-01 07:59:59.999000+00:00,1
2026-06-01 08:00:00+00:00,0.09388,0.09525,0.09369,0.09421,273535.0,2026-06-01 11:59:59.999000+00:00,1
2026-06-01 12:00:00+00:00,0.09422,0.09444,0.0918,0.09216,465121.3,2026-06-01 15:59:59.999000+00:00,1
2026-06-01 16:00:00+00:00,0.09216,0.09366,0.09191,0.09318,176095.1,2026-06-01 19:59:59.999000+00:00,1
2026-06-01 20:00:00+00:00,0.09318,0.09353,0.09147,0.09228,182769.5,2026-06-01 23:59:59.999000+00:00,1
2026-06-02 00:00:00+00:00,0.09229,0.09256,0.09078,0.09239,606739.6,2026-06-02 03:59:59.999000+00:00,1
2026-06-02 04:00:00+00:00,0.0924,0.0928,0.09007,0.09064,204858.4,2026-06-02 07:59:59.999000+00:00,1
2026-06-02 08:00:00+00:00,0.09064,0.09085,0.0898,0.0899,137518.6,2026-06-02 11:59:59.999000+00:00,1
2026-06-02 12:00:00+00:00,0.08989,0.09035,0.08752,0.08838,328742.9,2026-06-02 15:59:59.999000+00:00,1
2026-06-02 16:00:00+00:00,0.08838,0.08935,0.08636,0.0876,204442.5,2026-06-02 19:59:59.999000+00:00,1
2026-06-02 20:00:00+00:00,0.08759,0.08822,0.0858,0.08683,231113.2,2026-06-02 23:59:59.999000+00:00,1
2026-06-03 00:00:00+00:00,0.08683,0.08759,0.08507,0.08538,207539.1,2026-06-03 03:59:59.999000+00:00,1
2026-06-03 04:00:00+00:00,0.08539,0.08906,0.08538,0.08833,559992.2,2026-06-03 07:59:59.999000+00:00,1
2026-06-03 08:00:00+00:00,0.08831,0.08839,0.08711,0.08783,221168.5,2026-06-03 11:59:59.999000+00:00,1
2026-06-03 12:00:00+00:00,0.08784,0.08799,0.08619,0.08634,185992.9,2026-06-03 15:59:59.999000+00:00,1
2026-06-03 16:00:00+00:00,0.08633,0.08688,0.0852,0.08543,200658.5,2026-06-03 19:59:59.999000+00:00,1
2026-06-03 20:00:00+00:00,0.08543,0.08686,0.08456,0.08518,171168.0,2026-06-03 23:59:59.999000+00:00,1
2026-06-04 00:00:00+00:00,0.08517,0.08612,0.08143,0.08569,474424.1,2026-06-04 03:59:59.999000+00:00,1
2026-06-04 04:00:00+00:00,0.08569,0.08752,0.08524,0.08568,325118.0,2026-06-04 07:59:59.999000+00:00,1
2026-06-04 08:00:00+00:00,0.08568,0.08605,0.08259,0.08355,511444.4,2026-06-04 11:59:59.999000+00:00,1
2026-06-04 12:00:00+00:00,0.08355,0.08763,0.08301,0.0857,334613.0,2026-06-04 15:59:59.999000+00:00,1
2026-06-04 16:00:00+00:00,0.08569,0.08583,0.08431,0.08473,192409.5,2026-06-04 19:59:59.999000+00:00,1
2026-06-04 20:00:00+00:00,0.08474,0.08537,0.08305,0.08375,167656.6,2026-06-04 23:59:59.999000+00:00,1
2026-06-05 00:00:00+00:00,0.08374,0.08389,0.08167,0.08172,226348.1,2026-06-05 03:59:59.999000+00:00,1
2026-06-05 04:00:00+00:00,0.08173,0.08307,0.0789,0.08197,408383.4,2026-06-05 07:59:59.999000+00:00,1
2026-06-05 08:00:00+00:00,0.08198,0.08257,0.08003,0.08061,309275.9,2026-06-05 11:59:59.999000+00:00,1
2026-06-05 12:00:00+00:00,0.0806,0.08267,0.07876,0.07975,552132.4,2026-06-05 15:59:59.999000+00:00,1
2026-06-05 16:00:00+00:00,0.07975,0.081,0.07735,0.07929,501002.0,2026-06-05 19:59:59.999000+00:00,1
2026-06-05 20:00:00+00:00,0.07927,0.08158,0.07863,0.08027,265988.6,2026-06-05 23:59:59.999000+00:00,1
2026-06-06 00:00:00+00:00,0.08026,0.08126,0.0785,0.07863,353591.6,2026-06-06 03:59:59.999000+00:00,1
2026-06-06 04:00:00+00:00,0.07862,0.07955,0.07651,0.07944,329155.2,2026-06-06 07:59:59.999000+00:00,1
2026-06-06 08:00:00+00:00,0.07945,0.08004,0.07761,0.0786,191681.7,2026-06-06 11:59:59.999000+00:00,1
2026-06-06 12:00:00+00:00,0.0786,0.07945,0.07802,0.07917,116855.9,2026-06-06 15:59:59.999000+00:00,1
2026-06-06 16:00:00+00:00,0.07916,0.07973,0.0779,0.07864,188130.0,2026-06-06 19:59:59.999000+00:00,1
2026-06-06 20:00:00+00:00,0.07863,0.07982,0.07837,0.07962,158884.7,2026-06-06 23:59:59.999000+00:00,1
2026-06-07 00:00:00+00:00,0.07962,0.08147,0.0793,0.08131,178359.0,2026-06-07 03:59:59.999000+00:00,1
2026-06-07 04:00:00+00:00,0.0813,0.08196,0.0808,0.08187,156216.4,2026-06-07 07:59:59.999000+00:00,1
2026-06-07 08:00:00+00:00,0.08186,0.08252,0.08118,0.08153,98549.0,2026-06-07 11:59:59.999000+00:00,1
2026-06-07 12:00:00+00:00,0.08154,0.08155,0.08039,0.08124,130732.8,2026-06-07 15:59:59.999000+00:00,1
2026-06-07 16:00:00+00:00,0.08125,0.08164,0.07969,0.08005,86958.7,2026-06-07 19:59:59.999000+00:00,1
2026-06-07 20:00:00+00:00,0.08005,0.08283,0.07983,0.08188,155753.8,2026-06-07 23:59:59.999000+00:00,1
2026-06-08 00:00:00+00:00,0.08187,0.08255,0.08132,0.08212,159954.2,2026-06-08 03:59:59.999000+00:00,1
2026-06-08 04:00:00+00:00,0.08212,0.08217,0.0807,0.08172,110778.8,2026-06-08 07:59:59.999000+00:00,1
2026-06-08 08:00:00+00:00,0.08171,0.08246,0.08102,0.08212,108070.0,2026-06-08 11:59:59.999000+00:00,1
2026-06-08 12:00:00+00:00,0.08212,0.08325,0.08147,0.08208,166208.0,2026-06-08 15:59:59.999000+00:00,1
2026-06-08 16:00:00+00:00,0.08208,0.08246,0.08147,0.08166,107578.8,2026-06-08 19:59:59.999000+00:00,1
2026-06-08 20:00:00+00:00,0.08166,0.08216,0.08121,0.08124,77775.4,2026-06-08 23:59:59.999000+00:00,1
2026-06-09 00:00:00+00:00,0.08123,0.08135,0.07976,0.08028,154117.2,2026-06-09 03:59:59.999000+00:00,1
2026-06-09 04:00:00+00:00,0.08027,0.08159,0.0802,0.08089,129509.5,2026-06-09 07:59:59.999000+00:00,1
2026-06-09 08:00:00+00:00,0.08088,0.08093,0.08,0.08036,89618.0,2026-06-09 11:59:59.999000+00:00,1
2026-06-09 12:00:00+00:00,0.08035,0.08077,0.07912,0.07912,182446.8,2026-06-09 15:59:59.999000+00:00,1
2026-06-09 16:00:00+00:00,0.07911,0.08027,0.07859,0.08013,145814.2,2026-06-09 19:59:59.999000+00:00,1
2026-06-09 20:00:00+00:00,0.08013,0.08038,0.0792,0.07943,98021.7,2026-06-09 23:59:59.999000+00:00,1
2026-06-10 00:00:00+00:00,0.07944,0.07959,0.07827,0.07857,125445.8,2026-06-10 03:59:59.999000+00:00,1
2026-06-10 04:00:00+00:00,0.07858,0.07893,0.07809,0.0786,57528.3,2026-06-10 07:59:59.999000+00:00,1
2026-06-10 08:00:00+00:00,0.07861,0.07862,0.07739,0.07775,221823.7,2026-06-10 11:59:59.999000+00:00,1
2026-06-10 12:00:00+00:00,0.07774,0.07963,0.07753,0.07936,267535.9,2026-06-10 15:59:59.999000+00:00,1
2026-06-10 16:00:00+00:00,0.07936,0.0795,0.07752,0.07775,125952.7,2026-06-10 19:59:59.999000+00:00,1
2026-06-10 20:00:00+00:00,0.07775,0.07796,0.07686,0.0776,161807.8,2026-06-10 23:59:59.999000+00:00,1
2026-06-11 00:00:00+00:00,0.0776,0.07931,0.07758,0.07914,60358.9,2026-06-11 03:59:59.999000+00:00,1
2026-06-11 04:00:00+00:00,0.07912,0.07931,0.07866,0.0788,72668.1,2026-06-11 07:59:59.999000+00:00,1
2026-06-11 08:00:00+00:00,0.07881,0.07923,0.07859,0.07887,65614.8,2026-06-11 11:59:59.999000+00:00,1
2026-06-11 12:00:00+00:00,0.07886,0.07886,0.07703,0.07731,204292.7,2026-06-11 15:59:59.999000+00:00,1
2026-06-11 16:00:00+00:00,0.0773,0.07976,0.07682,0.07941,222467.5,2026-06-11 19:59:59.999000+00:00,1
2026-06-11 20:00:00+00:00,0.07942,0.08014,0.07887,0.07916,132536.1,2026-06-11 23:59:59.999000+00:00,1
2026-06-12 00:00:00+00:00,0.07917,0.08024,0.0791,0.08023,70994.6,2026-06-12 03:59:59.999000+00:00,1
2026-06-12 04:00:00+00:00,0.08024,0.08044,0.07849,0.07862,117876.6,2026-06-12 07:59:59.999000+00:00,1
2026-06-12 08:00:00+00:00,0.07862,0.07992,0.0786,0.07946,100056.1,2026-06-12 11:59:59.999000+00:00,1
2026-06-12 12:00:00+00:00,0.07946,0.07987,0.07787,0.07797,235254.9,2026-06-12 15:59:59.999000+00:00,1
2026-06-12 16:00:00+00:00,0.07797,0.07839,0.07746,0.07788,130777.7,2026-06-12 19:59:59.999000+00:00,1
2026-06-12 20:00:00+00:00,0.0779,0.07819,0.07758,0.07781,62014.4,2026-06-12 23:59:59.999000+00:00,1
2026-06-13 00:00:00+00:00,0.07781,0.07829,0.07752,0.07774,115402.8,2026-06-13 03:59:59.999000+00:00,1
2026-06-13 04:00:00+00:00,0.07773,0.07809,0.07668,0.07794,118823.6,2026-06-13 07:59:59.999000+00:00,1
2026-06-13 08:00:00+00:00,0.07794,0.07855,0.07783,0.07852,63473.9,2026-06-13 11:59:59.999000+00:00,1
2026-06-13 12:00:00+00:00,0.07852,0.07889,0.07805,0.07852,84488.7,2026-06-13 15:59:59.999000+00:00,1
2026-06-13 16:00:00+00:00,0.07853,0.07862,0.07774,0.07785,63484.0,2026-06-13 19:59:59.999000+00:00,1
2026-06-13 20:00:00+00:00,0.07786,0.07892,0.0778,0.07824,61889.0,2026-06-13 23:59:59.999000+00:00,1
2026-06-14 00:00:00+00:00,0.07824,0.07904,0.07816,0.07824,101174.3,2026-06-14 03:59:59.999000+00:00,1
2026-06-14 04:00:00+00:00,0.07824,0.07919,0.07821,0.07911,119237.3,2026-06-14 07:59:59.999000+00:00,1
2026-06-14 08:00:00+00:00,0.07911,0.07952,0.07847,0.07847,114529.6,2026-06-14 11:59:59.999000+00:00,1
2026-06-14 12:00:00+00:00,0.07848,0.07871,0.07722,0.0774,100814.6,2026-06-14 15:59:59.999000+00:00,1
2026-06-14 16:00:00+00:00,0.07739,0.07768,0.07678,0.07739,94672.2,2026-06-14 19:59:59.999000+00:00,1
2026-06-14 20:00:00+00:00,0.07739,0.08114,0.07724,0.08112,141905.9,2026-06-14 23:59:59.999000+00:00,1
2026-06-15 00:00:00+00:00,0.08112,0.08218,0.08061,0.08112,212616.5,2026-06-15 03:59:59.999000+00:00,1
2026-06-15 04:00:00+00:00,0.08113,0.08213,0.08083,0.08136,69660.6,2026-06-15 07:59:59.999000+00:00,1
2026-06-15 08:00:00+00:00,0.08137,0.08227,0.08093,0.08191,137975.0,2026-06-15 11:59:59.999000+00:00,1
2026-06-15 12:00:00+00:00,0.08192,0.08388,0.08178,0.08374,233707.5,2026-06-15 15:59:59.999000+00:00,1
2026-06-15 16:00:00+00:00,0.08374,0.08455,0.08235,0.08278,197020.7,2026-06-15 19:59:59.999000+00:00,1
2026-06-15 20:00:00+00:00,0.08277,0.08319,0.08192,0.08252,84047.1,2026-06-15 23:59:59.999000+00:00,1
2026-06-16 00:00:00+00:00,0.08253,0.08332,0.08161,0.08279,180646.7,2026-06-16 03:59:59.999000+00:00,1
2026-06-16 04:00:00+00:00,0.08279,0.08312,0.0817,0.08312,85870.8,2026-06-16 07:59:59.999000+00:00,1
2026-06-16 08:00:00+00:00,0.08312,0.08478,0.08295,0.08377,205562.3,2026-06-16 11:59:59.999000+00:00,1
2026-06-16 12:00:00+00:00,0.08377,0.08387,0.08029,0.0809,235861.1,2026-06-16 15:59:59.999000+00:00,1
2026-06-16 16:00:00+00:00,0.08091,0.0819,0.08049,0.081,115009.9,2026-06-16 19:59:59.999000+00:00,1
2026-06-16 20:00:00+00:00,0.08097,0.08171,0.08055,0.08064,95666.3,2026-06-16 23:59:59.999000+00:00,1
2026-06-17 00:00:00+00:00,0.08065,0.08173,0.08034,0.08112,110076.7,2026-06-17 03:59:59.999000+00:00,1
2026-06-17 04:00:00+00:00,0.08112,0.08154,0.08057,0.08097,106047.6,2026-06-17 07:59:59.999000+00:00,1
2026-06-17 08:00:00+00:00,0.08097,0.08099,0.07957,0.08001,185324.4,2026-06-17 11:59:59.999000+00:00,1
2026-06-17 12:00:00+00:00,0.08001,0.08232,0.07977,0.08211,178067.3,2026-06-17 15:59:59.999000+00:00,1
2026-06-17 16:00:00+00:00,0.08211,0.08237,0.07931,0.07978,248046.7,2026-06-17 19:59:59.999000+00:00,1
2026-06-17 20:00:00+00:00,0.07977,0.08196,0.07936,0.08122,163058.7,2026-06-17 23:59:59.999000+00:00,1
2026-06-18 00:00:00+00:00,0.08124,0.08209,0.08051,0.08057,160643.9,2026-06-18 03:59:59.999000+00:00,1
2026-06-18 04:00:00+00:00,0.08058,0.08077,0.07921,0.08029,162801.8,2026-06-18 07:59:59.999000+00:00,1
2026-06-18 08:00:00+00:00,0.0803,0.0809,0.07997,0.0806,160210.6,2026-06-18 11:59:59.999000+00:00,1
2026-06-18 12:00:00+00:00,0.08062,0.08152,0.07856,0.07898,256012.9,2026-06-18 15:59:59.999000+00:00,1
2026-06-18 16:00:00+00:00,0.07897,0.08038,0.07886,0.08015,136003.4,2026-06-18 19:59:59.999000+00:00,1
2026-06-18 20:00:00+00:00,0.08016,0.08097,0.07996,0.08021,113639.8,2026-06-18 23:59:59.999000+00:00,1
2026-06-19 00:00:00+00:00,0.0802,0.08085,0.07946,0.07975,81467.8,2026-06-19 03:59:59.999000+00:00,1
2026-06-19 04:00:00+00:00,0.07975,0.07976,0.07866,0.07896,101460.8,2026-06-19 07:59:59.999000+00:00,1
2026-06-19 08:00:00+00:00,0.07895,0.0794,0.07878,0.07913,69785.1,2026-06-19 11:59:59.999000+00:00,1
2026-06-19 12:00:00+00:00,0.07914,0.08139,0.07881,0.08136,176127.1,2026-06-19 15:59:59.999000+00:00,1
2026-06-19 16:00:00+00:00,0.08138,0.08138,0.07999,0.08012,65579.6,2026-06-19 19:59:59.999000+00:00,1
2026-06-19 20:00:00+00:00,0.08012,0.08067,0.07996,0.08048,56928.3,2026-06-19 23:59:59.999000+00:00,1
2026-06-20 00:00:00+00:00,0.08046,0.08089,0.07936,0.07968,108085.6,2026-06-20 03:59:59.999000+00:00,1
2026-06-20 04:00:00+00:00,0.07968,0.08078,0.0796,0.08015,65595.3,2026-06-20 07:59:59.999000+00:00,1
2026-06-20 08:00:00+00:00,0.08016,0.08069,0.07987,0.08005,47470.0,2026-06-20 11:59:59.999000+00:00,1
2026-06-20 12:00:00+00:00,0.08004,0.0805,0.07926,0.08033,95195.8,2026-06-20 15:59:59.999000+00:00,1
2026-06-20 16:00:00+00:00,0.08034,0.08064,0.07976,0.08013,45955.6,2026-06-20 19:59:59.999000+00:00,1
2026-06-20 20:00:00+00:00,0.08011,0.0807,0.07997,0.08063,46002.3,2026-06-20 23:59:59.999000+00:00,1
2026-06-21 00:00:00+00:00,0.08063,0.0808,0.08012,0.08041,39983.3,2026-06-21 03:59:59.999000+00:00,1
2026-06-21 04:00:00+00:00,0.08041,0.08054,0.07974,0.08007,45190.0,2026-06-21 07:59:59.999000+00:00,1
2026-06-21 08:00:00+00:00,0.08007,0.08036,0.07965,0.07978,69009.1,2026-06-21 11:59:59.999000+00:00,1
2026-06-21 12:00:00+00:00,0.07979,0.08035,0.07961,0.08017,54709.0,2026-06-21 15:59:59.999000+00:00,1
2026-06-21 16:00:00+00:00,0.08018,0.08022,0.07944,0.07986,44932.2,2026-06-21 19:59:59.999000+00:00,1
2026-06-21 20:00:00+00:00,0.07986,0.07986,0.07793,0.07803,154789.3,2026-06-21 23:59:59.999000+00:00,1
2026-06-22 00:00:00+00:00,0.07801,0.07956,0.07797,0.07866,98791.5,2026-06-22 03:59:59.999000+00:00,1
2026-06-22 04:00:00+00:00,0.07867,0.07958,0.07856,0.07944,46373.1,2026-06-22 07:59:59.999000+00:00,1
2026-06-22 08:00:00+00:00,0.07945,0.08059,0.07886,0.08018,65887.9,2026-06-22 11:59:59.999000+00:00,1
2026-06-22 12:00:00+00:00,0.0802,0.08057,0.07925,0.07931,110818.4,2026-06-22 15:59:59.999000+00:00,1
2026-06-22 16:00:00+00:00,0.07933,0.07987,0.07891,0.07908,69618.8,2026-06-22 19:59:59.999000+00:00,1
2026-06-22 20:00:00+00:00,0.07909,0.0793,0.07846,0.07866,49758.1,2026-06-22 23:59:59.999000+00:00,1
2026-06-23 00:00:00+00:00,0.07864,0.07904,0.07824,0.07901,64668.2,2026-06-23 03:59:59.999000+00:00,1
2026-06-23 04:00:00+00:00,0.07901,0.07906,0.07704,0.07772,101299.8,2026-06-23 07:59:59.999000+00:00,1
2026-06-23 08:00:00+00:00,0.07773,0.0778,0.07656,0.07761,121718.5,2026-06-23 11:59:59.999000+00:00,1
2026-06-23 12:00:00+00:00,0.0776,0.07814,0.07715,0.07763,111790.3,2026-06-23 15:59:59.999000+00:00,1
2026-06-23 16:00:00+00:00,0.07764,0.07803,0.07703,0.07719,82325.7,2026-06-23 19:59:59.999000+00:00,1
2026-06-23 20:00:00+00:00,0.07718,0.07796,0.07716,0.0775,79262.9,2026-06-23 23:59:59.999000+00:00,1
2026-06-24 00:00:00+00:00,0.0775,0.07824,0.07711,0.07725,62628.2,2026-06-24 03:59:59.999000+00:00,1
2026-06-24 04:00:00+00:00,0.07724,0.07766,0.0767,0.07729,53671.3,2026-06-24 07:59:59.999000+00:00,1
2026-06-24 08:00:00+00:00,0.0773,0.07733,0.07598,0.0769,123787.1,2026-06-24 11:59:59.999000+00:00,1
2026-06-24 12:00:00+00:00,0.07689,0.07692,0.07386,0.07399,169282.4,2026-06-24 15:59:59.999000+00:00,1
2026-06-24 16:00:00+00:00,0.07397,0.07471,0.07308,0.07443,176274.0,2026-06-24 19:59:59.999000+00:00,1
2026-06-24 20:00:00+00:00,0.07442,0.07717,0.07433,0.07561,112245.4,2026-06-24 23:59:59.999000+00:00,1
2026-06-25 00:00:00+00:00,0.07562,0.07587,0.07435,0.07438,67652.1,2026-06-25 03:59:59.999000+00:00,1
2026-06-25 04:00:00+00:00,0.07437,0.07528,0.07406,0.07428,100946.0,2026-06-25 07:59:59.999000+00:00,1
2026-06-25 08:00:00+00:00,0.07427,0.07429,0.07311,0.07339,68340.9,2026-06-25 11:59:59.999000+00:00,1
2026-06-25 12:00:00+00:00,0.07338,0.07419,0.07061,0.07308,370416.1,2026-06-25 15:59:59.999000+00:00,1
2026-06-25 16:00:00+00:00,0.07307,0.07383,0.072,0.07285,154714.0,2026-06-25 19:59:59.999000+00:00,1
2026-06-25 20:00:00+00:00,0.07285,0.07393,0.07273,0.07338,65139.4,2026-06-25 23:59:59.999000+00:00,1
2026-06-26 00:00:00+00:00,0.07339,0.07365,0.07122,0.07259,117157.9,2026-06-26 03:59:59.999000+00:00,1
2026-06-26 04:00:00+00:00,0.0726,0.07417,0.07242,0.07417,59817.3,2026-06-26 07:59:59.999000+00:00,1
2026-06-26 08:00:00+00:00,0.07416,0.07417,0.07253,0.07271,57182.8,2026-06-26 11:59:59.999000+00:00,1
2026-06-26 12:00:00+00:00,0.07273,0.07366,0.07172,0.07311,157159.1,2026-06-26 15:59:59.999000+00:00,1
2026-06-26 16:00:00+00:00,0.07313,0.07385,0.07157,0.07178,141964.8,2026-06-26 19:59:59.999000+00:00,1
2026-06-26 20:00:00+00:00,0.07179,0.07223,0.07061,0.07089,174773.3,2026-06-26 23:59:59.999000+00:00,1
2026-06-27 00:00:00+00:00,0.0709,0.07248,0.0709,0.07239,91853.0,2026-06-27 03:59:59.999000+00:00,1
2026-06-27 04:00:00+00:00,0.07239,0.07284,0.07204,0.07248,91672.0,2026-06-27 07:59:59.999000+00:00,1
2026-06-27 08:00:00+00:00,0.07248,0.07273,0.07189,0.07273,64986.8,2026-06-27 11:59:59.999000+00:00,1
2026-06-27 12:00:00+00:00,0.07273,0.07343,0.07251,0.07322,81481.8,2026-06-27 15:59:59.999000+00:00,1
2026-06-27 16:00:00+00:00,0.07324,0.07335,0.07179,0.07208,75567.3,2026-06-27 19:59:59.999000+00:00,1
2026-06-27 20:00:00+00:00,0.07208,0.07246,0.07154,0.07188,74889.9,2026-06-27 23:59:59.999000+00:00,1
2026-06-28 00:00:00+00:00,0.07187,0.07189,0.07129,0.07162,66962.4,2026-06-28 03:59:59.999000+00:00,1
2026-06-28 04:00:00+00:00,0.07161,0.07191,0.0711,0.07129,40559.6,2026-06-28 07:59:59.999000+00:00,1
2026-06-28 08:00:00+00:00,0.07129,0.07169,0.07095,0.07151,29982.0,2026-06-28 11:59:59.999000+00:00,1
2026-06-28 12:00:00+00:00,0.07153,0.07182,0.07106,0.07118,38669.3,2026-06-28 15:59:59.999000+00:00,1
2026-06-28 16:00:00+00:00,0.07118,0.0712,0.07037,0.07088,83514.1,2026-06-28 19:59:59.999000+00:00,1
2026-06-28 20:00:00+00:00,0.07088,0.07129,0.07015,0.07097,66591.7,2026-06-28 23:59:59.999000+00:00,1
2026-06-29 00:00:00+00:00,0.07096,0.07206,0.07078,0.07182,116317.5,2026-06-29 03:59:59.999000+00:00,1
2026-06-29 04:00:00+00:00,0.07183,0.07184,0.07055,0.07158,56225.2,2026-06-29 07:59:59.999000+00:00,1
2026-06-29 08:00:00+00:00,0.07158,0.07173,0.07071,0.07091,68270.2,2026-06-29 11:59:59.999000+00:00,1
2026-06-29 12:00:00+00:00,0.07091,0.07185,0.07057,0.07118,178324.2,2026-06-29 15:59:59.999000+00:00,1
2026-06-29 16:00:00+00:00,0.07118,0.07236,0.07071,0.07193,110209.8,2026-06-29 19:59:59.999000+00:00,1
2026-06-29 20:00:00+00:00,0.07194,0.07219,0.07144,0.07164,53917.5,2026-06-29 23:59:59.999000+00:00,1
2026-06-30 00:00:00+00:00,0.07164,0.07175,0.07075,0.07083,103329.8,2026-06-30 03:59:59.999000+00:00,1
2026-06-30 04:00:00+00:00,0.07082,0.07149,0.07072,0.07104,56789.9,2026-06-30 07:59:59.999000+00:00,1
2026-06-30 08:00:00+00:00,0.07103,0.07108,0.0701,0.07026,74477.4,2026-06-30 11:59:59.999000+00:00,1
2026-06-30 12:00:00+00:00,0.07025,0.07118,0.06957,0.06993,344221.7,2026-06-30 15:59:59.999000+00:00,1
2026-06-30 16:00:00+00:00,0.06994,0.07027,0.06881,0.06964,216822.9,2026-06-30 19:59:59.999000+00:00,1
2026-06-30 20:00:00+00:00,0.06963,0.06976,0.06901,0.06947,92736.5,2026-06-30 23:59:59.999000+00:00,1
2026-07-01 00:00:00+00:00,0.06947,0.07038,0.0684,0.0703,161786.2,2026-07-01 03:59:59.999000+00:00,1
2026-07-01 04:00:00+00:00,0.07029,0.0708,0.06842,0.06873,247299.8,2026-07-01 07:59:59.999000+00:00,1
2026-07-01 08:00:00+00:00,0.06871,0.06953,0.06862,0.06936,82109.9,2026-07-01 11:59:59.999000+00:00,1
2026-07-01 12:00:00+00:00,0.06937,0.07227,0.06873,0.07225,236698.6,2026-07-01 15:59:59.999000+00:00,1
2026-07-01 16:00:00+00:00,0.07225,0.07302,0.07137,0.07193,182430.5,2026-07-01 19:59:59.999000+00:00,1
2026-07-01 20:00:00+00:00,0.07192,0.0728,0.07144,0.07187,198179.9,2026-07-01 23:59:59.999000+00:00,1
2026-07-02 00:00:00+00:00,0.07187,0.07382,0.07158,0.07369,167866.1,2026-07-02 03:59:59.999000+00:00,1
2026-07-02 04:00:00+00:00,0.07367,0.07372,0.07254,0.07293,55234.6,2026-07-02 07:59:59.999000+00:00,1
2026-07-02 08:00:00+00:00,0.07292,0.0738,0.07272,0.07376,94696.4,2026-07-02 11:59:59.999000+00:00,1
2026-07-02 12:00:00+00:00,0.07377,0.07488,0.07359,0.07414,177764.5,2026-07-02 15:59:59.999000+00:00,1
2026-07-02 16:00:00+00:00,0.07415,0.07447,0.07237,0.07258,126135.4,2026-07-02 19:59:59.999000+00:00,1
2026-07-02 20:00:00+00:00,0.07257,0.07263,0.07051,0.07082,222226.4,2026-07-02 23:59:59.999000+00:00,1
2026-07-03 00:00:00+00:00,0.07083,0.07224,0.07038,0.0715,234453.3,2026-07-03 03:59:59.999000+00:00,1
2026-07-03 04:00:00+00:00,0.0715,0.07175,0.07087,0.0712,92092.8,2026-07-03 07:59:59.999000+00:00,1
2026-07-03 08:00:00+00:00,0.07121,0.07187,0.07094,0.07166,128601.8,2026-07-03 11:59:59.999000+00:00,1
2026-07-03 12:00:00+00:00,0.07166,0.07237,0.07151,0.07185,142320.9,2026-07-03 15:59:59.999000+00:00,1
2026-07-03 16:00:00+00:00,0.07185,0.07343,0.07128,0.07271,180333.7,2026-07-03 19:59:59.999000+00:00,1
2026-07-03 20:00:00+00:00,0.07271,0.07437,0.07271,0.0733,204841.0,2026-07-03 23:59:59.999000+00:00,1
2026-07-04 00:00:00+00:00,0.0733,0.07343,0.07244,0.0728,130047.7,2026-07-04 03:59:59.999000+00:00,1
2026-07-04 04:00:00+00:00,0.07282,0.07331,0.07193,0.07226,77052.5,2026-07-04 07:59:59.999000+00:00,1
2026-07-04 08:00:00+00:00,0.07226,0.0743,0.07197,0.0733,209517.5,2026-07-04 11:59:59.999000+00:00,1
2026-07-04 12:00:00+00:00,0.0733,0.07497,0.07321,0.07469,168803.0,2026-07-04 15:59:59.999000+00:00,1
2026-07-04 16:00:00+00:00,0.07468,0.0758,0.07418,0.07458,150375.2,2026-07-04 19:59:59.999000+00:00,1
2026-07-04 20:00:00+00:00,0.07457,0.07731,0.07442,0.07723,250496.5,2026-07-04 23:59:59.999000+00:00,1
2026-07-05 00:00:00+00:00,0.07724,0.07762,0.07472,0.07517,266096.9,2026-07-05 03:59:59.999000+00:00,1
2026-07-05 04:00:00+00:00,0.07518,0.07558,0.07432,0.07501,88492.4,2026-07-05 07:59:59.999000+00:00,1
2026-07-05 08:00:00+00:00,0.075,0.07575,0.07427,0.07485,67618.4,2026-07-05 11:59:59.999000+00:00,1
2026-07-05 12:00:00+00:00,0.07484,0.07559,0.07456,0.07524,83240.0,2026-07-05 15:59:59.999000+00:00,1
2026-07-05 16:00:00+00:00,0.07525,0.07554,0.07487,0.07531,58127.8,2026-07-05 19:59:59.999000+00:00,1
2026-07-05 20:00:00+00:00,0.07531,0.07684,0.07492,0.07628,110507.2,2026-07-05 23:59:59.999000+00:00,1
2026-07-06 00:00:00+00:00,0.07627,0.07629,0.07535,0.07558,101537.7,2026-07-06 03:59:59.999000+00:00,1
2026-07-06 04:00:00+00:00,0.07558,0.07566,0.07428,0.07472,88793.8,2026-07-06 07:59:59.999000+00:00,1
2026-07-06 08:00:00+00:00,0.07471,0.07491,0.07415,0.07417,69670.1,2026-07-06 11:59:59.999000+00:00,1
2026-07-06 12:00:00+00:00,0.07418,0.07452,0.07245,0.07442,287771.8,2026-07-06 15:59:59.999000+00:00,1
2026-07-06 16:00:00+00:00,0.07442,0.07494,0.07402,0.07404,98765.3,2026-07-06 19:59:59.999000+00:00,1
2026-07-06 20:00:00+00:00,0.07405,0.07472,0.07285,0.07327,150257.5,2026-07-06 23:59:59.999000+00:00,1
2026-07-07 00:00:00+00:00,0.07328,0.07358,0.07209,0.07219,145777.2,2026-07-07 03:59:59.999000+00:00,1
2026-07-07 04:00:00+00:00,0.07218,0.07232,0.07151,0.07163,98291.0,2026-07-07 07:59:59.999000+00:00,1
2026-07-07 08:00:00+00:00,0.07164,0.07173,0.07084,0.07129,89350.9,2026-07-07 11:59:59.999000+00:00,1
2026-07-07 12:00:00+00:00,0.07129,0.07249,0.07051,0.07249,200334.3,2026-07-07 15:59:59.999000+00:00,1
2026-07-07 16:00:00+00:00,0.07249,0.07281,0.07125,0.07144,138127.8,2026-07-07 19:59:59.999000+00:00,1
2026-07-07 20:00:00+00:00,0.07145,0.07169,0.07028,0.07086,94563.8,2026-07-07 23:59:59.999000+00:00,1
2026-07-08 00:00:00+00:00,0.07087,0.07111,0.06989,0.07028,181034.5,2026-07-08 03:59:59.999000+00:00,1
2026-07-08 04:00:00+00:00,0.07028,0.07029,0.06953,0.06997,59779.4,2026-07-08 07:59:59.999000+00:00,1
2026-07-08 08:00:00+00:00,0.06997,0.07015,0.06897,0.06957,162190.4,2026-07-08 11:59:59.999000+00:00,1
2026-07-08 12:00:00+00:00,0.06957,0.07003,0.06887,0.06906,119033.3,2026-07-08 15:59:59.999000+00:00,1
2026-07-08 16:00:00+00:00,0.06906,0.06993,0.06902,0.06944,88714.1,2026-07-08 19:59:59.999000+00:00,1
2026-07-08 20:00:00+00:00,0.06945,0.06953,0.06873,0.0693,67646.2,2026-07-08 23:59:59.999000+00:00,1
2026-07-09 00:00:00+00:00,0.06931,0.07043,0.06907,0.06943,152747.7,2026-07-09 03:59:59.999000+00:00,1
2026-07-09 04:00:00+00:00,0.06944,0.07144,0.06939,0.07052,211738.8,2026-07-09 07:59:59.999000+00:00,1
2026-07-09 08:00:00+00:00,0.07051,0.07099,0.07015,0.07052,65552.4,2026-07-09 11:59:59.999000+00:00,1
2026-07-09 12:00:00+00:00,0.07053,0.07076,0.06971,0.06991,106143.9,2026-07-09 15:59:59.999000+00:00,1
2026-07-09 16:00:00+00:00,0.06989,0.07047,0.0696,0.07,100600.6,2026-07-09 19:59:59.999000+00:00,1
2026-07-09 20:00:00+00:00,0.07,0.07047,0.06976,0.06988,61024.2,2026-07-09 23:59:59.999000+00:00,1
2026-07-10 00:00:00+00:00,0.06989,0.07117,0.06944,0.07042,152518.0,2026-07-10 03:59:59.999000+00:00,1
2026-07-10 04:00:00+00:00,0.07043,0.07091,0.07033,0.0704,37359.7,2026-07-10 07:59:59.999000+00:00,1
2026-07-10 08:00:00+00:00,0.07038,0.07131,0.07034,0.07114,100883.2,2026-07-10 11:59:59.999000+00:00,1
2026-07-10 12:00:00+00:00,0.07113,0.0714,0.06978,0.07029,224768.2,2026-07-10 15:59:59.999000+00:00,1
2026-07-10 16:00:00+00:00,0.07029,0.07053,0.06959,0.06991,73909.2,2026-07-10 19:59:59.999000+00:00,1
2026-07-10 20:00:00+00:00,0.0699,0.07035,0.0697,0.07028,41279.6,2026-07-10 23:59:59.999000+00:00,1
2026-07-11 00:00:00+00:00,0.07028,0.07113,0.06985,0.07,156127.7,2026-07-11 03:59:59.999000+00:00,1
2026-07-11 04:00:00+00:00,0.06999,0.07063,0.06976,0.0706,96514.2,2026-07-11 07:59:59.999000+00:00,1
2026-07-11 08:00:00+00:00,0.0706,0.07066,0.06655,0.06859,832813.3,2026-07-11 11:59:59.999000+00:00,1
2026-07-11 12:00:00+00:00,0.06859,0.07008,0.06815,0.06986,254019.9,2026-07-11 15:59:59.999000+00:00,1
2026-07-11 16:00:00+00:00,0.06987,0.07014,0.06921,0.06988,112149.2,2026-07-11 19:59:59.999000+00:00,1
2026-07-11 20:00:00+00:00,0.06988,0.06994,0.06844,0.06844,138440.4,2026-07-11 23:59:59.999000+00:00,1
2026-07-12 00:00:00+00:00,0.06844,0.06878,0.06735,0.06851,245453.0,2026-07-12 03:59:59.999000+00:00,1
2026-07-12 04:00:00+00:00,0.06851,0.06851,0.06741,0.06761,82834.0,2026-07-12 07:59:59.999000+00:00,1
2026-07-12 08:00:00+00:00,0.06761,0.068,0.06739,0.06781,80867.7,2026-07-12 11:59:59.999000+00:00,1
2026-07-12 12:00:00+00:00,0.06782,0.06804,0.06707,0.06768,161354.8,2026-07-12 15:59:59.999000+00:00,1
2026-07-12 16:00:00+00:00,0.06767,0.06777,0.06729,0.06766,50561.1,2026-07-12 19:59:59.999000+00:00,1
2026-07-12 20:00:00+00:00,0.06767,0.06836,0.06704,0.06753,102660.4,2026-07-12 23:59:59.999000+00:00,1
2026-07-13 00:00:00+00:00,0.06753,0.06863,0.06665,0.06707,253727.8,2026-07-13 03:59:59.999000+00:00,1
2026-07-13 04:00:00+00:00,0.06707,0.06772,0.06689,0.06764,91741.2,2026-07-13 07:59:59.999000+00:00,1
2026-07-13 08:00:00+00:00,0.06764,0.06788,0.06678,0.06681,72702.4,2026-07-13 11:59:59.999000+00:00,1
2026-07-13 12:00:00+00:00,0.06681,0.06729,0.06638,0.0667,144224.0,2026-07-13 15:59:59.999000+00:00,1
2026-07-13 16:00:00+00:00,0.06669,0.0668,0.06592,0.06644,130920.9,2026-07-13 19:59:59.999000+00:00,1
2026-07-13 20:00:00+00:00,0.06643,0.06664,0.0655,0.06656,57169.6,2026-07-13 23:59:59.999000+00:00,1
2026-07-14 00:00:00+00:00,0.06657,0.06663,0.06561,0.06613,66942.6,2026-07-14 03:59:59.999000+00:00,1
2026-07-14 04:00:00+00:00,0.06612,0.0667,0.06586,0.06597,66322.6,2026-07-14 07:59:59.999000+00:00,1
2026-07-14 08:00:00+00:00,0.06598,0.06629,0.06574,0.06628,57625.4,2026-07-14 11:59:59.999000+00:00,1
2026-07-14 12:00:00+00:00,0.06629,0.06767,0.06614,0.06692,251826.3,2026-07-14 15:59:59.999000+00:00,1
2026-07-14 16:00:00+00:00,0.06693,0.06711,0.06625,0.06658,73823.0,2026-07-14 19:59:59.999000+00:00,1
2026-07-14 20:00:00+00:00,0.06658,0.06743,0.06629,0.06729,111505.4,2026-07-14 23:59:59.999000+00:00,1
2026-07-15 00:00:00+00:00,0.0673,0.06744,0.06704,0.06744,54487.4,2026-07-15 03:59:59.999000+00:00,1
2026-07-15 04:00:00+00:00,0.06744,0.06787,0.06705,0.06745,79913.8,2026-07-15 07:59:59.999000+00:00,1
2026-07-15 08:00:00+00:00,0.06746,0.06755,0.0671,0.06743,63810.6,2026-07-15 11:59:59.999000+00:00,1
2026-07-15 12:00:00+00:00,0.06743,0.06834,0.06739,0.06822,136016.0,2026-07-15 15:59:59.999000+00:00,1
2026-07-15 16:00:00+00:00,0.06822,0.06825,0.06714,0.0674,137153.0,2026-07-15 19:59:59.999000+00:00,1
2026-07-15 20:00:00+00:00,0.0674,0.06817,0.06732,0.06789,79258.1,2026-07-15 23:59:59.999000+00:00,1
2026-07-16 00:00:00+00:00,0.06789,0.06821,0.0673,0.06749,66810.0,2026-07-16 03:59:59.999000+00:00,1
2026-07-16 04:00:00+00:00,0.06748,0.06771,0.06691,0.06704,82835.0,2026-07-16 07:59:59.999000+00:00,1
2026-07-16 08:00:00+00:00,0.06703,0.06755,0.06672,0.0675,80076.1,2026-07-16 11:59:59.999000+00:00,1
2026-07-16 12:00:00+00:00,0.06751,0.06805,0.06692,0.06803,120098.9,2026-07-16 15:59:59.999000+00:00,1
2026-07-16 16:00:00+00:00,0.06804,0.06815,0.0671,0.06729,90376.2,2026-07-16 19:59:59.999000+00:00,1
2026-07-16 20:00:00+00:00,0.0673,0.06785,0.06627,0.06655,108858.2,2026-07-16 23:59:59.999000+00:00,1
2026-07-17 00:00:00+00:00,0.06653,0.06691,0.06614,0.06636,105645.1,2026-07-17 03:59:59.999000+00:00,1
2026-07-17 04:00:00+00:00,0.06635,0.06657,0.06572,0.06598,134915.5,2026-07-17 07:59:59.999000+00:00,1
2026-07-17 08:00:00+00:00,0.06598,0.06647,0.06582,0.06599,60956.7,2026-07-17 11:59:59.999000+00:00,1
2026-07-17 12:00:00+00:00,0.06599,0.06628,0.06528,0.06598,106632.9,2026-07-17 15:59:59.999000+00:00,1
2026-07-17 16:00:00+00:00,0.06598,0.06645,0.06586,0.06608,78425.8,2026-07-17 19:59:59.999000+00:00,1
2026-07-17 20:00:00+00:00,0.06607,0.06619,0.06583,0.06587,58304.3,2026-07-17 23:59:59.999000+00:00,1
2026-07-18 00:00:00+00:00,0.06587,0.06631,0.06561,0.06631,105551.8,2026-07-18 03:59:59.999000+00:00,1
2026-07-18 04:00:00+00:00,0.06632,0.06635,0.06592,0.06628,59283.4,2026-07-18 07:59:59.999000+00:00,1
2026-07-18 08:00:00+00:00,0.06627,0.06642,0.06602,0.06617,41697.3,2026-07-18 11:59:59.999000+00:00,1
2026-07-18 12:00:00+00:00,0.06616,0.06665,0.06611,0.06663,61559.7,2026-07-18 15:59:59.999000+00:00,1
2026-07-18 16:00:00+00:00,0.06662,0.06689,0.06656,0.06673,75757.0,2026-07-18 19:59:59.999000+00:00,1
2026-07-18 20:00:00+00:00,0.06673,0.06707,0.06671,0.06706,34640.3,2026-07-18 23:59:59.999000+00:00,1
2026-07-19 00:00:00+00:00,0.06707,0.0674,0.0666,0.06671,101645.7,2026-07-19 03:59:59.999000+00:00,1
2026-07-19 04:00:00+00:00,0.0667,0.06736,0.06658,0.0671,122332.0,2026-07-19 07:59:59.999000+00:00,1
2026-07-19 08:00:00+00:00,0.0671,0.06724,0.06653,0.06667,50688.2,2026-07-19 11:59:59.999000+00:00,1
2026-07-19 12:00:00+00:00,0.06667,0.0669,0.06649,0.06667,33430.3,2026-07-19 15:59:59.999000+00:00,1
2026-07-19 16:00:00+00:00,0.06668,0.06674,0.06622,0.06638,35870.0,2026-07-19 19:59:59.999000+00:00,1
2026-07-19 20:00:00+00:00,0.06639,0.06666,0.06628,0.06652,39504.9,2026-07-19 23:59:59.999000+00:00,1
2026-07-20 00:00:00+00:00,0.06651,0.06686,0.06578,0.06612,131351.0,2026-07-20 03:59:59.999000+00:00,1
2026-07-20 04:00:00+00:00,0.06613,0.06614,0.06537,0.06568,65962.7,2026-07-20 07:59:59.999000+00:00,1
2026-07-20 08:00:00+00:00,0.06568,0.06662,0.06547,0.06659,86740.0,2026-07-20 11:59:59.999000+00:00,1
2026-07-20 12:00:00+00:00,0.0666,0.06684,0.06571,0.06669,70063.5,2026-07-20 15:59:59.999000+00:00,1
2026-07-20 16:00:00+00:00,0.0667,0.06706,0.06595,0.06605,103704.8,2026-07-20 19:59:59.999000+00:00,1
2026-07-20 20:00:00+00:00,0.06606,0.06675,0.06601,0.06668,63782.9,2026-07-20 23:59:59.999000+00:00,1
2026-07-21 00:00:00+00:00,0.06667,0.06713,0.06655,0.06712,89848.7,2026-07-21 03:59:59.999000+00:00,1
2026-07-21 04:00:00+00:00,0.06711,0.06748,0.06671,0.06743,83892.0,2026-07-21 07:59:59.999000+00:00,1
2026-07-21 08:00:00+00:00,0.06743,0.06851,0.06741,0.06834,98895.4,2026-07-21 11:59:59.999000+00:00,1
2026-07-21 12:00:00+00:00,0.06834,0.06884,0.06807,0.06856,119784.1,2026-07-21 15:59:59.999000+00:00,1
2026-07-21 16:00:00+00:00,0.06855,0.07076,0.06828,0.06975,193143.7,2026-07-21 19:59:59.999000+00:00,1
2026-07-21 20:00:00+00:00,0.06975,0.07019,0.06906,0.0695,92736.9,2026-07-21 23:59:59.999000+00:00,1
2026-07-22 00:00:00+00:00,0.0695,0.07069,0.06937,0.07018,110948.0,2026-07-22 03:59:59.999000+00:00,1
2026-07-22 04:00:00+00:00,0.07018,0.07033,0.06945,0.07012,90029.4,2026-07-22 07:59:59.999000+00:00,1
2026-07-22 08:00:00+00:00,0.07012,0.07189,0.0701,0.07135,197492.6,2026-07-22 11:59:59.999000+00:00,1
2026-07-22 12:00:00+00:00,0.07135,0.07331,0.07061,0.07246,354800.5,2026-07-22 15:59:59.999000+00:00,1
2026-07-22 16:00:00+00:00,0.07246,0.07413,0.0713,0.07169,197523.7,2026-07-22 19:59:59.999000+00:00,1
2026-07-22 20:00:00+00:00,0.07168,0.07315,0.07145,0.07283,121603.7,2026-07-22 23:59:59.999000+00:00,1
2026-07-23 00:00:00+00:00,0.07284,0.07362,0.07243,0.07262,176726.4,2026-07-23 03:59:59.999000+00:00,1
2026-07-23 04:00:00+00:00,0.07262,0.07392,0.07255,0.0735,149155.7,2026-07-23 07:59:59.999000+00:00,1
2026-07-23 08:00:00+00:00,0.07351,0.07446,0.0727,0.0728,201082.2,2026-07-23 11:59:59.999000+00:00,1
2026-07-23 12:00:00+00:00,0.07279,0.07292,0.07096,0.07193,377660.9,2026-07-23 15:59:59.999000+00:00,1
2026-07-23 16:00:00+00:00,0.07192,0.07255,0.07158,0.07212,122602.8,2026-07-23 19:59:59.999000+00:00,1
2026-07-23 20:00:00+00:00,0.07211,0.07263,0.07107,0.07109,83451.5,2026-07-23 23:59:59.999000+00:00,1
2026-07-24 00:00:00+00:00,0.07109,0.07124,0.07054,0.07089,106716.8,2026-07-24 03:59:59.999000+00:00,1
2026-07-24 04:00:00+00:00,0.0709,0.07148,0.07066,0.07107,71096.1,2026-07-24 07:59:59.999000+00:00,1
2026-07-24 08:00:00+00:00,0.07107,0.07107,0.07028,0.07044,57472.8,2026-07-24 11:59:59.999000+00:00,1
2026-07-24 12:00:00+00:00,0.07045,0.07117,0.07033,0.07077,148536.9,2026-07-24 15:59:59.999000+00:00,1
2026-07-24 16:00:00+00:00,0.07077,0.07193,0.07042,0.07136,136980.2,2026-07-24 19:59:59.999000+00:00,1
2026-07-24 20:00:00+00:00,0.07134,0.07277,0.07032,0.07077,163961.0,2026-07-24 23:59:59.999000+00:00,1
2026-07-25 00:00:00+00:00,0.07078,0.07117,0.06982,0.07039,148420.6,2026-07-25 03:59:59.999000+00:00,1
2026-07-25 04:00:00+00:00,0.07039,0.0705,0.06999,0.07004,35920.2,2026-07-25 07:59:59.999000+00:00,1
2026-07-25 08:00:00+00:00,0.07003,0.07032,0.06975,0.07005,56510.1,2026-07-25 11:59:59.999000+00:00,1
2026-07-25 12:00:00+00:00,0.07005,0.07021,0.06992,0.07014,43085.9,2026-07-25 15:59:59.999000+00:00,1
2026-07-25 16:00:00+00:00,0.07015,0.07138,0.07005,0.07095,79963.1,2026-07-25 19:59:59.999000+00:00,1
2026-07-25 20:00:00+00:00,0.07096,0.07114,0.07023,0.07091,59370.4,2026-07-25 23:59:59.999000+00:00,1
2026-07-26 00:00:00+00:00,0.07091,0.07096,0.07,0.07014,75067.6,2026-07-26 03:59:59.999000+00:00,1
2026-07-26 04:00:00+00:00,0.07013,0.07043,0.06963,0.0699,82900.1,2026-07-26 07:59:59.999000+00:00,1
2026-07-26 08:00:00+00:00,0.0699,0.07042,0.06984,0.07003,38915.6,2026-07-26 11:59:59.999000+00:00,1
2026-07-26 12:00:00+00:00,0.07002,0.07022,0.06972,0.07007,56305.1,2026-07-26 15:59:59.999000+00:00,1
2026-07-26 16:00:00+00:00,0.07008,0.07036,0.06983,0.06992,29500.4,2026-07-26 19:59:59.999000+00:00,1
2026-07-26 20:00:00+00:00,0.06993,0.07043,0.06903,0.07019,97479.5,2026-07-26 23:59:59.999000+00:00,1
2026-07-27 00:00:00+00:00,0.0702,0.07021,0.06922,0.06997,148076.4,2026-07-27 03:59:59.999000+00:00,1
2026-07-27 04:00:00+00:00,0.06997,0.06999,0.06931,0.06933,73829.4,2026-07-27 07:59:59.999000+00:00,1
2026-07-27 08:00:00+00:00,0.06933,0.0695,0.06893,0.06917,69349.2,2026-07-27 11:59:59.999000+00:00,1
2026-07-27 12:00:00+00:00,0.06917,0.06977,0.06778,0.06798,268123.2,2026-07-27 15:59:59.999000+00:00,1
2026-07-27 16:00:00+00:00,0.06797,0.06903,0.06788,0.06892,90654.6,2026-07-27 19:59:59.999000+00:00,1
2026-07-27 20:00:00+00:00,0.06892,0.06905,0.06797,0.06806,80561.5,2026-07-27 23:59:59.999000+00:00,1
2026-07-28 00:00:00+00:00,0.06807,0.06831,0.06727,0.0677,113663.0,2026-07-28 03:59:59.999000+00:00,1
2026-07-28 04:00:00+00:00,0.0677,0.06862,0.06766,0.06788,160310.4,2026-07-28 07:59:59.999000+00:00,1
2026-07-28 08:00:00+00:00,0.06787,0.06808,0.06748,0.0675,48135.1,2026-07-28 11:59:59.999000+00:00,1
2026-07-28 12:00:00+00:00,0.06749,0.0685,0.06698,0.06844,134664.1,2026-07-28 15:59:59.999000+00:00,1
2026-07-28 16:00:00+00:00,0.06844,0.06899,0.06787,0.06833,67687.0,2026-07-28 19:59:59.999000+00:00,1
2026-07-28 20:00:00+00:00,0.06834,0.06854,0.06795,0.06839,61747.0,2026-07-28 23:59:59.999000+00:00,1
2026-07-29 00:00:00+00:00,0.0684,0.0692,0.06819,0.0682,117201.8,2026-07-29 03:59:59.999000+00:00,1
2026-07-29 04:00:00+00:00,0.06821,0.06875,0.06789,0.06868,64001.3,2026-07-29 07:59:59.999000+00:00,1
2026-07-29 08:00:00+00:00,0.06868,0.0689,0.06815,0.0684,66305.6,2026-07-29 11:59:59.999000+00:00,1
2026-07-29 12:00:00+00:00,0.0684,0.0684,0.06774,0.06781,86874.8,2026-07-29 15:59:59.999000+00:00,1
2026-07-29 16:00:00+00:00,0.06782,0.06855,0.06734,0.06738,102942.0,2026-07-29 19:59:59.999000+00:00,1
2026-07-29 20:00:00+00:00,0.06738,0.06792,0.06688,0.06786,106304.1,2026-07-29 23:59:59.999000+00:00,1
2026-07-30 00:00:00+00:00,0.06787,0.06857,0.06761,0.06797,130066.4,2026-07-30 03:59:59.999000+00:00,1
2026-07-30 04:00:00+00:00,0.06798,0.06799,0.06766,0.06766,43908.9,2026-07-30 07:59:59.999000+00:00,1
2026-07-30 08:00:00+00:00,0.06768,0.06805,0.06762,0.06801,63127.8,2026-07-30 11:59:59.999000+00:00,1
2026-07-30 12:00:00+00:00,0.06801,0.06853,0.06795,0.0681,83724.8,2026-07-30 15:59:59.999000+00:00,1
2026-07-30 16:00:00+00:00,0.0681,0.06862,0.06809,0.06855,52690.3,2026-07-30 19:59:59.999000+00:00,1
2026-07-30 20:00:00+00:00,0.06855,0.06896,0.06834,0.06834,80478.2,2026-07-30 23:59:59.999000+00:00,1
2026-07-31 00:00:00+00:00,0.06835,0.06844,0.0679,0.06832,88579.8,2026-07-31 03:59:59.999000+00:00,1
2026-07-31 04:00:00+00:00,0.06831,0.06886,0.06827,0.06879,53972.7,2026-07-31 07:59:59.999000+00:00,1
2026-07-31 08:00:00+00:00,0.06879,0.06884,0.06796,0.06803,56012.4,2026-07-31 11:59:59.999000+00:00,1
2026-07-31 12:00:00+00:00,0.06803,0.06834,0.06739,0.06744,138339.3,2026-07-31 15:59:59.999000+00:00,1
2026-07-31 16:00:00+00:00,0.06743,0.06839,0.06735,0.06805,53480.3,2026-07-31 19:59:59.999000+00:00,1
2026-07-31 20:00:00+00:00,0.06806,0.06881,0.06798,0.06877,46982.6,2026-07-31 23:59:59.999000+00:00,1
2026-08-01 00:00:00+00:00,0.06878,0.07053,0.06864,0.07,138455.1,2026-08-01 03:59:59.999000+00:00,1
2026-08-01 04:00:00+00:00,0.07,0.07005,0.06931,0.06973,70676.6,2026-08-01 07:59:59.999000+00:00,1
2026-08-01 08:00:00+00:00,0.06973,0.07043,0.06968,0.06988,62917.6,2026-08-01 11:59:59.999000+00:00,1
2026-08-01 12:00:00+00:00,0.06988,0.07023,0.06954,0.06981,52327.3,2026-08-01 15:59:59.999000+00:00,1
2026-08-01 16:00:00+00:00,0.0698,0.06994,0.06865,0.06912,95710.7,2026-08-01 19:59:59.999000+00:00,1
2026-08-01 20:00:00+00:00,0.06912,0.06939,0.06895,0.06901,60360.7,2026-08-01 23:59:59.999000+00:00,1
2026-08-02 00:00:00+00:00,0.069,0.06961,0.06892,0.06947,97358.7,2026-08-02 03:59:59.999000+00:00,1
2026-08-02 04:00:00+00:00,0.06946,0.07065,0.06946,0.07045,96880.5,2026-08-02 07:59:59.999000+00:00,1
2026-08-02 08:00:00+00:00,0.07046,0.07063,0.06972,0.07006,59219.3,2026-08-02 11:59:59.999000+00:00,1
2026-08-02 12:00:00+00:00,0.07007,0.07038,0.06979,0.06992,68280.7,2026-08-02 15:59:59.999000+00:00,1
2026-08-02 16:00:00+00:00,0.06992,0.07015,0.06956,0.06981,31520.2,2026-08-02 19:59:59.999000+00:00,1
2026-08-02 20:00:00+00:00,0.06982,0.07009,0.06965,0.07,29473.2,2026-08-02 23:59:59.999000+00:00,1
2026-08-03 00:00:00+00:00,0.07,0.07007,0.06905,0.0693,71942.7,2026-08-03 03:59:59.999000+00:00,1
2026-08-03 04:00:00+00:00,0.06929,0.06944,0.06881,0.06897,54935.8,2026-08-03 07:59:59.999000+00:00,1
2026-08-03 08:00:00+00:00,0.06896,0.06897,0.06843,0.06869,47216.2,2026-08-03 11:59:59.999000+00:00,1
2026-08-03 12:00:00+00:00,0.06869,0.07032,0.06867,0.07025,168392.1,2026-08-03 15:59:59.999000+00:00,1
2026-08-03 16:00:00+00:00,0.07026,0.07089,0.06998,0.07044,167256.0,2026-08-03 19:59:59.999000+00:00,1
2026-08-03 20:00:00+00:00,0.07043,0.07129,0.07036,0.07051,57929.0,2026-08-03 23:59:59.999000+00:00,1
2026-08-04 00:00:00+00:00,0.0705,0.07125,0.06991,0.07117,75402.4,2026-08-04 03:59:59.999000+00:00,1
2026-08-04 04:00:00+00:00,0.07116,0.07154,0.0704,0.07083,85298.0,2026-08-04 07:59:59.999000+00:00,1
2026-08-04 08:00:00+00:00,0.07084,0.07152,0.07053,0.07093,138821.2,2026-08-04 11:59:59.999000+00:00,1
2026-08-04 12:00:00+00:00,0.07091,0.07092,0.06915,0.06964,360070.5,2026-08-04 15:59:59.999000+00:00,1
2026-08-04 16:00:00+00:00,0.06963,0.07022,0.06954,0.07016,114684.6,2026-08-04 19:59:59.999000+00:00,1
2026-08-04 20:00:00+00:00,0.07016,0.07016,0.0693,0.06935,103532.9,2026-08-04 23:59:59.999000+00:00,1
2026-08-05 00:00:00+00:00,0.06935,0.06946,0.06898,0.06903,115674.6,2026-08-05 03:59:59.999000+00:00,1
2026-08-05 04:00:00+00:00,0.06903,0.06935,0.06896,0.06916,53992.2,2026-08-05 07:59:59.999000+00:00,1
2026-08-05 08:00:00+00:00,0.06914,0.0694,0.06897,0.06914,44995.8,2026-08-05 11:59:59.999000+00:00,1
2026-08-05 12:00:00+00:00,0.06913,0.06997,0.06863,0.06865,184507.5,2026-08-05 15:59:59.999000+00:00,1
2026-08-05 16:00:00+00:00,0.06865,0.06981,0.06863,0.06963,66665.8,2026-08-05 19:59:59.999000+00:00,1
2026-08-05 20:00:00+00:00,0.06962,0.06982,0.06902,0.06902,46467.7,2026-08-05 23:59:59.999000+00:00,1
2026-08-06 00:00:00+00:00,0.06903,0.0695,0.06824,0.06833,72028.6,2026-08-06 03:59:59.999000+00:00,1
2026-08-06 04:00:00+00:00,0.06834,0.06884,0.06826,0.06845,52529.8,2026-08-06 07:59:59.999000+00:00,1
2026-08-06 08:00:00+00:00,0.06844,0.06887,0.06812,0.06875,64015.8,2026-08-06 11:59:59.999000+00:00,1
2026-08-06 12:00:00+00:00,0.06875,0.06963,0.06831,0.06832,191168.8,2026-08-06 15:59:59.999000+00:00,1
2026-08-06 16:00:00+00:00,0.06833,0.06884,0.06805,0.06807,106640.9,2026-08-06 19:59:59.999000+00:00,1
2026-08-06 20:00:00+00:00,0.06806,0.06844,0.06802,0.06819,54268.2,2026-08-06 23:59:59.999000+00:00,1
2026-08-07 00:00:00+00:00,0.06819,0.06856,0.06801,0.06803,58746.2,2026-08-07 03:59:59.999000+00:00,1
2026-08-07 04:00:00+00:00,0.06802,0.06862,0.06785,0.06854,93849.3,2026-08-07 07:59:59.999000+00:00,1
2026-08-07 08:00:00+00:00,0.06854,0.06878,0.06835,0.06846,54862.9,2026-08-07 11:59:59.999000+00:00,1
2026-08-07 12:00:00+00:00,0.06844,0.06874,0.06762,0.06785,92047.6,2026-08-07 15:59:59.999000+00:00,1
2026-08-07 16:00:00+00:00,0.06784,0.06794,0.06708,0.06766,84052.4,2026-08-07 19:59:59.999000+00:00,1
2026-08-07 20:00:00+00:00,0.06767,0.06812,0.0676,0.068,35574.2,2026-08-07 23:59:59.999000+00:00,1
2026-08-08 00:00:00+00:00,0.06799,0.06849,0.06789,0.06812,89220.8,2026-08-08 03:59:59.999000+00:00,1
2026-08-08 04:00:00+00:00,0.06812,0.06835,0.06797,0.06835,31166.9,2026-08-08 07:59:59.999000+00:00,1
2026-08-08 08:00:00+00:00,0.06836,0.06866,0.06823,0.0685,38030.3,2026-08-08 11:59:59.999000+00:00,1
2026-08-08 12:00:00+00:00,0.06849,0.06936,0.06849,0.06924,67166.0,2026-08-08 15:59:59.999000+00:00,1
2026-08-08 16:00:00+00:00,0.06923,0.06994,0.06904,0.06915,116746.5,2026-08-08 19:59:59.999000+00:00,1
2026-08-08 20:00:00+00:00,0.06915,0.06944,0.06875,0.06892,32834.0,2026-08-08 23:59:59.999000+00:00,1
2026-08-09 00:00:00+00:00,0.06892,0.06953,0.06882,0.06936,68019.4,2026-08-09 03:59:59.999000+00:00,1
2026-08-09 04:00:00+00:00,0.06936,0.07001,0.06898,0.06944,58869.5,2026-08-09 07:59:59.999000+00:00,1
2026-08-09 08:00:00+00:00,0.06944,0.06961,0.06869,0.06876,54376.9,2026-08-09 11:59:59.999000+00:00,1
2026-08-09 12:00:00+00:00,0.06877,0.06925,0.06873,0.06911,60521.8,2026-08-09 15:59:59.999000+00:00,1
2026-08-09 16:00:00+00:00,0.06911,0.06943,0.06902,0.0694,42612.2,2026-08-09 19:59:59.999000+00:00,1
2026-08-09 20:00:00+00:00,0.0694,0.06966,0.06852,0.06855,75564.0,2026-08-09 23:59:59.999000+00:00,1
2026-08-10 00:00:00+00:00,0.06854,0.06918,0.06834,0.06837,117185.8,2026-08-10 03:59:59.999000+00:00,1
2026-08-10 04:00:00+00:00,0.06835,0.06881,0.06832,0.06873,42423.3,2026-08-10 07:59:59.999000+00:00,1
2026-08-10 08:00:00+00:00,0.06872,0.06879,0.06849,0.06853,37031.0,2026-08-10 11:59:59.999000+00:00,1
2026-08-10 12:00:00+00:00,0.06853,0.06864,0.06792,0.0681,116172.5,2026-08-10 15:59:59.999000+00:00,1
2026-08-10 16:00:00+00:00,0.0681,0.06825,0.06774,0.06801,66176.4,2026-08-10 19:59:59.999000+00:00,1
2026-08-10 20:00:00+00:00,0.068,0.06804,0.06743,0.0676,33797.8,2026-08-10 23:59:59.999000+00:00,1
2026-08-11 00:00:00+00:00,0.0676,0.06794,0.06731,0.0678,78864.0,2026-08-11 03:59:59.999000+00:00,1
2026-08-11 04:00:00+00:00,0.06781,0.06791,0.0671,0.06733,73108.7,2026-08-11 07:59:59.999000+00:00,1
2026-08-11 08:00:00+00:00,0.06734,0.06743,0.0668,0.06711,65494.9,2026-08-11 11:59:59.999000+00:00,1
2026-08-11 12:00:00+00:00,0.06711,0.0672,0.06579,0.06608,135205.7,2026-08-11 15:59:59.999000+00:00,1
2026-08-11 16:00:00+00:00,0.06608,0.06633,0.06587,0.06621,52226.3,2026-08-11 19:59:59.999000+00:00,1
2026-08-11 20:00:00+00:00,0.06621,0.06665,0.06616,0.06637,36780.6,2026-08-11 23:59:59.999000+00:00,1
2026-08-12 00:00:00+00:00,0.06637,0.06681,0.06628,0.06667,82197.5,2026-08-12 03:59:59.999000+00:00,1
2026-08-12 04:00:00+00:00,0.06667,0.06676,0.06643,0.06675,37032.3,2026-08-12 07:59:59.999000+00:00,1
2026-08-12 08:00:00+00:00,0.06674,0.06683,0.06635,0.06677,46011.7,2026-08-12 11:59:59.999000+00:00,1
2026-08-12 12:00:00+00:00,0.06677,0.06695,0.06551,0.06595,129600.0,2026-08-12 15:59:59.999000+00:00,1
2026-08-12 16:00:00+00:00,0.06594,0.06608,0.06561,0.06575,23512.1,2026-08-12 19:59:59.999000+00:00,1
2026-08-12 20:00:00+00:00,0.06574,0.066,0.06553,0.06599,25920.4,2026-08-12 23:59:59.999000+00:00,1
2026-08-13 00:00:00+00:00,0.06599,0.06607,0.0656,0.06598,58448.9,2026-08-13 03:59:59.999000+00:00,1
2026-08-13 04:00:00+00:00,0.06599,0.06655,0.06599,0.06636,41424.2,2026-08-13 07:59:59.999000+00:00,1
2026-08-13 08:00:00+00:00,0.06636,0.06657,0.06589,0.06601,87586.8,2026-08-13 11:59:59.999000+00:00,1
2026-08-13 12:00:00+00:00,0.066,0.06692,0.06598,0.06644,138334.7,2026-08-13 15:59:59.999000+00:00,1
2026-08-13 16:00:00+00:00,0.06643,0.06679,0.06527,0.06555,223902.8,2026-08-13 19:59:59.999000+00:00,1
2026-08-13 20:00:00+00:00,0.06555,0.06572,0.06536,0.06545,107406.9,2026-08-13 23:59:59.999000+00:00,1
2026-08-14 00:00:00+00:00,0.06545,0.06576,0.06518,0.06537,86191.1,2026-08-14 03:59:59.999000+00:00,1
2026-08-14 04:00:00+00:00,0.06537,0.06562,0.06514,0.06522,61943.8,2026-08-14 07:59:59.999000+00:00,1
2026-08-14 08:00:00+00:00,0.06522,0.06552,0.06475,0.06545,105548.6,2026-08-14 11:59:59.999000+00:00,1
2026-08-14 12:00:00+00:00,0.06545,0.06616,0.06535,0.06588,99917.5,2026-08-14 15:59:59.999000+00:00,1
2026-08-14 16:00:00+00:00,0.06588,0.06597,0.06502,0.06506,121433.1,2026-08-14 19:59:59.999000+00:00,1
2026-08-14 20:00:00+00:00,0.06506,0.06588,0.06495,0.06585,111349.4,2026-08-14 23:59:59.999000+00:00,1
2026-08-15 00:00:00+00:00,0.06585,0.06636,0.06568,0.06616,118564.3,2026-08-15 03:59:59.999000+00:00,1
2026-08-15 04:00:00+00:00,0.06617,0.06632,0.06553,0.06558,72201.9,2026-08-15 07:59:59.999000+00:00,1
2026-08-15 08:00:00+00:00,0.06556,0.06585,0.06543,0.06572,55164.0,2026-08-15 11:59:59.999000+00:00,1
2026-08-15 12:00:00+00:00,0.06571,0.06586,0.06561,0.06586,22599.8,2026-08-15 15:59:59.999000+00:00,1
2026-08-15 16:00:00+00:00,0.06584,0.06584,0.06534,0.06575,34066.3,2026-08-15 19:59:59.999000+00:00,1
2026-08-15 20:00:00+00:00,0.06575,0.06575,0.06538,0.06543,69536.7,2026-08-15 23:59:59.999000+00:00,1
2026-08-16 00:00:00+00:00,0.06543,0.06544,0.06483,0.06524,127275.2,2026-08-16 03:59:59.999000+00:00,1
2026-08-16 04:00:00+00:00,0.06522,0.06529,0.06497,0.06507,73705.9,2026-08-16 07:59:59.999000+00:00,1
2026-08-16 08:00:00+00:00,0.06506,0.06513,0.06498,0.06507,17470.0,2026-08-16 11:59:59.999000+00:00,1
2026-08-16 12:00:00+00:00,0.06507,0.06524,0.06498,0.06515,40820.2,2026-08-16 15:59:59.999000+00:00,1
2026-08-16 16:00:00+00:00,0.06515,0.06541,0.06503,0.0651,27870.8,2026-08-16 19:59:59.999000+00:00,1
2026-08-16 20:00:00+00:00,0.06511,0.06519,0.06438,0.06461,91398.6,2026-08-16 23:59:59.999000+00:00,1
2026-08-17 00:00:00+00:00,0.06461,0.06506,0.06416,0.06487,87829.0,2026-08-17 03:59:59.999000+00:00,1
2026-08-17 04:00:00+00:00,0.06487,0.06582,0.06485,0.06555,103645.8,2026-08-17 07:59:59.999000+00:00,1
2026-08-17 08:00:00+00:00,0.06555,0.06635,0.06524,0.06611,97584.3,2026-08-17 11:59:59.999000+00:00,1
2026-08-17 12:00:00+00:00,0.06612,0.06629,0.06531,0.06626,97779.8,2026-08-17 15:59:59.999000+00:00,1
2026-08-17 16:00:00+00:00,0.06626,0.06626,0.06565,0.06573,58188.8,2026-08-17 19:59:59.999000+00:00,1
2026-08-17 20:00:00+00:00,0.06572,0.06609,0.06565,0.06594,42482.6,2026-08-17 23:59:59.999000+00:00,1
2026-08-18 00:00:00+00:00,0.06594,0.06609,0.06507,0.06537,114692.6,2026-08-18 03:59:59.999000+00:00,1
2026-08-18 04:00:00+00:00,0.06538,0.06597,0.06532,0.06571,40481.6,2026-08-18 07:59:59.999000+00:00,1
2026-08-18 08:00:00+00:00,0.06571,0.0661,0.06544,0.0659,30849.6,2026-08-18 11:59:59.999000+00:00,1
2026-08-18 12:00:00+00:00,0.06589,0.06642,0.06575,0.06618,52297.2,2026-08-18 15:59:59.999000+00:00,1
2026-08-18 16:00:00+00:00,0.06618,0.06634,0.06573,0.0662,56053.3,2026-08-18 19:59:59.999000+00:00,1
2026-08-18 20:00:00+00:00,0.0662,0.06737,0.06617,0.06732,144883.0,2026-08-18 23:59:59.999000+00:00,1
2026-08-19 00:00:00+00:00,0.06733,0.06779,0.06701,0.06768,175863.8,2026-08-19 03:59:59.999000+00:00,1
2026-08-19 04:00:00+00:00,0.06769,0.06797,0.06737,0.06745,92443.6,2026-08-19 07:59:59.999000+00:00,1
2026-08-19 08:00:00+00:00,0.06747,0.06782,0.06728,0.06771,68123.4,2026-08-19 11:59:59.999000+00:00,1
2026-08-19 12:00:00+00:00,0.06772,0.0698,0.06752,0.06915,196656.3,2026-08-19 15:59:59.999000+00:00,1
2026-08-19 16:00:00+00:00,0.06914,0.0704,0.06893,0.06951,219591.2,2026-08-19 19:59:59.999000+00:00,1
2026-08-19 20:00:00+00:00,0.0695,0.07176,0.06942,0.0706,178647.2,2026-08-19 23:59:59.999000+00:00,1
2026-08-20 00:00:00+00:00,0.0706,0.0714,0.07015,0.07051,125543.0,2026-08-20 03:59:59.999000+00:00,1
2026-08-20 04:00:00+00:00,0.07051,0.07186,0.07051,0.07135,94488.1,2026-08-20 07:59:59.999000+00:00,1
2026-08-20 08:00:00+00:00,0.07136,0.07355,0.0712,0.07337,208107.0,2026-08-20 11:59:59.999000+00:00,1
2026-08-20 12:00:00+00:00,0.07339,0.07392,0.07233,0.07375,307953.9,2026-08-20 15:59:59.999000+00:00,1
2026-08-20 16:00:00+00:00,0.07376,0.07445,0.07158,0.07223,303887.5,2026-08-20 19:59:59.999000+00:00,1
2026-08-20 20:00:00+00:00,0.07223,0.07359,0.07221,0.0734,139979.6,2026-08-20 23:59:59.999000+00:00,1
2026-08-21 00:00:00+00:00,0.07341,0.07528,0.07339,0.07502,183213.0,2026-08-21 03:59:59.999000+00:00,1
2026-08-21 04:00:00+00:00,0.07504,0.07568,0.07471,0.07568,215989.7,2026-08-21 07:59:59.999000+00:00,1
2026-08-21 08:00:00+00:00,0.07569,0.07729,0.07479,0.07553,479819.2,2026-08-21 11:59:59.999000+00:00,1
2026-08-21 12:00:00+00:00,0.07553,0.07857,0.07532,0.07786,493773.9,2026-08-21 15:59:59.999000+00:00,1
2026-08-21 16:00:00+00:00,0.07786,0.07825,0.07595,0.07603,434196.3,2026-08-21 19:59:59.999000+00:00,1
2026-08-21 20:00:00+00:00,0.07603,0.08072,0.07583,0.07977,502319.5,2026-08-21 23:59:59.999000+00:00,1
2026-08-22 00:00:00+00:00,0.07976,0.08347,0.07867,0.08264,559895.1,2026-08-22 03:59:59.999000+00:00,1
2026-08-22 04:00:00+00:00,0.08266,0.08682,0.07472,0.07849,1224148.8,2026-08-22 07:59:59.999000+00:00,1
2026-08-22 08:00:00+00:00,0.0785,0.07893,0.07601,0.07742,411732.2,2026-08-22 11:59:59.999000+00:00,1
2026-08-22 12:00:00+00:00,0.07741,0.07827,0.07588,0.07624,259429.3,2026-08-22 15:59:59.999000+00:00,1
2026-08-22 16:00:00+00:00,0.07624,0.07807,0.07621,0.07785,140056.2,2026-08-22 19:59:59.999000+00:00,1
2026-08-22 20:00:00+00:00,0.07787,0.07813,0.07642,0.07736,150602.6,2026-08-22 23:59:59.999000+00:00,1
2026-08-23 00:00:00+00:00,0.07736,0.07836,0.07638,0.07691,231784.8,2026-08-23 03:59:59.999000+00:00,1
2026-08-23 04:00:00+00:00,0.07693,0.07748,0.07566,0.07664,201328.8,2026-08-23 07:59:59.999000+00:00,1
2026-08-23 08:00:00+00:00,0.07664,0.07943,0.07656,0.0792,166960.5,2026-08-23 11:59:59.999000+00:00,1
2026-08-23 12:00:00+00:00,0.07919,0.08101,0.07781,0.07936,327975.6,2026-08-23 15:59:59.999000+00:00,1
2026-08-23 16:00:00+00:00,0.07938,0.07973,0.07825,0.07882,164746.7,2026-08-23 19:59:59.999000+00:00,1
2026-08-23 20:00:00+00:00,0.07883,0.08094,0.07859,0.07976,160873.0,2026-08-23 23:59:59.999000+00:00,1
2026-08-24 00:00:00+00:00,0.07976,0.08004,0.07729,0.07867,208489.6,2026-08-24 03:59:59.999000+00:00,1
2026-08-24 04:00:00+00:00,0.07866,0.08067,0.07866,0.08025,230796.0,2026-08-24 07:59:59.999000+00:00,1
2026-08-24 08:00:00+00:00,0.08026,0.08065,0.07864,0.08016,185863.6,2026-08-24 11:59:59.999000+00:00,1
2026-08-24 12:00:00+00:00,0.08016,0.08121,0.07877,0.07931,228906.9,2026-08-24 15:59:59.999000+00:00,1
2026-08-24 16:00:00+00:00,0.07932,0.07994,0.0783,0.07913,155576.8,2026-08-24 19:59:59.999000+00:00,1
2026-08-24 20:00:00+00:00,0.07913,0.08023,0.07891,0.07926,98579.3,2026-08-24 23:59:59.999000+00:00,1
2026-08-25 00:00:00+00:00,0.07926,0.08427,0.079,0.08334,293859.4,2026-08-25 03:59:59.999000+00:00,1
2026-08-25 04:00:00+00:00,0.08333,0.08352,0.07952,0.08001,256746.5,2026-08-25 07:59:59.999000+00:00,1
2026-08-25 08:00:00+00:00,0.08001,0.08098,0.07972,0.08021,169994.6,2026-08-25 11:59:59.999000+00:00,1
2026-08-25 12:00:00+00:00,0.08021,0.08055,0.07914,0.08011,125996.2,2026-08-25 15:59:59.999000+00:00,1
2026-08-25 16:00:00+00:00,0.08011,0.08051,0.07874,0.07885,126641.0,2026-08-25 19:59:59.999000+00:00,1
2026-08-25 20:00:00+00:00,0.07885,0.07897,0.07712,0.07768,327215.7,2026-08-25 23:59:59.999000+00:00,1
2026-08-26 00:00:00+00:00,0.07767,0.07867,0.07717,0.07816,100908.5,2026-08-26 03:59:59.999000+00:00,1
2026-08-26 04:00:00+00:00,0.07816,0.07868,0.07776,0.07776,107064.8,2026-08-26 07:59:59.999000+00:00,1
2026-08-26 08:00:00+00:00,0.07775,0.07799,0.07688,0.07739,74354.3,2026-08-26 11:59:59.999000+00:00,1
2026-08-26 12:00:00+00:00,0.07739,0.07811,0.07613,0.0767,173150.4,2026-08-26 15:59:59.999000+00:00,1
2026-08-26 16:00:00+00:00,0.0767,0.07773,0.07638,0.07737,72200.1,2026-08-26 19:59:59.999000+00:00,1
2026-08-26 20:00:00+00:00,0.07737,0.07864,0.07672,0.07852,115224.2,2026-08-26 23:59:59.999000+00:00,1
2026-08-27 00:00:00+00:00,0.07853,0.07853,0.07706,0.0772,74352.9,2026-08-27 03:59:59.999000+00:00,1
2026-08-27 04:00:00+00:00,0.07721,0.07787,0.07682,0.07784,71627.6,2026-08-27 07:59:59.999000+00:00,1
2026-08-27 08:00:00+00:00,0.07783,0.07888,0.07765,0.07818,121786.8,2026-08-27 11:59:59.999000+00:00,1
2026-08-27 12:00:00+00:00,0.07817,0.07955,0.07802,0.07912,108138.0,2026-08-27 15:59:59.999000+00:00,1
2026-08-27 16:00:00+00:00,0.07912,0.07966,0.07834,0.07843,99270.8,2026-08-27 19:59:59.999000+00:00,1
2026-08-27 20:00:00+00:00,0.07843,0.07932,0.07822,0.07868,59245.6,2026-08-27 23:59:59.999000+00:00,1
2026-08-28 00:00:00+00:00,0.07869,0.07972,0.07741,0.07754,126641.4,2026-08-28 03:59:59.999000+00:00,1
2026-08-28 04:00:00+00:00,0.07753,0.07836,0.07706,0.07801,96883.4,2026-08-28 07:59:59.999000+00:00,1
2026-08-28 08:00:00+00:00,0.07802,0.07825,0.07705,0.07797,77229.3,2026-08-28 11:59:59.999000+00:00,1
2026-08-28 12:00:00+00:00,0.07795,0.07813,0.07511,0.0757,300367.5,2026-08-28 15:59:59.999000+00:00,1
2026-08-28 16:00:00+00:00,0.07569,0.07634,0.0736,0.07628,453759.6,2026-08-28 19:59:59.999000+00:00,1
2026-08-28 20:00:00+00:00,0.07627,0.07671,0.07571,0.07604,59970.2,2026-08-28 23:59:59.999000+00:00,1
2026-08-29 00:00:00+00:00,0.07603,0.07634,0.07529,0.07536,140258.6,2026-08-29 03:59:59.999000+00:00,1
2026-08-29 04:00:00+00:00,0.07536,0.07561,0.07474,0.07491,106120.1,2026-08-29 07:59:59.999000+00:00,1
2026-08-29 08:00:00+00:00,0.0749,0.0749,0.07454,0.07466,65145.4,2026-08-29 11:59:59.999000+00:00,1
2026-08-29 12:00:00+00:00,0.07465,0.07573,0.07464,0.07542,34999.1,2026-08-29 15:59:59.999000+00:00,1
2026-08-29 16:00:00+00:00,0.07543,0.07558,0.07508,0.07542,41456.1,2026-08-29 19:59:59.999000+00:00,1
2026-08-29 20:00:00+00:00,0.07543,0.07565,0.07531,0.07546,68832.7,2026-08-29 23:59:59.999000+00:00,1
2026-08-30 00:00:00+00:00,0.07546,0.07568,0.07502,0.07504,49174.7,2026-08-30 03:59:59.999000+00:00,1
2026-08-30 04:00:00+00:00,0.07503,0.07513,0.07429,0.07483,144710.4,2026-08-30 07:59:59.999000+00:00,1
2026-08-30 08:00:00+00:00,0.07482,0.07512,0.07471,0.07497,34857.2,2026-08-30 11:59:59.999000+00:00,1
2026-08-30 12:00:00+00:00,0.07498,0.07573,0.07488,0.07492,76827.3,2026-08-30 15:59:59.999000+00:00,1
2026-08-30 16:00:00+00:00,0.07493,0.07607,0.0749,0.07568,78609.4,2026-08-30 19:59:59.999000+00:00,1
2026-08-30 20:00:00+00:00,0.07569,0.07597,0.07276,0.07336,246489.1,2026-08-30 23:59:59.999000+00:00,1
2026-08-31 00:00:00+00:00,0.07335,0.07411,0.07301,0.07355,131854.6,2026-08-31 03:59:59.999000+00:00,1
2026-08-31 04:00:00+00:00,0.07357,0.07441,0.07339,0.07436,131092.3,2026-08-31 07:59:59.999000+00:00,1
2026-08-31 08:00:00+00:00,0.07435,0.07456,0.07396,0.07411,38514.5,2026-08-31 11:59:59.999000+00:00,1
2026-08-31 12:00:00+00:00,0.0741,0.07453,0.07301,0.07326,123917.8,2026-08-31 15:59:59.999000+00:00,1
2026-08-31 16:00:00+00:00,0.07326,0.07386,0.07303,0.07333,89980.1,2026-08-31 19:59:59.999000+00:00,1
2026-08-31 20:00:00+00:00,0.07334,0.07415,0.07331,0.07357,89600.8,2026-08-31 23:59:59.999000+00:00,1
2026-09-01 00:00:00+00:00,0.07357,0.0744,0.07352,0.07438,57978.9,2026-09-01 03:59:59.999000+00:00,1
2026-09-01 04:00:00+00:00,0.07438,0.07522,0.07437,0.07467,76877.3,2026-09-01 07:59:59.999000+00:00,1
2026-09-01 08:00:00+00:00,0.07469,0.07519,0.0737,0.07515,75884.2,2026-09-01 11:59:59.999000+00:00,1
2026-09-01 12:00:00+00:00,0.07516,0.07554,0.07414,0.0745,168127.9,2026-09-01 15:59:59.999000+00:00,1
2026-09-01 16:00:00+00:00,0.07451,0.07466,0.07332,0.0743,95934.6,2026-09-01 19:59:59.999000+00:00,1
2026-09-01 20:00:00+00:00,0.07431,0.07457,0.07366,0.074,44623.8,2026-09-01 23:59:59.999000+00:00,1
2026-09-02 00:00:00+00:00,0.074,0.07414,0.07287,0.07394,121328.7,2026-09-02 03:59:59.999000+00:00,1
2026-09-02 04:00:00+00:00,0.07394,0.07427,0.07358,0.07398,46786.9,2026-09-02 07:59:59.999000+00:00,1
2026-09-02 08:00:00+00:00,0.07399,0.07407,0.07266,0.07336,90362.7,2026-09-02 11:59:59.999000+00:00,1
2026-09-02 12:00:00+00:00,0.07334,0.07413,0.07301,0.07332,115232.6,2026-09-02 15:59:59.999000+00:00,1
2026-09-02 16:00:00+00:00,0.07333,0.07408,0.07305,0.07392,105273.8,2026-09-02 19:59:59.999000+00:00,1
2026-09-02 20:00:00+00:00,0.07395,0.0746,0.07387,0.07457,57929.2,2026-09-02 23:59:59.999000+00:00,1
2026-09-03 00:00:00+00:00,0.07455,0.07625,0.07428,0.07584,147673.4,2026-09-03 03:59:59.999000+00:00,1
2026-09-03 04:00:00+00:00,0.07585,0.07658,0.07531,0.07599,88208.6,2026-09-03 07:59:59.999000+00:00,1
2026-09-03 08:00:00+00:00,0.07599,0.0771,0.07597,0.07688,122690.0,2026-09-03 11:59:59.999000+00:00,1
2026-09-03 12:00:00+00:00,0.07688,0.07923,0.07675,0.07919,216861.7,2026-09-03 15:59:59.999000+00:00,1
2026-09-03 16:00:00+00:00,0.0792,0.08095,0.07844,0.07962,192503.2,2026-09-03 19:59:59.999000+00:00,1
2026-09-03 20:00:00+00:00,0.07962,0.07972,0.07852,0.07924,60524.4,2026-09-03 23:59:59.999000+00:00,1
2026-09-04 00:00:00+00:00,0.07924,0.07941,0.0781,0.07811,89920.4,2026-09-04 03:59:59.999000+00:00,1
2026-09-04 04:00:00+00:00,0.07812,0.0787,0.07768,0.07781,55657.9,2026-09-04 07:59:59.999000+00:00,1
2026-09-04 08:00:00+00:00,0.07779,0.07952,0.07763,0.0789,94923.9,2026-09-04 11:59:59.999000+00:00,1
2026-09-04 12:00:00+00:00,0.07889,0.07924,0.07631,0.07725,213624.6,2026-09-04 15:59:59.999000+00:00,1
2026-09-04 16:00:00+00:00,0.07725,0.07769,0.07707,0.07727,56623.3,2026-09-04 19:59:59.999000+00:00,1
2026-09-04 20:00:00+00:00,0.07727,0.07836,0.07727,0.07836,49022.1,2026-09-04 23:59:59.999000+00:00,1
2026-09-05 00:00:00+00:00,0.07836,0.07913,0.0783,0.07877,127282.3,2026-09-05 03:59:59.999000+00:00,1
2026-09-05 04:00:00+00:00,0.07878,0.08023,0.07853,0.07971,68791.1,2026-09-05 07:59:59.999000+00:00,1
2026-09-05 08:00:00+00:00,0.07971,0.08063,0.07934,0.08033,70783.4,2026-09-05 11:59:59.999000+00:00,1
2026-09-05 12:00:00+00:00,0.0803,0.08148,0.08017,0.08041,73940.8,2026-09-05 15:59:59.999000+00:00,1
2026-09-05 16:00:00+00:00,0.0804,0.08123,0.08022,0.08066,63913.2,2026-09-05 19:59:59.999000+00:00,1
2026-09-05 20:00:00+00:00,0.08066,0.08102,0.08003,0.08014,68789.5,2026-09-05 23:59:59.999000+00:00,1
2026-09-06 00:00:00+00:00,0.08014,0.08233,0.08009,0.08218,160815.9,2026-09-06 03:59:59.999000+00:00,1
2026-09-06 04:00:00+00:00,0.08217,0.08225,0.08048,0.08101,108430.9,2026-09-06 07:59:59.999000+00:00,1
2026-09-06 08:00:00+00:00,0.08101,0.08166,0.08082,0.08149,63586.6,2026-09-06 11:59:59.999000+00:00,1
2026-09-06 12:00:00+00:00,0.08148,0.08148,0.08006,0.08046,66410.1,2026-09-06 15:59:59.999000+00:00,1
2026-09-06 16:00:00+00:00,0.08047,0.08085,0.08018,0.08047,32604.1,2026-09-06 19:59:59.999000+00:00,1
2026-09-06 20:00:00+00:00,0.08048,0.08184,0.08036,0.08156,77822.5,2026-09-06 23:59:59.999000+00:00,1
2026-09-07 00:00:00+00:00,0.08155,0.08226,0.08042,0.08059,65038.9,2026-09-07 03:59:59.999000+00:00,1
2026-09-07 04:00:00+00:00,0.08057,0.08145,0.07981,0.08035,58741.4,2026-09-07 07:59:59.999000+00:00,1
2026-09-07 08:00:00+00:00,0.08033,0.08141,0.08031,0.08062,70369.8,2026-09-07 11:59:59.999000+00:00,1
2026-09-07 12:00:00+00:00,0.08063,0.08316,0.08049,0.08069,269182.3,2026-09-07 15:59:59.999000+00:00,1
2026-09-07 16:00:00+00:00,0.0807,0.083,0.08069,0.08244,155651.8,2026-09-07 19:59:59.999000+00:00,1
2026-09-07 20:00:00+00:00,0.08243,0.08297,0.08137,0.08181,60674.0,2026-09-07 23:59:59.999000+00:00,1
2026-09-08 00:00:00+00:00,0.08181,0.08294,0.08135,0.08165,93693.8,2026-09-08 03:59:59.999000+00:00,1
2026-09-08 04:00:00+00:00,0.08164,0.08164,0.08009,0.08032,119953.0,2026-09-08 07:59:59.999000+00:00,1
2026-09-08 08:00:00+00:00,0.08031,0.08087,0.07945,0.07998,121888.3,2026-09-08 11:59:59.999000+00:00,1
2026-09-08 12:00:00+00:00,0.07996,0.08088,0.07889,0.08083,148372.7,2026-09-08 15:59:59.999000+00:00,1
2026-09-08 16:00:00+00:00,0.08083,0.08083,0.07908,0.07928,92602.8,2026-09-08 19:59:59.999000+00:00,1
2026-09-08 20:00:00+00:00,0.07929,0.07984,0.07864,0.079,74660.8,2026-09-08 23:59:59.999000+00:00,1
2026-09-09 00:00:00+00:00,0.07901,0.0793,0.07835,0.07849,105564.5,2026-09-09 03:59:59.999000+00:00,1
2026-09-09 04:00:00+00:00,0.07848,0.07977,0.07848,0.07954,76033.2,2026-09-09 07:59:59.999000+00:00,1
2026-09-09 08:00:00+00:00,0.07955,0.07994,0.07793,0.07864,118186.6,2026-09-09 11:59:59.999000+00:00,1
2026-09-09 12:00:00+00:00,0.07864,0.07901,0.07738,0.07767,153789.4,2026-09-09 15:59:59.999000+00:00,1
2026-09-09 16:00:00+00:00,0.07766,0.07854,0.07692,0.07695,84119.4,2026-09-09 19:59:59.999000+00:00,1
2026-09-09 20:00:00+00:00,0.07695,0.07758,0.07556,0.07647,102812.1,2026-09-09 23:59:59.999000+00:00,1
2026-09-10 00:00:00+00:00,0.07646,0.07709,0.07603,0.07686,65684.7,2026-09-10 03:59:59.999000+00:00,1
2026-09-10 04:00:00+00:00,0.07685,0.07719,0.07604,0.07625,38558.5,2026-09-10 07:59:59.999000+00:00,1
2026-09-10 08:00:00+00:00,0.07625,0.07646,0.07575,0.0761,56277.0,2026-09-10 11:59:59.999000+00:00,1
2026-09-10 12:00:00+00:00,0.07609,0.07623,0.07452,0.07544,171439.0,2026-09-10 15:59:59.999000+00:00,1
2026-09-10 16:00:00+00:00,0.07544,0.07556,0.07446,0.07519,90430.4,2026-09-10 19:59:59.999000+00:00,1
2026-09-10 20:00:00+00:00,0.0752,0.07585,0.07456,0.07471,48433.7,2026-09-10 23:59:59.999000+00:00,1
2026-09-11 00:00:00+00:00,0.07472,0.07534,0.07467,0.07516,56877.1,2026-09-11 03:59:59.999000+00:00,1
2026-09-11 04:00:00+00:00,0.07515,0.07563,0.07421,0.07447,91994.7,2026-09-11 07:59:59.999000+00:00,1
2026-09-11 08:00:00+00:00,0.07447,0.07477,0.07328,0.07382,126776.2,2026-09-11 11:59:59.999000+00:00,1
2026-09-11 12:00:00+00:00,0.07383,0.07709,0.07335,0.07524,265075.4,2026-09-11 15:59:59.999000+00:00,1
2026-09-11 16:00:00+00:00,0.07523,0.07585,0.07372,0.07442,145972.1,2026-09-11 19:59:59.999000+00:00,1
2026-09-11 20:00:00+00:00,0.07441,0.07478,0.07386,0.07432,94593.3,2026-09-11 23:59:59.999000+00:00,1
2026-09-12 00:00:00+00:00,0.07433,0.07467,0.07424,0.07448,58967.8,2026-09-12 03:59:59.999000+00:00,1
2026-09-12 04:00:00+00:00,0.0745,0.07466,0.07406,0.07455,84008.5,2026-09-12 07:59:59.999000+00:00,1
2026-09-12 08:00:00+00:00,0.07454,0.07492,0.07432,0.07474,59193.5,2026-09-12 11:59:59.999000+00:00,1
2026-09-12 12:00:00+00:00,0.07476,0.07498,0.07439,0.07488,54455.5,2026-09-12 15:59:59.999000+00:00,1
2026-09-12 16:00:00+00:00,0.07489,0.07502,0.07365,0.07435,235048.3,2026-09-12 19:59:59.999000+00:00,1
2026-09-12 20:00:00+00:00,0.07436,0.0747,0.07435,0.07465,28160.5,2026-09-12 23:59:59.999000+00:00,1
2026-09-13 00:00:00+00:00,0.07465,0.07518,0.07456,0.07488,51826.0,2026-09-13 03:59:59.999000+00:00,1
2026-09-13 04:00:00+00:00,0.07489,0.07579,0.07486,0.07539,79073.3,2026-09-13 07:59:59.999000+00:00,1
2026-09-13 08:00:00+00:00,0.0754,0.07553,0.07447,0.07529,120847.3,2026-09-13 11:59:59.999000+00:00,1
2026-09-13 12:00:00+00:00,0.07528,0.07653,0.075,0.07549,196699.4,2026-09-13 15:59:59.999000+00:00,1
2026-09-13 16:00:00+00:00,0.07547,0.07666,0.07546,0.07599,94972.8,2026-09-13 19:59:59.999000+00:00,1
2026-09-13 20:00:00+00:00,0.07601,0.07749,0.07465,0.07503,119104.3,2026-09-13 23:59:59.999000+00:00,1
2026-09-14 00:00:00+00:00,0.07503,0.07633,0.0749,0.07612,82443.1,2026-09-14 03:59:59.999000+00:00,1
2026-09-14 04:00:00+00:00,0.07613,0.07681,0.07604,0.07659,86400.3,2026-09-14 07:59:59.999000+00:00,1
2026-09-14 08:00:00+00:00,0.07659,0.07701,0.07595,0.07667,96558.1,2026-09-14 11:59:59.999000+00:00,1
2026-09-14 12:00:00+00:00,0.07667,0.07748,0.07619,0.07659,138780.5,2026-09-14 15:59:59.999000+00:00,1
2026-09-14 16:00:00+00:00,0.07659,0.07859,0.07658,0.07783,137422.1,2026-09-14 19:59:59.999000+00:00,1
2026-09-14 20:00:00+00:00,0.07784,0.07935,0.0773,0.0777,263371.4,2026-09-14 23:59:59.999000+00:00,1
2026-09-15 00:00:00+00:00,0.0777,0.07868,0.07728,0.07734,137690.0,2026-09-15 03:59:59.999000+00:00,1
2026-09-15 04:00:00+00:00,0.07734,0.07752,0.07646,0.07657,169833.5,2026-09-15 07:59:59.999000+00:00,1
2026-09-15 08:00:00+00:00,0.07657,0.07789,0.0762,0.07704,94173.2,2026-09-15 11:59:59.999000+00:00,1
2026-09-15 12:00:00+00:00,0.07705,0.0799,0.07671,0.078,466835.4,2026-09-15 15:59:59.999000+00:00,1
2026-09-15 16:00:00+00:00,0.07801,0.07868,0.07411,0.07562,380405.4,2026-09-15 19:59:59.999000+00:00,1
2026-09-15 20:00:00+00:00,0.07563,0.07581,0.07402,0.07425,109224.9,2026-09-15 23:59:59.999000+00:00,1
2026-09-16 00:00:00+00:00,0.07425,0.0748,0.07365,0.07426,87230.5,2026-09-16 03:59:59.999000+00:00,1
2026-09-16 04:00:00+00:00,0.07425,0.07482,0.07422,0.0744,84031.9,2026-09-16 07:59:59.999000+00:00,1
2026-09-16 08:00:00+00:00,0.0744,0.07458,0.07382,0.07442,59492.5,2026-09-16 11:59:59.999000+00:00,1
2026-09-16 12:00:00+00:00,0.0744,0.07443,0.0719,0.07201,473740.3,2026-09-16 15:59:59.999000+00:00,1
2026-09-16 16:00:00+00:00,0.07201,0.07369,0.07195,0.07354,247764.1,2026-09-16 19:59:59.999000+00:00,1
2026-09-16 20:00:00+00:00,0.07354,0.07406,0.07257,0.07388,106368.6,2026-09-16 23:59:59.999000+00:00,1
2026-09-17 00:00:00+00:00,0.07389,0.07443,0.07333,0.07437,133132.8,2026-09-17 03:59:59.999000+00:00,1
2026-09-17 04:00:00+00:00,0.07438,0.0744,0.07342,0.07381,101340.1,2026-09-17 07:59:59.999000+00:00,1
2026-09-17 08:00:00+00:00,0.07382,0.07481,0.07371,0.07439,150337.3,2026-09-17 11:59:59.999000+00:00,1
2026-09-17 12:00:00+00:00,0.07438,0.07645,0.07393,0.07635,153230.6,2026-09-17 15:59:59.999000+00:00,1
2026-09-17 16:00:00+00:00,0.07635,0.07662,0.07487,0.07511,104505.3,2026-09-17 19:59:59.999000+00:00,1
2026-09-17 20:00:00+00:00,0.07511,0.07573,0.07361,0.07452,259683.0,2026-09-17 23:59:59.999000+00:00,1
2026-09-18 00:00:00+00:00,0.07451,0.07765,0.07427,0.07735,234358.0,2026-09-18 03:59:59.999000+00:00,1
2026-09-18 04:00:00+00:00,0.07737,0.07763,0.07585,0.07651,197795.9,2026-09-18 07:59:59.999000+00:00,1
2026-09-18 08:00:00+00:00,0.07651,0.07814,0.07624,0.07709,218244.2,2026-09-18 11:59:59.999000+00:00,1
2026-09-18 12:00:00+00:00,0.0771,0.07934,0.07657,0.07871,407673.2,2026-09-18 15:59:59.999000+00:00,1
2026-09-18 16:00:00+00:00,0.07872,0.07943,0.07788,0.07939,145241.9,2026-09-18 19:59:59.999000+00:00,1
2026-09-18 20:00:00+00:00,0.07938,0.08,0.07876,0.07913,223068.1,2026-09-18 23:59:59.999000+00:00,1
2026-09-19 00:00:00+00:00,0.07914,0.07975,0.07819,0.07944,177033.7,2026-09-19 03:59:59.999000+00:00,1
2026-09-19 04:00:00+00:00,0.07944,0.07979,0.07824,0.07826,144714.2,2026-09-19 07:59:59.999000+00:00,1
2026-09-19 08:00:00+00:00,0.07827,0.0809,0.07808,0.08071,298681.2,2026-09-19 11:59:59.999000+00:00,1
2026-09-19 12:00:00+00:00,0.08071,0.0816,0.08036,0.08099,455394.7,2026-09-19 15:59:59.999000+00:00,1
2026-09-19 16:00:00+00:00,0.08099,0.08236,0.08066,0.08201,264118.8,2026-09-19 19:59:59.999000+00:00,1
2026-09-19 20:00:00+00:00,0.08201,0.08229,0.08001,0.08139,219317.1,2026-09-19 23:59:59.999000+00:00,1
2026-09-20 00:00:00+00:00,0.0814,0.08384,0.0794,0.08048,696295.6,2026-09-20 03:59:59.999000+00:00,1
2026-09-20 04:00:00+00:00,0.08048,0.08229,0.07993,0.08137,232575.5,2026-09-20 07:59:59.999000+00:00,1
2026-09-20 08:00:00+00:00,0.08137,0.08202,0.07988,0.08163,153562.3,2026-09-20 11:59:59.999000+00:00,1
2026-09-20 12:00:00+00:00,0.08164,0.08994,0.08111,0.0865,1998070.7,2026-09-20 15:59:59.999000+00:00,1
2026-09-20 16:00:00+00:00,0.08649,0.08846,0.0847,0.08505,870028.9,2026-09-20 19:59:59.999000+00:00,1
2026-09-20 20:00:00+00:00,0.08505,0.08707,0.08446,0.08645,195186.8,2026-09-20 23:59:59.999000+00:00,1
2026-09-21 00:00:00+00:00,0.08645,0.0884,0.08479,0.087,399024.4,2026-09-21 03:59:59.999000+00:00,1
2026-09-21 04:00:00+00:00,0.08699,0.08788,0.08615,0.08695,298645.1,2026-09-21 07:59:59.999000+00:00,1
2026-09-21 08:00:00+00:00,0.08695,0.09114,0.0865,0.09006,632483.4,2026-09-21 11:59:59.999000+00:00,1
2026-09-21 12:00:00+00:00,0.09005,0.09292,0.08962,0.09251,867177.2,2026-09-21 15:59:59.999000+00:00,1
2026-09-21 16:00:00+00:00,0.09251,0.09341,0.09023,0.09136,290006.9,2026-09-21 19:59:59.999000+00:00,1
2026-09-21 20:00:00+00:00,0.09135,0.09361,0.09116,0.09334,230102.8,2026-09-21 23:59:59.999000+00:00,1
2026-09-22 00:00:00+00:00,0.09335,0.09435,0.09107,0.09394,397496.8,2026-09-22 03:59:59.999000+00:00,1
2026-09-22 04:00:00+00:00,0.09395,0.0953,0.09133,0.09477,303256.1,2026-09-22 07:59:59.999000+00:00,1
2026-09-22 08:00:00+00:00,0.09478,0.09776,0.09282,0.09388,631047.9,2026-09-22 11:59:59.999000+00:00,1
2026-09-22 12:00:00+00:00,0.09387,0.09896,0.09347,0.09855,504870.5,2026-09-22 15:59:59.999000+00:00,1
2026-09-22 16:00:00+00:00,0.09856,0.09996,0.09462,0.09874,557342.0,2026-09-22 19:59:59.999000+00:00,1
2026-09-22 20:00:00+00:00,0.09876,0.10073,0.09818,0.09907,524102.5,2026-09-22 23:59:59.999000+00:00,1
2026-09-23 00:00:00+00:00,0.09908,0.10134,0.09841,0.10034,289582.3,2026-09-23 03:59:59.999000+00:00,1
2026-09-23 04:00:00+00:00,0.10034,0.10094,0.09779,0.09782,272373.6,2026-09-23 07:59:59.999000+00:00,1
2026-09-23 08:00:00+00:00,0.09781,0.09863,0.09485,0.09522,253256.3,2026-09-23 11:59:59.999000+00:00,1
2026-09-23 12:00:00+00:00,0.09523,0.0954,0.0888,0.08994,692819.9,2026-09-23 15:59:59.999000+00:00,1
2026-09-23 16:00:00+00:00,0.08993,0.09095,0.08887,0.09023,150624.1,2026-09-23 19:59:59.999000+00:00,1
2026-09-23 20:00:00+00:00,0.09024,0.09111,0.0896,0.0906,117410.2,2026-09-23 23:59:59.999000+00:00,0
