ts,open,high,low,close,volume,close_time,confirm
2026-03-28 08:00:00+00:00,39.376,39.712,39.134,39.525,5479929.0,2026-03-28 11:59:59.999000+00:00,1
2026-03-28 12:00:00+00:00,39.526,40.28,39.425,40.209,6903826.0,2026-03-28 15:59:59.999000+00:00,1
2026-03-28 16:00:00+00:00,40.21,40.276,39.531,39.903,3425200.0,2026-03-28 19:59:59.999000+00:00,1
2026-03-28 20:00:00+00:00,39.902,39.97,39.382,39.464,2556130.0,2026-03-28 23:59:59.999000+00:00,1
2026-03-29 00:00:00+00:00,39.463,39.999,39.234,39.93,4367426.0,2026-03-29 03:59:59.999000+00:00,1
2026-03-29 04:00:00+00:00,39.929,40.059,39.609,39.693,3738357.0,2026-03-29 07:59:59.999000+00:00,1
2026-03-29 08:00:00+00:00,39.692,39.905,39.224,39.325,4668311.0,2026-03-29 11:59:59.999000+00:00,1
2026-03-29 12:00:00+00:00,39.325,39.475,38.743,38.997,6325448.0,2026-03-29 15:59:59.999000+00:00,1
2026-03-29 16:00:00+00:00,38.999,39.151,38.584,38.59,3619001.0,2026-03-29 19:59:59.999000+00:00,1
2026-03-29 20:00:00+00:00,38.591,38.93,37.73,37.832,6881581.0,2026-03-29 23:59:59.999000+00:00,1
2026-03-30 00:00:00+00:00,37.833,38.754,37.481,38.273,10535490.0,2026-03-30 03:59:59.999000+00:00,1
2026-03-30 04:00:00+00:00,38.273,38.795,37.973,38.432,5110084.0,2026-03-30 07:59:59.999000+00:00,1
2026-03-30 08:00:00+00:00,38.43,38.629,37.843,38.054,7114466.0,2026-03-30 11:59:59.999000+00:00,1
2026-03-30 12:00:00+00:00,38.055,38.535,37.725,38.255,6791462.0,2026-03-30 15:59:59.999000+00:00,1
2026-03-30 16:00:00+00:00,38.254,38.261,36.465,37.09,8518452.0,2026-03-30 19:59:59.999000+00:00,1
2026-03-30 20:00:00+00:00,37.087,37.262,36.654,36.841,3787202.0,2026-03-30 23:59:59.999000+00:00,1
2026-03-31 00:00:00+00:00,36.842,37.644,36.642,37.311,6459609.0,2026-03-31 03:59:59.999000+00:00,1
2026-03-31 04:00:00+00:00,37.312,37.342,36.419,36.731,4566199.0,2026-03-31 07:59:59.999000+00:00,1
2026-03-31 08:00:00+00:00,36.732,36.754,35.671,35.81,10169486.0,2026-03-31 11:59:59.999000+00:00,1
2026-03-31 12:00:00+00:00,35.81,36.965,35.743,36.001,10906597.0,2026-03-31 15:59:59.999000+00:00,1
2026-03-31 16:00:00+00:00,36.001,37.335,35.995,36.61,8600446.0,2026-03-31 19:59:59.999000+00:00,1
2026-03-31 20:00:00+00:00,36.608,37.016,36.132,36.601,3269192.0,2026-03-31 23:59:59.999000+00:00,1
2026-04-01 00:00:00+00:00,36.601,36.658,35.969,36.442,3859341.0,2026-04-01 03:59:59.999000+00:00,1
2026-04-01 04:00:00+00:00,36.44,37.799,36.352,37.374,8734661.0,2026-04-01 07:59:59.999000+00:00,1
2026-04-01 08:00:00+00:00,37.373,37.493,36.744,37.237,4794090.0,2026-04-01 11:59:59.999000+00:00,1
2026-04-01 12:00:00+00:00,37.235,37.458,36.6,37.385,6278827.0,2026-04-01 15:59:59.999000+00:00,1
2026-04-01 16:00:00+00:00,37.381,37.44,36.074,36.163,7201992.0,2026-04-01 19:59:59.999000+00:00,1
2026-04-01 20:00:00+00:00,36.164,36.302,35.837,36.03,3276310.0,2026-04-01 23:59:59.999000+00:00,1
2026-04-02 00:00:00+00:00,36.031,36.304,35.052,35.214,8665213.0,2026-04-02 03:59:59.999000+00:00,1
2026-04-02 04:00:00+00:00,35.214,35.539,34.924,35.101,5033281.0,2026-04-02 07:59:59.999000+00:00,1
2026-04-02 08:00:00+00:00,35.101,35.333,34.658,34.808,5097146.0,2026-04-02 11:59:59.999000+00:00,1
2026-04-02 12:00:00+00:00,34.807,34.953,34.448,34.88,8287406.0,2026-04-02 15:59:59.999000+00:00,1
2026-04-02 16:00:00+00:00,34.88,35.23,34.571,34.931,3965418.0,2026-04-02 19:59:59.999000+00:00,1
2026-04-02 20:00:00+00:00,34.93,35.363,34.845,35.193,1847563.0,2026-04-02 23:59:59.999000+00:00,1
2026-04-03 00:00:00+00:00,35.192,35.621,35.083,35.421,2841172.0,2026-04-03 03:59:59.999000+00:00,1
2026-04-03 04:00:00+00:00,35.422,35.888,35.364,35.817,3459687.0,2026-04-03 07:59:59.999000+00:00,1
2026-04-03 08:00:00+00:00,35.815,36.055,35.641,35.947,3529132.0,2026-04-03 11:59:59.999000+00:00,1
2026-04-03 12:00:00+00:00,35.947,36.146,35.404,35.783,4832750.0,2026-04-03 15:59:59.999000+00:00,1
2026-04-03 16:00:00+00:00,35.782,36.074,35.506,35.754,2333852.0,2026-04-03 19:59:59.999000+00:00,1
2026-04-03 20:00:00+00:00,35.756,35.932,35.509,35.606,1248519.0,2026-04-03 23:59:59.999000+00:00,1
2026-04-04 00:00:00+00:00,35.606,35.95,35.505,35.85,1316494.0,2026-04-04 03:59:59.999000+00:00,1
2026-04-04 04:00:00+00:00,35.851,35.869,35.589,35.735,1444095.0,2026-04-04 07:59:59.999000+00:00,1
2026-04-04 08:00:00+00:00,35.735,35.838,35.616,35.796,1138131.0,2026-04-04 11:59:59.999000+00:00,1
2026-04-04 12:00:00+00:00,35.796,35.92,35.516,35.895,2900528.0,2026-04-04 15:59:59.999000+00:00,1
2026-04-04 16:00:00+00:00,35.896,36.238,35.862,35.955,3394076.0,2026-04-04 19:59:59.999000+00:00,1
2026-04-04 20:00:00+00:00,35.956,36.545,35.926,36.356,2875810.0,2026-04-04 23:59:59.999000+00:00,1
2026-04-05 00:00:00+00:00,36.355,36.4,35.901,35.926,2660632.0,2026-04-05 03:59:59.999000+00:00,1
2026-04-05 04:00:00+00:00,35.926,35.996,35.428,35.644,4273254.0,2026-04-05 07:59:59.999000+00:00,1
2026-04-05 08:00:00+00:00,35.645,35.909,35.62,35.641,1891233.0,2026-04-05 11:59:59.999000+00:00,1
2026-04-05 12:00:00+00:00,35.64,35.823,35.133,35.544,4406575.0,2026-04-05 15:59:59.999000+00:00,1
2026-04-05 16:00:00+00:00,35.543,35.843,35.428,35.84,1327321.0,2026-04-05 19:59:59.999000+00:00,1
2026-04-05 20:00:00+00:00,35.84,37.01,35.659,36.85,5110050.0,2026-04-05 23:59:59.999000+00:00,1
2026-04-06 00:00:00+00:00,36.851,37.259,36.55,37.113,5746970.0,2026-04-06 03:59:59.999000+00:00,1
2026-04-06 04:00:00+00:00,37.113,37.311,36.732,37.142,3437217.0,2026-04-06 07:59:59.999000+00:00,1
2026-04-06 08:00:00+00:00,37.141,37.57,37.027,37.224,4764431.0,2026-04-06 11:59:59.999000+00:00,1
2026-04-06 12:00:00+00:00,37.223,37.717,36.965,37.668,5617494.0,2026-04-06 15:59:59.999000+00:00,1
2026-04-06 16:00:00+00:00,37.666,37.776,36.798,37.306,4747268.0,2026-04-06 19:59:59.999000+00:00,1
2026-04-06 20:00:00+00:00,37.307,37.351,35.985,36.292,3676478.0,2026-04-06 23:59:59.999000+00:00,1
2026-04-07 00:00:00+00:00,36.291,36.543,36.079,36.397,3215472.0,2026-04-07 03:59:59.999000+00:00,1
2026-04-07 04:00:00+00:00,36.398,36.515,36.068,36.202,3071642.0,2026-04-07 07:59:59.999000+00:00,1
2026-04-07 08:00:00+00:00,36.202,37.15,36.196,36.384,7739501.0,2026-04-07 11:59:59.999000+00:00,1
2026-04-07 12:00:00+00:00,36.384,36.492,35.74,36.037,5002273.0,2026-04-07 15:59:59.999000+00:00,1
2026-04-07 16:00:00+00:00,36.037,37.176,36.025,37.157,3355032.0,2026-04-07 19:59:59.999000+00:00,1
2026-04-07 20:00:00+00:00,37.16,39.158,36.91,38.602,11040997.0,2026-04-07 23:59:59.999000+00:00,1
2026-04-08 00:00:00+00:00,38.601,38.818,38.108,38.278,5797151.0,2026-04-08 03:59:59.999000+00:00,1
2026-04-08 04:00:00+00:00,38.278,39.41,38.251,39.359,7869352.0,2026-04-08 07:59:59.999000+00:00,1
2026-04-08 08:00:00+00:00,39.359,39.688,39.06,39.269,5596581.0,2026-04-08 11:59:59.999000+00:00,1
2026-04-08 12:00:00+00:00,39.268,39.789,38.446,38.838,9127243.0,2026-04-08 15:59:59.999000+00:00,1
2026-04-08 16:00:00+00:00,38.838,38.93,37.748,38.075,6428330.0,2026-04-08 19:59:59.999000+00:00,1
2026-04-08 20:00:00+00:00,38.075,39.693,37.92,38.74,7723924.0,2026-04-08 23:59:59.999000+00:00,1
2026-04-09 00:00:00+00:00,38.74,38.772,38.13,38.669,4324485.0,2026-04-09 03:59:59.999000+00:00,1
2026-04-09 04:00:00+00:00,38.669,38.885,38.211,38.715,4683450.0,2026-04-09 07:59:59.999000+00:00,1
2026-04-09 08:00:00+00:00,38.715,39.288,38.693,38.808,5780982.0,2026-04-09 11:59:59.999000+00:00,1
2026-04-09 12:00:00+00:00,38.807,39.828,38.754,39.557,9545945.0,2026-04-09 15:59:59.999000+00:00,1
2026-04-09 16:00:00+00:00,39.558,40.286,39.356,40.015,7294802.0,2026-04-09 19:59:59.999000+00:00,1
2026-04-09 20:00:00+00:00,40.016,40.403,39.311,39.444,5282129.0,2026-04-09 23:59:59.999000+00:00,1
2026-04-10 00:00:00+00:00,39.447,40.917,39.411,40.136,8209261.0,2026-04-10 03:59:59.999000+00:00,1
2026-04-10 04:00:00+00:00,40.135,40.8,40.01,40.034,4823633.0,2026-04-10 07:59:59.999000+00:00,1
2026-04-10 08:00:00+00:00,40.034,41.175,40.028,41.105,6794404.0,2026-04-10 11:59:59.999000+00:00,1
2026-04-10 12:00:00+00:00,41.11,42.301,40.987,41.704,12337910.0,2026-04-10 15:59:59.999000+00:00,1
2026-04-10 16:00:00+00:00,41.704,42.247,41.571,41.663,4738207.0,2026-04-10 19:59:59.999000+00:00,1
2026-04-10 20:00:00+00:00,41.666,41.823,41.252,41.579,3093717.0,2026-04-10 23:59:59.999000+00:00,1
2026-04-11 00:00:00+00:00,41.58,42.137,41.459,41.808,3112486.0,2026-04-11 03:59:59.999000+00:00,1
2026-04-11 04:00:00+00:00,41.809,42.694,41.542,42.514,5507549.0,2026-04-11 07:59:59.999000+00:00,1
2026-04-11 08:00:00+00:00,42.514,42.537,42.082,42.378,3237722.0,2026-04-11 11:59:59.999000+00:00,1
2026-04-11 12:00:00+00:00,42.372,42.514,41.736,41.865,2769484.0,2026-04-11 15:59:59.999000+00:00,1
2026-04-11 16:00:00+00:00,41.86,43.181,41.844,42.989,5510883.0,2026-04-11 19:59:59.999000+00:00,1
2026-04-11 20:00:00+00:00,42.989,43.001,42.027,42.25,4091479.0,2026-04-11 23:59:59.999000+00:00,1
2026-04-12 00:00:00+00:00,42.25,42.805,40.916,41.035,8105608.0,2026-04-12 03:59:59.999000+00:00,1
2026-04-12 04:00:00+00:00,41.035,41.125,40.536,40.743,5145288.0,2026-04-12 07:59:59.999000+00:00,1
2026-04-12 08:00:00+00:00,40.744,40.93,40.319,40.4,2673598.0,2026-04-12 11:59:59.999000+00:00,1
2026-04-12 12:00:00+00:00,40.399,40.858,40.175,40.794,4684222.0,2026-04-12 15:59:59.999000+00:00,1
2026-04-12 16:00:00+00:00,40.793,41.342,40.773,41.075,3438788.0,2026-04-12 19:59:59.999000+00:00,1
2026-04-12 20:00:00+00:00,41.075,41.262,40.437,40.821,2711226.0,2026-04-12 23:59:59.999000+00:00,1
2026-04-13 00:00:00+00:00,40.821,41.999,40.772,41.534,5297203.0,2026-04-13 03:59:59.999000+00:00,1
2026-04-13 04:00:00+00:00,41.534,41.687,41.017,41.227,4193894.0,2026-04-13 07:59:59.999000+00:00,1
2026-04-13 08:00:00+00:00,41.228,41.851,41.076,41.828,3776294.0,2026-04-13 11:59:59.999000+00:00,1
2026-04-13 12:00:00+00:00,41.819,42.856,41.478,42.419,9679497.0,2026-04-13 15:59:59.999000+00:00,1
2026-04-13 16:00:00+00:00,42.421,43.996,42.165,43.586,12390769.0,2026-04-13 19:59:59.999000+00:00,1
2026-04-13 20:00:00+00:00,43.584,44.585,43.107,44.281,9399243.0,2026-04-13 23:59:59.999000+00:00,1
2026-04-14 00:00:00+00:00,44.282,44.965,44.1,44.644,8200360.0,2026-04-14 03:59:59.999000+00:00,1
2026-04-14 04:00:00+00:00,44.644,45.022,44.433,44.491,5026095.0,2026-04-14 07:59:59.999000+00:00,1
2026-04-14 08:00:00+00:00,44.491,45.272,44.369,44.777,5059005.0,2026-04-14 11:59:59.999000+00:00,1
2026-04-14 12:00:00+00:00,44.776,45.172,43.271,43.475,12400048.0,2026-04-14 15:59:59.999000+00:00,1
2026-04-14 16:00:00+00:00,43.476,43.83,43.026,43.341,6941535.0,2026-04-14 19:59:59.999000+00:00,1
2026-04-14 20:00:00+00:00,43.344,43.526,42.918,43.506,3260980.0,2026-04-14 23:59:59.999000+00:00,1
2026-04-15 00:00:00+00:00,43.507,44.481,43.421,43.953,5286767.0,2026-04-15 03:59:59.999000+00:00,1
2026-04-15 04:00:00+00:00,43.953,44.07,43.05,43.33,4663703.0,2026-04-15 07:59:59.999000+00:00,1
2026-04-15 08:00:00+00:00,43.32,44.21,43.21,44.18,3584313.0,2026-04-15 11:59:59.999000+00:00,1
2026-04-15 12:00:00+00:00,44.18,44.72,43.95,44.56,5480883.0,2026-04-15 15:59:59.999000+00:00,1
2026-04-15 16:00:00+00:00,44.55,45.43,44.17,44.83,6449050.0,2026-04-15 19:59:59.999000+00:00,1
2026-04-15 20:00:00+00:00,44.82,44.99,44.24,44.62,3722669.0,2026-04-15 23:59:59.999000+00:00,1
2026-04-16 00:00:00+00:00,44.61,45.2,44.06,44.83,3696468.0,2026-04-16 03:59:59.999000+00:00,1
2026-04-16 04:00:00+00:00,44.81,45.75,44.77,45.26,5047976.0,2026-04-16 07:59:59.999000+00:00,1
2026-04-16 08:00:00+00:00,45.25,45.46,44.43,44.6,5304640.0,2026-04-16 11:59:59.999000+00:00,1
2026-04-16 12:00:00+00:00,44.59,45.11,44.25,44.73,7510834.0,2026-04-16 15:59:59.999000+00:00,1
2026-04-16 16:00:00+00:00,44.73,44.86,43.43,44.08,6439203.0,2026-04-16 19:59:59.999000+00:00,1
2026-04-16 20:00:00+00:00,44.07,44.13,43.29,43.78,4035821.0,2026-04-16 23:59:59.999000+00:00,1
2026-04-17 00:00:00+00:00,43.79,44.35,43.15,43.26,4070811.0,2026-04-17 03:59:59.999000+00:00,1
2026-04-17 04:00:00+00:00,43.27,43.91,43.25,43.86,3528888.0,2026-04-17 07:59:59.999000+00:00,1
2026-04-17 08:00:00+00:00,43.87,44.42,43.23,43.62,6428281.0,2026-04-17 11:59:59.999000+00:00,1
2026-04-17 12:00:00+00:00,43.63,45.26,43.53,45.24,8224428.0,2026-04-17 15:59:59.999000+00:00,1
2026-04-17 16:00:00+00:00,45.23,45.55,43.92,44.37,6438343.0,2026-04-17 19:59:59.999000+00:00,1
2026-04-17 20:00:00+00:00,44.38,44.85,44.11,44.62,2168272.0,2026-04-17 23:59:59.999000+00:00,1
2026-04-18 00:00:00+00:00,44.62,45.43,44.45,45.12,3250231.0,2026-04-18 03:59:59.999000+00:00,1
2026-04-18 04:00:00+00:00,45.13,45.16,44.57,44.58,2831993.0,2026-04-18 07:59:59.999000+00:00,1
2026-04-18 08:00:00+00:00,44.59,45.14,44.03,44.31,5951154.0,2026-04-18 11:59:59.999000+00:00,1
2026-04-18 12:00:00+00:00,44.31,44.61,43.96,44.55,2902089.0,2026-04-18 15:59:59.999000+00:00,1
2026-04-18 16:00:00+00:00,44.55,44.68,43.7,43.97,2849806.0,2026-04-18 19:59:59.999000+00:00,1
2026-04-18 20:00:00+00:00,43.97,44.28,43.74,43.76,1280093.0,2026-04-18 23:59:59.999000+00:00,1
2026-04-19 00:00:00+00:00,43.76,43.93,43.14,43.32,3618598.0,2026-04-19 03:59:59.999000+00:00,1
2026-04-19 04:00:00+00:00,43.32,43.65,42.85,43.13,3123362.0,2026-04-19 07:59:59.999000+00:00,1
2026-04-19 08:00:00+00:00,43.14,43.41,42.72,43.37,3930561.0,2026-04-19 11:59:59.999000+00:00,1
2026-04-19 12:00:00+00:00,43.38,43.93,43.14,43.36,4475143.0,2026-04-19 15:59:59.999000+00:00,1
2026-04-19 16:00:00+00:00,43.36,43.38,41.39,41.56,7497486.0,2026-04-19 19:59:59.999000+00:00,1
2026-04-19 20:00:00+00:00,41.56,41.64,40.53,40.73,4229227.0,2026-04-19 23:59:59.999000+00:00,1
2026-04-20 00:00:00+00:00,40.73,41.59,40.72,41.21,3650989.0,2026-04-20 03:59:59.999000+00:00,1
2026-04-20 04:00:00+00:00,41.21,41.57,40.72,40.9,3821526.0,2026-04-20 07:59:59.999000+00:00,1
2026-04-20 08:00:00+00:00,40.9,41.23,40.68,41.16,2933554.0,2026-04-20 11:59:59.999000+00:00,1
2026-04-20 12:00:00+00:00,41.17,41.8,40.48,41.17,8842839.0,2026-04-20 15:59:59.999000+00:00,1
2026-04-20 16:00:00+00:00,41.17,41.6,40.66,41.29,4162981.0,2026-04-20 19:59:59.999000+00:00,1
2026-04-20 20:00:00+00:00,41.29,41.55,40.55,40.69,2035223.0,2026-04-20 23:59:59.999000+00:00,1
2026-04-21 00:00:00+00:00,40.7,41.4,40.35,41.24,4052614.0,2026-04-21 03:59:59.999000+00:00,1
2026-04-21 04:00:00+00:00,41.23,41.37,40.61,40.9,2767991.0,2026-04-21 07:59:59.999000+00:00,1
2026-04-21 08:00:00+00:00,40.91,41.28,40.53,40.87,4852915.0,2026-04-21 11:59:59.999000+00:00,1
2026-04-21 12:00:00+00:00,40.87,40.87,39.76,40.0,6385339.0,2026-04-21 15:59:59.999000+00:00,1
2026-04-21 16:00:00+00:00,40.01,40.1,38.88,38.95,6923075.0,2026-04-21 19:59:59.999000+00:00,1
2026-04-21 20:00:00+00:00,38.94,39.91,38.89,39.74,4200549.0,2026-04-21 23:59:59.999000+00:00,1
2026-04-22 00:00:00+00:00,39.75,40.65,39.6,40.08,5793281.0,2026-04-22 03:59:59.999000+00:00,1
2026-04-22 04:00:00+00:00,40.08,40.65,39.94,40.38,5199529.0,2026-04-22 07:59:59.999000+00:00,1
2026-04-22 08:00:00+00:00,40.38,41.07,40.29,41.02,3659358.0,2026-04-22 11:59:59.999000+00:00,1
2026-04-22 12:00:00+00:00,41.01,41.49,40.72,40.95,6038098.0,2026-04-22 15:59:59.999000+00:00,1
2026-04-22 16:00:00+00:00,40.95,41.4,40.73,40.92,3231600.0,2026-04-22 19:59:59.999000+00:00,1
2026-04-22 20:00:00+00:00,40.93,41.7,40.82,41.12,5598845.0,2026-04-22 23:59:59.999000+00:00,1
2026-04-23 00:00:00+00:00,41.12,41.4,40.53,40.65,4256664.0,2026-04-23 03:59:59.999000+00:00,1
2026-04-23 04:00:00+00:00,40.66,41.25,40.55,41.21,3152714.0,2026-04-23 07:59:59.999000+00:00,1
2026-04-23 08:00:00+00:00,41.21,41.36,40.49,41.06,6656232.0,2026-04-23 11:59:59.999000+00:00,1
2026-04-23 12:00:00+00:00,41.07,41.89,41.04,41.81,5473725.0,2026-04-23 15:59:59.999000+00:00,1
2026-04-23 16:00:00+00:00,41.81,41.82,40.72,40.94,6044328.0,2026-04-23 19:59:59.999000+00:00,1
2026-04-23 20:00:00+00:00,40.94,41.3,40.9,41.27,1488768.0,2026-04-23 23:59:59.999000+00:00,1
2026-04-24 00:00:00+00:00,41.28,41.49,40.83,41.06,2357500.0,2026-04-24 03:59:59.999000+00:00,1
2026-04-24 04:00:00+00:00,41.05,41.23,40.84,40.99,2077229.0,2026-04-24 07:59:59.999000+00:00,1
2026-04-24 08:00:00+00:00,40.99,41.1,40.64,41.01,3883543.0,2026-04-24 11:59:59.999000+00:00,1
2026-04-24 12:00:00+00:00,41.01,41.18,40.68,41.15,3972628.0,2026-04-24 15:59:59.999000+00:00,1
2026-04-24 16:00:00+00:00,41.15,41.29,40.85,41.25,1938116.0,2026-04-24 19:59:59.999000+00:00,1
2026-04-24 20:00:00+00:00,41.25,41.47,41.07,41.14,1533591.0,2026-04-24 23:59:59.999000+00:00,1
2026-04-25 00:00:00+00:00,41.15,41.23,40.96,41.16,1191524.0,2026-04-25 03:59:59.999000+00:00,1
2026-04-25 04:00:00+00:00,41.16,41.28,41.0,41.22,709103.0,2026-04-25 07:59:59.999000+00:00,1
2026-04-25 08:00:00+00:00,41.22,41.86,41.13,41.7,3642573.0,2026-04-25 11:59:59.999000+00:00,1
2026-04-25 12:00:00+00:00,41.7,41.73,41.28,41.39,2433168.0,2026-04-25 15:59:59.999000+00:00,1
2026-04-25 16:00:00+00:00,41.38,41.46,40.82,41.15,2400616.0,2026-04-25 19:59:59.999000+00:00,1
2026-04-25 20:00:00+00:00,41.16,41.48,41.07,41.47,1465160.0,2026-04-25 23:59:59.999000+00:00,1
2026-04-26 00:00:00+00:00,41.48,41.54,41.2,41.27,1380316.0,2026-04-26 03:59:59.999000+00:00,1
2026-04-26 04:00:00+00:00,41.26,41.53,41.07,41.23,2709256.0,2026-04-26 07:59:59.999000+00:00,1
2026-04-26 08:00:00+00:00,41.22,41.31,41.08,41.12,1090890.0,2026-04-26 11:59:59.999000+00:00,1
2026-04-26 12:00:00+00:00,41.11,41.35,40.92,41.34,1725779.0,2026-04-26 15:59:59.999000+00:00,1
2026-04-26 16:00:00+00:00,41.34,42.04,41.2,41.96,2704199.0,2026-04-26 19:59:59.999000+00:00,1
2026-04-26 20:00:00+00:00,41.97,42.6,41.79,42.41,4291945.0,2026-04-26 23:59:59.999000+00:00,1
2026-04-27 00:00:00+00:00,42.42,43.59,42.27,43.31,6900610.0,2026-04-27 03:59:59.999000+00:00,1
2026-04-27 04:00:00+00:00,43.31,43.34,42.21,42.33,6453029.0,2026-04-27 07:59:59.999000+00:00,1
2026-04-27 08:00:00+00:00,42.34,42.65,42.13,42.36,3817053.0,2026-04-27 11:59:59.999000+00:00,1
2026-04-27 12:00:00+00:00,42.36,42.93,41.59,41.7,8578789.0,2026-04-27 15:59:59.999000+00:00,1
2026-04-27 16:00:00+00:00,41.69,41.82,41.25,41.58,4271253.0,2026-04-27 19:59:59.999000+00:00,1
2026-04-27 20:00:00+00:00,41.59,41.66,41.23,41.63,1519513.0,2026-04-27 23:59:59.999000+00:00,1
2026-04-28 00:00:00+00:00,41.63,41.82,40.78,41.03,3252365.0,2026-04-28 03:59:59.999000+00:00,1
2026-04-28 04:00:00+00:00,41.02,41.35,40.13,40.58,5211602.0,2026-04-28 07:59:59.999000+00:00,1
2026-04-28 08:00:00+00:00,40.59,40.67,39.66,40.11,6033592.0,2026-04-28 11:59:59.999000+00:00,1
2026-04-28 12:00:00+00:00,40.1,40.2,39.48,39.73,6464938.0,2026-04-28 15:59:59.999000+00:00,1
2026-04-28 16:00:00+00:00,39.72,40.12,39.44,40.08,3830235.0,2026-04-28 19:59:59.999000+00:00,1
2026-04-28 20:00:00+00:00,40.08,40.18,39.8,40.16,2170339.0,2026-04-28 23:59:59.999000+00:00,1
2026-04-29 00:00:00+00:00,40.16,40.6,39.91,40.3,3054492.0,2026-04-29 03:59:59.999000+00:00,1
2026-04-29 04:00:00+00:00,40.3,40.84,40.12,40.51,5602766.0,2026-04-29 07:59:59.999000+00:00,1
2026-04-29 08:00:00+00:00,40.52,40.67,40.2,40.36,5054591.0,2026-04-29 11:59:59.999000+00:00,1
2026-04-29 12:00:00+00:00,40.35,40.39,39.35,39.57,7060694.0,2026-04-29 15:59:59.999000+00:00,1
2026-04-29 16:00:00+00:00,39.56,39.95,39.17,39.92,6329156.0,2026-04-29 19:59:59.999000+00:00,1
2026-04-29 20:00:00+00:00,39.93,40.16,39.68,39.92,1703650.0,2026-04-29 23:59:59.999000+00:00,1
2026-04-30 00:00:00+00:00,39.93,40.33,39.51,39.69,3727968.0,2026-04-30 03:59:59.999000+00:00,1
2026-04-30 04:00:00+00:00,39.68,39.69,39.24,39.51,2787478.0,2026-04-30 07:59:59.999000+00:00,1
2026-04-30 08:00:00+00:00,39.51,39.57,38.67,38.86,6528069.0,2026-04-30 11:59:59.999000+00:00,1
2026-04-30 12:00:00+00:00,38.86,39.42,38.74,39.21,5517481.0,2026-04-30 15:59:59.999000+00:00,1
2026-04-30 16:00:00+00:00,39.22,39.38,38.92,39.23,2284030.0,2026-04-30 19:59:59.999000+00:00,1
2026-04-30 20:00:00+00:00,39.23,39.7,39.05,39.69,2171324.0,2026-04-30 23:59:59.999000+00:00,1
2026-05-01 00:00:00+00:00,39.68,40.49,39.66,40.3,4131894.0,2026-05-01 03:59:59.999000+00:00,1
2026-05-01 04:00:00+00:00,40.3,40.39,39.72,39.91,3843109.0,2026-05-01 07:59:59.999000+00:00,1
2026-05-01 08:00:00+00:00,39.91,40.91,39.87,40.67,5502532.0,2026-05-01 11:59:59.999000+00:00,1
2026-05-01 12:00:00+00:00,40.68,41.16,40.49,40.98,7427857.0,2026-05-01 15:59:59.999000+00:00,1
2026-05-01 16:00:00+00:00,40.98,41.16,40.68,40.95,4124208.0,2026-05-01 19:59:59.999000+00:00,1
2026-05-01 20:00:00+00:00,40.95,41.19,40.69,41.15,2548662.0,2026-05-01 23:59:59.999000+00:00,1
2026-05-02 00:00:00+00:00,41.16,41.46,41.0,41.4,3204443.0,2026-05-02 03:59:59.999000+00:00,1
2026-05-02 04:00:00+00:00,41.41,41.72,41.18,41.71,3103763.0,2026-05-02 07:59:59.999000+00:00,1
2026-05-02 08:00:00+00:00,41.7,42.44,41.47,41.53,5930733.0,2026-05-02 11:59:59.999000+00:00,1
2026-05-02 12:00:00+00:00,41.54,41.75,41.28,41.58,2802204.0,2026-05-02 15:59:59.999000+00:00,1
2026-05-02 16:00:00+00:00,41.59,41.85,41.44,41.6,1548500.0,2026-05-02 19:59:59.999000+00:00,1
2026-05-02 20:00:00+00:00,41.6,41.63,41.25,41.25,1650741.0,2026-05-02 23:59:59.999000+00:00,1
2026-05-03 00:00:00+00:00,41.26,41.37,40.86,41.05,3062921.0,2026-05-03 03:59:59.999000+00:00,1
2026-05-03 04:00:00+00:00,41.04,41.13,40.8,41.02,1611679.0,2026-05-03 07:59:59.999000+00:00,1
2026-05-03 08:00:00+00:00,41.03,41.31,40.9,40.98,2750415.0,2026-05-03 11:59:59.999000+00:00,1
2026-05-03 12:00:00+00:00,40.99,41.2,40.73,40.75,1664374.0,2026-05-03 15:59:59.999000+00:00,1
2026-05-03 16:00:00+00:00,40.75,41.25,40.67,41.21,2639136.0,2026-05-03 19:59:59.999000+00:00,1
2026-05-03 20:00:00+00:00,41.21,41.71,41.03,41.53,3438523.0,2026-05-03 23:59:59.999000+00:00,1
2026-05-04 00:00:00+00:00,41.54,42.21,40.94,42.17,7078254.0,2026-05-04 03:59:59.999000+00:00,1
2026-05-04 04:00:00+00:00,42.18,42.59,41.66,41.82,5644351.0,2026-05-04 07:59:59.999000+00:00,1
2026-05-04 08:00:00+00:00,41.82,41.92,41.06,41.32,5238191.0,2026-05-04 11:59:59.999000+00:00,1
2026-05-04 12:00:00+00:00,41.32,41.72,40.88,41.36,6364542.0,2026-05-04 15:59:59.999000+00:00,1
2026-05-04 16:00:00+00:00,41.37,41.75,41.09,41.59,3406046.0,2026-05-04 19:59:59.999000+00:00,1
2026-05-04 20:00:00+00:00,41.59,42.48,41.5,41.79,3004364.0,2026-05-04 23:59:59.999000+00:00,1
2026-05-05 00:00:00+00:00,41.8,42.45,41.75,42.43,3024816.0,2026-05-05 03:59:59.999000+00:00,1
2026-05-05 04:00:00+00:00,42.44,43.28,42.26,43.21,5897896.0,2026-05-05 07:59:59.999000+00:00,1
2026-05-05 08:00:00+00:00,43.21,43.86,42.71,43.81,7342662.0,2026-05-05 11:59:59.999000+00:00,1
2026-05-05 12:00:00+00:00,43.81,44.18,43.52,44.0,7943579.0,2026-05-05 15:59:59.999000+00:00,1
2026-05-05 16:00:00+00:00,44.0,44.5,43.71,44.01,6113495.0,2026-05-05 19:59:59.999000+00:00,1
2026-05-05 20:00:00+00:00,44.02,44.62,43.58,43.7,4084377.0,2026-05-05 23:59:59.999000+00:00,1
2026-05-06 00:00:00+00:00,43.69,44.18,43.59,44.15,3137116.0,2026-05-06 03:59:59.999000+00:00,1
2026-05-06 04:00:00+00:00,44.15,44.4,43.8,44.39,3342346.0,2026-05-06 07:59:59.999000+00:00,1
2026-05-06 08:00:00+00:00,44.39,44.66,43.68,44.65,6617210.0,2026-05-06 11:59:59.999000+00:00,1
2026-05-06 12:00:00+00:00,44.65,44.78,43.18,43.53,8659407.0,2026-05-06 15:59:59.999000+00:00,1
2026-05-06 16:00:00+00:00,43.53,43.73,42.88,43.24,5520719.0,2026-05-06 19:59:59.999000+00:00,1
2026-05-06 20:00:00+00:00,43.25,43.4,42.93,43.1,2372645.0,2026-05-06 23:59:59.999000+00:00,1
2026-05-07 00:00:00+00:00,43.1,43.14,42.27,42.29,4268855.0,2026-05-07 03:59:59.999000+00:00,1
2026-05-07 04:00:00+00:00,42.29,43.32,42.26,43.31,5254862.0,2026-05-07 07:59:59.999000+00:00,1
2026-05-07 08:00:00+00:00,43.31,43.55,42.47,42.75,6034923.0,2026-05-07 11:59:59.999000+00:00,1
2026-05-07 12:00:00+00:00,42.75,43.23,42.05,42.1,5663096.0,2026-05-07 15:59:59.999000+00:00,1
2026-05-07 16:00:00+00:00,42.1,42.53,41.86,42.33,3752244.0,2026-05-07 19:59:59.999000+00:00,1
2026-05-07 20:00:00+00:00,42.33,42.67,42.25,42.52,2764747.0,2026-05-07 23:59:59.999000+00:00,1
2026-05-08 00:00:00+00:00,42.53,42.78,42.14,42.25,2957511.0,2026-05-08 03:59:59.999000+00:00,1
2026-05-08 04:00:00+00:00,42.26,42.74,42.01,42.74,2107948.0,2026-05-08 07:59:59.999000+00:00,1
2026-05-08 08:00:00+00:00,42.74,42.96,42.31,42.5,4615929.0,2026-05-08 11:59:59.999000+00:00,1
2026-05-08 12:00:00+00:00,42.5,43.12,42.11,43.09,5860208.0,2026-05-08 15:59:59.999000+00:00,1
2026-05-08 16:00:00+00:00,43.1,43.47,42.68,43.08,3722083.0,2026-05-08 19:59:59.999000+00:00,1
2026-05-08 20:00:00+00:00,43.08,43.36,43.0,43.24,1591679.0,2026-05-08 23:59:59.999000+00:00,1
2026-05-09 00:00:00+00:00,43.25,44.06,43.18,44.02,2952631.0,2026-05-09 03:59:59.999000+00:00,1
2026-05-09 04:00:00+00:00,44.03,44.34,43.75,43.78,2387246.0,2026-05-09 07:59:59.999000+00:00,1
2026-05-09 08:00:00+00:00,43.78,44.26,43.21,43.75,6460095.0,2026-05-09 11:59:59.999000+00:00,1
2026-05-09 12:00:00+00:00,43.75,43.98,42.94,43.1,3278214.0,2026-05-09 15:59:59.999000+00:00,1
2026-05-09 16:00:00+00:00,43.1,43.32,42.86,43.09,2940097.0,2026-05-09 19:59:59.999000+00:00,1
2026-05-09 20:00:00+00:00,43.1,43.15,42.85,42.91,1222045.0,2026-05-09 23:59:59.999000+00:00,1
2026-05-10 00:00:00+00:00,42.91,42.94,42.41,42.84,2350132.0,2026-05-10 03:59:59.999000+00:00,1
2026-05-10 04:00:00+00:00,42.83,43.17,42.77,43.04,1531147.0,2026-05-10 07:59:59.999000+00:00,1
2026-05-10 08:00:00+00:00,43.03,43.16,42.66,42.82,1571704.0,2026-05-10 11:59:59.999000+00:00,1
2026-05-10 12:00:00+00:00,42.82,43.3,42.56,43.24,2205556.0,2026-05-10 15:59:59.999000+00:00,1
2026-05-10 16:00:00+00:00,43.24,43.68,43.04,43.45,2814481.0,2026-05-10 19:59:59.999000+00:00,1
2026-05-10 20:00:00+00:00,43.45,43.67,42.1,42.99,5120301.0,2026-05-10 23:59:59.999000+00:00,1
2026-05-11 00:00:00+00:00,42.99,43.15,41.96,42.23,4850557.0,2026-05-11 03:59:59.999000+00:00,1
2026-05-11 04:00:00+00:00,42.23,42.3,41.73,41.86,2882413.0,2026-05-11 07:59:59.999000+00:00,1
2026-05-11 08:00:00+00:00,41.86,42.1,41.3,41.44,4604848.0,2026-05-11 11:59:59.999000+00:00,1
2026-05-11 12:00:00+00:00,41.44,41.66,40.81,41.66,6510870.0,2026-05-11 15:59:59.999000+00:00,1
2026-05-11 16:00:00+00:00,41.65,42.23,41.5,42.17,3840706.0,2026-05-11 19:59:59.999000+00:00,1
2026-05-11 20:00:00+00:00,42.18,42.21,41.8,41.98,1060483.0,2026-05-11 23:59:59.999000+00:00,1
2026-05-12 00:00:00+00:00,41.99,42.05,40.87,40.99,2566582.0,2026-05-12 03:59:59.999000+00:00,1
2026-05-12 04:00:00+00:00,40.99,41.38,40.83,41.28,2142977.0,2026-05-12 07:59:59.999000+00:00,1
2026-05-12 08:00:00+00:00,41.29,41.39,40.6,41.06,2942523.0,2026-05-12 11:59:59.999000+00:00,1
2026-05-12 12:00:00+00:00,41.06,41.15,40.07,40.29,5998555.0,2026-05-12 15:59:59.999000+00:00,1
2026-05-12 16:00:00+00:00,40.28,40.49,39.82,40.43,4801869.0,2026-05-12 19:59:59.999000+00:00,1
2026-05-12 20:00:00+00:00,40.43,40.57,40.11,40.24,1784191.0,2026-05-12 23:59:59.999000+00:00,1
2026-05-13 00:00:00+00:00,40.25,40.69,40.03,40.43,1998184.0,2026-05-13 03:59:59.999000+00:00,1
2026-05-13 04:00:00+00:00,40.43,40.45,39.86,40.17,3593734.0,2026-05-13 07:59:59.999000+00:00,1
2026-05-13 08:00:00+00:00,40.17,40.23,39.22,39.24,5423506.0,2026-05-13 11:59:59.999000+00:00,1
2026-05-13 12:00:00+00:00,39.24,39.59,38.83,38.86,7395236.0,2026-05-13 15:59:59.999000+00:00,1
2026-05-13 16:00:00+00:00,38.86,39.33,38.86,39.09,2178540.0,2026-05-13 19:59:59.999000+00:00,1
2026-05-13 20:00:00+00:00,39.1,39.21,38.69,38.81,2032952.0,2026-05-13 23:59:59.999000+00:00,1
2026-05-14 00:00:00+00:00,38.81,39.05,38.14,38.33,5650303.0,2026-05-14 03:59:59.999000+00:00,1
2026-05-14 04:00:00+00:00,38.32,39.3,38.3,38.98,5757209.0,2026-05-14 07:59:59.999000+00:00,1
2026-05-14 08:00:00+00:00,38.99,39.15,38.84,38.9,1518795.0,2026-05-14 11:59:59.999000+00:00,1
2026-05-14 12:00:00+00:00,38.89,42.83,38.89,42.62,29440867.0,2026-05-14 15:59:59.999000+00:00,1
2026-05-14 16:00:00+00:00,42.61,44.77,42.32,44.65,15954607.0,2026-05-14 19:59:59.999000+00:00,1
2026-05-14 20:00:00+00:00,44.66,44.67,43.56,44.13,10772697.0,2026-05-14 23:59:59.999000+00:00,1
2026-05-15 00:00:00+00:00,44.13,47.0,44.12,46.66,26237703.0,2026-05-15 03:59:59.999000+00:00,1
2026-05-15 04:00:00+00:00,46.67,46.92,45.14,46.65,20904879.0,2026-05-15 07:59:59.999000+00:00,1
2026-05-15 08:00:00+00:00,46.66,46.68,44.93,45.68,15127601.0,2026-05-15 11:59:59.999000+00:00,1
2026-05-15 12:00:00+00:00,45.69,45.78,42.65,44.1,41707292.0,2026-05-15 15:59:59.999000+00:00,1
2026-05-15 16:00:00+00:00,44.09,45.12,43.66,44.59,14109263.0,2026-05-15 19:59:59.999000+00:00,1
2026-05-15 20:00:00+00:00,44.59,44.94,43.83,44.16,4826228.0,2026-05-15 23:59:59.999000+00:00,1
2026-05-16 00:00:00+00:00,44.17,44.51,42.94,43.2,9120947.0,2026-05-16 03:59:59.999000+00:00,1
2026-05-16 04:00:00+00:00,43.19,43.19,41.34,41.99,12043232.0,2026-05-16 07:59:59.999000+00:00,1
2026-05-16 08:00:00+00:00,41.99,42.1,40.37,40.83,17672806.0,2026-05-16 11:59:59.999000+00:00,1
2026-05-16 12:00:00+00:00,40.84,41.3,40.68,40.88,6223009.0,2026-05-16 15:59:59.999000+00:00,1
2026-05-16 16:00:00+00:00,40.87,41.84,40.58,41.63,8057083.0,2026-05-16 19:59:59.999000+00:00,1
2026-05-16 20:00:00+00:00,41.64,42.06,41.59,41.8,5783112.0,2026-05-16 23:59:59.999000+00:00,1
2026-05-17 00:00:00+00:00,41.81,42.69,41.35,42.4,9581085.0,2026-05-17 03:59:59.999000+00:00,1
2026-05-17 04:00:00+00:00,42.4,42.99,41.9,42.78,12082399.0,2026-05-17 07:59:59.999000+00:00,1
2026-05-17 08:00:00+00:00,42.78,43.5,42.59,42.9,9875366.0,2026-05-17 11:59:59.999000+00:00,1
2026-05-17 12:00:00+00:00,42.9,44.0,42.5,43.58,17000729.0,2026-05-17 15:59:59.999000+00:00,1
2026-05-17 16:00:00+00:00,43.58,47.13,43.37,46.69,19226234.0,2026-05-17 19:59:59.999000+00:00,1
2026-05-17 20:00:00+00:00,46.7,47.3,44.65,45.68,24075807.0,2026-05-17 23:59:59.999000+00:00,1
2026-05-18 00:00:00+00:00,45.68,46.97,45.02,45.48,23287803.0,2026-05-18 03:59:59.999000+00:00,1
2026-05-18 04:00:00+00:00,45.47,46.08,44.82,45.27,13187722.0,2026-05-18 07:59:59.999000+00:00,1
2026-05-18 08:00:00+00:00,45.27,45.88,44.78,45.49,12668536.0,2026-05-18 11:59:59.999000+00:00,1
2026-05-18 12:00:00+00:00,45.5,46.25,44.2,44.74,25088770.0,2026-05-18 15:59:59.999000+00:00,1
2026-05-18 16:00:00+00:00,44.73,46.42,44.69,46.4,13046073.0,2026-05-18 19:59:59.999000+00:00,1
2026-05-18 20:00:00+00:00,46.4,47.96,45.69,47.73,18525247.0,2026-05-18 23:59:59.999000+00:00,1
2026-05-19 00:00:00+00:00,47.73,48.6,46.84,47.75,17424809.0,2026-05-19 03:59:59.999000+00:00,1
2026-05-19 04:00:00+00:00,47.75,48.38,47.19,47.81,9588312.0,2026-05-19 07:59:59.999000+00:00,1
2026-05-19 08:00:00+00:00,47.81,48.78,47.53,47.76,15531038.0,2026-05-19 11:59:59.999000+00:00,1
2026-05-19 12:00:00+00:00,47.75,48.48,47.23,47.81,18333445.0,2026-05-19 15:59:59.999000+00:00,1
2026-05-19 16:00:00+00:00,47.8,48.91,47.66,48.72,13859172.0,2026-05-19 19:59:59.999000+00:00,1
2026-05-19 20:00:00+00:00,48.73,48.74,47.65,48.04,6453848.0,2026-05-19 23:59:59.999000+00:00,1
2026-05-20 00:00:00+00:00,48.03,48.06,47.1,47.44,9171123.0,2026-05-20 03:59:59.999000+00:00,1
2026-05-20 04:00:00+00:00,47.45,48.68,47.33,48.45,14391458.0,2026-05-20 07:59:59.999000+00:00,1
2026-05-20 08:00:00+00:00,48.45,50.08,48.42,49.71,23275820.0,2026-05-20 11:59:59.999000+00:00,1
2026-05-20 12:00:00+00:00,49.72,52.2,49.49,51.43,43910332.0,2026-05-20 15:59:59.999000+00:00,1
2026-05-20 16:00:00+00:00,51.42,52.97,51.18,52.94,22758485.0,2026-05-20 19:59:59.999000+00:00,1
2026-05-20 20:00:00+00:00,52.95,54.89,51.66,54.81,22837885.0,2026-05-20 23:59:59.999000+00:00,1
2026-05-21 00:00:00+00:00,54.81,57.13,54.72,56.77,33568029.0,2026-05-21 03:59:59.999000+00:00,1
2026-05-21 04:00:00+00:00,56.76,58.57,55.68,58.34,24996950.0,2026-05-21 07:59:59.999000+00:00,1
2026-05-21 08:00:00+00:00,58.35,59.23,56.69,57.2,42071728.0,2026-05-21 11:59:59.999000+00:00,1
2026-05-21 12:00:00+00:00,57.21,62.67,56.73,61.14,73974157.0,2026-05-21 15:59:59.999000+00:00,1
2026-05-21 16:00:00+00:00,61.14,61.18,57.32,57.81,42932802.0,2026-05-21 19:59:59.999000+00:00,1
2026-05-21 20:00:00+00:00,57.83,59.15,56.32,58.59,19583037.0,2026-05-21 23:59:59.999000+00:00,1
2026-05-22 00:00:00+00:00,58.6,58.67,56.63,57.5,17103349.0,2026-05-22 03:59:59.999000+00:00,1
2026-05-22 04:00:00+00:00,57.5,58.33,57.02,57.91,13668143.0,2026-05-22 07:59:59.999000+00:00,1
2026-05-22 08:00:00+00:00,57.92,60.99,57.61,60.9,36854728.0,2026-05-22 11:59:59.999000+00:00,1
2026-05-22 12:00:00+00:00,60.9,61.98,57.75,57.91,49487760.0,2026-05-22 15:59:59.999000+00:00,1
2026-05-22 16:00:00+00:00,57.91,58.52,55.03,55.65,37321014.0,2026-05-22 19:59:59.999000+00:00,1
2026-05-22 20:00:00+00:00,55.66,56.42,54.31,54.61,17420391.0,2026-05-22 23:59:59.999000+00:00,1
2026-05-23 00:00:00+00:00,54.61,55.96,54.05,55.93,19140620.0,2026-05-23 03:59:59.999000+00:00,1
2026-05-23 04:00:00+00:00,55.93,55.94,54.69,55.61,14998018.0,2026-05-23 07:59:59.999000+00:00,1
2026-05-23 08:00:00+00:00,55.61,56.27,54.89,55.0,14872736.0,2026-05-23 11:59:59.999000+00:00,1
2026-05-23 12:00:00+00:00,55.0,57.73,54.42,57.17,23034210.0,2026-05-23 15:59:59.999000+00:00,1
2026-05-23 16:00:00+00:00,57.18,58.81,56.96,58.3,16596549.0,2026-05-23 19:59:59.999000+00:00,1
2026-05-23 20:00:00+00:00,58.3,59.86,57.31,58.71,16795817.0,2026-05-23 23:59:59.999000+00:00,1
2026-05-24 00:00:00+00:00,58.72,61.52,58.63,60.17,25482002.0,2026-05-24 03:59:59.999000+00:00,1
2026-05-24 04:00:00+00:00,60.17,62.24,59.7,61.98,25584956.0,2026-05-24 07:59:59.999000+00:00,1
2026-05-24 08:00:00+00:00,61.99,64.44,61.59,62.86,37677060.0,2026-05-24 11:59:59.999000+00:00,1
2026-05-24 12:00:00+00:00,62.87,64.4,61.55,63.73,34029665.0,2026-05-24 15:59:59.999000+00:00,1
2026-05-24 16:00:00+00:00,63.74,64.75,62.6,63.02,21922271.0,2026-05-24 19:59:59.999000+00:00,1
2026-05-24 20:00:00+00:00,63.02,63.84,61.38,62.78,14443824.0,2026-05-24 23:59:59.999000+00:00,1
2026-05-25 00:00:00+00:00,62.77,62.96,60.79,61.48,16524813.0,2026-05-25 03:59:59.999000+00:00,1
2026-05-25 04:00:00+00:00,61.48,63.63,60.94,63.48,23552561.0,2026-05-25 07:59:59.999000+00:00,1
2026-05-25 08:00:00+00:00,63.47,64.06,62.69,63.39,18511580.0,2026-05-25 11:59:59.999000+00:00,1
2026-05-25 12:00:00+00:00,63.39,63.87,62.35,62.57,18339692.0,2026-05-25 15:59:59.999000+00:00,1
2026-05-25 16:00:00+00:00,62.57,62.64,61.36,62.05,12046120.0,2026-05-25 19:59:59.999000+00:00,1
2026-05-25 20:00:00+00:00,62.04,62.07,61.04,61.16,8240123.0,2026-05-25 23:59:59.999000+00:00,1
2026-05-26 00:00:00+00:00,61.17,61.3,58.59,59.36,24025893.0,2026-05-26 03:59:59.999000+00:00,1
2026-05-26 04:00:00+00:00,59.37,60.83,59.01,59.77,16467979.0,2026-05-26 07:59:59.999000+00:00,1
2026-05-26 08:00:00+00:00,59.77,61.9,59.18,61.18,21603988.0,2026-05-26 11:59:59.999000+00:00,1
2026-05-26 12:00:00+00:00,61.17,64.78,60.45,62.54,45873409.0,2026-05-26 15:59:59.999000+00:00,1
2026-05-26 16:00:00+00:00,62.53,63.68,60.18,60.82,26534105.0,2026-05-26 19:59:59.999000+00:00,1
2026-05-26 20:00:00+00:00,60.83,60.87,58.7,59.55,13638970.0,2026-05-26 23:59:59.999000+00:00,1
2026-05-27 00:00:00+00:00,59.56,61.14,59.39,60.11,13941348.0,2026-05-27 03:59:59.999000+00:00,1
2026-05-27 04:00:00+00:00,60.11,62.76,59.61,62.18,18109174.0,2026-05-27 07:59:59.999000+00:00,1
2026-05-27 08:00:00+00:00,62.17,63.35,61.81,62.33,15610585.0,2026-05-27 11:59:59.999000+00:00,1
2026-05-27 12:00:00+00:00,62.34,63.19,59.62,60.51,30334027.0,2026-05-27 15:59:59.999000+00:00,1
2026-05-27 16:00:00+00:00,60.52,60.66,58.9,60.16,18303788.0,2026-05-27 19:59:59.999000+00:00,1
2026-05-27 20:00:00+00:00,60.16,60.58,57.37,57.74,17861297.0,2026-05-27 23:59:59.999000+00:00,1
2026-05-28 00:00:00+00:00,57.75,58.64,56.79,57.14,16056192.0,2026-05-28 03:59:59.999000+00:00,1
2026-05-28 04:00:00+00:00,57.14,58.32,56.6,58.1,18344705.0,2026-05-28 07:59:59.999000+00:00,1
2026-05-28 08:00:00+00:00,58.11,58.11,56.36,57.12,14231676.0,2026-05-28 11:59:59.999000+00:00,1
2026-05-28 12:00:00+00:00,57.11,58.87,56.3,57.68,24954335.0,2026-05-28 15:59:59.999000+00:00,1
2026-05-28 16:00:00+00:00,57.67,61.56,57.4,60.95,23277578.0,2026-05-28 19:59:59.999000+00:00,1
2026-05-28 20:00:00+00:00,60.95,62.15,60.08,61.54,13050295.0,2026-05-28 23:59:59.999000+00:00,1
2026-05-29 00:00:00+00:00,61.54,62.55,60.36,61.3,25401453.0,2026-05-29 03:59:59.999000+00:00,1
2026-05-29 04:00:00+00:00,61.3,62.88,60.8,62.85,18091836.0,2026-05-29 07:59:59.999000+00:00,1
2026-05-29 08:00:00+00:00,62.85,63.56,61.86,62.21,18940899.0,2026-05-29 11:59:59.999000+00:00,1
2026-05-29 12:00:00+00:00,62.21,66.78,61.43,65.61,63032388.0,2026-05-29 15:59:59.999000+00:00,1
2026-05-29 16:00:00+00:00,65.62,67.55,64.81,66.24,38450462.0,2026-05-29 19:59:59.999000+00:00,1
2026-05-29 20:00:00+00:00,66.24,66.44,63.8,64.45,11348418.0,2026-05-29 23:59:59.999000+00:00,1
2026-05-30 00:00:00+00:00,64.44,66.06,64.12,65.15,11274132.0,2026-05-30 03:59:59.999000+00:00,1
2026-05-30 04:00:00+00:00,65.14,66.35,63.97,66.07,15921627.0,2026-05-30 07:59:59.999000+00:00,1
2026-05-30 08:00:00+00:00,66.07,68.07,65.82,67.85,17015008.0,2026-05-30 11:59:59.999000+00:00,1
2026-05-30 12:00:00+00:00,67.85,68.65,66.62,67.16,26066566.0,2026-05-30 15:59:59.999000+00:00,1
2026-05-30 16:00:00+00:00,67.16,68.35,66.19,67.84,14061513.0,2026-05-30 19:59:59.999000+00:00,1
2026-05-30 20:00:00+00:00,67.84,68.35,67.05,68.3,7688785.0,2026-05-30 23:59:59.999000+00:00,1
2026-05-31 00:00:00+00:00,68.31,69.6,68.0,68.82,17663493.0,2026-05-31 03:59:59.999000+00:00,1
2026-05-31 04:00:00+00:00,68.82,70.49,68.38,69.18,19323285.0,2026-05-31 07:59:59.999000+00:00,1
2026-05-31 08:00:00+00:00,69.19,69.7,67.44,67.81,15931724.0,2026-05-31 11:59:59.999000+00:00,1
2026-05-31 12:00:00+00:00,67.8,69.31,67.52,68.61,16352191.0,2026-05-31 15:59:59.999000+00:00,1
2026-05-31 16:00:00+00:00,68.61,69.38,67.69,69.29,12261350.0,2026-05-31 19:59:59.999000+00:00,1
2026-05-31 20:00:00+00:00,69.29,73.28,68.96,72.09,28013656.0,2026-05-31 23:59:59.999000+00:00,1
2026-06-01 00:00:00+00:00,72.09,74.43,71.67,73.51,19871203.0,2026-06-01 03:59:59.999000+00:00,1
2026-06-01 04:00:00+00:00,73.52,74.05,72.08,72.38,21029638.0,2026-06-01 07:59:59.999000+00:00,1
2026-06-01 08:00:00+00:00,72.37,74.02,71.44,73.13,26735305.0,2026-06-01 11:59:59.999000+00:00,1
2026-06-01 12:00:00+00:00,73.12,74.64,70.26,70.97,40864718.0,2026-06-01 15:59:59.999000+00:00,1
2026-06-01 16:00:00+00:00,70.97,73.95,70.46,73.78,21190619.0,2026-06-01 19:59:59.999000+00:00,1
2026-06-01 20:00:00+00:00,73.79,75.87,71.73,73.64,17256661.0,2026-06-01 23:59:59.999000+00:00,1
2026-06-02 00:00:00+00:00,73.65,75.69,72.6,74.62,20927085.0,2026-06-02 03:59:59.999000+00:00,1
2026-06-02 04:00:00+00:00,74.62,74.99,71.3,72.09,18997360.0,2026-06-02 07:59:59.999000+00:00,1
2026-06-02 08:00:00+00:00,72.08,73.05,70.63,72.6,18813817.0,2026-06-02 11:59:59.999000+00:00,1
2026-06-02 12:00:00+00:00,72.6,74.06,70.53,71.94,29697007.0,2026-06-02 15:59:59.999000+00:00,1
2026-06-02 16:00:00+00:00,71.93,72.88,69.01,70.88,19946525.0,2026-06-02 19:59:59.999000+00:00,1
2026-06-02 20:00:00+00:00,70.89,71.68,67.83,69.83,16032176.0,2026-06-02 23:59:59.999000+00:00,1
2026-06-03 00:00:00+00:00,69.84,70.97,68.43,70.59,16157510.0,2026-06-03 03:59:59.999000+00:00,1
2026-06-03 04:00:00+00:00,70.59,73.67,70.56,73.04,19080020.0,2026-06-03 07:59:59.999000+00:00,1
2026-06-03 08:00:00+00:00,73.03,73.51,71.61,72.32,12622448.0,2026-06-03 11:59:59.999000+00:00,1
2026-06-03 12:00:00+00:00,72.32,74.08,71.7,72.09,18246786.0,2026-06-03 15:59:59.999000+00:00,1
2026-06-03 16:00:00+00:00,72.09,74.59,71.4,73.42,19703976.0,2026-06-03 19:59:59.999000+00:00,1
2026-06-03 20:00:00+00:00,73.4,75.57,72.02,74.53,16054262.0,2026-06-03 23:59:59.999000+00:00,1
2026-06-04 00:00:00+00:00,74.53,75.49,70.29,73.97,27271323.0,2026-06-04 03:59:59.999000+00:00,1
2026-06-04 04:00:00+00:00,73.97,75.0,67.77,67.82,34337213.0,2026-06-04 07:59:59.999000+00:00,1
2026-06-04 08:00:00+00:00,67.82,68.89,64.86,66.61,45661287.0,2026-06-04 11:59:59.999000+00:00,1
2026-06-04 12:00:00+00:00,66.61,68.5,65.33,67.43,28821917.0,2026-06-04 15:59:59.999000+00:00,1
2026-06-04 16:00:00+00:00,67.43,68.92,65.76,66.47,18608167.0,2026-06-04 19:59:59.999000+00:00,1
2026-06-04 20:00:00+00:00,66.48,67.74,63.04,64.43,18580950.0,2026-06-04 23:59:59.999000+00:00,1
2026-06-05 00:00:00+00:00,64.42,65.97,61.57,61.76,25812777.0,2026-06-05 03:59:59.999000+00:00,1
2026-06-05 04:00:00+00:00,61.75,63.8,58.94,62.71,39494235.0,2026-06-05 07:59:59.999000+00:00,1
2026-06-05 08:00:00+00:00,62.71,62.76,60.84,61.69,17729287.0,2026-06-05 11:59:59.999000+00:00,1
2026-06-05 12:00:00+00:00,61.68,63.45,57.18,57.76,36346352.0,2026-06-05 15:59:59.999000+00:00,1
2026-06-05 16:00:00+00:00,57.77,60.38,56.6,58.54,29844206.0,2026-06-05 19:59:59.999000+00:00,1
2026-06-05 20:00:00+00:00,58.53,60.69,58.09,59.74,11100932.0,2026-06-05 23:59:59.999000+00:00,1
2026-06-06 00:00:00+00:00,59.74,61.19,58.64,58.84,10346115.0,2026-06-06 03:59:59.999000+00:00,1
2026-06-06 04:00:00+00:00,58.84,60.47,57.37,59.89,14025021.0,2026-06-06 07:59:59.999000+00:00,1
2026-06-06 08:00:00+00:00,59.88,61.05,58.15,59.66,11400903.0,2026-06-06 11:59:59.999000+00:00,1
2026-06-06 12:00:00+00:00,59.66,59.95,57.59,58.29,8389808.0,2026-06-06 15:59:59.999000+00:00,1
2026-06-06 16:00:00+00:00,58.29,58.72,55.56,55.57,12831948.0,2026-06-06 19:59:59.999000+00:00,1
2026-06-06 20:00:00+00:00,55.58,57.0,55.47,56.51,6112627.0,2026-06-06 23:59:59.999000+00:00,1
2026-06-07 00:00:00+00:00,56.52,58.44,56.1,57.81,11271114.0,2026-06-07 03:59:59.999000+00:00,1
2026-06-07 04:00:00+00:00,57.8,59.99,57.51,59.83,11140812.0,2026-06-07 07:59:59.999000+00:00,1
2026-06-07 08:00:00+00:00,59.83,60.44,58.53,58.84,11987612.0,2026-06-07 11:59:59.999000+00:00,1
2026-06-07 12:00:00+00:00,58.84,59.17,56.6,58.43,16394931.0,2026-06-07 15:59:59.999000+00:00,1
2026-06-07 16:00:00+00:00,58.42,59.47,56.86,57.57,8076233.0,2026-06-07 19:59:59.999000+00:00,1
2026-06-07 20:00:00+00:00,57.57,59.99,57.45,59.7,8648223.0,2026-06-07 23:59:59.999000+00:00,1
2026-06-08 00:00:00+00:00,59.7,62.07,59.26,61.29,19868626.0,2026-06-08 03:59:59.999000+00:00,1
2026-06-08 04:00:00+00:00,61.28,63.42,60.16,63.02,13660105.0,2026-06-08 07:59:59.999000+00:00,1
2026-06-08 08:00:00+00:00,63.02,63.16,61.01,62.11,13146957.0,2026-06-08 11:59:59.999000+00:00,1
2026-06-08 12:00:00+00:00,62.11,65.77,61.23,64.8,28986240.0,2026-06-08 15:59:59.999000+00:00,1
2026-06-08 16:00:00+00:00,64.8,65.02,63.28,63.67,11157310.0,2026-06-08 19:59:59.999000+00:00,1
2026-06-08 20:00:00+00:00,63.68,64.5,62.75,63.79,5993464.0,2026-06-08 23:59:59.999000+00:00,1
2026-06-09 00:00:00+00:00,63.8,64.0,61.28,61.62,10687362.0,2026-06-09 03:59:59.999000+00:00,1
2026-06-09 04:00:00+00:00,61.62,62.55,60.85,62.2,9857477.0,2026-06-09 07:59:59.999000+00:00,1
2026-06-09 08:00:00+00:00,62.2,62.87,61.46,61.79,8451672.0,2026-06-09 11:59:59.999000+00:00,1
2026-06-09 12:00:00+00:00,61.78,62.3,58.61,58.9,19863624.0,2026-06-09 15:59:59.999000+00:00,1
2026-06-09 16:00:00+00:00,58.89,59.48,57.89,58.59,12225762.0,2026-06-09 19:59:59.999000+00:00,1
2026-06-09 20:00:00+00:00,58.6,59.47,57.29,57.78,6169655.0,2026-06-09 23:59:59.999000+00:00,1
2026-06-10 00:00:00+00:00,57.79,58.17,55.6,56.59,13477482.0,2026-06-10 03:59:59.999000+00:00,1
2026-06-10 04:00:00+00:00,56.59,56.64,55.05,55.72,9317919.0,2026-06-10 07:59:59.999000+00:00,1
2026-06-10 08:00:00+00:00,55.72,56.59,55.21,55.63,9780578.0,2026-06-10 11:59:59.999000+00:00,1
2026-06-10 12:00:00+00:00,55.63,58.3,54.85,57.46,22504244.0,2026-06-10 15:59:59.999000+00:00,1
2026-06-10 16:00:00+00:00,57.47,57.49,53.56,53.9,16781472.0,2026-06-10 19:59:59.999000+00:00,1
2026-06-10 20:00:00+00:00,53.89,54.3,52.62,53.29,8994453.0,2026-06-10 23:59:59.999000+00:00,1
2026-06-11 00:00:00+00:00,53.3,55.3,52.83,55.14,11666881.0,2026-06-11 03:59:59.999000+00:00,1
2026-06-11 04:00:00+00:00,55.15,56.35,54.33,55.55,11168617.0,2026-06-11 07:59:59.999000+00:00,1
2026-06-11 08:00:00+00:00,55.55,57.13,55.49,56.82,9287343.0,2026-06-11 11:59:59.999000+00:00,1
2026-06-11 12:00:00+00:00,56.82,57.54,55.66,56.72,14061755.0,2026-06-11 15:59:59.999000+00:00,1
2026-06-11 16:00:00+00:00,56.72,59.6,55.82,58.65,19970354.0,2026-06-11 19:59:59.999000+00:00,1
2026-06-11 20:00:00+00:00,58.66,59.6,58.14,58.93,7895078.0,2026-06-11 23:59:59.999000+00:00,1
2026-06-12 00:00:00+00:00,58.94,59.74,58.2,59.21,7796611.0,2026-06-12 03:59:59.999000+00:00,1
2026-06-12 04:00:00+00:00,59.23,59.44,56.72,56.96,10037489.0,2026-06-12 07:59:59.999000+00:00,1
2026-06-12 08:00:00+00:00,56.97,59.59,56.95,59.21,11201013.0,2026-06-12 11:59:59.999000+00:00,1
2026-06-12 12:00:00+00:00,59.21,61.21,59.02,59.77,19935762.0,2026-06-12 15:59:59.999000+00:00,1
2026-06-12 16:00:00+00:00,59.76,62.44,59.41,60.78,15588056.0,2026-06-12 19:59:59.999000+00:00,1
2026-06-12 20:00:00+00:00,60.79,61.38,59.21,59.3,5901131.0,2026-06-12 23:59:59.999000+00:00,1
2026-06-13 00:00:00+00:00,59.29,59.75,58.31,58.58,6586465.0,2026-06-13 03:59:59.999000+00:00,1
2026-06-13 04:00:00+00:00,58.58,59.02,57.21,58.75,10596250.0,2026-06-13 07:59:59.999000+00:00,1
2026-06-13 08:00:00+00:00,58.74,59.23,57.84,58.63,7763822.0,2026-06-13 11:59:59.999000+00:00,1
2026-06-13 12:00:00+00:00,58.63,60.45,58.49,59.9,9915632.0,2026-06-13 15:59:59.999000+00:00,1
2026-06-13 16:00:00+00:00,59.89,60.31,58.92,59.87,5980971.0,2026-06-13 19:59:59.999000+00:00,1
2026-06-13 20:00:00+00:00,59.87,60.91,59.63,60.68,3038691.0,2026-06-13 23:59:59.999000+00:00,1
2026-06-14 00:00:00+00:00,60.69,61.21,60.3,60.56,5296426.0,2026-06-14 03:59:59.999000+00:00,1
2026-06-14 04:00:00+00:00,60.59,60.65,59.64,60.08,4695706.0,2026-06-14 07:59:59.999000+00:00,1
2026-06-14 08:00:00+00:00,60.08,61.59,59.7,61.0,6771940.0,2026-06-14 11:59:59.999000+00:00,1
2026-06-14 12:00:00+00:00,61.01,61.33,59.56,60.23,7415954.0,2026-06-14 15:59:59.999000+00:00,1
2026-06-14 16:00:00+00:00,60.22,60.84,59.61,60.49,3850603.0,2026-06-14 19:59:59.999000+00:00,1
2026-06-14 20:00:00+00:00,60.5,64.07,60.22,63.86,14277500.0,2026-06-14 23:59:59.999000+00:00,1
2026-06-15 00:00:00+00:00,63.85,65.29,63.1,65.27,11306333.0,2026-06-15 03:59:59.999000+00:00,1
2026-06-15 04:00:00+00:00,65.28,65.85,64.39,65.2,11330059.0,2026-06-15 07:59:59.999000+00:00,1
2026-06-15 08:00:00+00:00,65.19,68.48,65.1,67.91,17811635.0,2026-06-15 11:59:59.999000+00:00,1
2026-06-15 12:00:00+00:00,67.92,68.37,66.63,67.99,15010690.0,2026-06-15 15:59:59.999000+00:00,1
2026-06-15 16:00:00+00:00,68.0,68.72,66.99,67.15,8645814.0,2026-06-15 19:59:59.999000+00:00,1
2026-06-15 20:00:00+00:00,67.15,68.35,66.05,66.85,6684909.0,2026-06-15 23:59:59.999000+00:00,1
2026-06-16 00:00:00+00:00,66.85,69.79,66.34,69.72,11761587.0,2026-06-16 03:59:59.999000+00:00,1
2026-06-16 04:00:00+00:00,69.71,73.08,69.02,72.94,21514340.0,2026-06-16 07:59:59.999000+00:00,1
2026-06-16 08:00:00+00:00,72.94,76.49,72.5,75.55,23289099.0,2026-06-16 11:59:59.999000+00:00,1
2026-06-16 12:00:00+00:00,75.55,76.94,73.32,74.9,31345201.0,2026-06-16 15:59:59.999000+00:00,1
2026-06-16 16:00:00+00:00,74.9,75.3,72.1,72.47,18886435.0,2026-06-16 19:59:59.999000+00:00,1
2026-06-16 20:00:00+00:00,72.46,73.96,72.1,73.55,6310323.0,2026-06-16 23:59:59.999000+00:00,1
2026-06-17 00:00:00+00:00,73.57,75.04,72.51,74.44,10653234.0,2026-06-17 03:59:59.999000+00:00,1
2026-06-17 04:00:00+00:00,74.43,75.31,72.81,73.43,10259731.0,2026-06-17 07:59:59.999000+00:00,1
2026-06-17 08:00:00+00:00,73.43,73.5,70.64,71.0,14958100.0,2026-06-17 11:59:59.999000+00:00,1
2026-06-17 12:00:00+00:00,71.01,74.56,69.92,74.34,19808056.0,2026-06-17 15:59:59.999000+00:00,1
2026-06-17 16:00:00+00:00,74.36,76.7,71.0,72.22,42158797.0,2026-06-17 19:59:59.999000+00:00,1
2026-06-17 20:00:00+00:00,72.23,72.78,70.2,71.13,11067953.0,2026-06-17 23:59:59.999000+00:00,1
2026-06-18 00:00:00+00:00,71.14,73.7,70.65,70.98,12082440.0,2026-06-18 03:59:59.999000+00:00,1
2026-06-18 04:00:00+00:00,70.99,71.65,68.59,71.49,18082883.0,2026-06-18 07:59:59.999000+00:00,1
2026-06-18 08:00:00+00:00,71.5,72.81,70.56,70.92,15637768.0,2026-06-18 11:59:59.999000+00:00,1
2026-06-18 12:00:00+00:00,70.93,72.28,67.34,67.53,22827701.0,2026-06-18 15:59:59.999000+00:00,1
2026-06-18 16:00:00+00:00,67.52,68.7,66.55,68.15,15266752.0,2026-06-18 19:59:59.999000+00:00,1
2026-06-18 20:00:00+00:00,68.16,69.28,67.31,68.32,6793308.0,2026-06-18 23:59:59.999000+00:00,1
2026-06-19 00:00:00+00:00,68.32,68.34,66.62,66.78,7696917.0,2026-06-19 03:59:59.999000+00:00,1
2026-06-19 04:00:00+00:00,66.79,67.77,65.63,66.55,11570104.0,2026-06-19 07:59:59.999000+00:00,1
2026-06-19 08:00:00+00:00,66.55,67.7,66.38,67.36,7311715.0,2026-06-19 11:59:59.999000+00:00,1
2026-06-19 12:00:00+00:00,67.37,69.61,66.48,69.32,14772486.0,2026-06-19 15:59:59.999000+00:00,1
2026-06-19 16:00:00+00:00,69.33,71.34,69.18,70.5,15826460.0,2026-06-19 19:59:59.999000+00:00,1
2026-06-19 20:00:00+00:00,70.52,70.95,68.91,70.25,6340100.0,2026-06-19 23:59:59.999000+00:00,1
2026-06-20 00:00:00+00:00,70.26,70.38,68.39,68.94,6284305.0,2026-06-20 03:59:59.999000+00:00,1
2026-06-20 04:00:00+00:00,68.94,70.95,68.66,69.97,7404345.0,2026-06-20 07:59:59.999000+00:00,1
2026-06-20 08:00:00+00:00,69.97,71.32,69.93,71.05,6764455.0,2026-06-20 11:59:59.999000+00:00,1
2026-06-20 12:00:00+00:00,71.05,71.44,68.71,71.09,12498684.0,2026-06-20 15:59:59.999000+00:00,1
2026-06-20 16:00:00+00:00,71.09,71.12,68.99,69.84,6323253.0,2026-06-20 19:59:59.999000+00:00,1
2026-06-20 20:00:00+00:00,69.85,71.03,69.38,70.74,3453778.0,2026-06-20 23:59:59.999000+00:00,1
2026-06-21 00:00:00+00:00,70.75,70.92,69.64,69.7,4567382.0,2026-06-21 03:59:59.999000+00:00,1
2026-06-21 04:00:00+00:00,69.71,70.13,68.23,68.52,6025284.0,2026-06-21 07:59:59.999000+00:00,1
2026-06-21 08:00:00+00:00,68.51,68.59,67.26,67.78,9476787.0,2026-06-21 11:59:59.999000+00:00,1
2026-06-21 12:00:00+00:00,67.78,68.79,67.22,68.68,6276657.0,2026-06-21 15:59:59.999000+00:00,1
2026-06-21 16:00:00+00:00,68.67,68.77,67.55,68.54,4590197.0,2026-06-21 19:59:59.999000+00:00,1
2026-06-21 20:00:00+00:00,68.55,68.89,66.55,66.94,6618748.0,2026-06-21 23:59:59.999000+00:00,1
2026-06-22 00:00:00+00:00,66.93,68.96,65.22,65.48,12429719.0,2026-06-22 03:59:59.999000+00:00,1
2026-06-22 04:00:00+00:00,65.49,67.56,65.25,67.27,7333930.0,2026-06-22 07:59:59.999000+00:00,1
2026-06-22 08:00:00+00:00,67.27,68.57,67.05,68.03,6951329.0,2026-06-22 11:59:59.999000+00:00,1
2026-06-22 12:00:00+00:00,68.04,69.53,66.83,66.96,13067203.0,2026-06-22 15:59:59.999000+00:00,1
2026-06-22 16:00:00+00:00,66.96,69.42,66.56,67.41,10481859.0,2026-06-22 19:59:59.999000+00:00,1
2026-06-22 20:00:00+00:00,67.41,67.71,65.83,66.3,5393180.0,2026-06-22 23:59:59.999000+00:00,1
2026-06-23 00:00:00+00:00,66.29,67.33,65.72,67.07,7020924.0,2026-06-23 03:59:59.999000+00:00,1
2026-06-23 04:00:00+00:00,67.06,67.19,63.44,63.59,15223151.0,2026-06-23 07:59:59.999000+00:00,1
2026-06-23 08:00:00+00:00,63.59,63.81,62.25,63.25,11988026.0,2026-06-23 11:59:59.999000+00:00,1
2026-06-23 12:00:00+00:00,63.25,63.68,61.66,62.39,12239264.0,2026-06-23 15:59:59.999000+00:00,1
2026-06-23 16:00:00+00:00,62.38,63.04,61.74,62.26,7789944.0,2026-06-23 19:59:59.999000+00:00,1
2026-06-23 20:00:00+00:00,62.27,62.92,61.67,62.17,4486371.0,2026-06-23 23:59:59.999000+00:00,1
2026-06-24 00:00:00+00:00,62.17,63.23,60.58,61.32,8823214.0,2026-06-24 03:59:59.999000+00:00,1
2026-06-24 04:00:00+00:00,61.32,62.64,60.36,61.98,6724264.0,2026-06-24 07:59:59.999000+00:00,1
2026-06-24 08:00:00+00:00,61.99,63.32,61.55,62.51,6576954.0,2026-06-24 11:59:59.999000+00:00,1
2026-06-24 12:00:00+00:00,62.52,62.61,59.75,59.97,14298396.0,2026-06-24 15:59:59.999000+00:00,1
2026-06-24 16:00:00+00:00,59.96,60.93,59.05,60.86,13777743.0,2026-06-24 19:59:59.999000+00:00,1
2026-06-24 20:00:00+00:00,60.86,64.28,60.6,63.92,13029313.0,2026-06-24 23:59:59.999000+00:00,1
2026-06-25 00:00:00+00:00,63.93,64.17,62.77,63.056,5240114.0,2026-06-25 03:59:59.999000+00:00,1
2026-06-25 04:00:00+00:00,63.058,64.629,62.62,63.76,7868790.0,2026-06-25 07:59:59.999000+00:00,1
2026-06-25 08:00:00+00:00,63.76,63.974,62.44,62.896,6854810.0,2026-06-25 11:59:59.999000+00:00,1
2026-06-25 12:00:00+00:00,62.897,63.9,58.5,61.849,23814808.0,2026-06-25 15:59:59.999000+00:00,1
2026-06-25 16:00:00+00:00,61.847,63.665,61.07,63.56,13120341.0,2026-06-25 19:59:59.999000+00:00,1
2026-06-25 20:00:00+00:00,63.563,65.42,62.882,64.099,9002641.0,2026-06-25 23:59:59.999000+00:00,1
2026-06-26 00:00:00+00:00,64.1,64.481,61.404,63.845,13570611.0,2026-06-26 03:59:59.999000+00:00,1
2026-06-26 04:00:00+00:00,63.841,65.077,61.951,65.02,10534685.0,2026-06-26 07:59:59.999000+00:00,1
2026-06-26 08:00:00+00:00,65.019,65.492,61.699,62.074,11447199.0,2026-06-26 11:59:59.999000+00:00,1
2026-06-26 12:00:00+00:00,62.072,65.08,60.965,64.864,16486023.0,2026-06-26 15:59:59.999000+00:00,1
2026-06-26 16:00:00+00:00,64.867,65.47,63.861,64.686,10975339.0,2026-06-26 19:59:59.999000+00:00,1
2026-06-26 20:00:00+00:00,64.695,65.141,63.271,64.366,4970583.0,2026-06-26 23:59:59.999000+00:00,1
2026-06-27 00:00:00+00:00,64.366,64.483,63.203,64.0,3915505.0,2026-06-27 03:59:59.999000+00:00,1
2026-06-27 04:00:00+00:00,63.993,64.785,63.165,63.624,4243612.0,2026-06-27 07:59:59.999000+00:00,1
2026-06-27 08:00:00+00:00,63.624,63.996,62.69,63.437,5130488.0,2026-06-27 11:59:59.999000+00:00,1
2026-06-27 12:00:00+00:00,63.435,64.734,62.922,64.415,5081068.0,2026-06-27 15:59:59.999000+00:00,1
2026-06-27 16:00:00+00:00,64.415,64.415,62.155,62.2,5938430.0,2026-06-27 19:59:59.999000+00:00,1
2026-06-27 20:00:00+00:00,62.197,62.817,61.5,61.687,4987160.0,2026-06-27 23:59:59.999000+00:00,1
2026-06-28 00:00:00+00:00,61.684,62.31,61.446,62.212,4138531.0,2026-06-28 03:59:59.999000+00:00,1
2026-06-28 04:00:00+00:00,62.221,62.651,61.563,62.637,4347389.0,2026-06-28 07:59:59.999000+00:00,1
2026-06-28 08:00:00+00:00,62.626,63.55,62.302,63.21,5140052.0,2026-06-28 11:59:59.999000+00:00,1
2026-06-28 12:00:00+00:00,63.213,63.587,62.534,63.11,3761502.0,2026-06-28 15:59:59.999000+00:00,1
2026-06-28 16:00:00+00:00,63.11,63.268,61.635,61.996,4585148.0,2026-06-28 19:59:59.999000+00:00,1
2026-06-28 20:00:00+00:00,62.003,62.443,60.557,61.451,10715929.0,2026-06-28 23:59:59.999000+00:00,1
2026-06-29 00:00:00+00:00,61.452,62.94,60.647,62.708,7241323.0,2026-06-29 03:59:59.999000+00:00,1
2026-06-29 04:00:00+00:00,62.705,63.221,61.544,62.595,4539187.0,2026-06-29 07:59:59.999000+00:00,1
2026-06-29 08:00:00+00:00,62.595,63.839,62.268,63.369,6828615.0,2026-06-29 11:59:59.999000+00:00,1
2026-06-29 12:00:00+00:00,63.374,64.974,63.1,64.893,17989591.0,2026-06-29 15:59:59.999000+00:00,1
2026-06-29 16:00:00+00:00,64.883,67.154,64.218,66.925,12921366.0,2026-06-29 19:59:59.999000+00:00,1
2026-06-29 20:00:00+00:00,66.926,67.773,66.232,66.88,5215065.0,2026-06-29 23:59:59.999000+00:00,1
2026-06-30 00:00:00+00:00,66.877,66.948,65.538,65.746,6088431.0,2026-06-30 03:59:59.999000+00:00,1
2026-06-30 04:00:00+00:00,65.746,66.5,65.208,65.657,4510173.0,2026-06-30 07:59:59.999000+00:00,1
2026-06-30 08:00:00+00:00,65.658,66.34,64.911,65.68,6667694.0,2026-06-30 11:59:59.999000+00:00,1
2026-06-30 12:00:00+00:00,65.681,66.053,64.394,65.033,13254522.0,2026-06-30 15:59:59.999000+00:00,1
2026-06-30 16:00:00+00:00,65.034,65.547,64.132,65.495,5235920.0,2026-06-30 19:59:59.999000+00:00,1
2026-06-30 20:00:00+00:00,65.49,65.749,64.172,65.061,2622268.0,2026-06-30 23:59:59.999000+00:00,1
2026-07-01 00:00:00+00:00,65.058,65.832,62.986,65.598,9070159.0,2026-07-01 03:59:59.999000+00:00,1
2026-07-01 04:00:00+00:00,65.594,66.082,64.06,64.47,6401964.0,2026-07-01 07:59:59.999000+00:00,1
2026-07-01 08:00:00+00:00,64.469,64.469,62.384,62.679,8499112.0,2026-07-01 11:59:59.999000+00:00,1
2026-07-01 12:00:00+00:00,62.678,64.865,62.421,64.62,12394042.0,2026-07-01 15:59:59.999000+00:00,1
2026-07-01 16:00:00+00:00,64.619,65.131,62.871,62.999,6114796.0,2026-07-01 19:59:59.999000+00:00,1
2026-07-01 20:00:00+00:00,63.0,64.199,61.928,62.375,7419712.0,2026-07-01 23:59:59.999000+00:00,1
2026-07-02 00:00:00+00:00,62.374,63.699,61.668,63.617,5682745.0,2026-07-02 03:59:59.999000+00:00,1
2026-07-02 04:00:00+00:00,63.619,63.864,62.855,63.139,4421927.0,2026-07-02 07:59:59.999000+00:00,1
2026-07-02 08:00:00+00:00,63.142,65.297,63.003,65.085,8076583.0,2026-07-02 11:59:59.999000+00:00,1
2026-07-02 12:00:00+00:00,65.095,66.523,64.71,65.409,12096442.0,2026-07-02 15:59:59.999000+00:00,1
2026-07-02 16:00:00+00:00,65.402,67.179,65.056,66.267,6213620.0,2026-07-02 19:59:59.999000+00:00,1
2026-07-02 20:00:00+00:00,66.267,66.983,65.477,66.9,4037733.0,2026-07-02 23:59:59.999000+00:00,1
2026-07-03 00:00:00+00:00,66.897,67.078,65.886,66.69,4954344.0,2026-07-03 03:59:59.999000+00:00,1
2026-07-03 04:00:00+00:00,66.692,67.779,66.277,67.285,4577154.0,2026-07-03 07:59:59.999000+00:00,1
2026-07-03 08:00:00+00:00,67.285,69.523,67.263,69.263,9551526.0,2026-07-03 11:59:59.999000+00:00,1
2026-07-03 12:00:00+00:00,69.266,70.777,68.759,69.927,10845030.0,2026-07-03 15:59:59.999000+00:00,1
2026-07-03 16:00:00+00:00,69.926,70.755,69.49,70.242,5850141.0,2026-07-03 19:59:59.999000+00:00,1
2026-07-03 20:00:00+00:00,70.235,71.243,70.194,70.645,4648539.0,2026-07-03 23:59:59.999000+00:00,1
2026-07-04 00:00:00+00:00,70.64,71.68,69.934,71.323,6941654.0,2026-07-04 03:59:59.999000+00:00,1
2026-07-04 04:00:00+00:00,71.323,72.06,70.763,71.477,5439016.0,2026-07-04 07:59:59.999000+00:00,1
2026-07-04 08:00:00+00:00,71.478,71.566,70.399,70.628,3771905.0,2026-07-04 11:59:59.999000+00:00,1
2026-07-04 12:00:00+00:00,70.628,71.308,70.324,70.631,4108086.0,2026-07-04 15:59:59.999000+00:00,1
2026-07-04 16:00:00+00:00,70.634,70.859,69.38,69.898,5412546.0,2026-07-04 19:59:59.999000+00:00,1
2026-07-04 20:00:00+00:00,69.897,70.231,69.5,69.845,2108834.0,2026-07-04 23:59:59.999000+00:00,1
2026-07-05 00:00:00+00:00,69.846,69.875,68.286,68.659,5561557.0,2026-07-05 03:59:59.999000+00:00,1
2026-07-05 04:00:00+00:00,68.659,69.35,68.16,68.687,3467621.0,2026-07-05 07:59:59.999000+00:00,1
2026-07-05 08:00:00+00:00,68.687,69.094,68.301,68.86,3332430.0,2026-07-05 11:59:59.999000+00:00,1
2026-07-05 12:00:00+00:00,68.865,69.858,68.679,69.503,3473186.0,2026-07-05 15:59:59.999000+00:00,1
2026-07-05 16:00:00+00:00,69.502,69.984,69.09,69.766,2417408.0,2026-07-05 19:59:59.999000+00:00,1
2026-07-05 20:00:00+00:00,69.766,71.699,69.719,71.339,6641941.0,2026-07-05 23:59:59.999000+00:00,1
2026-07-06 00:00:00+00:00,71.34,72.636,71.123,71.588,9206861.0,2026-07-06 03:59:59.999000+00:00,1
2026-07-06 04:00:00+00:00,71.586,71.747,70.63,70.809,4689111.0,2026-07-06 07:59:59.999000+00:00,1
2026-07-06 08:00:00+00:00,70.81,71.073,69.69,69.991,5990701.0,2026-07-06 11:59:59.999000+00:00,1
2026-07-06 12:00:00+00:00,69.992,70.84,68.605,70.71,11928013.0,2026-07-06 15:59:59.999000+00:00,1
2026-07-06 16:00:00+00:00,70.71,71.719,70.656,71.586,5776796.0,2026-07-06 19:59:59.999000+00:00,1
2026-07-06 20:00:00+00:00,71.586,71.723,70.487,70.592,3438624.0,2026-07-06 23:59:59.999000+00:00,1
2026-07-07 00:00:00+00:00,70.591,72.101,70.08,70.194,6736349.0,2026-07-07 03:59:59.999000+00:00,1
2026-07-07 04:00:00+00:00,70.194,71.356,69.423,70.582,5906454.0,2026-07-07 07:59:59.999000+00:00,1
2026-07-07 08:00:00+00:00,70.585,71.965,70.516,71.948,5642896.0,2026-07-07 11:59:59.999000+00:00,1
2026-07-07 12:00:00+00:00,71.95,72.969,70.768,71.964,11866784.0,2026-07-07 15:59:59.999000+00:00,1
2026-07-07 16:00:00+00:00,71.965,72.324,69.431,70.163,8839908.0,2026-07-07 19:59:59.999000+00:00,1
2026-07-07 20:00:00+00:00,70.163,70.485,68.9,69.18,4308587.0,2026-07-07 23:59:59.999000+00:00,1
2026-07-08 00:00:00+00:00,69.182,69.747,67.145,68.036,8962066.0,2026-07-08 03:59:59.999000+00:00,1
2026-07-08 04:00:00+00:00,68.037,68.448,67.696,68.241,3138714.0,2026-07-08 07:59:59.999000+00:00,1
2026-07-08 08:00:00+00:00,68.243,69.033,67.351,68.861,6239015.0,2026-07-08 11:59:59.999000+00:00,1
2026-07-08 12:00:00+00:00,68.857,68.884,66.533,66.887,6855217.0,2026-07-08 15:59:59.999000+00:00,1
2026-07-08 16:00:00+00:00,66.89,67.929,66.602,67.334,4108744.0,2026-07-08 19:59:59.999000+00:00,1
2026-07-08 20:00:00+00:00,67.333,67.696,66.169,67.612,3080262.0,2026-07-08 23:59:59.999000+00:00,1
2026-07-09 00:00:00+00:00,67.612,68.36,66.965,67.149,3729015.0,2026-07-09 03:59:59.999000+00:00,1
2026-07-09 04:00:00+00:00,67.152,68.434,67.033,68.064,3198615.0,2026-07-09 07:59:59.999000+00:00,1
2026-07-09 08:00:00+00:00,68.063,68.391,67.034,67.462,3193409.0,2026-07-09 11:59:59.999000+00:00,1
2026-07-09 12:00:00+00:00,67.462,68.723,67.081,67.441,5558466.0,2026-07-09 15:59:59.999000+00:00,1
2026-07-09 16:00:00+00:00,67.441,68.043,66.613,66.94,4131179.0,2026-07-09 19:59:59.999000+00:00,1
2026-07-09 20:00:00+00:00,66.939,67.41,66.8,67.083,1548824.0,2026-07-09 23:59:59.999000+00:00,1
2026-07-10 00:00:00+00:00,67.093,68.437,66.822,68.421,4244116.0,2026-07-10 03:59:59.999000+00:00,1
2026-07-10 04:00:00+00:00,68.422,68.546,67.7,68.258,2660893.0,2026-07-10 07:59:59.999000+00:00,1
2026-07-10 08:00:00+00:00,68.259,69.389,68.194,68.81,6584519.0,2026-07-10 11:59:59.999000+00:00,1
2026-07-10 12:00:00+00:00,68.811,68.999,67.162,67.465,6748759.0,2026-07-10 15:59:59.999000+00:00,1
2026-07-10 16:00:00+00:00,67.47,67.97,66.968,67.255,2776285.0,2026-07-10 19:59:59.999000+00:00,1
2026-07-10 20:00:00+00:00,67.256,67.604,66.648,67.505,1930189.0,2026-07-10 23:59:59.999000+00:00,1
2026-07-11 00:00:00+00:00,67.505,67.678,66.759,67.05,3461196.0,2026-07-11 03:59:59.999000+00:00,1
2026-07-11 04:00:00+00:00,67.045,67.1,66.12,66.441,4472981.0,2026-07-11 07:59:59.999000+00:00,1
2026-07-11 08:00:00+00:00,66.44,67.01,66.414,66.987,2471545.0,2026-07-11 11:59:59.999000+00:00,1
2026-07-11 12:00:00+00:00,66.986,67.799,66.321,67.206,5658668.0,2026-07-11 15:59:59.999000+00:00,1
2026-07-11 16:00:00+00:00,67.206,67.853,66.86,67.544,2757236.0,2026-07-11 19:59:59.999000+00:00,1
2026-07-11 20:00:00+00:00,67.545,68.302,66.744,66.748,3905522.0,2026-07-11 23:59:59.999000+00:00,1
2026-07-12 00:00:00+00:00,66.749,67.435,66.595,67.251,3858314.0,2026-07-12 03:59:59.999000+00:00,1
2026-07-12 04:00:00+00:00,67.248,67.332,66.386,66.945,2602067.0,2026-07-12 07:59:59.999000+00:00,1
2026-07-12 08:00:00+00:00,66.944,67.491,66.569,66.893,3531217.0,2026-07-12 11:59:59.999000+00:00,1
2026-07-12 12:00:00+00:00,66.894,67.889,66.601,67.535,3765538.0,2026-07-12 15:59:59.999000+00:00,1
2026-07-12 16:00:00+00:00,67.535,68.368,67.511,68.241,3153062.0,2026-07-12 19:59:59.999000+00:00,1
2026-07-12 20:00:00+00:00,68.241,68.36,66.879,67.292,2590259.0,2026-07-12 23:59:59.999000+00:00,1
2026-07-13 00:00:00+00:00,67.291,68.213,66.5,66.599,6100418.0,2026-07-13 03:59:59.999000+00:00,1
2026-07-13 04:00:00+00:00,66.599,66.7,64.807,65.51,7265481.0,2026-07-13 07:59:59.999000+00:00,1
2026-07-13 08:00:00+00:00,65.509,65.795,64.81,65.061,4339106.0,2026-07-13 11:59:59.999000+00:00,1
2026-07-13 12:00:00+00:00,65.063,65.116,63.36,63.885,7942968.0,2026-07-13 15:59:59.999000+00:00,1
2026-07-13 16:00:00+00:00,63.885,64.008,63.104,63.669,5320960.0,2026-07-13 19:59:59.999000+00:00,1
2026-07-13 20:00:00+00:00,63.667,63.684,62.222,63.444,3903852.0,2026-07-13 23:59:59.999000+00:00,1
2026-07-14 00:00:00+00:00,63.442,63.747,62.52,63.234,3600866.0,2026-07-14 03:59:59.999000+00:00,1
2026-07-14 04:00:00+00:00,63.232,64.147,63.025,63.509,2985804.0,2026-07-14 07:59:59.999000+00:00,1
2026-07-14 08:00:00+00:00,63.51,64.056,63.396,63.81,2807641.0,2026-07-14 11:59:59.999000+00:00,1
2026-07-14 12:00:00+00:00,63.811,65.366,63.573,64.717,9986693.0,2026-07-14 15:59:59.999000+00:00,1
2026-07-14 16:00:00+00:00,64.724,65.696,64.403,65.22,4758789.0,2026-07-14 19:59:59.999000+00:00,1
2026-07-14 20:00:00+00:00,65.217,66.173,64.943,65.552,3311809.0,2026-07-14 23:59:59.999000+00:00,1
2026-07-15 00:00:00+00:00,65.553,67.57,64.839,67.252,8580144.0,2026-07-15 03:59:59.999000+00:00,1
2026-07-15 04:00:00+00:00,67.259,67.557,66.64,66.854,5282329.0,2026-07-15 07:59:59.999000+00:00,1
2026-07-15 08:00:00+00:00,66.854,68.493,66.7,68.434,7106472.0,2026-07-15 11:59:59.999000+00:00,1
2026-07-15 12:00:00+00:00,68.435,68.981,67.602,67.884,8968053.0,2026-07-15 15:59:59.999000+00:00,1
2026-07-15 16:00:00+00:00,67.882,68.329,66.751,66.82,5944315.0,2026-07-15 19:59:59.999000+00:00,1
2026-07-15 20:00:00+00:00,66.819,67.486,66.755,66.86,2220698.0,2026-07-15 23:59:59.999000+00:00,1
2026-07-16 00:00:00+00:00,66.859,67.217,66.003,66.123,4167365.0,2026-07-16 03:59:59.999000+00:00,1
2026-07-16 04:00:00+00:00,66.12,66.982,65.934,66.487,4116115.0,2026-07-16 07:59:59.999000+00:00,1
2026-07-16 08:00:00+00:00,66.481,66.626,65.54,65.854,4238162.0,2026-07-16 11:59:59.999000+00:00,1
2026-07-16 12:00:00+00:00,65.854,66.17,65.135,65.329,4960500.0,2026-07-16 15:59:59.999000+00:00,1
2026-07-16 16:00:00+00:00,65.329,65.329,61.791,62.282,14455500.0,2026-07-16 19:59:59.999000+00:00,1
2026-07-16 20:00:00+00:00,62.28,62.748,60.48,60.734,7376079.0,2026-07-16 23:59:59.999000+00:00,1
2026-07-17 00:00:00+00:00,60.731,61.719,59.631,59.996,8771904.0,2026-07-17 03:59:59.999000+00:00,1
2026-07-17 04:00:00+00:00,59.996,60.222,58.422,58.64,10235969.0,2026-07-17 07:59:59.999000+00:00,1
2026-07-17 08:00:00+00:00,58.64,61.077,58.566,60.315,10849677.0,2026-07-17 11:59:59.999000+00:00,1
2026-07-17 12:00:00+00:00,60.314,60.969,58.908,60.77,10794041.0,2026-07-17 15:59:59.999000+00:00,1
2026-07-17 16:00:00+00:00,60.771,60.806,59.678,60.232,5196437.0,2026-07-17 19:59:59.999000+00:00,1
2026-07-17 20:00:00+00:00,60.237,60.29,59.409,59.743,2836073.0,2026-07-17 23:59:59.999000+00:00,1
2026-07-18 00:00:00+00:00,59.744,60.092,59.358,59.616,2685328.0,2026-07-18 03:59:59.999000+00:00,1
2026-07-18 04:00:00+00:00,59.619,59.635,58.528,59.358,4576709.0,2026-07-18 07:59:59.999000+00:00,1
2026-07-18 08:00:00+00:00,59.357,59.526,58.557,58.808,4831640.0,2026-07-18 11:59:59.999000+00:00,1
2026-07-18 12:00:00+00:00,58.811,59.688,58.165,59.189,7232818.0,2026-07-18 15:59:59.999000+00:00,1
2026-07-18 16:00:00+00:00,59.188,60.186,59.112,59.845,4215552.0,2026-07-18 19:59:59.999000+00:00,1
2026-07-18 20:00:00+00:00,59.85,60.579,59.763,60.211,2990264.0,2026-07-18 23:59:59.999000+00:00,1
2026-07-19 00:00:00+00:00,60.211,61.099,60.191,60.677,3671289.0,2026-07-19 03:59:59.999000+00:00,1
2026-07-19 04:00:00+00:00,60.676,61.051,60.587,60.74,2250463.0,2026-07-19 07:59:59.999000+00:00,1
2026-07-19 08:00:00+00:00,60.741,61.388,60.683,61.063,4339248.0,2026-07-19 11:59:59.999000+00:00,1
2026-07-19 12:00:00+00:00,61.063,61.331,60.606,60.891,3875529.0,2026-07-19 15:59:59.999000+00:00,1
2026-07-19 16:00:00+00:00,60.892,61.197,60.221,61.098,3915928.0,2026-07-19 19:59:59.999000+00:00,1
2026-07-19 20:00:00+00:00,61.098,61.494,60.807,61.121,2729020.0,2026-07-19 23:59:59.999000+00:00,1
2026-07-20 00:00:00+00:00,61.122,61.631,60.05,60.32,6424526.0,2026-07-20 03:59:59.999000+00:00,1
2026-07-20 04:00:00+00:00,60.321,60.88,59.731,60.709,4639864.0,2026-07-20 07:59:59.999000+00:00,1
2026-07-20 08:00:00+00:00,60.709,61.417,60.413,61.368,3296842.0,2026-07-20 11:59:59.999000+00:00,1
2026-07-20 12:00:00+00:00,61.368,62.316,60.43,62.184,6940687.0,2026-07-20 15:59:59.999000+00:00,1
2026-07-20 16:00:00+00:00,62.189,62.539,61.779,62.007,4874895.0,2026-07-20 19:59:59.999000+00:00,1
2026-07-20 20:00:00+00:00,62.007,62.975,61.952,62.446,2785185.0,2026-07-20 23:59:59.999000+00:00,1
2026-07-21 00:00:00+00:00,62.446,62.823,62.25,62.634,2098079.0,2026-07-21 03:59:59.999000+00:00,1
2026-07-21 04:00:00+00:00,62.634,63.402,62.567,62.939,4206158.0,2026-07-21 07:59:59.999000+00:00,1
2026-07-21 08:00:00+00:00,62.937,63.277,62.515,62.842,3652663.0,2026-07-21 11:59:59.999000+00:00,1
2026-07-21 12:00:00+00:00,62.842,62.879,61.536,61.8,5635319.0,2026-07-21 15:59:59.999000+00:00,1
2026-07-21 16:00:00+00:00,61.8,61.965,59.87,60.285,7889286.0,2026-07-21 19:59:59.999000+00:00,1
2026-07-21 20:00:00+00:00,60.286,60.975,59.796,60.866,3589099.0,2026-07-21 23:59:59.999000+00:00,1
2026-07-22 00:00:00+00:00,60.866,61.198,60.092,60.128,4447717.0,2026-07-22 03:59:59.999000+00:00,1
2026-07-22 04:00:00+00:00,60.123,60.591,57.856,58.54,13286007.0,2026-07-22 07:59:59.999000+00:00,1
2026-07-22 08:00:00+00:00,58.541,59.223,58.453,58.663,5538136.0,2026-07-22 11:59:59.999000+00:00,1
2026-07-22 12:00:00+00:00,58.663,59.162,58.003,58.074,8274353.0,2026-07-22 15:59:59.999000+00:00,1
2026-07-22 16:00:00+00:00,58.072,59.948,57.372,59.163,14232024.0,2026-07-22 19:59:59.999000+00:00,1
2026-07-22 20:00:00+00:00,59.164,60.067,58.731,59.361,4294255.0,2026-07-22 23:59:59.999000+00:00,1
2026-07-23 00:00:00+00:00,59.361,59.768,58.414,59.058,4334774.0,2026-07-23 03:59:59.999000+00:00,1
2026-07-23 04:00:00+00:00,59.052,59.533,58.267,58.62,4545876.0,2026-07-23 07:59:59.999000+00:00,1
2026-07-23 08:00:00+00:00,58.62,59.495,58.62,59.27,3654615.0,2026-07-23 11:59:59.999000+00:00,1
2026-07-23 12:00:00+00:00,59.266,60.061,58.815,59.516,10071689.0,2026-07-23 15:59:59.999000+00:00,1
2026-07-23 16:00:00+00:00,59.52,59.527,57.602,57.942,9033421.0,2026-07-23 19:59:59.999000+00:00,1
2026-07-23 20:00:00+00:00,57.941,58.467,57.129,57.466,4659120.0,2026-07-23 23:59:59.999000+00:00,1
2026-07-24 00:00:00+00:00,57.463,58.366,57.172,58.194,4624248.0,2026-07-24 03:59:59.999000+00:00,1
2026-07-24 04:00:00+00:00,58.195,59.025,58.18,58.656,4680456.0,2026-07-24 07:59:59.999000+00:00,1
2026-07-24 08:00:00+00:00,58.661,59.052,58.251,58.547,4146138.0,2026-07-24 11:59:59.999000+00:00,1
2026-07-24 12:00:00+00:00,58.54,59.255,57.886,58.77,6869490.0,2026-07-24 15:59:59.999000+00:00,1
2026-07-24 16:00:00+00:00,58.767,59.128,58.051,58.14,3954469.0,2026-07-24 19:59:59.999000+00:00,1
2026-07-24 20:00:00+00:00,58.139,58.29,56.474,57.426,5600076.0,2026-07-24 23:59:59.999000+00:00,1
2026-07-25 00:00:00+00:00,57.425,57.748,57.054,57.414,2907371.0,2026-07-25 03:59:59.999000+00:00,1
2026-07-25 04:00:00+00:00,57.41,57.499,57.08,57.152,1605964.0,2026-07-25 07:59:59.999000+00:00,1
2026-07-25 08:00:00+00:00,57.152,57.985,56.918,57.71,3581892.0,2026-07-25 11:59:59.999000+00:00,1
2026-07-25 12:00:00+00:00,57.71,57.978,57.183,57.743,2332444.0,2026-07-25 15:59:59.999000+00:00,1
2026-07-25 16:00:00+00:00,57.742,58.52,57.617,58.064,3053620.0,2026-07-25 19:59:59.999000+00:00,1
2026-07-25 20:00:00+00:00,58.064,58.279,57.815,58.11,2217527.0,2026-07-25 23:59:59.999000+00:00,1
2026-07-26 00:00:00+00:00,58.109,58.646,58.061,58.575,2286035.0,2026-07-26 03:59:59.999000+00:00,1
2026-07-26 04:00:00+00:00,58.579,58.837,58.316,58.584,2217035.0,2026-07-26 07:59:59.999000+00:00,1
2026-07-26 08:00:00+00:00,58.584,58.91,58.344,58.604,1760363.0,2026-07-26 11:59:59.999000+00:00,1
2026-07-26 12:00:00+00:00,58.607,59.17,58.465,59.001,2863614.0,2026-07-26 15:59:59.999000+00:00,1
2026-07-26 16:00:00+00:00,59.001,59.619,58.76,58.991,2720471.0,2026-07-26 19:59:59.999000+00:00,1
2026-07-26 20:00:00+00:00,58.994,59.888,58.784,59.617,3013860.0,2026-07-26 23:59:59.999000+00:00,1
2026-07-27 00:00:00+00:00,59.621,59.94,59.085,59.908,2731361.0,2026-07-27 03:59:59.999000+00:00,1
2026-07-27 04:00:00+00:00,59.908,60.46,59.815,59.96,3848671.0,2026-07-27 07:59:59.999000+00:00,1
2026-07-27 08:00:00+00:00,59.958,60.414,59.715,59.814,2829129.0,2026-07-27 11:59:59.999000+00:00,1
2026-07-27 12:00:00+00:00,59.816,60.059,57.371,57.445,11445730.0,2026-07-27 15:59:59.999000+00:00,1
2026-07-27 16:00:00+00:00,57.445,57.924,56.265,57.277,6408846.0,2026-07-27 19:59:59.999000+00:00,1
2026-07-27 20:00:00+00:00,57.272,57.29,55.714,56.095,4395561.0,2026-07-27 23:59:59.999000+00:00,1
2026-07-28 00:00:00+00:00,56.097,56.426,55.601,56.191,4046463.0,2026-07-28 03:59:59.999000+00:00,1
2026-07-28 04:00:00+00:00,56.189,56.4,54.708,55.347,6476211.0,2026-07-28 07:59:59.999000+00:00,1
2026-07-28 08:00:00+00:00,55.346,55.423,54.321,54.39,4002410.0,2026-07-28 11:59:59.999000+00:00,1
2026-07-28 12:00:00+00:00,54.39,55.6,53.982,55.288,9048085.0,2026-07-28 15:59:59.999000+00:00,1
2026-07-28 16:00:00+00:00,55.289,55.86,54.641,55.4,5496436.0,2026-07-28 19:59:59.999000+00:00,1
2026-07-28 20:00:00+00:00,55.4,55.737,54.51,55.181,3102454.0,2026-07-28 23:59:59.999000+00:00,1
2026-07-29 00:00:00+00:00,55.181,55.4,54.23,54.362,3749316.0,2026-07-29 03:59:59.999000+00:00,1
2026-07-29 04:00:00+00:00,54.362,55.571,54.043,55.435,4230137.0,2026-07-29 07:59:59.999000+00:00,1
2026-07-29 08:00:00+00:00,55.436,55.436,54.525,54.926,3083156.0,2026-07-29 11:59:59.999000+00:00,1
2026-07-29 12:00:00+00:00,54.928,55.523,54.577,54.763,5351849.0,2026-07-29 15:59:59.999000+00:00,1
2026-07-29 16:00:00+00:00,54.762,55.536,53.104,53.136,9596954.0,2026-07-29 19:59:59.999000+00:00,1
2026-07-29 20:00:00+00:00,53.137,54.134,53.08,53.905,4136722.0,2026-07-29 23:59:59.999000+00:00,1
2026-07-30 00:00:00+00:00,53.903,54.372,53.761,54.078,2628635.0,2026-07-30 03:59:59.999000+00:00,1
2026-07-30 04:00:00+00:00,54.081,54.122,53.461,53.702,2120719.0,2026-07-30 07:59:59.999000+00:00,1
2026-07-30 08:00:00+00:00,53.701,54.171,52.799,53.181,3906578.0,2026-07-30 11:59:59.999000+00:00,1
2026-07-30 12:00:00+00:00,53.18,54.587,52.822,54.438,7941672.0,2026-07-30 15:59:59.999000+00:00,1
2026-07-30 16:00:00+00:00,54.44,55.42,54.37,55.385,4860503.0,2026-07-30 19:59:59.999000+00:00,1
2026-07-30 20:00:00+00:00,55.386,56.13,54.926,55.834,4104495.0,2026-07-30 23:59:59.999000+00:00,1
2026-07-31 00:00:00+00:00,55.831,56.145,54.803,55.051,5491103.0,2026-07-31 03:59:59.999000+00:00,1
2026-07-31 04:00:00+00:00,55.051,55.672,54.45,54.564,3789613.0,2026-07-31 07:59:59.999000+00:00,1
2026-07-31 08:00:00+00:00,54.566,55.06,54.124,54.948,4223012.0,2026-07-31 11:59:59.999000+00:00,1
2026-07-31 12:00:00+00:00,54.95,55.526,54.016,54.298,6803978.0,2026-07-31 15:59:59.999000+00:00,1
2026-07-31 16:00:00+00:00,54.299,54.55,52.163,52.34,9535920.0,2026-07-31 19:59:59.999000+00:00,1
2026-07-31 20:00:00+00:00,52.341,53.004,51.864,52.55,5718211.0,2026-07-31 23:59:59.999000+00:00,1
2026-08-01 00:00:00+00:00,52.554,52.707,52.111,52.32,2287308.0,2026-08-01 03:59:59.999000+00:00,1
2026-08-01 04:00:00+00:00,52.32,52.434,51.439,51.883,4584079.0,2026-08-01 07:59:59.999000+00:00,1
2026-08-01 08:00:00+00:00,51.883,52.511,51.855,52.156,3529869.0,2026-08-01 11:59:59.999000+00:00,1
2026-08-01 12:00:00+00:00,52.159,52.675,52.086,52.425,3301732.0,2026-08-01 15:59:59.999000+00:00,1
2026-08-01 16:00:00+00:00,52.425,52.644,51.624,52.066,4524144.0,2026-08-01 19:59:59.999000+00:00,1
2026-08-01 20:00:00+00:00,52.065,52.3,51.874,52.2,1420824.0,2026-08-01 23:59:59.999000+00:00,1
2026-08-02 00:00:00+00:00,52.201,53.062,52.199,52.784,3583373.0,2026-08-02 03:59:59.999000+00:00,1
2026-08-02 04:00:00+00:00,52.785,52.9,51.87,51.928,2653187.0,2026-08-02 07:59:59.999000+00:00,1
2026-08-02 08:00:00+00:00,51.93,52.183,51.11,51.309,5141405.0,2026-08-02 11:59:59.999000+00:00,1
2026-08-02 12:00:00+00:00,51.311,51.738,51.158,51.378,2932589.0,2026-08-02 15:59:59.999000+00:00,1
2026-08-02 16:00:00+00:00,51.379,52.875,51.289,52.731,4938870.0,2026-08-02 19:59:59.999000+00:00,1
2026-08-02 20:00:00+00:00,52.73,53.036,52.392,52.581,2632099.0,2026-08-02 23:59:59.999000+00:00,1
2026-08-03 00:00:00+00:00,52.577,52.728,52.007,52.22,2688972.0,2026-08-03 03:59:59.999000+00:00,1
2026-08-03 04:00:00+00:00,52.22,52.85,51.892,52.368,3541079.0,2026-08-03 07:59:59.999000+00:00,1
2026-08-03 08:00:00+00:00,52.369,53.253,51.971,52.744,5271093.0,2026-08-03 11:59:59.999000+00:00,1
2026-08-03 12:00:00+00:00,52.744,54.43,52.618,54.329,8958298.0,2026-08-03 15:59:59.999000+00:00,1
2026-08-03 16:00:00+00:00,54.329,54.877,54.06,54.497,5585483.0,2026-08-03 19:59:59.999000+00:00,1
2026-08-03 20:00:00+00:00,54.501,54.783,53.754,53.975,2157881.0,2026-08-03 23:59:59.999000+00:00,1
2026-08-04 00:00:00+00:00,53.975,54.532,53.523,54.155,2816855.0,2026-08-04 03:59:59.999000+00:00,1
2026-08-04 04:00:00+00:00,54.155,54.969,54.1,54.763,3085087.0,2026-08-04 07:59:59.999000+00:00,1
2026-08-04 08:00:00+00:00,54.763,55.545,54.48,55.52,5506978.0,2026-08-04 11:59:59.999000+00:00,1
2026-08-04 12:00:00+00:00,55.52,55.889,55.029,55.43,7450995.0,2026-08-04 15:59:59.999000+00:00,1
2026-08-04 16:00:00+00:00,55.431,55.832,55.209,55.585,4439305.0,2026-08-04 19:59:59.999000+00:00,1
2026-08-04 20:00:00+00:00,55.584,55.799,55.027,55.058,2725856.0,2026-08-04 23:59:59.999000+00:00,1
2026-08-05 00:00:00+00:00,55.058,56.575,54.655,55.994,7718182.0,2026-08-05 03:59:59.999000+00:00,1
2026-08-05 04:00:00+00:00,55.996,57.279,55.945,57.087,5203422.0,2026-08-05 07:59:59.999000+00:00,1
2026-08-05 08:00:00+00:00,57.088,57.92,56.735,57.048,6817807.0,2026-08-05 11:59:59.999000+00:00,1
2026-08-05 12:00:00+00:00,57.047,57.74,56.552,57.074,6776989.0,2026-08-05 15:59:59.999000+00:00,1
2026-08-05 16:00:00+00:00,57.077,58.044,57.077,57.229,3547693.0,2026-08-05 19:59:59.999000+00:00,1
2026-08-05 20:00:00+00:00,57.23,57.311,56.667,56.948,2246265.0,2026-08-05 23:59:59.999000+00:00,1
2026-08-06 00:00:00+00:00,56.948,57.222,56.073,56.352,3553449.0,2026-08-06 03:59:59.999000+00:00,1
2026-08-06 04:00:00+00:00,56.351,56.695,55.726,56.033,3068459.0,2026-08-06 07:59:59.999000+00:00,1
2026-08-06 08:00:00+00:00,56.032,56.224,55.31,55.368,3733644.0,2026-08-06 11:59:59.999000+00:00,1
2026-08-06 12:00:00+00:00,55.37,56.143,54.67,55.589,7402311.0,2026-08-06 15:59:59.999000+00:00,1
2026-08-06 16:00:00+00:00,55.59,56.6,55.308,56.062,3871260.0,2026-08-06 19:59:59.999000+00:00,1
2026-08-06 20:00:00+00:00,56.062,56.334,55.805,56.198,1465731.0,2026-08-06 23:59:59.999000+00:00,1
2026-08-07 00:00:00+00:00,56.198,56.208,55.428,55.646,1930860.0,2026-08-07 03:59:59.999000+00:00,1
2026-08-07 04:00:00+00:00,55.646,55.776,55.052,55.612,2196742.0,2026-08-07 07:59:59.999000+00:00,1
2026-08-07 08:00:00+00:00,55.612,57.032,55.58,56.95,3839881.0,2026-08-07 11:59:59.999000+00:00,1
2026-08-07 12:00:00+00:00,56.952,57.007,55.502,55.782,6781254.0,2026-08-07 15:59:59.999000+00:00,1
2026-08-07 16:00:00+00:00,55.777,55.814,53.44,54.63,9144196.0,2026-08-07 19:59:59.999000+00:00,1
2026-08-07 20:00:00+00:00,54.628,54.638,53.832,54.081,2180739.0,2026-08-07 23:59:59.999000+00:00,1
2026-08-08 00:00:00+00:00,54.083,54.42,53.851,54.34,1717098.0,2026-08-08 03:59:59.999000+00:00,1
2026-08-08 04:00:00+00:00,54.342,54.47,54.152,54.393,990737.0,2026-08-08 07:59:59.999000+00:00,1
2026-08-08 08:00:00+00:00,54.394,54.843,54.346,54.528,1960971.0,2026-08-08 11:59:59.999000+00:00,1
2026-08-08 12:00:00+00:00,54.528,54.971,54.325,54.737,2044340.0,2026-08-08 15:59:59.999000+00:00,1
2026-08-08 16:00:00+00:00,54.738,55.182,54.673,54.936,1802609.0,2026-08-08 19:59:59.999000+00:00,1
2026-08-08 20:00:00+00:00,54.937,55.252,54.901,55.102,785236.0,2026-08-08 23:59:59.999000+00:00,1
2026-08-09 00:00:00+00:00,55.102,55.332,54.605,54.737,1643072.0,2026-08-09 03:59:59.999000+00:00,1
2026-08-09 04:00:00+00:00,54.736,55.044,54.543,54.773,1472241.0,2026-08-09 07:59:59.999000+00:00,1
2026-08-09 08:00:00+00:00,54.773,54.918,54.111,54.254,2090997.0,2026-08-09 11:59:59.999000+00:00,1
2026-08-09 12:00:00+00:00,54.255,54.907,54.145,54.829,2045307.0,2026-08-09 15:59:59.999000+00:00,1
2026-08-09 16:00:00+00:00,54.828,55.025,54.561,54.683,1307817.0,2026-08-09 19:59:59.999000+00:00,1
2026-08-09 20:00:00+00:00,54.683,54.829,53.719,53.853,2258175.0,2026-08-09 23:59:59.999000+00:00,1
2026-08-10 00:00:00+00:00,53.852,54.531,53.805,54.097,2293680.0,2026-08-10 03:59:59.999000+00:00,1
2026-08-10 04:00:00+00:00,54.098,54.827,53.915,54.76,1942760.0,2026-08-10 07:59:59.999000+00:00,1
2026-08-10 08:00:00+00:00,54.763,54.892,54.232,54.785,1981093.0,2026-08-10 11:59:59.999000+00:00,1
2026-08-10 12:00:00+00:00,54.786,55.283,54.023,54.336,5765652.0,2026-08-10 15:59:59.999000+00:00,1
2026-08-10 16:00:00+00:00,54.333,55.912,53.964,55.882,6346660.0,2026-08-10 19:59:59.999000+00:00,1
2026-08-10 20:00:00+00:00,55.886,56.129,55.002,55.072,2234164.0,2026-08-10 23:59:59.999000+00:00,1
2026-08-11 00:00:00+00:00,55.076,55.525,54.767,55.413,3054521.0,2026-08-11 03:59:59.999000+00:00,1
2026-08-11 04:00:00+00:00,55.42,55.633,54.814,55.068,2626414.0,2026-08-11 07:59:59.999000+00:00,1
2026-08-11 08:00:00+00:00,55.068,55.411,54.88,55.315,2034258.0,2026-08-11 11:59:59.999000+00:00,1
2026-08-11 12:00:00+00:00,55.315,55.357,53.716,53.887,4326669.0,2026-08-11 15:59:59.999000+00:00,1
2026-08-11 16:00:00+00:00,53.887,54.612,53.791,54.547,2399483.0,2026-08-11 19:59:59.999000+00:00,1
2026-08-11 20:00:00+00:00,54.551,54.748,54.242,54.484,1391200.0,2026-08-11 23:59:59.999000+00:00,1
2026-08-12 00:00:00+00:00,54.484,54.78,54.273,54.63,1483448.0,2026-08-12 03:59:59.999000+00:00,1
2026-08-12 04:00:00+00:00,54.631,55.2,54.421,55.138,1735655.0,2026-08-12 07:59:59.999000+00:00,1
2026-08-12 08:00:00+00:00,55.138,55.795,54.857,55.762,2361034.0,2026-08-12 11:59:59.999000+00:00,1
2026-08-12 12:00:00+00:00,55.762,56.577,55.452,56.52,8475047.0,2026-08-12 15:59:59.999000+00:00,1
2026-08-12 16:00:00+00:00,56.52,56.948,56.162,56.227,3766359.0,2026-08-12 19:59:59.999000+00:00,1
2026-08-12 20:00:00+00:00,56.227,56.488,55.901,56.046,1587883.0,2026-08-12 23:59:59.999000+00:00,1
2026-08-13 00:00:00+00:00,56.045,56.68,55.995,56.448,2182518.0,2026-08-13 03:59:59.999000+00:00,1
2026-08-13 04:00:00+00:00,56.449,57.477,56.375,57.302,3813907.0,2026-08-13 07:59:59.999000+00:00,1
2026-08-13 08:00:00+00:00,57.302,57.751,56.817,57.054,4495243.0,2026-08-13 11:59:59.999000+00:00,1
2026-08-13 12:00:00+00:00,57.054,58.47,56.996,57.822,6173703.0,2026-08-13 15:59:59.999000+00:00,1
2026-08-13 16:00:00+00:00,57.823,58.076,57.345,57.474,3782254.0,2026-08-13 19:59:59.999000+00:00,1
2026-08-13 20:00:00+00:00,57.475,57.632,57.079,57.476,1816585.0,2026-08-13 23:59:59.999000+00:00,1
2026-08-14 00:00:00+00:00,57.478,57.609,56.551,56.558,3003137.0,2026-08-14 03:59:59.999000+00:00,1
2026-08-14 04:00:00+00:00,56.559,56.952,56.324,56.44,2294272.0,2026-08-14 07:59:59.999000+00:00,1
2026-08-14 08:00:00+00:00,56.441,56.805,56.096,56.212,2429621.0,2026-08-14 11:59:59.999000+00:00,1
2026-08-14 12:00:00+00:00,56.213,56.301,55.498,55.628,4489782.0,2026-08-14 15:59:59.999000+00:00,1
2026-08-14 16:00:00+00:00,55.629,56.085,55.329,55.714,2458040.0,2026-08-14 19:59:59.999000+00:00,1
2026-08-14 20:00:00+00:00,55.713,56.512,55.373,56.489,1918139.0,2026-08-14 23:59:59.999000+00:00,1
2026-08-15 00:00:00+00:00,56.492,56.723,56.227,56.565,1804376.0,2026-08-15 03:59:59.999000+00:00,1
2026-08-15 04:00:00+00:00,56.565,56.637,55.836,56.459,1764844.0,2026-08-15 07:59:59.999000+00:00,1
2026-08-15 08:00:00+00:00,56.459,56.486,55.855,56.047,1450259.0,2026-08-15 11:59:59.999000+00:00,1
2026-08-15 12:00:00+00:00,56.046,56.848,55.915,56.813,2208218.0,2026-08-15 15:59:59.999000+00:00,1
2026-08-15 16:00:00+00:00,56.814,57.354,56.635,57.295,2619651.0,2026-08-15 19:59:59.999000+00:00,1
2026-08-15 20:00:00+00:00,57.295,57.3,56.732,56.889,1199811.0,2026-08-15 23:59:59.999000+00:00,1
2026-08-16 00:00:00+00:00,56.889,57.286,56.737,56.935,1651892.0,2026-08-16 03:59:59.999000+00:00,1
2026-08-16 04:00:00+00:00,56.935,57.478,56.784,57.459,1565662.0,2026-08-16 07:59:59.999000+00:00,1
2026-08-16 08:00:00+00:00,57.459,57.582,57.262,57.394,1987903.0,2026-08-16 11:59:59.999000+00:00,1
2026-08-16 12:00:00+00:00,57.393,57.516,57.045,57.436,1420583.0,2026-08-16 15:59:59.999000+00:00,1
2026-08-16 16:00:00+00:00,57.436,58.025,57.39,57.698,2796840.0,2026-08-16 19:59:59.999000+00:00,1
2026-08-16 20:00:00+00:00,57.702,57.8,57.057,57.133,1536318.0,2026-08-16 23:59:59.999000+00:00,1
2026-08-17 00:00:00+00:00,57.132,59.199,57.053,59.144,5688713.0,2026-08-17 03:59:59.999000+00:00,1
2026-08-17 04:00:00+00:00,59.142,59.672,58.666,59.546,4219942.0,2026-08-17 07:59:59.999000+00:00,1
2026-08-17 08:00:00+00:00,59.547,59.898,59.086,59.484,3830658.0,2026-08-17 11:59:59.999000+00:00,1
2026-08-17 12:00:00+00:00,59.484,59.6,58.814,59.305,4640225.0,2026-08-17 15:59:59.999000+00:00,1
2026-08-17 16:00:00+00:00,59.305,59.333,58.742,58.97,2193930.0,2026-08-17 19:59:59.999000+00:00,1
2026-08-17 20:00:00+00:00,58.971,59.482,58.42,59.432,3323423.0,2026-08-17 23:59:59.999000+00:00,1
2026-08-18 00:00:00+00:00,59.431,59.668,58.976,59.381,3027006.0,2026-08-18 03:59:59.999000+00:00,1
2026-08-18 04:00:00+00:00,59.38,60.473,58.87,59.654,5488778.0,2026-08-18 07:59:59.999000+00:00,1
2026-08-18 08:00:00+00:00,59.654,59.998,59.187,59.855,3089650.0,2026-08-18 11:59:59.999000+00:00,1
2026-08-18 12:00:00+00:00,59.854,59.95,59.017,59.369,4228472.0,2026-08-18 15:59:59.999000+00:00,1
2026-08-18 16:00:00+00:00,59.369,59.424,58.234,58.914,5230858.0,2026-08-18 19:59:59.999000+00:00,1
2026-08-18 20:00:00+00:00,58.914,59.118,58.3,58.515,2153892.0,2026-08-18 23:59:59.999000+00:00,1
2026-08-19 00:00:00+00:00,58.519,58.843,58.164,58.391,2156500.0,2026-08-19 03:59:59.999000+00:00,1
2026-08-19 04:00:00+00:00,58.39,58.688,58.023,58.16,2473878.0,2026-08-19 07:59:59.999000+00:00,1
2026-08-19 08:00:00+00:00,58.161,58.955,58.087,58.73,2348344.0,2026-08-19 11:59:59.999000+00:00,1
2026-08-19 12:00:00+00:00,58.731,61.88,58.583,61.851,15922463.0,2026-08-19 15:59:59.999000+00:00,1
2026-08-19 16:00:00+00:00,61.85,72.321,61.534,70.266,35070658.0,2026-08-19 19:59:59.999000+00:00,1
2026-08-19 20:00:00+00:00,70.266,72.621,68.346,69.768,24878761.0,2026-08-19 23:59:59.999000+00:00,1
2026-08-20 00:00:00+00:00,69.768,71.07,68.432,69.497,13461527.0,2026-08-20 03:59:59.999000+00:00,1
2026-08-20 04:00:00+00:00,69.498,72.565,69.424,72.079,13591198.0,2026-08-20 07:59:59.999000+00:00,1
2026-08-20 08:00:00+00:00,72.08,74.575,70.618,71.944,25922824.0,2026-08-20 11:59:59.999000+00:00,1
2026-08-20 12:00:00+00:00,71.949,73.489,71.012,73.233,14815903.0,2026-08-20 15:59:59.999000+00:00,1
2026-08-20 16:00:00+00:00,73.233,74.398,71.626,72.598,15587319.0,2026-08-20 19:59:59.999000+00:00,1
2026-08-20 20:00:00+00:00,72.6,75.155,72.58,73.763,9986341.0,2026-08-20 23:59:59.999000+00:00,1
2026-08-21 00:00:00+00:00,73.769,75.148,71.251,72.309,15398264.0,2026-08-21 03:59:59.999000+00:00,1
2026-08-21 04:00:00+00:00,72.31,74.037,72.12,73.826,10400841.0,2026-08-21 07:59:59.999000+00:00,1
2026-08-21 08:00:00+00:00,73.829,76.124,73.092,74.294,25438258.0,2026-08-21 11:59:59.999000+00:00,1
2026-08-21 12:00:00+00:00,74.293,77.966,73.729,76.701,25646981.0,2026-08-21 15:59:59.999000+00:00,1
2026-08-21 16:00:00+00:00,76.69,76.848,73.836,74.899,13535971.0,2026-08-21 19:59:59.999000+00:00,1
2026-08-21 20:00:00+00:00,74.906,77.176,74.78,75.599,13049644.0,2026-08-21 23:59:59.999000+00:00,1
2026-08-22 00:00:00+00:00,75.598,82.664,74.71,82.187,27925283.0,2026-08-22 03:59:59.999000+00:00,1
2026-08-22 04:00:00+00:00,82.187,82.587,72.519,78.884,40765248.0,2026-08-22 07:59:59.999000+00:00,1
2026-08-22 08:00:00+00:00,78.885,79.3,74.557,77.897,17549122.0,2026-08-22 11:59:59.999000+00:00,1
2026-08-22 12:00:00+00:00,77.896,78.68,77.04,77.442,8886728.0,2026-08-22 15:59:59.999000+00:00,1
2026-08-22 16:00:00+00:00,77.443,79.664,77.241,79.193,6378708.0,2026-08-22 19:59:59.999000+00:00,1
2026-08-22 20:00:00+00:00,79.194,79.948,77.817,79.354,6887496.0,2026-08-22 23:59:59.999000+00:00,1
2026-08-23 00:00:00+00:00,79.354,81.152,77.455,77.939,12405821.0,2026-08-23 03:59:59.999000+00:00,1
2026-08-23 04:00:00+00:00,77.941,79.089,76.896,78.758,9719577.0,2026-08-23 07:59:59.999000+00:00,1
2026-08-23 08:00:00+00:00,78.759,81.182,78.61,80.58,8071195.0,2026-08-23 11:59:59.999000+00:00,1
2026-08-23 12:00:00+00:00,80.592,81.615,78.278,79.683,14468160.0,2026-08-23 15:59:59.999000+00:00,1
2026-08-23 16:00:00+00:00,79.683,81.355,79.32,80.932,5793615.0,2026-08-23 19:59:59.999000+00:00,1
2026-08-23 20:00:00+00:00,80.937,83.446,80.5,82.307,9015645.0,2026-08-23 23:59:59.999000+00:00,1
2026-08-24 00:00:00+00:00,82.31,82.316,79.172,79.465,9201519.0,2026-08-24 03:59:59.999000+00:00,1
2026-08-24 04:00:00+00:00,79.467,80.439,78.892,79.503,6337944.0,2026-08-24 07:59:59.999000+00:00,1
2026-08-24 08:00:00+00:00,79.5,80.36,77.192,80.185,11820745.0,2026-08-24 11:59:59.999000+00:00,1
2026-08-24 12:00:00+00:00,80.178,81.0,78.005,78.501,15618648.0,2026-08-24 15:59:59.999000+00:00,1
2026-08-24 16:00:00+00:00,78.502,79.379,76.713,77.739,8929902.0,2026-08-24 19:59:59.999000+00:00,1
2026-08-24 20:00:00+00:00,77.75,78.994,77.431,78.944,2932621.0,2026-08-24 23:59:59.999000+00:00,1
2026-08-25 00:00:00+00:00,78.957,81.272,78.119,80.698,11208526.0,2026-08-25 03:59:59.999000+00:00,1
2026-08-25 04:00:00+00:00,80.698,81.838,80.161,81.016,7064366.0,2026-08-25 07:59:59.999000+00:00,1
2026-08-25 08:00:00+00:00,81.016,82.031,79.601,79.858,9441170.0,2026-08-25 11:59:59.999000+00:00,1
2026-08-25 12:00:00+00:00,79.857,81.64,78.791,81.562,10740453.0,2026-08-25 15:59:59.999000+00:00,1
2026-08-25 16:00:00+00:00,81.556,83.272,80.79,81.714,10630800.0,2026-08-25 19:59:59.999000+00:00,1
2026-08-25 20:00:00+00:00,81.711,81.744,78.286,79.631,10160144.0,2026-08-25 23:59:59.999000+00:00,1
2026-08-26 00:00:00+00:00,79.632,81.963,79.42,81.63,6267488.0,2026-08-26 03:59:59.999000+00:00,1
2026-08-26 04:00:00+00:00,81.631,83.134,81.436,81.876,10517518.0,2026-08-26 07:59:59.999000+00:00,1
2026-08-26 08:00:00+00:00,81.878,83.776,81.249,81.798,14468340.0,2026-08-26 11:59:59.999000+00:00,1
2026-08-26 12:00:00+00:00,81.797,82.728,80.344,80.448,16441506.0,2026-08-26 15:59:59.999000+00:00,1
2026-08-26 16:00:00+00:00,80.449,81.398,79.431,81.057,9243207.0,2026-08-26 19:59:59.999000+00:00,1
2026-08-26 20:00:00+00:00,81.057,82.87,80.014,82.242,7762634.0,2026-08-26 23:59:59.999000+00:00,1
2026-08-27 00:00:00+00:00,82.245,82.257,80.578,80.717,5151085.0,2026-08-27 03:59:59.999000+00:00,1
2026-08-27 04:00:00+00:00,80.717,81.829,80.451,81.696,3855251.0,2026-08-27 07:59:59.999000+00:00,1
2026-08-27 08:00:00+00:00,81.696,83.852,81.36,82.007,13583574.0,2026-08-27 11:59:59.999000+00:00,1
2026-08-27 12:00:00+00:00,82.006,85.491,81.931,84.65,17957185.0,2026-08-27 15:59:59.999000+00:00,1
2026-08-27 16:00:00+00:00,84.649,86.798,83.556,84.853,18363311.0,2026-08-27 19:59:59.999000+00:00,1
2026-08-27 20:00:00+00:00,84.852,85.473,84.101,84.589,5625868.0,2026-08-27 23:59:59.999000+00:00,1
2026-08-28 00:00:00+00:00,84.592,84.999,82.932,83.584,6711233.0,2026-08-28 03:59:59.999000+00:00,1
2026-08-28 04:00:00+00:00,83.583,84.189,82.825,83.965,4923067.0,2026-08-28 07:59:59.999000+00:00,1
2026-08-28 08:00:00+00:00,83.969,84.732,82.195,82.966,6688179.0,2026-08-28 11:59:59.999000+00:00,1
2026-08-28 12:00:00+00:00,82.966,85.205,81.216,81.707,12806908.0,2026-08-28 15:59:59.999000+00:00,1
2026-08-28 16:00:00+00:00,81.709,82.152,78.51,79.632,16885668.0,2026-08-28 19:59:59.999000+00:00,1
2026-08-28 20:00:00+00:00,79.633,81.154,79.386,80.91,4084905.0,2026-08-28 23:59:59.999000+00:00,1
2026-08-29 00:00:00+00:00,80.913,82.157,80.064,81.484,6310993.0,2026-08-29 03:59:59.999000+00:00,1
2026-08-29 04:00:00+00:00,81.486,82.109,80.736,81.364,4592900.0,2026-08-29 07:59:59.999000+00:00,1
2026-08-29 08:00:00+00:00,81.363,81.594,80.806,80.885,2659019.0,2026-08-29 11:59:59.999000+00:00,1
2026-08-29 12:00:00+00:00,80.886,83.175,80.886,82.918,5255737.0,2026-08-29 15:59:59.999000+00:00,1
2026-08-29 16:00:00+00:00,82.919,83.48,82.53,82.825,4197871.0,2026-08-29 19:59:59.999000+00:00,1
2026-08-29 20:00:00+00:00,82.835,83.498,82.657,83.344,2289245.0,2026-08-29 23:59:59.999000+00:00,1
2026-08-30 00:00:00+00:00,83.343,83.457,82.735,82.781,2581615.0,2026-08-30 03:59:59.999000+00:00,1
2026-08-30 04:00:00+00:00,82.782,83.43,82.225,82.835,2595484.0,2026-08-30 07:59:59.999000+00:00,1
2026-08-30 08:00:00+00:00,82.836,83.949,82.794,83.558,4098124.0,2026-08-30 11:59:59.999000+00:00,1
2026-08-30 12:00:00+00:00,83.558,84.086,83.001,83.147,4403205.0,2026-08-30 15:59:59.999000+00:00,1
2026-08-30 16:00:00+00:00,83.141,84.025,82.502,82.676,4708506.0,2026-08-30 19:59:59.999000+00:00,1
2026-08-30 20:00:00+00:00,82.676,82.805,78.995,79.981,10302734.0,2026-08-30 23:59:59.999000+00:00,1
2026-08-31 00:00:00+00:00,79.98,80.96,79.528,80.363,7032813.0,2026-08-31 03:59:59.999000+00:00,1
2026-08-31 04:00:00+00:00,80.364,81.291,79.945,81.138,4692510.0,2026-08-31 07:59:59.999000+00:00,1
2026-08-31 08:00:00+00:00,81.138,82.118,80.893,81.778,4056684.0,2026-08-31 11:59:59.999000+00:00,1
2026-08-31 12:00:00+00:00,81.778,82.524,80.439,82.162,7250680.0,2026-08-31 15:59:59.999000+00:00,1
2026-08-31 16:00:00+00:00,82.154,84.919,81.645,83.599,14433140.0,2026-08-31 19:59:59.999000+00:00,1
2026-08-31 20:00:00+00:00,83.6,85.341,83.586,84.155,6322746.0,2026-08-31 23:59:59.999000+00:00,1
2026-09-01 00:00:00+00:00,84.154,84.545,83.568,84.286,4696707.0,2026-09-01 03:59:59.999000+00:00,1
2026-09-01 04:00:00+00:00,84.287,84.488,83.22,83.466,4574493.0,2026-09-01 07:59:59.999000+00:00,1
2026-09-01 08:00:00+00:00,83.467,84.001,82.684,83.882,5963981.0,2026-09-01 11:59:59.999000+00:00,1
2026-09-01 12:00:00+00:00,83.883,84.423,82.588,83.223,7553918.0,2026-09-01 15:59:59.999000+00:00,1
2026-09-01 16:00:00+00:00,83.223,83.303,80.603,82.7,9909009.0,2026-09-01 19:59:59.999000+00:00,1
2026-09-01 20:00:00+00:00,82.7,82.978,81.754,82.758,3934512.0,2026-09-01 23:59:59.999000+00:00,1
2026-09-02 00:00:00+00:00,82.759,83.373,81.684,82.885,4967044.0,2026-09-02 03:59:59.999000+00:00,1
2026-09-02 04:00:00+00:00,82.886,83.738,82.287,82.322,3614779.0,2026-09-02 07:59:59.999000+00:00,1
2026-09-02 08:00:00+00:00,82.322,82.486,80.182,81.193,6897089.0,2026-09-02 11:59:59.999000+00:00,1
2026-09-02 12:00:00+00:00,81.2,81.888,80.456,81.657,6657029.0,2026-09-02 15:59:59.999000+00:00,1
2026-09-02 16:00:00+00:00,81.669,82.007,80.727,81.039,3215789.0,2026-09-02 19:59:59.999000+00:00,1
2026-09-02 20:00:00+00:00,81.053,81.979,80.902,81.888,2049463.0,2026-09-02 23:59:59.999000+00:00,1
2026-09-03 00:00:00+00:00,81.887,82.43,81.052,82.293,4351181.0,2026-09-03 03:59:59.999000+00:00,1
2026-09-03 04:00:00+00:00,82.293,82.664,81.461,81.948,4033121.0,2026-09-03 07:59:59.999000+00:00,1
2026-09-03 08:00:00+00:00,81.949,82.369,81.13,82.106,3915669.0,2026-09-03 11:59:59.999000+00:00,1
2026-09-03 12:00:00+00:00,82.098,84.685,81.871,84.504,13702786.0,2026-09-03 15:59:59.999000+00:00,1
2026-09-03 16:00:00+00:00,84.505,86.122,83.135,85.793,11024820.0,2026-09-03 19:59:59.999000+00:00,1
2026-09-03 20:00:00+00:00,85.794,88.166,85.004,87.451,10554680.0,2026-09-03 23:59:59.999000+00:00,1
2026-09-04 00:00:00+00:00,87.45,87.85,86.377,87.194,6265226.0,2026-09-04 03:59:59.999000+00:00,1
2026-09-04 04:00:00+00:00,87.19,87.296,85.622,86.271,6513275.0,2026-09-04 07:59:59.999000+00:00,1
2026-09-04 08:00:00+00:00,86.272,87.257,85.676,87.194,7236048.0,2026-09-04 11:59:59.999000+00:00,1
2026-09-04 12:00:00+00:00,87.196,87.422,83.456,84.655,17646570.0,2026-09-04 15:59:59.999000+00:00,1
2026-09-04 16:00:00+00:00,84.654,85.539,84.492,84.824,3390184.0,2026-09-04 19:59:59.999000+00:00,1
2026-09-04 20:00:00+00:00,84.827,85.084,83.467,84.384,3296099.0,2026-09-04 23:59:59.999000+00:00,1
2026-09-05 00:00:00+00:00,84.385,84.609,83.743,83.92,3218014.0,2026-09-05 03:59:59.999000+00:00,1
2026-09-05 04:00:00+00:00,83.92,84.688,83.624,84.5,2667401.0,2026-09-05 07:59:59.999000+00:00,1
2026-09-05 08:00:00+00:00,84.5,84.998,84.341,84.807,2424600.0,2026-09-05 11:59:59.999000+00:00,1
2026-09-05 12:00:00+00:00,84.808,85.7,84.719,85.368,3714868.0,2026-09-05 15:59:59.999000+00:00,1
2026-09-05 16:00:00+00:00,85.369,86.148,85.25,85.336,3784653.0,2026-09-05 19:59:59.999000+00:00,1
2026-09-05 20:00:00+00:00,85.337,85.936,85.1,85.375,1929863.0,2026-09-05 23:59:59.999000+00:00,1
2026-09-06 00:00:00+00:00,85.369,86.384,84.52,85.832,4848094.0,2026-09-06 03:59:59.999000+00:00,1
2026-09-06 04:00:00+00:00,85.832,87.3,85.752,86.525,6002569.0,2026-09-06 07:59:59.999000+00:00,1
2026-09-06 08:00:00+00:00,86.524,88.776,86.329,88.535,8060701.0,2026-09-06 11:59:59.999000+00:00,1
2026-09-06 12:00:00+00:00,88.535,89.757,88.075,88.427,13117406.0,2026-09-06 15:59:59.999000+00:00,1
2026-09-06 16:00:00+00:00,88.427,88.528,87.09,87.293,6487868.0,2026-09-06 19:59:59.999000+00:00,1
2026-09-06 20:00:00+00:00,87.295,88.434,86.387,87.969,5126753.0,2026-09-06 23:59:59.999000+00:00,1
2026-09-07 00:00:00+00:00,87.97,88.062,85.807,86.261,5555115.0,2026-09-07 03:59:59.999000+00:00,1
2026-09-07 04:00:00+00:00,86.261,86.988,86.009,86.337,3455358.0,2026-09-07 07:59:59.999000+00:00,1
2026-09-07 08:00:00+00:00,86.337,87.98,86.28,87.779,3879821.0,2026-09-07 11:59:59.999000+00:00,1
2026-09-07 12:00:00+00:00,87.779,88.34,84.698,85.096,8306243.0,2026-09-07 15:59:59.999000+00:00,1
2026-09-07 16:00:00+00:00,85.1,85.713,84.8,85.643,3815574.0,2026-09-07 19:59:59.999000+00:00,1
2026-09-07 20:00:00+00:00,85.643,85.757,84.511,85.168,2252381.0,2026-09-07 23:59:59.999000+00:00,1
2026-09-08 00:00:00+00:00,85.169,85.484,83.765,84.088,5136829.0,2026-09-08 03:59:59.999000+00:00,1
2026-09-08 04:00:00+00:00,84.084,84.527,83.167,84.111,4919999.0,2026-09-08 07:59:59.999000+00:00,1
2026-09-08 08:00:00+00:00,84.111,84.576,82.944,83.179,3719638.0,2026-09-08 11:59:59.999000+00:00,1
2026-09-08 12:00:00+00:00,83.179,84.074,81.539,83.91,8950938.0,2026-09-08 15:59:59.999000+00:00,1
2026-09-08 16:00:00+00:00,83.909,84.759,83.536,84.128,4762740.0,2026-09-08 19:59:59.999000+00:00,1
2026-09-08 20:00:00+00:00,84.128,85.14,84.044,85.115,3299771.0,2026-09-08 23:59:59.999000+00:00,1
2026-09-09 00:00:00+00:00,85.114,86.012,85.011,85.206,4888333.0,2026-09-09 03:59:59.999000+00:00,1
2026-09-09 04:00:00+00:00,85.207,86.899,85.192,86.841,4763829.0,2026-09-09 07:59:59.999000+00:00,1
2026-09-09 08:00:00+00:00,86.846,86.961,85.54,86.3,4154269.0,2026-09-09 11:59:59.999000+00:00,1
2026-09-09 12:00:00+00:00,86.3,86.975,83.791,84.988,7772804.0,2026-09-09 15:59:59.999000+00:00,1
2026-09-09 16:00:00+00:00,84.988,86.991,84.541,84.773,5068552.0,2026-09-09 19:59:59.999000+00:00,1
2026-09-09 20:00:00+00:00,84.773,85.531,82.43,83.534,6389080.0,2026-09-09 23:59:59.999000+00:00,1
2026-09-10 00:00:00+00:00,83.538,84.268,82.666,84.011,3311168.0,2026-09-10 03:59:59.999000+00:00,1
2026-09-10 04:00:00+00:00,84.01,84.381,82.736,83.241,3068083.0,2026-09-10 07:59:59.999000+00:00,1
2026-09-10 08:00:00+00:00,83.241,83.417,82.116,82.778,3903179.0,2026-09-10 11:59:59.999000+00:00,1
2026-09-10 12:00:00+00:00,82.777,82.911,80.2,80.655,10764724.0,2026-09-10 15:59:59.999000+00:00,1
2026-09-10 16:00:00+00:00,80.663,80.972,78.701,80.142,8250477.0,2026-09-10 19:59:59.999000+00:00,1
2026-09-10 20:00:00+00:00,80.143,80.696,78.186,78.554,3607262.0,2026-09-10 23:59:59.999000+00:00,1
2026-09-11 00:00:00+00:00,78.554,79.548,78.144,78.723,3651173.0,2026-09-11 03:59:59.999000+00:00,1
2026-09-11 04:00:00+00:00,78.724,80.375,78.64,79.831,3667335.0,2026-09-11 07:59:59.999000+00:00,1
2026-09-11 08:00:00+00:00,79.83,80.374,78.55,79.238,3249080.0,2026-09-11 11:59:59.999000+00:00,1
2026-09-11 12:00:00+00:00,79.225,83.799,78.59,81.948,18376776.0,2026-09-11 15:59:59.999000+00:00,1
2026-09-11 16:00:00+00:00,81.948,82.618,79.668,80.725,7453303.0,2026-09-11 19:59:59.999000+00:00,1
2026-09-11 20:00:00+00:00,80.727,81.298,78.584,79.426,4087213.0,2026-09-11 23:59:59.999000+00:00,1
2026-09-12 00:00:00+00:00,79.426,79.5,78.513,78.856,2995731.0,2026-09-12 03:59:59.999000+00:00,1
2026-09-12 04:00:00+00:00,78.857,79.086,78.335,79.045,2108888.0,2026-09-12 07:59:59.999000+00:00,1
2026-09-12 08:00:00+00:00,79.046,80.438,78.931,80.229,3302627.0,2026-09-12 11:59:59.999000+00:00,1
2026-09-12 12:00:00+00:00,80.228,80.497,79.95,80.218,2733883.0,2026-09-12 15:59:59.999000+00:00,1
2026-09-12 16:00:00+00:00,80.217,80.779,79.353,79.654,2750817.0,2026-09-12 19:59:59.999000+00:00,1
2026-09-12 20:00:00+00:00,79.653,79.966,79.418,79.623,1461413.0,2026-09-12 23:59:59.999000+00:00,1
2026-09-13 00:00:00+00:00,79.624,79.656,78.975,79.024,2019768.0,2026-09-13 03:59:59.999000+00:00,1
2026-09-13 04:00:00+00:00,79.025,79.509,78.47,78.505,2025813.0,2026-09-13 07:59:59.999000+00:00,1
2026-09-13 08:00:00+00:00,78.501,78.587,76.903,77.512,5233075.0,2026-09-13 11:59:59.999000+00:00,1
2026-09-13 12:00:00+00:00,77.514,78.621,76.53,77.939,5255108.0,2026-09-13 15:59:59.999000+00:00,1
2026-09-13 16:00:00+00:00,77.939,78.731,77.773,78.078,2270483.0,2026-09-13 19:59:59.999000+00:00,1
2026-09-13 20:00:00+00:00,78.08,78.935,76.935,77.273,2964686.0,2026-09-13 23:59:59.999000+00:00,1
2026-09-14 00:00:00+00:00,77.271,80.093,76.928,79.862,5133637.0,2026-09-14 03:59:59.999000+00:00,1
2026-09-14 04:00:00+00:00,79.861,80.324,79.405,79.921,3319180.0,2026-09-14 07:59:59.999000+00:00,1
2026-09-14 08:00:00+00:00,79.921,80.491,79.083,80.1,3821586.0,2026-09-14 11:59:59.999000+00:00,1
2026-09-14 12:00:00+00:00,80.103,81.059,79.046,79.829,8740296.0,2026-09-14 15:59:59.999000+00:00,1
2026-09-14 16:00:00+00:00,79.815,82.005,79.53,81.234,5101753.0,2026-09-14 19:59:59.999000+00:00,1
2026-09-14 20:00:00+00:00,81.235,82.458,79.863,80.313,3962605.0,2026-09-14 23:59:59.999000+00:00,1
2026-09-15 00:00:00+00:00,80.313,80.531,79.269,79.478,3403326.0,2026-09-15 03:59:59.999000+00:00,1
2026-09-15 04:00:00+00:00,79.477,79.983,78.433,78.66,3495419.0,2026-09-15 07:59:59.999000+00:00,1
2026-09-15 08:00:00+00:00,78.66,79.501,78.481,79.032,2181661.0,2026-09-15 11:59:59.999000+00:00,1
2026-09-15 12:00:00+00:00,79.032,79.784,76.371,77.255,8036398.0,2026-09-15 15:59:59.999000+00:00,1
2026-09-15 16:00:00+00:00,77.255,78.104,75.104,77.201,10983269.0,2026-09-15 19:59:59.999000+00:00,1
2026-09-15 20:00:00+00:00,77.202,77.633,76.353,76.932,3398794.0,2026-09-15 23:59:59.999000+00:00,1
2026-09-16 00:00:00+00:00,76.933,77.955,76.645,77.499,3081909.0,2026-09-16 03:59:59.999000+00:00,1
2026-09-16 04:00:00+00:00,77.499,78.018,76.975,77.556,2389372.0,2026-09-16 07:59:59.999000+00:00,1
2026-09-16 08:00:00+00:00,77.555,79.667,77.06,79.308,5073499.0,2026-09-16 11:59:59.999000+00:00,1
2026-09-16 12:00:00+00:00,79.305,79.384,77.793,78.638,5888013.0,2026-09-16 15:59:59.999000+00:00,1
2026-09-16 16:00:00+00:00,78.639,80.379,77.094,78.664,11673810.0,2026-09-16 19:59:59.999000+00:00,1
2026-09-16 20:00:00+00:00,78.658,79.138,77.612,78.263,3515633.0,2026-09-16 23:59:59.999000+00:00,1
2026-09-17 00:00:00+00:00,78.263,79.522,78.06,79.313,3710002.0,2026-09-17 03:59:59.999000+00:00,1
2026-09-17 04:00:00+00:00,79.313,79.59,78.702,79.58,2202984.0,2026-09-17 07:59:59.999000+00:00,1
2026-09-17 08:00:00+00:00,79.579,80.976,79.348,79.8,4703659.0,2026-09-17 11:59:59.999000+00:00,1
2026-09-17 12:00:00+00:00,79.799,83.268,79.649,82.614,14117473.0,2026-09-17 15:59:59.999000+00:00,1
2026-09-17 16:00:00+00:00,82.6,83.454,81.688,83.211,4345813.0,2026-09-17 19:59:59.999000+00:00,1
2026-09-17 20:00:00+00:00,83.211,85.256,82.804,85.1,4347762.0,2026-09-17 23:59:59.999000+00:00,1
2026-09-18 00:00:00+00:00,85.099,87.13,85.05,86.924,7222103.0,2026-09-18 03:59:59.999000+00:00,1
2026-09-18 04:00:00+00:00,86.934,88.549,86.013,88.275,4939154.0,2026-09-18 07:59:59.999000+00:00,1
2026-09-18 08:00:00+00:00,88.274,91.1,87.832,89.882,8671637.0,2026-09-18 11:59:59.999000+00:00,1
2026-09-18 12:00:00+00:00,89.883,92.689,89.571,91.34,11675045.0,2026-09-18 15:59:59.999000+00:00,1
2026-09-18 16:00:00+00:00,91.339,92.399,90.636,92.311,5688544.0,2026-09-18 19:59:59.999000+00:00,1
2026-09-18 20:00:00+00:00,92.311,93.201,91.09,92.575,4814032.0,2026-09-18 23:59:59.999000+00:00,1
2026-09-19 00:00:00+00:00,92.579,94.527,92.301,93.46,6688035.0,2026-09-19 03:59:59.999000+00:00,1
2026-09-19 04:00:00+00:00,93.459,93.869,91.274,92.904,5218695.0,2026-09-19 07:59:59.999000+00:00,1
2026-09-19 08:00:00+00:00,92.906,93.297,91.403,92.472,3582299.0,2026-09-19 11:59:59.999000+00:00,1
2026-09-19 12:00:00+00:00,92.472,93.32,92.046,93.03,3507080.0,2026-09-19 15:59:59.999000+00:00,1
2026-09-19 16:00:00+00:00,93.032,93.375,91.718,92.133,3385726.0,2026-09-19 19:59:59.999000+00:00,1
2026-09-19 20:00:00+00:00,92.133,92.366,90.839,92.182,3170535.0,2026-09-19 23:59:59.999000+00:00,1
2026-09-20 00:00:00+00:00,92.182,92.496,89.642,91.087,5385898.0,2026-09-20 03:59:59.999000+00:00,1
2026-09-20 04:00:00+00:00,91.087,91.638,90.432,90.982,2652531.0,2026-09-20 07:59:59.999000+00:00,1
2026-09-20 08:00:00+00:00,90.982,91.6,90.172,91.397,2938093.0,2026-09-20 11:59:59.999000+00:00,1
2026-09-20 12:00:00+00:00,91.396,92.209,90.561,91.951,3418584.0,2026-09-20 15:59:59.999000+00:00,1
2026-09-20 16:00:00+00:00,91.951,93.723,91.875,93.229,5506322.0,2026-09-20 19:59:59.999000+00:00,1
2026-09-20 20:00:00+00:00,93.23,93.957,91.958,93.64,3036607.0,2026-09-20 23:59:59.999000+00:00,1
2026-09-21 00:00:00+00:00,93.641,94.4,92.344,93.345,5611393.0,2026-09-21 03:59:59.999000+00:00,1
2026-09-21 04:00:00+00:00,93.341,94.4,93.218,94.152,2922702.0,2026-09-21 07:59:59.999000+00:00,1
2026-09-21 08:00:00+00:00,94.152,96.111,94.124,95.413,7751910.0,2026-09-21 11:59:59.999000+00:00,1
2026-09-21 12:00:00+00:00,95.414,95.984,92.913,93.112,8781731.0,2026-09-21 15:59:59.999000+00:00,1
2026-09-21 16:00:00+00:00,93.112,93.448,92.0,93.228,5521166.0,2026-09-21 19:59:59.999000+00:00,1
2026-09-21 20:00:00+00:00,93.23,94.258,92.858,94.037,3766740.0,2026-09-21 23:59:59.999000+00:00,1
2026-09-22 00:00:00+00:00,94.036,94.293,92.105,92.904,3957411.0,2026-09-22 03:59:59.999000+00:00,1
2026-09-22 04:00:00+00:00,92.915,94.683,92.579,94.63,4733137.0,2026-09-22 07:59:59.999000+00:00,1
2026-09-22 08:00:00+00:00,94.629,95.748,94.164,95.352,5218480.0,2026-09-22 11:59:59.999000+00:00,1
2026-09-22 12:00:00+00:00,95.353,95.939,93.734,94.868,6650385.0,2026-09-22 15:59:59.999000+00:00,1
2026-09-22 16:00:00+00:00,94.868,96.942,94.418,96.242,6368579.0,2026-09-22 19:59:59.999000+00:00,1
2026-09-22 20:00:00+00:00,96.243,97.799,95.673,97.195,4456651.0,2026-09-22 23:59:59.999000+00:00,1
2026-09-23 00:00:00+00:00,97.197,97.648,96.523,96.875,2863176.0,2026-09-23 03:59:59.999000+00:00,1
2026-09-23 04:00:00+00:00,96.878,97.983,96.3,96.45,4355042.0,2026-09-23 07:59:59.999000+00:00,1
2026-09-23 08:00:00+00:00,96.449,96.639,94.906,95.17,4424527.0,2026-09-23 11:59:59.999000+00:00,1
2026-09-23 12:00:00+00:00,95.169,95.787,92.579,92.799,11199419.0,2026-09-23 15:59:59.999000+00:00,1
2026-09-23 16:00:00+00:00,92.792,93.977,91.934,93.615,6496066.0,2026-09-23 19:59:59.999000+00:00,1
2026-09-23 20:00:00+00:00,93.629,94.27,92.599,93.999,2385093.0,2026-09-23 23:59:59.999000+00:00,1
2026-09-24 00:00:00+00:00,93.999,94.454,91.559,91.906,5496226.0,2026-09-24 03:59:59.999000+00:00,1
2026-09-24 04:00:00+00:00,91.907,91.919,91.156,91.757,992320.0,2026-09-24 07:59:59.999000+00:00,0
