ts,open,high,low,close,volume,close_time,confirm
2026-03-29 20:00:00+00:00,0.1422,0.1442,0.1385,0.1423,1369989.0,2026-03-29 23:59:59.999000+00:00,1
2026-03-30 00:00:00+00:00,0.1423,0.1467,0.1421,0.1457,729181.0,2026-03-30 03:59:59.999000+00:00,1
2026-03-30 04:00:00+00:00,0.1458,0.1476,0.1458,0.1473,638978.0,2026-03-30 07:59:59.999000+00:00,1
2026-03-30 08:00:00+00:00,0.1474,0.1493,0.1463,0.148,896880.0,2026-03-30 11:59:59.999000+00:00,1
2026-03-30 12:00:00+00:00,0.1481,0.1485,0.1452,0.1463,624207.0,2026-03-30 15:59:59.999000+00:00,1
2026-03-30 16:00:00+00:00,0.1464,0.1465,0.1428,0.1438,651879.0,2026-03-30 19:59:59.999000+00:00,1
2026-03-30 20:00:00+00:00,0.1439,0.1442,0.1409,0.1416,687934.0,2026-03-30 23:59:59.999000+00:00,1
2026-03-31 00:00:00+00:00,0.1417,0.1429,0.1398,0.1398,973149.0,2026-03-31 03:59:59.999000+00:00,1
2026-03-31 04:00:00+00:00,0.1399,0.1419,0.1392,0.1415,1175700.0,2026-03-31 07:59:59.999000+00:00,1
2026-03-31 08:00:00+00:00,0.1414,0.1416,0.1377,0.1385,1154560.0,2026-03-31 11:59:59.999000+00:00,1
2026-03-31 12:00:00+00:00,0.1385,0.1406,0.1377,0.1385,970560.0,2026-03-31 15:59:59.999000+00:00,1
2026-03-31 16:00:00+00:00,0.1385,0.1426,0.1382,0.1401,756242.0,2026-03-31 19:59:59.999000+00:00,1
2026-03-31 20:00:00+00:00,0.1402,0.1405,0.1387,0.1394,479889.0,2026-03-31 23:59:59.999000+00:00,1
2026-04-01 00:00:00+00:00,0.1394,0.1429,0.1392,0.1407,1109771.0,2026-04-01 03:59:59.999000+00:00,1
2026-04-01 04:00:00+00:00,0.1406,0.1428,0.1403,0.1423,717810.0,2026-04-01 07:59:59.999000+00:00,1
2026-04-01 08:00:00+00:00,0.1424,0.1436,0.1396,0.1414,882320.0,2026-04-01 11:59:59.999000+00:00,1
2026-04-01 12:00:00+00:00,0.1414,0.1436,0.1398,0.1408,1551729.0,2026-04-01 15:59:59.999000+00:00,1
2026-04-01 16:00:00+00:00,0.141,0.1413,0.1392,0.14,927790.0,2026-04-01 19:59:59.999000+00:00,1
2026-04-01 20:00:00+00:00,0.1399,0.1402,0.139,0.1395,415757.0,2026-04-01 23:59:59.999000+00:00,1
2026-04-02 00:00:00+00:00,0.1394,0.1404,0.1337,0.1347,3849441.0,2026-04-02 03:59:59.999000+00:00,1
2026-04-02 04:00:00+00:00,0.1346,0.1368,0.1328,0.1363,1166817.0,2026-04-02 07:59:59.999000+00:00,1
2026-04-02 08:00:00+00:00,0.1363,0.1363,0.1347,0.135,476546.0,2026-04-02 11:59:59.999000+00:00,1
2026-04-02 12:00:00+00:00,0.1349,0.1358,0.1331,0.1349,1099257.0,2026-04-02 15:59:59.999000+00:00,1
2026-04-02 16:00:00+00:00,0.1348,0.1375,0.1329,0.1331,1372000.0,2026-04-02 19:59:59.999000+00:00,1
2026-04-02 20:00:00+00:00,0.1333,0.1339,0.1326,0.133,361654.0,2026-04-02 23:59:59.999000+00:00,1
2026-04-03 00:00:00+00:00,0.1331,0.1334,0.13,0.1316,1143175.0,2026-04-03 03:59:59.999000+00:00,1
2026-04-03 04:00:00+00:00,0.1316,0.1341,0.1313,0.1332,915878.0,2026-04-03 07:59:59.999000+00:00,1
2026-04-03 08:00:00+00:00,0.1332,0.1363,0.1332,0.1349,2324218.0,2026-04-03 11:59:59.999000+00:00,1
2026-04-03 12:00:00+00:00,0.1349,0.1357,0.1314,0.1315,1603011.0,2026-04-03 15:59:59.999000+00:00,1
2026-04-03 16:00:00+00:00,0.1314,0.133,0.1311,0.1329,620621.0,2026-04-03 19:59:59.999000+00:00,1
2026-04-03 20:00:00+00:00,0.133,0.1338,0.1325,0.1338,497046.0,2026-04-03 23:59:59.999000+00:00,1
2026-04-04 00:00:00+00:00,0.1338,0.1354,0.1334,0.1344,710615.0,2026-04-04 03:59:59.999000+00:00,1
2026-04-04 04:00:00+00:00,0.1343,0.1368,0.1339,0.1362,861053.0,2026-04-04 07:59:59.999000+00:00,1
2026-04-04 08:00:00+00:00,0.1363,0.1382,0.1357,0.1372,1189967.0,2026-04-04 11:59:59.999000+00:00,1
2026-04-04 12:00:00+00:00,0.1372,0.1373,0.1341,0.1353,1324149.0,2026-04-04 15:59:59.999000+00:00,1
2026-04-04 16:00:00+00:00,0.1353,0.1356,0.1332,0.1338,973137.0,2026-04-04 19:59:59.999000+00:00,1
2026-04-04 20:00:00+00:00,0.1339,0.135,0.1335,0.1343,456413.0,2026-04-04 23:59:59.999000+00:00,1
2026-04-05 00:00:00+00:00,0.1345,0.1346,0.1327,0.1327,236788.0,2026-04-05 03:59:59.999000+00:00,1
2026-04-05 04:00:00+00:00,0.1328,0.1328,0.1303,0.131,884786.0,2026-04-05 07:59:59.999000+00:00,1
2026-04-05 08:00:00+00:00,0.1309,0.133,0.1308,0.1323,329086.0,2026-04-05 11:59:59.999000+00:00,1
2026-04-05 12:00:00+00:00,0.1323,0.1331,0.1303,0.1319,457080.0,2026-04-05 15:59:59.999000+00:00,1
2026-04-05 16:00:00+00:00,0.1318,0.1322,0.1307,0.1311,289892.0,2026-04-05 19:59:59.999000+00:00,1
2026-04-05 20:00:00+00:00,0.131,0.1337,0.1301,0.1336,551217.0,2026-04-05 23:59:59.999000+00:00,1
2026-04-06 00:00:00+00:00,0.1337,0.1369,0.1337,0.1359,897299.0,2026-04-06 03:59:59.999000+00:00,1
2026-04-06 04:00:00+00:00,0.136,0.137,0.1355,0.1365,581636.0,2026-04-06 07:59:59.999000+00:00,1
2026-04-06 08:00:00+00:00,0.1364,0.1423,0.1364,0.1396,2509429.0,2026-04-06 11:59:59.999000+00:00,1
2026-04-06 12:00:00+00:00,0.1395,0.1399,0.1368,0.1381,1311720.0,2026-04-06 15:59:59.999000+00:00,1
2026-04-06 16:00:00+00:00,0.1382,0.1383,0.1366,0.1372,412455.0,2026-04-06 19:59:59.999000+00:00,1
2026-04-06 20:00:00+00:00,0.1372,0.1375,0.1331,0.1347,1081978.0,2026-04-06 23:59:59.999000+00:00,1
2026-04-07 00:00:00+00:00,0.1346,0.135,0.133,0.1345,644559.0,2026-04-07 03:59:59.999000+00:00,1
2026-04-07 04:00:00+00:00,0.1344,0.1348,0.1329,0.1345,537259.0,2026-04-07 07:59:59.999000+00:00,1
2026-04-07 08:00:00+00:00,0.1344,0.1355,0.1333,0.1339,657162.0,2026-04-07 11:59:59.999000+00:00,1
2026-04-07 12:00:00+00:00,0.134,0.1342,0.1323,0.1336,954949.0,2026-04-07 15:59:59.999000+00:00,1
2026-04-07 16:00:00+00:00,0.1336,0.1396,0.1334,0.1393,1140950.0,2026-04-07 19:59:59.999000+00:00,1
2026-04-07 20:00:00+00:00,0.1394,0.1458,0.1388,0.1452,2120476.0,2026-04-07 23:59:59.999000+00:00,1
2026-04-08 00:00:00+00:00,0.1452,0.1457,0.1428,0.144,668504.0,2026-04-08 03:59:59.999000+00:00,1
2026-04-08 04:00:00+00:00,0.1441,0.1459,0.1441,0.1451,509243.0,2026-04-08 07:59:59.999000+00:00,1
2026-04-08 08:00:00+00:00,0.145,0.1451,0.1416,0.1422,589319.0,2026-04-08 11:59:59.999000+00:00,1
2026-04-08 12:00:00+00:00,0.1424,0.1435,0.1402,0.1425,596400.0,2026-04-08 15:59:59.999000+00:00,1
2026-04-08 16:00:00+00:00,0.1425,0.1439,0.1409,0.1422,548798.0,2026-04-08 19:59:59.999000+00:00,1
2026-04-08 20:00:00+00:00,0.1424,0.1449,0.1405,0.1408,638162.0,2026-04-08 23:59:59.999000+00:00,1
2026-04-09 00:00:00+00:00,0.1407,0.1436,0.1395,0.143,496020.0,2026-04-09 03:59:59.999000+00:00,1
2026-04-09 04:00:00+00:00,0.1429,0.1445,0.142,0.1437,420535.0,2026-04-09 07:59:59.999000+00:00,1
2026-04-09 08:00:00+00:00,0.1437,0.1458,0.1427,0.1436,1607937.0,2026-04-09 11:59:59.999000+00:00,1
2026-04-09 12:00:00+00:00,0.1436,0.1464,0.1428,0.1457,1051156.0,2026-04-09 15:59:59.999000+00:00,1
2026-04-09 16:00:00+00:00,0.1457,0.1471,0.1444,0.1453,947303.0,2026-04-09 19:59:59.999000+00:00,1
2026-04-09 20:00:00+00:00,0.1453,0.1483,0.1451,0.1461,529748.0,2026-04-09 23:59:59.999000+00:00,1
2026-04-10 00:00:00+00:00,0.1461,0.1494,0.1456,0.1467,1020291.0,2026-04-10 03:59:59.999000+00:00,1
2026-04-10 04:00:00+00:00,0.1467,0.1491,0.1462,0.1464,674350.0,2026-04-10 07:59:59.999000+00:00,1
2026-04-10 08:00:00+00:00,0.1464,0.1468,0.1448,0.145,670191.0,2026-04-10 11:59:59.999000+00:00,1
2026-04-10 12:00:00+00:00,0.1449,0.1482,0.1449,0.1467,894405.0,2026-04-10 15:59:59.999000+00:00,1
2026-04-10 16:00:00+00:00,0.1469,0.149,0.1453,0.1489,583471.0,2026-04-10 19:59:59.999000+00:00,1
2026-04-10 20:00:00+00:00,0.1489,0.1498,0.1472,0.1487,657091.0,2026-04-10 23:59:59.999000+00:00,1
2026-04-11 00:00:00+00:00,0.1488,0.149,0.1466,0.1467,277878.0,2026-04-11 03:59:59.999000+00:00,1
2026-04-11 04:00:00+00:00,0.1467,0.1472,0.1446,0.1455,425565.0,2026-04-11 07:59:59.999000+00:00,1
2026-04-11 08:00:00+00:00,0.1454,0.1461,0.1442,0.1445,311544.0,2026-04-11 11:59:59.999000+00:00,1
2026-04-11 12:00:00+00:00,0.1444,0.1454,0.1428,0.1444,577612.0,2026-04-11 15:59:59.999000+00:00,1
2026-04-11 16:00:00+00:00,0.1444,0.1479,0.1442,0.1473,499307.0,2026-04-11 19:59:59.999000+00:00,1
2026-04-11 20:00:00+00:00,0.1473,0.148,0.1449,0.1454,464617.0,2026-04-11 23:59:59.999000+00:00,1
2026-04-12 00:00:00+00:00,0.1454,0.1456,0.1401,0.1403,1272227.0,2026-04-12 03:59:59.999000+00:00,1
2026-04-12 04:00:00+00:00,0.1403,0.1424,0.1402,0.141,681854.0,2026-04-12 07:59:59.999000+00:00,1
2026-04-12 08:00:00+00:00,0.1409,0.141,0.1389,0.1403,662430.0,2026-04-12 11:59:59.999000+00:00,1
2026-04-12 12:00:00+00:00,0.1403,0.1418,0.1384,0.1391,706970.0,2026-04-12 15:59:59.999000+00:00,1
2026-04-12 16:00:00+00:00,0.1391,0.1414,0.1388,0.1402,267978.0,2026-04-12 19:59:59.999000+00:00,1
2026-04-12 20:00:00+00:00,0.1402,0.1412,0.1367,0.1375,568266.0,2026-04-12 23:59:59.999000+00:00,1
2026-04-13 00:00:00+00:00,0.1376,0.147,0.1376,0.1429,13191811.0,2026-04-13 03:59:59.999000+00:00,1
2026-04-13 04:00:00+00:00,0.1428,0.1453,0.1415,0.1446,2153445.0,2026-04-13 07:59:59.999000+00:00,1
2026-04-13 08:00:00+00:00,0.1446,0.1446,0.1418,0.1425,1573563.0,2026-04-13 11:59:59.999000+00:00,1
2026-04-13 12:00:00+00:00,0.1424,0.1452,0.1414,0.1443,1080747.0,2026-04-13 15:59:59.999000+00:00,1
2026-04-13 16:00:00+00:00,0.1443,0.1466,0.1431,0.1448,1367555.0,2026-04-13 19:59:59.999000+00:00,1
2026-04-13 20:00:00+00:00,0.1449,0.1534,0.1436,0.1488,3081926.0,2026-04-13 23:59:59.999000+00:00,1
2026-04-14 00:00:00+00:00,0.1489,0.1498,0.1474,0.1485,820130.0,2026-04-14 03:59:59.999000+00:00,1
2026-04-14 04:00:00+00:00,0.1486,0.149,0.1471,0.1474,748993.0,2026-04-14 07:59:59.999000+00:00,1
2026-04-14 08:00:00+00:00,0.1474,0.1504,0.147,0.1472,1083396.0,2026-04-14 11:59:59.999000+00:00,1
2026-04-14 12:00:00+00:00,0.1472,0.1493,0.1463,0.1484,995820.0,2026-04-14 15:59:59.999000+00:00,1
2026-04-14 16:00:00+00:00,0.1483,0.1494,0.1434,0.1448,1208809.0,2026-04-14 19:59:59.999000+00:00,1
2026-04-14 20:00:00+00:00,0.1448,0.1452,0.1441,0.1448,748037.0,2026-04-14 23:59:59.999000+00:00,1
2026-04-15 00:00:00+00:00,0.1448,0.1492,0.1447,0.1487,892653.0,2026-04-15 03:59:59.999000+00:00,1
2026-04-15 04:00:00+00:00,0.1486,0.1536,0.1481,0.1512,1421469.0,2026-04-15 07:59:59.999000+00:00,1
2026-04-15 08:00:00+00:00,0.1513,0.1546,0.1503,0.1521,1769325.0,2026-04-15 11:59:59.999000+00:00,1
2026-04-15 12:00:00+00:00,0.1519,0.1538,0.1511,0.1532,1441394.0,2026-04-15 15:59:59.999000+00:00,1
2026-04-15 16:00:00+00:00,0.1533,0.1664,0.1531,0.1631,4607677.0,2026-04-15 19:59:59.999000+00:00,1
2026-04-15 20:00:00+00:00,0.1629,0.1633,0.1589,0.1605,1229465.0,2026-04-15 23:59:59.999000+00:00,1
2026-04-16 00:00:00+00:00,0.1605,0.1628,0.1579,0.1614,1295440.0,2026-04-16 03:59:59.999000+00:00,1
2026-04-16 04:00:00+00:00,0.1614,0.1638,0.1609,0.1637,1311031.0,2026-04-16 07:59:59.999000+00:00,1
2026-04-16 08:00:00+00:00,0.1637,0.1657,0.1618,0.165,1385057.0,2026-04-16 11:59:59.999000+00:00,1
2026-04-16 12:00:00+00:00,0.1651,0.1673,0.1591,0.1634,2260152.0,2026-04-16 15:59:59.999000+00:00,1
2026-04-16 16:00:00+00:00,0.1635,0.1685,0.1611,0.1683,1170494.0,2026-04-16 19:59:59.999000+00:00,1
2026-04-16 20:00:00+00:00,0.1684,0.1709,0.1643,0.1694,1018323.0,2026-04-16 23:59:59.999000+00:00,1
2026-04-17 00:00:00+00:00,0.1694,0.1718,0.1669,0.1675,1274059.0,2026-04-17 03:59:59.999000+00:00,1
2026-04-17 04:00:00+00:00,0.1676,0.1687,0.164,0.1684,921593.0,2026-04-17 07:59:59.999000+00:00,1
2026-04-17 08:00:00+00:00,0.1686,0.1739,0.1671,0.1734,1699326.0,2026-04-17 11:59:59.999000+00:00,1
2026-04-17 12:00:00+00:00,0.1735,0.1744,0.1704,0.1715,1170865.0,2026-04-17 15:59:59.999000+00:00,1
2026-04-17 16:00:00+00:00,0.1715,0.1739,0.1695,0.171,785459.0,2026-04-17 19:59:59.999000+00:00,1
2026-04-17 20:00:00+00:00,0.1711,0.1714,0.1686,0.1692,464268.0,2026-04-17 23:59:59.999000+00:00,1
2026-04-18 00:00:00+00:00,0.1692,0.17,0.1673,0.168,539978.0,2026-04-18 03:59:59.999000+00:00,1
2026-04-18 04:00:00+00:00,0.1681,0.1718,0.1659,0.1718,838600.0,2026-04-18 07:59:59.999000+00:00,1
2026-04-18 08:00:00+00:00,0.1718,0.1729,0.1653,0.1666,1525882.0,2026-04-18 11:59:59.999000+00:00,1
2026-04-18 12:00:00+00:00,0.1666,0.1682,0.1643,0.166,622483.0,2026-04-18 15:59:59.999000+00:00,1
2026-04-18 16:00:00+00:00,0.166,0.167,0.1614,0.1619,673195.0,2026-04-18 19:59:59.999000+00:00,1
2026-04-18 20:00:00+00:00,0.162,0.1639,0.1613,0.1616,362628.0,2026-04-18 23:59:59.999000+00:00,1
2026-04-19 00:00:00+00:00,0.1616,0.1616,0.1571,0.1585,1156811.0,2026-04-19 03:59:59.999000+00:00,1
2026-04-19 04:00:00+00:00,0.1586,0.1596,0.157,0.158,739475.0,2026-04-19 07:59:59.999000+00:00,1
2026-04-19 08:00:00+00:00,0.1579,0.1602,0.1565,0.16,590464.0,2026-04-19 11:59:59.999000+00:00,1
2026-04-19 12:00:00+00:00,0.1601,0.1621,0.1586,0.1603,652575.0,2026-04-19 15:59:59.999000+00:00,1
2026-04-19 16:00:00+00:00,0.1602,0.1603,0.1568,0.1584,520757.0,2026-04-19 19:59:59.999000+00:00,1
2026-04-19 20:00:00+00:00,0.1584,0.1584,0.1537,0.1546,856733.0,2026-04-19 23:59:59.999000+00:00,1
2026-04-20 00:00:00+00:00,0.1547,0.1583,0.1543,0.158,551277.0,2026-04-20 03:59:59.999000+00:00,1
2026-04-20 04:00:00+00:00,0.158,0.1598,0.1559,0.1588,512053.0,2026-04-20 07:59:59.999000+00:00,1
2026-04-20 08:00:00+00:00,0.1588,0.1613,0.1579,0.1607,516312.0,2026-04-20 11:59:59.999000+00:00,1
2026-04-20 12:00:00+00:00,0.1608,0.1661,0.1599,0.1637,1116510.0,2026-04-20 15:59:59.999000+00:00,1
2026-04-20 16:00:00+00:00,0.1637,0.1686,0.1631,0.1667,625385.0,2026-04-20 19:59:59.999000+00:00,1
2026-04-20 20:00:00+00:00,0.1667,0.1712,0.1664,0.1671,977218.0,2026-04-20 23:59:59.999000+00:00,1
2026-04-21 00:00:00+00:00,0.1671,0.1688,0.1663,0.1676,650962.0,2026-04-21 03:59:59.999000+00:00,1
2026-04-21 04:00:00+00:00,0.1676,0.1754,0.1661,0.1746,1390618.0,2026-04-21 07:59:59.999000+00:00,1
2026-04-21 08:00:00+00:00,0.1747,0.178,0.1707,0.1748,3577789.0,2026-04-21 11:59:59.999000+00:00,1
2026-04-21 12:00:00+00:00,0.175,0.1775,0.1726,0.1735,2912174.0,2026-04-21 15:59:59.999000+00:00,1
2026-04-21 16:00:00+00:00,0.1735,0.175,0.1701,0.1712,1122679.0,2026-04-21 19:59:59.999000+00:00,1
2026-04-21 20:00:00+00:00,0.1711,0.175,0.1708,0.1728,599581.0,2026-04-21 23:59:59.999000+00:00,1
2026-04-22 00:00:00+00:00,0.1729,0.1774,0.1716,0.177,1236876.0,2026-04-22 03:59:59.999000+00:00,1
2026-04-22 04:00:00+00:00,0.1769,0.1816,0.175,0.1797,2046138.0,2026-04-22 07:59:59.999000+00:00,1
2026-04-22 08:00:00+00:00,0.1797,0.1809,0.1776,0.1778,823571.0,2026-04-22 11:59:59.999000+00:00,1
2026-04-22 12:00:00+00:00,0.1779,0.1814,0.1751,0.1799,1339868.0,2026-04-22 15:59:59.999000+00:00,1
2026-04-22 16:00:00+00:00,0.1798,0.1831,0.1786,0.1799,970366.0,2026-04-22 19:59:59.999000+00:00,1
2026-04-22 20:00:00+00:00,0.1798,0.1814,0.1774,0.1788,733510.0,2026-04-22 23:59:59.999000+00:00,1
2026-04-23 00:00:00+00:00,0.1787,0.1789,0.1743,0.175,990841.0,2026-04-23 03:59:59.999000+00:00,1
2026-04-23 04:00:00+00:00,0.175,0.1789,0.1744,0.1776,742499.0,2026-04-23 07:59:59.999000+00:00,1
2026-04-23 08:00:00+00:00,0.1777,0.1796,0.1747,0.1772,1158283.0,2026-04-23 11:59:59.999000+00:00,1
2026-04-23 12:00:00+00:00,0.177,0.1792,0.1762,0.178,746341.0,2026-04-23 15:59:59.999000+00:00,1
2026-04-23 16:00:00+00:00,0.1782,0.1787,0.1746,0.1765,1021796.0,2026-04-23 19:59:59.999000+00:00,1
2026-04-23 20:00:00+00:00,0.1765,0.1782,0.1754,0.1772,302474.0,2026-04-23 23:59:59.999000+00:00,1
2026-04-24 00:00:00+00:00,0.1773,0.1776,0.1751,0.1758,448358.0,2026-04-24 03:59:59.999000+00:00,1
2026-04-24 04:00:00+00:00,0.1757,0.1771,0.1747,0.1761,461047.0,2026-04-24 07:59:59.999000+00:00,1
2026-04-24 08:00:00+00:00,0.1762,0.1783,0.1757,0.1781,551501.0,2026-04-24 11:59:59.999000+00:00,1
2026-04-24 12:00:00+00:00,0.1781,0.1785,0.1742,0.1773,630927.0,2026-04-24 15:59:59.999000+00:00,1
2026-04-24 16:00:00+00:00,0.1773,0.1775,0.1741,0.176,498430.0,2026-04-24 19:59:59.999000+00:00,1
2026-04-24 20:00:00+00:00,0.176,0.176,0.1725,0.1735,316949.0,2026-04-24 23:59:59.999000+00:00,1
2026-04-25 00:00:00+00:00,0.1735,0.176,0.1729,0.1748,394299.0,2026-04-25 03:59:59.999000+00:00,1
2026-04-25 04:00:00+00:00,0.175,0.1826,0.1741,0.1821,1392935.0,2026-04-25 07:59:59.999000+00:00,1
2026-04-25 08:00:00+00:00,0.1821,0.1839,0.1798,0.1812,1952461.0,2026-04-25 11:59:59.999000+00:00,1
2026-04-25 12:00:00+00:00,0.1811,0.199,0.1785,0.1829,15784453.0,2026-04-25 15:59:59.999000+00:00,1
2026-04-25 16:00:00+00:00,0.1829,0.1849,0.1793,0.1798,2829269.0,2026-04-25 19:59:59.999000+00:00,1
2026-04-25 20:00:00+00:00,0.1798,0.1809,0.1789,0.18,1416234.0,2026-04-25 23:59:59.999000+00:00,1
2026-04-26 00:00:00+00:00,0.1801,0.1801,0.1741,0.1752,1770058.0,2026-04-26 03:59:59.999000+00:00,1
2026-04-26 04:00:00+00:00,0.1751,0.1771,0.1734,0.1764,1409650.0,2026-04-26 07:59:59.999000+00:00,1
2026-04-26 08:00:00+00:00,0.1763,0.1773,0.1744,0.177,580467.0,2026-04-26 11:59:59.999000+00:00,1
2026-04-26 12:00:00+00:00,0.1768,0.1785,0.1754,0.1783,714112.0,2026-04-26 15:59:59.999000+00:00,1
2026-04-26 16:00:00+00:00,0.1784,0.1789,0.1766,0.1769,326959.0,2026-04-26 19:59:59.999000+00:00,1
2026-04-26 20:00:00+00:00,0.1769,0.1777,0.1751,0.1755,553267.0,2026-04-26 23:59:59.999000+00:00,1
2026-04-27 00:00:00+00:00,0.1756,0.1786,0.1744,0.177,731651.0,2026-04-27 03:59:59.999000+00:00,1
2026-04-27 04:00:00+00:00,0.1769,0.1771,0.1681,0.1682,1140952.0,2026-04-27 07:59:59.999000+00:00,1
2026-04-27 08:00:00+00:00,0.1683,0.1693,0.1667,0.1674,1022649.0,2026-04-27 11:59:59.999000+00:00,1
2026-04-27 12:00:00+00:00,0.1675,0.1699,0.166,0.1664,1220901.0,2026-04-27 15:59:59.999000+00:00,1
2026-04-27 16:00:00+00:00,0.1663,0.1672,0.1652,0.1664,526184.0,2026-04-27 19:59:59.999000+00:00,1
2026-04-27 20:00:00+00:00,0.1665,0.1692,0.1663,0.1691,550858.0,2026-04-27 23:59:59.999000+00:00,1
2026-04-28 00:00:00+00:00,0.1691,0.1725,0.1683,0.1721,585100.0,2026-04-28 03:59:59.999000+00:00,1
2026-04-28 04:00:00+00:00,0.172,0.1727,0.1683,0.1689,1115545.0,2026-04-28 07:59:59.999000+00:00,1
2026-04-28 08:00:00+00:00,0.1691,0.1697,0.1651,0.1663,781644.0,2026-04-28 11:59:59.999000+00:00,1
2026-04-28 12:00:00+00:00,0.1665,0.1679,0.1656,0.1673,667298.0,2026-04-28 15:59:59.999000+00:00,1
2026-04-28 16:00:00+00:00,0.1674,0.1679,0.1663,0.1667,399668.0,2026-04-28 19:59:59.999000+00:00,1
2026-04-28 20:00:00+00:00,0.1668,0.1669,0.1657,0.1663,334348.0,2026-04-28 23:59:59.999000+00:00,1
2026-04-29 00:00:00+00:00,0.1664,0.1691,0.1654,0.1691,546479.0,2026-04-29 03:59:59.999000+00:00,1
2026-04-29 04:00:00+00:00,0.1692,0.1715,0.1684,0.1684,808984.0,2026-04-29 07:59:59.999000+00:00,1
2026-04-29 08:00:00+00:00,0.1686,0.17,0.1672,0.1675,470940.0,2026-04-29 11:59:59.999000+00:00,1
2026-04-29 12:00:00+00:00,0.1676,0.1678,0.1627,0.1629,859609.0,2026-04-29 15:59:59.999000+00:00,1
2026-04-29 16:00:00+00:00,0.163,0.165,0.159,0.1619,1757025.0,2026-04-29 19:59:59.999000+00:00,1
2026-04-29 20:00:00+00:00,0.162,0.1644,0.1618,0.1641,356886.0,2026-04-29 23:59:59.999000+00:00,1
2026-04-30 00:00:00+00:00,0.1642,0.1655,0.1635,0.1648,294964.0,2026-04-30 03:59:59.999000+00:00,1
2026-04-30 04:00:00+00:00,0.1646,0.1655,0.1626,0.1654,423028.0,2026-04-30 07:59:59.999000+00:00,1
2026-04-30 08:00:00+00:00,0.1656,0.1658,0.1636,0.1649,319441.0,2026-04-30 11:59:59.999000+00:00,1
2026-04-30 12:00:00+00:00,0.165,0.166,0.1627,0.1639,393749.0,2026-04-30 15:59:59.999000+00:00,1
2026-04-30 16:00:00+00:00,0.1638,0.1643,0.1628,0.1633,129642.0,2026-04-30 19:59:59.999000+00:00,1
2026-04-30 20:00:00+00:00,0.1633,0.1641,0.1631,0.1633,185085.0,2026-04-30 23:59:59.999000+00:00,1
2026-05-01 00:00:00+00:00,0.1634,0.1673,0.1634,0.1664,401668.0,2026-05-01 03:59:59.999000+00:00,1
2026-05-01 04:00:00+00:00,0.1665,0.1679,0.166,0.1667,322362.0,2026-05-01 07:59:59.999000+00:00,1
2026-05-01 08:00:00+00:00,0.1666,0.1703,0.1666,0.1684,737692.0,2026-05-01 11:59:59.999000+00:00,1
2026-05-01 12:00:00+00:00,0.1685,0.1708,0.1679,0.1695,568506.0,2026-05-01 15:59:59.999000+00:00,1
2026-05-01 16:00:00+00:00,0.1696,0.1698,0.168,0.1685,328420.0,2026-05-01 19:59:59.999000+00:00,1
2026-05-01 20:00:00+00:00,0.1684,0.1689,0.1664,0.1673,387520.0,2026-05-01 23:59:59.999000+00:00,1
2026-05-02 00:00:00+00:00,0.1672,0.1682,0.1665,0.167,262795.0,2026-05-02 03:59:59.999000+00:00,1
2026-05-02 04:00:00+00:00,0.167,0.1673,0.1659,0.1668,335839.0,2026-05-02 07:59:59.999000+00:00,1
2026-05-02 08:00:00+00:00,0.1668,0.1681,0.1665,0.1669,134489.0,2026-05-02 11:59:59.999000+00:00,1
2026-05-02 12:00:00+00:00,0.167,0.1695,0.1667,0.1694,258856.0,2026-05-02 15:59:59.999000+00:00,1
2026-05-02 16:00:00+00:00,0.1694,0.1695,0.1673,0.1686,216175.0,2026-05-02 19:59:59.999000+00:00,1
2026-05-02 20:00:00+00:00,0.1687,0.1695,0.1678,0.1678,198567.0,2026-05-02 23:59:59.999000+00:00,1
2026-05-03 00:00:00+00:00,0.168,0.168,0.1643,0.1652,415917.0,2026-05-03 03:59:59.999000+00:00,1
2026-05-03 04:00:00+00:00,0.1651,0.1662,0.1644,0.1655,294561.0,2026-05-03 07:59:59.999000+00:00,1
2026-05-03 08:00:00+00:00,0.1657,0.1677,0.1655,0.1668,295776.0,2026-05-03 11:59:59.999000+00:00,1
2026-05-03 12:00:00+00:00,0.1669,0.1676,0.1656,0.1664,243665.0,2026-05-03 15:59:59.999000+00:00,1
2026-05-03 16:00:00+00:00,0.1665,0.1669,0.166,0.1662,165495.0,2026-05-03 19:59:59.999000+00:00,1
2026-05-03 20:00:00+00:00,0.1663,0.1671,0.1647,0.1649,786517.0,2026-05-03 23:59:59.999000+00:00,1
2026-05-04 00:00:00+00:00,0.1649,0.1704,0.1634,0.1699,1141830.0,2026-05-04 03:59:59.999000+00:00,1
2026-05-04 04:00:00+00:00,0.17,0.1722,0.1696,0.1709,596670.0,2026-05-04 07:59:59.999000+00:00,1
2026-05-04 08:00:00+00:00,0.171,0.1722,0.1669,0.1679,784027.0,2026-05-04 11:59:59.999000+00:00,1
2026-05-04 12:00:00+00:00,0.1678,0.1697,0.1666,0.1683,625473.0,2026-05-04 15:59:59.999000+00:00,1
2026-05-04 16:00:00+00:00,0.1681,0.1702,0.1671,0.1682,416284.0,2026-05-04 19:59:59.999000+00:00,1
2026-05-04 20:00:00+00:00,0.1683,0.169,0.1671,0.1679,151643.0,2026-05-04 23:59:59.999000+00:00,1
2026-05-05 00:00:00+00:00,0.168,0.171,0.1679,0.1704,337386.0,2026-05-05 03:59:59.999000+00:00,1
2026-05-05 04:00:00+00:00,0.1704,0.1726,0.1702,0.172,350640.0,2026-05-05 07:59:59.999000+00:00,1
2026-05-05 08:00:00+00:00,0.1721,0.1724,0.1704,0.1716,523877.0,2026-05-05 11:59:59.999000+00:00,1
2026-05-05 12:00:00+00:00,0.1716,0.1726,0.1697,0.1699,616789.0,2026-05-05 15:59:59.999000+00:00,1
2026-05-05 16:00:00+00:00,0.17,0.1707,0.1687,0.1707,421765.0,2026-05-05 19:59:59.999000+00:00,1
2026-05-05 20:00:00+00:00,0.1707,0.1727,0.1699,0.1707,713561.0,2026-05-05 23:59:59.999000+00:00,1
2026-05-06 00:00:00+00:00,0.1708,0.1736,0.1699,0.1731,587086.0,2026-05-06 03:59:59.999000+00:00,1
2026-05-06 04:00:00+00:00,0.1732,0.1738,0.1713,0.1729,814648.0,2026-05-06 07:59:59.999000+00:00,1
2026-05-06 08:00:00+00:00,0.1729,0.1765,0.1728,0.1761,751595.0,2026-05-06 11:59:59.999000+00:00,1
2026-05-06 12:00:00+00:00,0.176,0.1765,0.1711,0.1739,1031443.0,2026-05-06 15:59:59.999000+00:00,1
2026-05-06 16:00:00+00:00,0.174,0.175,0.1729,0.1734,465187.0,2026-05-06 19:59:59.999000+00:00,1
2026-05-06 20:00:00+00:00,0.1734,0.1759,0.1732,0.1748,333809.0,2026-05-06 23:59:59.999000+00:00,1
2026-05-07 00:00:00+00:00,0.1748,0.1748,0.1708,0.171,404768.0,2026-05-07 03:59:59.999000+00:00,1
2026-05-07 04:00:00+00:00,0.1711,0.1769,0.171,0.1765,833012.0,2026-05-07 07:59:59.999000+00:00,1
2026-05-07 08:00:00+00:00,0.1765,0.1773,0.1743,0.1756,431815.0,2026-05-07 11:59:59.999000+00:00,1
2026-05-07 12:00:00+00:00,0.1756,0.1775,0.1696,0.1722,2203666.0,2026-05-07 15:59:59.999000+00:00,1
2026-05-07 16:00:00+00:00,0.1723,0.1756,0.1718,0.1748,935008.0,2026-05-07 19:59:59.999000+00:00,1
2026-05-07 20:00:00+00:00,0.1749,0.1762,0.1732,0.1747,471685.0,2026-05-07 23:59:59.999000+00:00,1
2026-05-08 00:00:00+00:00,0.1748,0.1753,0.1727,0.1748,383118.0,2026-05-08 03:59:59.999000+00:00,1
2026-05-08 04:00:00+00:00,0.1749,0.1761,0.1736,0.1753,504824.0,2026-05-08 07:59:59.999000+00:00,1
2026-05-08 08:00:00+00:00,0.1754,0.1785,0.1753,0.1782,840223.0,2026-05-08 11:59:59.999000+00:00,1
2026-05-08 12:00:00+00:00,0.1782,0.182,0.1761,0.1815,1073445.0,2026-05-08 15:59:59.999000+00:00,1
2026-05-08 16:00:00+00:00,0.1817,0.1877,0.1815,0.1847,1093023.0,2026-05-08 19:59:59.999000+00:00,1
2026-05-08 20:00:00+00:00,0.1848,0.1903,0.1843,0.1875,880046.0,2026-05-08 23:59:59.999000+00:00,1
2026-05-09 00:00:00+00:00,0.1876,0.1949,0.1872,0.1924,1251073.0,2026-05-09 03:59:59.999000+00:00,1
2026-05-09 04:00:00+00:00,0.1924,0.1935,0.1897,0.1899,840958.0,2026-05-09 07:59:59.999000+00:00,1
2026-05-09 08:00:00+00:00,0.1899,0.1915,0.188,0.1892,620802.0,2026-05-09 11:59:59.999000+00:00,1
2026-05-09 12:00:00+00:00,0.1892,0.1895,0.1864,0.1877,818428.0,2026-05-09 15:59:59.999000+00:00,1
2026-05-09 16:00:00+00:00,0.1878,0.19,0.1869,0.19,314566.0,2026-05-09 19:59:59.999000+00:00,1
2026-05-09 20:00:00+00:00,0.1901,0.1903,0.1859,0.1862,1262374.0,2026-05-09 23:59:59.999000+00:00,1
2026-05-10 00:00:00+00:00,0.1861,0.1867,0.1836,0.1856,810038.0,2026-05-10 03:59:59.999000+00:00,1
2026-05-10 04:00:00+00:00,0.1857,0.1881,0.1853,0.1872,553309.0,2026-05-10 07:59:59.999000+00:00,1
2026-05-10 08:00:00+00:00,0.1871,0.1888,0.187,0.1877,589751.0,2026-05-10 11:59:59.999000+00:00,1
2026-05-10 12:00:00+00:00,0.1875,0.1899,0.1866,0.1899,430595.0,2026-05-10 15:59:59.999000+00:00,1
2026-05-10 16:00:00+00:00,0.1899,0.1987,0.1898,0.1961,2487130.0,2026-05-10 19:59:59.999000+00:00,1
2026-05-10 20:00:00+00:00,0.1961,0.1967,0.1866,0.1929,1898326.0,2026-05-10 23:59:59.999000+00:00,1
2026-05-11 00:00:00+00:00,0.1928,0.1935,0.1861,0.1879,1296281.0,2026-05-11 03:59:59.999000+00:00,1
2026-05-11 04:00:00+00:00,0.1878,0.19,0.1866,0.1882,715471.0,2026-05-11 07:59:59.999000+00:00,1
2026-05-11 08:00:00+00:00,0.1881,0.1919,0.1879,0.1903,1420991.0,2026-05-11 11:59:59.999000+00:00,1
2026-05-11 12:00:00+00:00,0.1904,0.1904,0.1868,0.1896,839973.0,2026-05-11 15:59:59.999000+00:00,1
2026-05-11 16:00:00+00:00,0.1896,0.1912,0.1889,0.1908,549084.0,2026-05-11 19:59:59.999000+00:00,1
2026-05-11 20:00:00+00:00,0.1909,0.1916,0.1896,0.1907,502837.0,2026-05-11 23:59:59.999000+00:00,1
2026-05-12 00:00:00+00:00,0.1906,0.1919,0.1868,0.1874,565038.0,2026-05-12 03:59:59.999000+00:00,1
2026-05-12 04:00:00+00:00,0.1872,0.1894,0.1871,0.1879,665852.0,2026-05-12 07:59:59.999000+00:00,1
2026-05-12 08:00:00+00:00,0.1879,0.1881,0.1841,0.1849,671001.0,2026-05-12 11:59:59.999000+00:00,1
2026-05-12 12:00:00+00:00,0.1848,0.1863,0.1822,0.1834,898044.0,2026-05-12 15:59:59.999000+00:00,1
2026-05-12 16:00:00+00:00,0.1833,0.1849,0.1826,0.1845,546646.0,2026-05-12 19:59:59.999000+00:00,1
2026-05-12 20:00:00+00:00,0.1847,0.1873,0.1845,0.1855,482149.0,2026-05-12 23:59:59.999000+00:00,1
2026-05-13 00:00:00+00:00,0.1855,0.1919,0.1847,0.1906,1054674.0,2026-05-13 03:59:59.999000+00:00,1
2026-05-13 04:00:00+00:00,0.1907,0.1932,0.19,0.1931,628710.0,2026-05-13 07:59:59.999000+00:00,1
2026-05-13 08:00:00+00:00,0.1933,0.1975,0.1927,0.1955,1566217.0,2026-05-13 11:59:59.999000+00:00,1
2026-05-13 12:00:00+00:00,0.1956,0.1973,0.1832,0.1838,3271438.0,2026-05-13 15:59:59.999000+00:00,1
2026-05-13 16:00:00+00:00,0.1838,0.1881,0.1833,0.1846,1164049.0,2026-05-13 19:59:59.999000+00:00,1
2026-05-13 20:00:00+00:00,0.1845,0.1856,0.1827,0.1834,589144.0,2026-05-13 23:59:59.999000+00:00,1
2026-05-14 00:00:00+00:00,0.1833,0.1891,0.183,0.1837,1745898.0,2026-05-14 03:59:59.999000+00:00,1
2026-05-14 04:00:00+00:00,0.1836,0.1952,0.1831,0.1932,3460139.0,2026-05-14 07:59:59.999000+00:00,1
2026-05-14 08:00:00+00:00,0.1932,0.2066,0.192,0.201,13557732.0,2026-05-14 11:59:59.999000+00:00,1
2026-05-14 12:00:00+00:00,0.2009,0.2131,0.1976,0.2063,24522407.0,2026-05-14 15:59:59.999000+00:00,1
2026-05-14 16:00:00+00:00,0.2063,0.2082,0.2012,0.2021,5525023.0,2026-05-14 19:59:59.999000+00:00,1
2026-05-14 20:00:00+00:00,0.2022,0.2059,0.1996,0.2023,3735519.0,2026-05-14 23:59:59.999000+00:00,1
2026-05-15 00:00:00+00:00,0.2022,0.204,0.1973,0.1988,3647525.0,2026-05-15 03:59:59.999000+00:00,1
2026-05-15 04:00:00+00:00,0.1988,0.1992,0.1926,0.1969,3960393.0,2026-05-15 07:59:59.999000+00:00,1
2026-05-15 08:00:00+00:00,0.1969,0.203,0.1946,0.2017,2646932.0,2026-05-15 11:59:59.999000+00:00,1
2026-05-15 12:00:00+00:00,0.2014,0.2045,0.1879,0.1907,6813654.0,2026-05-15 15:59:59.999000+00:00,1
2026-05-15 16:00:00+00:00,0.1906,0.193,0.1875,0.1907,1553915.0,2026-05-15 19:59:59.999000+00:00,1
2026-05-15 20:00:00+00:00,0.1907,0.1908,0.1848,0.1851,1457424.0,2026-05-15 23:59:59.999000+00:00,1
2026-05-16 00:00:00+00:00,0.1852,0.189,0.1844,0.1869,1698336.0,2026-05-16 03:59:59.999000+00:00,1
2026-05-16 04:00:00+00:00,0.1867,0.1869,0.1777,0.1779,3397738.0,2026-05-16 07:59:59.999000+00:00,1
2026-05-16 08:00:00+00:00,0.1779,0.182,0.1746,0.1819,2265808.0,2026-05-16 11:59:59.999000+00:00,1
2026-05-16 12:00:00+00:00,0.1818,0.1872,0.1808,0.1842,2677059.0,2026-05-16 15:59:59.999000+00:00,1
2026-05-16 16:00:00+00:00,0.1843,0.1849,0.1814,0.1832,921366.0,2026-05-16 19:59:59.999000+00:00,1
2026-05-16 20:00:00+00:00,0.1833,0.1839,0.1781,0.1782,725274.0,2026-05-16 23:59:59.999000+00:00,1
2026-05-17 00:00:00+00:00,0.1782,0.1793,0.1754,0.1785,1197368.0,2026-05-17 03:59:59.999000+00:00,1
2026-05-17 04:00:00+00:00,0.1785,0.1795,0.1765,0.1772,576005.0,2026-05-17 07:59:59.999000+00:00,1
2026-05-17 08:00:00+00:00,0.1771,0.1793,0.1758,0.178,641503.0,2026-05-17 11:59:59.999000+00:00,1
2026-05-17 12:00:00+00:00,0.1781,0.1794,0.1759,0.177,776265.0,2026-05-17 15:59:59.999000+00:00,1
2026-05-17 16:00:00+00:00,0.1771,0.1791,0.1757,0.1785,424732.0,2026-05-17 19:59:59.999000+00:00,1
2026-05-17 20:00:00+00:00,0.1784,0.1792,0.1671,0.1722,1739633.0,2026-05-17 23:59:59.999000+00:00,1
2026-05-18 00:00:00+00:00,0.1721,0.1728,0.1694,0.1705,956791.0,2026-05-18 03:59:59.999000+00:00,1
2026-05-18 04:00:00+00:00,0.1706,0.173,0.1687,0.1695,583508.0,2026-05-18 07:59:59.999000+00:00,1
2026-05-18 08:00:00+00:00,0.1695,0.1702,0.1672,0.1692,484726.0,2026-05-18 11:59:59.999000+00:00,1
2026-05-18 12:00:00+00:00,0.1692,0.1717,0.1656,0.1671,1298641.0,2026-05-18 15:59:59.999000+00:00,1
2026-05-18 16:00:00+00:00,0.1673,0.1702,0.1655,0.1696,617070.0,2026-05-18 19:59:59.999000+00:00,1
2026-05-18 20:00:00+00:00,0.1696,0.1732,0.1687,0.1729,646426.0,2026-05-18 23:59:59.999000+00:00,1
2026-05-19 00:00:00+00:00,0.173,0.1745,0.1696,0.1697,622210.0,2026-05-19 03:59:59.999000+00:00,1
2026-05-19 04:00:00+00:00,0.1698,0.1717,0.1695,0.1709,760450.0,2026-05-19 07:59:59.999000+00:00,1
2026-05-19 08:00:00+00:00,0.1708,0.1709,0.1664,0.1665,910673.0,2026-05-19 11:59:59.999000+00:00,1
2026-05-19 12:00:00+00:00,0.1666,0.1688,0.1639,0.1641,1428819.0,2026-05-19 15:59:59.999000+00:00,1
2026-05-19 16:00:00+00:00,0.1642,0.1651,0.1627,0.1635,755322.0,2026-05-19 19:59:59.999000+00:00,1
2026-05-19 20:00:00+00:00,0.1636,0.1661,0.1632,0.1638,476916.0,2026-05-19 23:59:59.999000+00:00,1
2026-05-20 00:00:00+00:00,0.1639,0.1662,0.1625,0.1635,625501.0,2026-05-20 03:59:59.999000+00:00,1
2026-05-20 04:00:00+00:00,0.1636,0.1675,0.1635,0.1662,819687.0,2026-05-20 07:59:59.999000+00:00,1
2026-05-20 08:00:00+00:00,0.1661,0.1672,0.1651,0.1654,1006692.0,2026-05-20 11:59:59.999000+00:00,1
2026-05-20 12:00:00+00:00,0.1654,0.173,0.1651,0.1724,1741713.0,2026-05-20 15:59:59.999000+00:00,1
2026-05-20 16:00:00+00:00,0.1725,0.1741,0.1699,0.1716,1518739.0,2026-05-20 19:59:59.999000+00:00,1
2026-05-20 20:00:00+00:00,0.1717,0.1717,0.1686,0.1712,991250.0,2026-05-20 23:59:59.999000+00:00,1
2026-05-21 00:00:00+00:00,0.1712,0.1755,0.1705,0.1738,821151.0,2026-05-21 03:59:59.999000+00:00,1
2026-05-21 04:00:00+00:00,0.1738,0.1745,0.1713,0.1737,933328.0,2026-05-21 07:59:59.999000+00:00,1
2026-05-21 08:00:00+00:00,0.1737,0.1752,0.1704,0.1706,756051.0,2026-05-21 11:59:59.999000+00:00,1
2026-05-21 12:00:00+00:00,0.1707,0.175,0.1696,0.1733,912602.0,2026-05-21 15:59:59.999000+00:00,1
2026-05-21 16:00:00+00:00,0.1734,0.1761,0.1717,0.1752,1099133.0,2026-05-21 19:59:59.999000+00:00,1
2026-05-21 20:00:00+00:00,0.1752,0.1758,0.1735,0.1743,315855.0,2026-05-21 23:59:59.999000+00:00,1
2026-05-22 00:00:00+00:00,0.1744,0.1759,0.1726,0.175,899126.0,2026-05-22 03:59:59.999000+00:00,1
2026-05-22 04:00:00+00:00,0.1751,0.1762,0.1739,0.1748,724051.0,2026-05-22 07:59:59.999000+00:00,1
2026-05-22 08:00:00+00:00,0.1748,0.1787,0.1743,0.1784,1320471.0,2026-05-22 11:59:59.999000+00:00,1
2026-05-22 12:00:00+00:00,0.1785,0.1794,0.1727,0.1742,2086505.0,2026-05-22 15:59:59.999000+00:00,1
2026-05-22 16:00:00+00:00,0.1742,0.1751,0.1655,0.1683,1784201.0,2026-05-22 19:59:59.999000+00:00,1
2026-05-22 20:00:00+00:00,0.1684,0.1701,0.1653,0.1664,568089.0,2026-05-22 23:59:59.999000+00:00,1
2026-05-23 00:00:00+00:00,0.1665,0.1696,0.1654,0.1688,502560.0,2026-05-23 03:59:59.999000+00:00,1
2026-05-23 04:00:00+00:00,0.1689,0.1689,0.1601,0.1626,1188989.0,2026-05-23 07:59:59.999000+00:00,1
2026-05-23 08:00:00+00:00,0.1625,0.1632,0.1609,0.1609,714748.0,2026-05-23 11:59:59.999000+00:00,1
2026-05-23 12:00:00+00:00,0.1609,0.1667,0.1605,0.1665,752071.0,2026-05-23 15:59:59.999000+00:00,1
2026-05-23 16:00:00+00:00,0.1665,0.17,0.1657,0.1675,588694.0,2026-05-23 19:59:59.999000+00:00,1
2026-05-23 20:00:00+00:00,0.1677,0.1737,0.1675,0.1711,1157274.0,2026-05-23 23:59:59.999000+00:00,1
2026-05-24 00:00:00+00:00,0.1712,0.1715,0.1679,0.1682,563089.0,2026-05-24 03:59:59.999000+00:00,1
2026-05-24 04:00:00+00:00,0.1682,0.1688,0.1672,0.1677,366446.0,2026-05-24 07:59:59.999000+00:00,1
2026-05-24 08:00:00+00:00,0.1678,0.1679,0.1663,0.1668,781997.0,2026-05-24 11:59:59.999000+00:00,1
2026-05-24 12:00:00+00:00,0.1669,0.1669,0.1611,0.1645,856592.0,2026-05-24 15:59:59.999000+00:00,1
2026-05-24 16:00:00+00:00,0.1645,0.1653,0.1634,0.1637,343464.0,2026-05-24 19:59:59.999000+00:00,1
2026-05-24 20:00:00+00:00,0.1638,0.1644,0.1586,0.1642,781751.0,2026-05-24 23:59:59.999000+00:00,1
2026-05-25 00:00:00+00:00,0.1642,0.1695,0.1642,0.167,4356965.0,2026-05-25 03:59:59.999000+00:00,1
2026-05-25 04:00:00+00:00,0.1671,0.1703,0.1665,0.1687,670416.0,2026-05-25 07:59:59.999000+00:00,1
2026-05-25 08:00:00+00:00,0.1688,0.1699,0.1681,0.1681,494649.0,2026-05-25 11:59:59.999000+00:00,1
2026-05-25 12:00:00+00:00,0.1682,0.1709,0.1677,0.1703,1045803.0,2026-05-25 15:59:59.999000+00:00,1
2026-05-25 16:00:00+00:00,0.1703,0.1718,0.1691,0.1702,417235.0,2026-05-25 19:59:59.999000+00:00,1
2026-05-25 20:00:00+00:00,0.1701,0.1707,0.1669,0.168,452288.0,2026-05-25 23:59:59.999000+00:00,1
2026-05-26 00:00:00+00:00,0.168,0.1681,0.1634,0.1649,764279.0,2026-05-26 03:59:59.999000+00:00,1
2026-05-26 04:00:00+00:00,0.1649,0.1673,0.1642,0.1654,422168.0,2026-05-26 07:59:59.999000+00:00,1
2026-05-26 08:00:00+00:00,0.1653,0.1714,0.1651,0.1708,820161.0,2026-05-26 11:59:59.999000+00:00,1
2026-05-26 12:00:00+00:00,0.1709,0.1733,0.1682,0.1696,1208248.0,2026-05-26 15:59:59.999000+00:00,1
2026-05-26 16:00:00+00:00,0.1696,0.1708,0.1659,0.167,876084.0,2026-05-26 19:59:59.999000+00:00,1
2026-05-26 20:00:00+00:00,0.1671,0.1672,0.1654,0.1663,343108.0,2026-05-26 23:59:59.999000+00:00,1
2026-05-27 00:00:00+00:00,0.1664,0.168,0.1635,0.1643,860134.0,2026-05-27 03:59:59.999000+00:00,1
2026-05-27 04:00:00+00:00,0.1642,0.1662,0.1622,0.1661,751079.0,2026-05-27 07:59:59.999000+00:00,1
2026-05-27 08:00:00+00:00,0.1661,0.1672,0.1649,0.1655,414102.0,2026-05-27 11:59:59.999000+00:00,1
2026-05-27 12:00:00+00:00,0.1656,0.1704,0.1645,0.1702,1151806.0,2026-05-27 15:59:59.999000+00:00,1
2026-05-27 16:00:00+00:00,0.1703,0.1718,0.1657,0.171,1746883.0,2026-05-27 19:59:59.999000+00:00,1
2026-05-27 20:00:00+00:00,0.171,0.1716,0.1623,0.1637,1512027.0,2026-05-27 23:59:59.999000+00:00,1
2026-05-28 00:00:00+00:00,0.1637,0.1657,0.1581,0.1588,1702759.0,2026-05-28 03:59:59.999000+00:00,1
2026-05-28 04:00:00+00:00,0.1587,0.1597,0.1557,0.1588,1842174.0,2026-05-28 07:59:59.999000+00:00,1
2026-05-28 08:00:00+00:00,0.1589,0.159,0.1541,0.1551,1040535.0,2026-05-28 11:59:59.999000+00:00,1
2026-05-28 12:00:00+00:00,0.1551,0.1577,0.1534,0.1563,1205753.0,2026-05-28 15:59:59.999000+00:00,1
2026-05-28 16:00:00+00:00,0.1563,0.1646,0.1556,0.1603,1589239.0,2026-05-28 19:59:59.999000+00:00,1
2026-05-28 20:00:00+00:00,0.1605,0.1616,0.1593,0.1602,259445.0,2026-05-28 23:59:59.999000+00:00,1
2026-05-29 00:00:00+00:00,0.1601,0.1616,0.1579,0.1586,291712.0,2026-05-29 03:59:59.999000+00:00,1
2026-05-29 04:00:00+00:00,0.1585,0.161,0.1568,0.1595,364258.0,2026-05-29 07:59:59.999000+00:00,1
2026-05-29 08:00:00+00:00,0.1593,0.1602,0.1568,0.1577,312760.0,2026-05-29 11:59:59.999000+00:00,1
2026-05-29 12:00:00+00:00,0.1576,0.1629,0.1535,0.1614,1271511.0,2026-05-29 15:59:59.999000+00:00,1
2026-05-29 16:00:00+00:00,0.1614,0.1624,0.1575,0.1591,950610.0,2026-05-29 19:59:59.999000+00:00,1
2026-05-29 20:00:00+00:00,0.1592,0.1606,0.1584,0.1599,264320.0,2026-05-29 23:59:59.999000+00:00,1
2026-05-30 00:00:00+00:00,0.1601,0.1684,0.1597,0.1665,1056389.0,2026-05-30 03:59:59.999000+00:00,1
2026-05-30 04:00:00+00:00,0.1666,0.1672,0.1631,0.1668,789803.0,2026-05-30 07:59:59.999000+00:00,1
2026-05-30 08:00:00+00:00,0.1668,0.1676,0.1635,0.1638,560186.0,2026-05-30 11:59:59.999000+00:00,1
2026-05-30 12:00:00+00:00,0.1639,0.1655,0.1635,0.1643,521936.0,2026-05-30 15:59:59.999000+00:00,1
2026-05-30 16:00:00+00:00,0.1643,0.1649,0.1626,0.1631,382421.0,2026-05-30 19:59:59.999000+00:00,1
2026-05-30 20:00:00+00:00,0.1633,0.1641,0.1613,0.1623,169005.0,2026-05-30 23:59:59.999000+00:00,1
2026-05-31 00:00:00+00:00,0.1624,0.1646,0.1617,0.1639,197973.0,2026-05-31 03:59:59.999000+00:00,1
2026-05-31 04:00:00+00:00,0.1638,0.1643,0.1616,0.1618,173832.0,2026-05-31 07:59:59.999000+00:00,1
2026-05-31 08:00:00+00:00,0.1619,0.1625,0.1595,0.161,283973.0,2026-05-31 11:59:59.999000+00:00,1
2026-05-31 12:00:00+00:00,0.161,0.1616,0.1564,0.1577,551531.0,2026-05-31 15:59:59.999000+00:00,1
2026-05-31 16:00:00+00:00,0.1577,0.1585,0.1564,0.1581,264462.0,2026-05-31 19:59:59.999000+00:00,1
2026-05-31 20:00:00+00:00,0.1581,0.1632,0.1581,0.1623,598596.0,2026-05-31 23:59:59.999000+00:00,1
2026-06-01 00:00:00+00:00,0.1624,0.1658,0.1606,0.1644,666086.0,2026-06-01 03:59:59.999000+00:00,1
2026-06-01 04:00:00+00:00,0.1644,0.165,0.1581,0.1584,527364.0,2026-06-01 07:59:59.999000+00:00,1
2026-06-01 08:00:00+00:00,0.1583,0.16,0.1577,0.1585,477928.0,2026-06-01 11:59:59.999000+00:00,1
2026-06-01 12:00:00+00:00,0.1586,0.159,0.1557,0.1578,1050286.0,2026-06-01 15:59:59.999000+00:00,1
2026-06-01 16:00:00+00:00,0.1578,0.165,0.157,0.164,806540.0,2026-06-01 19:59:59.999000+00:00,1
2026-06-01 20:00:00+00:00,0.1642,0.1643,0.1611,0.1634,259193.0,2026-06-01 23:59:59.999000+00:00,1
2026-06-02 00:00:00+00:00,0.1634,0.1635,0.1579,0.1617,282449.0,2026-06-02 03:59:59.999000+00:00,1
2026-06-02 04:00:00+00:00,0.1618,0.162,0.1571,0.1588,334433.0,2026-06-02 07:59:59.999000+00:00,1
2026-06-02 08:00:00+00:00,0.1588,0.1593,0.1566,0.1581,204611.0,2026-06-02 11:59:59.999000+00:00,1
2026-06-02 12:00:00+00:00,0.1581,0.1596,0.1496,0.1514,1021642.0,2026-06-02 15:59:59.999000+00:00,1
2026-06-02 16:00:00+00:00,0.1514,0.1551,0.1491,0.1523,598999.0,2026-06-02 19:59:59.999000+00:00,1
2026-06-02 20:00:00+00:00,0.1523,0.1553,0.1467,0.149,800053.0,2026-06-02 23:59:59.999000+00:00,1
2026-06-03 00:00:00+00:00,0.1491,0.1516,0.1458,0.1466,979093.0,2026-06-03 03:59:59.999000+00:00,1
2026-06-03 04:00:00+00:00,0.1466,0.1567,0.1464,0.1558,595388.0,2026-06-03 07:59:59.999000+00:00,1
2026-06-03 08:00:00+00:00,0.1558,0.1576,0.1534,0.1553,443485.0,2026-06-03 11:59:59.999000+00:00,1
2026-06-03 12:00:00+00:00,0.1554,0.1583,0.1539,0.1563,643525.0,2026-06-03 15:59:59.999000+00:00,1
2026-06-03 16:00:00+00:00,0.1563,0.1565,0.152,0.1527,928575.0,2026-06-03 19:59:59.999000+00:00,1
2026-06-03 20:00:00+00:00,0.1527,0.1564,0.1499,0.1521,734425.0,2026-06-03 23:59:59.999000+00:00,1
2026-06-04 00:00:00+00:00,0.1521,0.1533,0.1379,0.1473,1769085.0,2026-06-04 03:59:59.999000+00:00,1
2026-06-04 04:00:00+00:00,0.1472,0.1477,0.1411,0.1412,498592.0,2026-06-04 07:59:59.999000+00:00,1
2026-06-04 08:00:00+00:00,0.1412,0.142,0.1368,0.1396,1591278.0,2026-06-04 11:59:59.999000+00:00,1
2026-06-04 12:00:00+00:00,0.1397,0.1466,0.1389,0.1456,921739.0,2026-06-04 15:59:59.999000+00:00,1
2026-06-04 16:00:00+00:00,0.1455,0.1461,0.1424,0.1442,920581.0,2026-06-04 19:59:59.999000+00:00,1
2026-06-04 20:00:00+00:00,0.1443,0.1443,0.1391,0.1417,887064.0,2026-06-04 23:59:59.999000+00:00,1
2026-06-05 00:00:00+00:00,0.1416,0.1426,0.1361,0.1374,1239005.0,2026-06-05 03:59:59.999000+00:00,1
2026-06-05 04:00:00+00:00,0.1374,0.1409,0.1285,0.1346,2568676.0,2026-06-05 07:59:59.999000+00:00,1
2026-06-05 08:00:00+00:00,0.1345,0.137,0.1317,0.1345,1109171.0,2026-06-05 11:59:59.999000+00:00,1
2026-06-05 12:00:00+00:00,0.1346,0.1351,0.1285,0.1295,1766445.0,2026-06-05 15:59:59.999000+00:00,1
2026-06-05 16:00:00+00:00,0.1294,0.1327,0.1234,0.1276,1804472.0,2026-06-05 19:59:59.999000+00:00,1
2026-06-05 20:00:00+00:00,0.1276,0.1325,0.1262,0.1293,929047.0,2026-06-05 23:59:59.999000+00:00,1
2026-06-06 00:00:00+00:00,0.1293,0.1311,0.126,0.1263,564326.0,2026-06-06 03:59:59.999000+00:00,1
2026-06-06 04:00:00+00:00,0.1263,0.1268,0.1193,0.1254,1979074.0,2026-06-06 07:59:59.999000+00:00,1
2026-06-06 08:00:00+00:00,0.1255,0.1287,0.1232,0.1263,894322.0,2026-06-06 11:59:59.999000+00:00,1
2026-06-06 12:00:00+00:00,0.1263,0.1281,0.1244,0.1265,1446746.0,2026-06-06 15:59:59.999000+00:00,1
2026-06-06 16:00:00+00:00,0.1265,0.1272,0.1238,0.124,610182.0,2026-06-06 19:59:59.999000+00:00,1
2026-06-06 20:00:00+00:00,0.124,0.1268,0.1237,0.1259,384682.0,2026-06-06 23:59:59.999000+00:00,1
2026-06-07 00:00:00+00:00,0.126,0.1293,0.1255,0.1278,645697.0,2026-06-07 03:59:59.999000+00:00,1
2026-06-07 04:00:00+00:00,0.1279,0.1297,0.1269,0.1287,661153.0,2026-06-07 07:59:59.999000+00:00,1
2026-06-07 08:00:00+00:00,0.1287,0.1318,0.1279,0.1289,603652.0,2026-06-07 11:59:59.999000+00:00,1
2026-06-07 12:00:00+00:00,0.1289,0.1307,0.1259,0.1303,635314.0,2026-06-07 15:59:59.999000+00:00,1
2026-06-07 16:00:00+00:00,0.1304,0.1342,0.1296,0.1314,1411944.0,2026-06-07 19:59:59.999000+00:00,1
2026-06-07 20:00:00+00:00,0.1313,0.1385,0.1304,0.1355,1507783.0,2026-06-07 23:59:59.999000+00:00,1
2026-06-08 00:00:00+00:00,0.1354,0.1396,0.1345,0.1381,1077364.0,2026-06-08 03:59:59.999000+00:00,1
2026-06-08 04:00:00+00:00,0.138,0.1381,0.1339,0.1366,650327.0,2026-06-08 07:59:59.999000+00:00,1
2026-06-08 08:00:00+00:00,0.1366,0.1443,0.1356,0.1427,2311829.0,2026-06-08 11:59:59.999000+00:00,1
2026-06-08 12:00:00+00:00,0.1427,0.1437,0.1394,0.1406,1882855.0,2026-06-08 15:59:59.999000+00:00,1
2026-06-08 16:00:00+00:00,0.1406,0.1428,0.1391,0.1402,949725.0,2026-06-08 19:59:59.999000+00:00,1
2026-06-08 20:00:00+00:00,0.1403,0.1426,0.1381,0.1388,649779.0,2026-06-08 23:59:59.999000+00:00,1
2026-06-09 00:00:00+00:00,0.1388,0.1393,0.1344,0.1363,711115.0,2026-06-09 03:59:59.999000+00:00,1
2026-06-09 04:00:00+00:00,0.1363,0.1407,0.1357,0.1396,851382.0,2026-06-09 07:59:59.999000+00:00,1
2026-06-09 08:00:00+00:00,0.1397,0.1399,0.1374,0.1389,533245.0,2026-06-09 11:59:59.999000+00:00,1
2026-06-09 12:00:00+00:00,0.1388,0.1409,0.136,0.1374,1528489.0,2026-06-09 15:59:59.999000+00:00,1
2026-06-09 16:00:00+00:00,0.1373,0.1445,0.1352,0.1409,2088136.0,2026-06-09 19:59:59.999000+00:00,1
2026-06-09 20:00:00+00:00,0.1409,0.1424,0.1395,0.1399,609315.0,2026-06-09 23:59:59.999000+00:00,1
2026-06-10 00:00:00+00:00,0.1398,0.1408,0.1379,0.1389,732150.0,2026-06-10 03:59:59.999000+00:00,1
2026-06-10 04:00:00+00:00,0.139,0.1411,0.1374,0.1399,593390.0,2026-06-10 07:59:59.999000+00:00,1
2026-06-10 08:00:00+00:00,0.1401,0.1401,0.1353,0.1357,549302.0,2026-06-10 11:59:59.999000+00:00,1
2026-06-10 12:00:00+00:00,0.1357,0.1412,0.1351,0.1391,1147764.0,2026-06-10 15:59:59.999000+00:00,1
2026-06-10 16:00:00+00:00,0.1394,0.1407,0.1362,0.1366,755157.0,2026-06-10 19:59:59.999000+00:00,1
2026-06-10 20:00:00+00:00,0.1366,0.1366,0.1322,0.1342,705345.0,2026-06-10 23:59:59.999000+00:00,1
2026-06-11 00:00:00+00:00,0.1343,0.1397,0.1343,0.1397,612544.0,2026-06-11 03:59:59.999000+00:00,1
2026-06-11 04:00:00+00:00,0.1396,0.142,0.1391,0.1395,570840.0,2026-06-11 07:59:59.999000+00:00,1
2026-06-11 08:00:00+00:00,0.1397,0.1421,0.1391,0.1414,547917.0,2026-06-11 11:59:59.999000+00:00,1
2026-06-11 12:00:00+00:00,0.1415,0.1415,0.1383,0.1411,1023969.0,2026-06-11 15:59:59.999000+00:00,1
2026-06-11 16:00:00+00:00,0.1411,0.1465,0.1399,0.1443,1677910.0,2026-06-11 19:59:59.999000+00:00,1
2026-06-11 20:00:00+00:00,0.1444,0.1447,0.1426,0.1436,556084.0,2026-06-11 23:59:59.999000+00:00,1
2026-06-12 00:00:00+00:00,0.1437,0.1443,0.1417,0.1427,326663.0,2026-06-12 03:59:59.999000+00:00,1
2026-06-12 04:00:00+00:00,0.1428,0.1431,0.14,0.1416,562815.0,2026-06-12 07:59:59.999000+00:00,1
2026-06-12 08:00:00+00:00,0.1416,0.1439,0.1415,0.1427,459304.0,2026-06-12 11:59:59.999000+00:00,1
2026-06-12 12:00:00+00:00,0.1427,0.1454,0.141,0.1425,462007.0,2026-06-12 15:59:59.999000+00:00,1
2026-06-12 16:00:00+00:00,0.1426,0.1438,0.1409,0.1419,293636.0,2026-06-12 19:59:59.999000+00:00,1
2026-06-12 20:00:00+00:00,0.1418,0.1423,0.1407,0.1413,135107.0,2026-06-12 23:59:59.999000+00:00,1
2026-06-13 00:00:00+00:00,0.1414,0.1434,0.1411,0.1423,263854.0,2026-06-13 03:59:59.999000+00:00,1
2026-06-13 04:00:00+00:00,0.1423,0.1451,0.1411,0.1443,248198.0,2026-06-13 07:59:59.999000+00:00,1
2026-06-13 08:00:00+00:00,0.1443,0.1448,0.1425,0.1436,178793.0,2026-06-13 11:59:59.999000+00:00,1
2026-06-13 12:00:00+00:00,0.1437,0.1489,0.1432,0.1475,483393.0,2026-06-13 15:59:59.999000+00:00,1
2026-06-13 16:00:00+00:00,0.1475,0.1477,0.1447,0.1464,363550.0,2026-06-13 19:59:59.999000+00:00,1
2026-06-13 20:00:00+00:00,0.1465,0.1472,0.1447,0.1453,307725.0,2026-06-13 23:59:59.999000+00:00,1
2026-06-14 00:00:00+00:00,0.1454,0.1457,0.1441,0.1444,234584.0,2026-06-14 03:59:59.999000+00:00,1
2026-06-14 04:00:00+00:00,0.1445,0.145,0.1427,0.1441,399318.0,2026-06-14 07:59:59.999000+00:00,1
2026-06-14 08:00:00+00:00,0.1442,0.1446,0.1422,0.1432,285437.0,2026-06-14 11:59:59.999000+00:00,1
2026-06-14 12:00:00+00:00,0.1433,0.144,0.1404,0.1404,323431.0,2026-06-14 15:59:59.999000+00:00,1
2026-06-14 16:00:00+00:00,0.1404,0.1417,0.1399,0.1409,174083.0,2026-06-14 19:59:59.999000+00:00,1
2026-06-14 20:00:00+00:00,0.141,0.1477,0.1407,0.1463,508830.0,2026-06-14 23:59:59.999000+00:00,1
2026-06-15 00:00:00+00:00,0.1464,0.1479,0.1454,0.1475,166346.0,2026-06-15 03:59:59.999000+00:00,1
2026-06-15 04:00:00+00:00,0.1475,0.1485,0.1466,0.1472,407320.0,2026-06-15 07:59:59.999000+00:00,1
2026-06-15 08:00:00+00:00,0.1474,0.1514,0.1469,0.1506,233240.0,2026-06-15 11:59:59.999000+00:00,1
2026-06-15 12:00:00+00:00,0.1506,0.1537,0.1498,0.1525,604189.0,2026-06-15 15:59:59.999000+00:00,1
2026-06-15 16:00:00+00:00,0.1525,0.1532,0.1469,0.1474,644358.0,2026-06-15 19:59:59.999000+00:00,1
2026-06-15 20:00:00+00:00,0.1475,0.1486,0.1459,0.1472,288587.0,2026-06-15 23:59:59.999000+00:00,1
2026-06-16 00:00:00+00:00,0.1471,0.1484,0.1447,0.1473,269167.0,2026-06-16 03:59:59.999000+00:00,1
2026-06-16 04:00:00+00:00,0.1473,0.1478,0.1456,0.1472,212059.0,2026-06-16 07:59:59.999000+00:00,1
2026-06-16 08:00:00+00:00,0.1472,0.1502,0.1469,0.1489,378286.0,2026-06-16 11:59:59.999000+00:00,1
2026-06-16 12:00:00+00:00,0.1489,0.1503,0.1433,0.1454,320534.0,2026-06-16 15:59:59.999000+00:00,1
2026-06-16 16:00:00+00:00,0.1454,0.1477,0.1442,0.1454,176773.0,2026-06-16 19:59:59.999000+00:00,1
2026-06-16 20:00:00+00:00,0.1454,0.1472,0.1452,0.1455,92411.0,2026-06-16 23:59:59.999000+00:00,1
2026-06-17 00:00:00+00:00,0.1456,0.1493,0.1456,0.1474,165276.0,2026-06-17 03:59:59.999000+00:00,1
2026-06-17 04:00:00+00:00,0.1476,0.1488,0.1467,0.1473,274133.0,2026-06-17 07:59:59.999000+00:00,1
2026-06-17 08:00:00+00:00,0.1475,0.1475,0.1438,0.1445,510536.0,2026-06-17 11:59:59.999000+00:00,1
2026-06-17 12:00:00+00:00,0.1446,0.1483,0.1438,0.1483,317524.0,2026-06-17 15:59:59.999000+00:00,1
2026-06-17 16:00:00+00:00,0.1484,0.1496,0.1427,0.1431,836642.0,2026-06-17 19:59:59.999000+00:00,1
2026-06-17 20:00:00+00:00,0.1431,0.1446,0.1413,0.1435,501257.0,2026-06-17 23:59:59.999000+00:00,1
2026-06-18 00:00:00+00:00,0.1437,0.1451,0.1427,0.1433,298753.0,2026-06-18 03:59:59.999000+00:00,1
2026-06-18 04:00:00+00:00,0.1433,0.1438,0.1401,0.1432,1020595.0,2026-06-18 07:59:59.999000+00:00,1
2026-06-18 08:00:00+00:00,0.1433,0.1439,0.1415,0.1418,263477.0,2026-06-18 11:59:59.999000+00:00,1
2026-06-18 12:00:00+00:00,0.1417,0.1431,0.136,0.1364,698191.0,2026-06-18 15:59:59.999000+00:00,1
2026-06-18 16:00:00+00:00,0.1362,0.1405,0.1359,0.1401,807770.0,2026-06-18 19:59:59.999000+00:00,1
2026-06-18 20:00:00+00:00,0.1402,0.1413,0.1394,0.1407,173652.0,2026-06-18 23:59:59.999000+00:00,1
2026-06-19 00:00:00+00:00,0.1407,0.1461,0.1403,0.142,1280368.0,2026-06-19 03:59:59.999000+00:00,1
2026-06-19 04:00:00+00:00,0.142,0.1421,0.1383,0.1397,590877.0,2026-06-19 07:59:59.999000+00:00,1
2026-06-19 08:00:00+00:00,0.1396,0.1403,0.1383,0.1387,467533.0,2026-06-19 11:59:59.999000+00:00,1
2026-06-19 12:00:00+00:00,0.1387,0.1419,0.1379,0.1404,415860.0,2026-06-19 15:59:59.999000+00:00,1
2026-06-19 16:00:00+00:00,0.1404,0.141,0.1381,0.1385,213265.0,2026-06-19 19:59:59.999000+00:00,1
2026-06-19 20:00:00+00:00,0.1386,0.1395,0.1381,0.1393,300357.0,2026-06-19 23:59:59.999000+00:00,1
2026-06-20 00:00:00+00:00,0.1393,0.1403,0.1388,0.1397,252775.0,2026-06-20 03:59:59.999000+00:00,1
2026-06-20 04:00:00+00:00,0.1398,0.1426,0.1397,0.1416,461466.0,2026-06-20 07:59:59.999000+00:00,1
2026-06-20 08:00:00+00:00,0.1416,0.1453,0.1411,0.1442,796751.0,2026-06-20 11:59:59.999000+00:00,1
2026-06-20 12:00:00+00:00,0.1442,0.1465,0.1408,0.1452,779513.0,2026-06-20 15:59:59.999000+00:00,1
2026-06-20 16:00:00+00:00,0.1452,0.1452,0.1427,0.1432,535744.0,2026-06-20 19:59:59.999000+00:00,1
2026-06-20 20:00:00+00:00,0.1432,0.1456,0.143,0.1442,325156.0,2026-06-20 23:59:59.999000+00:00,1
2026-06-21 00:00:00+00:00,0.1443,0.1468,0.1438,0.1446,377013.0,2026-06-21 03:59:59.999000+00:00,1
2026-06-21 04:00:00+00:00,0.1447,0.1448,0.1428,0.1433,568542.0,2026-06-21 07:59:59.999000+00:00,1
2026-06-21 08:00:00+00:00,0.1434,0.1441,0.1421,0.1423,213787.0,2026-06-21 11:59:59.999000+00:00,1
2026-06-21 12:00:00+00:00,0.1422,0.1431,0.1415,0.1423,251304.0,2026-06-21 15:59:59.999000+00:00,1
2026-06-21 16:00:00+00:00,0.1424,0.1426,0.1411,0.142,136935.0,2026-06-21 19:59:59.999000+00:00,1
2026-06-21 20:00:00+00:00,0.1421,0.1421,0.1379,0.1381,370727.0,2026-06-21 23:59:59.999000+00:00,1
2026-06-22 00:00:00+00:00,0.1381,0.1426,0.138,0.14,330268.0,2026-06-22 03:59:59.999000+00:00,1
2026-06-22 04:00:00+00:00,0.1399,0.1409,0.1393,0.1403,389242.0,2026-06-22 07:59:59.999000+00:00,1
2026-06-22 08:00:00+00:00,0.1404,0.1411,0.1391,0.141,247676.0,2026-06-22 11:59:59.999000+00:00,1
2026-06-22 12:00:00+00:00,0.141,0.1432,0.1402,0.1405,1020050.0,2026-06-22 15:59:59.999000+00:00,1
2026-06-22 16:00:00+00:00,0.1405,0.1411,0.1383,0.1385,259438.0,2026-06-22 19:59:59.999000+00:00,1
2026-06-22 20:00:00+00:00,0.1384,0.1392,0.1346,0.1361,437248.0,2026-06-22 23:59:59.999000+00:00,1
2026-06-23 00:00:00+00:00,0.1362,0.1372,0.135,0.1366,445786.0,2026-06-23 03:59:59.999000+00:00,1
2026-06-23 04:00:00+00:00,0.1365,0.1367,0.131,0.1326,1038753.0,2026-06-23 07:59:59.999000+00:00,1
2026-06-23 08:00:00+00:00,0.1326,0.133,0.1285,0.1317,784572.0,2026-06-23 11:59:59.999000+00:00,1
2026-06-23 12:00:00+00:00,0.1317,0.1386,0.1315,0.1376,1633822.0,2026-06-23 15:59:59.999000+00:00,1
2026-06-23 16:00:00+00:00,0.1376,0.1384,0.1356,0.1373,370301.0,2026-06-23 19:59:59.999000+00:00,1
2026-06-23 20:00:00+00:00,0.1373,0.1396,0.1373,0.1383,316224.0,2026-06-23 23:59:59.999000+00:00,1
2026-06-24 00:00:00+00:00,0.1383,0.1395,0.1368,0.1372,366835.0,2026-06-24 03:59:59.999000+00:00,1
2026-06-24 04:00:00+00:00,0.1371,0.1389,0.1359,0.1376,299984.0,2026-06-24 07:59:59.999000+00:00,1
2026-06-24 08:00:00+00:00,0.1376,0.138,0.1353,0.1373,256993.0,2026-06-24 11:59:59.999000+00:00,1
2026-06-24 12:00:00+00:00,0.1373,0.1376,0.131,0.1311,689418.0,2026-06-24 15:59:59.999000+00:00,1
2026-06-24 16:00:00+00:00,0.1311,0.1327,0.1263,0.1304,1233843.0,2026-06-24 19:59:59.999000+00:00,1
2026-06-24 20:00:00+00:00,0.1303,0.1348,0.1301,0.134,479886.0,2026-06-24 23:59:59.999000+00:00,1
2026-06-25 00:00:00+00:00,0.134,0.1344,0.132,0.1325,210085.0,2026-06-25 03:59:59.999000+00:00,1
2026-06-25 04:00:00+00:00,0.1324,0.1353,0.1324,0.1337,328934.0,2026-06-25 07:59:59.999000+00:00,1
2026-06-25 08:00:00+00:00,0.1337,0.1337,0.1311,0.1316,268735.0,2026-06-25 11:59:59.999000+00:00,1
2026-06-25 12:00:00+00:00,0.1316,0.1324,0.1215,0.1255,2449756.0,2026-06-25 15:59:59.999000+00:00,1
2026-06-25 16:00:00+00:00,0.1254,0.1269,0.1227,0.1229,738876.0,2026-06-25 19:59:59.999000+00:00,1
2026-06-25 20:00:00+00:00,0.1231,0.1264,0.123,0.1257,473742.0,2026-06-25 23:59:59.999000+00:00,1
2026-06-26 00:00:00+00:00,0.1257,0.1262,0.1207,0.1252,711837.0,2026-06-26 03:59:59.999000+00:00,1
2026-06-26 04:00:00+00:00,0.1253,0.1271,0.1234,0.1266,426176.0,2026-06-26 07:59:59.999000+00:00,1
2026-06-26 08:00:00+00:00,0.1265,0.1267,0.1216,0.1222,521419.0,2026-06-26 11:59:59.999000+00:00,1
2026-06-26 12:00:00+00:00,0.1221,0.1265,0.1204,0.1256,786142.0,2026-06-26 15:59:59.999000+00:00,1
2026-06-26 16:00:00+00:00,0.1257,0.1273,0.125,0.1251,688403.0,2026-06-26 19:59:59.999000+00:00,1
2026-06-26 20:00:00+00:00,0.1253,0.1267,0.1231,0.1244,790398.0,2026-06-26 23:59:59.999000+00:00,1
2026-06-27 00:00:00+00:00,0.1245,0.1257,0.1236,0.1243,290538.0,2026-06-27 03:59:59.999000+00:00,1
2026-06-27 04:00:00+00:00,0.1241,0.1255,0.1241,0.1247,361534.0,2026-06-27 07:59:59.999000+00:00,1
2026-06-27 08:00:00+00:00,0.1247,0.1249,0.1236,0.1246,702456.0,2026-06-27 11:59:59.999000+00:00,1
2026-06-27 12:00:00+00:00,0.1247,0.126,0.1242,0.1257,346747.0,2026-06-27 15:59:59.999000+00:00,1
2026-06-27 16:00:00+00:00,0.1257,0.1258,0.1214,0.1224,700700.0,2026-06-27 19:59:59.999000+00:00,1
2026-06-27 20:00:00+00:00,0.1225,0.123,0.1217,0.1224,780801.0,2026-06-27 23:59:59.999000+00:00,1
2026-06-28 00:00:00+00:00,0.1224,0.1239,0.1222,0.1239,146696.0,2026-06-28 03:59:59.999000+00:00,1
2026-06-28 04:00:00+00:00,0.124,0.1241,0.1219,0.1227,294496.0,2026-06-28 07:59:59.999000+00:00,1
2026-06-28 08:00:00+00:00,0.1228,0.1238,0.1217,0.1232,248306.0,2026-06-28 11:59:59.999000+00:00,1
2026-06-28 12:00:00+00:00,0.1232,0.1248,0.1215,0.1233,831917.0,2026-06-28 15:59:59.999000+00:00,1
2026-06-28 16:00:00+00:00,0.1232,0.1253,0.1208,0.1214,745867.0,2026-06-28 19:59:59.999000+00:00,1
2026-06-28 20:00:00+00:00,0.1214,0.1224,0.1187,0.1211,566831.0,2026-06-28 23:59:59.999000+00:00,1
2026-06-29 00:00:00+00:00,0.121,0.1237,0.1198,0.1233,318462.0,2026-06-29 03:59:59.999000+00:00,1
2026-06-29 04:00:00+00:00,0.1234,0.1235,0.1207,0.1221,647127.0,2026-06-29 07:59:59.999000+00:00,1
2026-06-29 08:00:00+00:00,0.122,0.1222,0.1201,0.1207,561731.0,2026-06-29 11:59:59.999000+00:00,1
2026-06-29 12:00:00+00:00,0.1207,0.123,0.1178,0.1201,936304.0,2026-06-29 15:59:59.999000+00:00,1
2026-06-29 16:00:00+00:00,0.1201,0.123,0.1191,0.1204,1297216.0,2026-06-29 19:59:59.999000+00:00,1
2026-06-29 20:00:00+00:00,0.1204,0.1208,0.1192,0.12,615068.0,2026-06-29 23:59:59.999000+00:00,1
2026-06-30 00:00:00+00:00,0.12,0.1204,0.1181,0.119,468895.0,2026-06-30 03:59:59.999000+00:00,1
2026-06-30 04:00:00+00:00,0.119,0.1196,0.1185,0.1187,258949.0,2026-06-30 07:59:59.999000+00:00,1
2026-06-30 08:00:00+00:00,0.1188,0.1192,0.1165,0.1167,541861.0,2026-06-30 11:59:59.999000+00:00,1
2026-06-30 12:00:00+00:00,0.1167,0.1185,0.1152,0.1175,794335.0,2026-06-30 15:59:59.999000+00:00,1
2026-06-30 16:00:00+00:00,0.1175,0.1181,0.1166,0.1177,383765.0,2026-06-30 19:59:59.999000+00:00,1
2026-06-30 20:00:00+00:00,0.1176,0.1181,0.1131,0.1139,813948.0,2026-06-30 23:59:59.999000+00:00,1
2026-07-01 00:00:00+00:00,0.114,0.1159,0.1117,0.1155,920025.0,2026-07-01 03:59:59.999000+00:00,1
2026-07-01 04:00:00+00:00,0.1155,0.1164,0.114,0.1148,284022.0,2026-07-01 07:59:59.999000+00:00,1
2026-07-01 08:00:00+00:00,0.1148,0.1159,0.1142,0.1153,391825.0,2026-07-01 11:59:59.999000+00:00,1
2026-07-01 12:00:00+00:00,0.1153,0.1202,0.1136,0.1198,1176683.0,2026-07-01 15:59:59.999000+00:00,1
2026-07-01 16:00:00+00:00,0.1198,0.1208,0.1184,0.1193,710439.0,2026-07-01 19:59:59.999000+00:00,1
2026-07-01 20:00:00+00:00,0.1192,0.1214,0.1182,0.1186,859070.0,2026-07-01 23:59:59.999000+00:00,1
2026-07-02 00:00:00+00:00,0.1186,0.1208,0.1174,0.1208,479136.0,2026-07-02 03:59:59.999000+00:00,1
2026-07-02 04:00:00+00:00,0.1207,0.121,0.1192,0.1199,428011.0,2026-07-02 07:59:59.999000+00:00,1
2026-07-02 08:00:00+00:00,0.12,0.1244,0.1195,0.1217,1110957.0,2026-07-02 11:59:59.999000+00:00,1
2026-07-02 12:00:00+00:00,0.1216,0.1234,0.1195,0.1202,836849.0,2026-07-02 15:59:59.999000+00:00,1
2026-07-02 16:00:00+00:00,0.1201,0.1222,0.1199,0.1205,720804.0,2026-07-02 19:59:59.999000+00:00,1
2026-07-02 20:00:00+00:00,0.1204,0.1209,0.1199,0.1202,237374.0,2026-07-02 23:59:59.999000+00:00,1
2026-07-03 00:00:00+00:00,0.1203,0.1221,0.1199,0.1207,530494.0,2026-07-03 03:59:59.999000+00:00,1
2026-07-03 04:00:00+00:00,0.1207,0.1252,0.1202,0.1239,1475948.0,2026-07-03 07:59:59.999000+00:00,1
2026-07-03 08:00:00+00:00,0.124,0.1265,0.1234,0.1263,1056464.0,2026-07-03 11:59:59.999000+00:00,1
2026-07-03 12:00:00+00:00,0.1263,0.1282,0.1263,0.1279,1260253.0,2026-07-03 15:59:59.999000+00:00,1
2026-07-03 16:00:00+00:00,0.128,0.1307,0.1271,0.1297,1388571.0,2026-07-03 19:59:59.999000+00:00,1
2026-07-03 20:00:00+00:00,0.1297,0.1327,0.1291,0.1306,1464135.0,2026-07-03 23:59:59.999000+00:00,1
2026-07-04 00:00:00+00:00,0.1305,0.1312,0.1288,0.1303,633775.0,2026-07-04 03:59:59.999000+00:00,1
2026-07-04 04:00:00+00:00,0.1303,0.132,0.1292,0.1299,577992.0,2026-07-04 07:59:59.999000+00:00,1
2026-07-04 08:00:00+00:00,0.1299,0.1325,0.1293,0.1318,492600.0,2026-07-04 11:59:59.999000+00:00,1
2026-07-04 12:00:00+00:00,0.1318,0.1349,0.1318,0.1348,724446.0,2026-07-04 15:59:59.999000+00:00,1
2026-07-04 16:00:00+00:00,0.1347,0.1398,0.134,0.1388,1847314.0,2026-07-04 19:59:59.999000+00:00,1
2026-07-04 20:00:00+00:00,0.1389,0.1431,0.1368,0.1371,2335135.0,2026-07-04 23:59:59.999000+00:00,1
2026-07-05 00:00:00+00:00,0.1372,0.1372,0.1343,0.1354,1037854.0,2026-07-05 03:59:59.999000+00:00,1
2026-07-05 04:00:00+00:00,0.1353,0.1358,0.1334,0.1346,728103.0,2026-07-05 07:59:59.999000+00:00,1
2026-07-05 08:00:00+00:00,0.1345,0.136,0.1313,0.1354,950548.0,2026-07-05 11:59:59.999000+00:00,1
2026-07-05 12:00:00+00:00,0.1354,0.1369,0.134,0.1343,1153041.0,2026-07-05 15:59:59.999000+00:00,1
2026-07-05 16:00:00+00:00,0.1341,0.1345,0.133,0.1332,587727.0,2026-07-05 19:59:59.999000+00:00,1
2026-07-05 20:00:00+00:00,0.1331,0.1566,0.1321,0.1384,12279998.0,2026-07-05 23:59:59.999000+00:00,1
2026-07-06 00:00:00+00:00,0.1384,0.1388,0.1366,0.138,931667.0,2026-07-06 03:59:59.999000+00:00,1
2026-07-06 04:00:00+00:00,0.138,0.1446,0.1379,0.14,3563324.0,2026-07-06 07:59:59.999000+00:00,1
2026-07-06 08:00:00+00:00,0.1399,0.1443,0.1385,0.1399,2317759.0,2026-07-06 11:59:59.999000+00:00,1
2026-07-06 12:00:00+00:00,0.1399,0.1427,0.1348,0.1426,6109911.0,2026-07-06 15:59:59.999000+00:00,1
2026-07-06 16:00:00+00:00,0.1426,0.1437,0.14,0.1409,1106469.0,2026-07-06 19:59:59.999000+00:00,1
2026-07-06 20:00:00+00:00,0.1409,0.1451,0.1404,0.1445,888123.0,2026-07-06 23:59:59.999000+00:00,1
2026-07-07 00:00:00+00:00,0.1445,0.1465,0.1376,0.1385,1560683.0,2026-07-07 03:59:59.999000+00:00,1
2026-07-07 04:00:00+00:00,0.1385,0.1397,0.1373,0.1381,479859.0,2026-07-07 07:59:59.999000+00:00,1
2026-07-07 08:00:00+00:00,0.1381,0.1426,0.1378,0.1393,741000.0,2026-07-07 11:59:59.999000+00:00,1
2026-07-07 12:00:00+00:00,0.1393,0.1424,0.1375,0.1406,916931.0,2026-07-07 15:59:59.999000+00:00,1
2026-07-07 16:00:00+00:00,0.1406,0.1407,0.1355,0.1364,597504.0,2026-07-07 19:59:59.999000+00:00,1
2026-07-07 20:00:00+00:00,0.1364,0.1377,0.135,0.1369,473236.0,2026-07-07 23:59:59.999000+00:00,1
2026-07-08 00:00:00+00:00,0.1369,0.1393,0.1358,0.1362,975459.0,2026-07-08 03:59:59.999000+00:00,1
2026-07-08 04:00:00+00:00,0.1362,0.1366,0.1341,0.135,596337.0,2026-07-08 07:59:59.999000+00:00,1
2026-07-08 08:00:00+00:00,0.135,0.1357,0.1325,0.1352,781639.0,2026-07-08 11:59:59.999000+00:00,1
2026-07-08 12:00:00+00:00,0.1353,0.1392,0.134,0.1354,697665.0,2026-07-08 15:59:59.999000+00:00,1
2026-07-08 16:00:00+00:00,0.1354,0.1429,0.1353,0.1418,1537201.0,2026-07-08 19:59:59.999000+00:00,1
2026-07-08 20:00:00+00:00,0.1417,0.1428,0.1404,0.1419,1865202.0,2026-07-08 23:59:59.999000+00:00,1
2026-07-09 00:00:00+00:00,0.142,0.1436,0.1394,0.1403,833773.0,2026-07-09 03:59:59.999000+00:00,1
2026-07-09 04:00:00+00:00,0.1404,0.1412,0.1387,0.1387,665430.0,2026-07-09 07:59:59.999000+00:00,1
2026-07-09 08:00:00+00:00,0.1386,0.1394,0.1376,0.1386,504058.0,2026-07-09 11:59:59.999000+00:00,1
2026-07-09 12:00:00+00:00,0.1385,0.1388,0.137,0.1373,344689.0,2026-07-09 15:59:59.999000+00:00,1
2026-07-09 16:00:00+00:00,0.1371,0.1402,0.1368,0.1395,637749.0,2026-07-09 19:59:59.999000+00:00,1
2026-07-09 20:00:00+00:00,0.1396,0.1399,0.1377,0.1385,246803.0,2026-07-09 23:59:59.999000+00:00,1
2026-07-10 00:00:00+00:00,0.1385,0.1412,0.1381,0.1399,431999.0,2026-07-10 03:59:59.999000+00:00,1
2026-07-10 04:00:00+00:00,0.14,0.1412,0.139,0.1399,296316.0,2026-07-10 07:59:59.999000+00:00,1
2026-07-10 08:00:00+00:00,0.1399,0.1402,0.1382,0.1386,267576.0,2026-07-10 11:59:59.999000+00:00,1
2026-07-10 12:00:00+00:00,0.1386,0.1394,0.135,0.1375,726798.0,2026-07-10 15:59:59.999000+00:00,1
2026-07-10 16:00:00+00:00,0.1376,0.1382,0.1357,0.1363,793157.0,2026-07-10 19:59:59.999000+00:00,1
2026-07-10 20:00:00+00:00,0.1363,0.137,0.1358,0.1367,640710.0,2026-07-10 23:59:59.999000+00:00,1
2026-07-11 00:00:00+00:00,0.1367,0.1367,0.1351,0.1358,456026.0,2026-07-11 03:59:59.999000+00:00,1
2026-07-11 04:00:00+00:00,0.1359,0.1359,0.1341,0.1343,162154.0,2026-07-11 07:59:59.999000+00:00,1
2026-07-11 08:00:00+00:00,0.1342,0.1367,0.1342,0.1352,977409.0,2026-07-11 11:59:59.999000+00:00,1
2026-07-11 12:00:00+00:00,0.1353,0.1362,0.1319,0.135,1995848.0,2026-07-11 15:59:59.999000+00:00,1
2026-07-11 16:00:00+00:00,0.1351,0.1355,0.1335,0.1349,909961.0,2026-07-11 19:59:59.999000+00:00,1
2026-07-11 20:00:00+00:00,0.135,0.1354,0.1317,0.1318,685772.0,2026-07-11 23:59:59.999000+00:00,1
2026-07-12 00:00:00+00:00,0.1318,0.1339,0.1309,0.1339,827608.0,2026-07-12 03:59:59.999000+00:00,1
2026-07-12 04:00:00+00:00,0.1337,0.1339,0.1323,0.1332,413630.0,2026-07-12 07:59:59.999000+00:00,1
2026-07-12 08:00:00+00:00,0.1333,0.1339,0.132,0.1329,594746.0,2026-07-12 11:59:59.999000+00:00,1
2026-07-12 12:00:00+00:00,0.1329,0.1336,0.1319,0.133,316249.0,2026-07-12 15:59:59.999000+00:00,1
2026-07-12 16:00:00+00:00,0.1331,0.1372,0.1331,0.1347,1796119.0,2026-07-12 19:59:59.999000+00:00,1
2026-07-12 20:00:00+00:00,0.1348,0.1348,0.1322,0.1326,288771.0,2026-07-12 23:59:59.999000+00:00,1
2026-07-13 00:00:00+00:00,0.1327,0.1341,0.1293,0.1303,1487061.0,2026-07-13 03:59:59.999000+00:00,1
2026-07-13 04:00:00+00:00,0.1303,0.1326,0.1299,0.132,358291.0,2026-07-13 07:59:59.999000+00:00,1
2026-07-13 08:00:00+00:00,0.1321,0.1336,0.1311,0.1328,772519.0,2026-07-13 11:59:59.999000+00:00,1
2026-07-13 12:00:00+00:00,0.1327,0.1337,0.1299,0.1304,696804.0,2026-07-13 15:59:59.999000+00:00,1
2026-07-13 16:00:00+00:00,0.1304,0.1315,0.1284,0.1296,323203.0,2026-07-13 19:59:59.999000+00:00,1
2026-07-13 20:00:00+00:00,0.1297,0.13,0.1273,0.1286,355128.0,2026-07-13 23:59:59.999000+00:00,1
2026-07-14 00:00:00+00:00,0.1286,0.1291,0.1264,0.1275,528752.0,2026-07-14 03:59:59.999000+00:00,1
2026-07-14 04:00:00+00:00,0.1276,0.1296,0.1274,0.1287,376443.0,2026-07-14 07:59:59.999000+00:00,1
2026-07-14 08:00:00+00:00,0.1286,0.1291,0.1278,0.1286,349296.0,2026-07-14 11:59:59.999000+00:00,1
2026-07-14 12:00:00+00:00,0.1286,0.1323,0.1284,0.1311,746360.0,2026-07-14 15:59:59.999000+00:00,1
2026-07-14 16:00:00+00:00,0.1312,0.1343,0.1312,0.1318,649825.0,2026-07-14 19:59:59.999000+00:00,1
2026-07-14 20:00:00+00:00,0.1318,0.133,0.1314,0.1325,338392.0,2026-07-14 23:59:59.999000+00:00,1
2026-07-15 00:00:00+00:00,0.1326,0.1326,0.1297,0.1305,478245.0,2026-07-15 03:59:59.999000+00:00,1
2026-07-15 04:00:00+00:00,0.1305,0.1317,0.1296,0.1302,166611.0,2026-07-15 07:59:59.999000+00:00,1
2026-07-15 08:00:00+00:00,0.1303,0.1312,0.13,0.1303,204370.0,2026-07-15 11:59:59.999000+00:00,1
2026-07-15 12:00:00+00:00,0.1304,0.1329,0.1299,0.1313,398458.0,2026-07-15 15:59:59.999000+00:00,1
2026-07-15 16:00:00+00:00,0.1314,0.1314,0.1289,0.1292,482380.0,2026-07-15 19:59:59.999000+00:00,1
2026-07-15 20:00:00+00:00,0.1292,0.1304,0.1291,0.1296,218504.0,2026-07-15 23:59:59.999000+00:00,1
2026-07-16 00:00:00+00:00,0.1296,0.1317,0.1292,0.1304,345883.0,2026-07-16 03:59:59.999000+00:00,1
2026-07-16 04:00:00+00:00,0.1305,0.1312,0.129,0.1294,249785.0,2026-07-16 07:59:59.999000+00:00,1
2026-07-16 08:00:00+00:00,0.1295,0.1295,0.1268,0.1286,733317.0,2026-07-16 11:59:59.999000+00:00,1
2026-07-16 12:00:00+00:00,0.1287,0.1332,0.1282,0.1319,528710.0,2026-07-16 15:59:59.999000+00:00,1
2026-07-16 16:00:00+00:00,0.1319,0.1328,0.1311,0.1319,257557.0,2026-07-16 19:59:59.999000+00:00,1
2026-07-16 20:00:00+00:00,0.132,0.1341,0.1291,0.1308,382252.0,2026-07-16 23:59:59.999000+00:00,1
2026-07-17 00:00:00+00:00,0.1307,0.1318,0.1304,0.1308,281664.0,2026-07-17 03:59:59.999000+00:00,1
2026-07-17 04:00:00+00:00,0.1308,0.1308,0.1281,0.1283,215794.0,2026-07-17 07:59:59.999000+00:00,1
2026-07-17 08:00:00+00:00,0.1283,0.1295,0.1277,0.1289,143325.0,2026-07-17 11:59:59.999000+00:00,1
2026-07-17 12:00:00+00:00,0.1289,0.1299,0.1264,0.1287,731418.0,2026-07-17 15:59:59.999000+00:00,1
2026-07-17 16:00:00+00:00,0.1287,0.1301,0.1276,0.1277,574551.0,2026-07-17 19:59:59.999000+00:00,1
2026-07-17 20:00:00+00:00,0.1276,0.1277,0.1268,0.127,234891.0,2026-07-17 23:59:59.999000+00:00,1
2026-07-18 00:00:00+00:00,0.127,0.1291,0.127,0.1279,348198.0,2026-07-18 03:59:59.999000+00:00,1
2026-07-18 04:00:00+00:00,0.1279,0.1279,0.1266,0.1267,170925.0,2026-07-18 07:59:59.999000+00:00,1
2026-07-18 08:00:00+00:00,0.1268,0.1273,0.126,0.1265,156020.0,2026-07-18 11:59:59.999000+00:00,1
2026-07-18 12:00:00+00:00,0.1265,0.1269,0.1257,0.1264,292793.0,2026-07-18 15:59:59.999000+00:00,1
2026-07-18 16:00:00+00:00,0.1265,0.1275,0.1262,0.1265,120374.0,2026-07-18 19:59:59.999000+00:00,1
2026-07-18 20:00:00+00:00,0.1264,0.1273,0.1263,0.1269,116361.0,2026-07-18 23:59:59.999000+00:00,1
2026-07-19 00:00:00+00:00,0.127,0.1278,0.1266,0.1267,144554.0,2026-07-19 03:59:59.999000+00:00,1
2026-07-19 04:00:00+00:00,0.1268,0.1269,0.1263,0.1264,117641.0,2026-07-19 07:59:59.999000+00:00,1
2026-07-19 08:00:00+00:00,0.1265,0.1271,0.1254,0.1257,164886.0,2026-07-19 11:59:59.999000+00:00,1
2026-07-19 12:00:00+00:00,0.1256,0.1259,0.1244,0.1252,334211.0,2026-07-19 15:59:59.999000+00:00,1
2026-07-19 16:00:00+00:00,0.1253,0.1255,0.1236,0.1247,252511.0,2026-07-19 19:59:59.999000+00:00,1
2026-07-19 20:00:00+00:00,0.1248,0.127,0.1228,0.126,1060837.0,2026-07-19 23:59:59.999000+00:00,1
2026-07-20 00:00:00+00:00,0.126,0.1272,0.1252,0.1257,343812.0,2026-07-20 03:59:59.999000+00:00,1
2026-07-20 04:00:00+00:00,0.1257,0.1258,0.124,0.1251,449212.0,2026-07-20 07:59:59.999000+00:00,1
2026-07-20 08:00:00+00:00,0.1251,0.1262,0.1242,0.126,270750.0,2026-07-20 11:59:59.999000+00:00,1
2026-07-20 12:00:00+00:00,0.1261,0.1269,0.124,0.1261,462970.0,2026-07-20 15:59:59.999000+00:00,1
2026-07-20 16:00:00+00:00,0.1262,0.1262,0.1244,0.1246,211627.0,2026-07-20 19:59:59.999000+00:00,1
2026-07-20 20:00:00+00:00,0.1247,0.1251,0.1237,0.1242,153168.0,2026-07-20 23:59:59.999000+00:00,1
2026-07-21 00:00:00+00:00,0.1242,0.1245,0.1233,0.1243,288334.0,2026-07-21 03:59:59.999000+00:00,1
2026-07-21 04:00:00+00:00,0.1242,0.1278,0.1239,0.1276,799807.0,2026-07-21 07:59:59.999000+00:00,1
2026-07-21 08:00:00+00:00,0.1277,0.1292,0.1267,0.1268,752696.0,2026-07-21 11:59:59.999000+00:00,1
2026-07-21 12:00:00+00:00,0.1267,0.1299,0.1266,0.1291,913977.0,2026-07-21 15:59:59.999000+00:00,1
2026-07-21 16:00:00+00:00,0.1292,0.1303,0.1275,0.1296,707673.0,2026-07-21 19:59:59.999000+00:00,1
2026-07-21 20:00:00+00:00,0.1296,0.131,0.1286,0.1292,431898.0,2026-07-21 23:59:59.999000+00:00,1
2026-07-22 00:00:00+00:00,0.1292,0.1296,0.128,0.128,257877.0,2026-07-22 03:59:59.999000+00:00,1
2026-07-22 04:00:00+00:00,0.1279,0.1287,0.1272,0.1275,267978.0,2026-07-22 07:59:59.999000+00:00,1
2026-07-22 08:00:00+00:00,0.1275,0.1287,0.1274,0.128,205946.0,2026-07-22 11:59:59.999000+00:00,1
2026-07-22 12:00:00+00:00,0.1281,0.1289,0.1269,0.128,286596.0,2026-07-22 15:59:59.999000+00:00,1
2026-07-22 16:00:00+00:00,0.128,0.1293,0.1272,0.1275,204718.0,2026-07-22 19:59:59.999000+00:00,1
2026-07-22 20:00:00+00:00,0.1274,0.1282,0.1272,0.1281,125530.0,2026-07-22 23:59:59.999000+00:00,1
2026-07-23 00:00:00+00:00,0.1281,0.1283,0.1265,0.1267,433708.0,2026-07-23 03:59:59.999000+00:00,1
2026-07-23 04:00:00+00:00,0.1267,0.1276,0.1263,0.1265,313578.0,2026-07-23 07:59:59.999000+00:00,1
2026-07-23 08:00:00+00:00,0.1265,0.1269,0.1262,0.1267,149750.0,2026-07-23 11:59:59.999000+00:00,1
2026-07-23 12:00:00+00:00,0.1268,0.1269,0.1253,0.1266,429565.0,2026-07-23 15:59:59.999000+00:00,1
2026-07-23 16:00:00+00:00,0.1264,0.1265,0.1247,0.1254,201294.0,2026-07-23 19:59:59.999000+00:00,1
2026-07-23 20:00:00+00:00,0.1253,0.126,0.125,0.1251,95804.0,2026-07-23 23:59:59.999000+00:00,1
2026-07-24 00:00:00+00:00,0.1251,0.126,0.1246,0.126,278773.0,2026-07-24 03:59:59.999000+00:00,1
2026-07-24 04:00:00+00:00,0.126,0.1293,0.1257,0.1285,372420.0,2026-07-24 07:59:59.999000+00:00,1
2026-07-24 08:00:00+00:00,0.1285,0.1291,0.1266,0.1269,329400.0,2026-07-24 11:59:59.999000+00:00,1
2026-07-24 12:00:00+00:00,0.1269,0.128,0.1235,0.1245,1235458.0,2026-07-24 15:59:59.999000+00:00,1
2026-07-24 16:00:00+00:00,0.1245,0.1245,0.123,0.1234,626411.0,2026-07-24 19:59:59.999000+00:00,1
2026-07-24 20:00:00+00:00,0.1234,0.1239,0.1226,0.1232,326694.0,2026-07-24 23:59:59.999000+00:00,1
2026-07-25 00:00:00+00:00,0.1232,0.1239,0.123,0.1235,133240.0,2026-07-25 03:59:59.999000+00:00,1
2026-07-25 04:00:00+00:00,0.1236,0.1243,0.1228,0.1232,233057.0,2026-07-25 07:59:59.999000+00:00,1
2026-07-25 08:00:00+00:00,0.1232,0.124,0.1228,0.1239,89715.0,2026-07-25 11:59:59.999000+00:00,1
2026-07-25 12:00:00+00:00,0.124,0.1272,0.1237,0.1268,477463.0,2026-07-25 15:59:59.999000+00:00,1
2026-07-25 16:00:00+00:00,0.1269,0.1273,0.1248,0.125,221455.0,2026-07-25 19:59:59.999000+00:00,1
2026-07-25 20:00:00+00:00,0.1251,0.1252,0.124,0.1242,112529.0,2026-07-25 23:59:59.999000+00:00,1
2026-07-26 00:00:00+00:00,0.1243,0.1253,0.1239,0.1253,227638.0,2026-07-26 03:59:59.999000+00:00,1
2026-07-26 04:00:00+00:00,0.1254,0.1261,0.1249,0.1257,202538.0,2026-07-26 07:59:59.999000+00:00,1
2026-07-26 08:00:00+00:00,0.1258,0.1286,0.1257,0.1274,572089.0,2026-07-26 11:59:59.999000+00:00,1
2026-07-26 12:00:00+00:00,0.1275,0.1283,0.1261,0.1273,441204.0,2026-07-26 15:59:59.999000+00:00,1
2026-07-26 16:00:00+00:00,0.1274,0.1277,0.1264,0.1265,250499.0,2026-07-26 19:59:59.999000+00:00,1
2026-07-26 20:00:00+00:00,0.1266,0.1284,0.1264,0.1272,381719.0,2026-07-26 23:59:59.999000+00:00,1
2026-07-27 00:00:00+00:00,0.1273,0.1275,0.1255,0.1259,366770.0,2026-07-27 03:59:59.999000+00:00,1
2026-07-27 04:00:00+00:00,0.1259,0.1274,0.1259,0.1265,346644.0,2026-07-27 07:59:59.999000+00:00,1
2026-07-27 08:00:00+00:00,0.1264,0.1266,0.1257,0.1257,376301.0,2026-07-27 11:59:59.999000+00:00,1
2026-07-27 12:00:00+00:00,0.1258,0.1261,0.1215,0.1222,1037554.0,2026-07-27 15:59:59.999000+00:00,1
2026-07-27 16:00:00+00:00,0.1221,0.1232,0.1213,0.1218,297219.0,2026-07-27 19:59:59.999000+00:00,1
2026-07-27 20:00:00+00:00,0.1219,0.1223,0.1165,0.1179,1034744.0,2026-07-27 23:59:59.999000+00:00,1
2026-07-28 00:00:00+00:00,0.1179,0.1181,0.115,0.1178,1393751.0,2026-07-28 03:59:59.999000+00:00,1
2026-07-28 04:00:00+00:00,0.1179,0.1189,0.1168,0.1168,535217.0,2026-07-28 07:59:59.999000+00:00,1
2026-07-28 08:00:00+00:00,0.1168,0.1172,0.1163,0.1169,338245.0,2026-07-28 11:59:59.999000+00:00,1
2026-07-28 12:00:00+00:00,0.1168,0.1173,0.1141,0.1169,788442.0,2026-07-28 15:59:59.999000+00:00,1
2026-07-28 16:00:00+00:00,0.1169,0.1169,0.1144,0.1149,350399.0,2026-07-28 19:59:59.999000+00:00,1
2026-07-28 20:00:00+00:00,0.115,0.116,0.1132,0.1147,1282108.0,2026-07-28 23:59:59.999000+00:00,1
2026-07-29 00:00:00+00:00,0.1147,0.1151,0.1108,0.1115,1391818.0,2026-07-29 03:59:59.999000+00:00,1
2026-07-29 04:00:00+00:00,0.1114,0.1121,0.1102,0.1112,1742070.0,2026-07-29 07:59:59.999000+00:00,1
2026-07-29 08:00:00+00:00,0.1113,0.1119,0.1105,0.1116,672052.0,2026-07-29 11:59:59.999000+00:00,1
2026-07-29 12:00:00+00:00,0.1117,0.1119,0.1092,0.1096,1004366.0,2026-07-29 15:59:59.999000+00:00,1
2026-07-29 16:00:00+00:00,0.1096,0.1116,0.1077,0.108,1490131.0,2026-07-29 19:59:59.999000+00:00,1
2026-07-29 20:00:00+00:00,0.108,0.1088,0.1063,0.1084,745464.0,2026-07-29 23:59:59.999000+00:00,1
2026-07-30 00:00:00+00:00,0.1084,0.1094,0.1073,0.1089,292961.0,2026-07-30 03:59:59.999000+00:00,1
2026-07-30 04:00:00+00:00,0.109,0.1106,0.1087,0.1095,496052.0,2026-07-30 07:59:59.999000+00:00,1
2026-07-30 08:00:00+00:00,0.1096,0.1105,0.1088,0.1102,389365.0,2026-07-30 11:59:59.999000+00:00,1
2026-07-30 12:00:00+00:00,0.1101,0.1111,0.1096,0.1104,498011.0,2026-07-30 15:59:59.999000+00:00,1
2026-07-30 16:00:00+00:00,0.1104,0.1106,0.1068,0.1089,1002073.0,2026-07-30 19:59:59.999000+00:00,1
2026-07-30 20:00:00+00:00,0.109,0.1104,0.1084,0.1085,747747.0,2026-07-30 23:59:59.999000+00:00,1
2026-07-31 00:00:00+00:00,0.1086,0.11,0.1072,0.1079,804830.0,2026-07-31 03:59:59.999000+00:00,1
2026-07-31 04:00:00+00:00,0.1079,0.108,0.1067,0.1078,456857.0,2026-07-31 07:59:59.999000+00:00,1
2026-07-31 08:00:00+00:00,0.1078,0.1082,0.1044,0.1054,856177.0,2026-07-31 11:59:59.999000+00:00,1
2026-07-31 12:00:00+00:00,0.1054,0.1067,0.1048,0.1055,1184713.0,2026-07-31 15:59:59.999000+00:00,1
2026-07-31 16:00:00+00:00,0.1054,0.1067,0.1053,0.1058,290576.0,2026-07-31 19:59:59.999000+00:00,1
2026-07-31 20:00:00+00:00,0.1059,0.1066,0.1053,0.1062,384100.0,2026-07-31 23:59:59.999000+00:00,1
2026-08-01 00:00:00+00:00,0.1063,0.1095,0.1062,0.1092,677308.0,2026-08-01 03:59:59.999000+00:00,1
2026-08-01 04:00:00+00:00,0.1094,0.1108,0.1089,0.1094,536371.0,2026-08-01 07:59:59.999000+00:00,1
2026-08-01 08:00:00+00:00,0.1093,0.1099,0.1083,0.1091,336506.0,2026-08-01 11:59:59.999000+00:00,1
2026-08-01 12:00:00+00:00,0.1092,0.1101,0.1089,0.1093,609017.0,2026-08-01 15:59:59.999000+00:00,1
2026-08-01 16:00:00+00:00,0.1093,0.1102,0.1069,0.1082,692938.0,2026-08-01 19:59:59.999000+00:00,1
2026-08-01 20:00:00+00:00,0.1082,0.1089,0.1078,0.1086,234062.0,2026-08-01 23:59:59.999000+00:00,1
2026-08-02 00:00:00+00:00,0.1087,0.1109,0.1083,0.11,859317.0,2026-08-02 03:59:59.999000+00:00,1
2026-08-02 04:00:00+00:00,0.11,0.1105,0.1091,0.1097,355723.0,2026-08-02 07:59:59.999000+00:00,1
2026-08-02 08:00:00+00:00,0.1098,0.1104,0.1083,0.1091,412286.0,2026-08-02 11:59:59.999000+00:00,1
2026-08-02 12:00:00+00:00,0.1091,0.1119,0.109,0.1114,727084.0,2026-08-02 15:59:59.999000+00:00,1
2026-08-02 16:00:00+00:00,0.1114,0.1127,0.1108,0.1118,381814.0,2026-08-02 19:59:59.999000+00:00,1
2026-08-02 20:00:00+00:00,0.1117,0.1121,0.1102,0.1113,333392.0,2026-08-02 23:59:59.999000+00:00,1
2026-08-03 00:00:00+00:00,0.1112,0.1114,0.1087,0.1098,618356.0,2026-08-03 03:59:59.999000+00:00,1
2026-08-03 04:00:00+00:00,0.1099,0.1102,0.1094,0.1096,203112.0,2026-08-03 07:59:59.999000+00:00,1
2026-08-03 08:00:00+00:00,0.1096,0.1107,0.1089,0.1103,864710.0,2026-08-03 11:59:59.999000+00:00,1
2026-08-03 12:00:00+00:00,0.1103,0.1134,0.11,0.1128,958954.0,2026-08-03 15:59:59.999000+00:00,1
2026-08-03 16:00:00+00:00,0.1128,0.1132,0.1101,0.1107,733247.0,2026-08-03 19:59:59.999000+00:00,1
2026-08-03 20:00:00+00:00,0.1106,0.111,0.1104,0.1105,608087.0,2026-08-03 23:59:59.999000+00:00,1
2026-08-04 00:00:00+00:00,0.1105,0.1113,0.1096,0.1105,530928.0,2026-08-04 03:59:59.999000+00:00,1
2026-08-04 04:00:00+00:00,0.1104,0.1113,0.1103,0.1104,328040.0,2026-08-04 07:59:59.999000+00:00,1
2026-08-04 08:00:00+00:00,0.1104,0.1104,0.1095,0.1099,171565.0,2026-08-04 11:59:59.999000+00:00,1
2026-08-04 12:00:00+00:00,0.1099,0.1103,0.1057,0.1097,1601174.0,2026-08-04 15:59:59.999000+00:00,1
2026-08-04 16:00:00+00:00,0.1096,0.1112,0.1092,0.1103,552546.0,2026-08-04 19:59:59.999000+00:00,1
2026-08-04 20:00:00+00:00,0.1104,0.1121,0.1098,0.111,597116.0,2026-08-04 23:59:59.999000+00:00,1
2026-08-05 00:00:00+00:00,0.111,0.1115,0.1101,0.1104,629920.0,2026-08-05 03:59:59.999000+00:00,1
2026-08-05 04:00:00+00:00,0.1104,0.1109,0.1098,0.1103,254481.0,2026-08-05 07:59:59.999000+00:00,1
2026-08-05 08:00:00+00:00,0.1103,0.1104,0.1085,0.1095,433630.0,2026-08-05 11:59:59.999000+00:00,1
2026-08-05 12:00:00+00:00,0.1095,0.1107,0.1092,0.1096,546393.0,2026-08-05 15:59:59.999000+00:00,1
2026-08-05 16:00:00+00:00,0.1096,0.1112,0.1095,0.1108,308826.0,2026-08-05 19:59:59.999000+00:00,1
2026-08-05 20:00:00+00:00,0.1108,0.1111,0.11,0.1103,237312.0,2026-08-05 23:59:59.999000+00:00,1
2026-08-06 00:00:00+00:00,0.1105,0.1113,0.11,0.1103,221532.0,2026-08-06 03:59:59.999000+00:00,1
2026-08-06 04:00:00+00:00,0.1102,0.1114,0.1102,0.1109,223304.0,2026-08-06 07:59:59.999000+00:00,1
2026-08-06 08:00:00+00:00,0.1109,0.1112,0.1096,0.1098,321265.0,2026-08-06 11:59:59.999000+00:00,1
2026-08-06 12:00:00+00:00,0.1099,0.1113,0.1094,0.1107,461453.0,2026-08-06 15:59:59.999000+00:00,1
2026-08-06 16:00:00+00:00,0.1107,0.112,0.11,0.1101,355173.0,2026-08-06 19:59:59.999000+00:00,1
2026-08-06 20:00:00+00:00,0.1101,0.1109,0.1099,0.1105,151532.0,2026-08-06 23:59:59.999000+00:00,1
2026-08-07 00:00:00+00:00,0.1105,0.112,0.1105,0.111,398542.0,2026-08-07 03:59:59.999000+00:00,1
2026-08-07 04:00:00+00:00,0.1111,0.1121,0.1103,0.111,390376.0,2026-08-07 07:59:59.999000+00:00,1
2026-08-07 08:00:00+00:00,0.1111,0.1112,0.1104,0.1104,221032.0,2026-08-07 11:59:59.999000+00:00,1
2026-08-07 12:00:00+00:00,0.1105,0.1119,0.1095,0.11,862419.0,2026-08-07 15:59:59.999000+00:00,1
2026-08-07 16:00:00+00:00,0.1101,0.1103,0.1089,0.1098,363740.0,2026-08-07 19:59:59.999000+00:00,1
2026-08-07 20:00:00+00:00,0.1099,0.11,0.1091,0.1094,147956.0,2026-08-07 23:59:59.999000+00:00,1
2026-08-08 00:00:00+00:00,0.1095,0.1099,0.1092,0.1097,258197.0,2026-08-08 03:59:59.999000+00:00,1
2026-08-08 04:00:00+00:00,0.1097,0.1099,0.1094,0.1095,137847.0,2026-08-08 07:59:59.999000+00:00,1
2026-08-08 08:00:00+00:00,0.1096,0.111,0.1093,0.1104,366118.0,2026-08-08 11:59:59.999000+00:00,1
2026-08-08 12:00:00+00:00,0.1105,0.1127,0.1104,0.1116,784284.0,2026-08-08 15:59:59.999000+00:00,1
2026-08-08 16:00:00+00:00,0.1116,0.1129,0.1113,0.1126,593966.0,2026-08-08 19:59:59.999000+00:00,1
2026-08-08 20:00:00+00:00,0.1127,0.1128,0.1117,0.1119,163871.0,2026-08-08 23:59:59.999000+00:00,1
2026-08-09 00:00:00+00:00,0.112,0.1123,0.1109,0.1121,361718.0,2026-08-09 03:59:59.999000+00:00,1
2026-08-09 04:00:00+00:00,0.1122,0.113,0.1113,0.1114,481961.0,2026-08-09 07:59:59.999000+00:00,1
2026-08-09 08:00:00+00:00,0.1114,0.1116,0.11,0.1104,335262.0,2026-08-09 11:59:59.999000+00:00,1
2026-08-09 12:00:00+00:00,0.1103,0.1118,0.1102,0.1112,620935.0,2026-08-09 15:59:59.999000+00:00,1
2026-08-09 16:00:00+00:00,0.1113,0.1119,0.1112,0.1117,246558.0,2026-08-09 19:59:59.999000+00:00,1
2026-08-09 20:00:00+00:00,0.1118,0.1126,0.1089,0.1094,650796.0,2026-08-09 23:59:59.999000+00:00,1
2026-08-10 00:00:00+00:00,0.1094,0.1114,0.1092,0.1103,816415.0,2026-08-10 03:59:59.999000+00:00,1
2026-08-10 04:00:00+00:00,0.1103,0.1124,0.1103,0.1121,367270.0,2026-08-10 07:59:59.999000+00:00,1
2026-08-10 08:00:00+00:00,0.112,0.1133,0.1107,0.1116,665080.0,2026-08-10 11:59:59.999000+00:00,1
2026-08-10 12:00:00+00:00,0.1117,0.112,0.1103,0.1111,655807.0,2026-08-10 15:59:59.999000+00:00,1
2026-08-10 16:00:00+00:00,0.1111,0.1124,0.1108,0.1123,481084.0,2026-08-10 19:59:59.999000+00:00,1
2026-08-10 20:00:00+00:00,0.1123,0.1126,0.111,0.111,436342.0,2026-08-10 23:59:59.999000+00:00,1
2026-08-11 00:00:00+00:00,0.111,0.1127,0.1107,0.1124,506445.0,2026-08-11 03:59:59.999000+00:00,1
2026-08-11 04:00:00+00:00,0.1123,0.1123,0.1108,0.1111,533166.0,2026-08-11 07:59:59.999000+00:00,1
2026-08-11 08:00:00+00:00,0.111,0.112,0.1108,0.1109,738996.0,2026-08-11 11:59:59.999000+00:00,1
2026-08-11 12:00:00+00:00,0.1109,0.1121,0.109,0.1096,900146.0,2026-08-11 15:59:59.999000+00:00,1
2026-08-11 16:00:00+00:00,0.1095,0.111,0.1093,0.1106,401354.0,2026-08-11 19:59:59.999000+00:00,1
2026-08-11 20:00:00+00:00,0.1106,0.1127,0.1105,0.1121,405350.0,2026-08-11 23:59:59.999000+00:00,1
2026-08-12 00:00:00+00:00,0.112,0.1153,0.1119,0.1138,697722.0,2026-08-12 03:59:59.999000+00:00,1
2026-08-12 04:00:00+00:00,0.1138,0.1145,0.1107,0.1121,974606.0,2026-08-12 07:59:59.999000+00:00,1
2026-08-12 08:00:00+00:00,0.1121,0.1145,0.1114,0.1138,1257624.0,2026-08-12 11:59:59.999000+00:00,1
2026-08-12 12:00:00+00:00,0.1138,0.1143,0.1115,0.1127,961998.0,2026-08-12 15:59:59.999000+00:00,1
2026-08-12 16:00:00+00:00,0.1127,0.1129,0.1109,0.111,815810.0,2026-08-12 19:59:59.999000+00:00,1
2026-08-12 20:00:00+00:00,0.1109,0.1118,0.1069,0.1092,1423279.0,2026-08-12 23:59:59.999000+00:00,1
2026-08-13 00:00:00+00:00,0.1092,0.1098,0.1088,0.1096,463691.0,2026-08-13 03:59:59.999000+00:00,1
2026-08-13 04:00:00+00:00,0.1096,0.11,0.1092,0.1095,338130.0,2026-08-13 07:59:59.999000+00:00,1
2026-08-13 08:00:00+00:00,0.1095,0.1099,0.1092,0.1096,427156.0,2026-08-13 11:59:59.999000+00:00,1
2026-08-13 12:00:00+00:00,0.1094,0.1105,0.109,0.1094,521768.0,2026-08-13 15:59:59.999000+00:00,1
2026-08-13 16:00:00+00:00,0.1094,0.1097,0.108,0.109,374202.0,2026-08-13 19:59:59.999000+00:00,1
2026-08-13 20:00:00+00:00,0.1091,0.1097,0.1089,0.1094,135196.0,2026-08-13 23:59:59.999000+00:00,1
2026-08-14 00:00:00+00:00,0.1094,0.1095,0.1087,0.1088,286954.0,2026-08-14 03:59:59.999000+00:00,1
2026-08-14 04:00:00+00:00,0.1088,0.1092,0.1075,0.1075,193860.0,2026-08-14 07:59:59.999000+00:00,1
2026-08-14 08:00:00+00:00,0.1075,0.1082,0.1067,0.1068,503913.0,2026-08-14 11:59:59.999000+00:00,1
2026-08-14 12:00:00+00:00,0.1068,0.1078,0.1066,0.1077,367844.0,2026-08-14 15:59:59.999000+00:00,1
2026-08-14 16:00:00+00:00,0.1076,0.1091,0.1075,0.1078,439027.0,2026-08-14 19:59:59.999000+00:00,1
2026-08-14 20:00:00+00:00,0.1078,0.1085,0.1074,0.1085,347674.0,2026-08-14 23:59:59.999000+00:00,1
2026-08-15 00:00:00+00:00,0.1086,0.1089,0.1083,0.1084,169367.0,2026-08-15 03:59:59.999000+00:00,1
2026-08-15 04:00:00+00:00,0.1084,0.1091,0.1075,0.1077,524616.0,2026-08-15 07:59:59.999000+00:00,1
2026-08-15 08:00:00+00:00,0.1077,0.1103,0.1074,0.1092,1238134.0,2026-08-15 11:59:59.999000+00:00,1
2026-08-15 12:00:00+00:00,0.1092,0.1099,0.1091,0.1098,368699.0,2026-08-15 15:59:59.999000+00:00,1
2026-08-15 16:00:00+00:00,0.1099,0.1101,0.1089,0.1092,188589.0,2026-08-15 19:59:59.999000+00:00,1
2026-08-15 20:00:00+00:00,0.1093,0.1097,0.1084,0.1085,233434.0,2026-08-15 23:59:59.999000+00:00,1
2026-08-16 00:00:00+00:00,0.1086,0.1088,0.1076,0.1081,483067.0,2026-08-16 03:59:59.999000+00:00,1
2026-08-16 04:00:00+00:00,0.1082,0.1088,0.1074,0.1084,267636.0,2026-08-16 07:59:59.999000+00:00,1
2026-08-16 08:00:00+00:00,0.1084,0.1086,0.1079,0.108,173244.0,2026-08-16 11:59:59.999000+00:00,1
2026-08-16 12:00:00+00:00,0.1081,0.1086,0.1076,0.1081,335391.0,2026-08-16 15:59:59.999000+00:00,1
2026-08-16 16:00:00+00:00,0.1081,0.1086,0.1078,0.1083,364490.0,2026-08-16 19:59:59.999000+00:00,1
2026-08-16 20:00:00+00:00,0.1084,0.1087,0.1059,0.1073,801056.0,2026-08-16 23:59:59.999000+00:00,1
2026-08-17 00:00:00+00:00,0.1073,0.1091,0.1071,0.1085,476528.0,2026-08-17 03:59:59.999000+00:00,1
2026-08-17 04:00:00+00:00,0.1085,0.109,0.1081,0.1082,546444.0,2026-08-17 07:59:59.999000+00:00,1
2026-08-17 08:00:00+00:00,0.1082,0.1085,0.1074,0.1081,358463.0,2026-08-17 11:59:59.999000+00:00,1
2026-08-17 12:00:00+00:00,0.1081,0.1084,0.1075,0.1079,280413.0,2026-08-17 15:59:59.999000+00:00,1
2026-08-17 16:00:00+00:00,0.108,0.108,0.1065,0.1068,466913.0,2026-08-17 19:59:59.999000+00:00,1
2026-08-17 20:00:00+00:00,0.1068,0.1071,0.1056,0.1061,387907.0,2026-08-17 23:59:59.999000+00:00,1
2026-08-18 00:00:00+00:00,0.1061,0.1061,0.0976,0.0998,4180169.0,2026-08-18 03:59:59.999000+00:00,1
2026-08-18 04:00:00+00:00,0.0997,0.1021,0.0993,0.1017,1437917.0,2026-08-18 07:59:59.999000+00:00,1
2026-08-18 08:00:00+00:00,0.1017,0.1017,0.0996,0.1,807793.0,2026-08-18 11:59:59.999000+00:00,1
2026-08-18 12:00:00+00:00,0.1,0.101,0.0995,0.1001,1001389.0,2026-08-18 15:59:59.999000+00:00,1
2026-08-18 16:00:00+00:00,0.1001,0.1003,0.0983,0.099,939060.0,2026-08-18 19:59:59.999000+00:00,1
2026-08-18 20:00:00+00:00,0.099,0.1004,0.0985,0.0998,788730.0,2026-08-18 23:59:59.999000+00:00,1
2026-08-19 00:00:00+00:00,0.0999,0.1,0.0942,0.0966,2353892.0,2026-08-19 03:59:59.999000+00:00,1
2026-08-19 04:00:00+00:00,0.0966,0.0966,0.095,0.0963,1233073.0,2026-08-19 07:59:59.999000+00:00,1
2026-08-19 08:00:00+00:00,0.0963,0.0968,0.0959,0.0962,747732.0,2026-08-19 11:59:59.999000+00:00,1
2026-08-19 12:00:00+00:00,0.0962,0.0999,0.0947,0.0979,2818290.0,2026-08-19 15:59:59.999000+00:00,1
2026-08-19 16:00:00+00:00,0.098,0.1011,0.0979,0.1006,2164467.0,2026-08-19 19:59:59.999000+00:00,1
2026-08-19 20:00:00+00:00,0.1007,0.1059,0.0997,0.103,3251710.0,2026-08-19 23:59:59.999000+00:00,1
2026-08-20 00:00:00+00:00,0.1031,0.1051,0.1021,0.1026,1679627.0,2026-08-20 03:59:59.999000+00:00,1
2026-08-20 04:00:00+00:00,0.1025,0.104,0.1021,0.1031,739892.0,2026-08-20 07:59:59.999000+00:00,1
2026-08-20 08:00:00+00:00,0.1032,0.1066,0.0999,0.106,3245300.0,2026-08-20 11:59:59.999000+00:00,1
2026-08-20 12:00:00+00:00,0.1061,0.1108,0.1051,0.1108,2121894.0,2026-08-20 15:59:59.999000+00:00,1
2026-08-20 16:00:00+00:00,0.1107,0.1128,0.1079,0.1094,2157550.0,2026-08-20 19:59:59.999000+00:00,1
2026-08-20 20:00:00+00:00,0.1095,0.1111,0.1088,0.109,792900.0,2026-08-20 23:59:59.999000+00:00,1
2026-08-21 00:00:00+00:00,0.109,0.114,0.109,0.1118,2237584.0,2026-08-21 03:59:59.999000+00:00,1
2026-08-21 04:00:00+00:00,0.1119,0.1159,0.1115,0.1157,2018133.0,2026-08-21 07:59:59.999000+00:00,1
2026-08-21 08:00:00+00:00,0.1158,0.1255,0.1156,0.1225,8685771.0,2026-08-21 11:59:59.999000+00:00,1
2026-08-21 12:00:00+00:00,0.1226,0.128,0.1224,0.1262,5866550.0,2026-08-21 15:59:59.999000+00:00,1
2026-08-21 16:00:00+00:00,0.1263,0.1267,0.1176,0.1189,4909063.0,2026-08-21 19:59:59.999000+00:00,1
2026-08-21 20:00:00+00:00,0.1188,0.1248,0.1184,0.1236,2139809.0,2026-08-21 23:59:59.999000+00:00,1
2026-08-22 00:00:00+00:00,0.1236,0.1323,0.1227,0.1313,2686598.0,2026-08-22 03:59:59.999000+00:00,1
2026-08-22 04:00:00+00:00,0.1314,0.1336,0.1148,0.1244,5554479.0,2026-08-22 07:59:59.999000+00:00,1
2026-08-22 08:00:00+00:00,0.1244,0.1257,0.1186,0.121,2563826.0,2026-08-22 11:59:59.999000+00:00,1
2026-08-22 12:00:00+00:00,0.121,0.1227,0.1192,0.1207,1799916.0,2026-08-22 15:59:59.999000+00:00,1
2026-08-22 16:00:00+00:00,0.1208,0.1247,0.1203,0.1243,1077980.0,2026-08-22 19:59:59.999000+00:00,1
2026-08-22 20:00:00+00:00,0.1242,0.1247,0.1209,0.1228,1015485.0,2026-08-22 23:59:59.999000+00:00,1
2026-08-23 00:00:00+00:00,0.1228,0.1246,0.1168,0.1176,1505525.0,2026-08-23 03:59:59.999000+00:00,1
2026-08-23 04:00:00+00:00,0.1175,0.1186,0.1145,0.1182,1208348.0,2026-08-23 07:59:59.999000+00:00,1
2026-08-23 08:00:00+00:00,0.1181,0.1274,0.118,0.1265,1109385.0,2026-08-23 11:59:59.999000+00:00,1
2026-08-23 12:00:00+00:00,0.1265,0.1314,0.1243,0.1293,2160217.0,2026-08-23 15:59:59.999000+00:00,1
2026-08-23 16:00:00+00:00,0.1295,0.135,0.1289,0.1323,2247417.0,2026-08-23 19:59:59.999000+00:00,1
2026-08-23 20:00:00+00:00,0.1321,0.136,0.1312,0.1348,1097355.0,2026-08-23 23:59:59.999000+00:00,1
2026-08-24 00:00:00+00:00,0.1347,0.1359,0.12665,0.1287,2754373.0,2026-08-24 03:59:59.999000+00:00,1
2026-08-24 04:00:00+00:00,0.12878,0.12945,0.12644,0.1276,1187567.0,2026-08-24 07:59:59.999000+00:00,1
2026-08-24 08:00:00+00:00,0.1275,0.13114,0.1263,0.1309,1258485.0,2026-08-24 11:59:59.999000+00:00,1
2026-08-24 12:00:00+00:00,0.13088,0.13361,0.1281,0.13153,2694376.0,2026-08-24 15:59:59.999000+00:00,1
2026-08-24 16:00:00+00:00,0.13166,0.13487,0.12949,0.13087,2316146.0,2026-08-24 19:59:59.999000+00:00,1
2026-08-24 20:00:00+00:00,0.13093,0.1337,0.13016,0.13069,1096765.0,2026-08-24 23:59:59.999000+00:00,1
2026-08-25 00:00:00+00:00,0.13063,0.1348,0.13015,0.13247,1202632.0,2026-08-25 03:59:59.999000+00:00,1
2026-08-25 04:00:00+00:00,0.1325,0.13523,0.1305,0.1315,1057669.0,2026-08-25 07:59:59.999000+00:00,1
2026-08-25 08:00:00+00:00,0.13158,0.13569,0.13023,0.13031,1402150.0,2026-08-25 11:59:59.999000+00:00,1
2026-08-25 12:00:00+00:00,0.1303,0.13094,0.12689,0.1302,1950041.0,2026-08-25 15:59:59.999000+00:00,1
2026-08-25 16:00:00+00:00,0.13027,0.13099,0.12847,0.1291,1094847.0,2026-08-25 19:59:59.999000+00:00,1
2026-08-25 20:00:00+00:00,0.12901,0.12927,0.1245,0.12776,1290834.0,2026-08-25 23:59:59.999000+00:00,1
2026-08-26 00:00:00+00:00,0.12777,0.13098,0.12682,0.1278,2071140.0,2026-08-26 03:59:59.999000+00:00,1
2026-08-26 04:00:00+00:00,0.12776,0.12786,0.1254,0.12603,269206.0,2026-08-26 07:59:59.999000+00:00,1
2026-08-26 08:00:00+00:00,0.12602,0.12691,0.12399,0.12485,696712.0,2026-08-26 11:59:59.999000+00:00,1
2026-08-26 12:00:00+00:00,0.12486,0.12613,0.12187,0.12409,2421859.0,2026-08-26 15:59:59.999000+00:00,1
2026-08-26 16:00:00+00:00,0.12405,0.12585,0.12245,0.1255,1042249.0,2026-08-26 19:59:59.999000+00:00,1
2026-08-26 20:00:00+00:00,0.12542,0.1309,0.1242,0.13038,1480933.0,2026-08-26 23:59:59.999000+00:00,1
2026-08-27 00:00:00+00:00,0.13035,0.13176,0.12956,0.1305,964356.0,2026-08-27 03:59:59.999000+00:00,1
2026-08-27 04:00:00+00:00,0.13052,0.1322,0.12841,0.13034,847299.0,2026-08-27 07:59:59.999000+00:00,1
2026-08-27 08:00:00+00:00,0.13035,0.13557,0.12975,0.1309,1384770.0,2026-08-27 11:59:59.999000+00:00,1
2026-08-27 12:00:00+00:00,0.1309,0.13317,0.13009,0.13181,981734.0,2026-08-27 15:59:59.999000+00:00,1
2026-08-27 16:00:00+00:00,0.13181,0.13275,0.12894,0.1299,866671.0,2026-08-27 19:59:59.999000+00:00,1
2026-08-27 20:00:00+00:00,0.12983,0.13109,0.12909,0.13029,373351.0,2026-08-27 23:59:59.999000+00:00,1
2026-08-28 00:00:00+00:00,0.13031,0.1338,0.12769,0.12842,866745.0,2026-08-28 03:59:59.999000+00:00,1
2026-08-28 04:00:00+00:00,0.12836,0.1287,0.12729,0.12777,453059.0,2026-08-28 07:59:59.999000+00:00,1
2026-08-28 08:00:00+00:00,0.12782,0.12965,0.12672,0.12919,748171.0,2026-08-28 11:59:59.999000+00:00,1
2026-08-28 12:00:00+00:00,0.12919,0.13056,0.1261,0.12641,1503923.0,2026-08-28 15:59:59.999000+00:00,1
2026-08-28 16:00:00+00:00,0.12642,0.1269,0.1232,0.12562,1370041.0,2026-08-28 19:59:59.999000+00:00,1
2026-08-28 20:00:00+00:00,0.12561,0.12805,0.12531,0.12799,611743.0,2026-08-28 23:59:59.999000+00:00,1
2026-08-29 00:00:00+00:00,0.12797,0.13193,0.12787,0.12974,898479.0,2026-08-29 03:59:59.999000+00:00,1
2026-08-29 04:00:00+00:00,0.12975,0.1302,0.12599,0.1266,1309129.0,2026-08-29 07:59:59.999000+00:00,1
2026-08-29 08:00:00+00:00,0.12653,0.12672,0.12529,0.12535,559949.0,2026-08-29 11:59:59.999000+00:00,1
2026-08-29 12:00:00+00:00,0.12535,0.1281,0.12526,0.12753,607692.0,2026-08-29 15:59:59.999000+00:00,1
2026-08-29 16:00:00+00:00,0.12761,0.12853,0.1269,0.12807,428530.0,2026-08-29 19:59:59.999000+00:00,1
2026-08-29 20:00:00+00:00,0.1281,0.13039,0.12739,0.12862,574376.0,2026-08-29 23:59:59.999000+00:00,1
2026-08-30 00:00:00+00:00,0.12862,0.13163,0.12751,0.12768,1861693.0,2026-08-30 03:59:59.999000+00:00,1
2026-08-30 04:00:00+00:00,0.12768,0.1277,0.12588,0.12624,730367.0,2026-08-30 07:59:59.999000+00:00,1
2026-08-30 08:00:00+00:00,0.12623,0.12787,0.12614,0.12777,235675.0,2026-08-30 11:59:59.999000+00:00,1
2026-08-30 12:00:00+00:00,0.12778,0.12892,0.1274,0.1277,375694.0,2026-08-30 15:59:59.999000+00:00,1
2026-08-30 16:00:00+00:00,0.12767,0.12945,0.12743,0.12773,462480.0,2026-08-30 19:59:59.999000+00:00,1
2026-08-30 20:00:00+00:00,0.12771,0.128,0.12037,0.12241,1039002.0,2026-08-30 23:59:59.999000+00:00,1
2026-08-31 00:00:00+00:00,0.12231,0.12703,0.12158,0.1263,542513.0,2026-08-31 03:59:59.999000+00:00,1
2026-08-31 04:00:00+00:00,0.1263,0.12884,0.12563,0.12614,495872.0,2026-08-31 07:59:59.999000+00:00,1
2026-08-31 08:00:00+00:00,0.12616,0.12658,0.12485,0.12531,446333.0,2026-08-31 11:59:59.999000+00:00,1
2026-08-31 12:00:00+00:00,0.12531,0.12552,0.12287,0.12379,631868.0,2026-08-31 15:59:59.999000+00:00,1
2026-08-31 16:00:00+00:00,0.12379,0.12479,0.12318,0.12414,455723.0,2026-08-31 19:59:59.999000+00:00,1
2026-08-31 20:00:00+00:00,0.12411,0.12541,0.1237,0.12454,465495.0,2026-08-31 23:59:59.999000+00:00,1
2026-09-01 00:00:00+00:00,0.12453,0.12607,0.12438,0.12559,504946.0,2026-09-01 03:59:59.999000+00:00,1
2026-09-01 04:00:00+00:00,0.1256,0.12618,0.12441,0.1247,490821.0,2026-09-01 07:59:59.999000+00:00,1
2026-09-01 08:00:00+00:00,0.12465,0.12469,0.12095,0.1239,1039685.0,2026-09-01 11:59:59.999000+00:00,1
2026-09-01 12:00:00+00:00,0.12386,0.12743,0.1233,0.1258,1124306.0,2026-09-01 15:59:59.999000+00:00,1
2026-09-01 16:00:00+00:00,0.12575,0.12607,0.12268,0.1243,924780.0,2026-09-01 19:59:59.999000+00:00,1
2026-09-01 20:00:00+00:00,0.1244,0.12503,0.123,0.12499,369815.0,2026-09-01 23:59:59.999000+00:00,1
2026-09-02 00:00:00+00:00,0.12499,0.12533,0.12235,0.12407,580504.0,2026-09-02 03:59:59.999000+00:00,1
2026-09-02 04:00:00+00:00,0.12402,0.1258,0.1236,0.12395,368397.0,2026-09-02 07:59:59.999000+00:00,1
2026-09-02 08:00:00+00:00,0.12389,0.12416,0.11991,0.12286,1712551.0,2026-09-02 11:59:59.999000+00:00,1
2026-09-02 12:00:00+00:00,0.12285,0.12438,0.12163,0.12222,762737.0,2026-09-02 15:59:59.999000+00:00,1
2026-09-02 16:00:00+00:00,0.12224,0.1237,0.12175,0.1229,584618.0,2026-09-02 19:59:59.999000+00:00,1
2026-09-02 20:00:00+00:00,0.12292,0.12393,0.12184,0.12352,818663.0,2026-09-02 23:59:59.999000+00:00,1
2026-09-03 00:00:00+00:00,0.1235,0.12545,0.12234,0.12435,486430.0,2026-09-03 03:59:59.999000+00:00,1
2026-09-03 04:00:00+00:00,0.12436,0.12718,0.12282,0.12577,1152128.0,2026-09-03 07:59:59.999000+00:00,1
2026-09-03 08:00:00+00:00,0.12596,0.12808,0.12565,0.12706,1006190.0,2026-09-03 11:59:59.999000+00:00,1
2026-09-03 12:00:00+00:00,0.12707,0.12903,0.12528,0.12891,1101206.0,2026-09-03 15:59:59.999000+00:00,1
2026-09-03 16:00:00+00:00,0.12899,0.12912,0.12676,0.12766,883015.0,2026-09-03 19:59:59.999000+00:00,1
2026-09-03 20:00:00+00:00,0.1275,0.1278,0.12472,0.12555,1009264.0,2026-09-03 23:59:59.999000+00:00,1
2026-09-04 00:00:00+00:00,0.1255,0.12636,0.12469,0.12544,507389.0,2026-09-04 03:59:59.999000+00:00,1
2026-09-04 04:00:00+00:00,0.12539,0.12618,0.12367,0.12433,511511.0,2026-09-04 07:59:59.999000+00:00,1
2026-09-04 08:00:00+00:00,0.12433,0.12678,0.12422,0.12568,874538.0,2026-09-04 11:59:59.999000+00:00,1
2026-09-04 12:00:00+00:00,0.1257,0.12658,0.12105,0.12351,1757395.0,2026-09-04 15:59:59.999000+00:00,1
2026-09-04 16:00:00+00:00,0.12349,0.12524,0.1233,0.1247,410010.0,2026-09-04 19:59:59.999000+00:00,1
2026-09-04 20:00:00+00:00,0.12478,0.1249,0.12339,0.12412,257836.0,2026-09-04 23:59:59.999000+00:00,1
2026-09-05 00:00:00+00:00,0.12411,0.12471,0.12396,0.12424,360277.0,2026-09-05 03:59:59.999000+00:00,1
2026-09-05 04:00:00+00:00,0.1242,0.12588,0.12383,0.12517,336914.0,2026-09-05 07:59:59.999000+00:00,1
2026-09-05 08:00:00+00:00,0.12519,0.12607,0.12472,0.12514,415498.0,2026-09-05 11:59:59.999000+00:00,1
2026-09-05 12:00:00+00:00,0.12519,0.12671,0.12482,0.12513,477772.0,2026-09-05 15:59:59.999000+00:00,1
2026-09-05 16:00:00+00:00,0.12521,0.12595,0.1249,0.12544,417237.0,2026-09-05 19:59:59.999000+00:00,1
2026-09-05 20:00:00+00:00,0.12546,0.12849,0.12519,0.12834,853677.0,2026-09-05 23:59:59.999000+00:00,1
2026-09-06 00:00:00+00:00,0.1284,0.13531,0.1284,0.13479,2079372.0,2026-09-06 03:59:59.999000+00:00,1
2026-09-06 04:00:00+00:00,0.13479,0.13635,0.13278,0.13396,1600295.0,2026-09-06 07:59:59.999000+00:00,1
2026-09-06 08:00:00+00:00,0.13399,0.13617,0.13252,0.13575,1051669.0,2026-09-06 11:59:59.999000+00:00,1
2026-09-06 12:00:00+00:00,0.13575,0.13746,0.12962,0.13373,2178538.0,2026-09-06 15:59:59.999000+00:00,1
2026-09-06 16:00:00+00:00,0.13371,0.13375,0.13013,0.13024,366866.0,2026-09-06 19:59:59.999000+00:00,1
2026-09-06 20:00:00+00:00,0.13027,0.13239,0.13007,0.13218,489576.0,2026-09-06 23:59:59.999000+00:00,1
2026-09-07 00:00:00+00:00,0.13222,0.13432,0.13134,0.13244,836740.0,2026-09-07 03:59:59.999000+00:00,1
2026-09-07 04:00:00+00:00,0.13242,0.13288,0.1297,0.13073,754632.0,2026-09-07 07:59:59.999000+00:00,1
2026-09-07 08:00:00+00:00,0.1307,0.13325,0.13061,0.1331,685430.0,2026-09-07 11:59:59.999000+00:00,1
2026-09-07 12:00:00+00:00,0.13311,0.13845,0.13249,0.13309,2667152.0,2026-09-07 15:59:59.999000+00:00,1
2026-09-07 16:00:00+00:00,0.13317,0.13486,0.13248,0.13352,736930.0,2026-09-07 19:59:59.999000+00:00,1
2026-09-07 20:00:00+00:00,0.13352,0.13424,0.13022,0.1324,1685123.0,2026-09-07 23:59:59.999000+00:00,1
2026-09-08 00:00:00+00:00,0.1324,0.13462,0.13233,0.13357,635616.0,2026-09-08 03:59:59.999000+00:00,1
2026-09-08 04:00:00+00:00,0.13353,0.13683,0.13203,0.13271,919129.0,2026-09-08 07:59:59.999000+00:00,1
2026-09-08 08:00:00+00:00,0.1327,0.13453,0.13152,0.132,497688.0,2026-09-08 11:59:59.999000+00:00,1
2026-09-08 12:00:00+00:00,0.13197,0.13438,0.12933,0.13426,1094837.0,2026-09-08 15:59:59.999000+00:00,1
2026-09-08 16:00:00+00:00,0.1343,0.13433,0.1304,0.13092,748580.0,2026-09-08 19:59:59.999000+00:00,1
2026-09-08 20:00:00+00:00,0.1309,0.13237,0.1306,0.13184,520597.0,2026-09-08 23:59:59.999000+00:00,1
2026-09-09 00:00:00+00:00,0.13189,0.13274,0.1298,0.12988,440619.0,2026-09-09 03:59:59.999000+00:00,1
2026-09-09 04:00:00+00:00,0.12988,0.13243,0.12984,0.13194,610163.0,2026-09-09 07:59:59.999000+00:00,1
2026-09-09 08:00:00+00:00,0.13198,0.13303,0.12973,0.13139,897295.0,2026-09-09 11:59:59.999000+00:00,1
2026-09-09 12:00:00+00:00,0.1314,0.13226,0.12624,0.12854,1694367.0,2026-09-09 15:59:59.999000+00:00,1
2026-09-09 16:00:00+00:00,0.12861,0.13007,0.1274,0.1275,702821.0,2026-09-09 19:59:59.999000+00:00,1
2026-09-09 20:00:00+00:00,0.12749,0.12833,0.12305,0.12628,1018497.0,2026-09-09 23:59:59.999000+00:00,1
2026-09-10 00:00:00+00:00,0.12622,0.12671,0.1237,0.12569,1114772.0,2026-09-10 03:59:59.999000+00:00,1
2026-09-10 04:00:00+00:00,0.12564,0.12577,0.12364,0.12411,713810.0,2026-09-10 07:59:59.999000+00:00,1
2026-09-10 08:00:00+00:00,0.12401,0.12451,0.12256,0.12343,897419.0,2026-09-10 11:59:59.999000+00:00,1
2026-09-10 12:00:00+00:00,0.12345,0.12505,0.12095,0.12224,1448188.0,2026-09-10 15:59:59.999000+00:00,1
2026-09-10 16:00:00+00:00,0.12227,0.1229,0.11993,0.12155,788684.0,2026-09-10 19:59:59.999000+00:00,1
2026-09-10 20:00:00+00:00,0.12154,0.12236,0.11836,0.11855,702830.0,2026-09-10 23:59:59.999000+00:00,1
2026-09-11 00:00:00+00:00,0.11854,0.12015,0.11823,0.11933,841683.0,2026-09-11 03:59:59.999000+00:00,1
2026-09-11 04:00:00+00:00,0.11938,0.12056,0.11922,0.11947,485607.0,2026-09-11 07:59:59.999000+00:00,1
2026-09-11 08:00:00+00:00,0.11953,0.12043,0.11652,0.11814,792974.0,2026-09-11 11:59:59.999000+00:00,1
2026-09-11 12:00:00+00:00,0.11819,0.12558,0.11651,0.12217,2249907.0,2026-09-11 15:59:59.999000+00:00,1
2026-09-11 16:00:00+00:00,0.1221,0.12344,0.11968,0.12115,862776.0,2026-09-11 19:59:59.999000+00:00,1
2026-09-11 20:00:00+00:00,0.1211,0.12189,0.11959,0.12101,419454.0,2026-09-11 23:59:59.999000+00:00,1
2026-09-12 00:00:00+00:00,0.12098,0.12221,0.12029,0.12186,428752.0,2026-09-12 03:59:59.999000+00:00,1
2026-09-12 04:00:00+00:00,0.12184,0.12343,0.12154,0.12271,678624.0,2026-09-12 07:59:59.999000+00:00,1
2026-09-12 08:00:00+00:00,0.12271,0.12386,0.12243,0.12334,405896.0,2026-09-12 11:59:59.999000+00:00,1
2026-09-12 12:00:00+00:00,0.12332,0.12381,0.12194,0.12269,610401.0,2026-09-12 15:59:59.999000+00:00,1
2026-09-12 16:00:00+00:00,0.12269,0.12305,0.12092,0.12121,453746.0,2026-09-12 19:59:59.999000+00:00,1
2026-09-12 20:00:00+00:00,0.12111,0.1217,0.12052,0.12149,405786.0,2026-09-12 23:59:59.999000+00:00,1
2026-09-13 00:00:00+00:00,0.12149,0.12734,0.12142,0.12554,1701271.0,2026-09-13 03:59:59.999000+00:00,1
2026-09-13 04:00:00+00:00,0.12561,0.12717,0.12482,0.12484,782031.0,2026-09-13 07:59:59.999000+00:00,1
2026-09-13 08:00:00+00:00,0.1248,0.1252,0.12185,0.12244,1135192.0,2026-09-13 11:59:59.999000+00:00,1
2026-09-13 12:00:00+00:00,0.12248,0.12611,0.12198,0.12359,1167332.0,2026-09-13 15:59:59.999000+00:00,1
2026-09-13 16:00:00+00:00,0.12348,0.12558,0.12342,0.124,428331.0,2026-09-13 19:59:59.999000+00:00,1
2026-09-13 20:00:00+00:00,0.124,0.1247,0.12001,0.1215,929235.0,2026-09-13 23:59:59.999000+00:00,1
2026-09-14 00:00:00+00:00,0.12145,0.12425,0.12102,0.12372,912032.0,2026-09-14 03:59:59.999000+00:00,1
2026-09-14 04:00:00+00:00,0.12364,0.12494,0.12305,0.12356,462119.0,2026-09-14 07:59:59.999000+00:00,1
2026-09-14 08:00:00+00:00,0.12358,0.12494,0.12312,0.1238,565717.0,2026-09-14 11:59:59.999000+00:00,1
2026-09-14 12:00:00+00:00,0.1238,0.1238,0.12154,0.12237,780925.0,2026-09-14 15:59:59.999000+00:00,1
2026-09-14 16:00:00+00:00,0.12233,0.12486,0.1221,0.12382,688348.0,2026-09-14 19:59:59.999000+00:00,1
2026-09-14 20:00:00+00:00,0.12382,0.12535,0.12322,0.12358,577279.0,2026-09-14 23:59:59.999000+00:00,1
2026-09-15 00:00:00+00:00,0.12354,0.1247,0.12331,0.12331,554150.0,2026-09-15 03:59:59.999000+00:00,1
2026-09-15 04:00:00+00:00,0.12337,0.12483,0.12247,0.12262,1349843.0,2026-09-15 07:59:59.999000+00:00,1
2026-09-15 08:00:00+00:00,0.1226,0.12276,0.12083,0.12194,876453.0,2026-09-15 11:59:59.999000+00:00,1
2026-09-15 12:00:00+00:00,0.12194,0.12291,0.11919,0.12183,1440178.0,2026-09-15 15:59:59.999000+00:00,1
2026-09-15 16:00:00+00:00,0.12187,0.125,0.1174,0.12078,1997907.0,2026-09-15 19:59:59.999000+00:00,1
2026-09-15 20:00:00+00:00,0.12079,0.12113,0.11781,0.11881,568230.0,2026-09-15 23:59:59.999000+00:00,1
2026-09-16 00:00:00+00:00,0.11882,0.11891,0.11554,0.11743,855844.0,2026-09-16 03:59:59.999000+00:00,1
2026-09-16 04:00:00+00:00,0.11747,0.1179,0.11626,0.11655,493236.0,2026-09-16 07:59:59.999000+00:00,1
2026-09-16 08:00:00+00:00,0.11652,0.11769,0.11553,0.11709,590640.0,2026-09-16 11:59:59.999000+00:00,1
2026-09-16 12:00:00+00:00,0.11714,0.11727,0.11498,0.1154,699036.0,2026-09-16 15:59:59.999000+00:00,1
2026-09-16 16:00:00+00:00,0.11541,0.11817,0.11426,0.11692,1889285.0,2026-09-16 19:59:59.999000+00:00,1
2026-09-16 20:00:00+00:00,0.1169,0.11986,0.11668,0.11966,564938.0,2026-09-16 23:59:59.999000+00:00,1
2026-09-17 00:00:00+00:00,0.11968,0.11991,0.11817,0.11937,568354.0,2026-09-17 03:59:59.999000+00:00,1
2026-09-17 04:00:00+00:00,0.11937,0.12118,0.11887,0.1202,659775.0,2026-09-17 07:59:59.999000+00:00,1
2026-09-17 08:00:00+00:00,0.12027,0.12073,0.11802,0.11864,838936.0,2026-09-17 11:59:59.999000+00:00,1
2026-09-17 12:00:00+00:00,0.11864,0.1215,0.11816,0.12087,1030386.0,2026-09-17 15:59:59.999000+00:00,1
2026-09-17 16:00:00+00:00,0.121,0.12258,0.12058,0.1208,486747.0,2026-09-17 19:59:59.999000+00:00,1
2026-09-17 20:00:00+00:00,0.12079,0.12174,0.12004,0.12096,620763.0,2026-09-17 23:59:59.999000+00:00,1
2026-09-18 00:00:00+00:00,0.12097,0.12749,0.12013,0.12653,1228110.0,2026-09-18 03:59:59.999000+00:00,1
2026-09-18 04:00:00+00:00,0.12664,0.12931,0.12506,0.12827,1211591.0,2026-09-18 07:59:59.999000+00:00,1
2026-09-18 08:00:00+00:00,0.1283,0.12951,0.12684,0.12832,1311140.0,2026-09-18 11:59:59.999000+00:00,1
2026-09-18 12:00:00+00:00,0.12834,0.12991,0.12713,0.12919,1552647.0,2026-09-18 15:59:59.999000+00:00,1
2026-09-18 16:00:00+00:00,0.12919,0.13079,0.12871,0.12972,982561.0,2026-09-18 19:59:59.999000+00:00,1
2026-09-18 20:00:00+00:00,0.12974,0.13202,0.12951,0.13162,778415.0,2026-09-18 23:59:59.999000+00:00,1
2026-09-19 00:00:00+00:00,0.13151,0.1354,0.13082,0.13433,1174755.0,2026-09-19 03:59:59.999000+00:00,1
2026-09-19 04:00:00+00:00,0.13434,0.13469,0.13004,0.13085,1033300.0,2026-09-19 07:59:59.999000+00:00,1
2026-09-19 08:00:00+00:00,0.13088,0.14236,0.13048,0.14033,3123265.0,2026-09-19 11:59:59.999000+00:00,1
2026-09-19 12:00:00+00:00,0.14018,0.14286,0.13833,0.14247,2081130.0,2026-09-19 15:59:59.999000+00:00,1
2026-09-19 16:00:00+00:00,0.14248,0.14407,0.14095,0.14231,1525398.0,2026-09-19 19:59:59.999000+00:00,1
2026-09-19 20:00:00+00:00,0.1423,0.14497,0.14033,0.14272,1250605.0,2026-09-19 23:59:59.999000+00:00,1
2026-09-20 00:00:00+00:00,0.1427,0.1444,0.13528,0.13761,2299375.0,2026-09-20 03:59:59.999000+00:00,1
2026-09-20 04:00:00+00:00,0.13763,0.13797,0.13573,0.13632,1158100.0,2026-09-20 07:59:59.999000+00:00,1
2026-09-20 08:00:00+00:00,0.13625,0.13732,0.13352,0.13536,975123.0,2026-09-20 11:59:59.999000+00:00,1
2026-09-20 12:00:00+00:00,0.13535,0.13734,0.13352,0.13734,852885.0,2026-09-20 15:59:59.999000+00:00,1
2026-09-20 16:00:00+00:00,0.1374,0.14235,0.13654,0.14115,830210.0,2026-09-20 19:59:59.999000+00:00,1
2026-09-20 20:00:00+00:00,0.14125,0.14269,0.13897,0.1399,872518.0,2026-09-20 23:59:59.999000+00:00,1
2026-09-21 00:00:00+00:00,0.13999,0.14439,0.13778,0.14183,2044809.0,2026-09-21 03:59:59.999000+00:00,1
2026-09-21 04:00:00+00:00,0.1418,0.14431,0.1405,0.14378,1632880.0,2026-09-21 07:59:59.999000+00:00,1
2026-09-21 08:00:00+00:00,0.14372,0.1569,0.14253,0.15141,3124133.0,2026-09-21 11:59:59.999000+00:00,1
2026-09-21 12:00:00+00:00,0.15139,0.15385,0.14782,0.1488,1982937.0,2026-09-21 15:59:59.999000+00:00,1
2026-09-21 16:00:00+00:00,0.14878,0.15153,0.14833,0.1504,1369622.0,2026-09-21 19:59:59.999000+00:00,1
2026-09-21 20:00:00+00:00,0.1504,0.15125,0.14912,0.15109,1060211.0,2026-09-21 23:59:59.999000+00:00,1
2026-09-22 00:00:00+00:00,0.15106,0.15284,0.14926,0.15053,1496149.0,2026-09-22 03:59:59.999000+00:00,1
2026-09-22 04:00:00+00:00,0.15047,0.1512,0.1469,0.15001,1080933.0,2026-09-22 07:59:59.999000+00:00,1
2026-09-22 08:00:00+00:00,0.14996,0.15214,0.1477,0.1496,957483.0,2026-09-22 11:59:59.999000+00:00,1
2026-09-22 12:00:00+00:00,0.14947,0.15331,0.14773,0.15085,1393251.0,2026-09-22 15:59:59.999000+00:00,1
2026-09-22 16:00:00+00:00,0.15088,0.15312,0.14987,0.15055,1117313.0,2026-09-22 19:59:59.999000+00:00,1
2026-09-22 20:00:00+00:00,0.15061,0.15492,0.14952,0.15438,740080.0,2026-09-22 23:59:59.999000+00:00,1
2026-09-23 00:00:00+00:00,0.1545,0.15549,0.15125,0.15543,1393353.0,2026-09-23 03:59:59.999000+00:00,1
2026-09-23 04:00:00+00:00,0.15543,0.15769,0.15385,0.15582,1197998.0,2026-09-23 07:59:59.999000+00:00,1
2026-09-23 08:00:00+00:00,0.15596,0.15846,0.15141,0.15242,1668974.0,2026-09-23 11:59:59.999000+00:00,1
2026-09-23 12:00:00+00:00,0.15242,0.1532,0.14275,0.14402,2681139.0,2026-09-23 15:59:59.999000+00:00,1
2026-09-23 16:00:00+00:00,0.144,0.14682,0.14121,0.14383,1286447.0,2026-09-23 19:59:59.999000+00:00,1
2026-09-23 20:00:00+00:00,0.1439,0.14599,0.14306,0.14517,618713.0,2026-09-23 23:59:59.999000+00:00,1
2026-09-24 00:00:00+00:00,0.1452,0.15137,0.14467,0.1486,2225290.0,2026-09-24 03:59:59.999000+00:00,1
2026-09-24 04:00:00+00:00,0.1486,0.15002,0.14706,0.1496,1149793.0,2026-09-24 07:59:59.999000+00:00,1
2026-09-24 08:00:00+00:00,0.1496,0.15007,0.14386,0.14678,1312854.0,2026-09-24 11:59:59.999000+00:00,1
2026-09-24 12:00:00+00:00,0.14667,0.15575,0.14588,0.15313,2079627.0,2026-09-24 15:59:59.999000+00:00,1
2026-09-24 16:00:00+00:00,0.15312,0.15561,0.15133,0.15275,1544831.0,2026-09-24 19:59:59.999000+00:00,1
2026-09-24 20:00:00+00:00,0.1527,0.15382,0.1507,0.15174,671106.0,2026-09-24 23:59:59.999000+00:00,1
2026-09-25 00:00:00+00:00,0.15174,0.15389,0.14969,0.15108,852104.0,2026-09-25 03:59:59.999000+00:00,1
2026-09-25 04:00:00+00:00,0.151,0.15442,0.15053,0.15432,925642.0,2026-09-25 07:59:59.999000+00:00,1
2026-09-25 08:00:00+00:00,0.15434,0.16126,0.15432,0.16008,1943807.0,2026-09-25 11:59:59.999000+00:00,1
2026-09-25 12:00:00+00:00,0.16,0.16249,0.15555,0.15806,2932247.0,2026-09-25 15:59:59.999000+00:00,1
2026-09-25 16:00:00+00:00,0.15806,0.16177,0.15779,0.16097,1687683.0,2026-09-25 19:59:59.999000+00:00,0
