ts,open,high,low,close,volume,close_time,confirm
2026-03-27 00:00:00+00:00,2.948,2.975,2.946,2.966,435401.0,2026-03-27 03:59:59.999000+00:00,1
2026-03-27 04:00:00+00:00,2.966,2.985,2.947,2.985,389687.0,2026-03-27 07:59:59.999000+00:00,1
2026-03-27 08:00:00+00:00,2.984,2.987,2.856,2.887,2449660.0,2026-03-27 11:59:59.999000+00:00,1
2026-03-27 12:00:00+00:00,2.888,2.913,2.866,2.889,1841420.0,2026-03-27 15:59:59.999000+00:00,1
2026-03-27 16:00:00+00:00,2.888,2.894,2.865,2.881,625253.0,2026-03-27 19:59:59.999000+00:00,1
2026-03-27 20:00:00+00:00,2.88,2.884,2.865,2.878,423318.0,2026-03-27 23:59:59.999000+00:00,1
2026-03-28 00:00:00+00:00,2.879,2.884,2.837,2.84,793963.0,2026-03-28 03:59:59.999000+00:00,1
2026-03-28 04:00:00+00:00,2.841,2.884,2.832,2.884,749828.0,2026-03-28 07:59:59.999000+00:00,1
2026-03-28 08:00:00+00:00,2.885,2.894,2.854,2.862,557032.0,2026-03-28 11:59:59.999000+00:00,1
2026-03-28 12:00:00+00:00,2.862,2.927,2.85,2.901,1384444.0,2026-03-28 15:59:59.999000+00:00,1
2026-03-28 16:00:00+00:00,2.902,2.91,2.877,2.882,462093.0,2026-03-28 19:59:59.999000+00:00,1
2026-03-28 20:00:00+00:00,2.883,2.893,2.791,2.816,1326167.0,2026-03-28 23:59:59.999000+00:00,1
2026-03-29 00:00:00+00:00,2.815,2.847,2.812,2.842,853135.0,2026-03-29 03:59:59.999000+00:00,1
2026-03-29 04:00:00+00:00,2.842,2.844,2.819,2.819,504223.0,2026-03-29 07:59:59.999000+00:00,1
2026-03-29 08:00:00+00:00,2.82,2.828,2.798,2.81,495888.0,2026-03-29 11:59:59.999000+00:00,1
2026-03-29 12:00:00+00:00,2.81,2.81,2.781,2.798,839335.0,2026-03-29 15:59:59.999000+00:00,1
2026-03-29 16:00:00+00:00,2.797,2.806,2.779,2.792,414179.0,2026-03-29 19:59:59.999000+00:00,1
2026-03-29 20:00:00+00:00,2.793,2.825,2.715,2.799,1851816.0,2026-03-29 23:59:59.999000+00:00,1
2026-03-30 00:00:00+00:00,2.799,2.883,2.796,2.872,1047601.0,2026-03-30 03:59:59.999000+00:00,1
2026-03-30 04:00:00+00:00,2.872,2.936,2.871,2.936,848033.0,2026-03-30 07:59:59.999000+00:00,1
2026-03-30 08:00:00+00:00,2.936,2.952,2.898,2.923,1068951.0,2026-03-30 11:59:59.999000+00:00,1
2026-03-30 12:00:00+00:00,2.924,2.937,2.896,2.906,901679.0,2026-03-30 15:59:59.999000+00:00,1
2026-03-30 16:00:00+00:00,2.905,2.91,2.842,2.865,1862685.0,2026-03-30 19:59:59.999000+00:00,1
2026-03-30 20:00:00+00:00,2.865,2.892,2.846,2.853,570071.0,2026-03-30 23:59:59.999000+00:00,1
2026-03-31 00:00:00+00:00,2.854,2.916,2.848,2.886,710220.0,2026-03-31 03:59:59.999000+00:00,1
2026-03-31 04:00:00+00:00,2.887,2.895,2.876,2.89,486037.0,2026-03-31 07:59:59.999000+00:00,1
2026-03-31 08:00:00+00:00,2.891,2.892,2.827,2.852,1085857.0,2026-03-31 11:59:59.999000+00:00,1
2026-03-31 12:00:00+00:00,2.853,2.897,2.84,2.847,796650.0,2026-03-31 15:59:59.999000+00:00,1
2026-03-31 16:00:00+00:00,2.847,2.912,2.846,2.89,951605.0,2026-03-31 19:59:59.999000+00:00,1
2026-03-31 20:00:00+00:00,2.89,2.9,2.86,2.877,640108.0,2026-03-31 23:59:59.999000+00:00,1
2026-04-01 00:00:00+00:00,2.878,2.884,2.848,2.869,808258.0,2026-04-01 03:59:59.999000+00:00,1
2026-04-01 04:00:00+00:00,2.869,2.935,2.859,2.929,1119557.0,2026-04-01 07:59:59.999000+00:00,1
2026-04-01 08:00:00+00:00,2.93,2.941,2.906,2.926,619427.0,2026-04-01 11:59:59.999000+00:00,1
2026-04-01 12:00:00+00:00,2.926,2.962,2.873,2.909,1672978.0,2026-04-01 15:59:59.999000+00:00,1
2026-04-01 16:00:00+00:00,2.91,2.931,2.877,2.888,721182.0,2026-04-01 19:59:59.999000+00:00,1
2026-04-01 20:00:00+00:00,2.888,2.889,2.859,2.866,619456.0,2026-04-01 23:59:59.999000+00:00,1
2026-04-02 00:00:00+00:00,2.867,2.895,2.758,2.775,1968290.0,2026-04-02 03:59:59.999000+00:00,1
2026-04-02 04:00:00+00:00,2.774,2.8,2.754,2.794,956171.0,2026-04-02 07:59:59.999000+00:00,1
2026-04-02 08:00:00+00:00,2.793,2.796,2.774,2.778,2135037.0,2026-04-02 11:59:59.999000+00:00,1
2026-04-02 12:00:00+00:00,2.778,2.802,2.741,2.772,1116708.0,2026-04-02 15:59:59.999000+00:00,1
2026-04-02 16:00:00+00:00,2.772,2.788,2.729,2.736,1542748.0,2026-04-02 19:59:59.999000+00:00,1
2026-04-02 20:00:00+00:00,2.735,2.767,2.715,2.739,1554711.0,2026-04-02 23:59:59.999000+00:00,1
2026-04-03 00:00:00+00:00,2.74,2.802,2.739,2.795,1096869.0,2026-04-03 03:59:59.999000+00:00,1
2026-04-03 04:00:00+00:00,2.795,2.831,2.783,2.82,764098.0,2026-04-03 07:59:59.999000+00:00,1
2026-04-03 08:00:00+00:00,2.82,2.833,2.81,2.825,677579.0,2026-04-03 11:59:59.999000+00:00,1
2026-04-03 12:00:00+00:00,2.825,2.847,2.792,2.794,767077.0,2026-04-03 15:59:59.999000+00:00,1
2026-04-03 16:00:00+00:00,2.793,2.806,2.775,2.792,676784.0,2026-04-03 19:59:59.999000+00:00,1
2026-04-03 20:00:00+00:00,2.793,2.812,2.781,2.79,984654.0,2026-04-03 23:59:59.999000+00:00,1
2026-04-04 00:00:00+00:00,2.789,2.797,2.772,2.785,389640.0,2026-04-04 03:59:59.999000+00:00,1
2026-04-04 04:00:00+00:00,2.784,2.804,2.78,2.803,446626.0,2026-04-04 07:59:59.999000+00:00,1
2026-04-04 08:00:00+00:00,2.804,2.814,2.788,2.81,475082.0,2026-04-04 11:59:59.999000+00:00,1
2026-04-04 12:00:00+00:00,2.809,2.817,2.784,2.803,555550.0,2026-04-04 15:59:59.999000+00:00,1
2026-04-04 16:00:00+00:00,2.804,2.836,2.796,2.82,491725.0,2026-04-04 19:59:59.999000+00:00,1
2026-04-04 20:00:00+00:00,2.819,2.82,2.804,2.809,446187.0,2026-04-04 23:59:59.999000+00:00,1
2026-04-05 00:00:00+00:00,2.81,2.812,2.787,2.792,575317.0,2026-04-05 03:59:59.999000+00:00,1
2026-04-05 04:00:00+00:00,2.792,2.795,2.744,2.761,933695.0,2026-04-05 07:59:59.999000+00:00,1
2026-04-05 08:00:00+00:00,2.76,2.783,2.758,2.773,389920.0,2026-04-05 11:59:59.999000+00:00,1
2026-04-05 12:00:00+00:00,2.773,2.792,2.745,2.767,812787.0,2026-04-05 15:59:59.999000+00:00,1
2026-04-05 16:00:00+00:00,2.766,2.776,2.76,2.77,374656.0,2026-04-05 19:59:59.999000+00:00,1
2026-04-05 20:00:00+00:00,2.771,2.825,2.755,2.822,848115.0,2026-04-05 23:59:59.999000+00:00,1
2026-04-06 00:00:00+00:00,2.823,2.893,2.823,2.878,1535309.0,2026-04-06 03:59:59.999000+00:00,1
2026-04-06 04:00:00+00:00,2.879,2.888,2.857,2.881,645568.0,2026-04-06 07:59:59.999000+00:00,1
2026-04-06 08:00:00+00:00,2.882,2.945,2.879,2.942,1921572.0,2026-04-06 11:59:59.999000+00:00,1
2026-04-06 12:00:00+00:00,2.942,2.973,2.919,2.943,2300984.0,2026-04-06 15:59:59.999000+00:00,1
2026-04-06 16:00:00+00:00,2.943,2.945,2.899,2.909,722186.0,2026-04-06 19:59:59.999000+00:00,1
2026-04-06 20:00:00+00:00,2.909,2.91,2.83,2.843,1520561.0,2026-04-06 23:59:59.999000+00:00,1
2026-04-07 00:00:00+00:00,2.843,2.858,2.804,2.837,1577750.0,2026-04-07 03:59:59.999000+00:00,1
2026-04-07 04:00:00+00:00,2.838,2.872,2.829,2.864,647279.0,2026-04-07 07:59:59.999000+00:00,1
2026-04-07 08:00:00+00:00,2.864,2.884,2.828,2.835,1549667.0,2026-04-07 11:59:59.999000+00:00,1
2026-04-07 12:00:00+00:00,2.834,2.837,2.793,2.806,1669078.0,2026-04-07 15:59:59.999000+00:00,1
2026-04-07 16:00:00+00:00,2.806,2.872,2.789,2.871,1100686.0,2026-04-07 19:59:59.999000+00:00,1
2026-04-07 20:00:00+00:00,2.871,3.043,2.859,3.014,3972188.0,2026-04-07 23:59:59.999000+00:00,1
2026-04-08 00:00:00+00:00,3.014,3.036,2.988,3.022,1364013.0,2026-04-08 03:59:59.999000+00:00,1
2026-04-08 04:00:00+00:00,3.021,3.041,3.016,3.037,914346.0,2026-04-08 07:59:59.999000+00:00,1
2026-04-08 08:00:00+00:00,3.036,3.037,2.979,2.994,497535.0,2026-04-08 11:59:59.999000+00:00,1
2026-04-08 12:00:00+00:00,2.995,3.013,2.93,2.96,1482536.0,2026-04-08 15:59:59.999000+00:00,1
2026-04-08 16:00:00+00:00,2.959,2.979,2.878,2.915,3455205.0,2026-04-08 19:59:59.999000+00:00,1
2026-04-08 20:00:00+00:00,2.916,2.947,2.893,2.901,1600738.0,2026-04-08 23:59:59.999000+00:00,1
2026-04-09 00:00:00+00:00,2.9,2.902,2.866,2.888,775468.0,2026-04-09 03:59:59.999000+00:00,1
2026-04-09 04:00:00+00:00,2.887,2.919,2.883,2.91,477651.0,2026-04-09 07:59:59.999000+00:00,1
2026-04-09 08:00:00+00:00,2.909,2.924,2.899,2.905,595362.0,2026-04-09 11:59:59.999000+00:00,1
2026-04-09 12:00:00+00:00,2.905,2.969,2.893,2.958,893958.0,2026-04-09 15:59:59.999000+00:00,1
2026-04-09 16:00:00+00:00,2.959,2.988,2.944,2.977,1039008.0,2026-04-09 19:59:59.999000+00:00,1
2026-04-09 20:00:00+00:00,2.978,3.034,2.952,2.959,1624418.0,2026-04-09 23:59:59.999000+00:00,1
2026-04-10 00:00:00+00:00,2.959,2.978,2.934,2.956,566339.0,2026-04-10 03:59:59.999000+00:00,1
2026-04-10 04:00:00+00:00,2.955,2.998,2.953,2.969,610525.0,2026-04-10 07:59:59.999000+00:00,1
2026-04-10 08:00:00+00:00,2.968,3.01,2.957,2.974,933110.0,2026-04-10 11:59:59.999000+00:00,1
2026-04-10 12:00:00+00:00,2.974,3.068,2.972,3.025,1755869.0,2026-04-10 15:59:59.999000+00:00,1
2026-04-10 16:00:00+00:00,3.025,3.082,3.025,3.066,1629806.0,2026-04-10 19:59:59.999000+00:00,1
2026-04-10 20:00:00+00:00,3.066,3.07,3.034,3.047,917085.0,2026-04-10 23:59:59.999000+00:00,1
2026-04-11 00:00:00+00:00,3.046,3.047,3.009,3.01,637058.0,2026-04-11 03:59:59.999000+00:00,1
2026-04-11 04:00:00+00:00,3.009,3.018,2.985,3.0,355982.0,2026-04-11 07:59:59.999000+00:00,1
2026-04-11 08:00:00+00:00,3.001,3.018,2.994,3.006,341485.0,2026-04-11 11:59:59.999000+00:00,1
2026-04-11 12:00:00+00:00,3.006,3.019,2.975,3.006,539268.0,2026-04-11 15:59:59.999000+00:00,1
2026-04-11 16:00:00+00:00,3.006,3.083,3.001,3.075,812669.0,2026-04-11 19:59:59.999000+00:00,1
2026-04-11 20:00:00+00:00,3.075,3.078,2.998,3.011,769151.0,2026-04-11 23:59:59.999000+00:00,1
2026-04-12 00:00:00+00:00,3.012,3.02,2.913,2.926,2728153.0,2026-04-12 03:59:59.999000+00:00,1
2026-04-12 04:00:00+00:00,2.926,2.928,2.901,2.91,1010277.0,2026-04-12 07:59:59.999000+00:00,1
2026-04-12 08:00:00+00:00,2.91,2.921,2.897,2.915,1577645.0,2026-04-12 11:59:59.999000+00:00,1
2026-04-12 12:00:00+00:00,2.913,2.919,2.877,2.888,1196117.0,2026-04-12 15:59:59.999000+00:00,1
2026-04-12 16:00:00+00:00,2.887,2.937,2.887,2.918,556416.0,2026-04-12 19:59:59.999000+00:00,1
2026-04-12 20:00:00+00:00,2.918,2.935,2.88,2.888,629387.0,2026-04-12 23:59:59.999000+00:00,1
2026-04-13 00:00:00+00:00,2.889,2.915,2.887,2.91,394914.0,2026-04-13 03:59:59.999000+00:00,1
2026-04-13 04:00:00+00:00,2.909,2.931,2.894,2.898,577797.0,2026-04-13 07:59:59.999000+00:00,1
2026-04-13 08:00:00+00:00,2.899,2.911,2.885,2.904,840372.0,2026-04-13 11:59:59.999000+00:00,1
2026-04-13 12:00:00+00:00,2.904,2.962,2.896,2.925,1094597.0,2026-04-13 15:59:59.999000+00:00,1
2026-04-13 16:00:00+00:00,2.924,2.987,2.911,2.983,833594.0,2026-04-13 19:59:59.999000+00:00,1
2026-04-13 20:00:00+00:00,2.983,3.062,2.949,3.052,2666050.0,2026-04-13 23:59:59.999000+00:00,1
2026-04-14 00:00:00+00:00,3.052,3.061,3.015,3.042,1038503.0,2026-04-14 03:59:59.999000+00:00,1
2026-04-14 04:00:00+00:00,3.043,3.051,3.002,3.01,723326.0,2026-04-14 07:59:59.999000+00:00,1
2026-04-14 08:00:00+00:00,3.01,3.024,3.003,3.005,498237.0,2026-04-14 11:59:59.999000+00:00,1
2026-04-14 12:00:00+00:00,3.005,3.045,2.983,3.0,1336976.0,2026-04-14 15:59:59.999000+00:00,1
2026-04-14 16:00:00+00:00,2.999,3.012,2.944,2.966,1472646.0,2026-04-14 19:59:59.999000+00:00,1
2026-04-14 20:00:00+00:00,2.967,2.985,2.956,2.978,622808.0,2026-04-14 23:59:59.999000+00:00,1
2026-04-15 00:00:00+00:00,2.977,3.006,2.977,2.99,777921.0,2026-04-15 03:59:59.999000+00:00,1
2026-04-15 04:00:00+00:00,2.991,3.019,2.982,2.996,1252102.0,2026-04-15 07:59:59.999000+00:00,1
2026-04-15 08:00:00+00:00,2.996,3.054,2.994,3.048,955992.0,2026-04-15 11:59:59.999000+00:00,1
2026-04-15 12:00:00+00:00,3.049,3.115,3.045,3.076,2907595.0,2026-04-15 15:59:59.999000+00:00,1
2026-04-15 16:00:00+00:00,3.077,3.268,3.076,3.265,4962974.0,2026-04-15 19:59:59.999000+00:00,1
2026-04-15 20:00:00+00:00,3.265,3.427,3.225,3.244,6883036.0,2026-04-15 23:59:59.999000+00:00,1
2026-04-16 00:00:00+00:00,3.245,3.328,3.212,3.314,2693929.0,2026-04-16 03:59:59.999000+00:00,1
2026-04-16 04:00:00+00:00,3.314,3.373,3.288,3.364,2508077.0,2026-04-16 07:59:59.999000+00:00,1
2026-04-16 08:00:00+00:00,3.363,3.375,3.291,3.311,2044781.0,2026-04-16 11:59:59.999000+00:00,1
2026-04-16 12:00:00+00:00,3.312,3.457,3.281,3.37,5049811.0,2026-04-16 15:59:59.999000+00:00,1
2026-04-16 16:00:00+00:00,3.37,3.449,3.314,3.437,2199340.0,2026-04-16 19:59:59.999000+00:00,1
2026-04-16 20:00:00+00:00,3.437,3.441,3.374,3.399,1177724.0,2026-04-16 23:59:59.999000+00:00,1
2026-04-17 00:00:00+00:00,3.399,3.436,3.382,3.412,1277992.0,2026-04-17 03:59:59.999000+00:00,1
2026-04-17 04:00:00+00:00,3.412,3.447,3.344,3.386,1460022.0,2026-04-17 07:59:59.999000+00:00,1
2026-04-17 08:00:00+00:00,3.386,3.418,3.357,3.386,1277804.0,2026-04-17 11:59:59.999000+00:00,1
2026-04-17 12:00:00+00:00,3.386,3.496,3.369,3.425,3186993.0,2026-04-17 15:59:59.999000+00:00,1
2026-04-17 16:00:00+00:00,3.424,3.463,3.371,3.372,1469758.0,2026-04-17 19:59:59.999000+00:00,1
2026-04-17 20:00:00+00:00,3.373,3.389,3.338,3.359,769468.0,2026-04-17 23:59:59.999000+00:00,1
2026-04-18 00:00:00+00:00,3.358,3.37,3.315,3.323,1203140.0,2026-04-18 03:59:59.999000+00:00,1
2026-04-18 04:00:00+00:00,3.323,3.38,3.317,3.356,866931.0,2026-04-18 07:59:59.999000+00:00,1
2026-04-18 08:00:00+00:00,3.356,3.36,3.249,3.269,2497707.0,2026-04-18 11:59:59.999000+00:00,1
2026-04-18 12:00:00+00:00,3.269,3.298,3.251,3.275,1766468.0,2026-04-18 15:59:59.999000+00:00,1
2026-04-18 16:00:00+00:00,3.276,3.288,3.201,3.216,1231883.0,2026-04-18 19:59:59.999000+00:00,1
2026-04-18 20:00:00+00:00,3.215,3.24,3.194,3.2,661309.0,2026-04-18 23:59:59.999000+00:00,1
2026-04-19 00:00:00+00:00,3.2,3.206,3.156,3.191,1846711.0,2026-04-19 03:59:59.999000+00:00,1
2026-04-19 04:00:00+00:00,3.19,3.223,3.187,3.201,1743815.0,2026-04-19 07:59:59.999000+00:00,1
2026-04-19 08:00:00+00:00,3.202,3.274,3.2,3.268,1127500.0,2026-04-19 11:59:59.999000+00:00,1
2026-04-19 12:00:00+00:00,3.269,3.336,3.23,3.258,2946337.0,2026-04-19 15:59:59.999000+00:00,1
2026-04-19 16:00:00+00:00,3.258,3.266,3.207,3.249,1375040.0,2026-04-19 19:59:59.999000+00:00,1
2026-04-19 20:00:00+00:00,3.248,3.251,3.162,3.175,1068714.0,2026-04-19 23:59:59.999000+00:00,1
2026-04-20 00:00:00+00:00,3.176,3.276,3.167,3.273,2544531.0,2026-04-20 03:59:59.999000+00:00,1
2026-04-20 04:00:00+00:00,3.273,3.293,3.209,3.246,1465134.0,2026-04-20 07:59:59.999000+00:00,1
2026-04-20 08:00:00+00:00,3.247,3.281,3.225,3.269,930445.0,2026-04-20 11:59:59.999000+00:00,1
2026-04-20 12:00:00+00:00,3.269,3.314,3.25,3.303,1384779.0,2026-04-20 15:59:59.999000+00:00,1
2026-04-20 16:00:00+00:00,3.304,3.351,3.28,3.321,934062.0,2026-04-20 19:59:59.999000+00:00,1
2026-04-20 20:00:00+00:00,3.32,3.357,3.271,3.278,2265291.0,2026-04-20 23:59:59.999000+00:00,1
2026-04-21 00:00:00+00:00,3.278,3.305,3.244,3.261,1129493.0,2026-04-21 03:59:59.999000+00:00,1
2026-04-21 04:00:00+00:00,3.26,3.307,3.251,3.285,439611.0,2026-04-21 07:59:59.999000+00:00,1
2026-04-21 08:00:00+00:00,3.284,3.331,3.282,3.309,689979.0,2026-04-21 11:59:59.999000+00:00,1
2026-04-21 12:00:00+00:00,3.309,3.313,3.25,3.273,867349.0,2026-04-21 15:59:59.999000+00:00,1
2026-04-21 16:00:00+00:00,3.273,3.283,3.199,3.203,1042851.0,2026-04-21 19:59:59.999000+00:00,1
2026-04-21 20:00:00+00:00,3.202,3.271,3.197,3.261,923183.0,2026-04-21 23:59:59.999000+00:00,1
2026-04-22 00:00:00+00:00,3.263,3.318,3.251,3.301,1100886.0,2026-04-22 03:59:59.999000+00:00,1
2026-04-22 04:00:00+00:00,3.3,3.366,3.295,3.343,1182635.0,2026-04-22 07:59:59.999000+00:00,1
2026-04-22 08:00:00+00:00,3.343,3.363,3.307,3.325,1004740.0,2026-04-22 11:59:59.999000+00:00,1
2026-04-22 12:00:00+00:00,3.327,3.372,3.298,3.356,813106.0,2026-04-22 15:59:59.999000+00:00,1
2026-04-22 16:00:00+00:00,3.356,3.375,3.318,3.338,781909.0,2026-04-22 19:59:59.999000+00:00,1
2026-04-22 20:00:00+00:00,3.338,3.345,3.278,3.28,657015.0,2026-04-22 23:59:59.999000+00:00,1
2026-04-23 00:00:00+00:00,3.28,3.3,3.239,3.25,1289172.0,2026-04-23 03:59:59.999000+00:00,1
2026-04-23 04:00:00+00:00,3.251,3.297,3.245,3.279,461023.0,2026-04-23 07:59:59.999000+00:00,1
2026-04-23 08:00:00+00:00,3.28,3.291,3.248,3.267,483185.0,2026-04-23 11:59:59.999000+00:00,1
2026-04-23 12:00:00+00:00,3.267,3.35,3.267,3.343,680901.0,2026-04-23 15:59:59.999000+00:00,1
2026-04-23 16:00:00+00:00,3.344,3.35,3.258,3.307,836244.0,2026-04-23 19:59:59.999000+00:00,1
2026-04-23 20:00:00+00:00,3.306,3.402,3.304,3.376,1561541.0,2026-04-23 23:59:59.999000+00:00,1
2026-04-24 00:00:00+00:00,3.376,3.398,3.331,3.354,1629962.0,2026-04-24 03:59:59.999000+00:00,1
2026-04-24 04:00:00+00:00,3.355,3.422,3.348,3.411,1452247.0,2026-04-24 07:59:59.999000+00:00,1
2026-04-24 08:00:00+00:00,3.411,3.494,3.403,3.482,2009441.0,2026-04-24 11:59:59.999000+00:00,1
2026-04-24 12:00:00+00:00,3.483,3.496,3.385,3.433,1197666.0,2026-04-24 15:59:59.999000+00:00,1
2026-04-24 16:00:00+00:00,3.432,3.44,3.4,3.425,613107.0,2026-04-24 19:59:59.999000+00:00,1
2026-04-24 20:00:00+00:00,3.425,3.468,3.409,3.423,763785.0,2026-04-24 23:59:59.999000+00:00,1
2026-04-25 00:00:00+00:00,3.423,3.476,3.412,3.467,645415.0,2026-04-25 03:59:59.999000+00:00,1
2026-04-25 04:00:00+00:00,3.468,3.499,3.431,3.482,1217691.0,2026-04-25 07:59:59.999000+00:00,1
2026-04-25 08:00:00+00:00,3.482,3.593,3.477,3.54,3255550.0,2026-04-25 11:59:59.999000+00:00,1
2026-04-25 12:00:00+00:00,3.54,3.655,3.508,3.6,4069624.0,2026-04-25 15:59:59.999000+00:00,1
2026-04-25 16:00:00+00:00,3.6,3.645,3.493,3.499,4134586.0,2026-04-25 19:59:59.999000+00:00,1
2026-04-25 20:00:00+00:00,3.499,3.552,3.498,3.54,951046.0,2026-04-25 23:59:59.999000+00:00,1
2026-04-26 00:00:00+00:00,3.54,3.55,3.503,3.544,1349013.0,2026-04-26 03:59:59.999000+00:00,1
2026-04-26 04:00:00+00:00,3.545,4.01,3.543,3.809,25890692.0,2026-04-26 07:59:59.999000+00:00,1
2026-04-26 08:00:00+00:00,3.81,3.82,3.64,3.655,11436228.0,2026-04-26 11:59:59.999000+00:00,1
2026-04-26 12:00:00+00:00,3.654,3.667,3.606,3.644,3676873.0,2026-04-26 15:59:59.999000+00:00,1
2026-04-26 16:00:00+00:00,3.643,3.777,3.627,3.771,2988880.0,2026-04-26 19:59:59.999000+00:00,1
2026-04-26 20:00:00+00:00,3.77,3.843,3.723,3.734,4210984.0,2026-04-26 23:59:59.999000+00:00,1
2026-04-27 00:00:00+00:00,3.734,3.903,3.709,3.821,3441367.0,2026-04-27 03:59:59.999000+00:00,1
2026-04-27 04:00:00+00:00,3.821,3.906,3.646,3.658,5742133.0,2026-04-27 07:59:59.999000+00:00,1
2026-04-27 08:00:00+00:00,3.658,3.682,3.588,3.606,2937842.0,2026-04-27 11:59:59.999000+00:00,1
2026-04-27 12:00:00+00:00,3.607,3.631,3.527,3.542,2856966.0,2026-04-27 15:59:59.999000+00:00,1
2026-04-27 16:00:00+00:00,3.542,3.565,3.517,3.53,1180503.0,2026-04-27 19:59:59.999000+00:00,1
2026-04-27 20:00:00+00:00,3.531,3.591,3.506,3.58,1150511.0,2026-04-27 23:59:59.999000+00:00,1
2026-04-28 00:00:00+00:00,3.581,3.657,3.568,3.624,1890121.0,2026-04-28 03:59:59.999000+00:00,1
2026-04-28 04:00:00+00:00,3.624,3.648,3.545,3.584,1322521.0,2026-04-28 07:59:59.999000+00:00,1
2026-04-28 08:00:00+00:00,3.584,3.628,3.533,3.547,1253964.0,2026-04-28 11:59:59.999000+00:00,1
2026-04-28 12:00:00+00:00,3.548,3.581,3.521,3.527,1278210.0,2026-04-28 15:59:59.999000+00:00,1
2026-04-28 16:00:00+00:00,3.527,3.563,3.472,3.556,1507564.0,2026-04-28 19:59:59.999000+00:00,1
2026-04-28 20:00:00+00:00,3.557,3.605,3.548,3.566,806456.0,2026-04-28 23:59:59.999000+00:00,1
2026-04-29 00:00:00+00:00,3.565,3.608,3.552,3.607,1341169.0,2026-04-29 03:59:59.999000+00:00,1
2026-04-29 04:00:00+00:00,3.607,3.629,3.557,3.56,1774610.0,2026-04-29 07:59:59.999000+00:00,1
2026-04-29 08:00:00+00:00,3.561,3.619,3.544,3.552,2916186.0,2026-04-29 11:59:59.999000+00:00,1
2026-04-29 12:00:00+00:00,3.552,3.554,3.437,3.45,4362458.0,2026-04-29 15:59:59.999000+00:00,1
2026-04-29 16:00:00+00:00,3.45,3.485,3.383,3.436,3445186.0,2026-04-29 19:59:59.999000+00:00,1
2026-04-29 20:00:00+00:00,3.437,3.481,3.435,3.473,1198609.0,2026-04-29 23:59:59.999000+00:00,1
2026-04-30 00:00:00+00:00,3.474,3.496,3.424,3.437,795562.0,2026-04-30 03:59:59.999000+00:00,1
2026-04-30 04:00:00+00:00,3.437,3.471,3.403,3.47,1218806.0,2026-04-30 07:59:59.999000+00:00,1
2026-04-30 08:00:00+00:00,3.469,3.485,3.441,3.477,924948.0,2026-04-30 11:59:59.999000+00:00,1
2026-04-30 12:00:00+00:00,3.476,3.518,3.429,3.465,1049246.0,2026-04-30 15:59:59.999000+00:00,1
2026-04-30 16:00:00+00:00,3.464,3.47,3.427,3.429,286543.0,2026-04-30 19:59:59.999000+00:00,1
2026-04-30 20:00:00+00:00,3.429,3.433,3.403,3.418,486751.0,2026-04-30 23:59:59.999000+00:00,1
2026-05-01 00:00:00+00:00,3.418,3.489,3.418,3.465,641844.0,2026-05-01 03:59:59.999000+00:00,1
2026-05-01 04:00:00+00:00,3.465,3.55,3.423,3.529,2452652.0,2026-05-01 07:59:59.999000+00:00,1
2026-05-01 08:00:00+00:00,3.529,3.608,3.52,3.563,2643125.0,2026-05-01 11:59:59.999000+00:00,1
2026-05-01 12:00:00+00:00,3.563,3.697,3.563,3.631,3894354.0,2026-05-01 15:59:59.999000+00:00,1
2026-05-01 16:00:00+00:00,3.631,3.645,3.579,3.637,1396107.0,2026-05-01 19:59:59.999000+00:00,1
2026-05-01 20:00:00+00:00,3.637,3.697,3.62,3.641,1819689.0,2026-05-01 23:59:59.999000+00:00,1
2026-05-02 00:00:00+00:00,3.642,3.724,3.632,3.718,1914048.0,2026-05-02 03:59:59.999000+00:00,1
2026-05-02 04:00:00+00:00,3.719,3.81,3.702,3.756,3203802.0,2026-05-02 07:59:59.999000+00:00,1
2026-05-02 08:00:00+00:00,3.756,3.893,3.719,3.766,3824163.0,2026-05-02 11:59:59.999000+00:00,1
2026-05-02 12:00:00+00:00,3.767,3.855,3.738,3.853,2938290.0,2026-05-02 15:59:59.999000+00:00,1
2026-05-02 16:00:00+00:00,3.854,3.86,3.758,3.814,1476948.0,2026-05-02 19:59:59.999000+00:00,1
2026-05-02 20:00:00+00:00,3.814,3.831,3.763,3.796,1096528.0,2026-05-02 23:59:59.999000+00:00,1
2026-05-03 00:00:00+00:00,3.796,3.802,3.717,3.727,1222117.0,2026-05-03 03:59:59.999000+00:00,1
2026-05-03 04:00:00+00:00,3.724,3.776,3.708,3.756,1447252.0,2026-05-03 07:59:59.999000+00:00,1
2026-05-03 08:00:00+00:00,3.756,3.769,3.703,3.731,868989.0,2026-05-03 11:59:59.999000+00:00,1
2026-05-03 12:00:00+00:00,3.731,3.803,3.726,3.771,1791790.0,2026-05-03 15:59:59.999000+00:00,1
2026-05-03 16:00:00+00:00,3.772,3.804,3.74,3.743,685231.0,2026-05-03 19:59:59.999000+00:00,1
2026-05-03 20:00:00+00:00,3.742,3.766,3.709,3.736,1892999.0,2026-05-03 23:59:59.999000+00:00,1
2026-05-04 00:00:00+00:00,3.736,3.789,3.711,3.778,3440791.0,2026-05-04 03:59:59.999000+00:00,1
2026-05-04 04:00:00+00:00,3.778,3.808,3.745,3.789,3484658.0,2026-05-04 07:59:59.999000+00:00,1
2026-05-04 08:00:00+00:00,3.788,3.789,3.679,3.699,3143850.0,2026-05-04 11:59:59.999000+00:00,1
2026-05-04 12:00:00+00:00,3.699,3.755,3.668,3.683,1460570.0,2026-05-04 15:59:59.999000+00:00,1
2026-05-04 16:00:00+00:00,3.685,3.719,3.673,3.68,995165.0,2026-05-04 19:59:59.999000+00:00,1
2026-05-04 20:00:00+00:00,3.68,3.712,3.663,3.679,504831.0,2026-05-04 23:59:59.999000+00:00,1
2026-05-05 00:00:00+00:00,3.679,3.728,3.677,3.679,1047323.0,2026-05-05 03:59:59.999000+00:00,1
2026-05-05 04:00:00+00:00,3.679,3.734,3.661,3.715,931000.0,2026-05-05 07:59:59.999000+00:00,1
2026-05-05 08:00:00+00:00,3.715,3.802,3.694,3.787,3544907.0,2026-05-05 11:59:59.999000+00:00,1
2026-05-05 12:00:00+00:00,3.788,3.816,3.727,3.754,1776181.0,2026-05-05 15:59:59.999000+00:00,1
2026-05-05 16:00:00+00:00,3.754,3.778,3.73,3.774,620788.0,2026-05-05 19:59:59.999000+00:00,1
2026-05-05 20:00:00+00:00,3.774,3.865,3.737,3.759,2318672.0,2026-05-05 23:59:59.999000+00:00,1
2026-05-06 00:00:00+00:00,3.76,3.895,3.744,3.865,2979649.0,2026-05-06 03:59:59.999000+00:00,1
2026-05-06 04:00:00+00:00,3.864,3.891,3.824,3.859,1553952.0,2026-05-06 07:59:59.999000+00:00,1
2026-05-06 08:00:00+00:00,3.858,3.917,3.857,3.896,1560941.0,2026-05-06 11:59:59.999000+00:00,1
2026-05-06 12:00:00+00:00,3.895,3.92,3.809,3.883,2003018.0,2026-05-06 15:59:59.999000+00:00,1
2026-05-06 16:00:00+00:00,3.882,3.9,3.817,3.852,808283.0,2026-05-06 19:59:59.999000+00:00,1
2026-05-06 20:00:00+00:00,3.852,3.907,3.843,3.897,943480.0,2026-05-06 23:59:59.999000+00:00,1
2026-05-07 00:00:00+00:00,3.896,3.897,3.777,3.791,1984815.0,2026-05-07 03:59:59.999000+00:00,1
2026-05-07 04:00:00+00:00,3.791,3.897,3.787,3.882,1252218.0,2026-05-07 07:59:59.999000+00:00,1
2026-05-07 08:00:00+00:00,3.881,3.91,3.839,3.865,1097855.0,2026-05-07 11:59:59.999000+00:00,1
2026-05-07 12:00:00+00:00,3.865,3.949,3.789,3.818,2199821.0,2026-05-07 15:59:59.999000+00:00,1
2026-05-07 16:00:00+00:00,3.819,3.875,3.809,3.858,819671.0,2026-05-07 19:59:59.999000+00:00,1
2026-05-07 20:00:00+00:00,3.859,3.886,3.803,3.839,859299.0,2026-05-07 23:59:59.999000+00:00,1
2026-05-08 00:00:00+00:00,3.84,3.883,3.799,3.867,999747.0,2026-05-08 03:59:59.999000+00:00,1
2026-05-08 04:00:00+00:00,3.867,4.039,3.857,4.03,3072266.0,2026-05-08 07:59:59.999000+00:00,1
2026-05-08 08:00:00+00:00,4.029,4.091,3.952,4.073,9622203.0,2026-05-08 11:59:59.999000+00:00,1
2026-05-08 12:00:00+00:00,4.073,4.2,4.022,4.176,4121711.0,2026-05-08 15:59:59.999000+00:00,1
2026-05-08 16:00:00+00:00,4.176,4.256,4.127,4.217,1713279.0,2026-05-08 19:59:59.999000+00:00,1
2026-05-08 20:00:00+00:00,4.218,4.299,4.184,4.227,1553974.0,2026-05-08 23:59:59.999000+00:00,1
2026-05-09 00:00:00+00:00,4.227,4.365,4.211,4.301,1585791.0,2026-05-09 03:59:59.999000+00:00,1
2026-05-09 04:00:00+00:00,4.302,4.332,4.221,4.229,920223.0,2026-05-09 07:59:59.999000+00:00,1
2026-05-09 08:00:00+00:00,4.23,4.278,4.215,4.252,1442791.0,2026-05-09 11:59:59.999000+00:00,1
2026-05-09 12:00:00+00:00,4.252,4.277,4.176,4.189,1163218.0,2026-05-09 15:59:59.999000+00:00,1
2026-05-09 16:00:00+00:00,4.19,4.228,4.169,4.225,676859.0,2026-05-09 19:59:59.999000+00:00,1
2026-05-09 20:00:00+00:00,4.227,4.242,4.192,4.202,417210.0,2026-05-09 23:59:59.999000+00:00,1
2026-05-10 00:00:00+00:00,4.201,4.209,4.098,4.113,1964116.0,2026-05-10 03:59:59.999000+00:00,1
2026-05-10 04:00:00+00:00,4.112,4.134,4.087,4.098,693946.0,2026-05-10 07:59:59.999000+00:00,1
2026-05-10 08:00:00+00:00,4.099,4.151,4.094,4.121,877067.0,2026-05-10 11:59:59.999000+00:00,1
2026-05-10 12:00:00+00:00,4.119,4.223,4.11,4.218,1219915.0,2026-05-10 15:59:59.999000+00:00,1
2026-05-10 16:00:00+00:00,4.218,4.395,4.205,4.331,1663238.0,2026-05-10 19:59:59.999000+00:00,1
2026-05-10 20:00:00+00:00,4.331,4.363,4.177,4.276,1576922.0,2026-05-10 23:59:59.999000+00:00,1
2026-05-11 00:00:00+00:00,4.276,4.302,4.161,4.212,1266243.0,2026-05-11 03:59:59.999000+00:00,1
2026-05-11 04:00:00+00:00,4.213,4.303,4.182,4.297,956391.0,2026-05-11 07:59:59.999000+00:00,1
2026-05-11 08:00:00+00:00,4.296,4.506,4.285,4.452,3435050.0,2026-05-11 11:59:59.999000+00:00,1
2026-05-11 12:00:00+00:00,4.453,4.489,4.292,4.359,4483739.0,2026-05-11 15:59:59.999000+00:00,1
2026-05-11 16:00:00+00:00,4.359,4.593,4.332,4.544,6569662.0,2026-05-11 19:59:59.999000+00:00,1
2026-05-11 20:00:00+00:00,4.546,4.785,4.508,4.609,7021644.0,2026-05-11 23:59:59.999000+00:00,1
2026-05-12 00:00:00+00:00,4.609,4.614,4.509,4.563,3986652.0,2026-05-12 03:59:59.999000+00:00,1
2026-05-12 04:00:00+00:00,4.563,4.779,4.53,4.683,7673303.0,2026-05-12 07:59:59.999000+00:00,1
2026-05-12 08:00:00+00:00,4.684,4.888,4.648,4.83,9835831.0,2026-05-12 11:59:59.999000+00:00,1
2026-05-12 12:00:00+00:00,4.831,4.953,4.593,4.652,20164507.0,2026-05-12 15:59:59.999000+00:00,1
2026-05-12 16:00:00+00:00,4.652,4.894,4.592,4.81,9866045.0,2026-05-12 19:59:59.999000+00:00,1
2026-05-12 20:00:00+00:00,4.81,4.849,4.694,4.782,2984397.0,2026-05-12 23:59:59.999000+00:00,1
2026-05-13 00:00:00+00:00,4.781,5.175,4.725,5.028,13214170.0,2026-05-13 03:59:59.999000+00:00,1
2026-05-13 04:00:00+00:00,5.028,5.506,4.983,5.475,40218157.0,2026-05-13 07:59:59.999000+00:00,1
2026-05-13 08:00:00+00:00,5.475,6.068,5.328,5.854,116903408.0,2026-05-13 11:59:59.999000+00:00,1
2026-05-13 12:00:00+00:00,5.855,5.996,5.417,5.45,89290365.0,2026-05-13 15:59:59.999000+00:00,1
2026-05-13 16:00:00+00:00,5.451,5.477,5.099,5.124,46362833.0,2026-05-13 19:59:59.999000+00:00,1
2026-05-13 20:00:00+00:00,5.124,5.188,5.027,5.139,16552418.0,2026-05-13 23:59:59.999000+00:00,1
2026-05-14 00:00:00+00:00,5.14,5.155,4.902,4.95,27383520.0,2026-05-14 03:59:59.999000+00:00,1
2026-05-14 04:00:00+00:00,4.95,5.325,4.93,4.998,32713364.0,2026-05-14 07:59:59.999000+00:00,1
2026-05-14 08:00:00+00:00,4.998,5.318,4.951,5.153,29738871.0,2026-05-14 11:59:59.999000+00:00,1
2026-05-14 12:00:00+00:00,5.152,5.238,5.028,5.197,21250786.0,2026-05-14 15:59:59.999000+00:00,1
2026-05-14 16:00:00+00:00,5.196,5.324,5.042,5.058,12635197.0,2026-05-14 19:59:59.999000+00:00,1
2026-05-14 20:00:00+00:00,5.058,5.264,5.05,5.15,6967443.0,2026-05-14 23:59:59.999000+00:00,1
2026-05-15 00:00:00+00:00,5.15,5.282,5.058,5.126,11425226.0,2026-05-15 03:59:59.999000+00:00,1
2026-05-15 04:00:00+00:00,5.125,5.163,4.935,5.073,12033576.0,2026-05-15 07:59:59.999000+00:00,1
2026-05-15 08:00:00+00:00,5.074,5.205,5.001,5.079,9323649.0,2026-05-15 11:59:59.999000+00:00,1
2026-05-15 12:00:00+00:00,5.079,5.087,4.729,4.778,21933045.0,2026-05-15 15:59:59.999000+00:00,1
2026-05-15 16:00:00+00:00,4.778,5.004,4.752,4.919,8698568.0,2026-05-15 19:59:59.999000+00:00,1
2026-05-15 20:00:00+00:00,4.919,4.935,4.848,4.883,3862049.0,2026-05-15 23:59:59.999000+00:00,1
2026-05-16 00:00:00+00:00,4.883,4.939,4.817,4.83,5225575.0,2026-05-16 03:59:59.999000+00:00,1
2026-05-16 04:00:00+00:00,4.83,4.83,4.628,4.653,7195530.0,2026-05-16 07:59:59.999000+00:00,1
2026-05-16 08:00:00+00:00,4.653,4.694,4.541,4.607,6510130.0,2026-05-16 11:59:59.999000+00:00,1
2026-05-16 12:00:00+00:00,4.607,4.677,4.589,4.647,4624919.0,2026-05-16 15:59:59.999000+00:00,1
2026-05-16 16:00:00+00:00,4.646,4.821,4.643,4.724,6994072.0,2026-05-16 19:59:59.999000+00:00,1
2026-05-16 20:00:00+00:00,4.723,4.756,4.688,4.726,2407223.0,2026-05-16 23:59:59.999000+00:00,1
2026-05-17 00:00:00+00:00,4.726,4.763,4.618,4.735,5474398.0,2026-05-17 03:59:59.999000+00:00,1
2026-05-17 04:00:00+00:00,4.736,4.979,4.729,4.922,15396048.0,2026-05-17 07:59:59.999000+00:00,1
2026-05-17 08:00:00+00:00,4.921,4.942,4.786,4.802,7424304.0,2026-05-17 11:59:59.999000+00:00,1
2026-05-17 12:00:00+00:00,4.801,4.82,4.674,4.721,5364440.0,2026-05-17 15:59:59.999000+00:00,1
2026-05-17 16:00:00+00:00,4.72,4.759,4.657,4.749,3389424.0,2026-05-17 19:59:59.999000+00:00,1
2026-05-17 20:00:00+00:00,4.748,4.786,4.434,4.555,7813315.0,2026-05-17 23:59:59.999000+00:00,1
2026-05-18 00:00:00+00:00,4.556,4.68,4.51,4.621,6536061.0,2026-05-18 03:59:59.999000+00:00,1
2026-05-18 04:00:00+00:00,4.622,4.665,4.55,4.557,6141218.0,2026-05-18 07:59:59.999000+00:00,1
2026-05-18 08:00:00+00:00,4.557,4.625,4.504,4.573,4597560.0,2026-05-18 11:59:59.999000+00:00,1
2026-05-18 12:00:00+00:00,4.574,4.722,4.543,4.617,8655819.0,2026-05-18 15:59:59.999000+00:00,1
2026-05-18 16:00:00+00:00,4.617,4.766,4.577,4.74,6932698.0,2026-05-18 19:59:59.999000+00:00,1
2026-05-18 20:00:00+00:00,4.741,5.167,4.715,5.142,22195428.0,2026-05-18 23:59:59.999000+00:00,1
2026-05-19 00:00:00+00:00,5.142,5.435,5.056,5.209,54675137.0,2026-05-19 03:59:59.999000+00:00,1
2026-05-19 04:00:00+00:00,5.209,5.257,4.968,4.98,17854295.0,2026-05-19 07:59:59.999000+00:00,1
2026-05-19 08:00:00+00:00,4.98,5.013,4.856,4.864,15736184.0,2026-05-19 11:59:59.999000+00:00,1
2026-05-19 12:00:00+00:00,4.864,4.949,4.831,4.91,12005671.0,2026-05-19 15:59:59.999000+00:00,1
2026-05-19 16:00:00+00:00,4.911,5.088,4.875,4.883,12180583.0,2026-05-19 19:59:59.999000+00:00,1
2026-05-19 20:00:00+00:00,4.884,4.992,4.88,4.917,4689910.0,2026-05-19 23:59:59.999000+00:00,1
2026-05-20 00:00:00+00:00,4.917,5.01,4.877,4.984,5377293.0,2026-05-20 03:59:59.999000+00:00,1
2026-05-20 04:00:00+00:00,4.985,5.098,4.921,4.924,8717073.0,2026-05-20 07:59:59.999000+00:00,1
2026-05-20 08:00:00+00:00,4.924,5.084,4.905,4.992,8354865.0,2026-05-20 11:59:59.999000+00:00,1
2026-05-20 12:00:00+00:00,4.991,5.261,4.952,5.126,11970026.0,2026-05-20 15:59:59.999000+00:00,1
2026-05-20 16:00:00+00:00,5.127,5.138,4.97,4.988,7236803.0,2026-05-20 19:59:59.999000+00:00,1
2026-05-20 20:00:00+00:00,4.988,5.035,4.748,4.806,11279023.0,2026-05-20 23:59:59.999000+00:00,1
2026-05-21 00:00:00+00:00,4.806,4.926,4.79,4.914,5843035.0,2026-05-21 03:59:59.999000+00:00,1
2026-05-21 04:00:00+00:00,4.915,5.028,4.905,4.919,5784672.0,2026-05-21 07:59:59.999000+00:00,1
2026-05-21 08:00:00+00:00,4.92,5.015,4.834,4.958,5469904.0,2026-05-21 11:59:59.999000+00:00,1
2026-05-21 12:00:00+00:00,4.958,5.112,4.904,4.98,9459663.0,2026-05-21 15:59:59.999000+00:00,1
2026-05-21 16:00:00+00:00,4.98,5.345,4.947,5.242,18273535.0,2026-05-21 19:59:59.999000+00:00,1
2026-05-21 20:00:00+00:00,5.242,5.334,5.16,5.248,8667692.0,2026-05-21 23:59:59.999000+00:00,1
2026-05-22 00:00:00+00:00,5.248,5.262,5.086,5.149,7592446.0,2026-05-22 03:59:59.999000+00:00,1
2026-05-22 04:00:00+00:00,5.15,5.197,5.053,5.152,5382539.0,2026-05-22 07:59:59.999000+00:00,1
2026-05-22 08:00:00+00:00,5.153,5.402,5.151,5.384,10076939.0,2026-05-22 11:59:59.999000+00:00,1
2026-05-22 12:00:00+00:00,5.385,5.526,5.263,5.302,15694808.0,2026-05-22 15:59:59.999000+00:00,1
2026-05-22 16:00:00+00:00,5.302,5.661,5.141,5.237,22076288.0,2026-05-22 19:59:59.999000+00:00,1
2026-05-22 20:00:00+00:00,5.237,5.485,5.095,5.172,14873292.0,2026-05-22 23:59:59.999000+00:00,1
2026-05-23 00:00:00+00:00,5.172,5.365,5.084,5.253,9361129.0,2026-05-23 03:59:59.999000+00:00,1
2026-05-23 04:00:00+00:00,5.252,5.255,4.727,4.803,20434241.0,2026-05-23 07:59:59.999000+00:00,1
2026-05-23 08:00:00+00:00,4.804,5.0,4.777,4.891,8808219.0,2026-05-23 11:59:59.999000+00:00,1
2026-05-23 12:00:00+00:00,4.891,5.303,4.86,5.283,13891212.0,2026-05-23 15:59:59.999000+00:00,1
2026-05-23 16:00:00+00:00,5.283,5.447,5.197,5.337,13711100.0,2026-05-23 19:59:59.999000+00:00,1
2026-05-23 20:00:00+00:00,5.336,5.525,5.248,5.339,9363925.0,2026-05-23 23:59:59.999000+00:00,1
2026-05-24 00:00:00+00:00,5.338,5.349,5.162,5.192,5604499.0,2026-05-24 03:59:59.999000+00:00,1
2026-05-24 04:00:00+00:00,5.193,5.255,5.082,5.186,7929962.0,2026-05-24 07:59:59.999000+00:00,1
2026-05-24 08:00:00+00:00,5.186,5.239,5.148,5.187,8979095.0,2026-05-24 11:59:59.999000+00:00,1
2026-05-24 12:00:00+00:00,5.186,5.245,5.037,5.143,8755090.0,2026-05-24 15:59:59.999000+00:00,1
2026-05-24 16:00:00+00:00,5.143,5.291,5.13,5.151,7302285.0,2026-05-24 19:59:59.999000+00:00,1
2026-05-24 20:00:00+00:00,5.151,5.207,5.058,5.13,5270852.0,2026-05-24 23:59:59.999000+00:00,1
2026-05-25 00:00:00+00:00,5.13,5.172,5.044,5.077,5787822.0,2026-05-25 03:59:59.999000+00:00,1
2026-05-25 04:00:00+00:00,5.078,5.287,5.042,5.25,7157075.0,2026-05-25 07:59:59.999000+00:00,1
2026-05-25 08:00:00+00:00,5.249,5.508,5.208,5.504,12397969.0,2026-05-25 11:59:59.999000+00:00,1
2026-05-25 12:00:00+00:00,5.503,5.771,5.443,5.659,26659417.0,2026-05-25 15:59:59.999000+00:00,1
2026-05-25 16:00:00+00:00,5.658,5.823,5.579,5.653,11207078.0,2026-05-25 19:59:59.999000+00:00,1
2026-05-25 20:00:00+00:00,5.653,5.73,5.599,5.665,4608957.0,2026-05-25 23:59:59.999000+00:00,1
2026-05-26 00:00:00+00:00,5.665,5.762,5.507,5.54,11415322.0,2026-05-26 03:59:59.999000+00:00,1
2026-05-26 04:00:00+00:00,5.54,5.73,5.455,5.495,9273994.0,2026-05-26 07:59:59.999000+00:00,1
2026-05-26 08:00:00+00:00,5.496,5.858,5.451,5.826,10920100.0,2026-05-26 11:59:59.999000+00:00,1
2026-05-26 12:00:00+00:00,5.827,6.108,5.738,5.794,22428522.0,2026-05-26 15:59:59.999000+00:00,1
2026-05-26 16:00:00+00:00,5.794,5.826,5.572,5.688,8862780.0,2026-05-26 19:59:59.999000+00:00,1
2026-05-26 20:00:00+00:00,5.689,5.774,5.642,5.672,5447429.0,2026-05-26 23:59:59.999000+00:00,1
2026-05-27 00:00:00+00:00,5.673,5.745,5.567,5.665,4787336.0,2026-05-27 03:59:59.999000+00:00,1
2026-05-27 04:00:00+00:00,5.665,5.868,5.532,5.864,7706213.0,2026-05-27 07:59:59.999000+00:00,1
2026-05-27 08:00:00+00:00,5.865,5.982,5.619,5.728,8273175.0,2026-05-27 11:59:59.999000+00:00,1
2026-05-27 12:00:00+00:00,5.728,5.842,5.532,5.833,9719502.0,2026-05-27 15:59:59.999000+00:00,1
2026-05-27 16:00:00+00:00,5.834,5.846,5.565,5.688,6012601.0,2026-05-27 19:59:59.999000+00:00,1
2026-05-27 20:00:00+00:00,5.689,5.698,5.406,5.471,4980963.0,2026-05-27 23:59:59.999000+00:00,1
2026-05-28 00:00:00+00:00,5.47,5.527,5.327,5.365,5704685.0,2026-05-28 03:59:59.999000+00:00,1
2026-05-28 04:00:00+00:00,5.366,5.624,5.28,5.462,6510352.0,2026-05-28 07:59:59.999000+00:00,1
2026-05-28 08:00:00+00:00,5.463,5.484,5.316,5.333,4244212.0,2026-05-28 11:59:59.999000+00:00,1
2026-05-28 12:00:00+00:00,5.333,5.478,5.248,5.332,9524798.0,2026-05-28 15:59:59.999000+00:00,1
2026-05-28 16:00:00+00:00,5.333,5.609,5.255,5.48,6174629.0,2026-05-28 19:59:59.999000+00:00,1
2026-05-28 20:00:00+00:00,5.48,5.594,5.402,5.459,4684525.0,2026-05-28 23:59:59.999000+00:00,1
2026-05-29 00:00:00+00:00,5.459,5.729,5.458,5.605,8107159.0,2026-05-29 03:59:59.999000+00:00,1
2026-05-29 04:00:00+00:00,5.606,6.296,5.564,6.277,21204415.0,2026-05-29 07:59:59.999000+00:00,1
2026-05-29 08:00:00+00:00,6.277,6.364,5.927,6.043,26071683.0,2026-05-29 11:59:59.999000+00:00,1
2026-05-29 12:00:00+00:00,6.043,6.706,5.931,6.67,38680834.0,2026-05-29 15:59:59.999000+00:00,1
2026-05-29 16:00:00+00:00,6.671,6.686,6.29,6.477,19441552.0,2026-05-29 19:59:59.999000+00:00,1
2026-05-29 20:00:00+00:00,6.477,6.616,6.338,6.424,8362354.0,2026-05-29 23:59:59.999000+00:00,1
2026-05-30 00:00:00+00:00,6.423,6.694,6.31,6.548,9612625.0,2026-05-30 03:59:59.999000+00:00,1
2026-05-30 04:00:00+00:00,6.548,7.046,6.455,6.612,30356368.0,2026-05-30 07:59:59.999000+00:00,1
2026-05-30 08:00:00+00:00,6.612,6.665,6.437,6.613,11096076.0,2026-05-30 11:59:59.999000+00:00,1
2026-05-30 12:00:00+00:00,6.613,6.967,6.575,6.934,13870513.0,2026-05-30 15:59:59.999000+00:00,1
2026-05-30 16:00:00+00:00,6.935,6.965,6.575,6.631,9406695.0,2026-05-30 19:59:59.999000+00:00,1
2026-05-30 20:00:00+00:00,6.631,6.691,6.489,6.589,4354424.0,2026-05-30 23:59:59.999000+00:00,1
2026-05-31 00:00:00+00:00,6.59,6.604,6.439,6.464,5295781.0,2026-05-31 03:59:59.999000+00:00,1
2026-05-31 04:00:00+00:00,6.464,6.648,6.434,6.533,5221670.0,2026-05-31 07:59:59.999000+00:00,1
2026-05-31 08:00:00+00:00,6.533,6.705,6.445,6.694,4529051.0,2026-05-31 11:59:59.999000+00:00,1
2026-05-31 12:00:00+00:00,6.694,6.747,6.341,6.364,8043321.0,2026-05-31 15:59:59.999000+00:00,1
2026-05-31 16:00:00+00:00,6.364,6.454,6.291,6.381,4942965.0,2026-05-31 19:59:59.999000+00:00,1
2026-05-31 20:00:00+00:00,6.382,6.646,6.361,6.533,3792641.0,2026-05-31 23:59:59.999000+00:00,1
2026-06-01 00:00:00+00:00,6.533,6.7,6.403,6.617,5872683.0,2026-06-01 03:59:59.999000+00:00,1
2026-06-01 04:00:00+00:00,6.617,6.698,6.409,6.449,5824757.0,2026-06-01 07:59:59.999000+00:00,1
2026-06-01 08:00:00+00:00,6.448,6.764,6.419,6.664,7924851.0,2026-06-01 11:59:59.999000+00:00,1
2026-06-01 12:00:00+00:00,6.664,6.974,6.559,6.96,14818413.0,2026-06-01 15:59:59.999000+00:00,1
2026-06-01 16:00:00+00:00,6.959,7.337,6.926,7.321,16087591.0,2026-06-01 19:59:59.999000+00:00,1
2026-06-01 20:00:00+00:00,7.321,7.335,6.774,6.983,9193226.0,2026-06-01 23:59:59.999000+00:00,1
2026-06-02 00:00:00+00:00,6.983,7.288,6.837,7.203,7439603.0,2026-06-02 03:59:59.999000+00:00,1
2026-06-02 04:00:00+00:00,7.203,7.229,6.893,7.109,7328302.0,2026-06-02 07:59:59.999000+00:00,1
2026-06-02 08:00:00+00:00,7.108,7.336,6.971,7.111,8825611.0,2026-06-02 11:59:59.999000+00:00,1
2026-06-02 12:00:00+00:00,7.113,7.244,6.745,6.789,13043884.0,2026-06-02 15:59:59.999000+00:00,1
2026-06-02 16:00:00+00:00,6.788,7.025,6.445,6.624,12044181.0,2026-06-02 19:59:59.999000+00:00,1
2026-06-02 20:00:00+00:00,6.625,6.758,6.466,6.576,5302801.0,2026-06-02 23:59:59.999000+00:00,1
2026-06-03 00:00:00+00:00,6.577,6.691,6.322,6.385,6847781.0,2026-06-03 03:59:59.999000+00:00,1
2026-06-03 04:00:00+00:00,6.385,6.975,6.383,6.946,8924102.0,2026-06-03 07:59:59.999000+00:00,1
2026-06-03 08:00:00+00:00,6.945,6.957,6.584,6.621,5778462.0,2026-06-03 11:59:59.999000+00:00,1
2026-06-03 12:00:00+00:00,6.62,6.915,6.554,6.701,7725738.0,2026-06-03 15:59:59.999000+00:00,1
2026-06-03 16:00:00+00:00,6.701,6.71,6.432,6.523,7211365.0,2026-06-03 19:59:59.999000+00:00,1
2026-06-03 20:00:00+00:00,6.523,6.772,6.409,6.51,5363740.0,2026-06-03 23:59:59.999000+00:00,1
2026-06-04 00:00:00+00:00,6.51,6.577,5.952,6.397,11115672.0,2026-06-04 03:59:59.999000+00:00,1
2026-06-04 04:00:00+00:00,6.397,6.412,6.094,6.148,5195195.0,2026-06-04 07:59:59.999000+00:00,1
2026-06-04 08:00:00+00:00,6.147,6.218,5.809,5.866,7753359.0,2026-06-04 11:59:59.999000+00:00,1
2026-06-04 12:00:00+00:00,5.867,5.957,5.633,5.715,8939676.0,2026-06-04 15:59:59.999000+00:00,1
2026-06-04 16:00:00+00:00,5.715,5.86,5.502,5.517,7107570.0,2026-06-04 19:59:59.999000+00:00,1
2026-06-04 20:00:00+00:00,5.517,5.526,5.262,5.397,8812295.0,2026-06-04 23:59:59.999000+00:00,1
2026-06-05 00:00:00+00:00,5.397,5.519,5.204,5.265,8663545.0,2026-06-05 03:59:59.999000+00:00,1
2026-06-05 04:00:00+00:00,5.266,5.425,5.008,5.158,11235625.0,2026-06-05 07:59:59.999000+00:00,1
2026-06-05 08:00:00+00:00,5.158,5.162,4.873,4.914,9179008.0,2026-06-05 11:59:59.999000+00:00,1
2026-06-05 12:00:00+00:00,4.914,5.33,4.849,4.953,13560611.0,2026-06-05 15:59:59.999000+00:00,1
2026-06-05 16:00:00+00:00,4.953,5.153,4.774,4.95,7292731.0,2026-06-05 19:59:59.999000+00:00,1
2026-06-05 20:00:00+00:00,4.95,5.279,4.9,5.152,5229390.0,2026-06-05 23:59:59.999000+00:00,1
2026-06-06 00:00:00+00:00,5.153,5.224,5.023,5.067,4038828.0,2026-06-06 03:59:59.999000+00:00,1
2026-06-06 04:00:00+00:00,5.068,5.241,4.837,5.228,7116166.0,2026-06-06 07:59:59.999000+00:00,1
2026-06-06 08:00:00+00:00,5.229,5.427,5.114,5.199,9759488.0,2026-06-06 11:59:59.999000+00:00,1
2026-06-06 12:00:00+00:00,5.2,5.217,5.042,5.093,5673452.0,2026-06-06 15:59:59.999000+00:00,1
2026-06-06 16:00:00+00:00,5.093,5.143,5.006,5.024,3059172.0,2026-06-06 19:59:59.999000+00:00,1
2026-06-06 20:00:00+00:00,5.023,5.178,5.003,5.164,2055356.0,2026-06-06 23:59:59.999000+00:00,1
2026-06-07 00:00:00+00:00,5.164,5.335,5.119,5.289,3976422.0,2026-06-07 03:59:59.999000+00:00,1
2026-06-07 04:00:00+00:00,5.287,5.425,5.26,5.293,5217328.0,2026-06-07 07:59:59.999000+00:00,1
2026-06-07 08:00:00+00:00,5.293,5.397,5.171,5.189,4082446.0,2026-06-07 11:59:59.999000+00:00,1
2026-06-07 12:00:00+00:00,5.188,5.403,5.084,5.325,5163105.0,2026-06-07 15:59:59.999000+00:00,1
2026-06-07 16:00:00+00:00,5.326,5.425,5.171,5.193,3642622.0,2026-06-07 19:59:59.999000+00:00,1
2026-06-07 20:00:00+00:00,5.192,5.577,5.17,5.426,4595453.0,2026-06-07 23:59:59.999000+00:00,1
2026-06-08 00:00:00+00:00,5.426,5.673,5.398,5.551,4966286.0,2026-06-08 03:59:59.999000+00:00,1
2026-06-08 04:00:00+00:00,5.552,5.569,5.351,5.556,4212823.0,2026-06-08 07:59:59.999000+00:00,1
2026-06-08 08:00:00+00:00,5.555,5.698,5.433,5.648,5269637.0,2026-06-08 11:59:59.999000+00:00,1
2026-06-08 12:00:00+00:00,5.649,5.736,5.553,5.641,5962933.0,2026-06-08 15:59:59.999000+00:00,1
2026-06-08 16:00:00+00:00,5.642,5.923,5.57,5.714,6728851.0,2026-06-08 19:59:59.999000+00:00,1
2026-06-08 20:00:00+00:00,5.714,5.846,5.616,5.651,4295110.0,2026-06-08 23:59:59.999000+00:00,1
2026-06-09 00:00:00+00:00,5.65,5.659,5.425,5.473,4795188.0,2026-06-09 03:59:59.999000+00:00,1
2026-06-09 04:00:00+00:00,5.472,5.697,5.452,5.655,2653070.0,2026-06-09 07:59:59.999000+00:00,1
2026-06-09 08:00:00+00:00,5.656,5.803,5.568,5.772,3488748.0,2026-06-09 11:59:59.999000+00:00,1
2026-06-09 12:00:00+00:00,5.771,5.838,5.491,5.505,5781471.0,2026-06-09 15:59:59.999000+00:00,1
2026-06-09 16:00:00+00:00,5.504,5.631,5.401,5.612,4670048.0,2026-06-09 19:59:59.999000+00:00,1
2026-06-09 20:00:00+00:00,5.613,5.69,5.492,5.535,2988111.0,2026-06-09 23:59:59.999000+00:00,1
2026-06-10 00:00:00+00:00,5.536,5.577,5.328,5.337,3047016.0,2026-06-10 03:59:59.999000+00:00,1
2026-06-10 04:00:00+00:00,5.336,5.369,5.245,5.256,3145959.0,2026-06-10 07:59:59.999000+00:00,1
2026-06-10 08:00:00+00:00,5.257,5.299,5.04,5.059,5345330.0,2026-06-10 11:59:59.999000+00:00,1
2026-06-10 12:00:00+00:00,5.06,5.361,5.026,5.312,6843779.0,2026-06-10 15:59:59.999000+00:00,1
2026-06-10 16:00:00+00:00,5.313,5.339,5.042,5.046,3810430.0,2026-06-10 19:59:59.999000+00:00,1
2026-06-10 20:00:00+00:00,5.045,5.079,4.881,4.934,4691563.0,2026-06-10 23:59:59.999000+00:00,1
2026-06-11 00:00:00+00:00,4.934,5.431,4.933,5.237,5402974.0,2026-06-11 03:59:59.999000+00:00,1
2026-06-11 04:00:00+00:00,5.236,5.339,5.179,5.263,4102831.0,2026-06-11 07:59:59.999000+00:00,1
2026-06-11 08:00:00+00:00,5.264,5.307,5.148,5.258,3490765.0,2026-06-11 11:59:59.999000+00:00,1
2026-06-11 12:00:00+00:00,5.257,5.304,5.133,5.156,4160476.0,2026-06-11 15:59:59.999000+00:00,1
2026-06-11 16:00:00+00:00,5.156,5.384,5.046,5.33,5795830.0,2026-06-11 19:59:59.999000+00:00,1
2026-06-11 20:00:00+00:00,5.33,5.495,5.253,5.397,3206071.0,2026-06-11 23:59:59.999000+00:00,1
2026-06-12 00:00:00+00:00,5.397,5.634,5.369,5.54,3469661.0,2026-06-12 03:59:59.999000+00:00,1
2026-06-12 04:00:00+00:00,5.539,5.616,5.345,5.402,4212665.0,2026-06-12 07:59:59.999000+00:00,1
2026-06-12 08:00:00+00:00,5.402,5.47,5.322,5.327,2607979.0,2026-06-12 11:59:59.999000+00:00,1
2026-06-12 12:00:00+00:00,5.327,5.387,5.106,5.113,6497087.0,2026-06-12 15:59:59.999000+00:00,1
2026-06-12 16:00:00+00:00,5.114,5.178,5.046,5.125,3944238.0,2026-06-12 19:59:59.999000+00:00,1
2026-06-12 20:00:00+00:00,5.125,5.195,5.073,5.074,1702102.0,2026-06-12 23:59:59.999000+00:00,1
2026-06-13 00:00:00+00:00,5.074,5.157,5.05,5.113,2587976.0,2026-06-13 03:59:59.999000+00:00,1
2026-06-13 04:00:00+00:00,5.112,5.448,5.023,5.318,5616080.0,2026-06-13 07:59:59.999000+00:00,1
2026-06-13 08:00:00+00:00,5.317,5.355,5.219,5.247,2864662.0,2026-06-13 11:59:59.999000+00:00,1
2026-06-13 12:00:00+00:00,5.247,5.343,5.233,5.29,2368562.0,2026-06-13 15:59:59.999000+00:00,1
2026-06-13 16:00:00+00:00,5.289,5.291,5.151,5.186,2564254.0,2026-06-13 19:59:59.999000+00:00,1
2026-06-13 20:00:00+00:00,5.186,5.291,5.145,5.266,1338678.0,2026-06-13 23:59:59.999000+00:00,1
2026-06-14 00:00:00+00:00,5.266,5.282,5.187,5.207,1340946.0,2026-06-14 03:59:59.999000+00:00,1
2026-06-14 04:00:00+00:00,5.207,5.207,5.096,5.13,1875897.0,2026-06-14 07:59:59.999000+00:00,1
2026-06-14 08:00:00+00:00,5.129,5.177,5.092,5.127,1658695.0,2026-06-14 11:59:59.999000+00:00,1
2026-06-14 12:00:00+00:00,5.127,5.145,4.976,5.027,3411097.0,2026-06-14 15:59:59.999000+00:00,1
2026-06-14 16:00:00+00:00,5.026,5.106,4.902,4.978,2817427.0,2026-06-14 19:59:59.999000+00:00,1
2026-06-14 20:00:00+00:00,4.978,5.251,4.97,5.227,3278311.0,2026-06-14 23:59:59.999000+00:00,1
2026-06-15 00:00:00+00:00,5.226,5.249,5.076,5.167,2612812.0,2026-06-15 03:59:59.999000+00:00,1
2026-06-15 04:00:00+00:00,5.167,5.314,5.152,5.234,3736715.0,2026-06-15 07:59:59.999000+00:00,1
2026-06-15 08:00:00+00:00,5.234,5.518,5.174,5.485,5819234.0,2026-06-15 11:59:59.999000+00:00,1
2026-06-15 12:00:00+00:00,5.484,5.734,5.385,5.639,8328406.0,2026-06-15 15:59:59.999000+00:00,1
2026-06-15 16:00:00+00:00,5.638,5.744,5.552,5.605,5097097.0,2026-06-15 19:59:59.999000+00:00,1
2026-06-15 20:00:00+00:00,5.605,5.744,5.491,5.573,4233737.0,2026-06-15 23:59:59.999000+00:00,1
2026-06-16 00:00:00+00:00,5.574,5.712,5.439,5.705,3393758.0,2026-06-16 03:59:59.999000+00:00,1
2026-06-16 04:00:00+00:00,5.705,5.852,5.546,5.809,5498545.0,2026-06-16 07:59:59.999000+00:00,1
2026-06-16 08:00:00+00:00,5.809,6.103,5.747,6.02,8642745.0,2026-06-16 11:59:59.999000+00:00,1
2026-06-16 12:00:00+00:00,6.02,6.026,5.568,5.622,7870556.0,2026-06-16 15:59:59.999000+00:00,1
2026-06-16 16:00:00+00:00,5.622,5.746,5.517,5.686,3731326.0,2026-06-16 19:59:59.999000+00:00,1
2026-06-16 20:00:00+00:00,5.686,5.739,5.524,5.54,2179104.0,2026-06-16 23:59:59.999000+00:00,1
2026-06-17 00:00:00+00:00,5.541,5.699,5.532,5.605,2749252.0,2026-06-17 03:59:59.999000+00:00,1
2026-06-17 04:00:00+00:00,5.606,5.67,5.47,5.514,2715907.0,2026-06-17 07:59:59.999000+00:00,1
2026-06-17 08:00:00+00:00,5.514,5.525,5.368,5.412,5390094.0,2026-06-17 11:59:59.999000+00:00,1
2026-06-17 12:00:00+00:00,5.411,5.533,5.337,5.531,4884233.0,2026-06-17 15:59:59.999000+00:00,1
2026-06-17 16:00:00+00:00,5.531,5.622,5.359,5.374,6212686.0,2026-06-17 19:59:59.999000+00:00,1
2026-06-17 20:00:00+00:00,5.375,5.53,5.265,5.441,3417385.0,2026-06-17 23:59:59.999000+00:00,1
2026-06-18 00:00:00+00:00,5.441,5.529,5.275,5.276,2159838.0,2026-06-18 03:59:59.999000+00:00,1
2026-06-18 04:00:00+00:00,5.277,5.293,5.191,5.261,2577372.0,2026-06-18 07:59:59.999000+00:00,1
2026-06-18 08:00:00+00:00,5.261,5.308,5.173,5.193,1872625.0,2026-06-18 11:59:59.999000+00:00,1
2026-06-18 12:00:00+00:00,5.194,5.293,5.051,5.088,4012091.0,2026-06-18 15:59:59.999000+00:00,1
2026-06-18 16:00:00+00:00,5.087,5.227,5.068,5.213,2598222.0,2026-06-18 19:59:59.999000+00:00,1
2026-06-18 20:00:00+00:00,5.214,5.424,5.214,5.401,2635832.0,2026-06-18 23:59:59.999000+00:00,1
2026-06-19 00:00:00+00:00,5.402,5.403,5.094,5.105,3286989.0,2026-06-19 03:59:59.999000+00:00,1
2026-06-19 04:00:00+00:00,5.104,5.13,5.03,5.062,2391023.0,2026-06-19 07:59:59.999000+00:00,1
2026-06-19 08:00:00+00:00,5.062,5.113,5.025,5.04,2037659.0,2026-06-19 11:59:59.999000+00:00,1
2026-06-19 12:00:00+00:00,5.041,5.162,4.982,5.125,3238085.0,2026-06-19 15:59:59.999000+00:00,1
2026-06-19 16:00:00+00:00,5.124,5.135,5.02,5.064,2538849.0,2026-06-19 19:59:59.999000+00:00,1
2026-06-19 20:00:00+00:00,5.065,5.147,5.026,5.128,1642163.0,2026-06-19 23:59:59.999000+00:00,1
2026-06-20 00:00:00+00:00,5.127,5.158,5.042,5.068,1280694.0,2026-06-20 03:59:59.999000+00:00,1
2026-06-20 04:00:00+00:00,5.067,5.178,5.056,5.081,1453253.0,2026-06-20 07:59:59.999000+00:00,1
2026-06-20 08:00:00+00:00,5.081,5.156,5.057,5.066,1711152.0,2026-06-20 11:59:59.999000+00:00,1
2026-06-20 12:00:00+00:00,5.065,5.109,4.89,5.008,5054407.0,2026-06-20 15:59:59.999000+00:00,1
2026-06-20 16:00:00+00:00,5.009,5.069,4.945,4.987,1696047.0,2026-06-20 19:59:59.999000+00:00,1
2026-06-20 20:00:00+00:00,4.987,5.088,4.969,5.05,1517881.0,2026-06-20 23:59:59.999000+00:00,1
2026-06-21 00:00:00+00:00,5.048,5.078,4.986,5.075,1728321.0,2026-06-21 03:59:59.999000+00:00,1
2026-06-21 04:00:00+00:00,5.076,5.123,5.0,5.016,1605154.0,2026-06-21 07:59:59.999000+00:00,1
2026-06-21 08:00:00+00:00,5.017,5.085,4.959,4.975,1670558.0,2026-06-21 11:59:59.999000+00:00,1
2026-06-21 12:00:00+00:00,4.975,5.023,4.944,4.998,1641662.0,2026-06-21 15:59:59.999000+00:00,1
2026-06-21 16:00:00+00:00,4.996,4.997,4.877,4.956,2445807.0,2026-06-21 19:59:59.999000+00:00,1
2026-06-21 20:00:00+00:00,4.957,4.958,4.741,4.816,3118125.0,2026-06-21 23:59:59.999000+00:00,1
2026-06-22 00:00:00+00:00,4.817,5.021,4.816,4.9,3214240.0,2026-06-22 03:59:59.999000+00:00,1
2026-06-22 04:00:00+00:00,4.899,4.936,4.861,4.907,1438442.0,2026-06-22 07:59:59.999000+00:00,1
2026-06-22 08:00:00+00:00,4.906,4.947,4.868,4.942,1618296.0,2026-06-22 11:59:59.999000+00:00,1
2026-06-22 12:00:00+00:00,4.941,5.018,4.809,4.821,4951061.0,2026-06-22 15:59:59.999000+00:00,1
2026-06-22 16:00:00+00:00,4.822,4.909,4.782,4.847,2586889.0,2026-06-22 19:59:59.999000+00:00,1
2026-06-22 20:00:00+00:00,4.848,4.879,4.758,4.817,1382407.0,2026-06-22 23:59:59.999000+00:00,1
2026-06-23 00:00:00+00:00,4.815,4.837,4.746,4.836,1672474.0,2026-06-23 03:59:59.999000+00:00,1
2026-06-23 04:00:00+00:00,4.836,4.867,4.555,4.604,7519971.0,2026-06-23 07:59:59.999000+00:00,1
2026-06-23 08:00:00+00:00,4.605,4.637,4.519,4.601,2600759.0,2026-06-23 11:59:59.999000+00:00,1
2026-06-23 12:00:00+00:00,4.603,4.612,4.503,4.528,2703766.0,2026-06-23 15:59:59.999000+00:00,1
2026-06-23 16:00:00+00:00,4.528,4.581,4.499,4.565,1604281.0,2026-06-23 19:59:59.999000+00:00,1
2026-06-23 20:00:00+00:00,4.565,4.624,4.521,4.542,1185397.0,2026-06-23 23:59:59.999000+00:00,1
2026-06-24 00:00:00+00:00,4.542,4.583,4.474,4.517,1605076.0,2026-06-24 03:59:59.999000+00:00,1
2026-06-24 04:00:00+00:00,4.517,4.544,4.462,4.514,1030429.0,2026-06-24 07:59:59.999000+00:00,1
2026-06-24 08:00:00+00:00,4.515,4.531,4.268,4.329,6501690.0,2026-06-24 11:59:59.999000+00:00,1
2026-06-24 12:00:00+00:00,4.33,4.392,4.246,4.261,4916415.0,2026-06-24 15:59:59.999000+00:00,1
2026-06-24 16:00:00+00:00,4.261,4.334,4.122,4.246,4824841.0,2026-06-24 19:59:59.999000+00:00,1
2026-06-24 20:00:00+00:00,4.245,4.347,4.202,4.26,2585599.0,2026-06-24 23:59:59.999000+00:00,1
2026-06-25 00:00:00+00:00,4.261,4.267,4.154,4.154,2281676.0,2026-06-25 03:59:59.999000+00:00,1
2026-06-25 04:00:00+00:00,4.154,4.284,4.146,4.254,5222135.0,2026-06-25 07:59:59.999000+00:00,1
2026-06-25 08:00:00+00:00,4.255,4.283,4.143,4.166,4355240.0,2026-06-25 11:59:59.999000+00:00,1
2026-06-25 12:00:00+00:00,4.167,4.334,4.023,4.217,10883239.0,2026-06-25 15:59:59.999000+00:00,1
2026-06-25 16:00:00+00:00,4.217,4.258,4.098,4.195,4585473.0,2026-06-25 19:59:59.999000+00:00,1
2026-06-25 20:00:00+00:00,4.196,4.319,4.191,4.273,2342438.0,2026-06-25 23:59:59.999000+00:00,1
2026-06-26 00:00:00+00:00,4.274,4.455,4.173,4.443,7776136.0,2026-06-26 03:59:59.999000+00:00,1
2026-06-26 04:00:00+00:00,4.443,4.504,4.338,4.48,5505368.0,2026-06-26 07:59:59.999000+00:00,1
2026-06-26 08:00:00+00:00,4.479,4.59,4.443,4.468,5156342.0,2026-06-26 11:59:59.999000+00:00,1
2026-06-26 12:00:00+00:00,4.469,4.727,4.465,4.701,5315968.0,2026-06-26 15:59:59.999000+00:00,1
2026-06-26 16:00:00+00:00,4.7,4.908,4.665,4.819,6425619.0,2026-06-26 19:59:59.999000+00:00,1
2026-06-26 20:00:00+00:00,4.819,4.902,4.719,4.868,3688637.0,2026-06-26 23:59:59.999000+00:00,1
2026-06-27 00:00:00+00:00,4.869,4.965,4.837,4.858,3760985.0,2026-06-27 03:59:59.999000+00:00,1
2026-06-27 04:00:00+00:00,4.858,5.042,4.788,5.037,4190648.0,2026-06-27 07:59:59.999000+00:00,1
2026-06-27 08:00:00+00:00,5.037,5.07,4.812,4.857,3941859.0,2026-06-27 11:59:59.999000+00:00,1
2026-06-27 12:00:00+00:00,4.856,4.979,4.839,4.89,1982883.0,2026-06-27 15:59:59.999000+00:00,1
2026-06-27 16:00:00+00:00,4.889,4.895,4.727,4.752,2580563.0,2026-06-27 19:59:59.999000+00:00,1
2026-06-27 20:00:00+00:00,4.751,4.814,4.619,4.631,2298128.0,2026-06-27 23:59:59.999000+00:00,1
2026-06-28 00:00:00+00:00,4.631,4.703,4.628,4.692,1993096.0,2026-06-28 03:59:59.999000+00:00,1
2026-06-28 04:00:00+00:00,4.691,4.775,4.631,4.73,2027870.0,2026-06-28 07:59:59.999000+00:00,1
2026-06-28 08:00:00+00:00,4.731,4.756,4.667,4.683,1485256.0,2026-06-28 11:59:59.999000+00:00,1
2026-06-28 12:00:00+00:00,4.683,4.692,4.602,4.621,2146836.0,2026-06-28 15:59:59.999000+00:00,1
2026-06-28 16:00:00+00:00,4.623,4.623,4.557,4.587,1454093.0,2026-06-28 19:59:59.999000+00:00,1
2026-06-28 20:00:00+00:00,4.586,4.626,4.507,4.549,1873393.0,2026-06-28 23:59:59.999000+00:00,1
2026-06-29 00:00:00+00:00,4.55,4.629,4.528,4.618,1956658.0,2026-06-29 03:59:59.999000+00:00,1
2026-06-29 04:00:00+00:00,4.618,4.724,4.564,4.698,2744562.0,2026-06-29 07:59:59.999000+00:00,1
2026-06-29 08:00:00+00:00,4.699,4.759,4.637,4.657,2858131.0,2026-06-29 11:59:59.999000+00:00,1
2026-06-29 12:00:00+00:00,4.658,4.85,4.627,4.813,3561866.0,2026-06-29 15:59:59.999000+00:00,1
2026-06-29 16:00:00+00:00,4.813,4.821,4.699,4.712,1971363.0,2026-06-29 19:59:59.999000+00:00,1
2026-06-29 20:00:00+00:00,4.712,4.729,4.672,4.725,944289.0,2026-06-29 23:59:59.999000+00:00,1
2026-06-30 00:00:00+00:00,4.724,4.77,4.644,4.727,1625571.0,2026-06-30 03:59:59.999000+00:00,1
2026-06-30 04:00:00+00:00,4.727,4.809,4.672,4.704,1523325.0,2026-06-30 07:59:59.999000+00:00,1
2026-06-30 08:00:00+00:00,4.704,4.708,4.555,4.592,2686174.0,2026-06-30 11:59:59.999000+00:00,1
2026-06-30 12:00:00+00:00,4.592,4.647,4.504,4.591,2897702.0,2026-06-30 15:59:59.999000+00:00,1
2026-06-30 16:00:00+00:00,4.592,4.699,4.568,4.636,1685313.0,2026-06-30 19:59:59.999000+00:00,1
2026-06-30 20:00:00+00:00,4.635,4.704,4.535,4.548,2182700.0,2026-06-30 23:59:59.999000+00:00,1
2026-07-01 00:00:00+00:00,4.549,4.751,4.476,4.703,2312086.0,2026-07-01 03:59:59.999000+00:00,1
2026-07-01 04:00:00+00:00,4.703,4.731,4.611,4.625,1239006.0,2026-07-01 07:59:59.999000+00:00,1
2026-07-01 08:00:00+00:00,4.625,4.683,4.582,4.672,1667350.0,2026-07-01 11:59:59.999000+00:00,1
2026-07-01 12:00:00+00:00,4.672,4.831,4.638,4.817,2871126.0,2026-07-01 15:59:59.999000+00:00,1
2026-07-01 16:00:00+00:00,4.818,4.871,4.696,4.703,1663841.0,2026-07-01 19:59:59.999000+00:00,1
2026-07-01 20:00:00+00:00,4.704,4.803,4.445,4.485,4446255.0,2026-07-01 23:59:59.999000+00:00,1
2026-07-02 00:00:00+00:00,4.487,4.591,4.423,4.587,2941947.0,2026-07-02 03:59:59.999000+00:00,1
2026-07-02 04:00:00+00:00,4.587,4.632,4.493,4.599,3313049.0,2026-07-02 07:59:59.999000+00:00,1
2026-07-02 08:00:00+00:00,4.599,4.607,4.507,4.543,2840878.0,2026-07-02 11:59:59.999000+00:00,1
2026-07-02 12:00:00+00:00,4.542,4.723,4.532,4.601,3269272.0,2026-07-02 15:59:59.999000+00:00,1
2026-07-02 16:00:00+00:00,4.603,4.652,4.583,4.632,1538287.0,2026-07-02 19:59:59.999000+00:00,1
2026-07-02 20:00:00+00:00,4.632,4.667,4.589,4.62,1010714.0,2026-07-02 23:59:59.999000+00:00,1
2026-07-03 00:00:00+00:00,4.618,4.816,4.618,4.738,2462901.0,2026-07-03 03:59:59.999000+00:00,1
2026-07-03 04:00:00+00:00,4.739,4.785,4.687,4.759,947823.0,2026-07-03 07:59:59.999000+00:00,1
2026-07-03 08:00:00+00:00,4.759,4.927,4.744,4.915,2355469.0,2026-07-03 11:59:59.999000+00:00,1
2026-07-03 12:00:00+00:00,4.916,4.93,4.816,4.851,2545332.0,2026-07-03 15:59:59.999000+00:00,1
2026-07-03 16:00:00+00:00,4.85,4.932,4.823,4.863,1978881.0,2026-07-03 19:59:59.999000+00:00,1
2026-07-03 20:00:00+00:00,4.862,4.906,4.841,4.858,1186151.0,2026-07-03 23:59:59.999000+00:00,1
2026-07-04 00:00:00+00:00,4.858,4.945,4.789,4.899,1888114.0,2026-07-04 03:59:59.999000+00:00,1
2026-07-04 04:00:00+00:00,4.899,4.93,4.764,4.801,1635849.0,2026-07-04 07:59:59.999000+00:00,1
2026-07-04 08:00:00+00:00,4.801,4.819,4.732,4.782,1221243.0,2026-07-04 11:59:59.999000+00:00,1
2026-07-04 12:00:00+00:00,4.781,4.869,4.76,4.859,1693580.0,2026-07-04 15:59:59.999000+00:00,1
2026-07-04 16:00:00+00:00,4.859,4.883,4.799,4.853,1655692.0,2026-07-04 19:59:59.999000+00:00,1
2026-07-04 20:00:00+00:00,4.852,4.87,4.782,4.805,883877.0,2026-07-04 23:59:59.999000+00:00,1
2026-07-05 00:00:00+00:00,4.805,4.813,4.677,4.713,1745603.0,2026-07-05 03:59:59.999000+00:00,1
2026-07-05 04:00:00+00:00,4.712,4.741,4.671,4.73,1085193.0,2026-07-05 07:59:59.999000+00:00,1
2026-07-05 08:00:00+00:00,4.729,4.731,4.593,4.641,1952591.0,2026-07-05 11:59:59.999000+00:00,1
2026-07-05 12:00:00+00:00,4.641,4.69,4.617,4.658,827861.0,2026-07-05 15:59:59.999000+00:00,1
2026-07-05 16:00:00+00:00,4.658,4.704,4.627,4.681,755067.0,2026-07-05 19:59:59.999000+00:00,1
2026-07-05 20:00:00+00:00,4.682,4.83,4.677,4.807,1419287.0,2026-07-05 23:59:59.999000+00:00,1
2026-07-06 00:00:00+00:00,4.807,4.895,4.737,4.892,3173148.0,2026-07-06 03:59:59.999000+00:00,1
2026-07-06 04:00:00+00:00,4.892,4.898,4.753,4.839,2040744.0,2026-07-06 07:59:59.999000+00:00,1
2026-07-06 08:00:00+00:00,4.838,4.878,4.757,4.792,1621369.0,2026-07-06 11:59:59.999000+00:00,1
2026-07-06 12:00:00+00:00,4.789,4.889,4.667,4.876,4914976.0,2026-07-06 15:59:59.999000+00:00,1
2026-07-06 16:00:00+00:00,4.877,4.982,4.831,4.885,3411761.0,2026-07-06 19:59:59.999000+00:00,1
2026-07-06 20:00:00+00:00,4.886,4.953,4.807,4.814,1454451.0,2026-07-06 23:59:59.999000+00:00,1
2026-07-07 00:00:00+00:00,4.814,4.849,4.732,4.745,1525279.0,2026-07-07 03:59:59.999000+00:00,1
2026-07-07 04:00:00+00:00,4.744,4.784,4.718,4.753,1141049.0,2026-07-07 07:59:59.999000+00:00,1
2026-07-07 08:00:00+00:00,4.754,4.778,4.723,4.756,785966.0,2026-07-07 11:59:59.999000+00:00,1
2026-07-07 12:00:00+00:00,4.757,4.868,4.663,4.867,3571257.0,2026-07-07 15:59:59.999000+00:00,1
2026-07-07 16:00:00+00:00,4.866,4.885,4.681,4.75,3672271.0,2026-07-07 19:59:59.999000+00:00,1
2026-07-07 20:00:00+00:00,4.751,4.771,4.631,4.716,1386633.0,2026-07-07 23:59:59.999000+00:00,1
2026-07-08 00:00:00+00:00,4.716,4.768,4.628,4.667,2812055.0,2026-07-08 03:59:59.999000+00:00,1
2026-07-08 04:00:00+00:00,4.668,4.731,4.612,4.728,1629763.0,2026-07-08 07:59:59.999000+00:00,1
2026-07-08 08:00:00+00:00,4.729,4.763,4.555,4.611,4002121.0,2026-07-08 11:59:59.999000+00:00,1
2026-07-08 12:00:00+00:00,4.611,4.668,4.526,4.667,3266010.0,2026-07-08 15:59:59.999000+00:00,1
2026-07-08 16:00:00+00:00,4.666,4.744,4.608,4.644,2675129.0,2026-07-08 19:59:59.999000+00:00,1
2026-07-08 20:00:00+00:00,4.645,4.739,4.602,4.735,929708.0,2026-07-08 23:59:59.999000+00:00,1
2026-07-09 00:00:00+00:00,4.734,4.875,4.696,4.799,4486160.0,2026-07-09 03:59:59.999000+00:00,1
2026-07-09 04:00:00+00:00,4.798,4.844,4.723,4.824,2902887.0,2026-07-09 07:59:59.999000+00:00,1
2026-07-09 08:00:00+00:00,4.827,4.875,4.789,4.846,1592349.0,2026-07-09 11:59:59.999000+00:00,1
2026-07-09 12:00:00+00:00,4.846,4.921,4.823,4.865,2425331.0,2026-07-09 15:59:59.999000+00:00,1
2026-07-09 16:00:00+00:00,4.865,4.961,4.85,4.867,1683735.0,2026-07-09 19:59:59.999000+00:00,1
2026-07-09 20:00:00+00:00,4.868,4.966,4.796,4.828,2040485.0,2026-07-09 23:59:59.999000+00:00,1
2026-07-10 00:00:00+00:00,4.829,4.932,4.804,4.854,1427649.0,2026-07-10 03:59:59.999000+00:00,1
2026-07-10 04:00:00+00:00,4.854,4.866,4.782,4.793,1082531.0,2026-07-10 07:59:59.999000+00:00,1
2026-07-10 08:00:00+00:00,4.791,4.95,4.788,4.887,2143838.0,2026-07-10 11:59:59.999000+00:00,1
2026-07-10 12:00:00+00:00,4.887,4.914,4.789,4.832,2045528.0,2026-07-10 15:59:59.999000+00:00,1
2026-07-10 16:00:00+00:00,4.831,4.889,4.816,4.879,885541.0,2026-07-10 19:59:59.999000+00:00,1
2026-07-10 20:00:00+00:00,4.878,5.023,4.865,5.012,1809055.0,2026-07-10 23:59:59.999000+00:00,1
2026-07-11 00:00:00+00:00,5.011,5.08,4.93,5.036,2556186.0,2026-07-11 03:59:59.999000+00:00,1
2026-07-11 04:00:00+00:00,5.037,5.125,4.968,5.088,2894956.0,2026-07-11 07:59:59.999000+00:00,1
2026-07-11 08:00:00+00:00,5.089,5.148,5.004,5.042,2598119.0,2026-07-11 11:59:59.999000+00:00,1
2026-07-11 12:00:00+00:00,5.043,5.095,4.996,5.039,2027790.0,2026-07-11 15:59:59.999000+00:00,1
2026-07-11 16:00:00+00:00,5.038,5.038,4.93,5.03,1620298.0,2026-07-11 19:59:59.999000+00:00,1
2026-07-11 20:00:00+00:00,5.031,5.072,4.926,4.926,1359085.0,2026-07-11 23:59:59.999000+00:00,1
2026-07-12 00:00:00+00:00,4.926,4.973,4.845,4.94,2199767.0,2026-07-12 03:59:59.999000+00:00,1
2026-07-12 04:00:00+00:00,4.94,4.972,4.872,4.903,1709696.0,2026-07-12 07:59:59.999000+00:00,1
2026-07-12 08:00:00+00:00,4.904,4.954,4.855,4.911,1251286.0,2026-07-12 11:59:59.999000+00:00,1
2026-07-12 12:00:00+00:00,4.91,4.935,4.828,4.898,1637698.0,2026-07-12 15:59:59.999000+00:00,1
2026-07-12 16:00:00+00:00,4.899,4.931,4.857,4.89,1896096.0,2026-07-12 19:59:59.999000+00:00,1
2026-07-12 20:00:00+00:00,4.891,4.908,4.79,4.867,1488698.0,2026-07-12 23:59:59.999000+00:00,1
2026-07-13 00:00:00+00:00,4.867,4.955,4.701,4.709,3766056.0,2026-07-13 03:59:59.999000+00:00,1
2026-07-13 04:00:00+00:00,4.709,4.762,4.684,4.742,1987735.0,2026-07-13 07:59:59.999000+00:00,1
2026-07-13 08:00:00+00:00,4.743,4.779,4.73,4.751,803902.0,2026-07-13 11:59:59.999000+00:00,1
2026-07-13 12:00:00+00:00,4.75,4.787,4.703,4.722,2026719.0,2026-07-13 15:59:59.999000+00:00,1
2026-07-13 16:00:00+00:00,4.724,4.73,4.651,4.674,1442117.0,2026-07-13 19:59:59.999000+00:00,1
2026-07-13 20:00:00+00:00,4.675,4.699,4.609,4.669,1003085.0,2026-07-13 23:59:59.999000+00:00,1
2026-07-14 00:00:00+00:00,4.669,4.813,4.659,4.772,2168237.0,2026-07-14 03:59:59.999000+00:00,1
2026-07-14 04:00:00+00:00,4.773,5.083,4.773,4.972,5374926.0,2026-07-14 07:59:59.999000+00:00,1
2026-07-14 08:00:00+00:00,4.971,5.038,4.92,5.003,4055409.0,2026-07-14 11:59:59.999000+00:00,1
2026-07-14 12:00:00+00:00,5.003,5.114,4.959,5.007,6015153.0,2026-07-14 15:59:59.999000+00:00,1
2026-07-14 16:00:00+00:00,5.008,5.037,4.972,5.012,1660726.0,2026-07-14 19:59:59.999000+00:00,1
2026-07-14 20:00:00+00:00,5.013,5.07,4.983,5.051,1311569.0,2026-07-14 23:59:59.999000+00:00,1
2026-07-15 00:00:00+00:00,5.051,5.062,4.959,4.977,1404676.0,2026-07-15 03:59:59.999000+00:00,1
2026-07-15 04:00:00+00:00,4.977,5.022,4.895,4.913,1708490.0,2026-07-15 07:59:59.999000+00:00,1
2026-07-15 08:00:00+00:00,4.914,5.048,4.891,5.046,2409555.0,2026-07-15 11:59:59.999000+00:00,1
2026-07-15 12:00:00+00:00,5.045,5.214,5.044,5.15,5501353.0,2026-07-15 15:59:59.999000+00:00,1
2026-07-15 16:00:00+00:00,5.15,5.152,5.055,5.086,1893158.0,2026-07-15 19:59:59.999000+00:00,1
2026-07-15 20:00:00+00:00,5.086,5.174,5.074,5.091,1519857.0,2026-07-15 23:59:59.999000+00:00,1
2026-07-16 00:00:00+00:00,5.091,5.173,5.072,5.124,1715808.0,2026-07-16 03:59:59.999000+00:00,1
2026-07-16 04:00:00+00:00,5.123,5.229,5.094,5.134,2072641.0,2026-07-16 07:59:59.999000+00:00,1
2026-07-16 08:00:00+00:00,5.135,5.137,5.01,5.021,3037199.0,2026-07-16 11:59:59.999000+00:00,1
2026-07-16 12:00:00+00:00,5.021,5.114,4.994,5.05,3777005.0,2026-07-16 15:59:59.999000+00:00,1
2026-07-16 16:00:00+00:00,5.05,5.054,4.953,4.975,1540691.0,2026-07-16 19:59:59.999000+00:00,1
2026-07-16 20:00:00+00:00,4.973,5.026,4.852,4.856,1709238.0,2026-07-16 23:59:59.999000+00:00,1
2026-07-17 00:00:00+00:00,4.857,4.903,4.826,4.85,2548445.0,2026-07-17 03:59:59.999000+00:00,1
2026-07-17 04:00:00+00:00,4.849,4.958,4.813,4.896,3171671.0,2026-07-17 07:59:59.999000+00:00,1
2026-07-17 08:00:00+00:00,4.897,4.956,4.842,4.927,2573479.0,2026-07-17 11:59:59.999000+00:00,1
2026-07-17 12:00:00+00:00,4.928,5.105,4.865,5.097,4697708.0,2026-07-17 15:59:59.999000+00:00,1
2026-07-17 16:00:00+00:00,5.095,5.104,5.033,5.062,2020257.0,2026-07-17 19:59:59.999000+00:00,1
2026-07-17 20:00:00+00:00,5.061,5.145,5.044,5.142,1122388.0,2026-07-17 23:59:59.999000+00:00,1
2026-07-18 00:00:00+00:00,5.143,5.219,5.134,5.204,2030226.0,2026-07-18 03:59:59.999000+00:00,1
2026-07-18 04:00:00+00:00,5.205,5.205,5.032,5.056,1872034.0,2026-07-18 07:59:59.999000+00:00,1
2026-07-18 08:00:00+00:00,5.057,5.139,5.017,5.117,1294221.0,2026-07-18 11:59:59.999000+00:00,1
2026-07-18 12:00:00+00:00,5.118,5.181,5.077,5.097,1837774.0,2026-07-18 15:59:59.999000+00:00,1
2026-07-18 16:00:00+00:00,5.097,5.189,5.095,5.144,1376623.0,2026-07-18 19:59:59.999000+00:00,1
2026-07-18 20:00:00+00:00,5.143,5.176,5.111,5.16,812138.0,2026-07-18 23:59:59.999000+00:00,1
2026-07-19 00:00:00+00:00,5.162,5.218,5.07,5.071,1602858.0,2026-07-19 03:59:59.999000+00:00,1
2026-07-19 04:00:00+00:00,5.072,5.121,5.061,5.089,1057620.0,2026-07-19 07:59:59.999000+00:00,1
2026-07-19 08:00:00+00:00,5.089,5.095,5.045,5.05,1350490.0,2026-07-19 11:59:59.999000+00:00,1
2026-07-19 12:00:00+00:00,5.049,5.141,5.024,5.105,1434194.0,2026-07-19 15:59:59.999000+00:00,1
2026-07-19 16:00:00+00:00,5.106,5.146,5.045,5.139,1138789.0,2026-07-19 19:59:59.999000+00:00,1
2026-07-19 20:00:00+00:00,5.14,5.178,5.092,5.106,1019603.0,2026-07-19 23:59:59.999000+00:00,1
2026-07-20 00:00:00+00:00,5.105,5.192,5.093,5.134,1472951.0,2026-07-20 03:59:59.999000+00:00,1
2026-07-20 04:00:00+00:00,5.135,5.16,5.072,5.13,1404746.0,2026-07-20 07:59:59.999000+00:00,1
2026-07-20 08:00:00+00:00,5.13,5.301,5.093,5.298,3163755.0,2026-07-20 11:59:59.999000+00:00,1
2026-07-20 12:00:00+00:00,5.298,5.333,5.224,5.304,3972572.0,2026-07-20 15:59:59.999000+00:00,1
2026-07-20 16:00:00+00:00,5.304,5.481,5.271,5.405,5881618.0,2026-07-20 19:59:59.999000+00:00,1
2026-07-20 20:00:00+00:00,5.406,5.41,5.327,5.343,1694325.0,2026-07-20 23:59:59.999000+00:00,1
2026-07-21 00:00:00+00:00,5.342,5.39,5.311,5.381,1315518.0,2026-07-21 03:59:59.999000+00:00,1
2026-07-21 04:00:00+00:00,5.381,5.393,5.324,5.358,1828114.0,2026-07-21 07:59:59.999000+00:00,1
2026-07-21 08:00:00+00:00,5.355,5.41,5.336,5.384,2577140.0,2026-07-21 11:59:59.999000+00:00,1
2026-07-21 12:00:00+00:00,5.385,5.39,5.268,5.274,3208757.0,2026-07-21 15:59:59.999000+00:00,1
2026-07-21 16:00:00+00:00,5.273,5.347,5.26,5.313,2014615.0,2026-07-21 19:59:59.999000+00:00,1
2026-07-21 20:00:00+00:00,5.314,5.347,5.291,5.3,912214.0,2026-07-21 23:59:59.999000+00:00,1
2026-07-22 00:00:00+00:00,5.3,5.391,5.284,5.365,1680444.0,2026-07-22 03:59:59.999000+00:00,1
2026-07-22 04:00:00+00:00,5.365,5.424,5.158,5.192,2751649.0,2026-07-22 07:59:59.999000+00:00,1
2026-07-22 08:00:00+00:00,5.193,5.267,5.183,5.223,1430658.0,2026-07-22 11:59:59.999000+00:00,1
2026-07-22 12:00:00+00:00,5.224,5.263,5.198,5.214,1812949.0,2026-07-22 15:59:59.999000+00:00,1
2026-07-22 16:00:00+00:00,5.214,5.256,5.152,5.159,963111.0,2026-07-22 19:59:59.999000+00:00,1
2026-07-22 20:00:00+00:00,5.158,5.199,5.131,5.167,1258957.0,2026-07-22 23:59:59.999000+00:00,1
2026-07-23 00:00:00+00:00,5.167,5.169,5.08,5.108,1516821.0,2026-07-23 03:59:59.999000+00:00,1
2026-07-23 04:00:00+00:00,5.107,5.174,5.081,5.123,1518826.0,2026-07-23 07:59:59.999000+00:00,1
2026-07-23 08:00:00+00:00,5.122,5.203,5.113,5.168,1492315.0,2026-07-23 11:59:59.999000+00:00,1
2026-07-23 12:00:00+00:00,5.167,5.207,5.106,5.147,2323202.0,2026-07-23 15:59:59.999000+00:00,1
2026-07-23 16:00:00+00:00,5.148,5.166,5.081,5.121,1140794.0,2026-07-23 19:59:59.999000+00:00,1
2026-07-23 20:00:00+00:00,5.121,5.194,5.117,5.17,689899.0,2026-07-23 23:59:59.999000+00:00,1
2026-07-24 00:00:00+00:00,5.171,5.399,5.168,5.353,4261335.0,2026-07-24 03:59:59.999000+00:00,1
2026-07-24 04:00:00+00:00,5.352,5.449,5.334,5.417,4065248.0,2026-07-24 07:59:59.999000+00:00,1
2026-07-24 08:00:00+00:00,5.418,5.423,5.289,5.343,4012536.0,2026-07-24 11:59:59.999000+00:00,1
2026-07-24 12:00:00+00:00,5.341,5.367,5.105,5.245,4698453.0,2026-07-24 15:59:59.999000+00:00,1
2026-07-24 16:00:00+00:00,5.244,5.265,5.134,5.191,1585514.0,2026-07-24 19:59:59.999000+00:00,1
2026-07-24 20:00:00+00:00,5.19,5.205,5.13,5.165,863508.0,2026-07-24 23:59:59.999000+00:00,1
2026-07-25 00:00:00+00:00,5.166,5.314,5.16,5.283,1677753.0,2026-07-25 03:59:59.999000+00:00,1
2026-07-25 04:00:00+00:00,5.284,5.348,5.182,5.196,2152446.0,2026-07-25 07:59:59.999000+00:00,1
2026-07-25 08:00:00+00:00,5.196,5.242,5.144,5.151,2092928.0,2026-07-25 11:59:59.999000+00:00,1
2026-07-25 12:00:00+00:00,5.151,5.163,5.089,5.116,2202162.0,2026-07-25 15:59:59.999000+00:00,1
2026-07-25 16:00:00+00:00,5.115,5.122,5.012,5.046,4426530.0,2026-07-25 19:59:59.999000+00:00,1
2026-07-25 20:00:00+00:00,5.045,5.1,5.024,5.076,998643.0,2026-07-25 23:59:59.999000+00:00,1
2026-07-26 00:00:00+00:00,5.075,5.104,5.043,5.051,1276192.0,2026-07-26 03:59:59.999000+00:00,1
2026-07-26 04:00:00+00:00,5.051,5.08,4.845,4.911,4640886.0,2026-07-26 07:59:59.999000+00:00,1
2026-07-26 08:00:00+00:00,4.912,4.959,4.881,4.922,2039450.0,2026-07-26 11:59:59.999000+00:00,1
2026-07-26 12:00:00+00:00,4.92,4.991,4.907,4.988,1890421.0,2026-07-26 15:59:59.999000+00:00,1
2026-07-26 16:00:00+00:00,4.99,4.991,4.863,4.876,2511232.0,2026-07-26 19:59:59.999000+00:00,1
2026-07-26 20:00:00+00:00,4.876,5.029,4.858,5.007,2599700.0,2026-07-26 23:59:59.999000+00:00,1
2026-07-27 00:00:00+00:00,5.007,5.007,4.908,4.925,1720078.0,2026-07-27 03:59:59.999000+00:00,1
2026-07-27 04:00:00+00:00,4.925,4.947,4.897,4.91,1398605.0,2026-07-27 07:59:59.999000+00:00,1
2026-07-27 08:00:00+00:00,4.91,4.967,4.868,4.913,3560436.0,2026-07-27 11:59:59.999000+00:00,1
2026-07-27 12:00:00+00:00,4.914,4.956,4.771,4.81,5802458.0,2026-07-27 15:59:59.999000+00:00,1
2026-07-27 16:00:00+00:00,4.81,4.89,4.798,4.833,1687682.0,2026-07-27 19:59:59.999000+00:00,1
2026-07-27 20:00:00+00:00,4.834,4.842,4.709,4.722,1961187.0,2026-07-27 23:59:59.999000+00:00,1
2026-07-28 00:00:00+00:00,4.722,4.764,4.691,4.729,3147052.0,2026-07-28 03:59:59.999000+00:00,1
2026-07-28 04:00:00+00:00,4.729,4.739,4.63,4.645,1890403.0,2026-07-28 07:59:59.999000+00:00,1
2026-07-28 08:00:00+00:00,4.644,4.656,4.584,4.614,1899430.0,2026-07-28 11:59:59.999000+00:00,1
2026-07-28 12:00:00+00:00,4.614,4.683,4.575,4.652,3047728.0,2026-07-28 15:59:59.999000+00:00,1
2026-07-28 16:00:00+00:00,4.651,4.654,4.528,4.607,2649145.0,2026-07-28 19:59:59.999000+00:00,1
2026-07-28 20:00:00+00:00,4.608,4.634,4.588,4.627,1093411.0,2026-07-28 23:59:59.999000+00:00,1
2026-07-29 00:00:00+00:00,4.627,4.647,4.585,4.59,992958.0,2026-07-29 03:59:59.999000+00:00,1
2026-07-29 04:00:00+00:00,4.59,4.592,4.467,4.499,1662490.0,2026-07-29 07:59:59.999000+00:00,1
2026-07-29 08:00:00+00:00,4.5,4.651,4.479,4.581,3411331.0,2026-07-29 11:59:59.999000+00:00,1
2026-07-29 12:00:00+00:00,4.58,4.604,4.521,4.552,1212655.0,2026-07-29 15:59:59.999000+00:00,1
2026-07-29 16:00:00+00:00,4.551,4.67,4.517,4.533,2616859.0,2026-07-29 19:59:59.999000+00:00,1
2026-07-29 20:00:00+00:00,4.533,4.619,4.482,4.601,1435040.0,2026-07-29 23:59:59.999000+00:00,1
2026-07-30 00:00:00+00:00,4.601,4.691,4.579,4.654,2025216.0,2026-07-30 03:59:59.999000+00:00,1
2026-07-30 04:00:00+00:00,4.655,4.831,4.63,4.805,3796147.0,2026-07-30 07:59:59.999000+00:00,1
2026-07-30 08:00:00+00:00,4.805,4.854,4.765,4.823,2872671.0,2026-07-30 11:59:59.999000+00:00,1
2026-07-30 12:00:00+00:00,4.825,4.854,4.768,4.817,1513432.0,2026-07-30 15:59:59.999000+00:00,1
2026-07-30 16:00:00+00:00,4.816,4.85,4.795,4.797,1254054.0,2026-07-30 19:59:59.999000+00:00,1
2026-07-30 20:00:00+00:00,4.798,5.016,4.76,5.008,4482619.0,2026-07-30 23:59:59.999000+00:00,1
2026-07-31 00:00:00+00:00,5.007,5.089,4.89,4.924,3644209.0,2026-07-31 03:59:59.999000+00:00,1
2026-07-31 04:00:00+00:00,4.923,4.981,4.883,4.901,1613327.0,2026-07-31 07:59:59.999000+00:00,1
2026-07-31 08:00:00+00:00,4.902,4.924,4.822,4.844,2159225.0,2026-07-31 11:59:59.999000+00:00,1
2026-07-31 12:00:00+00:00,4.844,4.883,4.8,4.816,2731803.0,2026-07-31 15:59:59.999000+00:00,1
2026-07-31 16:00:00+00:00,4.815,4.871,4.775,4.779,989886.0,2026-07-31 19:59:59.999000+00:00,1
2026-07-31 20:00:00+00:00,4.779,4.886,4.756,4.863,1399913.0,2026-07-31 23:59:59.999000+00:00,1
2026-08-01 00:00:00+00:00,4.863,4.914,4.813,4.855,1185101.0,2026-08-01 03:59:59.999000+00:00,1
2026-08-01 04:00:00+00:00,4.855,4.863,4.813,4.846,820040.0,2026-08-01 07:59:59.999000+00:00,1
2026-08-01 08:00:00+00:00,4.845,4.933,4.838,4.901,1499114.0,2026-08-01 11:59:59.999000+00:00,1
2026-08-01 12:00:00+00:00,4.9,4.952,4.881,4.9,1314988.0,2026-08-01 15:59:59.999000+00:00,1
2026-08-01 16:00:00+00:00,4.901,4.948,4.837,4.893,1991322.0,2026-08-01 19:59:59.999000+00:00,1
2026-08-01 20:00:00+00:00,4.893,4.942,4.863,4.863,1173065.0,2026-08-01 23:59:59.999000+00:00,1
2026-08-02 00:00:00+00:00,4.863,4.944,4.851,4.898,1119597.0,2026-08-02 03:59:59.999000+00:00,1
2026-08-02 04:00:00+00:00,4.899,4.971,4.891,4.922,1314563.0,2026-08-02 07:59:59.999000+00:00,1
2026-08-02 08:00:00+00:00,4.922,4.962,4.897,4.925,983976.0,2026-08-02 11:59:59.999000+00:00,1
2026-08-02 12:00:00+00:00,4.926,5.004,4.901,4.982,1439877.0,2026-08-02 15:59:59.999000+00:00,1
2026-08-02 16:00:00+00:00,4.98,5.157,4.975,5.151,1972873.0,2026-08-02 19:59:59.999000+00:00,1
2026-08-02 20:00:00+00:00,5.152,5.154,5.056,5.067,1192679.0,2026-08-02 23:59:59.999000+00:00,1
2026-08-03 00:00:00+00:00,5.066,5.077,4.987,5.025,1135220.0,2026-08-03 03:59:59.999000+00:00,1
2026-08-03 04:00:00+00:00,5.025,5.041,4.914,4.916,2716819.0,2026-08-03 07:59:59.999000+00:00,1
2026-08-03 08:00:00+00:00,4.917,4.981,4.901,4.936,1498420.0,2026-08-03 11:59:59.999000+00:00,1
2026-08-03 12:00:00+00:00,4.936,4.996,4.921,4.976,1559269.0,2026-08-03 15:59:59.999000+00:00,1
2026-08-03 16:00:00+00:00,4.976,5.028,4.969,5.023,1011506.0,2026-08-03 19:59:59.999000+00:00,1
2026-08-03 20:00:00+00:00,5.022,5.042,4.931,4.953,1713678.0,2026-08-03 23:59:59.999000+00:00,1
2026-08-04 00:00:00+00:00,4.953,5.035,4.92,5.022,1297813.0,2026-08-04 03:59:59.999000+00:00,1
2026-08-04 04:00:00+00:00,5.022,5.032,4.969,4.999,854410.0,2026-08-04 07:59:59.999000+00:00,1
2026-08-04 08:00:00+00:00,4.998,5.013,4.938,4.944,896771.0,2026-08-04 11:59:59.999000+00:00,1
2026-08-04 12:00:00+00:00,4.945,4.953,4.901,4.922,1445919.0,2026-08-04 15:59:59.999000+00:00,1
2026-08-04 16:00:00+00:00,4.922,4.944,4.881,4.927,1354764.0,2026-08-04 19:59:59.999000+00:00,1
2026-08-04 20:00:00+00:00,4.926,4.948,4.875,4.883,1214995.0,2026-08-04 23:59:59.999000+00:00,1
2026-08-05 00:00:00+00:00,4.883,4.888,4.806,4.818,3032620.0,2026-08-05 03:59:59.999000+00:00,1
2026-08-05 04:00:00+00:00,4.817,4.907,4.813,4.891,1596335.0,2026-08-05 07:59:59.999000+00:00,1
2026-08-05 08:00:00+00:00,4.892,4.903,4.848,4.89,1663688.0,2026-08-05 11:59:59.999000+00:00,1
2026-08-05 12:00:00+00:00,4.891,4.984,4.846,4.913,2065673.0,2026-08-05 15:59:59.999000+00:00,1
2026-08-05 16:00:00+00:00,4.912,4.968,4.905,4.906,937762.0,2026-08-05 19:59:59.999000+00:00,1
2026-08-05 20:00:00+00:00,4.906,4.927,4.843,4.856,765389.0,2026-08-05 23:59:59.999000+00:00,1
2026-08-06 00:00:00+00:00,4.857,4.884,4.704,4.714,2448915.0,2026-08-06 03:59:59.999000+00:00,1
2026-08-06 04:00:00+00:00,4.714,4.748,4.674,4.734,1757168.0,2026-08-06 07:59:59.999000+00:00,1
2026-08-06 08:00:00+00:00,4.733,4.74,4.593,4.666,3579873.0,2026-08-06 11:59:59.999000+00:00,1
2026-08-06 12:00:00+00:00,4.666,4.684,4.619,4.642,1681721.0,2026-08-06 15:59:59.999000+00:00,1
2026-08-06 16:00:00+00:00,4.641,4.663,4.596,4.613,1428500.0,2026-08-06 19:59:59.999000+00:00,1
2026-08-06 20:00:00+00:00,4.613,4.634,4.554,4.574,1358451.0,2026-08-06 23:59:59.999000+00:00,1
2026-08-07 00:00:00+00:00,4.574,4.578,4.481,4.494,2769400.0,2026-08-07 03:59:59.999000+00:00,1
2026-08-07 04:00:00+00:00,4.494,4.525,4.413,4.495,3484646.0,2026-08-07 07:59:59.999000+00:00,1
2026-08-07 08:00:00+00:00,4.495,4.545,4.482,4.524,1345484.0,2026-08-07 11:59:59.999000+00:00,1
2026-08-07 12:00:00+00:00,4.523,4.56,4.491,4.509,1327490.0,2026-08-07 15:59:59.999000+00:00,1
2026-08-07 16:00:00+00:00,4.509,4.531,4.458,4.469,1088061.0,2026-08-07 19:59:59.999000+00:00,1
2026-08-07 20:00:00+00:00,4.47,4.517,4.466,4.507,688233.0,2026-08-07 23:59:59.999000+00:00,1
2026-08-08 00:00:00+00:00,4.507,4.57,4.505,4.529,1042471.0,2026-08-08 03:59:59.999000+00:00,1
2026-08-08 04:00:00+00:00,4.528,4.55,4.454,4.48,1088781.0,2026-08-08 07:59:59.999000+00:00,1
2026-08-08 08:00:00+00:00,4.48,4.499,4.349,4.391,3581220.0,2026-08-08 11:59:59.999000+00:00,1
2026-08-08 12:00:00+00:00,4.392,4.451,4.357,4.429,1823108.0,2026-08-08 15:59:59.999000+00:00,1
2026-08-08 16:00:00+00:00,4.429,4.461,4.382,4.402,1708579.0,2026-08-08 19:59:59.999000+00:00,1
2026-08-08 20:00:00+00:00,4.401,4.433,4.389,4.406,574967.0,2026-08-08 23:59:59.999000+00:00,1
2026-08-09 00:00:00+00:00,4.407,4.441,4.36,4.397,1391378.0,2026-08-09 03:59:59.999000+00:00,1
2026-08-09 04:00:00+00:00,4.397,4.449,4.371,4.437,854598.0,2026-08-09 07:59:59.999000+00:00,1
2026-08-09 08:00:00+00:00,4.435,4.472,4.403,4.451,1151800.0,2026-08-09 11:59:59.999000+00:00,1
2026-08-09 12:00:00+00:00,4.451,4.471,4.441,4.447,1098915.0,2026-08-09 15:59:59.999000+00:00,1
2026-08-09 16:00:00+00:00,4.447,4.457,4.408,4.426,692798.0,2026-08-09 19:59:59.999000+00:00,1
2026-08-09 20:00:00+00:00,4.426,4.45,4.28,4.296,2507486.0,2026-08-09 23:59:59.999000+00:00,1
2026-08-10 00:00:00+00:00,4.295,4.371,4.281,4.339,2078658.0,2026-08-10 03:59:59.999000+00:00,1
2026-08-10 04:00:00+00:00,4.339,4.461,4.332,4.443,2058941.0,2026-08-10 07:59:59.999000+00:00,1
2026-08-10 08:00:00+00:00,4.442,4.484,4.42,4.459,1829460.0,2026-08-10 11:59:59.999000+00:00,1
2026-08-10 12:00:00+00:00,4.459,4.48,4.417,4.455,1925971.0,2026-08-10 15:59:59.999000+00:00,1
2026-08-10 16:00:00+00:00,4.454,4.531,4.399,4.478,2334730.0,2026-08-10 19:59:59.999000+00:00,1
2026-08-10 20:00:00+00:00,4.477,4.481,4.364,4.38,1239171.0,2026-08-10 23:59:59.999000+00:00,1
2026-08-11 00:00:00+00:00,4.38,4.454,4.358,4.44,1508570.0,2026-08-11 03:59:59.999000+00:00,1
2026-08-11 04:00:00+00:00,4.441,4.497,4.425,4.47,1126903.0,2026-08-11 07:59:59.999000+00:00,1
2026-08-11 08:00:00+00:00,4.47,4.512,4.447,4.499,1418632.0,2026-08-11 11:59:59.999000+00:00,1
2026-08-11 12:00:00+00:00,4.499,4.52,4.443,4.496,1981586.0,2026-08-11 15:59:59.999000+00:00,1
2026-08-11 16:00:00+00:00,4.495,4.525,4.43,4.473,1426832.0,2026-08-11 19:59:59.999000+00:00,1
2026-08-11 20:00:00+00:00,4.474,4.668,4.469,4.659,4764841.0,2026-08-11 23:59:59.999000+00:00,1
2026-08-12 00:00:00+00:00,4.659,4.695,4.566,4.572,2840029.0,2026-08-12 03:59:59.999000+00:00,1
2026-08-12 04:00:00+00:00,4.571,4.652,4.571,4.615,1750313.0,2026-08-12 07:59:59.999000+00:00,1
2026-08-12 08:00:00+00:00,4.614,4.642,4.581,4.59,1557251.0,2026-08-12 11:59:59.999000+00:00,1
2026-08-12 12:00:00+00:00,4.59,4.597,4.507,4.564,2684552.0,2026-08-12 15:59:59.999000+00:00,1
2026-08-12 16:00:00+00:00,4.565,4.622,4.539,4.62,1186869.0,2026-08-12 19:59:59.999000+00:00,1
2026-08-12 20:00:00+00:00,4.619,4.652,4.578,4.623,1053926.0,2026-08-12 23:59:59.999000+00:00,1
2026-08-13 00:00:00+00:00,4.622,4.684,4.622,4.679,946203.0,2026-08-13 03:59:59.999000+00:00,1
2026-08-13 04:00:00+00:00,4.679,4.684,4.584,4.592,1230243.0,2026-08-13 07:59:59.999000+00:00,1
2026-08-13 08:00:00+00:00,4.592,4.607,4.532,4.557,1965990.0,2026-08-13 11:59:59.999000+00:00,1
2026-08-13 12:00:00+00:00,4.556,4.649,4.546,4.624,1655361.0,2026-08-13 15:59:59.999000+00:00,1
2026-08-13 16:00:00+00:00,4.624,4.634,4.576,4.607,904725.0,2026-08-13 19:59:59.999000+00:00,1
2026-08-13 20:00:00+00:00,4.608,4.637,4.604,4.606,363119.0,2026-08-13 23:59:59.999000+00:00,1
2026-08-14 00:00:00+00:00,4.606,4.616,4.522,4.533,1230040.0,2026-08-14 03:59:59.999000+00:00,1
2026-08-14 04:00:00+00:00,4.533,4.581,4.489,4.495,1520023.0,2026-08-14 07:59:59.999000+00:00,1
2026-08-14 08:00:00+00:00,4.494,4.537,4.405,4.424,2510285.0,2026-08-14 11:59:59.999000+00:00,1
2026-08-14 12:00:00+00:00,4.423,4.426,4.154,4.221,8919867.0,2026-08-14 15:59:59.999000+00:00,1
2026-08-14 16:00:00+00:00,4.222,4.344,4.211,4.286,6230809.0,2026-08-14 19:59:59.999000+00:00,1
2026-08-14 20:00:00+00:00,4.286,4.297,4.195,4.271,1461442.0,2026-08-14 23:59:59.999000+00:00,1
2026-08-15 00:00:00+00:00,4.27,4.289,4.222,4.233,1322704.0,2026-08-15 03:59:59.999000+00:00,1
2026-08-15 04:00:00+00:00,4.235,4.245,4.163,4.18,1336205.0,2026-08-15 07:59:59.999000+00:00,1
2026-08-15 08:00:00+00:00,4.181,4.212,4.161,4.171,1237093.0,2026-08-15 11:59:59.999000+00:00,1
2026-08-15 12:00:00+00:00,4.171,4.202,4.105,4.196,3404560.0,2026-08-15 15:59:59.999000+00:00,1
2026-08-15 16:00:00+00:00,4.196,4.235,4.167,4.184,1685557.0,2026-08-15 19:59:59.999000+00:00,1
2026-08-15 20:00:00+00:00,4.183,4.186,4.139,4.169,942353.0,2026-08-15 23:59:59.999000+00:00,1
2026-08-16 00:00:00+00:00,4.168,4.217,4.154,4.157,1356222.0,2026-08-16 03:59:59.999000+00:00,1
2026-08-16 04:00:00+00:00,4.158,4.186,4.068,4.13,2442983.0,2026-08-16 07:59:59.999000+00:00,1
2026-08-16 08:00:00+00:00,4.129,4.132,4.046,4.102,1986165.0,2026-08-16 11:59:59.999000+00:00,1
2026-08-16 12:00:00+00:00,4.103,4.134,4.1,4.13,679684.0,2026-08-16 15:59:59.999000+00:00,1
2026-08-16 16:00:00+00:00,4.13,4.156,4.083,4.103,2213309.0,2026-08-16 19:59:59.999000+00:00,1
2026-08-16 20:00:00+00:00,4.103,4.104,4.028,4.077,1534593.0,2026-08-16 23:59:59.999000+00:00,1
2026-08-17 00:00:00+00:00,4.078,4.159,4.065,4.145,1442886.0,2026-08-17 03:59:59.999000+00:00,1
2026-08-17 04:00:00+00:00,4.145,4.187,4.144,4.17,2035639.0,2026-08-17 07:59:59.999000+00:00,1
2026-08-17 08:00:00+00:00,4.17,4.173,4.063,4.099,2862873.0,2026-08-17 11:59:59.999000+00:00,1
2026-08-17 12:00:00+00:00,4.1,4.135,4.075,4.134,1446762.0,2026-08-17 15:59:59.999000+00:00,1
2026-08-17 16:00:00+00:00,4.133,4.148,4.099,4.123,1157379.0,2026-08-17 19:59:59.999000+00:00,1
2026-08-17 20:00:00+00:00,4.122,4.122,4.038,4.077,1436017.0,2026-08-17 23:59:59.999000+00:00,1
2026-08-18 00:00:00+00:00,4.077,4.083,3.95,4.027,3723503.0,2026-08-18 03:59:59.999000+00:00,1
2026-08-18 04:00:00+00:00,4.028,4.065,4.002,4.019,1804268.0,2026-08-18 07:59:59.999000+00:00,1
2026-08-18 08:00:00+00:00,4.02,4.074,4.002,4.069,1380921.0,2026-08-18 11:59:59.999000+00:00,1
2026-08-18 12:00:00+00:00,4.069,4.088,4.036,4.061,1722606.0,2026-08-18 15:59:59.999000+00:00,1
2026-08-18 16:00:00+00:00,4.062,4.076,4.034,4.047,1178825.0,2026-08-18 19:59:59.999000+00:00,1
2026-08-18 20:00:00+00:00,4.048,4.095,4.039,4.08,867633.0,2026-08-18 23:59:59.999000+00:00,1
2026-08-19 00:00:00+00:00,4.081,4.147,4.053,4.139,2160168.0,2026-08-19 03:59:59.999000+00:00,1
2026-08-19 04:00:00+00:00,4.14,4.272,4.132,4.237,3671166.0,2026-08-19 07:59:59.999000+00:00,1
2026-08-19 08:00:00+00:00,4.238,4.258,4.197,4.243,1697042.0,2026-08-19 11:59:59.999000+00:00,1
2026-08-19 12:00:00+00:00,4.242,4.43,4.221,4.32,7170672.0,2026-08-19 15:59:59.999000+00:00,1
2026-08-19 16:00:00+00:00,4.32,4.549,4.317,4.519,4680800.0,2026-08-19 19:59:59.999000+00:00,1
2026-08-19 20:00:00+00:00,4.519,4.663,4.51,4.577,5949847.0,2026-08-19 23:59:59.999000+00:00,1
2026-08-20 00:00:00+00:00,4.577,4.663,4.537,4.609,4108535.0,2026-08-20 03:59:59.999000+00:00,1
2026-08-20 04:00:00+00:00,4.61,4.692,4.597,4.618,4393792.0,2026-08-20 07:59:59.999000+00:00,1
2026-08-20 08:00:00+00:00,4.619,4.887,4.616,4.864,6729958.0,2026-08-20 11:59:59.999000+00:00,1
2026-08-20 12:00:00+00:00,4.863,4.885,4.66,4.757,7732982.0,2026-08-20 15:59:59.999000+00:00,1
2026-08-20 16:00:00+00:00,4.757,4.779,4.684,4.713,3653483.0,2026-08-20 19:59:59.999000+00:00,1
2026-08-20 20:00:00+00:00,4.712,4.777,4.708,4.769,1943291.0,2026-08-20 23:59:59.999000+00:00,1
2026-08-21 00:00:00+00:00,4.769,4.784,4.727,4.751,1638242.0,2026-08-21 03:59:59.999000+00:00,1
2026-08-21 04:00:00+00:00,4.75,4.912,4.725,4.894,6265634.0,2026-08-21 07:59:59.999000+00:00,1
2026-08-21 08:00:00+00:00,4.89,5.029,4.827,4.86,7671307.0,2026-08-21 11:59:59.999000+00:00,1
2026-08-21 12:00:00+00:00,4.861,5.056,4.839,4.968,5566015.0,2026-08-21 15:59:59.999000+00:00,1
2026-08-21 16:00:00+00:00,4.967,5.016,4.852,4.864,3156331.0,2026-08-21 19:59:59.999000+00:00,1
2026-08-21 20:00:00+00:00,4.864,5.131,4.854,5.059,2671561.0,2026-08-21 23:59:59.999000+00:00,1
2026-08-22 00:00:00+00:00,5.059,5.268,5.018,5.191,4341397.0,2026-08-22 03:59:59.999000+00:00,1
2026-08-22 04:00:00+00:00,5.192,5.327,4.556,4.936,11815780.0,2026-08-22 07:59:59.999000+00:00,1
2026-08-22 08:00:00+00:00,4.936,4.96,4.715,4.807,3054136.0,2026-08-22 11:59:59.999000+00:00,1
2026-08-22 12:00:00+00:00,4.806,4.859,4.714,4.797,3095959.0,2026-08-22 15:59:59.999000+00:00,1
2026-08-22 16:00:00+00:00,4.798,5.004,4.794,4.952,2062988.0,2026-08-22 19:59:59.999000+00:00,1
2026-08-22 20:00:00+00:00,4.953,4.994,4.852,4.933,1364820.0,2026-08-22 23:59:59.999000+00:00,1
2026-08-23 00:00:00+00:00,4.932,4.991,4.784,4.833,2643568.0,2026-08-23 03:59:59.999000+00:00,1
2026-08-23 04:00:00+00:00,4.833,4.913,4.726,4.814,3024426.0,2026-08-23 07:59:59.999000+00:00,1
2026-08-23 08:00:00+00:00,4.814,5.093,4.801,5.061,2925320.0,2026-08-23 11:59:59.999000+00:00,1
2026-08-23 12:00:00+00:00,5.062,5.25,4.961,5.215,4862729.0,2026-08-23 15:59:59.999000+00:00,1
2026-08-23 16:00:00+00:00,5.218,5.368,5.202,5.3,5216142.0,2026-08-23 19:59:59.999000+00:00,1
2026-08-23 20:00:00+00:00,5.301,5.464,5.253,5.351,3476456.0,2026-08-23 23:59:59.999000+00:00,1
2026-08-24 00:00:00+00:00,5.352,5.422,5.254,5.268,4193883.0,2026-08-24 03:59:59.999000+00:00,1
2026-08-24 04:00:00+00:00,5.269,5.392,5.188,5.352,3650538.0,2026-08-24 07:59:59.999000+00:00,1
2026-08-24 08:00:00+00:00,5.353,5.488,5.279,5.459,3312625.0,2026-08-24 11:59:59.999000+00:00,1
2026-08-24 12:00:00+00:00,5.461,5.804,5.345,5.669,9963237.0,2026-08-24 15:59:59.999000+00:00,1
2026-08-24 16:00:00+00:00,5.669,6.002,5.569,5.594,20360904.0,2026-08-24 19:59:59.999000+00:00,1
2026-08-24 20:00:00+00:00,5.595,5.742,5.583,5.688,3305388.0,2026-08-24 23:59:59.999000+00:00,1
2026-08-25 00:00:00+00:00,5.688,5.989,5.677,5.911,6659771.0,2026-08-25 03:59:59.999000+00:00,1
2026-08-25 04:00:00+00:00,5.91,6.002,5.817,5.895,9028484.0,2026-08-25 07:59:59.999000+00:00,1
2026-08-25 08:00:00+00:00,5.896,6.094,5.72,5.885,7044202.0,2026-08-25 11:59:59.999000+00:00,1
2026-08-25 12:00:00+00:00,5.885,5.986,5.664,5.763,6623559.0,2026-08-25 15:59:59.999000+00:00,1
2026-08-25 16:00:00+00:00,5.764,5.79,5.604,5.637,2790983.0,2026-08-25 19:59:59.999000+00:00,1
2026-08-25 20:00:00+00:00,5.637,5.663,5.353,5.564,6226063.0,2026-08-25 23:59:59.999000+00:00,1
2026-08-26 00:00:00+00:00,5.564,5.68,5.526,5.553,1865867.0,2026-08-26 03:59:59.999000+00:00,1
2026-08-26 04:00:00+00:00,5.552,5.629,5.494,5.529,2269902.0,2026-08-26 07:59:59.999000+00:00,1
2026-08-26 08:00:00+00:00,5.53,5.584,5.404,5.414,2250073.0,2026-08-26 11:59:59.999000+00:00,1
2026-08-26 12:00:00+00:00,5.415,5.555,5.29,5.32,5108663.0,2026-08-26 15:59:59.999000+00:00,1
2026-08-26 16:00:00+00:00,5.319,5.459,5.259,5.453,2408941.0,2026-08-26 19:59:59.999000+00:00,1
2026-08-26 20:00:00+00:00,5.452,5.555,5.348,5.55,2898777.0,2026-08-26 23:59:59.999000+00:00,1
2026-08-27 00:00:00+00:00,5.55,5.608,5.432,5.447,2699834.0,2026-08-27 03:59:59.999000+00:00,1
2026-08-27 04:00:00+00:00,5.447,5.484,5.32,5.469,1559300.0,2026-08-27 07:59:59.999000+00:00,1
2026-08-27 08:00:00+00:00,5.47,5.578,5.395,5.427,3207528.0,2026-08-27 11:59:59.999000+00:00,1
2026-08-27 12:00:00+00:00,5.427,5.622,5.368,5.537,3070593.0,2026-08-27 15:59:59.999000+00:00,1
2026-08-27 16:00:00+00:00,5.539,5.565,5.415,5.475,3000022.0,2026-08-27 19:59:59.999000+00:00,1
2026-08-27 20:00:00+00:00,5.475,5.517,5.429,5.49,1294794.0,2026-08-27 23:59:59.999000+00:00,1
2026-08-28 00:00:00+00:00,5.49,5.578,5.27,5.339,3120896.0,2026-08-28 03:59:59.999000+00:00,1
2026-08-28 04:00:00+00:00,5.339,5.382,5.291,5.349,1112366.0,2026-08-28 07:59:59.999000+00:00,1
2026-08-28 08:00:00+00:00,5.348,5.392,5.242,5.359,1312847.0,2026-08-28 11:59:59.999000+00:00,1
2026-08-28 12:00:00+00:00,5.359,5.458,5.273,5.277,3308829.0,2026-08-28 15:59:59.999000+00:00,1
2026-08-28 16:00:00+00:00,5.278,5.288,5.087,5.117,3815780.0,2026-08-28 19:59:59.999000+00:00,1
2026-08-28 20:00:00+00:00,5.117,5.171,5.075,5.142,1766176.0,2026-08-28 23:59:59.999000+00:00,1
2026-08-29 00:00:00+00:00,5.143,5.193,5.026,5.031,2326883.0,2026-08-29 03:59:59.999000+00:00,1
2026-08-29 04:00:00+00:00,5.032,5.1,5.03,5.037,1282606.0,2026-08-29 07:59:59.999000+00:00,1
2026-08-29 08:00:00+00:00,5.037,5.052,4.994,5.034,803386.0,2026-08-29 11:59:59.999000+00:00,1
2026-08-29 12:00:00+00:00,5.033,5.109,4.994,5.067,1328933.0,2026-08-29 15:59:59.999000+00:00,1
2026-08-29 16:00:00+00:00,5.067,5.123,5.05,5.109,1738096.0,2026-08-29 19:59:59.999000+00:00,1
2026-08-29 20:00:00+00:00,5.109,5.203,5.102,5.162,1344771.0,2026-08-29 23:59:59.999000+00:00,1
2026-08-30 00:00:00+00:00,5.162,5.177,5.086,5.096,525359.0,2026-08-30 03:59:59.999000+00:00,1
2026-08-30 04:00:00+00:00,5.096,5.206,5.072,5.186,1187052.0,2026-08-30 07:59:59.999000+00:00,1
2026-08-30 08:00:00+00:00,5.186,5.263,5.147,5.257,1686471.0,2026-08-30 11:59:59.999000+00:00,1
2026-08-30 12:00:00+00:00,5.257,5.357,5.242,5.266,2712985.0,2026-08-30 15:59:59.999000+00:00,1
2026-08-30 16:00:00+00:00,5.265,5.337,5.216,5.239,1419549.0,2026-08-30 19:59:59.999000+00:00,1
2026-08-30 20:00:00+00:00,5.238,5.257,4.909,4.979,4623422.0,2026-08-30 23:59:59.999000+00:00,1
2026-08-31 00:00:00+00:00,4.979,4.999,4.868,4.961,2808464.0,2026-08-31 03:59:59.999000+00:00,1
2026-08-31 04:00:00+00:00,4.962,5.056,4.908,5.011,1871701.0,2026-08-31 07:59:59.999000+00:00,1
2026-08-31 08:00:00+00:00,5.013,5.055,4.975,4.994,1252252.0,2026-08-31 11:59:59.999000+00:00,1
2026-08-31 12:00:00+00:00,4.993,5.04,4.915,4.947,3144572.0,2026-08-31 15:59:59.999000+00:00,1
2026-08-31 16:00:00+00:00,4.947,5.024,4.91,4.97,3574026.0,2026-08-31 19:59:59.999000+00:00,1
2026-08-31 20:00:00+00:00,4.97,5.011,4.887,4.924,1483921.0,2026-08-31 23:59:59.999000+00:00,1
2026-09-01 00:00:00+00:00,4.923,4.993,4.845,4.94,2521337.0,2026-09-01 03:59:59.999000+00:00,1
2026-09-01 04:00:00+00:00,4.941,5.01,4.9,4.948,1794838.0,2026-09-01 07:59:59.999000+00:00,1
2026-09-01 08:00:00+00:00,4.949,4.95,4.788,4.852,5149100.0,2026-09-01 11:59:59.999000+00:00,1
2026-09-01 12:00:00+00:00,4.852,4.927,4.786,4.89,3314763.0,2026-09-01 15:59:59.999000+00:00,1
2026-09-01 16:00:00+00:00,4.89,4.892,4.774,4.802,3630759.0,2026-09-01 19:59:59.999000+00:00,1
2026-09-01 20:00:00+00:00,4.803,4.822,4.767,4.801,1651578.0,2026-09-01 23:59:59.999000+00:00,1
2026-09-02 00:00:00+00:00,4.801,4.925,4.734,4.883,3369836.0,2026-09-02 03:59:59.999000+00:00,1
2026-09-02 04:00:00+00:00,4.884,4.904,4.818,4.883,2141979.0,2026-09-02 07:59:59.999000+00:00,1
2026-09-02 08:00:00+00:00,4.884,4.906,4.744,4.783,2732660.0,2026-09-02 11:59:59.999000+00:00,1
2026-09-02 12:00:00+00:00,4.784,4.853,4.711,4.773,2510159.0,2026-09-02 15:59:59.999000+00:00,1
2026-09-02 16:00:00+00:00,4.774,4.779,4.72,4.747,1327499.0,2026-09-02 19:59:59.999000+00:00,1
2026-09-02 20:00:00+00:00,4.748,4.774,4.715,4.763,1667946.0,2026-09-02 23:59:59.999000+00:00,1
2026-09-03 00:00:00+00:00,4.762,4.821,4.73,4.755,1605139.0,2026-09-03 03:59:59.999000+00:00,1
2026-09-03 04:00:00+00:00,4.754,4.872,4.722,4.843,2011995.0,2026-09-03 07:59:59.999000+00:00,1
2026-09-03 08:00:00+00:00,4.843,4.975,4.829,4.964,1828023.0,2026-09-03 11:59:59.999000+00:00,1
2026-09-03 12:00:00+00:00,4.964,5.09,4.889,5.081,4325300.0,2026-09-03 15:59:59.999000+00:00,1
2026-09-03 16:00:00+00:00,5.082,5.093,5.003,5.051,2351569.0,2026-09-03 19:59:59.999000+00:00,1
2026-09-03 20:00:00+00:00,5.051,5.08,4.956,4.967,2030643.0,2026-09-03 23:59:59.999000+00:00,1
2026-09-04 00:00:00+00:00,4.966,5.007,4.901,4.912,2167909.0,2026-09-04 03:59:59.999000+00:00,1
2026-09-04 04:00:00+00:00,4.912,4.919,4.741,4.785,3603279.0,2026-09-04 07:59:59.999000+00:00,1
2026-09-04 08:00:00+00:00,4.787,4.858,4.777,4.815,2299584.0,2026-09-04 11:59:59.999000+00:00,1
2026-09-04 12:00:00+00:00,4.815,4.844,4.634,4.718,5692893.0,2026-09-04 15:59:59.999000+00:00,1
2026-09-04 16:00:00+00:00,4.718,4.781,4.711,4.764,1882669.0,2026-09-04 19:59:59.999000+00:00,1
2026-09-04 20:00:00+00:00,4.765,4.807,4.733,4.801,1196685.0,2026-09-04 23:59:59.999000+00:00,1
2026-09-05 00:00:00+00:00,4.801,4.826,4.739,4.748,2064345.0,2026-09-05 03:59:59.999000+00:00,1
2026-09-05 04:00:00+00:00,4.748,4.936,4.707,4.935,2200158.0,2026-09-05 07:59:59.999000+00:00,1
2026-09-05 08:00:00+00:00,4.935,4.95,4.871,4.929,1821186.0,2026-09-05 11:59:59.999000+00:00,1
2026-09-05 12:00:00+00:00,4.929,4.973,4.863,4.894,2274320.0,2026-09-05 15:59:59.999000+00:00,1
2026-09-05 16:00:00+00:00,4.894,4.93,4.874,4.916,1781550.0,2026-09-05 19:59:59.999000+00:00,1
2026-09-05 20:00:00+00:00,4.917,4.945,4.883,4.936,1458284.0,2026-09-05 23:59:59.999000+00:00,1
2026-09-06 00:00:00+00:00,4.935,5.152,4.935,5.102,4515144.0,2026-09-06 03:59:59.999000+00:00,1
2026-09-06 04:00:00+00:00,5.102,5.179,5.039,5.108,3336186.0,2026-09-06 07:59:59.999000+00:00,1
2026-09-06 08:00:00+00:00,5.109,5.185,5.086,5.128,3197643.0,2026-09-06 11:59:59.999000+00:00,1
2026-09-06 12:00:00+00:00,5.127,5.147,4.986,5.144,4005429.0,2026-09-06 15:59:59.999000+00:00,1
2026-09-06 16:00:00+00:00,5.144,5.214,5.087,5.188,3696717.0,2026-09-06 19:59:59.999000+00:00,1
2026-09-06 20:00:00+00:00,5.188,5.382,5.113,5.298,6378281.0,2026-09-06 23:59:59.999000+00:00,1
2026-09-07 00:00:00+00:00,5.299,5.646,5.297,5.461,9721829.0,2026-09-07 03:59:59.999000+00:00,1
2026-09-07 04:00:00+00:00,5.461,5.675,5.45,5.545,6297728.0,2026-09-07 07:59:59.999000+00:00,1
2026-09-07 08:00:00+00:00,5.546,5.699,5.546,5.638,4439062.0,2026-09-07 11:59:59.999000+00:00,1
2026-09-07 12:00:00+00:00,5.639,5.792,5.613,5.663,6675474.0,2026-09-07 15:59:59.999000+00:00,1
2026-09-07 16:00:00+00:00,5.662,6.289,5.582,6.256,16815074.0,2026-09-07 19:59:59.999000+00:00,1
2026-09-07 20:00:00+00:00,6.257,6.357,6.019,6.178,16544196.0,2026-09-07 23:59:59.999000+00:00,1
2026-09-08 00:00:00+00:00,6.178,6.71,6.149,6.505,20327689.0,2026-09-08 03:59:59.999000+00:00,1
2026-09-08 04:00:00+00:00,6.503,6.564,6.213,6.243,13046186.0,2026-09-08 07:59:59.999000+00:00,1
2026-09-08 08:00:00+00:00,6.243,6.341,6.162,6.263,7736089.0,2026-09-08 11:59:59.999000+00:00,1
2026-09-08 12:00:00+00:00,6.263,6.563,6.178,6.406,10997228.0,2026-09-08 15:59:59.999000+00:00,1
2026-09-08 16:00:00+00:00,6.405,6.494,6.321,6.402,7165645.0,2026-09-08 19:59:59.999000+00:00,1
2026-09-08 20:00:00+00:00,6.402,6.48,6.335,6.401,2406649.0,2026-09-08 23:59:59.999000+00:00,1
2026-09-09 00:00:00+00:00,6.402,6.54,6.242,6.254,5161463.0,2026-09-09 03:59:59.999000+00:00,1
2026-09-09 04:00:00+00:00,6.254,6.337,6.218,6.322,3929818.0,2026-09-09 07:59:59.999000+00:00,1
2026-09-09 08:00:00+00:00,6.323,6.381,6.185,6.334,3289787.0,2026-09-09 11:59:59.999000+00:00,1
2026-09-09 12:00:00+00:00,6.334,6.359,6.001,6.088,5104355.0,2026-09-09 15:59:59.999000+00:00,1
2026-09-09 16:00:00+00:00,6.088,6.251,6.065,6.132,2879740.0,2026-09-09 19:59:59.999000+00:00,1
2026-09-09 20:00:00+00:00,6.132,6.147,5.961,6.13,3707228.0,2026-09-09 23:59:59.999000+00:00,1
2026-09-10 00:00:00+00:00,6.129,6.147,5.936,6.075,4596943.0,2026-09-10 03:59:59.999000+00:00,1
2026-09-10 04:00:00+00:00,6.074,6.146,6.007,6.045,1979768.0,2026-09-10 07:59:59.999000+00:00,1
2026-09-10 08:00:00+00:00,6.044,6.094,5.957,6.004,2049325.0,2026-09-10 11:59:59.999000+00:00,1
2026-09-10 12:00:00+00:00,6.005,6.06,5.784,5.842,5321721.0,2026-09-10 15:59:59.999000+00:00,1
2026-09-10 16:00:00+00:00,5.843,6.042,5.75,5.954,3867529.0,2026-09-10 19:59:59.999000+00:00,1
2026-09-10 20:00:00+00:00,5.954,6.051,5.914,5.941,2356629.0,2026-09-10 23:59:59.999000+00:00,1
2026-09-11 00:00:00+00:00,5.941,6.014,5.889,5.998,2475427.0,2026-09-11 03:59:59.999000+00:00,1
2026-09-11 04:00:00+00:00,5.998,6.052,5.929,5.988,2699693.0,2026-09-11 07:59:59.999000+00:00,1
2026-09-11 08:00:00+00:00,5.99,6.003,5.809,5.835,2803840.0,2026-09-11 11:59:59.999000+00:00,1
2026-09-11 12:00:00+00:00,5.835,6.13,5.722,5.914,8157145.0,2026-09-11 15:59:59.999000+00:00,1
2026-09-11 16:00:00+00:00,5.913,5.948,5.774,5.879,3374169.0,2026-09-11 19:59:59.999000+00:00,1
2026-09-11 20:00:00+00:00,5.88,5.944,5.691,5.733,2326089.0,2026-09-11 23:59:59.999000+00:00,1
2026-09-12 00:00:00+00:00,5.734,5.973,5.719,5.939,2431464.0,2026-09-12 03:59:59.999000+00:00,1
2026-09-12 04:00:00+00:00,5.94,5.993,5.827,5.956,3620945.0,2026-09-12 07:59:59.999000+00:00,1
2026-09-12 08:00:00+00:00,5.956,6.046,5.914,5.957,2615910.0,2026-09-12 11:59:59.999000+00:00,1
2026-09-12 12:00:00+00:00,5.956,5.975,5.909,5.93,1404103.0,2026-09-12 15:59:59.999000+00:00,1
2026-09-12 16:00:00+00:00,5.93,6.181,5.927,6.044,5448010.0,2026-09-12 19:59:59.999000+00:00,1
2026-09-12 20:00:00+00:00,6.045,6.108,5.957,5.983,1975628.0,2026-09-12 23:59:59.999000+00:00,1
2026-09-13 00:00:00+00:00,5.983,6.151,5.856,5.884,3573397.0,2026-09-13 03:59:59.999000+00:00,1
2026-09-13 04:00:00+00:00,5.883,5.983,5.847,5.852,1631798.0,2026-09-13 07:59:59.999000+00:00,1
2026-09-13 08:00:00+00:00,5.851,5.858,5.764,5.814,1990268.0,2026-09-13 11:59:59.999000+00:00,1
2026-09-13 12:00:00+00:00,5.815,6.198,5.808,6.108,4920575.0,2026-09-13 15:59:59.999000+00:00,1
2026-09-13 16:00:00+00:00,6.108,6.225,6.064,6.079,2738547.0,2026-09-13 19:59:59.999000+00:00,1
2026-09-13 20:00:00+00:00,6.08,6.161,5.86,5.897,3005399.0,2026-09-13 23:59:59.999000+00:00,1
2026-09-14 00:00:00+00:00,5.898,6.197,5.84,6.186,3061366.0,2026-09-14 03:59:59.999000+00:00,1
2026-09-14 04:00:00+00:00,6.186,6.272,6.082,6.097,3044924.0,2026-09-14 07:59:59.999000+00:00,1
2026-09-14 08:00:00+00:00,6.097,6.136,6.012,6.049,2307317.0,2026-09-14 11:59:59.999000+00:00,1
2026-09-14 12:00:00+00:00,6.049,6.258,5.933,6.221,4004494.0,2026-09-14 15:59:59.999000+00:00,1
2026-09-14 16:00:00+00:00,6.22,6.422,6.184,6.315,2973384.0,2026-09-14 19:59:59.999000+00:00,1
2026-09-14 20:00:00+00:00,6.316,6.432,6.254,6.278,2161651.0,2026-09-14 23:59:59.999000+00:00,1
2026-09-15 00:00:00+00:00,6.277,6.292,6.079,6.111,1812064.0,2026-09-15 03:59:59.999000+00:00,1
2026-09-15 04:00:00+00:00,6.11,6.179,5.989,5.997,2766759.0,2026-09-15 07:59:59.999000+00:00,1
2026-09-15 08:00:00+00:00,5.997,6.028,5.889,5.919,2986674.0,2026-09-15 11:59:59.999000+00:00,1
2026-09-15 12:00:00+00:00,5.918,5.954,5.594,5.684,5232229.0,2026-09-15 15:59:59.999000+00:00,1
2026-09-15 16:00:00+00:00,5.683,5.684,5.412,5.508,6142003.0,2026-09-15 19:59:59.999000+00:00,1
2026-09-15 20:00:00+00:00,5.509,5.509,5.38,5.432,2207711.0,2026-09-15 23:59:59.999000+00:00,1
2026-09-16 00:00:00+00:00,5.433,5.495,5.361,5.464,2020134.0,2026-09-16 03:59:59.999000+00:00,1
2026-09-16 04:00:00+00:00,5.465,5.481,5.371,5.384,1802111.0,2026-09-16 07:59:59.999000+00:00,1
2026-09-16 08:00:00+00:00,5.383,5.417,5.325,5.398,2558807.0,2026-09-16 11:59:59.999000+00:00,1
2026-09-16 12:00:00+00:00,5.397,5.434,5.282,5.295,3148131.0,2026-09-16 15:59:59.999000+00:00,1
2026-09-16 16:00:00+00:00,5.296,5.421,5.149,5.289,6967255.0,2026-09-16 19:59:59.999000+00:00,1
2026-09-16 20:00:00+00:00,5.289,5.437,5.277,5.405,2071334.0,2026-09-16 23:59:59.999000+00:00,1
2026-09-17 00:00:00+00:00,5.405,5.558,5.39,5.526,2844527.0,2026-09-17 03:59:59.999000+00:00,1
2026-09-17 04:00:00+00:00,5.527,5.593,5.454,5.56,1816324.0,2026-09-17 07:59:59.999000+00:00,1
2026-09-17 08:00:00+00:00,5.561,5.652,5.535,5.577,2258847.0,2026-09-17 11:59:59.999000+00:00,1
2026-09-17 12:00:00+00:00,5.577,5.746,5.521,5.593,3030825.0,2026-09-17 15:59:59.999000+00:00,1
2026-09-17 16:00:00+00:00,5.594,5.691,5.561,5.679,2156709.0,2026-09-17 19:59:59.999000+00:00,1
2026-09-17 20:00:00+00:00,5.677,5.769,5.594,5.719,2128840.0,2026-09-17 23:59:59.999000+00:00,1
2026-09-18 00:00:00+00:00,5.72,5.85,5.664,5.836,2671067.0,2026-09-18 03:59:59.999000+00:00,1
2026-09-18 04:00:00+00:00,5.837,6.159,5.807,6.148,4357228.0,2026-09-18 07:59:59.999000+00:00,1
2026-09-18 08:00:00+00:00,6.149,6.986,6.132,6.711,17650444.0,2026-09-18 11:59:59.999000+00:00,1
2026-09-18 12:00:00+00:00,6.712,6.737,6.394,6.645,9791905.0,2026-09-18 15:59:59.999000+00:00,1
2026-09-18 16:00:00+00:00,6.646,6.769,6.545,6.613,4525129.0,2026-09-18 19:59:59.999000+00:00,1
2026-09-18 20:00:00+00:00,6.615,6.726,6.531,6.671,2471416.0,2026-09-18 23:59:59.999000+00:00,1
2026-09-19 00:00:00+00:00,6.673,6.91,6.659,6.851,4723743.0,2026-09-19 03:59:59.999000+00:00,1
2026-09-19 04:00:00+00:00,6.851,7.707,6.747,7.602,15227857.0,2026-09-19 07:59:59.999000+00:00,1
2026-09-19 08:00:00+00:00,7.603,7.788,7.417,7.71,11370031.0,2026-09-19 11:59:59.999000+00:00,1
2026-09-19 12:00:00+00:00,7.708,7.787,7.353,7.434,7332565.0,2026-09-19 15:59:59.999000+00:00,1
2026-09-19 16:00:00+00:00,7.433,8.0,7.427,7.948,8722053.0,2026-09-19 19:59:59.999000+00:00,1
2026-09-19 20:00:00+00:00,7.948,8.351,7.666,7.926,14570573.0,2026-09-19 23:59:59.999000+00:00,1
2026-09-20 00:00:00+00:00,7.926,8.259,7.388,7.588,15004473.0,2026-09-20 03:59:59.999000+00:00,1
2026-09-20 04:00:00+00:00,7.587,7.725,7.5,7.668,5456476.0,2026-09-20 07:59:59.999000+00:00,1
2026-09-20 08:00:00+00:00,7.67,7.922,7.65,7.691,5107514.0,2026-09-20 11:59:59.999000+00:00,1
2026-09-20 12:00:00+00:00,7.692,8.038,7.673,7.959,6552838.0,2026-09-20 15:59:59.999000+00:00,1
2026-09-20 16:00:00+00:00,7.96,8.203,7.693,7.739,9970179.0,2026-09-20 19:59:59.999000+00:00,1
2026-09-20 20:00:00+00:00,7.738,7.883,7.638,7.783,3663801.0,2026-09-20 23:59:59.999000+00:00,1
2026-09-21 00:00:00+00:00,7.784,7.863,7.66,7.749,5052849.0,2026-09-21 03:59:59.999000+00:00,1
2026-09-21 04:00:00+00:00,7.749,7.775,7.492,7.704,3915192.0,2026-09-21 07:59:59.999000+00:00,1
2026-09-21 08:00:00+00:00,7.704,7.95,7.666,7.91,4612056.0,2026-09-21 11:59:59.999000+00:00,1
2026-09-21 12:00:00+00:00,7.91,8.008,7.608,7.721,5665207.0,2026-09-21 15:59:59.999000+00:00,1
2026-09-21 16:00:00+00:00,7.721,8.025,7.719,7.846,3961355.0,2026-09-21 19:59:59.999000+00:00,1
2026-09-21 20:00:00+00:00,7.846,7.993,7.672,7.847,2381412.0,2026-09-21 23:59:59.999000+00:00,1
2026-09-22 00:00:00+00:00,7.847,7.872,7.451,7.579,5053828.0,2026-09-22 03:59:59.999000+00:00,1
2026-09-22 04:00:00+00:00,7.578,7.819,7.49,7.781,5218975.0,2026-09-22 07:59:59.999000+00:00,1
2026-09-22 08:00:00+00:00,7.782,7.851,7.625,7.829,4459485.0,2026-09-22 11:59:59.999000+00:00,1
2026-09-22 12:00:00+00:00,7.828,7.986,7.564,7.716,6417148.0,2026-09-22 15:59:59.999000+00:00,1
2026-09-22 16:00:00+00:00,7.715,7.854,7.609,7.818,3703853.0,2026-09-22 19:59:59.999000+00:00,1
2026-09-22 20:00:00+00:00,7.817,7.874,7.707,7.725,1118826.0,2026-09-22 23:59:59.999000+00:00,0
