ts,open,high,low,close,volume,close_time,confirm
2026-03-22 20:00:00+00:00,4.34,4.378,4.265,4.345,196507.0,2026-03-22 23:59:59.999000+00:00,1
2026-03-23 00:00:00+00:00,4.345,4.444,4.337,4.384,235423.0,2026-03-23 03:59:59.999000+00:00,1
2026-03-23 04:00:00+00:00,4.385,4.431,4.326,4.356,99761.0,2026-03-23 07:59:59.999000+00:00,1
2026-03-23 08:00:00+00:00,4.355,4.532,4.314,4.486,539091.0,2026-03-23 11:59:59.999000+00:00,1
2026-03-23 12:00:00+00:00,4.489,4.576,4.461,4.493,182955.0,2026-03-23 15:59:59.999000+00:00,1
2026-03-23 16:00:00+00:00,4.494,4.507,4.448,4.452,163577.0,2026-03-23 19:59:59.999000+00:00,1
2026-03-23 20:00:00+00:00,4.449,4.524,4.437,4.467,98963.0,2026-03-23 23:59:59.999000+00:00,1
2026-03-24 00:00:00+00:00,4.469,4.483,4.413,4.445,116118.0,2026-03-24 03:59:59.999000+00:00,1
2026-03-24 04:00:00+00:00,4.443,4.483,4.411,4.478,69707.0,2026-03-24 07:59:59.999000+00:00,1
2026-03-24 08:00:00+00:00,4.478,4.486,4.439,4.451,86253.0,2026-03-24 11:59:59.999000+00:00,1
2026-03-24 12:00:00+00:00,4.453,4.453,4.356,4.4,120540.0,2026-03-24 15:59:59.999000+00:00,1
2026-03-24 16:00:00+00:00,4.399,4.408,4.345,4.401,101947.0,2026-03-24 19:59:59.999000+00:00,1
2026-03-24 20:00:00+00:00,4.401,4.474,4.394,4.456,140317.0,2026-03-24 23:59:59.999000+00:00,1
2026-03-25 00:00:00+00:00,4.456,4.474,4.422,4.432,56853.0,2026-03-25 03:59:59.999000+00:00,1
2026-03-25 04:00:00+00:00,4.432,4.432,4.36,4.385,172528.0,2026-03-25 07:59:59.999000+00:00,1
2026-03-25 08:00:00+00:00,4.392,4.448,4.39,4.442,120364.0,2026-03-25 11:59:59.999000+00:00,1
2026-03-25 12:00:00+00:00,4.443,4.48,4.403,4.412,143242.0,2026-03-25 15:59:59.999000+00:00,1
2026-03-25 16:00:00+00:00,4.41,4.458,4.4,4.438,181129.0,2026-03-25 19:59:59.999000+00:00,1
2026-03-25 20:00:00+00:00,4.44,4.441,4.37,4.4,137795.0,2026-03-25 23:59:59.999000+00:00,1
2026-03-26 00:00:00+00:00,4.403,4.412,4.349,4.361,123430.0,2026-03-26 03:59:59.999000+00:00,1
2026-03-26 04:00:00+00:00,4.361,4.361,4.302,4.338,160652.0,2026-03-26 07:59:59.999000+00:00,1
2026-03-26 08:00:00+00:00,4.335,4.35,4.276,4.304,201970.0,2026-03-26 11:59:59.999000+00:00,1
2026-03-26 12:00:00+00:00,4.303,4.378,4.295,4.321,194951.0,2026-03-26 15:59:59.999000+00:00,1
2026-03-26 16:00:00+00:00,4.321,4.335,4.228,4.228,198826.0,2026-03-26 19:59:59.999000+00:00,1
2026-03-26 20:00:00+00:00,4.23,4.298,4.201,4.273,242239.0,2026-03-26 23:59:59.999000+00:00,1
2026-03-27 00:00:00+00:00,4.27,4.324,4.263,4.305,143949.0,2026-03-27 03:59:59.999000+00:00,1
2026-03-27 04:00:00+00:00,4.304,4.304,4.268,4.289,146542.0,2026-03-27 07:59:59.999000+00:00,1
2026-03-27 08:00:00+00:00,4.291,4.302,4.092,4.108,549873.0,2026-03-27 11:59:59.999000+00:00,1
2026-03-27 12:00:00+00:00,4.109,4.178,4.087,4.137,259191.0,2026-03-27 15:59:59.999000+00:00,1
2026-03-27 16:00:00+00:00,4.135,4.158,4.112,4.158,157951.0,2026-03-27 19:59:59.999000+00:00,1
2026-03-27 20:00:00+00:00,4.155,4.183,4.133,4.136,66658.0,2026-03-27 23:59:59.999000+00:00,1
2026-03-28 00:00:00+00:00,4.136,4.144,4.055,4.067,98546.0,2026-03-28 03:59:59.999000+00:00,1
2026-03-28 04:00:00+00:00,4.066,4.139,4.062,4.136,59969.0,2026-03-28 07:59:59.999000+00:00,1
2026-03-28 08:00:00+00:00,4.139,4.149,4.085,4.116,83321.0,2026-03-28 11:59:59.999000+00:00,1
2026-03-28 12:00:00+00:00,4.116,4.167,4.078,4.116,340375.0,2026-03-28 15:59:59.999000+00:00,1
2026-03-28 16:00:00+00:00,4.125,4.151,4.119,4.142,97690.0,2026-03-28 19:59:59.999000+00:00,1
2026-03-28 20:00:00+00:00,4.144,4.155,4.051,4.064,175918.0,2026-03-28 23:59:59.999000+00:00,1
2026-03-29 00:00:00+00:00,4.065,4.119,4.03,4.112,193413.0,2026-03-29 03:59:59.999000+00:00,1
2026-03-29 04:00:00+00:00,4.11,4.155,4.095,4.13,131898.0,2026-03-29 07:59:59.999000+00:00,1
2026-03-29 08:00:00+00:00,4.13,4.161,4.077,4.109,109450.0,2026-03-29 11:59:59.999000+00:00,1
2026-03-29 12:00:00+00:00,4.108,4.113,4.042,4.052,188179.0,2026-03-29 15:59:59.999000+00:00,1
2026-03-29 16:00:00+00:00,4.051,4.145,4.016,4.14,177869.0,2026-03-29 19:59:59.999000+00:00,1
2026-03-29 20:00:00+00:00,4.141,4.158,4.006,4.091,374036.0,2026-03-29 23:59:59.999000+00:00,1
2026-03-30 00:00:00+00:00,4.098,4.204,4.087,4.198,125416.0,2026-03-30 03:59:59.999000+00:00,1
2026-03-30 04:00:00+00:00,4.199,4.244,4.191,4.233,139164.0,2026-03-30 07:59:59.999000+00:00,1
2026-03-30 08:00:00+00:00,4.232,4.241,4.198,4.218,139542.0,2026-03-30 11:59:59.999000+00:00,1
2026-03-30 12:00:00+00:00,4.218,4.244,4.165,4.169,81154.0,2026-03-30 15:59:59.999000+00:00,1
2026-03-30 16:00:00+00:00,4.167,4.18,4.071,4.092,154221.0,2026-03-30 19:59:59.999000+00:00,1
2026-03-30 20:00:00+00:00,4.092,4.156,4.083,4.102,137733.0,2026-03-30 23:59:59.999000+00:00,1
2026-03-31 00:00:00+00:00,4.105,4.194,4.101,4.167,109046.0,2026-03-31 03:59:59.999000+00:00,1
2026-03-31 04:00:00+00:00,4.167,4.211,4.157,4.204,139513.0,2026-03-31 07:59:59.999000+00:00,1
2026-03-31 08:00:00+00:00,4.2,4.2,4.077,4.122,300493.0,2026-03-31 11:59:59.999000+00:00,1
2026-03-31 12:00:00+00:00,4.124,4.188,4.112,4.13,148840.0,2026-03-31 15:59:59.999000+00:00,1
2026-03-31 16:00:00+00:00,4.129,4.203,4.116,4.169,147535.0,2026-03-31 19:59:59.999000+00:00,1
2026-03-31 20:00:00+00:00,4.171,4.194,4.144,4.177,91031.0,2026-03-31 23:59:59.999000+00:00,1
2026-04-01 00:00:00+00:00,4.177,4.201,4.145,4.191,114450.0,2026-04-01 03:59:59.999000+00:00,1
2026-04-01 04:00:00+00:00,4.191,4.259,4.165,4.224,143628.0,2026-04-01 07:59:59.999000+00:00,1
2026-04-01 08:00:00+00:00,4.226,4.238,4.18,4.209,131869.0,2026-04-01 11:59:59.999000+00:00,1
2026-04-01 12:00:00+00:00,4.21,4.287,4.206,4.275,190736.0,2026-04-01 15:59:59.999000+00:00,1
2026-04-01 16:00:00+00:00,4.277,4.322,4.261,4.261,104953.0,2026-04-01 19:59:59.999000+00:00,1
2026-04-01 20:00:00+00:00,4.26,4.272,4.234,4.259,74454.0,2026-04-01 23:59:59.999000+00:00,1
2026-04-02 00:00:00+00:00,4.258,4.321,4.121,4.138,189770.0,2026-04-02 03:59:59.999000+00:00,1
2026-04-02 04:00:00+00:00,4.137,4.184,4.126,4.173,161680.0,2026-04-02 07:59:59.999000+00:00,1
2026-04-02 08:00:00+00:00,4.172,4.184,4.097,4.101,127018.0,2026-04-02 11:59:59.999000+00:00,1
2026-04-02 12:00:00+00:00,4.097,4.147,4.032,4.132,237833.0,2026-04-02 15:59:59.999000+00:00,1
2026-04-02 16:00:00+00:00,4.129,4.192,4.115,4.181,188095.0,2026-04-02 19:59:59.999000+00:00,1
2026-04-02 20:00:00+00:00,4.179,4.282,4.174,4.237,216477.0,2026-04-02 23:59:59.999000+00:00,1
2026-04-03 00:00:00+00:00,4.238,4.288,4.214,4.285,138152.0,2026-04-03 03:59:59.999000+00:00,1
2026-04-03 04:00:00+00:00,4.285,4.36,4.269,4.269,207411.0,2026-04-03 07:59:59.999000+00:00,1
2026-04-03 08:00:00+00:00,4.27,4.333,4.269,4.306,140269.0,2026-04-03 11:59:59.999000+00:00,1
2026-04-03 12:00:00+00:00,4.304,4.324,4.243,4.256,196908.0,2026-04-03 15:59:59.999000+00:00,1
2026-04-03 16:00:00+00:00,4.253,4.259,4.166,4.189,178334.0,2026-04-03 19:59:59.999000+00:00,1
2026-04-03 20:00:00+00:00,4.188,4.211,4.181,4.189,85322.0,2026-04-03 23:59:59.999000+00:00,1
2026-04-04 00:00:00+00:00,4.191,4.195,4.151,4.158,75043.0,2026-04-04 03:59:59.999000+00:00,1
2026-04-04 04:00:00+00:00,4.155,4.199,4.131,4.194,202021.0,2026-04-04 07:59:59.999000+00:00,1
2026-04-04 08:00:00+00:00,4.193,4.221,4.167,4.208,237393.0,2026-04-04 11:59:59.999000+00:00,1
2026-04-04 12:00:00+00:00,4.209,4.213,4.146,4.159,193535.0,2026-04-04 15:59:59.999000+00:00,1
2026-04-04 16:00:00+00:00,4.162,4.194,4.142,4.183,145029.0,2026-04-04 19:59:59.999000+00:00,1
2026-04-04 20:00:00+00:00,4.181,4.186,4.154,4.162,96559.0,2026-04-04 23:59:59.999000+00:00,1
2026-04-05 00:00:00+00:00,4.162,4.17,4.077,4.083,185073.0,2026-04-05 03:59:59.999000+00:00,1
2026-04-05 04:00:00+00:00,4.084,4.092,4.037,4.063,126077.0,2026-04-05 07:59:59.999000+00:00,1
2026-04-05 08:00:00+00:00,4.061,4.107,4.059,4.104,76980.0,2026-04-05 11:59:59.999000+00:00,1
2026-04-05 12:00:00+00:00,4.104,4.146,4.059,4.08,269084.0,2026-04-05 15:59:59.999000+00:00,1
2026-04-05 16:00:00+00:00,4.079,4.109,4.075,4.084,94296.0,2026-04-05 19:59:59.999000+00:00,1
2026-04-05 20:00:00+00:00,4.084,4.178,4.063,4.163,160795.0,2026-04-05 23:59:59.999000+00:00,1
2026-04-06 00:00:00+00:00,4.164,4.244,4.154,4.218,180050.0,2026-04-06 03:59:59.999000+00:00,1
2026-04-06 04:00:00+00:00,4.221,4.237,4.152,4.181,206305.0,2026-04-06 07:59:59.999000+00:00,1
2026-04-06 08:00:00+00:00,4.187,4.217,4.16,4.215,304494.0,2026-04-06 11:59:59.999000+00:00,1
2026-04-06 12:00:00+00:00,4.215,4.229,4.171,4.192,215765.0,2026-04-06 15:59:59.999000+00:00,1
2026-04-06 16:00:00+00:00,4.191,4.199,4.137,4.16,191774.0,2026-04-06 19:59:59.999000+00:00,1
2026-04-06 20:00:00+00:00,4.16,4.163,4.051,4.076,213861.0,2026-04-06 23:59:59.999000+00:00,1
2026-04-07 00:00:00+00:00,4.075,4.083,4.012,4.018,238134.0,2026-04-07 03:59:59.999000+00:00,1
2026-04-07 04:00:00+00:00,4.015,4.053,3.992,4.038,272422.0,2026-04-07 07:59:59.999000+00:00,1
2026-04-07 08:00:00+00:00,4.039,4.079,4.015,4.029,151531.0,2026-04-07 11:59:59.999000+00:00,1
2026-04-07 12:00:00+00:00,4.028,4.031,3.976,4.015,271394.0,2026-04-07 15:59:59.999000+00:00,1
2026-04-07 16:00:00+00:00,4.017,4.078,4.009,4.078,95455.0,2026-04-07 19:59:59.999000+00:00,1
2026-04-07 20:00:00+00:00,4.078,4.286,4.078,4.261,185204.0,2026-04-07 23:59:59.999000+00:00,1
2026-04-08 00:00:00+00:00,4.263,4.276,4.195,4.228,166154.0,2026-04-08 03:59:59.999000+00:00,1
2026-04-08 04:00:00+00:00,4.228,4.294,4.225,4.271,171695.0,2026-04-08 07:59:59.999000+00:00,1
2026-04-08 08:00:00+00:00,4.27,4.277,4.21,4.23,109979.0,2026-04-08 11:59:59.999000+00:00,1
2026-04-08 12:00:00+00:00,4.229,4.24,4.164,4.216,137950.0,2026-04-08 15:59:59.999000+00:00,1
2026-04-08 16:00:00+00:00,4.218,4.248,4.209,4.226,114146.0,2026-04-08 19:59:59.999000+00:00,1
2026-04-08 20:00:00+00:00,4.228,4.254,4.154,4.167,84579.0,2026-04-08 23:59:59.999000+00:00,1
2026-04-09 00:00:00+00:00,4.167,4.172,4.119,4.153,123291.0,2026-04-09 03:59:59.999000+00:00,1
2026-04-09 04:00:00+00:00,4.151,4.19,4.135,4.167,70884.0,2026-04-09 07:59:59.999000+00:00,1
2026-04-09 08:00:00+00:00,4.166,4.203,4.153,4.191,145051.0,2026-04-09 11:59:59.999000+00:00,1
2026-04-09 12:00:00+00:00,4.187,4.228,4.151,4.208,150088.0,2026-04-09 15:59:59.999000+00:00,1
2026-04-09 16:00:00+00:00,4.211,4.281,4.205,4.234,177466.0,2026-04-09 19:59:59.999000+00:00,1
2026-04-09 20:00:00+00:00,4.234,4.29,4.201,4.206,130118.0,2026-04-09 23:59:59.999000+00:00,1
2026-04-10 00:00:00+00:00,4.209,4.233,4.178,4.196,82064.0,2026-04-10 03:59:59.999000+00:00,1
2026-04-10 04:00:00+00:00,4.199,4.247,4.177,4.18,91056.0,2026-04-10 07:59:59.999000+00:00,1
2026-04-10 08:00:00+00:00,4.182,4.231,4.166,4.214,83743.0,2026-04-10 11:59:59.999000+00:00,1
2026-04-10 12:00:00+00:00,4.209,4.367,4.207,4.286,399241.0,2026-04-10 15:59:59.999000+00:00,1
2026-04-10 16:00:00+00:00,4.291,4.333,4.256,4.315,119809.0,2026-04-10 19:59:59.999000+00:00,1
2026-04-10 20:00:00+00:00,4.313,4.315,4.263,4.309,61486.0,2026-04-10 23:59:59.999000+00:00,1
2026-04-11 00:00:00+00:00,4.309,4.331,4.286,4.305,135436.0,2026-04-11 03:59:59.999000+00:00,1
2026-04-11 04:00:00+00:00,4.306,4.324,4.238,4.261,217895.0,2026-04-11 07:59:59.999000+00:00,1
2026-04-11 08:00:00+00:00,4.26,4.27,4.235,4.259,87949.0,2026-04-11 11:59:59.999000+00:00,1
2026-04-11 12:00:00+00:00,4.259,4.263,4.2,4.252,99430.0,2026-04-11 15:59:59.999000+00:00,1
2026-04-11 16:00:00+00:00,4.253,4.356,4.247,4.356,174833.0,2026-04-11 19:59:59.999000+00:00,1
2026-04-11 20:00:00+00:00,4.358,4.364,4.228,4.24,185556.0,2026-04-11 23:59:59.999000+00:00,1
2026-04-12 00:00:00+00:00,4.244,4.259,4.107,4.152,249639.0,2026-04-12 03:59:59.999000+00:00,1
2026-04-12 04:00:00+00:00,4.153,4.168,4.125,4.151,60673.0,2026-04-12 07:59:59.999000+00:00,1
2026-04-12 08:00:00+00:00,4.151,4.183,4.121,4.142,115045.0,2026-04-12 11:59:59.999000+00:00,1
2026-04-12 12:00:00+00:00,4.14,4.187,4.114,4.128,113502.0,2026-04-12 15:59:59.999000+00:00,1
2026-04-12 16:00:00+00:00,4.128,4.2,4.125,4.162,92055.0,2026-04-12 19:59:59.999000+00:00,1
2026-04-12 20:00:00+00:00,4.162,4.18,4.093,4.104,140779.0,2026-04-12 23:59:59.999000+00:00,1
2026-04-13 00:00:00+00:00,4.106,4.166,4.098,4.142,66578.0,2026-04-13 03:59:59.999000+00:00,1
2026-04-13 04:00:00+00:00,4.141,4.156,4.078,4.118,206971.0,2026-04-13 07:59:59.999000+00:00,1
2026-04-13 08:00:00+00:00,4.118,4.133,4.082,4.122,95608.0,2026-04-13 11:59:59.999000+00:00,1
2026-04-13 12:00:00+00:00,4.12,4.191,4.107,4.181,184706.0,2026-04-13 15:59:59.999000+00:00,1
2026-04-13 16:00:00+00:00,4.181,4.19,4.143,4.189,61832.0,2026-04-13 19:59:59.999000+00:00,1
2026-04-13 20:00:00+00:00,4.189,4.331,4.163,4.295,155137.0,2026-04-13 23:59:59.999000+00:00,1
2026-04-14 00:00:00+00:00,4.295,4.306,4.229,4.241,73904.0,2026-04-14 03:59:59.999000+00:00,1
2026-04-14 04:00:00+00:00,4.242,4.245,4.159,4.178,206476.0,2026-04-14 07:59:59.999000+00:00,1
2026-04-14 08:00:00+00:00,4.18,4.239,4.177,4.199,184327.0,2026-04-14 11:59:59.999000+00:00,1
2026-04-14 12:00:00+00:00,4.199,4.242,4.168,4.193,176207.0,2026-04-14 15:59:59.999000+00:00,1
2026-04-14 16:00:00+00:00,4.192,4.213,4.112,4.145,217154.0,2026-04-14 19:59:59.999000+00:00,1
2026-04-14 20:00:00+00:00,4.146,4.153,4.118,4.143,124396.0,2026-04-14 23:59:59.999000+00:00,1
2026-04-15 00:00:00+00:00,4.143,4.19,4.143,4.176,90596.0,2026-04-15 03:59:59.999000+00:00,1
2026-04-15 04:00:00+00:00,4.176,4.225,4.158,4.19,155462.0,2026-04-15 07:59:59.999000+00:00,1
2026-04-15 08:00:00+00:00,4.189,4.289,4.187,4.243,182687.0,2026-04-15 11:59:59.999000+00:00,1
2026-04-15 12:00:00+00:00,4.242,4.263,4.178,4.211,187595.0,2026-04-15 15:59:59.999000+00:00,1
2026-04-15 16:00:00+00:00,4.21,4.292,4.19,4.271,208043.0,2026-04-15 19:59:59.999000+00:00,1
2026-04-15 20:00:00+00:00,4.271,4.314,4.256,4.287,181180.0,2026-04-15 23:59:59.999000+00:00,1
2026-04-16 00:00:00+00:00,4.289,4.478,4.279,4.434,357775.0,2026-04-16 03:59:59.999000+00:00,1
2026-04-16 04:00:00+00:00,4.432,4.547,4.414,4.5,625449.0,2026-04-16 07:59:59.999000+00:00,1
2026-04-16 08:00:00+00:00,4.498,4.516,4.424,4.472,230331.0,2026-04-16 11:59:59.999000+00:00,1
2026-04-16 12:00:00+00:00,4.475,4.668,4.453,4.658,648902.0,2026-04-16 15:59:59.999000+00:00,1
2026-04-16 16:00:00+00:00,4.657,4.805,4.547,4.774,401018.0,2026-04-16 19:59:59.999000+00:00,1
2026-04-16 20:00:00+00:00,4.769,4.789,4.6,4.699,217907.0,2026-04-16 23:59:59.999000+00:00,1
2026-04-17 00:00:00+00:00,4.695,4.728,4.569,4.61,222911.0,2026-04-17 03:59:59.999000+00:00,1
2026-04-17 04:00:00+00:00,4.61,6.476,4.527,6.396,20937441.0,2026-04-17 07:59:59.999000+00:00,1
2026-04-17 08:00:00+00:00,6.384,6.43,5.08,5.128,13621302.0,2026-04-17 11:59:59.999000+00:00,1
2026-04-17 12:00:00+00:00,5.128,5.397,4.971,5.013,6037598.0,2026-04-17 15:59:59.999000+00:00,1
2026-04-17 16:00:00+00:00,5.01,5.131,4.933,4.993,1543385.0,2026-04-17 19:59:59.999000+00:00,1
2026-04-17 20:00:00+00:00,4.996,5.023,4.871,4.949,881990.0,2026-04-17 23:59:59.999000+00:00,1
2026-04-18 00:00:00+00:00,4.95,4.995,4.825,4.83,953298.0,2026-04-18 03:59:59.999000+00:00,1
2026-04-18 04:00:00+00:00,4.829,4.967,4.792,4.932,747401.0,2026-04-18 07:59:59.999000+00:00,1
2026-04-18 08:00:00+00:00,4.932,4.954,4.656,4.704,1203574.0,2026-04-18 11:59:59.999000+00:00,1
2026-04-18 12:00:00+00:00,4.704,4.779,4.657,4.766,1007659.0,2026-04-18 15:59:59.999000+00:00,1
2026-04-18 16:00:00+00:00,4.765,4.787,4.652,4.679,711982.0,2026-04-18 19:59:59.999000+00:00,1
2026-04-18 20:00:00+00:00,4.678,4.73,4.638,4.665,409685.0,2026-04-18 23:59:59.999000+00:00,1
2026-04-19 00:00:00+00:00,4.665,4.674,4.584,4.625,350163.0,2026-04-19 03:59:59.999000+00:00,1
2026-04-19 04:00:00+00:00,4.625,4.687,4.592,4.664,401023.0,2026-04-19 07:59:59.999000+00:00,1
2026-04-19 08:00:00+00:00,4.663,5.026,4.661,4.87,3671384.0,2026-04-19 11:59:59.999000+00:00,1
2026-04-19 12:00:00+00:00,4.87,4.93,4.734,4.826,1635403.0,2026-04-19 15:59:59.999000+00:00,1
2026-04-19 16:00:00+00:00,4.826,4.848,4.695,4.758,704453.0,2026-04-19 19:59:59.999000+00:00,1
2026-04-19 20:00:00+00:00,4.762,4.825,4.613,4.631,610341.0,2026-04-19 23:59:59.999000+00:00,1
2026-04-20 00:00:00+00:00,4.631,4.676,4.605,4.651,290725.0,2026-04-20 03:59:59.999000+00:00,1
2026-04-20 04:00:00+00:00,4.654,4.694,4.56,4.645,600053.0,2026-04-20 07:59:59.999000+00:00,1
2026-04-20 08:00:00+00:00,4.646,4.752,4.626,4.752,451310.0,2026-04-20 11:59:59.999000+00:00,1
2026-04-20 12:00:00+00:00,4.752,4.843,4.72,4.731,910266.0,2026-04-20 15:59:59.999000+00:00,1
2026-04-20 16:00:00+00:00,4.731,4.784,4.708,4.731,280778.0,2026-04-20 19:59:59.999000+00:00,1
2026-04-20 20:00:00+00:00,4.732,4.826,4.711,4.747,259274.0,2026-04-20 23:59:59.999000+00:00,1
2026-04-21 00:00:00+00:00,4.746,4.835,4.735,4.796,400792.0,2026-04-21 03:59:59.999000+00:00,1
2026-04-21 04:00:00+00:00,4.797,4.81,4.713,4.745,397789.0,2026-04-21 07:59:59.999000+00:00,1
2026-04-21 08:00:00+00:00,4.744,4.798,4.734,4.77,385045.0,2026-04-21 11:59:59.999000+00:00,1
2026-04-21 12:00:00+00:00,4.77,4.801,4.701,4.761,306341.0,2026-04-21 15:59:59.999000+00:00,1
2026-04-21 16:00:00+00:00,4.761,4.776,4.65,4.662,535130.0,2026-04-21 19:59:59.999000+00:00,1
2026-04-21 20:00:00+00:00,4.664,4.785,4.651,4.776,263648.0,2026-04-21 23:59:59.999000+00:00,1
2026-04-22 00:00:00+00:00,4.779,4.85,4.716,4.804,544261.0,2026-04-22 03:59:59.999000+00:00,1
2026-04-22 04:00:00+00:00,4.805,4.898,4.801,4.876,403531.0,2026-04-22 07:59:59.999000+00:00,1
2026-04-22 08:00:00+00:00,4.875,4.907,4.84,4.857,316287.0,2026-04-22 11:59:59.999000+00:00,1
2026-04-22 12:00:00+00:00,4.858,4.89,4.82,4.865,319145.0,2026-04-22 15:59:59.999000+00:00,1
2026-04-22 16:00:00+00:00,4.865,4.934,4.819,4.845,285771.0,2026-04-22 19:59:59.999000+00:00,1
2026-04-22 20:00:00+00:00,4.847,4.855,4.773,4.786,177883.0,2026-04-22 23:59:59.999000+00:00,1
2026-04-23 00:00:00+00:00,4.785,4.801,4.695,4.715,270372.0,2026-04-23 03:59:59.999000+00:00,1
2026-04-23 04:00:00+00:00,4.714,4.765,4.706,4.722,198486.0,2026-04-23 07:59:59.999000+00:00,1
2026-04-23 08:00:00+00:00,4.722,4.772,4.687,4.763,338410.0,2026-04-23 11:59:59.999000+00:00,1
2026-04-23 12:00:00+00:00,4.764,5.149,4.759,5.043,2607459.0,2026-04-23 15:59:59.999000+00:00,1
2026-04-23 16:00:00+00:00,5.046,5.057,4.813,4.9,1184915.0,2026-04-23 19:59:59.999000+00:00,1
2026-04-23 20:00:00+00:00,4.902,4.972,4.866,4.953,368174.0,2026-04-23 23:59:59.999000+00:00,1
2026-04-24 00:00:00+00:00,4.954,5.019,4.818,4.844,505142.0,2026-04-24 03:59:59.999000+00:00,1
2026-04-24 04:00:00+00:00,4.845,4.915,4.826,4.884,281671.0,2026-04-24 07:59:59.999000+00:00,1
2026-04-24 08:00:00+00:00,4.886,4.924,4.85,4.906,341639.0,2026-04-24 11:59:59.999000+00:00,1
2026-04-24 12:00:00+00:00,4.904,4.938,4.853,4.933,317519.0,2026-04-24 15:59:59.999000+00:00,1
2026-04-24 16:00:00+00:00,4.935,4.935,4.869,4.894,274263.0,2026-04-24 19:59:59.999000+00:00,1
2026-04-24 20:00:00+00:00,4.893,4.923,4.834,4.845,252417.0,2026-04-24 23:59:59.999000+00:00,1
2026-04-25 00:00:00+00:00,4.845,4.913,4.827,4.889,414482.0,2026-04-25 03:59:59.999000+00:00,1
2026-04-25 04:00:00+00:00,4.889,4.923,4.857,4.872,152194.0,2026-04-25 07:59:59.999000+00:00,1
2026-04-25 08:00:00+00:00,4.87,4.91,4.784,4.82,324556.0,2026-04-25 11:59:59.999000+00:00,1
2026-04-25 12:00:00+00:00,4.82,4.822,4.736,4.748,356857.0,2026-04-25 15:59:59.999000+00:00,1
2026-04-25 16:00:00+00:00,4.748,4.858,4.701,4.712,530453.0,2026-04-25 19:59:59.999000+00:00,1
2026-04-25 20:00:00+00:00,4.711,4.735,4.689,4.724,118112.0,2026-04-25 23:59:59.999000+00:00,1
2026-04-26 00:00:00+00:00,4.725,4.763,4.677,4.745,219735.0,2026-04-26 03:59:59.999000+00:00,1
2026-04-26 04:00:00+00:00,4.744,4.85,4.742,4.823,225326.0,2026-04-26 07:59:59.999000+00:00,1
2026-04-26 08:00:00+00:00,4.823,4.823,4.773,4.807,102263.0,2026-04-26 11:59:59.999000+00:00,1
2026-04-26 12:00:00+00:00,4.806,4.815,4.737,4.782,247965.0,2026-04-26 15:59:59.999000+00:00,1
2026-04-26 16:00:00+00:00,4.782,4.815,4.755,4.798,141338.0,2026-04-26 19:59:59.999000+00:00,1
2026-04-26 20:00:00+00:00,4.799,4.833,4.76,4.818,168715.0,2026-04-26 23:59:59.999000+00:00,1
2026-04-27 00:00:00+00:00,4.818,4.908,4.801,4.889,192625.0,2026-04-27 03:59:59.999000+00:00,1
2026-04-27 04:00:00+00:00,4.887,4.893,4.701,4.715,299598.0,2026-04-27 07:59:59.999000+00:00,1
2026-04-27 08:00:00+00:00,4.714,4.758,4.703,4.753,128319.0,2026-04-27 11:59:59.999000+00:00,1
2026-04-27 12:00:00+00:00,4.753,4.775,4.656,4.674,263105.0,2026-04-27 15:59:59.999000+00:00,1
2026-04-27 16:00:00+00:00,4.674,4.71,4.664,4.681,152449.0,2026-04-27 19:59:59.999000+00:00,1
2026-04-27 20:00:00+00:00,4.683,4.753,4.673,4.747,133140.0,2026-04-27 23:59:59.999000+00:00,1
2026-04-28 00:00:00+00:00,4.749,4.761,4.709,4.723,141335.0,2026-04-28 03:59:59.999000+00:00,1
2026-04-28 04:00:00+00:00,4.722,4.825,4.721,4.762,326812.0,2026-04-28 07:59:59.999000+00:00,1
2026-04-28 08:00:00+00:00,4.764,4.764,4.717,4.74,150426.0,2026-04-28 11:59:59.999000+00:00,1
2026-04-28 12:00:00+00:00,4.741,4.82,4.732,4.785,428862.0,2026-04-28 15:59:59.999000+00:00,1
2026-04-28 16:00:00+00:00,4.784,4.805,4.759,4.781,151543.0,2026-04-28 19:59:59.999000+00:00,1
2026-04-28 20:00:00+00:00,4.782,4.814,4.779,4.798,50491.0,2026-04-28 23:59:59.999000+00:00,1
2026-04-29 00:00:00+00:00,4.798,4.909,4.774,4.89,340488.0,2026-04-29 03:59:59.999000+00:00,1
2026-04-29 04:00:00+00:00,4.893,4.918,4.832,4.867,284367.0,2026-04-29 07:59:59.999000+00:00,1
2026-04-29 08:00:00+00:00,4.867,4.915,4.829,4.898,230970.0,2026-04-29 11:59:59.999000+00:00,1
2026-04-29 12:00:00+00:00,4.9,4.904,4.767,4.775,429430.0,2026-04-29 15:59:59.999000+00:00,1
2026-04-29 16:00:00+00:00,4.774,4.791,4.603,4.661,436988.0,2026-04-29 19:59:59.999000+00:00,1
2026-04-29 20:00:00+00:00,4.665,4.746,4.657,4.718,121635.0,2026-04-29 23:59:59.999000+00:00,1
2026-04-30 00:00:00+00:00,4.723,4.754,4.658,4.687,97697.0,2026-04-30 03:59:59.999000+00:00,1
2026-04-30 04:00:00+00:00,4.684,4.708,4.624,4.698,84709.0,2026-04-30 07:59:59.999000+00:00,1
2026-04-30 08:00:00+00:00,4.7,4.741,4.678,4.695,77078.0,2026-04-30 11:59:59.999000+00:00,1
2026-04-30 12:00:00+00:00,4.697,4.721,4.662,4.689,86434.0,2026-04-30 15:59:59.999000+00:00,1
2026-04-30 16:00:00+00:00,4.688,4.801,4.668,4.758,228719.0,2026-04-30 19:59:59.999000+00:00,1
2026-04-30 20:00:00+00:00,4.757,4.761,4.713,4.737,69563.0,2026-04-30 23:59:59.999000+00:00,1
2026-05-01 00:00:00+00:00,4.741,4.747,4.696,4.731,148127.0,2026-05-01 03:59:59.999000+00:00,1
2026-05-01 04:00:00+00:00,4.731,4.763,4.696,4.72,125293.0,2026-05-01 07:59:59.999000+00:00,1
2026-05-01 08:00:00+00:00,4.718,4.743,4.687,4.705,105474.0,2026-05-01 11:59:59.999000+00:00,1
2026-05-01 12:00:00+00:00,4.706,4.787,4.692,4.763,217388.0,2026-05-01 15:59:59.999000+00:00,1
2026-05-01 16:00:00+00:00,4.765,4.776,4.723,4.73,120545.0,2026-05-01 19:59:59.999000+00:00,1
2026-05-01 20:00:00+00:00,4.731,4.735,4.691,4.708,155718.0,2026-05-01 23:59:59.999000+00:00,1
2026-05-02 00:00:00+00:00,4.706,4.733,4.69,4.717,76616.0,2026-05-02 03:59:59.999000+00:00,1
2026-05-02 04:00:00+00:00,4.717,4.744,4.687,4.72,92341.0,2026-05-02 07:59:59.999000+00:00,1
2026-05-02 08:00:00+00:00,4.721,4.739,4.708,4.719,58930.0,2026-05-02 11:59:59.999000+00:00,1
2026-05-02 12:00:00+00:00,4.716,4.799,4.707,4.784,195069.0,2026-05-02 15:59:59.999000+00:00,1
2026-05-02 16:00:00+00:00,4.784,4.81,4.74,4.785,180035.0,2026-05-02 19:59:59.999000+00:00,1
2026-05-02 20:00:00+00:00,4.785,4.83,4.77,4.79,125141.0,2026-05-02 23:59:59.999000+00:00,1
2026-05-03 00:00:00+00:00,4.79,4.796,4.712,4.734,125343.0,2026-05-03 03:59:59.999000+00:00,1
2026-05-03 04:00:00+00:00,4.733,4.757,4.722,4.739,71865.0,2026-05-03 07:59:59.999000+00:00,1
2026-05-03 08:00:00+00:00,4.741,4.764,4.721,4.745,110669.0,2026-05-03 11:59:59.999000+00:00,1
2026-05-03 12:00:00+00:00,4.744,4.774,4.722,4.724,67060.0,2026-05-03 15:59:59.999000+00:00,1
2026-05-03 16:00:00+00:00,4.725,4.863,4.71,4.834,222849.0,2026-05-03 19:59:59.999000+00:00,1
2026-05-03 20:00:00+00:00,4.833,4.908,4.833,4.883,382970.0,2026-05-03 23:59:59.999000+00:00,1
2026-05-04 00:00:00+00:00,4.884,5.048,4.829,5.043,633772.0,2026-05-04 03:59:59.999000+00:00,1
2026-05-04 04:00:00+00:00,5.043,5.051,4.9,4.909,363386.0,2026-05-04 07:59:59.999000+00:00,1
2026-05-04 08:00:00+00:00,4.907,4.934,4.776,4.789,397792.0,2026-05-04 11:59:59.999000+00:00,1
2026-05-04 12:00:00+00:00,4.789,4.868,4.764,4.825,275964.0,2026-05-04 15:59:59.999000+00:00,1
2026-05-04 16:00:00+00:00,4.827,4.88,4.803,4.85,130156.0,2026-05-04 19:59:59.999000+00:00,1
2026-05-04 20:00:00+00:00,4.85,4.852,4.804,4.817,83092.0,2026-05-04 23:59:59.999000+00:00,1
2026-05-05 00:00:00+00:00,4.819,4.869,4.797,4.838,85894.0,2026-05-05 03:59:59.999000+00:00,1
2026-05-05 04:00:00+00:00,4.837,4.91,4.82,4.889,64988.0,2026-05-05 07:59:59.999000+00:00,1
2026-05-05 08:00:00+00:00,4.889,4.934,4.864,4.885,114007.0,2026-05-05 11:59:59.999000+00:00,1
2026-05-05 12:00:00+00:00,4.887,4.928,4.846,4.855,144915.0,2026-05-05 15:59:59.999000+00:00,1
2026-05-05 16:00:00+00:00,4.86,4.889,4.826,4.88,105284.0,2026-05-05 19:59:59.999000+00:00,1
2026-05-05 20:00:00+00:00,4.88,4.944,4.877,4.896,203718.0,2026-05-05 23:59:59.999000+00:00,1
2026-05-06 00:00:00+00:00,4.895,5.012,4.877,5.004,172966.0,2026-05-06 03:59:59.999000+00:00,1
2026-05-06 04:00:00+00:00,5.005,5.011,4.923,4.991,172733.0,2026-05-06 07:59:59.999000+00:00,1
2026-05-06 08:00:00+00:00,4.99,5.085,4.985,5.052,230427.0,2026-05-06 11:59:59.999000+00:00,1
2026-05-06 12:00:00+00:00,5.052,5.065,4.919,5.0,368241.0,2026-05-06 15:59:59.999000+00:00,1
2026-05-06 16:00:00+00:00,5.001,5.035,4.969,4.989,210204.0,2026-05-06 19:59:59.999000+00:00,1
2026-05-06 20:00:00+00:00,4.991,5.096,4.975,5.089,330630.0,2026-05-06 23:59:59.999000+00:00,1
2026-05-07 00:00:00+00:00,5.09,5.576,4.986,5.413,7329746.0,2026-05-07 03:59:59.999000+00:00,1
2026-05-07 04:00:00+00:00,5.409,5.78,5.346,5.563,8509535.0,2026-05-07 07:59:59.999000+00:00,1
2026-05-07 08:00:00+00:00,5.561,5.943,5.437,5.766,8895624.0,2026-05-07 11:59:59.999000+00:00,1
2026-05-07 12:00:00+00:00,5.767,6.921,5.67,6.104,42193474.0,2026-05-07 15:59:59.999000+00:00,1
2026-05-07 16:00:00+00:00,6.105,6.128,5.48,5.664,15380439.0,2026-05-07 19:59:59.999000+00:00,1
2026-05-07 20:00:00+00:00,5.664,5.711,5.564,5.653,2773223.0,2026-05-07 23:59:59.999000+00:00,1
2026-05-08 00:00:00+00:00,5.653,5.826,5.536,5.8,4318416.0,2026-05-08 03:59:59.999000+00:00,1
2026-05-08 04:00:00+00:00,5.798,5.958,5.759,5.843,3216422.0,2026-05-08 07:59:59.999000+00:00,1
2026-05-08 08:00:00+00:00,5.843,5.906,5.73,5.849,1918583.0,2026-05-08 11:59:59.999000+00:00,1
2026-05-08 12:00:00+00:00,5.852,6.061,5.827,5.91,2125761.0,2026-05-08 15:59:59.999000+00:00,1
2026-05-08 16:00:00+00:00,5.909,5.944,5.843,5.898,871121.0,2026-05-08 19:59:59.999000+00:00,1
2026-05-08 20:00:00+00:00,5.898,5.989,5.882,5.989,821910.0,2026-05-08 23:59:59.999000+00:00,1
2026-05-09 00:00:00+00:00,5.989,6.092,5.965,6.0,983116.0,2026-05-09 03:59:59.999000+00:00,1
2026-05-09 04:00:00+00:00,5.999,6.212,5.996,6.086,1325077.0,2026-05-09 07:59:59.999000+00:00,1
2026-05-09 08:00:00+00:00,6.087,6.153,5.932,5.998,874245.0,2026-05-09 11:59:59.999000+00:00,1
2026-05-09 12:00:00+00:00,5.997,6.031,5.893,5.98,746548.0,2026-05-09 15:59:59.999000+00:00,1
2026-05-09 16:00:00+00:00,5.981,6.1,5.934,5.94,578829.0,2026-05-09 19:59:59.999000+00:00,1
2026-05-09 20:00:00+00:00,5.939,5.98,5.89,5.897,411595.0,2026-05-09 23:59:59.999000+00:00,1
2026-05-10 00:00:00+00:00,5.898,5.949,5.851,5.922,347810.0,2026-05-10 03:59:59.999000+00:00,1
2026-05-10 04:00:00+00:00,5.922,5.931,5.821,5.841,402189.0,2026-05-10 07:59:59.999000+00:00,1
2026-05-10 08:00:00+00:00,5.842,5.87,5.788,5.793,504904.0,2026-05-10 11:59:59.999000+00:00,1
2026-05-10 12:00:00+00:00,5.791,5.921,5.778,5.887,370911.0,2026-05-10 15:59:59.999000+00:00,1
2026-05-10 16:00:00+00:00,5.887,5.993,5.88,5.95,408590.0,2026-05-10 19:59:59.999000+00:00,1
2026-05-10 20:00:00+00:00,5.95,5.95,5.75,5.903,501182.0,2026-05-10 23:59:59.999000+00:00,1
2026-05-11 00:00:00+00:00,5.904,5.921,5.741,5.762,542080.0,2026-05-11 03:59:59.999000+00:00,1
2026-05-11 04:00:00+00:00,5.762,5.856,5.74,5.847,376543.0,2026-05-11 07:59:59.999000+00:00,1
2026-05-11 08:00:00+00:00,5.845,5.96,5.821,5.92,448371.0,2026-05-11 11:59:59.999000+00:00,1
2026-05-11 12:00:00+00:00,5.92,5.93,5.817,5.881,307879.0,2026-05-11 15:59:59.999000+00:00,1
2026-05-11 16:00:00+00:00,5.881,5.901,5.838,5.86,218368.0,2026-05-11 19:59:59.999000+00:00,1
2026-05-11 20:00:00+00:00,5.86,5.885,5.822,5.83,136218.0,2026-05-11 23:59:59.999000+00:00,1
2026-05-12 00:00:00+00:00,5.829,5.836,5.731,5.75,469436.0,2026-05-12 03:59:59.999000+00:00,1
2026-05-12 04:00:00+00:00,5.75,5.777,5.723,5.734,286885.0,2026-05-12 07:59:59.999000+00:00,1
2026-05-12 08:00:00+00:00,5.733,5.734,5.628,5.645,509762.0,2026-05-12 11:59:59.999000+00:00,1
2026-05-12 12:00:00+00:00,5.647,5.681,5.518,5.543,571353.0,2026-05-12 15:59:59.999000+00:00,1
2026-05-12 16:00:00+00:00,5.543,5.673,5.532,5.656,272235.0,2026-05-12 19:59:59.999000+00:00,1
2026-05-12 20:00:00+00:00,5.656,5.658,5.594,5.609,145540.0,2026-05-12 23:59:59.999000+00:00,1
2026-05-13 00:00:00+00:00,5.608,5.684,5.592,5.669,243327.0,2026-05-13 03:59:59.999000+00:00,1
2026-05-13 04:00:00+00:00,5.673,5.699,5.632,5.69,136836.0,2026-05-13 07:59:59.999000+00:00,1
2026-05-13 08:00:00+00:00,5.688,5.811,5.636,5.643,337250.0,2026-05-13 11:59:59.999000+00:00,1
2026-05-13 12:00:00+00:00,5.646,5.658,5.327,5.342,819391.0,2026-05-13 15:59:59.999000+00:00,1
2026-05-13 16:00:00+00:00,5.339,5.475,5.339,5.413,221889.0,2026-05-13 19:59:59.999000+00:00,1
2026-05-13 20:00:00+00:00,5.412,5.44,5.373,5.388,94744.0,2026-05-13 23:59:59.999000+00:00,1
2026-05-14 00:00:00+00:00,5.388,5.471,5.347,5.361,354171.0,2026-05-14 03:59:59.999000+00:00,1
2026-05-14 04:00:00+00:00,5.359,5.419,5.352,5.353,184574.0,2026-05-14 07:59:59.999000+00:00,1
2026-05-14 08:00:00+00:00,5.356,5.429,5.328,5.392,219820.0,2026-05-14 11:59:59.999000+00:00,1
2026-05-14 12:00:00+00:00,5.392,5.503,5.388,5.49,180963.0,2026-05-14 15:59:59.999000+00:00,1
2026-05-14 16:00:00+00:00,5.494,5.533,5.428,5.502,230602.0,2026-05-14 19:59:59.999000+00:00,1
2026-05-14 20:00:00+00:00,5.502,5.533,5.42,5.428,120676.0,2026-05-14 23:59:59.999000+00:00,1
2026-05-15 00:00:00+00:00,5.428,5.458,5.362,5.401,178046.0,2026-05-15 03:59:59.999000+00:00,1
2026-05-15 04:00:00+00:00,5.399,5.399,5.246,5.312,193590.0,2026-05-15 07:59:59.999000+00:00,1
2026-05-15 08:00:00+00:00,5.313,5.327,5.27,5.295,122678.0,2026-05-15 11:59:59.999000+00:00,1
2026-05-15 12:00:00+00:00,5.295,5.309,5.066,5.123,600566.0,2026-05-15 15:59:59.999000+00:00,1
2026-05-15 16:00:00+00:00,5.124,5.2,5.107,5.177,123064.0,2026-05-15 19:59:59.999000+00:00,1
2026-05-15 20:00:00+00:00,5.177,5.186,5.141,5.17,113127.0,2026-05-15 23:59:59.999000+00:00,1
2026-05-16 00:00:00+00:00,5.171,5.219,5.158,5.181,132885.0,2026-05-16 03:59:59.999000+00:00,1
2026-05-16 04:00:00+00:00,5.178,5.181,4.98,5.044,222567.0,2026-05-16 07:59:59.999000+00:00,1
2026-05-16 08:00:00+00:00,5.043,5.062,4.956,5.006,282435.0,2026-05-16 11:59:59.999000+00:00,1
2026-05-16 12:00:00+00:00,5.007,5.054,4.981,5.047,110046.0,2026-05-16 15:59:59.999000+00:00,1
2026-05-16 16:00:00+00:00,5.047,5.09,5.046,5.049,77158.0,2026-05-16 19:59:59.999000+00:00,1
2026-05-16 20:00:00+00:00,5.051,5.082,5.032,5.052,61970.0,2026-05-16 23:59:59.999000+00:00,1
2026-05-17 00:00:00+00:00,5.053,5.101,4.976,5.092,229235.0,2026-05-17 03:59:59.999000+00:00,1
2026-05-17 04:00:00+00:00,5.09,5.205,5.086,5.193,293134.0,2026-05-17 07:59:59.999000+00:00,1
2026-05-17 08:00:00+00:00,5.19,5.197,5.132,5.138,138929.0,2026-05-17 11:59:59.999000+00:00,1
2026-05-17 12:00:00+00:00,5.136,5.169,5.08,5.114,122111.0,2026-05-17 15:59:59.999000+00:00,1
2026-05-17 16:00:00+00:00,5.115,5.163,5.082,5.137,185506.0,2026-05-17 19:59:59.999000+00:00,1
2026-05-17 20:00:00+00:00,5.14,5.15,4.794,4.944,420837.0,2026-05-17 23:59:59.999000+00:00,1
2026-05-18 00:00:00+00:00,4.944,4.988,4.893,4.937,285643.0,2026-05-18 03:59:59.999000+00:00,1
2026-05-18 04:00:00+00:00,4.94,4.999,4.911,4.93,292746.0,2026-05-18 07:59:59.999000+00:00,1
2026-05-18 08:00:00+00:00,4.932,4.986,4.88,4.954,225153.0,2026-05-18 11:59:59.999000+00:00,1
2026-05-18 12:00:00+00:00,4.957,5.006,4.889,4.925,237282.0,2026-05-18 15:59:59.999000+00:00,1
2026-05-18 16:00:00+00:00,4.926,5.001,4.889,4.984,181964.0,2026-05-18 19:59:59.999000+00:00,1
2026-05-18 20:00:00+00:00,4.985,5.021,4.958,5.009,159178.0,2026-05-18 23:59:59.999000+00:00,1
2026-05-19 00:00:00+00:00,5.011,5.034,4.955,4.985,167998.0,2026-05-19 03:59:59.999000+00:00,1
2026-05-19 04:00:00+00:00,4.984,4.993,4.938,4.97,137717.0,2026-05-19 07:59:59.999000+00:00,1
2026-05-19 08:00:00+00:00,4.971,4.971,4.86,4.872,253749.0,2026-05-19 11:59:59.999000+00:00,1
2026-05-19 12:00:00+00:00,4.871,4.94,4.844,4.881,157921.0,2026-05-19 15:59:59.999000+00:00,1
2026-05-19 16:00:00+00:00,4.884,4.917,4.854,4.862,119485.0,2026-05-19 19:59:59.999000+00:00,1
2026-05-19 20:00:00+00:00,4.861,4.908,4.848,4.89,89278.0,2026-05-19 23:59:59.999000+00:00,1
2026-05-20 00:00:00+00:00,4.891,4.915,4.863,4.887,62930.0,2026-05-20 03:59:59.999000+00:00,1
2026-05-20 04:00:00+00:00,4.887,4.946,4.867,4.908,63174.0,2026-05-20 07:59:59.999000+00:00,1
2026-05-20 08:00:00+00:00,4.908,4.926,4.855,4.875,172527.0,2026-05-20 11:59:59.999000+00:00,1
2026-05-20 12:00:00+00:00,4.873,5.004,4.869,4.983,250503.0,2026-05-20 15:59:59.999000+00:00,1
2026-05-20 16:00:00+00:00,4.985,5.027,4.967,5.018,167913.0,2026-05-20 19:59:59.999000+00:00,1
2026-05-20 20:00:00+00:00,5.02,5.029,4.97,4.988,124220.0,2026-05-20 23:59:59.999000+00:00,1
2026-05-21 00:00:00+00:00,4.988,5.028,4.967,4.991,169548.0,2026-05-21 03:59:59.999000+00:00,1
2026-05-21 04:00:00+00:00,4.993,5.04,4.978,5.024,171145.0,2026-05-21 07:59:59.999000+00:00,1
2026-05-21 08:00:00+00:00,5.023,5.056,4.952,4.976,186417.0,2026-05-21 11:59:59.999000+00:00,1
2026-05-21 12:00:00+00:00,4.974,5.023,4.96,5.012,141987.0,2026-05-21 15:59:59.999000+00:00,1
2026-05-21 16:00:00+00:00,5.012,5.166,5.006,5.135,291002.0,2026-05-21 19:59:59.999000+00:00,1
2026-05-21 20:00:00+00:00,5.135,5.218,5.129,5.173,183298.0,2026-05-21 23:59:59.999000+00:00,1
2026-05-22 00:00:00+00:00,5.175,5.176,5.083,5.16,188278.0,2026-05-22 03:59:59.999000+00:00,1
2026-05-22 04:00:00+00:00,5.16,5.177,5.082,5.145,336642.0,2026-05-22 07:59:59.999000+00:00,1
2026-05-22 08:00:00+00:00,5.145,5.178,5.117,5.153,214675.0,2026-05-22 11:59:59.999000+00:00,1
2026-05-22 12:00:00+00:00,5.153,5.21,5.076,5.11,269734.0,2026-05-22 15:59:59.999000+00:00,1
2026-05-22 16:00:00+00:00,5.108,5.148,4.928,4.983,320736.0,2026-05-22 19:59:59.999000+00:00,1
2026-05-22 20:00:00+00:00,4.984,5.026,4.875,4.895,235127.0,2026-05-22 23:59:59.999000+00:00,1
2026-05-23 00:00:00+00:00,4.897,4.956,4.866,4.939,250251.0,2026-05-23 03:59:59.999000+00:00,1
2026-05-23 04:00:00+00:00,4.941,4.941,4.712,4.763,445621.0,2026-05-23 07:59:59.999000+00:00,1
2026-05-23 08:00:00+00:00,4.763,4.799,4.729,4.767,318065.0,2026-05-23 11:59:59.999000+00:00,1
2026-05-23 12:00:00+00:00,4.767,4.924,4.75,4.899,401256.0,2026-05-23 15:59:59.999000+00:00,1
2026-05-23 16:00:00+00:00,4.902,4.977,4.886,4.933,121900.0,2026-05-23 19:59:59.999000+00:00,1
2026-05-23 20:00:00+00:00,4.933,5.056,4.926,4.96,228123.0,2026-05-23 23:59:59.999000+00:00,1
2026-05-24 00:00:00+00:00,4.96,4.981,4.898,4.903,216239.0,2026-05-24 03:59:59.999000+00:00,1
2026-05-24 04:00:00+00:00,4.904,4.93,4.879,4.901,159796.0,2026-05-24 07:59:59.999000+00:00,1
2026-05-24 08:00:00+00:00,4.901,4.936,4.889,4.917,172914.0,2026-05-24 11:59:59.999000+00:00,1
2026-05-24 12:00:00+00:00,4.916,4.917,4.785,4.84,300371.0,2026-05-24 15:59:59.999000+00:00,1
2026-05-24 16:00:00+00:00,4.84,4.858,4.819,4.849,221565.0,2026-05-24 19:59:59.999000+00:00,1
2026-05-24 20:00:00+00:00,4.85,4.85,4.697,4.801,340345.0,2026-05-24 23:59:59.999000+00:00,1
2026-05-25 00:00:00+00:00,4.804,4.826,4.779,4.816,119762.0,2026-05-25 03:59:59.999000+00:00,1
2026-05-25 04:00:00+00:00,4.814,4.878,4.794,4.872,171017.0,2026-05-25 07:59:59.999000+00:00,1
2026-05-25 08:00:00+00:00,4.871,4.885,4.849,4.849,95081.0,2026-05-25 11:59:59.999000+00:00,1
2026-05-25 12:00:00+00:00,4.851,4.916,4.839,4.892,271624.0,2026-05-25 15:59:59.999000+00:00,1
2026-05-25 16:00:00+00:00,4.892,4.935,4.862,4.885,230010.0,2026-05-25 19:59:59.999000+00:00,1
2026-05-25 20:00:00+00:00,4.884,4.916,4.818,4.85,429253.0,2026-05-25 23:59:59.999000+00:00,1
2026-05-26 00:00:00+00:00,4.85,4.852,4.719,4.749,460046.0,2026-05-26 03:59:59.999000+00:00,1
2026-05-26 04:00:00+00:00,4.747,4.815,4.741,4.765,255469.0,2026-05-26 07:59:59.999000+00:00,1
2026-05-26 08:00:00+00:00,4.763,4.865,4.758,4.814,612343.0,2026-05-26 11:59:59.999000+00:00,1
2026-05-26 12:00:00+00:00,4.815,4.836,4.687,4.727,532301.0,2026-05-26 15:59:59.999000+00:00,1
2026-05-26 16:00:00+00:00,4.728,4.737,4.579,4.625,655777.0,2026-05-26 19:59:59.999000+00:00,1
2026-05-26 20:00:00+00:00,4.625,4.685,4.593,4.639,949077.0,2026-05-26 23:59:59.999000+00:00,1
2026-05-27 00:00:00+00:00,4.639,4.689,4.628,4.64,343838.0,2026-05-27 03:59:59.999000+00:00,1
2026-05-27 04:00:00+00:00,4.639,4.678,4.592,4.668,636175.0,2026-05-27 07:59:59.999000+00:00,1
2026-05-27 08:00:00+00:00,4.668,4.686,4.626,4.646,210667.0,2026-05-27 11:59:59.999000+00:00,1
2026-05-27 12:00:00+00:00,4.649,4.777,4.64,4.74,376984.0,2026-05-27 15:59:59.999000+00:00,1
2026-05-27 16:00:00+00:00,4.743,4.76,4.645,4.67,388331.0,2026-05-27 19:59:59.999000+00:00,1
2026-05-27 20:00:00+00:00,4.672,4.672,4.523,4.562,520472.0,2026-05-27 23:59:59.999000+00:00,1
2026-05-28 00:00:00+00:00,4.561,4.595,4.416,4.435,535102.0,2026-05-28 03:59:59.999000+00:00,1
2026-05-28 04:00:00+00:00,4.433,4.455,4.372,4.439,383591.0,2026-05-28 07:59:59.999000+00:00,1
2026-05-28 08:00:00+00:00,4.442,4.443,4.387,4.404,141055.0,2026-05-28 11:59:59.999000+00:00,1
2026-05-28 12:00:00+00:00,4.404,4.435,4.348,4.405,341151.0,2026-05-28 15:59:59.999000+00:00,1
2026-05-28 16:00:00+00:00,4.406,4.532,4.387,4.478,310438.0,2026-05-28 19:59:59.999000+00:00,1
2026-05-28 20:00:00+00:00,4.48,4.54,4.465,4.491,178962.0,2026-05-28 23:59:59.999000+00:00,1
2026-05-29 00:00:00+00:00,4.491,4.517,4.431,4.443,239646.0,2026-05-29 03:59:59.999000+00:00,1
2026-05-29 04:00:00+00:00,4.442,4.499,4.423,4.476,344463.0,2026-05-29 07:59:59.999000+00:00,1
2026-05-29 08:00:00+00:00,4.472,4.501,4.428,4.45,173045.0,2026-05-29 11:59:59.999000+00:00,1
2026-05-29 12:00:00+00:00,4.449,4.599,4.387,4.552,542422.0,2026-05-29 15:59:59.999000+00:00,1
2026-05-29 16:00:00+00:00,4.552,4.571,4.447,4.483,431554.0,2026-05-29 19:59:59.999000+00:00,1
2026-05-29 20:00:00+00:00,4.483,4.515,4.435,4.506,335109.0,2026-05-29 23:59:59.999000+00:00,1
2026-05-30 00:00:00+00:00,4.506,4.615,4.489,4.574,239069.0,2026-05-30 03:59:59.999000+00:00,1
2026-05-30 04:00:00+00:00,4.576,4.58,4.505,4.552,225711.0,2026-05-30 07:59:59.999000+00:00,1
2026-05-30 08:00:00+00:00,4.552,4.583,4.537,4.55,135209.0,2026-05-30 11:59:59.999000+00:00,1
2026-05-30 12:00:00+00:00,4.55,4.574,4.525,4.534,215112.0,2026-05-30 15:59:59.999000+00:00,1
2026-05-30 16:00:00+00:00,4.537,4.576,4.528,4.562,194053.0,2026-05-30 19:59:59.999000+00:00,1
2026-05-30 20:00:00+00:00,4.562,4.58,4.521,4.55,201776.0,2026-05-30 23:59:59.999000+00:00,1
2026-05-31 00:00:00+00:00,4.553,4.614,4.543,4.579,175415.0,2026-05-31 03:59:59.999000+00:00,1
2026-05-31 04:00:00+00:00,4.579,4.593,4.538,4.549,99648.0,2026-05-31 07:59:59.999000+00:00,1
2026-05-31 08:00:00+00:00,4.548,4.576,4.526,4.549,117807.0,2026-05-31 11:59:59.999000+00:00,1
2026-05-31 12:00:00+00:00,4.549,4.552,4.46,4.474,212915.0,2026-05-31 15:59:59.999000+00:00,1
2026-05-31 16:00:00+00:00,4.476,4.484,4.428,4.467,122995.0,2026-05-31 19:59:59.999000+00:00,1
2026-05-31 20:00:00+00:00,4.465,4.572,4.465,4.55,95715.0,2026-05-31 23:59:59.999000+00:00,1
2026-06-01 00:00:00+00:00,4.551,4.639,4.522,4.615,242258.0,2026-06-01 03:59:59.999000+00:00,1
2026-06-01 04:00:00+00:00,4.616,4.634,4.474,4.488,427067.0,2026-06-01 07:59:59.999000+00:00,1
2026-06-01 08:00:00+00:00,4.491,4.596,4.459,4.532,578011.0,2026-06-01 11:59:59.999000+00:00,1
2026-06-01 12:00:00+00:00,4.534,4.543,4.445,4.478,445010.0,2026-06-01 15:59:59.999000+00:00,1
2026-06-01 16:00:00+00:00,4.477,4.608,4.463,4.571,324095.0,2026-06-01 19:59:59.999000+00:00,1
2026-06-01 20:00:00+00:00,4.574,4.582,4.499,4.533,288094.0,2026-06-01 23:59:59.999000+00:00,1
2026-06-02 00:00:00+00:00,4.537,4.537,4.35,4.476,484845.0,2026-06-02 03:59:59.999000+00:00,1
2026-06-02 04:00:00+00:00,4.478,4.486,4.377,4.402,300770.0,2026-06-02 07:59:59.999000+00:00,1
2026-06-02 08:00:00+00:00,4.402,4.429,4.358,4.395,226022.0,2026-06-02 11:59:59.999000+00:00,1
2026-06-02 12:00:00+00:00,4.4,4.424,4.15,4.211,612905.0,2026-06-02 15:59:59.999000+00:00,1
2026-06-02 16:00:00+00:00,4.207,4.302,4.147,4.228,418044.0,2026-06-02 19:59:59.999000+00:00,1
2026-06-02 20:00:00+00:00,4.227,4.29,4.074,4.158,568665.0,2026-06-02 23:59:59.999000+00:00,1
2026-06-03 00:00:00+00:00,4.159,4.218,4.096,4.105,394394.0,2026-06-03 03:59:59.999000+00:00,1
2026-06-03 04:00:00+00:00,4.108,4.284,4.108,4.268,532242.0,2026-06-03 07:59:59.999000+00:00,1
2026-06-03 08:00:00+00:00,4.266,4.268,4.207,4.239,386152.0,2026-06-03 11:59:59.999000+00:00,1
2026-06-03 12:00:00+00:00,4.234,4.256,4.193,4.201,346317.0,2026-06-03 15:59:59.999000+00:00,1
2026-06-03 16:00:00+00:00,4.204,4.22,4.119,4.153,472916.0,2026-06-03 19:59:59.999000+00:00,1
2026-06-03 20:00:00+00:00,4.149,4.223,4.064,4.128,420328.0,2026-06-03 23:59:59.999000+00:00,1
2026-06-04 00:00:00+00:00,4.125,4.168,3.728,3.984,1259289.0,2026-06-04 03:59:59.999000+00:00,1
2026-06-04 04:00:00+00:00,3.983,4.002,3.833,3.833,294166.0,2026-06-04 07:59:59.999000+00:00,1
2026-06-04 08:00:00+00:00,3.835,3.865,3.713,3.784,390116.0,2026-06-04 11:59:59.999000+00:00,1
2026-06-04 12:00:00+00:00,3.789,3.971,3.765,3.953,534152.0,2026-06-04 15:59:59.999000+00:00,1
2026-06-04 16:00:00+00:00,3.951,3.966,3.879,3.928,348431.0,2026-06-04 19:59:59.999000+00:00,1
2026-06-04 20:00:00+00:00,3.928,3.928,3.792,3.854,483458.0,2026-06-04 23:59:59.999000+00:00,1
2026-06-05 00:00:00+00:00,3.854,3.874,3.722,3.733,446445.0,2026-06-05 03:59:59.999000+00:00,1
2026-06-05 04:00:00+00:00,3.736,3.828,3.503,3.687,917036.0,2026-06-05 07:59:59.999000+00:00,1
2026-06-05 08:00:00+00:00,3.69,3.745,3.63,3.672,347361.0,2026-06-05 11:59:59.999000+00:00,1
2026-06-05 12:00:00+00:00,3.669,3.723,3.567,3.595,901507.0,2026-06-05 15:59:59.999000+00:00,1
2026-06-05 16:00:00+00:00,3.589,3.697,3.441,3.562,1071622.0,2026-06-05 19:59:59.999000+00:00,1
2026-06-05 20:00:00+00:00,3.561,3.692,3.53,3.611,351288.0,2026-06-05 23:59:59.999000+00:00,1
2026-06-06 00:00:00+00:00,3.61,3.658,3.54,3.543,175633.0,2026-06-06 03:59:59.999000+00:00,1
2026-06-06 04:00:00+00:00,3.545,3.585,3.365,3.561,430687.0,2026-06-06 07:59:59.999000+00:00,1
2026-06-06 08:00:00+00:00,3.562,3.619,3.491,3.564,455517.0,2026-06-06 11:59:59.999000+00:00,1
2026-06-06 12:00:00+00:00,3.563,3.621,3.539,3.577,149439.0,2026-06-06 15:59:59.999000+00:00,1
2026-06-06 16:00:00+00:00,3.572,3.588,3.484,3.499,364690.0,2026-06-06 19:59:59.999000+00:00,1
2026-06-06 20:00:00+00:00,3.498,3.561,3.493,3.561,86232.0,2026-06-06 23:59:59.999000+00:00,1
2026-06-07 00:00:00+00:00,3.561,3.655,3.557,3.608,163372.0,2026-06-07 03:59:59.999000+00:00,1
2026-06-07 04:00:00+00:00,3.608,3.656,3.581,3.643,188548.0,2026-06-07 07:59:59.999000+00:00,1
2026-06-07 08:00:00+00:00,3.642,3.721,3.628,3.674,163695.0,2026-06-07 11:59:59.999000+00:00,1
2026-06-07 12:00:00+00:00,3.674,3.708,3.589,3.658,287518.0,2026-06-07 15:59:59.999000+00:00,1
2026-06-07 16:00:00+00:00,3.662,3.679,3.562,3.58,250640.0,2026-06-07 19:59:59.999000+00:00,1
2026-06-07 20:00:00+00:00,3.577,3.786,3.567,3.681,321365.0,2026-06-07 23:59:59.999000+00:00,1
2026-06-08 00:00:00+00:00,3.682,3.789,3.631,3.651,593606.0,2026-06-08 03:59:59.999000+00:00,1
2026-06-08 04:00:00+00:00,3.65,3.658,3.584,3.638,227680.0,2026-06-08 07:59:59.999000+00:00,1
2026-06-08 08:00:00+00:00,3.64,3.72,3.612,3.702,197450.0,2026-06-08 11:59:59.999000+00:00,1
2026-06-08 12:00:00+00:00,3.702,3.73,3.66,3.692,237314.0,2026-06-08 15:59:59.999000+00:00,1
2026-06-08 16:00:00+00:00,3.694,3.725,3.673,3.677,120805.0,2026-06-08 19:59:59.999000+00:00,1
2026-06-08 20:00:00+00:00,3.68,3.728,3.646,3.667,198588.0,2026-06-08 23:59:59.999000+00:00,1
2026-06-09 00:00:00+00:00,3.667,3.672,3.566,3.591,223226.0,2026-06-09 03:59:59.999000+00:00,1
2026-06-09 04:00:00+00:00,3.593,3.672,3.582,3.652,191625.0,2026-06-09 07:59:59.999000+00:00,1
2026-06-09 08:00:00+00:00,3.652,3.653,3.586,3.599,181850.0,2026-06-09 11:59:59.999000+00:00,1
2026-06-09 12:00:00+00:00,3.6,3.63,3.52,3.551,217113.0,2026-06-09 15:59:59.999000+00:00,1
2026-06-09 16:00:00+00:00,3.55,3.614,3.499,3.599,323199.0,2026-06-09 19:59:59.999000+00:00,1
2026-06-09 20:00:00+00:00,3.604,3.623,3.549,3.573,186061.0,2026-06-09 23:59:59.999000+00:00,1
2026-06-10 00:00:00+00:00,3.576,3.605,3.517,3.548,149980.0,2026-06-10 03:59:59.999000+00:00,1
2026-06-10 04:00:00+00:00,3.549,3.571,3.512,3.557,130799.0,2026-06-10 07:59:59.999000+00:00,1
2026-06-10 08:00:00+00:00,3.561,3.566,3.452,3.461,338511.0,2026-06-10 11:59:59.999000+00:00,1
2026-06-10 12:00:00+00:00,3.462,3.592,3.44,3.554,503742.0,2026-06-10 15:59:59.999000+00:00,1
2026-06-10 16:00:00+00:00,3.558,3.574,3.457,3.466,218455.0,2026-06-10 19:59:59.999000+00:00,1
2026-06-10 20:00:00+00:00,3.467,3.484,3.39,3.456,359748.0,2026-06-10 23:59:59.999000+00:00,1
2026-06-11 00:00:00+00:00,3.459,3.607,3.459,3.591,264939.0,2026-06-11 03:59:59.999000+00:00,1
2026-06-11 04:00:00+00:00,3.594,3.643,3.579,3.617,238296.0,2026-06-11 07:59:59.999000+00:00,1
2026-06-11 08:00:00+00:00,3.62,3.649,3.585,3.617,288427.0,2026-06-11 11:59:59.999000+00:00,1
2026-06-11 12:00:00+00:00,3.617,3.704,3.603,3.631,904918.0,2026-06-11 15:59:59.999000+00:00,1
2026-06-11 16:00:00+00:00,3.632,3.707,3.596,3.675,313631.0,2026-06-11 19:59:59.999000+00:00,1
2026-06-11 20:00:00+00:00,3.676,3.682,3.637,3.654,115785.0,2026-06-11 23:59:59.999000+00:00,1
2026-06-12 00:00:00+00:00,3.655,3.673,3.618,3.65,161573.0,2026-06-12 03:59:59.999000+00:00,1
2026-06-12 04:00:00+00:00,3.65,3.663,3.592,3.614,317243.0,2026-06-12 07:59:59.999000+00:00,1
2026-06-12 08:00:00+00:00,3.615,3.714,3.615,3.705,217202.0,2026-06-12 11:59:59.999000+00:00,1
2026-06-12 12:00:00+00:00,3.704,3.714,3.625,3.641,353284.0,2026-06-12 15:59:59.999000+00:00,1
2026-06-12 16:00:00+00:00,3.642,3.686,3.63,3.637,202297.0,2026-06-12 19:59:59.999000+00:00,1
2026-06-12 20:00:00+00:00,3.638,3.652,3.611,3.638,83076.0,2026-06-12 23:59:59.999000+00:00,1
2026-06-13 00:00:00+00:00,3.644,3.692,3.638,3.661,248767.0,2026-06-13 03:59:59.999000+00:00,1
2026-06-13 04:00:00+00:00,3.66,3.704,3.635,3.694,165898.0,2026-06-13 07:59:59.999000+00:00,1
2026-06-13 08:00:00+00:00,3.692,3.711,3.666,3.692,225958.0,2026-06-13 11:59:59.999000+00:00,1
2026-06-13 12:00:00+00:00,3.693,3.751,3.686,3.738,243715.0,2026-06-13 15:59:59.999000+00:00,1
2026-06-13 16:00:00+00:00,3.739,3.741,3.685,3.699,274395.0,2026-06-13 19:59:59.999000+00:00,1
2026-06-13 20:00:00+00:00,3.7,3.721,3.671,3.694,179781.0,2026-06-13 23:59:59.999000+00:00,1
2026-06-14 00:00:00+00:00,3.696,3.705,3.672,3.686,213605.0,2026-06-14 03:59:59.999000+00:00,1
2026-06-14 04:00:00+00:00,3.687,3.707,3.642,3.648,299252.0,2026-06-14 07:59:59.999000+00:00,1
2026-06-14 08:00:00+00:00,3.647,3.681,3.64,3.652,101104.0,2026-06-14 11:59:59.999000+00:00,1
2026-06-14 12:00:00+00:00,3.654,3.663,3.585,3.611,259393.0,2026-06-14 15:59:59.999000+00:00,1
2026-06-14 16:00:00+00:00,3.611,3.626,3.588,3.606,110553.0,2026-06-14 19:59:59.999000+00:00,1
2026-06-14 20:00:00+00:00,3.608,3.752,3.593,3.721,369051.0,2026-06-14 23:59:59.999000+00:00,1
2026-06-15 00:00:00+00:00,3.722,3.741,3.699,3.722,169172.0,2026-06-15 03:59:59.999000+00:00,1
2026-06-15 04:00:00+00:00,3.722,3.773,3.715,3.74,244045.0,2026-06-15 07:59:59.999000+00:00,1
2026-06-15 08:00:00+00:00,3.742,3.816,3.729,3.807,285535.0,2026-06-15 11:59:59.999000+00:00,1
2026-06-15 12:00:00+00:00,3.806,3.887,3.794,3.881,360311.0,2026-06-15 15:59:59.999000+00:00,1
2026-06-15 16:00:00+00:00,3.882,3.893,3.76,3.771,419384.0,2026-06-15 19:59:59.999000+00:00,1
2026-06-15 20:00:00+00:00,3.776,3.797,3.725,3.763,318197.0,2026-06-15 23:59:59.999000+00:00,1
2026-06-16 00:00:00+00:00,3.764,3.778,3.704,3.76,256040.0,2026-06-16 03:59:59.999000+00:00,1
2026-06-16 04:00:00+00:00,3.761,3.788,3.724,3.773,220446.0,2026-06-16 07:59:59.999000+00:00,1
2026-06-16 08:00:00+00:00,3.775,3.823,3.77,3.789,344506.0,2026-06-16 11:59:59.999000+00:00,1
2026-06-16 12:00:00+00:00,3.791,3.814,3.671,3.721,593232.0,2026-06-16 15:59:59.999000+00:00,1
2026-06-16 16:00:00+00:00,3.721,3.783,3.711,3.729,305366.0,2026-06-16 19:59:59.999000+00:00,1
2026-06-16 20:00:00+00:00,3.729,3.771,3.722,3.736,127018.0,2026-06-16 23:59:59.999000+00:00,1
2026-06-17 00:00:00+00:00,3.737,3.812,3.731,3.769,388735.0,2026-06-17 03:59:59.999000+00:00,1
2026-06-17 04:00:00+00:00,3.769,3.791,3.755,3.776,183508.0,2026-06-17 07:59:59.999000+00:00,1
2026-06-17 08:00:00+00:00,3.776,3.784,3.73,3.73,335063.0,2026-06-17 11:59:59.999000+00:00,1
2026-06-17 12:00:00+00:00,3.731,3.828,3.714,3.826,422967.0,2026-06-17 15:59:59.999000+00:00,1
2026-06-17 16:00:00+00:00,3.826,3.844,3.692,3.715,677482.0,2026-06-17 19:59:59.999000+00:00,1
2026-06-17 20:00:00+00:00,3.714,3.745,3.659,3.734,451639.0,2026-06-17 23:59:59.999000+00:00,1
2026-06-18 00:00:00+00:00,3.737,3.757,3.692,3.696,192332.0,2026-06-18 03:59:59.999000+00:00,1
2026-06-18 04:00:00+00:00,3.697,3.703,3.627,3.679,254712.0,2026-06-18 07:59:59.999000+00:00,1
2026-06-18 08:00:00+00:00,3.679,3.694,3.632,3.639,261286.0,2026-06-18 11:59:59.999000+00:00,1
2026-06-18 12:00:00+00:00,3.639,3.666,3.49,3.503,461544.0,2026-06-18 15:59:59.999000+00:00,1
2026-06-18 16:00:00+00:00,3.503,3.58,3.5,3.57,375377.0,2026-06-18 19:59:59.999000+00:00,1
2026-06-18 20:00:00+00:00,3.572,3.6,3.553,3.572,203280.0,2026-06-18 23:59:59.999000+00:00,1
2026-06-19 00:00:00+00:00,3.573,3.578,3.491,3.522,263039.0,2026-06-19 03:59:59.999000+00:00,1
2026-06-19 04:00:00+00:00,3.523,3.535,3.461,3.474,191943.0,2026-06-19 07:59:59.999000+00:00,1
2026-06-19 08:00:00+00:00,3.476,3.496,3.445,3.471,288524.0,2026-06-19 11:59:59.999000+00:00,1
2026-06-19 12:00:00+00:00,3.472,3.518,3.446,3.491,337372.0,2026-06-19 15:59:59.999000+00:00,1
2026-06-19 16:00:00+00:00,3.492,3.495,3.449,3.468,233814.0,2026-06-19 19:59:59.999000+00:00,1
2026-06-19 20:00:00+00:00,3.472,3.488,3.449,3.479,122291.0,2026-06-19 23:59:59.999000+00:00,1
2026-06-20 00:00:00+00:00,3.478,3.492,3.432,3.452,221579.0,2026-06-20 03:59:59.999000+00:00,1
2026-06-20 04:00:00+00:00,3.454,3.51,3.448,3.478,196859.0,2026-06-20 07:59:59.999000+00:00,1
2026-06-20 08:00:00+00:00,3.48,3.513,3.468,3.469,206768.0,2026-06-20 11:59:59.999000+00:00,1
2026-06-20 12:00:00+00:00,3.468,3.538,3.434,3.512,422683.0,2026-06-20 15:59:59.999000+00:00,1
2026-06-20 16:00:00+00:00,3.513,3.536,3.47,3.516,316204.0,2026-06-20 19:59:59.999000+00:00,1
2026-06-20 20:00:00+00:00,3.518,3.541,3.495,3.531,146497.0,2026-06-20 23:59:59.999000+00:00,1
2026-06-21 00:00:00+00:00,3.533,3.58,3.524,3.554,312977.0,2026-06-21 03:59:59.999000+00:00,1
2026-06-21 04:00:00+00:00,3.554,3.572,3.525,3.554,614502.0,2026-06-21 07:59:59.999000+00:00,1
2026-06-21 08:00:00+00:00,3.554,3.558,3.5,3.504,320470.0,2026-06-21 11:59:59.999000+00:00,1
2026-06-21 12:00:00+00:00,3.506,3.517,3.487,3.505,231829.0,2026-06-21 15:59:59.999000+00:00,1
2026-06-21 16:00:00+00:00,3.506,3.517,3.488,3.498,184063.0,2026-06-21 19:59:59.999000+00:00,1
2026-06-21 20:00:00+00:00,3.497,3.5,3.42,3.424,348504.0,2026-06-21 23:59:59.999000+00:00,1
2026-06-22 00:00:00+00:00,3.425,3.508,3.425,3.454,361557.0,2026-06-22 03:59:59.999000+00:00,1
2026-06-22 04:00:00+00:00,3.454,3.506,3.448,3.489,236064.0,2026-06-22 07:59:59.999000+00:00,1
2026-06-22 08:00:00+00:00,3.49,3.522,3.467,3.52,182314.0,2026-06-22 11:59:59.999000+00:00,1
2026-06-22 12:00:00+00:00,3.521,3.571,3.508,3.516,303916.0,2026-06-22 15:59:59.999000+00:00,1
2026-06-22 16:00:00+00:00,3.517,3.535,3.452,3.463,382521.0,2026-06-22 19:59:59.999000+00:00,1
2026-06-22 20:00:00+00:00,3.463,3.474,3.382,3.409,443544.0,2026-06-22 23:59:59.999000+00:00,1
2026-06-23 00:00:00+00:00,3.408,3.441,3.396,3.423,191783.0,2026-06-23 03:59:59.999000+00:00,1
2026-06-23 04:00:00+00:00,3.424,3.438,3.286,3.315,740036.0,2026-06-23 07:59:59.999000+00:00,1
2026-06-23 08:00:00+00:00,3.316,3.34,3.214,3.28,495118.0,2026-06-23 11:59:59.999000+00:00,1
2026-06-23 12:00:00+00:00,3.28,3.345,3.266,3.32,268021.0,2026-06-23 15:59:59.999000+00:00,1
2026-06-23 16:00:00+00:00,3.322,3.35,3.305,3.325,195675.0,2026-06-23 19:59:59.999000+00:00,1
2026-06-23 20:00:00+00:00,3.325,3.405,3.325,3.377,133644.0,2026-06-23 23:59:59.999000+00:00,1
2026-06-24 00:00:00+00:00,3.378,3.419,3.369,3.394,214570.0,2026-06-24 03:59:59.999000+00:00,1
2026-06-24 04:00:00+00:00,3.394,3.412,3.355,3.377,228630.0,2026-06-24 07:59:59.999000+00:00,1
2026-06-24 08:00:00+00:00,3.378,3.39,3.311,3.38,181370.0,2026-06-24 11:59:59.999000+00:00,1
2026-06-24 12:00:00+00:00,3.379,3.39,3.259,3.27,551047.0,2026-06-24 15:59:59.999000+00:00,1
2026-06-24 16:00:00+00:00,3.265,3.309,3.142,3.232,920279.0,2026-06-24 19:59:59.999000+00:00,1
2026-06-24 20:00:00+00:00,3.234,3.345,3.229,3.289,350955.0,2026-06-24 23:59:59.999000+00:00,1
2026-06-25 00:00:00+00:00,3.292,3.298,3.234,3.243,178568.0,2026-06-25 03:59:59.999000+00:00,1
2026-06-25 04:00:00+00:00,3.243,3.301,3.236,3.26,190802.0,2026-06-25 07:59:59.999000+00:00,1
2026-06-25 08:00:00+00:00,3.26,3.26,3.195,3.203,197905.0,2026-06-25 11:59:59.999000+00:00,1
2026-06-25 12:00:00+00:00,3.204,3.231,2.961,3.109,1599721.0,2026-06-25 15:59:59.999000+00:00,1
2026-06-25 16:00:00+00:00,3.107,3.139,3.046,3.073,406261.0,2026-06-25 19:59:59.999000+00:00,1
2026-06-25 20:00:00+00:00,3.076,3.129,3.066,3.095,180743.0,2026-06-25 23:59:59.999000+00:00,1
2026-06-26 00:00:00+00:00,3.1,3.109,2.964,3.085,618925.0,2026-06-26 03:59:59.999000+00:00,1
2026-06-26 04:00:00+00:00,3.086,3.134,3.047,3.118,307630.0,2026-06-26 07:59:59.999000+00:00,1
2026-06-26 08:00:00+00:00,3.12,3.125,3.034,3.04,316324.0,2026-06-26 11:59:59.999000+00:00,1
2026-06-26 12:00:00+00:00,3.042,3.148,2.99,3.119,721394.0,2026-06-26 15:59:59.999000+00:00,1
2026-06-26 16:00:00+00:00,3.122,3.172,3.112,3.125,467959.0,2026-06-26 19:59:59.999000+00:00,1
2026-06-26 20:00:00+00:00,3.127,3.156,3.085,3.128,512015.0,2026-06-26 23:59:59.999000+00:00,1
2026-06-27 00:00:00+00:00,3.129,3.149,3.106,3.123,285155.0,2026-06-27 03:59:59.999000+00:00,1
2026-06-27 04:00:00+00:00,3.124,3.157,3.107,3.148,344307.0,2026-06-27 07:59:59.999000+00:00,1
2026-06-27 08:00:00+00:00,3.149,3.149,3.105,3.118,240754.0,2026-06-27 11:59:59.999000+00:00,1
2026-06-27 12:00:00+00:00,3.12,3.154,3.109,3.136,200554.0,2026-06-27 15:59:59.999000+00:00,1
2026-06-27 16:00:00+00:00,3.137,3.141,3.043,3.061,388610.0,2026-06-27 19:59:59.999000+00:00,1
2026-06-27 20:00:00+00:00,3.064,3.074,3.031,3.04,248100.0,2026-06-27 23:59:59.999000+00:00,1
2026-06-28 00:00:00+00:00,3.041,3.061,3.026,3.057,179858.0,2026-06-28 03:59:59.999000+00:00,1
2026-06-28 04:00:00+00:00,3.06,3.069,3.015,3.045,415284.0,2026-06-28 07:59:59.999000+00:00,1
2026-06-28 08:00:00+00:00,3.045,3.064,3.021,3.043,204167.0,2026-06-28 11:59:59.999000+00:00,1
2026-06-28 12:00:00+00:00,3.042,3.05,3.004,3.041,243152.0,2026-06-28 15:59:59.999000+00:00,1
2026-06-28 16:00:00+00:00,3.041,3.044,2.988,3.007,288192.0,2026-06-28 19:59:59.999000+00:00,1
2026-06-28 20:00:00+00:00,3.008,3.027,2.972,3.001,317158.0,2026-06-28 23:59:59.999000+00:00,1
2026-06-29 00:00:00+00:00,3.001,3.063,2.975,3.05,353891.0,2026-06-29 03:59:59.999000+00:00,1
2026-06-29 04:00:00+00:00,3.053,3.053,3.006,3.027,228900.0,2026-06-29 07:59:59.999000+00:00,1
2026-06-29 08:00:00+00:00,3.027,3.037,2.996,3.004,348051.0,2026-06-29 11:59:59.999000+00:00,1
2026-06-29 12:00:00+00:00,3.005,3.062,2.965,3.02,834373.0,2026-06-29 15:59:59.999000+00:00,1
2026-06-29 16:00:00+00:00,3.019,3.099,2.999,3.068,426886.0,2026-06-29 19:59:59.999000+00:00,1
2026-06-29 20:00:00+00:00,3.069,3.074,3.043,3.047,206743.0,2026-06-29 23:59:59.999000+00:00,1
2026-06-30 00:00:00+00:00,3.047,3.051,2.999,3.005,280267.0,2026-06-30 03:59:59.999000+00:00,1
2026-06-30 04:00:00+00:00,3.003,3.022,2.992,3.004,89336.0,2026-06-30 07:59:59.999000+00:00,1
2026-06-30 08:00:00+00:00,3.005,3.041,2.973,2.98,322472.0,2026-06-30 11:59:59.999000+00:00,1
2026-06-30 12:00:00+00:00,2.978,3.001,2.927,2.984,653544.0,2026-06-30 15:59:59.999000+00:00,1
2026-06-30 16:00:00+00:00,2.985,3.031,2.975,3.019,261337.0,2026-06-30 19:59:59.999000+00:00,1
2026-06-30 20:00:00+00:00,3.019,3.019,2.963,2.973,183370.0,2026-06-30 23:59:59.999000+00:00,1
2026-07-01 00:00:00+00:00,2.974,3.007,2.898,3.004,512169.0,2026-07-01 03:59:59.999000+00:00,1
2026-07-01 04:00:00+00:00,3.004,3.022,2.965,2.982,314966.0,2026-07-01 07:59:59.999000+00:00,1
2026-07-01 08:00:00+00:00,2.979,3.015,2.968,3.008,270493.0,2026-07-01 11:59:59.999000+00:00,1
2026-07-01 12:00:00+00:00,3.01,3.182,2.991,3.147,586070.0,2026-07-01 15:59:59.999000+00:00,1
2026-07-01 16:00:00+00:00,3.144,3.149,3.066,3.082,398102.0,2026-07-01 19:59:59.999000+00:00,1
2026-07-01 20:00:00+00:00,3.08,3.136,3.063,3.087,356051.0,2026-07-01 23:59:59.999000+00:00,1
2026-07-02 00:00:00+00:00,3.086,3.252,3.055,3.208,698879.0,2026-07-02 03:59:59.999000+00:00,1
2026-07-02 04:00:00+00:00,3.205,3.217,3.123,3.138,433635.0,2026-07-02 07:59:59.999000+00:00,1
2026-07-02 08:00:00+00:00,3.137,3.214,3.122,3.166,773179.0,2026-07-02 11:59:59.999000+00:00,1
2026-07-02 12:00:00+00:00,3.168,3.197,3.132,3.158,369816.0,2026-07-02 15:59:59.999000+00:00,1
2026-07-02 16:00:00+00:00,3.16,3.178,3.097,3.103,285499.0,2026-07-02 19:59:59.999000+00:00,1
2026-07-02 20:00:00+00:00,3.105,3.148,3.097,3.133,125919.0,2026-07-02 23:59:59.999000+00:00,1
2026-07-03 00:00:00+00:00,3.134,3.2,3.134,3.17,165266.0,2026-07-03 03:59:59.999000+00:00,1
2026-07-03 04:00:00+00:00,3.17,3.233,3.152,3.209,207990.0,2026-07-03 07:59:59.999000+00:00,1
2026-07-03 08:00:00+00:00,3.211,3.255,3.195,3.244,332721.0,2026-07-03 11:59:59.999000+00:00,1
2026-07-03 12:00:00+00:00,3.243,3.275,3.239,3.267,164639.0,2026-07-03 15:59:59.999000+00:00,1
2026-07-03 16:00:00+00:00,3.267,3.295,3.248,3.268,127734.0,2026-07-03 19:59:59.999000+00:00,1
2026-07-03 20:00:00+00:00,3.268,3.353,3.268,3.332,319524.0,2026-07-03 23:59:59.999000+00:00,1
2026-07-04 00:00:00+00:00,3.332,3.355,3.274,3.301,213181.0,2026-07-04 03:59:59.999000+00:00,1
2026-07-04 04:00:00+00:00,3.301,3.323,3.278,3.284,147410.0,2026-07-04 07:59:59.999000+00:00,1
2026-07-04 08:00:00+00:00,3.285,3.32,3.268,3.291,202750.0,2026-07-04 11:59:59.999000+00:00,1
2026-07-04 12:00:00+00:00,3.29,3.358,3.29,3.35,137681.0,2026-07-04 15:59:59.999000+00:00,1
2026-07-04 16:00:00+00:00,3.35,3.369,3.321,3.322,118312.0,2026-07-04 19:59:59.999000+00:00,1
2026-07-04 20:00:00+00:00,3.321,3.329,3.276,3.29,74807.0,2026-07-04 23:59:59.999000+00:00,1
2026-07-05 00:00:00+00:00,3.291,3.302,3.216,3.246,385270.0,2026-07-05 03:59:59.999000+00:00,1
2026-07-05 04:00:00+00:00,3.244,3.255,3.22,3.247,62135.0,2026-07-05 07:59:59.999000+00:00,1
2026-07-05 08:00:00+00:00,3.246,3.246,3.191,3.218,147429.0,2026-07-05 11:59:59.999000+00:00,1
2026-07-05 12:00:00+00:00,3.218,3.239,3.201,3.223,64166.0,2026-07-05 15:59:59.999000+00:00,1
2026-07-05 16:00:00+00:00,3.222,3.271,3.21,3.256,131431.0,2026-07-05 19:59:59.999000+00:00,1
2026-07-05 20:00:00+00:00,3.257,3.328,3.247,3.296,133630.0,2026-07-05 23:59:59.999000+00:00,1
2026-07-06 00:00:00+00:00,3.296,3.604,3.268,3.501,3758600.0,2026-07-06 03:59:59.999000+00:00,1
2026-07-06 04:00:00+00:00,3.501,3.591,3.286,3.363,3574013.0,2026-07-06 07:59:59.999000+00:00,1
2026-07-06 08:00:00+00:00,3.364,3.545,3.363,3.456,1730744.0,2026-07-06 11:59:59.999000+00:00,1
2026-07-06 12:00:00+00:00,3.454,3.637,3.392,3.635,2599820.0,2026-07-06 15:59:59.999000+00:00,1
2026-07-06 16:00:00+00:00,3.634,3.7,3.52,3.537,1134118.0,2026-07-06 19:59:59.999000+00:00,1
2026-07-06 20:00:00+00:00,3.538,3.561,3.453,3.478,412880.0,2026-07-06 23:59:59.999000+00:00,1
2026-07-07 00:00:00+00:00,3.476,3.505,3.418,3.428,381229.0,2026-07-07 03:59:59.999000+00:00,1
2026-07-07 04:00:00+00:00,3.428,3.44,3.375,3.376,469792.0,2026-07-07 07:59:59.999000+00:00,1
2026-07-07 08:00:00+00:00,3.375,3.404,3.366,3.383,313388.0,2026-07-07 11:59:59.999000+00:00,1
2026-07-07 12:00:00+00:00,3.383,3.412,3.306,3.397,727887.0,2026-07-07 15:59:59.999000+00:00,1
2026-07-07 16:00:00+00:00,3.4,3.409,3.289,3.31,410044.0,2026-07-07 19:59:59.999000+00:00,1
2026-07-07 20:00:00+00:00,3.31,3.313,3.243,3.252,246512.0,2026-07-07 23:59:59.999000+00:00,1
2026-07-08 00:00:00+00:00,3.253,3.265,3.177,3.202,491939.0,2026-07-08 03:59:59.999000+00:00,1
2026-07-08 04:00:00+00:00,3.204,3.237,3.192,3.223,310265.0,2026-07-08 07:59:59.999000+00:00,1
2026-07-08 08:00:00+00:00,3.225,3.234,3.148,3.211,709187.0,2026-07-08 11:59:59.999000+00:00,1
2026-07-08 12:00:00+00:00,3.213,3.22,3.177,3.193,509108.0,2026-07-08 15:59:59.999000+00:00,1
2026-07-08 16:00:00+00:00,3.191,3.246,3.191,3.211,281167.0,2026-07-08 19:59:59.999000+00:00,1
2026-07-08 20:00:00+00:00,3.211,3.4,3.197,3.379,658895.0,2026-07-08 23:59:59.999000+00:00,1
2026-07-09 00:00:00+00:00,3.382,3.391,3.263,3.291,525021.0,2026-07-09 03:59:59.999000+00:00,1
2026-07-09 04:00:00+00:00,3.289,3.298,3.261,3.265,380852.0,2026-07-09 07:59:59.999000+00:00,1
2026-07-09 08:00:00+00:00,3.265,3.312,3.261,3.278,231949.0,2026-07-09 11:59:59.999000+00:00,1
2026-07-09 12:00:00+00:00,3.274,3.281,3.245,3.245,189692.0,2026-07-09 15:59:59.999000+00:00,1
2026-07-09 16:00:00+00:00,3.248,3.296,3.231,3.27,182967.0,2026-07-09 19:59:59.999000+00:00,1
2026-07-09 20:00:00+00:00,3.27,3.286,3.252,3.275,235659.0,2026-07-09 23:59:59.999000+00:00,1
2026-07-10 00:00:00+00:00,3.274,3.35,3.269,3.328,576600.0,2026-07-10 03:59:59.999000+00:00,1
2026-07-10 04:00:00+00:00,3.331,3.399,3.32,3.354,360160.0,2026-07-10 07:59:59.999000+00:00,1
2026-07-10 08:00:00+00:00,3.352,3.393,3.327,3.354,282301.0,2026-07-10 11:59:59.999000+00:00,1
2026-07-10 12:00:00+00:00,3.352,3.363,3.299,3.33,335275.0,2026-07-10 15:59:59.999000+00:00,1
2026-07-10 16:00:00+00:00,3.331,3.336,3.284,3.292,249274.0,2026-07-10 19:59:59.999000+00:00,1
2026-07-10 20:00:00+00:00,3.294,3.435,3.287,3.406,525359.0,2026-07-10 23:59:59.999000+00:00,1
2026-07-11 00:00:00+00:00,3.407,3.435,3.312,3.358,540857.0,2026-07-11 03:59:59.999000+00:00,1
2026-07-11 04:00:00+00:00,3.355,3.36,3.316,3.325,192441.0,2026-07-11 07:59:59.999000+00:00,1
2026-07-11 08:00:00+00:00,3.324,3.371,3.315,3.357,160475.0,2026-07-11 11:59:59.999000+00:00,1
2026-07-11 12:00:00+00:00,3.36,3.394,3.351,3.371,170656.0,2026-07-11 15:59:59.999000+00:00,1
2026-07-11 16:00:00+00:00,3.373,3.413,3.346,3.398,147530.0,2026-07-11 19:59:59.999000+00:00,1
2026-07-11 20:00:00+00:00,3.4,3.415,3.296,3.303,231332.0,2026-07-11 23:59:59.999000+00:00,1
2026-07-12 00:00:00+00:00,3.3,3.352,3.275,3.338,289159.0,2026-07-12 03:59:59.999000+00:00,1
2026-07-12 04:00:00+00:00,3.338,3.354,3.313,3.324,151600.0,2026-07-12 07:59:59.999000+00:00,1
2026-07-12 08:00:00+00:00,3.324,3.34,3.309,3.326,108933.0,2026-07-12 11:59:59.999000+00:00,1
2026-07-12 12:00:00+00:00,3.324,3.331,3.3,3.31,158075.0,2026-07-12 15:59:59.999000+00:00,1
2026-07-12 16:00:00+00:00,3.308,3.319,3.293,3.299,116337.0,2026-07-12 19:59:59.999000+00:00,1
2026-07-12 20:00:00+00:00,3.299,3.31,3.257,3.272,100194.0,2026-07-12 23:59:59.999000+00:00,1
2026-07-13 00:00:00+00:00,3.274,3.322,3.202,3.224,506901.0,2026-07-13 03:59:59.999000+00:00,1
2026-07-13 04:00:00+00:00,3.222,3.288,3.215,3.284,288119.0,2026-07-13 07:59:59.999000+00:00,1
2026-07-13 08:00:00+00:00,3.286,3.292,3.262,3.262,148672.0,2026-07-13 11:59:59.999000+00:00,1
2026-07-13 12:00:00+00:00,3.264,3.356,3.232,3.341,321391.0,2026-07-13 15:59:59.999000+00:00,1
2026-07-13 16:00:00+00:00,3.343,3.367,3.219,3.249,381398.0,2026-07-13 19:59:59.999000+00:00,1
2026-07-13 20:00:00+00:00,3.244,3.25,3.19,3.228,126298.0,2026-07-13 23:59:59.999000+00:00,1
2026-07-14 00:00:00+00:00,3.229,3.241,3.215,3.234,100021.0,2026-07-14 03:59:59.999000+00:00,1
2026-07-14 04:00:00+00:00,3.232,3.258,3.225,3.246,88894.0,2026-07-14 07:59:59.999000+00:00,1
2026-07-14 08:00:00+00:00,3.249,3.339,3.235,3.299,643551.0,2026-07-14 11:59:59.999000+00:00,1
2026-07-14 12:00:00+00:00,3.298,3.393,3.281,3.38,504802.0,2026-07-14 15:59:59.999000+00:00,1
2026-07-14 16:00:00+00:00,3.383,3.385,3.327,3.337,235395.0,2026-07-14 19:59:59.999000+00:00,1
2026-07-14 20:00:00+00:00,3.339,3.354,3.314,3.332,201137.0,2026-07-14 23:59:59.999000+00:00,1
2026-07-15 00:00:00+00:00,3.334,3.336,3.294,3.301,180798.0,2026-07-15 03:59:59.999000+00:00,1
2026-07-15 04:00:00+00:00,3.298,3.334,3.281,3.297,162058.0,2026-07-15 07:59:59.999000+00:00,1
2026-07-15 08:00:00+00:00,3.297,3.322,3.293,3.308,173435.0,2026-07-15 11:59:59.999000+00:00,1
2026-07-15 12:00:00+00:00,3.31,3.373,3.3,3.337,368826.0,2026-07-15 15:59:59.999000+00:00,1
2026-07-15 16:00:00+00:00,3.339,3.339,3.285,3.292,437423.0,2026-07-15 19:59:59.999000+00:00,1
2026-07-15 20:00:00+00:00,3.291,3.336,3.281,3.314,234105.0,2026-07-15 23:59:59.999000+00:00,1
2026-07-16 00:00:00+00:00,3.316,3.349,3.297,3.309,224438.0,2026-07-16 03:59:59.999000+00:00,1
2026-07-16 04:00:00+00:00,3.311,3.313,3.265,3.272,138631.0,2026-07-16 07:59:59.999000+00:00,1
2026-07-16 08:00:00+00:00,3.272,3.272,3.224,3.238,331054.0,2026-07-16 11:59:59.999000+00:00,1
2026-07-16 12:00:00+00:00,3.24,3.256,3.203,3.229,329473.0,2026-07-16 15:59:59.999000+00:00,1
2026-07-16 16:00:00+00:00,3.232,3.235,3.193,3.214,187560.0,2026-07-16 19:59:59.999000+00:00,1
2026-07-16 20:00:00+00:00,3.215,3.231,3.17,3.194,237595.0,2026-07-16 23:59:59.999000+00:00,1
2026-07-17 00:00:00+00:00,3.193,3.243,3.19,3.233,288257.0,2026-07-17 03:59:59.999000+00:00,1
2026-07-17 04:00:00+00:00,3.234,3.245,3.188,3.188,244959.0,2026-07-17 07:59:59.999000+00:00,1
2026-07-17 08:00:00+00:00,3.189,3.206,3.155,3.199,233123.0,2026-07-17 11:59:59.999000+00:00,1
2026-07-17 12:00:00+00:00,3.199,3.201,3.129,3.191,383045.0,2026-07-17 15:59:59.999000+00:00,1
2026-07-17 16:00:00+00:00,3.194,3.225,3.175,3.198,228412.0,2026-07-17 19:59:59.999000+00:00,1
2026-07-17 20:00:00+00:00,3.197,3.211,3.192,3.2,55890.0,2026-07-17 23:59:59.999000+00:00,1
2026-07-18 00:00:00+00:00,3.203,3.211,3.179,3.183,149008.0,2026-07-18 03:59:59.999000+00:00,1
2026-07-18 04:00:00+00:00,3.181,3.183,3.157,3.163,58369.0,2026-07-18 07:59:59.999000+00:00,1
2026-07-18 08:00:00+00:00,3.161,3.205,3.157,3.167,139176.0,2026-07-18 11:59:59.999000+00:00,1
2026-07-18 12:00:00+00:00,3.169,3.181,3.15,3.163,96615.0,2026-07-18 15:59:59.999000+00:00,1
2026-07-18 16:00:00+00:00,3.163,3.198,3.153,3.179,124263.0,2026-07-18 19:59:59.999000+00:00,1
2026-07-18 20:00:00+00:00,3.178,3.196,3.176,3.181,59294.0,2026-07-18 23:59:59.999000+00:00,1
2026-07-19 00:00:00+00:00,3.182,3.197,3.174,3.181,69943.0,2026-07-19 03:59:59.999000+00:00,1
2026-07-19 04:00:00+00:00,3.179,3.192,3.176,3.186,58291.0,2026-07-19 07:59:59.999000+00:00,1
2026-07-19 08:00:00+00:00,3.189,3.237,3.176,3.181,287059.0,2026-07-19 11:59:59.999000+00:00,1
2026-07-19 12:00:00+00:00,3.179,3.219,3.168,3.186,131525.0,2026-07-19 15:59:59.999000+00:00,1
2026-07-19 16:00:00+00:00,3.188,3.193,3.14,3.162,111202.0,2026-07-19 19:59:59.999000+00:00,1
2026-07-19 20:00:00+00:00,3.163,3.181,3.153,3.162,58628.0,2026-07-19 23:59:59.999000+00:00,1
2026-07-20 00:00:00+00:00,3.162,3.182,3.14,3.147,304319.0,2026-07-20 03:59:59.999000+00:00,1
2026-07-20 04:00:00+00:00,3.147,3.151,3.105,3.149,276466.0,2026-07-20 07:59:59.999000+00:00,1
2026-07-20 08:00:00+00:00,3.15,3.222,3.129,3.209,377903.0,2026-07-20 11:59:59.999000+00:00,1
2026-07-20 12:00:00+00:00,3.208,3.274,3.169,3.261,398403.0,2026-07-20 15:59:59.999000+00:00,1
2026-07-20 16:00:00+00:00,3.262,3.309,3.242,3.247,353737.0,2026-07-20 19:59:59.999000+00:00,1
2026-07-20 20:00:00+00:00,3.248,3.263,3.229,3.256,109802.0,2026-07-20 23:59:59.999000+00:00,1
2026-07-21 00:00:00+00:00,3.255,3.272,3.239,3.255,131900.0,2026-07-21 03:59:59.999000+00:00,1
2026-07-21 04:00:00+00:00,3.255,3.288,3.245,3.271,161149.0,2026-07-21 07:59:59.999000+00:00,1
2026-07-21 08:00:00+00:00,3.272,3.284,3.255,3.263,90145.0,2026-07-21 11:59:59.999000+00:00,1
2026-07-21 12:00:00+00:00,3.262,3.281,3.25,3.261,232910.0,2026-07-21 15:59:59.999000+00:00,1
2026-07-21 16:00:00+00:00,3.263,3.277,3.242,3.257,120717.0,2026-07-21 19:59:59.999000+00:00,1
2026-07-21 20:00:00+00:00,3.258,3.35,3.237,3.25,663588.0,2026-07-21 23:59:59.999000+00:00,1
2026-07-22 00:00:00+00:00,3.251,3.255,3.224,3.224,147175.0,2026-07-22 03:59:59.999000+00:00,1
2026-07-22 04:00:00+00:00,3.224,3.243,3.201,3.208,141404.0,2026-07-22 07:59:59.999000+00:00,1
2026-07-22 08:00:00+00:00,3.208,3.261,3.195,3.237,356745.0,2026-07-22 11:59:59.999000+00:00,1
2026-07-22 12:00:00+00:00,3.238,3.261,3.211,3.237,344120.0,2026-07-22 15:59:59.999000+00:00,1
2026-07-22 16:00:00+00:00,3.237,3.251,3.193,3.194,213645.0,2026-07-22 19:59:59.999000+00:00,1
2026-07-22 20:00:00+00:00,3.194,3.204,3.174,3.201,155932.0,2026-07-22 23:59:59.999000+00:00,1
2026-07-23 00:00:00+00:00,3.203,3.209,3.174,3.179,74556.0,2026-07-23 03:59:59.999000+00:00,1
2026-07-23 04:00:00+00:00,3.178,3.184,3.15,3.153,138964.0,2026-07-23 07:59:59.999000+00:00,1
2026-07-23 08:00:00+00:00,3.153,3.165,3.138,3.149,139481.0,2026-07-23 11:59:59.999000+00:00,1
2026-07-23 12:00:00+00:00,3.149,3.153,3.098,3.123,532506.0,2026-07-23 15:59:59.999000+00:00,1
2026-07-23 16:00:00+00:00,3.122,3.122,3.08,3.096,226829.0,2026-07-23 19:59:59.999000+00:00,1
2026-07-23 20:00:00+00:00,3.097,3.115,3.081,3.084,88350.0,2026-07-23 23:59:59.999000+00:00,1
2026-07-24 00:00:00+00:00,3.083,3.103,3.069,3.1,207444.0,2026-07-24 03:59:59.999000+00:00,1
2026-07-24 04:00:00+00:00,3.098,3.148,3.089,3.124,213977.0,2026-07-24 07:59:59.999000+00:00,1
2026-07-24 08:00:00+00:00,3.123,3.125,3.083,3.092,153165.0,2026-07-24 11:59:59.999000+00:00,1
2026-07-24 12:00:00+00:00,3.091,3.101,3.025,3.052,524698.0,2026-07-24 15:59:59.999000+00:00,1
2026-07-24 16:00:00+00:00,3.051,3.1,3.048,3.063,237524.0,2026-07-24 19:59:59.999000+00:00,1
2026-07-24 20:00:00+00:00,3.065,3.07,3.038,3.052,97344.0,2026-07-24 23:59:59.999000+00:00,1
2026-07-25 00:00:00+00:00,3.051,3.065,3.044,3.045,81744.0,2026-07-25 03:59:59.999000+00:00,1
2026-07-25 04:00:00+00:00,3.047,3.055,3.028,3.037,178945.0,2026-07-25 07:59:59.999000+00:00,1
2026-07-25 08:00:00+00:00,3.035,3.044,3.027,3.035,46974.0,2026-07-25 11:59:59.999000+00:00,1
2026-07-25 12:00:00+00:00,3.037,3.095,3.037,3.09,127729.0,2026-07-25 15:59:59.999000+00:00,1
2026-07-25 16:00:00+00:00,3.091,3.116,3.085,3.108,194319.0,2026-07-25 19:59:59.999000+00:00,1
2026-07-25 20:00:00+00:00,3.109,3.114,3.097,3.1,53166.0,2026-07-25 23:59:59.999000+00:00,1
2026-07-26 00:00:00+00:00,3.101,3.114,3.091,3.113,100592.0,2026-07-26 03:59:59.999000+00:00,1
2026-07-26 04:00:00+00:00,3.115,3.143,3.103,3.129,187283.0,2026-07-26 07:59:59.999000+00:00,1
2026-07-26 08:00:00+00:00,3.129,3.191,3.121,3.151,369860.0,2026-07-26 11:59:59.999000+00:00,1
2026-07-26 12:00:00+00:00,3.154,3.156,3.107,3.132,251529.0,2026-07-26 15:59:59.999000+00:00,1
2026-07-26 16:00:00+00:00,3.134,3.143,3.103,3.109,187707.0,2026-07-26 19:59:59.999000+00:00,1
2026-07-26 20:00:00+00:00,3.11,3.147,3.108,3.141,109256.0,2026-07-26 23:59:59.999000+00:00,1
2026-07-27 00:00:00+00:00,3.143,3.148,3.121,3.131,122921.0,2026-07-27 03:59:59.999000+00:00,1
2026-07-27 04:00:00+00:00,3.13,3.161,3.13,3.14,187952.0,2026-07-27 07:59:59.999000+00:00,1
2026-07-27 08:00:00+00:00,3.137,3.14,3.094,3.1,243138.0,2026-07-27 11:59:59.999000+00:00,1
2026-07-27 12:00:00+00:00,3.102,3.128,3.027,3.045,584865.0,2026-07-27 15:59:59.999000+00:00,1
2026-07-27 16:00:00+00:00,3.042,3.089,3.038,3.072,405335.0,2026-07-27 19:59:59.999000+00:00,1
2026-07-27 20:00:00+00:00,3.073,3.111,2.982,3.009,880300.0,2026-07-27 23:59:59.999000+00:00,1
2026-07-28 00:00:00+00:00,3.008,3.016,2.941,2.994,552149.0,2026-07-28 03:59:59.999000+00:00,1
2026-07-28 04:00:00+00:00,2.993,3.0,2.964,2.973,186829.0,2026-07-28 07:59:59.999000+00:00,1
2026-07-28 08:00:00+00:00,2.973,3.004,2.968,2.992,285992.0,2026-07-28 11:59:59.999000+00:00,1
2026-07-28 12:00:00+00:00,2.99,3.063,2.95,3.045,737266.0,2026-07-28 15:59:59.999000+00:00,1
2026-07-28 16:00:00+00:00,3.046,3.046,2.979,3.009,422014.0,2026-07-28 19:59:59.999000+00:00,1
2026-07-28 20:00:00+00:00,3.012,3.013,2.965,2.994,196889.0,2026-07-28 23:59:59.999000+00:00,1
2026-07-29 00:00:00+00:00,2.995,3.017,2.947,2.949,548968.0,2026-07-29 03:59:59.999000+00:00,1
2026-07-29 04:00:00+00:00,2.949,2.981,2.935,2.973,375965.0,2026-07-29 07:59:59.999000+00:00,1
2026-07-29 08:00:00+00:00,2.975,2.976,2.94,2.948,207699.0,2026-07-29 11:59:59.999000+00:00,1
2026-07-29 12:00:00+00:00,2.948,2.95,2.873,2.887,643663.0,2026-07-29 15:59:59.999000+00:00,1
2026-07-29 16:00:00+00:00,2.886,2.935,2.857,2.866,541166.0,2026-07-29 19:59:59.999000+00:00,1
2026-07-29 20:00:00+00:00,2.865,2.898,2.839,2.891,635998.0,2026-07-29 23:59:59.999000+00:00,1
2026-07-30 00:00:00+00:00,2.892,2.918,2.869,2.911,308975.0,2026-07-30 03:59:59.999000+00:00,1
2026-07-30 04:00:00+00:00,2.913,2.999,2.903,2.975,345868.0,2026-07-30 07:59:59.999000+00:00,1
2026-07-30 08:00:00+00:00,2.976,3.015,2.934,2.944,480253.0,2026-07-30 11:59:59.999000+00:00,1
2026-07-30 12:00:00+00:00,2.943,2.986,2.942,2.962,340768.0,2026-07-30 15:59:59.999000+00:00,1
2026-07-30 16:00:00+00:00,2.964,2.984,2.96,2.97,179560.0,2026-07-30 19:59:59.999000+00:00,1
2026-07-30 20:00:00+00:00,2.969,2.995,2.961,2.969,354556.0,2026-07-30 23:59:59.999000+00:00,1
2026-07-31 00:00:00+00:00,2.968,3.016,2.967,2.99,309784.0,2026-07-31 03:59:59.999000+00:00,1
2026-07-31 04:00:00+00:00,2.99,3.005,2.969,3.001,295852.0,2026-07-31 07:59:59.999000+00:00,1
2026-07-31 08:00:00+00:00,3.001,3.02,2.957,2.971,275468.0,2026-07-31 11:59:59.999000+00:00,1
2026-07-31 12:00:00+00:00,2.971,2.993,2.935,2.97,448417.0,2026-07-31 15:59:59.999000+00:00,1
2026-07-31 16:00:00+00:00,2.97,2.989,2.959,2.962,172587.0,2026-07-31 19:59:59.999000+00:00,1
2026-07-31 20:00:00+00:00,2.963,2.972,2.943,2.972,275154.0,2026-07-31 23:59:59.999000+00:00,1
2026-08-01 00:00:00+00:00,2.973,3.031,2.97,3.013,450784.0,2026-08-01 03:59:59.999000+00:00,1
2026-08-01 04:00:00+00:00,3.013,3.037,2.986,2.988,195034.0,2026-08-01 07:59:59.999000+00:00,1
2026-08-01 08:00:00+00:00,2.989,3.019,2.986,3.013,257136.0,2026-08-01 11:59:59.999000+00:00,1
2026-08-01 12:00:00+00:00,3.012,3.095,3.009,3.044,481199.0,2026-08-01 15:59:59.999000+00:00,1
2026-08-01 16:00:00+00:00,3.043,3.209,3.012,3.093,3833490.0,2026-08-01 19:59:59.999000+00:00,1
2026-08-01 20:00:00+00:00,3.095,3.219,3.094,3.163,2137769.0,2026-08-01 23:59:59.999000+00:00,1
2026-08-02 00:00:00+00:00,3.162,3.191,3.099,3.11,936736.0,2026-08-02 03:59:59.999000+00:00,1
2026-08-02 04:00:00+00:00,3.113,3.119,2.984,3.022,757260.0,2026-08-02 07:59:59.999000+00:00,1
2026-08-02 08:00:00+00:00,3.022,3.055,3.016,3.031,294295.0,2026-08-02 11:59:59.999000+00:00,1
2026-08-02 12:00:00+00:00,3.029,3.037,3.008,3.022,299700.0,2026-08-02 15:59:59.999000+00:00,1
2026-08-02 16:00:00+00:00,3.023,3.073,3.001,3.035,569913.0,2026-08-02 19:59:59.999000+00:00,1
2026-08-02 20:00:00+00:00,3.035,3.054,3.018,3.043,487440.0,2026-08-02 23:59:59.999000+00:00,1
2026-08-03 00:00:00+00:00,3.043,3.064,3.012,3.041,475272.0,2026-08-03 03:59:59.999000+00:00,1
2026-08-03 04:00:00+00:00,3.038,3.05,2.988,3.047,613831.0,2026-08-03 07:59:59.999000+00:00,1
2026-08-03 08:00:00+00:00,3.045,3.172,3.024,3.134,1423300.0,2026-08-03 11:59:59.999000+00:00,1
2026-08-03 12:00:00+00:00,3.133,3.166,3.105,3.131,988243.0,2026-08-03 15:59:59.999000+00:00,1
2026-08-03 16:00:00+00:00,3.131,3.168,3.114,3.135,569982.0,2026-08-03 19:59:59.999000+00:00,1
2026-08-03 20:00:00+00:00,3.134,3.135,3.089,3.096,218485.0,2026-08-03 23:59:59.999000+00:00,1
2026-08-04 00:00:00+00:00,3.095,3.159,3.087,3.134,342678.0,2026-08-04 03:59:59.999000+00:00,1
2026-08-04 04:00:00+00:00,3.133,3.139,3.089,3.093,384465.0,2026-08-04 07:59:59.999000+00:00,1
2026-08-04 08:00:00+00:00,3.094,3.199,3.091,3.143,1333681.0,2026-08-04 11:59:59.999000+00:00,1
2026-08-04 12:00:00+00:00,3.141,3.155,3.108,3.131,468925.0,2026-08-04 15:59:59.999000+00:00,1
2026-08-04 16:00:00+00:00,3.131,3.155,3.116,3.147,564754.0,2026-08-04 19:59:59.999000+00:00,1
2026-08-04 20:00:00+00:00,3.146,3.168,3.124,3.143,553531.0,2026-08-04 23:59:59.999000+00:00,1
2026-08-05 00:00:00+00:00,3.144,3.171,3.134,3.136,690241.0,2026-08-05 03:59:59.999000+00:00,1
2026-08-05 04:00:00+00:00,3.135,3.161,3.135,3.145,182834.0,2026-08-05 07:59:59.999000+00:00,1
2026-08-05 08:00:00+00:00,3.145,3.16,3.098,3.104,612180.0,2026-08-05 11:59:59.999000+00:00,1
2026-08-05 12:00:00+00:00,3.104,3.23,3.078,3.175,847191.0,2026-08-05 15:59:59.999000+00:00,1
2026-08-05 16:00:00+00:00,3.177,3.204,3.157,3.161,265800.0,2026-08-05 19:59:59.999000+00:00,1
2026-08-05 20:00:00+00:00,3.158,3.171,3.124,3.143,322599.0,2026-08-05 23:59:59.999000+00:00,1
2026-08-06 00:00:00+00:00,3.145,3.183,3.14,3.148,274809.0,2026-08-06 03:59:59.999000+00:00,1
2026-08-06 04:00:00+00:00,3.147,3.17,3.11,3.161,617000.0,2026-08-06 07:59:59.999000+00:00,1
2026-08-06 08:00:00+00:00,3.16,3.161,3.093,3.113,544222.0,2026-08-06 11:59:59.999000+00:00,1
2026-08-06 12:00:00+00:00,3.111,3.146,3.093,3.126,291685.0,2026-08-06 15:59:59.999000+00:00,1
2026-08-06 16:00:00+00:00,3.124,3.133,3.089,3.101,204054.0,2026-08-06 19:59:59.999000+00:00,1
2026-08-06 20:00:00+00:00,3.1,3.12,3.073,3.083,288676.0,2026-08-06 23:59:59.999000+00:00,1
2026-08-07 00:00:00+00:00,3.083,3.113,3.071,3.073,266686.0,2026-08-07 03:59:59.999000+00:00,1
2026-08-07 04:00:00+00:00,3.072,3.118,3.06,3.085,229214.0,2026-08-07 07:59:59.999000+00:00,1
2026-08-07 08:00:00+00:00,3.085,3.1,3.058,3.067,269554.0,2026-08-07 11:59:59.999000+00:00,1
2026-08-07 12:00:00+00:00,3.068,3.084,3.035,3.076,400401.0,2026-08-07 15:59:59.999000+00:00,1
2026-08-07 16:00:00+00:00,3.077,3.084,3.058,3.063,121366.0,2026-08-07 19:59:59.999000+00:00,1
2026-08-07 20:00:00+00:00,3.062,3.081,3.053,3.07,92941.0,2026-08-07 23:59:59.999000+00:00,1
2026-08-08 00:00:00+00:00,3.072,3.083,3.055,3.058,38810.0,2026-08-08 03:59:59.999000+00:00,1
2026-08-08 04:00:00+00:00,3.058,3.071,3.053,3.06,62811.0,2026-08-08 07:59:59.999000+00:00,1
2026-08-08 08:00:00+00:00,3.062,3.09,3.062,3.077,164331.0,2026-08-08 11:59:59.999000+00:00,1
2026-08-08 12:00:00+00:00,3.078,3.103,3.07,3.102,140361.0,2026-08-08 15:59:59.999000+00:00,1
2026-08-08 16:00:00+00:00,3.101,3.128,3.086,3.098,162562.0,2026-08-08 19:59:59.999000+00:00,1
2026-08-08 20:00:00+00:00,3.098,3.173,3.097,3.151,223813.0,2026-08-08 23:59:59.999000+00:00,1
2026-08-09 00:00:00+00:00,3.151,3.159,3.123,3.135,318012.0,2026-08-09 03:59:59.999000+00:00,1
2026-08-09 04:00:00+00:00,3.134,3.172,3.058,3.06,569254.0,2026-08-09 07:59:59.999000+00:00,1
2026-08-09 08:00:00+00:00,3.059,3.08,3.029,3.04,342935.0,2026-08-09 11:59:59.999000+00:00,1
2026-08-09 12:00:00+00:00,3.041,3.063,3.026,3.052,221744.0,2026-08-09 15:59:59.999000+00:00,1
2026-08-09 16:00:00+00:00,3.053,3.068,3.048,3.058,87664.0,2026-08-09 19:59:59.999000+00:00,1
2026-08-09 20:00:00+00:00,3.058,3.08,3.021,3.039,142742.0,2026-08-09 23:59:59.999000+00:00,1
2026-08-10 00:00:00+00:00,3.039,3.063,3.031,3.048,162049.0,2026-08-10 03:59:59.999000+00:00,1
2026-08-10 04:00:00+00:00,3.05,3.08,3.05,3.051,195821.0,2026-08-10 07:59:59.999000+00:00,1
2026-08-10 08:00:00+00:00,3.051,3.099,3.027,3.085,205872.0,2026-08-10 11:59:59.999000+00:00,1
2026-08-10 12:00:00+00:00,3.084,3.094,3.042,3.048,203493.0,2026-08-10 15:59:59.999000+00:00,1
2026-08-10 16:00:00+00:00,3.049,3.068,3.028,3.058,171426.0,2026-08-10 19:59:59.999000+00:00,1
2026-08-10 20:00:00+00:00,3.058,3.066,3.011,3.02,273779.0,2026-08-10 23:59:59.999000+00:00,1
2026-08-11 00:00:00+00:00,3.019,3.059,3.012,3.055,151718.0,2026-08-11 03:59:59.999000+00:00,1
2026-08-11 04:00:00+00:00,3.055,3.059,3.01,3.011,128741.0,2026-08-11 07:59:59.999000+00:00,1
2026-08-11 08:00:00+00:00,3.012,3.036,2.989,3.018,332370.0,2026-08-11 11:59:59.999000+00:00,1
2026-08-11 12:00:00+00:00,3.019,3.02,2.936,2.958,332676.0,2026-08-11 15:59:59.999000+00:00,1
2026-08-11 16:00:00+00:00,2.956,2.963,2.924,2.956,132060.0,2026-08-11 19:59:59.999000+00:00,1
2026-08-11 20:00:00+00:00,2.957,2.973,2.946,2.953,69794.0,2026-08-11 23:59:59.999000+00:00,1
2026-08-12 00:00:00+00:00,2.952,2.985,2.941,2.968,112374.0,2026-08-12 03:59:59.999000+00:00,1
2026-08-12 04:00:00+00:00,2.967,2.977,2.945,2.953,99767.0,2026-08-12 07:59:59.999000+00:00,1
2026-08-12 08:00:00+00:00,2.952,2.97,2.928,2.965,127343.0,2026-08-12 11:59:59.999000+00:00,1
2026-08-12 12:00:00+00:00,2.964,2.968,2.903,2.91,253450.0,2026-08-12 15:59:59.999000+00:00,1
2026-08-12 16:00:00+00:00,2.908,2.933,2.902,2.91,74609.0,2026-08-12 19:59:59.999000+00:00,1
2026-08-12 20:00:00+00:00,2.911,2.922,2.839,2.868,317230.0,2026-08-12 23:59:59.999000+00:00,1
2026-08-13 00:00:00+00:00,2.869,2.896,2.867,2.876,145948.0,2026-08-13 03:59:59.999000+00:00,1
2026-08-13 04:00:00+00:00,2.874,2.899,2.871,2.889,90605.0,2026-08-13 07:59:59.999000+00:00,1
2026-08-13 08:00:00+00:00,2.89,2.909,2.879,2.884,186434.0,2026-08-13 11:59:59.999000+00:00,1
2026-08-13 12:00:00+00:00,2.884,2.926,2.874,2.874,250720.0,2026-08-13 15:59:59.999000+00:00,1
2026-08-13 16:00:00+00:00,2.873,2.879,2.846,2.869,82427.0,2026-08-13 19:59:59.999000+00:00,1
2026-08-13 20:00:00+00:00,2.868,2.876,2.861,2.87,80002.0,2026-08-13 23:59:59.999000+00:00,1
2026-08-14 00:00:00+00:00,2.871,2.875,2.83,2.832,150450.0,2026-08-14 03:59:59.999000+00:00,1
2026-08-14 04:00:00+00:00,2.831,2.838,2.793,2.802,316136.0,2026-08-14 07:59:59.999000+00:00,1
2026-08-14 08:00:00+00:00,2.801,2.832,2.797,2.829,177979.0,2026-08-14 11:59:59.999000+00:00,1
2026-08-14 12:00:00+00:00,2.829,2.857,2.815,2.851,352485.0,2026-08-14 15:59:59.999000+00:00,1
2026-08-14 16:00:00+00:00,2.851,2.888,2.845,2.852,214267.0,2026-08-14 19:59:59.999000+00:00,1
2026-08-14 20:00:00+00:00,2.852,2.874,2.845,2.873,64413.0,2026-08-14 23:59:59.999000+00:00,1
2026-08-15 00:00:00+00:00,2.873,2.9,2.869,2.883,231591.0,2026-08-15 03:59:59.999000+00:00,1
2026-08-15 04:00:00+00:00,2.884,2.919,2.884,2.89,151908.0,2026-08-15 07:59:59.999000+00:00,1
2026-08-15 08:00:00+00:00,2.889,2.919,2.889,2.902,192953.0,2026-08-15 11:59:59.999000+00:00,1
2026-08-15 12:00:00+00:00,2.901,2.921,2.887,2.915,285147.0,2026-08-15 15:59:59.999000+00:00,1
2026-08-15 16:00:00+00:00,2.914,2.916,2.893,2.899,117845.0,2026-08-15 19:59:59.999000+00:00,1
2026-08-15 20:00:00+00:00,2.898,2.902,2.875,2.882,118534.0,2026-08-15 23:59:59.999000+00:00,1
2026-08-16 00:00:00+00:00,2.88,2.898,2.866,2.885,224155.0,2026-08-16 03:59:59.999000+00:00,1
2026-08-16 04:00:00+00:00,2.885,2.918,2.885,2.912,225402.0,2026-08-16 07:59:59.999000+00:00,1
2026-08-16 08:00:00+00:00,2.911,2.916,2.888,2.89,114515.0,2026-08-16 11:59:59.999000+00:00,1
2026-08-16 12:00:00+00:00,2.89,2.921,2.888,2.921,87145.0,2026-08-16 15:59:59.999000+00:00,1
2026-08-16 16:00:00+00:00,2.92,2.921,2.891,2.894,97098.0,2026-08-16 19:59:59.999000+00:00,1
2026-08-16 20:00:00+00:00,2.894,2.895,2.845,2.882,184580.0,2026-08-16 23:59:59.999000+00:00,1
2026-08-17 00:00:00+00:00,2.882,2.928,2.879,2.907,300384.0,2026-08-17 03:59:59.999000+00:00,1
2026-08-17 04:00:00+00:00,2.909,2.925,2.903,2.908,72202.0,2026-08-17 07:59:59.999000+00:00,1
2026-08-17 08:00:00+00:00,2.908,2.913,2.891,2.896,46806.0,2026-08-17 11:59:59.999000+00:00,1
2026-08-17 12:00:00+00:00,2.897,2.91,2.859,2.881,340620.0,2026-08-17 15:59:59.999000+00:00,1
2026-08-17 16:00:00+00:00,2.882,2.889,2.857,2.867,168146.0,2026-08-17 19:59:59.999000+00:00,1
2026-08-17 20:00:00+00:00,2.863,2.873,2.856,2.867,167807.0,2026-08-17 23:59:59.999000+00:00,1
2026-08-18 00:00:00+00:00,2.867,2.867,2.804,2.82,252725.0,2026-08-18 03:59:59.999000+00:00,1
2026-08-18 04:00:00+00:00,2.818,2.85,2.817,2.84,102323.0,2026-08-18 07:59:59.999000+00:00,1
2026-08-18 08:00:00+00:00,2.839,2.853,2.828,2.836,132412.0,2026-08-18 11:59:59.999000+00:00,1
2026-08-18 12:00:00+00:00,2.835,2.86,2.824,2.853,74828.0,2026-08-18 15:59:59.999000+00:00,1
2026-08-18 16:00:00+00:00,2.854,2.876,2.854,2.859,126964.0,2026-08-18 19:59:59.999000+00:00,1
2026-08-18 20:00:00+00:00,2.86,2.903,2.855,2.899,180676.0,2026-08-18 23:59:59.999000+00:00,1
2026-08-19 00:00:00+00:00,2.902,2.917,2.887,2.893,288632.0,2026-08-19 03:59:59.999000+00:00,1
2026-08-19 04:00:00+00:00,2.892,2.892,2.861,2.877,149274.0,2026-08-19 07:59:59.999000+00:00,1
2026-08-19 08:00:00+00:00,2.877,2.884,2.853,2.879,254402.0,2026-08-19 11:59:59.999000+00:00,1
2026-08-19 12:00:00+00:00,2.88,3.009,2.875,2.959,681730.0,2026-08-19 15:59:59.999000+00:00,1
2026-08-19 16:00:00+00:00,2.962,2.98,2.937,2.964,292463.0,2026-08-19 19:59:59.999000+00:00,1
2026-08-19 20:00:00+00:00,2.964,3.102,2.964,3.055,757856.0,2026-08-19 23:59:59.999000+00:00,1
2026-08-20 00:00:00+00:00,3.053,3.129,3.022,3.037,764929.0,2026-08-20 03:59:59.999000+00:00,1
2026-08-20 04:00:00+00:00,3.036,3.082,3.035,3.067,328001.0,2026-08-20 07:59:59.999000+00:00,1
2026-08-20 08:00:00+00:00,3.072,3.169,3.069,3.131,882517.0,2026-08-20 11:59:59.999000+00:00,1
2026-08-20 12:00:00+00:00,3.132,3.167,3.097,3.151,1030462.0,2026-08-20 15:59:59.999000+00:00,1
2026-08-20 16:00:00+00:00,3.152,3.187,3.133,3.134,451498.0,2026-08-20 19:59:59.999000+00:00,1
2026-08-20 20:00:00+00:00,3.134,3.186,3.133,3.177,292862.0,2026-08-20 23:59:59.999000+00:00,1
2026-08-21 00:00:00+00:00,3.177,3.222,3.166,3.205,719790.0,2026-08-21 03:59:59.999000+00:00,1
2026-08-21 04:00:00+00:00,3.205,3.273,3.194,3.27,609523.0,2026-08-21 07:59:59.999000+00:00,1
2026-08-21 08:00:00+00:00,3.273,3.378,3.272,3.341,1468903.0,2026-08-21 11:59:59.999000+00:00,1
2026-08-21 12:00:00+00:00,3.342,3.45,3.337,3.425,934951.0,2026-08-21 15:59:59.999000+00:00,1
2026-08-21 16:00:00+00:00,3.426,3.517,3.416,3.514,678066.0,2026-08-21 19:59:59.999000+00:00,1
2026-08-21 20:00:00+00:00,3.516,3.665,3.49,3.592,623583.0,2026-08-21 23:59:59.999000+00:00,1
2026-08-22 00:00:00+00:00,3.59,3.956,3.588,3.892,2090237.0,2026-08-22 03:59:59.999000+00:00,1
2026-08-22 04:00:00+00:00,3.893,4.062,3.563,3.8,2422143.0,2026-08-22 07:59:59.999000+00:00,1
2026-08-22 08:00:00+00:00,3.803,3.855,3.617,3.665,967538.0,2026-08-22 11:59:59.999000+00:00,1
2026-08-22 12:00:00+00:00,3.664,3.77,3.631,3.652,386419.0,2026-08-22 15:59:59.999000+00:00,1
2026-08-22 16:00:00+00:00,3.65,3.734,3.607,3.677,218514.0,2026-08-22 19:59:59.999000+00:00,1
2026-08-22 20:00:00+00:00,3.677,3.693,3.547,3.624,232685.0,2026-08-22 23:59:59.999000+00:00,1
2026-08-23 00:00:00+00:00,3.621,3.712,3.494,3.523,295040.0,2026-08-23 03:59:59.999000+00:00,1
2026-08-23 04:00:00+00:00,3.524,3.561,3.446,3.55,353478.0,2026-08-23 07:59:59.999000+00:00,1
2026-08-23 08:00:00+00:00,3.55,3.71,3.542,3.7,246830.0,2026-08-23 11:59:59.999000+00:00,1
2026-08-23 12:00:00+00:00,3.698,3.831,3.688,3.804,539839.0,2026-08-23 15:59:59.999000+00:00,1
2026-08-23 16:00:00+00:00,3.806,3.811,3.715,3.724,197659.0,2026-08-23 19:59:59.999000+00:00,1
2026-08-23 20:00:00+00:00,3.722,3.806,3.713,3.745,208702.0,2026-08-23 23:59:59.999000+00:00,1
2026-08-24 00:00:00+00:00,3.741,3.743,3.595,3.638,227745.0,2026-08-24 03:59:59.999000+00:00,1
2026-08-24 04:00:00+00:00,3.64,3.722,3.64,3.657,124552.0,2026-08-24 07:59:59.999000+00:00,1
2026-08-24 08:00:00+00:00,3.658,3.707,3.621,3.684,286799.0,2026-08-24 11:59:59.999000+00:00,1
2026-08-24 12:00:00+00:00,3.684,3.734,3.608,3.675,282141.0,2026-08-24 15:59:59.999000+00:00,1
2026-08-24 16:00:00+00:00,3.678,3.713,3.603,3.633,162589.0,2026-08-24 19:59:59.999000+00:00,1
2026-08-24 20:00:00+00:00,3.633,3.647,3.59,3.607,79271.0,2026-08-24 23:59:59.999000+00:00,1
2026-08-25 00:00:00+00:00,3.607,3.743,3.598,3.655,194561.0,2026-08-25 03:59:59.999000+00:00,1
2026-08-25 04:00:00+00:00,3.656,3.698,3.593,3.606,196306.0,2026-08-25 07:59:59.999000+00:00,1
2026-08-25 08:00:00+00:00,3.605,3.639,3.567,3.579,189271.0,2026-08-25 11:59:59.999000+00:00,1
2026-08-25 12:00:00+00:00,3.579,3.595,3.503,3.552,213624.0,2026-08-25 15:59:59.999000+00:00,1
2026-08-25 16:00:00+00:00,3.55,3.553,3.475,3.499,195944.0,2026-08-25 19:59:59.999000+00:00,1
2026-08-25 20:00:00+00:00,3.498,3.5,3.385,3.471,263637.0,2026-08-25 23:59:59.999000+00:00,1
2026-08-26 00:00:00+00:00,3.469,3.534,3.45,3.519,180217.0,2026-08-26 03:59:59.999000+00:00,1
2026-08-26 04:00:00+00:00,3.518,3.518,3.466,3.49,190572.0,2026-08-26 07:59:59.999000+00:00,1
2026-08-26 08:00:00+00:00,3.491,3.531,3.47,3.486,158629.0,2026-08-26 11:59:59.999000+00:00,1
2026-08-26 12:00:00+00:00,3.486,3.516,3.403,3.422,244247.0,2026-08-26 15:59:59.999000+00:00,1
2026-08-26 16:00:00+00:00,3.422,3.46,3.401,3.437,149331.0,2026-08-26 19:59:59.999000+00:00,1
2026-08-26 20:00:00+00:00,3.437,3.563,3.411,3.558,178227.0,2026-08-26 23:59:59.999000+00:00,1
2026-08-27 00:00:00+00:00,3.559,3.645,3.529,3.606,601658.0,2026-08-27 03:59:59.999000+00:00,1
2026-08-27 04:00:00+00:00,3.612,3.739,3.522,3.537,826135.0,2026-08-27 07:59:59.999000+00:00,1
2026-08-27 08:00:00+00:00,3.538,3.591,3.484,3.511,269399.0,2026-08-27 11:59:59.999000+00:00,1
2026-08-27 12:00:00+00:00,3.512,3.574,3.511,3.571,528117.0,2026-08-27 15:59:59.999000+00:00,1
2026-08-27 16:00:00+00:00,3.572,3.61,3.526,3.527,343943.0,2026-08-27 19:59:59.999000+00:00,1
2026-08-27 20:00:00+00:00,3.529,3.571,3.52,3.549,149319.0,2026-08-27 23:59:59.999000+00:00,1
2026-08-28 00:00:00+00:00,3.548,3.635,3.485,3.52,302352.0,2026-08-28 03:59:59.999000+00:00,1
2026-08-28 04:00:00+00:00,3.518,3.536,3.497,3.499,58363.0,2026-08-28 07:59:59.999000+00:00,1
2026-08-28 08:00:00+00:00,3.498,3.532,3.476,3.521,170331.0,2026-08-28 11:59:59.999000+00:00,1
2026-08-28 12:00:00+00:00,3.52,3.562,3.443,3.468,319091.0,2026-08-28 15:59:59.999000+00:00,1
2026-08-28 16:00:00+00:00,3.464,3.469,3.371,3.455,546488.0,2026-08-28 19:59:59.999000+00:00,1
2026-08-28 20:00:00+00:00,3.452,3.505,3.445,3.492,434479.0,2026-08-28 23:59:59.999000+00:00,1
2026-08-29 00:00:00+00:00,3.49,3.551,3.477,3.49,326415.0,2026-08-29 03:59:59.999000+00:00,1
2026-08-29 04:00:00+00:00,3.492,3.585,3.492,3.515,532935.0,2026-08-29 07:59:59.999000+00:00,1
2026-08-29 08:00:00+00:00,3.514,3.523,3.474,3.485,306656.0,2026-08-29 11:59:59.999000+00:00,1
2026-08-29 12:00:00+00:00,3.483,3.544,3.482,3.542,173465.0,2026-08-29 15:59:59.999000+00:00,1
2026-08-29 16:00:00+00:00,3.535,3.551,3.513,3.537,250675.0,2026-08-29 19:59:59.999000+00:00,1
2026-08-29 20:00:00+00:00,3.537,3.571,3.529,3.566,143910.0,2026-08-29 23:59:59.999000+00:00,1
2026-08-30 00:00:00+00:00,3.566,3.628,3.537,3.588,277247.0,2026-08-30 03:59:59.999000+00:00,1
2026-08-30 04:00:00+00:00,3.586,3.65,3.579,3.597,264892.0,2026-08-30 07:59:59.999000+00:00,1
2026-08-30 08:00:00+00:00,3.597,3.639,3.578,3.604,224299.0,2026-08-30 11:59:59.999000+00:00,1
2026-08-30 12:00:00+00:00,3.602,3.644,3.594,3.615,227659.0,2026-08-30 15:59:59.999000+00:00,1
2026-08-30 16:00:00+00:00,3.618,3.654,3.606,3.615,296784.0,2026-08-30 19:59:59.999000+00:00,1
2026-08-30 20:00:00+00:00,3.612,3.612,3.413,3.457,466447.0,2026-08-30 23:59:59.999000+00:00,1
2026-08-31 00:00:00+00:00,3.455,3.519,3.429,3.488,468697.0,2026-08-31 03:59:59.999000+00:00,1
2026-08-31 04:00:00+00:00,3.487,3.53,3.465,3.511,338803.0,2026-08-31 07:59:59.999000+00:00,1
2026-08-31 08:00:00+00:00,3.511,3.543,3.493,3.51,337860.0,2026-08-31 11:59:59.999000+00:00,1
2026-08-31 12:00:00+00:00,3.512,3.529,3.467,3.482,448218.0,2026-08-31 15:59:59.999000+00:00,1
2026-08-31 16:00:00+00:00,3.482,3.571,3.473,3.535,485364.0,2026-08-31 19:59:59.999000+00:00,1
2026-08-31 20:00:00+00:00,3.538,3.599,3.532,3.561,210774.0,2026-08-31 23:59:59.999000+00:00,1
2026-09-01 00:00:00+00:00,3.562,3.642,3.553,3.619,393032.0,2026-09-01 03:59:59.999000+00:00,1
2026-09-01 04:00:00+00:00,3.619,3.672,3.618,3.626,278973.0,2026-09-01 07:59:59.999000+00:00,1
2026-09-01 08:00:00+00:00,3.626,3.649,3.575,3.631,376284.0,2026-09-01 11:59:59.999000+00:00,1
2026-09-01 12:00:00+00:00,3.637,3.748,3.575,3.679,723996.0,2026-09-01 15:59:59.999000+00:00,1
2026-09-01 16:00:00+00:00,3.68,3.69,3.58,3.649,661192.0,2026-09-01 19:59:59.999000+00:00,1
2026-09-01 20:00:00+00:00,3.648,3.665,3.612,3.653,187899.0,2026-09-01 23:59:59.999000+00:00,1
2026-09-02 00:00:00+00:00,3.654,3.657,3.57,3.637,168356.0,2026-09-02 03:59:59.999000+00:00,1
2026-09-02 04:00:00+00:00,3.645,3.674,3.61,3.61,239918.0,2026-09-02 07:59:59.999000+00:00,1
2026-09-02 08:00:00+00:00,3.611,3.613,3.511,3.557,597454.0,2026-09-02 11:59:59.999000+00:00,1
2026-09-02 12:00:00+00:00,3.555,3.617,3.546,3.578,447076.0,2026-09-02 15:59:59.999000+00:00,1
2026-09-02 16:00:00+00:00,3.579,3.59,3.547,3.565,270822.0,2026-09-02 19:59:59.999000+00:00,1
2026-09-02 20:00:00+00:00,3.569,3.598,3.554,3.598,239804.0,2026-09-02 23:59:59.999000+00:00,1
2026-09-03 00:00:00+00:00,3.593,3.63,3.554,3.564,428625.0,2026-09-03 03:59:59.999000+00:00,1
2026-09-03 04:00:00+00:00,3.563,3.586,3.487,3.541,601408.0,2026-09-03 07:59:59.999000+00:00,1
2026-09-03 08:00:00+00:00,3.542,3.567,3.526,3.56,394486.0,2026-09-03 11:59:59.999000+00:00,1
2026-09-03 12:00:00+00:00,3.557,3.711,3.539,3.707,408499.0,2026-09-03 15:59:59.999000+00:00,1
2026-09-03 16:00:00+00:00,3.709,3.723,3.648,3.662,577246.0,2026-09-03 19:59:59.999000+00:00,1
2026-09-03 20:00:00+00:00,3.664,3.672,3.621,3.642,489535.0,2026-09-03 23:59:59.999000+00:00,1
2026-09-04 00:00:00+00:00,3.643,3.653,3.602,3.627,480498.0,2026-09-04 03:59:59.999000+00:00,1
2026-09-04 04:00:00+00:00,3.626,3.645,3.574,3.596,483767.0,2026-09-04 07:59:59.999000+00:00,1
2026-09-04 08:00:00+00:00,3.596,3.651,3.592,3.623,405169.0,2026-09-04 11:59:59.999000+00:00,1
2026-09-04 12:00:00+00:00,3.624,3.635,3.511,3.577,977578.0,2026-09-04 15:59:59.999000+00:00,1
2026-09-04 16:00:00+00:00,3.577,3.659,3.571,3.622,238367.0,2026-09-04 19:59:59.999000+00:00,1
2026-09-04 20:00:00+00:00,3.629,3.633,3.585,3.631,83341.0,2026-09-04 23:59:59.999000+00:00,1
2026-09-05 00:00:00+00:00,3.63,3.799,3.618,3.711,1024507.0,2026-09-05 03:59:59.999000+00:00,1
2026-09-05 04:00:00+00:00,3.715,3.834,3.684,3.691,987749.0,2026-09-05 07:59:59.999000+00:00,1
2026-09-05 08:00:00+00:00,3.691,3.73,3.666,3.679,686011.0,2026-09-05 11:59:59.999000+00:00,1
2026-09-05 12:00:00+00:00,3.68,3.706,3.64,3.683,790152.0,2026-09-05 15:59:59.999000+00:00,1
2026-09-05 16:00:00+00:00,3.682,3.731,3.67,3.725,568337.0,2026-09-05 19:59:59.999000+00:00,1
2026-09-05 20:00:00+00:00,3.726,3.807,3.713,3.756,446298.0,2026-09-05 23:59:59.999000+00:00,1
2026-09-06 00:00:00+00:00,3.757,3.822,3.749,3.81,431130.0,2026-09-06 03:59:59.999000+00:00,1
2026-09-06 04:00:00+00:00,3.806,3.953,3.747,3.841,808995.0,2026-09-06 07:59:59.999000+00:00,1
2026-09-06 08:00:00+00:00,3.842,3.878,3.757,3.855,582015.0,2026-09-06 11:59:59.999000+00:00,1
2026-09-06 12:00:00+00:00,3.852,3.919,3.764,3.878,677517.0,2026-09-06 15:59:59.999000+00:00,1
2026-09-06 16:00:00+00:00,3.877,3.931,3.823,3.834,209608.0,2026-09-06 19:59:59.999000+00:00,1
2026-09-06 20:00:00+00:00,3.831,3.875,3.817,3.872,447079.0,2026-09-06 23:59:59.999000+00:00,1
2026-09-07 00:00:00+00:00,3.871,3.999,3.807,3.813,1511962.0,2026-09-07 03:59:59.999000+00:00,1
2026-09-07 04:00:00+00:00,3.81,3.869,3.78,3.806,357487.0,2026-09-07 07:59:59.999000+00:00,1
2026-09-07 08:00:00+00:00,3.808,3.914,3.806,3.909,411206.0,2026-09-07 11:59:59.999000+00:00,1
2026-09-07 12:00:00+00:00,3.911,4.077,3.905,4.013,1753719.0,2026-09-07 15:59:59.999000+00:00,1
2026-09-07 16:00:00+00:00,4.014,4.067,3.936,3.973,428309.0,2026-09-07 19:59:59.999000+00:00,1
2026-09-07 20:00:00+00:00,3.977,4.024,3.923,3.953,309760.0,2026-09-07 23:59:59.999000+00:00,1
2026-09-08 00:00:00+00:00,3.952,3.997,3.912,3.953,329999.0,2026-09-08 03:59:59.999000+00:00,1
2026-09-08 04:00:00+00:00,3.952,4.026,3.897,3.904,396372.0,2026-09-08 07:59:59.999000+00:00,1
2026-09-08 08:00:00+00:00,3.903,4.006,3.895,3.963,338339.0,2026-09-08 11:59:59.999000+00:00,1
2026-09-08 12:00:00+00:00,3.965,4.21,3.828,4.193,1119638.0,2026-09-08 15:59:59.999000+00:00,1
2026-09-08 16:00:00+00:00,4.191,4.287,4.022,4.145,2144840.0,2026-09-08 19:59:59.999000+00:00,1
2026-09-08 20:00:00+00:00,4.147,4.188,4.004,4.131,918594.0,2026-09-08 23:59:59.999000+00:00,1
2026-09-09 00:00:00+00:00,4.13,4.159,3.964,4.029,764047.0,2026-09-09 03:59:59.999000+00:00,1
2026-09-09 04:00:00+00:00,4.027,4.087,3.954,4.0,608934.0,2026-09-09 07:59:59.999000+00:00,1
2026-09-09 08:00:00+00:00,3.997,4.061,3.958,3.975,619119.0,2026-09-09 11:59:59.999000+00:00,1
2026-09-09 12:00:00+00:00,3.974,4.036,3.888,3.956,1038115.0,2026-09-09 15:59:59.999000+00:00,1
2026-09-09 16:00:00+00:00,3.954,3.996,3.89,3.893,533989.0,2026-09-09 19:59:59.999000+00:00,1
2026-09-09 20:00:00+00:00,3.894,3.963,3.736,3.848,879339.0,2026-09-09 23:59:59.999000+00:00,1
2026-09-10 00:00:00+00:00,3.846,3.909,3.766,3.879,822198.0,2026-09-10 03:59:59.999000+00:00,1
2026-09-10 04:00:00+00:00,3.88,3.998,3.825,3.847,858733.0,2026-09-10 07:59:59.999000+00:00,1
2026-09-10 08:00:00+00:00,3.844,3.888,3.805,3.858,521600.0,2026-09-10 11:59:59.999000+00:00,1
2026-09-10 12:00:00+00:00,3.862,3.878,3.731,3.819,726314.0,2026-09-10 15:59:59.999000+00:00,1
2026-09-10 16:00:00+00:00,3.818,3.829,3.708,3.732,237764.0,2026-09-10 19:59:59.999000+00:00,1
2026-09-10 20:00:00+00:00,3.733,3.759,3.673,3.681,172714.0,2026-09-10 23:59:59.999000+00:00,1
2026-09-11 00:00:00+00:00,3.683,3.744,3.681,3.733,125774.0,2026-09-11 03:59:59.999000+00:00,1
2026-09-11 04:00:00+00:00,3.734,3.771,3.713,3.715,144324.0,2026-09-11 07:59:59.999000+00:00,1
2026-09-11 08:00:00+00:00,3.718,3.742,3.64,3.674,208423.0,2026-09-11 11:59:59.999000+00:00,1
2026-09-11 12:00:00+00:00,3.672,3.833,3.64,3.765,379215.0,2026-09-11 15:59:59.999000+00:00,1
2026-09-11 16:00:00+00:00,3.762,3.79,3.693,3.731,133217.0,2026-09-11 19:59:59.999000+00:00,1
2026-09-11 20:00:00+00:00,3.728,3.766,3.691,3.71,116027.0,2026-09-11 23:59:59.999000+00:00,1
2026-09-12 00:00:00+00:00,3.71,3.791,3.693,3.764,127960.0,2026-09-12 03:59:59.999000+00:00,1
2026-09-12 04:00:00+00:00,3.763,3.809,3.76,3.799,117690.0,2026-09-12 07:59:59.999000+00:00,1
2026-09-12 08:00:00+00:00,3.796,3.834,3.759,3.819,106348.0,2026-09-12 11:59:59.999000+00:00,1
2026-09-12 12:00:00+00:00,3.819,3.847,3.767,3.798,231824.0,2026-09-12 15:59:59.999000+00:00,1
2026-09-12 16:00:00+00:00,3.797,3.82,3.785,3.8,96092.0,2026-09-12 19:59:59.999000+00:00,1
2026-09-12 20:00:00+00:00,3.801,3.818,3.769,3.818,96057.0,2026-09-12 23:59:59.999000+00:00,1
2026-09-13 00:00:00+00:00,3.813,3.939,3.809,3.887,368038.0,2026-09-13 03:59:59.999000+00:00,1
2026-09-13 04:00:00+00:00,3.89,3.895,3.83,3.877,214642.0,2026-09-13 07:59:59.999000+00:00,1
2026-09-13 08:00:00+00:00,3.877,3.883,3.791,3.82,216746.0,2026-09-13 11:59:59.999000+00:00,1
2026-09-13 12:00:00+00:00,3.821,3.872,3.8,3.815,143723.0,2026-09-13 15:59:59.999000+00:00,1
2026-09-13 16:00:00+00:00,3.812,3.91,3.807,3.896,122568.0,2026-09-13 19:59:59.999000+00:00,1
2026-09-13 20:00:00+00:00,3.895,3.957,3.802,3.845,295911.0,2026-09-13 23:59:59.999000+00:00,1
2026-09-14 00:00:00+00:00,3.845,3.998,3.832,3.973,387294.0,2026-09-14 03:59:59.999000+00:00,1
2026-09-14 04:00:00+00:00,3.975,4.054,3.948,4.007,261149.0,2026-09-14 07:59:59.999000+00:00,1
2026-09-14 08:00:00+00:00,4.005,4.024,3.976,4.003,194853.0,2026-09-14 11:59:59.999000+00:00,1
2026-09-14 12:00:00+00:00,4.003,4.004,3.935,3.974,277664.0,2026-09-14 15:59:59.999000+00:00,1
2026-09-14 16:00:00+00:00,3.97,4.015,3.957,3.968,187046.0,2026-09-14 19:59:59.999000+00:00,1
2026-09-14 20:00:00+00:00,3.965,4.014,3.917,3.925,167707.0,2026-09-14 23:59:59.999000+00:00,1
2026-09-15 00:00:00+00:00,3.922,4.045,3.917,3.998,196094.0,2026-09-15 03:59:59.999000+00:00,1
2026-09-15 04:00:00+00:00,3.997,4.015,3.857,3.866,219638.0,2026-09-15 07:59:59.999000+00:00,1
2026-09-15 08:00:00+00:00,3.869,3.877,3.809,3.834,164546.0,2026-09-15 11:59:59.999000+00:00,1
2026-09-15 12:00:00+00:00,3.828,3.858,3.753,3.786,259801.0,2026-09-15 15:59:59.999000+00:00,1
2026-09-15 16:00:00+00:00,3.784,3.824,3.637,3.749,388186.0,2026-09-15 19:59:59.999000+00:00,1
2026-09-15 20:00:00+00:00,3.748,3.75,3.661,3.685,122244.0,2026-09-15 23:59:59.999000+00:00,1
2026-09-16 00:00:00+00:00,3.687,3.712,3.645,3.698,68990.0,2026-09-16 03:59:59.999000+00:00,1
2026-09-16 04:00:00+00:00,3.697,3.71,3.68,3.688,77677.0,2026-09-16 07:59:59.999000+00:00,1
2026-09-16 08:00:00+00:00,3.685,3.773,3.658,3.756,164175.0,2026-09-16 11:59:59.999000+00:00,1
2026-09-16 12:00:00+00:00,3.746,3.751,3.627,3.636,183218.0,2026-09-16 15:59:59.999000+00:00,1
2026-09-16 16:00:00+00:00,3.634,3.77,3.602,3.743,432740.0,2026-09-16 19:59:59.999000+00:00,1
2026-09-16 20:00:00+00:00,3.741,3.993,3.739,3.98,615734.0,2026-09-16 23:59:59.999000+00:00,1
2026-09-17 00:00:00+00:00,3.978,3.997,3.905,3.964,714138.0,2026-09-17 03:59:59.999000+00:00,1
2026-09-17 04:00:00+00:00,3.964,4.027,3.94,3.996,301609.0,2026-09-17 07:59:59.999000+00:00,1
2026-09-17 08:00:00+00:00,3.996,4.016,3.934,3.993,129086.0,2026-09-17 11:59:59.999000+00:00,1
2026-09-17 12:00:00+00:00,3.993,4.444,3.969,4.441,1609378.0,2026-09-17 15:59:59.999000+00:00,1
2026-09-17 16:00:00+00:00,4.433,4.973,4.371,4.38,19951191.0,2026-09-17 19:59:59.999000+00:00,1
2026-09-17 20:00:00+00:00,4.376,4.42,4.195,4.228,1891662.0,2026-09-17 23:59:59.999000+00:00,1
2026-09-18 00:00:00+00:00,4.224,4.403,4.163,4.324,1575268.0,2026-09-18 03:59:59.999000+00:00,1
2026-09-18 04:00:00+00:00,4.325,4.366,4.299,4.333,667629.0,2026-09-18 07:59:59.999000+00:00,1
2026-09-18 08:00:00+00:00,4.332,4.349,4.257,4.307,646710.0,2026-09-18 11:59:59.999000+00:00,1
2026-09-18 12:00:00+00:00,4.308,4.397,4.288,4.338,699108.0,2026-09-18 15:59:59.999000+00:00,1
