ts,open,high,low,close,volume,close_time,confirm
2026-03-28 16:00:00+00:00,0.3073,0.316,0.3072,0.3133,7659730.0,2026-03-28 19:59:59.999000+00:00,1
2026-03-28 20:00:00+00:00,0.3133,0.3143,0.3053,0.3056,2241124.0,2026-03-28 23:59:59.999000+00:00,1
2026-03-29 00:00:00+00:00,0.3057,0.3119,0.3034,0.3084,3646880.0,2026-03-29 03:59:59.999000+00:00,1
2026-03-29 04:00:00+00:00,0.3084,0.3098,0.3047,0.3059,6829368.0,2026-03-29 07:59:59.999000+00:00,1
2026-03-29 08:00:00+00:00,0.306,0.3069,0.3022,0.3047,2519056.0,2026-03-29 11:59:59.999000+00:00,1
2026-03-29 12:00:00+00:00,0.3047,0.3053,0.301,0.3021,2623205.0,2026-03-29 15:59:59.999000+00:00,1
2026-03-29 16:00:00+00:00,0.3022,0.3057,0.302,0.3042,1203520.0,2026-03-29 19:59:59.999000+00:00,1
2026-03-29 20:00:00+00:00,0.3041,0.3106,0.2939,0.3009,6191971.0,2026-03-29 23:59:59.999000+00:00,1
2026-03-30 00:00:00+00:00,0.3011,0.3138,0.3004,0.3128,5193520.0,2026-03-30 03:59:59.999000+00:00,1
2026-03-30 04:00:00+00:00,0.3129,0.3223,0.3129,0.3209,3437849.0,2026-03-30 07:59:59.999000+00:00,1
2026-03-30 08:00:00+00:00,0.3209,0.3245,0.3187,0.3221,4591501.0,2026-03-30 11:59:59.999000+00:00,1
2026-03-30 12:00:00+00:00,0.3221,0.3256,0.3163,0.3191,5012819.0,2026-03-30 15:59:59.999000+00:00,1
2026-03-30 16:00:00+00:00,0.3192,0.3198,0.3129,0.3156,3116419.0,2026-03-30 19:59:59.999000+00:00,1
2026-03-30 20:00:00+00:00,0.3155,0.3216,0.3151,0.3179,2083284.0,2026-03-30 23:59:59.999000+00:00,1
2026-03-31 00:00:00+00:00,0.3179,0.3322,0.3169,0.3302,5075778.0,2026-03-31 03:59:59.999000+00:00,1
2026-03-31 04:00:00+00:00,0.3302,0.3324,0.3235,0.3259,3089134.0,2026-03-31 07:59:59.999000+00:00,1
2026-03-31 08:00:00+00:00,0.3259,0.3263,0.3174,0.3212,3103722.0,2026-03-31 11:59:59.999000+00:00,1
2026-03-31 12:00:00+00:00,0.3213,0.3304,0.3213,0.3254,3630083.0,2026-03-31 15:59:59.999000+00:00,1
2026-03-31 16:00:00+00:00,0.3254,0.3407,0.3254,0.3305,6949306.0,2026-03-31 19:59:59.999000+00:00,1
2026-03-31 20:00:00+00:00,0.3305,0.3317,0.3275,0.329,1525870.0,2026-03-31 23:59:59.999000+00:00,1
2026-04-01 00:00:00+00:00,0.329,0.3332,0.3277,0.3301,2188362.0,2026-04-01 03:59:59.999000+00:00,1
2026-04-01 04:00:00+00:00,0.3301,0.338,0.3289,0.3359,2701822.0,2026-04-01 07:59:59.999000+00:00,1
2026-04-01 08:00:00+00:00,0.3359,0.3397,0.3356,0.3379,2908137.0,2026-04-01 11:59:59.999000+00:00,1
2026-04-01 12:00:00+00:00,0.3378,0.3415,0.3307,0.3393,4168406.0,2026-04-01 15:59:59.999000+00:00,1
2026-04-01 16:00:00+00:00,0.3394,0.3429,0.3343,0.3366,2757772.0,2026-04-01 19:59:59.999000+00:00,1
2026-04-01 20:00:00+00:00,0.3367,0.3383,0.3337,0.3342,1739825.0,2026-04-01 23:59:59.999000+00:00,1
2026-04-02 00:00:00+00:00,0.3343,0.3377,0.3185,0.3196,4480891.0,2026-04-02 03:59:59.999000+00:00,1
2026-04-02 04:00:00+00:00,0.3195,0.3205,0.3158,0.3198,2288550.0,2026-04-02 07:59:59.999000+00:00,1
2026-04-02 08:00:00+00:00,0.3198,0.3199,0.3134,0.3145,2355536.0,2026-04-02 11:59:59.999000+00:00,1
2026-04-02 12:00:00+00:00,0.3145,0.3159,0.3085,0.3144,4293563.0,2026-04-02 15:59:59.999000+00:00,1
2026-04-02 16:00:00+00:00,0.3144,0.3197,0.3118,0.3149,2446700.0,2026-04-02 19:59:59.999000+00:00,1
2026-04-02 20:00:00+00:00,0.3149,0.3168,0.312,0.3137,1203555.0,2026-04-02 23:59:59.999000+00:00,1
2026-04-03 00:00:00+00:00,0.3138,0.3161,0.3124,0.3151,807889.0,2026-04-03 03:59:59.999000+00:00,1
2026-04-03 04:00:00+00:00,0.3151,0.3182,0.3131,0.3168,1469647.0,2026-04-03 07:59:59.999000+00:00,1
2026-04-03 08:00:00+00:00,0.3169,0.3204,0.3155,0.319,2283062.0,2026-04-03 11:59:59.999000+00:00,1
2026-04-03 12:00:00+00:00,0.319,0.3225,0.3166,0.3188,2969253.0,2026-04-03 15:59:59.999000+00:00,1
2026-04-03 16:00:00+00:00,0.3187,0.3201,0.3139,0.3155,1813633.0,2026-04-03 19:59:59.999000+00:00,1
2026-04-03 20:00:00+00:00,0.3156,0.3163,0.3124,0.3132,736659.0,2026-04-03 23:59:59.999000+00:00,1
2026-04-04 00:00:00+00:00,0.3132,0.3162,0.3124,0.315,765336.0,2026-04-04 03:59:59.999000+00:00,1
2026-04-04 04:00:00+00:00,0.315,0.3179,0.3145,0.3167,613341.0,2026-04-04 07:59:59.999000+00:00,1
2026-04-04 08:00:00+00:00,0.3167,0.3176,0.3145,0.3166,774449.0,2026-04-04 11:59:59.999000+00:00,1
2026-04-04 12:00:00+00:00,0.3167,0.3174,0.3131,0.3154,1166850.0,2026-04-04 15:59:59.999000+00:00,1
2026-04-04 16:00:00+00:00,0.3155,0.3183,0.3144,0.3156,1133696.0,2026-04-04 19:59:59.999000+00:00,1
2026-04-04 20:00:00+00:00,0.3156,0.3159,0.3139,0.3148,847770.0,2026-04-04 23:59:59.999000+00:00,1
2026-04-05 00:00:00+00:00,0.3149,0.3156,0.3125,0.3134,1264941.0,2026-04-05 03:59:59.999000+00:00,1
2026-04-05 04:00:00+00:00,0.3134,0.3139,0.3067,0.3075,1868718.0,2026-04-05 07:59:59.999000+00:00,1
2026-04-05 08:00:00+00:00,0.3075,0.3112,0.3072,0.3094,860176.0,2026-04-05 11:59:59.999000+00:00,1
2026-04-05 12:00:00+00:00,0.3093,0.3115,0.3051,0.3084,1962836.0,2026-04-05 15:59:59.999000+00:00,1
2026-04-05 16:00:00+00:00,0.3085,0.3103,0.3067,0.309,978926.0,2026-04-05 19:59:59.999000+00:00,1
2026-04-05 20:00:00+00:00,0.3091,0.3173,0.3073,0.3166,1607708.0,2026-04-05 23:59:59.999000+00:00,1
2026-04-06 00:00:00+00:00,0.3167,0.3237,0.3167,0.3213,2031725.0,2026-04-06 03:59:59.999000+00:00,1
2026-04-06 04:00:00+00:00,0.3213,0.3222,0.3184,0.3208,968148.0,2026-04-06 07:59:59.999000+00:00,1
2026-04-06 08:00:00+00:00,0.3209,0.3268,0.3203,0.325,1818927.0,2026-04-06 11:59:59.999000+00:00,1
2026-04-06 12:00:00+00:00,0.325,0.3253,0.3199,0.3246,2090494.0,2026-04-06 15:59:59.999000+00:00,1
2026-04-06 16:00:00+00:00,0.3245,0.3247,0.3162,0.3172,2163647.0,2026-04-06 19:59:59.999000+00:00,1
2026-04-06 20:00:00+00:00,0.3172,0.3172,0.3059,0.3088,2327316.0,2026-04-06 23:59:59.999000+00:00,1
2026-04-07 00:00:00+00:00,0.3087,0.3115,0.3084,0.3097,744014.0,2026-04-07 03:59:59.999000+00:00,1
2026-04-07 04:00:00+00:00,0.3097,0.3128,0.309,0.3111,918302.0,2026-04-07 07:59:59.999000+00:00,1
2026-04-07 08:00:00+00:00,0.3112,0.3132,0.3079,0.3081,1511175.0,2026-04-07 11:59:59.999000+00:00,1
2026-04-07 12:00:00+00:00,0.3081,0.3096,0.3043,0.3055,1899977.0,2026-04-07 15:59:59.999000+00:00,1
2026-04-07 16:00:00+00:00,0.3055,0.3141,0.3054,0.3139,1459089.0,2026-04-07 19:59:59.999000+00:00,1
2026-04-07 20:00:00+00:00,0.3138,0.3382,0.3129,0.3352,5158163.0,2026-04-07 23:59:59.999000+00:00,1
2026-04-08 00:00:00+00:00,0.3352,0.3372,0.3262,0.3276,2242223.0,2026-04-08 03:59:59.999000+00:00,1
2026-04-08 04:00:00+00:00,0.3276,0.331,0.3269,0.3295,1679425.0,2026-04-08 07:59:59.999000+00:00,1
2026-04-08 08:00:00+00:00,0.3296,0.3306,0.3252,0.3268,1305449.0,2026-04-08 11:59:59.999000+00:00,1
2026-04-08 12:00:00+00:00,0.3269,0.3313,0.32,0.3235,2020209.0,2026-04-08 15:59:59.999000+00:00,1
2026-04-08 16:00:00+00:00,0.3235,0.3255,0.3188,0.3212,930085.0,2026-04-08 19:59:59.999000+00:00,1
2026-04-08 20:00:00+00:00,0.3212,0.3251,0.3161,0.3171,1113349.0,2026-04-08 23:59:59.999000+00:00,1
2026-04-09 00:00:00+00:00,0.3171,0.3171,0.3119,0.3143,1432416.0,2026-04-09 03:59:59.999000+00:00,1
2026-04-09 04:00:00+00:00,0.3144,0.317,0.3142,0.3165,367066.0,2026-04-09 07:59:59.999000+00:00,1
2026-04-09 08:00:00+00:00,0.3165,0.3178,0.3139,0.3139,956619.0,2026-04-09 11:59:59.999000+00:00,1
2026-04-09 12:00:00+00:00,0.3139,0.3213,0.3107,0.3191,1788541.0,2026-04-09 15:59:59.999000+00:00,1
2026-04-09 16:00:00+00:00,0.319,0.3224,0.3176,0.3192,1962402.0,2026-04-09 19:59:59.999000+00:00,1
2026-04-09 20:00:00+00:00,0.3194,0.3281,0.3165,0.3176,2366767.0,2026-04-09 23:59:59.999000+00:00,1
2026-04-10 00:00:00+00:00,0.3176,0.3209,0.3155,0.3186,1408163.0,2026-04-10 03:59:59.999000+00:00,1
2026-04-10 04:00:00+00:00,0.3186,0.3227,0.3172,0.3181,1280776.0,2026-04-10 07:59:59.999000+00:00,1
2026-04-10 08:00:00+00:00,0.3182,0.3244,0.3172,0.3229,1240850.0,2026-04-10 11:59:59.999000+00:00,1
2026-04-10 12:00:00+00:00,0.323,0.3386,0.3221,0.332,5453911.0,2026-04-10 15:59:59.999000+00:00,1
2026-04-10 16:00:00+00:00,0.3321,0.3352,0.3304,0.3346,1822458.0,2026-04-10 19:59:59.999000+00:00,1
2026-04-10 20:00:00+00:00,0.3346,0.3351,0.331,0.3332,1131699.0,2026-04-10 23:59:59.999000+00:00,1
2026-04-11 00:00:00+00:00,0.3333,0.3348,0.3309,0.331,1087251.0,2026-04-11 03:59:59.999000+00:00,1
2026-04-11 04:00:00+00:00,0.3312,0.3337,0.3267,0.3289,1327341.0,2026-04-11 07:59:59.999000+00:00,1
2026-04-11 08:00:00+00:00,0.329,0.3321,0.3283,0.3316,863657.0,2026-04-11 11:59:59.999000+00:00,1
2026-04-11 12:00:00+00:00,0.3316,0.3319,0.3276,0.33,915339.0,2026-04-11 15:59:59.999000+00:00,1
2026-04-11 16:00:00+00:00,0.33,0.3421,0.33,0.3401,1812109.0,2026-04-11 19:59:59.999000+00:00,1
2026-04-11 20:00:00+00:00,0.3401,0.3418,0.3322,0.3338,1253603.0,2026-04-11 23:59:59.999000+00:00,1
2026-04-12 00:00:00+00:00,0.3338,0.3358,0.3188,0.3197,2404449.0,2026-04-12 03:59:59.999000+00:00,1
2026-04-12 04:00:00+00:00,0.3196,0.3205,0.3169,0.3177,1382055.0,2026-04-12 07:59:59.999000+00:00,1
2026-04-12 08:00:00+00:00,0.3176,0.3199,0.3149,0.3166,1047258.0,2026-04-12 11:59:59.999000+00:00,1
2026-04-12 12:00:00+00:00,0.3165,0.3181,0.3109,0.3119,1384961.0,2026-04-12 15:59:59.999000+00:00,1
2026-04-12 16:00:00+00:00,0.3118,0.3182,0.3116,0.3156,1352519.0,2026-04-12 19:59:59.999000+00:00,1
2026-04-12 20:00:00+00:00,0.3158,0.3182,0.312,0.313,1265302.0,2026-04-12 23:59:59.999000+00:00,1
2026-04-13 00:00:00+00:00,0.313,0.3163,0.3124,0.3135,766147.0,2026-04-13 03:59:59.999000+00:00,1
2026-04-13 04:00:00+00:00,0.3135,0.3136,0.3036,0.3046,3924471.0,2026-04-13 07:59:59.999000+00:00,1
2026-04-13 08:00:00+00:00,0.3046,0.3075,0.3026,0.307,1419352.0,2026-04-13 11:59:59.999000+00:00,1
2026-04-13 12:00:00+00:00,0.3069,0.313,0.3051,0.3102,1422550.0,2026-04-13 15:59:59.999000+00:00,1
2026-04-13 16:00:00+00:00,0.3101,0.3247,0.3101,0.3231,7780840.0,2026-04-13 19:59:59.999000+00:00,1
2026-04-13 20:00:00+00:00,0.3231,0.3518,0.3191,0.3515,6356645.0,2026-04-13 23:59:59.999000+00:00,1
2026-04-14 00:00:00+00:00,0.3516,0.3595,0.3476,0.3564,9500016.0,2026-04-14 03:59:59.999000+00:00,1
2026-04-14 04:00:00+00:00,0.3565,0.3705,0.3555,0.3583,13856137.0,2026-04-14 07:59:59.999000+00:00,1
2026-04-14 08:00:00+00:00,0.3583,0.3631,0.3513,0.3624,6728890.0,2026-04-14 11:59:59.999000+00:00,1
2026-04-14 12:00:00+00:00,0.3624,0.376,0.3527,0.3542,12657212.0,2026-04-14 15:59:59.999000+00:00,1
2026-04-14 16:00:00+00:00,0.3542,0.355,0.3406,0.3456,5976738.0,2026-04-14 19:59:59.999000+00:00,1
2026-04-14 20:00:00+00:00,0.3457,0.3522,0.3449,0.3497,2508766.0,2026-04-14 23:59:59.999000+00:00,1
2026-04-15 00:00:00+00:00,0.3496,0.354,0.3492,0.3511,1503807.0,2026-04-15 03:59:59.999000+00:00,1
2026-04-15 04:00:00+00:00,0.3511,0.3534,0.3475,0.3513,1447285.0,2026-04-15 07:59:59.999000+00:00,1
2026-04-15 08:00:00+00:00,0.3514,0.3615,0.3503,0.3607,2180450.0,2026-04-15 11:59:59.999000+00:00,1
2026-04-15 12:00:00+00:00,0.3608,0.387,0.3597,0.3809,10818620.0,2026-04-15 15:59:59.999000+00:00,1
2026-04-15 16:00:00+00:00,0.3808,0.391,0.3684,0.3852,8186499.0,2026-04-15 19:59:59.999000+00:00,1
2026-04-15 20:00:00+00:00,0.3851,0.3859,0.3725,0.377,3745789.0,2026-04-15 23:59:59.999000+00:00,1
2026-04-16 00:00:00+00:00,0.377,0.392,0.3737,0.381,3387456.0,2026-04-16 03:59:59.999000+00:00,1
2026-04-16 04:00:00+00:00,0.3809,0.3905,0.38,0.3891,3650559.0,2026-04-16 07:59:59.999000+00:00,1
2026-04-16 08:00:00+00:00,0.389,0.3998,0.3841,0.3942,7421822.0,2026-04-16 11:59:59.999000+00:00,1
2026-04-16 12:00:00+00:00,0.3941,0.4198,0.3904,0.4193,10875329.0,2026-04-16 15:59:59.999000+00:00,1
2026-04-16 16:00:00+00:00,0.4193,0.4521,0.4005,0.4506,12502531.0,2026-04-16 19:59:59.999000+00:00,1
2026-04-16 20:00:00+00:00,0.4505,0.4515,0.424,0.4363,7147990.0,2026-04-16 23:59:59.999000+00:00,1
2026-04-17 00:00:00+00:00,0.4364,0.445,0.4214,0.4267,3771731.0,2026-04-17 03:59:59.999000+00:00,1
2026-04-17 04:00:00+00:00,0.4266,0.429,0.4157,0.4248,3363776.0,2026-04-17 07:59:59.999000+00:00,1
2026-04-17 08:00:00+00:00,0.4246,0.435,0.4141,0.4246,5388596.0,2026-04-17 11:59:59.999000+00:00,1
2026-04-17 12:00:00+00:00,0.4246,0.4339,0.4185,0.4302,6116223.0,2026-04-17 15:59:59.999000+00:00,1
2026-04-17 16:00:00+00:00,0.4303,0.4433,0.4193,0.4262,5617700.0,2026-04-17 19:59:59.999000+00:00,1
2026-04-17 20:00:00+00:00,0.4261,0.4285,0.4185,0.4237,1247503.0,2026-04-17 23:59:59.999000+00:00,1
2026-04-18 00:00:00+00:00,0.4237,0.4339,0.4185,0.4292,1916738.0,2026-04-18 03:59:59.999000+00:00,1
2026-04-18 04:00:00+00:00,0.4292,0.4342,0.4241,0.426,1087285.0,2026-04-18 07:59:59.999000+00:00,1
2026-04-18 08:00:00+00:00,0.426,0.4277,0.4036,0.4078,3163503.0,2026-04-18 11:59:59.999000+00:00,1
2026-04-18 12:00:00+00:00,0.4076,0.4088,0.4005,0.4046,1779205.0,2026-04-18 15:59:59.999000+00:00,1
2026-04-18 16:00:00+00:00,0.4046,0.4047,0.3922,0.3929,1875070.0,2026-04-18 19:59:59.999000+00:00,1
2026-04-18 20:00:00+00:00,0.3928,0.3968,0.3868,0.3873,1871248.0,2026-04-18 23:59:59.999000+00:00,1
2026-04-19 00:00:00+00:00,0.3873,0.3875,0.367,0.3736,4702185.0,2026-04-19 03:59:59.999000+00:00,1
2026-04-19 04:00:00+00:00,0.3736,0.3839,0.3697,0.3818,3154054.0,2026-04-19 07:59:59.999000+00:00,1
2026-04-19 08:00:00+00:00,0.3817,0.3836,0.3749,0.3803,2084163.0,2026-04-19 11:59:59.999000+00:00,1
2026-04-19 12:00:00+00:00,0.3803,0.3868,0.3746,0.3807,1725393.0,2026-04-19 15:59:59.999000+00:00,1
2026-04-19 16:00:00+00:00,0.3807,0.3836,0.3713,0.372,1935075.0,2026-04-19 19:59:59.999000+00:00,1
2026-04-19 20:00:00+00:00,0.3719,0.3721,0.3575,0.3582,2296275.0,2026-04-19 23:59:59.999000+00:00,1
2026-04-20 00:00:00+00:00,0.3583,0.3633,0.3556,0.3617,2964330.0,2026-04-20 03:59:59.999000+00:00,1
2026-04-20 04:00:00+00:00,0.3617,0.3658,0.3547,0.3614,3068892.0,2026-04-20 07:59:59.999000+00:00,1
2026-04-20 08:00:00+00:00,0.3615,0.3723,0.3602,0.3695,2996217.0,2026-04-20 11:59:59.999000+00:00,1
2026-04-20 12:00:00+00:00,0.3696,0.3717,0.3514,0.3543,4157563.0,2026-04-20 15:59:59.999000+00:00,1
2026-04-20 16:00:00+00:00,0.3543,0.3567,0.3433,0.353,6244444.0,2026-04-20 19:59:59.999000+00:00,1
2026-04-20 20:00:00+00:00,0.353,0.378,0.3515,0.367,6483310.0,2026-04-20 23:59:59.999000+00:00,1
2026-04-21 00:00:00+00:00,0.3671,0.3701,0.3581,0.3626,2702624.0,2026-04-21 03:59:59.999000+00:00,1
2026-04-21 04:00:00+00:00,0.3627,0.3795,0.3606,0.3761,4122923.0,2026-04-21 07:59:59.999000+00:00,1
2026-04-21 08:00:00+00:00,0.376,0.393,0.3733,0.385,6990112.0,2026-04-21 11:59:59.999000+00:00,1
2026-04-21 12:00:00+00:00,0.3849,0.3973,0.3729,0.3963,6692376.0,2026-04-21 15:59:59.999000+00:00,1
2026-04-21 16:00:00+00:00,0.3965,0.3996,0.3734,0.3754,6881799.0,2026-04-21 19:59:59.999000+00:00,1
2026-04-21 20:00:00+00:00,0.3753,0.3842,0.3751,0.3807,2678621.0,2026-04-21 23:59:59.999000+00:00,1
2026-04-22 00:00:00+00:00,0.3806,0.3937,0.3786,0.3896,3429271.0,2026-04-22 03:59:59.999000+00:00,1
2026-04-22 04:00:00+00:00,0.3896,0.4071,0.3875,0.3897,5308134.0,2026-04-22 07:59:59.999000+00:00,1
2026-04-22 08:00:00+00:00,0.3898,0.3906,0.3828,0.3895,2421685.0,2026-04-22 11:59:59.999000+00:00,1
2026-04-22 12:00:00+00:00,0.3894,0.3936,0.387,0.3876,3470671.0,2026-04-22 15:59:59.999000+00:00,1
2026-04-22 16:00:00+00:00,0.3877,0.3973,0.3855,0.3928,2285855.0,2026-04-22 19:59:59.999000+00:00,1
2026-04-22 20:00:00+00:00,0.3927,0.3942,0.3772,0.3776,2475647.0,2026-04-22 23:59:59.999000+00:00,1
2026-04-23 00:00:00+00:00,0.3777,0.3847,0.3731,0.3752,2398286.0,2026-04-23 03:59:59.999000+00:00,1
2026-04-23 04:00:00+00:00,0.3751,0.3837,0.3722,0.3801,1910678.0,2026-04-23 07:59:59.999000+00:00,1
2026-04-23 08:00:00+00:00,0.3801,0.3818,0.3703,0.3753,2374752.0,2026-04-23 11:59:59.999000+00:00,1
2026-04-23 12:00:00+00:00,0.3753,0.3876,0.3749,0.3856,2279741.0,2026-04-23 15:59:59.999000+00:00,1
2026-04-23 16:00:00+00:00,0.3857,0.3877,0.3719,0.3791,3933165.0,2026-04-23 19:59:59.999000+00:00,1
2026-04-23 20:00:00+00:00,0.379,0.3945,0.379,0.3877,1997539.0,2026-04-23 23:59:59.999000+00:00,1
2026-04-24 00:00:00+00:00,0.3878,0.3909,0.3717,0.3755,2163488.0,2026-04-24 03:59:59.999000+00:00,1
2026-04-24 04:00:00+00:00,0.3756,0.3826,0.3731,0.3796,1653014.0,2026-04-24 07:59:59.999000+00:00,1
2026-04-24 08:00:00+00:00,0.3796,0.3858,0.3759,0.3819,2163233.0,2026-04-24 11:59:59.999000+00:00,1
2026-04-24 12:00:00+00:00,0.382,0.3853,0.3785,0.3834,1663598.0,2026-04-24 15:59:59.999000+00:00,1
2026-04-24 16:00:00+00:00,0.3833,0.3844,0.3786,0.3813,919140.0,2026-04-24 19:59:59.999000+00:00,1
2026-04-24 20:00:00+00:00,0.3813,0.383,0.3753,0.3798,842762.0,2026-04-24 23:59:59.999000+00:00,1
2026-04-25 00:00:00+00:00,0.3798,0.3836,0.3771,0.3824,813130.0,2026-04-25 03:59:59.999000+00:00,1
2026-04-25 04:00:00+00:00,0.3824,0.3846,0.3774,0.3777,1025012.0,2026-04-25 07:59:59.999000+00:00,1
2026-04-25 08:00:00+00:00,0.3777,0.3804,0.3732,0.3755,1382887.0,2026-04-25 11:59:59.999000+00:00,1
2026-04-25 12:00:00+00:00,0.3753,0.3806,0.3747,0.3766,1583091.0,2026-04-25 15:59:59.999000+00:00,1
2026-04-25 16:00:00+00:00,0.3767,0.378,0.3723,0.3738,923844.0,2026-04-25 19:59:59.999000+00:00,1
2026-04-25 20:00:00+00:00,0.3739,0.3756,0.3727,0.3742,753220.0,2026-04-25 23:59:59.999000+00:00,1
2026-04-26 00:00:00+00:00,0.3743,0.3747,0.3655,0.3669,2082665.0,2026-04-26 03:59:59.999000+00:00,1
2026-04-26 04:00:00+00:00,0.367,0.383,0.3648,0.3806,4121130.0,2026-04-26 07:59:59.999000+00:00,1
2026-04-26 08:00:00+00:00,0.3806,0.3899,0.3769,0.3882,3974783.0,2026-04-26 11:59:59.999000+00:00,1
2026-04-26 12:00:00+00:00,0.3883,0.4358,0.3782,0.4318,42590595.0,2026-04-26 15:59:59.999000+00:00,1
2026-04-26 16:00:00+00:00,0.4318,0.4695,0.4194,0.4528,72408747.0,2026-04-26 19:59:59.999000+00:00,1
2026-04-26 20:00:00+00:00,0.4528,0.4536,0.4203,0.447,26818203.0,2026-04-26 23:59:59.999000+00:00,1
2026-04-27 00:00:00+00:00,0.4469,0.4641,0.4363,0.4484,21725872.0,2026-04-27 03:59:59.999000+00:00,1
2026-04-27 04:00:00+00:00,0.4484,0.4568,0.3797,0.3822,40169556.0,2026-04-27 07:59:59.999000+00:00,1
2026-04-27 08:00:00+00:00,0.3822,0.3888,0.3796,0.3843,7814174.0,2026-04-27 11:59:59.999000+00:00,1
2026-04-27 12:00:00+00:00,0.3844,0.3995,0.3824,0.3873,8711586.0,2026-04-27 15:59:59.999000+00:00,1
2026-04-27 16:00:00+00:00,0.3874,0.4039,0.3861,0.3947,6207559.0,2026-04-27 19:59:59.999000+00:00,1
2026-04-27 20:00:00+00:00,0.3947,0.4088,0.3947,0.4086,3165263.0,2026-04-27 23:59:59.999000+00:00,1
2026-04-28 00:00:00+00:00,0.4085,0.416,0.3961,0.3994,7153318.0,2026-04-28 03:59:59.999000+00:00,1
2026-04-28 04:00:00+00:00,0.3993,0.4062,0.3921,0.3939,4688728.0,2026-04-28 07:59:59.999000+00:00,1
2026-04-28 08:00:00+00:00,0.3938,0.3987,0.3891,0.3906,2983978.0,2026-04-28 11:59:59.999000+00:00,1
2026-04-28 12:00:00+00:00,0.3907,0.391,0.3836,0.3887,4129662.0,2026-04-28 15:59:59.999000+00:00,1
2026-04-28 16:00:00+00:00,0.3888,0.3927,0.3856,0.3901,2003075.0,2026-04-28 19:59:59.999000+00:00,1
2026-04-28 20:00:00+00:00,0.3902,0.3908,0.3859,0.3869,1770842.0,2026-04-28 23:59:59.999000+00:00,1
2026-04-29 00:00:00+00:00,0.3869,0.3954,0.3863,0.3942,1974074.0,2026-04-29 03:59:59.999000+00:00,1
2026-04-29 04:00:00+00:00,0.3943,0.4003,0.3907,0.3917,2408083.0,2026-04-29 07:59:59.999000+00:00,1
2026-04-29 08:00:00+00:00,0.3917,0.3957,0.3808,0.3835,3904687.0,2026-04-29 11:59:59.999000+00:00,1
2026-04-29 12:00:00+00:00,0.3835,0.3839,0.3711,0.3726,4539472.0,2026-04-29 15:59:59.999000+00:00,1
2026-04-29 16:00:00+00:00,0.3725,0.3798,0.3629,0.3695,5512340.0,2026-04-29 19:59:59.999000+00:00,1
2026-04-29 20:00:00+00:00,0.3696,0.3771,0.3692,0.3729,1478860.0,2026-04-29 23:59:59.999000+00:00,1
2026-04-30 00:00:00+00:00,0.373,0.3768,0.3686,0.3718,1923485.0,2026-04-30 03:59:59.999000+00:00,1
2026-04-30 04:00:00+00:00,0.3718,0.3723,0.3673,0.3717,1402417.0,2026-04-30 07:59:59.999000+00:00,1
2026-04-30 08:00:00+00:00,0.3718,0.3743,0.3698,0.3717,1263465.0,2026-04-30 11:59:59.999000+00:00,1
2026-04-30 12:00:00+00:00,0.3717,0.3754,0.3662,0.3709,1871847.0,2026-04-30 15:59:59.999000+00:00,1
2026-04-30 16:00:00+00:00,0.3708,0.3711,0.367,0.3679,648573.0,2026-04-30 19:59:59.999000+00:00,1
2026-04-30 20:00:00+00:00,0.3678,0.3679,0.3622,0.3651,1838767.0,2026-04-30 23:59:59.999000+00:00,1
2026-05-01 00:00:00+00:00,0.3651,0.3728,0.3651,0.3696,1825307.0,2026-05-01 03:59:59.999000+00:00,1
2026-05-01 04:00:00+00:00,0.3695,0.3703,0.3651,0.3671,1302359.0,2026-05-01 07:59:59.999000+00:00,1
2026-05-01 08:00:00+00:00,0.3671,0.3693,0.3638,0.3676,980785.0,2026-05-01 11:59:59.999000+00:00,1
2026-05-01 12:00:00+00:00,0.3674,0.378,0.366,0.377,2681291.0,2026-05-01 15:59:59.999000+00:00,1
2026-05-01 16:00:00+00:00,0.3771,0.3784,0.3705,0.3715,1379543.0,2026-05-01 19:59:59.999000+00:00,1
2026-05-01 20:00:00+00:00,0.3716,0.3734,0.3681,0.3708,1326039.0,2026-05-01 23:59:59.999000+00:00,1
2026-05-02 00:00:00+00:00,0.3709,0.3732,0.3701,0.3706,858905.0,2026-05-02 03:59:59.999000+00:00,1
2026-05-02 04:00:00+00:00,0.3705,0.3755,0.3683,0.3746,967027.0,2026-05-02 07:59:59.999000+00:00,1
2026-05-02 08:00:00+00:00,0.3746,0.3748,0.3705,0.3713,899854.0,2026-05-02 11:59:59.999000+00:00,1
2026-05-02 12:00:00+00:00,0.3712,0.3775,0.3704,0.377,905308.0,2026-05-02 15:59:59.999000+00:00,1
2026-05-02 16:00:00+00:00,0.377,0.3773,0.3708,0.3748,1445251.0,2026-05-02 19:59:59.999000+00:00,1
2026-05-02 20:00:00+00:00,0.3748,0.3779,0.3725,0.3731,1290457.0,2026-05-02 23:59:59.999000+00:00,1
2026-05-03 00:00:00+00:00,0.3732,0.3734,0.3656,0.3667,2051738.0,2026-05-03 03:59:59.999000+00:00,1
2026-05-03 04:00:00+00:00,0.3667,0.3677,0.3634,0.3652,858779.0,2026-05-03 07:59:59.999000+00:00,1
2026-05-03 08:00:00+00:00,0.3652,0.3705,0.3635,0.3676,1552434.0,2026-05-03 11:59:59.999000+00:00,1
2026-05-03 12:00:00+00:00,0.3676,0.3695,0.3647,0.366,1184976.0,2026-05-03 15:59:59.999000+00:00,1
2026-05-03 16:00:00+00:00,0.366,0.3685,0.3642,0.3663,1194347.0,2026-05-03 19:59:59.999000+00:00,1
2026-05-03 20:00:00+00:00,0.3663,0.3711,0.3643,0.3646,2361222.0,2026-05-03 23:59:59.999000+00:00,1
2026-05-04 00:00:00+00:00,0.3647,0.3762,0.358,0.3743,6183456.0,2026-05-04 03:59:59.999000+00:00,1
2026-05-04 04:00:00+00:00,0.3744,0.3795,0.3704,0.3749,2682886.0,2026-05-04 07:59:59.999000+00:00,1
2026-05-04 08:00:00+00:00,0.3749,0.3767,0.3606,0.3658,4192722.0,2026-05-04 11:59:59.999000+00:00,1
2026-05-04 12:00:00+00:00,0.3659,0.3763,0.3647,0.3691,3155612.0,2026-05-04 15:59:59.999000+00:00,1
2026-05-04 16:00:00+00:00,0.3691,0.3793,0.3669,0.3739,2254135.0,2026-05-04 19:59:59.999000+00:00,1
2026-05-04 20:00:00+00:00,0.3739,0.3766,0.3697,0.3712,753206.0,2026-05-04 23:59:59.999000+00:00,1
2026-05-05 00:00:00+00:00,0.3713,0.3789,0.3708,0.3751,1434273.0,2026-05-05 03:59:59.999000+00:00,1
2026-05-05 04:00:00+00:00,0.3751,0.3777,0.3723,0.3759,1191118.0,2026-05-05 07:59:59.999000+00:00,1
2026-05-05 08:00:00+00:00,0.3759,0.3779,0.3728,0.374,1352520.0,2026-05-05 11:59:59.999000+00:00,1
2026-05-05 12:00:00+00:00,0.374,0.3761,0.3707,0.3737,2280043.0,2026-05-05 15:59:59.999000+00:00,1
2026-05-05 16:00:00+00:00,0.3738,0.3749,0.3709,0.373,1024087.0,2026-05-05 19:59:59.999000+00:00,1
2026-05-05 20:00:00+00:00,0.373,0.3788,0.3708,0.3726,2275070.0,2026-05-05 23:59:59.999000+00:00,1
2026-05-06 00:00:00+00:00,0.3726,0.3849,0.3716,0.3808,2835442.0,2026-05-06 03:59:59.999000+00:00,1
2026-05-06 04:00:00+00:00,0.3808,0.3834,0.3771,0.3788,2453177.0,2026-05-06 07:59:59.999000+00:00,1
2026-05-06 08:00:00+00:00,0.3787,0.393,0.3783,0.3908,5353218.0,2026-05-06 11:59:59.999000+00:00,1
2026-05-06 12:00:00+00:00,0.3908,0.3953,0.3786,0.3871,6083118.0,2026-05-06 15:59:59.999000+00:00,1
2026-05-06 16:00:00+00:00,0.3871,0.3899,0.3822,0.3859,1797735.0,2026-05-06 19:59:59.999000+00:00,1
2026-05-06 20:00:00+00:00,0.386,0.3936,0.385,0.3901,1873595.0,2026-05-06 23:59:59.999000+00:00,1
2026-05-07 00:00:00+00:00,0.3902,0.3913,0.379,0.3804,2087315.0,2026-05-07 03:59:59.999000+00:00,1
2026-05-07 04:00:00+00:00,0.3805,0.3928,0.3796,0.3922,2256371.0,2026-05-07 07:59:59.999000+00:00,1
2026-05-07 08:00:00+00:00,0.3923,0.3935,0.3844,0.3894,1627603.0,2026-05-07 11:59:59.999000+00:00,1
2026-05-07 12:00:00+00:00,0.3894,0.3949,0.373,0.3778,5630105.0,2026-05-07 15:59:59.999000+00:00,1
2026-05-07 16:00:00+00:00,0.3778,0.3853,0.3771,0.3819,2427452.0,2026-05-07 19:59:59.999000+00:00,1
2026-05-07 20:00:00+00:00,0.3819,0.3858,0.3786,0.3848,1512269.0,2026-05-07 23:59:59.999000+00:00,1
2026-05-08 00:00:00+00:00,0.3849,0.389,0.3805,0.3876,2514527.0,2026-05-08 03:59:59.999000+00:00,1
2026-05-08 04:00:00+00:00,0.3876,0.3909,0.386,0.39,1307484.0,2026-05-08 07:59:59.999000+00:00,1
2026-05-08 08:00:00+00:00,0.39,0.4011,0.3891,0.4,3146462.0,2026-05-08 11:59:59.999000+00:00,1
2026-05-08 12:00:00+00:00,0.4,0.4073,0.3926,0.4015,7333248.0,2026-05-08 15:59:59.999000+00:00,1
2026-05-08 16:00:00+00:00,0.4016,0.4136,0.3994,0.4088,3600203.0,2026-05-08 19:59:59.999000+00:00,1
2026-05-08 20:00:00+00:00,0.4088,0.4126,0.4045,0.4065,1906542.0,2026-05-08 23:59:59.999000+00:00,1
2026-05-09 00:00:00+00:00,0.4066,0.4116,0.4038,0.4046,1646167.0,2026-05-09 03:59:59.999000+00:00,1
2026-05-09 04:00:00+00:00,0.4045,0.4083,0.4017,0.4028,1645361.0,2026-05-09 07:59:59.999000+00:00,1
2026-05-09 08:00:00+00:00,0.4029,0.4069,0.3995,0.4019,1720739.0,2026-05-09 11:59:59.999000+00:00,1
2026-05-09 12:00:00+00:00,0.4019,0.4028,0.3895,0.3935,3810548.0,2026-05-09 15:59:59.999000+00:00,1
2026-05-09 16:00:00+00:00,0.3935,0.4008,0.3915,0.4004,2100440.0,2026-05-09 19:59:59.999000+00:00,1
2026-05-09 20:00:00+00:00,0.4004,0.4012,0.3972,0.398,822592.0,2026-05-09 23:59:59.999000+00:00,1
2026-05-10 00:00:00+00:00,0.398,0.3986,0.3908,0.394,1401628.0,2026-05-10 03:59:59.999000+00:00,1
2026-05-10 04:00:00+00:00,0.3939,0.3994,0.3934,0.3983,1251743.0,2026-05-10 07:59:59.999000+00:00,1
2026-05-10 08:00:00+00:00,0.3983,0.4058,0.3978,0.401,2585690.0,2026-05-10 11:59:59.999000+00:00,1
2026-05-10 12:00:00+00:00,0.401,0.4177,0.4003,0.4139,2661144.0,2026-05-10 15:59:59.999000+00:00,1
2026-05-10 16:00:00+00:00,0.414,0.424,0.4119,0.4207,3035819.0,2026-05-10 19:59:59.999000+00:00,1
2026-05-10 20:00:00+00:00,0.4207,0.4249,0.3998,0.4134,5200383.0,2026-05-10 23:59:59.999000+00:00,1
2026-05-11 00:00:00+00:00,0.4133,0.4149,0.3972,0.4028,2741955.0,2026-05-11 03:59:59.999000+00:00,1
2026-05-11 04:00:00+00:00,0.4027,0.4364,0.3994,0.4243,16209259.0,2026-05-11 07:59:59.999000+00:00,1
2026-05-11 08:00:00+00:00,0.4243,0.4459,0.4191,0.4413,15439446.0,2026-05-11 11:59:59.999000+00:00,1
2026-05-11 12:00:00+00:00,0.4413,0.4513,0.3838,0.401,28471094.0,2026-05-11 15:59:59.999000+00:00,1
2026-05-11 16:00:00+00:00,0.4009,0.4094,0.3971,0.4084,4569253.0,2026-05-11 19:59:59.999000+00:00,1
2026-05-11 20:00:00+00:00,0.4084,0.4105,0.4039,0.4086,2082349.0,2026-05-11 23:59:59.999000+00:00,1
2026-05-12 00:00:00+00:00,0.4086,0.4115,0.3982,0.4013,3880769.0,2026-05-12 03:59:59.999000+00:00,1
2026-05-12 04:00:00+00:00,0.4013,0.4058,0.4002,0.4031,2027086.0,2026-05-12 07:59:59.999000+00:00,1
2026-05-12 08:00:00+00:00,0.4031,0.4032,0.3955,0.3995,2222592.0,2026-05-12 11:59:59.999000+00:00,1
2026-05-12 12:00:00+00:00,0.3994,0.4034,0.3868,0.3882,4616042.0,2026-05-12 15:59:59.999000+00:00,1
2026-05-12 16:00:00+00:00,0.3881,0.3993,0.3863,0.3982,1852111.0,2026-05-12 19:59:59.999000+00:00,1
2026-05-12 20:00:00+00:00,0.3983,0.4005,0.3936,0.3941,1195257.0,2026-05-12 23:59:59.999000+00:00,1
2026-05-13 00:00:00+00:00,0.3942,0.4038,0.3929,0.4018,2798878.0,2026-05-13 03:59:59.999000+00:00,1
2026-05-13 04:00:00+00:00,0.4017,0.4071,0.4015,0.4053,1786840.0,2026-05-13 07:59:59.999000+00:00,1
2026-05-13 08:00:00+00:00,0.4054,0.4196,0.405,0.4076,4762983.0,2026-05-13 11:59:59.999000+00:00,1
2026-05-13 12:00:00+00:00,0.4077,0.4089,0.3838,0.3846,6653004.0,2026-05-13 15:59:59.999000+00:00,1
2026-05-13 16:00:00+00:00,0.3846,0.3938,0.3845,0.3888,1954978.0,2026-05-13 19:59:59.999000+00:00,1
2026-05-13 20:00:00+00:00,0.3888,0.3913,0.384,0.3875,981129.0,2026-05-13 23:59:59.999000+00:00,1
2026-05-14 00:00:00+00:00,0.3875,0.3912,0.3782,0.3798,2577966.0,2026-05-14 03:59:59.999000+00:00,1
2026-05-14 04:00:00+00:00,0.3798,0.3871,0.3783,0.3824,1820084.0,2026-05-14 07:59:59.999000+00:00,1
2026-05-14 08:00:00+00:00,0.3824,0.3834,0.3761,0.3761,2159426.0,2026-05-14 11:59:59.999000+00:00,1
2026-05-14 12:00:00+00:00,0.376,0.3946,0.3753,0.3922,3952127.0,2026-05-14 15:59:59.999000+00:00,1
2026-05-14 16:00:00+00:00,0.3923,0.3977,0.387,0.3929,2898098.0,2026-05-14 19:59:59.999000+00:00,1
2026-05-14 20:00:00+00:00,0.3928,0.3942,0.3873,0.3884,2135507.0,2026-05-14 23:59:59.999000+00:00,1
2026-05-15 00:00:00+00:00,0.3884,0.3923,0.383,0.3866,1821228.0,2026-05-15 03:59:59.999000+00:00,1
2026-05-15 04:00:00+00:00,0.3866,0.3866,0.3734,0.3807,2902951.0,2026-05-15 07:59:59.999000+00:00,1
2026-05-15 08:00:00+00:00,0.3808,0.3812,0.3752,0.3763,1981635.0,2026-05-15 11:59:59.999000+00:00,1
2026-05-15 12:00:00+00:00,0.3763,0.3766,0.3586,0.3642,4879128.0,2026-05-15 15:59:59.999000+00:00,1
2026-05-15 16:00:00+00:00,0.3643,0.3696,0.3634,0.3648,1075643.0,2026-05-15 19:59:59.999000+00:00,1
2026-05-15 20:00:00+00:00,0.3647,0.3654,0.3618,0.3632,996628.0,2026-05-15 23:59:59.999000+00:00,1
2026-05-16 00:00:00+00:00,0.3631,0.3644,0.3599,0.3607,1275013.0,2026-05-16 03:59:59.999000+00:00,1
2026-05-16 04:00:00+00:00,0.3606,0.3607,0.3432,0.3491,3789315.0,2026-05-16 07:59:59.999000+00:00,1
2026-05-16 08:00:00+00:00,0.349,0.3518,0.3441,0.3483,2053596.0,2026-05-16 11:59:59.999000+00:00,1
2026-05-16 12:00:00+00:00,0.3483,0.3546,0.348,0.3538,1239477.0,2026-05-16 15:59:59.999000+00:00,1
2026-05-16 16:00:00+00:00,0.3537,0.3559,0.3518,0.3521,1402132.0,2026-05-16 19:59:59.999000+00:00,1
2026-05-16 20:00:00+00:00,0.3522,0.3545,0.3517,0.3534,726683.0,2026-05-16 23:59:59.999000+00:00,1
2026-05-17 00:00:00+00:00,0.3533,0.3551,0.3511,0.3537,1317123.0,2026-05-17 03:59:59.999000+00:00,1
2026-05-17 04:00:00+00:00,0.3537,0.3567,0.3534,0.356,1101220.0,2026-05-17 07:59:59.999000+00:00,1
2026-05-17 08:00:00+00:00,0.3561,0.3596,0.3551,0.3593,1521367.0,2026-05-17 11:59:59.999000+00:00,1
2026-05-17 12:00:00+00:00,0.3593,0.3604,0.3541,0.356,1304215.0,2026-05-17 15:59:59.999000+00:00,1
2026-05-17 16:00:00+00:00,0.3559,0.3593,0.3528,0.3584,1189972.0,2026-05-17 19:59:59.999000+00:00,1
2026-05-17 20:00:00+00:00,0.3584,0.3592,0.3354,0.3484,4610066.0,2026-05-17 23:59:59.999000+00:00,1
2026-05-18 00:00:00+00:00,0.3484,0.3534,0.3442,0.3513,2919286.0,2026-05-18 03:59:59.999000+00:00,1
2026-05-18 04:00:00+00:00,0.3514,0.354,0.3465,0.349,2183586.0,2026-05-18 07:59:59.999000+00:00,1
2026-05-18 08:00:00+00:00,0.349,0.3511,0.3442,0.3497,1477842.0,2026-05-18 11:59:59.999000+00:00,1
2026-05-18 12:00:00+00:00,0.3498,0.3552,0.3432,0.3473,2468465.0,2026-05-18 15:59:59.999000+00:00,1
2026-05-18 16:00:00+00:00,0.3473,0.3564,0.3457,0.3553,1905032.0,2026-05-18 19:59:59.999000+00:00,1
2026-05-18 20:00:00+00:00,0.3554,0.3584,0.3522,0.355,1130782.0,2026-05-18 23:59:59.999000+00:00,1
2026-05-19 00:00:00+00:00,0.3551,0.359,0.3532,0.356,876739.0,2026-05-19 03:59:59.999000+00:00,1
2026-05-19 04:00:00+00:00,0.3559,0.3602,0.3528,0.3587,1127394.0,2026-05-19 07:59:59.999000+00:00,1
2026-05-19 08:00:00+00:00,0.3588,0.3588,0.3496,0.3499,1055502.0,2026-05-19 11:59:59.999000+00:00,1
2026-05-19 12:00:00+00:00,0.3499,0.3574,0.3493,0.3518,1590307.0,2026-05-19 15:59:59.999000+00:00,1
2026-05-19 16:00:00+00:00,0.3519,0.3562,0.3509,0.3523,613969.0,2026-05-19 19:59:59.999000+00:00,1
2026-05-19 20:00:00+00:00,0.3523,0.3551,0.3497,0.3511,485184.0,2026-05-19 23:59:59.999000+00:00,1
2026-05-20 00:00:00+00:00,0.3512,0.3549,0.3491,0.3521,637238.0,2026-05-20 03:59:59.999000+00:00,1
2026-05-20 04:00:00+00:00,0.3522,0.3586,0.3521,0.3578,803606.0,2026-05-20 07:59:59.999000+00:00,1
2026-05-20 08:00:00+00:00,0.3578,0.3597,0.3548,0.3556,892127.0,2026-05-20 11:59:59.999000+00:00,1
2026-05-20 12:00:00+00:00,0.3556,0.3643,0.3532,0.3608,2473780.0,2026-05-20 15:59:59.999000+00:00,1
2026-05-20 16:00:00+00:00,0.3609,0.363,0.3585,0.362,1396697.0,2026-05-20 19:59:59.999000+00:00,1
2026-05-20 20:00:00+00:00,0.362,0.3623,0.3558,0.3583,692553.0,2026-05-20 23:59:59.999000+00:00,1
2026-05-21 00:00:00+00:00,0.3583,0.3632,0.3579,0.3625,894875.0,2026-05-21 03:59:59.999000+00:00,1
2026-05-21 04:00:00+00:00,0.3626,0.363,0.3587,0.361,786289.0,2026-05-21 07:59:59.999000+00:00,1
2026-05-21 08:00:00+00:00,0.361,0.3636,0.3525,0.3537,2127862.0,2026-05-21 11:59:59.999000+00:00,1
2026-05-21 12:00:00+00:00,0.3537,0.3574,0.3507,0.3552,1787440.0,2026-05-21 15:59:59.999000+00:00,1
2026-05-21 16:00:00+00:00,0.3553,0.3623,0.3536,0.3597,1574705.0,2026-05-21 19:59:59.999000+00:00,1
2026-05-21 20:00:00+00:00,0.3598,0.3608,0.3551,0.3575,1058194.0,2026-05-21 23:59:59.999000+00:00,1
2026-05-22 00:00:00+00:00,0.3576,0.3577,0.3523,0.357,1180459.0,2026-05-22 03:59:59.999000+00:00,1
2026-05-22 04:00:00+00:00,0.357,0.3593,0.3534,0.3559,1182825.0,2026-05-22 07:59:59.999000+00:00,1
2026-05-22 08:00:00+00:00,0.356,0.3611,0.3555,0.3611,1222890.0,2026-05-22 11:59:59.999000+00:00,1
2026-05-22 12:00:00+00:00,0.3611,0.366,0.3536,0.3565,2463514.0,2026-05-22 15:59:59.999000+00:00,1
2026-05-22 16:00:00+00:00,0.3564,0.359,0.3387,0.343,4599230.0,2026-05-22 19:59:59.999000+00:00,1
2026-05-22 20:00:00+00:00,0.3431,0.3477,0.3382,0.3403,1339452.0,2026-05-22 23:59:59.999000+00:00,1
2026-05-23 00:00:00+00:00,0.3404,0.3434,0.3377,0.3424,1062437.0,2026-05-23 03:59:59.999000+00:00,1
2026-05-23 04:00:00+00:00,0.3424,0.3427,0.3244,0.3303,3767456.0,2026-05-23 07:59:59.999000+00:00,1
2026-05-23 08:00:00+00:00,0.3302,0.3323,0.3276,0.3312,1199249.0,2026-05-23 11:59:59.999000+00:00,1
2026-05-23 12:00:00+00:00,0.3311,0.3422,0.3303,0.3412,836832.0,2026-05-23 15:59:59.999000+00:00,1
2026-05-23 16:00:00+00:00,0.3413,0.3466,0.3396,0.3447,984624.0,2026-05-23 19:59:59.999000+00:00,1
2026-05-23 20:00:00+00:00,0.3446,0.3586,0.344,0.3502,1719098.0,2026-05-23 23:59:59.999000+00:00,1
2026-05-24 00:00:00+00:00,0.3503,0.3514,0.3474,0.3485,539989.0,2026-05-24 03:59:59.999000+00:00,1
2026-05-24 04:00:00+00:00,0.3486,0.3523,0.3477,0.3492,705179.0,2026-05-24 07:59:59.999000+00:00,1
2026-05-24 08:00:00+00:00,0.3492,0.3523,0.3481,0.3495,822284.0,2026-05-24 11:59:59.999000+00:00,1
2026-05-24 12:00:00+00:00,0.3495,0.3497,0.3368,0.3418,2079858.0,2026-05-24 15:59:59.999000+00:00,1
2026-05-24 16:00:00+00:00,0.3417,0.3451,0.3414,0.3426,671871.0,2026-05-24 19:59:59.999000+00:00,1
2026-05-24 20:00:00+00:00,0.3427,0.343,0.334,0.3413,982270.0,2026-05-24 23:59:59.999000+00:00,1
2026-05-25 00:00:00+00:00,0.3413,0.3445,0.341,0.3422,717698.0,2026-05-25 03:59:59.999000+00:00,1
2026-05-25 04:00:00+00:00,0.3422,0.3486,0.3417,0.3467,1277370.0,2026-05-25 07:59:59.999000+00:00,1
2026-05-25 08:00:00+00:00,0.3467,0.3482,0.3455,0.3457,918036.0,2026-05-25 11:59:59.999000+00:00,1
2026-05-25 12:00:00+00:00,0.3458,0.3523,0.3447,0.3498,1117530.0,2026-05-25 15:59:59.999000+00:00,1
2026-05-25 16:00:00+00:00,0.3499,0.3535,0.348,0.3502,1265986.0,2026-05-25 19:59:59.999000+00:00,1
2026-05-25 20:00:00+00:00,0.3502,0.3518,0.3442,0.3459,944748.0,2026-05-25 23:59:59.999000+00:00,1
2026-05-26 00:00:00+00:00,0.346,0.3463,0.3394,0.3412,832519.0,2026-05-26 03:59:59.999000+00:00,1
2026-05-26 04:00:00+00:00,0.3411,0.3455,0.3407,0.3429,600872.0,2026-05-26 07:59:59.999000+00:00,1
2026-05-26 08:00:00+00:00,0.3429,0.3516,0.3427,0.3498,899166.0,2026-05-26 11:59:59.999000+00:00,1
2026-05-26 12:00:00+00:00,0.3498,0.3576,0.3448,0.3477,3040217.0,2026-05-26 15:59:59.999000+00:00,1
2026-05-26 16:00:00+00:00,0.3476,0.3479,0.3378,0.3406,1904141.0,2026-05-26 19:59:59.999000+00:00,1
2026-05-26 20:00:00+00:00,0.3407,0.3435,0.3388,0.3415,737117.0,2026-05-26 23:59:59.999000+00:00,1
2026-05-27 00:00:00+00:00,0.3416,0.3453,0.3392,0.3402,996268.0,2026-05-27 03:59:59.999000+00:00,1
2026-05-27 04:00:00+00:00,0.3401,0.3444,0.3364,0.343,913276.0,2026-05-27 07:59:59.999000+00:00,1
2026-05-27 08:00:00+00:00,0.343,0.345,0.3387,0.3391,601198.0,2026-05-27 11:59:59.999000+00:00,1
2026-05-27 12:00:00+00:00,0.3392,0.3457,0.3357,0.3436,1775320.0,2026-05-27 15:59:59.999000+00:00,1
2026-05-27 16:00:00+00:00,0.3438,0.3447,0.3366,0.3413,877920.0,2026-05-27 19:59:59.999000+00:00,1
2026-05-27 20:00:00+00:00,0.3413,0.3423,0.3292,0.3314,2032534.0,2026-05-27 23:59:59.999000+00:00,1
2026-05-28 00:00:00+00:00,0.3313,0.3327,0.3167,0.318,3508627.0,2026-05-28 03:59:59.999000+00:00,1
2026-05-28 04:00:00+00:00,0.3179,0.3186,0.3123,0.3178,2886193.0,2026-05-28 07:59:59.999000+00:00,1
2026-05-28 08:00:00+00:00,0.318,0.3182,0.3117,0.3139,1216174.0,2026-05-28 11:59:59.999000+00:00,1
2026-05-28 12:00:00+00:00,0.3139,0.3199,0.3124,0.3186,3291149.0,2026-05-28 15:59:59.999000+00:00,1
2026-05-28 16:00:00+00:00,0.3185,0.3276,0.3174,0.3238,1417614.0,2026-05-28 19:59:59.999000+00:00,1
2026-05-28 20:00:00+00:00,0.3238,0.3293,0.3217,0.3249,911937.0,2026-05-28 23:59:59.999000+00:00,1
2026-05-29 00:00:00+00:00,0.3249,0.3264,0.3205,0.322,722326.0,2026-05-29 03:59:59.999000+00:00,1
2026-05-29 04:00:00+00:00,0.322,0.3266,0.3202,0.324,760668.0,2026-05-29 07:59:59.999000+00:00,1
2026-05-29 08:00:00+00:00,0.324,0.3264,0.3192,0.3207,1015054.0,2026-05-29 11:59:59.999000+00:00,1
2026-05-29 12:00:00+00:00,0.3206,0.3298,0.3132,0.3267,2931439.0,2026-05-29 15:59:59.999000+00:00,1
2026-05-29 16:00:00+00:00,0.3267,0.3282,0.319,0.3214,1814528.0,2026-05-29 19:59:59.999000+00:00,1
2026-05-29 20:00:00+00:00,0.3212,0.3228,0.3174,0.319,845479.0,2026-05-29 23:59:59.999000+00:00,1
2026-05-30 00:00:00+00:00,0.3191,0.3251,0.3185,0.3211,836393.0,2026-05-30 03:59:59.999000+00:00,1
2026-05-30 04:00:00+00:00,0.3212,0.3236,0.3178,0.3212,1035460.0,2026-05-30 07:59:59.999000+00:00,1
2026-05-30 08:00:00+00:00,0.3213,0.3222,0.3199,0.3205,466293.0,2026-05-30 11:59:59.999000+00:00,1
2026-05-30 12:00:00+00:00,0.3205,0.3238,0.3191,0.3211,1079123.0,2026-05-30 15:59:59.999000+00:00,1
2026-05-30 16:00:00+00:00,0.3211,0.3257,0.321,0.3248,905606.0,2026-05-30 19:59:59.999000+00:00,1
2026-05-30 20:00:00+00:00,0.3249,0.3285,0.3223,0.3239,991443.0,2026-05-30 23:59:59.999000+00:00,1
2026-05-31 00:00:00+00:00,0.324,0.3283,0.3228,0.3276,1635665.0,2026-05-31 03:59:59.999000+00:00,1
2026-05-31 04:00:00+00:00,0.3277,0.3289,0.3218,0.3236,1036877.0,2026-05-31 07:59:59.999000+00:00,1
2026-05-31 08:00:00+00:00,0.3236,0.3253,0.3214,0.3229,498852.0,2026-05-31 11:59:59.999000+00:00,1
2026-05-31 12:00:00+00:00,0.3229,0.3249,0.3209,0.3213,1721831.0,2026-05-31 15:59:59.999000+00:00,1
2026-05-31 16:00:00+00:00,0.3214,0.3221,0.3173,0.32,1509388.0,2026-05-31 19:59:59.999000+00:00,1
2026-05-31 20:00:00+00:00,0.32,0.3316,0.3199,0.3276,1588382.0,2026-05-31 23:59:59.999000+00:00,1
2026-06-01 00:00:00+00:00,0.3277,0.3322,0.3228,0.3295,2659578.0,2026-06-01 03:59:59.999000+00:00,1
2026-06-01 04:00:00+00:00,0.3295,0.3308,0.3204,0.321,1240558.0,2026-06-01 07:59:59.999000+00:00,1
2026-06-01 08:00:00+00:00,0.321,0.3255,0.3202,0.3236,840664.0,2026-06-01 11:59:59.999000+00:00,1
2026-06-01 12:00:00+00:00,0.3236,0.3254,0.3172,0.3217,3187847.0,2026-06-01 15:59:59.999000+00:00,1
2026-06-01 16:00:00+00:00,0.3218,0.3311,0.3194,0.3305,1394715.0,2026-06-01 19:59:59.999000+00:00,1
2026-06-01 20:00:00+00:00,0.3305,0.3347,0.3272,0.3328,1402194.0,2026-06-01 23:59:59.999000+00:00,1
2026-06-02 00:00:00+00:00,0.3329,0.3331,0.3212,0.3312,1286235.0,2026-06-02 03:59:59.999000+00:00,1
2026-06-02 04:00:00+00:00,0.3311,0.3327,0.3209,0.3249,1420567.0,2026-06-02 07:59:59.999000+00:00,1
2026-06-02 08:00:00+00:00,0.325,0.3257,0.3208,0.323,1112762.0,2026-06-02 11:59:59.999000+00:00,1
2026-06-02 12:00:00+00:00,0.3229,0.3267,0.3003,0.3041,5795343.0,2026-06-02 15:59:59.999000+00:00,1
2026-06-02 16:00:00+00:00,0.3041,0.3121,0.2967,0.3036,3095579.0,2026-06-02 19:59:59.999000+00:00,1
2026-06-02 20:00:00+00:00,0.3037,0.3093,0.2918,0.302,4037771.0,2026-06-02 23:59:59.999000+00:00,1
2026-06-03 00:00:00+00:00,0.3021,0.305,0.2967,0.2981,1794199.0,2026-06-03 03:59:59.999000+00:00,1
2026-06-03 04:00:00+00:00,0.2981,0.3126,0.2978,0.3103,1725727.0,2026-06-03 07:59:59.999000+00:00,1
2026-06-03 08:00:00+00:00,0.3105,0.3147,0.3084,0.3123,1160470.0,2026-06-03 11:59:59.999000+00:00,1
2026-06-03 12:00:00+00:00,0.3122,0.3139,0.3081,0.309,2145595.0,2026-06-03 15:59:59.999000+00:00,1
2026-06-03 16:00:00+00:00,0.3091,0.3093,0.2987,0.3003,2798853.0,2026-06-03 19:59:59.999000+00:00,1
2026-06-03 20:00:00+00:00,0.3002,0.3057,0.2912,0.2967,3904141.0,2026-06-03 23:59:59.999000+00:00,1
2026-06-04 00:00:00+00:00,0.2967,0.2991,0.2656,0.2872,9249965.0,2026-06-04 03:59:59.999000+00:00,1
2026-06-04 04:00:00+00:00,0.2873,0.2896,0.281,0.2813,2091664.0,2026-06-04 07:59:59.999000+00:00,1
2026-06-04 08:00:00+00:00,0.2814,0.2827,0.2706,0.2759,3477846.0,2026-06-04 11:59:59.999000+00:00,1
2026-06-04 12:00:00+00:00,0.2759,0.2863,0.2734,0.2835,2523904.0,2026-06-04 15:59:59.999000+00:00,1
2026-06-04 16:00:00+00:00,0.2837,0.2859,0.2772,0.2812,1442290.0,2026-06-04 19:59:59.999000+00:00,1
2026-06-04 20:00:00+00:00,0.2812,0.2812,0.2711,0.2764,1038219.0,2026-06-04 23:59:59.999000+00:00,1
2026-06-05 00:00:00+00:00,0.2763,0.2779,0.2648,0.2673,2806593.0,2026-06-05 03:59:59.999000+00:00,1
2026-06-05 04:00:00+00:00,0.2674,0.2732,0.2487,0.2626,8308171.0,2026-06-05 07:59:59.999000+00:00,1
2026-06-05 08:00:00+00:00,0.2627,0.265,0.257,0.2584,2184819.0,2026-06-05 11:59:59.999000+00:00,1
2026-06-05 12:00:00+00:00,0.2584,0.2613,0.2496,0.2519,5864775.0,2026-06-05 15:59:59.999000+00:00,1
2026-06-05 16:00:00+00:00,0.2518,0.2681,0.2476,0.2544,11153854.0,2026-06-05 19:59:59.999000+00:00,1
2026-06-05 20:00:00+00:00,0.2543,0.2638,0.2514,0.258,2255020.0,2026-06-05 23:59:59.999000+00:00,1
2026-06-06 00:00:00+00:00,0.2578,0.2603,0.2512,0.2541,983711.0,2026-06-06 03:59:59.999000+00:00,1
2026-06-06 04:00:00+00:00,0.254,0.2582,0.2417,0.2566,3579519.0,2026-06-06 07:59:59.999000+00:00,1
2026-06-06 08:00:00+00:00,0.2567,0.2618,0.2528,0.2584,2077128.0,2026-06-06 11:59:59.999000+00:00,1
2026-06-06 12:00:00+00:00,0.2584,0.2617,0.2541,0.2563,1366611.0,2026-06-06 15:59:59.999000+00:00,1
2026-06-06 16:00:00+00:00,0.2561,0.2586,0.2535,0.2536,715903.0,2026-06-06 19:59:59.999000+00:00,1
2026-06-06 20:00:00+00:00,0.2537,0.257,0.2526,0.2563,756917.0,2026-06-06 23:59:59.999000+00:00,1
2026-06-07 00:00:00+00:00,0.2564,0.2642,0.2555,0.2639,1353683.0,2026-06-07 03:59:59.999000+00:00,1
2026-06-07 04:00:00+00:00,0.2639,0.2679,0.2613,0.2677,2551148.0,2026-06-07 07:59:59.999000+00:00,1
2026-06-07 08:00:00+00:00,0.2675,0.2726,0.2662,0.2678,1974779.0,2026-06-07 11:59:59.999000+00:00,1
2026-06-07 12:00:00+00:00,0.2678,0.2682,0.262,0.2659,1541236.0,2026-06-07 15:59:59.999000+00:00,1
2026-06-07 16:00:00+00:00,0.2659,0.2674,0.2588,0.2602,1111877.0,2026-06-07 19:59:59.999000+00:00,1
2026-06-07 20:00:00+00:00,0.26,0.2811,0.2594,0.2716,2681012.0,2026-06-07 23:59:59.999000+00:00,1
2026-06-08 00:00:00+00:00,0.2717,0.2758,0.2677,0.2686,1602972.0,2026-06-08 03:59:59.999000+00:00,1
2026-06-08 04:00:00+00:00,0.2687,0.2697,0.2632,0.2688,910991.0,2026-06-08 07:59:59.999000+00:00,1
2026-06-08 08:00:00+00:00,0.2688,0.2739,0.2663,0.2721,1541455.0,2026-06-08 11:59:59.999000+00:00,1
2026-06-08 12:00:00+00:00,0.2722,0.275,0.2693,0.2715,1720008.0,2026-06-08 15:59:59.999000+00:00,1
2026-06-08 16:00:00+00:00,0.2716,0.274,0.2692,0.2695,740506.0,2026-06-08 19:59:59.999000+00:00,1
2026-06-08 20:00:00+00:00,0.2696,0.2721,0.2649,0.2659,927149.0,2026-06-08 23:59:59.999000+00:00,1
2026-06-09 00:00:00+00:00,0.2659,0.266,0.2597,0.2624,1338867.0,2026-06-09 03:59:59.999000+00:00,1
2026-06-09 04:00:00+00:00,0.2624,0.2676,0.2613,0.2647,1202175.0,2026-06-09 07:59:59.999000+00:00,1
2026-06-09 08:00:00+00:00,0.2647,0.2649,0.2597,0.2615,1602499.0,2026-06-09 11:59:59.999000+00:00,1
2026-06-09 12:00:00+00:00,0.2614,0.2647,0.2554,0.2566,2557840.0,2026-06-09 15:59:59.999000+00:00,1
2026-06-09 16:00:00+00:00,0.2565,0.2629,0.2539,0.2618,2574861.0,2026-06-09 19:59:59.999000+00:00,1
2026-06-09 20:00:00+00:00,0.2619,0.2634,0.2585,0.26,806150.0,2026-06-09 23:59:59.999000+00:00,1
2026-06-10 00:00:00+00:00,0.2601,0.2619,0.257,0.2588,398964.0,2026-06-10 03:59:59.999000+00:00,1
2026-06-10 04:00:00+00:00,0.2589,0.261,0.256,0.2599,1293679.0,2026-06-10 07:59:59.999000+00:00,1
2026-06-10 08:00:00+00:00,0.26,0.2607,0.2544,0.2555,2288846.0,2026-06-10 11:59:59.999000+00:00,1
2026-06-10 12:00:00+00:00,0.2554,0.2655,0.255,0.2634,3470774.0,2026-06-10 15:59:59.999000+00:00,1
2026-06-10 16:00:00+00:00,0.2635,0.2641,0.2542,0.2554,1600578.0,2026-06-10 19:59:59.999000+00:00,1
2026-06-10 20:00:00+00:00,0.2554,0.2561,0.2501,0.2552,1454010.0,2026-06-10 23:59:59.999000+00:00,1
2026-06-11 00:00:00+00:00,0.2554,0.2633,0.2552,0.262,1197341.0,2026-06-11 03:59:59.999000+00:00,1
2026-06-11 04:00:00+00:00,0.2621,0.2639,0.2603,0.2613,1070782.0,2026-06-11 07:59:59.999000+00:00,1
2026-06-11 08:00:00+00:00,0.2614,0.2652,0.2614,0.2637,1101309.0,2026-06-11 11:59:59.999000+00:00,1
2026-06-11 12:00:00+00:00,0.2638,0.2648,0.2595,0.2642,2094609.0,2026-06-11 15:59:59.999000+00:00,1
2026-06-11 16:00:00+00:00,0.2644,0.2712,0.2609,0.2676,2408807.0,2026-06-11 19:59:59.999000+00:00,1
2026-06-11 20:00:00+00:00,0.2677,0.2716,0.2658,0.2664,1247650.0,2026-06-11 23:59:59.999000+00:00,1
2026-06-12 00:00:00+00:00,0.2666,0.2675,0.2644,0.2652,657386.0,2026-06-12 03:59:59.999000+00:00,1
2026-06-12 04:00:00+00:00,0.2651,0.266,0.2614,0.2637,714290.0,2026-06-12 07:59:59.999000+00:00,1
2026-06-12 08:00:00+00:00,0.2638,0.2677,0.2636,0.2646,1083532.0,2026-06-12 11:59:59.999000+00:00,1
2026-06-12 12:00:00+00:00,0.2645,0.267,0.2601,0.2613,2688299.0,2026-06-12 15:59:59.999000+00:00,1
2026-06-12 16:00:00+00:00,0.2613,0.2649,0.2603,0.2632,1377247.0,2026-06-12 19:59:59.999000+00:00,1
2026-06-12 20:00:00+00:00,0.2632,0.2641,0.2598,0.261,713576.0,2026-06-12 23:59:59.999000+00:00,1
2026-06-13 00:00:00+00:00,0.2611,0.2629,0.2567,0.2581,1303225.0,2026-06-13 03:59:59.999000+00:00,1
2026-06-13 04:00:00+00:00,0.2581,0.2634,0.2573,0.2627,784324.0,2026-06-13 07:59:59.999000+00:00,1
2026-06-13 08:00:00+00:00,0.2628,0.2645,0.262,0.2636,881618.0,2026-06-13 11:59:59.999000+00:00,1
2026-06-13 12:00:00+00:00,0.2637,0.2666,0.2626,0.2664,1620440.0,2026-06-13 15:59:59.999000+00:00,1
2026-06-13 16:00:00+00:00,0.2666,0.2666,0.2617,0.2629,1654811.0,2026-06-13 19:59:59.999000+00:00,1
2026-06-13 20:00:00+00:00,0.263,0.2653,0.2619,0.2628,662213.0,2026-06-13 23:59:59.999000+00:00,1
2026-06-14 00:00:00+00:00,0.2627,0.2646,0.2605,0.264,952554.0,2026-06-14 03:59:59.999000+00:00,1
2026-06-14 04:00:00+00:00,0.2641,0.2651,0.2603,0.261,1211690.0,2026-06-14 07:59:59.999000+00:00,1
2026-06-14 08:00:00+00:00,0.261,0.2636,0.2601,0.2613,1009400.0,2026-06-14 11:59:59.999000+00:00,1
2026-06-14 12:00:00+00:00,0.2613,0.2614,0.2557,0.2583,1355717.0,2026-06-14 15:59:59.999000+00:00,1
2026-06-14 16:00:00+00:00,0.2583,0.2592,0.2569,0.2574,915980.0,2026-06-14 19:59:59.999000+00:00,1
2026-06-14 20:00:00+00:00,0.2575,0.2697,0.257,0.2687,2608727.0,2026-06-14 23:59:59.999000+00:00,1
2026-06-15 00:00:00+00:00,0.2687,0.2719,0.266,0.2707,1603898.0,2026-06-15 03:59:59.999000+00:00,1
2026-06-15 04:00:00+00:00,0.2707,0.273,0.2691,0.2707,975938.0,2026-06-15 07:59:59.999000+00:00,1
2026-06-15 08:00:00+00:00,0.2707,0.2792,0.2703,0.2777,2328815.0,2026-06-15 11:59:59.999000+00:00,1
2026-06-15 12:00:00+00:00,0.2777,0.2824,0.2735,0.2816,3956802.0,2026-06-15 15:59:59.999000+00:00,1
2026-06-15 16:00:00+00:00,0.2816,0.286,0.2735,0.2761,4200542.0,2026-06-15 19:59:59.999000+00:00,1
2026-06-15 20:00:00+00:00,0.2761,0.2772,0.2703,0.2735,1823545.0,2026-06-15 23:59:59.999000+00:00,1
2026-06-16 00:00:00+00:00,0.2735,0.2752,0.2675,0.2731,2478699.0,2026-06-16 03:59:59.999000+00:00,1
2026-06-16 04:00:00+00:00,0.273,0.2755,0.2699,0.2752,1274674.0,2026-06-16 07:59:59.999000+00:00,1
2026-06-16 08:00:00+00:00,0.2752,0.2815,0.275,0.2775,2574052.0,2026-06-16 11:59:59.999000+00:00,1
2026-06-16 12:00:00+00:00,0.2776,0.2837,0.2688,0.273,4265033.0,2026-06-16 15:59:59.999000+00:00,1
2026-06-16 16:00:00+00:00,0.2729,0.2788,0.2715,0.2766,1825851.0,2026-06-16 19:59:59.999000+00:00,1
2026-06-16 20:00:00+00:00,0.2765,0.2803,0.2758,0.2774,1462320.0,2026-06-16 23:59:59.999000+00:00,1
2026-06-17 00:00:00+00:00,0.2774,0.2934,0.2771,0.2896,6953535.0,2026-06-17 03:59:59.999000+00:00,1
2026-06-17 04:00:00+00:00,0.2897,0.3002,0.287,0.2966,11829869.0,2026-06-17 07:59:59.999000+00:00,1
2026-06-17 08:00:00+00:00,0.2965,0.2976,0.2823,0.2835,10013844.0,2026-06-17 11:59:59.999000+00:00,1
2026-06-17 12:00:00+00:00,0.2836,0.2947,0.2828,0.2945,5083069.0,2026-06-17 15:59:59.999000+00:00,1
2026-06-17 16:00:00+00:00,0.2946,0.2957,0.2758,0.2778,10832997.0,2026-06-17 19:59:59.999000+00:00,1
2026-06-17 20:00:00+00:00,0.2778,0.2782,0.2711,0.277,3492665.0,2026-06-17 23:59:59.999000+00:00,1
2026-06-18 00:00:00+00:00,0.2771,0.2837,0.2771,0.2777,2569608.0,2026-06-18 03:59:59.999000+00:00,1
2026-06-18 04:00:00+00:00,0.2776,0.2811,0.2721,0.2797,4857164.0,2026-06-18 07:59:59.999000+00:00,1
2026-06-18 08:00:00+00:00,0.2796,0.2893,0.2786,0.2802,4236154.0,2026-06-18 11:59:59.999000+00:00,1
2026-06-18 12:00:00+00:00,0.2802,0.2853,0.2656,0.2671,5071990.0,2026-06-18 15:59:59.999000+00:00,1
2026-06-18 16:00:00+00:00,0.2671,0.2739,0.2632,0.2731,3233821.0,2026-06-18 19:59:59.999000+00:00,1
2026-06-18 20:00:00+00:00,0.2732,0.2776,0.2732,0.2774,1374640.0,2026-06-18 23:59:59.999000+00:00,1
2026-06-19 00:00:00+00:00,0.2775,0.29,0.2768,0.2842,5873908.0,2026-06-19 03:59:59.999000+00:00,1
2026-06-19 04:00:00+00:00,0.2842,0.2844,0.2714,0.2725,3386646.0,2026-06-19 07:59:59.999000+00:00,1
2026-06-19 08:00:00+00:00,0.2726,0.2755,0.269,0.2701,2376596.0,2026-06-19 11:59:59.999000+00:00,1
2026-06-19 12:00:00+00:00,0.27,0.283,0.2684,0.281,2256680.0,2026-06-19 15:59:59.999000+00:00,1
2026-06-19 16:00:00+00:00,0.2809,0.2832,0.2747,0.276,1545772.0,2026-06-19 19:59:59.999000+00:00,1
2026-06-19 20:00:00+00:00,0.276,0.2802,0.2743,0.2791,1313676.0,2026-06-19 23:59:59.999000+00:00,1
2026-06-20 00:00:00+00:00,0.2791,0.2809,0.2745,0.2771,1188761.0,2026-06-20 03:59:59.999000+00:00,1
2026-06-20 04:00:00+00:00,0.2772,0.2824,0.2764,0.2768,1692819.0,2026-06-20 07:59:59.999000+00:00,1
2026-06-20 08:00:00+00:00,0.2769,0.2807,0.2759,0.2779,1239412.0,2026-06-20 11:59:59.999000+00:00,1
2026-06-20 12:00:00+00:00,0.2779,0.279,0.2707,0.2777,2313542.0,2026-06-20 15:59:59.999000+00:00,1
2026-06-20 16:00:00+00:00,0.2777,0.2778,0.273,0.2739,991888.0,2026-06-20 19:59:59.999000+00:00,1
2026-06-20 20:00:00+00:00,0.2738,0.2785,0.2727,0.276,772634.0,2026-06-20 23:59:59.999000+00:00,1
2026-06-21 00:00:00+00:00,0.276,0.2775,0.2749,0.2764,1119802.0,2026-06-21 03:59:59.999000+00:00,1
2026-06-21 04:00:00+00:00,0.2764,0.2771,0.2742,0.2758,1080863.0,2026-06-21 07:59:59.999000+00:00,1
2026-06-21 08:00:00+00:00,0.2758,0.2855,0.2742,0.282,2396391.0,2026-06-21 11:59:59.999000+00:00,1
2026-06-21 12:00:00+00:00,0.2821,0.2831,0.2793,0.2815,1561736.0,2026-06-21 15:59:59.999000+00:00,1
2026-06-21 16:00:00+00:00,0.2816,0.2816,0.2765,0.2776,941939.0,2026-06-21 19:59:59.999000+00:00,1
2026-06-21 20:00:00+00:00,0.2775,0.2776,0.2668,0.2674,1981201.0,2026-06-21 23:59:59.999000+00:00,1
2026-06-22 00:00:00+00:00,0.2675,0.2762,0.2675,0.269,1556236.0,2026-06-22 03:59:59.999000+00:00,1
2026-06-22 04:00:00+00:00,0.2689,0.2728,0.2681,0.2718,1624380.0,2026-06-22 07:59:59.999000+00:00,1
2026-06-22 08:00:00+00:00,0.2719,0.2783,0.2709,0.2779,1492987.0,2026-06-22 11:59:59.999000+00:00,1
2026-06-22 12:00:00+00:00,0.278,0.2823,0.274,0.2747,3088062.0,2026-06-22 15:59:59.999000+00:00,1
2026-06-22 16:00:00+00:00,0.2747,0.2768,0.2703,0.2714,2219409.0,2026-06-22 19:59:59.999000+00:00,1
2026-06-22 20:00:00+00:00,0.2714,0.2729,0.2651,0.267,1556288.0,2026-06-22 23:59:59.999000+00:00,1
2026-06-23 00:00:00+00:00,0.267,0.2692,0.2651,0.2688,1659405.0,2026-06-23 03:59:59.999000+00:00,1
2026-06-23 04:00:00+00:00,0.2688,0.269,0.2569,0.2618,3982410.0,2026-06-23 07:59:59.999000+00:00,1
2026-06-23 08:00:00+00:00,0.2619,0.263,0.2504,0.256,5864537.0,2026-06-23 11:59:59.999000+00:00,1
2026-06-23 12:00:00+00:00,0.2561,0.2599,0.2535,0.2557,2111075.0,2026-06-23 15:59:59.999000+00:00,1
2026-06-23 16:00:00+00:00,0.2557,0.258,0.2536,0.2572,1797447.0,2026-06-23 19:59:59.999000+00:00,1
2026-06-23 20:00:00+00:00,0.2573,0.2606,0.2573,0.2597,992695.0,2026-06-23 23:59:59.999000+00:00,1
2026-06-24 00:00:00+00:00,0.2598,0.262,0.2569,0.2574,1137717.0,2026-06-24 03:59:59.999000+00:00,1
2026-06-24 04:00:00+00:00,0.2573,0.2592,0.2551,0.2563,866306.0,2026-06-24 07:59:59.999000+00:00,1
2026-06-24 08:00:00+00:00,0.2564,0.2595,0.253,0.2579,1087443.0,2026-06-24 11:59:59.999000+00:00,1
2026-06-24 12:00:00+00:00,0.2579,0.2597,0.2505,0.253,6568385.0,2026-06-24 15:59:59.999000+00:00,1
2026-06-24 16:00:00+00:00,0.2529,0.2564,0.241,0.2478,7771582.0,2026-06-24 19:59:59.999000+00:00,1
2026-06-24 20:00:00+00:00,0.2478,0.2547,0.2473,0.2538,2512226.0,2026-06-24 23:59:59.999000+00:00,1
2026-06-25 00:00:00+00:00,0.2539,0.2586,0.2534,0.2547,1712601.0,2026-06-25 03:59:59.999000+00:00,1
2026-06-25 04:00:00+00:00,0.2547,0.261,0.2544,0.2589,2202325.0,2026-06-25 07:59:59.999000+00:00,1
2026-06-25 08:00:00+00:00,0.2589,0.2594,0.2538,0.2544,1274740.0,2026-06-25 11:59:59.999000+00:00,1
2026-06-25 12:00:00+00:00,0.2544,0.2564,0.2336,0.2447,10583535.0,2026-06-25 15:59:59.999000+00:00,1
2026-06-25 16:00:00+00:00,0.2446,0.2478,0.241,0.2426,2075163.0,2026-06-25 19:59:59.999000+00:00,1
2026-06-25 20:00:00+00:00,0.2427,0.2478,0.242,0.2454,1108807.0,2026-06-25 23:59:59.999000+00:00,1
2026-06-26 00:00:00+00:00,0.2455,0.2464,0.2359,0.2443,3510704.0,2026-06-26 03:59:59.999000+00:00,1
2026-06-26 04:00:00+00:00,0.2442,0.2478,0.2408,0.247,1756385.0,2026-06-26 07:59:59.999000+00:00,1
2026-06-26 08:00:00+00:00,0.247,0.2476,0.24,0.2407,1478805.0,2026-06-26 11:59:59.999000+00:00,1
2026-06-26 12:00:00+00:00,0.2408,0.252,0.2371,0.2493,4341833.0,2026-06-26 15:59:59.999000+00:00,1
2026-06-26 16:00:00+00:00,0.2494,0.2554,0.2478,0.2486,2773411.0,2026-06-26 19:59:59.999000+00:00,1
2026-06-26 20:00:00+00:00,0.2486,0.2511,0.2465,0.2494,1360737.0,2026-06-26 23:59:59.999000+00:00,1
2026-06-27 00:00:00+00:00,0.2494,0.2502,0.2473,0.2475,737064.0,2026-06-27 03:59:59.999000+00:00,1
2026-06-27 04:00:00+00:00,0.2476,0.2491,0.2457,0.2472,807526.0,2026-06-27 07:59:59.999000+00:00,1
2026-06-27 08:00:00+00:00,0.2473,0.2474,0.2444,0.246,754592.0,2026-06-27 11:59:59.999000+00:00,1
2026-06-27 12:00:00+00:00,0.246,0.2502,0.2455,0.2495,809107.0,2026-06-27 15:59:59.999000+00:00,1
2026-06-27 16:00:00+00:00,0.2496,0.25,0.2435,0.2446,1723372.0,2026-06-27 19:59:59.999000+00:00,1
2026-06-27 20:00:00+00:00,0.2447,0.2471,0.2427,0.2454,816020.0,2026-06-27 23:59:59.999000+00:00,1
2026-06-28 00:00:00+00:00,0.2453,0.247,0.245,0.2463,679975.0,2026-06-28 03:59:59.999000+00:00,1
2026-06-28 04:00:00+00:00,0.2462,0.2472,0.2439,0.2467,1106350.0,2026-06-28 07:59:59.999000+00:00,1
2026-06-28 08:00:00+00:00,0.2468,0.2493,0.2454,0.2468,1057020.0,2026-06-28 11:59:59.999000+00:00,1
2026-06-28 12:00:00+00:00,0.2468,0.2472,0.2433,0.2445,977788.0,2026-06-28 15:59:59.999000+00:00,1
2026-06-28 16:00:00+00:00,0.2445,0.245,0.2421,0.2436,898781.0,2026-06-28 19:59:59.999000+00:00,1
2026-06-28 20:00:00+00:00,0.2435,0.2455,0.2407,0.2444,1211703.0,2026-06-28 23:59:59.999000+00:00,1
2026-06-29 00:00:00+00:00,0.2445,0.2497,0.2421,0.2485,2020245.0,2026-06-29 03:59:59.999000+00:00,1
2026-06-29 04:00:00+00:00,0.2486,0.2532,0.2448,0.2514,1758310.0,2026-06-29 07:59:59.999000+00:00,1
2026-06-29 08:00:00+00:00,0.2514,0.2539,0.2492,0.2517,1681019.0,2026-06-29 11:59:59.999000+00:00,1
2026-06-29 12:00:00+00:00,0.2517,0.256,0.2475,0.251,3016425.0,2026-06-29 15:59:59.999000+00:00,1
2026-06-29 16:00:00+00:00,0.2511,0.2584,0.2494,0.2545,1610655.0,2026-06-29 19:59:59.999000+00:00,1
2026-06-29 20:00:00+00:00,0.2546,0.2549,0.2517,0.2525,899414.0,2026-06-29 23:59:59.999000+00:00,1
2026-06-30 00:00:00+00:00,0.2524,0.2531,0.2496,0.251,1069752.0,2026-06-30 03:59:59.999000+00:00,1
2026-06-30 04:00:00+00:00,0.251,0.2542,0.2496,0.2518,997381.0,2026-06-30 07:59:59.999000+00:00,1
2026-06-30 08:00:00+00:00,0.2518,0.2519,0.2464,0.2473,2052283.0,2026-06-30 11:59:59.999000+00:00,1
2026-06-30 12:00:00+00:00,0.2473,0.2502,0.2425,0.2449,4772976.0,2026-06-30 15:59:59.999000+00:00,1
2026-06-30 16:00:00+00:00,0.2449,0.2459,0.2353,0.2379,5276629.0,2026-06-30 19:59:59.999000+00:00,1
2026-06-30 20:00:00+00:00,0.2378,0.2411,0.2373,0.2397,942078.0,2026-06-30 23:59:59.999000+00:00,1
2026-07-01 00:00:00+00:00,0.2397,0.2456,0.2352,0.245,2319385.0,2026-07-01 03:59:59.999000+00:00,1
2026-07-01 04:00:00+00:00,0.2449,0.2473,0.2381,0.2419,1922564.0,2026-07-01 07:59:59.999000+00:00,1
2026-07-01 08:00:00+00:00,0.2419,0.2449,0.2411,0.244,1257007.0,2026-07-01 11:59:59.999000+00:00,1
2026-07-01 12:00:00+00:00,0.244,0.2555,0.2416,0.2532,4340216.0,2026-07-01 15:59:59.999000+00:00,1
2026-07-01 16:00:00+00:00,0.2533,0.2549,0.2479,0.2486,1690803.0,2026-07-01 19:59:59.999000+00:00,1
2026-07-01 20:00:00+00:00,0.2486,0.254,0.2461,0.2461,1458967.0,2026-07-01 23:59:59.999000+00:00,1
2026-07-02 00:00:00+00:00,0.2462,0.2517,0.2446,0.2516,1719881.0,2026-07-02 03:59:59.999000+00:00,1
2026-07-02 04:00:00+00:00,0.2515,0.2516,0.2467,0.248,885250.0,2026-07-02 07:59:59.999000+00:00,1
2026-07-02 08:00:00+00:00,0.2483,0.2548,0.2479,0.254,3040734.0,2026-07-02 11:59:59.999000+00:00,1
2026-07-02 12:00:00+00:00,0.254,0.2637,0.2536,0.2567,10277060.0,2026-07-02 15:59:59.999000+00:00,1
2026-07-02 16:00:00+00:00,0.2568,0.2624,0.2556,0.2589,2395505.0,2026-07-02 19:59:59.999000+00:00,1
2026-07-02 20:00:00+00:00,0.259,0.2597,0.2568,0.2584,843586.0,2026-07-02 23:59:59.999000+00:00,1
2026-07-03 00:00:00+00:00,0.2585,0.2614,0.2576,0.2606,945986.0,2026-07-03 03:59:59.999000+00:00,1
2026-07-03 04:00:00+00:00,0.2607,0.2632,0.2582,0.2615,863813.0,2026-07-03 07:59:59.999000+00:00,1
2026-07-03 08:00:00+00:00,0.2616,0.2659,0.2593,0.2658,2976038.0,2026-07-03 11:59:59.999000+00:00,1
2026-07-03 12:00:00+00:00,0.2658,0.2738,0.2647,0.2664,4098767.0,2026-07-03 15:59:59.999000+00:00,1
2026-07-03 16:00:00+00:00,0.2665,0.27,0.2663,0.2678,1086857.0,2026-07-03 19:59:59.999000+00:00,1
2026-07-03 20:00:00+00:00,0.2677,0.2708,0.2661,0.2683,2326229.0,2026-07-03 23:59:59.999000+00:00,1
2026-07-04 00:00:00+00:00,0.2682,0.2696,0.2644,0.2668,1599568.0,2026-07-04 03:59:59.999000+00:00,1
2026-07-04 04:00:00+00:00,0.2667,0.2672,0.2627,0.2635,944066.0,2026-07-04 07:59:59.999000+00:00,1
2026-07-04 08:00:00+00:00,0.2636,0.2653,0.2617,0.2639,794278.0,2026-07-04 11:59:59.999000+00:00,1
2026-07-04 12:00:00+00:00,0.2638,0.2739,0.2637,0.2731,3044337.0,2026-07-04 15:59:59.999000+00:00,1
2026-07-04 16:00:00+00:00,0.2732,0.2768,0.2706,0.272,2055591.0,2026-07-04 19:59:59.999000+00:00,1
2026-07-04 20:00:00+00:00,0.272,0.2729,0.269,0.2722,1187529.0,2026-07-04 23:59:59.999000+00:00,1
2026-07-05 00:00:00+00:00,0.2723,0.2745,0.2684,0.2703,1911243.0,2026-07-05 03:59:59.999000+00:00,1
2026-07-05 04:00:00+00:00,0.2702,0.2728,0.2674,0.2707,1020329.0,2026-07-05 07:59:59.999000+00:00,1
2026-07-05 08:00:00+00:00,0.2707,0.2711,0.2648,0.2664,1136222.0,2026-07-05 11:59:59.999000+00:00,1
2026-07-05 12:00:00+00:00,0.2663,0.2694,0.2653,0.2675,762692.0,2026-07-05 15:59:59.999000+00:00,1
2026-07-05 16:00:00+00:00,0.2676,0.2758,0.2673,0.273,1174369.0,2026-07-05 19:59:59.999000+00:00,1
2026-07-05 20:00:00+00:00,0.2732,0.2776,0.2715,0.2742,1101420.0,2026-07-05 23:59:59.999000+00:00,1
2026-07-06 00:00:00+00:00,0.2742,0.2751,0.2697,0.2704,1915498.0,2026-07-06 03:59:59.999000+00:00,1
2026-07-06 04:00:00+00:00,0.2704,0.2704,0.2658,0.2688,1178135.0,2026-07-06 07:59:59.999000+00:00,1
2026-07-06 08:00:00+00:00,0.2688,0.2743,0.2675,0.2679,1493719.0,2026-07-06 11:59:59.999000+00:00,1
2026-07-06 12:00:00+00:00,0.2679,0.2746,0.2599,0.2743,9962988.0,2026-07-06 15:59:59.999000+00:00,1
2026-07-06 16:00:00+00:00,0.2742,0.2846,0.2733,0.28,7470123.0,2026-07-06 19:59:59.999000+00:00,1
2026-07-06 20:00:00+00:00,0.2801,0.2879,0.2793,0.281,1643023.0,2026-07-06 23:59:59.999000+00:00,1
2026-07-07 00:00:00+00:00,0.2809,0.2849,0.278,0.2786,4264312.0,2026-07-07 03:59:59.999000+00:00,1
2026-07-07 04:00:00+00:00,0.2787,0.2876,0.2739,0.2862,3693600.0,2026-07-07 07:59:59.999000+00:00,1
2026-07-07 08:00:00+00:00,0.2862,0.2919,0.2808,0.2884,6025302.0,2026-07-07 11:59:59.999000+00:00,1
2026-07-07 12:00:00+00:00,0.2885,0.3032,0.2782,0.3025,13074249.0,2026-07-07 15:59:59.999000+00:00,1
2026-07-07 16:00:00+00:00,0.3025,0.3145,0.2987,0.3143,10401020.0,2026-07-07 19:59:59.999000+00:00,1
2026-07-07 20:00:00+00:00,0.3142,0.3186,0.3065,0.3114,6580419.0,2026-07-07 23:59:59.999000+00:00,1
2026-07-08 00:00:00+00:00,0.3115,0.3268,0.3085,0.3231,11311237.0,2026-07-08 03:59:59.999000+00:00,1
2026-07-08 04:00:00+00:00,0.3234,0.3294,0.31,0.3153,13982917.0,2026-07-08 07:59:59.999000+00:00,1
2026-07-08 08:00:00+00:00,0.3154,0.3167,0.3025,0.3127,11712523.0,2026-07-08 11:59:59.999000+00:00,1
2026-07-08 12:00:00+00:00,0.3128,0.3427,0.3118,0.3249,29499809.0,2026-07-08 15:59:59.999000+00:00,1
2026-07-08 16:00:00+00:00,0.3248,0.3411,0.3088,0.3114,14064619.0,2026-07-08 19:59:59.999000+00:00,1
2026-07-08 20:00:00+00:00,0.3115,0.3243,0.3107,0.3235,3847123.0,2026-07-08 23:59:59.999000+00:00,1
2026-07-09 00:00:00+00:00,0.3234,0.3305,0.3152,0.3255,7511753.0,2026-07-09 03:59:59.999000+00:00,1
2026-07-09 04:00:00+00:00,0.3256,0.328,0.3178,0.3206,6688372.0,2026-07-09 07:59:59.999000+00:00,1
2026-07-09 08:00:00+00:00,0.3207,0.3302,0.3122,0.3125,5700097.0,2026-07-09 11:59:59.999000+00:00,1
2026-07-09 12:00:00+00:00,0.3125,0.3194,0.3089,0.3096,5775110.0,2026-07-09 15:59:59.999000+00:00,1
2026-07-09 16:00:00+00:00,0.3096,0.3109,0.2968,0.2977,6786269.0,2026-07-09 19:59:59.999000+00:00,1
2026-07-09 20:00:00+00:00,0.2977,0.3015,0.2961,0.2992,2301247.0,2026-07-09 23:59:59.999000+00:00,1
2026-07-10 00:00:00+00:00,0.2992,0.3108,0.2941,0.3088,6240752.0,2026-07-10 03:59:59.999000+00:00,1
2026-07-10 04:00:00+00:00,0.3089,0.3152,0.3039,0.3057,3629681.0,2026-07-10 07:59:59.999000+00:00,1
2026-07-10 08:00:00+00:00,0.3058,0.3112,0.3032,0.307,2645611.0,2026-07-10 11:59:59.999000+00:00,1
2026-07-10 12:00:00+00:00,0.307,0.308,0.2988,0.3022,3005925.0,2026-07-10 15:59:59.999000+00:00,1
2026-07-10 16:00:00+00:00,0.3021,0.3097,0.2975,0.2998,3289674.0,2026-07-10 19:59:59.999000+00:00,1
2026-07-10 20:00:00+00:00,0.2999,0.3039,0.2987,0.2999,982850.0,2026-07-10 23:59:59.999000+00:00,1
2026-07-11 00:00:00+00:00,0.3,0.3073,0.2995,0.3047,1680906.0,2026-07-11 03:59:59.999000+00:00,1
2026-07-11 04:00:00+00:00,0.3047,0.3125,0.3022,0.3099,3280467.0,2026-07-11 07:59:59.999000+00:00,1
2026-07-11 08:00:00+00:00,0.3099,0.3119,0.304,0.3055,3043834.0,2026-07-11 11:59:59.999000+00:00,1
2026-07-11 12:00:00+00:00,0.3055,0.3203,0.3042,0.3106,7134554.0,2026-07-11 15:59:59.999000+00:00,1
2026-07-11 16:00:00+00:00,0.3105,0.3282,0.3082,0.3274,6278012.0,2026-07-11 19:59:59.999000+00:00,1
2026-07-11 20:00:00+00:00,0.3274,0.3295,0.3081,0.3091,5936890.0,2026-07-11 23:59:59.999000+00:00,1
2026-07-12 00:00:00+00:00,0.309,0.3113,0.3037,0.3101,2647626.0,2026-07-12 03:59:59.999000+00:00,1
2026-07-12 04:00:00+00:00,0.3101,0.3106,0.3029,0.3073,1738444.0,2026-07-12 07:59:59.999000+00:00,1
2026-07-12 08:00:00+00:00,0.3073,0.3119,0.3045,0.309,1896138.0,2026-07-12 11:59:59.999000+00:00,1
2026-07-12 12:00:00+00:00,0.3089,0.3116,0.3053,0.3077,1826341.0,2026-07-12 15:59:59.999000+00:00,1
2026-07-12 16:00:00+00:00,0.3079,0.3115,0.3071,0.3089,1365242.0,2026-07-12 19:59:59.999000+00:00,1
2026-07-12 20:00:00+00:00,0.309,0.3153,0.3061,0.3067,1585602.0,2026-07-12 23:59:59.999000+00:00,1
2026-07-13 00:00:00+00:00,0.3067,0.317,0.2944,0.2977,7911093.0,2026-07-13 03:59:59.999000+00:00,1
2026-07-13 04:00:00+00:00,0.2978,0.3121,0.2954,0.3101,6537376.0,2026-07-13 07:59:59.999000+00:00,1
2026-07-13 08:00:00+00:00,0.3102,0.3144,0.3092,0.3101,2908601.0,2026-07-13 11:59:59.999000+00:00,1
2026-07-13 12:00:00+00:00,0.3101,0.3123,0.3062,0.308,2985145.0,2026-07-13 15:59:59.999000+00:00,1
2026-07-13 16:00:00+00:00,0.3081,0.3232,0.3078,0.316,6878806.0,2026-07-13 19:59:59.999000+00:00,1
2026-07-13 20:00:00+00:00,0.3159,0.321,0.3106,0.3137,2690003.0,2026-07-13 23:59:59.999000+00:00,1
2026-07-14 00:00:00+00:00,0.3138,0.3171,0.3092,0.3148,2627385.0,2026-07-14 03:59:59.999000+00:00,1
2026-07-14 04:00:00+00:00,0.3148,0.33,0.3146,0.3253,5243348.0,2026-07-14 07:59:59.999000+00:00,1
2026-07-14 08:00:00+00:00,0.3253,0.3266,0.3166,0.3215,5477858.0,2026-07-14 11:59:59.999000+00:00,1
2026-07-14 12:00:00+00:00,0.3214,0.3395,0.3195,0.329,10528181.0,2026-07-14 15:59:59.999000+00:00,1
2026-07-14 16:00:00+00:00,0.3292,0.3361,0.3262,0.3275,3266739.0,2026-07-14 19:59:59.999000+00:00,1
2026-07-14 20:00:00+00:00,0.3276,0.3345,0.3261,0.333,2146312.0,2026-07-14 23:59:59.999000+00:00,1
2026-07-15 00:00:00+00:00,0.333,0.3368,0.3251,0.3364,3581561.0,2026-07-15 03:59:59.999000+00:00,1
2026-07-15 04:00:00+00:00,0.3364,0.338,0.3266,0.3272,2829495.0,2026-07-15 07:59:59.999000+00:00,1
2026-07-15 08:00:00+00:00,0.3273,0.3338,0.3257,0.3272,2686440.0,2026-07-15 11:59:59.999000+00:00,1
2026-07-15 12:00:00+00:00,0.3272,0.3333,0.3255,0.3321,4113630.0,2026-07-15 15:59:59.999000+00:00,1
2026-07-15 16:00:00+00:00,0.3322,0.3546,0.3297,0.3508,11120034.0,2026-07-15 19:59:59.999000+00:00,1
2026-07-15 20:00:00+00:00,0.3509,0.3619,0.3475,0.3583,7335760.0,2026-07-15 23:59:59.999000+00:00,1
2026-07-16 00:00:00+00:00,0.3583,0.3694,0.3552,0.3666,12805068.0,2026-07-16 03:59:59.999000+00:00,1
2026-07-16 04:00:00+00:00,0.3665,0.3735,0.3622,0.3692,11544263.0,2026-07-16 07:59:59.999000+00:00,1
2026-07-16 08:00:00+00:00,0.3691,0.3702,0.3584,0.3623,11579281.0,2026-07-16 11:59:59.999000+00:00,1
2026-07-16 12:00:00+00:00,0.3624,0.3818,0.3598,0.3766,17840660.0,2026-07-16 15:59:59.999000+00:00,1
2026-07-16 16:00:00+00:00,0.3767,0.38,0.3663,0.3702,8319045.0,2026-07-16 19:59:59.999000+00:00,1
2026-07-16 20:00:00+00:00,0.3702,0.3713,0.363,0.3642,3085190.0,2026-07-16 23:59:59.999000+00:00,1
2026-07-17 00:00:00+00:00,0.3642,0.3754,0.364,0.3697,5666735.0,2026-07-17 03:59:59.999000+00:00,1
2026-07-17 04:00:00+00:00,0.3696,0.3726,0.3633,0.37,5131610.0,2026-07-17 07:59:59.999000+00:00,1
2026-07-17 08:00:00+00:00,0.3701,0.3797,0.3679,0.3748,6040615.0,2026-07-17 11:59:59.999000+00:00,1
2026-07-17 12:00:00+00:00,0.3748,0.3858,0.3712,0.3832,8373652.0,2026-07-17 15:59:59.999000+00:00,1
2026-07-17 16:00:00+00:00,0.3833,0.3895,0.3687,0.3706,6635390.0,2026-07-17 19:59:59.999000+00:00,1
2026-07-17 20:00:00+00:00,0.3707,0.3752,0.3692,0.3739,2907850.0,2026-07-17 23:59:59.999000+00:00,1
2026-07-18 00:00:00+00:00,0.3738,0.3747,0.3669,0.3731,3467452.0,2026-07-18 03:59:59.999000+00:00,1
2026-07-18 04:00:00+00:00,0.373,0.3731,0.364,0.368,3334756.0,2026-07-18 07:59:59.999000+00:00,1
2026-07-18 08:00:00+00:00,0.3681,0.369,0.3578,0.3603,5832591.0,2026-07-18 11:59:59.999000+00:00,1
2026-07-18 12:00:00+00:00,0.3604,0.3659,0.3562,0.3644,2924595.0,2026-07-18 15:59:59.999000+00:00,1
2026-07-18 16:00:00+00:00,0.3643,0.3651,0.3532,0.3564,3108346.0,2026-07-18 19:59:59.999000+00:00,1
2026-07-18 20:00:00+00:00,0.3564,0.3594,0.3545,0.3574,1778599.0,2026-07-18 23:59:59.999000+00:00,1
2026-07-19 00:00:00+00:00,0.3574,0.3659,0.3552,0.3616,3024325.0,2026-07-19 03:59:59.999000+00:00,1
2026-07-19 04:00:00+00:00,0.3616,0.364,0.3555,0.3575,1398642.0,2026-07-19 07:59:59.999000+00:00,1
2026-07-19 08:00:00+00:00,0.3575,0.3625,0.3553,0.356,3027753.0,2026-07-19 11:59:59.999000+00:00,1
2026-07-19 12:00:00+00:00,0.3559,0.3618,0.3543,0.3563,1673316.0,2026-07-19 15:59:59.999000+00:00,1
2026-07-19 16:00:00+00:00,0.3563,0.3564,0.3486,0.3521,2968608.0,2026-07-19 19:59:59.999000+00:00,1
2026-07-19 20:00:00+00:00,0.3522,0.3567,0.3505,0.3542,1435142.0,2026-07-19 23:59:59.999000+00:00,1
2026-07-20 00:00:00+00:00,0.3542,0.3587,0.3515,0.3543,1458556.0,2026-07-20 03:59:59.999000+00:00,1
2026-07-20 04:00:00+00:00,0.3542,0.3586,0.3498,0.3568,2618511.0,2026-07-20 07:59:59.999000+00:00,1
2026-07-20 08:00:00+00:00,0.3567,0.3585,0.3506,0.3553,2293395.0,2026-07-20 11:59:59.999000+00:00,1
2026-07-20 12:00:00+00:00,0.3554,0.3609,0.3511,0.3606,2622842.0,2026-07-20 15:59:59.999000+00:00,1
2026-07-20 16:00:00+00:00,0.3607,0.3829,0.3604,0.3798,8882784.0,2026-07-20 19:59:59.999000+00:00,1
2026-07-20 20:00:00+00:00,0.3798,0.3887,0.3754,0.3824,4953649.0,2026-07-20 23:59:59.999000+00:00,1
2026-07-21 00:00:00+00:00,0.3824,0.4026,0.3817,0.4012,17771842.0,2026-07-21 03:59:59.999000+00:00,1
2026-07-21 04:00:00+00:00,0.4012,0.4042,0.3942,0.3978,12522368.0,2026-07-21 07:59:59.999000+00:00,1
2026-07-21 08:00:00+00:00,0.3978,0.4027,0.3941,0.4021,8902910.0,2026-07-21 11:59:59.999000+00:00,1
2026-07-21 12:00:00+00:00,0.402,0.4085,0.3963,0.3976,9136536.0,2026-07-21 15:59:59.999000+00:00,1
2026-07-21 16:00:00+00:00,0.3976,0.3976,0.3879,0.3893,5208917.0,2026-07-21 19:59:59.999000+00:00,1
2026-07-21 20:00:00+00:00,0.3894,0.3921,0.3862,0.3864,2301328.0,2026-07-21 23:59:59.999000+00:00,1
2026-07-22 00:00:00+00:00,0.3865,0.3936,0.3846,0.3915,3621295.0,2026-07-22 03:59:59.999000+00:00,1
2026-07-22 04:00:00+00:00,0.3914,0.3943,0.3883,0.3907,3338945.0,2026-07-22 07:59:59.999000+00:00,1
2026-07-22 08:00:00+00:00,0.3908,0.3966,0.3903,0.3956,3318564.0,2026-07-22 11:59:59.999000+00:00,1
2026-07-22 12:00:00+00:00,0.3955,0.4012,0.3923,0.3981,4286843.0,2026-07-22 15:59:59.999000+00:00,1
2026-07-22 16:00:00+00:00,0.3982,0.408,0.3953,0.3993,4283086.0,2026-07-22 19:59:59.999000+00:00,1
2026-07-22 20:00:00+00:00,0.3992,0.4015,0.395,0.3984,2266025.0,2026-07-22 23:59:59.999000+00:00,1
2026-07-23 00:00:00+00:00,0.3983,0.4055,0.3975,0.4016,3172140.0,2026-07-23 03:59:59.999000+00:00,1
2026-07-23 04:00:00+00:00,0.4017,0.4122,0.4007,0.4094,5617858.0,2026-07-23 07:59:59.999000+00:00,1
2026-07-23 08:00:00+00:00,0.4095,0.4096,0.3885,0.3905,7366088.0,2026-07-23 11:59:59.999000+00:00,1
2026-07-23 12:00:00+00:00,0.3903,0.4004,0.3886,0.393,5139818.0,2026-07-23 15:59:59.999000+00:00,1
2026-07-23 16:00:00+00:00,0.393,0.395,0.3842,0.3864,2967695.0,2026-07-23 19:59:59.999000+00:00,1
2026-07-23 20:00:00+00:00,0.3864,0.3908,0.386,0.3886,1466186.0,2026-07-23 23:59:59.999000+00:00,1
2026-07-24 00:00:00+00:00,0.3886,0.3958,0.3866,0.3924,3619003.0,2026-07-24 03:59:59.999000+00:00,1
2026-07-24 04:00:00+00:00,0.3926,0.404,0.3921,0.3981,5218417.0,2026-07-24 07:59:59.999000+00:00,1
2026-07-24 08:00:00+00:00,0.398,0.399,0.3924,0.3939,2472489.0,2026-07-24 11:59:59.999000+00:00,1
2026-07-24 12:00:00+00:00,0.3938,0.3951,0.3827,0.3888,5069165.0,2026-07-24 15:59:59.999000+00:00,1
2026-07-24 16:00:00+00:00,0.3887,0.3887,0.3785,0.3815,3898365.0,2026-07-24 19:59:59.999000+00:00,1
2026-07-24 20:00:00+00:00,0.3815,0.3823,0.3729,0.3744,2731518.0,2026-07-24 23:59:59.999000+00:00,1
2026-07-25 00:00:00+00:00,0.3744,0.3776,0.3725,0.3731,2345108.0,2026-07-25 03:59:59.999000+00:00,1
2026-07-25 04:00:00+00:00,0.3731,0.3796,0.3719,0.3761,2547799.0,2026-07-25 07:59:59.999000+00:00,1
2026-07-25 08:00:00+00:00,0.3761,0.3794,0.375,0.3759,2192692.0,2026-07-25 11:59:59.999000+00:00,1
2026-07-25 12:00:00+00:00,0.3758,0.3827,0.3758,0.3794,3235834.0,2026-07-25 15:59:59.999000+00:00,1
2026-07-25 16:00:00+00:00,0.3795,0.3806,0.3751,0.3762,1864052.0,2026-07-25 19:59:59.999000+00:00,1
2026-07-25 20:00:00+00:00,0.3762,0.3763,0.3695,0.3697,1662006.0,2026-07-25 23:59:59.999000+00:00,1
2026-07-26 00:00:00+00:00,0.3698,0.3742,0.3689,0.3713,1559304.0,2026-07-26 03:59:59.999000+00:00,1
2026-07-26 04:00:00+00:00,0.3712,0.373,0.3683,0.3692,2079490.0,2026-07-26 07:59:59.999000+00:00,1
2026-07-26 08:00:00+00:00,0.3692,0.377,0.3682,0.3761,2130671.0,2026-07-26 11:59:59.999000+00:00,1
2026-07-26 12:00:00+00:00,0.3762,0.3914,0.3743,0.3818,6459297.0,2026-07-26 15:59:59.999000+00:00,1
2026-07-26 16:00:00+00:00,0.3818,0.383,0.3727,0.3733,1818149.0,2026-07-26 19:59:59.999000+00:00,1
2026-07-26 20:00:00+00:00,0.3732,0.3821,0.3726,0.3804,1679486.0,2026-07-26 23:59:59.999000+00:00,1
2026-07-27 00:00:00+00:00,0.3804,0.3907,0.3795,0.387,3214719.0,2026-07-27 03:59:59.999000+00:00,1
2026-07-27 04:00:00+00:00,0.3871,0.4077,0.3849,0.4049,7194731.0,2026-07-27 07:59:59.999000+00:00,1
2026-07-27 08:00:00+00:00,0.4049,0.4062,0.3986,0.4008,3568334.0,2026-07-27 11:59:59.999000+00:00,1
2026-07-27 12:00:00+00:00,0.4008,0.4046,0.376,0.3788,10189596.0,2026-07-27 15:59:59.999000+00:00,1
2026-07-27 16:00:00+00:00,0.3787,0.385,0.3756,0.3832,3596503.0,2026-07-27 19:59:59.999000+00:00,1
2026-07-27 20:00:00+00:00,0.3832,0.3931,0.3803,0.388,3908773.0,2026-07-27 23:59:59.999000+00:00,1
2026-07-28 00:00:00+00:00,0.3882,0.3899,0.378,0.3881,5423965.0,2026-07-28 03:59:59.999000+00:00,1
2026-07-28 04:00:00+00:00,0.3881,0.3915,0.3839,0.3871,3738910.0,2026-07-28 07:59:59.999000+00:00,1
2026-07-28 08:00:00+00:00,0.3872,0.3902,0.3838,0.3842,2777980.0,2026-07-28 11:59:59.999000+00:00,1
2026-07-28 12:00:00+00:00,0.3841,0.3913,0.3694,0.3779,9395986.0,2026-07-28 15:59:59.999000+00:00,1
2026-07-28 16:00:00+00:00,0.3778,0.3778,0.372,0.3746,2437711.0,2026-07-28 19:59:59.999000+00:00,1
2026-07-28 20:00:00+00:00,0.3746,0.3759,0.366,0.3676,1763111.0,2026-07-28 23:59:59.999000+00:00,1
2026-07-29 00:00:00+00:00,0.3675,0.3691,0.3581,0.3584,2403363.0,2026-07-29 03:59:59.999000+00:00,1
2026-07-29 04:00:00+00:00,0.3585,0.3672,0.3576,0.367,2313144.0,2026-07-29 07:59:59.999000+00:00,1
2026-07-29 08:00:00+00:00,0.367,0.374,0.3646,0.3663,3126016.0,2026-07-29 11:59:59.999000+00:00,1
2026-07-29 12:00:00+00:00,0.3664,0.3666,0.3575,0.3585,2165883.0,2026-07-29 15:59:59.999000+00:00,1
2026-07-29 16:00:00+00:00,0.3584,0.365,0.3517,0.3522,3373234.0,2026-07-29 19:59:59.999000+00:00,1
2026-07-29 20:00:00+00:00,0.3522,0.3602,0.3508,0.3601,1500671.0,2026-07-29 23:59:59.999000+00:00,1
2026-07-30 00:00:00+00:00,0.3601,0.369,0.359,0.3659,2503102.0,2026-07-30 03:59:59.999000+00:00,1
2026-07-30 04:00:00+00:00,0.3661,0.3662,0.3556,0.3559,1188325.0,2026-07-30 07:59:59.999000+00:00,1
2026-07-30 08:00:00+00:00,0.3559,0.3621,0.3553,0.3613,2029758.0,2026-07-30 11:59:59.999000+00:00,1
2026-07-30 12:00:00+00:00,0.3613,0.3759,0.3612,0.3748,4552605.0,2026-07-30 15:59:59.999000+00:00,1
2026-07-30 16:00:00+00:00,0.3746,0.3792,0.3702,0.3744,3179519.0,2026-07-30 19:59:59.999000+00:00,1
2026-07-30 20:00:00+00:00,0.3743,0.376,0.3669,0.3692,1276949.0,2026-07-30 23:59:59.999000+00:00,1
2026-07-31 00:00:00+00:00,0.3692,0.372,0.3619,0.3657,2579933.0,2026-07-31 03:59:59.999000+00:00,1
2026-07-31 04:00:00+00:00,0.3656,0.3671,0.3615,0.3624,1351277.0,2026-07-31 07:59:59.999000+00:00,1
2026-07-31 08:00:00+00:00,0.3623,0.3644,0.3594,0.3594,1262554.0,2026-07-31 11:59:59.999000+00:00,1
2026-07-31 12:00:00+00:00,0.3593,0.3596,0.3453,0.3458,4738395.0,2026-07-31 15:59:59.999000+00:00,1
2026-07-31 16:00:00+00:00,0.3458,0.3492,0.3429,0.3462,3019082.0,2026-07-31 19:59:59.999000+00:00,1
2026-07-31 20:00:00+00:00,0.3462,0.3479,0.3435,0.3445,698556.0,2026-07-31 23:59:59.999000+00:00,1
2026-08-01 00:00:00+00:00,0.3446,0.3459,0.3352,0.3359,1924194.0,2026-08-01 03:59:59.999000+00:00,1
2026-08-01 04:00:00+00:00,0.3359,0.3377,0.3305,0.3324,1519706.0,2026-08-01 07:59:59.999000+00:00,1
2026-08-01 08:00:00+00:00,0.3323,0.3354,0.3296,0.3341,2167386.0,2026-08-01 11:59:59.999000+00:00,1
2026-08-01 12:00:00+00:00,0.3341,0.337,0.3269,0.3274,1765740.0,2026-08-01 15:59:59.999000+00:00,1
2026-08-01 16:00:00+00:00,0.3273,0.3278,0.319,0.3231,3288978.0,2026-08-01 19:59:59.999000+00:00,1
2026-08-01 20:00:00+00:00,0.3231,0.3264,0.3206,0.3254,1199018.0,2026-08-01 23:59:59.999000+00:00,1
2026-08-02 00:00:00+00:00,0.3255,0.3332,0.3255,0.3327,2495992.0,2026-08-02 03:59:59.999000+00:00,1
2026-08-02 04:00:00+00:00,0.3326,0.3331,0.3246,0.3265,2286206.0,2026-08-02 07:59:59.999000+00:00,1
2026-08-02 08:00:00+00:00,0.3265,0.3272,0.3226,0.3236,1466911.0,2026-08-02 11:59:59.999000+00:00,1
2026-08-02 12:00:00+00:00,0.3236,0.3253,0.3201,0.3202,1272467.0,2026-08-02 15:59:59.999000+00:00,1
2026-08-02 16:00:00+00:00,0.3204,0.3278,0.3195,0.3276,1464182.0,2026-08-02 19:59:59.999000+00:00,1
2026-08-02 20:00:00+00:00,0.3276,0.3305,0.3236,0.3255,2119670.0,2026-08-02 23:59:59.999000+00:00,1
2026-08-03 00:00:00+00:00,0.3255,0.3255,0.3219,0.3239,1251710.0,2026-08-03 03:59:59.999000+00:00,1
2026-08-03 04:00:00+00:00,0.3238,0.3249,0.32,0.3212,1250760.0,2026-08-03 07:59:59.999000+00:00,1
2026-08-03 08:00:00+00:00,0.3212,0.3251,0.3205,0.322,1431137.0,2026-08-03 11:59:59.999000+00:00,1
2026-08-03 12:00:00+00:00,0.322,0.3262,0.3201,0.3218,2755655.0,2026-08-03 15:59:59.999000+00:00,1
2026-08-03 16:00:00+00:00,0.3219,0.3289,0.3214,0.3284,1928740.0,2026-08-03 19:59:59.999000+00:00,1
2026-08-03 20:00:00+00:00,0.3285,0.3324,0.3261,0.3293,1719177.0,2026-08-03 23:59:59.999000+00:00,1
2026-08-04 00:00:00+00:00,0.3292,0.3326,0.3272,0.328,1522815.0,2026-08-04 03:59:59.999000+00:00,1
2026-08-04 04:00:00+00:00,0.3279,0.3331,0.3223,0.3235,3590078.0,2026-08-04 07:59:59.999000+00:00,1
2026-08-04 08:00:00+00:00,0.3234,0.3247,0.2989,0.3019,11910737.0,2026-08-04 11:59:59.999000+00:00,1
2026-08-04 12:00:00+00:00,0.3018,0.3018,0.2726,0.2838,42516581.0,2026-08-04 15:59:59.999000+00:00,1
2026-08-04 16:00:00+00:00,0.2839,0.2846,0.2769,0.2797,10514551.0,2026-08-04 19:59:59.999000+00:00,1
2026-08-04 20:00:00+00:00,0.2797,0.2825,0.2761,0.2796,5834472.0,2026-08-04 23:59:59.999000+00:00,1
2026-08-05 00:00:00+00:00,0.2796,0.2839,0.2748,0.2808,6725188.0,2026-08-05 03:59:59.999000+00:00,1
2026-08-05 04:00:00+00:00,0.2808,0.2974,0.2789,0.2949,8200296.0,2026-08-05 07:59:59.999000+00:00,1
2026-08-05 08:00:00+00:00,0.2949,0.2982,0.2901,0.2964,5584087.0,2026-08-05 11:59:59.999000+00:00,1
2026-08-05 12:00:00+00:00,0.2964,0.3014,0.2946,0.2968,4874790.0,2026-08-05 15:59:59.999000+00:00,1
2026-08-05 16:00:00+00:00,0.2968,0.3053,0.2964,0.2971,6004747.0,2026-08-05 19:59:59.999000+00:00,1
2026-08-05 20:00:00+00:00,0.297,0.2975,0.2901,0.2942,2871546.0,2026-08-05 23:59:59.999000+00:00,1
2026-08-06 00:00:00+00:00,0.2942,0.3035,0.2933,0.2989,4759058.0,2026-08-06 03:59:59.999000+00:00,1
2026-08-06 04:00:00+00:00,0.2989,0.3003,0.2924,0.2933,2089054.0,2026-08-06 07:59:59.999000+00:00,1
2026-08-06 08:00:00+00:00,0.2934,0.2996,0.291,0.2974,2883121.0,2026-08-06 11:59:59.999000+00:00,1
2026-08-06 12:00:00+00:00,0.2975,0.2983,0.2937,0.2958,1929569.0,2026-08-06 15:59:59.999000+00:00,1
2026-08-06 16:00:00+00:00,0.2959,0.297,0.2858,0.2914,3759899.0,2026-08-06 19:59:59.999000+00:00,1
2026-08-06 20:00:00+00:00,0.2913,0.2933,0.2889,0.2918,1059904.0,2026-08-06 23:59:59.999000+00:00,1
2026-08-07 00:00:00+00:00,0.2918,0.2933,0.2891,0.2902,1007255.0,2026-08-07 03:59:59.999000+00:00,1
2026-08-07 04:00:00+00:00,0.2901,0.2918,0.2866,0.2867,1119652.0,2026-08-07 07:59:59.999000+00:00,1
2026-08-07 08:00:00+00:00,0.2866,0.2888,0.2839,0.2883,1953970.0,2026-08-07 11:59:59.999000+00:00,1
2026-08-07 12:00:00+00:00,0.2884,0.2902,0.2845,0.2873,2404808.0,2026-08-07 15:59:59.999000+00:00,1
2026-08-07 16:00:00+00:00,0.2873,0.2896,0.2847,0.2856,814252.0,2026-08-07 19:59:59.999000+00:00,1
2026-08-07 20:00:00+00:00,0.2856,0.2874,0.2826,0.2857,1040958.0,2026-08-07 23:59:59.999000+00:00,1
2026-08-08 00:00:00+00:00,0.2857,0.2911,0.2853,0.2875,1609401.0,2026-08-08 03:59:59.999000+00:00,1
2026-08-08 04:00:00+00:00,0.2874,0.2924,0.2874,0.29,2179656.0,2026-08-08 07:59:59.999000+00:00,1
2026-08-08 08:00:00+00:00,0.29,0.2909,0.2881,0.2885,1234602.0,2026-08-08 11:59:59.999000+00:00,1
2026-08-08 12:00:00+00:00,0.2886,0.2947,0.2883,0.2924,2189123.0,2026-08-08 15:59:59.999000+00:00,1
2026-08-08 16:00:00+00:00,0.2924,0.2934,0.2903,0.2914,1044334.0,2026-08-08 19:59:59.999000+00:00,1
2026-08-08 20:00:00+00:00,0.2913,0.2922,0.2888,0.2893,997167.0,2026-08-08 23:59:59.999000+00:00,1
2026-08-09 00:00:00+00:00,0.2892,0.2914,0.2865,0.2891,1110761.0,2026-08-09 03:59:59.999000+00:00,1
2026-08-09 04:00:00+00:00,0.2891,0.2926,0.2882,0.2892,1056531.0,2026-08-09 07:59:59.999000+00:00,1
2026-08-09 08:00:00+00:00,0.2892,0.2897,0.2853,0.2871,1325372.0,2026-08-09 11:59:59.999000+00:00,1
2026-08-09 12:00:00+00:00,0.2872,0.2924,0.2869,0.2918,1256742.0,2026-08-09 15:59:59.999000+00:00,1
2026-08-09 16:00:00+00:00,0.2919,0.2923,0.2865,0.2873,1411352.0,2026-08-09 19:59:59.999000+00:00,1
2026-08-09 20:00:00+00:00,0.2872,0.2904,0.2792,0.2822,2414503.0,2026-08-09 23:59:59.999000+00:00,1
2026-08-10 00:00:00+00:00,0.2822,0.2987,0.2817,0.295,6958530.0,2026-08-10 03:59:59.999000+00:00,1
2026-08-10 04:00:00+00:00,0.2949,0.2974,0.2927,0.2929,2228359.0,2026-08-10 07:59:59.999000+00:00,1
2026-08-10 08:00:00+00:00,0.2929,0.2952,0.2914,0.2946,1364784.0,2026-08-10 11:59:59.999000+00:00,1
2026-08-10 12:00:00+00:00,0.2947,0.2962,0.2901,0.2926,1813875.0,2026-08-10 15:59:59.999000+00:00,1
2026-08-10 16:00:00+00:00,0.2925,0.2967,0.2907,0.2961,1518751.0,2026-08-10 19:59:59.999000+00:00,1
2026-08-10 20:00:00+00:00,0.2962,0.2978,0.2929,0.2938,1792309.0,2026-08-10 23:59:59.999000+00:00,1
2026-08-11 00:00:00+00:00,0.2938,0.3001,0.2929,0.2985,1894000.0,2026-08-11 03:59:59.999000+00:00,1
2026-08-11 04:00:00+00:00,0.2984,0.2999,0.2952,0.2977,1498940.0,2026-08-11 07:59:59.999000+00:00,1
2026-08-11 08:00:00+00:00,0.2976,0.2983,0.2912,0.2927,1352711.0,2026-08-11 11:59:59.999000+00:00,1
2026-08-11 12:00:00+00:00,0.2926,0.2932,0.2829,0.2854,2886996.0,2026-08-11 15:59:59.999000+00:00,1
2026-08-11 16:00:00+00:00,0.2854,0.2908,0.2836,0.2907,869182.0,2026-08-11 19:59:59.999000+00:00,1
2026-08-11 20:00:00+00:00,0.2908,0.2947,0.2906,0.2937,801559.0,2026-08-11 23:59:59.999000+00:00,1
2026-08-12 00:00:00+00:00,0.2936,0.2956,0.2911,0.2916,846022.0,2026-08-12 03:59:59.999000+00:00,1
2026-08-12 04:00:00+00:00,0.2916,0.2935,0.2873,0.2897,1470226.0,2026-08-12 07:59:59.999000+00:00,1
2026-08-12 08:00:00+00:00,0.2896,0.2931,0.2864,0.2929,1485948.0,2026-08-12 11:59:59.999000+00:00,1
2026-08-12 12:00:00+00:00,0.2929,0.2979,0.2885,0.292,4505214.0,2026-08-12 15:59:59.999000+00:00,1
2026-08-12 16:00:00+00:00,0.292,0.2926,0.2845,0.2861,2319448.0,2026-08-12 19:59:59.999000+00:00,1
2026-08-12 20:00:00+00:00,0.2862,0.2909,0.2847,0.2893,1844569.0,2026-08-12 23:59:59.999000+00:00,1
2026-08-13 00:00:00+00:00,0.2894,0.2938,0.2889,0.292,1221295.0,2026-08-13 03:59:59.999000+00:00,1
2026-08-13 04:00:00+00:00,0.2919,0.2962,0.2915,0.2936,1166964.0,2026-08-13 07:59:59.999000+00:00,1
2026-08-13 08:00:00+00:00,0.2936,0.2948,0.2919,0.2932,789147.0,2026-08-13 11:59:59.999000+00:00,1
2026-08-13 12:00:00+00:00,0.2931,0.2992,0.2924,0.2954,2943189.0,2026-08-13 15:59:59.999000+00:00,1
2026-08-13 16:00:00+00:00,0.2954,0.2984,0.2912,0.2978,1853026.0,2026-08-13 19:59:59.999000+00:00,1
2026-08-13 20:00:00+00:00,0.2978,0.2989,0.2952,0.2961,560005.0,2026-08-13 23:59:59.999000+00:00,1
2026-08-14 00:00:00+00:00,0.296,0.3032,0.2956,0.2996,1951411.0,2026-08-14 03:59:59.999000+00:00,1
2026-08-14 04:00:00+00:00,0.2994,0.3024,0.2966,0.2991,1509531.0,2026-08-14 07:59:59.999000+00:00,1
2026-08-14 08:00:00+00:00,0.2991,0.3047,0.2989,0.301,2420759.0,2026-08-14 11:59:59.999000+00:00,1
2026-08-14 12:00:00+00:00,0.301,0.303,0.29,0.2926,3480389.0,2026-08-14 15:59:59.999000+00:00,1
2026-08-14 16:00:00+00:00,0.2926,0.2944,0.2917,0.2931,862340.0,2026-08-14 19:59:59.999000+00:00,1
2026-08-14 20:00:00+00:00,0.2932,0.2967,0.2923,0.2957,745950.0,2026-08-14 23:59:59.999000+00:00,1
2026-08-15 00:00:00+00:00,0.2957,0.2975,0.2945,0.2954,722155.0,2026-08-15 03:59:59.999000+00:00,1
2026-08-15 04:00:00+00:00,0.2954,0.3035,0.2947,0.3027,1858991.0,2026-08-15 07:59:59.999000+00:00,1
2026-08-15 08:00:00+00:00,0.3028,0.3081,0.2988,0.2993,3805076.0,2026-08-15 11:59:59.999000+00:00,1
2026-08-15 12:00:00+00:00,0.2993,0.3008,0.2976,0.3004,1375835.0,2026-08-15 15:59:59.999000+00:00,1
2026-08-15 16:00:00+00:00,0.3005,0.3016,0.2988,0.2992,783901.0,2026-08-15 19:59:59.999000+00:00,1
2026-08-15 20:00:00+00:00,0.2992,0.3009,0.2972,0.2978,661215.0,2026-08-15 23:59:59.999000+00:00,1
2026-08-16 00:00:00+00:00,0.2978,0.2987,0.2958,0.2968,907173.0,2026-08-16 03:59:59.999000+00:00,1
2026-08-16 04:00:00+00:00,0.2967,0.3002,0.2935,0.2958,1083305.0,2026-08-16 07:59:59.999000+00:00,1
2026-08-16 08:00:00+00:00,0.2957,0.2989,0.2952,0.2989,533560.0,2026-08-16 11:59:59.999000+00:00,1
2026-08-16 12:00:00+00:00,0.2988,0.3091,0.2975,0.3073,2744492.0,2026-08-16 15:59:59.999000+00:00,1
2026-08-16 16:00:00+00:00,0.3073,0.3102,0.304,0.3043,2113263.0,2026-08-16 19:59:59.999000+00:00,1
2026-08-16 20:00:00+00:00,0.3044,0.3059,0.2979,0.3007,1531362.0,2026-08-16 23:59:59.999000+00:00,1
2026-08-17 00:00:00+00:00,0.3007,0.3049,0.2999,0.3023,1021987.0,2026-08-17 03:59:59.999000+00:00,1
2026-08-17 04:00:00+00:00,0.3023,0.3069,0.302,0.3046,1685833.0,2026-08-17 07:59:59.999000+00:00,1
2026-08-17 08:00:00+00:00,0.3046,0.3079,0.302,0.3021,2049573.0,2026-08-17 11:59:59.999000+00:00,1
2026-08-17 12:00:00+00:00,0.302,0.3063,0.3006,0.3061,1673181.0,2026-08-17 15:59:59.999000+00:00,1
2026-08-17 16:00:00+00:00,0.3061,0.3063,0.3028,0.3034,1381845.0,2026-08-17 19:59:59.999000+00:00,1
2026-08-17 20:00:00+00:00,0.3034,0.3053,0.3022,0.3049,1202119.0,2026-08-17 23:59:59.999000+00:00,1
2026-08-18 00:00:00+00:00,0.3049,0.3056,0.2985,0.301,2398407.0,2026-08-18 03:59:59.999000+00:00,1
2026-08-18 04:00:00+00:00,0.301,0.3039,0.2994,0.3021,1091013.0,2026-08-18 07:59:59.999000+00:00,1
2026-08-18 08:00:00+00:00,0.3021,0.303,0.3003,0.3018,649379.0,2026-08-18 11:59:59.999000+00:00,1
2026-08-18 12:00:00+00:00,0.3019,0.3056,0.3002,0.3044,1533796.0,2026-08-18 15:59:59.999000+00:00,1
2026-08-18 16:00:00+00:00,0.3045,0.3055,0.3031,0.3041,421412.0,2026-08-18 19:59:59.999000+00:00,1
2026-08-18 20:00:00+00:00,0.3041,0.3049,0.3033,0.3046,352657.0,2026-08-18 23:59:59.999000+00:00,1
2026-08-19 00:00:00+00:00,0.3045,0.3051,0.3023,0.304,795829.0,2026-08-19 03:59:59.999000+00:00,1
2026-08-19 04:00:00+00:00,0.3041,0.3095,0.3019,0.3046,2276025.0,2026-08-19 07:59:59.999000+00:00,1
2026-08-19 08:00:00+00:00,0.3047,0.3065,0.3041,0.3058,1240192.0,2026-08-19 11:59:59.999000+00:00,1
2026-08-19 12:00:00+00:00,0.3058,0.3308,0.3052,0.3282,6321150.0,2026-08-19 15:59:59.999000+00:00,1
2026-08-19 16:00:00+00:00,0.3283,0.3297,0.3158,0.3226,3497011.0,2026-08-19 19:59:59.999000+00:00,1
2026-08-19 20:00:00+00:00,0.3226,0.3419,0.3225,0.3275,5041066.0,2026-08-19 23:59:59.999000+00:00,1
2026-08-20 00:00:00+00:00,0.3275,0.3398,0.3274,0.33,3823077.0,2026-08-20 03:59:59.999000+00:00,1
2026-08-20 04:00:00+00:00,0.3299,0.3386,0.3299,0.3355,2425239.0,2026-08-20 07:59:59.999000+00:00,1
2026-08-20 08:00:00+00:00,0.3356,0.3477,0.3353,0.3415,3293933.0,2026-08-20 11:59:59.999000+00:00,1
2026-08-20 12:00:00+00:00,0.3415,0.3417,0.3336,0.3399,3008772.0,2026-08-20 15:59:59.999000+00:00,1
2026-08-20 16:00:00+00:00,0.3399,0.3441,0.3315,0.3321,2608043.0,2026-08-20 19:59:59.999000+00:00,1
2026-08-20 20:00:00+00:00,0.3322,0.339,0.3308,0.3374,1209580.0,2026-08-20 23:59:59.999000+00:00,1
2026-08-21 00:00:00+00:00,0.3375,0.343,0.3374,0.3406,2939398.0,2026-08-21 03:59:59.999000+00:00,1
2026-08-21 04:00:00+00:00,0.3406,0.3497,0.3395,0.349,3695402.0,2026-08-21 07:59:59.999000+00:00,1
2026-08-21 08:00:00+00:00,0.349,0.3697,0.3477,0.361,9207556.0,2026-08-21 11:59:59.999000+00:00,1
2026-08-21 12:00:00+00:00,0.3611,0.3686,0.3561,0.3633,3553238.0,2026-08-21 15:59:59.999000+00:00,1
2026-08-21 16:00:00+00:00,0.3634,0.3695,0.3566,0.3574,3696356.0,2026-08-21 19:59:59.999000+00:00,1
2026-08-21 20:00:00+00:00,0.3575,0.3797,0.3559,0.3703,7925487.0,2026-08-21 23:59:59.999000+00:00,1
2026-08-22 00:00:00+00:00,0.3703,0.398,0.3669,0.3936,5637548.0,2026-08-22 03:59:59.999000+00:00,1
2026-08-22 04:00:00+00:00,0.3936,0.3995,0.3347,0.3729,12483230.0,2026-08-22 07:59:59.999000+00:00,1
2026-08-22 08:00:00+00:00,0.3728,0.3739,0.3495,0.3581,5666981.0,2026-08-22 11:59:59.999000+00:00,1
2026-08-22 12:00:00+00:00,0.358,0.3633,0.3527,0.3552,2641602.0,2026-08-22 15:59:59.999000+00:00,1
2026-08-22 16:00:00+00:00,0.3553,0.3659,0.3541,0.3632,1367578.0,2026-08-22 19:59:59.999000+00:00,1
2026-08-22 20:00:00+00:00,0.3632,0.3716,0.3562,0.3694,1935665.0,2026-08-22 23:59:59.999000+00:00,1
2026-08-23 00:00:00+00:00,0.3694,0.3726,0.3516,0.3552,2844371.0,2026-08-23 03:59:59.999000+00:00,1
2026-08-23 04:00:00+00:00,0.3552,0.3575,0.3457,0.3557,2531269.0,2026-08-23 07:59:59.999000+00:00,1
2026-08-23 08:00:00+00:00,0.3558,0.3801,0.3555,0.378,3790272.0,2026-08-23 11:59:59.999000+00:00,1
2026-08-23 12:00:00+00:00,0.3778,0.4009,0.3743,0.3912,11186981.0,2026-08-23 15:59:59.999000+00:00,1
2026-08-23 16:00:00+00:00,0.3913,0.4099,0.3891,0.4086,3261606.0,2026-08-23 19:59:59.999000+00:00,1
2026-08-23 20:00:00+00:00,0.4088,0.4137,0.3978,0.4006,5478854.0,2026-08-23 23:59:59.999000+00:00,1
2026-08-24 00:00:00+00:00,0.4008,0.4017,0.3851,0.3872,3802286.0,2026-08-24 03:59:59.999000+00:00,1
2026-08-24 04:00:00+00:00,0.3873,0.4001,0.3833,0.3864,3366816.0,2026-08-24 07:59:59.999000+00:00,1
2026-08-24 08:00:00+00:00,0.3865,0.3921,0.3769,0.3888,4087568.0,2026-08-24 11:59:59.999000+00:00,1
2026-08-24 12:00:00+00:00,0.389,0.3943,0.3805,0.3855,6516170.0,2026-08-24 15:59:59.999000+00:00,1
2026-08-24 16:00:00+00:00,0.3856,0.3908,0.3653,0.3699,5261651.0,2026-08-24 19:59:59.999000+00:00,1
2026-08-24 20:00:00+00:00,0.3701,0.3745,0.3672,0.3714,1285202.0,2026-08-24 23:59:59.999000+00:00,1
2026-08-25 00:00:00+00:00,0.3715,0.3871,0.369,0.3738,3227129.0,2026-08-25 03:59:59.999000+00:00,1
2026-08-25 04:00:00+00:00,0.3738,0.3836,0.3664,0.3691,4433872.0,2026-08-25 07:59:59.999000+00:00,1
2026-08-25 08:00:00+00:00,0.3691,0.379,0.3669,0.3748,2550961.0,2026-08-25 11:59:59.999000+00:00,1
2026-08-25 12:00:00+00:00,0.3749,0.3808,0.3661,0.376,3951847.0,2026-08-25 15:59:59.999000+00:00,1
2026-08-25 16:00:00+00:00,0.376,0.377,0.3693,0.3732,995643.0,2026-08-25 19:59:59.999000+00:00,1
2026-08-25 20:00:00+00:00,0.3731,0.3736,0.3543,0.3625,6000447.0,2026-08-25 23:59:59.999000+00:00,1
2026-08-26 00:00:00+00:00,0.3624,0.3682,0.3607,0.3632,1454497.0,2026-08-26 03:59:59.999000+00:00,1
2026-08-26 04:00:00+00:00,0.3631,0.3639,0.3564,0.3578,1282006.0,2026-08-26 07:59:59.999000+00:00,1
2026-08-26 08:00:00+00:00,0.3576,0.3597,0.348,0.3513,3440654.0,2026-08-26 11:59:59.999000+00:00,1
2026-08-26 12:00:00+00:00,0.3514,0.3546,0.3416,0.3443,3565697.0,2026-08-26 15:59:59.999000+00:00,1
2026-08-26 16:00:00+00:00,0.3444,0.3559,0.3428,0.3544,1415642.0,2026-08-26 19:59:59.999000+00:00,1
2026-08-26 20:00:00+00:00,0.3544,0.3643,0.3473,0.3629,1588574.0,2026-08-26 23:59:59.999000+00:00,1
2026-08-27 00:00:00+00:00,0.3629,0.3629,0.3552,0.3576,1078285.0,2026-08-27 03:59:59.999000+00:00,1
2026-08-27 04:00:00+00:00,0.3574,0.3628,0.3505,0.3624,1345388.0,2026-08-27 07:59:59.999000+00:00,1
2026-08-27 08:00:00+00:00,0.3623,0.3757,0.3586,0.3657,4314919.0,2026-08-27 11:59:59.999000+00:00,1
2026-08-27 12:00:00+00:00,0.3657,0.3699,0.3594,0.3668,2852446.0,2026-08-27 15:59:59.999000+00:00,1
2026-08-27 16:00:00+00:00,0.3671,0.3739,0.3645,0.3692,1985741.0,2026-08-27 19:59:59.999000+00:00,1
2026-08-27 20:00:00+00:00,0.3692,0.3709,0.3649,0.3663,711855.0,2026-08-27 23:59:59.999000+00:00,1
2026-08-28 00:00:00+00:00,0.3664,0.3739,0.3573,0.3594,1531078.0,2026-08-28 03:59:59.999000+00:00,1
2026-08-28 04:00:00+00:00,0.3595,0.3653,0.3584,0.3627,696453.0,2026-08-28 07:59:59.999000+00:00,1
2026-08-28 08:00:00+00:00,0.3626,0.3709,0.3594,0.369,1147280.0,2026-08-28 11:59:59.999000+00:00,1
2026-08-28 12:00:00+00:00,0.369,0.3744,0.3597,0.361,4305347.0,2026-08-28 15:59:59.999000+00:00,1
2026-08-28 16:00:00+00:00,0.361,0.3635,0.3492,0.3563,3504575.0,2026-08-28 19:59:59.999000+00:00,1
2026-08-28 20:00:00+00:00,0.3563,0.3642,0.354,0.361,1749515.0,2026-08-28 23:59:59.999000+00:00,1
2026-08-29 00:00:00+00:00,0.3609,0.3621,0.3524,0.3527,827465.0,2026-08-29 03:59:59.999000+00:00,1
2026-08-29 04:00:00+00:00,0.3526,0.3563,0.3511,0.3544,841959.0,2026-08-29 07:59:59.999000+00:00,1
2026-08-29 08:00:00+00:00,0.3543,0.3545,0.3513,0.3525,799076.0,2026-08-29 11:59:59.999000+00:00,1
2026-08-29 12:00:00+00:00,0.3526,0.361,0.3524,0.359,921988.0,2026-08-29 15:59:59.999000+00:00,1
2026-08-29 16:00:00+00:00,0.3591,0.3633,0.3571,0.3576,963262.0,2026-08-29 19:59:59.999000+00:00,1
2026-08-29 20:00:00+00:00,0.3575,0.3593,0.3562,0.3576,328699.0,2026-08-29 23:59:59.999000+00:00,1
2026-08-30 00:00:00+00:00,0.3575,0.3619,0.3549,0.3615,987846.0,2026-08-30 03:59:59.999000+00:00,1
2026-08-30 04:00:00+00:00,0.3616,0.3632,0.3575,0.3583,794048.0,2026-08-30 07:59:59.999000+00:00,1
2026-08-30 08:00:00+00:00,0.3582,0.3672,0.3567,0.3643,1007146.0,2026-08-30 11:59:59.999000+00:00,1
2026-08-30 12:00:00+00:00,0.3644,0.3671,0.3586,0.3603,1578690.0,2026-08-30 15:59:59.999000+00:00,1
2026-08-30 16:00:00+00:00,0.3605,0.3757,0.3599,0.3702,2013265.0,2026-08-30 19:59:59.999000+00:00,1
2026-08-30 20:00:00+00:00,0.3701,0.378,0.3469,0.3522,4992660.0,2026-08-30 23:59:59.999000+00:00,1
2026-08-31 00:00:00+00:00,0.3522,0.3567,0.3447,0.3485,2277689.0,2026-08-31 03:59:59.999000+00:00,1
2026-08-31 04:00:00+00:00,0.3486,0.3536,0.3463,0.3522,1075923.0,2026-08-31 07:59:59.999000+00:00,1
2026-08-31 08:00:00+00:00,0.3522,0.3556,0.3493,0.3538,1318767.0,2026-08-31 11:59:59.999000+00:00,1
2026-08-31 12:00:00+00:00,0.3539,0.3548,0.3442,0.3521,2203921.0,2026-08-31 15:59:59.999000+00:00,1
2026-08-31 16:00:00+00:00,0.3521,0.3619,0.3507,0.3572,1595433.0,2026-08-31 19:59:59.999000+00:00,1
2026-08-31 20:00:00+00:00,0.3572,0.3617,0.3555,0.3568,623715.0,2026-08-31 23:59:59.999000+00:00,1
2026-09-01 00:00:00+00:00,0.3568,0.3714,0.3563,0.3685,2368549.0,2026-09-01 03:59:59.999000+00:00,1
2026-09-01 04:00:00+00:00,0.3687,0.3713,0.3653,0.369,1796561.0,2026-09-01 07:59:59.999000+00:00,1
2026-09-01 08:00:00+00:00,0.3691,0.3735,0.3598,0.3709,2298071.0,2026-09-01 11:59:59.999000+00:00,1
2026-09-01 12:00:00+00:00,0.371,0.3728,0.3604,0.3667,2463823.0,2026-09-01 15:59:59.999000+00:00,1
2026-09-01 16:00:00+00:00,0.3667,0.3752,0.3589,0.3682,5261698.0,2026-09-01 19:59:59.999000+00:00,1
2026-09-01 20:00:00+00:00,0.3682,0.3712,0.3612,0.3685,1820338.0,2026-09-01 23:59:59.999000+00:00,1
2026-09-02 00:00:00+00:00,0.3686,0.3731,0.3596,0.3688,1851529.0,2026-09-02 03:59:59.999000+00:00,1
2026-09-02 04:00:00+00:00,0.369,0.3747,0.3635,0.3668,1820747.0,2026-09-02 07:59:59.999000+00:00,1
2026-09-02 08:00:00+00:00,0.3668,0.3698,0.3522,0.3578,2693751.0,2026-09-02 11:59:59.999000+00:00,1
2026-09-02 12:00:00+00:00,0.3575,0.3625,0.3542,0.3595,1587172.0,2026-09-02 15:59:59.999000+00:00,1
2026-09-02 16:00:00+00:00,0.3595,0.3701,0.3591,0.3667,2043298.0,2026-09-02 19:59:59.999000+00:00,1
2026-09-02 20:00:00+00:00,0.3668,0.3702,0.3622,0.3649,793071.0,2026-09-02 23:59:59.999000+00:00,1
2026-09-03 00:00:00+00:00,0.3648,0.3711,0.3612,0.3675,1195583.0,2026-09-03 03:59:59.999000+00:00,1
2026-09-03 04:00:00+00:00,0.3676,0.3775,0.3642,0.3741,2166305.0,2026-09-03 07:59:59.999000+00:00,1
2026-09-03 08:00:00+00:00,0.374,0.3835,0.3704,0.3809,1886514.0,2026-09-03 11:59:59.999000+00:00,1
2026-09-03 12:00:00+00:00,0.3809,0.387,0.3772,0.3857,2966183.0,2026-09-03 15:59:59.999000+00:00,1
2026-09-03 16:00:00+00:00,0.3855,0.3991,0.3809,0.3958,2827519.0,2026-09-03 19:59:59.999000+00:00,1
2026-09-03 20:00:00+00:00,0.3958,0.4048,0.3922,0.3945,2092319.0,2026-09-03 23:59:59.999000+00:00,1
2026-09-04 00:00:00+00:00,0.3944,0.4043,0.386,0.3897,2987321.0,2026-09-04 03:59:59.999000+00:00,1
2026-09-04 04:00:00+00:00,0.3897,0.3906,0.3826,0.3858,1141430.0,2026-09-04 07:59:59.999000+00:00,1
2026-09-04 08:00:00+00:00,0.3859,0.3974,0.3846,0.3935,2371067.0,2026-09-04 11:59:59.999000+00:00,1
2026-09-04 12:00:00+00:00,0.3935,0.3941,0.3725,0.3773,4407938.0,2026-09-04 15:59:59.999000+00:00,1
2026-09-04 16:00:00+00:00,0.3773,0.385,0.375,0.3841,908258.0,2026-09-04 19:59:59.999000+00:00,1
2026-09-04 20:00:00+00:00,0.3842,0.3875,0.3789,0.3858,787294.0,2026-09-04 23:59:59.999000+00:00,1
2026-09-05 00:00:00+00:00,0.3859,0.3975,0.3848,0.3898,2230198.0,2026-09-05 03:59:59.999000+00:00,1
2026-09-05 04:00:00+00:00,0.3899,0.3907,0.3837,0.3841,1092502.0,2026-09-05 07:59:59.999000+00:00,1
2026-09-05 08:00:00+00:00,0.3841,0.3858,0.38,0.3808,1180613.0,2026-09-05 11:59:59.999000+00:00,1
2026-09-05 12:00:00+00:00,0.3809,0.3833,0.3784,0.3805,1396423.0,2026-09-05 15:59:59.999000+00:00,1
2026-09-05 16:00:00+00:00,0.3805,0.3931,0.3803,0.3918,1511976.0,2026-09-05 19:59:59.999000+00:00,1
2026-09-05 20:00:00+00:00,0.3918,0.4179,0.3881,0.3977,5086450.0,2026-09-05 23:59:59.999000+00:00,1
2026-09-06 00:00:00+00:00,0.3976,0.4063,0.3939,0.3967,3217898.0,2026-09-06 03:59:59.999000+00:00,1
2026-09-06 04:00:00+00:00,0.3967,0.3981,0.39,0.3967,1994449.0,2026-09-06 07:59:59.999000+00:00,1
2026-09-06 08:00:00+00:00,0.3968,0.4077,0.3962,0.4047,3154103.0,2026-09-06 11:59:59.999000+00:00,1
2026-09-06 12:00:00+00:00,0.4047,0.4247,0.4044,0.4243,8093433.0,2026-09-06 15:59:59.999000+00:00,1
2026-09-06 16:00:00+00:00,0.4243,0.4339,0.4152,0.4169,5446114.0,2026-09-06 19:59:59.999000+00:00,1
2026-09-06 20:00:00+00:00,0.4169,0.4183,0.408,0.4166,2542681.0,2026-09-06 23:59:59.999000+00:00,1
2026-09-07 00:00:00+00:00,0.4164,0.4165,0.4027,0.404,3460145.0,2026-09-07 03:59:59.999000+00:00,1
2026-09-07 04:00:00+00:00,0.4041,0.4077,0.3954,0.3996,2806124.0,2026-09-07 07:59:59.999000+00:00,1
2026-09-07 08:00:00+00:00,0.3997,0.4121,0.3995,0.41,2085855.0,2026-09-07 11:59:59.999000+00:00,1
2026-09-07 12:00:00+00:00,0.41,0.415,0.3975,0.399,2693088.0,2026-09-07 15:59:59.999000+00:00,1
2026-09-07 16:00:00+00:00,0.399,0.4041,0.3986,0.4014,1079764.0,2026-09-07 19:59:59.999000+00:00,1
2026-09-07 20:00:00+00:00,0.4015,0.4018,0.3869,0.393,2117445.0,2026-09-07 23:59:59.999000+00:00,1
2026-09-08 00:00:00+00:00,0.393,0.3967,0.3891,0.3918,1826188.0,2026-09-08 03:59:59.999000+00:00,1
2026-09-08 04:00:00+00:00,0.3917,0.3927,0.3862,0.3899,1429300.0,2026-09-08 07:59:59.999000+00:00,1
2026-09-08 08:00:00+00:00,0.3899,0.3967,0.3873,0.3898,1830127.0,2026-09-08 11:59:59.999000+00:00,1
2026-09-08 12:00:00+00:00,0.3897,0.4015,0.3813,0.3992,3902730.0,2026-09-08 15:59:59.999000+00:00,1
2026-09-08 16:00:00+00:00,0.3991,0.4,0.3846,0.3863,2122930.0,2026-09-08 19:59:59.999000+00:00,1
2026-09-08 20:00:00+00:00,0.3864,0.3905,0.3819,0.385,1301798.0,2026-09-08 23:59:59.999000+00:00,1
2026-09-09 00:00:00+00:00,0.3852,0.3901,0.3819,0.3853,1557536.0,2026-09-09 03:59:59.999000+00:00,1
2026-09-09 04:00:00+00:00,0.3853,0.3949,0.3853,0.3915,1535976.0,2026-09-09 07:59:59.999000+00:00,1
2026-09-09 08:00:00+00:00,0.3916,0.3931,0.3781,0.3835,2464605.0,2026-09-09 11:59:59.999000+00:00,1
2026-09-09 12:00:00+00:00,0.3835,0.3848,0.372,0.3777,3255017.0,2026-09-09 15:59:59.999000+00:00,1
2026-09-09 16:00:00+00:00,0.3777,0.385,0.374,0.3744,1496054.0,2026-09-09 19:59:59.999000+00:00,1
2026-09-09 20:00:00+00:00,0.3744,0.3781,0.3638,0.3731,2702443.0,2026-09-09 23:59:59.999000+00:00,1
2026-09-10 00:00:00+00:00,0.3731,0.3755,0.3669,0.3729,1739423.0,2026-09-10 03:59:59.999000+00:00,1
2026-09-10 04:00:00+00:00,0.3728,0.3768,0.3702,0.3721,1713866.0,2026-09-10 07:59:59.999000+00:00,1
2026-09-10 08:00:00+00:00,0.3721,0.3739,0.3675,0.371,1443108.0,2026-09-10 11:59:59.999000+00:00,1
2026-09-10 12:00:00+00:00,0.3709,0.3739,0.3609,0.3677,3653637.0,2026-09-10 15:59:59.999000+00:00,1
2026-09-10 16:00:00+00:00,0.3677,0.3748,0.3615,0.3709,2260728.0,2026-09-10 19:59:59.999000+00:00,1
2026-09-10 20:00:00+00:00,0.3709,0.3724,0.3642,0.3671,775270.0,2026-09-10 23:59:59.999000+00:00,1
2026-09-11 00:00:00+00:00,0.3673,0.3738,0.3671,0.3723,1353913.0,2026-09-11 03:59:59.999000+00:00,1
2026-09-11 04:00:00+00:00,0.3722,0.3758,0.3697,0.3704,1280584.0,2026-09-11 07:59:59.999000+00:00,1
2026-09-11 08:00:00+00:00,0.3704,0.3741,0.3608,0.3649,1611103.0,2026-09-11 11:59:59.999000+00:00,1
2026-09-11 12:00:00+00:00,0.3648,0.3908,0.3612,0.3748,6037203.0,2026-09-11 15:59:59.999000+00:00,1
2026-09-11 16:00:00+00:00,0.3748,0.3835,0.3674,0.371,2222421.0,2026-09-11 19:59:59.999000+00:00,1
2026-09-11 20:00:00+00:00,0.3709,0.3739,0.366,0.3697,1558047.0,2026-09-11 23:59:59.999000+00:00,1
2026-09-12 00:00:00+00:00,0.3697,0.3753,0.3694,0.3751,1036885.0,2026-09-12 03:59:59.999000+00:00,1
2026-09-12 04:00:00+00:00,0.3752,0.3791,0.3735,0.3782,872787.0,2026-09-12 07:59:59.999000+00:00,1
2026-09-12 08:00:00+00:00,0.3783,0.3811,0.3757,0.3799,726411.0,2026-09-12 11:59:59.999000+00:00,1
2026-09-12 12:00:00+00:00,0.38,0.3802,0.3758,0.3776,1017280.0,2026-09-12 15:59:59.999000+00:00,1
2026-09-12 16:00:00+00:00,0.3777,0.3786,0.3724,0.3726,691906.0,2026-09-12 19:59:59.999000+00:00,1
2026-09-12 20:00:00+00:00,0.3726,0.3737,0.3693,0.3707,404615.0,2026-09-12 23:59:59.999000+00:00,1
2026-09-13 00:00:00+00:00,0.3708,0.3729,0.3683,0.3693,940774.0,2026-09-13 03:59:59.999000+00:00,1
2026-09-13 04:00:00+00:00,0.3694,0.3742,0.3683,0.3719,776813.0,2026-09-13 07:59:59.999000+00:00,1
2026-09-13 08:00:00+00:00,0.3718,0.3733,0.3645,0.369,1608714.0,2026-09-13 11:59:59.999000+00:00,1
2026-09-13 12:00:00+00:00,0.369,0.3723,0.3658,0.3679,466532.0,2026-09-13 15:59:59.999000+00:00,1
2026-09-13 16:00:00+00:00,0.3678,0.372,0.3669,0.3669,842245.0,2026-09-13 19:59:59.999000+00:00,1
2026-09-13 20:00:00+00:00,0.3671,0.3704,0.3578,0.3614,1222791.0,2026-09-13 23:59:59.999000+00:00,1
2026-09-14 00:00:00+00:00,0.3616,0.3705,0.3586,0.368,1527126.0,2026-09-14 03:59:59.999000+00:00,1
2026-09-14 04:00:00+00:00,0.3679,0.372,0.3675,0.3701,1110675.0,2026-09-14 07:59:59.999000+00:00,1
2026-09-14 08:00:00+00:00,0.3702,0.3725,0.3656,0.3673,1267022.0,2026-09-14 11:59:59.999000+00:00,1
2026-09-14 12:00:00+00:00,0.3674,0.369,0.3616,0.3638,1779788.0,2026-09-14 15:59:59.999000+00:00,1
2026-09-14 16:00:00+00:00,0.3639,0.3741,0.3631,0.3733,1719383.0,2026-09-14 19:59:59.999000+00:00,1
2026-09-14 20:00:00+00:00,0.3733,0.3796,0.3684,0.3691,2010140.0,2026-09-14 23:59:59.999000+00:00,1
2026-09-15 00:00:00+00:00,0.369,0.3697,0.3592,0.3595,1239457.0,2026-09-15 03:59:59.999000+00:00,1
2026-09-15 04:00:00+00:00,0.3595,0.3608,0.3541,0.3545,2992726.0,2026-09-15 07:59:59.999000+00:00,1
2026-09-15 08:00:00+00:00,0.3545,0.3581,0.3527,0.3561,1287582.0,2026-09-15 11:59:59.999000+00:00,1
2026-09-15 12:00:00+00:00,0.356,0.3582,0.3453,0.352,2686424.0,2026-09-15 15:59:59.999000+00:00,1
2026-09-15 16:00:00+00:00,0.352,0.3551,0.3362,0.3427,4093636.0,2026-09-15 19:59:59.999000+00:00,1
2026-09-15 20:00:00+00:00,0.3426,0.3438,0.3327,0.3356,1930683.0,2026-09-15 23:59:59.999000+00:00,1
2026-09-16 00:00:00+00:00,0.3358,0.3376,0.3301,0.3362,1537379.0,2026-09-16 03:59:59.999000+00:00,1
2026-09-16 04:00:00+00:00,0.3362,0.3392,0.3334,0.3338,1379433.0,2026-09-16 07:59:59.999000+00:00,1
2026-09-16 08:00:00+00:00,0.3338,0.3353,0.3312,0.3333,1206935.0,2026-09-16 11:59:59.999000+00:00,1
2026-09-16 12:00:00+00:00,0.3332,0.3336,0.3268,0.3285,2357629.0,2026-09-16 15:59:59.999000+00:00,1
2026-09-16 16:00:00+00:00,0.3286,0.345,0.3286,0.3423,3776465.0,2026-09-16 19:59:59.999000+00:00,1
2026-09-16 20:00:00+00:00,0.3422,0.3502,0.3387,0.3482,2063132.0,2026-09-16 23:59:59.999000+00:00,1
2026-09-17 00:00:00+00:00,0.3481,0.3553,0.3471,0.3529,2342670.0,2026-09-17 03:59:59.999000+00:00,1
2026-09-17 04:00:00+00:00,0.3528,0.3557,0.3494,0.354,1403633.0,2026-09-17 07:59:59.999000+00:00,1
2026-09-17 08:00:00+00:00,0.3541,0.3556,0.3514,0.3547,1179316.0,2026-09-17 11:59:59.999000+00:00,1
2026-09-17 12:00:00+00:00,0.3546,0.3621,0.3524,0.3585,1896043.0,2026-09-17 15:59:59.999000+00:00,1
2026-09-17 16:00:00+00:00,0.3586,0.3613,0.3558,0.3582,1012699.0,2026-09-17 19:59:59.999000+00:00,1
2026-09-17 20:00:00+00:00,0.3581,0.3607,0.3535,0.3598,1101968.0,2026-09-17 23:59:59.999000+00:00,1
2026-09-18 00:00:00+00:00,0.3597,0.3806,0.357,0.3791,2988548.0,2026-09-18 03:59:59.999000+00:00,1
2026-09-18 04:00:00+00:00,0.3791,0.3883,0.3746,0.3822,2566971.0,2026-09-18 07:59:59.999000+00:00,1
2026-09-18 08:00:00+00:00,0.3823,0.3901,0.3801,0.3832,2650950.0,2026-09-18 11:59:59.999000+00:00,1
2026-09-18 12:00:00+00:00,0.3833,0.3969,0.3828,0.3956,2632683.0,2026-09-18 15:59:59.999000+00:00,1
2026-09-18 16:00:00+00:00,0.3956,0.3998,0.3886,0.3975,2197528.0,2026-09-18 19:59:59.999000+00:00,1
2026-09-18 20:00:00+00:00,0.3974,0.3988,0.3898,0.3911,974929.0,2026-09-18 23:59:59.999000+00:00,1
2026-09-19 00:00:00+00:00,0.391,0.4007,0.3872,0.3984,1889451.0,2026-09-19 03:59:59.999000+00:00,1
2026-09-19 04:00:00+00:00,0.3985,0.4023,0.3909,0.3918,2571484.0,2026-09-19 07:59:59.999000+00:00,1
2026-09-19 08:00:00+00:00,0.3918,0.409,0.3908,0.4055,3368250.0,2026-09-19 11:59:59.999000+00:00,1
2026-09-19 12:00:00+00:00,0.4056,0.4198,0.4044,0.4158,4981843.0,2026-09-19 15:59:59.999000+00:00,1
2026-09-19 16:00:00+00:00,0.4159,0.4196,0.407,0.4147,2000615.0,2026-09-19 19:59:59.999000+00:00,1
2026-09-19 20:00:00+00:00,0.4148,0.4166,0.4035,0.4128,1393917.0,2026-09-19 23:59:59.999000+00:00,1
2026-09-20 00:00:00+00:00,0.4127,0.426,0.4049,0.4148,4204970.0,2026-09-20 03:59:59.999000+00:00,1
2026-09-20 04:00:00+00:00,0.4149,0.4167,0.4086,0.4097,2134416.0,2026-09-20 07:59:59.999000+00:00,1
2026-09-20 08:00:00+00:00,0.4098,0.412,0.3987,0.4002,2101755.0,2026-09-20 11:59:59.999000+00:00,1
2026-09-20 12:00:00+00:00,0.4002,0.4046,0.3941,0.4044,1870475.0,2026-09-20 15:59:59.999000+00:00,1
2026-09-20 16:00:00+00:00,0.4043,0.4233,0.4032,0.4185,3965228.0,2026-09-20 19:59:59.999000+00:00,1
2026-09-20 20:00:00+00:00,0.4185,0.4325,0.4148,0.4193,1754869.0,2026-09-20 23:59:59.999000+00:00,1
2026-09-21 00:00:00+00:00,0.4192,0.4524,0.4188,0.4341,7171835.0,2026-09-21 03:59:59.999000+00:00,1
2026-09-21 04:00:00+00:00,0.434,0.4365,0.4268,0.4332,2344107.0,2026-09-21 07:59:59.999000+00:00,1
2026-09-21 08:00:00+00:00,0.4331,0.4457,0.4296,0.4383,4185438.0,2026-09-21 11:59:59.999000+00:00,1
2026-09-21 12:00:00+00:00,0.4382,0.4428,0.4238,0.4368,3470774.0,2026-09-21 15:59:59.999000+00:00,1
2026-09-21 16:00:00+00:00,0.4367,0.4419,0.4267,0.4335,2165591.0,2026-09-21 19:59:59.999000+00:00,1
2026-09-21 20:00:00+00:00,0.4336,0.4378,0.4255,0.4309,1918128.0,2026-09-21 23:59:59.999000+00:00,1
2026-09-22 00:00:00+00:00,0.4309,0.435,0.4239,0.4285,1909995.0,2026-09-22 03:59:59.999000+00:00,1
2026-09-22 04:00:00+00:00,0.4285,0.4295,0.4172,0.4207,2009928.0,2026-09-22 07:59:59.999000+00:00,1
2026-09-22 08:00:00+00:00,0.4207,0.4256,0.4093,0.4132,2512419.0,2026-09-22 11:59:59.999000+00:00,1
2026-09-22 12:00:00+00:00,0.4133,0.4201,0.4001,0.413,5215371.0,2026-09-22 15:59:59.999000+00:00,1
2026-09-22 16:00:00+00:00,0.4129,0.4286,0.4088,0.4247,2214692.0,2026-09-22 19:59:59.999000+00:00,1
2026-09-22 20:00:00+00:00,0.4248,0.4402,0.4225,0.4335,2274264.0,2026-09-22 23:59:59.999000+00:00,1
2026-09-23 00:00:00+00:00,0.4333,0.4413,0.4271,0.439,2092937.0,2026-09-23 03:59:59.999000+00:00,1
2026-09-23 04:00:00+00:00,0.439,0.4396,0.4252,0.4277,2261617.0,2026-09-23 07:59:59.999000+00:00,1
2026-09-23 08:00:00+00:00,0.4277,0.4338,0.419,0.424,3835899.0,2026-09-23 11:59:59.999000+00:00,1
2026-09-23 12:00:00+00:00,0.4238,0.4253,0.3874,0.3876,6944785.0,2026-09-23 15:59:59.999000+00:00,1
2026-09-23 16:00:00+00:00,0.3876,0.3947,0.3829,0.3842,3052704.0,2026-09-23 19:59:59.999000+00:00,1
2026-09-23 20:00:00+00:00,0.3843,0.3882,0.3801,0.3846,1474598.0,2026-09-23 23:59:59.999000+00:00,1
2026-09-24 00:00:00+00:00,0.3847,0.3934,0.3817,0.3883,1416571.0,2026-09-24 03:59:59.999000+00:00,1
2026-09-24 04:00:00+00:00,0.3882,0.3991,0.3868,0.3979,1643441.0,2026-09-24 07:59:59.999000+00:00,1
2026-09-24 08:00:00+00:00,0.3978,0.3988,0.3823,0.3904,3208876.0,2026-09-24 11:59:59.999000+00:00,1
2026-09-24 12:00:00+00:00,0.3903,0.4037,0.3894,0.4036,1973273.0,2026-09-24 15:59:59.999000+00:00,0
