ts,open,high,low,close,volume,close_time,confirm
2026-03-24 16:00:00+00:00,9.113,9.161,9.009,9.055,521633.0,2026-03-24 19:59:59.999000+00:00,1
2026-03-24 20:00:00+00:00,9.055,9.266,9.052,9.243,594886.3,2026-03-24 23:59:59.999000+00:00,1
2026-03-25 00:00:00+00:00,9.243,9.31,9.172,9.239,502621.1,2026-03-25 03:59:59.999000+00:00,1
2026-03-25 04:00:00+00:00,9.238,9.359,9.223,9.28,614870.3,2026-03-25 07:59:59.999000+00:00,1
2026-03-25 08:00:00+00:00,9.281,9.46,9.281,9.413,759370.0,2026-03-25 11:59:59.999000+00:00,1
2026-03-25 12:00:00+00:00,9.413,9.491,9.288,9.364,1218959.6,2026-03-25 15:59:59.999000+00:00,1
2026-03-25 16:00:00+00:00,9.364,9.471,9.297,9.345,782651.5,2026-03-25 19:59:59.999000+00:00,1
2026-03-25 20:00:00+00:00,9.345,9.403,9.276,9.371,430028.7,2026-03-25 23:59:59.999000+00:00,1
2026-03-26 00:00:00+00:00,9.372,9.385,9.217,9.249,353123.0,2026-03-26 03:59:59.999000+00:00,1
2026-03-26 04:00:00+00:00,9.25,9.25,9.061,9.1,644478.1,2026-03-26 07:59:59.999000+00:00,1
2026-03-26 08:00:00+00:00,9.1,9.104,8.914,8.939,975450.3,2026-03-26 11:59:59.999000+00:00,1
2026-03-26 12:00:00+00:00,8.94,9.024,8.847,8.927,853176.5,2026-03-26 15:59:59.999000+00:00,1
2026-03-26 16:00:00+00:00,8.927,8.946,8.805,8.827,595528.4,2026-03-26 19:59:59.999000+00:00,1
2026-03-26 20:00:00+00:00,8.828,8.979,8.815,8.907,903596.9,2026-03-26 23:59:59.999000+00:00,1
2026-03-27 00:00:00+00:00,8.908,8.977,8.88,8.908,344840.3,2026-03-27 03:59:59.999000+00:00,1
2026-03-27 04:00:00+00:00,8.909,8.941,8.838,8.902,408825.0,2026-03-27 07:59:59.999000+00:00,1
2026-03-27 08:00:00+00:00,8.902,8.921,8.541,8.591,1418196.0,2026-03-27 11:59:59.999000+00:00,1
2026-03-27 12:00:00+00:00,8.591,8.677,8.517,8.605,1165294.3,2026-03-27 15:59:59.999000+00:00,1
2026-03-27 16:00:00+00:00,8.604,8.631,8.48,8.537,843379.9,2026-03-27 19:59:59.999000+00:00,1
2026-03-27 20:00:00+00:00,8.537,8.573,8.487,8.564,346656.6,2026-03-27 23:59:59.999000+00:00,1
2026-03-28 00:00:00+00:00,8.563,8.564,8.494,8.512,273244.9,2026-03-28 03:59:59.999000+00:00,1
2026-03-28 04:00:00+00:00,8.512,8.6,8.496,8.599,312004.5,2026-03-28 07:59:59.999000+00:00,1
2026-03-28 08:00:00+00:00,8.599,8.61,8.475,8.533,381001.1,2026-03-28 11:59:59.999000+00:00,1
2026-03-28 12:00:00+00:00,8.533,8.694,8.508,8.636,907070.5,2026-03-28 15:59:59.999000+00:00,1
2026-03-28 16:00:00+00:00,8.637,8.648,8.576,8.596,243712.3,2026-03-28 19:59:59.999000+00:00,1
2026-03-28 20:00:00+00:00,8.597,8.619,8.367,8.429,1233009.1,2026-03-28 23:59:59.999000+00:00,1
2026-03-29 00:00:00+00:00,8.429,8.585,8.408,8.537,571891.2,2026-03-29 03:59:59.999000+00:00,1
2026-03-29 04:00:00+00:00,8.537,8.546,8.488,8.511,413199.0,2026-03-29 07:59:59.999000+00:00,1
2026-03-29 08:00:00+00:00,8.51,8.539,8.451,8.501,312229.1,2026-03-29 11:59:59.999000+00:00,1
2026-03-29 12:00:00+00:00,8.5,8.506,8.384,8.422,608219.5,2026-03-29 15:59:59.999000+00:00,1
2026-03-29 16:00:00+00:00,8.423,8.461,8.388,8.413,357001.1,2026-03-29 19:59:59.999000+00:00,1
2026-03-29 20:00:00+00:00,8.412,8.484,8.188,8.409,1248281.6,2026-03-29 23:59:59.999000+00:00,1
2026-03-30 00:00:00+00:00,8.409,8.669,8.394,8.63,983874.8,2026-03-30 03:59:59.999000+00:00,1
2026-03-30 04:00:00+00:00,8.631,8.752,8.631,8.739,922972.1,2026-03-30 07:59:59.999000+00:00,1
2026-03-30 08:00:00+00:00,8.74,8.898,8.724,8.864,1291703.0,2026-03-30 11:59:59.999000+00:00,1
2026-03-30 12:00:00+00:00,8.865,8.923,8.772,8.821,1300508.0,2026-03-30 15:59:59.999000+00:00,1
2026-03-30 16:00:00+00:00,8.821,8.84,8.56,8.623,1230083.8,2026-03-30 19:59:59.999000+00:00,1
2026-03-30 20:00:00+00:00,8.622,8.722,8.579,8.621,389234.3,2026-03-30 23:59:59.999000+00:00,1
2026-03-31 00:00:00+00:00,8.622,8.852,8.593,8.743,566174.9,2026-03-31 03:59:59.999000+00:00,1
2026-03-31 04:00:00+00:00,8.744,8.776,8.663,8.706,444845.8,2026-03-31 07:59:59.999000+00:00,1
2026-03-31 08:00:00+00:00,8.707,8.712,8.501,8.611,857694.8,2026-03-31 11:59:59.999000+00:00,1
2026-03-31 12:00:00+00:00,8.612,8.805,8.583,8.622,828724.0,2026-03-31 15:59:59.999000+00:00,1
2026-03-31 16:00:00+00:00,8.622,8.886,8.618,8.774,1111295.1,2026-03-31 19:59:59.999000+00:00,1
2026-03-31 20:00:00+00:00,8.773,8.815,8.705,8.777,274652.1,2026-03-31 23:59:59.999000+00:00,1
2026-04-01 00:00:00+00:00,8.777,8.831,8.737,8.817,372332.6,2026-04-01 03:59:59.999000+00:00,1
2026-04-01 04:00:00+00:00,8.817,9.202,8.79,9.057,1393794.7,2026-04-01 07:59:59.999000+00:00,1
2026-04-01 08:00:00+00:00,9.057,9.102,8.983,9.021,627929.0,2026-04-01 11:59:59.999000+00:00,1
2026-04-01 12:00:00+00:00,9.02,9.089,8.917,9.002,804961.4,2026-04-01 15:59:59.999000+00:00,1
2026-04-01 16:00:00+00:00,9.002,9.135,8.949,9.012,448319.1,2026-04-01 19:59:59.999000+00:00,1
2026-04-01 20:00:00+00:00,9.013,9.036,8.922,8.939,392582.6,2026-04-01 23:59:59.999000+00:00,1
2026-04-02 00:00:00+00:00,8.938,9.006,8.518,8.561,2508840.3,2026-04-02 03:59:59.999000+00:00,1
2026-04-02 04:00:00+00:00,8.56,8.566,8.494,8.558,894617.4,2026-04-02 07:59:59.999000+00:00,1
2026-04-02 08:00:00+00:00,8.558,8.558,8.445,8.478,670712.9,2026-04-02 11:59:59.999000+00:00,1
2026-04-02 12:00:00+00:00,8.478,8.635,8.416,8.56,1444768.9,2026-04-02 15:59:59.999000+00:00,1
2026-04-02 16:00:00+00:00,8.56,8.653,8.519,8.608,581493.0,2026-04-02 19:59:59.999000+00:00,1
2026-04-02 20:00:00+00:00,8.609,8.65,8.585,8.625,294063.6,2026-04-02 23:59:59.999000+00:00,1
2026-04-03 00:00:00+00:00,8.626,8.67,8.584,8.644,520034.0,2026-04-03 03:59:59.999000+00:00,1
2026-04-03 04:00:00+00:00,8.643,8.762,8.635,8.709,377820.9,2026-04-03 07:59:59.999000+00:00,1
2026-04-03 08:00:00+00:00,8.71,8.739,8.656,8.719,338713.2,2026-04-03 11:59:59.999000+00:00,1
2026-04-03 12:00:00+00:00,8.718,8.806,8.647,8.692,634911.9,2026-04-03 15:59:59.999000+00:00,1
2026-04-03 16:00:00+00:00,8.692,8.728,8.642,8.672,440336.5,2026-04-03 19:59:59.999000+00:00,1
2026-04-03 20:00:00+00:00,8.673,8.709,8.637,8.653,241623.2,2026-04-03 23:59:59.999000+00:00,1
2026-04-04 00:00:00+00:00,8.654,8.654,8.608,8.637,337269.6,2026-04-04 03:59:59.999000+00:00,1
2026-04-04 04:00:00+00:00,8.637,8.674,8.623,8.653,193376.5,2026-04-04 07:59:59.999000+00:00,1
2026-04-04 08:00:00+00:00,8.653,8.671,8.62,8.655,152016.7,2026-04-04 11:59:59.999000+00:00,1
2026-04-04 12:00:00+00:00,8.655,8.705,8.605,8.682,439293.6,2026-04-04 15:59:59.999000+00:00,1
2026-04-04 16:00:00+00:00,8.682,8.776,8.659,8.721,351826.7,2026-04-04 19:59:59.999000+00:00,1
2026-04-04 20:00:00+00:00,8.721,8.722,8.672,8.689,187875.6,2026-04-04 23:59:59.999000+00:00,1
2026-04-05 00:00:00+00:00,8.689,8.692,8.634,8.647,285856.4,2026-04-05 03:59:59.999000+00:00,1
2026-04-05 04:00:00+00:00,8.647,8.655,8.507,8.528,868193.0,2026-04-05 07:59:59.999000+00:00,1
2026-04-05 08:00:00+00:00,8.527,8.577,8.521,8.542,384021.7,2026-04-05 11:59:59.999000+00:00,1
2026-04-05 12:00:00+00:00,8.542,8.676,8.473,8.593,860534.9,2026-04-05 15:59:59.999000+00:00,1
2026-04-05 16:00:00+00:00,8.594,8.641,8.568,8.618,214559.0,2026-04-05 19:59:59.999000+00:00,1
2026-04-05 20:00:00+00:00,8.618,8.864,8.559,8.819,942361.3,2026-04-05 23:59:59.999000+00:00,1
2026-04-06 00:00:00+00:00,8.819,9.026,8.819,8.927,1393221.7,2026-04-06 03:59:59.999000+00:00,1
2026-04-06 04:00:00+00:00,8.928,8.996,8.899,8.957,714526.3,2026-04-06 07:59:59.999000+00:00,1
2026-04-06 08:00:00+00:00,8.958,9.151,8.953,9.044,1276265.5,2026-04-06 11:59:59.999000+00:00,1
2026-04-06 12:00:00+00:00,9.043,9.085,8.994,9.082,1062839.4,2026-04-06 15:59:59.999000+00:00,1
2026-04-06 16:00:00+00:00,9.082,9.1,8.934,8.982,757667.8,2026-04-06 19:59:59.999000+00:00,1
2026-04-06 20:00:00+00:00,8.983,9.015,8.718,8.793,925285.5,2026-04-06 23:59:59.999000+00:00,1
2026-04-07 00:00:00+00:00,8.792,8.843,8.722,8.786,599066.6,2026-04-07 03:59:59.999000+00:00,1
2026-04-07 04:00:00+00:00,8.786,8.826,8.726,8.763,480024.3,2026-04-07 07:59:59.999000+00:00,1
2026-04-07 08:00:00+00:00,8.763,8.895,8.667,8.677,1012643.4,2026-04-07 11:59:59.999000+00:00,1
2026-04-07 12:00:00+00:00,8.677,8.707,8.565,8.612,1413607.3,2026-04-07 15:59:59.999000+00:00,1
2026-04-07 16:00:00+00:00,8.612,8.752,8.588,8.738,834695.9,2026-04-07 19:59:59.999000+00:00,1
2026-04-07 20:00:00+00:00,8.738,9.415,8.708,9.283,2804334.8,2026-04-07 23:59:59.999000+00:00,1
2026-04-08 00:00:00+00:00,9.284,9.335,9.171,9.176,892087.2,2026-04-08 03:59:59.999000+00:00,1
2026-04-08 04:00:00+00:00,9.176,9.27,9.176,9.25,656591.5,2026-04-08 07:59:59.999000+00:00,1
2026-04-08 08:00:00+00:00,9.251,9.271,9.14,9.185,372652.7,2026-04-08 11:59:59.999000+00:00,1
2026-04-08 12:00:00+00:00,9.185,9.264,8.961,9.023,1189922.7,2026-04-08 15:59:59.999000+00:00,1
2026-04-08 16:00:00+00:00,9.023,9.113,8.933,8.984,533949.7,2026-04-08 19:59:59.999000+00:00,1
2026-04-08 20:00:00+00:00,8.983,9.032,8.829,8.852,579617.5,2026-04-08 23:59:59.999000+00:00,1
2026-04-09 00:00:00+00:00,8.852,8.855,8.685,8.756,1011265.9,2026-04-09 03:59:59.999000+00:00,1
2026-04-09 04:00:00+00:00,8.756,8.795,8.742,8.75,428456.5,2026-04-09 07:59:59.999000+00:00,1
2026-04-09 08:00:00+00:00,8.751,8.799,8.732,8.759,458005.3,2026-04-09 11:59:59.999000+00:00,1
2026-04-09 12:00:00+00:00,8.76,8.97,8.684,8.936,922507.3,2026-04-09 15:59:59.999000+00:00,1
2026-04-09 16:00:00+00:00,8.937,9.033,8.859,9.002,917089.0,2026-04-09 19:59:59.999000+00:00,1
2026-04-09 20:00:00+00:00,9.003,9.183,8.927,8.941,722588.7,2026-04-09 23:59:59.999000+00:00,1
2026-04-10 00:00:00+00:00,8.941,9.002,8.883,8.91,470470.3,2026-04-10 03:59:59.999000+00:00,1
2026-04-10 04:00:00+00:00,8.909,8.99,8.882,8.894,388928.9,2026-04-10 07:59:59.999000+00:00,1
2026-04-10 08:00:00+00:00,8.895,9.015,8.873,8.982,556270.8,2026-04-10 11:59:59.999000+00:00,1
2026-04-10 12:00:00+00:00,8.982,9.162,8.961,9.053,1188082.4,2026-04-10 15:59:59.999000+00:00,1
2026-04-10 16:00:00+00:00,9.054,9.16,9.028,9.153,438282.6,2026-04-10 19:59:59.999000+00:00,1
2026-04-10 20:00:00+00:00,9.154,9.172,9.06,9.079,351646.9,2026-04-10 23:59:59.999000+00:00,1
2026-04-11 00:00:00+00:00,9.079,9.108,9.026,9.045,244479.7,2026-04-11 03:59:59.999000+00:00,1
2026-04-11 04:00:00+00:00,9.046,9.075,8.962,9.005,311637.9,2026-04-11 07:59:59.999000+00:00,1
2026-04-11 08:00:00+00:00,9.005,9.046,8.982,9.007,242710.1,2026-04-11 11:59:59.999000+00:00,1
2026-04-11 12:00:00+00:00,9.006,9.043,8.944,9.021,371312.0,2026-04-11 15:59:59.999000+00:00,1
2026-04-11 16:00:00+00:00,9.021,9.285,9.016,9.262,689450.3,2026-04-11 19:59:59.999000+00:00,1
2026-04-11 20:00:00+00:00,9.261,9.268,9.038,9.065,485314.9,2026-04-11 23:59:59.999000+00:00,1
2026-04-12 00:00:00+00:00,9.066,9.076,8.738,8.787,1163026.0,2026-04-12 03:59:59.999000+00:00,1
2026-04-12 04:00:00+00:00,8.787,8.806,8.751,8.791,321903.7,2026-04-12 07:59:59.999000+00:00,1
2026-04-12 08:00:00+00:00,8.792,8.807,8.743,8.781,259723.1,2026-04-12 11:59:59.999000+00:00,1
2026-04-12 12:00:00+00:00,8.78,8.82,8.678,8.709,726124.0,2026-04-12 15:59:59.999000+00:00,1
2026-04-12 16:00:00+00:00,8.709,8.796,8.694,8.756,347437.3,2026-04-12 19:59:59.999000+00:00,1
2026-04-12 20:00:00+00:00,8.756,8.838,8.706,8.728,600202.7,2026-04-12 23:59:59.999000+00:00,1
2026-04-13 00:00:00+00:00,8.728,8.831,8.716,8.773,376286.9,2026-04-13 03:59:59.999000+00:00,1
2026-04-13 04:00:00+00:00,8.774,8.805,8.71,8.724,360633.6,2026-04-13 07:59:59.999000+00:00,1
2026-04-13 08:00:00+00:00,8.723,8.751,8.691,8.723,259455.6,2026-04-13 11:59:59.999000+00:00,1
2026-04-13 12:00:00+00:00,8.723,8.912,8.68,8.819,1012649.1,2026-04-13 15:59:59.999000+00:00,1
2026-04-13 16:00:00+00:00,8.819,9.037,8.773,9.019,859099.4,2026-04-13 19:59:59.999000+00:00,1
2026-04-13 20:00:00+00:00,9.019,9.434,8.951,9.357,1832884.3,2026-04-13 23:59:59.999000+00:00,1
2026-04-14 00:00:00+00:00,9.358,9.383,9.175,9.212,811447.7,2026-04-14 03:59:59.999000+00:00,1
2026-04-14 04:00:00+00:00,9.212,9.244,9.134,9.213,468217.0,2026-04-14 07:59:59.999000+00:00,1
2026-04-14 08:00:00+00:00,9.213,9.252,9.156,9.171,575645.4,2026-04-14 11:59:59.999000+00:00,1
2026-04-14 12:00:00+00:00,9.17,9.289,9.061,9.124,1201769.6,2026-04-14 15:59:59.999000+00:00,1
2026-04-14 16:00:00+00:00,9.124,9.176,8.918,8.984,894655.0,2026-04-14 19:59:59.999000+00:00,1
2026-04-14 20:00:00+00:00,8.983,9.05,8.964,9.013,443648.5,2026-04-14 23:59:59.999000+00:00,1
2026-04-15 00:00:00+00:00,9.014,9.105,9.013,9.065,370821.3,2026-04-15 03:59:59.999000+00:00,1
2026-04-15 04:00:00+00:00,9.066,9.106,8.983,9.012,405012.1,2026-04-15 07:59:59.999000+00:00,1
2026-04-15 08:00:00+00:00,9.012,9.15,8.999,9.133,398995.0,2026-04-15 11:59:59.999000+00:00,1
2026-04-15 12:00:00+00:00,9.134,9.242,9.102,9.159,627589.1,2026-04-15 15:59:59.999000+00:00,1
2026-04-15 16:00:00+00:00,9.159,9.371,9.148,9.323,584949.2,2026-04-15 19:59:59.999000+00:00,1
2026-04-15 20:00:00+00:00,9.323,9.352,9.218,9.257,433280.2,2026-04-15 23:59:59.999000+00:00,1
2026-04-16 00:00:00+00:00,9.257,9.331,9.202,9.277,374365.5,2026-04-16 03:59:59.999000+00:00,1
2026-04-16 04:00:00+00:00,9.277,9.364,9.248,9.293,901581.2,2026-04-16 07:59:59.999000+00:00,1
2026-04-16 08:00:00+00:00,9.293,9.328,9.208,9.282,428508.8,2026-04-16 11:59:59.999000+00:00,1
2026-04-16 12:00:00+00:00,9.281,9.468,9.118,9.456,1982379.2,2026-04-16 15:59:59.999000+00:00,1
2026-04-16 16:00:00+00:00,9.455,9.654,9.298,9.645,1460191.8,2026-04-16 19:59:59.999000+00:00,1
2026-04-16 20:00:00+00:00,9.645,9.677,9.46,9.596,717901.3,2026-04-16 23:59:59.999000+00:00,1
2026-04-17 00:00:00+00:00,9.596,9.611,9.389,9.412,644280.2,2026-04-17 03:59:59.999000+00:00,1
2026-04-17 04:00:00+00:00,9.411,9.467,9.334,9.466,548255.7,2026-04-17 07:59:59.999000+00:00,1
2026-04-17 08:00:00+00:00,9.467,9.602,9.449,9.515,795902.1,2026-04-17 11:59:59.999000+00:00,1
2026-04-17 12:00:00+00:00,9.516,9.865,9.45,9.746,2096456.6,2026-04-17 15:59:59.999000+00:00,1
2026-04-17 16:00:00+00:00,9.747,9.829,9.626,9.663,877361.8,2026-04-17 19:59:59.999000+00:00,1
2026-04-17 20:00:00+00:00,9.664,9.704,9.574,9.607,487438.2,2026-04-17 23:59:59.999000+00:00,1
2026-04-18 00:00:00+00:00,9.606,9.644,9.535,9.556,381448.1,2026-04-18 03:59:59.999000+00:00,1
2026-04-18 04:00:00+00:00,9.556,9.625,9.544,9.597,236116.6,2026-04-18 07:59:59.999000+00:00,1
2026-04-18 08:00:00+00:00,9.598,9.599,9.329,9.399,978430.3,2026-04-18 11:59:59.999000+00:00,1
2026-04-18 12:00:00+00:00,9.398,9.446,9.304,9.381,903242.5,2026-04-18 15:59:59.999000+00:00,1
2026-04-18 16:00:00+00:00,9.38,9.411,9.249,9.276,570015.4,2026-04-18 19:59:59.999000+00:00,1
2026-04-18 20:00:00+00:00,9.276,9.339,9.259,9.274,216103.7,2026-04-18 23:59:59.999000+00:00,1
2026-04-19 00:00:00+00:00,9.274,9.29,9.155,9.219,643506.5,2026-04-19 03:59:59.999000+00:00,1
2026-04-19 04:00:00+00:00,9.22,9.284,9.096,9.168,827533.8,2026-04-19 07:59:59.999000+00:00,1
2026-04-19 08:00:00+00:00,9.167,9.216,9.103,9.209,495517.9,2026-04-19 11:59:59.999000+00:00,1
2026-04-19 12:00:00+00:00,9.209,9.37,9.195,9.279,609524.5,2026-04-19 15:59:59.999000+00:00,1
2026-04-19 16:00:00+00:00,9.278,9.289,9.104,9.176,430660.2,2026-04-19 19:59:59.999000+00:00,1
2026-04-19 20:00:00+00:00,9.176,9.176,8.994,9.055,679959.7,2026-04-19 23:59:59.999000+00:00,1
2026-04-20 00:00:00+00:00,9.056,9.199,9.044,9.188,413023.2,2026-04-20 03:59:59.999000+00:00,1
2026-04-20 04:00:00+00:00,9.188,9.358,9.093,9.243,648981.2,2026-04-20 07:59:59.999000+00:00,1
2026-04-20 08:00:00+00:00,9.243,9.307,9.145,9.208,1248803.0,2026-04-20 11:59:59.999000+00:00,1
2026-04-20 12:00:00+00:00,9.208,9.291,9.127,9.262,683317.3,2026-04-20 15:59:59.999000+00:00,1
2026-04-20 16:00:00+00:00,9.262,9.349,9.202,9.319,470277.8,2026-04-20 19:59:59.999000+00:00,1
2026-04-20 20:00:00+00:00,9.318,9.401,9.257,9.281,461168.7,2026-04-20 23:59:59.999000+00:00,1
2026-04-21 00:00:00+00:00,9.28,9.349,9.233,9.283,322567.9,2026-04-21 03:59:59.999000+00:00,1
2026-04-21 04:00:00+00:00,9.282,9.388,9.267,9.359,390256.3,2026-04-21 07:59:59.999000+00:00,1
2026-04-21 08:00:00+00:00,9.358,9.486,9.344,9.407,797577.3,2026-04-21 11:59:59.999000+00:00,1
2026-04-21 12:00:00+00:00,9.407,9.475,9.329,9.412,1110422.1,2026-04-21 15:59:59.999000+00:00,1
2026-04-21 16:00:00+00:00,9.413,9.437,9.234,9.263,877533.7,2026-04-21 19:59:59.999000+00:00,1
2026-04-21 20:00:00+00:00,9.264,9.412,9.258,9.393,728699.9,2026-04-21 23:59:59.999000+00:00,1
2026-04-22 00:00:00+00:00,9.394,9.525,9.372,9.502,728405.1,2026-04-22 03:59:59.999000+00:00,1
2026-04-22 04:00:00+00:00,9.502,9.552,9.468,9.496,834615.0,2026-04-22 07:59:59.999000+00:00,1
2026-04-22 08:00:00+00:00,9.497,9.541,9.471,9.523,445174.6,2026-04-22 11:59:59.999000+00:00,1
2026-04-22 12:00:00+00:00,9.523,9.548,9.456,9.483,854707.5,2026-04-22 15:59:59.999000+00:00,1
2026-04-22 16:00:00+00:00,9.484,9.505,9.369,9.41,568152.3,2026-04-22 19:59:59.999000+00:00,1
2026-04-22 20:00:00+00:00,9.41,9.413,9.275,9.283,501614.2,2026-04-22 23:59:59.999000+00:00,1
2026-04-23 00:00:00+00:00,9.284,9.309,9.135,9.172,819016.5,2026-04-23 03:59:59.999000+00:00,1
2026-04-23 04:00:00+00:00,9.171,9.26,9.159,9.23,452337.4,2026-04-23 07:59:59.999000+00:00,1
2026-04-23 08:00:00+00:00,9.23,9.271,9.156,9.254,638076.3,2026-04-23 11:59:59.999000+00:00,1
2026-04-23 12:00:00+00:00,9.255,9.384,9.237,9.345,740246.1,2026-04-23 15:59:59.999000+00:00,1
2026-04-23 16:00:00+00:00,9.344,9.352,9.144,9.269,865255.3,2026-04-23 19:59:59.999000+00:00,1
2026-04-23 20:00:00+00:00,9.268,9.356,9.266,9.343,366479.9,2026-04-23 23:59:59.999000+00:00,1
2026-04-24 00:00:00+00:00,9.343,9.388,9.249,9.289,477876.0,2026-04-24 03:59:59.999000+00:00,1
2026-04-24 04:00:00+00:00,9.289,9.311,9.241,9.285,340421.4,2026-04-24 07:59:59.999000+00:00,1
2026-04-24 08:00:00+00:00,9.285,9.378,9.245,9.35,421908.3,2026-04-24 11:59:59.999000+00:00,1
2026-04-24 12:00:00+00:00,9.35,9.392,9.289,9.365,619524.9,2026-04-24 15:59:59.999000+00:00,1
2026-04-24 16:00:00+00:00,9.364,9.429,9.321,9.401,407916.5,2026-04-24 19:59:59.999000+00:00,1
2026-04-24 20:00:00+00:00,9.401,9.442,9.349,9.371,253580.5,2026-04-24 23:59:59.999000+00:00,1
2026-04-25 00:00:00+00:00,9.37,9.425,9.344,9.417,416897.9,2026-04-25 03:59:59.999000+00:00,1
2026-04-25 04:00:00+00:00,9.418,9.44,9.388,9.397,195673.0,2026-04-25 07:59:59.999000+00:00,1
2026-04-25 08:00:00+00:00,9.396,9.433,9.364,9.385,206619.5,2026-04-25 11:59:59.999000+00:00,1
2026-04-25 12:00:00+00:00,9.386,9.412,9.323,9.341,269283.7,2026-04-25 15:59:59.999000+00:00,1
2026-04-25 16:00:00+00:00,9.34,9.358,9.278,9.299,262797.7,2026-04-25 19:59:59.999000+00:00,1
2026-04-25 20:00:00+00:00,9.299,9.357,9.285,9.342,185339.9,2026-04-25 23:59:59.999000+00:00,1
2026-04-26 00:00:00+00:00,9.341,9.341,9.292,9.317,168198.6,2026-04-26 03:59:59.999000+00:00,1
2026-04-26 04:00:00+00:00,9.316,9.419,9.308,9.414,281359.3,2026-04-26 07:59:59.999000+00:00,1
2026-04-26 08:00:00+00:00,9.414,9.482,9.399,9.463,277016.8,2026-04-26 11:59:59.999000+00:00,1
2026-04-26 12:00:00+00:00,9.464,9.496,9.413,9.488,384042.7,2026-04-26 15:59:59.999000+00:00,1
2026-04-26 16:00:00+00:00,9.488,9.533,9.424,9.474,347058.2,2026-04-26 19:59:59.999000+00:00,1
2026-04-26 20:00:00+00:00,9.474,9.517,9.406,9.48,385845.5,2026-04-26 23:59:59.999000+00:00,1
2026-04-27 00:00:00+00:00,9.48,9.59,9.435,9.541,574901.6,2026-04-27 03:59:59.999000+00:00,1
2026-04-27 04:00:00+00:00,9.541,9.557,9.292,9.302,956021.2,2026-04-27 07:59:59.999000+00:00,1
2026-04-27 08:00:00+00:00,9.301,9.35,9.295,9.328,240450.0,2026-04-27 11:59:59.999000+00:00,1
2026-04-27 12:00:00+00:00,9.328,9.363,9.144,9.178,869051.0,2026-04-27 15:59:59.999000+00:00,1
2026-04-27 16:00:00+00:00,9.178,9.246,9.155,9.214,282571.3,2026-04-27 19:59:59.999000+00:00,1
2026-04-27 20:00:00+00:00,9.214,9.327,9.205,9.316,226390.8,2026-04-27 23:59:59.999000+00:00,1
2026-04-28 00:00:00+00:00,9.316,9.326,9.241,9.279,248428.3,2026-04-28 03:59:59.999000+00:00,1
2026-04-28 04:00:00+00:00,9.279,9.311,9.201,9.25,278900.2,2026-04-28 07:59:59.999000+00:00,1
2026-04-28 08:00:00+00:00,9.25,9.274,9.176,9.197,209002.7,2026-04-28 11:59:59.999000+00:00,1
2026-04-28 12:00:00+00:00,9.198,9.245,9.139,9.219,531037.3,2026-04-28 15:59:59.999000+00:00,1
2026-04-28 16:00:00+00:00,9.218,9.278,9.187,9.273,319318.5,2026-04-28 19:59:59.999000+00:00,1
2026-04-28 20:00:00+00:00,9.274,9.286,9.218,9.235,218017.5,2026-04-28 23:59:59.999000+00:00,1
2026-04-29 00:00:00+00:00,9.236,9.316,9.208,9.304,290601.9,2026-04-29 03:59:59.999000+00:00,1
2026-04-29 04:00:00+00:00,9.304,9.393,9.295,9.314,390855.4,2026-04-29 07:59:59.999000+00:00,1
2026-04-29 08:00:00+00:00,9.314,9.412,9.26,9.352,384725.7,2026-04-29 11:59:59.999000+00:00,1
2026-04-29 12:00:00+00:00,9.352,9.355,9.069,9.09,917095.8,2026-04-29 15:59:59.999000+00:00,1
2026-04-29 16:00:00+00:00,9.09,9.158,8.898,9.005,1213162.1,2026-04-29 19:59:59.999000+00:00,1
2026-04-29 20:00:00+00:00,9.006,9.13,8.998,9.106,350102.7,2026-04-29 23:59:59.999000+00:00,1
2026-04-30 00:00:00+00:00,9.107,9.184,9.055,9.103,523601.5,2026-04-30 03:59:59.999000+00:00,1
2026-04-30 04:00:00+00:00,9.103,9.124,9.014,9.123,329784.5,2026-04-30 07:59:59.999000+00:00,1
2026-04-30 08:00:00+00:00,9.123,9.164,9.09,9.121,364937.7,2026-04-30 11:59:59.999000+00:00,1
2026-04-30 12:00:00+00:00,9.121,9.168,9.076,9.128,532705.4,2026-04-30 15:59:59.999000+00:00,1
2026-04-30 16:00:00+00:00,9.127,9.146,9.083,9.126,222487.3,2026-04-30 19:59:59.999000+00:00,1
2026-04-30 20:00:00+00:00,9.125,9.141,9.078,9.1,170161.3,2026-04-30 23:59:59.999000+00:00,1
2026-05-01 00:00:00+00:00,9.1,9.208,9.097,9.162,375305.1,2026-05-01 03:59:59.999000+00:00,1
2026-05-01 04:00:00+00:00,9.163,9.181,9.126,9.148,197866.1,2026-05-01 07:59:59.999000+00:00,1
2026-05-01 08:00:00+00:00,9.148,9.185,9.111,9.141,208353.3,2026-05-01 11:59:59.999000+00:00,1
2026-05-01 12:00:00+00:00,9.141,9.276,9.135,9.224,762032.9,2026-05-01 15:59:59.999000+00:00,1
2026-05-01 16:00:00+00:00,9.224,9.249,9.161,9.171,220205.4,2026-05-01 19:59:59.999000+00:00,1
2026-05-01 20:00:00+00:00,9.17,9.175,9.061,9.09,379944.8,2026-05-01 23:59:59.999000+00:00,1
2026-05-02 00:00:00+00:00,9.089,9.128,9.078,9.113,232723.9,2026-05-02 03:59:59.999000+00:00,1
2026-05-02 04:00:00+00:00,9.112,9.113,9.061,9.078,215686.4,2026-05-02 07:59:59.999000+00:00,1
2026-05-02 08:00:00+00:00,9.077,9.096,9.066,9.072,181073.0,2026-05-02 11:59:59.999000+00:00,1
2026-05-02 12:00:00+00:00,9.071,9.203,9.07,9.157,748735.4,2026-05-02 15:59:59.999000+00:00,1
2026-05-02 16:00:00+00:00,9.158,9.172,9.116,9.163,233799.2,2026-05-02 19:59:59.999000+00:00,1
2026-05-02 20:00:00+00:00,9.164,9.253,9.157,9.173,271093.7,2026-05-02 23:59:59.999000+00:00,1
2026-05-03 00:00:00+00:00,9.174,9.18,9.072,9.089,263658.4,2026-05-03 03:59:59.999000+00:00,1
2026-05-03 04:00:00+00:00,9.088,9.13,9.065,9.111,374179.5,2026-05-03 07:59:59.999000+00:00,1
2026-05-03 08:00:00+00:00,9.111,9.199,9.103,9.172,337736.4,2026-05-03 11:59:59.999000+00:00,1
2026-05-03 12:00:00+00:00,9.173,9.206,9.114,9.15,761103.1,2026-05-03 15:59:59.999000+00:00,1
2026-05-03 16:00:00+00:00,9.15,9.171,9.129,9.156,170672.8,2026-05-03 19:59:59.999000+00:00,1
2026-05-03 20:00:00+00:00,9.155,9.222,9.106,9.122,369853.1,2026-05-03 23:59:59.999000+00:00,1
2026-05-04 00:00:00+00:00,9.121,9.356,9.081,9.347,1052584.4,2026-05-04 03:59:59.999000+00:00,1
2026-05-04 04:00:00+00:00,9.348,9.404,9.253,9.319,560940.8,2026-05-04 07:59:59.999000+00:00,1
2026-05-04 08:00:00+00:00,9.319,9.653,9.271,9.423,3017071.7,2026-05-04 11:59:59.999000+00:00,1
2026-05-04 12:00:00+00:00,9.422,9.539,9.344,9.413,925469.5,2026-05-04 15:59:59.999000+00:00,1
2026-05-04 16:00:00+00:00,9.414,9.508,9.337,9.39,580254.4,2026-05-04 19:59:59.999000+00:00,1
2026-05-04 20:00:00+00:00,9.39,9.42,9.314,9.354,314737.8,2026-05-04 23:59:59.999000+00:00,1
2026-05-05 00:00:00+00:00,9.354,9.547,9.351,9.506,568560.8,2026-05-05 03:59:59.999000+00:00,1
2026-05-05 04:00:00+00:00,9.506,9.629,9.493,9.602,587741.7,2026-05-05 07:59:59.999000+00:00,1
2026-05-05 08:00:00+00:00,9.602,9.734,9.506,9.732,1453954.8,2026-05-05 11:59:59.999000+00:00,1
2026-05-05 12:00:00+00:00,9.733,9.813,9.635,9.725,985771.4,2026-05-05 15:59:59.999000+00:00,1
2026-05-05 16:00:00+00:00,9.725,9.742,9.659,9.725,319688.9,2026-05-05 19:59:59.999000+00:00,1
2026-05-05 20:00:00+00:00,9.725,9.845,9.721,9.763,635142.1,2026-05-05 23:59:59.999000+00:00,1
2026-05-06 00:00:00+00:00,9.763,9.871,9.758,9.855,616522.2,2026-05-06 03:59:59.999000+00:00,1
2026-05-06 04:00:00+00:00,9.855,9.913,9.782,9.869,586768.5,2026-05-06 07:59:59.999000+00:00,1
2026-05-06 08:00:00+00:00,9.869,10.244,9.86,10.178,2042653.1,2026-05-06 11:59:59.999000+00:00,1
2026-05-06 12:00:00+00:00,10.178,10.205,9.873,10.033,1564432.0,2026-05-06 15:59:59.999000+00:00,1
2026-05-06 16:00:00+00:00,10.032,10.077,9.939,10.013,669060.1,2026-05-06 19:59:59.999000+00:00,1
2026-05-06 20:00:00+00:00,10.013,10.055,9.936,9.993,333145.0,2026-05-06 23:59:59.999000+00:00,1
2026-05-07 00:00:00+00:00,9.994,10.007,9.841,9.862,480820.2,2026-05-07 03:59:59.999000+00:00,1
2026-05-07 04:00:00+00:00,9.863,10.128,9.857,10.113,674386.6,2026-05-07 07:59:59.999000+00:00,1
2026-05-07 08:00:00+00:00,10.114,10.118,9.948,10.019,433514.8,2026-05-07 11:59:59.999000+00:00,1
2026-05-07 12:00:00+00:00,10.019,10.069,9.789,9.863,867389.2,2026-05-07 15:59:59.999000+00:00,1
2026-05-07 16:00:00+00:00,9.863,9.948,9.804,9.889,439009.5,2026-05-07 19:59:59.999000+00:00,1
2026-05-07 20:00:00+00:00,9.89,9.944,9.803,9.844,243660.6,2026-05-07 23:59:59.999000+00:00,1
2026-05-08 00:00:00+00:00,9.845,9.882,9.762,9.855,426329.1,2026-05-08 03:59:59.999000+00:00,1
2026-05-08 04:00:00+00:00,9.856,9.889,9.791,9.886,372084.9,2026-05-08 07:59:59.999000+00:00,1
2026-05-08 08:00:00+00:00,9.887,9.943,9.831,9.931,931512.3,2026-05-08 11:59:59.999000+00:00,1
2026-05-08 12:00:00+00:00,9.931,10.093,9.881,10.089,791931.0,2026-05-08 15:59:59.999000+00:00,1
2026-05-08 16:00:00+00:00,10.089,10.493,10.031,10.372,1659134.5,2026-05-08 19:59:59.999000+00:00,1
2026-05-08 20:00:00+00:00,10.371,10.387,10.273,10.341,422225.5,2026-05-08 23:59:59.999000+00:00,1
2026-05-09 00:00:00+00:00,10.341,10.598,10.311,10.537,749406.1,2026-05-09 03:59:59.999000+00:00,1
2026-05-09 04:00:00+00:00,10.536,10.605,10.446,10.457,477752.7,2026-05-09 07:59:59.999000+00:00,1
2026-05-09 08:00:00+00:00,10.458,10.504,10.385,10.456,409489.4,2026-05-09 11:59:59.999000+00:00,1
2026-05-09 12:00:00+00:00,10.455,10.478,10.275,10.328,627646.7,2026-05-09 15:59:59.999000+00:00,1
2026-05-09 16:00:00+00:00,10.328,10.45,10.291,10.437,459108.9,2026-05-09 19:59:59.999000+00:00,1
2026-05-09 20:00:00+00:00,10.438,10.442,10.351,10.368,198193.9,2026-05-09 23:59:59.999000+00:00,1
2026-05-10 00:00:00+00:00,10.368,10.389,10.274,10.343,425757.7,2026-05-10 03:59:59.999000+00:00,1
2026-05-10 04:00:00+00:00,10.342,10.45,10.33,10.415,326605.7,2026-05-10 07:59:59.999000+00:00,1
2026-05-10 08:00:00+00:00,10.414,10.542,10.408,10.473,495889.8,2026-05-10 11:59:59.999000+00:00,1
2026-05-10 12:00:00+00:00,10.473,10.619,10.44,10.614,691499.6,2026-05-10 15:59:59.999000+00:00,1
2026-05-10 16:00:00+00:00,10.613,10.862,10.584,10.835,1129600.5,2026-05-10 19:59:59.999000+00:00,1
2026-05-10 20:00:00+00:00,10.834,10.867,10.427,10.714,1426162.8,2026-05-10 23:59:59.999000+00:00,1
2026-05-11 00:00:00+00:00,10.714,10.753,10.425,10.52,789984.5,2026-05-11 03:59:59.999000+00:00,1
2026-05-11 04:00:00+00:00,10.52,10.607,10.459,10.521,496241.9,2026-05-11 07:59:59.999000+00:00,1
2026-05-11 08:00:00+00:00,10.521,10.647,10.506,10.571,336412.3,2026-05-11 11:59:59.999000+00:00,1
2026-05-11 12:00:00+00:00,10.572,10.593,10.392,10.577,883290.1,2026-05-11 15:59:59.999000+00:00,1
2026-05-11 16:00:00+00:00,10.576,10.692,10.531,10.676,746444.9,2026-05-11 19:59:59.999000+00:00,1
2026-05-11 20:00:00+00:00,10.676,10.705,10.535,10.588,348631.3,2026-05-11 23:59:59.999000+00:00,1
2026-05-12 00:00:00+00:00,10.589,10.589,10.387,10.46,503988.1,2026-05-12 03:59:59.999000+00:00,1
2026-05-12 04:00:00+00:00,10.46,10.52,10.379,10.431,359654.2,2026-05-12 07:59:59.999000+00:00,1
2026-05-12 08:00:00+00:00,10.431,10.443,10.224,10.26,780686.1,2026-05-12 11:59:59.999000+00:00,1
2026-05-12 12:00:00+00:00,10.26,10.357,10.1,10.151,1698373.2,2026-05-12 15:59:59.999000+00:00,1
2026-05-12 16:00:00+00:00,10.151,10.322,10.12,10.314,497269.7,2026-05-12 19:59:59.999000+00:00,1
2026-05-12 20:00:00+00:00,10.314,10.351,10.278,10.283,225971.8,2026-05-12 23:59:59.999000+00:00,1
2026-05-13 00:00:00+00:00,10.283,10.477,10.267,10.465,559723.6,2026-05-13 03:59:59.999000+00:00,1
2026-05-13 04:00:00+00:00,10.466,10.576,10.39,10.571,653295.8,2026-05-13 07:59:59.999000+00:00,1
2026-05-13 08:00:00+00:00,10.572,10.807,10.469,10.482,1249142.2,2026-05-13 11:59:59.999000+00:00,1
2026-05-13 12:00:00+00:00,10.482,10.51,10.031,10.062,2259495.2,2026-05-13 15:59:59.999000+00:00,1
2026-05-13 16:00:00+00:00,10.063,10.242,10.058,10.164,555552.5,2026-05-13 19:59:59.999000+00:00,1
2026-05-13 20:00:00+00:00,10.164,10.226,10.112,10.212,314493.0,2026-05-13 23:59:59.999000+00:00,1
2026-05-14 00:00:00+00:00,10.212,10.268,10.087,10.104,530832.2,2026-05-14 03:59:59.999000+00:00,1
2026-05-14 04:00:00+00:00,10.105,10.319,10.086,10.219,649450.0,2026-05-14 07:59:59.999000+00:00,1
2026-05-14 08:00:00+00:00,10.219,10.291,10.177,10.232,610876.1,2026-05-14 11:59:59.999000+00:00,1
2026-05-14 12:00:00+00:00,10.231,10.66,10.203,10.632,1612493.9,2026-05-14 15:59:59.999000+00:00,1
2026-05-14 16:00:00+00:00,10.633,10.768,10.563,10.622,1653598.5,2026-05-14 19:59:59.999000+00:00,1
2026-05-14 20:00:00+00:00,10.623,10.645,10.459,10.477,546500.4,2026-05-14 23:59:59.999000+00:00,1
2026-05-15 00:00:00+00:00,10.477,10.554,10.348,10.411,967541.6,2026-05-15 03:59:59.999000+00:00,1
2026-05-15 04:00:00+00:00,10.41,10.414,10.2,10.368,892984.1,2026-05-15 07:59:59.999000+00:00,1
2026-05-15 08:00:00+00:00,10.368,10.369,10.244,10.299,632230.9,2026-05-15 11:59:59.999000+00:00,1
2026-05-15 12:00:00+00:00,10.299,10.311,9.959,10.022,1595482.6,2026-05-15 15:59:59.999000+00:00,1
2026-05-15 16:00:00+00:00,10.022,10.132,9.996,10.058,413792.8,2026-05-15 19:59:59.999000+00:00,1
2026-05-15 20:00:00+00:00,10.059,10.08,10.017,10.064,293960.4,2026-05-15 23:59:59.999000+00:00,1
2026-05-16 00:00:00+00:00,10.064,10.092,10.032,10.06,268430.7,2026-05-16 03:59:59.999000+00:00,1
2026-05-16 04:00:00+00:00,10.06,10.06,9.723,9.815,1184260.2,2026-05-16 07:59:59.999000+00:00,1
2026-05-16 08:00:00+00:00,9.815,9.831,9.61,9.646,852846.6,2026-05-16 11:59:59.999000+00:00,1
2026-05-16 12:00:00+00:00,9.646,9.71,9.619,9.703,524689.1,2026-05-16 15:59:59.999000+00:00,1
2026-05-16 16:00:00+00:00,9.703,9.774,9.694,9.742,369582.4,2026-05-16 19:59:59.999000+00:00,1
2026-05-16 20:00:00+00:00,9.742,9.769,9.702,9.712,292437.6,2026-05-16 23:59:59.999000+00:00,1
2026-05-17 00:00:00+00:00,9.711,9.729,9.625,9.717,380696.5,2026-05-17 03:59:59.999000+00:00,1
2026-05-17 04:00:00+00:00,9.716,9.82,9.712,9.772,504802.0,2026-05-17 07:59:59.999000+00:00,1
2026-05-17 08:00:00+00:00,9.773,9.849,9.744,9.788,370504.9,2026-05-17 11:59:59.999000+00:00,1
2026-05-17 12:00:00+00:00,9.789,9.837,9.649,9.711,1694817.2,2026-05-17 15:59:59.999000+00:00,1
2026-05-17 16:00:00+00:00,9.711,9.761,9.647,9.748,331897.5,2026-05-17 19:59:59.999000+00:00,1
2026-05-17 20:00:00+00:00,9.748,9.773,9.316,9.56,1628575.8,2026-05-17 23:59:59.999000+00:00,1
2026-05-18 00:00:00+00:00,9.559,9.578,9.445,9.508,620937.2,2026-05-18 03:59:59.999000+00:00,1
2026-05-18 04:00:00+00:00,9.509,9.57,9.419,9.469,727047.7,2026-05-18 07:59:59.999000+00:00,1
2026-05-18 08:00:00+00:00,9.47,9.561,9.395,9.507,580224.7,2026-05-18 11:59:59.999000+00:00,1
2026-05-18 12:00:00+00:00,9.507,9.601,9.339,9.419,1031410.8,2026-05-18 15:59:59.999000+00:00,1
2026-05-18 16:00:00+00:00,9.42,9.529,9.306,9.506,802759.3,2026-05-18 19:59:59.999000+00:00,1
2026-05-18 20:00:00+00:00,9.506,9.611,9.466,9.601,451423.8,2026-05-18 23:59:59.999000+00:00,1
2026-05-19 00:00:00+00:00,9.602,9.727,9.579,9.697,784639.1,2026-05-19 03:59:59.999000+00:00,1
2026-05-19 04:00:00+00:00,9.698,9.822,9.656,9.794,737237.5,2026-05-19 07:59:59.999000+00:00,1
2026-05-19 08:00:00+00:00,9.794,9.794,9.529,9.537,846244.1,2026-05-19 11:59:59.999000+00:00,1
2026-05-19 12:00:00+00:00,9.536,9.614,9.43,9.483,1076089.5,2026-05-19 15:59:59.999000+00:00,1
2026-05-19 16:00:00+00:00,9.484,9.56,9.45,9.465,584158.8,2026-05-19 19:59:59.999000+00:00,1
2026-05-19 20:00:00+00:00,9.465,9.491,9.426,9.443,323283.3,2026-05-19 23:59:59.999000+00:00,1
2026-05-20 00:00:00+00:00,9.444,9.507,9.37,9.486,791980.2,2026-05-20 03:59:59.999000+00:00,1
2026-05-20 04:00:00+00:00,9.487,9.627,9.46,9.574,581004.0,2026-05-20 07:59:59.999000+00:00,1
2026-05-20 08:00:00+00:00,9.575,9.636,9.521,9.539,387091.1,2026-05-20 11:59:59.999000+00:00,1
2026-05-20 12:00:00+00:00,9.539,9.652,9.476,9.626,808754.0,2026-05-20 15:59:59.999000+00:00,1
2026-05-20 16:00:00+00:00,9.627,9.689,9.559,9.653,536918.3,2026-05-20 19:59:59.999000+00:00,1
2026-05-20 20:00:00+00:00,9.653,9.665,9.562,9.629,322302.8,2026-05-20 23:59:59.999000+00:00,1
2026-05-21 00:00:00+00:00,9.629,9.764,9.622,9.755,475191.8,2026-05-21 03:59:59.999000+00:00,1
2026-05-21 04:00:00+00:00,9.756,9.77,9.618,9.688,396444.5,2026-05-21 07:59:59.999000+00:00,1
2026-05-21 08:00:00+00:00,9.688,9.757,9.508,9.544,722585.8,2026-05-21 11:59:59.999000+00:00,1
2026-05-21 12:00:00+00:00,9.544,9.683,9.517,9.643,607570.2,2026-05-21 15:59:59.999000+00:00,1
2026-05-21 16:00:00+00:00,9.643,9.853,9.601,9.798,1173491.8,2026-05-21 19:59:59.999000+00:00,1
2026-05-21 20:00:00+00:00,9.799,9.809,9.695,9.748,525519.5,2026-05-21 23:59:59.999000+00:00,1
2026-05-22 00:00:00+00:00,9.748,9.832,9.704,9.822,348723.7,2026-05-22 03:59:59.999000+00:00,1
2026-05-22 04:00:00+00:00,9.823,9.864,9.747,9.816,467827.5,2026-05-22 07:59:59.999000+00:00,1
2026-05-22 08:00:00+00:00,9.817,9.891,9.757,9.889,510191.5,2026-05-22 11:59:59.999000+00:00,1
2026-05-22 12:00:00+00:00,9.889,10.032,9.731,9.803,1803512.8,2026-05-22 15:59:59.999000+00:00,1
2026-05-22 16:00:00+00:00,9.802,9.853,9.368,9.461,1713401.1,2026-05-22 19:59:59.999000+00:00,1
2026-05-22 20:00:00+00:00,9.461,9.569,9.356,9.411,939526.4,2026-05-22 23:59:59.999000+00:00,1
2026-05-23 00:00:00+00:00,9.411,9.432,9.331,9.402,471344.3,2026-05-23 03:59:59.999000+00:00,1
2026-05-23 04:00:00+00:00,9.403,9.406,9.048,9.118,1704133.1,2026-05-23 07:59:59.999000+00:00,1
2026-05-23 08:00:00+00:00,9.118,9.213,9.091,9.178,729493.3,2026-05-23 11:59:59.999000+00:00,1
2026-05-23 12:00:00+00:00,9.178,9.365,9.153,9.312,813952.7,2026-05-23 15:59:59.999000+00:00,1
2026-05-23 16:00:00+00:00,9.313,9.429,9.28,9.399,491320.6,2026-05-23 19:59:59.999000+00:00,1
2026-05-23 20:00:00+00:00,9.4,9.786,9.384,9.557,1367717.9,2026-05-23 23:59:59.999000+00:00,1
2026-05-24 00:00:00+00:00,9.558,9.615,9.521,9.536,322081.8,2026-05-24 03:59:59.999000+00:00,1
2026-05-24 04:00:00+00:00,9.537,9.627,9.483,9.554,1189548.5,2026-05-24 07:59:59.999000+00:00,1
2026-05-24 08:00:00+00:00,9.555,9.645,9.535,9.592,449583.4,2026-05-24 11:59:59.999000+00:00,1
2026-05-24 12:00:00+00:00,9.592,9.598,9.324,9.425,713333.1,2026-05-24 15:59:59.999000+00:00,1
2026-05-24 16:00:00+00:00,9.425,9.481,9.404,9.425,274323.9,2026-05-24 19:59:59.999000+00:00,1
2026-05-24 20:00:00+00:00,9.425,9.456,9.243,9.424,540742.5,2026-05-24 23:59:59.999000+00:00,1
2026-05-25 00:00:00+00:00,9.425,9.487,9.362,9.387,361445.1,2026-05-25 03:59:59.999000+00:00,1
2026-05-25 04:00:00+00:00,9.387,9.543,9.381,9.518,581779.5,2026-05-25 07:59:59.999000+00:00,1
2026-05-25 08:00:00+00:00,9.519,9.609,9.489,9.527,920757.0,2026-05-25 11:59:59.999000+00:00,1
2026-05-25 12:00:00+00:00,9.528,9.657,9.513,9.596,575426.1,2026-05-25 15:59:59.999000+00:00,1
2026-05-25 16:00:00+00:00,9.597,9.669,9.521,9.549,367381.2,2026-05-25 19:59:59.999000+00:00,1
2026-05-25 20:00:00+00:00,9.549,9.569,9.441,9.499,375901.9,2026-05-25 23:59:59.999000+00:00,1
2026-05-26 00:00:00+00:00,9.499,9.503,9.355,9.409,528569.0,2026-05-26 03:59:59.999000+00:00,1
2026-05-26 04:00:00+00:00,9.409,9.561,9.4,9.48,456935.7,2026-05-26 07:59:59.999000+00:00,1
2026-05-26 08:00:00+00:00,9.48,9.643,9.456,9.57,726274.1,2026-05-26 11:59:59.999000+00:00,1
2026-05-26 12:00:00+00:00,9.57,9.682,9.397,9.469,1221099.6,2026-05-26 15:59:59.999000+00:00,1
2026-05-26 16:00:00+00:00,9.468,9.475,9.333,9.396,976010.2,2026-05-26 19:59:59.999000+00:00,1
2026-05-26 20:00:00+00:00,9.397,9.424,9.342,9.381,371430.3,2026-05-26 23:59:59.999000+00:00,1
2026-05-27 00:00:00+00:00,9.381,9.468,9.379,9.391,292396.7,2026-05-27 03:59:59.999000+00:00,1
2026-05-27 04:00:00+00:00,9.39,9.45,9.281,9.436,529979.4,2026-05-27 07:59:59.999000+00:00,1
2026-05-27 08:00:00+00:00,9.436,9.444,9.327,9.353,473437.4,2026-05-27 11:59:59.999000+00:00,1
2026-05-27 12:00:00+00:00,9.354,9.481,9.264,9.43,1016482.2,2026-05-27 15:59:59.999000+00:00,1
2026-05-27 16:00:00+00:00,9.431,9.455,9.216,9.319,550889.6,2026-05-27 19:59:59.999000+00:00,1
2026-05-27 20:00:00+00:00,9.319,9.352,9.099,9.132,669927.0,2026-05-27 23:59:59.999000+00:00,1
2026-05-28 00:00:00+00:00,9.132,9.15,8.875,8.882,1511747.6,2026-05-28 03:59:59.999000+00:00,1
2026-05-28 04:00:00+00:00,8.882,8.912,8.756,8.897,1273201.3,2026-05-28 07:59:59.999000+00:00,1
2026-05-28 08:00:00+00:00,8.897,8.93,8.836,8.861,514169.0,2026-05-28 11:59:59.999000+00:00,1
2026-05-28 12:00:00+00:00,8.86,8.962,8.788,8.893,928099.7,2026-05-28 15:59:59.999000+00:00,1
2026-05-28 16:00:00+00:00,8.892,9.087,8.86,8.987,551135.1,2026-05-28 19:59:59.999000+00:00,1
2026-05-28 20:00:00+00:00,8.988,9.064,8.958,8.999,340087.3,2026-05-28 23:59:59.999000+00:00,1
2026-05-29 00:00:00+00:00,8.998,9.046,8.932,8.94,315532.0,2026-05-29 03:59:59.999000+00:00,1
2026-05-29 04:00:00+00:00,8.941,9.039,8.905,8.996,367078.3,2026-05-29 07:59:59.999000+00:00,1
2026-05-29 08:00:00+00:00,8.995,9.05,8.913,8.937,344364.4,2026-05-29 11:59:59.999000+00:00,1
2026-05-29 12:00:00+00:00,8.938,9.13,8.783,9.062,1236996.5,2026-05-29 15:59:59.999000+00:00,1
2026-05-29 16:00:00+00:00,9.063,9.128,8.92,8.996,825406.0,2026-05-29 19:59:59.999000+00:00,1
2026-05-29 20:00:00+00:00,8.996,9.043,8.947,9.015,313543.3,2026-05-29 23:59:59.999000+00:00,1
2026-05-30 00:00:00+00:00,9.016,9.311,9.012,9.239,906882.4,2026-05-30 03:59:59.999000+00:00,1
2026-05-30 04:00:00+00:00,9.24,9.275,9.084,9.156,738424.1,2026-05-30 07:59:59.999000+00:00,1
2026-05-30 08:00:00+00:00,9.157,9.174,9.106,9.133,233815.0,2026-05-30 11:59:59.999000+00:00,1
2026-05-30 12:00:00+00:00,9.134,9.235,9.125,9.196,326093.1,2026-05-30 15:59:59.999000+00:00,1
2026-05-30 16:00:00+00:00,9.195,9.261,9.184,9.256,293317.2,2026-05-30 19:59:59.999000+00:00,1
2026-05-30 20:00:00+00:00,9.257,9.282,9.156,9.184,261932.3,2026-05-30 23:59:59.999000+00:00,1
2026-05-31 00:00:00+00:00,9.185,9.298,9.179,9.256,329118.5,2026-05-31 03:59:59.999000+00:00,1
2026-05-31 04:00:00+00:00,9.256,9.259,9.165,9.196,261376.1,2026-05-31 07:59:59.999000+00:00,1
2026-05-31 08:00:00+00:00,9.197,9.272,9.154,9.223,322688.6,2026-05-31 11:59:59.999000+00:00,1
2026-05-31 12:00:00+00:00,9.222,9.263,9.06,9.091,539791.4,2026-05-31 15:59:59.999000+00:00,1
2026-05-31 16:00:00+00:00,9.09,9.108,8.986,9.035,427254.9,2026-05-31 19:59:59.999000+00:00,1
2026-05-31 20:00:00+00:00,9.036,9.222,9.036,9.144,372902.8,2026-05-31 23:59:59.999000+00:00,1
2026-06-01 00:00:00+00:00,9.143,9.21,9.022,9.176,519248.6,2026-06-01 03:59:59.999000+00:00,1
2026-06-01 04:00:00+00:00,9.175,9.195,8.95,8.959,493188.4,2026-06-01 07:59:59.999000+00:00,1
2026-06-01 08:00:00+00:00,8.96,9.043,8.925,8.995,461585.9,2026-06-01 11:59:59.999000+00:00,1
2026-06-01 12:00:00+00:00,8.996,9.033,8.839,8.909,1197216.5,2026-06-01 15:59:59.999000+00:00,1
2026-06-01 16:00:00+00:00,8.908,9.108,8.859,9.078,704319.7,2026-06-01 19:59:59.999000+00:00,1
2026-06-01 20:00:00+00:00,9.078,9.083,8.939,9.052,347205.6,2026-06-01 23:59:59.999000+00:00,1
2026-06-02 00:00:00+00:00,9.053,9.067,8.797,9.015,784964.1,2026-06-02 03:59:59.999000+00:00,1
2026-06-02 04:00:00+00:00,9.014,9.028,8.782,8.841,680438.7,2026-06-02 07:59:59.999000+00:00,1
2026-06-02 08:00:00+00:00,8.841,8.864,8.765,8.813,511243.6,2026-06-02 11:59:59.999000+00:00,1
2026-06-02 12:00:00+00:00,8.813,8.869,8.473,8.563,2146033.8,2026-06-02 15:59:59.999000+00:00,1
2026-06-02 16:00:00+00:00,8.562,8.738,8.373,8.52,1362132.2,2026-06-02 19:59:59.999000+00:00,1
2026-06-02 20:00:00+00:00,8.521,8.585,8.24,8.369,1383876.7,2026-06-02 23:59:59.999000+00:00,1
2026-06-03 00:00:00+00:00,8.37,8.432,8.164,8.223,917658.0,2026-06-03 03:59:59.999000+00:00,1
2026-06-03 04:00:00+00:00,8.222,8.565,8.22,8.542,1270890.5,2026-06-03 07:59:59.999000+00:00,1
2026-06-03 08:00:00+00:00,8.542,8.613,8.462,8.532,585652.3,2026-06-03 11:59:59.999000+00:00,1
2026-06-03 12:00:00+00:00,8.532,8.558,8.37,8.374,1379283.5,2026-06-03 15:59:59.999000+00:00,1
2026-06-03 16:00:00+00:00,8.375,8.389,8.185,8.209,1787600.6,2026-06-03 19:59:59.999000+00:00,1
2026-06-03 20:00:00+00:00,8.208,8.46,8.1,8.328,1201601.6,2026-06-03 23:59:59.999000+00:00,1
2026-06-04 00:00:00+00:00,8.328,8.394,7.787,8.29,3172895.2,2026-06-04 03:59:59.999000+00:00,1
2026-06-04 04:00:00+00:00,8.29,8.331,8.058,8.063,807616.1,2026-06-04 07:59:59.999000+00:00,1
2026-06-04 08:00:00+00:00,8.063,8.089,7.79,7.935,1712540.0,2026-06-04 11:59:59.999000+00:00,1
2026-06-04 12:00:00+00:00,7.934,8.129,7.896,8.044,971302.6,2026-06-04 15:59:59.999000+00:00,1
2026-06-04 16:00:00+00:00,8.043,8.127,7.953,8.054,533534.7,2026-06-04 19:59:59.999000+00:00,1
2026-06-04 20:00:00+00:00,8.054,8.071,7.881,8.012,685219.5,2026-06-04 23:59:59.999000+00:00,1
2026-06-05 00:00:00+00:00,8.012,8.036,7.761,7.785,1443681.7,2026-06-05 03:59:59.999000+00:00,1
2026-06-05 04:00:00+00:00,7.786,7.893,7.328,7.623,3183628.1,2026-06-05 07:59:59.999000+00:00,1
2026-06-05 08:00:00+00:00,7.624,7.677,7.496,7.554,1125580.0,2026-06-05 11:59:59.999000+00:00,1
2026-06-05 12:00:00+00:00,7.554,7.654,7.235,7.289,2730365.3,2026-06-05 15:59:59.999000+00:00,1
2026-06-05 16:00:00+00:00,7.289,7.51,7.112,7.299,3211057.0,2026-06-05 19:59:59.999000+00:00,1
2026-06-05 20:00:00+00:00,7.299,7.539,7.212,7.36,1649279.4,2026-06-05 23:59:59.999000+00:00,1
2026-06-06 00:00:00+00:00,7.359,7.451,7.24,7.27,949028.2,2026-06-06 03:59:59.999000+00:00,1
2026-06-06 04:00:00+00:00,7.27,7.398,6.987,7.391,2157250.1,2026-06-06 07:59:59.999000+00:00,1
2026-06-06 08:00:00+00:00,7.391,7.464,7.191,7.315,1345878.7,2026-06-06 11:59:59.999000+00:00,1
2026-06-06 12:00:00+00:00,7.315,7.433,7.274,7.377,806023.7,2026-06-06 15:59:59.999000+00:00,1
2026-06-06 16:00:00+00:00,7.377,7.411,7.288,7.296,706008.7,2026-06-06 19:59:59.999000+00:00,1
2026-06-06 20:00:00+00:00,7.295,7.403,7.279,7.391,544489.6,2026-06-06 23:59:59.999000+00:00,1
2026-06-07 00:00:00+00:00,7.391,7.6,7.369,7.575,965576.1,2026-06-07 03:59:59.999000+00:00,1
2026-06-07 04:00:00+00:00,7.576,7.721,7.525,7.711,770815.5,2026-06-07 07:59:59.999000+00:00,1
2026-06-07 08:00:00+00:00,7.71,7.845,7.665,7.757,816922.0,2026-06-07 11:59:59.999000+00:00,1
2026-06-07 12:00:00+00:00,7.758,7.791,7.61,7.722,1076956.4,2026-06-07 15:59:59.999000+00:00,1
2026-06-07 16:00:00+00:00,7.723,7.773,7.547,7.589,681544.0,2026-06-07 19:59:59.999000+00:00,1
2026-06-07 20:00:00+00:00,7.589,8.033,7.565,7.912,1341788.8,2026-06-07 23:59:59.999000+00:00,1
2026-06-08 00:00:00+00:00,7.912,8.012,7.816,7.851,708248.0,2026-06-08 03:59:59.999000+00:00,1
2026-06-08 04:00:00+00:00,7.852,7.929,7.696,7.902,808494.4,2026-06-08 07:59:59.999000+00:00,1
2026-06-08 08:00:00+00:00,7.903,8.001,7.79,7.962,717807.7,2026-06-08 11:59:59.999000+00:00,1
2026-06-08 12:00:00+00:00,7.963,8.106,7.875,8.02,1033808.6,2026-06-08 15:59:59.999000+00:00,1
2026-06-08 16:00:00+00:00,8.021,8.072,7.957,8.056,622465.3,2026-06-08 19:59:59.999000+00:00,1
2026-06-08 20:00:00+00:00,8.056,8.12,7.971,7.994,516613.1,2026-06-08 23:59:59.999000+00:00,1
2026-06-09 00:00:00+00:00,7.994,8.009,7.792,7.877,928764.9,2026-06-09 03:59:59.999000+00:00,1
2026-06-09 04:00:00+00:00,7.877,8.022,7.846,7.927,1380652.9,2026-06-09 07:59:59.999000+00:00,1
2026-06-09 08:00:00+00:00,7.928,7.932,7.829,7.879,758103.8,2026-06-09 11:59:59.999000+00:00,1
2026-06-09 12:00:00+00:00,7.878,7.948,7.706,7.718,1433556.4,2026-06-09 15:59:59.999000+00:00,1
2026-06-09 16:00:00+00:00,7.717,7.896,7.647,7.87,1465075.0,2026-06-09 19:59:59.999000+00:00,1
2026-06-09 20:00:00+00:00,7.87,7.927,7.795,7.835,437533.0,2026-06-09 23:59:59.999000+00:00,1
2026-06-10 00:00:00+00:00,7.836,7.872,7.711,7.744,536826.6,2026-06-10 03:59:59.999000+00:00,1
2026-06-10 04:00:00+00:00,7.744,7.805,7.648,7.776,543421.7,2026-06-10 07:59:59.999000+00:00,1
2026-06-10 08:00:00+00:00,7.777,7.778,7.606,7.641,1246574.1,2026-06-10 11:59:59.999000+00:00,1
2026-06-10 12:00:00+00:00,7.642,7.896,7.624,7.8,1385528.7,2026-06-10 15:59:59.999000+00:00,1
2026-06-10 16:00:00+00:00,7.801,7.818,7.593,7.613,1084283.8,2026-06-10 19:59:59.999000+00:00,1
2026-06-10 20:00:00+00:00,7.612,7.632,7.466,7.555,1299196.2,2026-06-10 23:59:59.999000+00:00,1
2026-06-11 00:00:00+00:00,7.556,7.827,7.555,7.797,897765.9,2026-06-11 03:59:59.999000+00:00,1
2026-06-11 04:00:00+00:00,7.797,7.817,7.74,7.766,430455.3,2026-06-11 07:59:59.999000+00:00,1
2026-06-11 08:00:00+00:00,7.767,7.877,7.767,7.851,468753.9,2026-06-11 11:59:59.999000+00:00,1
2026-06-11 12:00:00+00:00,7.851,7.854,7.707,7.754,814568.8,2026-06-11 15:59:59.999000+00:00,1
2026-06-11 16:00:00+00:00,7.753,7.98,7.681,7.939,1220592.1,2026-06-11 19:59:59.999000+00:00,1
2026-06-11 20:00:00+00:00,7.939,7.954,7.866,7.881,434019.1,2026-06-11 23:59:59.999000+00:00,1
2026-06-12 00:00:00+00:00,7.882,7.93,7.845,7.899,265209.2,2026-06-12 03:59:59.999000+00:00,1
2026-06-12 04:00:00+00:00,7.9,7.929,7.748,7.807,348536.5,2026-06-12 07:59:59.999000+00:00,1
2026-06-12 08:00:00+00:00,7.808,7.936,7.808,7.895,262011.0,2026-06-12 11:59:59.999000+00:00,1
2026-06-12 12:00:00+00:00,7.894,8.008,7.778,7.81,863980.0,2026-06-12 15:59:59.999000+00:00,1
2026-06-12 16:00:00+00:00,7.809,7.919,7.794,7.835,439300.2,2026-06-12 19:59:59.999000+00:00,1
2026-06-12 20:00:00+00:00,7.835,7.87,7.812,7.861,204567.3,2026-06-12 23:59:59.999000+00:00,1
2026-06-13 00:00:00+00:00,7.862,7.945,7.855,7.889,360549.0,2026-06-13 03:59:59.999000+00:00,1
2026-06-13 04:00:00+00:00,7.888,7.967,7.852,7.957,359824.7,2026-06-13 07:59:59.999000+00:00,1
2026-06-13 08:00:00+00:00,7.958,7.988,7.94,7.984,212559.2,2026-06-13 11:59:59.999000+00:00,1
2026-06-13 12:00:00+00:00,7.985,8.038,7.971,8.021,322585.3,2026-06-13 15:59:59.999000+00:00,1
2026-06-13 16:00:00+00:00,8.022,8.025,7.94,7.985,473992.4,2026-06-13 19:59:59.999000+00:00,1
2026-06-13 20:00:00+00:00,7.984,8.053,7.952,7.981,259515.9,2026-06-13 23:59:59.999000+00:00,1
2026-06-14 00:00:00+00:00,7.98,8.004,7.946,7.959,291788.6,2026-06-14 03:59:59.999000+00:00,1
2026-06-14 04:00:00+00:00,7.959,7.961,7.879,7.9,284847.0,2026-06-14 07:59:59.999000+00:00,1
2026-06-14 08:00:00+00:00,7.9,7.946,7.877,7.921,178117.0,2026-06-14 11:59:59.999000+00:00,1
2026-06-14 12:00:00+00:00,7.922,7.927,7.787,7.836,413973.3,2026-06-14 15:59:59.999000+00:00,1
2026-06-14 16:00:00+00:00,7.835,7.872,7.778,7.816,343851.0,2026-06-14 19:59:59.999000+00:00,1
2026-06-14 20:00:00+00:00,7.815,8.18,7.802,8.177,983517.5,2026-06-14 23:59:59.999000+00:00,1
2026-06-15 00:00:00+00:00,8.177,8.215,8.099,8.19,514759.1,2026-06-15 03:59:59.999000+00:00,1
2026-06-15 04:00:00+00:00,8.191,8.224,8.147,8.177,299366.9,2026-06-15 07:59:59.999000+00:00,1
2026-06-15 08:00:00+00:00,8.178,8.446,8.155,8.304,1372108.1,2026-06-15 11:59:59.999000+00:00,1
2026-06-15 12:00:00+00:00,8.304,8.617,8.276,8.557,1330756.0,2026-06-15 15:59:59.999000+00:00,1
2026-06-15 16:00:00+00:00,8.557,8.583,8.367,8.404,709926.6,2026-06-15 19:59:59.999000+00:00,1
2026-06-15 20:00:00+00:00,8.404,8.42,8.243,8.294,377295.3,2026-06-15 23:59:59.999000+00:00,1
2026-06-16 00:00:00+00:00,8.293,8.332,8.145,8.246,455412.6,2026-06-16 03:59:59.999000+00:00,1
2026-06-16 04:00:00+00:00,8.247,8.288,8.175,8.279,273827.5,2026-06-16 07:59:59.999000+00:00,1
2026-06-16 08:00:00+00:00,8.279,8.426,8.273,8.328,473388.0,2026-06-16 11:59:59.999000+00:00,1
2026-06-16 12:00:00+00:00,8.329,8.476,8.084,8.192,1129120.2,2026-06-16 15:59:59.999000+00:00,1
2026-06-16 16:00:00+00:00,8.192,8.325,8.159,8.253,568787.1,2026-06-16 19:59:59.999000+00:00,1
2026-06-16 20:00:00+00:00,8.253,8.349,8.237,8.272,303832.4,2026-06-16 23:59:59.999000+00:00,1
2026-06-17 00:00:00+00:00,8.273,8.415,8.251,8.348,380286.5,2026-06-17 03:59:59.999000+00:00,1
2026-06-17 04:00:00+00:00,8.349,8.394,8.258,8.286,292973.4,2026-06-17 07:59:59.999000+00:00,1
2026-06-17 08:00:00+00:00,8.287,8.293,8.106,8.151,505176.6,2026-06-17 11:59:59.999000+00:00,1
2026-06-17 12:00:00+00:00,8.151,8.296,8.075,8.288,862535.1,2026-06-17 15:59:59.999000+00:00,1
2026-06-17 16:00:00+00:00,8.289,8.367,7.995,8.031,1690674.3,2026-06-17 19:59:59.999000+00:00,1
2026-06-17 20:00:00+00:00,8.031,8.102,7.931,8.086,596394.1,2026-06-17 23:59:59.999000+00:00,1
2026-06-18 00:00:00+00:00,8.087,8.132,8.011,8.025,287898.7,2026-06-18 03:59:59.999000+00:00,1
2026-06-18 04:00:00+00:00,8.025,8.041,7.884,8.026,562239.6,2026-06-18 07:59:59.999000+00:00,1
2026-06-18 08:00:00+00:00,8.026,8.061,7.965,7.982,329158.9,2026-06-18 11:59:59.999000+00:00,1
2026-06-18 12:00:00+00:00,7.983,8.122,7.765,7.782,1291962.3,2026-06-18 15:59:59.999000+00:00,1
2026-06-18 16:00:00+00:00,7.783,7.934,7.775,7.913,530839.1,2026-06-18 19:59:59.999000+00:00,1
2026-06-18 20:00:00+00:00,7.913,8.015,7.913,8.011,364532.8,2026-06-18 23:59:59.999000+00:00,1
2026-06-19 00:00:00+00:00,8.012,8.04,7.821,7.876,739997.5,2026-06-19 03:59:59.999000+00:00,1
2026-06-19 04:00:00+00:00,7.877,7.913,7.805,7.842,388832.5,2026-06-19 07:59:59.999000+00:00,1
2026-06-19 08:00:00+00:00,7.843,7.873,7.795,7.81,295346.9,2026-06-19 11:59:59.999000+00:00,1
2026-06-19 12:00:00+00:00,7.811,7.948,7.762,7.903,627899.4,2026-06-19 15:59:59.999000+00:00,1
2026-06-19 16:00:00+00:00,7.902,7.933,7.841,7.874,352710.4,2026-06-19 19:59:59.999000+00:00,1
2026-06-19 20:00:00+00:00,7.874,7.963,7.845,7.945,299310.6,2026-06-19 23:59:59.999000+00:00,1
2026-06-20 00:00:00+00:00,7.945,7.955,7.859,7.889,362564.5,2026-06-20 03:59:59.999000+00:00,1
2026-06-20 04:00:00+00:00,7.89,8.009,7.879,7.958,324306.5,2026-06-20 07:59:59.999000+00:00,1
2026-06-20 08:00:00+00:00,7.959,7.979,7.921,7.934,200281.5,2026-06-20 11:59:59.999000+00:00,1
2026-06-20 12:00:00+00:00,7.934,8.005,7.82,7.963,682587.4,2026-06-20 15:59:59.999000+00:00,1
2026-06-20 16:00:00+00:00,7.964,7.964,7.86,7.897,320665.5,2026-06-20 19:59:59.999000+00:00,1
2026-06-20 20:00:00+00:00,7.898,8.013,7.884,7.984,234282.4,2026-06-20 23:59:59.999000+00:00,1
2026-06-21 00:00:00+00:00,7.984,7.989,7.933,7.967,210861.9,2026-06-21 03:59:59.999000+00:00,1
2026-06-21 04:00:00+00:00,7.966,7.981,7.912,7.944,168741.3,2026-06-21 07:59:59.999000+00:00,1
2026-06-21 08:00:00+00:00,7.944,8.007,7.893,7.931,320810.2,2026-06-21 11:59:59.999000+00:00,1
2026-06-21 12:00:00+00:00,7.931,7.985,7.897,7.981,297485.0,2026-06-21 15:59:59.999000+00:00,1
2026-06-21 16:00:00+00:00,7.981,7.985,7.9,7.949,211616.7,2026-06-21 19:59:59.999000+00:00,1
2026-06-21 20:00:00+00:00,7.948,7.953,7.76,7.778,479773.6,2026-06-21 23:59:59.999000+00:00,1
2026-06-22 00:00:00+00:00,7.778,8.016,7.777,7.864,597332.8,2026-06-22 03:59:59.999000+00:00,1
2026-06-22 04:00:00+00:00,7.865,7.989,7.852,7.959,383652.0,2026-06-22 07:59:59.999000+00:00,1
2026-06-22 08:00:00+00:00,7.96,8.091,7.943,8.082,485068.9,2026-06-22 11:59:59.999000+00:00,1
2026-06-22 12:00:00+00:00,8.083,8.15,7.967,7.982,728699.9,2026-06-22 15:59:59.999000+00:00,1
2026-06-22 16:00:00+00:00,7.982,7.993,7.881,7.909,497897.5,2026-06-22 19:59:59.999000+00:00,1
2026-06-22 20:00:00+00:00,7.909,7.936,7.816,7.869,296467.8,2026-06-22 23:59:59.999000+00:00,1
2026-06-23 00:00:00+00:00,7.868,7.909,7.823,7.897,293045.8,2026-06-23 03:59:59.999000+00:00,1
2026-06-23 04:00:00+00:00,7.896,7.901,7.631,7.657,772008.4,2026-06-23 07:59:59.999000+00:00,1
2026-06-23 08:00:00+00:00,7.658,7.664,7.473,7.608,1010801.2,2026-06-23 11:59:59.999000+00:00,1
2026-06-23 12:00:00+00:00,7.609,7.691,7.536,7.616,1471557.4,2026-06-23 15:59:59.999000+00:00,1
2026-06-23 16:00:00+00:00,7.615,7.663,7.54,7.573,568474.1,2026-06-23 19:59:59.999000+00:00,1
2026-06-23 20:00:00+00:00,7.573,7.644,7.566,7.629,236710.0,2026-06-23 23:59:59.999000+00:00,1
2026-06-24 00:00:00+00:00,7.629,7.661,7.546,7.579,627255.3,2026-06-24 03:59:59.999000+00:00,1
2026-06-24 04:00:00+00:00,7.579,7.667,7.525,7.601,379007.3,2026-06-24 07:59:59.999000+00:00,1
2026-06-24 08:00:00+00:00,7.601,7.696,7.533,7.63,368648.3,2026-06-24 11:59:59.999000+00:00,1
2026-06-24 12:00:00+00:00,7.63,7.638,7.36,7.363,1796091.6,2026-06-24 15:59:59.999000+00:00,1
2026-06-24 16:00:00+00:00,7.363,7.449,7.115,7.238,2500235.8,2026-06-24 19:59:59.999000+00:00,1
2026-06-24 20:00:00+00:00,7.238,7.478,7.228,7.421,630339.5,2026-06-24 23:59:59.999000+00:00,1
2026-06-25 00:00:00+00:00,7.422,7.439,7.379,7.401,280409.4,2026-06-25 03:59:59.999000+00:00,1
2026-06-25 04:00:00+00:00,7.401,7.546,7.378,7.532,534365.0,2026-06-25 07:59:59.999000+00:00,1
2026-06-25 08:00:00+00:00,7.532,7.532,7.418,7.434,341432.6,2026-06-25 11:59:59.999000+00:00,1
2026-06-25 12:00:00+00:00,7.435,7.502,7.003,7.211,2858696.9,2026-06-25 15:59:59.999000+00:00,1
2026-06-25 16:00:00+00:00,7.21,7.283,7.131,7.174,670391.0,2026-06-25 19:59:59.999000+00:00,1
2026-06-25 20:00:00+00:00,7.175,7.296,7.175,7.243,395828.4,2026-06-25 23:59:59.999000+00:00,1
2026-06-26 00:00:00+00:00,7.243,7.261,7.011,7.201,1079837.4,2026-06-26 03:59:59.999000+00:00,1
2026-06-26 04:00:00+00:00,7.201,7.338,7.153,7.322,512785.6,2026-06-26 07:59:59.999000+00:00,1
2026-06-26 08:00:00+00:00,7.322,7.331,7.118,7.144,593739.2,2026-06-26 11:59:59.999000+00:00,1
2026-06-26 12:00:00+00:00,7.143,7.356,7.052,7.335,1476179.4,2026-06-26 15:59:59.999000+00:00,1
2026-06-26 16:00:00+00:00,7.334,7.398,7.284,7.324,676489.4,2026-06-26 19:59:59.999000+00:00,1
2026-06-26 20:00:00+00:00,7.325,7.384,7.284,7.347,471315.9,2026-06-26 23:59:59.999000+00:00,1
2026-06-27 00:00:00+00:00,7.348,7.412,7.319,7.363,267576.0,2026-06-27 03:59:59.999000+00:00,1
2026-06-27 04:00:00+00:00,7.363,7.402,7.34,7.381,216310.4,2026-06-27 07:59:59.999000+00:00,1
2026-06-27 08:00:00+00:00,7.381,7.382,7.327,7.351,272949.1,2026-06-27 11:59:59.999000+00:00,1
2026-06-27 12:00:00+00:00,7.352,7.473,7.335,7.451,337793.5,2026-06-27 15:59:59.999000+00:00,1
2026-06-27 16:00:00+00:00,7.451,7.464,7.299,7.321,406867.9,2026-06-27 19:59:59.999000+00:00,1
2026-06-27 20:00:00+00:00,7.321,7.342,7.243,7.293,300560.7,2026-06-27 23:59:59.999000+00:00,1
2026-06-28 00:00:00+00:00,7.292,7.313,7.265,7.302,200176.8,2026-06-28 03:59:59.999000+00:00,1
2026-06-28 04:00:00+00:00,7.301,7.306,7.216,7.301,470072.8,2026-06-28 07:59:59.999000+00:00,1
2026-06-28 08:00:00+00:00,7.301,7.356,7.229,7.285,511847.7,2026-06-28 11:59:59.999000+00:00,1
2026-06-28 12:00:00+00:00,7.285,7.328,7.237,7.313,360810.6,2026-06-28 15:59:59.999000+00:00,1
2026-06-28 16:00:00+00:00,7.313,7.317,7.192,7.224,346820.1,2026-06-28 19:59:59.999000+00:00,1
2026-06-28 20:00:00+00:00,7.223,7.29,7.152,7.264,430485.0,2026-06-28 23:59:59.999000+00:00,1
2026-06-29 00:00:00+00:00,7.265,7.363,7.173,7.327,554154.7,2026-06-29 03:59:59.999000+00:00,1
2026-06-29 04:00:00+00:00,7.328,7.347,7.216,7.317,392878.2,2026-06-29 07:59:59.999000+00:00,1
2026-06-29 08:00:00+00:00,7.317,7.358,7.271,7.301,603936.0,2026-06-29 11:59:59.999000+00:00,1
2026-06-29 12:00:00+00:00,7.301,7.406,7.197,7.324,1109044.9,2026-06-29 15:59:59.999000+00:00,1
2026-06-29 16:00:00+00:00,7.324,7.499,7.276,7.468,830964.5,2026-06-29 19:59:59.999000+00:00,1
2026-06-29 20:00:00+00:00,7.469,7.473,7.366,7.377,279330.2,2026-06-29 23:59:59.999000+00:00,1
2026-06-30 00:00:00+00:00,7.377,7.395,7.27,7.288,982035.0,2026-06-30 03:59:59.999000+00:00,1
2026-06-30 04:00:00+00:00,7.287,7.322,7.265,7.297,195289.0,2026-06-30 07:59:59.999000+00:00,1
2026-06-30 08:00:00+00:00,7.297,7.302,7.242,7.254,399336.1,2026-06-30 11:59:59.999000+00:00,1
2026-06-30 12:00:00+00:00,7.254,7.268,7.117,7.153,1012648.4,2026-06-30 15:59:59.999000+00:00,1
2026-06-30 16:00:00+00:00,7.154,7.233,7.118,7.21,271550.4,2026-06-30 19:59:59.999000+00:00,1
2026-06-30 20:00:00+00:00,7.21,7.214,7.145,7.197,186007.8,2026-06-30 23:59:59.999000+00:00,1
2026-07-01 00:00:00+00:00,7.197,7.304,7.064,7.287,684913.4,2026-07-01 03:59:59.999000+00:00,1
2026-07-01 04:00:00+00:00,7.287,7.332,7.174,7.2,537257.5,2026-07-01 07:59:59.999000+00:00,1
2026-07-01 08:00:00+00:00,7.2,7.262,7.17,7.217,473063.9,2026-07-01 11:59:59.999000+00:00,1
2026-07-01 12:00:00+00:00,7.217,7.458,7.185,7.411,1261958.1,2026-07-01 15:59:59.999000+00:00,1
2026-07-01 16:00:00+00:00,7.411,7.444,7.346,7.375,312997.9,2026-07-01 19:59:59.999000+00:00,1
2026-07-01 20:00:00+00:00,7.376,7.533,7.342,7.354,779299.6,2026-07-01 23:59:59.999000+00:00,1
2026-07-02 00:00:00+00:00,7.355,7.544,7.302,7.535,1115314.8,2026-07-02 03:59:59.999000+00:00,1
2026-07-02 04:00:00+00:00,7.536,7.538,7.425,7.45,318258.4,2026-07-02 07:59:59.999000+00:00,1
2026-07-02 08:00:00+00:00,7.45,7.662,7.445,7.653,889426.2,2026-07-02 11:59:59.999000+00:00,1
2026-07-02 12:00:00+00:00,7.653,7.94,7.64,7.781,2100882.6,2026-07-02 15:59:59.999000+00:00,1
2026-07-02 16:00:00+00:00,7.782,7.815,7.718,7.741,545759.9,2026-07-02 19:59:59.999000+00:00,1
2026-07-02 20:00:00+00:00,7.741,7.756,7.691,7.744,387807.0,2026-07-02 23:59:59.999000+00:00,1
2026-07-03 00:00:00+00:00,7.743,7.828,7.718,7.76,522281.4,2026-07-03 03:59:59.999000+00:00,1
2026-07-03 04:00:00+00:00,7.761,7.804,7.725,7.765,358787.8,2026-07-03 07:59:59.999000+00:00,1
2026-07-03 08:00:00+00:00,7.766,7.876,7.76,7.87,530461.2,2026-07-03 11:59:59.999000+00:00,1
2026-07-03 12:00:00+00:00,7.87,7.895,7.806,7.843,503774.1,2026-07-03 15:59:59.999000+00:00,1
2026-07-03 16:00:00+00:00,7.843,7.973,7.813,7.943,480181.4,2026-07-03 19:59:59.999000+00:00,1
2026-07-03 20:00:00+00:00,7.943,8.036,7.922,7.969,470826.7,2026-07-03 23:59:59.999000+00:00,1
2026-07-04 00:00:00+00:00,7.97,7.987,7.891,7.919,344266.0,2026-07-04 03:59:59.999000+00:00,1
2026-07-04 04:00:00+00:00,7.918,7.977,7.886,7.918,346560.8,2026-07-04 07:59:59.999000+00:00,1
2026-07-04 08:00:00+00:00,7.919,7.941,7.876,7.907,201307.2,2026-07-04 11:59:59.999000+00:00,1
2026-07-04 12:00:00+00:00,7.907,8.097,7.906,8.084,565553.6,2026-07-04 15:59:59.999000+00:00,1
2026-07-04 16:00:00+00:00,8.084,8.172,8.051,8.072,464561.2,2026-07-04 19:59:59.999000+00:00,1
2026-07-04 20:00:00+00:00,8.072,8.085,7.967,8.001,220034.7,2026-07-04 23:59:59.999000+00:00,1
2026-07-05 00:00:00+00:00,8.001,8.004,7.871,7.888,592012.4,2026-07-05 03:59:59.999000+00:00,1
2026-07-05 04:00:00+00:00,7.888,7.926,7.846,7.919,259639.8,2026-07-05 07:59:59.999000+00:00,1
2026-07-05 08:00:00+00:00,7.92,7.938,7.834,7.884,328444.8,2026-07-05 11:59:59.999000+00:00,1
2026-07-05 12:00:00+00:00,7.884,8.005,7.867,7.961,340608.0,2026-07-05 15:59:59.999000+00:00,1
2026-07-05 16:00:00+00:00,7.962,8.033,7.936,8.015,233156.7,2026-07-05 19:59:59.999000+00:00,1
2026-07-05 20:00:00+00:00,8.014,8.148,7.972,8.06,388557.1,2026-07-05 23:59:59.999000+00:00,1
2026-07-06 00:00:00+00:00,8.059,8.128,7.967,7.994,550166.2,2026-07-06 03:59:59.999000+00:00,1
2026-07-06 04:00:00+00:00,7.993,8.002,7.901,7.947,413170.1,2026-07-06 07:59:59.999000+00:00,1
2026-07-06 08:00:00+00:00,7.947,7.986,7.879,7.919,340076.7,2026-07-06 11:59:59.999000+00:00,1
2026-07-06 12:00:00+00:00,7.918,8.023,7.754,8.016,1336949.6,2026-07-06 15:59:59.999000+00:00,1
2026-07-06 16:00:00+00:00,8.016,8.08,7.981,8.0,501305.6,2026-07-06 19:59:59.999000+00:00,1
2026-07-06 20:00:00+00:00,8.001,8.169,7.971,8.018,463734.0,2026-07-06 23:59:59.999000+00:00,1
2026-07-07 00:00:00+00:00,8.019,8.064,7.872,7.881,364901.3,2026-07-07 03:59:59.999000+00:00,1
2026-07-07 04:00:00+00:00,7.881,7.943,7.808,7.902,418144.9,2026-07-07 07:59:59.999000+00:00,1
2026-07-07 08:00:00+00:00,7.903,7.958,7.881,7.924,399769.0,2026-07-07 11:59:59.999000+00:00,1
2026-07-07 12:00:00+00:00,7.924,8.018,7.792,7.994,718084.1,2026-07-07 15:59:59.999000+00:00,1
2026-07-07 16:00:00+00:00,7.995,8.043,7.856,7.923,429114.5,2026-07-07 19:59:59.999000+00:00,1
2026-07-07 20:00:00+00:00,7.924,7.937,7.796,7.858,354637.7,2026-07-07 23:59:59.999000+00:00,1
2026-07-08 00:00:00+00:00,7.858,7.892,7.659,7.692,943133.4,2026-07-08 03:59:59.999000+00:00,1
2026-07-08 04:00:00+00:00,7.693,7.726,7.647,7.697,375451.0,2026-07-08 07:59:59.999000+00:00,1
2026-07-08 08:00:00+00:00,7.697,7.718,7.54,7.631,1003149.6,2026-07-08 11:59:59.999000+00:00,1
2026-07-08 12:00:00+00:00,7.632,7.637,7.516,7.549,919972.1,2026-07-08 15:59:59.999000+00:00,1
2026-07-08 16:00:00+00:00,7.548,7.656,7.539,7.638,395311.9,2026-07-08 19:59:59.999000+00:00,1
2026-07-08 20:00:00+00:00,7.639,7.662,7.588,7.636,222571.9,2026-07-08 23:59:59.999000+00:00,1
2026-07-09 00:00:00+00:00,7.637,7.703,7.567,7.62,448293.5,2026-07-09 03:59:59.999000+00:00,1
2026-07-09 04:00:00+00:00,7.621,7.781,7.611,7.723,397716.1,2026-07-09 07:59:59.999000+00:00,1
2026-07-09 08:00:00+00:00,7.724,7.767,7.701,7.732,241409.0,2026-07-09 11:59:59.999000+00:00,1
2026-07-09 12:00:00+00:00,7.733,7.77,7.671,7.697,533621.9,2026-07-09 15:59:59.999000+00:00,1
2026-07-09 16:00:00+00:00,7.698,7.81,7.669,7.768,374661.5,2026-07-09 19:59:59.999000+00:00,1
2026-07-09 20:00:00+00:00,7.768,7.782,7.719,7.729,148174.8,2026-07-09 23:59:59.999000+00:00,1
2026-07-10 00:00:00+00:00,7.729,7.934,7.703,7.901,807831.5,2026-07-10 03:59:59.999000+00:00,1
2026-07-10 04:00:00+00:00,7.902,7.921,7.872,7.895,174849.8,2026-07-10 07:59:59.999000+00:00,1
2026-07-10 08:00:00+00:00,7.896,8.013,7.892,7.988,359012.6,2026-07-10 11:59:59.999000+00:00,1
2026-07-10 12:00:00+00:00,7.987,8.014,7.847,7.92,693203.9,2026-07-10 15:59:59.999000+00:00,1
2026-07-10 16:00:00+00:00,7.92,7.968,7.882,7.912,320113.9,2026-07-10 19:59:59.999000+00:00,1
2026-07-10 20:00:00+00:00,7.913,7.965,7.892,7.963,195881.4,2026-07-10 23:59:59.999000+00:00,1
2026-07-11 00:00:00+00:00,7.964,8.002,7.936,7.991,335079.3,2026-07-11 03:59:59.999000+00:00,1
2026-07-11 04:00:00+00:00,7.991,8.018,7.966,7.987,232767.8,2026-07-11 07:59:59.999000+00:00,1
2026-07-11 08:00:00+00:00,7.986,8.01,7.966,8.0,231720.3,2026-07-11 11:59:59.999000+00:00,1
2026-07-11 12:00:00+00:00,8.0,8.089,7.994,8.057,468747.8,2026-07-11 15:59:59.999000+00:00,1
2026-07-11 16:00:00+00:00,8.056,8.115,8.032,8.075,251854.2,2026-07-11 19:59:59.999000+00:00,1
2026-07-11 20:00:00+00:00,8.076,8.078,7.901,7.907,550507.1,2026-07-11 23:59:59.999000+00:00,1
2026-07-12 00:00:00+00:00,7.906,8.04,7.854,8.035,553609.1,2026-07-12 03:59:59.999000+00:00,1
2026-07-12 04:00:00+00:00,8.034,8.042,7.923,7.971,416411.2,2026-07-12 07:59:59.999000+00:00,1
2026-07-12 08:00:00+00:00,7.97,8.033,7.967,8.026,318163.2,2026-07-12 11:59:59.999000+00:00,1
2026-07-12 12:00:00+00:00,8.025,8.092,8.01,8.065,400352.8,2026-07-12 15:59:59.999000+00:00,1
2026-07-12 16:00:00+00:00,8.066,8.081,8.018,8.074,405186.0,2026-07-12 19:59:59.999000+00:00,1
2026-07-12 20:00:00+00:00,8.075,8.105,7.941,7.99,387053.9,2026-07-12 23:59:59.999000+00:00,1
2026-07-13 00:00:00+00:00,7.99,8.132,7.865,7.917,1148307.7,2026-07-13 03:59:59.999000+00:00,1
2026-07-13 04:00:00+00:00,7.917,7.989,7.88,7.973,461505.4,2026-07-13 07:59:59.999000+00:00,1
2026-07-13 08:00:00+00:00,7.973,8.009,7.929,7.93,297060.1,2026-07-13 11:59:59.999000+00:00,1
2026-07-13 12:00:00+00:00,7.929,7.988,7.851,7.932,677613.8,2026-07-13 15:59:59.999000+00:00,1
2026-07-13 16:00:00+00:00,7.932,7.95,7.779,7.899,778474.5,2026-07-13 19:59:59.999000+00:00,1
2026-07-13 20:00:00+00:00,7.899,7.906,7.791,7.885,355870.2,2026-07-13 23:59:59.999000+00:00,1
2026-07-14 00:00:00+00:00,7.885,7.955,7.86,7.915,318528.8,2026-07-14 03:59:59.999000+00:00,1
2026-07-14 04:00:00+00:00,7.916,7.988,7.91,7.918,192343.6,2026-07-14 07:59:59.999000+00:00,1
2026-07-14 08:00:00+00:00,7.918,7.992,7.894,7.986,253802.7,2026-07-14 11:59:59.999000+00:00,1
2026-07-14 12:00:00+00:00,7.987,8.4,7.945,8.294,2065922.8,2026-07-14 15:59:59.999000+00:00,1
2026-07-14 16:00:00+00:00,8.295,8.31,8.196,8.289,591957.9,2026-07-14 19:59:59.999000+00:00,1
2026-07-14 20:00:00+00:00,8.29,8.348,8.245,8.34,309453.4,2026-07-14 23:59:59.999000+00:00,1
2026-07-15 00:00:00+00:00,8.341,8.353,8.264,8.318,353182.5,2026-07-15 03:59:59.999000+00:00,1
2026-07-15 04:00:00+00:00,8.317,8.408,8.304,8.327,448541.9,2026-07-15 07:59:59.999000+00:00,1
2026-07-15 08:00:00+00:00,8.328,8.432,8.324,8.421,885974.9,2026-07-15 11:59:59.999000+00:00,1
2026-07-15 12:00:00+00:00,8.422,8.629,8.398,8.547,1444508.5,2026-07-15 15:59:59.999000+00:00,1
2026-07-15 16:00:00+00:00,8.548,8.567,8.42,8.499,742576.9,2026-07-15 19:59:59.999000+00:00,1
2026-07-15 20:00:00+00:00,8.499,8.576,8.484,8.534,357707.4,2026-07-15 23:59:59.999000+00:00,1
2026-07-16 00:00:00+00:00,8.533,8.562,8.444,8.525,491671.0,2026-07-16 03:59:59.999000+00:00,1
2026-07-16 04:00:00+00:00,8.526,8.564,8.459,8.513,548723.0,2026-07-16 07:59:59.999000+00:00,1
2026-07-16 08:00:00+00:00,8.513,8.516,8.393,8.443,605340.2,2026-07-16 11:59:59.999000+00:00,1
2026-07-16 12:00:00+00:00,8.444,8.489,8.368,8.438,841091.4,2026-07-16 15:59:59.999000+00:00,1
2026-07-16 16:00:00+00:00,8.439,8.449,8.351,8.402,519881.7,2026-07-16 19:59:59.999000+00:00,1
2026-07-16 20:00:00+00:00,8.401,8.459,8.307,8.335,390881.6,2026-07-16 23:59:59.999000+00:00,1
2026-07-17 00:00:00+00:00,8.335,8.363,8.25,8.277,507004.6,2026-07-17 03:59:59.999000+00:00,1
2026-07-17 04:00:00+00:00,8.276,8.3,8.15,8.167,536406.1,2026-07-17 07:59:59.999000+00:00,1
2026-07-17 08:00:00+00:00,8.167,8.22,8.128,8.2,496971.4,2026-07-17 11:59:59.999000+00:00,1
2026-07-17 12:00:00+00:00,8.199,8.2,7.999,8.163,1069491.0,2026-07-17 15:59:59.999000+00:00,1
2026-07-17 16:00:00+00:00,8.163,8.286,8.138,8.244,498746.0,2026-07-17 19:59:59.999000+00:00,1
2026-07-17 20:00:00+00:00,8.244,8.278,8.212,8.251,234672.2,2026-07-17 23:59:59.999000+00:00,1
2026-07-18 00:00:00+00:00,8.251,8.295,8.234,8.277,211575.3,2026-07-18 03:59:59.999000+00:00,1
2026-07-18 04:00:00+00:00,8.277,8.281,8.232,8.245,110259.0,2026-07-18 07:59:59.999000+00:00,1
2026-07-18 08:00:00+00:00,8.246,8.291,8.205,8.282,189311.5,2026-07-18 11:59:59.999000+00:00,1
2026-07-18 12:00:00+00:00,8.281,8.337,8.248,8.27,491695.9,2026-07-18 15:59:59.999000+00:00,1
2026-07-18 16:00:00+00:00,8.27,8.354,8.255,8.329,330526.2,2026-07-18 19:59:59.999000+00:00,1
2026-07-18 20:00:00+00:00,8.33,8.375,8.321,8.343,234113.7,2026-07-18 23:59:59.999000+00:00,1
2026-07-19 00:00:00+00:00,8.343,8.395,8.325,8.341,231940.2,2026-07-19 03:59:59.999000+00:00,1
2026-07-19 04:00:00+00:00,8.341,8.375,8.324,8.362,94973.5,2026-07-19 07:59:59.999000+00:00,1
2026-07-19 08:00:00+00:00,8.363,8.38,8.316,8.353,143728.3,2026-07-19 11:59:59.999000+00:00,1
2026-07-19 12:00:00+00:00,8.352,8.388,8.314,8.354,190097.5,2026-07-19 15:59:59.999000+00:00,1
2026-07-19 16:00:00+00:00,8.354,8.374,8.279,8.333,274252.1,2026-07-19 19:59:59.999000+00:00,1
2026-07-19 20:00:00+00:00,8.333,8.408,8.316,8.381,291934.8,2026-07-19 23:59:59.999000+00:00,1
2026-07-20 00:00:00+00:00,8.381,8.532,8.359,8.45,709321.3,2026-07-20 03:59:59.999000+00:00,1
2026-07-20 04:00:00+00:00,8.451,8.465,8.283,8.355,721038.0,2026-07-20 07:59:59.999000+00:00,1
2026-07-20 08:00:00+00:00,8.355,8.514,8.296,8.504,806375.3,2026-07-20 11:59:59.999000+00:00,1
2026-07-20 12:00:00+00:00,8.504,8.564,8.301,8.55,1267662.9,2026-07-20 15:59:59.999000+00:00,1
2026-07-20 16:00:00+00:00,8.55,8.641,8.504,8.554,1015323.4,2026-07-20 19:59:59.999000+00:00,1
2026-07-20 20:00:00+00:00,8.554,8.61,8.518,8.588,520159.4,2026-07-20 23:59:59.999000+00:00,1
2026-07-21 00:00:00+00:00,8.589,8.647,8.563,8.633,484854.8,2026-07-21 03:59:59.999000+00:00,1
2026-07-21 04:00:00+00:00,8.632,8.759,8.619,8.735,1062562.5,2026-07-21 07:59:59.999000+00:00,1
2026-07-21 08:00:00+00:00,8.736,8.755,8.68,8.702,456405.1,2026-07-21 11:59:59.999000+00:00,1
2026-07-21 12:00:00+00:00,8.701,8.735,8.644,8.687,512228.2,2026-07-21 15:59:59.999000+00:00,1
2026-07-21 16:00:00+00:00,8.686,8.698,8.581,8.618,376361.8,2026-07-21 19:59:59.999000+00:00,1
2026-07-21 20:00:00+00:00,8.619,8.659,8.597,8.655,241392.7,2026-07-21 23:59:59.999000+00:00,1
2026-07-22 00:00:00+00:00,8.656,8.721,8.65,8.682,456733.3,2026-07-22 03:59:59.999000+00:00,1
2026-07-22 04:00:00+00:00,8.681,8.745,8.569,8.579,456909.2,2026-07-22 07:59:59.999000+00:00,1
2026-07-22 08:00:00+00:00,8.579,8.686,8.574,8.636,322999.0,2026-07-22 11:59:59.999000+00:00,1
2026-07-22 12:00:00+00:00,8.637,8.754,8.571,8.684,625110.1,2026-07-22 15:59:59.999000+00:00,1
2026-07-22 16:00:00+00:00,8.685,8.732,8.581,8.623,428379.8,2026-07-22 19:59:59.999000+00:00,1
2026-07-22 20:00:00+00:00,8.622,8.655,8.58,8.626,308643.0,2026-07-22 23:59:59.999000+00:00,1
2026-07-23 00:00:00+00:00,8.626,8.679,8.581,8.583,239728.0,2026-07-23 03:59:59.999000+00:00,1
2026-07-23 04:00:00+00:00,8.583,8.616,8.514,8.53,376201.0,2026-07-23 07:59:59.999000+00:00,1
2026-07-23 08:00:00+00:00,8.529,8.657,8.517,8.634,319928.2,2026-07-23 11:59:59.999000+00:00,1
2026-07-23 12:00:00+00:00,8.634,8.638,8.412,8.494,944195.3,2026-07-23 15:59:59.999000+00:00,1
2026-07-23 16:00:00+00:00,8.494,8.508,8.427,8.456,288300.1,2026-07-23 19:59:59.999000+00:00,1
2026-07-23 20:00:00+00:00,8.455,8.523,8.441,8.466,214297.1,2026-07-23 23:59:59.999000+00:00,1
2026-07-24 00:00:00+00:00,8.465,8.469,8.389,8.452,379716.3,2026-07-24 03:59:59.999000+00:00,1
2026-07-24 04:00:00+00:00,8.452,8.575,8.415,8.556,505857.8,2026-07-24 07:59:59.999000+00:00,1
2026-07-24 08:00:00+00:00,8.556,8.557,8.423,8.459,336189.7,2026-07-24 11:59:59.999000+00:00,1
2026-07-24 12:00:00+00:00,8.459,8.484,8.285,8.363,887246.8,2026-07-24 15:59:59.999000+00:00,1
2026-07-24 16:00:00+00:00,8.364,8.368,8.307,8.355,280410.8,2026-07-24 19:59:59.999000+00:00,1
2026-07-24 20:00:00+00:00,8.355,8.364,8.292,8.337,189146.8,2026-07-24 23:59:59.999000+00:00,1
2026-07-25 00:00:00+00:00,8.336,8.358,8.313,8.338,192956.0,2026-07-25 03:59:59.999000+00:00,1
2026-07-25 04:00:00+00:00,8.337,8.352,8.282,8.291,138678.3,2026-07-25 07:59:59.999000+00:00,1
2026-07-25 08:00:00+00:00,8.291,8.314,8.261,8.313,197836.3,2026-07-25 11:59:59.999000+00:00,1
2026-07-25 12:00:00+00:00,8.314,8.396,8.308,8.381,444042.3,2026-07-25 15:59:59.999000+00:00,1
2026-07-25 16:00:00+00:00,8.381,8.435,8.37,8.399,180958.0,2026-07-25 19:59:59.999000+00:00,1
2026-07-25 20:00:00+00:00,8.399,8.4,8.352,8.378,133146.2,2026-07-25 23:59:59.999000+00:00,1
2026-07-26 00:00:00+00:00,8.379,8.426,8.372,8.423,186976.1,2026-07-26 03:59:59.999000+00:00,1
2026-07-26 04:00:00+00:00,8.424,8.474,8.397,8.418,275597.5,2026-07-26 07:59:59.999000+00:00,1
2026-07-26 08:00:00+00:00,8.418,8.438,8.4,8.431,142060.9,2026-07-26 11:59:59.999000+00:00,1
2026-07-26 12:00:00+00:00,8.431,8.597,8.419,8.594,532650.8,2026-07-26 15:59:59.999000+00:00,1
2026-07-26 16:00:00+00:00,8.594,8.663,8.557,8.579,491021.8,2026-07-26 19:59:59.999000+00:00,1
2026-07-26 20:00:00+00:00,8.579,8.839,8.566,8.824,989941.8,2026-07-26 23:59:59.999000+00:00,1
2026-07-27 00:00:00+00:00,8.825,8.829,8.72,8.775,421690.5,2026-07-27 03:59:59.999000+00:00,1
2026-07-27 04:00:00+00:00,8.774,8.914,8.758,8.807,679515.5,2026-07-27 07:59:59.999000+00:00,1
2026-07-27 08:00:00+00:00,8.808,8.82,8.748,8.752,307956.4,2026-07-27 11:59:59.999000+00:00,1
2026-07-27 12:00:00+00:00,8.752,8.818,8.523,8.569,1064462.8,2026-07-27 15:59:59.999000+00:00,1
2026-07-27 16:00:00+00:00,8.57,8.656,8.548,8.63,399895.1,2026-07-27 19:59:59.999000+00:00,1
2026-07-27 20:00:00+00:00,8.631,8.642,8.341,8.375,1082713.6,2026-07-27 23:59:59.999000+00:00,1
2026-07-28 00:00:00+00:00,8.374,8.379,8.273,8.33,774113.2,2026-07-28 03:59:59.999000+00:00,1
2026-07-28 04:00:00+00:00,8.329,8.374,8.299,8.314,340242.0,2026-07-28 07:59:59.999000+00:00,1
2026-07-28 08:00:00+00:00,8.313,8.329,8.268,8.284,388384.5,2026-07-28 11:59:59.999000+00:00,1
2026-07-28 12:00:00+00:00,8.284,8.395,8.186,8.377,1600070.9,2026-07-28 15:59:59.999000+00:00,1
2026-07-28 16:00:00+00:00,8.378,8.413,8.303,8.378,458776.4,2026-07-28 19:59:59.999000+00:00,1
2026-07-28 20:00:00+00:00,8.379,8.451,8.352,8.441,496448.4,2026-07-28 23:59:59.999000+00:00,1
2026-07-29 00:00:00+00:00,8.442,8.511,8.326,8.331,743724.6,2026-07-29 03:59:59.999000+00:00,1
2026-07-29 04:00:00+00:00,8.332,8.438,8.283,8.436,376771.3,2026-07-29 07:59:59.999000+00:00,1
2026-07-29 08:00:00+00:00,8.437,8.476,8.371,8.402,337239.9,2026-07-29 11:59:59.999000+00:00,1
2026-07-29 12:00:00+00:00,8.402,8.402,8.235,8.271,536064.9,2026-07-29 15:59:59.999000+00:00,1
2026-07-29 16:00:00+00:00,8.27,8.44,8.223,8.229,998796.2,2026-07-29 19:59:59.999000+00:00,1
2026-07-29 20:00:00+00:00,8.228,8.337,8.159,8.329,706820.6,2026-07-29 23:59:59.999000+00:00,1
2026-07-30 00:00:00+00:00,8.33,8.395,8.275,8.335,440290.3,2026-07-30 03:59:59.999000+00:00,1
2026-07-30 04:00:00+00:00,8.335,8.338,8.259,8.285,254544.0,2026-07-30 07:59:59.999000+00:00,1
2026-07-30 08:00:00+00:00,8.286,8.467,8.272,8.457,606521.7,2026-07-30 11:59:59.999000+00:00,1
2026-07-30 12:00:00+00:00,8.458,8.527,8.415,8.48,1141087.1,2026-07-30 15:59:59.999000+00:00,1
2026-07-30 16:00:00+00:00,8.48,8.515,8.447,8.486,257040.4,2026-07-30 19:59:59.999000+00:00,1
2026-07-30 20:00:00+00:00,8.487,8.523,8.447,8.449,355874.8,2026-07-30 23:59:59.999000+00:00,1
2026-07-31 00:00:00+00:00,8.448,8.511,8.317,8.364,632016.5,2026-07-31 03:59:59.999000+00:00,1
2026-07-31 04:00:00+00:00,8.364,8.384,8.243,8.293,505793.5,2026-07-31 07:59:59.999000+00:00,1
2026-07-31 08:00:00+00:00,8.294,8.326,8.209,8.259,496021.7,2026-07-31 11:59:59.999000+00:00,1
2026-07-31 12:00:00+00:00,8.26,8.272,8.014,8.108,1731671.8,2026-07-31 15:59:59.999000+00:00,1
2026-07-31 16:00:00+00:00,8.109,8.203,8.096,8.168,434186.5,2026-07-31 19:59:59.999000+00:00,1
2026-07-31 20:00:00+00:00,8.168,8.178,8.126,8.167,277703.6,2026-07-31 23:59:59.999000+00:00,1
2026-08-01 00:00:00+00:00,8.168,8.245,8.168,8.205,264625.4,2026-08-01 03:59:59.999000+00:00,1
2026-08-01 04:00:00+00:00,8.206,8.239,8.128,8.133,227069.4,2026-08-01 07:59:59.999000+00:00,1
2026-08-01 08:00:00+00:00,8.133,8.139,8.077,8.085,181346.0,2026-08-01 11:59:59.999000+00:00,1
2026-08-01 12:00:00+00:00,8.085,8.113,8.082,8.097,160044.5,2026-08-01 15:59:59.999000+00:00,1
2026-08-01 16:00:00+00:00,8.097,8.107,7.878,7.998,1018093.9,2026-08-01 19:59:59.999000+00:00,1
2026-08-01 20:00:00+00:00,7.997,8.078,7.989,8.064,271256.4,2026-08-01 23:59:59.999000+00:00,1
2026-08-02 00:00:00+00:00,8.063,8.304,8.051,8.287,886641.0,2026-08-02 03:59:59.999000+00:00,1
2026-08-02 04:00:00+00:00,8.287,8.416,8.277,8.374,639260.1,2026-08-02 07:59:59.999000+00:00,1
2026-08-02 08:00:00+00:00,8.375,8.388,8.263,8.276,490344.7,2026-08-02 11:59:59.999000+00:00,1
2026-08-02 12:00:00+00:00,8.277,8.309,8.265,8.273,226058.8,2026-08-02 15:59:59.999000+00:00,1
2026-08-02 16:00:00+00:00,8.273,8.368,8.247,8.327,342973.0,2026-08-02 19:59:59.999000+00:00,1
2026-08-02 20:00:00+00:00,8.328,8.453,8.316,8.378,495026.6,2026-08-02 23:59:59.999000+00:00,1
2026-08-03 00:00:00+00:00,8.379,8.386,8.226,8.248,510009.3,2026-08-03 03:59:59.999000+00:00,1
2026-08-03 04:00:00+00:00,8.248,8.28,8.209,8.215,332011.7,2026-08-03 07:59:59.999000+00:00,1
2026-08-03 08:00:00+00:00,8.215,8.262,8.155,8.183,386644.2,2026-08-03 11:59:59.999000+00:00,1
2026-08-03 12:00:00+00:00,8.184,8.315,8.16,8.242,733671.9,2026-08-03 15:59:59.999000+00:00,1
2026-08-03 16:00:00+00:00,8.243,8.279,8.22,8.229,336669.6,2026-08-03 19:59:59.999000+00:00,1
2026-08-03 20:00:00+00:00,8.228,8.26,8.162,8.182,181783.9,2026-08-03 23:59:59.999000+00:00,1
2026-08-04 00:00:00+00:00,8.182,8.23,8.111,8.192,500069.0,2026-08-04 03:59:59.999000+00:00,1
2026-08-04 04:00:00+00:00,8.191,8.26,8.117,8.17,399902.9,2026-08-04 07:59:59.999000+00:00,1
2026-08-04 08:00:00+00:00,8.17,8.219,8.121,8.212,326665.5,2026-08-04 11:59:59.999000+00:00,1
2026-08-04 12:00:00+00:00,8.211,8.259,8.134,8.189,1063395.7,2026-08-04 15:59:59.999000+00:00,1
2026-08-04 16:00:00+00:00,8.189,8.245,8.155,8.21,394954.3,2026-08-04 19:59:59.999000+00:00,1
2026-08-04 20:00:00+00:00,8.211,8.22,8.139,8.143,248251.3,2026-08-04 23:59:59.999000+00:00,1
2026-08-05 00:00:00+00:00,8.143,8.195,8.088,8.12,411234.7,2026-08-05 03:59:59.999000+00:00,1
2026-08-05 04:00:00+00:00,8.121,8.198,8.117,8.182,225766.1,2026-08-05 07:59:59.999000+00:00,1
2026-08-05 08:00:00+00:00,8.183,8.204,8.139,8.148,194209.7,2026-08-05 11:59:59.999000+00:00,1
2026-08-05 12:00:00+00:00,8.147,8.223,8.061,8.105,613893.1,2026-08-05 15:59:59.999000+00:00,1
2026-08-05 16:00:00+00:00,8.104,8.252,8.097,8.182,300813.7,2026-08-05 19:59:59.999000+00:00,1
2026-08-05 20:00:00+00:00,8.182,8.223,8.121,8.155,191547.8,2026-08-05 23:59:59.999000+00:00,1
2026-08-06 00:00:00+00:00,8.155,8.191,8.092,8.11,268540.4,2026-08-06 03:59:59.999000+00:00,1
2026-08-06 04:00:00+00:00,8.111,8.225,8.099,8.182,390552.5,2026-08-06 07:59:59.999000+00:00,1
2026-08-06 08:00:00+00:00,8.183,8.207,8.058,8.155,673267.4,2026-08-06 11:59:59.999000+00:00,1
2026-08-06 12:00:00+00:00,8.156,8.268,8.098,8.219,617470.5,2026-08-06 15:59:59.999000+00:00,1
2026-08-06 16:00:00+00:00,8.22,8.338,8.182,8.193,560926.2,2026-08-06 19:59:59.999000+00:00,1
2026-08-06 20:00:00+00:00,8.193,8.234,8.155,8.19,248781.5,2026-08-06 23:59:59.999000+00:00,1
2026-08-07 00:00:00+00:00,8.19,8.244,8.133,8.134,403072.4,2026-08-07 03:59:59.999000+00:00,1
2026-08-07 04:00:00+00:00,8.133,8.205,8.098,8.183,357599.0,2026-08-07 07:59:59.999000+00:00,1
2026-08-07 08:00:00+00:00,8.182,8.243,8.182,8.214,290427.7,2026-08-07 11:59:59.999000+00:00,1
2026-08-07 12:00:00+00:00,8.214,8.309,8.213,8.275,765614.0,2026-08-07 15:59:59.999000+00:00,1
2026-08-07 16:00:00+00:00,8.276,8.314,8.156,8.21,408478.8,2026-08-07 19:59:59.999000+00:00,1
2026-08-07 20:00:00+00:00,8.21,8.217,8.15,8.184,141158.2,2026-08-07 23:59:59.999000+00:00,1
2026-08-08 00:00:00+00:00,8.184,8.269,8.158,8.258,268858.5,2026-08-08 03:59:59.999000+00:00,1
2026-08-08 04:00:00+00:00,8.258,8.31,8.234,8.258,301137.3,2026-08-08 07:59:59.999000+00:00,1
2026-08-08 08:00:00+00:00,8.259,8.357,8.251,8.325,335927.8,2026-08-08 11:59:59.999000+00:00,1
2026-08-08 12:00:00+00:00,8.326,8.397,8.299,8.339,338497.7,2026-08-08 15:59:59.999000+00:00,1
2026-08-08 16:00:00+00:00,8.339,8.363,8.316,8.328,175723.1,2026-08-08 19:59:59.999000+00:00,1
2026-08-08 20:00:00+00:00,8.327,8.345,8.286,8.302,194894.7,2026-08-08 23:59:59.999000+00:00,1
2026-08-09 00:00:00+00:00,8.302,8.332,8.259,8.28,267721.1,2026-08-09 03:59:59.999000+00:00,1
2026-08-09 04:00:00+00:00,8.28,8.349,8.255,8.336,267208.1,2026-08-09 07:59:59.999000+00:00,1
2026-08-09 08:00:00+00:00,8.337,8.356,8.288,8.295,198389.8,2026-08-09 11:59:59.999000+00:00,1
2026-08-09 12:00:00+00:00,8.295,8.364,8.275,8.35,495240.5,2026-08-09 15:59:59.999000+00:00,1
2026-08-09 16:00:00+00:00,8.351,8.357,8.304,8.316,158811.3,2026-08-09 19:59:59.999000+00:00,1
2026-08-09 20:00:00+00:00,8.317,8.39,8.164,8.181,692690.5,2026-08-09 23:59:59.999000+00:00,1
2026-08-10 00:00:00+00:00,8.18,8.256,8.156,8.181,520287.6,2026-08-10 03:59:59.999000+00:00,1
2026-08-10 04:00:00+00:00,8.181,8.244,8.172,8.219,254014.1,2026-08-10 07:59:59.999000+00:00,1
2026-08-10 08:00:00+00:00,8.219,8.321,8.192,8.303,686387.7,2026-08-10 11:59:59.999000+00:00,1
2026-08-10 12:00:00+00:00,8.304,8.369,8.247,8.3,1071269.6,2026-08-10 15:59:59.999000+00:00,1
2026-08-10 16:00:00+00:00,8.299,8.312,8.204,8.27,556418.6,2026-08-10 19:59:59.999000+00:00,1
2026-08-10 20:00:00+00:00,8.271,8.318,8.25,8.296,208087.7,2026-08-10 23:59:59.999000+00:00,1
2026-08-11 00:00:00+00:00,8.297,8.462,8.286,8.387,766115.6,2026-08-11 03:59:59.999000+00:00,1
2026-08-11 04:00:00+00:00,8.387,8.471,8.363,8.471,432490.4,2026-08-11 07:59:59.999000+00:00,1
2026-08-11 08:00:00+00:00,8.471,8.716,8.441,8.678,2256706.1,2026-08-11 11:59:59.999000+00:00,1
2026-08-11 12:00:00+00:00,8.678,8.7,8.495,8.563,1237945.8,2026-08-11 15:59:59.999000+00:00,1
2026-08-11 16:00:00+00:00,8.564,8.616,8.528,8.612,496771.5,2026-08-11 19:59:59.999000+00:00,1
2026-08-11 20:00:00+00:00,8.613,8.852,8.613,8.776,1221892.8,2026-08-11 23:59:59.999000+00:00,1
2026-08-12 00:00:00+00:00,8.776,8.823,8.707,8.722,485331.6,2026-08-12 03:59:59.999000+00:00,1
2026-08-12 04:00:00+00:00,8.722,8.761,8.676,8.75,339343.8,2026-08-12 07:59:59.999000+00:00,1
2026-08-12 08:00:00+00:00,8.751,8.882,8.732,8.874,901355.7,2026-08-12 11:59:59.999000+00:00,1
2026-08-12 12:00:00+00:00,8.875,8.891,8.691,8.779,1091603.8,2026-08-12 15:59:59.999000+00:00,1
2026-08-12 16:00:00+00:00,8.78,8.792,8.714,8.74,276143.4,2026-08-12 19:59:59.999000+00:00,1
2026-08-12 20:00:00+00:00,8.741,8.78,8.623,8.669,436283.6,2026-08-12 23:59:59.999000+00:00,1
2026-08-13 00:00:00+00:00,8.668,8.734,8.613,8.721,448511.0,2026-08-13 03:59:59.999000+00:00,1
2026-08-13 04:00:00+00:00,8.721,8.81,8.721,8.749,409809.0,2026-08-13 07:59:59.999000+00:00,1
2026-08-13 08:00:00+00:00,8.75,8.763,8.67,8.687,332916.4,2026-08-13 11:59:59.999000+00:00,1
2026-08-13 12:00:00+00:00,8.687,8.863,8.675,8.743,703759.8,2026-08-13 15:59:59.999000+00:00,1
2026-08-13 16:00:00+00:00,8.742,8.829,8.676,8.822,468009.5,2026-08-13 19:59:59.999000+00:00,1
2026-08-13 20:00:00+00:00,8.822,8.902,8.815,8.884,478510.5,2026-08-13 23:59:59.999000+00:00,1
2026-08-14 00:00:00+00:00,8.885,8.887,8.81,8.813,296530.4,2026-08-14 03:59:59.999000+00:00,1
2026-08-14 04:00:00+00:00,8.814,8.833,8.743,8.766,353309.8,2026-08-14 07:59:59.999000+00:00,1
2026-08-14 08:00:00+00:00,8.766,8.877,8.723,8.827,923361.2,2026-08-14 11:59:59.999000+00:00,1
2026-08-14 12:00:00+00:00,8.827,8.882,8.759,8.853,897500.0,2026-08-14 15:59:59.999000+00:00,1
2026-08-14 16:00:00+00:00,8.854,9.015,8.826,8.987,1260436.3,2026-08-14 19:59:59.999000+00:00,1
2026-08-14 20:00:00+00:00,8.986,9.012,8.922,8.967,457801.7,2026-08-14 23:59:59.999000+00:00,1
2026-08-15 00:00:00+00:00,8.968,9.745,8.966,9.578,4536236.2,2026-08-15 03:59:59.999000+00:00,1
2026-08-15 04:00:00+00:00,9.577,9.606,9.314,9.334,1609541.2,2026-08-15 07:59:59.999000+00:00,1
2026-08-15 08:00:00+00:00,9.335,9.386,9.22,9.307,1508152.0,2026-08-15 11:59:59.999000+00:00,1
2026-08-15 12:00:00+00:00,9.308,9.527,9.3,9.508,1498972.4,2026-08-15 15:59:59.999000+00:00,1
2026-08-15 16:00:00+00:00,9.508,9.632,9.485,9.581,1450241.2,2026-08-15 19:59:59.999000+00:00,1
2026-08-15 20:00:00+00:00,9.581,9.594,9.459,9.465,535242.7,2026-08-15 23:59:59.999000+00:00,1
2026-08-16 00:00:00+00:00,9.465,9.508,9.391,9.394,676928.2,2026-08-16 03:59:59.999000+00:00,1
2026-08-16 04:00:00+00:00,9.394,9.404,9.316,9.374,586278.8,2026-08-16 07:59:59.999000+00:00,1
2026-08-16 08:00:00+00:00,9.374,9.456,9.366,9.412,545271.7,2026-08-16 11:59:59.999000+00:00,1
2026-08-16 12:00:00+00:00,9.411,9.415,9.288,9.388,798033.0,2026-08-16 15:59:59.999000+00:00,1
2026-08-16 16:00:00+00:00,9.389,9.496,9.362,9.46,903090.7,2026-08-16 19:59:59.999000+00:00,1
2026-08-16 20:00:00+00:00,9.46,9.487,9.338,9.383,739600.3,2026-08-16 23:59:59.999000+00:00,1
2026-08-17 00:00:00+00:00,9.383,9.569,9.354,9.484,888874.9,2026-08-17 03:59:59.999000+00:00,1
2026-08-17 04:00:00+00:00,9.485,9.502,9.402,9.402,590036.0,2026-08-17 07:59:59.999000+00:00,1
2026-08-17 08:00:00+00:00,9.402,9.556,9.361,9.51,626310.7,2026-08-17 11:59:59.999000+00:00,1
2026-08-17 12:00:00+00:00,9.51,9.569,9.436,9.514,867483.3,2026-08-17 15:59:59.999000+00:00,1
2026-08-17 16:00:00+00:00,9.515,9.566,9.455,9.489,603232.6,2026-08-17 19:59:59.999000+00:00,1
2026-08-17 20:00:00+00:00,9.489,9.551,9.466,9.536,232832.3,2026-08-17 23:59:59.999000+00:00,1
2026-08-18 00:00:00+00:00,9.537,9.544,9.315,9.416,867157.9,2026-08-18 03:59:59.999000+00:00,1
2026-08-18 04:00:00+00:00,9.416,9.536,9.382,9.423,654212.0,2026-08-18 07:59:59.999000+00:00,1
2026-08-18 08:00:00+00:00,9.424,9.494,9.376,9.436,385453.2,2026-08-18 11:59:59.999000+00:00,1
2026-08-18 12:00:00+00:00,9.436,9.555,9.394,9.474,737609.0,2026-08-18 15:59:59.999000+00:00,1
2026-08-18 16:00:00+00:00,9.474,9.539,9.444,9.496,425445.0,2026-08-18 19:59:59.999000+00:00,1
2026-08-18 20:00:00+00:00,9.496,9.554,9.459,9.531,345633.9,2026-08-18 23:59:59.999000+00:00,1
2026-08-19 00:00:00+00:00,9.532,9.718,9.481,9.698,1180331.3,2026-08-19 03:59:59.999000+00:00,1
2026-08-19 04:00:00+00:00,9.698,9.715,9.558,9.69,815873.7,2026-08-19 07:59:59.999000+00:00,1
2026-08-19 08:00:00+00:00,9.69,9.835,9.657,9.762,1557842.2,2026-08-19 11:59:59.999000+00:00,1
2026-08-19 12:00:00+00:00,9.762,10.058,9.646,9.913,2960737.9,2026-08-19 15:59:59.999000+00:00,1
2026-08-19 16:00:00+00:00,9.912,10.143,9.845,10.109,1897051.0,2026-08-19 19:59:59.999000+00:00,1
2026-08-19 20:00:00+00:00,10.11,10.892,10.094,10.548,3448843.8,2026-08-19 23:59:59.999000+00:00,1
2026-08-20 00:00:00+00:00,10.548,10.621,10.359,10.435,892176.3,2026-08-20 03:59:59.999000+00:00,1
2026-08-20 04:00:00+00:00,10.435,10.584,10.405,10.541,657351.8,2026-08-20 07:59:59.999000+00:00,1
2026-08-20 08:00:00+00:00,10.542,10.761,10.533,10.659,1005455.8,2026-08-20 11:59:59.999000+00:00,1
2026-08-20 12:00:00+00:00,10.658,10.729,10.51,10.707,1158235.1,2026-08-20 15:59:59.999000+00:00,1
2026-08-20 16:00:00+00:00,10.707,10.872,10.603,10.651,921085.3,2026-08-20 19:59:59.999000+00:00,1
2026-08-20 20:00:00+00:00,10.651,10.715,10.488,10.686,628760.7,2026-08-20 23:59:59.999000+00:00,1
2026-08-21 00:00:00+00:00,10.686,11.032,10.679,10.9,1727479.9,2026-08-21 03:59:59.999000+00:00,1
2026-08-21 04:00:00+00:00,10.901,11.859,10.851,11.541,2796249.1,2026-08-21 07:59:59.999000+00:00,1
2026-08-21 08:00:00+00:00,11.542,11.746,11.23,11.272,2164479.3,2026-08-21 11:59:59.999000+00:00,1
2026-08-21 12:00:00+00:00,11.272,11.624,11.23,11.517,1399518.6,2026-08-21 15:59:59.999000+00:00,1
2026-08-21 16:00:00+00:00,11.518,11.683,11.398,11.658,1197528.9,2026-08-21 19:59:59.999000+00:00,1
2026-08-21 20:00:00+00:00,11.659,12.396,11.622,11.99,2249307.3,2026-08-21 23:59:59.999000+00:00,1
2026-08-22 00:00:00+00:00,11.991,12.459,11.86,12.376,1667584.0,2026-08-22 03:59:59.999000+00:00,1
2026-08-22 04:00:00+00:00,12.377,12.625,10.886,11.75,3207273.5,2026-08-22 07:59:59.999000+00:00,1
2026-08-22 08:00:00+00:00,11.751,11.835,11.364,11.689,1316942.4,2026-08-22 11:59:59.999000+00:00,1
2026-08-22 12:00:00+00:00,11.689,11.906,11.488,11.617,1123308.6,2026-08-22 15:59:59.999000+00:00,1
2026-08-22 16:00:00+00:00,11.617,11.817,11.525,11.743,801225.1,2026-08-22 19:59:59.999000+00:00,1
2026-08-22 20:00:00+00:00,11.744,11.813,11.455,11.649,544770.6,2026-08-22 23:59:59.999000+00:00,1
2026-08-23 00:00:00+00:00,11.649,11.751,11.419,11.457,802275.9,2026-08-23 03:59:59.999000+00:00,1
2026-08-23 04:00:00+00:00,11.456,11.518,11.022,11.308,1848702.4,2026-08-23 07:59:59.999000+00:00,1
2026-08-23 08:00:00+00:00,11.309,11.473,11.269,11.411,1091847.7,2026-08-23 11:59:59.999000+00:00,1
2026-08-23 12:00:00+00:00,11.411,11.651,11.23,11.457,1637353.7,2026-08-23 15:59:59.999000+00:00,1
2026-08-23 16:00:00+00:00,11.458,11.604,11.429,11.491,610563.6,2026-08-23 19:59:59.999000+00:00,1
2026-08-23 20:00:00+00:00,11.491,11.728,11.432,11.539,577531.7,2026-08-23 23:59:59.999000+00:00,1
2026-08-24 00:00:00+00:00,11.538,11.554,11.285,11.349,722150.1,2026-08-24 03:59:59.999000+00:00,1
2026-08-24 04:00:00+00:00,11.348,11.683,11.347,11.514,714286.3,2026-08-24 07:59:59.999000+00:00,1
2026-08-24 08:00:00+00:00,11.515,11.753,11.356,11.719,765003.2,2026-08-24 11:59:59.999000+00:00,1
2026-08-24 12:00:00+00:00,11.72,11.785,11.484,11.568,1881527.2,2026-08-24 15:59:59.999000+00:00,1
2026-08-24 16:00:00+00:00,11.569,11.7,11.41,11.553,773041.7,2026-08-24 19:59:59.999000+00:00,1
2026-08-24 20:00:00+00:00,11.554,11.684,11.497,11.626,303606.1,2026-08-24 23:59:59.999000+00:00,1
2026-08-25 00:00:00+00:00,11.626,12.0,11.586,11.744,1294368.0,2026-08-25 03:59:59.999000+00:00,1
2026-08-25 04:00:00+00:00,11.744,11.845,11.468,11.587,802673.7,2026-08-25 07:59:59.999000+00:00,1
2026-08-25 08:00:00+00:00,11.587,11.693,11.515,11.548,459044.8,2026-08-25 11:59:59.999000+00:00,1
2026-08-25 12:00:00+00:00,11.549,11.656,11.353,11.577,1146423.3,2026-08-25 15:59:59.999000+00:00,1
2026-08-25 16:00:00+00:00,11.578,11.6,11.427,11.453,661171.5,2026-08-25 19:59:59.999000+00:00,1
2026-08-25 20:00:00+00:00,11.453,11.474,11.126,11.286,647955.5,2026-08-25 23:59:59.999000+00:00,1
2026-08-26 00:00:00+00:00,11.285,11.448,11.226,11.391,424456.1,2026-08-26 03:59:59.999000+00:00,1
2026-08-26 04:00:00+00:00,11.39,11.449,11.3,11.327,334892.8,2026-08-26 07:59:59.999000+00:00,1
2026-08-26 08:00:00+00:00,11.327,11.484,11.212,11.38,399964.6,2026-08-26 11:59:59.999000+00:00,1
2026-08-26 12:00:00+00:00,11.381,11.484,11.057,11.227,890705.7,2026-08-26 15:59:59.999000+00:00,1
2026-08-26 16:00:00+00:00,11.227,11.344,11.131,11.298,439129.4,2026-08-26 19:59:59.999000+00:00,1
2026-08-26 20:00:00+00:00,11.297,11.628,11.204,11.617,477096.1,2026-08-26 23:59:59.999000+00:00,1
2026-08-27 00:00:00+00:00,11.618,11.626,11.439,11.518,381625.2,2026-08-27 03:59:59.999000+00:00,1
2026-08-27 04:00:00+00:00,11.519,11.676,11.493,11.666,398902.1,2026-08-27 07:59:59.999000+00:00,1
2026-08-27 08:00:00+00:00,11.665,11.917,11.64,11.74,1084763.5,2026-08-27 11:59:59.999000+00:00,1
2026-08-27 12:00:00+00:00,11.739,11.974,11.662,11.918,1887827.3,2026-08-27 15:59:59.999000+00:00,1
2026-08-27 16:00:00+00:00,11.918,11.956,11.756,11.853,771984.0,2026-08-27 19:59:59.999000+00:00,1
2026-08-27 20:00:00+00:00,11.853,11.983,11.833,11.911,421096.7,2026-08-27 23:59:59.999000+00:00,1
2026-08-28 00:00:00+00:00,11.912,12.049,11.661,11.704,1333598.6,2026-08-28 03:59:59.999000+00:00,1
2026-08-28 04:00:00+00:00,11.704,11.845,11.649,11.691,467028.8,2026-08-28 07:59:59.999000+00:00,1
2026-08-28 08:00:00+00:00,11.692,11.792,11.616,11.774,548202.1,2026-08-28 11:59:59.999000+00:00,1
2026-08-28 12:00:00+00:00,11.773,11.882,11.536,11.562,1213355.1,2026-08-28 15:59:59.999000+00:00,1
2026-08-28 16:00:00+00:00,11.561,11.576,11.249,11.385,1455287.6,2026-08-28 19:59:59.999000+00:00,1
2026-08-28 20:00:00+00:00,11.384,11.441,11.295,11.424,271599.7,2026-08-28 23:59:59.999000+00:00,1
2026-08-29 00:00:00+00:00,11.425,11.47,11.328,11.331,276012.4,2026-08-29 03:59:59.999000+00:00,1
2026-08-29 04:00:00+00:00,11.332,11.389,11.285,11.315,191545.4,2026-08-29 07:59:59.999000+00:00,1
2026-08-29 08:00:00+00:00,11.314,11.346,11.271,11.295,193767.2,2026-08-29 11:59:59.999000+00:00,1
2026-08-29 12:00:00+00:00,11.296,11.494,11.295,11.384,718425.8,2026-08-29 15:59:59.999000+00:00,1
2026-08-29 16:00:00+00:00,11.385,11.464,11.356,11.426,464750.7,2026-08-29 19:59:59.999000+00:00,1
2026-08-29 20:00:00+00:00,11.426,11.484,11.408,11.45,214394.7,2026-08-29 23:59:59.999000+00:00,1
2026-08-30 00:00:00+00:00,11.449,11.458,11.36,11.382,183021.4,2026-08-30 03:59:59.999000+00:00,1
2026-08-30 04:00:00+00:00,11.382,11.443,11.328,11.384,147607.5,2026-08-30 07:59:59.999000+00:00,1
2026-08-30 08:00:00+00:00,11.384,11.412,11.328,11.409,181219.1,2026-08-30 11:59:59.999000+00:00,1
2026-08-30 12:00:00+00:00,11.41,11.664,11.396,11.556,1054282.7,2026-08-30 15:59:59.999000+00:00,1
2026-08-30 16:00:00+00:00,11.557,11.833,11.522,11.59,1202099.4,2026-08-30 19:59:59.999000+00:00,1
2026-08-30 20:00:00+00:00,11.59,11.614,10.984,11.135,1185886.3,2026-08-30 23:59:59.999000+00:00,1
2026-08-31 00:00:00+00:00,11.135,11.241,11.024,11.158,573723.1,2026-08-31 03:59:59.999000+00:00,1
2026-08-31 04:00:00+00:00,11.158,11.316,11.087,11.263,398387.2,2026-08-31 07:59:59.999000+00:00,1
2026-08-31 08:00:00+00:00,11.263,11.355,11.205,11.241,400620.8,2026-08-31 11:59:59.999000+00:00,1
2026-08-31 12:00:00+00:00,11.24,11.392,11.141,11.375,1260016.5,2026-08-31 15:59:59.999000+00:00,1
2026-08-31 16:00:00+00:00,11.375,11.5,11.282,11.395,736211.7,2026-08-31 19:59:59.999000+00:00,1
2026-08-31 20:00:00+00:00,11.395,11.432,11.274,11.315,829991.1,2026-08-31 23:59:59.999000+00:00,1
2026-09-01 00:00:00+00:00,11.314,11.498,11.288,11.427,1024434.4,2026-09-01 03:59:59.999000+00:00,1
2026-09-01 04:00:00+00:00,11.427,11.517,11.398,11.468,318510.6,2026-09-01 07:59:59.999000+00:00,1
2026-09-01 08:00:00+00:00,11.468,11.49,11.287,11.46,495720.7,2026-09-01 11:59:59.999000+00:00,1
2026-09-01 12:00:00+00:00,11.461,11.516,11.311,11.422,519535.3,2026-09-01 15:59:59.999000+00:00,1
2026-09-01 16:00:00+00:00,11.423,11.45,11.046,11.212,621707.2,2026-09-01 19:59:59.999000+00:00,1
2026-09-01 20:00:00+00:00,11.213,11.263,11.092,11.226,286378.2,2026-09-01 23:59:59.999000+00:00,1
2026-09-02 00:00:00+00:00,11.227,11.288,11.066,11.202,383969.5,2026-09-02 03:59:59.999000+00:00,1
2026-09-02 04:00:00+00:00,11.202,11.298,11.139,11.202,478916.1,2026-09-02 07:59:59.999000+00:00,1
2026-09-02 08:00:00+00:00,11.202,11.228,10.904,11.017,729134.3,2026-09-02 11:59:59.999000+00:00,1
2026-09-02 12:00:00+00:00,11.017,11.207,10.96,11.082,476996.6,2026-09-02 15:59:59.999000+00:00,1
2026-09-02 16:00:00+00:00,11.082,11.178,11.018,11.109,337840.2,2026-09-02 19:59:59.999000+00:00,1
2026-09-02 20:00:00+00:00,11.11,11.169,11.021,11.112,293160.2,2026-09-02 23:59:59.999000+00:00,1
2026-09-03 00:00:00+00:00,11.112,11.223,10.994,11.19,455773.6,2026-09-03 03:59:59.999000+00:00,1
2026-09-03 04:00:00+00:00,11.191,11.273,11.094,11.172,549869.3,2026-09-03 07:59:59.999000+00:00,1
2026-09-03 08:00:00+00:00,11.173,11.325,11.115,11.265,370366.2,2026-09-03 11:59:59.999000+00:00,1
2026-09-03 12:00:00+00:00,11.266,11.855,11.253,11.778,1218492.2,2026-09-03 15:59:59.999000+00:00,1
2026-09-03 16:00:00+00:00,11.778,11.87,11.615,11.853,564950.5,2026-09-03 19:59:59.999000+00:00,1
2026-09-03 20:00:00+00:00,11.853,11.958,11.771,11.826,956326.8,2026-09-03 23:59:59.999000+00:00,1
2026-09-04 00:00:00+00:00,11.825,11.944,11.748,11.875,593221.4,2026-09-04 03:59:59.999000+00:00,1
2026-09-04 04:00:00+00:00,11.876,11.998,11.809,11.921,634629.2,2026-09-04 07:59:59.999000+00:00,1
2026-09-04 08:00:00+00:00,11.922,12.168,11.877,12.023,1106138.6,2026-09-04 11:59:59.999000+00:00,1
2026-09-04 12:00:00+00:00,12.023,12.055,11.443,11.651,1643881.2,2026-09-04 15:59:59.999000+00:00,1
2026-09-04 16:00:00+00:00,11.65,11.728,11.57,11.702,253820.3,2026-09-04 19:59:59.999000+00:00,1
2026-09-04 20:00:00+00:00,11.702,11.714,11.585,11.627,197891.8,2026-09-04 23:59:59.999000+00:00,1
2026-09-05 00:00:00+00:00,11.627,11.703,11.588,11.663,314875.5,2026-09-05 03:59:59.999000+00:00,1
2026-09-05 04:00:00+00:00,11.663,11.781,11.603,11.736,321238.4,2026-09-05 07:59:59.999000+00:00,1
2026-09-05 08:00:00+00:00,11.735,11.898,11.708,11.719,787555.1,2026-09-05 11:59:59.999000+00:00,1
2026-09-05 12:00:00+00:00,11.719,11.957,11.719,11.94,563777.3,2026-09-05 15:59:59.999000+00:00,1
2026-09-05 16:00:00+00:00,11.941,12.233,11.888,12.002,1193658.8,2026-09-05 19:59:59.999000+00:00,1
2026-09-05 20:00:00+00:00,12.003,12.099,11.913,12.041,497316.2,2026-09-05 23:59:59.999000+00:00,1
2026-09-06 00:00:00+00:00,12.041,12.51,12.035,12.218,1325368.2,2026-09-06 03:59:59.999000+00:00,1
2026-09-06 04:00:00+00:00,12.218,12.33,12.114,12.204,632413.7,2026-09-06 07:59:59.999000+00:00,1
2026-09-06 08:00:00+00:00,12.203,12.31,12.162,12.271,423893.6,2026-09-06 11:59:59.999000+00:00,1
2026-09-06 12:00:00+00:00,12.27,12.398,12.061,12.213,1017826.1,2026-09-06 15:59:59.999000+00:00,1
2026-09-06 16:00:00+00:00,12.213,12.426,12.192,12.373,506412.4,2026-09-06 19:59:59.999000+00:00,1
2026-09-06 20:00:00+00:00,12.373,13.343,12.326,13.223,2759299.0,2026-09-06 23:59:59.999000+00:00,1
2026-09-07 00:00:00+00:00,13.223,13.324,12.935,13.023,1454774.2,2026-09-07 03:59:59.999000+00:00,1
2026-09-07 04:00:00+00:00,13.022,13.672,13.009,13.183,2159522.3,2026-09-07 07:59:59.999000+00:00,1
2026-09-07 08:00:00+00:00,13.184,13.517,13.135,13.169,1112403.6,2026-09-07 11:59:59.999000+00:00,1
2026-09-07 12:00:00+00:00,13.169,13.328,12.844,12.863,1744916.7,2026-09-07 15:59:59.999000+00:00,1
2026-09-07 16:00:00+00:00,12.863,12.958,12.635,12.821,844174.7,2026-09-07 19:59:59.999000+00:00,1
2026-09-07 20:00:00+00:00,12.819,12.824,12.596,12.74,616904.8,2026-09-07 23:59:59.999000+00:00,1
2026-09-08 00:00:00+00:00,12.741,12.803,12.553,12.65,612680.7,2026-09-08 03:59:59.999000+00:00,1
2026-09-08 04:00:00+00:00,12.65,12.72,12.555,12.671,470686.0,2026-09-08 07:59:59.999000+00:00,1
2026-09-08 08:00:00+00:00,12.671,12.802,12.421,12.494,874724.3,2026-09-08 11:59:59.999000+00:00,1
2026-09-08 12:00:00+00:00,12.494,12.705,12.283,12.68,1076370.5,2026-09-08 15:59:59.999000+00:00,1
2026-09-08 16:00:00+00:00,12.679,12.814,12.532,12.564,744057.5,2026-09-08 19:59:59.999000+00:00,1
2026-09-08 20:00:00+00:00,12.564,12.614,12.434,12.51,391267.2,2026-09-08 23:59:59.999000+00:00,1
2026-09-09 00:00:00+00:00,12.511,12.567,12.346,12.389,434879.4,2026-09-09 03:59:59.999000+00:00,1
2026-09-09 04:00:00+00:00,12.389,12.632,12.388,12.48,529833.8,2026-09-09 07:59:59.999000+00:00,1
2026-09-09 08:00:00+00:00,12.48,12.505,11.942,12.103,1282138.8,2026-09-09 11:59:59.999000+00:00,1
2026-09-09 12:00:00+00:00,12.104,12.225,11.809,11.994,1193608.0,2026-09-09 15:59:59.999000+00:00,1
2026-09-09 16:00:00+00:00,11.994,12.048,11.849,11.858,450004.2,2026-09-09 19:59:59.999000+00:00,1
2026-09-09 20:00:00+00:00,11.858,11.89,11.576,11.796,896334.0,2026-09-09 23:59:59.999000+00:00,1
2026-09-10 00:00:00+00:00,11.797,11.871,11.639,11.806,659756.4,2026-09-10 03:59:59.999000+00:00,1
2026-09-10 04:00:00+00:00,11.807,11.887,11.731,11.776,368600.0,2026-09-10 07:59:59.999000+00:00,1
2026-09-10 08:00:00+00:00,11.775,11.88,11.742,11.809,444231.3,2026-09-10 11:59:59.999000+00:00,1
2026-09-10 12:00:00+00:00,11.809,11.836,11.463,11.628,1199065.8,2026-09-10 15:59:59.999000+00:00,1
2026-09-10 16:00:00+00:00,11.628,11.727,11.484,11.611,476942.9,2026-09-10 19:59:59.999000+00:00,1
2026-09-10 20:00:00+00:00,11.611,11.64,11.426,11.449,422887.7,2026-09-10 23:59:59.999000+00:00,1
2026-09-11 00:00:00+00:00,11.449,11.532,11.387,11.492,360099.8,2026-09-11 03:59:59.999000+00:00,1
2026-09-11 04:00:00+00:00,11.493,11.593,11.466,11.47,552477.7,2026-09-11 07:59:59.999000+00:00,1
2026-09-11 08:00:00+00:00,11.47,11.539,11.284,11.392,574748.3,2026-09-11 11:59:59.999000+00:00,1
2026-09-11 12:00:00+00:00,11.391,12.201,11.221,11.699,2506090.6,2026-09-11 15:59:59.999000+00:00,1
2026-09-11 16:00:00+00:00,11.699,11.812,11.5,11.607,724327.0,2026-09-11 19:59:59.999000+00:00,1
2026-09-11 20:00:00+00:00,11.608,11.643,11.457,11.543,370858.7,2026-09-11 23:59:59.999000+00:00,1
2026-09-12 00:00:00+00:00,11.543,11.565,11.438,11.476,392154.0,2026-09-12 03:59:59.999000+00:00,1
2026-09-12 04:00:00+00:00,11.477,11.578,11.472,11.561,235045.4,2026-09-12 07:59:59.999000+00:00,1
2026-09-12 08:00:00+00:00,11.561,11.574,11.511,11.562,283348.9,2026-09-12 11:59:59.999000+00:00,1
2026-09-12 12:00:00+00:00,11.563,11.623,11.518,11.583,357587.4,2026-09-12 15:59:59.999000+00:00,1
2026-09-12 16:00:00+00:00,11.582,11.601,11.45,11.471,295457.5,2026-09-12 19:59:59.999000+00:00,1
2026-09-12 20:00:00+00:00,11.471,11.533,11.457,11.499,189721.6,2026-09-12 23:59:59.999000+00:00,1
2026-09-13 00:00:00+00:00,11.498,11.528,11.457,11.474,250930.8,2026-09-13 03:59:59.999000+00:00,1
2026-09-13 04:00:00+00:00,11.474,11.557,11.4,11.423,298593.3,2026-09-13 07:59:59.999000+00:00,1
2026-09-13 08:00:00+00:00,11.422,11.447,11.239,11.286,474981.4,2026-09-13 11:59:59.999000+00:00,1
2026-09-13 12:00:00+00:00,11.285,11.335,11.186,11.251,451663.0,2026-09-13 15:59:59.999000+00:00,1
2026-09-13 16:00:00+00:00,11.251,11.493,11.251,11.407,359313.0,2026-09-13 19:59:59.999000+00:00,1
2026-09-13 20:00:00+00:00,11.408,11.474,11.124,11.199,586197.2,2026-09-13 23:59:59.999000+00:00,1
2026-09-14 00:00:00+00:00,11.199,11.436,11.101,11.37,629867.1,2026-09-14 03:59:59.999000+00:00,1
2026-09-14 04:00:00+00:00,11.371,11.463,11.353,11.405,279536.6,2026-09-14 07:59:59.999000+00:00,1
2026-09-14 08:00:00+00:00,11.406,11.478,11.308,11.383,471697.3,2026-09-14 11:59:59.999000+00:00,1
2026-09-14 12:00:00+00:00,11.383,11.493,11.242,11.457,790809.4,2026-09-14 15:59:59.999000+00:00,1
2026-09-14 16:00:00+00:00,11.457,11.754,11.435,11.732,759280.1,2026-09-14 19:59:59.999000+00:00,1
2026-09-14 20:00:00+00:00,11.732,11.958,11.491,11.51,640556.2,2026-09-14 23:59:59.999000+00:00,1
2026-09-15 00:00:00+00:00,11.51,11.628,11.452,11.501,396921.9,2026-09-15 03:59:59.999000+00:00,1
2026-09-15 04:00:00+00:00,11.501,11.507,11.32,11.333,403092.1,2026-09-15 07:59:59.999000+00:00,1
2026-09-15 08:00:00+00:00,11.333,11.421,11.292,11.375,303545.1,2026-09-15 11:59:59.999000+00:00,1
2026-09-15 12:00:00+00:00,11.375,11.527,11.03,11.269,1198536.8,2026-09-15 15:59:59.999000+00:00,1
2026-09-15 16:00:00+00:00,11.269,11.413,10.786,11.086,1509395.6,2026-09-15 19:59:59.999000+00:00,1
2026-09-15 20:00:00+00:00,11.086,11.115,10.81,10.878,758487.3,2026-09-15 23:59:59.999000+00:00,1
2026-09-16 00:00:00+00:00,10.878,10.939,10.762,10.818,648779.6,2026-09-16 03:59:59.999000+00:00,1
2026-09-16 04:00:00+00:00,10.818,10.902,10.735,10.751,523334.4,2026-09-16 07:59:59.999000+00:00,1
2026-09-16 08:00:00+00:00,10.75,10.903,10.669,10.873,559527.6,2026-09-16 11:59:59.999000+00:00,1
2026-09-16 12:00:00+00:00,10.872,10.877,10.618,10.674,955543.9,2026-09-16 15:59:59.999000+00:00,1
2026-09-16 16:00:00+00:00,10.674,10.954,10.607,10.925,1283607.4,2026-09-16 19:59:59.999000+00:00,1
2026-09-16 20:00:00+00:00,10.925,11.072,10.844,11.05,473676.6,2026-09-16 23:59:59.999000+00:00,1
2026-09-17 00:00:00+00:00,11.05,11.179,10.976,11.127,620991.6,2026-09-17 03:59:59.999000+00:00,1
2026-09-17 04:00:00+00:00,11.128,11.235,11.043,11.173,441963.4,2026-09-17 07:59:59.999000+00:00,1
2026-09-17 08:00:00+00:00,11.173,11.234,11.092,11.176,421409.6,2026-09-17 11:59:59.999000+00:00,1
2026-09-17 12:00:00+00:00,11.176,11.43,11.141,11.373,848586.4,2026-09-17 15:59:59.999000+00:00,1
2026-09-17 16:00:00+00:00,11.373,11.427,11.277,11.312,498726.2,2026-09-17 19:59:59.999000+00:00,1
2026-09-17 20:00:00+00:00,11.313,11.409,11.246,11.384,460503.7,2026-09-17 23:59:59.999000+00:00,1
2026-09-18 00:00:00+00:00,11.383,11.791,11.34,11.756,761459.5,2026-09-18 03:59:59.999000+00:00,1
2026-09-18 04:00:00+00:00,11.757,11.853,11.649,11.82,1226573.6,2026-09-18 07:59:59.999000+00:00,1
2026-09-18 08:00:00+00:00,11.819,11.965,11.722,11.822,817082.3,2026-09-18 11:59:59.999000+00:00,1
2026-09-18 12:00:00+00:00,11.822,12.244,11.767,12.148,1431756.1,2026-09-18 15:59:59.999000+00:00,1
2026-09-18 16:00:00+00:00,12.148,12.387,12.082,12.382,897984.8,2026-09-18 19:59:59.999000+00:00,1
2026-09-18 20:00:00+00:00,12.381,12.422,12.221,12.226,524953.4,2026-09-18 23:59:59.999000+00:00,1
2026-09-19 00:00:00+00:00,12.227,12.494,12.212,12.401,625963.0,2026-09-19 03:59:59.999000+00:00,1
2026-09-19 04:00:00+00:00,12.4,12.453,12.258,12.297,391228.6,2026-09-19 07:59:59.999000+00:00,1
2026-09-19 08:00:00+00:00,12.298,12.642,12.287,12.524,893098.1,2026-09-19 11:59:59.999000+00:00,1
2026-09-19 12:00:00+00:00,12.524,12.649,12.433,12.568,533161.3,2026-09-19 15:59:59.999000+00:00,1
2026-09-19 16:00:00+00:00,12.569,12.692,12.455,12.496,546492.0,2026-09-19 19:59:59.999000+00:00,1
2026-09-19 20:00:00+00:00,12.496,12.544,12.284,12.416,687642.3,2026-09-19 23:59:59.999000+00:00,1
2026-09-20 00:00:00+00:00,12.416,12.451,11.922,12.077,1055943.8,2026-09-20 03:59:59.999000+00:00,1
2026-09-20 04:00:00+00:00,12.076,12.083,11.938,11.97,460599.2,2026-09-20 07:59:59.999000+00:00,1
2026-09-20 08:00:00+00:00,11.969,12.091,11.913,12.067,540674.1,2026-09-20 11:59:59.999000+00:00,1
2026-09-20 12:00:00+00:00,12.067,12.131,12.03,12.031,85060.5,2026-09-20 15:59:59.999000+00:00,0
