ts,open,high,low,close,volume,close_time,confirm
2026-04-13 08:00:00+00:00,1.0956,1.116,1.0823,1.0987,1149841.0,2026-04-13 11:59:59.999000+00:00,1
2026-04-13 12:00:00+00:00,1.0987,1.1544,1.0637,1.089,4197234.0,2026-04-13 15:59:59.999000+00:00,1
2026-04-13 16:00:00+00:00,1.0888,1.1364,1.0597,1.1199,3567704.0,2026-04-13 19:59:59.999000+00:00,1
2026-04-13 20:00:00+00:00,1.1199,1.1598,1.0946,1.1406,1989795.0,2026-04-13 23:59:59.999000+00:00,1
2026-04-14 00:00:00+00:00,1.1406,1.1446,1.1134,1.1265,1320662.0,2026-04-14 03:59:59.999000+00:00,1
2026-04-14 04:00:00+00:00,1.1265,1.1284,1.0852,1.1181,1702769.0,2026-04-14 07:59:59.999000+00:00,1
2026-04-14 08:00:00+00:00,1.1181,1.134,1.0958,1.123,1150735.0,2026-04-14 11:59:59.999000+00:00,1
2026-04-14 12:00:00+00:00,1.1229,1.1646,1.0844,1.0939,3150109.0,2026-04-14 15:59:59.999000+00:00,1
2026-04-14 16:00:00+00:00,1.0939,1.1068,1.023,1.0272,2187832.0,2026-04-14 19:59:59.999000+00:00,1
2026-04-14 20:00:00+00:00,1.0273,1.0309,1.0051,1.0218,1928422.0,2026-04-14 23:59:59.999000+00:00,1
2026-04-15 00:00:00+00:00,1.0222,1.0375,1.0144,1.0192,1321500.0,2026-04-15 03:59:59.999000+00:00,1
2026-04-15 04:00:00+00:00,1.0193,1.027,0.9944,1.016,1566790.0,2026-04-15 07:59:59.999000+00:00,1
2026-04-15 08:00:00+00:00,1.016,1.053,1.012,1.035,982275.0,2026-04-15 11:59:59.999000+00:00,1
2026-04-15 12:00:00+00:00,1.036,1.064,1.013,1.056,1544649.0,2026-04-15 15:59:59.999000+00:00,1
2026-04-15 16:00:00+00:00,1.057,1.095,1.045,1.054,1195286.0,2026-04-15 19:59:59.999000+00:00,1
2026-04-15 20:00:00+00:00,1.055,1.058,1.028,1.041,1532740.0,2026-04-15 23:59:59.999000+00:00,1
2026-04-16 00:00:00+00:00,1.041,1.072,1.028,1.055,968033.0,2026-04-16 03:59:59.999000+00:00,1
2026-04-16 04:00:00+00:00,1.055,1.092,1.051,1.069,813439.0,2026-04-16 07:59:59.999000+00:00,1
2026-04-16 08:00:00+00:00,1.068,1.078,1.059,1.066,422168.0,2026-04-16 11:59:59.999000+00:00,1
2026-04-16 12:00:00+00:00,1.066,1.08,1.022,1.052,1589171.0,2026-04-16 15:59:59.999000+00:00,1
2026-04-16 16:00:00+00:00,1.053,1.06,1.002,1.059,1455625.0,2026-04-16 19:59:59.999000+00:00,1
2026-04-16 20:00:00+00:00,1.059,1.06,1.027,1.044,742575.0,2026-04-16 23:59:59.999000+00:00,1
2026-04-17 00:00:00+00:00,1.043,1.049,1.018,1.036,626827.0,2026-04-17 03:59:59.999000+00:00,1
2026-04-17 04:00:00+00:00,1.035,1.039,1.002,1.017,1539654.0,2026-04-17 07:59:59.999000+00:00,1
2026-04-17 08:00:00+00:00,1.018,1.085,1.016,1.048,2034508.0,2026-04-17 11:59:59.999000+00:00,1
2026-04-17 12:00:00+00:00,1.049,1.134,1.043,1.092,3150655.0,2026-04-17 15:59:59.999000+00:00,1
2026-04-17 16:00:00+00:00,1.093,1.102,1.021,1.038,2308339.0,2026-04-17 19:59:59.999000+00:00,1
2026-04-17 20:00:00+00:00,1.038,1.061,1.032,1.047,628008.0,2026-04-17 23:59:59.999000+00:00,1
2026-04-18 00:00:00+00:00,1.047,1.05,1.026,1.038,680148.0,2026-04-18 03:59:59.999000+00:00,1
2026-04-18 04:00:00+00:00,1.038,1.054,1.033,1.046,706118.0,2026-04-18 07:59:59.999000+00:00,1
2026-04-18 08:00:00+00:00,1.046,1.05,1.019,1.031,847428.0,2026-04-18 11:59:59.999000+00:00,1
2026-04-18 12:00:00+00:00,1.03,1.048,1.007,1.031,854283.0,2026-04-18 15:59:59.999000+00:00,1
2026-04-18 16:00:00+00:00,1.032,1.033,1.009,1.025,581823.0,2026-04-18 19:59:59.999000+00:00,1
2026-04-18 20:00:00+00:00,1.025,1.025,0.973,0.978,1249624.0,2026-04-18 23:59:59.999000+00:00,1
2026-04-19 00:00:00+00:00,0.978,0.983,0.922,0.94,2343692.0,2026-04-19 03:59:59.999000+00:00,1
2026-04-19 04:00:00+00:00,0.94,0.966,0.913,0.928,1824653.0,2026-04-19 07:59:59.999000+00:00,1
2026-04-19 08:00:00+00:00,0.929,0.937,0.907,0.928,964375.0,2026-04-19 11:59:59.999000+00:00,1
2026-04-19 12:00:00+00:00,0.928,0.956,0.918,0.932,1264227.0,2026-04-19 15:59:59.999000+00:00,1
2026-04-19 16:00:00+00:00,0.933,0.934,0.886,0.904,1309079.0,2026-04-19 19:59:59.999000+00:00,1
2026-04-19 20:00:00+00:00,0.905,0.906,0.883,0.89,663317.0,2026-04-19 23:59:59.999000+00:00,1
2026-04-20 00:00:00+00:00,0.891,0.911,0.889,0.907,568798.0,2026-04-20 03:59:59.999000+00:00,1
2026-04-20 04:00:00+00:00,0.908,0.916,0.889,0.904,597647.0,2026-04-20 07:59:59.999000+00:00,1
2026-04-20 08:00:00+00:00,0.905,0.915,0.893,0.905,566550.0,2026-04-20 11:59:59.999000+00:00,1
2026-04-20 12:00:00+00:00,0.905,0.925,0.898,0.909,764274.0,2026-04-20 15:59:59.999000+00:00,1
2026-04-20 16:00:00+00:00,0.91,0.927,0.905,0.912,567212.0,2026-04-20 19:59:59.999000+00:00,1
2026-04-20 20:00:00+00:00,0.912,0.913,0.891,0.898,457204.0,2026-04-20 23:59:59.999000+00:00,1
2026-04-21 00:00:00+00:00,0.899,0.911,0.887,0.895,487787.0,2026-04-21 03:59:59.999000+00:00,1
2026-04-21 04:00:00+00:00,0.895,0.91,0.888,0.9,495230.0,2026-04-21 07:59:59.999000+00:00,1
2026-04-21 08:00:00+00:00,0.899,0.916,0.896,0.909,436680.0,2026-04-21 11:59:59.999000+00:00,1
2026-04-21 12:00:00+00:00,0.909,0.919,0.891,0.904,831152.0,2026-04-21 15:59:59.999000+00:00,1
2026-04-21 16:00:00+00:00,0.904,0.909,0.865,0.878,1342121.0,2026-04-21 19:59:59.999000+00:00,1
2026-04-21 20:00:00+00:00,0.879,0.903,0.878,0.896,709329.0,2026-04-21 23:59:59.999000+00:00,1
2026-04-22 00:00:00+00:00,0.896,0.911,0.879,0.903,826065.0,2026-04-22 03:59:59.999000+00:00,1
2026-04-22 04:00:00+00:00,0.903,0.925,0.902,0.914,866473.0,2026-04-22 07:59:59.999000+00:00,1
2026-04-22 08:00:00+00:00,0.915,0.929,0.903,0.924,813295.0,2026-04-22 11:59:59.999000+00:00,1
2026-04-22 12:00:00+00:00,0.924,0.943,0.917,0.92,1131187.0,2026-04-22 15:59:59.999000+00:00,1
2026-04-22 16:00:00+00:00,0.92,0.93,0.892,0.898,1177897.0,2026-04-22 19:59:59.999000+00:00,1
2026-04-22 20:00:00+00:00,0.899,0.902,0.876,0.878,789241.0,2026-04-22 23:59:59.999000+00:00,1
2026-04-23 00:00:00+00:00,0.879,0.882,0.853,0.872,1447022.0,2026-04-23 03:59:59.999000+00:00,1
2026-04-23 04:00:00+00:00,0.872,0.9,0.869,0.896,775679.0,2026-04-23 07:59:59.999000+00:00,1
2026-04-23 08:00:00+00:00,0.897,0.91,0.889,0.897,764273.0,2026-04-23 11:59:59.999000+00:00,1
2026-04-23 12:00:00+00:00,0.897,0.931,0.891,0.914,1280173.0,2026-04-23 15:59:59.999000+00:00,1
2026-04-23 16:00:00+00:00,0.914,0.928,0.877,0.894,1312057.0,2026-04-23 19:59:59.999000+00:00,1
2026-04-23 20:00:00+00:00,0.895,0.928,0.895,0.923,370045.0,2026-04-23 23:59:59.999000+00:00,1
2026-04-24 00:00:00+00:00,0.924,0.944,0.9206,0.9343,838963.0,2026-04-24 03:59:59.999000+00:00,1
2026-04-24 04:00:00+00:00,0.9346,0.9547,0.9235,0.953,1079292.0,2026-04-24 07:59:59.999000+00:00,1
2026-04-24 08:00:00+00:00,0.9536,0.963,0.9374,0.946,863853.0,2026-04-24 11:59:59.999000+00:00,1
2026-04-24 12:00:00+00:00,0.9461,0.9544,0.9278,0.945,580916.0,2026-04-24 15:59:59.999000+00:00,1
2026-04-24 16:00:00+00:00,0.9451,0.9491,0.9371,0.9483,293729.0,2026-04-24 19:59:59.999000+00:00,1
2026-04-24 20:00:00+00:00,0.9483,0.9495,0.9353,0.9453,618044.0,2026-04-24 23:59:59.999000+00:00,1
2026-04-25 00:00:00+00:00,0.9453,0.9464,0.9179,0.9278,812746.0,2026-04-25 03:59:59.999000+00:00,1
2026-04-25 04:00:00+00:00,0.9279,0.9288,0.9167,0.9223,333926.0,2026-04-25 07:59:59.999000+00:00,1
2026-04-25 08:00:00+00:00,0.9222,0.9337,0.9116,0.9162,550293.0,2026-04-25 11:59:59.999000+00:00,1
2026-04-25 12:00:00+00:00,0.9161,0.9221,0.9105,0.9154,484595.0,2026-04-25 15:59:59.999000+00:00,1
2026-04-25 16:00:00+00:00,0.9155,0.9175,0.8905,0.907,879276.0,2026-04-25 19:59:59.999000+00:00,1
2026-04-25 20:00:00+00:00,0.907,0.9317,0.9064,0.9279,341696.0,2026-04-25 23:59:59.999000+00:00,1
2026-04-26 00:00:00+00:00,0.928,0.9396,0.9156,0.9231,472716.0,2026-04-26 03:59:59.999000+00:00,1
2026-04-26 04:00:00+00:00,0.9231,0.9417,0.9153,0.9315,350378.0,2026-04-26 07:59:59.999000+00:00,1
2026-04-26 08:00:00+00:00,0.9315,0.9356,0.9235,0.9246,251361.0,2026-04-26 11:59:59.999000+00:00,1
2026-04-26 12:00:00+00:00,0.9247,0.9252,0.9085,0.9137,430056.0,2026-04-26 15:59:59.999000+00:00,1
2026-04-26 16:00:00+00:00,0.9136,0.9181,0.9053,0.9068,565709.0,2026-04-26 19:59:59.999000+00:00,1
2026-04-26 20:00:00+00:00,0.9069,0.9165,0.8997,0.9116,679574.0,2026-04-26 23:59:59.999000+00:00,1
2026-04-27 00:00:00+00:00,0.9118,0.9318,0.9092,0.9203,765443.0,2026-04-27 03:59:59.999000+00:00,1
2026-04-27 04:00:00+00:00,0.9202,0.923,0.8648,0.8696,1706834.0,2026-04-27 07:59:59.999000+00:00,1
2026-04-27 08:00:00+00:00,0.8694,0.8756,0.855,0.8684,982201.0,2026-04-27 11:59:59.999000+00:00,1
2026-04-27 12:00:00+00:00,0.8682,0.8869,0.8552,0.8589,1230451.0,2026-04-27 15:59:59.999000+00:00,1
2026-04-27 16:00:00+00:00,0.8588,0.8605,0.8463,0.8528,727714.0,2026-04-27 19:59:59.999000+00:00,1
2026-04-27 20:00:00+00:00,0.853,0.864,0.8526,0.8626,472556.0,2026-04-27 23:59:59.999000+00:00,1
2026-04-28 00:00:00+00:00,0.8626,0.8626,0.8476,0.8575,575056.0,2026-04-28 03:59:59.999000+00:00,1
2026-04-28 04:00:00+00:00,0.8577,0.867,0.8381,0.8435,1366633.0,2026-04-28 07:59:59.999000+00:00,1
2026-04-28 08:00:00+00:00,0.8436,0.8489,0.8276,0.8362,790278.0,2026-04-28 11:59:59.999000+00:00,1
2026-04-28 12:00:00+00:00,0.8363,0.8742,0.8349,0.8716,2146348.0,2026-04-28 15:59:59.999000+00:00,1
2026-04-28 16:00:00+00:00,0.8715,0.9016,0.8565,0.8864,1767759.0,2026-04-28 19:59:59.999000+00:00,1
2026-04-28 20:00:00+00:00,0.8866,0.904,0.8832,0.8953,753509.0,2026-04-28 23:59:59.999000+00:00,1
2026-04-29 00:00:00+00:00,0.8954,0.945,0.895,0.9381,5288443.0,2026-04-29 03:59:59.999000+00:00,1
2026-04-29 04:00:00+00:00,0.938,0.9482,0.8947,0.8994,3171855.0,2026-04-29 07:59:59.999000+00:00,1
2026-04-29 08:00:00+00:00,0.8996,0.9097,0.8915,0.8973,1139768.0,2026-04-29 11:59:59.999000+00:00,1
2026-04-29 12:00:00+00:00,0.897,0.9094,0.8865,0.8961,1588453.0,2026-04-29 15:59:59.999000+00:00,1
2026-04-29 16:00:00+00:00,0.896,0.9381,0.8826,0.9362,3838971.0,2026-04-29 19:59:59.999000+00:00,1
2026-04-29 20:00:00+00:00,0.936,0.975,0.9262,0.9477,4370716.0,2026-04-29 23:59:59.999000+00:00,1
2026-04-30 00:00:00+00:00,0.948,0.9652,0.9274,0.9312,2095094.0,2026-04-30 03:59:59.999000+00:00,1
2026-04-30 04:00:00+00:00,0.9312,0.9394,0.9185,0.9225,1070225.0,2026-04-30 07:59:59.999000+00:00,1
2026-04-30 08:00:00+00:00,0.9226,0.9242,0.8987,0.9026,980812.0,2026-04-30 11:59:59.999000+00:00,1
2026-04-30 12:00:00+00:00,0.9025,0.9093,0.8759,0.8994,1755158.0,2026-04-30 15:59:59.999000+00:00,1
2026-04-30 16:00:00+00:00,0.8994,0.9016,0.8677,0.8876,1708737.0,2026-04-30 19:59:59.999000+00:00,1
2026-04-30 20:00:00+00:00,0.8876,0.8936,0.8822,0.8832,391360.0,2026-04-30 23:59:59.999000+00:00,1
2026-05-01 00:00:00+00:00,0.8833,0.892,0.8773,0.8872,640242.0,2026-05-01 03:59:59.999000+00:00,1
2026-05-01 04:00:00+00:00,0.8872,0.9169,0.882,0.8964,1062803.0,2026-05-01 07:59:59.999000+00:00,1
2026-05-01 08:00:00+00:00,0.8964,0.9131,0.8939,0.8976,626028.0,2026-05-01 11:59:59.999000+00:00,1
2026-05-01 12:00:00+00:00,0.8977,0.93,0.8922,0.9077,1331170.0,2026-05-01 15:59:59.999000+00:00,1
2026-05-01 16:00:00+00:00,0.9077,0.9364,0.9019,0.914,795391.0,2026-05-01 19:59:59.999000+00:00,1
2026-05-01 20:00:00+00:00,0.9139,0.9164,0.8945,0.9016,543423.0,2026-05-01 23:59:59.999000+00:00,1
2026-05-02 00:00:00+00:00,0.9017,0.9064,0.8846,0.8907,512629.0,2026-05-02 03:59:59.999000+00:00,1
2026-05-02 04:00:00+00:00,0.8908,0.895,0.88,0.8824,352951.0,2026-05-02 07:59:59.999000+00:00,1
2026-05-02 08:00:00+00:00,0.8826,0.89,0.8766,0.8886,486168.0,2026-05-02 11:59:59.999000+00:00,1
2026-05-02 12:00:00+00:00,0.8887,0.9009,0.8837,0.895,567761.0,2026-05-02 15:59:59.999000+00:00,1
2026-05-02 16:00:00+00:00,0.8947,0.9107,0.8905,0.9036,689844.0,2026-05-02 19:59:59.999000+00:00,1
2026-05-02 20:00:00+00:00,0.9038,0.913,0.9025,0.9088,498778.0,2026-05-02 23:59:59.999000+00:00,1
2026-05-03 00:00:00+00:00,0.9089,0.9127,0.8862,0.8914,671239.0,2026-05-03 03:59:59.999000+00:00,1
2026-05-03 04:00:00+00:00,0.8913,0.9221,0.8879,0.914,841640.0,2026-05-03 07:59:59.999000+00:00,1
2026-05-03 08:00:00+00:00,0.9139,0.9283,0.9118,0.9137,548777.0,2026-05-03 11:59:59.999000+00:00,1
2026-05-03 12:00:00+00:00,0.914,0.9294,0.9041,0.9112,797505.0,2026-05-03 15:59:59.999000+00:00,1
2026-05-03 16:00:00+00:00,0.9113,0.9433,0.9052,0.9237,2139150.0,2026-05-03 19:59:59.999000+00:00,1
2026-05-03 20:00:00+00:00,0.9238,0.9399,0.9205,0.9216,483720.0,2026-05-03 23:59:59.999000+00:00,1
2026-05-04 00:00:00+00:00,0.9218,0.9614,0.9123,0.949,1070756.0,2026-05-04 03:59:59.999000+00:00,1
2026-05-04 04:00:00+00:00,0.949,0.9499,0.9377,0.9464,586703.0,2026-05-04 07:59:59.999000+00:00,1
2026-05-04 08:00:00+00:00,0.9463,0.9552,0.9229,0.932,1401551.0,2026-05-04 11:59:59.999000+00:00,1
2026-05-04 12:00:00+00:00,0.9318,0.9717,0.9315,0.9393,1821761.0,2026-05-04 15:59:59.999000+00:00,1
2026-05-04 16:00:00+00:00,0.9395,0.9462,0.9062,0.9108,1106911.0,2026-05-04 19:59:59.999000+00:00,1
2026-05-04 20:00:00+00:00,0.9108,0.9181,0.9008,0.9044,569001.0,2026-05-04 23:59:59.999000+00:00,1
2026-05-05 00:00:00+00:00,0.9044,0.9101,0.8969,0.9067,564268.0,2026-05-05 03:59:59.999000+00:00,1
2026-05-05 04:00:00+00:00,0.9066,0.9283,0.8987,0.9216,867084.0,2026-05-05 07:59:59.999000+00:00,1
2026-05-05 08:00:00+00:00,0.9211,0.971,0.9113,0.9684,1378430.0,2026-05-05 11:59:59.999000+00:00,1
2026-05-05 12:00:00+00:00,0.9682,0.999,0.9581,0.9802,2365863.0,2026-05-05 15:59:59.999000+00:00,1
2026-05-05 16:00:00+00:00,0.9804,1.019,0.952,0.9777,2684899.0,2026-05-05 19:59:59.999000+00:00,1
2026-05-05 20:00:00+00:00,0.9779,0.9935,0.9526,0.9648,1344324.0,2026-05-05 23:59:59.999000+00:00,1
2026-05-06 00:00:00+00:00,0.9647,0.9793,0.9588,0.9741,387987.0,2026-05-06 03:59:59.999000+00:00,1
2026-05-06 04:00:00+00:00,0.9741,0.9741,0.9559,0.9593,603821.0,2026-05-06 07:59:59.999000+00:00,1
2026-05-06 08:00:00+00:00,0.9593,1.003,0.957,0.9794,1451305.0,2026-05-06 11:59:59.999000+00:00,1
2026-05-06 12:00:00+00:00,0.9797,0.9856,0.9365,0.9469,1459214.0,2026-05-06 15:59:59.999000+00:00,1
2026-05-06 16:00:00+00:00,0.9468,0.9549,0.9289,0.9478,916144.0,2026-05-06 19:59:59.999000+00:00,1
2026-05-06 20:00:00+00:00,0.9478,0.9745,0.9455,0.953,816325.0,2026-05-06 23:59:59.999000+00:00,1
2026-05-07 00:00:00+00:00,0.9529,0.9569,0.9165,0.9226,716308.0,2026-05-07 03:59:59.999000+00:00,1
2026-05-07 04:00:00+00:00,0.9228,0.9752,0.9208,0.9731,1027872.0,2026-05-07 07:59:59.999000+00:00,1
2026-05-07 08:00:00+00:00,0.9731,0.9787,0.9407,0.9469,674903.0,2026-05-07 11:59:59.999000+00:00,1
2026-05-07 12:00:00+00:00,0.947,0.9976,0.9468,0.981,2409165.0,2026-05-07 15:59:59.999000+00:00,1
2026-05-07 16:00:00+00:00,0.9811,1.009,0.9612,0.9674,1547325.0,2026-05-07 19:59:59.999000+00:00,1
2026-05-07 20:00:00+00:00,0.9678,0.992,0.9569,0.9889,600972.0,2026-05-07 23:59:59.999000+00:00,1
2026-05-08 00:00:00+00:00,0.9889,0.9994,0.9541,0.9699,922288.0,2026-05-08 03:59:59.999000+00:00,1
2026-05-08 04:00:00+00:00,0.9696,0.9899,0.9683,0.9805,706446.0,2026-05-08 07:59:59.999000+00:00,1
2026-05-08 08:00:00+00:00,0.9802,1.0367,0.9778,1.0154,1867901.0,2026-05-08 11:59:59.999000+00:00,1
2026-05-08 12:00:00+00:00,1.0156,1.037,1.0043,1.0227,866491.0,2026-05-08 15:59:59.999000+00:00,1
2026-05-08 16:00:00+00:00,1.0231,1.0317,1.0041,1.0209,1010075.0,2026-05-08 19:59:59.999000+00:00,1
2026-05-08 20:00:00+00:00,1.0208,1.0806,1.0142,1.0763,1397927.0,2026-05-08 23:59:59.999000+00:00,1
2026-05-09 00:00:00+00:00,1.0764,1.108,1.0692,1.081,1030231.0,2026-05-09 03:59:59.999000+00:00,1
2026-05-09 04:00:00+00:00,1.0809,1.1199,1.056,1.0637,1537293.0,2026-05-09 07:59:59.999000+00:00,1
2026-05-09 08:00:00+00:00,1.0636,1.0737,1.0488,1.0584,865439.0,2026-05-09 11:59:59.999000+00:00,1
2026-05-09 12:00:00+00:00,1.0583,1.0943,1.042,1.0491,1305612.0,2026-05-09 15:59:59.999000+00:00,1
2026-05-09 16:00:00+00:00,1.0492,1.0596,1.0377,1.0526,423441.0,2026-05-09 19:59:59.999000+00:00,1
2026-05-09 20:00:00+00:00,1.0527,1.065,1.0447,1.0515,334547.0,2026-05-09 23:59:59.999000+00:00,1
2026-05-10 00:00:00+00:00,1.0514,1.0702,1.0379,1.0555,423874.0,2026-05-10 03:59:59.999000+00:00,1
2026-05-10 04:00:00+00:00,1.0552,1.058,1.04,1.0419,342615.0,2026-05-10 07:59:59.999000+00:00,1
2026-05-10 08:00:00+00:00,1.042,1.0629,1.0417,1.055,334071.0,2026-05-10 11:59:59.999000+00:00,1
2026-05-10 12:00:00+00:00,1.0548,1.0747,1.0394,1.047,642873.0,2026-05-10 15:59:59.999000+00:00,1
2026-05-10 16:00:00+00:00,1.047,1.097,1.0453,1.0794,758234.0,2026-05-10 19:59:59.999000+00:00,1
2026-05-10 20:00:00+00:00,1.0796,1.0825,1.0274,1.0559,1078352.0,2026-05-10 23:59:59.999000+00:00,1
2026-05-11 00:00:00+00:00,1.0557,1.0615,1.0062,1.0094,962245.0,2026-05-11 03:59:59.999000+00:00,1
2026-05-11 04:00:00+00:00,1.0092,1.0563,0.9986,1.0295,879928.0,2026-05-11 07:59:59.999000+00:00,1
2026-05-11 08:00:00+00:00,1.0297,1.0649,1.0196,1.05,897871.0,2026-05-11 11:59:59.999000+00:00,1
2026-05-11 12:00:00+00:00,1.0499,1.0499,1.0176,1.0218,900063.0,2026-05-11 15:59:59.999000+00:00,1
2026-05-11 16:00:00+00:00,1.0219,1.0482,1.0071,1.0315,2111266.0,2026-05-11 19:59:59.999000+00:00,1
2026-05-11 20:00:00+00:00,1.0316,1.0369,0.9852,0.9987,883216.0,2026-05-11 23:59:59.999000+00:00,1
2026-05-12 00:00:00+00:00,0.9987,1.0041,0.9699,0.9844,990692.0,2026-05-12 03:59:59.999000+00:00,1
2026-05-12 04:00:00+00:00,0.9845,0.9945,0.9711,0.9755,688528.0,2026-05-12 07:59:59.999000+00:00,1
2026-05-12 08:00:00+00:00,0.9755,0.9772,0.9442,0.9661,1638980.0,2026-05-12 11:59:59.999000+00:00,1
2026-05-12 12:00:00+00:00,0.9661,0.9703,0.9473,0.9503,985109.0,2026-05-12 15:59:59.999000+00:00,1
2026-05-12 16:00:00+00:00,0.9503,0.9504,0.9249,0.9392,1744258.0,2026-05-12 19:59:59.999000+00:00,1
2026-05-12 20:00:00+00:00,0.9393,0.9411,0.9201,0.9245,563906.0,2026-05-12 23:59:59.999000+00:00,1
2026-05-13 00:00:00+00:00,0.9247,0.9486,0.9243,0.944,813368.0,2026-05-13 03:59:59.999000+00:00,1
2026-05-13 04:00:00+00:00,0.9439,0.9464,0.9305,0.9358,392566.0,2026-05-13 07:59:59.999000+00:00,1
2026-05-13 08:00:00+00:00,0.9359,0.9423,0.9155,0.9195,765940.0,2026-05-13 11:59:59.999000+00:00,1
2026-05-13 12:00:00+00:00,0.9195,0.9254,0.8866,0.8871,1775594.0,2026-05-13 15:59:59.999000+00:00,1
2026-05-13 16:00:00+00:00,0.8871,0.9033,0.8866,0.896,537060.0,2026-05-13 19:59:59.999000+00:00,1
2026-05-13 20:00:00+00:00,0.8961,0.9026,0.8865,0.8946,424747.0,2026-05-13 23:59:59.999000+00:00,1
2026-05-14 00:00:00+00:00,0.8946,0.8994,0.8737,0.879,624155.0,2026-05-14 03:59:59.999000+00:00,1
2026-05-14 04:00:00+00:00,0.8787,0.8963,0.8773,0.888,543200.0,2026-05-14 07:59:59.999000+00:00,1
2026-05-14 08:00:00+00:00,0.8881,0.8962,0.8853,0.8885,573375.0,2026-05-14 11:59:59.999000+00:00,1
2026-05-14 12:00:00+00:00,0.8884,0.91,0.8876,0.9077,742782.0,2026-05-14 15:59:59.999000+00:00,1
2026-05-14 16:00:00+00:00,0.9076,0.9141,0.8922,0.9032,947934.0,2026-05-14 19:59:59.999000+00:00,1
2026-05-14 20:00:00+00:00,0.9032,0.9187,0.8939,0.9128,532517.0,2026-05-14 23:59:59.999000+00:00,1
2026-05-15 00:00:00+00:00,0.9125,0.9221,0.9012,0.9094,1654339.0,2026-05-15 03:59:59.999000+00:00,1
2026-05-15 04:00:00+00:00,0.9093,0.9352,0.9068,0.924,1608817.0,2026-05-15 07:59:59.999000+00:00,1
2026-05-15 08:00:00+00:00,0.9243,0.9256,0.9048,0.9058,967122.0,2026-05-15 11:59:59.999000+00:00,1
2026-05-15 12:00:00+00:00,0.9057,0.9075,0.8545,0.8694,3160306.0,2026-05-15 15:59:59.999000+00:00,1
2026-05-15 16:00:00+00:00,0.8693,0.8961,0.8653,0.8685,1389456.0,2026-05-15 19:59:59.999000+00:00,1
2026-05-15 20:00:00+00:00,0.8687,0.869,0.8416,0.8571,1549198.0,2026-05-15 23:59:59.999000+00:00,1
2026-05-16 00:00:00+00:00,0.8573,0.8675,0.8548,0.8632,448941.0,2026-05-16 03:59:59.999000+00:00,1
2026-05-16 04:00:00+00:00,0.863,0.8664,0.8335,0.8466,1221594.0,2026-05-16 07:59:59.999000+00:00,1
2026-05-16 08:00:00+00:00,0.8465,0.851,0.8345,0.8481,646720.0,2026-05-16 11:59:59.999000+00:00,1
2026-05-16 12:00:00+00:00,0.848,0.875,0.8456,0.8679,1142205.0,2026-05-16 15:59:59.999000+00:00,1
2026-05-16 16:00:00+00:00,0.8679,0.8732,0.8639,0.872,351025.0,2026-05-16 19:59:59.999000+00:00,1
2026-05-16 20:00:00+00:00,0.8721,0.8791,0.8669,0.8768,425082.0,2026-05-16 23:59:59.999000+00:00,1
2026-05-17 00:00:00+00:00,0.8764,0.8783,0.8527,0.865,818073.0,2026-05-17 03:59:59.999000+00:00,1
2026-05-17 04:00:00+00:00,0.8651,0.8745,0.8638,0.8665,311656.0,2026-05-17 07:59:59.999000+00:00,1
2026-05-17 08:00:00+00:00,0.8666,0.8779,0.8655,0.8701,387896.0,2026-05-17 11:59:59.999000+00:00,1
2026-05-17 12:00:00+00:00,0.87,0.8728,0.8623,0.8692,314307.0,2026-05-17 15:59:59.999000+00:00,1
2026-05-17 16:00:00+00:00,0.8692,0.8876,0.8657,0.8839,526753.0,2026-05-17 19:59:59.999000+00:00,1
2026-05-17 20:00:00+00:00,0.8839,0.8989,0.8396,0.8629,1898520.0,2026-05-17 23:59:59.999000+00:00,1
2026-05-18 00:00:00+00:00,0.8628,0.9077,0.8508,0.8763,2510244.0,2026-05-18 03:59:59.999000+00:00,1
2026-05-18 04:00:00+00:00,0.8764,0.888,0.8601,0.8802,1408105.0,2026-05-18 07:59:59.999000+00:00,1
2026-05-18 08:00:00+00:00,0.8806,0.9145,0.8806,0.9022,2951797.0,2026-05-18 11:59:59.999000+00:00,1
2026-05-18 12:00:00+00:00,0.9022,0.9108,0.874,0.8958,1832352.0,2026-05-18 15:59:59.999000+00:00,1
2026-05-18 16:00:00+00:00,0.8959,0.9299,0.8904,0.9073,2938524.0,2026-05-18 19:59:59.999000+00:00,1
2026-05-18 20:00:00+00:00,0.9074,0.9596,0.904,0.9516,2942381.0,2026-05-18 23:59:59.999000+00:00,1
2026-05-19 00:00:00+00:00,0.9519,1.0021,0.9511,0.9838,5658881.0,2026-05-19 03:59:59.999000+00:00,1
2026-05-19 04:00:00+00:00,0.9836,1.0168,0.9734,0.986,6348466.0,2026-05-19 07:59:59.999000+00:00,1
2026-05-19 08:00:00+00:00,0.9863,1.0023,0.9565,0.963,4175382.0,2026-05-19 11:59:59.999000+00:00,1
2026-05-19 12:00:00+00:00,0.9631,0.9712,0.9389,0.9661,2969058.0,2026-05-19 15:59:59.999000+00:00,1
2026-05-19 16:00:00+00:00,0.9657,1.0562,0.9656,1.0546,8493513.0,2026-05-19 19:59:59.999000+00:00,1
2026-05-19 20:00:00+00:00,1.0546,1.1449,1.0419,1.1333,16546765.0,2026-05-19 23:59:59.999000+00:00,1
2026-05-20 00:00:00+00:00,1.1332,1.2044,1.1006,1.1962,25670486.0,2026-05-20 03:59:59.999000+00:00,1
2026-05-20 04:00:00+00:00,1.196,1.2423,1.1635,1.1775,31799167.0,2026-05-20 07:59:59.999000+00:00,1
2026-05-20 08:00:00+00:00,1.1774,1.2319,1.1501,1.1977,29548431.0,2026-05-20 11:59:59.999000+00:00,1
2026-05-20 12:00:00+00:00,1.1976,1.2551,1.1726,1.2411,40461957.0,2026-05-20 15:59:59.999000+00:00,1
2026-05-20 16:00:00+00:00,1.2414,1.2738,1.181,1.2446,20726560.0,2026-05-20 19:59:59.999000+00:00,1
2026-05-20 20:00:00+00:00,1.2448,1.288,1.203,1.2766,8785138.0,2026-05-20 23:59:59.999000+00:00,1
2026-05-21 00:00:00+00:00,1.2768,1.366,1.2631,1.3467,23227215.0,2026-05-21 03:59:59.999000+00:00,1
2026-05-21 04:00:00+00:00,1.3463,1.3666,1.2835,1.3383,13131216.0,2026-05-21 07:59:59.999000+00:00,1
2026-05-21 08:00:00+00:00,1.3384,1.4671,1.2908,1.3646,30440539.0,2026-05-21 11:59:59.999000+00:00,1
2026-05-21 12:00:00+00:00,1.3647,1.4446,1.3187,1.3385,21520295.0,2026-05-21 15:59:59.999000+00:00,1
2026-05-21 16:00:00+00:00,1.3385,1.3454,1.2403,1.3381,16805952.0,2026-05-21 19:59:59.999000+00:00,1
2026-05-21 20:00:00+00:00,1.3382,1.4623,1.3352,1.4266,9669396.0,2026-05-21 23:59:59.999000+00:00,1
2026-05-22 00:00:00+00:00,1.4265,1.4536,1.393,1.4005,10169843.0,2026-05-22 03:59:59.999000+00:00,1
2026-05-22 04:00:00+00:00,1.4005,1.478,1.3157,1.3511,13546777.0,2026-05-22 07:59:59.999000+00:00,1
2026-05-22 08:00:00+00:00,1.351,1.3589,1.2726,1.3234,11372691.0,2026-05-22 11:59:59.999000+00:00,1
2026-05-22 12:00:00+00:00,1.3233,1.3609,1.256,1.2667,10128629.0,2026-05-22 15:59:59.999000+00:00,1
2026-05-22 16:00:00+00:00,1.2666,1.2764,1.1556,1.1961,13499987.0,2026-05-22 19:59:59.999000+00:00,1
2026-05-22 20:00:00+00:00,1.1963,1.2225,1.1627,1.1875,7218421.0,2026-05-22 23:59:59.999000+00:00,1
2026-05-23 00:00:00+00:00,1.1875,1.1971,1.1536,1.1652,4399713.0,2026-05-23 03:59:59.999000+00:00,1
2026-05-23 04:00:00+00:00,1.1657,1.1717,1.0941,1.1137,6807453.0,2026-05-23 07:59:59.999000+00:00,1
2026-05-23 08:00:00+00:00,1.1138,1.1934,1.0951,1.1872,7174665.0,2026-05-23 11:59:59.999000+00:00,1
2026-05-23 12:00:00+00:00,1.1873,1.2413,1.151,1.1958,8739300.0,2026-05-23 15:59:59.999000+00:00,1
2026-05-23 16:00:00+00:00,1.1958,1.2519,1.1591,1.2306,5717463.0,2026-05-23 19:59:59.999000+00:00,1
2026-05-23 20:00:00+00:00,1.2305,1.3042,1.1962,1.2271,5847173.0,2026-05-23 23:59:59.999000+00:00,1
2026-05-24 00:00:00+00:00,1.2274,1.3076,1.2032,1.238,9017214.0,2026-05-24 03:59:59.999000+00:00,1
2026-05-24 04:00:00+00:00,1.2382,1.2575,1.1839,1.1915,3717211.0,2026-05-24 07:59:59.999000+00:00,1
2026-05-24 08:00:00+00:00,1.1914,1.373,1.1824,1.348,13164420.0,2026-05-24 11:59:59.999000+00:00,1
2026-05-24 12:00:00+00:00,1.3486,1.3963,1.2848,1.3439,12384591.0,2026-05-24 15:59:59.999000+00:00,1
2026-05-24 16:00:00+00:00,1.3438,1.3759,1.3155,1.3454,6294776.0,2026-05-24 19:59:59.999000+00:00,1
2026-05-24 20:00:00+00:00,1.3453,1.3676,1.2756,1.2931,4783272.0,2026-05-24 23:59:59.999000+00:00,1
2026-05-25 00:00:00+00:00,1.2931,1.3308,1.2603,1.283,4634922.0,2026-05-25 03:59:59.999000+00:00,1
2026-05-25 04:00:00+00:00,1.2831,1.332,1.2792,1.3297,4106257.0,2026-05-25 07:59:59.999000+00:00,1
2026-05-25 08:00:00+00:00,1.3295,1.3459,1.2878,1.3011,4207564.0,2026-05-25 11:59:59.999000+00:00,1
2026-05-25 12:00:00+00:00,1.3011,1.3147,1.2567,1.282,4351605.0,2026-05-25 15:59:59.999000+00:00,1
2026-05-25 16:00:00+00:00,1.2816,1.3919,1.2476,1.377,8706295.0,2026-05-25 19:59:59.999000+00:00,1
2026-05-25 20:00:00+00:00,1.3771,1.4034,1.3081,1.3795,5749981.0,2026-05-25 23:59:59.999000+00:00,1
2026-05-26 00:00:00+00:00,1.3795,1.3926,1.2138,1.2319,12330335.0,2026-05-26 03:59:59.999000+00:00,1
2026-05-26 04:00:00+00:00,1.2316,1.2748,1.2103,1.24,4520787.0,2026-05-26 07:59:59.999000+00:00,1
2026-05-26 08:00:00+00:00,1.2401,1.3308,1.235,1.3148,5466959.0,2026-05-26 11:59:59.999000+00:00,1
2026-05-26 12:00:00+00:00,1.3149,1.3599,1.2865,1.3017,6917889.0,2026-05-26 15:59:59.999000+00:00,1
2026-05-26 16:00:00+00:00,1.302,1.3176,1.1909,1.2108,7051244.0,2026-05-26 19:59:59.999000+00:00,1
2026-05-26 20:00:00+00:00,1.2108,1.2311,1.167,1.1843,4098620.0,2026-05-26 23:59:59.999000+00:00,1
2026-05-27 00:00:00+00:00,1.1843,1.2038,1.1696,1.1834,3253833.0,2026-05-27 03:59:59.999000+00:00,1
2026-05-27 04:00:00+00:00,1.1833,1.2265,1.1771,1.2151,3101549.0,2026-05-27 07:59:59.999000+00:00,1
2026-05-27 08:00:00+00:00,1.2152,1.2354,1.1758,1.1934,2691853.0,2026-05-27 11:59:59.999000+00:00,1
2026-05-27 12:00:00+00:00,1.1932,1.253,1.174,1.2054,4737413.0,2026-05-27 15:59:59.999000+00:00,1
2026-05-27 16:00:00+00:00,1.2056,1.2118,1.1455,1.1673,3242098.0,2026-05-27 19:59:59.999000+00:00,1
2026-05-27 20:00:00+00:00,1.1675,1.1815,1.1172,1.1283,2621744.0,2026-05-27 23:59:59.999000+00:00,1
2026-05-28 00:00:00+00:00,1.1282,1.1441,1.105,1.1059,3431494.0,2026-05-28 03:59:59.999000+00:00,1
2026-05-28 04:00:00+00:00,1.106,1.1264,1.0873,1.1169,2572269.0,2026-05-28 07:59:59.999000+00:00,1
2026-05-28 08:00:00+00:00,1.117,1.1453,1.0968,1.1069,2752880.0,2026-05-28 11:59:59.999000+00:00,1
2026-05-28 12:00:00+00:00,1.1064,1.1111,1.0458,1.0903,6523197.0,2026-05-28 15:59:59.999000+00:00,1
2026-05-28 16:00:00+00:00,1.0908,1.1629,1.0879,1.1527,4779955.0,2026-05-28 19:59:59.999000+00:00,1
2026-05-28 20:00:00+00:00,1.1528,1.178,1.1394,1.1716,2282663.0,2026-05-28 23:59:59.999000+00:00,1
2026-05-29 00:00:00+00:00,1.1717,1.2199,1.1316,1.1482,5658306.0,2026-05-29 03:59:59.999000+00:00,1
2026-05-29 04:00:00+00:00,1.1482,1.2135,1.1409,1.1954,2681353.0,2026-05-29 07:59:59.999000+00:00,1
2026-05-29 08:00:00+00:00,1.1952,1.2078,1.1609,1.1689,2148136.0,2026-05-29 11:59:59.999000+00:00,1
2026-05-29 12:00:00+00:00,1.1689,1.3333,1.1367,1.2976,14415104.0,2026-05-29 15:59:59.999000+00:00,1
2026-05-29 16:00:00+00:00,1.2976,1.3674,1.2469,1.3409,14554746.0,2026-05-29 19:59:59.999000+00:00,1
2026-05-29 20:00:00+00:00,1.3407,1.3408,1.2351,1.2614,4067716.0,2026-05-29 23:59:59.999000+00:00,1
2026-05-30 00:00:00+00:00,1.2614,1.3539,1.251,1.3106,4626595.0,2026-05-30 03:59:59.999000+00:00,1
2026-05-30 04:00:00+00:00,1.3105,1.4122,1.2868,1.3778,8910049.0,2026-05-30 07:59:59.999000+00:00,1
2026-05-30 08:00:00+00:00,1.378,1.4321,1.3374,1.4298,7499733.0,2026-05-30 11:59:59.999000+00:00,1
2026-05-30 12:00:00+00:00,1.4298,1.4349,1.3573,1.3873,9725020.0,2026-05-30 15:59:59.999000+00:00,1
2026-05-30 16:00:00+00:00,1.3871,1.4303,1.3612,1.3968,4523691.0,2026-05-30 19:59:59.999000+00:00,1
2026-05-30 20:00:00+00:00,1.3968,1.4162,1.3475,1.3688,2453287.0,2026-05-30 23:59:59.999000+00:00,1
2026-05-31 00:00:00+00:00,1.3689,1.4216,1.3551,1.3916,3892202.0,2026-05-31 03:59:59.999000+00:00,1
2026-05-31 04:00:00+00:00,1.3917,1.457,1.3124,1.3468,7823023.0,2026-05-31 07:59:59.999000+00:00,1
2026-05-31 08:00:00+00:00,1.3468,1.3759,1.3118,1.3279,4369864.0,2026-05-31 11:59:59.999000+00:00,1
2026-05-31 12:00:00+00:00,1.3276,1.353,1.2943,1.3389,4621455.0,2026-05-31 15:59:59.999000+00:00,1
2026-05-31 16:00:00+00:00,1.3391,1.3509,1.3018,1.332,4411393.0,2026-05-31 19:59:59.999000+00:00,1
2026-05-31 20:00:00+00:00,1.3321,1.4545,1.3321,1.3778,5961448.0,2026-05-31 23:59:59.999000+00:00,1
2026-06-01 00:00:00+00:00,1.378,1.3939,1.306,1.3549,4429357.0,2026-06-01 03:59:59.999000+00:00,1
2026-06-01 04:00:00+00:00,1.3549,1.3684,1.2605,1.2682,3954826.0,2026-06-01 07:59:59.999000+00:00,1
2026-06-01 08:00:00+00:00,1.2683,1.2863,1.2416,1.2777,3141877.0,2026-06-01 11:59:59.999000+00:00,1
2026-06-01 12:00:00+00:00,1.2775,1.3152,1.2214,1.2619,6657189.0,2026-06-01 15:59:59.999000+00:00,1
2026-06-01 16:00:00+00:00,1.2624,1.3435,1.2502,1.3115,3510895.0,2026-06-01 19:59:59.999000+00:00,1
2026-06-01 20:00:00+00:00,1.3118,1.3704,1.2768,1.3357,4558159.0,2026-06-01 23:59:59.999000+00:00,1
2026-06-02 00:00:00+00:00,1.3362,1.4587,1.2968,1.4326,6564276.0,2026-06-02 03:59:59.999000+00:00,1
2026-06-02 04:00:00+00:00,1.4328,1.4415,1.3532,1.365,5041092.0,2026-06-02 07:59:59.999000+00:00,1
2026-06-02 08:00:00+00:00,1.3651,1.4019,1.3024,1.3096,5259435.0,2026-06-02 11:59:59.999000+00:00,1
2026-06-02 12:00:00+00:00,1.3098,1.3615,1.2771,1.3531,6705227.0,2026-06-02 15:59:59.999000+00:00,1
2026-06-02 16:00:00+00:00,1.3531,1.656,1.3396,1.5666,27550068.0,2026-06-02 19:59:59.999000+00:00,1
2026-06-02 20:00:00+00:00,1.5662,1.6616,1.5234,1.6016,15261452.0,2026-06-02 23:59:59.999000+00:00,1
2026-06-03 00:00:00+00:00,1.6016,1.6498,1.5461,1.55,11495371.0,2026-06-03 03:59:59.999000+00:00,1
2026-06-03 04:00:00+00:00,1.5501,1.6939,1.5464,1.6294,16336624.0,2026-06-03 07:59:59.999000+00:00,1
2026-06-03 08:00:00+00:00,1.6289,1.7549,1.6126,1.6876,17521494.0,2026-06-03 11:59:59.999000+00:00,1
2026-06-03 12:00:00+00:00,1.6877,1.805,1.6725,1.681,22063466.0,2026-06-03 15:59:59.999000+00:00,1
2026-06-03 16:00:00+00:00,1.6823,1.7594,1.6028,1.7069,13397257.0,2026-06-03 19:59:59.999000+00:00,1
2026-06-03 20:00:00+00:00,1.706,1.8704,1.6633,1.7831,11677231.0,2026-06-03 23:59:59.999000+00:00,1
2026-06-04 00:00:00+00:00,1.7833,1.8057,1.5558,1.7358,16522451.0,2026-06-04 03:59:59.999000+00:00,1
2026-06-04 04:00:00+00:00,1.7353,1.7664,1.5362,1.5427,9637589.0,2026-06-04 07:59:59.999000+00:00,1
2026-06-04 08:00:00+00:00,1.5424,1.5754,1.4708,1.5136,11754982.0,2026-06-04 11:59:59.999000+00:00,1
2026-06-04 12:00:00+00:00,1.5132,1.5463,1.4547,1.5195,8807423.0,2026-06-04 15:59:59.999000+00:00,1
2026-06-04 16:00:00+00:00,1.5194,1.5476,1.4419,1.4752,6494101.0,2026-06-04 19:59:59.999000+00:00,1
2026-06-04 20:00:00+00:00,1.4753,1.49,1.403,1.4663,4990087.0,2026-06-04 23:59:59.999000+00:00,1
2026-06-05 00:00:00+00:00,1.4661,1.4964,1.3834,1.3836,5414421.0,2026-06-05 03:59:59.999000+00:00,1
2026-06-05 04:00:00+00:00,1.3837,1.5307,1.353,1.5291,7956316.0,2026-06-05 07:59:59.999000+00:00,1
2026-06-05 08:00:00+00:00,1.5286,1.552,1.4703,1.5002,7090701.0,2026-06-05 11:59:59.999000+00:00,1
2026-06-05 12:00:00+00:00,1.5009,1.5567,1.3773,1.3855,11505493.0,2026-06-05 15:59:59.999000+00:00,1
2026-06-05 16:00:00+00:00,1.3853,1.5191,1.3608,1.4988,10542543.0,2026-06-05 19:59:59.999000+00:00,1
2026-06-05 20:00:00+00:00,1.4987,1.5679,1.4603,1.5015,5745185.0,2026-06-05 23:59:59.999000+00:00,1
2026-06-06 00:00:00+00:00,1.5018,1.5164,1.3968,1.4365,4016771.0,2026-06-06 03:59:59.999000+00:00,1
2026-06-06 04:00:00+00:00,1.436,1.5365,1.387,1.5104,6714045.0,2026-06-06 07:59:59.999000+00:00,1
2026-06-06 08:00:00+00:00,1.5101,1.5357,1.442,1.486,3678961.0,2026-06-06 11:59:59.999000+00:00,1
2026-06-06 12:00:00+00:00,1.4859,1.503,1.4362,1.4662,3622809.0,2026-06-06 15:59:59.999000+00:00,1
2026-06-06 16:00:00+00:00,1.4662,1.4973,1.4351,1.453,2566061.0,2026-06-06 19:59:59.999000+00:00,1
2026-06-06 20:00:00+00:00,1.453,1.455,1.4061,1.4228,1823685.0,2026-06-06 23:59:59.999000+00:00,1
2026-06-07 00:00:00+00:00,1.4227,1.4655,1.3654,1.3734,3173105.0,2026-06-07 03:59:59.999000+00:00,1
2026-06-07 04:00:00+00:00,1.3735,1.446,1.3617,1.4094,3406020.0,2026-06-07 07:59:59.999000+00:00,1
2026-06-07 08:00:00+00:00,1.4092,1.4466,1.3694,1.4227,2919462.0,2026-06-07 11:59:59.999000+00:00,1
2026-06-07 12:00:00+00:00,1.4227,1.4411,1.3565,1.392,4088737.0,2026-06-07 15:59:59.999000+00:00,1
2026-06-07 16:00:00+00:00,1.3922,1.4011,1.3183,1.3357,3454773.0,2026-06-07 19:59:59.999000+00:00,1
2026-06-07 20:00:00+00:00,1.3358,1.4379,1.3235,1.431,4614467.0,2026-06-07 23:59:59.999000+00:00,1
2026-06-08 00:00:00+00:00,1.4313,1.4415,1.3694,1.4344,3359382.0,2026-06-08 03:59:59.999000+00:00,1
2026-06-08 04:00:00+00:00,1.4347,1.5495,1.4047,1.5424,4860822.0,2026-06-08 07:59:59.999000+00:00,1
2026-06-08 08:00:00+00:00,1.5429,1.5924,1.4906,1.4993,6297301.0,2026-06-08 11:59:59.999000+00:00,1
2026-06-08 12:00:00+00:00,1.4995,1.5876,1.486,1.5784,4814233.0,2026-06-08 15:59:59.999000+00:00,1
2026-06-08 16:00:00+00:00,1.5785,1.5799,1.4588,1.464,3990782.0,2026-06-08 19:59:59.999000+00:00,1
2026-06-08 20:00:00+00:00,1.465,1.5288,1.4517,1.4671,2372799.0,2026-06-08 23:59:59.999000+00:00,1
2026-06-09 00:00:00+00:00,1.4672,1.5246,1.4506,1.5082,3090627.0,2026-06-09 03:59:59.999000+00:00,1
2026-06-09 04:00:00+00:00,1.5081,1.687,1.487,1.6199,5643704.0,2026-06-09 07:59:59.999000+00:00,1
2026-06-09 08:00:00+00:00,1.6199,1.6477,1.577,1.6143,3419313.0,2026-06-09 11:59:59.999000+00:00,1
2026-06-09 12:00:00+00:00,1.6145,1.6534,1.4709,1.4892,5305473.0,2026-06-09 15:59:59.999000+00:00,1
2026-06-09 16:00:00+00:00,1.4895,1.6524,1.4584,1.6041,6982399.0,2026-06-09 19:59:59.999000+00:00,1
2026-06-09 20:00:00+00:00,1.6041,1.6922,1.5772,1.5827,3987294.0,2026-06-09 23:59:59.999000+00:00,1
2026-06-10 00:00:00+00:00,1.583,1.622,1.5544,1.5795,3458230.0,2026-06-10 03:59:59.999000+00:00,1
2026-06-10 04:00:00+00:00,1.58,1.586,1.4729,1.4892,3777190.0,2026-06-10 07:59:59.999000+00:00,1
2026-06-10 08:00:00+00:00,1.4891,1.5053,1.4247,1.427,3340888.0,2026-06-10 11:59:59.999000+00:00,1
2026-06-10 12:00:00+00:00,1.427,1.568,1.4242,1.5581,4279370.0,2026-06-10 15:59:59.999000+00:00,1
2026-06-10 16:00:00+00:00,1.559,1.5744,1.4543,1.455,3039425.0,2026-06-10 19:59:59.999000+00:00,1
2026-06-10 20:00:00+00:00,1.4554,1.4625,1.3863,1.3905,2788170.0,2026-06-10 23:59:59.999000+00:00,1
2026-06-11 00:00:00+00:00,1.3906,1.4777,1.3788,1.4647,3072711.0,2026-06-11 03:59:59.999000+00:00,1
2026-06-11 04:00:00+00:00,1.4649,1.4984,1.4313,1.4393,2294108.0,2026-06-11 07:59:59.999000+00:00,1
2026-06-11 08:00:00+00:00,1.4401,1.4556,1.4138,1.4469,2892607.0,2026-06-11 11:59:59.999000+00:00,1
2026-06-11 12:00:00+00:00,1.4468,1.5269,1.428,1.5068,2784776.0,2026-06-11 15:59:59.999000+00:00,1
2026-06-11 16:00:00+00:00,1.5073,1.5582,1.4814,1.5408,3315479.0,2026-06-11 19:59:59.999000+00:00,1
2026-06-11 20:00:00+00:00,1.5408,1.6059,1.5166,1.557,2200769.0,2026-06-11 23:59:59.999000+00:00,1
2026-06-12 00:00:00+00:00,1.5572,1.5892,1.5181,1.5427,2718450.0,2026-06-12 03:59:59.999000+00:00,1
2026-06-12 04:00:00+00:00,1.5425,1.5716,1.5151,1.5436,1496951.0,2026-06-12 07:59:59.999000+00:00,1
2026-06-12 08:00:00+00:00,1.5436,1.6425,1.5434,1.6151,2830094.0,2026-06-12 11:59:59.999000+00:00,1
2026-06-12 12:00:00+00:00,1.615,1.6495,1.517,1.5426,4091364.0,2026-06-12 15:59:59.999000+00:00,1
2026-06-12 16:00:00+00:00,1.542,1.6137,1.5305,1.5484,2574375.0,2026-06-12 19:59:59.999000+00:00,1
2026-06-12 20:00:00+00:00,1.5485,1.5594,1.5051,1.5348,1056448.0,2026-06-12 23:59:59.999000+00:00,1
2026-06-13 00:00:00+00:00,1.5346,1.5468,1.51,1.5105,1153114.0,2026-06-13 03:59:59.999000+00:00,1
2026-06-13 04:00:00+00:00,1.511,1.5439,1.4962,1.5369,1372154.0,2026-06-13 07:59:59.999000+00:00,1
2026-06-13 08:00:00+00:00,1.5365,1.5938,1.528,1.5932,1489907.0,2026-06-13 11:59:59.999000+00:00,1
2026-06-13 12:00:00+00:00,1.593,1.6403,1.5779,1.6264,2796191.0,2026-06-13 15:59:59.999000+00:00,1
2026-06-13 16:00:00+00:00,1.6262,1.6572,1.5961,1.632,2345858.0,2026-06-13 19:59:59.999000+00:00,1
2026-06-13 20:00:00+00:00,1.6321,1.6549,1.6171,1.629,1014884.0,2026-06-13 23:59:59.999000+00:00,1
2026-06-14 00:00:00+00:00,1.6293,1.6481,1.5853,1.5948,2578891.0,2026-06-14 03:59:59.999000+00:00,1
2026-06-14 04:00:00+00:00,1.5947,1.603,1.5678,1.5782,1548917.0,2026-06-14 07:59:59.999000+00:00,1
2026-06-14 08:00:00+00:00,1.5785,1.6116,1.5639,1.61,1215004.0,2026-06-14 11:59:59.999000+00:00,1
2026-06-14 12:00:00+00:00,1.6095,1.6332,1.553,1.6125,2014261.0,2026-06-14 15:59:59.999000+00:00,1
2026-06-14 16:00:00+00:00,1.6129,1.6246,1.5746,1.6022,1433868.0,2026-06-14 19:59:59.999000+00:00,1
2026-06-14 20:00:00+00:00,1.6029,1.7083,1.5893,1.6848,2806138.0,2026-06-14 23:59:59.999000+00:00,1
2026-06-15 00:00:00+00:00,1.6838,1.7041,1.6633,1.694,1696815.0,2026-06-15 03:59:59.999000+00:00,1
2026-06-15 04:00:00+00:00,1.6941,1.7252,1.669,1.6818,2273601.0,2026-06-15 07:59:59.999000+00:00,1
2026-06-15 08:00:00+00:00,1.6819,1.7183,1.645,1.71,2535306.0,2026-06-15 11:59:59.999000+00:00,1
2026-06-15 12:00:00+00:00,1.7103,1.76,1.6506,1.7035,3371792.0,2026-06-15 15:59:59.999000+00:00,1
2026-06-15 16:00:00+00:00,1.7035,1.7471,1.6564,1.6641,2491924.0,2026-06-15 19:59:59.999000+00:00,1
2026-06-15 20:00:00+00:00,1.6641,1.745,1.6577,1.6877,1922872.0,2026-06-15 23:59:59.999000+00:00,1
2026-06-16 00:00:00+00:00,1.6873,1.7144,1.6544,1.7123,1526196.0,2026-06-16 03:59:59.999000+00:00,1
2026-06-16 04:00:00+00:00,1.7122,1.8098,1.6632,1.8081,3375414.0,2026-06-16 07:59:59.999000+00:00,1
2026-06-16 08:00:00+00:00,1.8088,1.8435,1.7531,1.7765,4664620.0,2026-06-16 11:59:59.999000+00:00,1
2026-06-16 12:00:00+00:00,1.7765,1.8123,1.6756,1.7017,4053466.0,2026-06-16 15:59:59.999000+00:00,1
2026-06-16 16:00:00+00:00,1.7016,1.7992,1.6762,1.7895,3209907.0,2026-06-16 19:59:59.999000+00:00,1
2026-06-16 20:00:00+00:00,1.7898,1.8034,1.7301,1.7346,1793334.0,2026-06-16 23:59:59.999000+00:00,1
2026-06-17 00:00:00+00:00,1.735,1.7852,1.7234,1.731,2260324.0,2026-06-17 03:59:59.999000+00:00,1
2026-06-17 04:00:00+00:00,1.731,1.8026,1.7264,1.7554,2175408.0,2026-06-17 07:59:59.999000+00:00,1
2026-06-17 08:00:00+00:00,1.7556,1.7929,1.7267,1.7557,2438756.0,2026-06-17 11:59:59.999000+00:00,1
2026-06-17 12:00:00+00:00,1.7568,1.8676,1.7292,1.8478,4452849.0,2026-06-17 15:59:59.999000+00:00,1
2026-06-17 16:00:00+00:00,1.848,1.9183,1.7454,1.7833,6714023.0,2026-06-17 19:59:59.999000+00:00,1
2026-06-17 20:00:00+00:00,1.7831,1.7957,1.6942,1.7214,3358875.0,2026-06-17 23:59:59.999000+00:00,1
2026-06-18 00:00:00+00:00,1.7216,1.76,1.6244,1.6491,4431025.0,2026-06-18 03:59:59.999000+00:00,1
2026-06-18 04:00:00+00:00,1.649,1.664,1.5965,1.6606,3051183.0,2026-06-18 07:59:59.999000+00:00,1
2026-06-18 08:00:00+00:00,1.6603,1.6783,1.6022,1.6081,2223036.0,2026-06-18 11:59:59.999000+00:00,1
2026-06-18 12:00:00+00:00,1.6085,1.6528,1.5655,1.5656,4084208.0,2026-06-18 15:59:59.999000+00:00,1
2026-06-18 16:00:00+00:00,1.5657,1.6161,1.5566,1.6007,2553740.0,2026-06-18 19:59:59.999000+00:00,1
2026-06-18 20:00:00+00:00,1.6008,1.6349,1.6001,1.6138,941737.0,2026-06-18 23:59:59.999000+00:00,1
2026-06-19 00:00:00+00:00,1.6138,1.638,1.5641,1.5842,2218105.0,2026-06-19 03:59:59.999000+00:00,1
2026-06-19 04:00:00+00:00,1.5841,1.5991,1.5421,1.5494,1726550.0,2026-06-19 07:59:59.999000+00:00,1
2026-06-19 08:00:00+00:00,1.5491,1.5729,1.5187,1.529,1416920.0,2026-06-19 11:59:59.999000+00:00,1
2026-06-19 12:00:00+00:00,1.529,1.5829,1.5219,1.5751,2007924.0,2026-06-19 15:59:59.999000+00:00,1
2026-06-19 16:00:00+00:00,1.5754,1.5981,1.5413,1.5612,1351689.0,2026-06-19 19:59:59.999000+00:00,1
2026-06-19 20:00:00+00:00,1.5619,1.5878,1.5357,1.5446,780026.0,2026-06-19 23:59:59.999000+00:00,1
2026-06-20 00:00:00+00:00,1.5446,1.5485,1.5028,1.5113,1310786.0,2026-06-20 03:59:59.999000+00:00,1
2026-06-20 04:00:00+00:00,1.5114,1.5589,1.5025,1.5568,1258618.0,2026-06-20 07:59:59.999000+00:00,1
2026-06-20 08:00:00+00:00,1.557,1.575,1.5388,1.5399,894223.0,2026-06-20 11:59:59.999000+00:00,1
2026-06-20 12:00:00+00:00,1.5398,1.5727,1.5083,1.5532,1558271.0,2026-06-20 15:59:59.999000+00:00,1
2026-06-20 16:00:00+00:00,1.5536,1.5542,1.5169,1.5249,719025.0,2026-06-20 19:59:59.999000+00:00,1
2026-06-20 20:00:00+00:00,1.5247,1.5633,1.5164,1.5566,486087.0,2026-06-20 23:59:59.999000+00:00,1
2026-06-21 00:00:00+00:00,1.5569,1.608,1.5403,1.6035,881529.0,2026-06-21 03:59:59.999000+00:00,1
2026-06-21 04:00:00+00:00,1.6036,1.624,1.5736,1.5829,956056.0,2026-06-21 07:59:59.999000+00:00,1
2026-06-21 08:00:00+00:00,1.5828,1.6106,1.5609,1.5652,802795.0,2026-06-21 11:59:59.999000+00:00,1
2026-06-21 12:00:00+00:00,1.5651,1.5677,1.5371,1.5617,850106.0,2026-06-21 15:59:59.999000+00:00,1
2026-06-21 16:00:00+00:00,1.5618,1.6085,1.5414,1.587,1279575.0,2026-06-21 19:59:59.999000+00:00,1
2026-06-21 20:00:00+00:00,1.5873,1.625,1.5656,1.5686,2283438.0,2026-06-21 23:59:59.999000+00:00,1
2026-06-22 00:00:00+00:00,1.5688,1.6572,1.5673,1.6179,2738160.0,2026-06-22 03:59:59.999000+00:00,1
2026-06-22 04:00:00+00:00,1.6184,1.6744,1.6004,1.6688,1491832.0,2026-06-22 07:59:59.999000+00:00,1
2026-06-22 08:00:00+00:00,1.669,1.7181,1.656,1.7038,3709932.0,2026-06-22 11:59:59.999000+00:00,1
2026-06-22 12:00:00+00:00,1.7034,1.7174,1.6417,1.6481,2736737.0,2026-06-22 15:59:59.999000+00:00,1
2026-06-22 16:00:00+00:00,1.6478,1.6639,1.5896,1.6181,2292298.0,2026-06-22 19:59:59.999000+00:00,1
2026-06-22 20:00:00+00:00,1.6181,1.6496,1.598,1.6112,838646.0,2026-06-22 23:59:59.999000+00:00,1
2026-06-23 00:00:00+00:00,1.6114,1.6623,1.6106,1.6489,1994607.0,2026-06-23 03:59:59.999000+00:00,1
2026-06-23 04:00:00+00:00,1.649,1.6571,1.5016,1.5032,2271071.0,2026-06-23 07:59:59.999000+00:00,1
2026-06-23 08:00:00+00:00,1.5032,1.5704,1.4725,1.5697,2282503.0,2026-06-23 11:59:59.999000+00:00,1
2026-06-23 12:00:00+00:00,1.5704,1.5897,1.5239,1.5463,1673275.0,2026-06-23 15:59:59.999000+00:00,1
2026-06-23 16:00:00+00:00,1.5461,1.5678,1.506,1.5356,1434435.0,2026-06-23 19:59:59.999000+00:00,1
2026-06-23 20:00:00+00:00,1.5363,1.5416,1.4856,1.5043,1269039.0,2026-06-23 23:59:59.999000+00:00,1
2026-06-24 00:00:00+00:00,1.5045,1.5444,1.5032,1.5246,1006841.0,2026-06-24 03:59:59.999000+00:00,1
2026-06-24 04:00:00+00:00,1.5243,1.5839,1.5071,1.5481,1383272.0,2026-06-24 07:59:59.999000+00:00,1
2026-06-24 08:00:00+00:00,1.5481,1.5757,1.5414,1.5608,1037983.0,2026-06-24 11:59:59.999000+00:00,1
2026-06-24 12:00:00+00:00,1.5608,1.5622,1.4807,1.5285,2592476.0,2026-06-24 15:59:59.999000+00:00,1
2026-06-24 16:00:00+00:00,1.5286,1.5679,1.4728,1.5675,2419441.0,2026-06-24 19:59:59.999000+00:00,1
2026-06-24 20:00:00+00:00,1.5669,1.6973,1.5555,1.6961,3579142.0,2026-06-24 23:59:59.999000+00:00,1
2026-06-25 00:00:00+00:00,1.6963,1.7017,1.635,1.6636,2325198.0,2026-06-25 03:59:59.999000+00:00,1
2026-06-25 04:00:00+00:00,1.6636,1.7049,1.6469,1.6731,1487066.0,2026-06-25 07:59:59.999000+00:00,1
2026-06-25 08:00:00+00:00,1.6735,1.6957,1.6206,1.6398,1345958.0,2026-06-25 11:59:59.999000+00:00,1
2026-06-25 12:00:00+00:00,1.6397,1.6648,1.5758,1.6089,4809134.0,2026-06-25 15:59:59.999000+00:00,1
2026-06-25 16:00:00+00:00,1.6091,1.6526,1.5816,1.6002,1609379.0,2026-06-25 19:59:59.999000+00:00,1
2026-06-25 20:00:00+00:00,1.6003,1.6542,1.5932,1.6121,1142031.0,2026-06-25 23:59:59.999000+00:00,1
2026-06-26 00:00:00+00:00,1.6122,1.6692,1.583,1.6655,1850409.0,2026-06-26 03:59:59.999000+00:00,1
2026-06-26 04:00:00+00:00,1.6656,1.6711,1.6016,1.6645,2272444.0,2026-06-26 07:59:59.999000+00:00,1
2026-06-26 08:00:00+00:00,1.6645,1.7234,1.6274,1.7018,2372421.0,2026-06-26 11:59:59.999000+00:00,1
2026-06-26 12:00:00+00:00,1.7018,1.815,1.6808,1.8079,3783323.0,2026-06-26 15:59:59.999000+00:00,1
2026-06-26 16:00:00+00:00,1.8078,1.838,1.7561,1.794,2309590.0,2026-06-26 19:59:59.999000+00:00,1
2026-06-26 20:00:00+00:00,1.7938,1.8394,1.7778,1.825,1161639.0,2026-06-26 23:59:59.999000+00:00,1
2026-06-27 00:00:00+00:00,1.8249,1.8257,1.7749,1.8068,1087874.0,2026-06-27 03:59:59.999000+00:00,1
2026-06-27 04:00:00+00:00,1.8065,1.8153,1.7656,1.7902,1105710.0,2026-06-27 07:59:59.999000+00:00,1
2026-06-27 08:00:00+00:00,1.7901,1.8075,1.7629,1.783,799362.0,2026-06-27 11:59:59.999000+00:00,1
2026-06-27 12:00:00+00:00,1.783,1.8335,1.7725,1.8311,968218.0,2026-06-27 15:59:59.999000+00:00,1
2026-06-27 16:00:00+00:00,1.8311,1.8333,1.7424,1.7444,1272388.0,2026-06-27 19:59:59.999000+00:00,1
2026-06-27 20:00:00+00:00,1.7444,1.7589,1.7181,1.722,889418.0,2026-06-27 23:59:59.999000+00:00,1
2026-06-28 00:00:00+00:00,1.722,1.7629,1.7203,1.7388,1001336.0,2026-06-28 03:59:59.999000+00:00,1
2026-06-28 04:00:00+00:00,1.7387,1.8148,1.733,1.8128,920989.0,2026-06-28 07:59:59.999000+00:00,1
2026-06-28 08:00:00+00:00,1.8126,1.838,1.7775,1.7931,1335763.0,2026-06-28 11:59:59.999000+00:00,1
2026-06-28 12:00:00+00:00,1.7926,1.7987,1.7437,1.7498,997987.0,2026-06-28 15:59:59.999000+00:00,1
2026-06-28 16:00:00+00:00,1.75,1.7771,1.7307,1.7359,948276.0,2026-06-28 19:59:59.999000+00:00,1
2026-06-28 20:00:00+00:00,1.7358,1.769,1.6975,1.7322,1368859.0,2026-06-28 23:59:59.999000+00:00,1
2026-06-29 00:00:00+00:00,1.7322,1.7552,1.7034,1.7534,908149.0,2026-06-29 03:59:59.999000+00:00,1
2026-06-29 04:00:00+00:00,1.7532,1.7545,1.6954,1.712,1088223.0,2026-06-29 07:59:59.999000+00:00,1
2026-06-29 08:00:00+00:00,1.7119,1.741,1.7075,1.7214,1028661.0,2026-06-29 11:59:59.999000+00:00,1
2026-06-29 12:00:00+00:00,1.7209,1.782,1.6782,1.7164,3101809.0,2026-06-29 15:59:59.999000+00:00,1
2026-06-29 16:00:00+00:00,1.7159,1.8027,1.7135,1.801,1170201.0,2026-06-29 19:59:59.999000+00:00,1
2026-06-29 20:00:00+00:00,1.8009,1.8671,1.7974,1.862,1542252.0,2026-06-29 23:59:59.999000+00:00,1
2026-06-30 00:00:00+00:00,1.8623,1.8854,1.8156,1.8584,2093627.0,2026-06-30 03:59:59.999000+00:00,1
2026-06-30 04:00:00+00:00,1.8586,1.9299,1.841,1.8984,3628359.0,2026-06-30 07:59:59.999000+00:00,1
2026-06-30 08:00:00+00:00,1.8981,1.9348,1.8715,1.9071,4453881.0,2026-06-30 11:59:59.999000+00:00,1
2026-06-30 12:00:00+00:00,1.9071,1.9871,1.8659,1.9703,7084544.0,2026-06-30 15:59:59.999000+00:00,1
2026-06-30 16:00:00+00:00,1.9704,2.0232,1.8311,1.8376,6318398.0,2026-06-30 19:59:59.999000+00:00,1
2026-06-30 20:00:00+00:00,1.837,1.8646,1.781,1.8498,3021741.0,2026-06-30 23:59:59.999000+00:00,1
2026-07-01 00:00:00+00:00,1.8497,1.92,1.7953,1.8926,3236886.0,2026-07-01 03:59:59.999000+00:00,1
2026-07-01 04:00:00+00:00,1.8926,1.9428,1.8572,1.9085,2824536.0,2026-07-01 07:59:59.999000+00:00,1
2026-07-01 08:00:00+00:00,1.908,1.9098,1.844,1.8683,1932026.0,2026-07-01 11:59:59.999000+00:00,1
2026-07-01 12:00:00+00:00,1.8684,1.874,1.775,1.7769,3775034.0,2026-07-01 15:59:59.999000+00:00,1
2026-07-01 16:00:00+00:00,1.7772,1.9983,1.731,1.9947,20158233.0,2026-07-01 19:59:59.999000+00:00,1
2026-07-01 20:00:00+00:00,1.9943,2.1864,1.9477,2.0728,20162254.0,2026-07-01 23:59:59.999000+00:00,1
2026-07-02 00:00:00+00:00,2.072,2.1296,1.9723,2.0863,12159974.0,2026-07-02 03:59:59.999000+00:00,1
2026-07-02 04:00:00+00:00,2.0863,2.1471,2.0592,2.145,7145263.0,2026-07-02 07:59:59.999000+00:00,1
2026-07-02 08:00:00+00:00,2.145,2.1956,2.1111,2.1709,11611129.0,2026-07-02 11:59:59.999000+00:00,1
2026-07-02 12:00:00+00:00,2.1708,2.2274,2.0635,2.0835,13799248.0,2026-07-02 15:59:59.999000+00:00,1
2026-07-02 16:00:00+00:00,2.0837,2.1494,2.0233,2.028,5615211.0,2026-07-02 19:59:59.999000+00:00,1
2026-07-02 20:00:00+00:00,2.0286,2.0899,2.0095,2.0678,2661920.0,2026-07-02 23:59:59.999000+00:00,1
2026-07-03 00:00:00+00:00,2.0675,2.1245,2.0455,2.115,3028596.0,2026-07-03 03:59:59.999000+00:00,1
2026-07-03 04:00:00+00:00,2.1152,2.1525,2.0547,2.0596,2585418.0,2026-07-03 07:59:59.999000+00:00,1
2026-07-03 08:00:00+00:00,2.0603,2.072,2.0172,2.0418,2865672.0,2026-07-03 11:59:59.999000+00:00,1
2026-07-03 12:00:00+00:00,2.042,2.1461,2.0039,2.1216,3597051.0,2026-07-03 15:59:59.999000+00:00,1
2026-07-03 16:00:00+00:00,2.1215,2.194,2.1151,2.1589,3124660.0,2026-07-03 19:59:59.999000+00:00,1
2026-07-03 20:00:00+00:00,2.1589,2.185,2.1008,2.1154,1883783.0,2026-07-03 23:59:59.999000+00:00,1
2026-07-04 00:00:00+00:00,2.1153,2.2028,2.0918,2.2002,2130139.0,2026-07-04 03:59:59.999000+00:00,1
2026-07-04 04:00:00+00:00,2.2003,2.2644,2.17,2.1865,3214498.0,2026-07-04 07:59:59.999000+00:00,1
2026-07-04 08:00:00+00:00,2.1867,2.2422,2.1555,2.2398,1715153.0,2026-07-04 11:59:59.999000+00:00,1
2026-07-04 12:00:00+00:00,2.2398,2.2845,2.1902,2.2131,3305634.0,2026-07-04 15:59:59.999000+00:00,1
2026-07-04 16:00:00+00:00,2.2132,2.2277,2.1315,2.18,3051205.0,2026-07-04 19:59:59.999000+00:00,1
2026-07-04 20:00:00+00:00,2.1798,2.2762,2.1754,2.2009,1811355.0,2026-07-04 23:59:59.999000+00:00,1
2026-07-05 00:00:00+00:00,2.201,2.2247,2.1438,2.1797,2685271.0,2026-07-05 03:59:59.999000+00:00,1
2026-07-05 04:00:00+00:00,2.1796,2.2777,2.17,2.2724,1261861.0,2026-07-05 07:59:59.999000+00:00,1
2026-07-05 08:00:00+00:00,2.2725,2.3444,2.2428,2.2818,3381294.0,2026-07-05 11:59:59.999000+00:00,1
2026-07-05 12:00:00+00:00,2.2824,2.459,2.2701,2.4491,6769070.0,2026-07-05 15:59:59.999000+00:00,1
2026-07-05 16:00:00+00:00,2.4491,2.49,2.3763,2.4468,8105826.0,2026-07-05 19:59:59.999000+00:00,1
2026-07-05 20:00:00+00:00,2.4468,2.5086,2.3877,2.4614,3566931.0,2026-07-05 23:59:59.999000+00:00,1
2026-07-06 00:00:00+00:00,2.4612,2.6875,2.4583,2.6792,10707693.0,2026-07-06 03:59:59.999000+00:00,1
2026-07-06 04:00:00+00:00,2.6792,2.7324,2.5517,2.5869,14210687.0,2026-07-06 07:59:59.999000+00:00,1
2026-07-06 08:00:00+00:00,2.5861,2.6135,2.4341,2.4431,10469118.0,2026-07-06 11:59:59.999000+00:00,1
2026-07-06 12:00:00+00:00,2.443,2.713,2.3339,2.6597,16211210.0,2026-07-06 15:59:59.999000+00:00,1
2026-07-06 16:00:00+00:00,2.659,2.7691,2.5762,2.6005,8627156.0,2026-07-06 19:59:59.999000+00:00,1
2026-07-06 20:00:00+00:00,2.6007,2.6439,2.5137,2.5806,3590682.0,2026-07-06 23:59:59.999000+00:00,1
2026-07-07 00:00:00+00:00,2.5807,2.617,2.5284,2.5635,3618692.0,2026-07-07 03:59:59.999000+00:00,1
2026-07-07 04:00:00+00:00,2.5635,2.6337,2.5372,2.614,3192037.0,2026-07-07 07:59:59.999000+00:00,1
2026-07-07 08:00:00+00:00,2.615,2.6548,2.4545,2.6038,4808972.0,2026-07-07 11:59:59.999000+00:00,1
2026-07-07 12:00:00+00:00,2.6033,2.6989,2.5265,2.5583,6551369.0,2026-07-07 15:59:59.999000+00:00,1
2026-07-07 16:00:00+00:00,2.5592,2.5986,2.5091,2.566,2619593.0,2026-07-07 19:59:59.999000+00:00,1
2026-07-07 20:00:00+00:00,2.5663,2.5848,2.4356,2.4641,3331712.0,2026-07-07 23:59:59.999000+00:00,1
2026-07-08 00:00:00+00:00,2.4641,2.4986,2.38,2.3977,4787359.0,2026-07-08 03:59:59.999000+00:00,1
2026-07-08 04:00:00+00:00,2.3979,2.4579,2.361,2.371,2272447.0,2026-07-08 07:59:59.999000+00:00,1
2026-07-08 08:00:00+00:00,2.3704,2.3872,2.2867,2.335,4359349.0,2026-07-08 11:59:59.999000+00:00,1
2026-07-08 12:00:00+00:00,2.3351,2.3569,2.2675,2.3137,3504485.0,2026-07-08 15:59:59.999000+00:00,1
2026-07-08 16:00:00+00:00,2.3139,2.4356,2.3071,2.3897,3490533.0,2026-07-08 19:59:59.999000+00:00,1
2026-07-08 20:00:00+00:00,2.3905,2.397,2.3127,2.3287,1471711.0,2026-07-08 23:59:59.999000+00:00,1
2026-07-09 00:00:00+00:00,2.3287,2.36,2.2439,2.3501,2421445.0,2026-07-09 03:59:59.999000+00:00,1
2026-07-09 04:00:00+00:00,2.3501,2.4836,2.3467,2.4697,3941021.0,2026-07-09 07:59:59.999000+00:00,1
2026-07-09 08:00:00+00:00,2.4693,2.5265,2.448,2.463,3573105.0,2026-07-09 11:59:59.999000+00:00,1
2026-07-09 12:00:00+00:00,2.463,2.5228,2.3978,2.4246,4019949.0,2026-07-09 15:59:59.999000+00:00,1
2026-07-09 16:00:00+00:00,2.4245,2.4451,2.3358,2.3389,1960532.0,2026-07-09 19:59:59.999000+00:00,1
2026-07-09 20:00:00+00:00,2.339,2.4014,2.3162,2.395,1422434.0,2026-07-09 23:59:59.999000+00:00,1
2026-07-10 00:00:00+00:00,2.3951,2.4999,2.3658,2.4785,2177735.0,2026-07-10 03:59:59.999000+00:00,1
2026-07-10 04:00:00+00:00,2.4789,2.529,2.4416,2.5062,2483294.0,2026-07-10 07:59:59.999000+00:00,1
2026-07-10 08:00:00+00:00,2.5062,2.5521,2.4538,2.51,2274464.0,2026-07-10 11:59:59.999000+00:00,1
2026-07-10 12:00:00+00:00,2.5096,2.5545,2.454,2.487,2564677.0,2026-07-10 15:59:59.999000+00:00,1
2026-07-10 16:00:00+00:00,2.4867,2.5819,2.4781,2.5443,2405640.0,2026-07-10 19:59:59.999000+00:00,1
2026-07-10 20:00:00+00:00,2.5434,2.7521,2.5126,2.6926,5697417.0,2026-07-10 23:59:59.999000+00:00,1
2026-07-11 00:00:00+00:00,2.6926,2.7298,2.62,2.6432,3614778.0,2026-07-11 03:59:59.999000+00:00,1
2026-07-11 04:00:00+00:00,2.6432,2.6699,2.5745,2.6076,2149291.0,2026-07-11 07:59:59.999000+00:00,1
2026-07-11 08:00:00+00:00,2.6082,2.6315,2.562,2.5869,2092311.0,2026-07-11 11:59:59.999000+00:00,1
2026-07-11 12:00:00+00:00,2.5872,2.6227,2.5702,2.5802,1856592.0,2026-07-11 15:59:59.999000+00:00,1
2026-07-11 16:00:00+00:00,2.5797,2.6833,2.5742,2.6213,2390773.0,2026-07-11 19:59:59.999000+00:00,1
2026-07-11 20:00:00+00:00,2.6214,2.6479,2.5756,2.5761,1270767.0,2026-07-11 23:59:59.999000+00:00,1
2026-07-12 00:00:00+00:00,2.5766,2.7497,2.5628,2.7203,3182174.0,2026-07-12 03:59:59.999000+00:00,1
2026-07-12 04:00:00+00:00,2.7203,2.7557,2.5938,2.6054,3946485.0,2026-07-12 07:59:59.999000+00:00,1
2026-07-12 08:00:00+00:00,2.6054,2.6236,2.5467,2.6016,2650732.0,2026-07-12 11:59:59.999000+00:00,1
2026-07-12 12:00:00+00:00,2.6015,2.6816,2.5952,2.6366,2892943.0,2026-07-12 15:59:59.999000+00:00,1
2026-07-12 16:00:00+00:00,2.6374,2.695,2.6109,2.666,1626211.0,2026-07-12 19:59:59.999000+00:00,1
2026-07-12 20:00:00+00:00,2.6658,2.6884,2.6026,2.6269,1570372.0,2026-07-12 23:59:59.999000+00:00,1
2026-07-13 00:00:00+00:00,2.6266,2.6811,2.52,2.5596,3380146.0,2026-07-13 03:59:59.999000+00:00,1
2026-07-13 04:00:00+00:00,2.5596,2.5615,2.353,2.3715,4552596.0,2026-07-13 07:59:59.999000+00:00,1
2026-07-13 08:00:00+00:00,2.3716,2.4257,2.3506,2.3795,3812589.0,2026-07-13 11:59:59.999000+00:00,1
2026-07-13 12:00:00+00:00,2.3799,2.4565,2.32,2.3864,5226090.0,2026-07-13 15:59:59.999000+00:00,1
2026-07-13 16:00:00+00:00,2.3863,2.4064,2.2946,2.3275,3538776.0,2026-07-13 19:59:59.999000+00:00,1
2026-07-13 20:00:00+00:00,2.3272,2.3532,2.274,2.3056,1981796.0,2026-07-13 23:59:59.999000+00:00,1
2026-07-14 00:00:00+00:00,2.3058,2.4356,2.3024,2.3828,4419164.0,2026-07-14 03:59:59.999000+00:00,1
2026-07-14 04:00:00+00:00,2.3826,2.4069,2.3527,2.3885,1460619.0,2026-07-14 07:59:59.999000+00:00,1
2026-07-14 08:00:00+00:00,2.3887,2.4739,2.3823,2.47,2360100.0,2026-07-14 11:59:59.999000+00:00,1
2026-07-14 12:00:00+00:00,2.4696,2.613,2.4675,2.5431,6786850.0,2026-07-14 15:59:59.999000+00:00,1
2026-07-14 16:00:00+00:00,2.5424,2.6362,2.525,2.5849,2744918.0,2026-07-14 19:59:59.999000+00:00,1
2026-07-14 20:00:00+00:00,2.5849,2.6361,2.546,2.596,1793540.0,2026-07-14 23:59:59.999000+00:00,1
2026-07-15 00:00:00+00:00,2.5961,2.6888,2.5928,2.6171,3296676.0,2026-07-15 03:59:59.999000+00:00,1
2026-07-15 04:00:00+00:00,2.6172,2.7,2.5177,2.5599,4443029.0,2026-07-15 07:59:59.999000+00:00,1
2026-07-15 08:00:00+00:00,2.56,2.6195,2.5403,2.5957,2366702.0,2026-07-15 11:59:59.999000+00:00,1
2026-07-15 12:00:00+00:00,2.5958,2.6,2.5011,2.539,3833137.0,2026-07-15 15:59:59.999000+00:00,1
2026-07-15 16:00:00+00:00,2.539,2.539,2.4305,2.4569,3136674.0,2026-07-15 19:59:59.999000+00:00,1
2026-07-15 20:00:00+00:00,2.457,2.4678,2.3962,2.4126,1357380.0,2026-07-15 23:59:59.999000+00:00,1
2026-07-16 00:00:00+00:00,2.4126,2.4562,2.3932,2.4014,1890573.0,2026-07-16 03:59:59.999000+00:00,1
2026-07-16 04:00:00+00:00,2.4014,2.4866,2.3608,2.3791,3003978.0,2026-07-16 07:59:59.999000+00:00,1
2026-07-16 08:00:00+00:00,2.3791,2.4228,2.3528,2.3946,2253849.0,2026-07-16 11:59:59.999000+00:00,1
2026-07-16 12:00:00+00:00,2.3946,2.5195,2.392,2.4984,2849474.0,2026-07-16 15:59:59.999000+00:00,1
2026-07-16 16:00:00+00:00,2.4988,2.5053,2.415,2.454,2322125.0,2026-07-16 19:59:59.999000+00:00,1
2026-07-16 20:00:00+00:00,2.4539,2.4592,2.247,2.2872,3493507.0,2026-07-16 23:59:59.999000+00:00,1
2026-07-17 00:00:00+00:00,2.2871,2.2989,2.1633,2.2065,4978547.0,2026-07-17 03:59:59.999000+00:00,1
2026-07-17 04:00:00+00:00,2.2065,2.244,2.1417,2.1908,2946888.0,2026-07-17 07:59:59.999000+00:00,1
2026-07-17 08:00:00+00:00,2.1907,2.2259,2.1715,2.215,3243629.0,2026-07-17 11:59:59.999000+00:00,1
2026-07-17 12:00:00+00:00,2.2151,2.2211,2.1565,2.2168,3029360.0,2026-07-17 15:59:59.999000+00:00,1
2026-07-17 16:00:00+00:00,2.2174,2.3099,2.2099,2.2827,2923449.0,2026-07-17 19:59:59.999000+00:00,1
2026-07-17 20:00:00+00:00,2.2828,2.3295,2.2317,2.2883,2346389.0,2026-07-17 23:59:59.999000+00:00,1
2026-07-18 00:00:00+00:00,2.2881,2.3177,2.2774,2.2925,1637077.0,2026-07-18 03:59:59.999000+00:00,1
2026-07-18 04:00:00+00:00,2.2923,2.2923,2.223,2.2393,1581980.0,2026-07-18 07:59:59.999000+00:00,1
2026-07-18 08:00:00+00:00,2.2394,2.2514,2.1906,2.2079,1333492.0,2026-07-18 11:59:59.999000+00:00,1
2026-07-18 12:00:00+00:00,2.2081,2.218,2.1565,2.1934,2267639.0,2026-07-18 15:59:59.999000+00:00,1
2026-07-18 16:00:00+00:00,2.1934,2.2377,2.1876,2.2101,1390892.0,2026-07-18 19:59:59.999000+00:00,1
2026-07-18 20:00:00+00:00,2.2101,2.2861,2.195,2.2577,1564930.0,2026-07-18 23:59:59.999000+00:00,1
2026-07-19 00:00:00+00:00,2.2579,2.2646,2.2283,2.2352,768119.0,2026-07-19 03:59:59.999000+00:00,1
2026-07-19 04:00:00+00:00,2.235,2.2362,2.2017,2.2062,699096.0,2026-07-19 07:59:59.999000+00:00,1
2026-07-19 08:00:00+00:00,2.2065,2.2386,2.203,2.2115,944501.0,2026-07-19 11:59:59.999000+00:00,1
2026-07-19 12:00:00+00:00,2.2109,2.2576,2.1903,2.2305,1372764.0,2026-07-19 15:59:59.999000+00:00,1
2026-07-19 16:00:00+00:00,2.2306,2.25,2.1774,2.2279,1533909.0,2026-07-19 19:59:59.999000+00:00,1
2026-07-19 20:00:00+00:00,2.228,2.2786,2.1968,2.2116,1042980.0,2026-07-19 23:59:59.999000+00:00,1
2026-07-20 00:00:00+00:00,2.2118,2.2704,2.1852,2.2039,1766152.0,2026-07-20 03:59:59.999000+00:00,1
2026-07-20 04:00:00+00:00,2.2039,2.2165,2.1066,2.1578,2715877.0,2026-07-20 07:59:59.999000+00:00,1
2026-07-20 08:00:00+00:00,2.158,2.2097,2.1339,2.2068,1517841.0,2026-07-20 11:59:59.999000+00:00,1
2026-07-20 12:00:00+00:00,2.2065,2.2555,2.1515,2.252,1648254.0,2026-07-20 15:59:59.999000+00:00,1
2026-07-20 16:00:00+00:00,2.2524,2.2624,2.1856,2.2005,1535085.0,2026-07-20 19:59:59.999000+00:00,1
2026-07-20 20:00:00+00:00,2.2006,2.2253,2.1613,2.1807,716444.0,2026-07-20 23:59:59.999000+00:00,1
2026-07-21 00:00:00+00:00,2.1799,2.2521,2.1727,2.2283,1169010.0,2026-07-21 03:59:59.999000+00:00,1
2026-07-21 04:00:00+00:00,2.2281,2.3262,2.2262,2.3146,1922811.0,2026-07-21 07:59:59.999000+00:00,1
2026-07-21 08:00:00+00:00,2.3145,2.3775,2.2672,2.347,2790580.0,2026-07-21 11:59:59.999000+00:00,1
2026-07-21 12:00:00+00:00,2.3475,2.3917,2.3052,2.32,2430586.0,2026-07-21 15:59:59.999000+00:00,1
2026-07-21 16:00:00+00:00,2.3198,2.3852,2.2691,2.3324,2305405.0,2026-07-21 19:59:59.999000+00:00,1
2026-07-21 20:00:00+00:00,2.3326,2.4187,2.3269,2.3421,1435158.0,2026-07-21 23:59:59.999000+00:00,1
2026-07-22 00:00:00+00:00,2.3425,2.3809,2.2957,2.3025,1684905.0,2026-07-22 03:59:59.999000+00:00,1
2026-07-22 04:00:00+00:00,2.3016,2.3278,2.2088,2.2676,2709281.0,2026-07-22 07:59:59.999000+00:00,1
2026-07-22 08:00:00+00:00,2.2672,2.3033,2.2494,2.2754,1664769.0,2026-07-22 11:59:59.999000+00:00,1
2026-07-22 12:00:00+00:00,2.2757,2.3818,2.2554,2.3747,2202474.0,2026-07-22 15:59:59.999000+00:00,1
2026-07-22 16:00:00+00:00,2.3745,2.3982,2.3024,2.3139,1814722.0,2026-07-22 19:59:59.999000+00:00,1
2026-07-22 20:00:00+00:00,2.3145,2.3299,2.2786,2.3044,830090.0,2026-07-22 23:59:59.999000+00:00,1
2026-07-23 00:00:00+00:00,2.3046,2.329,2.2649,2.2984,845742.0,2026-07-23 03:59:59.999000+00:00,1
2026-07-23 04:00:00+00:00,2.2984,2.3197,2.2226,2.2284,1372498.0,2026-07-23 07:59:59.999000+00:00,1
2026-07-23 08:00:00+00:00,2.2284,2.2483,2.2082,2.2389,1300622.0,2026-07-23 11:59:59.999000+00:00,1
2026-07-23 12:00:00+00:00,2.2381,2.2726,2.2066,2.226,1947316.0,2026-07-23 15:59:59.999000+00:00,1
2026-07-23 16:00:00+00:00,2.226,2.2329,2.1714,2.1878,1144648.0,2026-07-23 19:59:59.999000+00:00,1
2026-07-23 20:00:00+00:00,2.1877,2.2159,2.1469,2.1598,780212.0,2026-07-23 23:59:59.999000+00:00,1
2026-07-24 00:00:00+00:00,2.1595,2.1686,2.12,2.151,1254207.0,2026-07-24 03:59:59.999000+00:00,1
2026-07-24 04:00:00+00:00,2.1506,2.1514,2.0857,2.1399,2106621.0,2026-07-24 07:59:59.999000+00:00,1
2026-07-24 08:00:00+00:00,2.1399,2.16,2.0981,2.127,1041702.0,2026-07-24 11:59:59.999000+00:00,1
2026-07-24 12:00:00+00:00,2.127,2.1423,2.0604,2.071,2186021.0,2026-07-24 15:59:59.999000+00:00,1
2026-07-24 16:00:00+00:00,2.0713,2.1111,2.0437,2.0573,2097202.0,2026-07-24 19:59:59.999000+00:00,1
2026-07-24 20:00:00+00:00,2.0576,2.0636,2.0081,2.0343,1107477.0,2026-07-24 23:59:59.999000+00:00,1
2026-07-25 00:00:00+00:00,2.0344,2.0434,1.9708,2.0011,2025170.0,2026-07-25 03:59:59.999000+00:00,1
2026-07-25 04:00:00+00:00,2.0009,2.0078,1.978,1.9898,913264.0,2026-07-25 07:59:59.999000+00:00,1
2026-07-25 08:00:00+00:00,1.9898,2.0448,1.9783,2.0397,1171649.0,2026-07-25 11:59:59.999000+00:00,1
2026-07-25 12:00:00+00:00,2.04,2.0971,2.0349,2.0627,1358598.0,2026-07-25 15:59:59.999000+00:00,1
2026-07-25 16:00:00+00:00,2.0621,2.0881,2.0438,2.0483,688480.0,2026-07-25 19:59:59.999000+00:00,1
2026-07-25 20:00:00+00:00,2.0486,2.077,2.0412,2.0644,440587.0,2026-07-25 23:59:59.999000+00:00,1
2026-07-26 00:00:00+00:00,2.0642,2.1034,2.0632,2.0941,720694.0,2026-07-26 03:59:59.999000+00:00,1
2026-07-26 04:00:00+00:00,2.0934,2.1018,2.059,2.0659,483751.0,2026-07-26 07:59:59.999000+00:00,1
2026-07-26 08:00:00+00:00,2.0659,2.0809,2.0491,2.0644,357082.0,2026-07-26 11:59:59.999000+00:00,1
2026-07-26 12:00:00+00:00,2.0643,2.1083,2.061,2.0974,823997.0,2026-07-26 15:59:59.999000+00:00,1
2026-07-26 16:00:00+00:00,2.0974,2.1027,2.0609,2.098,572687.0,2026-07-26 19:59:59.999000+00:00,1
2026-07-26 20:00:00+00:00,2.098,2.154,2.095,2.1442,1690513.0,2026-07-26 23:59:59.999000+00:00,1
2026-07-27 00:00:00+00:00,2.1443,2.2417,2.1342,2.2371,2529187.0,2026-07-27 03:59:59.999000+00:00,1
2026-07-27 04:00:00+00:00,2.2369,2.271,2.212,2.2323,2577240.0,2026-07-27 07:59:59.999000+00:00,1
2026-07-27 08:00:00+00:00,2.2327,2.285,2.2327,2.263,2241682.0,2026-07-27 11:59:59.999000+00:00,1
2026-07-27 12:00:00+00:00,2.2627,2.2788,2.14,2.1588,2721486.0,2026-07-27 15:59:59.999000+00:00,1
2026-07-27 16:00:00+00:00,2.159,2.2088,2.1341,2.2052,1287094.0,2026-07-27 19:59:59.999000+00:00,1
2026-07-27 20:00:00+00:00,2.2053,2.2099,2.1155,2.131,1209473.0,2026-07-27 23:59:59.999000+00:00,1
2026-07-28 00:00:00+00:00,2.1311,2.1537,2.1036,2.144,1178651.0,2026-07-28 03:59:59.999000+00:00,1
2026-07-28 04:00:00+00:00,2.144,2.2242,2.1397,2.1959,1577519.0,2026-07-28 07:59:59.999000+00:00,1
2026-07-28 08:00:00+00:00,2.1966,2.2469,2.147,2.1502,1585195.0,2026-07-28 11:59:59.999000+00:00,1
2026-07-28 12:00:00+00:00,2.15,2.2987,2.1193,2.284,3150271.0,2026-07-28 15:59:59.999000+00:00,1
2026-07-28 16:00:00+00:00,2.2835,2.3741,2.2669,2.29,3977935.0,2026-07-28 19:59:59.999000+00:00,1
2026-07-28 20:00:00+00:00,2.2903,2.3359,2.264,2.3014,1024764.0,2026-07-28 23:59:59.999000+00:00,1
2026-07-29 00:00:00+00:00,2.3015,2.3329,2.2281,2.2369,1515912.0,2026-07-29 03:59:59.999000+00:00,1
2026-07-29 04:00:00+00:00,2.2362,2.3785,2.2291,2.2757,2086378.0,2026-07-29 07:59:59.999000+00:00,1
2026-07-29 08:00:00+00:00,2.2758,2.2823,2.1844,2.2057,1063525.0,2026-07-29 11:59:59.999000+00:00,1
2026-07-29 12:00:00+00:00,2.2055,2.2881,2.1875,2.2006,1884179.0,2026-07-29 15:59:59.999000+00:00,1
2026-07-29 16:00:00+00:00,2.2013,2.2749,2.1927,2.2012,1875704.0,2026-07-29 19:59:59.999000+00:00,1
2026-07-29 20:00:00+00:00,2.2008,2.2068,2.1248,2.1794,1316105.0,2026-07-29 23:59:59.999000+00:00,1
2026-07-30 00:00:00+00:00,2.179,2.2581,2.1472,2.2385,1241584.0,2026-07-30 03:59:59.999000+00:00,1
2026-07-30 04:00:00+00:00,2.2387,2.2443,2.1616,2.1722,1119475.0,2026-07-30 07:59:59.999000+00:00,1
2026-07-30 08:00:00+00:00,2.1725,2.2316,2.1724,2.2205,940285.0,2026-07-30 11:59:59.999000+00:00,1
2026-07-30 12:00:00+00:00,2.2207,2.292,2.2171,2.2472,1594697.0,2026-07-30 15:59:59.999000+00:00,1
2026-07-30 16:00:00+00:00,2.2474,2.2651,2.2078,2.2489,1170527.0,2026-07-30 19:59:59.999000+00:00,1
2026-07-30 20:00:00+00:00,2.2497,2.288,2.2338,2.279,786567.0,2026-07-30 23:59:59.999000+00:00,1
2026-07-31 00:00:00+00:00,2.2788,2.2994,2.2147,2.2589,1719697.0,2026-07-31 03:59:59.999000+00:00,1
2026-07-31 04:00:00+00:00,2.2589,2.2712,2.1846,2.2,1007018.0,2026-07-31 07:59:59.999000+00:00,1
2026-07-31 08:00:00+00:00,2.1999,2.2312,2.165,2.1867,2465053.0,2026-07-31 11:59:59.999000+00:00,1
2026-07-31 12:00:00+00:00,2.1869,2.1877,2.0895,2.0976,1594841.0,2026-07-31 15:59:59.999000+00:00,1
2026-07-31 16:00:00+00:00,2.0976,2.1433,2.0621,2.0674,1013107.0,2026-07-31 19:59:59.999000+00:00,1
2026-07-31 20:00:00+00:00,2.0674,2.0983,2.0614,2.0694,471755.0,2026-07-31 23:59:59.999000+00:00,1
2026-08-01 00:00:00+00:00,2.0694,2.1025,2.0614,2.0723,638841.0,2026-08-01 03:59:59.999000+00:00,1
2026-08-01 04:00:00+00:00,2.0722,2.0765,2.0368,2.0432,887558.0,2026-08-01 07:59:59.999000+00:00,1
2026-08-01 08:00:00+00:00,2.0431,2.064,2.0252,2.0509,581525.0,2026-08-01 11:59:59.999000+00:00,1
2026-08-01 12:00:00+00:00,2.0509,2.0562,2.0159,2.0183,575248.0,2026-08-01 15:59:59.999000+00:00,1
2026-08-01 16:00:00+00:00,2.0179,2.0662,2.007,2.0259,869639.0,2026-08-01 19:59:59.999000+00:00,1
2026-08-01 20:00:00+00:00,2.026,2.05,2.0065,2.019,452025.0,2026-08-01 23:59:59.999000+00:00,1
2026-08-02 00:00:00+00:00,2.0194,2.1258,2.0143,2.1,1299715.0,2026-08-02 03:59:59.999000+00:00,1
2026-08-02 04:00:00+00:00,2.0995,2.1524,2.091,2.1314,1000907.0,2026-08-02 07:59:59.999000+00:00,1
2026-08-02 08:00:00+00:00,2.1312,2.1427,2.0662,2.0741,742480.0,2026-08-02 11:59:59.999000+00:00,1
2026-08-02 12:00:00+00:00,2.074,2.0776,2.0253,2.0293,619029.0,2026-08-02 15:59:59.999000+00:00,1
2026-08-02 16:00:00+00:00,2.0288,2.0667,2.0153,2.0602,819473.0,2026-08-02 19:59:59.999000+00:00,1
2026-08-02 20:00:00+00:00,2.0602,2.0745,2.0256,2.033,452147.0,2026-08-02 23:59:59.999000+00:00,1
2026-08-03 00:00:00+00:00,2.0329,2.0549,1.9551,1.9905,1513806.0,2026-08-03 03:59:59.999000+00:00,1
2026-08-03 04:00:00+00:00,1.9905,2.0537,1.9889,2.0391,946463.0,2026-08-03 07:59:59.999000+00:00,1
2026-08-03 08:00:00+00:00,2.0393,2.0824,2.0167,2.0725,1158095.0,2026-08-03 11:59:59.999000+00:00,1
2026-08-03 12:00:00+00:00,2.0725,2.1272,2.0632,2.079,1244997.0,2026-08-03 15:59:59.999000+00:00,1
2026-08-03 16:00:00+00:00,2.0793,2.0919,2.0211,2.0222,680881.0,2026-08-03 19:59:59.999000+00:00,1
2026-08-03 20:00:00+00:00,2.0221,2.0341,1.9971,2.007,389760.0,2026-08-03 23:59:59.999000+00:00,1
2026-08-04 00:00:00+00:00,2.0065,2.0249,1.9964,2.0035,520391.0,2026-08-04 03:59:59.999000+00:00,1
2026-08-04 04:00:00+00:00,2.0033,2.0499,1.9861,2.0224,1180772.0,2026-08-04 07:59:59.999000+00:00,1
2026-08-04 08:00:00+00:00,2.0221,2.0689,2.0012,2.0616,1071619.0,2026-08-04 11:59:59.999000+00:00,1
2026-08-04 12:00:00+00:00,2.0617,2.0825,2.0171,2.0704,1528992.0,2026-08-04 15:59:59.999000+00:00,1
2026-08-04 16:00:00+00:00,2.0699,2.1163,2.0569,2.1085,1503796.0,2026-08-04 19:59:59.999000+00:00,1
2026-08-04 20:00:00+00:00,2.108,2.1207,2.0525,2.0583,817686.0,2026-08-04 23:59:59.999000+00:00,1
2026-08-05 00:00:00+00:00,2.0587,2.143,2.0308,2.1118,2124754.0,2026-08-05 03:59:59.999000+00:00,1
2026-08-05 04:00:00+00:00,2.1117,2.1558,2.1065,2.1325,687187.0,2026-08-05 07:59:59.999000+00:00,1
2026-08-05 08:00:00+00:00,2.1326,2.1448,2.0885,2.1139,677043.0,2026-08-05 11:59:59.999000+00:00,1
2026-08-05 12:00:00+00:00,2.1138,2.132,2.0743,2.0771,1211643.0,2026-08-05 15:59:59.999000+00:00,1
2026-08-05 16:00:00+00:00,2.0773,2.152,2.0773,2.111,683901.0,2026-08-05 19:59:59.999000+00:00,1
2026-08-05 20:00:00+00:00,2.111,2.1945,2.0978,2.1848,1140662.0,2026-08-05 23:59:59.999000+00:00,1
2026-08-06 00:00:00+00:00,2.1849,2.2121,2.138,2.1434,1732369.0,2026-08-06 03:59:59.999000+00:00,1
2026-08-06 04:00:00+00:00,2.1434,2.1846,2.1264,2.172,1153158.0,2026-08-06 07:59:59.999000+00:00,1
2026-08-06 08:00:00+00:00,2.1722,2.2199,2.1532,2.2133,1126265.0,2026-08-06 11:59:59.999000+00:00,1
2026-08-06 12:00:00+00:00,2.2131,2.2592,2.1746,2.2505,1885732.0,2026-08-06 15:59:59.999000+00:00,1
2026-08-06 16:00:00+00:00,2.2508,2.3321,2.24,2.2626,1848775.0,2026-08-06 19:59:59.999000+00:00,1
2026-08-06 20:00:00+00:00,2.2628,2.3877,2.251,2.377,1970938.0,2026-08-06 23:59:59.999000+00:00,1
2026-08-07 00:00:00+00:00,2.377,2.4319,2.3541,2.3608,3010410.0,2026-08-07 03:59:59.999000+00:00,1
2026-08-07 04:00:00+00:00,2.362,2.389,2.3391,2.3559,1193673.0,2026-08-07 07:59:59.999000+00:00,1
2026-08-07 08:00:00+00:00,2.3554,2.4232,2.3414,2.389,1245269.0,2026-08-07 11:59:59.999000+00:00,1
2026-08-07 12:00:00+00:00,2.3895,2.4986,2.3844,2.3933,3944142.0,2026-08-07 15:59:59.999000+00:00,1
2026-08-07 16:00:00+00:00,2.394,2.4035,2.2941,2.3624,2060613.0,2026-08-07 19:59:59.999000+00:00,1
2026-08-07 20:00:00+00:00,2.3619,2.3626,2.2825,2.2998,585333.0,2026-08-07 23:59:59.999000+00:00,1
2026-08-08 00:00:00+00:00,2.2998,2.3574,2.2749,2.341,1006751.0,2026-08-08 03:59:59.999000+00:00,1
2026-08-08 04:00:00+00:00,2.341,2.3845,2.3128,2.3204,1081025.0,2026-08-08 07:59:59.999000+00:00,1
2026-08-08 08:00:00+00:00,2.3205,2.372,2.2995,2.3595,810122.0,2026-08-08 11:59:59.999000+00:00,1
2026-08-08 12:00:00+00:00,2.3594,2.3641,2.2624,2.2705,1551465.0,2026-08-08 15:59:59.999000+00:00,1
2026-08-08 16:00:00+00:00,2.2705,2.302,2.2633,2.2862,676023.0,2026-08-08 19:59:59.999000+00:00,1
2026-08-08 20:00:00+00:00,2.2858,2.3124,2.2783,2.2822,362254.0,2026-08-08 23:59:59.999000+00:00,1
2026-08-09 00:00:00+00:00,2.2821,2.3049,2.2655,2.2671,560298.0,2026-08-09 03:59:59.999000+00:00,1
2026-08-09 04:00:00+00:00,2.267,2.3021,2.2549,2.2929,875940.0,2026-08-09 07:59:59.999000+00:00,1
2026-08-09 08:00:00+00:00,2.2928,2.35,2.2888,2.3245,1112692.0,2026-08-09 11:59:59.999000+00:00,1
2026-08-09 12:00:00+00:00,2.324,2.3805,2.3085,2.3446,1001233.0,2026-08-09 15:59:59.999000+00:00,1
2026-08-09 16:00:00+00:00,2.3456,2.3569,2.3041,2.3413,661571.0,2026-08-09 19:59:59.999000+00:00,1
2026-08-09 20:00:00+00:00,2.3416,2.3869,2.2941,2.3054,993718.0,2026-08-09 23:59:59.999000+00:00,1
2026-08-10 00:00:00+00:00,2.3041,2.3645,2.2986,2.3291,736705.0,2026-08-10 03:59:59.999000+00:00,1
2026-08-10 04:00:00+00:00,2.3291,2.3478,2.284,2.2926,641000.0,2026-08-10 07:59:59.999000+00:00,1
2026-08-10 08:00:00+00:00,2.2917,2.3143,2.2794,2.3138,521650.0,2026-08-10 11:59:59.999000+00:00,1
2026-08-10 12:00:00+00:00,2.3138,2.323,2.2638,2.3124,1030871.0,2026-08-10 15:59:59.999000+00:00,1
2026-08-10 16:00:00+00:00,2.3124,2.424,2.3019,2.3988,2021577.0,2026-08-10 19:59:59.999000+00:00,1
2026-08-10 20:00:00+00:00,2.399,2.4187,2.349,2.3836,719445.0,2026-08-10 23:59:59.999000+00:00,1
2026-08-11 00:00:00+00:00,2.3837,2.5021,2.3548,2.4759,2244532.0,2026-08-11 03:59:59.999000+00:00,1
2026-08-11 04:00:00+00:00,2.4765,2.5146,2.4305,2.444,1817542.0,2026-08-11 07:59:59.999000+00:00,1
2026-08-11 08:00:00+00:00,2.4436,2.5144,2.4248,2.4783,1651967.0,2026-08-11 11:59:59.999000+00:00,1
2026-08-11 12:00:00+00:00,2.4795,2.5305,2.3837,2.4135,2992181.0,2026-08-11 15:59:59.999000+00:00,1
2026-08-11 16:00:00+00:00,2.4132,2.456,2.3896,2.4483,1348967.0,2026-08-11 19:59:59.999000+00:00,1
2026-08-11 20:00:00+00:00,2.4485,2.4511,2.3837,2.4196,576707.0,2026-08-11 23:59:59.999000+00:00,1
2026-08-12 00:00:00+00:00,2.4189,2.4311,2.3014,2.3297,1502857.0,2026-08-12 03:59:59.999000+00:00,1
2026-08-12 04:00:00+00:00,2.3295,2.3413,2.2665,2.3074,1386495.0,2026-08-12 07:59:59.999000+00:00,1
2026-08-12 08:00:00+00:00,2.3078,2.331,2.2818,2.3075,1075398.0,2026-08-12 11:59:59.999000+00:00,1
2026-08-12 12:00:00+00:00,2.3079,2.3492,2.2114,2.3174,3059467.0,2026-08-12 15:59:59.999000+00:00,1
2026-08-12 16:00:00+00:00,2.3178,2.4399,2.2959,2.3739,2763384.0,2026-08-12 19:59:59.999000+00:00,1
2026-08-12 20:00:00+00:00,2.3736,2.3845,2.3092,2.3362,791482.0,2026-08-12 23:59:59.999000+00:00,1
2026-08-13 00:00:00+00:00,2.3345,2.4064,2.3305,2.3675,1144759.0,2026-08-13 03:59:59.999000+00:00,1
2026-08-13 04:00:00+00:00,2.3674,2.4196,2.3607,2.3933,823137.0,2026-08-13 07:59:59.999000+00:00,1
2026-08-13 08:00:00+00:00,2.394,2.3998,2.3394,2.3685,987805.0,2026-08-13 11:59:59.999000+00:00,1
2026-08-13 12:00:00+00:00,2.3683,2.4143,2.3374,2.3784,1015795.0,2026-08-13 15:59:59.999000+00:00,1
2026-08-13 16:00:00+00:00,2.3785,2.3875,2.2891,2.3047,1320008.0,2026-08-13 19:59:59.999000+00:00,1
2026-08-13 20:00:00+00:00,2.3048,2.3472,2.237,2.2713,1097207.0,2026-08-13 23:59:59.999000+00:00,1
2026-08-14 00:00:00+00:00,2.2717,2.2752,2.2051,2.2215,1051587.0,2026-08-14 03:59:59.999000+00:00,1
2026-08-14 04:00:00+00:00,2.2217,2.259,2.2193,2.2331,771986.0,2026-08-14 07:59:59.999000+00:00,1
2026-08-14 08:00:00+00:00,2.2332,2.2477,2.1978,2.2283,832647.0,2026-08-14 11:59:59.999000+00:00,1
2026-08-14 12:00:00+00:00,2.2281,2.2458,2.1979,2.2369,1148472.0,2026-08-14 15:59:59.999000+00:00,1
2026-08-14 16:00:00+00:00,2.2365,2.2634,2.2087,2.2454,702026.0,2026-08-14 19:59:59.999000+00:00,1
2026-08-14 20:00:00+00:00,2.2454,2.2504,2.2124,2.2361,328931.0,2026-08-14 23:59:59.999000+00:00,1
2026-08-15 00:00:00+00:00,2.2362,2.2992,2.2171,2.2751,924317.0,2026-08-15 03:59:59.999000+00:00,1
2026-08-15 04:00:00+00:00,2.2747,2.3166,2.2533,2.2691,984621.0,2026-08-15 07:59:59.999000+00:00,1
2026-08-15 08:00:00+00:00,2.2696,2.2823,2.248,2.2572,378468.0,2026-08-15 11:59:59.999000+00:00,1
2026-08-15 12:00:00+00:00,2.2572,2.272,2.2479,2.2652,442684.0,2026-08-15 15:59:59.999000+00:00,1
2026-08-15 16:00:00+00:00,2.2653,2.2778,2.2443,2.2648,509154.0,2026-08-15 19:59:59.999000+00:00,1
2026-08-15 20:00:00+00:00,2.2649,2.2676,2.2506,2.2641,180679.0,2026-08-15 23:59:59.999000+00:00,1
2026-08-16 00:00:00+00:00,2.2647,2.3272,2.2536,2.3135,769332.0,2026-08-16 03:59:59.999000+00:00,1
2026-08-16 04:00:00+00:00,2.3139,2.3242,2.2851,2.3096,653258.0,2026-08-16 07:59:59.999000+00:00,1
2026-08-16 08:00:00+00:00,2.3099,2.3298,2.2938,2.3251,506351.0,2026-08-16 11:59:59.999000+00:00,1
2026-08-16 12:00:00+00:00,2.3252,2.3434,2.3058,2.338,699714.0,2026-08-16 15:59:59.999000+00:00,1
2026-08-16 16:00:00+00:00,2.3377,2.3608,2.312,2.3238,591022.0,2026-08-16 19:59:59.999000+00:00,1
2026-08-16 20:00:00+00:00,2.3238,2.337,2.2699,2.2781,597320.0,2026-08-16 23:59:59.999000+00:00,1
2026-08-17 00:00:00+00:00,2.2772,2.3429,2.2713,2.3303,810829.0,2026-08-17 03:59:59.999000+00:00,1
2026-08-17 04:00:00+00:00,2.3308,2.3876,2.3299,2.3516,940651.0,2026-08-17 07:59:59.999000+00:00,1
2026-08-17 08:00:00+00:00,2.351,2.3826,2.3311,2.3738,714768.0,2026-08-17 11:59:59.999000+00:00,1
2026-08-17 12:00:00+00:00,2.3737,2.3746,2.312,2.3555,1001077.0,2026-08-17 15:59:59.999000+00:00,1
2026-08-17 16:00:00+00:00,2.3556,2.3557,2.3189,2.3328,418849.0,2026-08-17 19:59:59.999000+00:00,1
2026-08-17 20:00:00+00:00,2.3336,2.3541,2.3228,2.3325,588719.0,2026-08-17 23:59:59.999000+00:00,1
2026-08-18 00:00:00+00:00,2.3326,2.3394,2.2837,2.3043,630223.0,2026-08-18 03:59:59.999000+00:00,1
2026-08-18 04:00:00+00:00,2.3047,2.36,2.2974,2.341,706758.0,2026-08-18 07:59:59.999000+00:00,1
2026-08-18 08:00:00+00:00,2.3408,2.3781,2.3252,2.3666,749016.0,2026-08-18 11:59:59.999000+00:00,1
2026-08-18 12:00:00+00:00,2.3662,2.4031,2.3386,2.3943,1509612.0,2026-08-18 15:59:59.999000+00:00,1
2026-08-18 16:00:00+00:00,2.3947,2.4198,2.381,2.3923,845872.0,2026-08-18 19:59:59.999000+00:00,1
2026-08-18 20:00:00+00:00,2.3925,2.397,2.3576,2.3578,534546.0,2026-08-18 23:59:59.999000+00:00,1
2026-08-19 00:00:00+00:00,2.358,2.3948,2.3335,2.3376,870380.0,2026-08-19 03:59:59.999000+00:00,1
2026-08-19 04:00:00+00:00,2.338,2.3424,2.2732,2.2983,758454.0,2026-08-19 07:59:59.999000+00:00,1
2026-08-19 08:00:00+00:00,2.298,2.3264,2.266,2.3176,922387.0,2026-08-19 11:59:59.999000+00:00,1
2026-08-19 12:00:00+00:00,2.3176,2.4744,2.3103,2.4506,2120256.0,2026-08-19 15:59:59.999000+00:00,1
2026-08-19 16:00:00+00:00,2.4502,2.7594,2.4356,2.6288,4799326.0,2026-08-19 19:59:59.999000+00:00,1
2026-08-19 20:00:00+00:00,2.6289,2.74,2.5837,2.6029,3029126.0,2026-08-19 23:59:59.999000+00:00,1
2026-08-20 00:00:00+00:00,2.6033,2.7122,2.579,2.6946,1766336.0,2026-08-20 03:59:59.999000+00:00,1
2026-08-20 04:00:00+00:00,2.695,2.987,2.689,2.9436,8540685.0,2026-08-20 07:59:59.999000+00:00,1
2026-08-20 08:00:00+00:00,2.9427,2.9733,2.7256,2.7592,4847140.0,2026-08-20 11:59:59.999000+00:00,1
2026-08-20 12:00:00+00:00,2.7587,2.795,2.6732,2.7697,5264317.0,2026-08-20 15:59:59.999000+00:00,1
2026-08-20 16:00:00+00:00,2.7699,2.8393,2.6205,2.6403,4758999.0,2026-08-20 19:59:59.999000+00:00,1
2026-08-20 20:00:00+00:00,2.6409,2.7295,2.6373,2.6678,1932889.0,2026-08-20 23:59:59.999000+00:00,1
2026-08-21 00:00:00+00:00,2.6674,2.7158,2.6064,2.6454,2074313.0,2026-08-21 03:59:59.999000+00:00,1
2026-08-21 04:00:00+00:00,2.6456,2.7828,2.6456,2.773,2312043.0,2026-08-21 07:59:59.999000+00:00,1
2026-08-21 08:00:00+00:00,2.7728,2.8132,2.665,2.7139,4221095.0,2026-08-21 11:59:59.999000+00:00,1
2026-08-21 12:00:00+00:00,2.7139,2.933,2.6898,2.8498,5313791.0,2026-08-21 15:59:59.999000+00:00,1
2026-08-21 16:00:00+00:00,2.8499,3.177,2.7875,3.065,7521471.0,2026-08-21 19:59:59.999000+00:00,1
2026-08-21 20:00:00+00:00,3.0648,3.1717,2.9997,3.1263,3830940.0,2026-08-21 23:59:59.999000+00:00,1
2026-08-22 00:00:00+00:00,3.1273,3.2431,3.0274,3.1458,3947191.0,2026-08-22 03:59:59.999000+00:00,1
2026-08-22 04:00:00+00:00,3.1455,3.1818,2.6015,3.0595,6770771.0,2026-08-22 07:59:59.999000+00:00,1
2026-08-22 08:00:00+00:00,3.0599,3.1348,3.0053,3.1175,2274761.0,2026-08-22 11:59:59.999000+00:00,1
2026-08-22 12:00:00+00:00,3.1189,3.2787,3.0736,3.1037,3113543.0,2026-08-22 15:59:59.999000+00:00,1
2026-08-22 16:00:00+00:00,3.1035,3.3125,3.0915,3.2454,2665041.0,2026-08-22 19:59:59.999000+00:00,1
2026-08-22 20:00:00+00:00,3.246,3.3331,3.0921,3.192,2195752.0,2026-08-22 23:59:59.999000+00:00,1
2026-08-23 00:00:00+00:00,3.1915,3.2899,3.0487,3.0926,2237176.0,2026-08-23 03:59:59.999000+00:00,1
2026-08-23 04:00:00+00:00,3.0931,3.1947,2.97,3.1897,2264854.0,2026-08-23 07:59:59.999000+00:00,1
2026-08-23 08:00:00+00:00,3.1907,3.3384,3.1666,3.2716,2796148.0,2026-08-23 11:59:59.999000+00:00,1
2026-08-23 12:00:00+00:00,3.2717,3.387,3.2141,3.2666,3318549.0,2026-08-23 15:59:59.999000+00:00,1
2026-08-23 16:00:00+00:00,3.267,3.4207,3.1925,3.3206,2512258.0,2026-08-23 19:59:59.999000+00:00,1
2026-08-23 20:00:00+00:00,3.3206,3.6176,3.2539,3.5772,2532627.0,2026-08-23 23:59:59.999000+00:00,1
2026-08-24 00:00:00+00:00,3.5767,3.8025,3.4676,3.5656,12403191.0,2026-08-24 03:59:59.999000+00:00,1
2026-08-24 04:00:00+00:00,3.5656,3.79,3.52,3.6067,12094366.0,2026-08-24 07:59:59.999000+00:00,1
2026-08-24 08:00:00+00:00,3.6065,3.62,3.3731,3.5279,8539047.0,2026-08-24 11:59:59.999000+00:00,1
2026-08-24 12:00:00+00:00,3.5279,3.5599,3.3287,3.3512,4955057.0,2026-08-24 15:59:59.999000+00:00,1
2026-08-24 16:00:00+00:00,3.352,3.4442,3.2641,3.4215,4098497.0,2026-08-24 19:59:59.999000+00:00,1
2026-08-24 20:00:00+00:00,3.4218,3.5558,3.3521,3.4039,3257734.0,2026-08-24 23:59:59.999000+00:00,1
2026-08-25 00:00:00+00:00,3.4033,3.5333,3.3454,3.4729,3397709.0,2026-08-25 03:59:59.999000+00:00,1
2026-08-25 04:00:00+00:00,3.4729,3.525,3.3679,3.3832,2763175.0,2026-08-25 07:59:59.999000+00:00,1
2026-08-25 08:00:00+00:00,3.3835,3.5193,3.3835,3.4213,2136415.0,2026-08-25 11:59:59.999000+00:00,1
2026-08-25 12:00:00+00:00,3.4216,3.6078,3.3816,3.5709,4603193.0,2026-08-25 15:59:59.999000+00:00,1
2026-08-25 16:00:00+00:00,3.571,3.5995,3.3143,3.4302,3319466.0,2026-08-25 19:59:59.999000+00:00,1
2026-08-25 20:00:00+00:00,3.4312,3.4377,3.2089,3.288,3052152.0,2026-08-25 23:59:59.999000+00:00,1
2026-08-26 00:00:00+00:00,3.2878,3.3359,3.2573,3.2842,1815909.0,2026-08-26 03:59:59.999000+00:00,1
2026-08-26 04:00:00+00:00,3.2838,3.4415,3.2676,3.3635,2336814.0,2026-08-26 07:59:59.999000+00:00,1
2026-08-26 08:00:00+00:00,3.3635,3.3961,3.2766,3.3665,2088347.0,2026-08-26 11:59:59.999000+00:00,1
2026-08-26 12:00:00+00:00,3.3668,3.3783,3.1697,3.2272,3671024.0,2026-08-26 15:59:59.999000+00:00,1
2026-08-26 16:00:00+00:00,3.2271,3.3733,3.1939,3.358,1751460.0,2026-08-26 19:59:59.999000+00:00,1
2026-08-26 20:00:00+00:00,3.3574,3.5171,3.303,3.4569,1971031.0,2026-08-26 23:59:59.999000+00:00,1
2026-08-27 00:00:00+00:00,3.4562,3.4728,3.3154,3.3336,1526328.0,2026-08-27 03:59:59.999000+00:00,1
2026-08-27 04:00:00+00:00,3.3338,3.3975,3.2906,3.3849,1653606.0,2026-08-27 07:59:59.999000+00:00,1
2026-08-27 08:00:00+00:00,3.3855,3.5195,3.3815,3.396,2764547.0,2026-08-27 11:59:59.999000+00:00,1
2026-08-27 12:00:00+00:00,3.3966,3.6584,3.362,3.591,4085708.0,2026-08-27 15:59:59.999000+00:00,1
2026-08-27 16:00:00+00:00,3.592,3.734,3.529,3.703,3268939.0,2026-08-27 19:59:59.999000+00:00,1
2026-08-27 20:00:00+00:00,3.7034,3.7935,3.6828,3.712,3113352.0,2026-08-27 23:59:59.999000+00:00,1
2026-08-28 00:00:00+00:00,3.712,3.7594,3.5307,3.5638,2709427.0,2026-08-28 03:59:59.999000+00:00,1
2026-08-28 04:00:00+00:00,3.5631,3.5831,3.4786,3.5143,1789370.0,2026-08-28 07:59:59.999000+00:00,1
2026-08-28 08:00:00+00:00,3.5143,3.5567,3.437,3.4396,2132223.0,2026-08-28 11:59:59.999000+00:00,1
2026-08-28 12:00:00+00:00,3.4398,3.5617,3.3654,3.3772,3580868.0,2026-08-28 15:59:59.999000+00:00,1
2026-08-28 16:00:00+00:00,3.3783,3.524,3.3071,3.3802,4597442.0,2026-08-28 19:59:59.999000+00:00,1
2026-08-28 20:00:00+00:00,3.3801,3.4962,3.349,3.495,1326356.0,2026-08-28 23:59:59.999000+00:00,1
2026-08-29 00:00:00+00:00,3.4945,3.5024,3.3612,3.3637,1464864.0,2026-08-29 03:59:59.999000+00:00,1
2026-08-29 04:00:00+00:00,3.3639,3.4171,3.3458,3.3958,1220476.0,2026-08-29 07:59:59.999000+00:00,1
2026-08-29 08:00:00+00:00,3.3958,3.4904,3.3768,3.4328,1512288.0,2026-08-29 11:59:59.999000+00:00,1
2026-08-29 12:00:00+00:00,3.4328,3.5589,3.4198,3.5101,1701907.0,2026-08-29 15:59:59.999000+00:00,1
2026-08-29 16:00:00+00:00,3.5104,3.5337,3.4551,3.4989,927719.0,2026-08-29 19:59:59.999000+00:00,1
2026-08-29 20:00:00+00:00,3.499,3.5822,3.4817,3.5537,707271.0,2026-08-29 23:59:59.999000+00:00,1
2026-08-30 00:00:00+00:00,3.5537,3.575,3.4912,3.5055,1307706.0,2026-08-30 03:59:59.999000+00:00,1
2026-08-30 04:00:00+00:00,3.5057,3.5074,3.4344,3.4436,871155.0,2026-08-30 07:59:59.999000+00:00,1
2026-08-30 08:00:00+00:00,3.4443,3.5028,3.4401,3.495,911815.0,2026-08-30 11:59:59.999000+00:00,1
2026-08-30 12:00:00+00:00,3.4952,3.5998,3.489,3.5593,1453550.0,2026-08-30 15:59:59.999000+00:00,1
2026-08-30 16:00:00+00:00,3.5592,3.9163,3.5471,3.8709,5086071.0,2026-08-30 19:59:59.999000+00:00,1
2026-08-30 20:00:00+00:00,3.8709,3.875,3.4945,3.5264,5729422.0,2026-08-30 23:59:59.999000+00:00,1
2026-08-31 00:00:00+00:00,3.5279,3.5731,3.4562,3.5175,2792352.0,2026-08-31 03:59:59.999000+00:00,1
2026-08-31 04:00:00+00:00,3.5175,3.7258,3.4794,3.6735,3825631.0,2026-08-31 07:59:59.999000+00:00,1
2026-08-31 08:00:00+00:00,3.6738,3.8029,3.6676,3.6853,3608212.0,2026-08-31 11:59:59.999000+00:00,1
2026-08-31 12:00:00+00:00,3.6853,3.7283,3.5679,3.6551,3681371.0,2026-08-31 15:59:59.999000+00:00,1
2026-08-31 16:00:00+00:00,3.655,3.8276,3.5405,3.5826,3813093.0,2026-08-31 19:59:59.999000+00:00,1
2026-08-31 20:00:00+00:00,3.5832,3.6341,3.5268,3.5659,1298424.0,2026-08-31 23:59:59.999000+00:00,1
2026-09-01 00:00:00+00:00,3.5659,3.7152,3.5532,3.6846,1772318.0,2026-09-01 03:59:59.999000+00:00,1
2026-09-01 04:00:00+00:00,3.6842,3.725,3.6135,3.6908,1533930.0,2026-09-01 07:59:59.999000+00:00,1
2026-09-01 08:00:00+00:00,3.6911,3.8222,3.5842,3.7944,3287288.0,2026-09-01 11:59:59.999000+00:00,1
2026-09-01 12:00:00+00:00,3.7945,3.87,3.6872,3.8616,3803878.0,2026-09-01 15:59:59.999000+00:00,1
2026-09-01 16:00:00+00:00,3.8619,3.8869,3.6152,3.6483,5962191.0,2026-09-01 19:59:59.999000+00:00,1
2026-09-01 20:00:00+00:00,3.6488,3.733,3.5055,3.5175,2560663.0,2026-09-01 23:59:59.999000+00:00,1
2026-09-02 00:00:00+00:00,3.5176,3.5566,3.3826,3.4861,3651933.0,2026-09-02 03:59:59.999000+00:00,1
2026-09-02 04:00:00+00:00,3.4861,3.5867,3.4506,3.5721,2105958.0,2026-09-02 07:59:59.999000+00:00,1
2026-09-02 08:00:00+00:00,3.5728,3.6773,3.4692,3.612,4270073.0,2026-09-02 11:59:59.999000+00:00,1
2026-09-02 12:00:00+00:00,3.6116,3.72,3.5605,3.6741,3618995.0,2026-09-02 15:59:59.999000+00:00,1
2026-09-02 16:00:00+00:00,3.6748,3.792,3.665,3.7248,2986188.0,2026-09-02 19:59:59.999000+00:00,1
2026-09-02 20:00:00+00:00,3.7252,3.8194,3.6888,3.7845,2261104.0,2026-09-02 23:59:59.999000+00:00,1
2026-09-03 00:00:00+00:00,3.7845,3.9466,3.7753,3.89,5587800.0,2026-09-03 03:59:59.999000+00:00,1
2026-09-03 04:00:00+00:00,3.8901,3.9805,3.8068,3.9565,4636952.0,2026-09-03 07:59:59.999000+00:00,1
2026-09-03 08:00:00+00:00,3.9557,3.9614,3.783,3.9381,4167524.0,2026-09-03 11:59:59.999000+00:00,1
2026-09-03 12:00:00+00:00,3.9374,4.2558,3.9012,4.1942,7984171.0,2026-09-03 15:59:59.999000+00:00,1
2026-09-03 16:00:00+00:00,4.1935,4.342,4.0939,4.242,5540999.0,2026-09-03 19:59:59.999000+00:00,1
2026-09-03 20:00:00+00:00,4.2431,4.4583,4.1732,4.4391,3393243.0,2026-09-03 23:59:59.999000+00:00,1
2026-09-04 00:00:00+00:00,4.4391,4.4965,4.261,4.3234,4813361.0,2026-09-04 03:59:59.999000+00:00,1
2026-09-04 04:00:00+00:00,4.3222,4.4136,4.2305,4.3933,2812241.0,2026-09-04 07:59:59.999000+00:00,1
2026-09-04 08:00:00+00:00,4.3934,4.6876,4.3934,4.6348,6221259.0,2026-09-04 11:59:59.999000+00:00,1
2026-09-04 12:00:00+00:00,4.6348,4.7499,4.4903,4.7334,9767886.0,2026-09-04 15:59:59.999000+00:00,1
2026-09-04 16:00:00+00:00,4.7327,4.944,4.6005,4.6389,7166573.0,2026-09-04 19:59:59.999000+00:00,1
2026-09-04 20:00:00+00:00,4.6372,4.8331,4.6003,4.8191,2618134.0,2026-09-04 23:59:59.999000+00:00,1
2026-09-05 00:00:00+00:00,4.819,4.8416,4.68,4.7305,3820393.0,2026-09-05 03:59:59.999000+00:00,1
2026-09-05 04:00:00+00:00,4.7308,4.7667,4.5566,4.6195,2549844.0,2026-09-05 07:59:59.999000+00:00,1
2026-09-05 08:00:00+00:00,4.6195,4.6895,4.5796,4.6177,1925620.0,2026-09-05 11:59:59.999000+00:00,1
2026-09-05 12:00:00+00:00,4.6179,4.7478,4.5929,4.6787,2034584.0,2026-09-05 15:59:59.999000+00:00,1
2026-09-05 16:00:00+00:00,4.6784,4.8243,4.67,4.7319,1829690.0,2026-09-05 19:59:59.999000+00:00,1
2026-09-05 20:00:00+00:00,4.7321,4.8783,4.7115,4.7501,1902738.0,2026-09-05 23:59:59.999000+00:00,1
2026-09-06 00:00:00+00:00,4.7497,4.7623,4.6,4.7495,2078511.0,2026-09-06 03:59:59.999000+00:00,1
2026-09-06 04:00:00+00:00,4.7486,4.8495,4.6134,4.6354,2002972.0,2026-09-06 07:59:59.999000+00:00,1
2026-09-06 08:00:00+00:00,4.6354,4.7048,4.5236,4.6453,2548809.0,2026-09-06 11:59:59.999000+00:00,1
2026-09-06 12:00:00+00:00,4.6444,4.6444,4.4124,4.5503,2762816.0,2026-09-06 15:59:59.999000+00:00,1
2026-09-06 16:00:00+00:00,4.5502,4.7521,4.423,4.4688,3188578.0,2026-09-06 19:59:59.999000+00:00,1
2026-09-06 20:00:00+00:00,4.4694,4.5826,4.4065,4.5154,1454974.0,2026-09-06 23:59:59.999000+00:00,1
2026-09-07 00:00:00+00:00,4.5161,4.5292,4.4086,4.4092,1210891.0,2026-09-07 03:59:59.999000+00:00,1
2026-09-07 04:00:00+00:00,4.4096,4.4512,4.3312,4.4114,1810940.0,2026-09-07 07:59:59.999000+00:00,1
2026-09-07 08:00:00+00:00,4.4104,4.5225,4.4025,4.5034,1346505.0,2026-09-07 11:59:59.999000+00:00,1
2026-09-07 12:00:00+00:00,4.5048,4.618,4.3711,4.4,1982143.0,2026-09-07 15:59:59.999000+00:00,1
2026-09-07 16:00:00+00:00,4.4004,4.7051,4.388,4.7001,1890044.0,2026-09-07 19:59:59.999000+00:00,1
2026-09-07 20:00:00+00:00,4.7,4.814,4.6402,4.7166,2026957.0,2026-09-07 23:59:59.999000+00:00,1
2026-09-08 00:00:00+00:00,4.718,4.8324,4.5573,4.5942,2671654.0,2026-09-08 03:59:59.999000+00:00,1
2026-09-08 04:00:00+00:00,4.5938,4.705,4.5751,4.5986,1695215.0,2026-09-08 07:59:59.999000+00:00,1
2026-09-08 08:00:00+00:00,4.5985,4.8674,4.5881,4.7326,2771999.0,2026-09-08 11:59:59.999000+00:00,1
2026-09-08 12:00:00+00:00,4.7319,4.8578,4.6029,4.713,4153090.0,2026-09-08 15:59:59.999000+00:00,1
2026-09-08 16:00:00+00:00,4.7129,4.9306,4.7084,4.8169,4244278.0,2026-09-08 19:59:59.999000+00:00,1
2026-09-08 20:00:00+00:00,4.8167,4.85,4.7196,4.8242,1632548.0,2026-09-08 23:59:59.999000+00:00,1
2026-09-09 00:00:00+00:00,4.8248,4.995,4.8088,4.9146,2501049.0,2026-09-09 03:59:59.999000+00:00,1
2026-09-09 04:00:00+00:00,4.915,5.3283,4.9032,5.292,5890500.0,2026-09-09 07:59:59.999000+00:00,1
2026-09-09 08:00:00+00:00,5.2911,5.3031,5.08,5.1579,3176081.0,2026-09-09 11:59:59.999000+00:00,1
2026-09-09 12:00:00+00:00,5.1564,5.263,4.8454,4.9929,4481246.0,2026-09-09 15:59:59.999000+00:00,1
2026-09-09 16:00:00+00:00,4.9929,5.0557,4.732,4.7372,2371956.0,2026-09-09 19:59:59.999000+00:00,1
2026-09-09 20:00:00+00:00,4.7376,4.7521,4.4909,4.5249,2910344.0,2026-09-09 23:59:59.999000+00:00,1
2026-09-10 00:00:00+00:00,4.5258,4.7178,4.5196,4.6232,2380812.0,2026-09-10 03:59:59.999000+00:00,1
2026-09-10 04:00:00+00:00,4.6232,4.6733,4.433,4.483,2008702.0,2026-09-10 07:59:59.999000+00:00,1
2026-09-10 08:00:00+00:00,4.483,4.5788,4.425,4.4574,1746886.0,2026-09-10 11:59:59.999000+00:00,1
2026-09-10 12:00:00+00:00,4.456,4.6399,4.3946,4.579,3836590.0,2026-09-10 15:59:59.999000+00:00,1
2026-09-10 16:00:00+00:00,4.5784,4.599,4.3433,4.5212,2669563.0,2026-09-10 19:59:59.999000+00:00,1
2026-09-10 20:00:00+00:00,4.5213,4.6594,4.2883,4.2915,2197311.0,2026-09-10 23:59:59.999000+00:00,1
2026-09-11 00:00:00+00:00,4.2899,4.42,4.2762,4.3878,1935581.0,2026-09-11 03:59:59.999000+00:00,1
2026-09-11 04:00:00+00:00,4.3887,4.5475,4.353,4.5111,1544522.0,2026-09-11 07:59:59.999000+00:00,1
2026-09-11 08:00:00+00:00,4.5113,4.5619,4.439,4.513,1209752.0,2026-09-11 11:59:59.999000+00:00,1
2026-09-11 12:00:00+00:00,4.5127,4.8982,4.4088,4.6889,5404710.0,2026-09-11 15:59:59.999000+00:00,1
2026-09-11 16:00:00+00:00,4.689,4.7482,4.3677,4.4653,2296195.0,2026-09-11 19:59:59.999000+00:00,1
2026-09-11 20:00:00+00:00,4.4663,4.4986,4.2781,4.3535,1483080.0,2026-09-11 23:59:59.999000+00:00,1
2026-09-12 00:00:00+00:00,4.3535,4.4364,4.3244,4.3559,1115902.0,2026-09-12 03:59:59.999000+00:00,1
2026-09-12 04:00:00+00:00,4.356,4.3885,4.3012,4.3664,901881.0,2026-09-12 07:59:59.999000+00:00,1
2026-09-12 08:00:00+00:00,4.3681,4.4313,4.3287,4.3772,904519.0,2026-09-12 11:59:59.999000+00:00,1
2026-09-12 12:00:00+00:00,4.3772,4.3868,4.2822,4.3272,988285.0,2026-09-12 15:59:59.999000+00:00,1
2026-09-12 16:00:00+00:00,4.3275,4.3379,4.2255,4.2399,1131130.0,2026-09-12 19:59:59.999000+00:00,1
2026-09-12 20:00:00+00:00,4.2399,4.2569,4.1627,4.2143,994522.0,2026-09-12 23:59:59.999000+00:00,1
2026-09-13 00:00:00+00:00,4.2139,4.2498,4.1906,4.1966,895058.0,2026-09-13 03:59:59.999000+00:00,1
2026-09-13 04:00:00+00:00,4.1966,4.2191,4.0743,4.1029,1351366.0,2026-09-13 07:59:59.999000+00:00,1
2026-09-13 08:00:00+00:00,4.1043,4.1756,4.0684,4.103,1171142.0,2026-09-13 11:59:59.999000+00:00,1
2026-09-13 12:00:00+00:00,4.1028,4.1391,4.037,4.0929,1419244.0,2026-09-13 15:59:59.999000+00:00,1
2026-09-13 16:00:00+00:00,4.0916,4.2508,4.0896,4.2072,1403834.0,2026-09-13 19:59:59.999000+00:00,1
2026-09-13 20:00:00+00:00,4.2069,4.3131,4.1018,4.1122,1351158.0,2026-09-13 23:59:59.999000+00:00,1
2026-09-14 00:00:00+00:00,4.1123,4.6776,4.1112,4.6263,6634577.0,2026-09-14 03:59:59.999000+00:00,1
2026-09-14 04:00:00+00:00,4.6272,4.6955,4.5163,4.5744,8216569.0,2026-09-14 07:59:59.999000+00:00,1
2026-09-14 08:00:00+00:00,4.574,4.6397,4.462,4.4724,5779540.0,2026-09-14 11:59:59.999000+00:00,1
2026-09-14 12:00:00+00:00,4.4721,4.53,4.331,4.3891,5748350.0,2026-09-14 15:59:59.999000+00:00,1
2026-09-14 16:00:00+00:00,4.3894,4.5457,4.3743,4.5444,2988617.0,2026-09-14 19:59:59.999000+00:00,1
2026-09-14 20:00:00+00:00,4.544,4.6332,4.3839,4.3854,2056852.0,2026-09-14 23:59:59.999000+00:00,1
2026-09-15 00:00:00+00:00,4.3873,4.4225,4.2811,4.3883,1748049.0,2026-09-15 03:59:59.999000+00:00,1
2026-09-15 04:00:00+00:00,4.3892,4.437,4.3114,4.3884,1837089.0,2026-09-15 07:59:59.999000+00:00,1
2026-09-15 08:00:00+00:00,4.3885,4.519,4.3302,4.4161,2450937.0,2026-09-15 11:59:59.999000+00:00,1
2026-09-15 12:00:00+00:00,4.416,4.4907,4.1625,4.1712,3967673.0,2026-09-15 15:59:59.999000+00:00,1
2026-09-15 16:00:00+00:00,4.1712,4.3132,4.0343,4.1673,4864140.0,2026-09-15 19:59:59.999000+00:00,1
2026-09-15 20:00:00+00:00,4.1672,4.1747,4.0188,4.0211,1690342.0,2026-09-15 23:59:59.999000+00:00,1
2026-09-16 00:00:00+00:00,4.0213,4.1518,4.0028,4.0655,2046640.0,2026-09-16 03:59:59.999000+00:00,1
2026-09-16 04:00:00+00:00,4.0653,4.3146,4.0653,4.2481,2601087.0,2026-09-16 07:59:59.999000+00:00,1
2026-09-16 08:00:00+00:00,4.2479,4.3458,4.2254,4.3188,2051558.0,2026-09-16 11:59:59.999000+00:00,1
2026-09-16 12:00:00+00:00,4.319,4.3303,4.1743,4.2403,2132685.0,2026-09-16 15:59:59.999000+00:00,1
2026-09-16 16:00:00+00:00,4.2409,4.63,4.2384,4.482,6380131.0,2026-09-16 19:59:59.999000+00:00,1
2026-09-16 20:00:00+00:00,4.4821,4.7138,4.4381,4.6061,3181242.0,2026-09-16 23:59:59.999000+00:00,1
2026-09-17 00:00:00+00:00,4.6052,4.8795,4.603,4.8411,4087351.0,2026-09-17 03:59:59.999000+00:00,1
2026-09-17 04:00:00+00:00,4.842,4.8888,4.7316,4.8224,3216193.0,2026-09-17 07:59:59.999000+00:00,1
2026-09-17 08:00:00+00:00,4.8223,5.035,4.8111,4.8973,4873000.0,2026-09-17 11:59:59.999000+00:00,1
2026-09-17 12:00:00+00:00,4.8966,5.0343,4.7525,4.7677,5938045.0,2026-09-17 15:59:59.999000+00:00,1
2026-09-17 16:00:00+00:00,4.7667,4.777,4.6353,4.6654,2249134.0,2026-09-17 19:59:59.999000+00:00,1
2026-09-17 20:00:00+00:00,4.6655,4.8311,4.621,4.8141,1730711.0,2026-09-17 23:59:59.999000+00:00,1
2026-09-18 00:00:00+00:00,4.8129,5.0819,4.7046,5.0322,3446688.0,2026-09-18 03:59:59.999000+00:00,1
2026-09-18 04:00:00+00:00,5.0311,5.1461,4.9126,5.128,3547707.0,2026-09-18 07:59:59.999000+00:00,1
2026-09-18 08:00:00+00:00,5.1269,5.1771,4.8461,4.858,3873829.0,2026-09-18 11:59:59.999000+00:00,1
2026-09-18 12:00:00+00:00,4.8581,5.0029,4.7856,4.7937,4794653.0,2026-09-18 15:59:59.999000+00:00,1
2026-09-18 16:00:00+00:00,4.7938,4.94,4.7064,4.86,3243058.0,2026-09-18 19:59:59.999000+00:00,1
2026-09-18 20:00:00+00:00,4.8594,4.9382,4.7616,4.7686,1610943.0,2026-09-18 23:59:59.999000+00:00,1
2026-09-19 00:00:00+00:00,4.7682,5.0479,4.6626,4.8992,3308090.0,2026-09-19 03:59:59.999000+00:00,1
2026-09-19 04:00:00+00:00,4.8984,5.04,4.7895,4.966,2229686.0,2026-09-19 07:59:59.999000+00:00,1
2026-09-19 08:00:00+00:00,4.966,5.2839,4.9505,5.1631,3139773.0,2026-09-19 11:59:59.999000+00:00,1
2026-09-19 12:00:00+00:00,5.164,5.2421,5.0146,5.1534,2977204.0,2026-09-19 15:59:59.999000+00:00,1
2026-09-19 16:00:00+00:00,5.1534,5.1656,4.8645,4.9262,2030889.0,2026-09-19 19:59:59.999000+00:00,1
2026-09-19 20:00:00+00:00,4.9257,4.9358,4.6862,4.8061,1648995.0,2026-09-19 23:59:59.999000+00:00,1
2026-09-20 00:00:00+00:00,4.806,4.814,4.5658,4.676,2556429.0,2026-09-20 03:59:59.999000+00:00,1
2026-09-20 04:00:00+00:00,4.6766,4.7364,4.6315,4.6501,1185094.0,2026-09-20 07:59:59.999000+00:00,1
2026-09-20 08:00:00+00:00,4.6506,4.7729,4.6121,4.7121,1785070.0,2026-09-20 11:59:59.999000+00:00,1
2026-09-20 12:00:00+00:00,4.7117,4.7817,4.6307,4.672,1623078.0,2026-09-20 15:59:59.999000+00:00,1
2026-09-20 16:00:00+00:00,4.6716,4.863,4.646,4.7055,2398770.0,2026-09-20 19:59:59.999000+00:00,1
2026-09-20 20:00:00+00:00,4.7053,4.8833,4.6915,4.7739,934481.0,2026-09-20 23:59:59.999000+00:00,1
2026-09-21 00:00:00+00:00,4.7737,4.955,4.7682,4.8973,2165878.0,2026-09-21 03:59:59.999000+00:00,1
2026-09-21 04:00:00+00:00,4.8977,5.0798,4.8514,4.9984,2293903.0,2026-09-21 07:59:59.999000+00:00,1
2026-09-21 08:00:00+00:00,4.9991,5.1447,4.9046,5.1021,2468476.0,2026-09-21 11:59:59.999000+00:00,1
2026-09-21 12:00:00+00:00,5.103,5.1213,4.8909,4.9439,2619556.0,2026-09-21 15:59:59.999000+00:00,1
2026-09-21 16:00:00+00:00,4.9435,4.963,4.7472,4.8077,2130754.0,2026-09-21 19:59:59.999000+00:00,1
2026-09-21 20:00:00+00:00,4.8077,4.853,4.6792,4.7358,1876308.0,2026-09-21 23:59:59.999000+00:00,1
2026-09-22 00:00:00+00:00,4.7353,4.7838,4.6538,4.7118,1628417.0,2026-09-22 03:59:59.999000+00:00,1
2026-09-22 04:00:00+00:00,4.7121,4.8885,4.6839,4.8058,1638611.0,2026-09-22 07:59:59.999000+00:00,1
2026-09-22 08:00:00+00:00,4.8057,4.8379,4.7158,4.7868,1284930.0,2026-09-22 11:59:59.999000+00:00,1
2026-09-22 12:00:00+00:00,4.7862,4.8195,4.6337,4.7363,2348057.0,2026-09-22 15:59:59.999000+00:00,1
2026-09-22 16:00:00+00:00,4.7368,4.9354,4.7115,4.8443,1622036.0,2026-09-22 19:59:59.999000+00:00,1
2026-09-22 20:00:00+00:00,4.8448,5.1068,4.8078,5.0674,2058845.0,2026-09-22 23:59:59.999000+00:00,1
2026-09-23 00:00:00+00:00,5.0663,5.1784,5.0512,5.114,2071666.0,2026-09-23 03:59:59.999000+00:00,1
2026-09-23 04:00:00+00:00,5.114,5.2479,5.0629,5.17,2376917.0,2026-09-23 07:59:59.999000+00:00,1
2026-09-23 08:00:00+00:00,5.17,5.3106,5.0703,5.1563,3392505.0,2026-09-23 11:59:59.999000+00:00,1
2026-09-23 12:00:00+00:00,5.1556,5.494,5.0755,5.2182,7441967.0,2026-09-23 15:59:59.999000+00:00,1
2026-09-23 16:00:00+00:00,5.2177,5.4849,5.0945,5.4486,5126283.0,2026-09-23 19:59:59.999000+00:00,1
2026-09-23 20:00:00+00:00,5.4492,5.4669,5.2455,5.306,1775549.0,2026-09-23 23:59:59.999000+00:00,1
2026-09-24 00:00:00+00:00,5.306,5.5755,5.1925,5.2098,4287480.0,2026-09-24 03:59:59.999000+00:00,1
2026-09-24 04:00:00+00:00,5.2098,5.5164,5.1412,5.4817,3272617.0,2026-09-24 07:59:59.999000+00:00,1
2026-09-24 08:00:00+00:00,5.4832,5.4906,4.9079,4.9572,4560436.0,2026-09-24 11:59:59.999000+00:00,1
2026-09-24 12:00:00+00:00,4.9571,5.3218,4.9434,5.212,3467430.0,2026-09-24 15:59:59.999000+00:00,1
2026-09-24 16:00:00+00:00,5.2123,5.5045,5.1716,5.3655,2720535.0,2026-09-24 19:59:59.999000+00:00,1
2026-09-24 20:00:00+00:00,5.3635,5.388,4.9855,5.0652,1955395.0,2026-09-24 23:59:59.999000+00:00,1
2026-09-25 00:00:00+00:00,5.0649,5.1147,4.8875,4.9474,1891879.0,2026-09-25 03:59:59.999000+00:00,1
2026-09-25 04:00:00+00:00,4.9475,5.014,4.8585,4.8891,1313575.0,2026-09-25 07:59:59.999000+00:00,1
2026-09-25 08:00:00+00:00,4.889,5.0384,4.8802,4.9726,2069268.0,2026-09-25 11:59:59.999000+00:00,1
2026-09-25 12:00:00+00:00,4.9714,4.9846,4.6811,4.7378,4504974.0,2026-09-25 15:59:59.999000+00:00,1
2026-09-25 16:00:00+00:00,4.7378,4.8428,4.7043,4.7633,2224351.0,2026-09-25 19:59:59.999000+00:00,1
2026-09-25 20:00:00+00:00,4.7643,4.8699,4.725,4.848,1108158.0,2026-09-25 23:59:59.999000+00:00,1
2026-09-26 00:00:00+00:00,4.85,4.9038,4.7776,4.8117,1136119.0,2026-09-26 03:59:59.999000+00:00,1
2026-09-26 04:00:00+00:00,4.811,4.9312,4.8101,4.8893,902539.0,2026-09-26 07:59:59.999000+00:00,1
2026-09-26 08:00:00+00:00,4.8892,4.9083,4.7631,4.8234,1414213.0,2026-09-26 11:59:59.999000+00:00,1
2026-09-26 12:00:00+00:00,4.823,4.8282,4.7742,4.8131,726404.0,2026-09-26 15:59:59.999000+00:00,1
2026-09-26 16:00:00+00:00,4.814,4.8336,4.7253,4.7276,680385.0,2026-09-26 19:59:59.999000+00:00,1
2026-09-26 20:00:00+00:00,4.7268,4.8944,4.7142,4.8424,1105977.0,2026-09-26 23:59:59.999000+00:00,1
2026-09-27 00:00:00+00:00,4.8425,4.8511,4.7258,4.744,707323.0,2026-09-27 03:59:59.999000+00:00,1
2026-09-27 04:00:00+00:00,4.7439,4.8411,4.6805,4.837,2047871.0,2026-09-27 07:59:59.999000+00:00,1
2026-09-27 08:00:00+00:00,4.8361,4.8397,4.7563,4.7821,778954.0,2026-09-27 11:59:59.999000+00:00,1
2026-09-27 12:00:00+00:00,4.7827,4.7882,4.6043,4.6381,1976482.0,2026-09-27 15:59:59.999000+00:00,1
2026-09-27 16:00:00+00:00,4.6373,4.753,4.6238,4.6866,1207690.0,2026-09-27 19:59:59.999000+00:00,1
2026-09-27 20:00:00+00:00,4.6866,4.73,4.5816,4.6577,1001864.0,2026-09-27 23:59:59.999000+00:00,1
2026-09-28 00:00:00+00:00,4.6575,4.6677,4.4217,4.456,2695614.0,2026-09-28 03:59:59.999000+00:00,1
2026-09-28 04:00:00+00:00,4.456,4.5024,4.346,4.4133,2587851.0,2026-09-28 07:59:59.999000+00:00,1
2026-09-28 08:00:00+00:00,4.4136,4.4361,4.3478,4.4127,1458328.0,2026-09-28 11:59:59.999000+00:00,1
2026-09-28 12:00:00+00:00,4.4119,4.4528,4.3186,4.3487,2740429.0,2026-09-28 15:59:59.999000+00:00,1
2026-09-28 16:00:00+00:00,4.3489,4.481,4.3312,4.4682,2184070.0,2026-09-28 19:59:59.999000+00:00,1
2026-09-28 20:00:00+00:00,4.4682,4.5038,4.3572,4.444,979631.0,2026-09-28 23:59:59.999000+00:00,1
2026-09-29 00:00:00+00:00,4.4441,4.4575,4.3187,4.3513,1309103.0,2026-09-29 03:59:59.999000+00:00,1
2026-09-29 04:00:00+00:00,4.352,4.45,4.2872,4.4284,1542152.0,2026-09-29 07:59:59.999000+00:00,1
2026-09-29 08:00:00+00:00,4.4272,4.4946,4.4002,4.484,1123518.0,2026-09-29 11:59:59.999000+00:00,1
2026-09-29 12:00:00+00:00,4.4839,4.5583,4.3943,4.429,2430500.0,2026-09-29 15:59:59.999000+00:00,1
2026-09-29 16:00:00+00:00,4.4285,4.5578,4.3722,4.4597,1950416.0,2026-09-29 19:59:59.999000+00:00,1
2026-09-29 20:00:00+00:00,4.4599,4.6204,3.6211,3.9322,13570200.0,2026-09-29 23:59:59.999000+00:00,1
2026-09-30 00:00:00+00:00,3.9322,4.0123,3.6588,3.6825,11368690.0,2026-09-30 03:59:59.999000+00:00,1
2026-09-30 04:00:00+00:00,3.6823,3.8429,3.6463,3.7583,8088549.0,2026-09-30 07:59:59.999000+00:00,1
2026-09-30 08:00:00+00:00,3.7582,3.9399,3.6709,3.904,5693659.0,2026-09-30 11:59:59.999000+00:00,1
2026-09-30 12:00:00+00:00,3.9039,4.0738,3.887,4.017,6579774.0,2026-09-30 15:59:59.999000+00:00,1
2026-09-30 16:00:00+00:00,4.0187,4.1336,3.8075,3.8381,4358925.0,2026-09-30 19:59:59.999000+00:00,1
2026-09-30 20:00:00+00:00,3.8384,4.0857,3.8161,3.9527,2432551.0,2026-09-30 23:59:59.999000+00:00,1
2026-10-01 00:00:00+00:00,3.951,4.1099,3.8606,4.0412,2636732.0,2026-10-01 03:59:59.999000+00:00,1
2026-10-01 04:00:00+00:00,4.0413,4.1134,3.9556,3.9689,2469609.0,2026-10-01 07:59:59.999000+00:00,1
2026-10-01 08:00:00+00:00,3.969,4.0322,3.9243,3.9757,1629232.0,2026-10-01 11:59:59.999000+00:00,1
2026-10-01 12:00:00+00:00,3.9758,3.9856,3.8467,3.8942,3027538.0,2026-10-01 15:59:59.999000+00:00,1
2026-10-01 16:00:00+00:00,3.895,3.9663,3.8713,3.905,1869233.0,2026-10-01 19:59:59.999000+00:00,1
2026-10-01 20:00:00+00:00,3.9041,3.9165,3.7572,3.8057,1720225.0,2026-10-01 23:59:59.999000+00:00,1
2026-10-02 00:00:00+00:00,3.8061,3.83,3.7334,3.7797,1287892.0,2026-10-02 03:59:59.999000+00:00,1
2026-10-02 04:00:00+00:00,3.7801,3.8967,3.7678,3.8587,2053266.0,2026-10-02 07:59:59.999000+00:00,1
2026-10-02 08:00:00+00:00,3.858,3.896,3.7713,3.7758,1243698.0,2026-10-02 11:59:59.999000+00:00,1
2026-10-02 12:00:00+00:00,3.7758,3.838,3.62,3.7463,4072899.0,2026-10-02 15:59:59.999000+00:00,1
2026-10-02 16:00:00+00:00,3.7463,3.7775,3.5309,3.5698,4120394.0,2026-10-02 19:59:59.999000+00:00,1
2026-10-02 20:00:00+00:00,3.5698,3.6219,3.5327,3.5527,1275039.0,2026-10-02 23:59:59.999000+00:00,1
2026-10-03 00:00:00+00:00,3.553,3.5661,3.4687,3.4891,1877488.0,2026-10-03 03:59:59.999000+00:00,1
2026-10-03 04:00:00+00:00,3.4891,3.4908,3.415,3.4678,1859975.0,2026-10-03 07:59:59.999000+00:00,1
2026-10-03 08:00:00+00:00,3.4677,3.5555,3.4511,3.5155,1729740.0,2026-10-03 11:59:59.999000+00:00,1
2026-10-03 12:00:00+00:00,3.5155,3.5644,3.4871,3.5076,1369886.0,2026-10-03 15:59:59.999000+00:00,1
2026-10-03 16:00:00+00:00,3.5076,3.7208,3.505,3.5662,4007445.0,2026-10-03 19:59:59.999000+00:00,1
2026-10-03 20:00:00+00:00,3.5668,3.6129,3.5555,3.5661,1134897.0,2026-10-03 23:59:59.999000+00:00,1
2026-10-04 00:00:00+00:00,3.5647,3.6154,3.5281,3.5928,972169.0,2026-10-04 03:59:59.999000+00:00,1
2026-10-04 04:00:00+00:00,3.5929,3.6688,3.5915,3.6234,1290013.0,2026-10-04 07:59:59.999000+00:00,1
2026-10-04 08:00:00+00:00,3.6228,3.7081,3.6051,3.6341,1714482.0,2026-10-04 11:59:59.999000+00:00,1
2026-10-04 12:00:00+00:00,3.6347,3.6508,3.4908,3.5193,2123553.0,2026-10-04 15:59:59.999000+00:00,1
2026-10-04 16:00:00+00:00,3.5192,3.6844,3.505,3.6732,1909225.0,2026-10-04 19:59:59.999000+00:00,1
2026-10-04 20:00:00+00:00,3.6736,3.6866,3.618,3.6624,1202019.0,2026-10-04 23:59:59.999000+00:00,1
2026-10-05 00:00:00+00:00,3.662,3.7034,3.6322,3.6481,1548705.0,2026-10-05 03:59:59.999000+00:00,1
2026-10-05 04:00:00+00:00,3.6481,3.8843,3.6341,3.834,3720162.0,2026-10-05 07:59:59.999000+00:00,1
2026-10-05 08:00:00+00:00,3.834,3.9447,3.7703,3.9211,5552008.0,2026-10-05 11:59:59.999000+00:00,1
2026-10-05 12:00:00+00:00,3.9207,3.9361,3.7891,3.8095,4718692.0,2026-10-05 15:59:59.999000+00:00,1
2026-10-05 16:00:00+00:00,3.8096,4.0532,3.7615,4.0498,3685319.0,2026-10-05 19:59:59.999000+00:00,1
2026-10-05 20:00:00+00:00,4.0498,4.1415,4.0045,4.0177,3135799.0,2026-10-05 23:59:59.999000+00:00,1
2026-10-06 00:00:00+00:00,4.0178,4.0647,3.9644,3.9938,2263800.0,2026-10-06 03:59:59.999000+00:00,1
2026-10-06 04:00:00+00:00,3.9942,4.0144,3.871,3.9231,2145839.0,2026-10-06 07:59:59.999000+00:00,1
2026-10-06 08:00:00+00:00,3.9225,3.9526,3.8781,3.9042,2768149.0,2026-10-06 11:59:59.999000+00:00,1
2026-10-06 12:00:00+00:00,3.9043,3.9139,3.8359,3.8486,2708518.0,2026-10-06 15:59:59.999000+00:00,1
2026-10-06 16:00:00+00:00,3.8491,3.8867,3.7142,3.8593,2628419.0,2026-10-06 19:59:59.999000+00:00,1
2026-10-06 20:00:00+00:00,3.8592,3.9012,3.7286,3.8144,1757111.0,2026-10-06 23:59:59.999000+00:00,1
2026-10-07 00:00:00+00:00,3.8144,3.8345,3.6578,3.7037,2312092.0,2026-10-07 03:59:59.999000+00:00,1
2026-10-07 04:00:00+00:00,3.7037,3.7149,3.6422,3.6941,1182991.0,2026-10-07 07:59:59.999000+00:00,1
2026-10-07 08:00:00+00:00,3.6945,3.7268,3.5515,3.5815,2302379.0,2026-10-07 11:59:59.999000+00:00,1
2026-10-07 12:00:00+00:00,3.5807,3.5933,3.4908,3.5011,1978374.0,2026-10-07 15:59:59.999000+00:00,1
2026-10-07 16:00:00+00:00,3.5003,3.5593,3.4955,3.5354,1320436.0,2026-10-07 19:59:59.999000+00:00,1
2026-10-07 20:00:00+00:00,3.5355,3.6475,3.5355,3.5728,1317763.0,2026-10-07 23:59:59.999000+00:00,1
2026-10-08 00:00:00+00:00,3.5726,3.6335,3.5218,3.5354,986391.0,2026-10-08 03:59:59.999000+00:00,1
2026-10-08 04:00:00+00:00,3.5355,3.6333,3.4887,3.5474,1638958.0,2026-10-08 07:59:59.999000+00:00,1
2026-10-08 08:00:00+00:00,3.5479,3.6299,3.5378,3.5619,1349618.0,2026-10-08 11:59:59.999000+00:00,1
2026-10-08 12:00:00+00:00,3.5624,3.7622,3.4872,3.5873,6088353.0,2026-10-08 15:59:59.999000+00:00,1
2026-10-08 16:00:00+00:00,3.5858,3.7058,3.4939,3.5851,3727137.0,2026-10-08 19:59:59.999000+00:00,1
2026-10-08 20:00:00+00:00,3.5846,3.6772,3.5726,3.6067,1768729.0,2026-10-08 23:59:59.999000+00:00,1
2026-10-09 00:00:00+00:00,3.6067,3.7287,3.5845,3.7201,1519744.0,2026-10-09 03:59:59.999000+00:00,1
2026-10-09 04:00:00+00:00,3.7202,3.753,3.6683,3.7118,1468201.0,2026-10-09 07:59:59.999000+00:00,1
2026-10-09 08:00:00+00:00,3.7115,3.7127,3.5755,3.6006,1422791.0,2026-10-09 11:59:59.999000+00:00,1
2026-10-09 12:00:00+00:00,3.6002,3.7048,3.5142,3.676,3451742.0,2026-10-09 15:59:59.999000+00:00,1
2026-10-09 16:00:00+00:00,3.6756,3.7225,3.5284,3.5323,2230647.0,2026-10-09 19:59:59.999000+00:00,1
2026-10-09 20:00:00+00:00,3.5323,3.6421,3.5323,3.6289,974024.0,2026-10-09 23:59:59.999000+00:00,1
2026-10-10 00:00:00+00:00,3.6289,3.6734,3.5404,3.5508,1180736.0,2026-10-10 03:59:59.999000+00:00,1
2026-10-10 04:00:00+00:00,3.5504,3.6019,3.5504,3.5599,855733.0,2026-10-10 07:59:59.999000+00:00,0
