ts,open,high,low,close,volume,close_time,confirm
2026-03-30 00:00:00+00:00,0.07998,0.08239,0.07989,0.08197,133233.0,2026-03-30 03:59:59.999000+00:00,1
2026-03-30 04:00:00+00:00,0.08199,0.08371,0.08199,0.08363,115731.0,2026-03-30 07:59:59.999000+00:00,1
2026-03-30 08:00:00+00:00,0.08365,0.08432,0.08249,0.08341,232253.0,2026-03-30 11:59:59.999000+00:00,1
2026-03-30 12:00:00+00:00,0.08343,0.08388,0.0823,0.08262,136906.0,2026-03-30 15:59:59.999000+00:00,1
2026-03-30 16:00:00+00:00,0.08263,0.08312,0.08096,0.08169,169459.0,2026-03-30 19:59:59.999000+00:00,1
2026-03-30 20:00:00+00:00,0.0817,0.08325,0.0817,0.08262,147890.0,2026-03-30 23:59:59.999000+00:00,1
2026-03-31 00:00:00+00:00,0.08259,0.08361,0.08214,0.08236,135011.0,2026-03-31 03:59:59.999000+00:00,1
2026-03-31 04:00:00+00:00,0.08236,0.08273,0.08179,0.08254,168682.0,2026-03-31 07:59:59.999000+00:00,1
2026-03-31 08:00:00+00:00,0.08255,0.08257,0.08088,0.08191,194732.0,2026-03-31 11:59:59.999000+00:00,1
2026-03-31 12:00:00+00:00,0.08193,0.08356,0.08179,0.08196,242306.0,2026-03-31 15:59:59.999000+00:00,1
2026-03-31 16:00:00+00:00,0.08196,0.0841,0.08193,0.08379,207986.0,2026-03-31 19:59:59.999000+00:00,1
2026-03-31 20:00:00+00:00,0.0838,0.0848,0.0838,0.08464,187370.0,2026-03-31 23:59:59.999000+00:00,1
2026-04-01 00:00:00+00:00,0.08467,0.08643,0.08459,0.08592,459464.0,2026-04-01 03:59:59.999000+00:00,1
2026-04-01 04:00:00+00:00,0.08592,0.08752,0.08544,0.08729,378749.0,2026-04-01 07:59:59.999000+00:00,1
2026-04-01 08:00:00+00:00,0.08734,0.08857,0.087,0.08849,461460.0,2026-04-01 11:59:59.999000+00:00,1
2026-04-01 12:00:00+00:00,0.08849,0.0904,0.08773,0.08931,866498.0,2026-04-01 15:59:59.999000+00:00,1
2026-04-01 16:00:00+00:00,0.08932,0.08956,0.08729,0.08786,294573.0,2026-04-01 19:59:59.999000+00:00,1
2026-04-01 20:00:00+00:00,0.08789,0.08844,0.0874,0.0878,114673.0,2026-04-01 23:59:59.999000+00:00,1
2026-04-02 00:00:00+00:00,0.08779,0.08859,0.08518,0.0856,243798.0,2026-04-02 03:59:59.999000+00:00,1
2026-04-02 04:00:00+00:00,0.08554,0.08651,0.08476,0.08635,199972.0,2026-04-02 07:59:59.999000+00:00,1
2026-04-02 08:00:00+00:00,0.08635,0.08646,0.08491,0.08618,249340.0,2026-04-02 11:59:59.999000+00:00,1
2026-04-02 12:00:00+00:00,0.08617,0.08667,0.08451,0.08585,242583.0,2026-04-02 15:59:59.999000+00:00,1
2026-04-02 16:00:00+00:00,0.08587,0.08658,0.08482,0.08497,183207.0,2026-04-02 19:59:59.999000+00:00,1
2026-04-02 20:00:00+00:00,0.08499,0.08512,0.08421,0.08492,135078.0,2026-04-02 23:59:59.999000+00:00,1
2026-04-03 00:00:00+00:00,0.08496,0.08617,0.0844,0.08592,203540.0,2026-04-03 03:59:59.999000+00:00,1
2026-04-03 04:00:00+00:00,0.0859,0.08788,0.08584,0.08714,281810.0,2026-04-03 07:59:59.999000+00:00,1
2026-04-03 08:00:00+00:00,0.08715,0.08876,0.08711,0.0884,309740.0,2026-04-03 11:59:59.999000+00:00,1
2026-04-03 12:00:00+00:00,0.08838,0.08881,0.08682,0.08696,279980.0,2026-04-03 15:59:59.999000+00:00,1
2026-04-03 16:00:00+00:00,0.08697,0.08779,0.08677,0.08744,218577.0,2026-04-03 19:59:59.999000+00:00,1
2026-04-03 20:00:00+00:00,0.08743,0.08765,0.0862,0.08639,83358.0,2026-04-03 23:59:59.999000+00:00,1
2026-04-04 00:00:00+00:00,0.08639,0.08844,0.08625,0.0879,171863.0,2026-04-04 03:59:59.999000+00:00,1
2026-04-04 04:00:00+00:00,0.08788,0.08922,0.08766,0.08881,225207.0,2026-04-04 07:59:59.999000+00:00,1
2026-04-04 08:00:00+00:00,0.08881,0.08955,0.08766,0.08818,225997.0,2026-04-04 11:59:59.999000+00:00,1
2026-04-04 12:00:00+00:00,0.08817,0.08819,0.08689,0.08761,132337.0,2026-04-04 15:59:59.999000+00:00,1
2026-04-04 16:00:00+00:00,0.08761,0.08857,0.08739,0.0878,109928.0,2026-04-04 19:59:59.999000+00:00,1
2026-04-04 20:00:00+00:00,0.08777,0.08781,0.08729,0.08752,58568.0,2026-04-04 23:59:59.999000+00:00,1
2026-04-05 00:00:00+00:00,0.08752,0.08774,0.0855,0.08558,124618.0,2026-04-05 03:59:59.999000+00:00,1
2026-04-05 04:00:00+00:00,0.08556,0.0858,0.08446,0.08468,173448.0,2026-04-05 07:59:59.999000+00:00,1
2026-04-05 08:00:00+00:00,0.08468,0.08593,0.08441,0.08502,116595.0,2026-04-05 11:59:59.999000+00:00,1
2026-04-05 12:00:00+00:00,0.08495,0.08607,0.08396,0.08543,128631.0,2026-04-05 15:59:59.999000+00:00,1
2026-04-05 16:00:00+00:00,0.08542,0.08581,0.08474,0.08499,274669.0,2026-04-05 19:59:59.999000+00:00,1
2026-04-05 20:00:00+00:00,0.085,0.08651,0.08458,0.08622,112084.0,2026-04-05 23:59:59.999000+00:00,1
2026-04-06 00:00:00+00:00,0.08626,0.08745,0.08619,0.08685,180284.0,2026-04-06 03:59:59.999000+00:00,1
2026-04-06 04:00:00+00:00,0.0869,0.08756,0.08638,0.08663,87379.0,2026-04-06 07:59:59.999000+00:00,1
2026-04-06 08:00:00+00:00,0.08666,0.08874,0.08657,0.08807,165803.0,2026-04-06 11:59:59.999000+00:00,1
2026-04-06 12:00:00+00:00,0.08811,0.08887,0.08662,0.08719,134708.0,2026-04-06 15:59:59.999000+00:00,1
2026-04-06 16:00:00+00:00,0.08721,0.08737,0.08597,0.08636,78441.0,2026-04-06 19:59:59.999000+00:00,1
2026-04-06 20:00:00+00:00,0.08639,0.08641,0.08421,0.08507,139539.0,2026-04-06 23:59:59.999000+00:00,1
2026-04-07 00:00:00+00:00,0.08506,0.08518,0.0835,0.08454,104314.0,2026-04-07 03:59:59.999000+00:00,1
2026-04-07 04:00:00+00:00,0.08453,0.08493,0.08368,0.08471,76097.0,2026-04-07 07:59:59.999000+00:00,1
2026-04-07 08:00:00+00:00,0.08472,0.08503,0.08365,0.08378,107741.0,2026-04-07 11:59:59.999000+00:00,1
2026-04-07 12:00:00+00:00,0.08372,0.084,0.08291,0.0836,138509.0,2026-04-07 15:59:59.999000+00:00,1
2026-04-07 16:00:00+00:00,0.08361,0.08469,0.08318,0.08458,83890.0,2026-04-07 19:59:59.999000+00:00,1
2026-04-07 20:00:00+00:00,0.08465,0.09031,0.08454,0.09,324128.0,2026-04-07 23:59:59.999000+00:00,1
2026-04-08 00:00:00+00:00,0.09,0.09078,0.08842,0.08915,189162.0,2026-04-08 03:59:59.999000+00:00,1
2026-04-08 04:00:00+00:00,0.08918,0.08976,0.08884,0.08916,109830.0,2026-04-08 07:59:59.999000+00:00,1
2026-04-08 08:00:00+00:00,0.08916,0.08916,0.08792,0.08821,117386.0,2026-04-08 11:59:59.999000+00:00,1
2026-04-08 12:00:00+00:00,0.08819,0.08847,0.08656,0.08813,178151.0,2026-04-08 15:59:59.999000+00:00,1
2026-04-08 16:00:00+00:00,0.08811,0.08924,0.08787,0.08894,237757.0,2026-04-08 19:59:59.999000+00:00,1
2026-04-08 20:00:00+00:00,0.08896,0.08941,0.08752,0.08817,145367.0,2026-04-08 23:59:59.999000+00:00,1
2026-04-09 00:00:00+00:00,0.08813,0.09082,0.08757,0.09022,528319.0,2026-04-09 03:59:59.999000+00:00,1
2026-04-09 04:00:00+00:00,0.09021,0.09097,0.08876,0.09044,478477.0,2026-04-09 07:59:59.999000+00:00,1
2026-04-09 08:00:00+00:00,0.09046,0.09414,0.08964,0.09185,1436894.0,2026-04-09 11:59:59.999000+00:00,1
2026-04-09 12:00:00+00:00,0.09184,0.09217,0.08925,0.09116,574499.0,2026-04-09 15:59:59.999000+00:00,1
2026-04-09 16:00:00+00:00,0.09117,0.09328,0.09052,0.09226,775648.0,2026-04-09 19:59:59.999000+00:00,1
2026-04-09 20:00:00+00:00,0.09228,0.09359,0.09145,0.09175,352795.0,2026-04-09 23:59:59.999000+00:00,1
2026-04-10 00:00:00+00:00,0.09173,0.09189,0.09062,0.09078,249579.0,2026-04-10 03:59:59.999000+00:00,1
2026-04-10 04:00:00+00:00,0.09079,0.09243,0.0902,0.09032,194333.0,2026-04-10 07:59:59.999000+00:00,1
2026-04-10 08:00:00+00:00,0.09028,0.09095,0.08971,0.0901,198002.0,2026-04-10 11:59:59.999000+00:00,1
2026-04-10 12:00:00+00:00,0.09013,0.09289,0.09007,0.09134,407119.0,2026-04-10 15:59:59.999000+00:00,1
2026-04-10 16:00:00+00:00,0.09133,0.09208,0.09003,0.09138,179591.0,2026-04-10 19:59:59.999000+00:00,1
2026-04-10 20:00:00+00:00,0.09137,0.09138,0.09011,0.09032,81511.0,2026-04-10 23:59:59.999000+00:00,1
2026-04-11 00:00:00+00:00,0.09032,0.09041,0.08879,0.08883,151142.0,2026-04-11 03:59:59.999000+00:00,1
2026-04-11 04:00:00+00:00,0.08883,0.08959,0.08854,0.0888,124947.0,2026-04-11 07:59:59.999000+00:00,1
2026-04-11 08:00:00+00:00,0.08879,0.08953,0.0887,0.08876,108300.0,2026-04-11 11:59:59.999000+00:00,1
2026-04-11 12:00:00+00:00,0.08877,0.08918,0.08783,0.08912,142337.0,2026-04-11 15:59:59.999000+00:00,1
2026-04-11 16:00:00+00:00,0.08911,0.09138,0.08911,0.09107,214521.0,2026-04-11 19:59:59.999000+00:00,1
2026-04-11 20:00:00+00:00,0.09109,0.09116,0.08954,0.08984,99372.0,2026-04-11 23:59:59.999000+00:00,1
2026-04-12 00:00:00+00:00,0.08985,0.09006,0.08687,0.08763,233228.0,2026-04-12 03:59:59.999000+00:00,1
2026-04-12 04:00:00+00:00,0.0876,0.08823,0.08659,0.08668,133950.0,2026-04-12 07:59:59.999000+00:00,1
2026-04-12 08:00:00+00:00,0.08667,0.08706,0.08618,0.08674,83802.0,2026-04-12 11:59:59.999000+00:00,1
2026-04-12 12:00:00+00:00,0.08673,0.08836,0.08606,0.08641,173673.0,2026-04-12 15:59:59.999000+00:00,1
2026-04-12 16:00:00+00:00,0.0864,0.08777,0.08611,0.08685,107227.0,2026-04-12 19:59:59.999000+00:00,1
2026-04-12 20:00:00+00:00,0.0868,0.08729,0.08532,0.08558,76619.0,2026-04-12 23:59:59.999000+00:00,1
2026-04-13 00:00:00+00:00,0.08558,0.08623,0.08551,0.08557,61211.0,2026-04-13 03:59:59.999000+00:00,1
2026-04-13 04:00:00+00:00,0.08555,0.08648,0.08511,0.08521,57872.0,2026-04-13 07:59:59.999000+00:00,1
2026-04-13 08:00:00+00:00,0.08516,0.08628,0.0849,0.08625,71683.0,2026-04-13 11:59:59.999000+00:00,1
2026-04-13 12:00:00+00:00,0.08625,0.08804,0.08583,0.08702,83215.0,2026-04-13 15:59:59.999000+00:00,1
2026-04-13 16:00:00+00:00,0.087,0.08757,0.08608,0.08735,98930.0,2026-04-13 19:59:59.999000+00:00,1
2026-04-13 20:00:00+00:00,0.08738,0.08971,0.08651,0.08954,172405.0,2026-04-13 23:59:59.999000+00:00,1
2026-04-14 00:00:00+00:00,0.08957,0.08972,0.08777,0.08807,79286.0,2026-04-14 03:59:59.999000+00:00,1
2026-04-14 04:00:00+00:00,0.08802,0.0883,0.08731,0.08765,69308.0,2026-04-14 07:59:59.999000+00:00,1
2026-04-14 08:00:00+00:00,0.08769,0.08809,0.0872,0.08729,54583.0,2026-04-14 11:59:59.999000+00:00,1
2026-04-14 12:00:00+00:00,0.08728,0.08805,0.08603,0.08739,175302.0,2026-04-14 15:59:59.999000+00:00,1
2026-04-14 16:00:00+00:00,0.08744,0.08758,0.08486,0.08603,131342.0,2026-04-14 19:59:59.999000+00:00,1
2026-04-14 20:00:00+00:00,0.08608,0.08627,0.08553,0.08585,66968.0,2026-04-14 23:59:59.999000+00:00,1
2026-04-15 00:00:00+00:00,0.08581,0.08689,0.08581,0.08664,74687.0,2026-04-15 03:59:59.999000+00:00,1
2026-04-15 04:00:00+00:00,0.08672,0.08761,0.08617,0.08641,63737.0,2026-04-15 07:59:59.999000+00:00,1
2026-04-15 08:00:00+00:00,0.08637,0.08737,0.08621,0.08705,135271.0,2026-04-15 11:59:59.999000+00:00,1
2026-04-15 12:00:00+00:00,0.08704,0.08843,0.08675,0.08771,167406.0,2026-04-15 15:59:59.999000+00:00,1
2026-04-15 16:00:00+00:00,0.0877,0.08948,0.08763,0.08939,78555.0,2026-04-15 19:59:59.999000+00:00,1
2026-04-15 20:00:00+00:00,0.08933,0.09042,0.08887,0.09013,115732.0,2026-04-15 23:59:59.999000+00:00,1
2026-04-16 00:00:00+00:00,0.09012,0.09268,0.08946,0.09166,304033.0,2026-04-16 03:59:59.999000+00:00,1
2026-04-16 04:00:00+00:00,0.09165,0.0923,0.09119,0.09173,118826.0,2026-04-16 07:59:59.999000+00:00,1
2026-04-16 08:00:00+00:00,0.09172,0.09329,0.09084,0.09328,384772.0,2026-04-16 11:59:59.999000+00:00,1
2026-04-16 12:00:00+00:00,0.09326,0.09537,0.09165,0.09451,603900.0,2026-04-16 15:59:59.999000+00:00,1
2026-04-16 16:00:00+00:00,0.09451,0.09647,0.09325,0.09578,205466.0,2026-04-16 19:59:59.999000+00:00,1
2026-04-16 20:00:00+00:00,0.09578,0.09646,0.09407,0.09476,202391.0,2026-04-16 23:59:59.999000+00:00,1
2026-04-17 00:00:00+00:00,0.09472,0.09492,0.0928,0.09353,166094.0,2026-04-17 03:59:59.999000+00:00,1
2026-04-17 04:00:00+00:00,0.09339,0.09396,0.09185,0.09393,137939.0,2026-04-17 07:59:59.999000+00:00,1
2026-04-17 08:00:00+00:00,0.09392,0.09527,0.09249,0.09491,175502.0,2026-04-17 11:59:59.999000+00:00,1
2026-04-17 12:00:00+00:00,0.09491,0.09747,0.09393,0.09534,537017.0,2026-04-17 15:59:59.999000+00:00,1
2026-04-17 16:00:00+00:00,0.09539,0.09649,0.09441,0.09498,129853.0,2026-04-17 19:59:59.999000+00:00,1
2026-04-17 20:00:00+00:00,0.09499,0.09591,0.09451,0.09522,83127.0,2026-04-17 23:59:59.999000+00:00,1
2026-04-18 00:00:00+00:00,0.09515,0.09557,0.09402,0.09427,113376.0,2026-04-18 03:59:59.999000+00:00,1
2026-04-18 04:00:00+00:00,0.09426,0.0979,0.09383,0.09742,213742.0,2026-04-18 07:59:59.999000+00:00,1
2026-04-18 08:00:00+00:00,0.09742,0.09774,0.09278,0.09383,292748.0,2026-04-18 11:59:59.999000+00:00,1
2026-04-18 12:00:00+00:00,0.09382,0.09419,0.09277,0.0933,143867.0,2026-04-18 15:59:59.999000+00:00,1
2026-04-18 16:00:00+00:00,0.09323,0.09371,0.09187,0.0921,135904.0,2026-04-18 19:59:59.999000+00:00,1
2026-04-18 20:00:00+00:00,0.0921,0.09268,0.09133,0.09148,74542.0,2026-04-18 23:59:59.999000+00:00,1
2026-04-19 00:00:00+00:00,0.0915,0.09158,0.08963,0.0907,210921.0,2026-04-19 03:59:59.999000+00:00,1
2026-04-19 04:00:00+00:00,0.09073,0.09258,0.09061,0.09153,157406.0,2026-04-19 07:59:59.999000+00:00,1
2026-04-19 08:00:00+00:00,0.09146,0.09263,0.09099,0.09235,134841.0,2026-04-19 11:59:59.999000+00:00,1
2026-04-19 12:00:00+00:00,0.09233,0.09425,0.09204,0.09321,281846.0,2026-04-19 15:59:59.999000+00:00,1
2026-04-19 16:00:00+00:00,0.09319,0.09322,0.09059,0.0918,191261.0,2026-04-19 19:59:59.999000+00:00,1
2026-04-19 20:00:00+00:00,0.09179,0.09195,0.08905,0.08934,160936.0,2026-04-19 23:59:59.999000+00:00,1
2026-04-20 00:00:00+00:00,0.08938,0.09005,0.0887,0.08979,159897.0,2026-04-20 03:59:59.999000+00:00,1
2026-04-20 04:00:00+00:00,0.08978,0.09099,0.08919,0.09036,98785.0,2026-04-20 07:59:59.999000+00:00,1
2026-04-20 08:00:00+00:00,0.09034,0.09119,0.09009,0.09032,81215.0,2026-04-20 11:59:59.999000+00:00,1
2026-04-20 12:00:00+00:00,0.09033,0.0922,0.0902,0.09118,79340.0,2026-04-20 15:59:59.999000+00:00,1
2026-04-20 16:00:00+00:00,0.09116,0.09276,0.09088,0.09202,54447.0,2026-04-20 19:59:59.999000+00:00,1
2026-04-20 20:00:00+00:00,0.09207,0.09312,0.09132,0.09152,75959.0,2026-04-20 23:59:59.999000+00:00,1
2026-04-21 00:00:00+00:00,0.09152,0.09274,0.091,0.09129,87434.0,2026-04-21 03:59:59.999000+00:00,1
2026-04-21 04:00:00+00:00,0.09124,0.0918,0.09079,0.09128,95309.0,2026-04-21 07:59:59.999000+00:00,1
2026-04-21 08:00:00+00:00,0.09128,0.09208,0.09107,0.09151,48606.0,2026-04-21 11:59:59.999000+00:00,1
2026-04-21 12:00:00+00:00,0.09153,0.09186,0.09046,0.09113,84284.0,2026-04-21 15:59:59.999000+00:00,1
2026-04-21 16:00:00+00:00,0.09115,0.09139,0.0894,0.08954,113977.0,2026-04-21 19:59:59.999000+00:00,1
2026-04-21 20:00:00+00:00,0.08951,0.09244,0.08948,0.09238,126360.0,2026-04-21 23:59:59.999000+00:00,1
2026-04-22 00:00:00+00:00,0.09239,0.09334,0.09132,0.09269,134577.0,2026-04-22 03:59:59.999000+00:00,1
2026-04-22 04:00:00+00:00,0.0927,0.09399,0.09255,0.09303,132636.0,2026-04-22 07:59:59.999000+00:00,1
2026-04-22 08:00:00+00:00,0.09305,0.09309,0.09223,0.09251,58500.0,2026-04-22 11:59:59.999000+00:00,1
2026-04-22 12:00:00+00:00,0.09256,0.09306,0.09165,0.09275,79641.0,2026-04-22 15:59:59.999000+00:00,1
2026-04-22 16:00:00+00:00,0.0927,0.09362,0.09188,0.0923,70165.0,2026-04-22 19:59:59.999000+00:00,1
2026-04-22 20:00:00+00:00,0.0923,0.09254,0.09106,0.09113,89377.0,2026-04-22 23:59:59.999000+00:00,1
2026-04-23 00:00:00+00:00,0.09113,0.09135,0.08941,0.08962,117605.0,2026-04-23 03:59:59.999000+00:00,1
2026-04-23 04:00:00+00:00,0.08962,0.09066,0.08942,0.09,67535.0,2026-04-23 07:59:59.999000+00:00,1
2026-04-23 08:00:00+00:00,0.09007,0.09074,0.08959,0.09063,124380.0,2026-04-23 11:59:59.999000+00:00,1
2026-04-23 12:00:00+00:00,0.09054,0.092,0.09021,0.09183,129124.0,2026-04-23 15:59:59.999000+00:00,1
2026-04-23 16:00:00+00:00,0.09184,0.09217,0.08993,0.091,95438.0,2026-04-23 19:59:59.999000+00:00,1
2026-04-23 20:00:00+00:00,0.09097,0.09206,0.0909,0.09198,49034.0,2026-04-23 23:59:59.999000+00:00,1
2026-04-24 00:00:00+00:00,0.09198,0.09263,0.09113,0.09185,194492.0,2026-04-24 03:59:59.999000+00:00,1
2026-04-24 04:00:00+00:00,0.09186,0.09227,0.09111,0.09187,80408.0,2026-04-24 07:59:59.999000+00:00,1
2026-04-24 08:00:00+00:00,0.09196,0.09275,0.0913,0.0925,73220.0,2026-04-24 11:59:59.999000+00:00,1
2026-04-24 12:00:00+00:00,0.09255,0.09328,0.09117,0.09315,95386.0,2026-04-24 15:59:59.999000+00:00,1
2026-04-24 16:00:00+00:00,0.09319,0.09577,0.09259,0.09552,294801.0,2026-04-24 19:59:59.999000+00:00,1
2026-04-24 20:00:00+00:00,0.09563,0.09669,0.09388,0.09522,350327.0,2026-04-24 23:59:59.999000+00:00,1
2026-04-25 00:00:00+00:00,0.09523,0.09821,0.09414,0.0977,374601.0,2026-04-25 03:59:59.999000+00:00,1
2026-04-25 04:00:00+00:00,0.09768,0.10028,0.09557,0.09869,743630.0,2026-04-25 07:59:59.999000+00:00,1
2026-04-25 08:00:00+00:00,0.09857,0.10144,0.0972,0.09745,1022263.0,2026-04-25 11:59:59.999000+00:00,1
2026-04-25 12:00:00+00:00,0.09739,0.09766,0.09572,0.09624,316966.0,2026-04-25 15:59:59.999000+00:00,1
2026-04-25 16:00:00+00:00,0.09624,0.09662,0.09467,0.09556,171895.0,2026-04-25 19:59:59.999000+00:00,1
2026-04-25 20:00:00+00:00,0.09558,0.09749,0.09505,0.097,145113.0,2026-04-25 23:59:59.999000+00:00,1
2026-04-26 00:00:00+00:00,0.09698,0.09706,0.09346,0.09423,251833.0,2026-04-26 03:59:59.999000+00:00,1
2026-04-26 04:00:00+00:00,0.0942,0.0956,0.09403,0.09494,172565.0,2026-04-26 07:59:59.999000+00:00,1
2026-04-26 08:00:00+00:00,0.09489,0.0957,0.09465,0.09541,106104.0,2026-04-26 11:59:59.999000+00:00,1
2026-04-26 12:00:00+00:00,0.09538,0.09588,0.09382,0.09574,267640.0,2026-04-26 15:59:59.999000+00:00,1
2026-04-26 16:00:00+00:00,0.09575,0.0958,0.09431,0.09466,139784.0,2026-04-26 19:59:59.999000+00:00,1
2026-04-26 20:00:00+00:00,0.09466,0.09522,0.09407,0.09464,86665.0,2026-04-26 23:59:59.999000+00:00,1
2026-04-27 00:00:00+00:00,0.09463,0.09583,0.0942,0.0951,127321.0,2026-04-27 03:59:59.999000+00:00,1
2026-04-27 04:00:00+00:00,0.09512,0.09532,0.09177,0.09226,300586.0,2026-04-27 07:59:59.999000+00:00,1
2026-04-27 08:00:00+00:00,0.09222,0.09327,0.09217,0.0927,130735.0,2026-04-27 11:59:59.999000+00:00,1
2026-04-27 12:00:00+00:00,0.0927,0.09344,0.09138,0.09162,164008.0,2026-04-27 15:59:59.999000+00:00,1
2026-04-27 16:00:00+00:00,0.09159,0.09236,0.09126,0.09179,105359.0,2026-04-27 19:59:59.999000+00:00,1
2026-04-27 20:00:00+00:00,0.09189,0.09303,0.09189,0.09293,66782.0,2026-04-27 23:59:59.999000+00:00,1
2026-04-28 00:00:00+00:00,0.09292,0.09337,0.09189,0.09325,133671.0,2026-04-28 03:59:59.999000+00:00,1
2026-04-28 04:00:00+00:00,0.09324,0.09355,0.09243,0.09292,155331.0,2026-04-28 07:59:59.999000+00:00,1
2026-04-28 08:00:00+00:00,0.09295,0.09353,0.09172,0.09192,133435.0,2026-04-28 11:59:59.999000+00:00,1
2026-04-28 12:00:00+00:00,0.09193,0.0927,0.09148,0.09206,130376.0,2026-04-28 15:59:59.999000+00:00,1
2026-04-28 16:00:00+00:00,0.09207,0.09253,0.09133,0.09241,81701.0,2026-04-28 19:59:59.999000+00:00,1
2026-04-28 20:00:00+00:00,0.09241,0.09246,0.09121,0.09149,67237.0,2026-04-28 23:59:59.999000+00:00,1
2026-04-29 00:00:00+00:00,0.09152,0.09227,0.09078,0.09225,83371.0,2026-04-29 03:59:59.999000+00:00,1
2026-04-29 04:00:00+00:00,0.09225,0.09302,0.092,0.09205,118037.0,2026-04-29 07:59:59.999000+00:00,1
2026-04-29 08:00:00+00:00,0.09205,0.09287,0.09135,0.09221,149402.0,2026-04-29 11:59:59.999000+00:00,1
2026-04-29 12:00:00+00:00,0.09218,0.09226,0.08917,0.08947,270484.0,2026-04-29 15:59:59.999000+00:00,1
2026-04-29 16:00:00+00:00,0.0895,0.09044,0.08742,0.08891,367373.0,2026-04-29 19:59:59.999000+00:00,1
2026-04-29 20:00:00+00:00,0.08893,0.09026,0.08893,0.08997,117356.0,2026-04-29 23:59:59.999000+00:00,1
2026-04-30 00:00:00+00:00,0.08998,0.09131,0.08955,0.09001,104448.0,2026-04-30 03:59:59.999000+00:00,1
2026-04-30 04:00:00+00:00,0.08995,0.09028,0.08887,0.09005,81521.0,2026-04-30 07:59:59.999000+00:00,1
2026-04-30 08:00:00+00:00,0.09006,0.09053,0.08956,0.09013,100018.0,2026-04-30 11:59:59.999000+00:00,1
2026-04-30 12:00:00+00:00,0.09011,0.09052,0.08943,0.09003,88575.0,2026-04-30 15:59:59.999000+00:00,1
2026-04-30 16:00:00+00:00,0.09,0.09016,0.08941,0.08946,66995.0,2026-04-30 19:59:59.999000+00:00,1
2026-04-30 20:00:00+00:00,0.08945,0.08948,0.08884,0.08937,51020.0,2026-04-30 23:59:59.999000+00:00,1
2026-05-01 00:00:00+00:00,0.08936,0.09089,0.08911,0.09032,77339.0,2026-05-01 03:59:59.999000+00:00,1
2026-05-01 04:00:00+00:00,0.0903,0.0906,0.0894,0.08977,61004.0,2026-05-01 07:59:59.999000+00:00,1
2026-05-01 08:00:00+00:00,0.08977,0.0903,0.08929,0.08993,55564.0,2026-05-01 11:59:59.999000+00:00,1
2026-05-01 12:00:00+00:00,0.08991,0.091,0.08978,0.09063,148855.0,2026-05-01 15:59:59.999000+00:00,1
2026-05-01 16:00:00+00:00,0.09061,0.09075,0.08988,0.09002,62225.0,2026-05-01 19:59:59.999000+00:00,1
2026-05-01 20:00:00+00:00,0.09004,0.09015,0.08929,0.08976,65286.0,2026-05-01 23:59:59.999000+00:00,1
2026-05-02 00:00:00+00:00,0.08977,0.09025,0.08931,0.0896,59328.0,2026-05-02 03:59:59.999000+00:00,1
2026-05-02 04:00:00+00:00,0.0896,0.0896,0.08912,0.08951,70317.0,2026-05-02 07:59:59.999000+00:00,1
2026-05-02 08:00:00+00:00,0.08954,0.0902,0.08937,0.08971,60243.0,2026-05-02 11:59:59.999000+00:00,1
2026-05-02 12:00:00+00:00,0.0897,0.09051,0.08949,0.09046,75510.0,2026-05-02 15:59:59.999000+00:00,1
2026-05-02 16:00:00+00:00,0.09047,0.09086,0.08976,0.09077,67383.0,2026-05-02 19:59:59.999000+00:00,1
2026-05-02 20:00:00+00:00,0.0908,0.09113,0.0904,0.09073,87007.0,2026-05-02 23:59:59.999000+00:00,1
2026-05-03 00:00:00+00:00,0.09075,0.09084,0.0899,0.0901,86187.0,2026-05-03 03:59:59.999000+00:00,1
2026-05-03 04:00:00+00:00,0.09009,0.09035,0.08955,0.09013,51282.0,2026-05-03 07:59:59.999000+00:00,1
2026-05-03 08:00:00+00:00,0.09014,0.09066,0.08978,0.09016,84874.0,2026-05-03 11:59:59.999000+00:00,1
2026-05-03 12:00:00+00:00,0.09014,0.09045,0.08891,0.08908,159055.0,2026-05-03 15:59:59.999000+00:00,1
2026-05-03 16:00:00+00:00,0.08908,0.08941,0.08848,0.08878,71441.0,2026-05-03 19:59:59.999000+00:00,1
2026-05-03 20:00:00+00:00,0.08875,0.08904,0.08781,0.08807,139805.0,2026-05-03 23:59:59.999000+00:00,1
2026-05-04 00:00:00+00:00,0.0881,0.09005,0.08693,0.08947,286973.0,2026-05-04 03:59:59.999000+00:00,1
2026-05-04 04:00:00+00:00,0.08952,0.08998,0.08893,0.08927,152674.0,2026-05-04 07:59:59.999000+00:00,1
2026-05-04 08:00:00+00:00,0.08927,0.08979,0.0872,0.08762,158631.0,2026-05-04 11:59:59.999000+00:00,1
2026-05-04 12:00:00+00:00,0.08761,0.0885,0.08688,0.08785,224176.0,2026-05-04 15:59:59.999000+00:00,1
2026-05-04 16:00:00+00:00,0.08784,0.0886,0.08728,0.08744,82009.0,2026-05-04 19:59:59.999000+00:00,1
2026-05-04 20:00:00+00:00,0.08749,0.0879,0.08693,0.08713,86536.0,2026-05-04 23:59:59.999000+00:00,1
2026-05-05 00:00:00+00:00,0.08714,0.08875,0.08713,0.0882,110112.0,2026-05-05 03:59:59.999000+00:00,1
2026-05-05 04:00:00+00:00,0.08819,0.0893,0.08778,0.08895,150603.0,2026-05-05 07:59:59.999000+00:00,1
2026-05-05 08:00:00+00:00,0.08895,0.09011,0.08883,0.08964,97138.0,2026-05-05 11:59:59.999000+00:00,1
2026-05-05 12:00:00+00:00,0.08963,0.09,0.08878,0.08907,173056.0,2026-05-05 15:59:59.999000+00:00,1
2026-05-05 16:00:00+00:00,0.08906,0.08986,0.08869,0.08984,61644.0,2026-05-05 19:59:59.999000+00:00,1
2026-05-05 20:00:00+00:00,0.08983,0.09103,0.08976,0.09023,186149.0,2026-05-05 23:59:59.999000+00:00,1
2026-05-06 00:00:00+00:00,0.09022,0.09242,0.08993,0.09222,161674.0,2026-05-06 03:59:59.999000+00:00,1
2026-05-06 04:00:00+00:00,0.09222,0.0927,0.09134,0.09251,210133.0,2026-05-06 07:59:59.999000+00:00,1
2026-05-06 08:00:00+00:00,0.09248,0.09418,0.09237,0.09305,192409.0,2026-05-06 11:59:59.999000+00:00,1
2026-05-06 12:00:00+00:00,0.09307,0.09332,0.09108,0.09233,161911.0,2026-05-06 15:59:59.999000+00:00,1
2026-05-06 16:00:00+00:00,0.09231,0.09286,0.09153,0.09202,78051.0,2026-05-06 19:59:59.999000+00:00,1
2026-05-06 20:00:00+00:00,0.09202,0.09294,0.09154,0.09275,130888.0,2026-05-06 23:59:59.999000+00:00,1
2026-05-07 00:00:00+00:00,0.09272,0.09294,0.09104,0.09112,122275.0,2026-05-07 03:59:59.999000+00:00,1
2026-05-07 04:00:00+00:00,0.09113,0.09369,0.09064,0.09352,214157.0,2026-05-07 07:59:59.999000+00:00,1
2026-05-07 08:00:00+00:00,0.09352,0.09361,0.09158,0.09242,272897.0,2026-05-07 11:59:59.999000+00:00,1
2026-05-07 12:00:00+00:00,0.09236,0.09328,0.09054,0.091,122725.0,2026-05-07 15:59:59.999000+00:00,1
2026-05-07 16:00:00+00:00,0.09103,0.09241,0.09076,0.09184,104399.0,2026-05-07 19:59:59.999000+00:00,1
2026-05-07 20:00:00+00:00,0.09185,0.09255,0.09088,0.092,208307.0,2026-05-07 23:59:59.999000+00:00,1
2026-05-08 00:00:00+00:00,0.09199,0.09266,0.09156,0.09195,107999.0,2026-05-08 03:59:59.999000+00:00,1
2026-05-08 04:00:00+00:00,0.09194,0.09273,0.09146,0.09218,136005.0,2026-05-08 07:59:59.999000+00:00,1
2026-05-08 08:00:00+00:00,0.09218,0.09415,0.09206,0.09384,177474.0,2026-05-08 11:59:59.999000+00:00,1
2026-05-08 12:00:00+00:00,0.09384,0.09618,0.09307,0.09583,259171.0,2026-05-08 15:59:59.999000+00:00,1
2026-05-08 16:00:00+00:00,0.0959,0.09704,0.09517,0.09643,186005.0,2026-05-08 19:59:59.999000+00:00,1
2026-05-08 20:00:00+00:00,0.09645,0.09823,0.09605,0.09698,254380.0,2026-05-08 23:59:59.999000+00:00,1
2026-05-09 00:00:00+00:00,0.09703,0.09929,0.09681,0.0979,165076.0,2026-05-09 03:59:59.999000+00:00,1
2026-05-09 04:00:00+00:00,0.09789,0.09896,0.09742,0.09778,185567.0,2026-05-09 07:59:59.999000+00:00,1
2026-05-09 08:00:00+00:00,0.09776,0.09905,0.09675,0.0975,193663.0,2026-05-09 11:59:59.999000+00:00,1
2026-05-09 12:00:00+00:00,0.09756,0.09773,0.09519,0.09538,138117.0,2026-05-09 15:59:59.999000+00:00,1
2026-05-09 16:00:00+00:00,0.09541,0.09726,0.09515,0.09683,163853.0,2026-05-09 19:59:59.999000+00:00,1
2026-05-09 20:00:00+00:00,0.09685,0.09737,0.09618,0.09631,113104.0,2026-05-09 23:59:59.999000+00:00,1
2026-05-10 00:00:00+00:00,0.09631,0.09636,0.09506,0.09586,115327.0,2026-05-10 03:59:59.999000+00:00,1
2026-05-10 04:00:00+00:00,0.0958,0.09812,0.09578,0.09756,237013.0,2026-05-10 07:59:59.999000+00:00,1
2026-05-10 08:00:00+00:00,0.09756,0.09884,0.09738,0.09833,203717.0,2026-05-10 11:59:59.999000+00:00,1
2026-05-10 12:00:00+00:00,0.09832,0.09957,0.09785,0.09944,292173.0,2026-05-10 15:59:59.999000+00:00,1
2026-05-10 16:00:00+00:00,0.09941,0.10249,0.09931,0.10041,843842.0,2026-05-10 19:59:59.999000+00:00,1
2026-05-10 20:00:00+00:00,0.10042,0.10069,0.09679,0.09927,372403.0,2026-05-10 23:59:59.999000+00:00,1
2026-05-11 00:00:00+00:00,0.09928,0.09962,0.09704,0.09821,242473.0,2026-05-11 03:59:59.999000+00:00,1
2026-05-11 04:00:00+00:00,0.09817,0.10074,0.09768,0.09958,346584.0,2026-05-11 07:59:59.999000+00:00,1
2026-05-11 08:00:00+00:00,0.09957,0.1008,0.09908,0.09932,203161.0,2026-05-11 11:59:59.999000+00:00,1
2026-05-11 12:00:00+00:00,0.09934,0.09976,0.09829,0.09948,251441.0,2026-05-11 15:59:59.999000+00:00,1
2026-05-11 16:00:00+00:00,0.09947,0.10027,0.09862,0.10021,168232.0,2026-05-11 19:59:59.999000+00:00,1
2026-05-11 20:00:00+00:00,0.10021,0.10054,0.09959,0.10029,97472.0,2026-05-11 23:59:59.999000+00:00,1
2026-05-12 00:00:00+00:00,0.1003,0.10042,0.09822,0.09866,193726.0,2026-05-12 03:59:59.999000+00:00,1
2026-05-12 04:00:00+00:00,0.09866,0.10159,0.09849,0.10096,331595.0,2026-05-12 07:59:59.999000+00:00,1
2026-05-12 08:00:00+00:00,0.10099,0.10115,0.0984,0.09874,167628.0,2026-05-12 11:59:59.999000+00:00,1
2026-05-12 12:00:00+00:00,0.09874,0.09919,0.09589,0.09627,227054.0,2026-05-12 15:59:59.999000+00:00,1
2026-05-12 16:00:00+00:00,0.09626,0.09867,0.09593,0.09847,102995.0,2026-05-12 19:59:59.999000+00:00,1
2026-05-12 20:00:00+00:00,0.09846,0.09916,0.09739,0.09761,103771.0,2026-05-12 23:59:59.999000+00:00,1
2026-05-13 00:00:00+00:00,0.09761,0.09932,0.09751,0.099,170571.0,2026-05-13 03:59:59.999000+00:00,1
2026-05-13 04:00:00+00:00,0.099,0.10035,0.09848,0.10013,135291.0,2026-05-13 07:59:59.999000+00:00,1
2026-05-13 08:00:00+00:00,0.10015,0.10111,0.09884,0.09896,174038.0,2026-05-13 11:59:59.999000+00:00,1
2026-05-13 12:00:00+00:00,0.09894,0.09922,0.09434,0.09472,567003.0,2026-05-13 15:59:59.999000+00:00,1
2026-05-13 16:00:00+00:00,0.0947,0.0967,0.0945,0.09534,176837.0,2026-05-13 19:59:59.999000+00:00,1
2026-05-13 20:00:00+00:00,0.09534,0.09599,0.09426,0.09512,206781.0,2026-05-13 23:59:59.999000+00:00,1
2026-05-14 00:00:00+00:00,0.09511,0.09582,0.09332,0.09351,277005.0,2026-05-14 03:59:59.999000+00:00,1
2026-05-14 04:00:00+00:00,0.09351,0.09542,0.09333,0.09498,116467.0,2026-05-14 07:59:59.999000+00:00,1
2026-05-14 08:00:00+00:00,0.09497,0.09543,0.09445,0.09473,108981.0,2026-05-14 11:59:59.999000+00:00,1
2026-05-14 12:00:00+00:00,0.09472,0.09766,0.09459,0.09738,267751.0,2026-05-14 15:59:59.999000+00:00,1
2026-05-14 16:00:00+00:00,0.09741,0.09814,0.0967,0.09711,175758.0,2026-05-14 19:59:59.999000+00:00,1
2026-05-14 20:00:00+00:00,0.09711,0.09727,0.09565,0.09582,99859.0,2026-05-14 23:59:59.999000+00:00,1
2026-05-15 00:00:00+00:00,0.09585,0.09665,0.09507,0.09563,112838.0,2026-05-15 03:59:59.999000+00:00,1
2026-05-15 04:00:00+00:00,0.09562,0.09564,0.0934,0.09462,177455.0,2026-05-15 07:59:59.999000+00:00,1
2026-05-15 08:00:00+00:00,0.09462,0.09499,0.0938,0.09433,117633.0,2026-05-15 11:59:59.999000+00:00,1
2026-05-15 12:00:00+00:00,0.09432,0.09449,0.09069,0.09165,399865.0,2026-05-15 15:59:59.999000+00:00,1
2026-05-15 16:00:00+00:00,0.09165,0.09259,0.0913,0.09199,70227.0,2026-05-15 19:59:59.999000+00:00,1
2026-05-15 20:00:00+00:00,0.09204,0.0921,0.09158,0.0918,102968.0,2026-05-15 23:59:59.999000+00:00,1
2026-05-16 00:00:00+00:00,0.0918,0.09202,0.09118,0.09132,98616.0,2026-05-16 03:59:59.999000+00:00,1
2026-05-16 04:00:00+00:00,0.09132,0.09132,0.08764,0.08873,383443.0,2026-05-16 07:59:59.999000+00:00,1
2026-05-16 08:00:00+00:00,0.08872,0.08905,0.08734,0.08849,228111.0,2026-05-16 11:59:59.999000+00:00,1
2026-05-16 12:00:00+00:00,0.08845,0.08998,0.08831,0.08975,164633.0,2026-05-16 15:59:59.999000+00:00,1
2026-05-16 16:00:00+00:00,0.08975,0.0901,0.08957,0.08997,91111.0,2026-05-16 19:59:59.999000+00:00,1
2026-05-16 20:00:00+00:00,0.08997,0.09013,0.0895,0.08956,84792.0,2026-05-16 23:59:59.999000+00:00,1
2026-05-17 00:00:00+00:00,0.08955,0.08968,0.08853,0.08949,140127.0,2026-05-17 03:59:59.999000+00:00,1
2026-05-17 04:00:00+00:00,0.08949,0.09039,0.08928,0.08984,121400.0,2026-05-17 07:59:59.999000+00:00,1
2026-05-17 08:00:00+00:00,0.08985,0.08998,0.08927,0.08933,94370.0,2026-05-17 11:59:59.999000+00:00,1
2026-05-17 12:00:00+00:00,0.08934,0.08958,0.08833,0.08895,150971.0,2026-05-17 15:59:59.999000+00:00,1
2026-05-17 16:00:00+00:00,0.08894,0.08936,0.08809,0.08924,79835.0,2026-05-17 19:59:59.999000+00:00,1
2026-05-17 20:00:00+00:00,0.08924,0.08953,0.084,0.08681,620496.0,2026-05-17 23:59:59.999000+00:00,1
2026-05-18 00:00:00+00:00,0.08681,0.08727,0.08582,0.08683,293325.0,2026-05-18 03:59:59.999000+00:00,1
2026-05-18 04:00:00+00:00,0.08683,0.08763,0.08633,0.08667,145097.0,2026-05-18 07:59:59.999000+00:00,1
2026-05-18 08:00:00+00:00,0.08667,0.08741,0.08586,0.08697,137432.0,2026-05-18 11:59:59.999000+00:00,1
2026-05-18 12:00:00+00:00,0.08697,0.08778,0.08559,0.08633,255178.0,2026-05-18 15:59:59.999000+00:00,1
2026-05-18 16:00:00+00:00,0.08635,0.0881,0.08615,0.0879,162562.0,2026-05-18 19:59:59.999000+00:00,1
2026-05-18 20:00:00+00:00,0.08792,0.08887,0.08749,0.08873,136189.0,2026-05-18 23:59:59.999000+00:00,1
2026-05-19 00:00:00+00:00,0.08874,0.08919,0.08758,0.08804,105482.0,2026-05-19 03:59:59.999000+00:00,1
2026-05-19 04:00:00+00:00,0.08805,0.08856,0.08747,0.08849,144461.0,2026-05-19 07:59:59.999000+00:00,1
2026-05-19 08:00:00+00:00,0.08848,0.08854,0.08772,0.08776,147711.0,2026-05-19 11:59:59.999000+00:00,1
2026-05-19 12:00:00+00:00,0.08775,0.08923,0.08761,0.08794,261964.0,2026-05-19 15:59:59.999000+00:00,1
2026-05-19 16:00:00+00:00,0.08797,0.08871,0.08755,0.08795,105878.0,2026-05-19 19:59:59.999000+00:00,1
2026-05-19 20:00:00+00:00,0.08796,0.08885,0.08759,0.08794,89252.0,2026-05-19 23:59:59.999000+00:00,1
2026-05-20 00:00:00+00:00,0.08795,0.08906,0.08733,0.08874,167597.0,2026-05-20 03:59:59.999000+00:00,1
2026-05-20 04:00:00+00:00,0.08873,0.09035,0.08873,0.08963,175070.0,2026-05-20 07:59:59.999000+00:00,1
2026-05-20 08:00:00+00:00,0.08964,0.0899,0.08815,0.08826,89895.0,2026-05-20 11:59:59.999000+00:00,1
2026-05-20 12:00:00+00:00,0.08823,0.08952,0.08783,0.08925,213401.0,2026-05-20 15:59:59.999000+00:00,1
2026-05-20 16:00:00+00:00,0.08925,0.08968,0.08879,0.08911,110177.0,2026-05-20 19:59:59.999000+00:00,1
2026-05-20 20:00:00+00:00,0.08913,0.08932,0.08832,0.08889,105803.0,2026-05-20 23:59:59.999000+00:00,1
2026-05-21 00:00:00+00:00,0.0889,0.08989,0.08881,0.08944,72058.0,2026-05-21 03:59:59.999000+00:00,1
2026-05-21 04:00:00+00:00,0.08946,0.08988,0.08837,0.08911,105824.0,2026-05-21 07:59:59.999000+00:00,1
2026-05-21 08:00:00+00:00,0.0891,0.08958,0.08792,0.08792,96006.0,2026-05-21 11:59:59.999000+00:00,1
2026-05-21 12:00:00+00:00,0.088,0.08902,0.08781,0.08858,70927.0,2026-05-21 15:59:59.999000+00:00,1
2026-05-21 16:00:00+00:00,0.08856,0.09008,0.08815,0.09003,115602.0,2026-05-21 19:59:59.999000+00:00,1
2026-05-21 20:00:00+00:00,0.09001,0.09033,0.08924,0.08963,57529.0,2026-05-21 23:59:59.999000+00:00,1
2026-05-22 00:00:00+00:00,0.08966,0.0902,0.0891,0.09008,69018.0,2026-05-22 03:59:59.999000+00:00,1
2026-05-22 04:00:00+00:00,0.0901,0.09032,0.08927,0.08979,68585.0,2026-05-22 07:59:59.999000+00:00,1
2026-05-22 08:00:00+00:00,0.08981,0.09034,0.08893,0.08943,99942.0,2026-05-22 11:59:59.999000+00:00,1
2026-05-22 12:00:00+00:00,0.08943,0.09019,0.08808,0.08879,194751.0,2026-05-22 15:59:59.999000+00:00,1
2026-05-22 16:00:00+00:00,0.08877,0.08916,0.08524,0.08609,211861.0,2026-05-22 19:59:59.999000+00:00,1
2026-05-22 20:00:00+00:00,0.08607,0.08682,0.08473,0.08527,143864.0,2026-05-22 23:59:59.999000+00:00,1
2026-05-23 00:00:00+00:00,0.08529,0.08692,0.08497,0.08587,90113.0,2026-05-23 03:59:59.999000+00:00,1
2026-05-23 04:00:00+00:00,0.08587,0.08601,0.0829,0.08402,249894.0,2026-05-23 07:59:59.999000+00:00,1
2026-05-23 08:00:00+00:00,0.08401,0.08422,0.08311,0.08355,152632.0,2026-05-23 11:59:59.999000+00:00,1
2026-05-23 12:00:00+00:00,0.08353,0.08624,0.08336,0.08604,103815.0,2026-05-23 15:59:59.999000+00:00,1
2026-05-23 16:00:00+00:00,0.08603,0.08738,0.08583,0.08709,119019.0,2026-05-23 19:59:59.999000+00:00,1
2026-05-23 20:00:00+00:00,0.08704,0.0896,0.08688,0.0879,107027.0,2026-05-23 23:59:59.999000+00:00,1
2026-05-24 00:00:00+00:00,0.0879,0.08808,0.08686,0.08701,58541.0,2026-05-24 03:59:59.999000+00:00,1
2026-05-24 04:00:00+00:00,0.08704,0.08748,0.08647,0.08678,125810.0,2026-05-24 07:59:59.999000+00:00,1
2026-05-24 08:00:00+00:00,0.08681,0.0874,0.08656,0.08677,72003.0,2026-05-24 11:59:59.999000+00:00,1
2026-05-24 12:00:00+00:00,0.08675,0.08676,0.08485,0.08609,105512.0,2026-05-24 15:59:59.999000+00:00,1
2026-05-24 16:00:00+00:00,0.08608,0.08687,0.08594,0.08621,56178.0,2026-05-24 19:59:59.999000+00:00,1
2026-05-24 20:00:00+00:00,0.08619,0.08628,0.08443,0.08603,157575.0,2026-05-24 23:59:59.999000+00:00,1
2026-05-25 00:00:00+00:00,0.08605,0.08646,0.08569,0.08605,61565.0,2026-05-25 03:59:59.999000+00:00,1
2026-05-25 04:00:00+00:00,0.08607,0.0879,0.086,0.08771,83842.0,2026-05-25 07:59:59.999000+00:00,1
2026-05-25 08:00:00+00:00,0.08776,0.08789,0.08707,0.08711,57813.0,2026-05-25 11:59:59.999000+00:00,1
2026-05-25 12:00:00+00:00,0.08712,0.08796,0.08687,0.08777,62964.0,2026-05-25 15:59:59.999000+00:00,1
2026-05-25 16:00:00+00:00,0.08777,0.08817,0.08695,0.0872,66691.0,2026-05-25 19:59:59.999000+00:00,1
2026-05-25 20:00:00+00:00,0.0872,0.08739,0.0862,0.08676,84424.0,2026-05-25 23:59:59.999000+00:00,1
2026-05-26 00:00:00+00:00,0.08679,0.08698,0.08553,0.08606,80846.0,2026-05-26 03:59:59.999000+00:00,1
2026-05-26 04:00:00+00:00,0.08607,0.08709,0.086,0.08653,53242.0,2026-05-26 07:59:59.999000+00:00,1
2026-05-26 08:00:00+00:00,0.08651,0.08798,0.08645,0.08739,157237.0,2026-05-26 11:59:59.999000+00:00,1
2026-05-26 12:00:00+00:00,0.08738,0.08854,0.08628,0.0869,194564.0,2026-05-26 15:59:59.999000+00:00,1
2026-05-26 16:00:00+00:00,0.08688,0.08692,0.08511,0.08585,129334.0,2026-05-26 19:59:59.999000+00:00,1
2026-05-26 20:00:00+00:00,0.08587,0.08593,0.0852,0.08536,91983.0,2026-05-26 23:59:59.999000+00:00,1
2026-05-27 00:00:00+00:00,0.08536,0.0861,0.08486,0.08491,155563.0,2026-05-27 03:59:59.999000+00:00,1
2026-05-27 04:00:00+00:00,0.0849,0.08599,0.08417,0.08586,181794.0,2026-05-27 07:59:59.999000+00:00,1
2026-05-27 08:00:00+00:00,0.08589,0.08613,0.08529,0.08559,89346.0,2026-05-27 11:59:59.999000+00:00,1
2026-05-27 12:00:00+00:00,0.08561,0.08665,0.08479,0.08619,223216.0,2026-05-27 15:59:59.999000+00:00,1
2026-05-27 16:00:00+00:00,0.08621,0.08641,0.08462,0.08529,117714.0,2026-05-27 19:59:59.999000+00:00,1
2026-05-27 20:00:00+00:00,0.08529,0.08543,0.08315,0.08379,246522.0,2026-05-27 23:59:59.999000+00:00,1
2026-05-28 00:00:00+00:00,0.08375,0.08427,0.0819,0.08218,381766.0,2026-05-28 03:59:59.999000+00:00,1
2026-05-28 04:00:00+00:00,0.08219,0.08264,0.08107,0.0824,318868.0,2026-05-28 07:59:59.999000+00:00,1
2026-05-28 08:00:00+00:00,0.0824,0.0827,0.08172,0.08202,120540.0,2026-05-28 11:59:59.999000+00:00,1
2026-05-28 12:00:00+00:00,0.08199,0.08328,0.08165,0.08286,303121.0,2026-05-28 15:59:59.999000+00:00,1
2026-05-28 16:00:00+00:00,0.08283,0.08485,0.08254,0.0837,271943.0,2026-05-28 19:59:59.999000+00:00,1
2026-05-28 20:00:00+00:00,0.08371,0.08454,0.08339,0.0838,138369.0,2026-05-28 23:59:59.999000+00:00,1
2026-05-29 00:00:00+00:00,0.08379,0.08423,0.08298,0.08328,173078.0,2026-05-29 03:59:59.999000+00:00,1
2026-05-29 04:00:00+00:00,0.08329,0.08436,0.08282,0.08358,143538.0,2026-05-29 07:59:59.999000+00:00,1
2026-05-29 08:00:00+00:00,0.08353,0.08407,0.08293,0.08318,155148.0,2026-05-29 11:59:59.999000+00:00,1
2026-05-29 12:00:00+00:00,0.0832,0.08555,0.08215,0.08488,290257.0,2026-05-29 15:59:59.999000+00:00,1
2026-05-29 16:00:00+00:00,0.08489,0.08516,0.08308,0.08351,144900.0,2026-05-29 19:59:59.999000+00:00,1
2026-05-29 20:00:00+00:00,0.08353,0.08472,0.08341,0.08467,61979.0,2026-05-29 23:59:59.999000+00:00,1
2026-05-30 00:00:00+00:00,0.08468,0.08741,0.08449,0.0864,212465.0,2026-05-30 03:59:59.999000+00:00,1
2026-05-30 04:00:00+00:00,0.08638,0.08666,0.08479,0.08574,231551.0,2026-05-30 07:59:59.999000+00:00,1
2026-05-30 08:00:00+00:00,0.08574,0.08666,0.08567,0.08574,276710.0,2026-05-30 11:59:59.999000+00:00,1
2026-05-30 12:00:00+00:00,0.08578,0.0862,0.08504,0.08515,155439.0,2026-05-30 15:59:59.999000+00:00,1
2026-05-30 16:00:00+00:00,0.08512,0.08551,0.08473,0.08502,76202.0,2026-05-30 19:59:59.999000+00:00,1
2026-05-30 20:00:00+00:00,0.08506,0.08526,0.08422,0.08465,94417.0,2026-05-30 23:59:59.999000+00:00,1
2026-05-31 00:00:00+00:00,0.08466,0.08535,0.08437,0.08453,76649.0,2026-05-31 03:59:59.999000+00:00,1
2026-05-31 04:00:00+00:00,0.08451,0.08462,0.08374,0.08389,74909.0,2026-05-31 07:59:59.999000+00:00,1
2026-05-31 08:00:00+00:00,0.0839,0.08467,0.08388,0.08428,71292.0,2026-05-31 11:59:59.999000+00:00,1
2026-05-31 12:00:00+00:00,0.0842,0.08441,0.08246,0.08281,229543.0,2026-05-31 15:59:59.999000+00:00,1
2026-05-31 16:00:00+00:00,0.0828,0.08335,0.08206,0.08307,87366.0,2026-05-31 19:59:59.999000+00:00,1
2026-05-31 20:00:00+00:00,0.08305,0.08513,0.08305,0.08482,124088.0,2026-05-31 23:59:59.999000+00:00,1
2026-06-01 00:00:00+00:00,0.08482,0.08603,0.08445,0.0856,121175.0,2026-06-01 03:59:59.999000+00:00,1
2026-06-01 04:00:00+00:00,0.08562,0.08592,0.08364,0.08373,127034.0,2026-06-01 07:59:59.999000+00:00,1
2026-06-01 08:00:00+00:00,0.08377,0.08419,0.08303,0.08385,174330.0,2026-06-01 11:59:59.999000+00:00,1
2026-06-01 12:00:00+00:00,0.08391,0.08413,0.08266,0.08318,200958.0,2026-06-01 15:59:59.999000+00:00,1
2026-06-01 16:00:00+00:00,0.08318,0.08544,0.08286,0.08489,94471.0,2026-06-01 19:59:59.999000+00:00,1
2026-06-01 20:00:00+00:00,0.08489,0.0849,0.08329,0.08405,73512.0,2026-06-01 23:59:59.999000+00:00,1
2026-06-02 00:00:00+00:00,0.08406,0.08412,0.08177,0.08317,109557.0,2026-06-02 03:59:59.999000+00:00,1
2026-06-02 04:00:00+00:00,0.08317,0.08321,0.08144,0.08194,94837.0,2026-06-02 07:59:59.999000+00:00,1
2026-06-02 08:00:00+00:00,0.08197,0.08221,0.08085,0.08188,128457.0,2026-06-02 11:59:59.999000+00:00,1
2026-06-02 12:00:00+00:00,0.08188,0.08214,0.07747,0.0784,339816.0,2026-06-02 15:59:59.999000+00:00,1
2026-06-02 16:00:00+00:00,0.0784,0.07991,0.07732,0.07858,200155.0,2026-06-02 19:59:59.999000+00:00,1
2026-06-02 20:00:00+00:00,0.07861,0.08027,0.07658,0.07794,212521.0,2026-06-02 23:59:59.999000+00:00,1
2026-06-03 00:00:00+00:00,0.07795,0.07922,0.07706,0.07741,185322.0,2026-06-03 03:59:59.999000+00:00,1
2026-06-03 04:00:00+00:00,0.07746,0.08117,0.07746,0.08089,131680.0,2026-06-03 07:59:59.999000+00:00,1
2026-06-03 08:00:00+00:00,0.08086,0.081,0.07961,0.08048,72087.0,2026-06-03 11:59:59.999000+00:00,1
2026-06-03 12:00:00+00:00,0.08047,0.08069,0.07976,0.07983,102950.0,2026-06-03 15:59:59.999000+00:00,1
2026-06-03 16:00:00+00:00,0.07987,0.08013,0.07827,0.07852,116256.0,2026-06-03 19:59:59.999000+00:00,1
2026-06-03 20:00:00+00:00,0.07854,0.07952,0.07724,0.07749,120100.0,2026-06-03 23:59:59.999000+00:00,1
2026-06-04 00:00:00+00:00,0.07746,0.07818,0.07115,0.07543,429184.0,2026-06-04 03:59:59.999000+00:00,1
2026-06-04 04:00:00+00:00,0.07548,0.07584,0.07268,0.07273,142883.0,2026-06-04 07:59:59.999000+00:00,1
2026-06-04 08:00:00+00:00,0.07278,0.07306,0.07062,0.072,264327.0,2026-06-04 11:59:59.999000+00:00,1
2026-06-04 12:00:00+00:00,0.07205,0.07539,0.07147,0.0746,176062.0,2026-06-04 15:59:59.999000+00:00,1
2026-06-04 16:00:00+00:00,0.0746,0.07491,0.07337,0.07424,126401.0,2026-06-04 19:59:59.999000+00:00,1
2026-06-04 20:00:00+00:00,0.07423,0.07423,0.07192,0.07303,146598.0,2026-06-04 23:59:59.999000+00:00,1
2026-06-05 00:00:00+00:00,0.07303,0.07329,0.07031,0.07043,156299.0,2026-06-05 03:59:59.999000+00:00,1
2026-06-05 04:00:00+00:00,0.07045,0.07235,0.06672,0.06956,384802.0,2026-06-05 07:59:59.999000+00:00,1
2026-06-05 08:00:00+00:00,0.06961,0.07036,0.06827,0.06921,156841.0,2026-06-05 11:59:59.999000+00:00,1
2026-06-05 12:00:00+00:00,0.06921,0.06983,0.06651,0.06728,335367.0,2026-06-05 15:59:59.999000+00:00,1
2026-06-05 16:00:00+00:00,0.06719,0.06949,0.06542,0.06723,425199.0,2026-06-05 19:59:59.999000+00:00,1
2026-06-05 20:00:00+00:00,0.06728,0.06948,0.06668,0.06794,187508.0,2026-06-05 23:59:59.999000+00:00,1
2026-06-06 00:00:00+00:00,0.06795,0.06877,0.06655,0.0669,124020.0,2026-06-06 03:59:59.999000+00:00,1
2026-06-06 04:00:00+00:00,0.06684,0.06706,0.0635,0.06662,324559.0,2026-06-06 07:59:59.999000+00:00,1
2026-06-06 08:00:00+00:00,0.06662,0.06745,0.06541,0.06648,232885.0,2026-06-06 11:59:59.999000+00:00,1
2026-06-06 12:00:00+00:00,0.06654,0.06738,0.06574,0.06645,141884.0,2026-06-06 15:59:59.999000+00:00,1
2026-06-06 16:00:00+00:00,0.06639,0.06686,0.06574,0.06582,131490.0,2026-06-06 19:59:59.999000+00:00,1
2026-06-06 20:00:00+00:00,0.0658,0.06677,0.06564,0.06615,132160.0,2026-06-06 23:59:59.999000+00:00,1
2026-06-07 00:00:00+00:00,0.06615,0.06785,0.06568,0.06721,293494.0,2026-06-07 03:59:59.999000+00:00,1
2026-06-07 04:00:00+00:00,0.06723,0.06811,0.06668,0.06768,150862.0,2026-06-07 07:59:59.999000+00:00,1
2026-06-07 08:00:00+00:00,0.06772,0.06904,0.06689,0.06757,225993.0,2026-06-07 11:59:59.999000+00:00,1
2026-06-07 12:00:00+00:00,0.06756,0.06793,0.06607,0.0671,173691.0,2026-06-07 15:59:59.999000+00:00,1
2026-06-07 16:00:00+00:00,0.06714,0.06748,0.06485,0.06512,259346.0,2026-06-07 19:59:59.999000+00:00,1
2026-06-07 20:00:00+00:00,0.0651,0.06903,0.06493,0.06717,261918.0,2026-06-07 23:59:59.999000+00:00,1
2026-06-08 00:00:00+00:00,0.06722,0.06813,0.06653,0.06677,210680.0,2026-06-08 03:59:59.999000+00:00,1
2026-06-08 04:00:00+00:00,0.0668,0.06689,0.06512,0.06581,152280.0,2026-06-08 07:59:59.999000+00:00,1
2026-06-08 08:00:00+00:00,0.0658,0.06778,0.06542,0.06744,272455.0,2026-06-08 11:59:59.999000+00:00,1
2026-06-08 12:00:00+00:00,0.06743,0.06807,0.06681,0.06699,276180.0,2026-06-08 15:59:59.999000+00:00,1
2026-06-08 16:00:00+00:00,0.06702,0.06756,0.06655,0.06699,156969.0,2026-06-08 19:59:59.999000+00:00,1
2026-06-08 20:00:00+00:00,0.06701,0.06801,0.0663,0.06665,201517.0,2026-06-08 23:59:59.999000+00:00,1
2026-06-09 00:00:00+00:00,0.06667,0.0667,0.06466,0.06564,205544.0,2026-06-09 03:59:59.999000+00:00,1
2026-06-09 04:00:00+00:00,0.0656,0.06656,0.06528,0.06612,129423.0,2026-06-09 07:59:59.999000+00:00,1
2026-06-09 08:00:00+00:00,0.06611,0.06613,0.06515,0.06566,121037.0,2026-06-09 11:59:59.999000+00:00,1
2026-06-09 12:00:00+00:00,0.06569,0.0664,0.0642,0.06439,144533.0,2026-06-09 15:59:59.999000+00:00,1
2026-06-09 16:00:00+00:00,0.06437,0.0662,0.06384,0.06593,271176.0,2026-06-09 19:59:59.999000+00:00,1
2026-06-09 20:00:00+00:00,0.06596,0.06637,0.06518,0.06549,114109.0,2026-06-09 23:59:59.999000+00:00,1
2026-06-10 00:00:00+00:00,0.06555,0.06592,0.06488,0.06526,103337.0,2026-06-10 03:59:59.999000+00:00,1
2026-06-10 04:00:00+00:00,0.06527,0.06561,0.06442,0.06473,135691.0,2026-06-10 07:59:59.999000+00:00,1
2026-06-10 08:00:00+00:00,0.06475,0.06514,0.06415,0.06435,166998.0,2026-06-10 11:59:59.999000+00:00,1
2026-06-10 12:00:00+00:00,0.06434,0.06686,0.06412,0.06637,323025.0,2026-06-10 15:59:59.999000+00:00,1
2026-06-10 16:00:00+00:00,0.06642,0.06655,0.06438,0.06453,150333.0,2026-06-10 19:59:59.999000+00:00,1
2026-06-10 20:00:00+00:00,0.06452,0.06462,0.06268,0.06384,186487.0,2026-06-10 23:59:59.999000+00:00,1
2026-06-11 00:00:00+00:00,0.06387,0.06591,0.06385,0.06581,157090.0,2026-06-11 03:59:59.999000+00:00,1
2026-06-11 04:00:00+00:00,0.06576,0.06641,0.06547,0.06601,73500.0,2026-06-11 07:59:59.999000+00:00,1
2026-06-11 08:00:00+00:00,0.06607,0.06709,0.06603,0.06692,136559.0,2026-06-11 11:59:59.999000+00:00,1
2026-06-11 12:00:00+00:00,0.06688,0.06788,0.06584,0.06778,219878.0,2026-06-11 15:59:59.999000+00:00,1
2026-06-11 16:00:00+00:00,0.06778,0.06914,0.06688,0.068,374140.0,2026-06-11 19:59:59.999000+00:00,1
2026-06-11 20:00:00+00:00,0.06802,0.06808,0.06698,0.0673,102829.0,2026-06-11 23:59:59.999000+00:00,1
2026-06-12 00:00:00+00:00,0.06733,0.06816,0.06689,0.06796,78035.0,2026-06-12 03:59:59.999000+00:00,1
2026-06-12 04:00:00+00:00,0.06802,0.06813,0.06673,0.06704,79809.0,2026-06-12 07:59:59.999000+00:00,1
2026-06-12 08:00:00+00:00,0.06707,0.06782,0.06706,0.06712,73390.0,2026-06-12 11:59:59.999000+00:00,1
2026-06-12 12:00:00+00:00,0.06714,0.06826,0.06639,0.06679,165124.0,2026-06-12 15:59:59.999000+00:00,1
2026-06-12 16:00:00+00:00,0.06684,0.06747,0.06663,0.06698,129515.0,2026-06-12 19:59:59.999000+00:00,1
2026-06-12 20:00:00+00:00,0.06698,0.06723,0.06645,0.06699,125276.0,2026-06-12 23:59:59.999000+00:00,1
2026-06-13 00:00:00+00:00,0.06703,0.06762,0.06617,0.06628,81825.0,2026-06-13 03:59:59.999000+00:00,1
2026-06-13 04:00:00+00:00,0.06627,0.06727,0.06607,0.06708,65377.0,2026-06-13 07:59:59.999000+00:00,1
2026-06-13 08:00:00+00:00,0.06709,0.06723,0.06651,0.06704,80075.0,2026-06-13 11:59:59.999000+00:00,1
2026-06-13 12:00:00+00:00,0.06705,0.0676,0.06656,0.06756,62582.0,2026-06-13 15:59:59.999000+00:00,1
2026-06-13 16:00:00+00:00,0.06757,0.0677,0.06665,0.06701,88514.0,2026-06-13 19:59:59.999000+00:00,1
2026-06-13 20:00:00+00:00,0.067,0.06775,0.0669,0.06723,76223.0,2026-06-13 23:59:59.999000+00:00,1
2026-06-14 00:00:00+00:00,0.06727,0.06753,0.06684,0.06713,80683.0,2026-06-14 03:59:59.999000+00:00,1
2026-06-14 04:00:00+00:00,0.06712,0.06716,0.06612,0.0663,145162.0,2026-06-14 07:59:59.999000+00:00,1
2026-06-14 08:00:00+00:00,0.06626,0.06657,0.0659,0.06621,84821.0,2026-06-14 11:59:59.999000+00:00,1
2026-06-14 12:00:00+00:00,0.0662,0.06639,0.06508,0.06535,143282.0,2026-06-14 15:59:59.999000+00:00,1
2026-06-14 16:00:00+00:00,0.06532,0.06564,0.06488,0.06536,162120.0,2026-06-14 19:59:59.999000+00:00,1
2026-06-14 20:00:00+00:00,0.06535,0.06849,0.06523,0.06795,407812.0,2026-06-14 23:59:59.999000+00:00,1
2026-06-15 00:00:00+00:00,0.06795,0.06831,0.06715,0.06797,183757.0,2026-06-15 03:59:59.999000+00:00,1
2026-06-15 04:00:00+00:00,0.06802,0.06882,0.06782,0.06804,143107.0,2026-06-15 07:59:59.999000+00:00,1
2026-06-15 08:00:00+00:00,0.06808,0.06979,0.06791,0.06949,127401.0,2026-06-15 11:59:59.999000+00:00,1
2026-06-15 12:00:00+00:00,0.06947,0.07125,0.06932,0.07083,224195.0,2026-06-15 15:59:59.999000+00:00,1
2026-06-15 16:00:00+00:00,0.07088,0.07106,0.06872,0.06896,113046.0,2026-06-15 19:59:59.999000+00:00,1
2026-06-15 20:00:00+00:00,0.06894,0.06941,0.06814,0.06893,120325.0,2026-06-15 23:59:59.999000+00:00,1
2026-06-16 00:00:00+00:00,0.06893,0.06957,0.06819,0.06903,108343.0,2026-06-16 03:59:59.999000+00:00,1
2026-06-16 04:00:00+00:00,0.06903,0.06952,0.06857,0.06931,94426.0,2026-06-16 07:59:59.999000+00:00,1
2026-06-16 08:00:00+00:00,0.0693,0.07049,0.06917,0.06991,167806.0,2026-06-16 11:59:59.999000+00:00,1
2026-06-16 12:00:00+00:00,0.06989,0.07066,0.0676,0.06865,258921.0,2026-06-16 15:59:59.999000+00:00,1
2026-06-16 16:00:00+00:00,0.06864,0.07018,0.06855,0.06917,128682.0,2026-06-16 19:59:59.999000+00:00,1
2026-06-16 20:00:00+00:00,0.06918,0.06994,0.069,0.06913,65383.0,2026-06-16 23:59:59.999000+00:00,1
2026-06-17 00:00:00+00:00,0.06917,0.07055,0.06914,0.06987,62508.0,2026-06-17 03:59:59.999000+00:00,1
2026-06-17 04:00:00+00:00,0.06991,0.07033,0.06913,0.06953,102354.0,2026-06-17 07:59:59.999000+00:00,1
2026-06-17 08:00:00+00:00,0.06957,0.06957,0.06834,0.06866,96513.0,2026-06-17 11:59:59.999000+00:00,1
2026-06-17 12:00:00+00:00,0.06865,0.07066,0.06836,0.07061,165322.0,2026-06-17 15:59:59.999000+00:00,1
2026-06-17 16:00:00+00:00,0.07067,0.07114,0.06835,0.06868,279588.0,2026-06-17 19:59:59.999000+00:00,1
2026-06-17 20:00:00+00:00,0.06874,0.06954,0.06796,0.06938,120554.0,2026-06-17 23:59:59.999000+00:00,1
2026-06-18 00:00:00+00:00,0.06941,0.06963,0.06845,0.0686,88641.0,2026-06-18 03:59:59.999000+00:00,1
2026-06-18 04:00:00+00:00,0.06862,0.06878,0.06762,0.06846,138265.0,2026-06-18 07:59:59.999000+00:00,1
2026-06-18 08:00:00+00:00,0.06843,0.06854,0.06751,0.0676,62661.0,2026-06-18 11:59:59.999000+00:00,1
2026-06-18 12:00:00+00:00,0.06763,0.06806,0.06522,0.06557,201212.0,2026-06-18 15:59:59.999000+00:00,1
2026-06-18 16:00:00+00:00,0.06555,0.06655,0.06531,0.06644,165998.0,2026-06-18 19:59:59.999000+00:00,1
2026-06-18 20:00:00+00:00,0.06639,0.06716,0.06639,0.0671,106822.0,2026-06-18 23:59:59.999000+00:00,1
2026-06-19 00:00:00+00:00,0.0671,0.06751,0.06606,0.06646,144977.0,2026-06-19 03:59:59.999000+00:00,1
2026-06-19 04:00:00+00:00,0.06645,0.06658,0.06548,0.06582,108289.0,2026-06-19 07:59:59.999000+00:00,1
2026-06-19 08:00:00+00:00,0.06585,0.06621,0.06567,0.06594,140548.0,2026-06-19 11:59:59.999000+00:00,1
2026-06-19 12:00:00+00:00,0.06594,0.06724,0.06555,0.06699,220975.0,2026-06-19 15:59:59.999000+00:00,1
2026-06-19 16:00:00+00:00,0.06702,0.06731,0.06629,0.06644,89810.0,2026-06-19 19:59:59.999000+00:00,1
2026-06-19 20:00:00+00:00,0.06648,0.0669,0.06613,0.06677,84102.0,2026-06-19 23:59:59.999000+00:00,1
2026-06-20 00:00:00+00:00,0.06677,0.06966,0.0667,0.06962,526923.0,2026-06-20 03:59:59.999000+00:00,1
2026-06-20 04:00:00+00:00,0.06959,0.07151,0.06926,0.07037,743546.0,2026-06-20 07:59:59.999000+00:00,1
2026-06-20 08:00:00+00:00,0.07032,0.07477,0.06984,0.07378,1232443.0,2026-06-20 11:59:59.999000+00:00,1
2026-06-20 12:00:00+00:00,0.07377,0.07841,0.07319,0.07764,2360995.0,2026-06-20 15:59:59.999000+00:00,1
2026-06-20 16:00:00+00:00,0.07767,0.08152,0.07646,0.07926,2998558.0,2026-06-20 19:59:59.999000+00:00,1
2026-06-20 20:00:00+00:00,0.07925,0.07998,0.07716,0.07768,1227221.0,2026-06-20 23:59:59.999000+00:00,1
2026-06-21 00:00:00+00:00,0.07769,0.08177,0.07633,0.07735,2337893.0,2026-06-21 03:59:59.999000+00:00,1
2026-06-21 04:00:00+00:00,0.07734,0.07734,0.07517,0.07566,752351.0,2026-06-21 07:59:59.999000+00:00,1
2026-06-21 08:00:00+00:00,0.07565,0.07625,0.0752,0.07558,470002.0,2026-06-21 11:59:59.999000+00:00,1
2026-06-21 12:00:00+00:00,0.07558,0.07578,0.07439,0.07557,549024.0,2026-06-21 15:59:59.999000+00:00,1
2026-06-21 16:00:00+00:00,0.07557,0.07576,0.07481,0.0754,347049.0,2026-06-21 19:59:59.999000+00:00,1
2026-06-21 20:00:00+00:00,0.0754,0.07545,0.07351,0.07384,445542.0,2026-06-21 23:59:59.999000+00:00,1
2026-06-22 00:00:00+00:00,0.07381,0.07505,0.07229,0.07238,738441.0,2026-06-22 03:59:59.999000+00:00,1
2026-06-22 04:00:00+00:00,0.07242,0.07332,0.07206,0.07308,273677.0,2026-06-22 07:59:59.999000+00:00,1
2026-06-22 08:00:00+00:00,0.07308,0.07422,0.07282,0.07372,287547.0,2026-06-22 11:59:59.999000+00:00,1
2026-06-22 12:00:00+00:00,0.07372,0.07446,0.07305,0.07321,298021.0,2026-06-22 15:59:59.999000+00:00,1
2026-06-22 16:00:00+00:00,0.07322,0.07399,0.07261,0.07293,323643.0,2026-06-22 19:59:59.999000+00:00,1
2026-06-22 20:00:00+00:00,0.07295,0.0732,0.07167,0.07222,223191.0,2026-06-22 23:59:59.999000+00:00,1
2026-06-23 00:00:00+00:00,0.0722,0.07424,0.07182,0.07263,537584.0,2026-06-23 03:59:59.999000+00:00,1
2026-06-23 04:00:00+00:00,0.07262,0.07275,0.06994,0.07078,537348.0,2026-06-23 07:59:59.999000+00:00,1
2026-06-23 08:00:00+00:00,0.07079,0.07181,0.06916,0.0709,494025.0,2026-06-23 11:59:59.999000+00:00,1
2026-06-23 12:00:00+00:00,0.07091,0.0723,0.07007,0.07127,379881.0,2026-06-23 15:59:59.999000+00:00,1
2026-06-23 16:00:00+00:00,0.07121,0.0715,0.07041,0.07096,157363.0,2026-06-23 19:59:59.999000+00:00,1
2026-06-23 20:00:00+00:00,0.07094,0.07187,0.07093,0.07142,129543.0,2026-06-23 23:59:59.999000+00:00,1
2026-06-24 00:00:00+00:00,0.07143,0.0717,0.07022,0.07028,146798.0,2026-06-24 03:59:59.999000+00:00,1
2026-06-24 04:00:00+00:00,0.07022,0.07081,0.06958,0.0698,329550.0,2026-06-24 07:59:59.999000+00:00,1
2026-06-24 08:00:00+00:00,0.0698,0.06997,0.06898,0.06954,223949.0,2026-06-24 11:59:59.999000+00:00,1
2026-06-24 12:00:00+00:00,0.06955,0.06977,0.06718,0.0673,521122.0,2026-06-24 15:59:59.999000+00:00,1
2026-06-24 16:00:00+00:00,0.06726,0.06774,0.06442,0.06594,736871.0,2026-06-24 19:59:59.999000+00:00,1
2026-06-24 20:00:00+00:00,0.06594,0.06744,0.06576,0.06701,391928.0,2026-06-24 23:59:59.999000+00:00,1
2026-06-25 00:00:00+00:00,0.06703,0.06704,0.06576,0.06576,190891.0,2026-06-25 03:59:59.999000+00:00,1
2026-06-25 04:00:00+00:00,0.06579,0.06709,0.06568,0.06664,181241.0,2026-06-25 07:59:59.999000+00:00,1
2026-06-25 08:00:00+00:00,0.06662,0.0669,0.06587,0.0661,188488.0,2026-06-25 11:59:59.999000+00:00,1
2026-06-25 12:00:00+00:00,0.0661,0.06651,0.06132,0.0637,963112.0,2026-06-25 15:59:59.999000+00:00,1
2026-06-25 16:00:00+00:00,0.06373,0.06435,0.06295,0.06334,365735.0,2026-06-25 19:59:59.999000+00:00,1
2026-06-25 20:00:00+00:00,0.06334,0.06431,0.06326,0.06402,150851.0,2026-06-25 23:59:59.999000+00:00,1
2026-06-26 00:00:00+00:00,0.06403,0.06412,0.06176,0.0637,335344.0,2026-06-26 03:59:59.999000+00:00,1
2026-06-26 04:00:00+00:00,0.06372,0.06515,0.06317,0.06495,198073.0,2026-06-26 07:59:59.999000+00:00,1
2026-06-26 08:00:00+00:00,0.06494,0.06503,0.06288,0.06309,173462.0,2026-06-26 11:59:59.999000+00:00,1
2026-06-26 12:00:00+00:00,0.06307,0.06518,0.06232,0.06478,341255.0,2026-06-26 15:59:59.999000+00:00,1
2026-06-26 16:00:00+00:00,0.06477,0.06631,0.06467,0.06556,337812.0,2026-06-26 19:59:59.999000+00:00,1
2026-06-26 20:00:00+00:00,0.06558,0.06634,0.06505,0.06578,188985.0,2026-06-26 23:59:59.999000+00:00,1
2026-06-27 00:00:00+00:00,0.06578,0.06629,0.06522,0.06575,147630.0,2026-06-27 03:59:59.999000+00:00,1
2026-06-27 04:00:00+00:00,0.06575,0.06615,0.0655,0.0657,135909.0,2026-06-27 07:59:59.999000+00:00,1
2026-06-27 08:00:00+00:00,0.06569,0.066,0.06495,0.0653,198977.0,2026-06-27 11:59:59.999000+00:00,1
2026-06-27 12:00:00+00:00,0.0653,0.06554,0.06477,0.06545,153257.0,2026-06-27 15:59:59.999000+00:00,1
2026-06-27 16:00:00+00:00,0.06546,0.06554,0.06369,0.06413,146440.0,2026-06-27 19:59:59.999000+00:00,1
2026-06-27 20:00:00+00:00,0.06413,0.06436,0.06342,0.06389,106524.0,2026-06-27 23:59:59.999000+00:00,1
2026-06-28 00:00:00+00:00,0.0639,0.0643,0.06375,0.0643,112690.0,2026-06-28 03:59:59.999000+00:00,1
2026-06-28 04:00:00+00:00,0.06429,0.06453,0.06366,0.06402,114936.0,2026-06-28 07:59:59.999000+00:00,1
2026-06-28 08:00:00+00:00,0.06404,0.06422,0.06334,0.06376,100260.0,2026-06-28 11:59:59.999000+00:00,1
2026-06-28 12:00:00+00:00,0.06376,0.06462,0.06343,0.06428,161017.0,2026-06-28 15:59:59.999000+00:00,1
2026-06-28 16:00:00+00:00,0.06432,0.06465,0.06378,0.06403,253453.0,2026-06-28 19:59:59.999000+00:00,1
2026-06-28 20:00:00+00:00,0.06401,0.06445,0.06309,0.06396,164169.0,2026-06-28 23:59:59.999000+00:00,1
2026-06-29 00:00:00+00:00,0.06396,0.06503,0.0632,0.06459,170674.0,2026-06-29 03:59:59.999000+00:00,1
2026-06-29 04:00:00+00:00,0.06461,0.06472,0.06325,0.0637,87084.0,2026-06-29 07:59:59.999000+00:00,1
2026-06-29 08:00:00+00:00,0.06375,0.06411,0.06343,0.06356,206272.0,2026-06-29 11:59:59.999000+00:00,1
2026-06-29 12:00:00+00:00,0.06354,0.06468,0.06274,0.06367,453402.0,2026-06-29 15:59:59.999000+00:00,1
2026-06-29 16:00:00+00:00,0.06372,0.06487,0.0634,0.06425,219588.0,2026-06-29 19:59:59.999000+00:00,1
2026-06-29 20:00:00+00:00,0.06427,0.06427,0.06347,0.06374,113656.0,2026-06-29 23:59:59.999000+00:00,1
2026-06-30 00:00:00+00:00,0.06379,0.06405,0.06325,0.06331,166495.0,2026-06-30 03:59:59.999000+00:00,1
2026-06-30 04:00:00+00:00,0.06327,0.06366,0.06243,0.06246,169267.0,2026-06-30 07:59:59.999000+00:00,1
2026-06-30 08:00:00+00:00,0.06246,0.06269,0.06179,0.06183,155068.0,2026-06-30 11:59:59.999000+00:00,1
2026-06-30 12:00:00+00:00,0.06182,0.06195,0.06088,0.06118,382195.0,2026-06-30 15:59:59.999000+00:00,1
2026-06-30 16:00:00+00:00,0.0612,0.06359,0.06118,0.06282,276886.0,2026-06-30 19:59:59.999000+00:00,1
2026-06-30 20:00:00+00:00,0.0628,0.06294,0.06195,0.06224,125911.0,2026-06-30 23:59:59.999000+00:00,1
2026-07-01 00:00:00+00:00,0.06225,0.06302,0.06096,0.06289,250756.0,2026-07-01 03:59:59.999000+00:00,1
2026-07-01 04:00:00+00:00,0.06287,0.0629,0.06133,0.06156,151565.0,2026-07-01 07:59:59.999000+00:00,1
2026-07-01 08:00:00+00:00,0.06156,0.06214,0.06116,0.06179,185495.0,2026-07-01 11:59:59.999000+00:00,1
2026-07-01 12:00:00+00:00,0.0618,0.0643,0.06116,0.06365,431775.0,2026-07-01 15:59:59.999000+00:00,1
2026-07-01 16:00:00+00:00,0.06365,0.06376,0.0626,0.06274,141959.0,2026-07-01 19:59:59.999000+00:00,1
2026-07-01 20:00:00+00:00,0.06275,0.06439,0.06273,0.06317,260567.0,2026-07-01 23:59:59.999000+00:00,1
2026-07-02 00:00:00+00:00,0.06317,0.0644,0.06292,0.06435,182368.0,2026-07-02 03:59:59.999000+00:00,1
2026-07-02 04:00:00+00:00,0.06439,0.06441,0.06314,0.06361,132242.0,2026-07-02 07:59:59.999000+00:00,1
2026-07-02 08:00:00+00:00,0.06362,0.06447,0.06337,0.06402,233358.0,2026-07-02 11:59:59.999000+00:00,1
2026-07-02 12:00:00+00:00,0.06398,0.06519,0.06387,0.06405,292946.0,2026-07-02 15:59:59.999000+00:00,1
2026-07-02 16:00:00+00:00,0.0641,0.06449,0.06334,0.06338,141988.0,2026-07-02 19:59:59.999000+00:00,1
2026-07-02 20:00:00+00:00,0.0634,0.06398,0.06321,0.06386,139111.0,2026-07-02 23:59:59.999000+00:00,1
2026-07-03 00:00:00+00:00,0.06386,0.06471,0.0637,0.06459,107494.0,2026-07-03 03:59:59.999000+00:00,1
2026-07-03 04:00:00+00:00,0.0646,0.07263,0.06437,0.06874,3591406.0,2026-07-03 07:59:59.999000+00:00,1
2026-07-03 08:00:00+00:00,0.06876,0.072,0.06853,0.072,2033951.0,2026-07-03 11:59:59.999000+00:00,1
2026-07-03 12:00:00+00:00,0.07201,0.07873,0.07092,0.0735,9426993.0,2026-07-03 15:59:59.999000+00:00,1
2026-07-03 16:00:00+00:00,0.07351,0.07467,0.07185,0.07278,1543125.0,2026-07-03 19:59:59.999000+00:00,1
2026-07-03 20:00:00+00:00,0.07279,0.07322,0.07131,0.07186,709621.0,2026-07-03 23:59:59.999000+00:00,1
2026-07-04 00:00:00+00:00,0.07186,0.07189,0.07006,0.0712,715482.0,2026-07-04 03:59:59.999000+00:00,1
2026-07-04 04:00:00+00:00,0.07119,0.07137,0.06912,0.06943,678568.0,2026-07-04 07:59:59.999000+00:00,1
2026-07-04 08:00:00+00:00,0.06944,0.07025,0.06901,0.07018,408789.0,2026-07-04 11:59:59.999000+00:00,1
2026-07-04 12:00:00+00:00,0.07018,0.07158,0.0697,0.07138,421528.0,2026-07-04 15:59:59.999000+00:00,1
2026-07-04 16:00:00+00:00,0.07135,0.07246,0.07093,0.07124,287655.0,2026-07-04 19:59:59.999000+00:00,1
2026-07-04 20:00:00+00:00,0.07124,0.07124,0.06973,0.07034,196993.0,2026-07-04 23:59:59.999000+00:00,1
2026-07-05 00:00:00+00:00,0.07034,0.07375,0.06955,0.07012,2179554.0,2026-07-05 03:59:59.999000+00:00,1
2026-07-05 04:00:00+00:00,0.07013,0.07117,0.06958,0.07104,414780.0,2026-07-05 07:59:59.999000+00:00,1
2026-07-05 08:00:00+00:00,0.07104,0.0721,0.06988,0.07023,806999.0,2026-07-05 11:59:59.999000+00:00,1
2026-07-05 12:00:00+00:00,0.07023,0.07107,0.06999,0.07023,387863.0,2026-07-05 15:59:59.999000+00:00,1
2026-07-05 16:00:00+00:00,0.07022,0.07269,0.07013,0.07177,403272.0,2026-07-05 19:59:59.999000+00:00,1
2026-07-05 20:00:00+00:00,0.07176,0.07279,0.07099,0.07118,433661.0,2026-07-05 23:59:59.999000+00:00,1
2026-07-06 00:00:00+00:00,0.07116,0.0712,0.06953,0.06958,386915.0,2026-07-06 03:59:59.999000+00:00,1
2026-07-06 04:00:00+00:00,0.06962,0.06982,0.06836,0.06847,259166.0,2026-07-06 07:59:59.999000+00:00,1
2026-07-06 08:00:00+00:00,0.06846,0.06911,0.06803,0.06812,274140.0,2026-07-06 11:59:59.999000+00:00,1
2026-07-06 12:00:00+00:00,0.06811,0.07056,0.06678,0.07017,714483.0,2026-07-06 15:59:59.999000+00:00,1
2026-07-06 16:00:00+00:00,0.07017,0.07094,0.06934,0.07,304368.0,2026-07-06 19:59:59.999000+00:00,1
2026-07-06 20:00:00+00:00,0.07002,0.07079,0.06938,0.06958,209457.0,2026-07-06 23:59:59.999000+00:00,1
2026-07-07 00:00:00+00:00,0.06962,0.07029,0.06932,0.06982,279050.0,2026-07-07 03:59:59.999000+00:00,1
2026-07-07 04:00:00+00:00,0.06982,0.07029,0.06891,0.06909,309872.0,2026-07-07 07:59:59.999000+00:00,1
2026-07-07 08:00:00+00:00,0.06908,0.07125,0.06891,0.06983,307192.0,2026-07-07 11:59:59.999000+00:00,1
2026-07-07 12:00:00+00:00,0.06982,0.07025,0.06834,0.07005,398718.0,2026-07-07 15:59:59.999000+00:00,1
2026-07-07 16:00:00+00:00,0.07004,0.07036,0.06886,0.06935,219884.0,2026-07-07 19:59:59.999000+00:00,1
2026-07-07 20:00:00+00:00,0.06936,0.06969,0.06828,0.06902,143831.0,2026-07-07 23:59:59.999000+00:00,1
2026-07-08 00:00:00+00:00,0.069,0.06943,0.06717,0.0674,377127.0,2026-07-08 03:59:59.999000+00:00,1
2026-07-08 04:00:00+00:00,0.06742,0.06841,0.06717,0.06789,356888.0,2026-07-08 07:59:59.999000+00:00,1
2026-07-08 08:00:00+00:00,0.06787,0.06973,0.0669,0.06965,754926.0,2026-07-08 11:59:59.999000+00:00,1
2026-07-08 12:00:00+00:00,0.06973,0.07089,0.0686,0.06919,834247.0,2026-07-08 15:59:59.999000+00:00,1
2026-07-08 16:00:00+00:00,0.06915,0.07424,0.06911,0.07391,698878.0,2026-07-08 19:59:59.999000+00:00,1
2026-07-08 20:00:00+00:00,0.07388,0.07484,0.07281,0.07413,776740.0,2026-07-08 23:59:59.999000+00:00,1
2026-07-09 00:00:00+00:00,0.07414,0.07567,0.07369,0.0754,1282508.0,2026-07-09 03:59:59.999000+00:00,1
2026-07-09 04:00:00+00:00,0.0754,0.07541,0.07346,0.07371,611726.0,2026-07-09 07:59:59.999000+00:00,1
2026-07-09 08:00:00+00:00,0.07372,0.07516,0.07275,0.07316,432758.0,2026-07-09 11:59:59.999000+00:00,1
2026-07-09 12:00:00+00:00,0.07315,0.07565,0.0729,0.0735,695588.0,2026-07-09 15:59:59.999000+00:00,1
2026-07-09 16:00:00+00:00,0.07351,0.07354,0.07232,0.07257,186182.0,2026-07-09 19:59:59.999000+00:00,1
2026-07-09 20:00:00+00:00,0.07258,0.07306,0.07106,0.07152,316015.0,2026-07-09 23:59:59.999000+00:00,1
2026-07-10 00:00:00+00:00,0.07156,0.07486,0.07095,0.07413,485374.0,2026-07-10 03:59:59.999000+00:00,1
2026-07-10 04:00:00+00:00,0.07411,0.07419,0.07246,0.07273,259717.0,2026-07-10 07:59:59.999000+00:00,1
2026-07-10 08:00:00+00:00,0.07272,0.07339,0.07214,0.07284,226223.0,2026-07-10 11:59:59.999000+00:00,1
2026-07-10 12:00:00+00:00,0.07282,0.07303,0.07059,0.07107,415261.0,2026-07-10 15:59:59.999000+00:00,1
2026-07-10 16:00:00+00:00,0.07105,0.0714,0.07007,0.07092,269275.0,2026-07-10 19:59:59.999000+00:00,1
2026-07-10 20:00:00+00:00,0.07091,0.07139,0.07058,0.07099,102132.0,2026-07-10 23:59:59.999000+00:00,1
2026-07-11 00:00:00+00:00,0.07099,0.07423,0.0706,0.07343,446960.0,2026-07-11 03:59:59.999000+00:00,1
2026-07-11 04:00:00+00:00,0.07337,0.07528,0.07271,0.07374,1222255.0,2026-07-11 07:59:59.999000+00:00,1
2026-07-11 08:00:00+00:00,0.07374,0.07421,0.0727,0.07298,389744.0,2026-07-11 11:59:59.999000+00:00,1
2026-07-11 12:00:00+00:00,0.07298,0.07355,0.07182,0.07246,385658.0,2026-07-11 15:59:59.999000+00:00,1
2026-07-11 16:00:00+00:00,0.07245,0.07277,0.07185,0.07204,237038.0,2026-07-11 19:59:59.999000+00:00,1
2026-07-11 20:00:00+00:00,0.07204,0.07237,0.07045,0.07058,269542.0,2026-07-11 23:59:59.999000+00:00,1
2026-07-12 00:00:00+00:00,0.07052,0.0726,0.06975,0.07197,359411.0,2026-07-12 03:59:59.999000+00:00,1
2026-07-12 04:00:00+00:00,0.072,0.07318,0.07124,0.07131,371809.0,2026-07-12 07:59:59.999000+00:00,1
2026-07-12 08:00:00+00:00,0.07132,0.07171,0.07026,0.07034,205863.0,2026-07-12 11:59:59.999000+00:00,1
2026-07-12 12:00:00+00:00,0.07033,0.07127,0.06996,0.07015,214202.0,2026-07-12 15:59:59.999000+00:00,1
2026-07-12 16:00:00+00:00,0.07015,0.07028,0.06954,0.07001,172102.0,2026-07-12 19:59:59.999000+00:00,1
2026-07-12 20:00:00+00:00,0.07,0.07001,0.06918,0.06956,220254.0,2026-07-12 23:59:59.999000+00:00,1
2026-07-13 00:00:00+00:00,0.06956,0.07036,0.06803,0.06868,309187.0,2026-07-13 03:59:59.999000+00:00,1
2026-07-13 04:00:00+00:00,0.06867,0.07108,0.06855,0.07047,244601.0,2026-07-13 07:59:59.999000+00:00,1
2026-07-13 08:00:00+00:00,0.0705,0.07142,0.06938,0.06948,516347.0,2026-07-13 11:59:59.999000+00:00,1
2026-07-13 12:00:00+00:00,0.06947,0.07065,0.06901,0.0698,333071.0,2026-07-13 15:59:59.999000+00:00,1
2026-07-13 16:00:00+00:00,0.0698,0.07016,0.06884,0.06935,279798.0,2026-07-13 19:59:59.999000+00:00,1
2026-07-13 20:00:00+00:00,0.06936,0.0694,0.06851,0.06934,128574.0,2026-07-13 23:59:59.999000+00:00,1
2026-07-14 00:00:00+00:00,0.06934,0.06947,0.06877,0.06905,106576.0,2026-07-14 03:59:59.999000+00:00,1
2026-07-14 04:00:00+00:00,0.06905,0.07096,0.069,0.06979,203047.0,2026-07-14 07:59:59.999000+00:00,1
2026-07-14 08:00:00+00:00,0.06979,0.07043,0.06906,0.06921,142810.0,2026-07-14 11:59:59.999000+00:00,1
2026-07-14 12:00:00+00:00,0.06924,0.07075,0.06908,0.07047,370394.0,2026-07-14 15:59:59.999000+00:00,1
2026-07-14 16:00:00+00:00,0.07045,0.07087,0.06961,0.07007,214066.0,2026-07-14 19:59:59.999000+00:00,1
2026-07-14 20:00:00+00:00,0.07007,0.07028,0.06964,0.06995,103387.0,2026-07-14 23:59:59.999000+00:00,1
2026-07-15 00:00:00+00:00,0.06997,0.07033,0.06909,0.06963,157614.0,2026-07-15 03:59:59.999000+00:00,1
2026-07-15 04:00:00+00:00,0.06961,0.07048,0.06912,0.06979,127396.0,2026-07-15 07:59:59.999000+00:00,1
2026-07-15 08:00:00+00:00,0.06978,0.07106,0.06963,0.06982,170609.0,2026-07-15 11:59:59.999000+00:00,1
2026-07-15 12:00:00+00:00,0.06982,0.0711,0.06965,0.07,157500.0,2026-07-15 15:59:59.999000+00:00,1
2026-07-15 16:00:00+00:00,0.06997,0.07015,0.06931,0.06938,140523.0,2026-07-15 19:59:59.999000+00:00,1
2026-07-15 20:00:00+00:00,0.06937,0.07017,0.06931,0.06962,64177.0,2026-07-15 23:59:59.999000+00:00,1
2026-07-16 00:00:00+00:00,0.0696,0.071,0.06958,0.0703,103370.0,2026-07-16 03:59:59.999000+00:00,1
2026-07-16 04:00:00+00:00,0.07028,0.07124,0.06988,0.06997,107896.0,2026-07-16 07:59:59.999000+00:00,1
2026-07-16 08:00:00+00:00,0.06995,0.07059,0.0691,0.07047,149915.0,2026-07-16 11:59:59.999000+00:00,1
2026-07-16 12:00:00+00:00,0.07046,0.07243,0.06975,0.07221,304423.0,2026-07-16 15:59:59.999000+00:00,1
2026-07-16 16:00:00+00:00,0.07222,0.0729,0.07074,0.0713,297465.0,2026-07-16 19:59:59.999000+00:00,1
2026-07-16 20:00:00+00:00,0.07133,0.0722,0.07101,0.07156,158348.0,2026-07-16 23:59:59.999000+00:00,1
2026-07-17 00:00:00+00:00,0.07159,0.0732,0.07141,0.07157,366863.0,2026-07-17 03:59:59.999000+00:00,1
2026-07-17 04:00:00+00:00,0.07156,0.07242,0.07051,0.0707,293393.0,2026-07-17 07:59:59.999000+00:00,1
2026-07-17 08:00:00+00:00,0.07069,0.07149,0.07001,0.07067,253030.0,2026-07-17 11:59:59.999000+00:00,1
2026-07-17 12:00:00+00:00,0.07067,0.07116,0.06952,0.07066,300982.0,2026-07-17 15:59:59.999000+00:00,1
2026-07-17 16:00:00+00:00,0.07068,0.07273,0.07039,0.0727,308937.0,2026-07-17 19:59:59.999000+00:00,1
2026-07-17 20:00:00+00:00,0.07266,0.07449,0.07222,0.07378,703838.0,2026-07-17 23:59:59.999000+00:00,1
2026-07-18 00:00:00+00:00,0.0738,0.07477,0.07227,0.07301,603101.0,2026-07-18 03:59:59.999000+00:00,1
2026-07-18 04:00:00+00:00,0.073,0.0731,0.07118,0.07118,238239.0,2026-07-18 07:59:59.999000+00:00,1
2026-07-18 08:00:00+00:00,0.07121,0.07134,0.06996,0.07,274259.0,2026-07-18 11:59:59.999000+00:00,1
2026-07-18 12:00:00+00:00,0.06999,0.07035,0.06965,0.06986,234278.0,2026-07-18 15:59:59.999000+00:00,1
2026-07-18 16:00:00+00:00,0.06986,0.07015,0.0696,0.06981,150830.0,2026-07-18 19:59:59.999000+00:00,1
2026-07-18 20:00:00+00:00,0.06982,0.07026,0.06955,0.06977,91923.0,2026-07-18 23:59:59.999000+00:00,1
2026-07-19 00:00:00+00:00,0.06976,0.07039,0.06924,0.06978,259222.0,2026-07-19 03:59:59.999000+00:00,1
2026-07-19 04:00:00+00:00,0.06977,0.06981,0.06924,0.06927,166042.0,2026-07-19 07:59:59.999000+00:00,1
2026-07-19 08:00:00+00:00,0.06928,0.06959,0.06874,0.06892,177741.0,2026-07-19 11:59:59.999000+00:00,1
2026-07-19 12:00:00+00:00,0.06893,0.06997,0.06865,0.06959,191483.0,2026-07-19 15:59:59.999000+00:00,1
2026-07-19 16:00:00+00:00,0.0696,0.06992,0.06842,0.06871,180490.0,2026-07-19 19:59:59.999000+00:00,1
2026-07-19 20:00:00+00:00,0.06878,0.06933,0.06844,0.06878,153490.0,2026-07-19 23:59:59.999000+00:00,1
2026-07-20 00:00:00+00:00,0.0688,0.06958,0.06837,0.06876,245823.0,2026-07-20 03:59:59.999000+00:00,1
2026-07-20 04:00:00+00:00,0.06873,0.06908,0.06749,0.06905,227203.0,2026-07-20 07:59:59.999000+00:00,1
2026-07-20 08:00:00+00:00,0.06907,0.07004,0.0689,0.0698,353982.0,2026-07-20 11:59:59.999000+00:00,1
2026-07-20 12:00:00+00:00,0.06981,0.07001,0.06891,0.06963,192369.0,2026-07-20 15:59:59.999000+00:00,1
2026-07-20 16:00:00+00:00,0.06963,0.06988,0.06891,0.06922,162408.0,2026-07-20 19:59:59.999000+00:00,1
2026-07-20 20:00:00+00:00,0.06922,0.06957,0.06877,0.0691,80465.0,2026-07-20 23:59:59.999000+00:00,1
2026-07-21 00:00:00+00:00,0.06909,0.07062,0.06897,0.07044,177148.0,2026-07-21 03:59:59.999000+00:00,1
2026-07-21 04:00:00+00:00,0.07042,0.07097,0.06986,0.07047,132724.0,2026-07-21 07:59:59.999000+00:00,1
2026-07-21 08:00:00+00:00,0.07049,0.07058,0.06977,0.06977,62620.0,2026-07-21 11:59:59.999000+00:00,1
2026-07-21 12:00:00+00:00,0.06979,0.07059,0.06966,0.07045,95603.0,2026-07-21 15:59:59.999000+00:00,1
2026-07-21 16:00:00+00:00,0.07045,0.07048,0.0696,0.07006,77148.0,2026-07-21 19:59:59.999000+00:00,1
2026-07-21 20:00:00+00:00,0.07007,0.07017,0.06972,0.07003,38290.0,2026-07-21 23:59:59.999000+00:00,1
2026-07-22 00:00:00+00:00,0.07001,0.07005,0.06945,0.06982,69664.0,2026-07-22 03:59:59.999000+00:00,1
2026-07-22 04:00:00+00:00,0.0698,0.07068,0.06953,0.06994,183997.0,2026-07-22 07:59:59.999000+00:00,1
2026-07-22 08:00:00+00:00,0.06994,0.07029,0.0696,0.06981,72150.0,2026-07-22 11:59:59.999000+00:00,1
2026-07-22 12:00:00+00:00,0.06982,0.0702,0.06921,0.07005,99220.0,2026-07-22 15:59:59.999000+00:00,1
2026-07-22 16:00:00+00:00,0.07004,0.07038,0.06964,0.06972,89123.0,2026-07-22 19:59:59.999000+00:00,1
2026-07-22 20:00:00+00:00,0.06973,0.07019,0.06959,0.06994,32871.0,2026-07-22 23:59:59.999000+00:00,1
2026-07-23 00:00:00+00:00,0.06992,0.07022,0.06905,0.06911,65006.0,2026-07-23 03:59:59.999000+00:00,1
2026-07-23 04:00:00+00:00,0.06909,0.06915,0.06822,0.06845,104962.0,2026-07-23 07:59:59.999000+00:00,1
2026-07-23 08:00:00+00:00,0.06846,0.06887,0.06793,0.06834,100318.0,2026-07-23 11:59:59.999000+00:00,1
2026-07-23 12:00:00+00:00,0.06834,0.06861,0.06702,0.06721,158637.0,2026-07-23 15:59:59.999000+00:00,1
2026-07-23 16:00:00+00:00,0.0672,0.06727,0.06627,0.06696,161085.0,2026-07-23 19:59:59.999000+00:00,1
2026-07-23 20:00:00+00:00,0.06693,0.06738,0.06646,0.0665,83184.0,2026-07-23 23:59:59.999000+00:00,1
2026-07-24 00:00:00+00:00,0.06649,0.0669,0.06596,0.0668,101848.0,2026-07-24 03:59:59.999000+00:00,1
2026-07-24 04:00:00+00:00,0.06679,0.06722,0.06639,0.06698,99657.0,2026-07-24 07:59:59.999000+00:00,1
2026-07-24 08:00:00+00:00,0.06699,0.06705,0.06626,0.06639,54916.0,2026-07-24 11:59:59.999000+00:00,1
2026-07-24 12:00:00+00:00,0.06639,0.06649,0.06525,0.06599,246923.0,2026-07-24 15:59:59.999000+00:00,1
2026-07-24 16:00:00+00:00,0.06597,0.06815,0.06586,0.0674,219902.0,2026-07-24 19:59:59.999000+00:00,1
2026-07-24 20:00:00+00:00,0.06738,0.06862,0.06732,0.06852,184846.0,2026-07-24 23:59:59.999000+00:00,1
2026-07-25 00:00:00+00:00,0.06852,0.06865,0.06763,0.06793,141628.0,2026-07-25 03:59:59.999000+00:00,1
2026-07-25 04:00:00+00:00,0.06792,0.06833,0.06701,0.06706,92739.0,2026-07-25 07:59:59.999000+00:00,1
2026-07-25 08:00:00+00:00,0.06706,0.06853,0.06691,0.06819,80055.0,2026-07-25 11:59:59.999000+00:00,1
2026-07-25 12:00:00+00:00,0.06823,0.06954,0.06811,0.06881,333378.0,2026-07-25 15:59:59.999000+00:00,1
2026-07-25 16:00:00+00:00,0.06885,0.06939,0.06815,0.0684,97791.0,2026-07-25 19:59:59.999000+00:00,1
2026-07-25 20:00:00+00:00,0.0684,0.06858,0.0682,0.06821,27757.0,2026-07-25 23:59:59.999000+00:00,1
2026-07-26 00:00:00+00:00,0.06821,0.06825,0.06795,0.06813,47882.0,2026-07-26 03:59:59.999000+00:00,1
2026-07-26 04:00:00+00:00,0.06814,0.06856,0.06786,0.06844,64361.0,2026-07-26 07:59:59.999000+00:00,1
2026-07-26 08:00:00+00:00,0.06843,0.06843,0.06789,0.06789,31278.0,2026-07-26 11:59:59.999000+00:00,1
2026-07-26 12:00:00+00:00,0.06791,0.06836,0.06768,0.06795,83570.0,2026-07-26 15:59:59.999000+00:00,1
2026-07-26 16:00:00+00:00,0.06794,0.06826,0.06782,0.06816,39496.0,2026-07-26 19:59:59.999000+00:00,1
2026-07-26 20:00:00+00:00,0.06815,0.06905,0.06792,0.06884,80696.0,2026-07-26 23:59:59.999000+00:00,1
2026-07-27 00:00:00+00:00,0.06886,0.06913,0.06813,0.06893,122561.0,2026-07-27 03:59:59.999000+00:00,1
2026-07-27 04:00:00+00:00,0.06894,0.06987,0.06836,0.06858,208517.0,2026-07-27 07:59:59.999000+00:00,1
2026-07-27 08:00:00+00:00,0.0686,0.0686,0.06788,0.06814,36226.0,2026-07-27 11:59:59.999000+00:00,1
2026-07-27 12:00:00+00:00,0.06815,0.0683,0.06605,0.06662,151920.0,2026-07-27 15:59:59.999000+00:00,1
2026-07-27 16:00:00+00:00,0.06665,0.06688,0.06604,0.06645,55969.0,2026-07-27 19:59:59.999000+00:00,1
2026-07-27 20:00:00+00:00,0.06643,0.06823,0.0658,0.06595,200395.0,2026-07-27 23:59:59.999000+00:00,1
2026-07-28 00:00:00+00:00,0.06597,0.06857,0.06495,0.06822,232297.0,2026-07-28 03:59:59.999000+00:00,1
2026-07-28 04:00:00+00:00,0.0682,0.06915,0.06697,0.06719,347522.0,2026-07-28 07:59:59.999000+00:00,1
2026-07-28 08:00:00+00:00,0.06716,0.06735,0.06645,0.06681,132127.0,2026-07-28 11:59:59.999000+00:00,1
2026-07-28 12:00:00+00:00,0.06681,0.0678,0.06609,0.06725,164630.0,2026-07-28 15:59:59.999000+00:00,1
2026-07-28 16:00:00+00:00,0.06727,0.06739,0.06657,0.06721,62008.0,2026-07-28 19:59:59.999000+00:00,1
2026-07-28 20:00:00+00:00,0.06719,0.06789,0.06694,0.06745,41179.0,2026-07-28 23:59:59.999000+00:00,1
2026-07-29 00:00:00+00:00,0.06748,0.06774,0.06635,0.06638,86098.0,2026-07-29 03:59:59.999000+00:00,1
2026-07-29 04:00:00+00:00,0.06641,0.06662,0.06531,0.06583,118600.0,2026-07-29 07:59:59.999000+00:00,1
2026-07-29 08:00:00+00:00,0.06586,0.06666,0.06522,0.06662,103056.0,2026-07-29 11:59:59.999000+00:00,1
2026-07-29 12:00:00+00:00,0.06661,0.06887,0.06621,0.06875,169679.0,2026-07-29 15:59:59.999000+00:00,1
2026-07-29 16:00:00+00:00,0.06876,0.06907,0.06702,0.06709,323384.0,2026-07-29 19:59:59.999000+00:00,1
2026-07-29 20:00:00+00:00,0.06707,0.06741,0.06588,0.06685,125605.0,2026-07-29 23:59:59.999000+00:00,1
2026-07-30 00:00:00+00:00,0.06685,0.06776,0.06659,0.06662,80660.0,2026-07-30 03:59:59.999000+00:00,1
2026-07-30 04:00:00+00:00,0.0666,0.06683,0.06589,0.06617,66979.0,2026-07-30 07:59:59.999000+00:00,1
2026-07-30 08:00:00+00:00,0.06614,0.06667,0.06564,0.06643,100570.0,2026-07-30 11:59:59.999000+00:00,1
2026-07-30 12:00:00+00:00,0.06643,0.06703,0.06545,0.06546,119793.0,2026-07-30 15:59:59.999000+00:00,1
2026-07-30 16:00:00+00:00,0.06545,0.06727,0.06511,0.06726,209321.0,2026-07-30 19:59:59.999000+00:00,1
2026-07-30 20:00:00+00:00,0.06728,0.06789,0.06664,0.06685,142866.0,2026-07-30 23:59:59.999000+00:00,1
2026-07-31 00:00:00+00:00,0.06689,0.06804,0.06601,0.06628,122848.0,2026-07-31 03:59:59.999000+00:00,1
2026-07-31 04:00:00+00:00,0.06626,0.06871,0.06569,0.06737,310545.0,2026-07-31 07:59:59.999000+00:00,1
2026-07-31 08:00:00+00:00,0.0674,0.06764,0.06682,0.06694,147179.0,2026-07-31 11:59:59.999000+00:00,1
2026-07-31 12:00:00+00:00,0.06696,0.06708,0.06563,0.06654,124727.0,2026-07-31 15:59:59.999000+00:00,1
2026-07-31 16:00:00+00:00,0.06656,0.06713,0.06633,0.06677,89146.0,2026-07-31 19:59:59.999000+00:00,1
2026-07-31 20:00:00+00:00,0.06672,0.06707,0.06562,0.06586,68569.0,2026-07-31 23:59:59.999000+00:00,1
2026-08-01 00:00:00+00:00,0.06582,0.06711,0.06547,0.0668,116790.0,2026-08-01 03:59:59.999000+00:00,1
2026-08-01 04:00:00+00:00,0.06679,0.06697,0.06617,0.0662,44309.0,2026-08-01 07:59:59.999000+00:00,1
2026-08-01 08:00:00+00:00,0.06618,0.06654,0.06589,0.06595,29668.0,2026-08-01 11:59:59.999000+00:00,1
2026-08-01 12:00:00+00:00,0.06591,0.06621,0.0657,0.06577,51787.0,2026-08-01 15:59:59.999000+00:00,1
2026-08-01 16:00:00+00:00,0.06576,0.0667,0.06546,0.06589,115658.0,2026-08-01 19:59:59.999000+00:00,1
2026-08-01 20:00:00+00:00,0.06588,0.06641,0.06567,0.06639,64925.0,2026-08-01 23:59:59.999000+00:00,1
2026-08-02 00:00:00+00:00,0.0664,0.06669,0.06569,0.0657,85373.0,2026-08-02 03:59:59.999000+00:00,1
2026-08-02 04:00:00+00:00,0.0657,0.06646,0.06566,0.066,91918.0,2026-08-02 07:59:59.999000+00:00,1
2026-08-02 08:00:00+00:00,0.06598,0.06663,0.06593,0.0666,79625.0,2026-08-02 11:59:59.999000+00:00,1
2026-08-02 12:00:00+00:00,0.06664,0.06775,0.0664,0.06663,190739.0,2026-08-02 15:59:59.999000+00:00,1
2026-08-02 16:00:00+00:00,0.06661,0.067,0.06637,0.06642,62170.0,2026-08-02 19:59:59.999000+00:00,1
2026-08-02 20:00:00+00:00,0.06642,0.06749,0.06623,0.0671,88609.0,2026-08-02 23:59:59.999000+00:00,1
2026-08-03 00:00:00+00:00,0.06712,0.06759,0.06664,0.06711,111906.0,2026-08-03 03:59:59.999000+00:00,1
2026-08-03 04:00:00+00:00,0.0671,0.06718,0.0664,0.06642,60358.0,2026-08-03 07:59:59.999000+00:00,1
2026-08-03 08:00:00+00:00,0.06641,0.06662,0.06606,0.06619,86553.0,2026-08-03 11:59:59.999000+00:00,1
2026-08-03 12:00:00+00:00,0.06616,0.06732,0.06594,0.06677,118531.0,2026-08-03 15:59:59.999000+00:00,1
2026-08-03 16:00:00+00:00,0.06676,0.06741,0.06652,0.06657,78605.0,2026-08-03 19:59:59.999000+00:00,1
2026-08-03 20:00:00+00:00,0.06656,0.06729,0.06645,0.06721,62031.0,2026-08-03 23:59:59.999000+00:00,1
2026-08-04 00:00:00+00:00,0.0672,0.06786,0.06672,0.06749,82061.0,2026-08-04 03:59:59.999000+00:00,1
2026-08-04 04:00:00+00:00,0.06746,0.06802,0.06705,0.06788,142596.0,2026-08-04 07:59:59.999000+00:00,1
2026-08-04 08:00:00+00:00,0.06787,0.06835,0.06705,0.06717,147699.0,2026-08-04 11:59:59.999000+00:00,1
2026-08-04 12:00:00+00:00,0.06714,0.06731,0.06665,0.0672,347930.0,2026-08-04 15:59:59.999000+00:00,1
2026-08-04 16:00:00+00:00,0.06723,0.06731,0.06672,0.06672,214034.0,2026-08-04 19:59:59.999000+00:00,1
2026-08-04 20:00:00+00:00,0.06674,0.06713,0.06637,0.06659,254552.0,2026-08-04 23:59:59.999000+00:00,1
2026-08-05 00:00:00+00:00,0.06657,0.06683,0.06638,0.0664,350393.0,2026-08-05 03:59:59.999000+00:00,1
2026-08-05 04:00:00+00:00,0.06637,0.06717,0.06636,0.06699,81503.0,2026-08-05 07:59:59.999000+00:00,1
2026-08-05 08:00:00+00:00,0.06701,0.0672,0.06651,0.06666,112764.0,2026-08-05 11:59:59.999000+00:00,1
2026-08-05 12:00:00+00:00,0.06658,0.067,0.06632,0.06663,48727.0,2026-08-05 15:59:59.999000+00:00,1
2026-08-05 16:00:00+00:00,0.06661,0.06719,0.06654,0.06694,53710.0,2026-08-05 19:59:59.999000+00:00,1
2026-08-05 20:00:00+00:00,0.06693,0.0671,0.0665,0.06656,66970.0,2026-08-05 23:59:59.999000+00:00,1
2026-08-06 00:00:00+00:00,0.06658,0.06718,0.06648,0.06657,98837.0,2026-08-06 03:59:59.999000+00:00,1
2026-08-06 04:00:00+00:00,0.06654,0.06703,0.06646,0.06672,111725.0,2026-08-06 07:59:59.999000+00:00,1
2026-08-06 08:00:00+00:00,0.0667,0.06692,0.06595,0.06624,108354.0,2026-08-06 11:59:59.999000+00:00,1
2026-08-06 12:00:00+00:00,0.06624,0.06648,0.06582,0.06584,138402.0,2026-08-06 15:59:59.999000+00:00,1
2026-08-06 16:00:00+00:00,0.06584,0.06615,0.06548,0.0655,111208.0,2026-08-06 19:59:59.999000+00:00,1
2026-08-06 20:00:00+00:00,0.06549,0.06684,0.06548,0.06658,97981.0,2026-08-06 23:59:59.999000+00:00,1
2026-08-07 00:00:00+00:00,0.06659,0.06747,0.0659,0.06596,336924.0,2026-08-07 03:59:59.999000+00:00,1
2026-08-07 04:00:00+00:00,0.06596,0.0665,0.0654,0.06616,200518.0,2026-08-07 07:59:59.999000+00:00,1
2026-08-07 08:00:00+00:00,0.06613,0.06616,0.06556,0.06575,98304.0,2026-08-07 11:59:59.999000+00:00,1
2026-08-07 12:00:00+00:00,0.06576,0.06618,0.06558,0.06596,185436.0,2026-08-07 15:59:59.999000+00:00,1
2026-08-07 16:00:00+00:00,0.06596,0.06643,0.06554,0.066,120816.0,2026-08-07 19:59:59.999000+00:00,1
2026-08-07 20:00:00+00:00,0.066,0.06666,0.06589,0.06635,67871.0,2026-08-07 23:59:59.999000+00:00,1
2026-08-08 00:00:00+00:00,0.06634,0.06642,0.06599,0.06619,34082.0,2026-08-08 03:59:59.999000+00:00,1
2026-08-08 04:00:00+00:00,0.06617,0.0666,0.06617,0.06635,83133.0,2026-08-08 07:59:59.999000+00:00,1
2026-08-08 08:00:00+00:00,0.06634,0.06684,0.06616,0.06618,75624.0,2026-08-08 11:59:59.999000+00:00,1
2026-08-08 12:00:00+00:00,0.06619,0.0669,0.06617,0.06667,80024.0,2026-08-08 15:59:59.999000+00:00,1
2026-08-08 16:00:00+00:00,0.0667,0.06745,0.06667,0.06707,93724.0,2026-08-08 19:59:59.999000+00:00,1
2026-08-08 20:00:00+00:00,0.06705,0.06723,0.0666,0.06676,52089.0,2026-08-08 23:59:59.999000+00:00,1
2026-08-09 00:00:00+00:00,0.06675,0.06693,0.06637,0.06641,76376.0,2026-08-09 03:59:59.999000+00:00,1
2026-08-09 04:00:00+00:00,0.0664,0.0668,0.06606,0.06608,62246.0,2026-08-09 07:59:59.999000+00:00,1
2026-08-09 08:00:00+00:00,0.06604,0.06631,0.06589,0.06605,59022.0,2026-08-09 11:59:59.999000+00:00,1
2026-08-09 12:00:00+00:00,0.06604,0.06652,0.06584,0.06622,61459.0,2026-08-09 15:59:59.999000+00:00,1
2026-08-09 16:00:00+00:00,0.06629,0.06684,0.06608,0.06683,97011.0,2026-08-09 19:59:59.999000+00:00,1
2026-08-09 20:00:00+00:00,0.06682,0.06754,0.06624,0.06656,175356.0,2026-08-09 23:59:59.999000+00:00,1
2026-08-10 00:00:00+00:00,0.06653,0.06719,0.06638,0.06672,203386.0,2026-08-10 03:59:59.999000+00:00,1
2026-08-10 04:00:00+00:00,0.06673,0.06695,0.0664,0.06681,100872.0,2026-08-10 07:59:59.999000+00:00,1
2026-08-10 08:00:00+00:00,0.06681,0.06722,0.06648,0.06686,120430.0,2026-08-10 11:59:59.999000+00:00,1
2026-08-10 12:00:00+00:00,0.06682,0.06701,0.06599,0.06617,175368.0,2026-08-10 15:59:59.999000+00:00,1
2026-08-10 16:00:00+00:00,0.06618,0.0669,0.06593,0.06685,109404.0,2026-08-10 19:59:59.999000+00:00,1
2026-08-10 20:00:00+00:00,0.06685,0.06727,0.06638,0.06687,123778.0,2026-08-10 23:59:59.999000+00:00,1
2026-08-11 00:00:00+00:00,0.06687,0.06705,0.06606,0.06609,101412.0,2026-08-11 03:59:59.999000+00:00,1
2026-08-11 04:00:00+00:00,0.06608,0.06622,0.06555,0.06566,95350.0,2026-08-11 07:59:59.999000+00:00,1
2026-08-11 08:00:00+00:00,0.06564,0.06636,0.06542,0.06635,104976.0,2026-08-11 11:59:59.999000+00:00,1
2026-08-11 12:00:00+00:00,0.06633,0.06644,0.06461,0.06514,170091.0,2026-08-11 15:59:59.999000+00:00,1
2026-08-11 16:00:00+00:00,0.0651,0.06546,0.06484,0.06543,82444.0,2026-08-11 19:59:59.999000+00:00,1
2026-08-11 20:00:00+00:00,0.06542,0.0662,0.06537,0.06589,85956.0,2026-08-11 23:59:59.999000+00:00,1
2026-08-12 00:00:00+00:00,0.06588,0.06713,0.06584,0.06641,122237.0,2026-08-12 03:59:59.999000+00:00,1
2026-08-12 04:00:00+00:00,0.06641,0.06641,0.06579,0.06613,82815.0,2026-08-12 07:59:59.999000+00:00,1
2026-08-12 08:00:00+00:00,0.06611,0.06611,0.06561,0.06594,45348.0,2026-08-12 11:59:59.999000+00:00,1
2026-08-12 12:00:00+00:00,0.06593,0.06601,0.06499,0.06503,123680.0,2026-08-12 15:59:59.999000+00:00,1
2026-08-12 16:00:00+00:00,0.065,0.06522,0.06478,0.06494,48950.0,2026-08-12 19:59:59.999000+00:00,1
2026-08-12 20:00:00+00:00,0.06494,0.0652,0.0632,0.06364,189029.0,2026-08-12 23:59:59.999000+00:00,1
2026-08-13 00:00:00+00:00,0.06365,0.06417,0.06364,0.06405,127450.0,2026-08-13 03:59:59.999000+00:00,1
2026-08-13 04:00:00+00:00,0.06404,0.06425,0.06391,0.06403,58002.0,2026-08-13 07:59:59.999000+00:00,1
2026-08-13 08:00:00+00:00,0.06404,0.06432,0.06347,0.06353,73212.0,2026-08-13 11:59:59.999000+00:00,1
2026-08-13 12:00:00+00:00,0.06353,0.06387,0.06315,0.0632,174273.0,2026-08-13 15:59:59.999000+00:00,1
2026-08-13 16:00:00+00:00,0.0632,0.06416,0.06292,0.06395,130440.0,2026-08-13 19:59:59.999000+00:00,1
2026-08-13 20:00:00+00:00,0.06394,0.06447,0.06361,0.06447,65552.0,2026-08-13 23:59:59.999000+00:00,1
2026-08-14 00:00:00+00:00,0.06446,0.06454,0.06377,0.06386,78338.0,2026-08-14 03:59:59.999000+00:00,1
2026-08-14 04:00:00+00:00,0.06386,0.06419,0.0634,0.06347,84892.0,2026-08-14 07:59:59.999000+00:00,1
2026-08-14 08:00:00+00:00,0.06349,0.06351,0.06283,0.06311,83873.0,2026-08-14 11:59:59.999000+00:00,1
2026-08-14 12:00:00+00:00,0.06311,0.0636,0.06283,0.0636,164369.0,2026-08-14 15:59:59.999000+00:00,1
2026-08-14 16:00:00+00:00,0.06358,0.0656,0.06358,0.06366,639590.0,2026-08-14 19:59:59.999000+00:00,1
2026-08-14 20:00:00+00:00,0.06366,0.06465,0.06358,0.06465,103403.0,2026-08-14 23:59:59.999000+00:00,1
2026-08-15 00:00:00+00:00,0.06464,0.06524,0.06422,0.06458,130925.0,2026-08-15 03:59:59.999000+00:00,1
2026-08-15 04:00:00+00:00,0.06457,0.06526,0.06432,0.06439,97285.0,2026-08-15 07:59:59.999000+00:00,1
2026-08-15 08:00:00+00:00,0.06436,0.06467,0.06428,0.06442,71081.0,2026-08-15 11:59:59.999000+00:00,1
2026-08-15 12:00:00+00:00,0.06442,0.06485,0.06438,0.0646,45346.0,2026-08-15 15:59:59.999000+00:00,1
2026-08-15 16:00:00+00:00,0.06461,0.06483,0.0643,0.06439,59205.0,2026-08-15 19:59:59.999000+00:00,1
2026-08-15 20:00:00+00:00,0.06437,0.06451,0.0639,0.06399,54418.0,2026-08-15 23:59:59.999000+00:00,1
2026-08-16 00:00:00+00:00,0.06399,0.06405,0.06362,0.06364,69143.0,2026-08-16 03:59:59.999000+00:00,1
2026-08-16 04:00:00+00:00,0.06363,0.06389,0.06332,0.06372,85474.0,2026-08-16 07:59:59.999000+00:00,1
2026-08-16 08:00:00+00:00,0.06369,0.06373,0.06348,0.06358,80635.0,2026-08-16 11:59:59.999000+00:00,1
2026-08-16 12:00:00+00:00,0.06359,0.06385,0.06348,0.06383,39563.0,2026-08-16 15:59:59.999000+00:00,1
2026-08-16 16:00:00+00:00,0.06382,0.06397,0.06323,0.0635,220792.0,2026-08-16 19:59:59.999000+00:00,1
2026-08-16 20:00:00+00:00,0.06348,0.06353,0.06247,0.063,91292.0,2026-08-16 23:59:59.999000+00:00,1
2026-08-17 00:00:00+00:00,0.06299,0.06364,0.06297,0.06359,53159.0,2026-08-17 03:59:59.999000+00:00,1
2026-08-17 04:00:00+00:00,0.06364,0.06394,0.06362,0.06376,47022.0,2026-08-17 07:59:59.999000+00:00,1
2026-08-17 08:00:00+00:00,0.06376,0.0638,0.06312,0.06343,97981.0,2026-08-17 11:59:59.999000+00:00,1
2026-08-17 12:00:00+00:00,0.06341,0.06377,0.06327,0.06371,163911.0,2026-08-17 15:59:59.999000+00:00,1
2026-08-17 16:00:00+00:00,0.06371,0.06395,0.06333,0.06337,76786.0,2026-08-17 19:59:59.999000+00:00,1
2026-08-17 20:00:00+00:00,0.06338,0.06356,0.06314,0.06322,73189.0,2026-08-17 23:59:59.999000+00:00,1
2026-08-18 00:00:00+00:00,0.06325,0.06337,0.06205,0.06231,95907.0,2026-08-18 03:59:59.999000+00:00,1
2026-08-18 04:00:00+00:00,0.06231,0.06285,0.0621,0.06267,75162.0,2026-08-18 07:59:59.999000+00:00,1
2026-08-18 08:00:00+00:00,0.06268,0.06319,0.06252,0.06312,81143.0,2026-08-18 11:59:59.999000+00:00,1
2026-08-18 12:00:00+00:00,0.0631,0.06414,0.06281,0.06405,124715.0,2026-08-18 15:59:59.999000+00:00,1
2026-08-18 16:00:00+00:00,0.06406,0.0643,0.06338,0.06349,78926.0,2026-08-18 19:59:59.999000+00:00,1
2026-08-18 20:00:00+00:00,0.06348,0.06373,0.06318,0.06329,72958.0,2026-08-18 23:59:59.999000+00:00,1
2026-08-19 00:00:00+00:00,0.06327,0.06346,0.06287,0.06319,85051.0,2026-08-19 03:59:59.999000+00:00,1
2026-08-19 04:00:00+00:00,0.06319,0.06374,0.06305,0.06362,60976.0,2026-08-19 07:59:59.999000+00:00,1
2026-08-19 08:00:00+00:00,0.06362,0.06386,0.06327,0.06359,48613.0,2026-08-19 11:59:59.999000+00:00,1
2026-08-19 12:00:00+00:00,0.06358,0.06649,0.06345,0.0648,317216.0,2026-08-19 15:59:59.999000+00:00,1
2026-08-19 16:00:00+00:00,0.0648,0.06558,0.06454,0.06511,171612.0,2026-08-19 19:59:59.999000+00:00,1
2026-08-19 20:00:00+00:00,0.06512,0.06725,0.065,0.06635,356364.0,2026-08-19 23:59:59.999000+00:00,1
2026-08-20 00:00:00+00:00,0.06637,0.0675,0.06628,0.06661,177481.0,2026-08-20 03:59:59.999000+00:00,1
2026-08-20 04:00:00+00:00,0.06656,0.06747,0.06612,0.06638,189810.0,2026-08-20 07:59:59.999000+00:00,1
2026-08-20 08:00:00+00:00,0.06638,0.06808,0.06621,0.06772,210999.0,2026-08-20 11:59:59.999000+00:00,1
2026-08-20 12:00:00+00:00,0.06771,0.06965,0.06731,0.06917,447031.0,2026-08-20 15:59:59.999000+00:00,1
2026-08-20 16:00:00+00:00,0.06916,0.06987,0.06871,0.06932,407484.0,2026-08-20 19:59:59.999000+00:00,1
2026-08-20 20:00:00+00:00,0.06933,0.07077,0.06932,0.07058,178190.0,2026-08-20 23:59:59.999000+00:00,1
2026-08-21 00:00:00+00:00,0.07061,0.07107,0.07,0.07059,275036.0,2026-08-21 03:59:59.999000+00:00,1
2026-08-21 04:00:00+00:00,0.07058,0.07243,0.07058,0.07238,187900.0,2026-08-21 07:59:59.999000+00:00,1
2026-08-21 08:00:00+00:00,0.07241,0.07588,0.07231,0.07494,910732.0,2026-08-21 11:59:59.999000+00:00,1
2026-08-21 12:00:00+00:00,0.07496,0.07656,0.07444,0.076,515072.0,2026-08-21 15:59:59.999000+00:00,1
2026-08-21 16:00:00+00:00,0.07602,0.07666,0.07363,0.07432,294260.0,2026-08-21 19:59:59.999000+00:00,1
2026-08-21 20:00:00+00:00,0.07436,0.07751,0.07414,0.07669,317714.0,2026-08-21 23:59:59.999000+00:00,1
2026-08-22 00:00:00+00:00,0.07667,0.08041,0.07627,0.08005,544934.0,2026-08-22 03:59:59.999000+00:00,1
2026-08-22 04:00:00+00:00,0.08007,0.08176,0.07142,0.07749,1423515.0,2026-08-22 07:59:59.999000+00:00,1
2026-08-22 08:00:00+00:00,0.07759,0.07796,0.07425,0.07576,575607.0,2026-08-22 11:59:59.999000+00:00,1
2026-08-22 12:00:00+00:00,0.07574,0.07673,0.07533,0.07543,215086.0,2026-08-22 15:59:59.999000+00:00,1
2026-08-22 16:00:00+00:00,0.07543,0.07641,0.07511,0.07586,138421.0,2026-08-22 19:59:59.999000+00:00,1
2026-08-22 20:00:00+00:00,0.07585,0.07607,0.07357,0.07455,402976.0,2026-08-22 23:59:59.999000+00:00,1
2026-08-23 00:00:00+00:00,0.07457,0.07558,0.07233,0.07253,221198.0,2026-08-23 03:59:59.999000+00:00,1
2026-08-23 04:00:00+00:00,0.07256,0.07353,0.07155,0.0734,193633.0,2026-08-23 07:59:59.999000+00:00,1
2026-08-23 08:00:00+00:00,0.0734,0.07589,0.0733,0.07587,120345.0,2026-08-23 11:59:59.999000+00:00,1
2026-08-23 12:00:00+00:00,0.07583,0.07704,0.0747,0.07639,246436.0,2026-08-23 15:59:59.999000+00:00,1
2026-08-23 16:00:00+00:00,0.07642,0.07696,0.07601,0.07665,110558.0,2026-08-23 19:59:59.999000+00:00,1
2026-08-23 20:00:00+00:00,0.07663,0.07775,0.07632,0.07665,191182.0,2026-08-23 23:59:59.999000+00:00,1
2026-08-24 00:00:00+00:00,0.07664,0.07669,0.07367,0.07404,284658.0,2026-08-24 03:59:59.999000+00:00,1
2026-08-24 04:00:00+00:00,0.07406,0.07492,0.07364,0.07373,237154.0,2026-08-24 07:59:59.999000+00:00,1
2026-08-24 08:00:00+00:00,0.0738,0.07527,0.07311,0.07491,170799.0,2026-08-24 11:59:59.999000+00:00,1
2026-08-24 12:00:00+00:00,0.07488,0.07685,0.07399,0.07546,321082.0,2026-08-24 15:59:59.999000+00:00,1
2026-08-24 16:00:00+00:00,0.07549,0.07608,0.07406,0.07453,177168.0,2026-08-24 19:59:59.999000+00:00,1
2026-08-24 20:00:00+00:00,0.07458,0.07492,0.07411,0.07484,84613.0,2026-08-24 23:59:59.999000+00:00,1
2026-08-25 00:00:00+00:00,0.07483,0.07679,0.07433,0.0764,191966.0,2026-08-25 03:59:59.999000+00:00,1
2026-08-25 04:00:00+00:00,0.07644,0.07738,0.07428,0.07488,190828.0,2026-08-25 07:59:59.999000+00:00,1
2026-08-25 08:00:00+00:00,0.07483,0.07559,0.0743,0.07451,90965.0,2026-08-25 11:59:59.999000+00:00,1
2026-08-25 12:00:00+00:00,0.07449,0.07513,0.07343,0.0745,201120.0,2026-08-25 15:59:59.999000+00:00,1
2026-08-25 16:00:00+00:00,0.0745,0.0747,0.07334,0.07379,160398.0,2026-08-25 19:59:59.999000+00:00,1
2026-08-25 20:00:00+00:00,0.07378,0.0742,0.07173,0.07363,150776.0,2026-08-25 23:59:59.999000+00:00,1
2026-08-26 00:00:00+00:00,0.07364,0.07422,0.0732,0.0733,153773.0,2026-08-26 03:59:59.999000+00:00,1
2026-08-26 04:00:00+00:00,0.07329,0.07414,0.07286,0.07353,113979.0,2026-08-26 07:59:59.999000+00:00,1
2026-08-26 08:00:00+00:00,0.07352,0.07405,0.07245,0.07353,127937.0,2026-08-26 11:59:59.999000+00:00,1
2026-08-26 12:00:00+00:00,0.0735,0.07391,0.07193,0.07269,208688.0,2026-08-26 15:59:59.999000+00:00,1
2026-08-26 16:00:00+00:00,0.07271,0.07318,0.07219,0.07291,120703.0,2026-08-26 19:59:59.999000+00:00,1
2026-08-26 20:00:00+00:00,0.07289,0.07478,0.07228,0.07469,111705.0,2026-08-26 23:59:59.999000+00:00,1
2026-08-27 00:00:00+00:00,0.07469,0.07471,0.07356,0.07383,84051.0,2026-08-27 03:59:59.999000+00:00,1
2026-08-27 04:00:00+00:00,0.07383,0.07407,0.07297,0.07382,70484.0,2026-08-27 07:59:59.999000+00:00,1
2026-08-27 08:00:00+00:00,0.07383,0.07542,0.07333,0.07379,150977.0,2026-08-27 11:59:59.999000+00:00,1
2026-08-27 12:00:00+00:00,0.07379,0.07534,0.07355,0.07499,144587.0,2026-08-27 15:59:59.999000+00:00,1
2026-08-27 16:00:00+00:00,0.075,0.0766,0.07468,0.07519,128419.0,2026-08-27 19:59:59.999000+00:00,1
2026-08-27 20:00:00+00:00,0.07518,0.07641,0.07499,0.07559,63115.0,2026-08-27 23:59:59.999000+00:00,1
2026-08-28 00:00:00+00:00,0.07556,0.07671,0.07372,0.07444,146325.0,2026-08-28 03:59:59.999000+00:00,1
2026-08-28 04:00:00+00:00,0.07442,0.07491,0.07396,0.07427,101348.0,2026-08-28 07:59:59.999000+00:00,1
2026-08-28 08:00:00+00:00,0.0743,0.07484,0.07355,0.07441,86326.0,2026-08-28 11:59:59.999000+00:00,1
2026-08-28 12:00:00+00:00,0.07443,0.07497,0.07314,0.0733,218801.0,2026-08-28 15:59:59.999000+00:00,1
2026-08-28 16:00:00+00:00,0.07324,0.07394,0.07155,0.07363,184444.0,2026-08-28 19:59:59.999000+00:00,1
2026-08-28 20:00:00+00:00,0.07363,0.07487,0.07349,0.07451,232808.0,2026-08-28 23:59:59.999000+00:00,1
2026-08-29 00:00:00+00:00,0.07448,0.07451,0.0732,0.07322,84789.0,2026-08-29 03:59:59.999000+00:00,1
2026-08-29 04:00:00+00:00,0.07323,0.07404,0.07312,0.07366,80928.0,2026-08-29 07:59:59.999000+00:00,1
2026-08-29 08:00:00+00:00,0.07364,0.07375,0.07308,0.07309,95640.0,2026-08-29 11:59:59.999000+00:00,1
2026-08-29 12:00:00+00:00,0.07305,0.07392,0.07289,0.07349,69299.0,2026-08-29 15:59:59.999000+00:00,1
2026-08-29 16:00:00+00:00,0.07349,0.07359,0.07293,0.07341,36648.0,2026-08-29 19:59:59.999000+00:00,1
2026-08-29 20:00:00+00:00,0.07343,0.0737,0.07324,0.07366,29735.0,2026-08-29 23:59:59.999000+00:00,1
2026-08-30 00:00:00+00:00,0.07367,0.07787,0.07303,0.07703,982375.0,2026-08-30 03:59:59.999000+00:00,1
2026-08-30 04:00:00+00:00,0.07702,0.07754,0.07541,0.07602,724944.0,2026-08-30 07:59:59.999000+00:00,1
2026-08-30 08:00:00+00:00,0.07603,0.07623,0.07485,0.07556,403849.0,2026-08-30 11:59:59.999000+00:00,1
2026-08-30 12:00:00+00:00,0.07558,0.0768,0.07521,0.07535,332274.0,2026-08-30 15:59:59.999000+00:00,1
2026-08-30 16:00:00+00:00,0.07537,0.07615,0.07505,0.07542,128198.0,2026-08-30 19:59:59.999000+00:00,1
2026-08-30 20:00:00+00:00,0.07544,0.07551,0.07087,0.07211,610798.0,2026-08-30 23:59:59.999000+00:00,1
2026-08-31 00:00:00+00:00,0.07204,0.07301,0.071,0.07179,167768.0,2026-08-31 03:59:59.999000+00:00,1
2026-08-31 04:00:00+00:00,0.07172,0.07209,0.071,0.07142,100371.0,2026-08-31 07:59:59.999000+00:00,1
2026-08-31 08:00:00+00:00,0.07141,0.0716,0.0705,0.07085,135740.0,2026-08-31 11:59:59.999000+00:00,1
2026-08-31 12:00:00+00:00,0.07083,0.07196,0.07004,0.07147,299980.0,2026-08-31 15:59:59.999000+00:00,1
2026-08-31 16:00:00+00:00,0.07147,0.07253,0.07134,0.0714,245354.0,2026-08-31 19:59:59.999000+00:00,1
2026-08-31 20:00:00+00:00,0.07139,0.07185,0.07124,0.07167,67237.0,2026-08-31 23:59:59.999000+00:00,1
2026-09-01 00:00:00+00:00,0.07163,0.07276,0.07157,0.07261,82273.0,2026-09-01 03:59:59.999000+00:00,1
2026-09-01 04:00:00+00:00,0.07264,0.07347,0.07242,0.07249,175550.0,2026-09-01 07:59:59.999000+00:00,1
2026-09-01 08:00:00+00:00,0.07245,0.07291,0.07143,0.07288,183173.0,2026-09-01 11:59:59.999000+00:00,1
2026-09-01 12:00:00+00:00,0.07288,0.07382,0.07216,0.07301,196311.0,2026-09-01 15:59:59.999000+00:00,1
2026-09-01 16:00:00+00:00,0.07301,0.07345,0.07189,0.07287,200678.0,2026-09-01 19:59:59.999000+00:00,1
2026-09-01 20:00:00+00:00,0.07292,0.07317,0.07234,0.07303,106421.0,2026-09-01 23:59:59.999000+00:00,1
2026-09-02 00:00:00+00:00,0.07308,0.07353,0.0717,0.07297,154724.0,2026-09-02 03:59:59.999000+00:00,1
2026-09-02 04:00:00+00:00,0.07297,0.07333,0.07273,0.07324,86460.0,2026-09-02 07:59:59.999000+00:00,1
2026-09-02 08:00:00+00:00,0.07322,0.07493,0.07254,0.07387,336933.0,2026-09-02 11:59:59.999000+00:00,1
2026-09-02 12:00:00+00:00,0.07388,0.07447,0.07302,0.07444,195038.0,2026-09-02 15:59:59.999000+00:00,1
2026-09-02 16:00:00+00:00,0.07442,0.07457,0.07333,0.07355,163929.0,2026-09-02 19:59:59.999000+00:00,1
2026-09-02 20:00:00+00:00,0.07358,0.074,0.07298,0.07342,84895.0,2026-09-02 23:59:59.999000+00:00,1
2026-09-03 00:00:00+00:00,0.07341,0.07454,0.07283,0.07449,115755.0,2026-09-03 03:59:59.999000+00:00,1
2026-09-03 04:00:00+00:00,0.07448,0.07475,0.07381,0.07469,89383.0,2026-09-03 07:59:59.999000+00:00,1
2026-09-03 08:00:00+00:00,0.07465,0.07508,0.07379,0.074,83078.0,2026-09-03 11:59:59.999000+00:00,1
2026-09-03 12:00:00+00:00,0.07396,0.07525,0.07346,0.07521,147576.0,2026-09-03 15:59:59.999000+00:00,1
2026-09-03 16:00:00+00:00,0.0752,0.0756,0.07448,0.07526,155775.0,2026-09-03 19:59:59.999000+00:00,1
2026-09-03 20:00:00+00:00,0.07522,0.077,0.07501,0.0767,194351.0,2026-09-03 23:59:59.999000+00:00,1
2026-09-04 00:00:00+00:00,0.07674,0.07691,0.07489,0.07514,145116.0,2026-09-04 03:59:59.999000+00:00,1
2026-09-04 04:00:00+00:00,0.07513,0.07583,0.07444,0.07515,117943.0,2026-09-04 07:59:59.999000+00:00,1
2026-09-04 08:00:00+00:00,0.07524,0.07647,0.07505,0.07604,110712.0,2026-09-04 11:59:59.999000+00:00,1
2026-09-04 12:00:00+00:00,0.07606,0.07609,0.07286,0.07375,443251.0,2026-09-04 15:59:59.999000+00:00,1
2026-09-04 16:00:00+00:00,0.07381,0.07394,0.07279,0.07335,56769.0,2026-09-04 19:59:59.999000+00:00,1
2026-09-04 20:00:00+00:00,0.07334,0.07352,0.07264,0.07348,54998.0,2026-09-04 23:59:59.999000+00:00,1
2026-09-05 00:00:00+00:00,0.07347,0.07421,0.07305,0.07396,60614.0,2026-09-05 03:59:59.999000+00:00,1
2026-09-05 04:00:00+00:00,0.07396,0.07511,0.07375,0.07433,112939.0,2026-09-05 07:59:59.999000+00:00,1
2026-09-05 08:00:00+00:00,0.07432,0.07493,0.07432,0.07477,77186.0,2026-09-05 11:59:59.999000+00:00,1
2026-09-05 12:00:00+00:00,0.07475,0.07556,0.0747,0.07491,74898.0,2026-09-05 15:59:59.999000+00:00,1
2026-09-05 16:00:00+00:00,0.07491,0.0752,0.07452,0.07488,52251.0,2026-09-05 19:59:59.999000+00:00,1
2026-09-05 20:00:00+00:00,0.07493,0.0759,0.07482,0.07535,56888.0,2026-09-05 23:59:59.999000+00:00,1
2026-09-06 00:00:00+00:00,0.07535,0.07629,0.07508,0.07596,111880.0,2026-09-06 03:59:59.999000+00:00,1
2026-09-06 04:00:00+00:00,0.07595,0.07595,0.07406,0.07505,127724.0,2026-09-06 07:59:59.999000+00:00,1
2026-09-06 08:00:00+00:00,0.07498,0.07572,0.07471,0.07535,235042.0,2026-09-06 11:59:59.999000+00:00,1
2026-09-06 12:00:00+00:00,0.07535,0.07592,0.07438,0.07548,273889.0,2026-09-06 15:59:59.999000+00:00,1
2026-09-06 16:00:00+00:00,0.07549,0.07588,0.07485,0.075,98467.0,2026-09-06 19:59:59.999000+00:00,1
2026-09-06 20:00:00+00:00,0.07502,0.07756,0.07493,0.07672,186501.0,2026-09-06 23:59:59.999000+00:00,1
2026-09-07 00:00:00+00:00,0.07674,0.07712,0.07517,0.07536,245403.0,2026-09-07 03:59:59.999000+00:00,1
2026-09-07 04:00:00+00:00,0.07533,0.07577,0.07437,0.0748,109763.0,2026-09-07 07:59:59.999000+00:00,1
2026-09-07 08:00:00+00:00,0.07474,0.07561,0.07474,0.07542,121910.0,2026-09-07 11:59:59.999000+00:00,1
2026-09-07 12:00:00+00:00,0.07543,0.07693,0.07467,0.07512,237006.0,2026-09-07 15:59:59.999000+00:00,1
2026-09-07 16:00:00+00:00,0.07509,0.07634,0.07506,0.07576,122376.0,2026-09-07 19:59:59.999000+00:00,1
2026-09-07 20:00:00+00:00,0.07578,0.07615,0.07456,0.07498,116906.0,2026-09-07 23:59:59.999000+00:00,1
2026-09-08 00:00:00+00:00,0.075,0.07627,0.07495,0.07561,248373.0,2026-09-08 03:59:59.999000+00:00,1
2026-09-08 04:00:00+00:00,0.07557,0.0765,0.07508,0.07556,163833.0,2026-09-08 07:59:59.999000+00:00,1
2026-09-08 08:00:00+00:00,0.07547,0.07661,0.07516,0.07557,183666.0,2026-09-08 11:59:59.999000+00:00,1
2026-09-08 12:00:00+00:00,0.07558,0.07664,0.07383,0.07655,302728.0,2026-09-08 15:59:59.999000+00:00,1
2026-09-08 16:00:00+00:00,0.07658,0.07675,0.07533,0.0756,164509.0,2026-09-08 19:59:59.999000+00:00,1
2026-09-08 20:00:00+00:00,0.07566,0.07628,0.07549,0.07617,126383.0,2026-09-08 23:59:59.999000+00:00,1
2026-09-09 00:00:00+00:00,0.0762,0.07673,0.07514,0.07535,272525.0,2026-09-09 03:59:59.999000+00:00,1
2026-09-09 04:00:00+00:00,0.07533,0.07653,0.07533,0.07653,131465.0,2026-09-09 07:59:59.999000+00:00,1
2026-09-09 08:00:00+00:00,0.0765,0.07695,0.07475,0.07544,166053.0,2026-09-09 11:59:59.999000+00:00,1
2026-09-09 12:00:00+00:00,0.07546,0.07576,0.07388,0.07484,240931.0,2026-09-09 15:59:59.999000+00:00,1
2026-09-09 16:00:00+00:00,0.07483,0.07591,0.07436,0.07445,296879.0,2026-09-09 19:59:59.999000+00:00,1
2026-09-09 20:00:00+00:00,0.07444,0.07481,0.07159,0.07331,447892.0,2026-09-09 23:59:59.999000+00:00,1
2026-09-10 00:00:00+00:00,0.07326,0.0734,0.07172,0.07244,252901.0,2026-09-10 03:59:59.999000+00:00,1
2026-09-10 04:00:00+00:00,0.0724,0.07271,0.07146,0.07187,104469.0,2026-09-10 07:59:59.999000+00:00,1
2026-09-10 08:00:00+00:00,0.07185,0.07199,0.07098,0.07148,251613.0,2026-09-10 11:59:59.999000+00:00,1
2026-09-10 12:00:00+00:00,0.07147,0.07211,0.07029,0.07167,335438.0,2026-09-10 15:59:59.999000+00:00,1
2026-09-10 16:00:00+00:00,0.07164,0.07241,0.07056,0.0717,195510.0,2026-09-10 19:59:59.999000+00:00,1
2026-09-10 20:00:00+00:00,0.07172,0.07223,0.06958,0.0702,178914.0,2026-09-10 23:59:59.999000+00:00,1
2026-09-11 00:00:00+00:00,0.07016,0.07113,0.07006,0.07096,149814.0,2026-09-11 03:59:59.999000+00:00,1
2026-09-11 04:00:00+00:00,0.07096,0.07165,0.0709,0.07109,102634.0,2026-09-11 07:59:59.999000+00:00,1
2026-09-11 08:00:00+00:00,0.07106,0.07167,0.06978,0.07116,184031.0,2026-09-11 11:59:59.999000+00:00,1
2026-09-11 12:00:00+00:00,0.07112,0.07411,0.07042,0.07246,486267.0,2026-09-11 15:59:59.999000+00:00,1
2026-09-11 16:00:00+00:00,0.07239,0.073,0.07109,0.07173,175775.0,2026-09-11 19:59:59.999000+00:00,1
2026-09-11 20:00:00+00:00,0.0717,0.07198,0.07101,0.07192,97553.0,2026-09-11 23:59:59.999000+00:00,1
2026-09-12 00:00:00+00:00,0.07197,0.07317,0.07189,0.073,83492.0,2026-09-12 03:59:59.999000+00:00,1
2026-09-12 04:00:00+00:00,0.07301,0.07361,0.07275,0.07283,113024.0,2026-09-12 07:59:59.999000+00:00,1
2026-09-12 08:00:00+00:00,0.07284,0.07355,0.07274,0.07307,100670.0,2026-09-12 11:59:59.999000+00:00,1
2026-09-12 12:00:00+00:00,0.07306,0.07353,0.07278,0.07319,100192.0,2026-09-12 15:59:59.999000+00:00,1
2026-09-12 16:00:00+00:00,0.07321,0.07385,0.0731,0.07329,108310.0,2026-09-12 19:59:59.999000+00:00,1
2026-09-12 20:00:00+00:00,0.07327,0.0739,0.07308,0.07382,57120.0,2026-09-12 23:59:59.999000+00:00,1
2026-09-13 00:00:00+00:00,0.07384,0.07739,0.07359,0.0771,419923.0,2026-09-13 03:59:59.999000+00:00,1
2026-09-13 04:00:00+00:00,0.07711,0.07884,0.0762,0.0779,955939.0,2026-09-13 07:59:59.999000+00:00,1
2026-09-13 08:00:00+00:00,0.07788,0.07881,0.07594,0.07619,683049.0,2026-09-13 11:59:59.999000+00:00,1
2026-09-13 12:00:00+00:00,0.07622,0.07716,0.07545,0.07629,361347.0,2026-09-13 15:59:59.999000+00:00,1
2026-09-13 16:00:00+00:00,0.07627,0.0772,0.0757,0.07619,128023.0,2026-09-13 19:59:59.999000+00:00,1
2026-09-13 20:00:00+00:00,0.07619,0.07642,0.07413,0.07478,196398.0,2026-09-13 23:59:59.999000+00:00,1
2026-09-14 00:00:00+00:00,0.07478,0.07639,0.07425,0.0758,143922.0,2026-09-14 03:59:59.999000+00:00,1
2026-09-14 04:00:00+00:00,0.07578,0.07666,0.07558,0.0758,107932.0,2026-09-14 07:59:59.999000+00:00,1
2026-09-14 08:00:00+00:00,0.07581,0.07629,0.0747,0.07477,98065.0,2026-09-14 11:59:59.999000+00:00,1
2026-09-14 12:00:00+00:00,0.07479,0.07483,0.07367,0.07454,268263.0,2026-09-14 15:59:59.999000+00:00,1
2026-09-14 16:00:00+00:00,0.07453,0.07529,0.07421,0.07446,136115.0,2026-09-14 19:59:59.999000+00:00,1
2026-09-14 20:00:00+00:00,0.07446,0.07534,0.07365,0.074,97008.0,2026-09-14 23:59:59.999000+00:00,1
2026-09-15 00:00:00+00:00,0.07403,0.07458,0.07337,0.07386,130771.0,2026-09-15 03:59:59.999000+00:00,1
2026-09-15 04:00:00+00:00,0.07385,0.0743,0.07306,0.07318,140066.0,2026-09-15 07:59:59.999000+00:00,1
2026-09-15 08:00:00+00:00,0.07322,0.07356,0.07268,0.07314,125656.0,2026-09-15 11:59:59.999000+00:00,1
2026-09-15 12:00:00+00:00,0.07314,0.07367,0.07174,0.07235,315996.0,2026-09-15 15:59:59.999000+00:00,1
2026-09-15 16:00:00+00:00,0.07232,0.07349,0.06988,0.07195,429089.0,2026-09-15 19:59:59.999000+00:00,1
2026-09-15 20:00:00+00:00,0.07194,0.0722,0.07094,0.07171,130854.0,2026-09-15 23:59:59.999000+00:00,1
2026-09-16 00:00:00+00:00,0.07176,0.07267,0.0709,0.07229,137302.0,2026-09-16 03:59:59.999000+00:00,1
2026-09-16 04:00:00+00:00,0.07232,0.07308,0.0715,0.07166,159222.0,2026-09-16 07:59:59.999000+00:00,1
2026-09-16 08:00:00+00:00,0.07165,0.07217,0.07121,0.07184,80402.0,2026-09-16 11:59:59.999000+00:00,1
2026-09-16 12:00:00+00:00,0.07183,0.07189,0.07086,0.07109,181466.0,2026-09-16 15:59:59.999000+00:00,1
2026-09-16 16:00:00+00:00,0.07102,0.07245,0.07026,0.07164,453250.0,2026-09-16 19:59:59.999000+00:00,1
2026-09-16 20:00:00+00:00,0.07165,0.07359,0.07151,0.07333,173524.0,2026-09-16 23:59:59.999000+00:00,1
2026-09-17 00:00:00+00:00,0.07337,0.07362,0.07237,0.07265,96018.0,2026-09-17 03:59:59.999000+00:00,1
2026-09-17 04:00:00+00:00,0.07264,0.07336,0.07236,0.07308,45251.0,2026-09-17 07:59:59.999000+00:00,1
2026-09-17 08:00:00+00:00,0.07311,0.07338,0.07259,0.07303,76572.0,2026-09-17 11:59:59.999000+00:00,1
2026-09-17 12:00:00+00:00,0.07304,0.07379,0.07262,0.07369,141693.0,2026-09-17 15:59:59.999000+00:00,1
2026-09-17 16:00:00+00:00,0.07374,0.07495,0.07364,0.0739,130687.0,2026-09-17 19:59:59.999000+00:00,1
2026-09-17 20:00:00+00:00,0.07391,0.07475,0.07364,0.07452,123488.0,2026-09-17 23:59:59.999000+00:00,1
2026-09-18 00:00:00+00:00,0.0745,0.0769,0.07447,0.07667,225302.0,2026-09-18 03:59:59.999000+00:00,1
2026-09-18 04:00:00+00:00,0.07669,0.07698,0.07567,0.07676,258795.0,2026-09-18 07:59:59.999000+00:00,1
2026-09-18 08:00:00+00:00,0.07679,0.0782,0.07625,0.07761,243238.0,2026-09-18 11:59:59.999000+00:00,1
2026-09-18 12:00:00+00:00,0.07765,0.07836,0.07668,0.07819,237578.0,2026-09-18 15:59:59.999000+00:00,1
2026-09-18 16:00:00+00:00,0.07821,0.07855,0.07736,0.07829,138172.0,2026-09-18 19:59:59.999000+00:00,1
2026-09-18 20:00:00+00:00,0.07829,0.07894,0.07807,0.07876,155825.0,2026-09-18 23:59:59.999000+00:00,1
2026-09-19 00:00:00+00:00,0.07876,0.082,0.07876,0.08058,619279.0,2026-09-19 03:59:59.999000+00:00,1
2026-09-19 04:00:00+00:00,0.0806,0.08105,0.07893,0.07911,244895.0,2026-09-19 07:59:59.999000+00:00,1
2026-09-19 08:00:00+00:00,0.07917,0.08347,0.07913,0.08323,289645.0,2026-09-19 11:59:59.999000+00:00,1
2026-09-19 12:00:00+00:00,0.08327,0.08338,0.08143,0.08294,259351.0,2026-09-19 15:59:59.999000+00:00,1
2026-09-19 16:00:00+00:00,0.08289,0.08467,0.0827,0.08358,217620.0,2026-09-19 19:59:59.999000+00:00,1
2026-09-19 20:00:00+00:00,0.08355,0.08363,0.08135,0.08268,259766.0,2026-09-19 23:59:59.999000+00:00,1
2026-09-20 00:00:00+00:00,0.08265,0.08464,0.07998,0.08373,692151.0,2026-09-20 03:59:59.999000+00:00,1
2026-09-20 04:00:00+00:00,0.08374,0.08401,0.08081,0.08081,203524.0,2026-09-20 07:59:59.999000+00:00,1
2026-09-20 08:00:00+00:00,0.08083,0.08141,0.0795,0.08014,110170.0,2026-09-20 11:59:59.999000+00:00,1
2026-09-20 12:00:00+00:00,0.08013,0.08184,0.07969,0.08175,146449.0,2026-09-20 15:59:59.999000+00:00,1
2026-09-20 16:00:00+00:00,0.08178,0.08344,0.08138,0.08262,136114.0,2026-09-20 19:59:59.999000+00:00,1
2026-09-20 20:00:00+00:00,0.08259,0.08305,0.08172,0.08191,76830.0,2026-09-20 23:59:59.999000+00:00,1
2026-09-21 00:00:00+00:00,0.08192,0.08367,0.08122,0.08298,213943.0,2026-09-21 03:59:59.999000+00:00,1
2026-09-21 04:00:00+00:00,0.08298,0.08379,0.08258,0.08315,185314.0,2026-09-21 07:59:59.999000+00:00,1
2026-09-21 08:00:00+00:00,0.08315,0.0866,0.0831,0.08594,277781.0,2026-09-21 11:59:59.999000+00:00,1
2026-09-21 12:00:00+00:00,0.0859,0.08672,0.08458,0.08489,809576.0,2026-09-21 15:59:59.999000+00:00,1
2026-09-21 16:00:00+00:00,0.0849,0.08554,0.08414,0.08523,326972.0,2026-09-21 19:59:59.999000+00:00,1
2026-09-21 20:00:00+00:00,0.08521,0.08606,0.08474,0.08571,179553.0,2026-09-21 23:59:59.999000+00:00,1
2026-09-22 00:00:00+00:00,0.08566,0.087,0.08489,0.08696,338104.0,2026-09-22 03:59:59.999000+00:00,1
2026-09-22 04:00:00+00:00,0.08697,0.08777,0.08507,0.08672,247037.0,2026-09-22 07:59:59.999000+00:00,1
2026-09-22 08:00:00+00:00,0.08672,0.08686,0.08426,0.08505,157507.0,2026-09-22 11:59:59.999000+00:00,1
2026-09-22 12:00:00+00:00,0.08502,0.08717,0.08435,0.08699,285636.0,2026-09-22 15:59:59.999000+00:00,1
2026-09-22 16:00:00+00:00,0.08703,0.0873,0.08627,0.08662,184631.0,2026-09-22 19:59:59.999000+00:00,1
2026-09-22 20:00:00+00:00,0.08666,0.08916,0.0861,0.08826,242306.0,2026-09-22 23:59:59.999000+00:00,1
2026-09-23 00:00:00+00:00,0.08825,0.08905,0.0865,0.08821,264179.0,2026-09-23 03:59:59.999000+00:00,1
2026-09-23 04:00:00+00:00,0.08819,0.08945,0.0878,0.08841,199539.0,2026-09-23 07:59:59.999000+00:00,1
2026-09-23 08:00:00+00:00,0.08848,0.08929,0.0871,0.08756,224982.0,2026-09-23 11:59:59.999000+00:00,1
2026-09-23 12:00:00+00:00,0.08758,0.0882,0.08306,0.08306,442818.0,2026-09-23 15:59:59.999000+00:00,1
2026-09-23 16:00:00+00:00,0.08308,0.08431,0.08208,0.08254,399607.0,2026-09-23 19:59:59.999000+00:00,1
2026-09-23 20:00:00+00:00,0.08258,0.0827,0.08028,0.08237,338044.0,2026-09-23 23:59:59.999000+00:00,1
2026-09-24 00:00:00+00:00,0.08237,0.08381,0.08169,0.08288,127867.0,2026-09-24 03:59:59.999000+00:00,1
2026-09-24 04:00:00+00:00,0.08291,0.08495,0.08274,0.08407,107850.0,2026-09-24 07:59:59.999000+00:00,1
2026-09-24 08:00:00+00:00,0.08412,0.08457,0.08158,0.08263,180443.0,2026-09-24 11:59:59.999000+00:00,1
2026-09-24 12:00:00+00:00,0.08259,0.08709,0.08201,0.08677,295554.0,2026-09-24 15:59:59.999000+00:00,1
2026-09-24 16:00:00+00:00,0.08688,0.08909,0.08674,0.08848,239991.0,2026-09-24 19:59:59.999000+00:00,1
2026-09-24 20:00:00+00:00,0.08846,0.08872,0.08762,0.08801,108099.0,2026-09-24 23:59:59.999000+00:00,1
2026-09-25 00:00:00+00:00,0.088,0.08993,0.08786,0.08901,400811.0,2026-09-25 03:59:59.999000+00:00,1
2026-09-25 04:00:00+00:00,0.08904,0.09217,0.08853,0.09063,483164.0,2026-09-25 07:59:59.999000+00:00,1
2026-09-25 08:00:00+00:00,0.09062,0.09186,0.09009,0.09108,289515.0,2026-09-25 11:59:59.999000+00:00,1
2026-09-25 12:00:00+00:00,0.09106,0.09266,0.08889,0.09232,488064.0,2026-09-25 15:59:59.999000+00:00,1
2026-09-25 16:00:00+00:00,0.09231,0.09292,0.09077,0.09129,261901.0,2026-09-25 19:59:59.999000+00:00,1
2026-09-25 20:00:00+00:00,0.09129,0.0922,0.09098,0.09107,42248.0,2026-09-25 23:59:59.999000+00:00,0
