ts,open,high,low,close,volume,close_time,confirm
2026-03-27 16:00:00+00:00,1.1799,1.1888,1.1739,1.1788,213934.4,2026-03-27 19:59:59.999000+00:00,1
2026-03-27 20:00:00+00:00,1.1789,1.1828,1.1685,1.179,124755.1,2026-03-27 23:59:59.999000+00:00,1
2026-03-28 00:00:00+00:00,1.1791,1.1806,1.161,1.1647,138746.5,2026-03-28 03:59:59.999000+00:00,1
2026-03-28 04:00:00+00:00,1.1647,1.1764,1.1614,1.1748,67431.5,2026-03-28 07:59:59.999000+00:00,1
2026-03-28 08:00:00+00:00,1.1748,1.1776,1.161,1.1696,81169.2,2026-03-28 11:59:59.999000+00:00,1
2026-03-28 12:00:00+00:00,1.1696,1.1869,1.1609,1.1836,169701.3,2026-03-28 15:59:59.999000+00:00,1
2026-03-28 16:00:00+00:00,1.1836,1.1895,1.1778,1.1874,112452.3,2026-03-28 19:59:59.999000+00:00,1
2026-03-28 20:00:00+00:00,1.1874,1.1907,1.1635,1.1722,112679.1,2026-03-28 23:59:59.999000+00:00,1
2026-03-29 00:00:00+00:00,1.1722,1.1764,1.161,1.1701,144084.3,2026-03-29 03:59:59.999000+00:00,1
2026-03-29 04:00:00+00:00,1.17,1.1724,1.1614,1.1618,100775.9,2026-03-29 07:59:59.999000+00:00,1
2026-03-29 08:00:00+00:00,1.1618,1.1693,1.1538,1.1628,191195.7,2026-03-29 11:59:59.999000+00:00,1
2026-03-29 12:00:00+00:00,1.1627,1.1646,1.1501,1.1587,193938.9,2026-03-29 15:59:59.999000+00:00,1
2026-03-29 16:00:00+00:00,1.1587,1.1614,1.1483,1.1565,115385.1,2026-03-29 19:59:59.999000+00:00,1
2026-03-29 20:00:00+00:00,1.1565,1.1749,1.129,1.1633,267371.0,2026-03-29 23:59:59.999000+00:00,1
2026-03-30 00:00:00+00:00,1.1633,1.1972,1.1625,1.1889,219507.6,2026-03-30 03:59:59.999000+00:00,1
2026-03-30 04:00:00+00:00,1.189,1.2058,1.1863,1.2041,187630.7,2026-03-30 07:59:59.999000+00:00,1
2026-03-30 08:00:00+00:00,1.204,1.2241,1.194,1.1996,261490.2,2026-03-30 11:59:59.999000+00:00,1
2026-03-30 12:00:00+00:00,1.1996,1.207,1.1756,1.1792,232453.0,2026-03-30 15:59:59.999000+00:00,1
2026-03-30 16:00:00+00:00,1.1792,1.1804,1.1481,1.1529,317657.4,2026-03-30 19:59:59.999000+00:00,1
2026-03-30 20:00:00+00:00,1.1528,1.1727,1.1478,1.1607,158024.5,2026-03-30 23:59:59.999000+00:00,1
2026-03-31 00:00:00+00:00,1.1607,1.2017,1.1591,1.179,345702.2,2026-03-31 03:59:59.999000+00:00,1
2026-03-31 04:00:00+00:00,1.179,1.187,1.1732,1.1857,260502.8,2026-03-31 07:59:59.999000+00:00,1
2026-03-31 08:00:00+00:00,1.1858,1.1869,1.1617,1.1745,304091.3,2026-03-31 11:59:59.999000+00:00,1
2026-03-31 12:00:00+00:00,1.1746,1.1987,1.1715,1.1726,287468.3,2026-03-31 15:59:59.999000+00:00,1
2026-03-31 16:00:00+00:00,1.1727,1.2029,1.1719,1.1864,284997.2,2026-03-31 19:59:59.999000+00:00,1
2026-03-31 20:00:00+00:00,1.1863,1.1893,1.1745,1.1874,119378.5,2026-03-31 23:59:59.999000+00:00,1
2026-04-01 00:00:00+00:00,1.1874,1.1931,1.1773,1.1916,145230.4,2026-04-01 03:59:59.999000+00:00,1
2026-04-01 04:00:00+00:00,1.1915,1.2279,1.1877,1.2172,265837.5,2026-04-01 07:59:59.999000+00:00,1
2026-04-01 08:00:00+00:00,1.2172,1.2226,1.1994,1.2112,261755.4,2026-04-01 11:59:59.999000+00:00,1
2026-04-01 12:00:00+00:00,1.2112,1.2289,1.2003,1.2059,348662.4,2026-04-01 15:59:59.999000+00:00,1
2026-04-01 16:00:00+00:00,1.2059,1.214,1.1967,1.2004,179990.6,2026-04-01 19:59:59.999000+00:00,1
2026-04-01 20:00:00+00:00,1.2005,1.2046,1.1847,1.1906,138311.1,2026-04-01 23:59:59.999000+00:00,1
2026-04-02 00:00:00+00:00,1.1906,1.2051,1.1525,1.1556,412621.6,2026-04-02 03:59:59.999000+00:00,1
2026-04-02 04:00:00+00:00,1.1556,1.1665,1.1453,1.1648,156859.4,2026-04-02 07:59:59.999000+00:00,1
2026-04-02 08:00:00+00:00,1.1648,1.1655,1.1452,1.1522,162382.0,2026-04-02 11:59:59.999000+00:00,1
2026-04-02 12:00:00+00:00,1.1522,1.169,1.139,1.1558,298883.3,2026-04-02 15:59:59.999000+00:00,1
2026-04-02 16:00:00+00:00,1.1557,1.1655,1.1469,1.1574,147346.8,2026-04-02 19:59:59.999000+00:00,1
2026-04-02 20:00:00+00:00,1.1575,1.1629,1.1526,1.1617,151917.0,2026-04-02 23:59:59.999000+00:00,1
2026-04-03 00:00:00+00:00,1.1617,1.1791,1.1573,1.1755,166550.4,2026-04-03 03:59:59.999000+00:00,1
2026-04-03 04:00:00+00:00,1.1755,1.2095,1.1733,1.2045,290876.6,2026-04-03 07:59:59.999000+00:00,1
2026-04-03 08:00:00+00:00,1.2045,1.228,1.2038,1.2235,378652.4,2026-04-03 11:59:59.999000+00:00,1
2026-04-03 12:00:00+00:00,1.2235,1.229,1.2016,1.2042,279271.7,2026-04-03 15:59:59.999000+00:00,1
2026-04-03 16:00:00+00:00,1.2042,1.2125,1.1963,1.2059,177581.5,2026-04-03 19:59:59.999000+00:00,1
2026-04-03 20:00:00+00:00,1.2059,1.2203,1.204,1.208,161735.8,2026-04-03 23:59:59.999000+00:00,1
2026-04-04 00:00:00+00:00,1.208,1.2237,1.2056,1.2217,118427.9,2026-04-04 03:59:59.999000+00:00,1
2026-04-04 04:00:00+00:00,1.2217,1.2326,1.2171,1.2303,155611.7,2026-04-04 07:59:59.999000+00:00,1
2026-04-04 08:00:00+00:00,1.2302,1.2367,1.223,1.2307,175676.3,2026-04-04 11:59:59.999000+00:00,1
2026-04-04 12:00:00+00:00,1.2308,1.2675,1.2301,1.2633,489749.8,2026-04-04 15:59:59.999000+00:00,1
2026-04-04 16:00:00+00:00,1.2633,1.2871,1.2511,1.2689,319277.7,2026-04-04 19:59:59.999000+00:00,1
2026-04-04 20:00:00+00:00,1.2688,1.2713,1.251,1.2544,138415.7,2026-04-04 23:59:59.999000+00:00,1
2026-04-05 00:00:00+00:00,1.2545,1.2641,1.2516,1.2595,151084.7,2026-04-05 03:59:59.999000+00:00,1
2026-04-05 04:00:00+00:00,1.2594,1.2689,1.237,1.2392,248233.2,2026-04-05 07:59:59.999000+00:00,1
2026-04-05 08:00:00+00:00,1.2392,1.2496,1.2381,1.2464,106505.4,2026-04-05 11:59:59.999000+00:00,1
2026-04-05 12:00:00+00:00,1.2464,1.2625,1.2329,1.2465,243048.0,2026-04-05 15:59:59.999000+00:00,1
2026-04-05 16:00:00+00:00,1.2464,1.2497,1.2268,1.232,152471.6,2026-04-05 19:59:59.999000+00:00,1
2026-04-05 20:00:00+00:00,1.2321,1.2512,1.223,1.2463,198113.9,2026-04-05 23:59:59.999000+00:00,1
2026-04-06 00:00:00+00:00,1.2464,1.2759,1.2464,1.2728,290556.4,2026-04-06 03:59:59.999000+00:00,1
2026-04-06 04:00:00+00:00,1.2729,1.2796,1.2621,1.267,194635.2,2026-04-06 07:59:59.999000+00:00,1
2026-04-06 08:00:00+00:00,1.2671,1.3004,1.267,1.2952,354367.6,2026-04-06 11:59:59.999000+00:00,1
2026-04-06 12:00:00+00:00,1.2952,1.301,1.2691,1.2785,251156.9,2026-04-06 15:59:59.999000+00:00,1
2026-04-06 16:00:00+00:00,1.2785,1.2852,1.2668,1.2726,187376.7,2026-04-06 19:59:59.999000+00:00,1
2026-04-06 20:00:00+00:00,1.2726,1.2787,1.2362,1.2479,266438.7,2026-04-06 23:59:59.999000+00:00,1
2026-04-07 00:00:00+00:00,1.2478,1.25,1.2296,1.2391,170419.2,2026-04-07 03:59:59.999000+00:00,1
2026-04-07 04:00:00+00:00,1.2391,1.2414,1.2255,1.2363,164687.3,2026-04-07 07:59:59.999000+00:00,1
2026-04-07 08:00:00+00:00,1.2362,1.2559,1.2335,1.2354,284402.7,2026-04-07 11:59:59.999000+00:00,1
2026-04-07 12:00:00+00:00,1.2354,1.2476,1.2203,1.2388,454214.9,2026-04-07 15:59:59.999000+00:00,1
2026-04-07 16:00:00+00:00,1.2388,1.2652,1.2343,1.2611,316992.9,2026-04-07 19:59:59.999000+00:00,1
2026-04-07 20:00:00+00:00,1.2611,1.3406,1.2611,1.3092,662224.9,2026-04-07 23:59:59.999000+00:00,1
2026-04-08 00:00:00+00:00,1.3091,1.3132,1.2845,1.2977,240518.0,2026-04-08 03:59:59.999000+00:00,1
2026-04-08 04:00:00+00:00,1.2977,1.3514,1.2964,1.3497,412144.6,2026-04-08 07:59:59.999000+00:00,1
2026-04-08 08:00:00+00:00,1.3497,1.3775,1.3381,1.3587,548323.2,2026-04-08 11:59:59.999000+00:00,1
2026-04-08 12:00:00+00:00,1.3588,1.3904,1.3436,1.3497,533452.1,2026-04-08 15:59:59.999000+00:00,1
2026-04-08 16:00:00+00:00,1.3497,1.3674,1.3373,1.344,247744.0,2026-04-08 19:59:59.999000+00:00,1
2026-04-08 20:00:00+00:00,1.3441,1.3534,1.3254,1.3292,216268.1,2026-04-08 23:59:59.999000+00:00,1
2026-04-09 00:00:00+00:00,1.3291,1.3413,1.3195,1.3293,304155.5,2026-04-09 03:59:59.999000+00:00,1
2026-04-09 04:00:00+00:00,1.3292,1.354,1.326,1.348,268635.0,2026-04-09 07:59:59.999000+00:00,1
2026-04-09 08:00:00+00:00,1.348,1.3485,1.3257,1.3279,213828.1,2026-04-09 11:59:59.999000+00:00,1
2026-04-09 12:00:00+00:00,1.3279,1.3913,1.3218,1.3799,635438.1,2026-04-09 15:59:59.999000+00:00,1
2026-04-09 16:00:00+00:00,1.38,1.3919,1.3476,1.3615,390654.2,2026-04-09 19:59:59.999000+00:00,1
2026-04-09 20:00:00+00:00,1.3616,1.3874,1.351,1.3654,298604.9,2026-04-09 23:59:59.999000+00:00,1
2026-04-10 00:00:00+00:00,1.3655,1.3779,1.3517,1.3571,311561.7,2026-04-10 03:59:59.999000+00:00,1
2026-04-10 04:00:00+00:00,1.3571,1.3767,1.3477,1.3565,223859.7,2026-04-10 07:59:59.999000+00:00,1
2026-04-10 08:00:00+00:00,1.3565,1.3842,1.3428,1.3637,323640.7,2026-04-10 11:59:59.999000+00:00,1
2026-04-10 12:00:00+00:00,1.3637,1.3938,1.3527,1.3769,444037.4,2026-04-10 15:59:59.999000+00:00,1
2026-04-10 16:00:00+00:00,1.3768,1.3804,1.359,1.3773,188518.8,2026-04-10 19:59:59.999000+00:00,1
2026-04-10 20:00:00+00:00,1.3772,1.379,1.3447,1.3598,189238.7,2026-04-10 23:59:59.999000+00:00,1
2026-04-11 00:00:00+00:00,1.3598,1.3638,1.3379,1.353,224564.6,2026-04-11 03:59:59.999000+00:00,1
2026-04-11 04:00:00+00:00,1.3529,1.3542,1.3294,1.3393,226566.7,2026-04-11 07:59:59.999000+00:00,1
2026-04-11 08:00:00+00:00,1.3394,1.3525,1.3388,1.3514,136842.8,2026-04-11 11:59:59.999000+00:00,1
2026-04-11 12:00:00+00:00,1.3514,1.3682,1.3466,1.3669,168275.2,2026-04-11 15:59:59.999000+00:00,1
2026-04-11 16:00:00+00:00,1.3669,1.4226,1.3656,1.4074,532492.3,2026-04-11 19:59:59.999000+00:00,1
2026-04-11 20:00:00+00:00,1.4074,1.4239,1.3928,1.4014,233407.2,2026-04-11 23:59:59.999000+00:00,1
2026-04-12 00:00:00+00:00,1.4014,1.4063,1.3341,1.343,468189.4,2026-04-12 03:59:59.999000+00:00,1
2026-04-12 04:00:00+00:00,1.343,1.3436,1.3301,1.3342,171834.3,2026-04-12 07:59:59.999000+00:00,1
2026-04-12 08:00:00+00:00,1.3343,1.3412,1.3219,1.3304,175992.6,2026-04-12 11:59:59.999000+00:00,1
2026-04-12 12:00:00+00:00,1.3303,1.3506,1.3279,1.3341,254953.6,2026-04-12 15:59:59.999000+00:00,1
2026-04-12 16:00:00+00:00,1.3341,1.3664,1.333,1.3555,145277.2,2026-04-12 19:59:59.999000+00:00,1
2026-04-12 20:00:00+00:00,1.3555,1.3678,1.3408,1.3449,212796.2,2026-04-12 23:59:59.999000+00:00,1
2026-04-13 00:00:00+00:00,1.3449,1.3869,1.344,1.3664,374524.9,2026-04-13 03:59:59.999000+00:00,1
2026-04-13 04:00:00+00:00,1.3664,1.3953,1.3486,1.3854,287146.1,2026-04-13 07:59:59.999000+00:00,1
2026-04-13 08:00:00+00:00,1.3855,1.3942,1.368,1.3792,216678.6,2026-04-13 11:59:59.999000+00:00,1
2026-04-13 12:00:00+00:00,1.3792,1.4092,1.362,1.3752,436109.0,2026-04-13 15:59:59.999000+00:00,1
2026-04-13 16:00:00+00:00,1.3751,1.4125,1.3722,1.4064,309250.6,2026-04-13 19:59:59.999000+00:00,1
2026-04-13 20:00:00+00:00,1.4063,1.4202,1.3849,1.418,316403.5,2026-04-13 23:59:59.999000+00:00,1
2026-04-14 00:00:00+00:00,1.4179,1.4222,1.4025,1.4081,224672.2,2026-04-14 03:59:59.999000+00:00,1
2026-04-14 04:00:00+00:00,1.4081,1.4332,1.3983,1.4329,230065.7,2026-04-14 07:59:59.999000+00:00,1
2026-04-14 08:00:00+00:00,1.4329,1.4389,1.3988,1.4035,308150.4,2026-04-14 11:59:59.999000+00:00,1
2026-04-14 12:00:00+00:00,1.4034,1.4135,1.3696,1.3837,596818.9,2026-04-14 15:59:59.999000+00:00,1
2026-04-14 16:00:00+00:00,1.3837,1.388,1.3556,1.3689,326784.8,2026-04-14 19:59:59.999000+00:00,1
2026-04-14 20:00:00+00:00,1.369,1.372,1.3493,1.358,171916.7,2026-04-14 23:59:59.999000+00:00,1
2026-04-15 00:00:00+00:00,1.3581,1.3702,1.3569,1.3658,168744.6,2026-04-15 03:59:59.999000+00:00,1
2026-04-15 04:00:00+00:00,1.3658,1.3727,1.341,1.344,135014.8,2026-04-15 07:59:59.999000+00:00,1
2026-04-15 08:00:00+00:00,1.344,1.385,1.342,1.379,167962.8,2026-04-15 11:59:59.999000+00:00,1
2026-04-15 12:00:00+00:00,1.379,1.402,1.377,1.399,223673.7,2026-04-15 15:59:59.999000+00:00,1
2026-04-15 16:00:00+00:00,1.398,1.416,1.39,1.412,113726.4,2026-04-15 19:59:59.999000+00:00,1
2026-04-15 20:00:00+00:00,1.412,1.421,1.4,1.408,95996.1,2026-04-15 23:59:59.999000+00:00,1
2026-04-16 00:00:00+00:00,1.408,1.43,1.4,1.429,131605.5,2026-04-16 03:59:59.999000+00:00,1
2026-04-16 04:00:00+00:00,1.428,1.442,1.42,1.432,191296.7,2026-04-16 07:59:59.999000+00:00,1
2026-04-16 08:00:00+00:00,1.432,1.432,1.398,1.403,252107.0,2026-04-16 11:59:59.999000+00:00,1
2026-04-16 12:00:00+00:00,1.404,1.417,1.365,1.416,371780.6,2026-04-16 15:59:59.999000+00:00,1
2026-04-16 16:00:00+00:00,1.416,1.434,1.383,1.431,211953.3,2026-04-16 19:59:59.999000+00:00,1
2026-04-16 20:00:00+00:00,1.431,1.441,1.416,1.431,155458.6,2026-04-16 23:59:59.999000+00:00,1
2026-04-17 00:00:00+00:00,1.431,1.434,1.403,1.408,152842.0,2026-04-17 03:59:59.999000+00:00,1
2026-04-17 04:00:00+00:00,1.409,1.427,1.392,1.424,142350.5,2026-04-17 07:59:59.999000+00:00,1
2026-04-17 08:00:00+00:00,1.425,1.431,1.369,1.394,372588.9,2026-04-17 11:59:59.999000+00:00,1
2026-04-17 12:00:00+00:00,1.394,1.441,1.388,1.409,475881.6,2026-04-17 15:59:59.999000+00:00,1
2026-04-17 16:00:00+00:00,1.41,1.431,1.407,1.423,306797.0,2026-04-17 19:59:59.999000+00:00,1
2026-04-17 20:00:00+00:00,1.423,1.428,1.401,1.407,161771.5,2026-04-17 23:59:59.999000+00:00,1
2026-04-18 00:00:00+00:00,1.406,1.409,1.39,1.397,109482.6,2026-04-18 03:59:59.999000+00:00,1
2026-04-18 04:00:00+00:00,1.398,1.421,1.396,1.418,107896.1,2026-04-18 07:59:59.999000+00:00,1
2026-04-18 08:00:00+00:00,1.417,1.421,1.383,1.39,200794.1,2026-04-18 11:59:59.999000+00:00,1
2026-04-18 12:00:00+00:00,1.39,1.392,1.368,1.375,161602.0,2026-04-18 15:59:59.999000+00:00,1
2026-04-18 16:00:00+00:00,1.375,1.384,1.35,1.356,217328.2,2026-04-18 19:59:59.999000+00:00,1
2026-04-18 20:00:00+00:00,1.356,1.359,1.341,1.341,155717.8,2026-04-18 23:59:59.999000+00:00,1
2026-04-19 00:00:00+00:00,1.341,1.348,1.329,1.341,206432.2,2026-04-19 03:59:59.999000+00:00,1
2026-04-19 04:00:00+00:00,1.342,1.357,1.323,1.334,245764.6,2026-04-19 07:59:59.999000+00:00,1
2026-04-19 08:00:00+00:00,1.334,1.36,1.329,1.359,137975.3,2026-04-19 11:59:59.999000+00:00,1
2026-04-19 12:00:00+00:00,1.359,1.386,1.349,1.365,282046.1,2026-04-19 15:59:59.999000+00:00,1
2026-04-19 16:00:00+00:00,1.365,1.366,1.344,1.358,127808.8,2026-04-19 19:59:59.999000+00:00,1
2026-04-19 20:00:00+00:00,1.357,1.357,1.321,1.325,138808.2,2026-04-19 23:59:59.999000+00:00,1
2026-04-20 00:00:00+00:00,1.325,1.36,1.324,1.357,128285.8,2026-04-20 03:59:59.999000+00:00,1
2026-04-20 04:00:00+00:00,1.358,1.365,1.337,1.347,110043.3,2026-04-20 07:59:59.999000+00:00,1
2026-04-20 08:00:00+00:00,1.347,1.359,1.338,1.348,90178.2,2026-04-20 11:59:59.999000+00:00,1
2026-04-20 12:00:00+00:00,1.349,1.363,1.333,1.35,203379.9,2026-04-20 15:59:59.999000+00:00,1
2026-04-20 16:00:00+00:00,1.35,1.37,1.344,1.359,129663.0,2026-04-20 19:59:59.999000+00:00,1
2026-04-20 20:00:00+00:00,1.358,1.372,1.352,1.361,129564.2,2026-04-20 23:59:59.999000+00:00,1
2026-04-21 00:00:00+00:00,1.36,1.371,1.349,1.354,108506.2,2026-04-21 03:59:59.999000+00:00,1
2026-04-21 04:00:00+00:00,1.353,1.381,1.352,1.378,109673.1,2026-04-21 07:59:59.999000+00:00,1
2026-04-21 08:00:00+00:00,1.378,1.397,1.373,1.392,227556.1,2026-04-21 11:59:59.999000+00:00,1
2026-04-21 12:00:00+00:00,1.392,1.394,1.362,1.375,279203.7,2026-04-21 15:59:59.999000+00:00,1
2026-04-21 16:00:00+00:00,1.375,1.381,1.349,1.355,179584.7,2026-04-21 19:59:59.999000+00:00,1
2026-04-21 20:00:00+00:00,1.354,1.387,1.354,1.384,119844.5,2026-04-21 23:59:59.999000+00:00,1
2026-04-22 00:00:00+00:00,1.385,1.404,1.376,1.402,170011.6,2026-04-22 03:59:59.999000+00:00,1
2026-04-22 04:00:00+00:00,1.403,1.413,1.396,1.413,270988.7,2026-04-22 07:59:59.999000+00:00,1
2026-04-22 08:00:00+00:00,1.412,1.425,1.41,1.423,136955.2,2026-04-22 11:59:59.999000+00:00,1
2026-04-22 12:00:00+00:00,1.423,1.43,1.408,1.422,174311.1,2026-04-22 15:59:59.999000+00:00,1
2026-04-22 16:00:00+00:00,1.422,1.422,1.403,1.416,106568.8,2026-04-22 19:59:59.999000+00:00,1
2026-04-22 20:00:00+00:00,1.415,1.416,1.398,1.401,61334.5,2026-04-22 23:59:59.999000+00:00,1
2026-04-23 00:00:00+00:00,1.4,1.408,1.374,1.38,196956.7,2026-04-23 03:59:59.999000+00:00,1
2026-04-23 04:00:00+00:00,1.38,1.393,1.376,1.384,72932.3,2026-04-23 07:59:59.999000+00:00,1
2026-04-23 08:00:00+00:00,1.385,1.39,1.369,1.388,100568.1,2026-04-23 11:59:59.999000+00:00,1
2026-04-23 12:00:00+00:00,1.388,1.411,1.381,1.408,181684.0,2026-04-23 15:59:59.999000+00:00,1
2026-04-23 16:00:00+00:00,1.409,1.414,1.376,1.391,225474.4,2026-04-23 19:59:59.999000+00:00,1
2026-04-23 20:00:00+00:00,1.391,1.407,1.39,1.404,83844.8,2026-04-23 23:59:59.999000+00:00,1
2026-04-24 00:00:00+00:00,1.404,1.412,1.396,1.405,68811.2,2026-04-24 03:59:59.999000+00:00,1
2026-04-24 04:00:00+00:00,1.406,1.416,1.401,1.409,82601.7,2026-04-24 07:59:59.999000+00:00,1
2026-04-24 08:00:00+00:00,1.41,1.424,1.402,1.419,144960.2,2026-04-24 11:59:59.999000+00:00,1
2026-04-24 12:00:00+00:00,1.419,1.427,1.405,1.426,144072.2,2026-04-24 15:59:59.999000+00:00,1
2026-04-24 16:00:00+00:00,1.426,1.432,1.408,1.412,136187.0,2026-04-24 19:59:59.999000+00:00,1
2026-04-24 20:00:00+00:00,1.412,1.418,1.398,1.406,95231.5,2026-04-24 23:59:59.999000+00:00,1
2026-04-25 00:00:00+00:00,1.406,1.416,1.4,1.415,76757.1,2026-04-25 03:59:59.999000+00:00,1
2026-04-25 04:00:00+00:00,1.415,1.42,1.409,1.414,55785.4,2026-04-25 07:59:59.999000+00:00,1
2026-04-25 08:00:00+00:00,1.414,1.418,1.4,1.403,49329.5,2026-04-25 11:59:59.999000+00:00,1
2026-04-25 12:00:00+00:00,1.403,1.407,1.398,1.401,89446.6,2026-04-25 15:59:59.999000+00:00,1
2026-04-25 16:00:00+00:00,1.401,1.404,1.387,1.391,84857.1,2026-04-25 19:59:59.999000+00:00,1
2026-04-25 20:00:00+00:00,1.39,1.403,1.39,1.401,37506.9,2026-04-25 23:59:59.999000+00:00,1
2026-04-26 00:00:00+00:00,1.402,1.402,1.386,1.395,62830.2,2026-04-26 03:59:59.999000+00:00,1
2026-04-26 04:00:00+00:00,1.394,1.41,1.393,1.408,65321.5,2026-04-26 07:59:59.999000+00:00,1
2026-04-26 08:00:00+00:00,1.408,1.413,1.402,1.404,49466.0,2026-04-26 11:59:59.999000+00:00,1
2026-04-26 12:00:00+00:00,1.404,1.405,1.382,1.389,111590.8,2026-04-26 15:59:59.999000+00:00,1
2026-04-26 16:00:00+00:00,1.389,1.397,1.382,1.389,96926.5,2026-04-26 19:59:59.999000+00:00,1
2026-04-26 20:00:00+00:00,1.389,1.399,1.377,1.393,104004.3,2026-04-26 23:59:59.999000+00:00,1
2026-04-27 00:00:00+00:00,1.394,1.413,1.391,1.405,86678.7,2026-04-27 03:59:59.999000+00:00,1
2026-04-27 04:00:00+00:00,1.405,1.405,1.366,1.369,239064.0,2026-04-27 07:59:59.999000+00:00,1
2026-04-27 08:00:00+00:00,1.369,1.382,1.366,1.377,156646.9,2026-04-27 11:59:59.999000+00:00,1
2026-04-27 12:00:00+00:00,1.378,1.379,1.345,1.346,276203.8,2026-04-27 15:59:59.999000+00:00,1
2026-04-27 16:00:00+00:00,1.347,1.357,1.339,1.345,76878.4,2026-04-27 19:59:59.999000+00:00,1
2026-04-27 20:00:00+00:00,1.345,1.365,1.344,1.363,54152.6,2026-04-27 23:59:59.999000+00:00,1
2026-04-28 00:00:00+00:00,1.363,1.363,1.351,1.359,62128.3,2026-04-28 03:59:59.999000+00:00,1
2026-04-28 04:00:00+00:00,1.359,1.366,1.344,1.35,80042.2,2026-04-28 07:59:59.999000+00:00,1
2026-04-28 08:00:00+00:00,1.35,1.354,1.341,1.346,58812.7,2026-04-28 11:59:59.999000+00:00,1
2026-04-28 12:00:00+00:00,1.346,1.359,1.327,1.332,217228.3,2026-04-28 15:59:59.999000+00:00,1
2026-04-28 16:00:00+00:00,1.331,1.353,1.329,1.349,113999.0,2026-04-28 19:59:59.999000+00:00,1
2026-04-28 20:00:00+00:00,1.348,1.353,1.342,1.346,32701.3,2026-04-28 23:59:59.999000+00:00,1
2026-04-29 00:00:00+00:00,1.346,1.365,1.343,1.364,82980.0,2026-04-29 03:59:59.999000+00:00,1
2026-04-29 04:00:00+00:00,1.364,1.373,1.359,1.36,69412.1,2026-04-29 07:59:59.999000+00:00,1
2026-04-29 08:00:00+00:00,1.36,1.371,1.353,1.356,80738.7,2026-04-29 11:59:59.999000+00:00,1
2026-04-29 12:00:00+00:00,1.355,1.356,1.313,1.318,272988.8,2026-04-29 15:59:59.999000+00:00,1
2026-04-29 16:00:00+00:00,1.317,1.327,1.289,1.31,346936.5,2026-04-29 19:59:59.999000+00:00,1
2026-04-29 20:00:00+00:00,1.311,1.328,1.311,1.325,69120.5,2026-04-29 23:59:59.999000+00:00,1
2026-04-30 00:00:00+00:00,1.326,1.342,1.321,1.328,85953.0,2026-04-30 03:59:59.999000+00:00,1
2026-04-30 04:00:00+00:00,1.327,1.329,1.314,1.327,71707.5,2026-04-30 07:59:59.999000+00:00,1
2026-04-30 08:00:00+00:00,1.327,1.331,1.317,1.323,90714.9,2026-04-30 11:59:59.999000+00:00,1
2026-04-30 12:00:00+00:00,1.324,1.328,1.305,1.311,70550.2,2026-04-30 15:59:59.999000+00:00,1
2026-04-30 16:00:00+00:00,1.311,1.312,1.301,1.302,41582.3,2026-04-30 19:59:59.999000+00:00,1
2026-04-30 20:00:00+00:00,1.302,1.305,1.29,1.295,56375.3,2026-04-30 23:59:59.999000+00:00,1
2026-05-01 00:00:00+00:00,1.296,1.319,1.292,1.309,89281.1,2026-05-01 03:59:59.999000+00:00,1
2026-05-01 04:00:00+00:00,1.309,1.313,1.293,1.297,57649.9,2026-05-01 07:59:59.999000+00:00,1
2026-05-01 08:00:00+00:00,1.296,1.301,1.293,1.298,95554.1,2026-05-01 11:59:59.999000+00:00,1
2026-05-01 12:00:00+00:00,1.298,1.311,1.285,1.293,288433.4,2026-05-01 15:59:59.999000+00:00,1
2026-05-01 16:00:00+00:00,1.293,1.295,1.282,1.29,119055.1,2026-05-01 19:59:59.999000+00:00,1
2026-05-01 20:00:00+00:00,1.291,1.291,1.277,1.287,121879.8,2026-05-01 23:59:59.999000+00:00,1
2026-05-02 00:00:00+00:00,1.288,1.298,1.284,1.295,136495.4,2026-05-02 03:59:59.999000+00:00,1
2026-05-02 04:00:00+00:00,1.296,1.298,1.284,1.287,87645.2,2026-05-02 07:59:59.999000+00:00,1
2026-05-02 08:00:00+00:00,1.287,1.295,1.276,1.28,127500.2,2026-05-02 11:59:59.999000+00:00,1
2026-05-02 12:00:00+00:00,1.28,1.289,1.276,1.286,169168.3,2026-05-02 15:59:59.999000+00:00,1
2026-05-02 16:00:00+00:00,1.287,1.298,1.285,1.291,115177.3,2026-05-02 19:59:59.999000+00:00,1
2026-05-02 20:00:00+00:00,1.29,1.303,1.288,1.299,100468.7,2026-05-02 23:59:59.999000+00:00,1
2026-05-03 00:00:00+00:00,1.299,1.302,1.276,1.281,138928.4,2026-05-03 03:59:59.999000+00:00,1
2026-05-03 04:00:00+00:00,1.28,1.285,1.272,1.278,145365.0,2026-05-03 07:59:59.999000+00:00,1
2026-05-03 08:00:00+00:00,1.278,1.282,1.265,1.275,160180.7,2026-05-03 11:59:59.999000+00:00,1
2026-05-03 12:00:00+00:00,1.276,1.282,1.267,1.273,125483.5,2026-05-03 15:59:59.999000+00:00,1
2026-05-03 16:00:00+00:00,1.273,1.278,1.268,1.277,72368.4,2026-05-03 19:59:59.999000+00:00,1
2026-05-03 20:00:00+00:00,1.276,1.286,1.267,1.274,149483.6,2026-05-03 23:59:59.999000+00:00,1
2026-05-04 00:00:00+00:00,1.275,1.3,1.261,1.295,230141.9,2026-05-04 03:59:59.999000+00:00,1
2026-05-04 04:00:00+00:00,1.296,1.311,1.279,1.283,192862.8,2026-05-04 07:59:59.999000+00:00,1
2026-05-04 08:00:00+00:00,1.283,1.285,1.244,1.252,408720.1,2026-05-04 11:59:59.999000+00:00,1
2026-05-04 12:00:00+00:00,1.251,1.282,1.245,1.268,269895.5,2026-05-04 15:59:59.999000+00:00,1
2026-05-04 16:00:00+00:00,1.268,1.282,1.259,1.273,137348.3,2026-05-04 19:59:59.999000+00:00,1
2026-05-04 20:00:00+00:00,1.273,1.286,1.255,1.261,155288.5,2026-05-04 23:59:59.999000+00:00,1
2026-05-05 00:00:00+00:00,1.262,1.275,1.257,1.269,117518.2,2026-05-05 03:59:59.999000+00:00,1
2026-05-05 04:00:00+00:00,1.268,1.28,1.268,1.273,81123.4,2026-05-05 07:59:59.999000+00:00,1
2026-05-05 08:00:00+00:00,1.273,1.282,1.269,1.279,74471.0,2026-05-05 11:59:59.999000+00:00,1
2026-05-05 12:00:00+00:00,1.28,1.295,1.271,1.271,231997.2,2026-05-05 15:59:59.999000+00:00,1
2026-05-05 16:00:00+00:00,1.272,1.29,1.262,1.289,149661.2,2026-05-05 19:59:59.999000+00:00,1
2026-05-05 20:00:00+00:00,1.289,1.317,1.287,1.295,227476.4,2026-05-05 23:59:59.999000+00:00,1
2026-05-06 00:00:00+00:00,1.295,1.32,1.287,1.316,185003.0,2026-05-06 03:59:59.999000+00:00,1
2026-05-06 04:00:00+00:00,1.317,1.358,1.307,1.357,309293.4,2026-05-06 07:59:59.999000+00:00,1
2026-05-06 08:00:00+00:00,1.358,1.481,1.357,1.48,1559994.8,2026-05-06 11:59:59.999000+00:00,1
2026-05-06 12:00:00+00:00,1.481,1.516,1.43,1.508,1555612.7,2026-05-06 15:59:59.999000+00:00,1
2026-05-06 16:00:00+00:00,1.509,1.526,1.492,1.503,793319.6,2026-05-06 19:59:59.999000+00:00,1
2026-05-06 20:00:00+00:00,1.503,1.547,1.475,1.488,517566.2,2026-05-06 23:59:59.999000+00:00,1
2026-05-07 00:00:00+00:00,1.488,1.502,1.458,1.486,501602.0,2026-05-07 03:59:59.999000+00:00,1
2026-05-07 04:00:00+00:00,1.487,1.527,1.481,1.503,417032.8,2026-05-07 07:59:59.999000+00:00,1
2026-05-07 08:00:00+00:00,1.504,1.504,1.464,1.473,281523.1,2026-05-07 11:59:59.999000+00:00,1
2026-05-07 12:00:00+00:00,1.472,1.504,1.466,1.483,379149.4,2026-05-07 15:59:59.999000+00:00,1
2026-05-07 16:00:00+00:00,1.482,1.492,1.455,1.459,270460.5,2026-05-07 19:59:59.999000+00:00,1
2026-05-07 20:00:00+00:00,1.459,1.472,1.451,1.47,194382.2,2026-05-07 23:59:59.999000+00:00,1
2026-05-08 00:00:00+00:00,1.471,1.487,1.454,1.481,148395.3,2026-05-08 03:59:59.999000+00:00,1
2026-05-08 04:00:00+00:00,1.481,1.537,1.478,1.532,310126.1,2026-05-08 07:59:59.999000+00:00,1
2026-05-08 08:00:00+00:00,1.533,1.579,1.51,1.549,576607.4,2026-05-08 11:59:59.999000+00:00,1
2026-05-08 12:00:00+00:00,1.548,1.588,1.52,1.581,573435.8,2026-05-08 15:59:59.999000+00:00,1
2026-05-08 16:00:00+00:00,1.58,1.583,1.535,1.57,589574.1,2026-05-08 19:59:59.999000+00:00,1
2026-05-08 20:00:00+00:00,1.571,1.604,1.568,1.596,278536.5,2026-05-08 23:59:59.999000+00:00,1
2026-05-09 00:00:00+00:00,1.597,1.617,1.578,1.599,315352.2,2026-05-09 03:59:59.999000+00:00,1
2026-05-09 04:00:00+00:00,1.599,1.605,1.566,1.573,234200.6,2026-05-09 07:59:59.999000+00:00,1
2026-05-09 08:00:00+00:00,1.574,1.591,1.562,1.587,223349.2,2026-05-09 11:59:59.999000+00:00,1
2026-05-09 12:00:00+00:00,1.587,1.591,1.549,1.555,299365.6,2026-05-09 15:59:59.999000+00:00,1
2026-05-09 16:00:00+00:00,1.555,1.575,1.549,1.56,164700.8,2026-05-09 19:59:59.999000+00:00,1
2026-05-09 20:00:00+00:00,1.561,1.572,1.555,1.567,67610.7,2026-05-09 23:59:59.999000+00:00,1
2026-05-10 00:00:00+00:00,1.567,1.567,1.545,1.554,129241.0,2026-05-10 03:59:59.999000+00:00,1
2026-05-10 04:00:00+00:00,1.554,1.573,1.548,1.562,84161.4,2026-05-10 07:59:59.999000+00:00,1
2026-05-10 08:00:00+00:00,1.562,1.58,1.561,1.562,141497.6,2026-05-10 11:59:59.999000+00:00,1
2026-05-10 12:00:00+00:00,1.562,1.583,1.56,1.578,143318.0,2026-05-10 15:59:59.999000+00:00,1
2026-05-10 16:00:00+00:00,1.578,1.625,1.574,1.622,306169.0,2026-05-10 19:59:59.999000+00:00,1
2026-05-10 20:00:00+00:00,1.622,1.631,1.533,1.563,507340.5,2026-05-10 23:59:59.999000+00:00,1
2026-05-11 00:00:00+00:00,1.562,1.569,1.52,1.529,304324.6,2026-05-11 03:59:59.999000+00:00,1
2026-05-11 04:00:00+00:00,1.529,1.564,1.517,1.56,270088.6,2026-05-11 07:59:59.999000+00:00,1
2026-05-11 08:00:00+00:00,1.561,1.575,1.539,1.544,174177.7,2026-05-11 11:59:59.999000+00:00,1
2026-05-11 12:00:00+00:00,1.544,1.551,1.509,1.521,321996.7,2026-05-11 15:59:59.999000+00:00,1
2026-05-11 16:00:00+00:00,1.522,1.553,1.517,1.551,242626.4,2026-05-11 19:59:59.999000+00:00,1
2026-05-11 20:00:00+00:00,1.552,1.561,1.535,1.548,173159.8,2026-05-11 23:59:59.999000+00:00,1
2026-05-12 00:00:00+00:00,1.548,1.548,1.502,1.521,199435.6,2026-05-12 03:59:59.999000+00:00,1
2026-05-12 04:00:00+00:00,1.521,1.585,1.52,1.58,382776.1,2026-05-12 07:59:59.999000+00:00,1
2026-05-12 08:00:00+00:00,1.579,1.605,1.536,1.551,515830.7,2026-05-12 11:59:59.999000+00:00,1
2026-05-12 12:00:00+00:00,1.551,1.575,1.513,1.549,386301.1,2026-05-12 15:59:59.999000+00:00,1
2026-05-12 16:00:00+00:00,1.548,1.639,1.524,1.601,815452.5,2026-05-12 19:59:59.999000+00:00,1
2026-05-12 20:00:00+00:00,1.601,1.65,1.591,1.607,423188.5,2026-05-12 23:59:59.999000+00:00,1
2026-05-13 00:00:00+00:00,1.606,1.69,1.598,1.684,627929.4,2026-05-13 03:59:59.999000+00:00,1
2026-05-13 04:00:00+00:00,1.684,1.686,1.608,1.62,386538.7,2026-05-13 07:59:59.999000+00:00,1
2026-05-13 08:00:00+00:00,1.62,1.632,1.582,1.592,504124.8,2026-05-13 11:59:59.999000+00:00,1
2026-05-13 12:00:00+00:00,1.593,1.599,1.549,1.553,476007.9,2026-05-13 15:59:59.999000+00:00,1
2026-05-13 16:00:00+00:00,1.553,1.615,1.551,1.586,333571.7,2026-05-13 19:59:59.999000+00:00,1
2026-05-13 20:00:00+00:00,1.587,1.594,1.557,1.574,178907.0,2026-05-13 23:59:59.999000+00:00,1
2026-05-14 00:00:00+00:00,1.574,1.62,1.538,1.551,356256.8,2026-05-14 03:59:59.999000+00:00,1
2026-05-14 04:00:00+00:00,1.552,1.582,1.546,1.573,175817.0,2026-05-14 07:59:59.999000+00:00,1
2026-05-14 08:00:00+00:00,1.574,1.591,1.551,1.56,217354.2,2026-05-14 11:59:59.999000+00:00,1
2026-05-14 12:00:00+00:00,1.56,1.619,1.553,1.614,230067.6,2026-05-14 15:59:59.999000+00:00,1
2026-05-14 16:00:00+00:00,1.614,1.634,1.58,1.58,427996.7,2026-05-14 19:59:59.999000+00:00,1
2026-05-14 20:00:00+00:00,1.581,1.592,1.563,1.572,214121.2,2026-05-14 23:59:59.999000+00:00,1
2026-05-15 00:00:00+00:00,1.573,1.58,1.55,1.574,170034.4,2026-05-15 03:59:59.999000+00:00,1
2026-05-15 04:00:00+00:00,1.573,1.593,1.536,1.578,222755.0,2026-05-15 07:59:59.999000+00:00,1
2026-05-15 08:00:00+00:00,1.579,1.584,1.535,1.554,151772.3,2026-05-15 11:59:59.999000+00:00,1
2026-05-15 12:00:00+00:00,1.553,1.558,1.507,1.523,264073.9,2026-05-15 15:59:59.999000+00:00,1
2026-05-15 16:00:00+00:00,1.523,1.577,1.523,1.545,261089.6,2026-05-15 19:59:59.999000+00:00,1
2026-05-15 20:00:00+00:00,1.546,1.547,1.531,1.545,81187.0,2026-05-15 23:59:59.999000+00:00,1
2026-05-16 00:00:00+00:00,1.545,1.554,1.536,1.553,122370.0,2026-05-16 03:59:59.999000+00:00,1
2026-05-16 04:00:00+00:00,1.553,1.555,1.485,1.501,354672.9,2026-05-16 07:59:59.999000+00:00,1
2026-05-16 08:00:00+00:00,1.502,1.515,1.478,1.495,408670.7,2026-05-16 11:59:59.999000+00:00,1
2026-05-16 12:00:00+00:00,1.496,1.502,1.479,1.49,144376.7,2026-05-16 15:59:59.999000+00:00,1
2026-05-16 16:00:00+00:00,1.491,1.505,1.489,1.501,99723.9,2026-05-16 19:59:59.999000+00:00,1
2026-05-16 20:00:00+00:00,1.501,1.502,1.489,1.497,44398.1,2026-05-16 23:59:59.999000+00:00,1
2026-05-17 00:00:00+00:00,1.496,1.51,1.477,1.504,157080.1,2026-05-17 03:59:59.999000+00:00,1
2026-05-17 04:00:00+00:00,1.504,1.538,1.502,1.531,156978.3,2026-05-17 07:59:59.999000+00:00,1
2026-05-17 08:00:00+00:00,1.532,1.559,1.523,1.552,189476.0,2026-05-17 11:59:59.999000+00:00,1
2026-05-17 12:00:00+00:00,1.552,1.557,1.518,1.524,146171.1,2026-05-17 15:59:59.999000+00:00,1
2026-05-17 16:00:00+00:00,1.525,1.533,1.51,1.526,160971.0,2026-05-17 19:59:59.999000+00:00,1
2026-05-17 20:00:00+00:00,1.525,1.549,1.465,1.507,378248.1,2026-05-17 23:59:59.999000+00:00,1
2026-05-18 00:00:00+00:00,1.507,1.521,1.488,1.501,257205.0,2026-05-18 03:59:59.999000+00:00,1
2026-05-18 04:00:00+00:00,1.501,1.514,1.479,1.483,266899.0,2026-05-18 07:59:59.999000+00:00,1
2026-05-18 08:00:00+00:00,1.483,1.529,1.477,1.52,276987.5,2026-05-18 11:59:59.999000+00:00,1
2026-05-18 12:00:00+00:00,1.52,1.534,1.485,1.514,269210.6,2026-05-18 15:59:59.999000+00:00,1
2026-05-18 16:00:00+00:00,1.514,1.586,1.509,1.575,429935.4,2026-05-18 19:59:59.999000+00:00,1
2026-05-18 20:00:00+00:00,1.575,1.63,1.574,1.626,568424.8,2026-05-18 23:59:59.999000+00:00,1
2026-05-19 00:00:00+00:00,1.626,1.641,1.602,1.609,491535.8,2026-05-19 03:59:59.999000+00:00,1
2026-05-19 04:00:00+00:00,1.61,1.668,1.591,1.655,502846.3,2026-05-19 07:59:59.999000+00:00,1
2026-05-19 08:00:00+00:00,1.655,1.659,1.58,1.596,433714.2,2026-05-19 11:59:59.999000+00:00,1
2026-05-19 12:00:00+00:00,1.597,1.634,1.593,1.622,493821.5,2026-05-19 15:59:59.999000+00:00,1
2026-05-19 16:00:00+00:00,1.621,1.688,1.617,1.626,728980.9,2026-05-19 19:59:59.999000+00:00,1
2026-05-19 20:00:00+00:00,1.627,1.634,1.598,1.602,260667.2,2026-05-19 23:59:59.999000+00:00,1
2026-05-20 00:00:00+00:00,1.603,1.606,1.579,1.594,236106.9,2026-05-20 03:59:59.999000+00:00,1
2026-05-20 04:00:00+00:00,1.594,1.671,1.593,1.649,609378.0,2026-05-20 07:59:59.999000+00:00,1
2026-05-20 08:00:00+00:00,1.649,1.659,1.633,1.639,234701.7,2026-05-20 11:59:59.999000+00:00,1
2026-05-20 12:00:00+00:00,1.638,1.711,1.625,1.687,649002.2,2026-05-20 15:59:59.999000+00:00,1
2026-05-20 16:00:00+00:00,1.687,1.702,1.658,1.688,471657.7,2026-05-20 19:59:59.999000+00:00,1
2026-05-20 20:00:00+00:00,1.687,1.728,1.673,1.701,347206.1,2026-05-20 23:59:59.999000+00:00,1
2026-05-21 00:00:00+00:00,1.701,1.758,1.693,1.737,460135.8,2026-05-21 03:59:59.999000+00:00,1
2026-05-21 04:00:00+00:00,1.736,1.782,1.701,1.722,540935.2,2026-05-21 07:59:59.999000+00:00,1
2026-05-21 08:00:00+00:00,1.723,1.787,1.72,1.738,483573.0,2026-05-21 11:59:59.999000+00:00,1
2026-05-21 12:00:00+00:00,1.738,1.829,1.72,1.806,961697.1,2026-05-21 15:59:59.999000+00:00,1
2026-05-21 16:00:00+00:00,1.805,1.933,1.762,1.92,1402780.0,2026-05-21 19:59:59.999000+00:00,1
2026-05-21 20:00:00+00:00,1.921,1.963,1.91,1.926,1042077.5,2026-05-21 23:59:59.999000+00:00,1
2026-05-22 00:00:00+00:00,1.926,2.134,1.916,2.119,2882191.0,2026-05-22 03:59:59.999000+00:00,1
2026-05-22 04:00:00+00:00,2.119,2.254,2.103,2.24,5153724.4,2026-05-22 07:59:59.999000+00:00,1
2026-05-22 08:00:00+00:00,2.24,2.307,2.196,2.23,4216657.8,2026-05-22 11:59:59.999000+00:00,1
2026-05-22 12:00:00+00:00,2.231,2.336,2.185,2.198,4266796.6,2026-05-22 15:59:59.999000+00:00,1
2026-05-22 16:00:00+00:00,2.198,2.241,2.097,2.114,2623521.2,2026-05-22 19:59:59.999000+00:00,1
2026-05-22 20:00:00+00:00,2.115,2.137,2.051,2.1,1575263.3,2026-05-22 23:59:59.999000+00:00,1
2026-05-23 00:00:00+00:00,2.101,2.134,2.064,2.111,1645073.4,2026-05-23 03:59:59.999000+00:00,1
2026-05-23 04:00:00+00:00,2.112,2.115,2.017,2.027,1350707.8,2026-05-23 07:59:59.999000+00:00,1
2026-05-23 08:00:00+00:00,2.026,2.101,2.009,2.078,1084501.2,2026-05-23 11:59:59.999000+00:00,1
2026-05-23 12:00:00+00:00,2.078,2.275,2.037,2.258,2083493.2,2026-05-23 15:59:59.999000+00:00,1
2026-05-23 16:00:00+00:00,2.258,2.474,2.236,2.387,4354174.6,2026-05-23 19:59:59.999000+00:00,1
2026-05-23 20:00:00+00:00,2.386,2.472,2.338,2.452,2106301.2,2026-05-23 23:59:59.999000+00:00,1
2026-05-24 00:00:00+00:00,2.451,2.464,2.358,2.387,1393828.7,2026-05-24 03:59:59.999000+00:00,1
2026-05-24 04:00:00+00:00,2.388,2.436,2.33,2.387,1621472.8,2026-05-24 07:59:59.999000+00:00,1
2026-05-24 08:00:00+00:00,2.387,2.403,2.334,2.399,840536.6,2026-05-24 11:59:59.999000+00:00,1
2026-05-24 12:00:00+00:00,2.398,2.508,2.353,2.437,2754953.1,2026-05-24 15:59:59.999000+00:00,1
2026-05-24 16:00:00+00:00,2.436,2.471,2.389,2.425,1281858.6,2026-05-24 19:59:59.999000+00:00,1
2026-05-24 20:00:00+00:00,2.425,2.507,2.368,2.393,1182804.7,2026-05-24 23:59:59.999000+00:00,1
2026-05-25 00:00:00+00:00,2.394,2.425,2.334,2.346,1041110.7,2026-05-25 03:59:59.999000+00:00,1
2026-05-25 04:00:00+00:00,2.347,2.415,2.339,2.381,770335.3,2026-05-25 07:59:59.999000+00:00,1
2026-05-25 08:00:00+00:00,2.382,2.472,2.364,2.438,1236271.8,2026-05-25 11:59:59.999000+00:00,1
2026-05-25 12:00:00+00:00,2.439,2.718,2.427,2.711,4237897.7,2026-05-25 15:59:59.999000+00:00,1
2026-05-25 16:00:00+00:00,2.712,2.819,2.668,2.754,2220462.0,2026-05-25 19:59:59.999000+00:00,1
2026-05-25 20:00:00+00:00,2.754,2.804,2.717,2.769,1006029.6,2026-05-25 23:59:59.999000+00:00,1
2026-05-26 00:00:00+00:00,2.768,2.772,2.665,2.722,1759567.8,2026-05-26 03:59:59.999000+00:00,1
2026-05-26 04:00:00+00:00,2.721,2.8,2.701,2.717,1489788.8,2026-05-26 07:59:59.999000+00:00,1
2026-05-26 08:00:00+00:00,2.718,2.977,2.677,2.85,3054734.3,2026-05-26 11:59:59.999000+00:00,1
2026-05-26 12:00:00+00:00,2.85,2.912,2.732,2.762,3119013.0,2026-05-26 15:59:59.999000+00:00,1
2026-05-26 16:00:00+00:00,2.762,2.762,2.588,2.652,1655546.7,2026-05-26 19:59:59.999000+00:00,1
2026-05-26 20:00:00+00:00,2.652,2.675,2.524,2.551,842494.6,2026-05-26 23:59:59.999000+00:00,1
2026-05-27 00:00:00+00:00,2.551,2.602,2.462,2.489,1256402.8,2026-05-27 03:59:59.999000+00:00,1
2026-05-27 04:00:00+00:00,2.489,2.548,2.457,2.52,1086203.2,2026-05-27 07:59:59.999000+00:00,1
2026-05-27 08:00:00+00:00,2.519,2.577,2.455,2.521,1319580.2,2026-05-27 11:59:59.999000+00:00,1
2026-05-27 12:00:00+00:00,2.521,2.623,2.497,2.578,1423264.7,2026-05-27 15:59:59.999000+00:00,1
2026-05-27 16:00:00+00:00,2.577,2.736,2.507,2.669,1338020.7,2026-05-27 19:59:59.999000+00:00,1
2026-05-27 20:00:00+00:00,2.669,2.671,2.471,2.489,1103846.1,2026-05-27 23:59:59.999000+00:00,1
2026-05-28 00:00:00+00:00,2.488,2.507,2.367,2.384,1242423.6,2026-05-28 03:59:59.999000+00:00,1
2026-05-28 04:00:00+00:00,2.384,2.437,2.362,2.414,1385872.6,2026-05-28 07:59:59.999000+00:00,1
2026-05-28 08:00:00+00:00,2.415,2.427,2.366,2.386,731714.5,2026-05-28 11:59:59.999000+00:00,1
2026-05-28 12:00:00+00:00,2.386,2.388,2.269,2.301,2313663.2,2026-05-28 15:59:59.999000+00:00,1
2026-05-28 16:00:00+00:00,2.301,2.435,2.29,2.389,1069097.0,2026-05-28 19:59:59.999000+00:00,1
2026-05-28 20:00:00+00:00,2.389,2.474,2.355,2.417,661230.2,2026-05-28 23:59:59.999000+00:00,1
2026-05-29 00:00:00+00:00,2.417,2.565,2.416,2.454,1576239.3,2026-05-29 03:59:59.999000+00:00,1
2026-05-29 04:00:00+00:00,2.455,2.577,2.441,2.496,905590.2,2026-05-29 07:59:59.999000+00:00,1
2026-05-29 08:00:00+00:00,2.496,2.551,2.471,2.484,959565.4,2026-05-29 11:59:59.999000+00:00,1
2026-05-29 12:00:00+00:00,2.485,2.604,2.406,2.551,1759995.9,2026-05-29 15:59:59.999000+00:00,1
2026-05-29 16:00:00+00:00,2.551,2.632,2.512,2.536,1378517.3,2026-05-29 19:59:59.999000+00:00,1
2026-05-29 20:00:00+00:00,2.537,2.564,2.359,2.377,915395.2,2026-05-29 23:59:59.999000+00:00,1
2026-05-30 00:00:00+00:00,2.377,2.402,2.35,2.354,768568.3,2026-05-30 03:59:59.999000+00:00,1
2026-05-30 04:00:00+00:00,2.355,2.401,2.246,2.396,1260245.6,2026-05-30 07:59:59.999000+00:00,1
2026-05-30 08:00:00+00:00,2.397,2.442,2.382,2.412,632205.0,2026-05-30 11:59:59.999000+00:00,1
2026-05-30 12:00:00+00:00,2.413,2.43,2.325,2.339,797183.3,2026-05-30 15:59:59.999000+00:00,1
2026-05-30 16:00:00+00:00,2.339,2.36,2.272,2.302,727004.5,2026-05-30 19:59:59.999000+00:00,1
2026-05-30 20:00:00+00:00,2.302,2.324,2.226,2.249,564498.4,2026-05-30 23:59:59.999000+00:00,1
2026-05-31 00:00:00+00:00,2.249,2.284,2.228,2.276,588698.6,2026-05-31 03:59:59.999000+00:00,1
2026-05-31 04:00:00+00:00,2.276,2.346,2.269,2.303,698063.2,2026-05-31 07:59:59.999000+00:00,1
2026-05-31 08:00:00+00:00,2.303,2.314,2.237,2.272,566644.6,2026-05-31 11:59:59.999000+00:00,1
2026-05-31 12:00:00+00:00,2.271,2.351,2.266,2.315,785795.1,2026-05-31 15:59:59.999000+00:00,1
2026-05-31 16:00:00+00:00,2.315,2.319,2.215,2.245,603360.3,2026-05-31 19:59:59.999000+00:00,1
2026-05-31 20:00:00+00:00,2.246,2.358,2.239,2.319,600963.1,2026-05-31 23:59:59.999000+00:00,1
2026-06-01 00:00:00+00:00,2.319,2.418,2.258,2.377,1049378.6,2026-06-01 03:59:59.999000+00:00,1
2026-06-01 04:00:00+00:00,2.377,2.395,2.285,2.306,928926.6,2026-06-01 07:59:59.999000+00:00,1
2026-06-01 08:00:00+00:00,2.306,2.369,2.284,2.317,932487.0,2026-06-01 11:59:59.999000+00:00,1
2026-06-01 12:00:00+00:00,2.318,2.449,2.293,2.406,2325198.3,2026-06-01 15:59:59.999000+00:00,1
2026-06-01 16:00:00+00:00,2.406,2.65,2.378,2.613,2091203.4,2026-06-01 19:59:59.999000+00:00,1
2026-06-01 20:00:00+00:00,2.613,2.711,2.568,2.637,1375142.3,2026-06-01 23:59:59.999000+00:00,1
2026-06-02 00:00:00+00:00,2.637,2.753,2.56,2.731,1586079.0,2026-06-02 03:59:59.999000+00:00,1
2026-06-02 04:00:00+00:00,2.73,2.758,2.565,2.599,1163423.1,2026-06-02 07:59:59.999000+00:00,1
2026-06-02 08:00:00+00:00,2.599,2.715,2.589,2.671,1145399.8,2026-06-02 11:59:59.999000+00:00,1
2026-06-02 12:00:00+00:00,2.67,2.735,2.458,2.484,1982939.4,2026-06-02 15:59:59.999000+00:00,1
2026-06-02 16:00:00+00:00,2.484,2.655,2.455,2.628,1358126.1,2026-06-02 19:59:59.999000+00:00,1
2026-06-02 20:00:00+00:00,2.628,2.777,2.535,2.626,1452683.4,2026-06-02 23:59:59.999000+00:00,1
2026-06-03 00:00:00+00:00,2.627,2.77,2.626,2.681,1418602.6,2026-06-03 03:59:59.999000+00:00,1
2026-06-03 04:00:00+00:00,2.681,2.896,2.678,2.856,1523711.5,2026-06-03 07:59:59.999000+00:00,1
2026-06-03 08:00:00+00:00,2.856,2.974,2.816,2.948,1659261.2,2026-06-03 11:59:59.999000+00:00,1
2026-06-03 12:00:00+00:00,2.948,3.087,2.9,2.942,2704264.3,2026-06-03 15:59:59.999000+00:00,1
2026-06-03 16:00:00+00:00,2.943,2.953,2.77,2.852,1944971.7,2026-06-03 19:59:59.999000+00:00,1
2026-06-03 20:00:00+00:00,2.851,2.938,2.774,2.816,855053.0,2026-06-03 23:59:59.999000+00:00,1
2026-06-04 00:00:00+00:00,2.815,2.853,2.631,2.729,1861979.7,2026-06-04 03:59:59.999000+00:00,1
2026-06-04 04:00:00+00:00,2.728,2.754,2.377,2.403,2532585.0,2026-06-04 07:59:59.999000+00:00,1
2026-06-04 08:00:00+00:00,2.403,2.446,2.292,2.446,2488670.7,2026-06-04 11:59:59.999000+00:00,1
2026-06-04 12:00:00+00:00,2.446,2.487,2.341,2.39,1984362.3,2026-06-04 15:59:59.999000+00:00,1
2026-06-04 16:00:00+00:00,2.389,2.483,2.324,2.345,1196415.8,2026-06-04 19:59:59.999000+00:00,1
2026-06-04 20:00:00+00:00,2.345,2.348,2.172,2.197,1403842.4,2026-06-04 23:59:59.999000+00:00,1
2026-06-05 00:00:00+00:00,2.197,2.3,2.089,2.126,1922534.0,2026-06-05 03:59:59.999000+00:00,1
2026-06-05 04:00:00+00:00,2.126,2.235,1.987,2.099,2515198.3,2026-06-05 07:59:59.999000+00:00,1
2026-06-05 08:00:00+00:00,2.1,2.116,1.995,2.018,1200675.4,2026-06-05 11:59:59.999000+00:00,1
2026-06-05 12:00:00+00:00,2.017,2.082,1.906,1.919,1787070.0,2026-06-05 15:59:59.999000+00:00,1
2026-06-05 16:00:00+00:00,1.918,2.004,1.839,1.973,2135642.5,2026-06-05 19:59:59.999000+00:00,1
2026-06-05 20:00:00+00:00,1.973,2.045,1.933,1.967,893889.5,2026-06-05 23:59:59.999000+00:00,1
2026-06-06 00:00:00+00:00,1.967,2.005,1.939,1.945,665882.0,2026-06-06 03:59:59.999000+00:00,1
2026-06-06 04:00:00+00:00,1.945,1.972,1.828,1.935,1346308.8,2026-06-06 07:59:59.999000+00:00,1
2026-06-06 08:00:00+00:00,1.935,1.95,1.854,1.916,819074.6,2026-06-06 11:59:59.999000+00:00,1
2026-06-06 12:00:00+00:00,1.916,1.919,1.826,1.885,745724.3,2026-06-06 15:59:59.999000+00:00,1
2026-06-06 16:00:00+00:00,1.885,1.917,1.848,1.858,501095.8,2026-06-06 19:59:59.999000+00:00,1
2026-06-06 20:00:00+00:00,1.858,1.892,1.845,1.857,434921.3,2026-06-06 23:59:59.999000+00:00,1
2026-06-07 00:00:00+00:00,1.857,1.953,1.815,1.849,1515093.9,2026-06-07 03:59:59.999000+00:00,1
2026-06-07 04:00:00+00:00,1.848,1.95,1.835,1.909,983370.8,2026-06-07 07:59:59.999000+00:00,1
2026-06-07 08:00:00+00:00,1.909,1.961,1.88,1.917,831413.2,2026-06-07 11:59:59.999000+00:00,1
2026-06-07 12:00:00+00:00,1.917,2.06,1.856,2.021,1567798.2,2026-06-07 15:59:59.999000+00:00,1
2026-06-07 16:00:00+00:00,2.022,2.1,1.959,1.966,1591832.7,2026-06-07 19:59:59.999000+00:00,1
2026-06-07 20:00:00+00:00,1.965,2.103,1.954,2.058,1003964.1,2026-06-07 23:59:59.999000+00:00,1
2026-06-08 00:00:00+00:00,2.058,2.109,2.013,2.073,982587.0,2026-06-08 03:59:59.999000+00:00,1
2026-06-08 04:00:00+00:00,2.074,2.196,2.017,2.142,1347120.6,2026-06-08 07:59:59.999000+00:00,1
2026-06-08 08:00:00+00:00,2.141,2.185,2.102,2.122,1102712.7,2026-06-08 11:59:59.999000+00:00,1
2026-06-08 12:00:00+00:00,2.122,2.23,2.092,2.212,1457743.1,2026-06-08 15:59:59.999000+00:00,1
2026-06-08 16:00:00+00:00,2.212,2.264,2.167,2.188,1039862.2,2026-06-08 19:59:59.999000+00:00,1
2026-06-08 20:00:00+00:00,2.188,2.204,2.116,2.128,702417.6,2026-06-08 23:59:59.999000+00:00,1
2026-06-09 00:00:00+00:00,2.128,2.138,2.043,2.049,755959.5,2026-06-09 03:59:59.999000+00:00,1
2026-06-09 04:00:00+00:00,2.049,2.202,2.045,2.179,689586.8,2026-06-09 07:59:59.999000+00:00,1
2026-06-09 08:00:00+00:00,2.179,2.2,2.125,2.157,558052.4,2026-06-09 11:59:59.999000+00:00,1
2026-06-09 12:00:00+00:00,2.156,2.189,2.047,2.076,901643.5,2026-06-09 15:59:59.999000+00:00,1
2026-06-09 16:00:00+00:00,2.075,2.218,2.031,2.217,868934.5,2026-06-09 19:59:59.999000+00:00,1
2026-06-09 20:00:00+00:00,2.218,2.26,2.141,2.15,574720.1,2026-06-09 23:59:59.999000+00:00,1
2026-06-10 00:00:00+00:00,2.15,2.204,2.113,2.133,673909.3,2026-06-10 03:59:59.999000+00:00,1
2026-06-10 04:00:00+00:00,2.133,2.148,1.993,2.08,936420.7,2026-06-10 07:59:59.999000+00:00,1
2026-06-10 08:00:00+00:00,2.081,2.1,2.029,2.038,610797.0,2026-06-10 11:59:59.999000+00:00,1
2026-06-10 12:00:00+00:00,2.038,2.175,2.024,2.092,987071.7,2026-06-10 15:59:59.999000+00:00,1
2026-06-10 16:00:00+00:00,2.093,2.111,2.004,2.007,482231.9,2026-06-10 19:59:59.999000+00:00,1
2026-06-10 20:00:00+00:00,2.008,2.023,1.926,1.967,572411.3,2026-06-10 23:59:59.999000+00:00,1
2026-06-11 00:00:00+00:00,1.968,2.048,1.947,2.025,626981.8,2026-06-11 03:59:59.999000+00:00,1
2026-06-11 04:00:00+00:00,2.025,2.082,2.007,2.037,478711.4,2026-06-11 07:59:59.999000+00:00,1
2026-06-11 08:00:00+00:00,2.037,2.077,1.986,2.062,695761.9,2026-06-11 11:59:59.999000+00:00,1
2026-06-11 12:00:00+00:00,2.062,2.068,1.982,2.01,546027.4,2026-06-11 15:59:59.999000+00:00,1
2026-06-11 16:00:00+00:00,2.01,2.079,1.958,2.038,741628.6,2026-06-11 19:59:59.999000+00:00,1
2026-06-11 20:00:00+00:00,2.039,2.117,2.013,2.064,413357.7,2026-06-11 23:59:59.999000+00:00,1
2026-06-12 00:00:00+00:00,2.064,2.106,2.031,2.08,299071.8,2026-06-12 03:59:59.999000+00:00,1
2026-06-12 04:00:00+00:00,2.081,2.131,2.017,2.087,742985.6,2026-06-12 07:59:59.999000+00:00,1
2026-06-12 08:00:00+00:00,2.087,2.154,2.076,2.091,586449.9,2026-06-12 11:59:59.999000+00:00,1
2026-06-12 12:00:00+00:00,2.091,2.125,2.031,2.036,702652.2,2026-06-12 15:59:59.999000+00:00,1
2026-06-12 16:00:00+00:00,2.036,2.069,2.003,2.005,398367.2,2026-06-12 19:59:59.999000+00:00,1
2026-06-12 20:00:00+00:00,2.005,2.019,1.976,2.01,302129.0,2026-06-12 23:59:59.999000+00:00,1
2026-06-13 00:00:00+00:00,2.009,2.033,1.994,2.012,329646.3,2026-06-13 03:59:59.999000+00:00,1
2026-06-13 04:00:00+00:00,2.012,2.055,1.987,2.025,462727.5,2026-06-13 07:59:59.999000+00:00,1
2026-06-13 08:00:00+00:00,2.025,2.046,2.012,2.041,273441.3,2026-06-13 11:59:59.999000+00:00,1
2026-06-13 12:00:00+00:00,2.04,2.183,2.037,2.177,725652.1,2026-06-13 15:59:59.999000+00:00,1
2026-06-13 16:00:00+00:00,2.177,2.185,2.084,2.104,845557.8,2026-06-13 19:59:59.999000+00:00,1
2026-06-13 20:00:00+00:00,2.104,2.141,2.079,2.128,284172.1,2026-06-13 23:59:59.999000+00:00,1
2026-06-14 00:00:00+00:00,2.128,2.173,2.109,2.138,400267.7,2026-06-14 03:59:59.999000+00:00,1
2026-06-14 04:00:00+00:00,2.138,2.142,2.087,2.1,307021.4,2026-06-14 07:59:59.999000+00:00,1
2026-06-14 08:00:00+00:00,2.101,2.131,2.084,2.108,303249.0,2026-06-14 11:59:59.999000+00:00,1
2026-06-14 12:00:00+00:00,2.108,2.113,2.061,2.068,420339.9,2026-06-14 15:59:59.999000+00:00,1
2026-06-14 16:00:00+00:00,2.068,2.11,2.066,2.101,295891.9,2026-06-14 19:59:59.999000+00:00,1
2026-06-14 20:00:00+00:00,2.102,2.235,2.099,2.216,637930.1,2026-06-14 23:59:59.999000+00:00,1
2026-06-15 00:00:00+00:00,2.216,2.318,2.208,2.316,596613.5,2026-06-15 03:59:59.999000+00:00,1
2026-06-15 04:00:00+00:00,2.317,2.411,2.314,2.374,1099835.2,2026-06-15 07:59:59.999000+00:00,1
2026-06-15 08:00:00+00:00,2.374,2.5,2.347,2.493,1157551.8,2026-06-15 11:59:59.999000+00:00,1
2026-06-15 12:00:00+00:00,2.494,2.543,2.44,2.488,1202660.9,2026-06-15 15:59:59.999000+00:00,1
2026-06-15 16:00:00+00:00,2.488,2.534,2.459,2.467,640855.3,2026-06-15 19:59:59.999000+00:00,1
2026-06-15 20:00:00+00:00,2.467,2.491,2.365,2.392,526304.2,2026-06-15 23:59:59.999000+00:00,1
2026-06-16 00:00:00+00:00,2.391,2.427,2.337,2.397,567985.7,2026-06-16 03:59:59.999000+00:00,1
2026-06-16 04:00:00+00:00,2.397,2.463,2.366,2.451,536063.4,2026-06-16 07:59:59.999000+00:00,1
2026-06-16 08:00:00+00:00,2.451,2.562,2.423,2.439,943696.0,2026-06-16 11:59:59.999000+00:00,1
2026-06-16 12:00:00+00:00,2.439,2.455,2.307,2.336,873235.7,2026-06-16 15:59:59.999000+00:00,1
2026-06-16 16:00:00+00:00,2.336,2.359,2.281,2.302,451648.8,2026-06-16 19:59:59.999000+00:00,1
2026-06-16 20:00:00+00:00,2.301,2.384,2.297,2.307,396465.0,2026-06-16 23:59:59.999000+00:00,1
2026-06-17 00:00:00+00:00,2.307,2.357,2.302,2.315,407152.2,2026-06-17 03:59:59.999000+00:00,1
2026-06-17 04:00:00+00:00,2.316,2.346,2.26,2.315,467462.5,2026-06-17 07:59:59.999000+00:00,1
2026-06-17 08:00:00+00:00,2.315,2.32,2.257,2.285,411717.4,2026-06-17 11:59:59.999000+00:00,1
2026-06-17 12:00:00+00:00,2.285,2.383,2.272,2.38,651905.3,2026-06-17 15:59:59.999000+00:00,1
2026-06-17 16:00:00+00:00,2.379,2.388,2.228,2.236,965624.4,2026-06-17 19:59:59.999000+00:00,1
2026-06-17 20:00:00+00:00,2.236,2.278,2.172,2.181,604504.7,2026-06-17 23:59:59.999000+00:00,1
2026-06-18 00:00:00+00:00,2.182,2.245,2.176,2.205,335761.3,2026-06-18 03:59:59.999000+00:00,1
2026-06-18 04:00:00+00:00,2.205,2.221,2.147,2.216,538880.2,2026-06-18 07:59:59.999000+00:00,1
2026-06-18 08:00:00+00:00,2.216,2.237,2.186,2.203,440218.2,2026-06-18 11:59:59.999000+00:00,1
2026-06-18 12:00:00+00:00,2.204,2.3,2.166,2.178,1007941.2,2026-06-18 15:59:59.999000+00:00,1
2026-06-18 16:00:00+00:00,2.177,2.229,2.126,2.197,895277.8,2026-06-18 19:59:59.999000+00:00,1
2026-06-18 20:00:00+00:00,2.198,2.239,2.182,2.237,340868.7,2026-06-18 23:59:59.999000+00:00,1
2026-06-19 00:00:00+00:00,2.237,2.254,2.102,2.132,619126.8,2026-06-19 03:59:59.999000+00:00,1
2026-06-19 04:00:00+00:00,2.133,2.153,2.095,2.118,456461.3,2026-06-19 07:59:59.999000+00:00,1
2026-06-19 08:00:00+00:00,2.119,2.15,2.097,2.1,263409.6,2026-06-19 11:59:59.999000+00:00,1
2026-06-19 12:00:00+00:00,2.101,2.178,2.084,2.163,476407.6,2026-06-19 15:59:59.999000+00:00,1
2026-06-19 16:00:00+00:00,2.164,2.182,2.117,2.121,312350.1,2026-06-19 19:59:59.999000+00:00,1
2026-06-19 20:00:00+00:00,2.122,2.193,2.121,2.186,240536.2,2026-06-19 23:59:59.999000+00:00,1
2026-06-20 00:00:00+00:00,2.185,2.191,2.149,2.158,230862.6,2026-06-20 03:59:59.999000+00:00,1
2026-06-20 04:00:00+00:00,2.159,2.19,2.135,2.138,262973.2,2026-06-20 07:59:59.999000+00:00,1
2026-06-20 08:00:00+00:00,2.138,2.159,2.12,2.133,223775.7,2026-06-20 11:59:59.999000+00:00,1
2026-06-20 12:00:00+00:00,2.132,2.179,2.097,2.162,539954.7,2026-06-20 15:59:59.999000+00:00,1
2026-06-20 16:00:00+00:00,2.162,2.197,2.133,2.152,337969.9,2026-06-20 19:59:59.999000+00:00,1
2026-06-20 20:00:00+00:00,2.153,2.203,2.145,2.192,220558.8,2026-06-20 23:59:59.999000+00:00,1
2026-06-21 00:00:00+00:00,2.192,2.226,2.164,2.206,266502.8,2026-06-21 03:59:59.999000+00:00,1
2026-06-21 04:00:00+00:00,2.206,2.249,2.186,2.216,260166.7,2026-06-21 07:59:59.999000+00:00,1
2026-06-21 08:00:00+00:00,2.216,2.278,2.199,2.234,596001.0,2026-06-21 11:59:59.999000+00:00,1
2026-06-21 12:00:00+00:00,2.233,2.235,2.157,2.202,437669.7,2026-06-21 15:59:59.999000+00:00,1
2026-06-21 16:00:00+00:00,2.201,2.204,2.143,2.18,278546.8,2026-06-21 19:59:59.999000+00:00,1
2026-06-21 20:00:00+00:00,2.18,2.18,2.088,2.1,433428.4,2026-06-21 23:59:59.999000+00:00,1
2026-06-22 00:00:00+00:00,2.101,2.184,2.094,2.14,368609.6,2026-06-22 03:59:59.999000+00:00,1
2026-06-22 04:00:00+00:00,2.14,2.197,2.127,2.17,238356.5,2026-06-22 07:59:59.999000+00:00,1
2026-06-22 08:00:00+00:00,2.171,2.172,2.132,2.165,256564.5,2026-06-22 11:59:59.999000+00:00,1
2026-06-22 12:00:00+00:00,2.165,2.189,2.107,2.119,453803.7,2026-06-22 15:59:59.999000+00:00,1
2026-06-22 16:00:00+00:00,2.118,2.139,2.1,2.11,288377.1,2026-06-22 19:59:59.999000+00:00,1
2026-06-22 20:00:00+00:00,2.11,2.149,2.055,2.066,511239.6,2026-06-22 23:59:59.999000+00:00,1
2026-06-23 00:00:00+00:00,2.066,2.068,2.019,2.061,401603.1,2026-06-23 03:59:59.999000+00:00,1
2026-06-23 04:00:00+00:00,2.061,2.067,2.001,2.016,431844.3,2026-06-23 07:59:59.999000+00:00,1
2026-06-23 08:00:00+00:00,2.017,2.023,1.961,2.009,381427.2,2026-06-23 11:59:59.999000+00:00,1
2026-06-23 12:00:00+00:00,2.01,2.012,1.968,1.977,330576.9,2026-06-23 15:59:59.999000+00:00,1
2026-06-23 16:00:00+00:00,1.977,2.005,1.961,1.98,247080.1,2026-06-23 19:59:59.999000+00:00,1
2026-06-23 20:00:00+00:00,1.98,2.001,1.97,1.98,133225.7,2026-06-23 23:59:59.999000+00:00,1
2026-06-24 00:00:00+00:00,1.981,2.003,1.954,1.969,225180.6,2026-06-24 03:59:59.999000+00:00,1
2026-06-24 04:00:00+00:00,1.969,1.989,1.948,1.954,188220.9,2026-06-24 07:59:59.999000+00:00,1
2026-06-24 08:00:00+00:00,1.954,1.983,1.937,1.972,186708.6,2026-06-24 11:59:59.999000+00:00,1
2026-06-24 12:00:00+00:00,1.973,1.979,1.894,1.913,445170.4,2026-06-24 15:59:59.999000+00:00,1
2026-06-24 16:00:00+00:00,1.912,1.931,1.857,1.906,611492.3,2026-06-24 19:59:59.999000+00:00,1
2026-06-24 20:00:00+00:00,1.906,1.98,1.901,1.964,303685.6,2026-06-24 23:59:59.999000+00:00,1
2026-06-25 00:00:00+00:00,1.965,1.972,1.934,1.941,120652.5,2026-06-25 03:59:59.999000+00:00,1
2026-06-25 04:00:00+00:00,1.941,1.976,1.927,1.968,204813.8,2026-06-25 07:59:59.999000+00:00,1
2026-06-25 08:00:00+00:00,1.968,1.971,1.901,1.904,297975.6,2026-06-25 11:59:59.999000+00:00,1
2026-06-25 12:00:00+00:00,1.903,1.949,1.804,1.862,1173844.1,2026-06-25 15:59:59.999000+00:00,1
2026-06-25 16:00:00+00:00,1.862,1.889,1.821,1.832,360136.9,2026-06-25 19:59:59.999000+00:00,1
2026-06-25 20:00:00+00:00,1.833,1.858,1.776,1.832,476567.4,2026-06-25 23:59:59.999000+00:00,1
2026-06-26 00:00:00+00:00,1.833,1.842,1.756,1.824,502605.0,2026-06-26 03:59:59.999000+00:00,1
2026-06-26 04:00:00+00:00,1.824,1.863,1.796,1.848,377575.7,2026-06-26 07:59:59.999000+00:00,1
2026-06-26 08:00:00+00:00,1.848,1.851,1.777,1.788,341083.9,2026-06-26 11:59:59.999000+00:00,1
2026-06-26 12:00:00+00:00,1.789,1.816,1.751,1.801,617266.3,2026-06-26 15:59:59.999000+00:00,1
2026-06-26 16:00:00+00:00,1.801,1.838,1.788,1.805,473270.8,2026-06-26 19:59:59.999000+00:00,1
2026-06-26 20:00:00+00:00,1.805,1.828,1.779,1.803,434052.9,2026-06-26 23:59:59.999000+00:00,1
2026-06-27 00:00:00+00:00,1.803,1.835,1.788,1.807,235312.3,2026-06-27 03:59:59.999000+00:00,1
2026-06-27 04:00:00+00:00,1.807,1.819,1.795,1.81,219496.0,2026-06-27 07:59:59.999000+00:00,1
2026-06-27 08:00:00+00:00,1.811,1.822,1.791,1.821,143350.2,2026-06-27 11:59:59.999000+00:00,1
2026-06-27 12:00:00+00:00,1.821,1.901,1.809,1.891,418980.6,2026-06-27 15:59:59.999000+00:00,1
2026-06-27 16:00:00+00:00,1.891,1.929,1.833,1.859,653308.5,2026-06-27 19:59:59.999000+00:00,1
2026-06-27 20:00:00+00:00,1.859,1.911,1.854,1.867,296712.1,2026-06-27 23:59:59.999000+00:00,1
2026-06-28 00:00:00+00:00,1.867,1.942,1.866,1.908,482429.2,2026-06-28 03:59:59.999000+00:00,1
2026-06-28 04:00:00+00:00,1.908,1.908,1.84,1.873,397126.6,2026-06-28 07:59:59.999000+00:00,1
2026-06-28 08:00:00+00:00,1.872,1.891,1.846,1.868,293164.0,2026-06-28 11:59:59.999000+00:00,1
2026-06-28 12:00:00+00:00,1.868,1.884,1.847,1.864,367577.5,2026-06-28 15:59:59.999000+00:00,1
2026-06-28 16:00:00+00:00,1.864,1.871,1.811,1.825,381530.1,2026-06-28 19:59:59.999000+00:00,1
2026-06-28 20:00:00+00:00,1.825,1.853,1.804,1.832,297013.0,2026-06-28 23:59:59.999000+00:00,1
2026-06-29 00:00:00+00:00,1.833,1.88,1.805,1.865,305221.1,2026-06-29 03:59:59.999000+00:00,1
2026-06-29 04:00:00+00:00,1.865,1.876,1.82,1.865,250211.0,2026-06-29 07:59:59.999000+00:00,1
2026-06-29 08:00:00+00:00,1.865,1.873,1.829,1.84,310377.2,2026-06-29 11:59:59.999000+00:00,1
2026-06-29 12:00:00+00:00,1.84,1.876,1.811,1.846,638433.8,2026-06-29 15:59:59.999000+00:00,1
2026-06-29 16:00:00+00:00,1.845,1.914,1.84,1.894,464998.0,2026-06-29 19:59:59.999000+00:00,1
2026-06-29 20:00:00+00:00,1.894,1.898,1.854,1.864,238344.3,2026-06-29 23:59:59.999000+00:00,1
2026-06-30 00:00:00+00:00,1.864,1.866,1.826,1.851,194832.8,2026-06-30 03:59:59.999000+00:00,1
2026-06-30 04:00:00+00:00,1.85,1.874,1.84,1.856,222429.4,2026-06-30 07:59:59.999000+00:00,1
2026-06-30 08:00:00+00:00,1.856,1.861,1.832,1.845,247419.9,2026-06-30 11:59:59.999000+00:00,1
2026-06-30 12:00:00+00:00,1.844,1.844,1.758,1.787,602176.9,2026-06-30 15:59:59.999000+00:00,1
2026-06-30 16:00:00+00:00,1.787,1.811,1.774,1.797,149675.2,2026-06-30 19:59:59.999000+00:00,1
2026-06-30 20:00:00+00:00,1.796,1.802,1.777,1.781,112750.0,2026-06-30 23:59:59.999000+00:00,1
2026-07-01 00:00:00+00:00,1.782,1.844,1.722,1.841,443706.4,2026-07-01 03:59:59.999000+00:00,1
2026-07-01 04:00:00+00:00,1.841,1.854,1.787,1.794,246796.4,2026-07-01 07:59:59.999000+00:00,1
2026-07-01 08:00:00+00:00,1.794,1.802,1.773,1.789,212307.9,2026-07-01 11:59:59.999000+00:00,1
2026-07-01 12:00:00+00:00,1.789,1.865,1.768,1.841,506410.4,2026-07-01 15:59:59.999000+00:00,1
2026-07-01 16:00:00+00:00,1.841,1.849,1.815,1.827,280902.9,2026-07-01 19:59:59.999000+00:00,1
2026-07-01 20:00:00+00:00,1.827,1.877,1.801,1.805,302086.7,2026-07-01 23:59:59.999000+00:00,1
2026-07-02 00:00:00+00:00,1.805,1.926,1.801,1.922,561613.7,2026-07-02 03:59:59.999000+00:00,1
2026-07-02 04:00:00+00:00,1.922,1.925,1.892,1.915,285548.0,2026-07-02 07:59:59.999000+00:00,1
2026-07-02 08:00:00+00:00,1.916,1.952,1.909,1.944,411936.1,2026-07-02 11:59:59.999000+00:00,1
2026-07-02 12:00:00+00:00,1.944,1.957,1.898,1.913,532298.6,2026-07-02 15:59:59.999000+00:00,1
2026-07-02 16:00:00+00:00,1.914,1.949,1.904,1.938,260810.6,2026-07-02 19:59:59.999000+00:00,1
2026-07-02 20:00:00+00:00,1.939,1.946,1.916,1.941,239140.3,2026-07-02 23:59:59.999000+00:00,1
2026-07-03 00:00:00+00:00,1.941,1.966,1.919,1.958,297524.9,2026-07-03 03:59:59.999000+00:00,1
2026-07-03 04:00:00+00:00,1.958,1.966,1.931,1.955,176698.9,2026-07-03 07:59:59.999000+00:00,1
2026-07-03 08:00:00+00:00,1.955,2.018,1.948,2.012,475938.0,2026-07-03 11:59:59.999000+00:00,1
2026-07-03 12:00:00+00:00,2.013,2.113,2.012,2.033,967176.1,2026-07-03 15:59:59.999000+00:00,1
2026-07-03 16:00:00+00:00,2.032,2.041,1.994,2.007,371818.8,2026-07-03 19:59:59.999000+00:00,1
2026-07-03 20:00:00+00:00,2.007,2.06,2.0,2.043,332456.0,2026-07-03 23:59:59.999000+00:00,1
2026-07-04 00:00:00+00:00,2.043,2.056,2.002,2.008,387354.4,2026-07-04 03:59:59.999000+00:00,1
2026-07-04 04:00:00+00:00,2.008,2.016,1.969,1.979,386360.1,2026-07-04 07:59:59.999000+00:00,1
2026-07-04 08:00:00+00:00,1.979,1.982,1.956,1.967,281087.3,2026-07-04 11:59:59.999000+00:00,1
2026-07-04 12:00:00+00:00,1.966,2.046,1.965,2.036,445839.3,2026-07-04 15:59:59.999000+00:00,1
2026-07-04 16:00:00+00:00,2.036,2.041,1.991,2.002,374817.8,2026-07-04 19:59:59.999000+00:00,1
2026-07-04 20:00:00+00:00,2.002,2.013,1.976,1.997,189087.2,2026-07-04 23:59:59.999000+00:00,1
2026-07-05 00:00:00+00:00,1.998,1.998,1.959,1.966,280187.0,2026-07-05 03:59:59.999000+00:00,1
2026-07-05 04:00:00+00:00,1.966,1.977,1.937,1.957,253972.5,2026-07-05 07:59:59.999000+00:00,1
2026-07-05 08:00:00+00:00,1.957,1.964,1.921,1.946,247673.9,2026-07-05 11:59:59.999000+00:00,1
2026-07-05 12:00:00+00:00,1.946,1.994,1.938,1.979,198965.9,2026-07-05 15:59:59.999000+00:00,1
2026-07-05 16:00:00+00:00,1.979,2.006,1.964,1.998,136024.1,2026-07-05 19:59:59.999000+00:00,1
2026-07-05 20:00:00+00:00,1.999,2.059,1.998,2.017,313658.1,2026-07-05 23:59:59.999000+00:00,1
2026-07-06 00:00:00+00:00,2.016,2.038,1.975,1.996,413610.8,2026-07-06 03:59:59.999000+00:00,1
2026-07-06 04:00:00+00:00,1.996,1.998,1.968,1.99,241407.4,2026-07-06 07:59:59.999000+00:00,1
2026-07-06 08:00:00+00:00,1.989,2.036,1.969,1.995,338048.0,2026-07-06 11:59:59.999000+00:00,1
2026-07-06 12:00:00+00:00,1.995,2.094,1.952,2.075,1178134.4,2026-07-06 15:59:59.999000+00:00,1
2026-07-06 16:00:00+00:00,2.076,2.108,2.047,2.069,492624.4,2026-07-06 19:59:59.999000+00:00,1
2026-07-06 20:00:00+00:00,2.069,2.099,2.043,2.051,220165.9,2026-07-06 23:59:59.999000+00:00,1
2026-07-07 00:00:00+00:00,2.052,2.082,2.015,2.019,313444.9,2026-07-07 03:59:59.999000+00:00,1
2026-07-07 04:00:00+00:00,2.019,2.039,1.982,2.023,392342.6,2026-07-07 07:59:59.999000+00:00,1
2026-07-07 08:00:00+00:00,2.023,2.033,1.998,2.028,347230.5,2026-07-07 11:59:59.999000+00:00,1
2026-07-07 12:00:00+00:00,2.029,2.067,1.977,2.064,719266.1,2026-07-07 15:59:59.999000+00:00,1
2026-07-07 16:00:00+00:00,2.064,2.076,1.995,2.017,416459.0,2026-07-07 19:59:59.999000+00:00,1
2026-07-07 20:00:00+00:00,2.018,2.025,1.967,1.975,297206.1,2026-07-07 23:59:59.999000+00:00,1
2026-07-08 00:00:00+00:00,1.976,1.992,1.885,1.928,653856.1,2026-07-08 03:59:59.999000+00:00,1
2026-07-08 04:00:00+00:00,1.928,1.936,1.893,1.904,240178.6,2026-07-08 07:59:59.999000+00:00,1
2026-07-08 08:00:00+00:00,1.904,1.919,1.859,1.88,420008.0,2026-07-08 11:59:59.999000+00:00,1
2026-07-08 12:00:00+00:00,1.881,1.886,1.841,1.853,377482.6,2026-07-08 15:59:59.999000+00:00,1
2026-07-08 16:00:00+00:00,1.853,1.887,1.852,1.88,183911.3,2026-07-08 19:59:59.999000+00:00,1
2026-07-08 20:00:00+00:00,1.881,1.898,1.858,1.891,194261.6,2026-07-08 23:59:59.999000+00:00,1
2026-07-09 00:00:00+00:00,1.891,1.92,1.872,1.898,233812.9,2026-07-09 03:59:59.999000+00:00,1
2026-07-09 04:00:00+00:00,1.899,1.94,1.892,1.915,258106.1,2026-07-09 07:59:59.999000+00:00,1
2026-07-09 08:00:00+00:00,1.916,1.929,1.891,1.9,200343.7,2026-07-09 11:59:59.999000+00:00,1
2026-07-09 12:00:00+00:00,1.9,1.947,1.896,1.912,399452.2,2026-07-09 15:59:59.999000+00:00,1
2026-07-09 16:00:00+00:00,1.912,1.942,1.903,1.919,169966.0,2026-07-09 19:59:59.999000+00:00,1
2026-07-09 20:00:00+00:00,1.919,1.93,1.911,1.918,81104.6,2026-07-09 23:59:59.999000+00:00,1
2026-07-10 00:00:00+00:00,1.918,1.966,1.903,1.941,300826.8,2026-07-10 03:59:59.999000+00:00,1
2026-07-10 04:00:00+00:00,1.941,1.944,1.925,1.931,102391.1,2026-07-10 07:59:59.999000+00:00,1
2026-07-10 08:00:00+00:00,1.93,1.953,1.929,1.934,214346.5,2026-07-10 11:59:59.999000+00:00,1
2026-07-10 12:00:00+00:00,1.933,1.938,1.874,1.898,424072.9,2026-07-10 15:59:59.999000+00:00,1
2026-07-10 16:00:00+00:00,1.897,1.907,1.854,1.874,290409.3,2026-07-10 19:59:59.999000+00:00,1
2026-07-10 20:00:00+00:00,1.873,1.897,1.864,1.891,125815.1,2026-07-10 23:59:59.999000+00:00,1
2026-07-11 00:00:00+00:00,1.891,1.917,1.885,1.91,118418.3,2026-07-11 03:59:59.999000+00:00,1
2026-07-11 04:00:00+00:00,1.909,1.913,1.875,1.881,181158.6,2026-07-11 07:59:59.999000+00:00,1
2026-07-11 08:00:00+00:00,1.88,1.903,1.874,1.902,137987.4,2026-07-11 11:59:59.999000+00:00,1
2026-07-11 12:00:00+00:00,1.901,1.923,1.89,1.903,207709.3,2026-07-11 15:59:59.999000+00:00,1
2026-07-11 16:00:00+00:00,1.903,1.91,1.889,1.901,125093.8,2026-07-11 19:59:59.999000+00:00,1
2026-07-11 20:00:00+00:00,1.9,1.918,1.862,1.866,163471.1,2026-07-11 23:59:59.999000+00:00,1
2026-07-12 00:00:00+00:00,1.865,1.889,1.855,1.887,172073.3,2026-07-12 03:59:59.999000+00:00,1
2026-07-12 04:00:00+00:00,1.887,1.894,1.858,1.873,138615.0,2026-07-12 07:59:59.999000+00:00,1
2026-07-12 08:00:00+00:00,1.873,1.894,1.868,1.89,121556.7,2026-07-12 11:59:59.999000+00:00,1
2026-07-12 12:00:00+00:00,1.889,1.909,1.878,1.897,192210.2,2026-07-12 15:59:59.999000+00:00,1
2026-07-12 16:00:00+00:00,1.898,1.936,1.889,1.933,212752.4,2026-07-12 19:59:59.999000+00:00,1
2026-07-12 20:00:00+00:00,1.933,1.937,1.882,1.886,183471.0,2026-07-12 23:59:59.999000+00:00,1
2026-07-13 00:00:00+00:00,1.887,1.932,1.857,1.865,412478.0,2026-07-13 03:59:59.999000+00:00,1
2026-07-13 04:00:00+00:00,1.865,1.921,1.854,1.909,272767.4,2026-07-13 07:59:59.999000+00:00,1
2026-07-13 08:00:00+00:00,1.91,1.93,1.907,1.913,305746.0,2026-07-13 11:59:59.999000+00:00,1
2026-07-13 12:00:00+00:00,1.914,1.976,1.887,1.937,649181.5,2026-07-13 15:59:59.999000+00:00,1
2026-07-13 16:00:00+00:00,1.937,1.962,1.886,1.914,377130.3,2026-07-13 19:59:59.999000+00:00,1
2026-07-13 20:00:00+00:00,1.914,1.921,1.875,1.92,234848.6,2026-07-13 23:59:59.999000+00:00,1
2026-07-14 00:00:00+00:00,1.921,1.969,1.913,1.96,378622.0,2026-07-14 03:59:59.999000+00:00,1
2026-07-14 04:00:00+00:00,1.96,2.013,1.952,1.991,501003.6,2026-07-14 07:59:59.999000+00:00,1
2026-07-14 08:00:00+00:00,1.991,2.008,1.966,1.987,313720.8,2026-07-14 11:59:59.999000+00:00,1
2026-07-14 12:00:00+00:00,1.987,2.063,1.974,2.045,899174.5,2026-07-14 15:59:59.999000+00:00,1
2026-07-14 16:00:00+00:00,2.045,2.046,2.017,2.022,235820.4,2026-07-14 19:59:59.999000+00:00,1
2026-07-14 20:00:00+00:00,2.022,2.029,2.0,2.012,253321.9,2026-07-14 23:59:59.999000+00:00,1
2026-07-15 00:00:00+00:00,2.012,2.026,2.0,2.02,219834.3,2026-07-15 03:59:59.999000+00:00,1
2026-07-15 04:00:00+00:00,2.02,2.043,2.001,2.006,174493.4,2026-07-15 07:59:59.999000+00:00,1
2026-07-15 08:00:00+00:00,2.006,2.092,1.996,2.078,354208.8,2026-07-15 11:59:59.999000+00:00,1
2026-07-15 12:00:00+00:00,2.077,2.106,2.061,2.077,606686.7,2026-07-15 15:59:59.999000+00:00,1
2026-07-15 16:00:00+00:00,2.077,2.08,2.032,2.036,326897.1,2026-07-15 19:59:59.999000+00:00,1
2026-07-15 20:00:00+00:00,2.036,2.086,2.035,2.066,196702.2,2026-07-15 23:59:59.999000+00:00,1
2026-07-16 00:00:00+00:00,2.066,2.081,2.051,2.063,150172.9,2026-07-16 03:59:59.999000+00:00,1
2026-07-16 04:00:00+00:00,2.064,2.064,2.041,2.049,163981.1,2026-07-16 07:59:59.999000+00:00,1
2026-07-16 08:00:00+00:00,2.049,2.052,2.007,2.03,396915.3,2026-07-16 11:59:59.999000+00:00,1
2026-07-16 12:00:00+00:00,2.03,2.084,2.018,2.066,476414.8,2026-07-16 15:59:59.999000+00:00,1
2026-07-16 16:00:00+00:00,2.066,2.082,2.016,2.027,334562.5,2026-07-16 19:59:59.999000+00:00,1
2026-07-16 20:00:00+00:00,2.026,2.046,1.957,1.963,370741.9,2026-07-16 23:59:59.999000+00:00,1
2026-07-17 00:00:00+00:00,1.963,2.006,1.955,1.99,288108.0,2026-07-17 03:59:59.999000+00:00,1
2026-07-17 04:00:00+00:00,1.99,1.997,1.932,1.938,404922.8,2026-07-17 07:59:59.999000+00:00,1
2026-07-17 08:00:00+00:00,1.939,1.941,1.877,1.913,410936.9,2026-07-17 11:59:59.999000+00:00,1
2026-07-17 12:00:00+00:00,1.913,1.948,1.891,1.92,342982.4,2026-07-17 15:59:59.999000+00:00,1
2026-07-17 16:00:00+00:00,1.92,1.94,1.91,1.925,171323.5,2026-07-17 19:59:59.999000+00:00,1
2026-07-17 20:00:00+00:00,1.924,1.936,1.913,1.925,68542.1,2026-07-17 23:59:59.999000+00:00,1
2026-07-18 00:00:00+00:00,1.925,1.943,1.919,1.934,126967.3,2026-07-18 03:59:59.999000+00:00,1
2026-07-18 04:00:00+00:00,1.935,1.937,1.904,1.907,97440.2,2026-07-18 07:59:59.999000+00:00,1
2026-07-18 08:00:00+00:00,1.907,1.925,1.892,1.903,210043.6,2026-07-18 11:59:59.999000+00:00,1
2026-07-18 12:00:00+00:00,1.904,1.931,1.903,1.915,238733.7,2026-07-18 15:59:59.999000+00:00,1
2026-07-18 16:00:00+00:00,1.915,1.946,1.911,1.933,122516.1,2026-07-18 19:59:59.999000+00:00,1
2026-07-18 20:00:00+00:00,1.933,1.94,1.924,1.93,97153.0,2026-07-18 23:59:59.999000+00:00,1
2026-07-19 00:00:00+00:00,1.93,1.936,1.914,1.918,98410.9,2026-07-19 03:59:59.999000+00:00,1
2026-07-19 04:00:00+00:00,1.918,1.941,1.913,1.934,90047.0,2026-07-19 07:59:59.999000+00:00,1
2026-07-19 08:00:00+00:00,1.935,1.945,1.917,1.92,97418.7,2026-07-19 11:59:59.999000+00:00,1
2026-07-19 12:00:00+00:00,1.921,1.934,1.908,1.918,207956.2,2026-07-19 15:59:59.999000+00:00,1
2026-07-19 16:00:00+00:00,1.917,1.92,1.894,1.917,579050.7,2026-07-19 19:59:59.999000+00:00,1
2026-07-19 20:00:00+00:00,1.917,1.93,1.901,1.916,102494.0,2026-07-19 23:59:59.999000+00:00,1
2026-07-20 00:00:00+00:00,1.916,1.939,1.9,1.924,177370.6,2026-07-20 03:59:59.999000+00:00,1
2026-07-20 04:00:00+00:00,1.925,1.928,1.897,1.925,129004.9,2026-07-20 07:59:59.999000+00:00,1
2026-07-20 08:00:00+00:00,1.925,1.965,1.917,1.958,266559.3,2026-07-20 11:59:59.999000+00:00,1
2026-07-20 12:00:00+00:00,1.959,1.989,1.946,1.98,674236.1,2026-07-20 15:59:59.999000+00:00,1
2026-07-20 16:00:00+00:00,1.98,1.988,1.957,1.967,207162.8,2026-07-20 19:59:59.999000+00:00,1
2026-07-20 20:00:00+00:00,1.968,1.982,1.955,1.978,99349.7,2026-07-20 23:59:59.999000+00:00,1
2026-07-21 00:00:00+00:00,1.978,2.027,1.971,2.024,312845.7,2026-07-21 03:59:59.999000+00:00,1
2026-07-21 04:00:00+00:00,2.023,2.062,2.015,2.017,291761.2,2026-07-21 07:59:59.999000+00:00,1
2026-07-21 08:00:00+00:00,2.016,2.02,1.987,1.997,256867.7,2026-07-21 11:59:59.999000+00:00,1
2026-07-21 12:00:00+00:00,1.997,2.0,1.943,1.952,433977.9,2026-07-21 15:59:59.999000+00:00,1
2026-07-21 16:00:00+00:00,1.952,1.956,1.914,1.932,406440.7,2026-07-21 19:59:59.999000+00:00,1
2026-07-21 20:00:00+00:00,1.933,1.937,1.922,1.935,169285.8,2026-07-21 23:59:59.999000+00:00,1
2026-07-22 00:00:00+00:00,1.934,1.951,1.907,1.911,243555.7,2026-07-22 03:59:59.999000+00:00,1
2026-07-22 04:00:00+00:00,1.911,1.924,1.864,1.878,475911.2,2026-07-22 07:59:59.999000+00:00,1
2026-07-22 08:00:00+00:00,1.878,1.892,1.866,1.886,268942.8,2026-07-22 11:59:59.999000+00:00,1
2026-07-22 12:00:00+00:00,1.886,1.9,1.869,1.888,354366.1,2026-07-22 15:59:59.999000+00:00,1
2026-07-22 16:00:00+00:00,1.887,1.898,1.846,1.859,280341.5,2026-07-22 19:59:59.999000+00:00,1
2026-07-22 20:00:00+00:00,1.858,1.871,1.851,1.868,147487.6,2026-07-22 23:59:59.999000+00:00,1
2026-07-23 00:00:00+00:00,1.867,1.879,1.859,1.864,124457.5,2026-07-23 03:59:59.999000+00:00,1
2026-07-23 04:00:00+00:00,1.864,1.877,1.852,1.861,126848.7,2026-07-23 07:59:59.999000+00:00,1
2026-07-23 08:00:00+00:00,1.862,1.903,1.858,1.886,199331.2,2026-07-23 11:59:59.999000+00:00,1
2026-07-23 12:00:00+00:00,1.887,1.897,1.866,1.88,297827.8,2026-07-23 15:59:59.999000+00:00,1
2026-07-23 16:00:00+00:00,1.88,1.894,1.868,1.877,122419.4,2026-07-23 19:59:59.999000+00:00,1
2026-07-23 20:00:00+00:00,1.877,1.895,1.876,1.882,71546.9,2026-07-23 23:59:59.999000+00:00,1
2026-07-24 00:00:00+00:00,1.882,1.904,1.874,1.901,150792.4,2026-07-24 03:59:59.999000+00:00,1
2026-07-24 04:00:00+00:00,1.902,1.917,1.889,1.901,191968.5,2026-07-24 07:59:59.999000+00:00,1
2026-07-24 08:00:00+00:00,1.9,1.916,1.876,1.885,159909.9,2026-07-24 11:59:59.999000+00:00,1
2026-07-24 12:00:00+00:00,1.884,1.885,1.784,1.82,806223.2,2026-07-24 15:59:59.999000+00:00,1
2026-07-24 16:00:00+00:00,1.819,1.822,1.797,1.807,231305.7,2026-07-24 19:59:59.999000+00:00,1
2026-07-24 20:00:00+00:00,1.808,1.819,1.8,1.805,127506.3,2026-07-24 23:59:59.999000+00:00,1
2026-07-25 00:00:00+00:00,1.806,1.814,1.786,1.812,194578.6,2026-07-25 03:59:59.999000+00:00,1
2026-07-25 04:00:00+00:00,1.812,1.815,1.776,1.782,196886.0,2026-07-25 07:59:59.999000+00:00,1
2026-07-25 08:00:00+00:00,1.782,1.794,1.777,1.789,108414.8,2026-07-25 11:59:59.999000+00:00,1
2026-07-25 12:00:00+00:00,1.789,1.801,1.784,1.795,76824.9,2026-07-25 15:59:59.999000+00:00,1
2026-07-25 16:00:00+00:00,1.796,1.801,1.787,1.796,99285.0,2026-07-25 19:59:59.999000+00:00,1
2026-07-25 20:00:00+00:00,1.795,1.802,1.788,1.791,59795.6,2026-07-25 23:59:59.999000+00:00,1
2026-07-26 00:00:00+00:00,1.792,1.798,1.785,1.797,77254.3,2026-07-26 03:59:59.999000+00:00,1
2026-07-26 04:00:00+00:00,1.797,1.812,1.786,1.801,166152.5,2026-07-26 07:59:59.999000+00:00,1
2026-07-26 08:00:00+00:00,1.802,1.808,1.794,1.795,82411.3,2026-07-26 11:59:59.999000+00:00,1
2026-07-26 12:00:00+00:00,1.795,1.803,1.786,1.801,153022.0,2026-07-26 15:59:59.999000+00:00,1
2026-07-26 16:00:00+00:00,1.802,1.804,1.787,1.794,98068.4,2026-07-26 19:59:59.999000+00:00,1
2026-07-26 20:00:00+00:00,1.794,1.841,1.789,1.837,261524.2,2026-07-26 23:59:59.999000+00:00,1
2026-07-27 00:00:00+00:00,1.837,1.859,1.821,1.857,234363.2,2026-07-27 03:59:59.999000+00:00,1
2026-07-27 04:00:00+00:00,1.857,1.859,1.836,1.838,158143.0,2026-07-27 07:59:59.999000+00:00,1
2026-07-27 08:00:00+00:00,1.839,1.85,1.824,1.827,99849.7,2026-07-27 11:59:59.999000+00:00,1
2026-07-27 12:00:00+00:00,1.826,1.835,1.769,1.771,478540.6,2026-07-27 15:59:59.999000+00:00,1
2026-07-27 16:00:00+00:00,1.771,1.784,1.724,1.742,299379.9,2026-07-27 19:59:59.999000+00:00,1
2026-07-27 20:00:00+00:00,1.742,1.747,1.678,1.689,385607.9,2026-07-27 23:59:59.999000+00:00,1
2026-07-28 00:00:00+00:00,1.689,1.696,1.666,1.681,287496.7,2026-07-28 03:59:59.999000+00:00,1
2026-07-28 04:00:00+00:00,1.68,1.68,1.655,1.676,140713.9,2026-07-28 07:59:59.999000+00:00,1
2026-07-28 08:00:00+00:00,1.675,1.683,1.656,1.66,193203.2,2026-07-28 11:59:59.999000+00:00,1
2026-07-28 12:00:00+00:00,1.66,1.68,1.62,1.664,505511.0,2026-07-28 15:59:59.999000+00:00,1
2026-07-28 16:00:00+00:00,1.664,1.665,1.633,1.641,156465.1,2026-07-28 19:59:59.999000+00:00,1
2026-07-28 20:00:00+00:00,1.641,1.661,1.639,1.652,139932.7,2026-07-28 23:59:59.999000+00:00,1
2026-07-29 00:00:00+00:00,1.653,1.666,1.604,1.606,258723.9,2026-07-29 03:59:59.999000+00:00,1
2026-07-29 04:00:00+00:00,1.606,1.627,1.587,1.607,426812.0,2026-07-29 07:59:59.999000+00:00,1
2026-07-29 08:00:00+00:00,1.607,1.608,1.569,1.589,432507.5,2026-07-29 11:59:59.999000+00:00,1
2026-07-29 12:00:00+00:00,1.59,1.597,1.571,1.58,252634.9,2026-07-29 15:59:59.999000+00:00,1
2026-07-29 16:00:00+00:00,1.579,1.639,1.575,1.598,518024.6,2026-07-29 19:59:59.999000+00:00,1
2026-07-29 20:00:00+00:00,1.597,1.624,1.571,1.621,278535.9,2026-07-29 23:59:59.999000+00:00,1
2026-07-30 00:00:00+00:00,1.621,1.633,1.605,1.628,151582.4,2026-07-30 03:59:59.999000+00:00,1
2026-07-30 04:00:00+00:00,1.628,1.641,1.616,1.626,140794.8,2026-07-30 07:59:59.999000+00:00,1
2026-07-30 08:00:00+00:00,1.626,1.67,1.621,1.656,339634.4,2026-07-30 11:59:59.999000+00:00,1
2026-07-30 12:00:00+00:00,1.656,1.667,1.642,1.665,258567.7,2026-07-30 15:59:59.999000+00:00,1
2026-07-30 16:00:00+00:00,1.665,1.692,1.655,1.688,232895.4,2026-07-30 19:59:59.999000+00:00,1
2026-07-30 20:00:00+00:00,1.688,1.697,1.671,1.676,149602.4,2026-07-30 23:59:59.999000+00:00,1
2026-07-31 00:00:00+00:00,1.677,1.683,1.631,1.65,315506.7,2026-07-31 03:59:59.999000+00:00,1
2026-07-31 04:00:00+00:00,1.649,1.666,1.64,1.656,121114.3,2026-07-31 07:59:59.999000+00:00,1
2026-07-31 08:00:00+00:00,1.655,1.657,1.633,1.643,114118.3,2026-07-31 11:59:59.999000+00:00,1
2026-07-31 12:00:00+00:00,1.642,1.691,1.635,1.665,487217.3,2026-07-31 15:59:59.999000+00:00,1
2026-07-31 16:00:00+00:00,1.664,1.709,1.66,1.689,342723.5,2026-07-31 19:59:59.999000+00:00,1
2026-07-31 20:00:00+00:00,1.69,1.69,1.656,1.663,160045.2,2026-07-31 23:59:59.999000+00:00,1
2026-08-01 00:00:00+00:00,1.664,1.684,1.658,1.673,168817.9,2026-08-01 03:59:59.999000+00:00,1
2026-08-01 04:00:00+00:00,1.672,1.679,1.66,1.663,76076.3,2026-08-01 07:59:59.999000+00:00,1
2026-08-01 08:00:00+00:00,1.662,1.667,1.644,1.662,96175.8,2026-08-01 11:59:59.999000+00:00,1
2026-08-01 12:00:00+00:00,1.662,1.681,1.652,1.668,184395.5,2026-08-01 15:59:59.999000+00:00,1
2026-08-01 16:00:00+00:00,1.668,1.686,1.645,1.657,204548.5,2026-08-01 19:59:59.999000+00:00,1
2026-08-01 20:00:00+00:00,1.657,1.679,1.653,1.673,126243.8,2026-08-01 23:59:59.999000+00:00,1
2026-08-02 00:00:00+00:00,1.674,1.712,1.671,1.707,320277.3,2026-08-02 03:59:59.999000+00:00,1
2026-08-02 04:00:00+00:00,1.708,1.731,1.702,1.716,236982.3,2026-08-02 07:59:59.999000+00:00,1
2026-08-02 08:00:00+00:00,1.717,1.723,1.691,1.697,104497.4,2026-08-02 11:59:59.999000+00:00,1
2026-08-02 12:00:00+00:00,1.697,1.703,1.691,1.693,64921.3,2026-08-02 15:59:59.999000+00:00,1
2026-08-02 16:00:00+00:00,1.693,1.718,1.69,1.705,553426.7,2026-08-02 19:59:59.999000+00:00,1
2026-08-02 20:00:00+00:00,1.706,1.724,1.702,1.716,115191.7,2026-08-02 23:59:59.999000+00:00,1
2026-08-03 00:00:00+00:00,1.715,1.719,1.692,1.701,136077.6,2026-08-03 03:59:59.999000+00:00,1
2026-08-03 04:00:00+00:00,1.701,1.719,1.701,1.707,82810.8,2026-08-03 07:59:59.999000+00:00,1
2026-08-03 08:00:00+00:00,1.708,1.728,1.704,1.708,144396.9,2026-08-03 11:59:59.999000+00:00,1
2026-08-03 12:00:00+00:00,1.709,1.751,1.7,1.746,295899.3,2026-08-03 15:59:59.999000+00:00,1
2026-08-03 16:00:00+00:00,1.747,1.753,1.734,1.742,152481.5,2026-08-03 19:59:59.999000+00:00,1
2026-08-03 20:00:00+00:00,1.742,1.75,1.728,1.736,75514.3,2026-08-03 23:59:59.999000+00:00,1
2026-08-04 00:00:00+00:00,1.735,1.768,1.73,1.762,143627.0,2026-08-04 03:59:59.999000+00:00,1
2026-08-04 04:00:00+00:00,1.761,1.768,1.741,1.749,164568.6,2026-08-04 07:59:59.999000+00:00,1
2026-08-04 08:00:00+00:00,1.75,1.752,1.732,1.744,122231.4,2026-08-04 11:59:59.999000+00:00,1
2026-08-04 12:00:00+00:00,1.744,1.744,1.715,1.734,380252.3,2026-08-04 15:59:59.999000+00:00,1
2026-08-04 16:00:00+00:00,1.734,1.747,1.721,1.741,176264.0,2026-08-04 19:59:59.999000+00:00,1
2026-08-04 20:00:00+00:00,1.742,1.745,1.728,1.73,142204.1,2026-08-04 23:59:59.999000+00:00,1
2026-08-05 00:00:00+00:00,1.73,1.735,1.692,1.7,353877.9,2026-08-05 03:59:59.999000+00:00,1
2026-08-05 04:00:00+00:00,1.7,1.728,1.693,1.725,152692.9,2026-08-05 07:59:59.999000+00:00,1
2026-08-05 08:00:00+00:00,1.726,1.727,1.694,1.697,104968.1,2026-08-05 11:59:59.999000+00:00,1
2026-08-05 12:00:00+00:00,1.696,1.708,1.678,1.692,216710.1,2026-08-05 15:59:59.999000+00:00,1
2026-08-05 16:00:00+00:00,1.692,1.721,1.689,1.703,120726.6,2026-08-05 19:59:59.999000+00:00,1
2026-08-05 20:00:00+00:00,1.704,1.711,1.69,1.697,81921.7,2026-08-05 23:59:59.999000+00:00,1
2026-08-06 00:00:00+00:00,1.698,1.718,1.692,1.715,193845.7,2026-08-06 03:59:59.999000+00:00,1
2026-08-06 04:00:00+00:00,1.716,1.73,1.711,1.711,180596.7,2026-08-06 07:59:59.999000+00:00,1
2026-08-06 08:00:00+00:00,1.711,1.712,1.673,1.689,284273.5,2026-08-06 11:59:59.999000+00:00,1
2026-08-06 12:00:00+00:00,1.69,1.702,1.67,1.673,277515.7,2026-08-06 15:59:59.999000+00:00,1
2026-08-06 16:00:00+00:00,1.672,1.676,1.651,1.657,353873.5,2026-08-06 19:59:59.999000+00:00,1
2026-08-06 20:00:00+00:00,1.658,1.668,1.651,1.657,85300.3,2026-08-06 23:59:59.999000+00:00,1
2026-08-07 00:00:00+00:00,1.657,1.67,1.641,1.643,136078.1,2026-08-07 03:59:59.999000+00:00,1
2026-08-07 04:00:00+00:00,1.642,1.648,1.621,1.643,218554.1,2026-08-07 07:59:59.999000+00:00,1
2026-08-07 08:00:00+00:00,1.643,1.667,1.641,1.647,234796.9,2026-08-07 11:59:59.999000+00:00,1
2026-08-07 12:00:00+00:00,1.647,1.655,1.61,1.612,286716.9,2026-08-07 15:59:59.999000+00:00,1
2026-08-07 16:00:00+00:00,1.612,1.617,1.586,1.589,214843.6,2026-08-07 19:59:59.999000+00:00,1
2026-08-07 20:00:00+00:00,1.588,1.597,1.575,1.59,151582.5,2026-08-07 23:59:59.999000+00:00,1
2026-08-08 00:00:00+00:00,1.59,1.609,1.584,1.609,99994.1,2026-08-08 03:59:59.999000+00:00,1
2026-08-08 04:00:00+00:00,1.609,1.612,1.583,1.589,77767.3,2026-08-08 07:59:59.999000+00:00,1
2026-08-08 08:00:00+00:00,1.589,1.616,1.588,1.612,111888.6,2026-08-08 11:59:59.999000+00:00,1
2026-08-08 12:00:00+00:00,1.613,1.634,1.601,1.625,118977.9,2026-08-08 15:59:59.999000+00:00,1
2026-08-08 16:00:00+00:00,1.626,1.637,1.618,1.627,111515.0,2026-08-08 19:59:59.999000+00:00,1
2026-08-08 20:00:00+00:00,1.627,1.634,1.606,1.61,66758.3,2026-08-08 23:59:59.999000+00:00,1
2026-08-09 00:00:00+00:00,1.61,1.627,1.606,1.616,150150.7,2026-08-09 03:59:59.999000+00:00,1
2026-08-09 04:00:00+00:00,1.615,1.631,1.605,1.624,96201.1,2026-08-09 07:59:59.999000+00:00,1
2026-08-09 08:00:00+00:00,1.624,1.628,1.607,1.612,62444.4,2026-08-09 11:59:59.999000+00:00,1
2026-08-09 12:00:00+00:00,1.611,1.636,1.609,1.635,65306.4,2026-08-09 15:59:59.999000+00:00,1
2026-08-09 16:00:00+00:00,1.635,1.647,1.622,1.634,111026.6,2026-08-09 19:59:59.999000+00:00,1
2026-08-09 20:00:00+00:00,1.634,1.647,1.593,1.598,149092.2,2026-08-09 23:59:59.999000+00:00,1
2026-08-10 00:00:00+00:00,1.597,1.628,1.595,1.61,128444.5,2026-08-10 03:59:59.999000+00:00,1
2026-08-10 04:00:00+00:00,1.61,1.663,1.609,1.652,254298.9,2026-08-10 07:59:59.999000+00:00,1
2026-08-10 08:00:00+00:00,1.652,1.667,1.641,1.656,172548.1,2026-08-10 11:59:59.999000+00:00,1
2026-08-10 12:00:00+00:00,1.656,1.664,1.617,1.618,288158.4,2026-08-10 15:59:59.999000+00:00,1
2026-08-10 16:00:00+00:00,1.617,1.625,1.595,1.605,217433.2,2026-08-10 19:59:59.999000+00:00,1
2026-08-10 20:00:00+00:00,1.604,1.611,1.589,1.599,168178.6,2026-08-10 23:59:59.999000+00:00,1
2026-08-11 00:00:00+00:00,1.599,1.613,1.595,1.6,154458.8,2026-08-11 03:59:59.999000+00:00,1
2026-08-11 04:00:00+00:00,1.6,1.616,1.594,1.599,127282.9,2026-08-11 07:59:59.999000+00:00,1
2026-08-11 08:00:00+00:00,1.6,1.613,1.588,1.592,185099.8,2026-08-11 11:59:59.999000+00:00,1
2026-08-11 12:00:00+00:00,1.592,1.596,1.536,1.552,486173.8,2026-08-11 15:59:59.999000+00:00,1
2026-08-11 16:00:00+00:00,1.551,1.575,1.545,1.574,223719.8,2026-08-11 19:59:59.999000+00:00,1
2026-08-11 20:00:00+00:00,1.574,1.621,1.573,1.62,186051.6,2026-08-11 23:59:59.999000+00:00,1
2026-08-12 00:00:00+00:00,1.62,1.667,1.613,1.662,403643.7,2026-08-12 03:59:59.999000+00:00,1
2026-08-12 04:00:00+00:00,1.662,1.683,1.636,1.648,496480.5,2026-08-12 07:59:59.999000+00:00,1
2026-08-12 08:00:00+00:00,1.647,1.666,1.633,1.648,216359.8,2026-08-12 11:59:59.999000+00:00,1
2026-08-12 12:00:00+00:00,1.649,1.661,1.611,1.628,348207.5,2026-08-12 15:59:59.999000+00:00,1
2026-08-12 16:00:00+00:00,1.629,1.656,1.627,1.634,181790.1,2026-08-12 19:59:59.999000+00:00,1
2026-08-12 20:00:00+00:00,1.633,1.646,1.612,1.643,170722.8,2026-08-12 23:59:59.999000+00:00,1
2026-08-13 00:00:00+00:00,1.642,1.659,1.633,1.654,111989.2,2026-08-13 03:59:59.999000+00:00,1
2026-08-13 04:00:00+00:00,1.655,1.679,1.653,1.678,168838.2,2026-08-13 07:59:59.999000+00:00,1
2026-08-13 08:00:00+00:00,1.678,1.681,1.647,1.648,175069.5,2026-08-13 11:59:59.999000+00:00,1
2026-08-13 12:00:00+00:00,1.648,1.673,1.638,1.639,220134.3,2026-08-13 15:59:59.999000+00:00,1
2026-08-13 16:00:00+00:00,1.639,1.643,1.622,1.625,173290.3,2026-08-13 19:59:59.999000+00:00,1
2026-08-13 20:00:00+00:00,1.624,1.642,1.62,1.638,114814.8,2026-08-13 23:59:59.999000+00:00,1
2026-08-14 00:00:00+00:00,1.639,1.641,1.605,1.608,152431.6,2026-08-14 03:59:59.999000+00:00,1
2026-08-14 04:00:00+00:00,1.607,1.62,1.599,1.602,104114.2,2026-08-14 07:59:59.999000+00:00,1
2026-08-14 08:00:00+00:00,1.603,1.611,1.597,1.6,104958.2,2026-08-14 11:59:59.999000+00:00,1
2026-08-14 12:00:00+00:00,1.599,1.602,1.581,1.591,215540.1,2026-08-14 15:59:59.999000+00:00,1
2026-08-14 16:00:00+00:00,1.59,1.61,1.588,1.607,139536.6,2026-08-14 19:59:59.999000+00:00,1
2026-08-14 20:00:00+00:00,1.608,1.64,1.606,1.64,166080.4,2026-08-14 23:59:59.999000+00:00,1
2026-08-15 00:00:00+00:00,1.641,1.669,1.637,1.646,207021.0,2026-08-15 03:59:59.999000+00:00,1
2026-08-15 04:00:00+00:00,1.646,1.65,1.631,1.634,137114.0,2026-08-15 07:59:59.999000+00:00,1
2026-08-15 08:00:00+00:00,1.635,1.645,1.627,1.636,83379.7,2026-08-15 11:59:59.999000+00:00,1
2026-08-15 12:00:00+00:00,1.637,1.64,1.629,1.634,43535.2,2026-08-15 15:59:59.999000+00:00,1
2026-08-15 16:00:00+00:00,1.635,1.647,1.631,1.639,103088.9,2026-08-15 19:59:59.999000+00:00,1
2026-08-15 20:00:00+00:00,1.64,1.64,1.614,1.618,82237.2,2026-08-15 23:59:59.999000+00:00,1
2026-08-16 00:00:00+00:00,1.618,1.618,1.603,1.609,111439.0,2026-08-16 03:59:59.999000+00:00,1
2026-08-16 04:00:00+00:00,1.609,1.616,1.604,1.612,90707.9,2026-08-16 07:59:59.999000+00:00,1
2026-08-16 08:00:00+00:00,1.612,1.626,1.609,1.625,61231.7,2026-08-16 11:59:59.999000+00:00,1
2026-08-16 12:00:00+00:00,1.626,1.627,1.617,1.623,58212.4,2026-08-16 15:59:59.999000+00:00,1
2026-08-16 16:00:00+00:00,1.623,1.627,1.605,1.609,83528.1,2026-08-16 19:59:59.999000+00:00,1
2026-08-16 20:00:00+00:00,1.609,1.613,1.582,1.601,115711.8,2026-08-16 23:59:59.999000+00:00,1
2026-08-17 00:00:00+00:00,1.602,1.623,1.598,1.622,123273.2,2026-08-17 03:59:59.999000+00:00,1
2026-08-17 04:00:00+00:00,1.622,1.655,1.62,1.643,231674.0,2026-08-17 07:59:59.999000+00:00,1
2026-08-17 08:00:00+00:00,1.644,1.649,1.626,1.64,164791.0,2026-08-17 11:59:59.999000+00:00,1
2026-08-17 12:00:00+00:00,1.64,1.651,1.624,1.64,190402.1,2026-08-17 15:59:59.999000+00:00,1
2026-08-17 16:00:00+00:00,1.641,1.641,1.604,1.616,195790.4,2026-08-17 19:59:59.999000+00:00,1
2026-08-17 20:00:00+00:00,1.616,1.641,1.611,1.636,106343.0,2026-08-17 23:59:59.999000+00:00,1
2026-08-18 00:00:00+00:00,1.636,1.648,1.619,1.634,205858.6,2026-08-18 03:59:59.999000+00:00,1
2026-08-18 04:00:00+00:00,1.634,1.667,1.627,1.63,271796.3,2026-08-18 07:59:59.999000+00:00,1
2026-08-18 08:00:00+00:00,1.63,1.63,1.609,1.624,213671.7,2026-08-18 11:59:59.999000+00:00,1
2026-08-18 12:00:00+00:00,1.624,1.647,1.606,1.634,264585.8,2026-08-18 15:59:59.999000+00:00,1
2026-08-18 16:00:00+00:00,1.634,1.635,1.596,1.607,182749.1,2026-08-18 19:59:59.999000+00:00,1
2026-08-18 20:00:00+00:00,1.607,1.607,1.584,1.586,157246.7,2026-08-18 23:59:59.999000+00:00,1
2026-08-19 00:00:00+00:00,1.587,1.6,1.562,1.599,262530.6,2026-08-19 03:59:59.999000+00:00,1
2026-08-19 04:00:00+00:00,1.599,1.624,1.585,1.611,247986.3,2026-08-19 07:59:59.999000+00:00,1
2026-08-19 08:00:00+00:00,1.612,1.627,1.598,1.617,134927.2,2026-08-19 11:59:59.999000+00:00,1
2026-08-19 12:00:00+00:00,1.618,1.696,1.613,1.66,624287.5,2026-08-19 15:59:59.999000+00:00,1
2026-08-19 16:00:00+00:00,1.66,1.711,1.657,1.7,402667.6,2026-08-19 19:59:59.999000+00:00,1
2026-08-19 20:00:00+00:00,1.699,1.776,1.698,1.733,554536.7,2026-08-19 23:59:59.999000+00:00,1
2026-08-20 00:00:00+00:00,1.732,1.756,1.712,1.717,223686.8,2026-08-20 03:59:59.999000+00:00,1
2026-08-20 04:00:00+00:00,1.718,1.747,1.716,1.74,114950.5,2026-08-20 07:59:59.999000+00:00,1
2026-08-20 08:00:00+00:00,1.74,1.768,1.736,1.747,278596.7,2026-08-20 11:59:59.999000+00:00,1
2026-08-20 12:00:00+00:00,1.747,1.749,1.702,1.736,361334.9,2026-08-20 15:59:59.999000+00:00,1
2026-08-20 16:00:00+00:00,1.735,1.77,1.712,1.724,489440.9,2026-08-20 19:59:59.999000+00:00,1
2026-08-20 20:00:00+00:00,1.723,1.782,1.719,1.766,296183.3,2026-08-20 23:59:59.999000+00:00,1
2026-08-21 00:00:00+00:00,1.765,1.817,1.758,1.803,408462.4,2026-08-21 03:59:59.999000+00:00,1
2026-08-21 04:00:00+00:00,1.804,1.927,1.795,1.917,771608.0,2026-08-21 07:59:59.999000+00:00,1
2026-08-21 08:00:00+00:00,1.917,1.95,1.864,1.886,926410.9,2026-08-21 11:59:59.999000+00:00,1
2026-08-21 12:00:00+00:00,1.887,1.931,1.851,1.899,557435.6,2026-08-21 15:59:59.999000+00:00,1
2026-08-21 16:00:00+00:00,1.899,1.911,1.862,1.871,198293.4,2026-08-21 19:59:59.999000+00:00,1
2026-08-21 20:00:00+00:00,1.871,1.986,1.864,1.965,534872.2,2026-08-21 23:59:59.999000+00:00,1
2026-08-22 00:00:00+00:00,1.965,2.121,1.948,2.097,701067.7,2026-08-22 03:59:59.999000+00:00,1
2026-08-22 04:00:00+00:00,2.098,2.147,1.648,1.996,1850339.9,2026-08-22 07:59:59.999000+00:00,1
2026-08-22 08:00:00+00:00,1.995,1.998,1.863,1.898,553804.1,2026-08-22 11:59:59.999000+00:00,1
2026-08-22 12:00:00+00:00,1.897,1.924,1.861,1.868,349216.0,2026-08-22 15:59:59.999000+00:00,1
2026-08-22 16:00:00+00:00,1.869,1.975,1.853,1.946,458492.9,2026-08-22 19:59:59.999000+00:00,1
2026-08-22 20:00:00+00:00,1.946,1.967,1.864,1.877,409208.2,2026-08-22 23:59:59.999000+00:00,1
2026-08-23 00:00:00+00:00,1.878,1.927,1.821,1.838,419856.3,2026-08-23 03:59:59.999000+00:00,1
2026-08-23 04:00:00+00:00,1.838,1.864,1.804,1.85,355542.6,2026-08-23 07:59:59.999000+00:00,1
2026-08-23 08:00:00+00:00,1.85,1.968,1.845,1.96,513993.2,2026-08-23 11:59:59.999000+00:00,1
2026-08-23 12:00:00+00:00,1.96,1.999,1.897,1.95,551440.2,2026-08-23 15:59:59.999000+00:00,1
2026-08-23 16:00:00+00:00,1.951,1.987,1.94,1.963,246382.7,2026-08-23 19:59:59.999000+00:00,1
2026-08-23 20:00:00+00:00,1.962,2.039,1.945,2.015,373203.0,2026-08-23 23:59:59.999000+00:00,1
2026-08-24 00:00:00+00:00,2.014,2.074,1.943,1.977,932217.7,2026-08-24 03:59:59.999000+00:00,1
2026-08-24 04:00:00+00:00,1.976,2.049,1.962,2.007,472380.6,2026-08-24 07:59:59.999000+00:00,1
2026-08-24 08:00:00+00:00,2.007,2.008,1.932,1.991,418798.1,2026-08-24 11:59:59.999000+00:00,1
2026-08-24 12:00:00+00:00,1.991,2.041,1.936,1.991,719949.6,2026-08-24 15:59:59.999000+00:00,1
2026-08-24 16:00:00+00:00,1.992,2.029,1.925,1.927,320794.0,2026-08-24 19:59:59.999000+00:00,1
2026-08-24 20:00:00+00:00,1.927,1.958,1.927,1.952,198136.9,2026-08-24 23:59:59.999000+00:00,1
2026-08-25 00:00:00+00:00,1.952,2.008,1.933,1.969,342470.6,2026-08-25 03:59:59.999000+00:00,1
2026-08-25 04:00:00+00:00,1.968,2.007,1.896,1.928,438796.5,2026-08-25 07:59:59.999000+00:00,1
2026-08-25 08:00:00+00:00,1.928,1.944,1.899,1.917,318950.2,2026-08-25 11:59:59.999000+00:00,1
2026-08-25 12:00:00+00:00,1.918,1.935,1.879,1.914,371973.9,2026-08-25 15:59:59.999000+00:00,1
2026-08-25 16:00:00+00:00,1.914,1.915,1.862,1.863,210365.9,2026-08-25 19:59:59.999000+00:00,1
2026-08-25 20:00:00+00:00,1.864,1.888,1.829,1.859,223574.9,2026-08-25 23:59:59.999000+00:00,1
2026-08-26 00:00:00+00:00,1.859,1.904,1.853,1.877,163936.5,2026-08-26 03:59:59.999000+00:00,1
2026-08-26 04:00:00+00:00,1.876,1.882,1.854,1.856,124792.6,2026-08-26 07:59:59.999000+00:00,1
2026-08-26 08:00:00+00:00,1.856,1.873,1.837,1.848,154826.3,2026-08-26 11:59:59.999000+00:00,1
2026-08-26 12:00:00+00:00,1.848,1.863,1.807,1.825,302246.0,2026-08-26 15:59:59.999000+00:00,1
2026-08-26 16:00:00+00:00,1.824,1.843,1.811,1.836,153051.4,2026-08-26 19:59:59.999000+00:00,1
2026-08-26 20:00:00+00:00,1.835,1.907,1.816,1.9,196018.7,2026-08-26 23:59:59.999000+00:00,1
2026-08-27 00:00:00+00:00,1.899,1.9,1.856,1.859,157634.8,2026-08-27 03:59:59.999000+00:00,1
2026-08-27 04:00:00+00:00,1.86,1.884,1.843,1.884,126934.0,2026-08-27 07:59:59.999000+00:00,1
2026-08-27 08:00:00+00:00,1.883,1.946,1.878,1.893,442986.7,2026-08-27 11:59:59.999000+00:00,1
2026-08-27 12:00:00+00:00,1.893,1.936,1.886,1.915,218610.6,2026-08-27 15:59:59.999000+00:00,1
2026-08-27 16:00:00+00:00,1.915,1.944,1.894,1.912,237954.7,2026-08-27 19:59:59.999000+00:00,1
2026-08-27 20:00:00+00:00,1.912,1.96,1.904,1.926,193014.9,2026-08-27 23:59:59.999000+00:00,1
2026-08-28 00:00:00+00:00,1.925,1.968,1.868,1.884,287644.1,2026-08-28 03:59:59.999000+00:00,1
2026-08-28 04:00:00+00:00,1.883,1.893,1.861,1.869,113898.1,2026-08-28 07:59:59.999000+00:00,1
2026-08-28 08:00:00+00:00,1.869,1.875,1.845,1.871,159869.9,2026-08-28 11:59:59.999000+00:00,1
2026-08-28 12:00:00+00:00,1.87,1.882,1.83,1.834,323363.0,2026-08-28 15:59:59.999000+00:00,1
2026-08-28 16:00:00+00:00,1.833,1.839,1.798,1.815,367483.4,2026-08-28 19:59:59.999000+00:00,1
2026-08-28 20:00:00+00:00,1.814,1.826,1.798,1.823,72430.5,2026-08-28 23:59:59.999000+00:00,1
2026-08-29 00:00:00+00:00,1.822,1.83,1.797,1.802,86901.1,2026-08-29 03:59:59.999000+00:00,1
2026-08-29 04:00:00+00:00,1.802,1.816,1.783,1.791,112578.4,2026-08-29 07:59:59.999000+00:00,1
2026-08-29 08:00:00+00:00,1.79,1.801,1.776,1.795,92885.2,2026-08-29 11:59:59.999000+00:00,1
2026-08-29 12:00:00+00:00,1.795,1.852,1.793,1.837,151457.1,2026-08-29 15:59:59.999000+00:00,1
2026-08-29 16:00:00+00:00,1.838,1.868,1.831,1.856,172824.6,2026-08-29 19:59:59.999000+00:00,1
2026-08-29 20:00:00+00:00,1.856,1.885,1.856,1.867,115241.3,2026-08-29 23:59:59.999000+00:00,1
2026-08-30 00:00:00+00:00,1.866,1.886,1.845,1.871,147521.6,2026-08-30 03:59:59.999000+00:00,1
2026-08-30 04:00:00+00:00,1.871,1.898,1.861,1.882,131847.0,2026-08-30 07:59:59.999000+00:00,1
2026-08-30 08:00:00+00:00,1.882,1.897,1.865,1.88,86282.0,2026-08-30 11:59:59.999000+00:00,1
2026-08-30 12:00:00+00:00,1.88,1.896,1.867,1.871,143483.0,2026-08-30 15:59:59.999000+00:00,1
2026-08-30 16:00:00+00:00,1.871,1.93,1.868,1.893,245311.6,2026-08-30 19:59:59.999000+00:00,1
2026-08-30 20:00:00+00:00,1.893,1.919,1.785,1.818,411108.2,2026-08-30 23:59:59.999000+00:00,1
2026-08-31 00:00:00+00:00,1.817,1.876,1.805,1.823,256015.0,2026-08-31 03:59:59.999000+00:00,1
2026-08-31 04:00:00+00:00,1.823,1.85,1.811,1.841,125446.2,2026-08-31 07:59:59.999000+00:00,1
2026-08-31 08:00:00+00:00,1.842,1.877,1.831,1.854,144232.7,2026-08-31 11:59:59.999000+00:00,1
2026-08-31 12:00:00+00:00,1.855,1.893,1.83,1.856,304860.0,2026-08-31 15:59:59.999000+00:00,1
2026-08-31 16:00:00+00:00,1.855,1.888,1.846,1.87,156293.3,2026-08-31 19:59:59.999000+00:00,1
2026-08-31 20:00:00+00:00,1.869,1.932,1.867,1.921,215937.5,2026-08-31 23:59:59.999000+00:00,1
2026-09-01 00:00:00+00:00,1.92,1.986,1.915,1.976,337178.0,2026-09-01 03:59:59.999000+00:00,1
2026-09-01 04:00:00+00:00,1.976,1.993,1.934,1.938,254253.4,2026-09-01 07:59:59.999000+00:00,1
2026-09-01 08:00:00+00:00,1.938,1.987,1.91,1.979,307883.7,2026-09-01 11:59:59.999000+00:00,1
2026-09-01 12:00:00+00:00,1.979,2.045,1.949,2.017,654806.8,2026-09-01 15:59:59.999000+00:00,1
2026-09-01 16:00:00+00:00,2.017,2.021,1.885,1.899,681888.7,2026-09-01 19:59:59.999000+00:00,1
2026-09-01 20:00:00+00:00,1.9,1.914,1.875,1.885,281998.5,2026-09-01 23:59:59.999000+00:00,1
2026-09-02 00:00:00+00:00,1.885,1.896,1.827,1.872,323336.7,2026-09-02 03:59:59.999000+00:00,1
2026-09-02 04:00:00+00:00,1.872,1.887,1.849,1.857,222339.4,2026-09-02 07:59:59.999000+00:00,1
2026-09-02 08:00:00+00:00,1.858,1.865,1.825,1.857,256087.7,2026-09-02 11:59:59.999000+00:00,1
2026-09-02 12:00:00+00:00,1.856,1.873,1.829,1.851,205478.2,2026-09-02 15:59:59.999000+00:00,1
2026-09-02 16:00:00+00:00,1.851,1.863,1.834,1.859,132965.5,2026-09-02 19:59:59.999000+00:00,1
2026-09-02 20:00:00+00:00,1.86,1.887,1.854,1.886,204337.5,2026-09-02 23:59:59.999000+00:00,1
2026-09-03 00:00:00+00:00,1.885,1.914,1.846,1.899,248569.8,2026-09-03 03:59:59.999000+00:00,1
2026-09-03 04:00:00+00:00,1.9,1.908,1.87,1.889,199327.9,2026-09-03 07:59:59.999000+00:00,1
2026-09-03 08:00:00+00:00,1.889,1.906,1.863,1.898,295208.5,2026-09-03 11:59:59.999000+00:00,1
2026-09-03 12:00:00+00:00,1.899,1.991,1.896,1.986,503684.8,2026-09-03 15:59:59.999000+00:00,1
2026-09-03 16:00:00+00:00,1.986,2.018,1.957,1.98,457782.5,2026-09-03 19:59:59.999000+00:00,1
2026-09-03 20:00:00+00:00,1.98,1.994,1.942,1.954,191165.9,2026-09-03 23:59:59.999000+00:00,1
2026-09-04 00:00:00+00:00,1.953,1.959,1.928,1.952,237227.3,2026-09-04 03:59:59.999000+00:00,1
2026-09-04 04:00:00+00:00,1.952,1.989,1.913,1.958,412456.0,2026-09-04 07:59:59.999000+00:00,1
2026-09-04 08:00:00+00:00,1.958,2.036,1.951,2.021,499032.7,2026-09-04 11:59:59.999000+00:00,1
2026-09-04 12:00:00+00:00,2.021,2.026,1.902,1.942,785463.4,2026-09-04 15:59:59.999000+00:00,1
2026-09-04 16:00:00+00:00,1.943,2.187,1.94,2.166,855774.2,2026-09-04 19:59:59.999000+00:00,1
2026-09-04 20:00:00+00:00,2.166,2.197,2.079,2.173,804367.9,2026-09-04 23:59:59.999000+00:00,1
2026-09-05 00:00:00+00:00,2.172,2.274,2.169,2.225,912947.3,2026-09-05 03:59:59.999000+00:00,1
2026-09-05 04:00:00+00:00,2.224,2.287,2.183,2.225,740275.3,2026-09-05 07:59:59.999000+00:00,1
2026-09-05 08:00:00+00:00,2.225,2.285,2.206,2.28,487655.2,2026-09-05 11:59:59.999000+00:00,1
2026-09-05 12:00:00+00:00,2.28,2.289,2.155,2.175,741438.2,2026-09-05 15:59:59.999000+00:00,1
2026-09-05 16:00:00+00:00,2.174,2.272,2.172,2.187,742262.9,2026-09-05 19:59:59.999000+00:00,1
2026-09-05 20:00:00+00:00,2.187,2.2,2.162,2.19,282227.5,2026-09-05 23:59:59.999000+00:00,1
2026-09-06 00:00:00+00:00,2.189,2.236,2.17,2.216,436803.4,2026-09-06 03:59:59.999000+00:00,1
2026-09-06 04:00:00+00:00,2.215,2.31,2.177,2.302,843949.5,2026-09-06 07:59:59.999000+00:00,1
2026-09-06 08:00:00+00:00,2.302,2.414,2.264,2.391,1149624.7,2026-09-06 11:59:59.999000+00:00,1
2026-09-06 12:00:00+00:00,2.391,2.488,2.327,2.387,1712351.4,2026-09-06 15:59:59.999000+00:00,1
2026-09-06 16:00:00+00:00,2.387,2.449,2.363,2.421,517284.9,2026-09-06 19:59:59.999000+00:00,1
2026-09-06 20:00:00+00:00,2.421,2.501,2.398,2.438,466234.7,2026-09-06 23:59:59.999000+00:00,1
2026-09-07 00:00:00+00:00,2.438,2.443,2.346,2.401,530571.4,2026-09-07 03:59:59.999000+00:00,1
2026-09-07 04:00:00+00:00,2.401,2.446,2.289,2.3,918211.8,2026-09-07 07:59:59.999000+00:00,1
2026-09-07 08:00:00+00:00,2.301,2.362,2.298,2.345,369116.2,2026-09-07 11:59:59.999000+00:00,1
2026-09-07 12:00:00+00:00,2.346,2.404,2.282,2.294,520836.6,2026-09-07 15:59:59.999000+00:00,1
2026-09-07 16:00:00+00:00,2.294,2.337,2.29,2.319,265035.4,2026-09-07 19:59:59.999000+00:00,1
2026-09-07 20:00:00+00:00,2.319,2.332,2.267,2.307,211630.5,2026-09-07 23:59:59.999000+00:00,1
2026-09-08 00:00:00+00:00,2.308,2.382,2.274,2.278,436079.4,2026-09-08 03:59:59.999000+00:00,1
2026-09-08 04:00:00+00:00,2.278,2.333,2.247,2.319,364540.0,2026-09-08 07:59:59.999000+00:00,1
2026-09-08 08:00:00+00:00,2.318,2.352,2.267,2.28,373753.6,2026-09-08 11:59:59.999000+00:00,1
2026-09-08 12:00:00+00:00,2.281,2.44,2.24,2.413,1004930.2,2026-09-08 15:59:59.999000+00:00,1
2026-09-08 16:00:00+00:00,2.412,2.417,2.314,2.327,494926.1,2026-09-08 19:59:59.999000+00:00,1
2026-09-08 20:00:00+00:00,2.326,2.35,2.276,2.317,293345.7,2026-09-08 23:59:59.999000+00:00,1
2026-09-09 00:00:00+00:00,2.318,2.362,2.255,2.273,323151.9,2026-09-09 03:59:59.999000+00:00,1
2026-09-09 04:00:00+00:00,2.273,2.47,2.273,2.435,712590.3,2026-09-09 07:59:59.999000+00:00,1
2026-09-09 08:00:00+00:00,2.435,2.62,2.42,2.593,1044025.6,2026-09-09 11:59:59.999000+00:00,1
2026-09-09 12:00:00+00:00,2.592,2.646,2.521,2.589,1171852.3,2026-09-09 15:59:59.999000+00:00,1
2026-09-09 16:00:00+00:00,2.59,2.649,2.494,2.511,743349.4,2026-09-09 19:59:59.999000+00:00,1
2026-09-09 20:00:00+00:00,2.51,2.519,2.426,2.482,467032.7,2026-09-09 23:59:59.999000+00:00,1
2026-09-10 00:00:00+00:00,2.482,2.544,2.42,2.535,622346.4,2026-09-10 03:59:59.999000+00:00,1
2026-09-10 04:00:00+00:00,2.534,2.548,2.393,2.419,596703.0,2026-09-10 07:59:59.999000+00:00,1
2026-09-10 08:00:00+00:00,2.419,2.439,2.377,2.406,499118.3,2026-09-10 11:59:59.999000+00:00,1
2026-09-10 12:00:00+00:00,2.405,2.477,2.357,2.47,941895.1,2026-09-10 15:59:59.999000+00:00,1
2026-09-10 16:00:00+00:00,2.471,2.528,2.415,2.469,574816.6,2026-09-10 19:59:59.999000+00:00,1
2026-09-10 20:00:00+00:00,2.47,2.542,2.427,2.441,494331.9,2026-09-10 23:59:59.999000+00:00,1
2026-09-11 00:00:00+00:00,2.441,2.526,2.376,2.419,538650.0,2026-09-11 03:59:59.999000+00:00,1
2026-09-11 04:00:00+00:00,2.419,2.523,2.408,2.453,563694.1,2026-09-11 07:59:59.999000+00:00,1
2026-09-11 08:00:00+00:00,2.453,2.503,2.415,2.456,527556.9,2026-09-11 11:59:59.999000+00:00,1
2026-09-11 12:00:00+00:00,2.456,2.728,2.397,2.617,2106389.1,2026-09-11 15:59:59.999000+00:00,1
2026-09-11 16:00:00+00:00,2.617,2.674,2.48,2.506,944658.2,2026-09-11 19:59:59.999000+00:00,1
2026-09-11 20:00:00+00:00,2.506,2.528,2.349,2.364,496122.2,2026-09-11 23:59:59.999000+00:00,1
2026-09-12 00:00:00+00:00,2.363,2.384,2.324,2.381,408903.6,2026-09-12 03:59:59.999000+00:00,1
2026-09-12 04:00:00+00:00,2.382,2.383,2.333,2.361,257712.4,2026-09-12 07:59:59.999000+00:00,1
2026-09-12 08:00:00+00:00,2.361,2.391,2.354,2.367,273432.2,2026-09-12 11:59:59.999000+00:00,1
2026-09-12 12:00:00+00:00,2.368,2.421,2.349,2.403,398540.0,2026-09-12 15:59:59.999000+00:00,1
2026-09-12 16:00:00+00:00,2.403,2.418,2.327,2.341,357836.0,2026-09-12 19:59:59.999000+00:00,1
2026-09-12 20:00:00+00:00,2.34,2.374,2.335,2.368,165975.7,2026-09-12 23:59:59.999000+00:00,1
2026-09-13 00:00:00+00:00,2.369,2.379,2.339,2.345,182885.0,2026-09-13 03:59:59.999000+00:00,1
2026-09-13 04:00:00+00:00,2.346,2.356,2.287,2.3,268207.2,2026-09-13 07:59:59.999000+00:00,1
2026-09-13 08:00:00+00:00,2.299,2.328,2.264,2.299,409275.0,2026-09-13 11:59:59.999000+00:00,1
2026-09-13 12:00:00+00:00,2.3,2.32,2.281,2.285,220274.2,2026-09-13 15:59:59.999000+00:00,1
2026-09-13 16:00:00+00:00,2.285,2.38,2.284,2.327,253502.8,2026-09-13 19:59:59.999000+00:00,1
2026-09-13 20:00:00+00:00,2.327,2.353,2.28,2.296,171850.1,2026-09-13 23:59:59.999000+00:00,1
2026-09-14 00:00:00+00:00,2.295,2.388,2.276,2.376,282179.2,2026-09-14 03:59:59.999000+00:00,1
2026-09-14 04:00:00+00:00,2.376,2.453,2.375,2.419,289592.8,2026-09-14 07:59:59.999000+00:00,1
2026-09-14 08:00:00+00:00,2.419,2.432,2.389,2.417,232863.9,2026-09-14 11:59:59.999000+00:00,1
2026-09-14 12:00:00+00:00,2.416,2.435,2.377,2.395,334685.0,2026-09-14 15:59:59.999000+00:00,1
2026-09-14 16:00:00+00:00,2.395,2.595,2.394,2.531,820023.3,2026-09-14 19:59:59.999000+00:00,1
2026-09-14 20:00:00+00:00,2.531,2.589,2.453,2.467,405824.5,2026-09-14 23:59:59.999000+00:00,1
2026-09-15 00:00:00+00:00,2.467,2.486,2.411,2.417,278162.2,2026-09-15 03:59:59.999000+00:00,1
2026-09-15 04:00:00+00:00,2.417,2.455,2.329,2.356,437430.5,2026-09-15 07:59:59.999000+00:00,1
2026-09-15 08:00:00+00:00,2.356,2.405,2.349,2.37,329844.3,2026-09-15 11:59:59.999000+00:00,1
2026-09-15 12:00:00+00:00,2.37,2.405,2.326,2.366,398909.4,2026-09-15 15:59:59.999000+00:00,1
2026-09-15 16:00:00+00:00,2.367,2.421,2.293,2.336,414537.2,2026-09-15 19:59:59.999000+00:00,1
2026-09-15 20:00:00+00:00,2.335,2.347,2.302,2.335,132884.5,2026-09-15 23:59:59.999000+00:00,1
2026-09-16 00:00:00+00:00,2.336,2.366,2.295,2.346,205209.5,2026-09-16 03:59:59.999000+00:00,1
2026-09-16 04:00:00+00:00,2.346,2.374,2.327,2.33,229376.3,2026-09-16 07:59:59.999000+00:00,1
2026-09-16 08:00:00+00:00,2.33,2.486,2.31,2.482,505426.3,2026-09-16 11:59:59.999000+00:00,1
2026-09-16 12:00:00+00:00,2.481,2.502,2.423,2.454,529021.1,2026-09-16 15:59:59.999000+00:00,1
2026-09-16 16:00:00+00:00,2.454,2.578,2.438,2.547,1083640.8,2026-09-16 19:59:59.999000+00:00,1
2026-09-16 20:00:00+00:00,2.547,2.633,2.521,2.62,547976.4,2026-09-16 23:59:59.999000+00:00,1
2026-09-17 00:00:00+00:00,2.619,2.716,2.587,2.695,585732.6,2026-09-17 03:59:59.999000+00:00,1
2026-09-17 04:00:00+00:00,2.695,2.757,2.633,2.719,460201.8,2026-09-17 07:59:59.999000+00:00,1
2026-09-17 08:00:00+00:00,2.719,2.873,2.708,2.872,964967.4,2026-09-17 11:59:59.999000+00:00,1
2026-09-17 12:00:00+00:00,2.872,2.916,2.802,2.877,1305494.2,2026-09-17 15:59:59.999000+00:00,1
2026-09-17 16:00:00+00:00,2.876,3.076,2.873,3.046,1555445.3,2026-09-17 19:59:59.999000+00:00,1
2026-09-17 20:00:00+00:00,3.047,3.203,2.981,3.146,1002721.2,2026-09-17 23:59:59.999000+00:00,1
2026-09-18 00:00:00+00:00,3.145,3.512,3.069,3.497,1804439.2,2026-09-18 03:59:59.999000+00:00,1
2026-09-18 04:00:00+00:00,3.498,3.575,3.414,3.5,1573550.8,2026-09-18 07:59:59.999000+00:00,1
2026-09-18 08:00:00+00:00,3.5,3.595,3.414,3.504,1519859.3,2026-09-18 11:59:59.999000+00:00,1
2026-09-18 12:00:00+00:00,3.504,3.798,3.471,3.653,2752519.3,2026-09-18 15:59:59.999000+00:00,1
2026-09-18 16:00:00+00:00,3.654,3.837,3.578,3.674,1540731.3,2026-09-18 19:59:59.999000+00:00,1
2026-09-18 20:00:00+00:00,3.674,3.819,3.622,3.763,808838.6,2026-09-18 23:59:59.999000+00:00,1
2026-09-19 00:00:00+00:00,3.763,3.914,3.687,3.755,1168635.1,2026-09-19 03:59:59.999000+00:00,1
2026-09-19 04:00:00+00:00,3.755,3.795,3.631,3.685,793174.0,2026-09-19 07:59:59.999000+00:00,1
2026-09-19 08:00:00+00:00,3.685,3.749,3.62,3.683,796345.8,2026-09-19 11:59:59.999000+00:00,1
2026-09-19 12:00:00+00:00,3.683,3.687,3.538,3.618,833142.7,2026-09-19 15:59:59.999000+00:00,1
2026-09-19 16:00:00+00:00,3.617,3.682,3.401,3.523,1191815.7,2026-09-19 19:59:59.999000+00:00,1
2026-09-19 20:00:00+00:00,3.523,3.629,3.511,3.587,431842.1,2026-09-19 23:59:59.999000+00:00,1
2026-09-20 00:00:00+00:00,3.588,3.61,3.466,3.509,680659.7,2026-09-20 03:59:59.999000+00:00,1
2026-09-20 04:00:00+00:00,3.508,3.517,3.421,3.46,422838.7,2026-09-20 07:59:59.999000+00:00,1
2026-09-20 08:00:00+00:00,3.46,3.672,3.46,3.613,745900.4,2026-09-20 11:59:59.999000+00:00,1
2026-09-20 12:00:00+00:00,3.614,3.919,3.559,3.91,1515341.2,2026-09-20 15:59:59.999000+00:00,1
2026-09-20 16:00:00+00:00,3.91,4.306,3.85,4.156,2518973.7,2026-09-20 19:59:59.999000+00:00,1
2026-09-20 20:00:00+00:00,4.156,4.286,4.04,4.165,1053744.3,2026-09-20 23:59:59.999000+00:00,1
2026-09-21 00:00:00+00:00,4.165,4.408,4.102,4.401,1479732.3,2026-09-21 03:59:59.999000+00:00,1
2026-09-21 04:00:00+00:00,4.4,4.463,4.206,4.265,1083569.3,2026-09-21 07:59:59.999000+00:00,1
2026-09-21 08:00:00+00:00,4.264,4.374,4.145,4.174,1168988.4,2026-09-21 11:59:59.999000+00:00,1
2026-09-21 12:00:00+00:00,4.174,4.235,4.001,4.068,907748.6,2026-09-21 15:59:59.999000+00:00,1
2026-09-21 16:00:00+00:00,4.067,4.173,3.916,4.158,1197125.6,2026-09-21 19:59:59.999000+00:00,1
2026-09-21 20:00:00+00:00,4.157,4.339,4.018,4.267,855353.9,2026-09-21 23:59:59.999000+00:00,1
2026-09-22 00:00:00+00:00,4.266,4.589,4.202,4.387,1516370.4,2026-09-22 03:59:59.999000+00:00,1
2026-09-22 04:00:00+00:00,4.386,4.504,4.254,4.366,1145551.6,2026-09-22 07:59:59.999000+00:00,1
2026-09-22 08:00:00+00:00,4.366,4.631,4.348,4.555,1293777.5,2026-09-22 11:59:59.999000+00:00,1
2026-09-22 12:00:00+00:00,4.556,4.659,4.285,4.408,1556876.8,2026-09-22 15:59:59.999000+00:00,1
2026-09-22 16:00:00+00:00,4.407,4.49,4.313,4.346,616345.2,2026-09-22 19:59:59.999000+00:00,1
2026-09-22 20:00:00+00:00,4.346,4.466,4.221,4.422,625937.9,2026-09-22 23:59:59.999000+00:00,1
2026-09-23 00:00:00+00:00,4.422,4.441,4.282,4.384,560424.4,2026-09-23 03:59:59.999000+00:00,1
2026-09-23 04:00:00+00:00,4.383,4.558,4.319,4.403,900691.7,2026-09-23 07:59:59.999000+00:00,1
2026-09-23 08:00:00+00:00,4.403,4.75,4.367,4.691,1562776.0,2026-09-23 11:59:59.999000+00:00,1
2026-09-23 12:00:00+00:00,4.691,4.816,4.408,4.531,1707989.1,2026-09-23 15:59:59.999000+00:00,0
