ts,open,high,low,close,volume,close_time,confirm
2026-04-11 00:00:00+00:00,0.040712,0.04112,0.04021,0.040997,230168.0,2026-04-11 03:59:59.999000+00:00,1
2026-04-11 04:00:00+00:00,0.040999,0.041277,0.040557,0.040608,162361.0,2026-04-11 07:59:59.999000+00:00,1
2026-04-11 08:00:00+00:00,0.040608,0.040798,0.040332,0.04071,186691.0,2026-04-11 11:59:59.999000+00:00,1
2026-04-11 12:00:00+00:00,0.04071,0.040821,0.04043,0.040609,113597.0,2026-04-11 15:59:59.999000+00:00,1
2026-04-11 16:00:00+00:00,0.040601,0.040957,0.040524,0.04092,154424.0,2026-04-11 19:59:59.999000+00:00,1
2026-04-11 20:00:00+00:00,0.040921,0.040994,0.040514,0.040564,100787.0,2026-04-11 23:59:59.999000+00:00,1
2026-04-12 00:00:00+00:00,0.040561,0.040632,0.0386,0.038734,474678.0,2026-04-12 03:59:59.999000+00:00,1
2026-04-12 04:00:00+00:00,0.038734,0.039219,0.038209,0.038584,184926.0,2026-04-12 07:59:59.999000+00:00,1
2026-04-12 08:00:00+00:00,0.038572,0.038871,0.038163,0.038405,114354.0,2026-04-12 11:59:59.999000+00:00,1
2026-04-12 12:00:00+00:00,0.038386,0.038788,0.037726,0.038689,227793.0,2026-04-12 15:59:59.999000+00:00,1
2026-04-12 16:00:00+00:00,0.038693,0.03883,0.038034,0.038191,142437.0,2026-04-12 19:59:59.999000+00:00,1
2026-04-12 20:00:00+00:00,0.03819,0.03838,0.03767,0.037987,105596.0,2026-04-12 23:59:59.999000+00:00,1
2026-04-13 00:00:00+00:00,0.037968,0.040506,0.037713,0.039657,692503.0,2026-04-13 03:59:59.999000+00:00,1
2026-04-13 04:00:00+00:00,0.039655,0.039687,0.0387,0.039024,251954.0,2026-04-13 07:59:59.999000+00:00,1
2026-04-13 08:00:00+00:00,0.039014,0.039331,0.03828,0.038587,167194.0,2026-04-13 11:59:59.999000+00:00,1
2026-04-13 12:00:00+00:00,0.038577,0.038934,0.038402,0.038496,119889.0,2026-04-13 15:59:59.999000+00:00,1
2026-04-13 16:00:00+00:00,0.038497,0.039143,0.038262,0.039055,93837.0,2026-04-13 19:59:59.999000+00:00,1
2026-04-13 20:00:00+00:00,0.039055,0.039388,0.038448,0.039292,166075.0,2026-04-13 23:59:59.999000+00:00,1
2026-04-14 00:00:00+00:00,0.039293,0.039299,0.03862,0.038761,111859.0,2026-04-14 03:59:59.999000+00:00,1
2026-04-14 04:00:00+00:00,0.03876,0.038768,0.035331,0.03611,988711.0,2026-04-14 07:59:59.999000+00:00,1
2026-04-14 08:00:00+00:00,0.036115,0.036123,0.03509,0.03576,318071.0,2026-04-14 11:59:59.999000+00:00,1
2026-04-14 12:00:00+00:00,0.035757,0.036603,0.035408,0.03604,406945.0,2026-04-14 15:59:59.999000+00:00,1
2026-04-14 16:00:00+00:00,0.036037,0.036096,0.034431,0.035525,350757.0,2026-04-14 19:59:59.999000+00:00,1
2026-04-14 20:00:00+00:00,0.035528,0.036291,0.035528,0.036009,172826.0,2026-04-14 23:59:59.999000+00:00,1
2026-04-15 00:00:00+00:00,0.036009,0.036405,0.035521,0.035979,164632.0,2026-04-15 03:59:59.999000+00:00,1
2026-04-15 04:00:00+00:00,0.035979,0.03653,0.03513,0.03596,232738.0,2026-04-15 07:59:59.999000+00:00,1
2026-04-15 08:00:00+00:00,0.03599,0.0366,0.03577,0.03602,151459.0,2026-04-15 11:59:59.999000+00:00,1
2026-04-15 12:00:00+00:00,0.03599,0.03624,0.03554,0.03582,121914.0,2026-04-15 15:59:59.999000+00:00,1
2026-04-15 16:00:00+00:00,0.0358,0.03617,0.0357,0.03586,98288.0,2026-04-15 19:59:59.999000+00:00,1
2026-04-15 20:00:00+00:00,0.03587,0.03611,0.0346,0.03603,223064.0,2026-04-15 23:59:59.999000+00:00,1
2026-04-16 00:00:00+00:00,0.03602,0.03616,0.0356,0.03593,131739.0,2026-04-16 03:59:59.999000+00:00,1
2026-04-16 04:00:00+00:00,0.03591,0.036,0.03545,0.03561,139618.0,2026-04-16 07:59:59.999000+00:00,1
2026-04-16 08:00:00+00:00,0.0356,0.03571,0.03509,0.03528,178724.0,2026-04-16 11:59:59.999000+00:00,1
2026-04-16 12:00:00+00:00,0.03527,0.03592,0.03524,0.03587,243404.0,2026-04-16 15:59:59.999000+00:00,1
2026-04-16 16:00:00+00:00,0.03587,0.03726,0.03579,0.03683,293895.0,2026-04-16 19:59:59.999000+00:00,1
2026-04-16 20:00:00+00:00,0.03682,0.0371,0.03629,0.03665,116927.0,2026-04-16 23:59:59.999000+00:00,1
2026-04-17 00:00:00+00:00,0.03665,0.03707,0.03583,0.03602,178530.0,2026-04-17 03:59:59.999000+00:00,1
2026-04-17 04:00:00+00:00,0.03601,0.03776,0.03601,0.03763,239833.0,2026-04-17 07:59:59.999000+00:00,1
2026-04-17 08:00:00+00:00,0.03764,0.0377,0.03664,0.03738,181379.0,2026-04-17 11:59:59.999000+00:00,1
2026-04-17 12:00:00+00:00,0.03736,0.038,0.03618,0.03651,207864.0,2026-04-17 15:59:59.999000+00:00,1
2026-04-17 16:00:00+00:00,0.03651,0.03717,0.0364,0.03682,103552.0,2026-04-17 19:59:59.999000+00:00,1
2026-04-17 20:00:00+00:00,0.03681,0.03719,0.03664,0.03692,74103.0,2026-04-17 23:59:59.999000+00:00,1
2026-04-18 00:00:00+00:00,0.03692,0.03716,0.03659,0.03685,87923.0,2026-04-18 03:59:59.999000+00:00,1
2026-04-18 04:00:00+00:00,0.03685,0.03777,0.03677,0.03742,155384.0,2026-04-18 07:59:59.999000+00:00,1
2026-04-18 08:00:00+00:00,0.03742,0.03747,0.03665,0.03686,159420.0,2026-04-18 11:59:59.999000+00:00,1
2026-04-18 12:00:00+00:00,0.03685,0.0382,0.0368,0.03744,338115.0,2026-04-18 15:59:59.999000+00:00,1
2026-04-18 16:00:00+00:00,0.03744,0.03816,0.03718,0.03763,189647.0,2026-04-18 19:59:59.999000+00:00,1
2026-04-18 20:00:00+00:00,0.03763,0.03881,0.0376,0.03834,238843.0,2026-04-18 23:59:59.999000+00:00,1
2026-04-19 00:00:00+00:00,0.03834,0.03835,0.03693,0.03758,342175.0,2026-04-19 03:59:59.999000+00:00,1
2026-04-19 04:00:00+00:00,0.03757,0.03761,0.03643,0.03691,184228.0,2026-04-19 07:59:59.999000+00:00,1
2026-04-19 08:00:00+00:00,0.0369,0.03739,0.0367,0.03726,104410.0,2026-04-19 11:59:59.999000+00:00,1
2026-04-19 12:00:00+00:00,0.03727,0.03761,0.03681,0.03713,125704.0,2026-04-19 15:59:59.999000+00:00,1
2026-04-19 16:00:00+00:00,0.03713,0.03776,0.03694,0.03729,130417.0,2026-04-19 19:59:59.999000+00:00,1
2026-04-19 20:00:00+00:00,0.03729,0.0377,0.03597,0.03631,189528.0,2026-04-19 23:59:59.999000+00:00,1
2026-04-20 00:00:00+00:00,0.03629,0.03675,0.0361,0.03648,111430.0,2026-04-20 03:59:59.999000+00:00,1
2026-04-20 04:00:00+00:00,0.03648,0.03687,0.03617,0.03618,120812.0,2026-04-20 07:59:59.999000+00:00,1
2026-04-20 08:00:00+00:00,0.03618,0.03622,0.03523,0.03547,272020.0,2026-04-20 11:59:59.999000+00:00,1
2026-04-20 12:00:00+00:00,0.0355,0.03582,0.03536,0.03571,105188.0,2026-04-20 15:59:59.999000+00:00,1
2026-04-20 16:00:00+00:00,0.0357,0.03604,0.03545,0.03579,74967.0,2026-04-20 19:59:59.999000+00:00,1
2026-04-20 20:00:00+00:00,0.03577,0.03644,0.03571,0.03609,81399.0,2026-04-20 23:59:59.999000+00:00,1
2026-04-21 00:00:00+00:00,0.03608,0.03654,0.03566,0.03606,115742.0,2026-04-21 03:59:59.999000+00:00,1
2026-04-21 04:00:00+00:00,0.03605,0.03703,0.03588,0.0367,188542.0,2026-04-21 07:59:59.999000+00:00,1
2026-04-21 08:00:00+00:00,0.03672,0.03742,0.03672,0.03692,154722.0,2026-04-21 11:59:59.999000+00:00,1
2026-04-21 12:00:00+00:00,0.03694,0.03717,0.0365,0.03704,136548.0,2026-04-21 15:59:59.999000+00:00,1
2026-04-21 16:00:00+00:00,0.03705,0.03712,0.03572,0.03601,166694.0,2026-04-21 19:59:59.999000+00:00,1
2026-04-21 20:00:00+00:00,0.036,0.03639,0.03594,0.03632,69793.0,2026-04-21 23:59:59.999000+00:00,1
2026-04-22 00:00:00+00:00,0.03633,0.03737,0.03628,0.0369,114626.0,2026-04-22 03:59:59.999000+00:00,1
2026-04-22 04:00:00+00:00,0.03691,0.03746,0.03689,0.03719,86417.0,2026-04-22 07:59:59.999000+00:00,1
2026-04-22 08:00:00+00:00,0.03719,0.03728,0.03691,0.03721,64750.0,2026-04-22 11:59:59.999000+00:00,1
2026-04-22 12:00:00+00:00,0.03721,0.0374,0.03681,0.03706,75360.0,2026-04-22 15:59:59.999000+00:00,1
2026-04-22 16:00:00+00:00,0.03707,0.03736,0.03687,0.03702,44914.0,2026-04-22 19:59:59.999000+00:00,1
2026-04-22 20:00:00+00:00,0.03703,0.0375,0.03695,0.03704,68882.0,2026-04-22 23:59:59.999000+00:00,1
2026-04-23 00:00:00+00:00,0.03705,0.03728,0.03632,0.0365,161546.0,2026-04-23 03:59:59.999000+00:00,1
2026-04-23 04:00:00+00:00,0.03651,0.03685,0.03649,0.03658,76026.0,2026-04-23 07:59:59.999000+00:00,1
2026-04-23 08:00:00+00:00,0.03657,0.03709,0.03649,0.03699,92290.0,2026-04-23 11:59:59.999000+00:00,1
2026-04-23 12:00:00+00:00,0.037,0.03715,0.03665,0.03679,96848.0,2026-04-23 15:59:59.999000+00:00,1
2026-04-23 16:00:00+00:00,0.03678,0.03687,0.03592,0.03638,165797.0,2026-04-23 19:59:59.999000+00:00,1
2026-04-23 20:00:00+00:00,0.03637,0.03676,0.03637,0.03663,54056.0,2026-04-23 23:59:59.999000+00:00,1
2026-04-24 00:00:00+00:00,0.03664,0.03688,0.03652,0.03657,50973.0,2026-04-24 03:59:59.999000+00:00,1
2026-04-24 04:00:00+00:00,0.03655,0.03671,0.03623,0.03626,68974.0,2026-04-24 07:59:59.999000+00:00,1
2026-04-24 08:00:00+00:00,0.03626,0.03782,0.03622,0.03743,199378.0,2026-04-24 11:59:59.999000+00:00,1
2026-04-24 12:00:00+00:00,0.03743,0.03779,0.03727,0.03748,129576.0,2026-04-24 15:59:59.999000+00:00,1
2026-04-24 16:00:00+00:00,0.03747,0.03755,0.03696,0.03735,84898.0,2026-04-24 19:59:59.999000+00:00,1
2026-04-24 20:00:00+00:00,0.03736,0.03768,0.03718,0.03739,88535.0,2026-04-24 23:59:59.999000+00:00,1
2026-04-25 00:00:00+00:00,0.03738,0.03774,0.03719,0.03728,71667.0,2026-04-25 03:59:59.999000+00:00,1
2026-04-25 04:00:00+00:00,0.03729,0.03737,0.03663,0.03674,109903.0,2026-04-25 07:59:59.999000+00:00,1
2026-04-25 08:00:00+00:00,0.03673,0.03692,0.03571,0.03586,203788.0,2026-04-25 11:59:59.999000+00:00,1
2026-04-25 12:00:00+00:00,0.03585,0.0364,0.03578,0.03595,189496.0,2026-04-25 15:59:59.999000+00:00,1
2026-04-25 16:00:00+00:00,0.03592,0.03602,0.03552,0.03571,87019.0,2026-04-25 19:59:59.999000+00:00,1
2026-04-25 20:00:00+00:00,0.0357,0.03596,0.03559,0.03575,77128.0,2026-04-25 23:59:59.999000+00:00,1
2026-04-26 00:00:00+00:00,0.03574,0.03599,0.03561,0.03591,110963.0,2026-04-26 03:59:59.999000+00:00,1
2026-04-26 04:00:00+00:00,0.0359,0.03605,0.03554,0.03565,79438.0,2026-04-26 07:59:59.999000+00:00,1
2026-04-26 08:00:00+00:00,0.03565,0.03573,0.03539,0.03561,85504.0,2026-04-26 11:59:59.999000+00:00,1
2026-04-26 12:00:00+00:00,0.0356,0.03581,0.03525,0.03571,91706.0,2026-04-26 15:59:59.999000+00:00,1
2026-04-26 16:00:00+00:00,0.03571,0.03582,0.03542,0.03567,58794.0,2026-04-26 19:59:59.999000+00:00,1
2026-04-26 20:00:00+00:00,0.03566,0.03581,0.03546,0.03557,54579.0,2026-04-26 23:59:59.999000+00:00,1
2026-04-27 00:00:00+00:00,0.03557,0.03591,0.03544,0.03582,144294.0,2026-04-27 03:59:59.999000+00:00,1
2026-04-27 04:00:00+00:00,0.0358,0.03644,0.03569,0.03572,263454.0,2026-04-27 07:59:59.999000+00:00,1
2026-04-27 08:00:00+00:00,0.03572,0.03573,0.03424,0.03459,400717.0,2026-04-27 11:59:59.999000+00:00,1
2026-04-27 12:00:00+00:00,0.03458,0.03489,0.0338,0.03403,232967.0,2026-04-27 15:59:59.999000+00:00,1
2026-04-27 16:00:00+00:00,0.03404,0.03488,0.03388,0.03488,198340.0,2026-04-27 19:59:59.999000+00:00,1
2026-04-27 20:00:00+00:00,0.03488,0.0353,0.03458,0.035,118558.0,2026-04-27 23:59:59.999000+00:00,1
2026-04-28 00:00:00+00:00,0.03499,0.03528,0.03418,0.03425,168829.0,2026-04-28 03:59:59.999000+00:00,1
2026-04-28 04:00:00+00:00,0.03424,0.03432,0.03353,0.03384,164501.0,2026-04-28 07:59:59.999000+00:00,1
2026-04-28 08:00:00+00:00,0.03384,0.03396,0.03356,0.03374,121270.0,2026-04-28 11:59:59.999000+00:00,1
2026-04-28 12:00:00+00:00,0.03374,0.03413,0.03337,0.03386,144514.0,2026-04-28 15:59:59.999000+00:00,1
2026-04-28 16:00:00+00:00,0.03387,0.03405,0.03367,0.03401,90439.0,2026-04-28 19:59:59.999000+00:00,1
2026-04-28 20:00:00+00:00,0.03401,0.03445,0.03396,0.03426,123642.0,2026-04-28 23:59:59.999000+00:00,1
2026-04-29 00:00:00+00:00,0.03424,0.03434,0.03397,0.03421,64870.0,2026-04-29 03:59:59.999000+00:00,1
2026-04-29 04:00:00+00:00,0.03422,0.03437,0.03384,0.03391,94204.0,2026-04-29 07:59:59.999000+00:00,1
2026-04-29 08:00:00+00:00,0.03391,0.03415,0.03376,0.03386,69826.0,2026-04-29 11:59:59.999000+00:00,1
2026-04-29 12:00:00+00:00,0.03385,0.03391,0.0331,0.03324,108345.0,2026-04-29 15:59:59.999000+00:00,1
2026-04-29 16:00:00+00:00,0.03323,0.03358,0.03232,0.03256,229408.0,2026-04-29 19:59:59.999000+00:00,1
2026-04-29 20:00:00+00:00,0.03257,0.03268,0.03208,0.03221,151000.0,2026-04-29 23:59:59.999000+00:00,1
2026-04-30 00:00:00+00:00,0.03223,0.03255,0.03184,0.03198,159195.0,2026-04-30 03:59:59.999000+00:00,1
2026-04-30 04:00:00+00:00,0.03199,0.03305,0.03164,0.03275,253798.0,2026-04-30 07:59:59.999000+00:00,1
2026-04-30 08:00:00+00:00,0.03275,0.03328,0.03253,0.03328,204149.0,2026-04-30 11:59:59.999000+00:00,1
2026-04-30 12:00:00+00:00,0.03328,0.03348,0.03275,0.03306,139710.0,2026-04-30 15:59:59.999000+00:00,1
2026-04-30 16:00:00+00:00,0.03306,0.03307,0.03252,0.03261,78907.0,2026-04-30 19:59:59.999000+00:00,1
2026-04-30 20:00:00+00:00,0.03262,0.03284,0.03258,0.03265,40459.0,2026-04-30 23:59:59.999000+00:00,1
2026-05-01 00:00:00+00:00,0.03267,0.0329,0.0326,0.0327,61281.0,2026-05-01 03:59:59.999000+00:00,1
2026-05-01 04:00:00+00:00,0.03271,0.03288,0.03226,0.03245,67796.0,2026-05-01 07:59:59.999000+00:00,1
2026-05-01 08:00:00+00:00,0.03245,0.03252,0.03187,0.03209,158984.0,2026-05-01 11:59:59.999000+00:00,1
2026-05-01 12:00:00+00:00,0.0321,0.03233,0.03194,0.03209,128728.0,2026-05-01 15:59:59.999000+00:00,1
2026-05-01 16:00:00+00:00,0.03209,0.03213,0.03176,0.03184,73693.0,2026-05-01 19:59:59.999000+00:00,1
2026-05-01 20:00:00+00:00,0.03184,0.03196,0.03152,0.03163,75551.0,2026-05-01 23:59:59.999000+00:00,1
2026-05-02 00:00:00+00:00,0.03163,0.03186,0.03134,0.03165,82269.0,2026-05-02 03:59:59.999000+00:00,1
2026-05-02 04:00:00+00:00,0.03166,0.03168,0.03135,0.03139,65692.0,2026-05-02 07:59:59.999000+00:00,1
2026-05-02 08:00:00+00:00,0.03141,0.03165,0.03135,0.03152,63567.0,2026-05-02 11:59:59.999000+00:00,1
2026-05-02 12:00:00+00:00,0.03151,0.03178,0.03148,0.03159,57850.0,2026-05-02 15:59:59.999000+00:00,1
2026-05-02 16:00:00+00:00,0.03159,0.03174,0.03137,0.03148,70527.0,2026-05-02 19:59:59.999000+00:00,1
2026-05-02 20:00:00+00:00,0.03148,0.03192,0.03138,0.03179,85529.0,2026-05-02 23:59:59.999000+00:00,1
2026-05-03 00:00:00+00:00,0.03179,0.03232,0.03169,0.03184,197842.0,2026-05-03 03:59:59.999000+00:00,1
2026-05-03 04:00:00+00:00,0.03183,0.03193,0.03149,0.03181,89146.0,2026-05-03 07:59:59.999000+00:00,1
2026-05-03 08:00:00+00:00,0.03182,0.03203,0.03151,0.03168,90057.0,2026-05-03 11:59:59.999000+00:00,1
2026-05-03 12:00:00+00:00,0.03168,0.03192,0.03162,0.03176,61256.0,2026-05-03 15:59:59.999000+00:00,1
2026-05-03 16:00:00+00:00,0.03175,0.0329,0.03174,0.03196,556664.0,2026-05-03 19:59:59.999000+00:00,1
2026-05-03 20:00:00+00:00,0.03195,0.03221,0.03002,0.03022,685900.0,2026-05-03 23:59:59.999000+00:00,1
2026-05-04 00:00:00+00:00,0.03021,0.03188,0.03008,0.03139,287042.0,2026-05-04 03:59:59.999000+00:00,1
2026-05-04 04:00:00+00:00,0.03139,0.03142,0.03098,0.03118,118419.0,2026-05-04 07:59:59.999000+00:00,1
2026-05-04 08:00:00+00:00,0.03117,0.03149,0.03077,0.03104,142723.0,2026-05-04 11:59:59.999000+00:00,1
2026-05-04 12:00:00+00:00,0.03103,0.03116,0.03069,0.03097,139092.0,2026-05-04 15:59:59.999000+00:00,1
2026-05-04 16:00:00+00:00,0.03096,0.03122,0.03073,0.03076,90304.0,2026-05-04 19:59:59.999000+00:00,1
2026-05-04 20:00:00+00:00,0.03075,0.03079,0.02968,0.02993,256553.0,2026-05-04 23:59:59.999000+00:00,1
2026-05-05 00:00:00+00:00,0.02994,0.03099,0.02981,0.03075,254256.0,2026-05-05 03:59:59.999000+00:00,1
2026-05-05 04:00:00+00:00,0.03074,0.0312,0.03057,0.0309,191262.0,2026-05-05 07:59:59.999000+00:00,1
2026-05-05 08:00:00+00:00,0.0309,0.03111,0.03078,0.03083,95233.0,2026-05-05 11:59:59.999000+00:00,1
2026-05-05 12:00:00+00:00,0.03083,0.03158,0.03076,0.03131,278738.0,2026-05-05 15:59:59.999000+00:00,1
2026-05-05 16:00:00+00:00,0.03131,0.03203,0.03116,0.03134,272023.0,2026-05-05 19:59:59.999000+00:00,1
2026-05-05 20:00:00+00:00,0.03135,0.03341,0.03112,0.03261,662964.0,2026-05-05 23:59:59.999000+00:00,1
2026-05-06 00:00:00+00:00,0.03261,0.03298,0.03232,0.03259,219077.0,2026-05-06 03:59:59.999000+00:00,1
2026-05-06 04:00:00+00:00,0.03261,0.03261,0.03195,0.03212,148513.0,2026-05-06 07:59:59.999000+00:00,1
2026-05-06 08:00:00+00:00,0.03212,0.03301,0.03212,0.03246,211108.0,2026-05-06 11:59:59.999000+00:00,1
2026-05-06 12:00:00+00:00,0.03245,0.03246,0.03151,0.03173,185789.0,2026-05-06 15:59:59.999000+00:00,1
2026-05-06 16:00:00+00:00,0.03172,0.03205,0.03145,0.03174,142526.0,2026-05-06 19:59:59.999000+00:00,1
2026-05-06 20:00:00+00:00,0.03173,0.03206,0.0317,0.03201,88298.0,2026-05-06 23:59:59.999000+00:00,1
2026-05-07 00:00:00+00:00,0.032,0.03211,0.03166,0.03197,131008.0,2026-05-07 03:59:59.999000+00:00,1
2026-05-07 04:00:00+00:00,0.03198,0.03251,0.03194,0.0321,127046.0,2026-05-07 07:59:59.999000+00:00,1
2026-05-07 08:00:00+00:00,0.03211,0.03213,0.03121,0.03142,201282.0,2026-05-07 11:59:59.999000+00:00,1
2026-05-07 12:00:00+00:00,0.03142,0.0319,0.03096,0.03108,187707.0,2026-05-07 15:59:59.999000+00:00,1
2026-05-07 16:00:00+00:00,0.03108,0.03123,0.03055,0.03087,151316.0,2026-05-07 19:59:59.999000+00:00,1
2026-05-07 20:00:00+00:00,0.03088,0.03202,0.03073,0.032,149779.0,2026-05-07 23:59:59.999000+00:00,1
2026-05-08 00:00:00+00:00,0.03201,0.03426,0.03191,0.0337,1097891.0,2026-05-08 03:59:59.999000+00:00,1
2026-05-08 04:00:00+00:00,0.0337,0.03386,0.03201,0.03258,946351.0,2026-05-08 07:59:59.999000+00:00,1
2026-05-08 08:00:00+00:00,0.03256,0.03286,0.03195,0.03215,237812.0,2026-05-08 11:59:59.999000+00:00,1
2026-05-08 12:00:00+00:00,0.03214,0.03325,0.03149,0.03325,343360.0,2026-05-08 15:59:59.999000+00:00,1
2026-05-08 16:00:00+00:00,0.03325,0.03344,0.03225,0.03239,253920.0,2026-05-08 19:59:59.999000+00:00,1
2026-05-08 20:00:00+00:00,0.03238,0.03283,0.03232,0.03244,92538.0,2026-05-08 23:59:59.999000+00:00,1
2026-05-09 00:00:00+00:00,0.03245,0.03307,0.03245,0.03279,91938.0,2026-05-09 03:59:59.999000+00:00,1
2026-05-09 04:00:00+00:00,0.0328,0.03333,0.03275,0.03282,134931.0,2026-05-09 07:59:59.999000+00:00,1
2026-05-09 08:00:00+00:00,0.03283,0.03327,0.03255,0.03311,111251.0,2026-05-09 11:59:59.999000+00:00,1
2026-05-09 12:00:00+00:00,0.03311,0.03324,0.03262,0.03266,127424.0,2026-05-09 15:59:59.999000+00:00,1
2026-05-09 16:00:00+00:00,0.03267,0.03282,0.03256,0.03259,66062.0,2026-05-09 19:59:59.999000+00:00,1
2026-05-09 20:00:00+00:00,0.03259,0.03271,0.03234,0.03265,69085.0,2026-05-09 23:59:59.999000+00:00,1
2026-05-10 00:00:00+00:00,0.03266,0.03289,0.03229,0.03245,85867.0,2026-05-10 03:59:59.999000+00:00,1
2026-05-10 04:00:00+00:00,0.03244,0.03269,0.03238,0.03239,48832.0,2026-05-10 07:59:59.999000+00:00,1
2026-05-10 08:00:00+00:00,0.03239,0.03256,0.03217,0.03237,71671.0,2026-05-10 11:59:59.999000+00:00,1
2026-05-10 12:00:00+00:00,0.03236,0.03292,0.03233,0.03289,74880.0,2026-05-10 15:59:59.999000+00:00,1
2026-05-10 16:00:00+00:00,0.03291,0.03396,0.03274,0.03353,214829.0,2026-05-10 19:59:59.999000+00:00,1
2026-05-10 20:00:00+00:00,0.03354,0.03372,0.03226,0.03324,386089.0,2026-05-10 23:59:59.999000+00:00,1
2026-05-11 00:00:00+00:00,0.03324,0.03367,0.03282,0.03299,150528.0,2026-05-11 03:59:59.999000+00:00,1
2026-05-11 04:00:00+00:00,0.03299,0.03416,0.03292,0.03411,149548.0,2026-05-11 07:59:59.999000+00:00,1
2026-05-11 08:00:00+00:00,0.03412,0.03447,0.03367,0.03431,303704.0,2026-05-11 11:59:59.999000+00:00,1
2026-05-11 12:00:00+00:00,0.03433,0.03483,0.03397,0.03479,305962.0,2026-05-11 15:59:59.999000+00:00,1
2026-05-11 16:00:00+00:00,0.03477,0.03686,0.03452,0.03659,474977.0,2026-05-11 19:59:59.999000+00:00,1
2026-05-11 20:00:00+00:00,0.03658,0.03663,0.03496,0.0354,299536.0,2026-05-11 23:59:59.999000+00:00,1
2026-05-12 00:00:00+00:00,0.03538,0.0364,0.03489,0.03625,324327.0,2026-05-12 03:59:59.999000+00:00,1
2026-05-12 04:00:00+00:00,0.03626,0.03659,0.03543,0.03586,211331.0,2026-05-12 07:59:59.999000+00:00,1
2026-05-12 08:00:00+00:00,0.03587,0.03624,0.03554,0.03583,179350.0,2026-05-12 11:59:59.999000+00:00,1
2026-05-12 12:00:00+00:00,0.03582,0.03604,0.03382,0.03421,617911.0,2026-05-12 15:59:59.999000+00:00,1
2026-05-12 16:00:00+00:00,0.03422,0.03426,0.03372,0.03411,148400.0,2026-05-12 19:59:59.999000+00:00,1
2026-05-12 20:00:00+00:00,0.03411,0.03412,0.03331,0.03341,155545.0,2026-05-12 23:59:59.999000+00:00,1
2026-05-13 00:00:00+00:00,0.03341,0.03436,0.0334,0.03395,224700.0,2026-05-13 03:59:59.999000+00:00,1
2026-05-13 04:00:00+00:00,0.03396,0.03417,0.03385,0.03401,80036.0,2026-05-13 07:59:59.999000+00:00,1
2026-05-13 08:00:00+00:00,0.034,0.0344,0.03351,0.03354,97460.0,2026-05-13 11:59:59.999000+00:00,1
2026-05-13 12:00:00+00:00,0.03353,0.03353,0.03215,0.03222,410320.0,2026-05-13 15:59:59.999000+00:00,1
2026-05-13 16:00:00+00:00,0.03221,0.03239,0.03194,0.03217,155938.0,2026-05-13 19:59:59.999000+00:00,1
2026-05-13 20:00:00+00:00,0.03217,0.03265,0.03209,0.03244,308404.0,2026-05-13 23:59:59.999000+00:00,1
2026-05-14 00:00:00+00:00,0.03246,0.03266,0.03208,0.0321,201546.0,2026-05-14 03:59:59.999000+00:00,1
2026-05-14 04:00:00+00:00,0.0321,0.03238,0.03196,0.0321,87713.0,2026-05-14 07:59:59.999000+00:00,1
2026-05-14 08:00:00+00:00,0.03211,0.03249,0.03182,0.03239,132224.0,2026-05-14 11:59:59.999000+00:00,1
2026-05-14 12:00:00+00:00,0.03239,0.03344,0.03232,0.03312,262138.0,2026-05-14 15:59:59.999000+00:00,1
2026-05-14 16:00:00+00:00,0.03313,0.03377,0.03278,0.03337,124414.0,2026-05-14 19:59:59.999000+00:00,1
2026-05-14 20:00:00+00:00,0.03336,0.03342,0.033,0.03311,48563.0,2026-05-14 23:59:59.999000+00:00,1
2026-05-15 00:00:00+00:00,0.03311,0.03337,0.03271,0.03276,78846.0,2026-05-15 03:59:59.999000+00:00,1
2026-05-15 04:00:00+00:00,0.03275,0.03285,0.03238,0.03271,84339.0,2026-05-15 07:59:59.999000+00:00,1
2026-05-15 08:00:00+00:00,0.03271,0.03272,0.03233,0.03243,55460.0,2026-05-15 11:59:59.999000+00:00,1
2026-05-15 12:00:00+00:00,0.03244,0.03244,0.03057,0.03081,367471.0,2026-05-15 15:59:59.999000+00:00,1
2026-05-15 16:00:00+00:00,0.03077,0.03305,0.03072,0.03244,1351356.0,2026-05-15 19:59:59.999000+00:00,1
2026-05-15 20:00:00+00:00,0.03246,0.03277,0.03217,0.03263,183564.0,2026-05-15 23:59:59.999000+00:00,1
2026-05-16 00:00:00+00:00,0.03263,0.03278,0.03244,0.03255,186406.0,2026-05-16 03:59:59.999000+00:00,1
2026-05-16 04:00:00+00:00,0.03255,0.03263,0.03127,0.03177,337633.0,2026-05-16 07:59:59.999000+00:00,1
2026-05-16 08:00:00+00:00,0.03176,0.032,0.03117,0.03179,237696.0,2026-05-16 11:59:59.999000+00:00,1
2026-05-16 12:00:00+00:00,0.03179,0.03208,0.03135,0.03198,180328.0,2026-05-16 15:59:59.999000+00:00,1
2026-05-16 16:00:00+00:00,0.03199,0.03222,0.03182,0.03199,90833.0,2026-05-16 19:59:59.999000+00:00,1
2026-05-16 20:00:00+00:00,0.03199,0.03214,0.03186,0.03192,48225.0,2026-05-16 23:59:59.999000+00:00,1
2026-05-17 00:00:00+00:00,0.03193,0.03215,0.03172,0.03202,92425.0,2026-05-17 03:59:59.999000+00:00,1
2026-05-17 04:00:00+00:00,0.03203,0.03214,0.03194,0.03204,41166.0,2026-05-17 07:59:59.999000+00:00,1
2026-05-17 08:00:00+00:00,0.03205,0.03205,0.03159,0.03171,102500.0,2026-05-17 11:59:59.999000+00:00,1
2026-05-17 12:00:00+00:00,0.0317,0.03204,0.0317,0.03203,75084.0,2026-05-17 15:59:59.999000+00:00,1
2026-05-17 16:00:00+00:00,0.03203,0.03208,0.03182,0.03198,43536.0,2026-05-17 19:59:59.999000+00:00,1
2026-05-17 20:00:00+00:00,0.03197,0.03202,0.03072,0.03145,153686.0,2026-05-17 23:59:59.999000+00:00,1
2026-05-18 00:00:00+00:00,0.03145,0.03169,0.03105,0.0316,130734.0,2026-05-18 03:59:59.999000+00:00,1
2026-05-18 04:00:00+00:00,0.0316,0.03196,0.03146,0.03186,77469.0,2026-05-18 07:59:59.999000+00:00,1
2026-05-18 08:00:00+00:00,0.03186,0.03203,0.03147,0.03182,92210.0,2026-05-18 11:59:59.999000+00:00,1
2026-05-18 12:00:00+00:00,0.03181,0.03201,0.03117,0.03152,110885.0,2026-05-18 15:59:59.999000+00:00,1
2026-05-18 16:00:00+00:00,0.03152,0.03179,0.03123,0.03179,81445.0,2026-05-18 19:59:59.999000+00:00,1
2026-05-18 20:00:00+00:00,0.03178,0.03185,0.03144,0.03166,62735.0,2026-05-18 23:59:59.999000+00:00,1
2026-05-19 00:00:00+00:00,0.03166,0.03174,0.03136,0.03159,85197.0,2026-05-19 03:59:59.999000+00:00,1
2026-05-19 04:00:00+00:00,0.03159,0.03182,0.03141,0.03154,72465.0,2026-05-19 07:59:59.999000+00:00,1
2026-05-19 08:00:00+00:00,0.03154,0.03162,0.03113,0.03129,93800.0,2026-05-19 11:59:59.999000+00:00,1
2026-05-19 12:00:00+00:00,0.03129,0.03154,0.03119,0.03134,81537.0,2026-05-19 15:59:59.999000+00:00,1
2026-05-19 16:00:00+00:00,0.03135,0.03154,0.03093,0.031,95279.0,2026-05-19 19:59:59.999000+00:00,1
2026-05-19 20:00:00+00:00,0.03099,0.03115,0.0307,0.03071,74429.0,2026-05-19 23:59:59.999000+00:00,1
2026-05-20 00:00:00+00:00,0.03072,0.03097,0.03047,0.03061,149289.0,2026-05-20 03:59:59.999000+00:00,1
2026-05-20 04:00:00+00:00,0.03062,0.03086,0.0305,0.03081,79742.0,2026-05-20 07:59:59.999000+00:00,1
2026-05-20 08:00:00+00:00,0.03081,0.03086,0.03057,0.03058,64732.0,2026-05-20 11:59:59.999000+00:00,1
2026-05-20 12:00:00+00:00,0.03059,0.03073,0.03024,0.03044,172818.0,2026-05-20 15:59:59.999000+00:00,1
2026-05-20 16:00:00+00:00,0.03045,0.03049,0.0301,0.03017,95050.0,2026-05-20 19:59:59.999000+00:00,1
2026-05-20 20:00:00+00:00,0.03017,0.0304,0.02986,0.02997,191296.0,2026-05-20 23:59:59.999000+00:00,1
2026-05-21 00:00:00+00:00,0.02997,0.03059,0.02989,0.03053,141289.0,2026-05-21 03:59:59.999000+00:00,1
2026-05-21 04:00:00+00:00,0.03054,0.03054,0.0302,0.03032,89308.0,2026-05-21 07:59:59.999000+00:00,1
2026-05-21 08:00:00+00:00,0.03032,0.03096,0.02999,0.0303,368185.0,2026-05-21 11:59:59.999000+00:00,1
2026-05-21 12:00:00+00:00,0.03032,0.03056,0.03013,0.03054,120084.0,2026-05-21 15:59:59.999000+00:00,1
2026-05-21 16:00:00+00:00,0.03054,0.03154,0.03029,0.03109,256623.0,2026-05-21 19:59:59.999000+00:00,1
2026-05-21 20:00:00+00:00,0.03109,0.03148,0.03085,0.03116,112351.0,2026-05-21 23:59:59.999000+00:00,1
2026-05-22 00:00:00+00:00,0.03117,0.03122,0.03078,0.0308,74974.0,2026-05-22 03:59:59.999000+00:00,1
2026-05-22 04:00:00+00:00,0.03082,0.03126,0.03082,0.03109,124168.0,2026-05-22 07:59:59.999000+00:00,1
2026-05-22 08:00:00+00:00,0.0311,0.03142,0.03088,0.03142,124679.0,2026-05-22 11:59:59.999000+00:00,1
2026-05-22 12:00:00+00:00,0.03143,0.03388,0.03141,0.03274,1011159.0,2026-05-22 15:59:59.999000+00:00,1
2026-05-22 16:00:00+00:00,0.03273,0.0334,0.03171,0.03183,446506.0,2026-05-22 19:59:59.999000+00:00,1
2026-05-22 20:00:00+00:00,0.03183,0.03323,0.03182,0.03317,292471.0,2026-05-22 23:59:59.999000+00:00,1
2026-05-23 00:00:00+00:00,0.03319,0.03351,0.03219,0.0322,352778.0,2026-05-23 03:59:59.999000+00:00,1
2026-05-23 04:00:00+00:00,0.0322,0.03274,0.0316,0.03194,282415.0,2026-05-23 07:59:59.999000+00:00,1
2026-05-23 08:00:00+00:00,0.03193,0.03271,0.03163,0.03198,223938.0,2026-05-23 11:59:59.999000+00:00,1
2026-05-23 12:00:00+00:00,0.03195,0.03357,0.0319,0.03324,287527.0,2026-05-23 15:59:59.999000+00:00,1
2026-05-23 16:00:00+00:00,0.03324,0.03351,0.03304,0.03338,152276.0,2026-05-23 19:59:59.999000+00:00,1
2026-05-23 20:00:00+00:00,0.03339,0.03397,0.03336,0.03365,153460.0,2026-05-23 23:59:59.999000+00:00,1
2026-05-24 00:00:00+00:00,0.03366,0.0337,0.03294,0.03314,143112.0,2026-05-24 03:59:59.999000+00:00,1
2026-05-24 04:00:00+00:00,0.03315,0.0336,0.03296,0.03339,146087.0,2026-05-24 07:59:59.999000+00:00,1
2026-05-24 08:00:00+00:00,0.0334,0.0345,0.03327,0.03443,236559.0,2026-05-24 11:59:59.999000+00:00,1
2026-05-24 12:00:00+00:00,0.03444,0.03459,0.03364,0.03393,276036.0,2026-05-24 15:59:59.999000+00:00,1
2026-05-24 16:00:00+00:00,0.03392,0.03438,0.03352,0.03355,162050.0,2026-05-24 19:59:59.999000+00:00,1
2026-05-24 20:00:00+00:00,0.03356,0.03372,0.03316,0.03334,99913.0,2026-05-24 23:59:59.999000+00:00,1
2026-05-25 00:00:00+00:00,0.03334,0.03346,0.03291,0.03323,131080.0,2026-05-25 03:59:59.999000+00:00,1
2026-05-25 04:00:00+00:00,0.03321,0.03347,0.03311,0.03326,140671.0,2026-05-25 07:59:59.999000+00:00,1
2026-05-25 08:00:00+00:00,0.03327,0.03327,0.0329,0.03292,87754.0,2026-05-25 11:59:59.999000+00:00,1
2026-05-25 12:00:00+00:00,0.03293,0.03299,0.03231,0.0324,156003.0,2026-05-25 15:59:59.999000+00:00,1
2026-05-25 16:00:00+00:00,0.03239,0.03257,0.03198,0.03219,210930.0,2026-05-25 19:59:59.999000+00:00,1
2026-05-25 20:00:00+00:00,0.03218,0.03277,0.03218,0.03264,97487.0,2026-05-25 23:59:59.999000+00:00,1
2026-05-26 00:00:00+00:00,0.03265,0.03326,0.03178,0.03213,402649.0,2026-05-26 03:59:59.999000+00:00,1
2026-05-26 04:00:00+00:00,0.03212,0.03239,0.03191,0.03199,125461.0,2026-05-26 07:59:59.999000+00:00,1
2026-05-26 08:00:00+00:00,0.03198,0.03398,0.03191,0.03363,269410.0,2026-05-26 11:59:59.999000+00:00,1
2026-05-26 12:00:00+00:00,0.03362,0.03392,0.03302,0.0332,221399.0,2026-05-26 15:59:59.999000+00:00,1
2026-05-26 16:00:00+00:00,0.03319,0.0335,0.03284,0.0335,121065.0,2026-05-26 19:59:59.999000+00:00,1
2026-05-26 20:00:00+00:00,0.0335,0.03397,0.03302,0.03302,198170.0,2026-05-26 23:59:59.999000+00:00,1
2026-05-27 00:00:00+00:00,0.03302,0.03336,0.03302,0.03306,72848.0,2026-05-27 03:59:59.999000+00:00,1
2026-05-27 04:00:00+00:00,0.03306,0.0333,0.03272,0.03322,83199.0,2026-05-27 07:59:59.999000+00:00,1
2026-05-27 08:00:00+00:00,0.03322,0.0345,0.03321,0.03433,216518.0,2026-05-27 11:59:59.999000+00:00,1
2026-05-27 12:00:00+00:00,0.03432,0.03541,0.03381,0.03419,354361.0,2026-05-27 15:59:59.999000+00:00,1
2026-05-27 16:00:00+00:00,0.0342,0.03499,0.03411,0.03488,192720.0,2026-05-27 19:59:59.999000+00:00,1
2026-05-27 20:00:00+00:00,0.03489,0.03584,0.03459,0.03536,286853.0,2026-05-27 23:59:59.999000+00:00,1
2026-05-28 00:00:00+00:00,0.03535,0.03546,0.03446,0.03469,319088.0,2026-05-28 03:59:59.999000+00:00,1
2026-05-28 04:00:00+00:00,0.03468,0.03571,0.03406,0.03543,598615.0,2026-05-28 07:59:59.999000+00:00,1
2026-05-28 08:00:00+00:00,0.03542,0.03548,0.03448,0.03484,249025.0,2026-05-28 11:59:59.999000+00:00,1
2026-05-28 12:00:00+00:00,0.03484,0.03532,0.03438,0.03493,280231.0,2026-05-28 15:59:59.999000+00:00,1
2026-05-28 16:00:00+00:00,0.03492,0.03698,0.03485,0.03649,347570.0,2026-05-28 19:59:59.999000+00:00,1
2026-05-28 20:00:00+00:00,0.03649,0.03671,0.03527,0.03561,219489.0,2026-05-28 23:59:59.999000+00:00,1
2026-05-29 00:00:00+00:00,0.03561,0.03639,0.03528,0.03566,186154.0,2026-05-29 03:59:59.999000+00:00,1
2026-05-29 04:00:00+00:00,0.03566,0.03642,0.03555,0.03577,177542.0,2026-05-29 07:59:59.999000+00:00,1
2026-05-29 08:00:00+00:00,0.03579,0.03581,0.03507,0.03537,133049.0,2026-05-29 11:59:59.999000+00:00,1
2026-05-29 12:00:00+00:00,0.03538,0.03572,0.03474,0.0356,229034.0,2026-05-29 15:59:59.999000+00:00,1
2026-05-29 16:00:00+00:00,0.0356,0.03568,0.03461,0.03498,162607.0,2026-05-29 19:59:59.999000+00:00,1
2026-05-29 20:00:00+00:00,0.035,0.03526,0.03464,0.03512,77036.0,2026-05-29 23:59:59.999000+00:00,1
2026-05-30 00:00:00+00:00,0.03512,0.03556,0.0351,0.03521,104338.0,2026-05-30 03:59:59.999000+00:00,1
2026-05-30 04:00:00+00:00,0.03522,0.03703,0.03509,0.03701,204227.0,2026-05-30 07:59:59.999000+00:00,1
2026-05-30 08:00:00+00:00,0.03703,0.03799,0.03633,0.03746,406718.0,2026-05-30 11:59:59.999000+00:00,1
2026-05-30 12:00:00+00:00,0.03747,0.03934,0.03732,0.03911,520642.0,2026-05-30 15:59:59.999000+00:00,1
2026-05-30 16:00:00+00:00,0.03913,0.04058,0.03833,0.03857,778583.0,2026-05-30 19:59:59.999000+00:00,1
2026-05-30 20:00:00+00:00,0.03857,0.03912,0.03814,0.03856,178141.0,2026-05-30 23:59:59.999000+00:00,1
2026-05-31 00:00:00+00:00,0.03855,0.03901,0.03809,0.0384,123201.0,2026-05-31 03:59:59.999000+00:00,1
2026-05-31 04:00:00+00:00,0.03839,0.03906,0.03835,0.03871,145701.0,2026-05-31 07:59:59.999000+00:00,1
2026-05-31 08:00:00+00:00,0.03871,0.04128,0.03855,0.04116,580205.0,2026-05-31 11:59:59.999000+00:00,1
2026-05-31 12:00:00+00:00,0.04117,0.04159,0.03885,0.03904,723340.0,2026-05-31 15:59:59.999000+00:00,1
2026-05-31 16:00:00+00:00,0.03905,0.03911,0.0371,0.03738,375276.0,2026-05-31 19:59:59.999000+00:00,1
2026-05-31 20:00:00+00:00,0.03738,0.03764,0.03583,0.03659,314167.0,2026-05-31 23:59:59.999000+00:00,1
2026-06-01 00:00:00+00:00,0.03658,0.03921,0.03656,0.03825,596670.0,2026-06-01 03:59:59.999000+00:00,1
2026-06-01 04:00:00+00:00,0.03826,0.03935,0.03794,0.03913,294865.0,2026-06-01 07:59:59.999000+00:00,1
2026-06-01 08:00:00+00:00,0.03914,0.03923,0.03796,0.03843,294395.0,2026-06-01 11:59:59.999000+00:00,1
2026-06-01 12:00:00+00:00,0.03844,0.03857,0.03723,0.03754,219160.0,2026-06-01 15:59:59.999000+00:00,1
2026-06-01 16:00:00+00:00,0.03753,0.03977,0.03753,0.03889,240217.0,2026-06-01 19:59:59.999000+00:00,1
2026-06-01 20:00:00+00:00,0.0389,0.03959,0.03875,0.03913,87366.0,2026-06-01 23:59:59.999000+00:00,1
2026-06-02 00:00:00+00:00,0.03913,0.04,0.0384,0.03893,274549.0,2026-06-02 03:59:59.999000+00:00,1
2026-06-02 04:00:00+00:00,0.03893,0.04056,0.0387,0.04025,208491.0,2026-06-02 07:59:59.999000+00:00,1
2026-06-02 08:00:00+00:00,0.04025,0.0407,0.03889,0.039,282875.0,2026-06-02 11:59:59.999000+00:00,1
2026-06-02 12:00:00+00:00,0.03901,0.0391,0.03733,0.03777,318817.0,2026-06-02 15:59:59.999000+00:00,1
2026-06-02 16:00:00+00:00,0.03776,0.03823,0.03618,0.03641,244149.0,2026-06-02 19:59:59.999000+00:00,1
2026-06-02 20:00:00+00:00,0.03642,0.03696,0.03611,0.03689,169712.0,2026-06-02 23:59:59.999000+00:00,1
2026-06-03 00:00:00+00:00,0.0369,0.03822,0.03675,0.03731,262837.0,2026-06-03 03:59:59.999000+00:00,1
2026-06-03 04:00:00+00:00,0.03733,0.03837,0.03732,0.03778,183218.0,2026-06-03 07:59:59.999000+00:00,1
2026-06-03 08:00:00+00:00,0.03778,0.03795,0.03674,0.03702,163924.0,2026-06-03 11:59:59.999000+00:00,1
2026-06-03 12:00:00+00:00,0.03701,0.03832,0.03682,0.03776,223045.0,2026-06-03 15:59:59.999000+00:00,1
2026-06-03 16:00:00+00:00,0.03777,0.03909,0.03763,0.0382,250582.0,2026-06-03 19:59:59.999000+00:00,1
2026-06-03 20:00:00+00:00,0.03819,0.03888,0.0378,0.03785,130284.0,2026-06-03 23:59:59.999000+00:00,1
2026-06-04 00:00:00+00:00,0.03783,0.03827,0.03603,0.03827,381010.0,2026-06-04 03:59:59.999000+00:00,1
2026-06-04 04:00:00+00:00,0.03827,0.03986,0.03769,0.03772,616164.0,2026-06-04 07:59:59.999000+00:00,1
2026-06-04 08:00:00+00:00,0.03773,0.03793,0.03594,0.0367,477711.0,2026-06-04 11:59:59.999000+00:00,1
2026-06-04 12:00:00+00:00,0.03669,0.03845,0.03626,0.03795,344605.0,2026-06-04 15:59:59.999000+00:00,1
2026-06-04 16:00:00+00:00,0.03794,0.03861,0.03753,0.03782,320993.0,2026-06-04 19:59:59.999000+00:00,1
2026-06-04 20:00:00+00:00,0.03782,0.03843,0.03702,0.0375,222919.0,2026-06-04 23:59:59.999000+00:00,1
2026-06-05 00:00:00+00:00,0.03749,0.03769,0.03291,0.03319,594261.0,2026-06-05 03:59:59.999000+00:00,1
2026-06-05 04:00:00+00:00,0.03318,0.03437,0.03155,0.03208,1343761.0,2026-06-05 07:59:59.999000+00:00,1
2026-06-05 08:00:00+00:00,0.03207,0.03411,0.03156,0.03274,478749.0,2026-06-05 11:59:59.999000+00:00,1
2026-06-05 12:00:00+00:00,0.03273,0.03274,0.03011,0.03048,402810.0,2026-06-05 15:59:59.999000+00:00,1
2026-06-05 16:00:00+00:00,0.03047,0.03174,0.02982,0.03132,303993.0,2026-06-05 19:59:59.999000+00:00,1
2026-06-05 20:00:00+00:00,0.03133,0.03192,0.03074,0.03103,193055.0,2026-06-05 23:59:59.999000+00:00,1
2026-06-06 00:00:00+00:00,0.03102,0.03133,0.03029,0.03039,167414.0,2026-06-06 03:59:59.999000+00:00,1
2026-06-06 04:00:00+00:00,0.03038,0.03144,0.02969,0.03114,286315.0,2026-06-06 07:59:59.999000+00:00,1
2026-06-06 08:00:00+00:00,0.03113,0.03172,0.03043,0.03073,192677.0,2026-06-06 11:59:59.999000+00:00,1
2026-06-06 12:00:00+00:00,0.03072,0.0314,0.03048,0.03125,177906.0,2026-06-06 15:59:59.999000+00:00,1
2026-06-06 16:00:00+00:00,0.03125,0.03146,0.03074,0.03091,81049.0,2026-06-06 19:59:59.999000+00:00,1
2026-06-06 20:00:00+00:00,0.0309,0.03124,0.03073,0.03085,92856.0,2026-06-06 23:59:59.999000+00:00,1
2026-06-07 00:00:00+00:00,0.03084,0.0314,0.03062,0.0311,155351.0,2026-06-07 03:59:59.999000+00:00,1
2026-06-07 04:00:00+00:00,0.03111,0.03153,0.03033,0.03064,289500.0,2026-06-07 07:59:59.999000+00:00,1
2026-06-07 08:00:00+00:00,0.03063,0.03108,0.02986,0.03,405267.0,2026-06-07 11:59:59.999000+00:00,1
2026-06-07 12:00:00+00:00,0.03,0.03071,0.02928,0.02978,590251.0,2026-06-07 15:59:59.999000+00:00,1
2026-06-07 16:00:00+00:00,0.02977,0.02996,0.02855,0.02892,335484.0,2026-06-07 19:59:59.999000+00:00,1
2026-06-07 20:00:00+00:00,0.02891,0.03046,0.02878,0.02975,269687.0,2026-06-07 23:59:59.999000+00:00,1
2026-06-08 00:00:00+00:00,0.02975,0.03157,0.02975,0.03047,445457.0,2026-06-08 03:59:59.999000+00:00,1
2026-06-08 04:00:00+00:00,0.03048,0.0307,0.02972,0.03025,229024.0,2026-06-08 07:59:59.999000+00:00,1
2026-06-08 08:00:00+00:00,0.030256,0.031879,0.030091,0.031759,245567.0,2026-06-08 11:59:59.999000+00:00,1
2026-06-08 12:00:00+00:00,0.031753,0.032542,0.03119,0.031442,302170.0,2026-06-08 15:59:59.999000+00:00,1
2026-06-08 16:00:00+00:00,0.03145,0.034412,0.031386,0.033551,344497.0,2026-06-08 19:59:59.999000+00:00,1
2026-06-08 20:00:00+00:00,0.033564,0.033817,0.032468,0.03264,276697.0,2026-06-08 23:59:59.999000+00:00,1
2026-06-09 00:00:00+00:00,0.032638,0.032719,0.031713,0.032052,148974.0,2026-06-09 03:59:59.999000+00:00,1
2026-06-09 04:00:00+00:00,0.032043,0.032362,0.031918,0.03234,107335.0,2026-06-09 07:59:59.999000+00:00,1
2026-06-09 08:00:00+00:00,0.032335,0.032417,0.031733,0.032,108913.0,2026-06-09 11:59:59.999000+00:00,1
2026-06-09 12:00:00+00:00,0.032001,0.032189,0.030168,0.030488,285252.0,2026-06-09 15:59:59.999000+00:00,1
2026-06-09 16:00:00+00:00,0.030501,0.031788,0.030053,0.03156,330649.0,2026-06-09 19:59:59.999000+00:00,1
2026-06-09 20:00:00+00:00,0.031561,0.03172,0.03075,0.031293,151673.0,2026-06-09 23:59:59.999000+00:00,1
2026-06-10 00:00:00+00:00,0.031294,0.031428,0.030953,0.031049,62175.0,2026-06-10 03:59:59.999000+00:00,1
2026-06-10 04:00:00+00:00,0.03105,0.031321,0.030815,0.030884,85845.0,2026-06-10 07:59:59.999000+00:00,1
2026-06-10 08:00:00+00:00,0.030881,0.031319,0.030524,0.030795,142356.0,2026-06-10 11:59:59.999000+00:00,1
2026-06-10 12:00:00+00:00,0.030802,0.031377,0.030662,0.030969,172767.0,2026-06-10 15:59:59.999000+00:00,1
2026-06-10 16:00:00+00:00,0.030978,0.031013,0.03,0.030284,123092.0,2026-06-10 19:59:59.999000+00:00,1
2026-06-10 20:00:00+00:00,0.03028,0.031109,0.030179,0.031007,182334.0,2026-06-10 23:59:59.999000+00:00,1
2026-06-11 00:00:00+00:00,0.031015,0.032517,0.030985,0.03244,196713.0,2026-06-11 03:59:59.999000+00:00,1
2026-06-11 04:00:00+00:00,0.032435,0.033201,0.03223,0.033117,313442.0,2026-06-11 07:59:59.999000+00:00,1
2026-06-11 08:00:00+00:00,0.033124,0.03475,0.032698,0.034181,342159.0,2026-06-11 11:59:59.999000+00:00,1
2026-06-11 12:00:00+00:00,0.034203,0.034379,0.033259,0.033448,420665.0,2026-06-11 15:59:59.999000+00:00,1
2026-06-11 16:00:00+00:00,0.033478,0.033788,0.033159,0.033322,183561.0,2026-06-11 19:59:59.999000+00:00,1
2026-06-11 20:00:00+00:00,0.033335,0.033448,0.032658,0.03273,87407.0,2026-06-11 23:59:59.999000+00:00,1
2026-06-12 00:00:00+00:00,0.032738,0.033346,0.032736,0.033335,97115.0,2026-06-12 03:59:59.999000+00:00,1
2026-06-12 04:00:00+00:00,0.033348,0.033548,0.032746,0.033118,128864.0,2026-06-12 07:59:59.999000+00:00,1
2026-06-12 08:00:00+00:00,0.033118,0.034718,0.033038,0.034595,178765.0,2026-06-12 11:59:59.999000+00:00,1
2026-06-12 12:00:00+00:00,0.034588,0.034626,0.033117,0.03389,305377.0,2026-06-12 15:59:59.999000+00:00,1
2026-06-12 16:00:00+00:00,0.033888,0.034263,0.03307,0.03363,250440.0,2026-06-12 19:59:59.999000+00:00,1
2026-06-12 20:00:00+00:00,0.033629,0.034657,0.033422,0.034002,157424.0,2026-06-12 23:59:59.999000+00:00,1
2026-06-13 00:00:00+00:00,0.034025,0.035449,0.033983,0.034984,184248.0,2026-06-13 03:59:59.999000+00:00,1
2026-06-13 04:00:00+00:00,0.035003,0.035058,0.034428,0.034618,157710.0,2026-06-13 07:59:59.999000+00:00,1
2026-06-13 08:00:00+00:00,0.034621,0.034927,0.033938,0.034009,126304.0,2026-06-13 11:59:59.999000+00:00,1
2026-06-13 12:00:00+00:00,0.034009,0.03422,0.033151,0.033325,147968.0,2026-06-13 15:59:59.999000+00:00,1
2026-06-13 16:00:00+00:00,0.033329,0.033632,0.03241,0.032421,148670.0,2026-06-13 19:59:59.999000+00:00,1
2026-06-13 20:00:00+00:00,0.032421,0.032437,0.031212,0.032146,381418.0,2026-06-13 23:59:59.999000+00:00,1
2026-06-14 00:00:00+00:00,0.032133,0.03336,0.03203,0.032644,354041.0,2026-06-14 03:59:59.999000+00:00,1
2026-06-14 04:00:00+00:00,0.032646,0.032865,0.032225,0.032277,103738.0,2026-06-14 07:59:59.999000+00:00,1
2026-06-14 08:00:00+00:00,0.032277,0.033231,0.031616,0.03166,346857.0,2026-06-14 11:59:59.999000+00:00,1
2026-06-14 12:00:00+00:00,0.031655,0.031721,0.030429,0.030878,417334.0,2026-06-14 15:59:59.999000+00:00,1
2026-06-14 16:00:00+00:00,0.030885,0.031559,0.03075,0.030997,197085.0,2026-06-14 19:59:59.999000+00:00,1
2026-06-14 20:00:00+00:00,0.030996,0.032297,0.030995,0.031995,334614.0,2026-06-14 23:59:59.999000+00:00,1
2026-06-15 00:00:00+00:00,0.03199,0.032609,0.031715,0.032287,159239.0,2026-06-15 03:59:59.999000+00:00,1
2026-06-15 04:00:00+00:00,0.032283,0.033413,0.032071,0.032944,238304.0,2026-06-15 07:59:59.999000+00:00,1
2026-06-15 08:00:00+00:00,0.032936,0.033368,0.03256,0.032978,144816.0,2026-06-15 11:59:59.999000+00:00,1
2026-06-15 12:00:00+00:00,0.03297,0.035025,0.032846,0.033812,279110.0,2026-06-15 15:59:59.999000+00:00,1
2026-06-15 16:00:00+00:00,0.033809,0.034433,0.033309,0.033778,182219.0,2026-06-15 19:59:59.999000+00:00,1
2026-06-15 20:00:00+00:00,0.033778,0.034171,0.033264,0.033981,122892.0,2026-06-15 23:59:59.999000+00:00,1
2026-06-16 00:00:00+00:00,0.033982,0.034063,0.033333,0.033911,116798.0,2026-06-16 03:59:59.999000+00:00,1
2026-06-16 04:00:00+00:00,0.03391,0.034032,0.033479,0.033514,67740.0,2026-06-16 07:59:59.999000+00:00,1
2026-06-16 08:00:00+00:00,0.03352,0.0348,0.03339,0.03377,257363.0,2026-06-16 11:59:59.999000+00:00,1
2026-06-16 12:00:00+00:00,0.033777,0.034632,0.032958,0.033021,239933.0,2026-06-16 15:59:59.999000+00:00,1
2026-06-16 16:00:00+00:00,0.033029,0.034099,0.033029,0.03323,160069.0,2026-06-16 19:59:59.999000+00:00,1
2026-06-16 20:00:00+00:00,0.03323,0.033311,0.03255,0.032591,55743.0,2026-06-16 23:59:59.999000+00:00,1
2026-06-17 00:00:00+00:00,0.032609,0.032878,0.032521,0.032699,89372.0,2026-06-17 03:59:59.999000+00:00,1
2026-06-17 04:00:00+00:00,0.032696,0.033293,0.031122,0.03148,482463.0,2026-06-17 07:59:59.999000+00:00,1
2026-06-17 08:00:00+00:00,0.03149,0.031772,0.030619,0.03074,407773.0,2026-06-17 11:59:59.999000+00:00,1
2026-06-17 12:00:00+00:00,0.030743,0.031682,0.030458,0.031618,431359.0,2026-06-17 15:59:59.999000+00:00,1
2026-06-17 16:00:00+00:00,0.031619,0.03169,0.02978,0.030134,293686.0,2026-06-17 19:59:59.999000+00:00,1
2026-06-17 20:00:00+00:00,0.030135,0.03045,0.029937,0.030256,159302.0,2026-06-17 23:59:59.999000+00:00,1
2026-06-18 00:00:00+00:00,0.030256,0.030589,0.030061,0.030117,146143.0,2026-06-18 03:59:59.999000+00:00,1
2026-06-18 04:00:00+00:00,0.030117,0.030717,0.029575,0.030557,297684.0,2026-06-18 07:59:59.999000+00:00,1
2026-06-18 08:00:00+00:00,0.030552,0.030564,0.03014,0.030204,108109.0,2026-06-18 11:59:59.999000+00:00,1
2026-06-18 12:00:00+00:00,0.030195,0.030558,0.029364,0.029527,412911.0,2026-06-18 15:59:59.999000+00:00,1
2026-06-18 16:00:00+00:00,0.029519,0.031664,0.029455,0.030919,464364.0,2026-06-18 19:59:59.999000+00:00,1
2026-06-18 20:00:00+00:00,0.030919,0.031952,0.030591,0.031063,305199.0,2026-06-18 23:59:59.999000+00:00,1
2026-06-19 00:00:00+00:00,0.031075,0.031569,0.030701,0.030976,360229.0,2026-06-19 03:59:59.999000+00:00,1
2026-06-19 04:00:00+00:00,0.030973,0.031908,0.030791,0.031521,600740.0,2026-06-19 07:59:59.999000+00:00,1
2026-06-19 08:00:00+00:00,0.031521,0.031958,0.030138,0.030905,675157.0,2026-06-19 11:59:59.999000+00:00,1
2026-06-19 12:00:00+00:00,0.030905,0.031346,0.030769,0.031043,184275.0,2026-06-19 15:59:59.999000+00:00,1
2026-06-19 16:00:00+00:00,0.03104,0.031115,0.030474,0.030655,124194.0,2026-06-19 19:59:59.999000+00:00,1
2026-06-19 20:00:00+00:00,0.030664,0.031041,0.030571,0.03096,86298.0,2026-06-19 23:59:59.999000+00:00,1
2026-06-20 00:00:00+00:00,0.030952,0.031719,0.030834,0.031552,131569.0,2026-06-20 03:59:59.999000+00:00,1
2026-06-20 04:00:00+00:00,0.031553,0.032084,0.031413,0.031874,209110.0,2026-06-20 07:59:59.999000+00:00,1
2026-06-20 08:00:00+00:00,0.031879,0.032541,0.031741,0.03225,149820.0,2026-06-20 11:59:59.999000+00:00,1
2026-06-20 12:00:00+00:00,0.032246,0.032659,0.032111,0.032518,242220.0,2026-06-20 15:59:59.999000+00:00,1
2026-06-20 16:00:00+00:00,0.032522,0.032589,0.0318,0.03183,141717.0,2026-06-20 19:59:59.999000+00:00,1
2026-06-20 20:00:00+00:00,0.031838,0.032181,0.031815,0.03206,62638.0,2026-06-20 23:59:59.999000+00:00,1
2026-06-21 00:00:00+00:00,0.032051,0.032967,0.031867,0.03287,153944.0,2026-06-21 03:59:59.999000+00:00,1
2026-06-21 04:00:00+00:00,0.032879,0.033186,0.032503,0.032816,181127.0,2026-06-21 07:59:59.999000+00:00,1
2026-06-21 08:00:00+00:00,0.032814,0.033072,0.032598,0.032899,106308.0,2026-06-21 11:59:59.999000+00:00,1
2026-06-21 12:00:00+00:00,0.032896,0.033239,0.032817,0.032999,103274.0,2026-06-21 15:59:59.999000+00:00,1
2026-06-21 16:00:00+00:00,0.033003,0.033193,0.032684,0.032999,63413.0,2026-06-21 19:59:59.999000+00:00,1
2026-06-21 20:00:00+00:00,0.032994,0.033957,0.032879,0.032879,378985.0,2026-06-21 23:59:59.999000+00:00,1
2026-06-22 00:00:00+00:00,0.032876,0.033829,0.032855,0.033093,233151.0,2026-06-22 03:59:59.999000+00:00,1
2026-06-22 04:00:00+00:00,0.033097,0.033401,0.033007,0.033276,78350.0,2026-06-22 07:59:59.999000+00:00,1
2026-06-22 08:00:00+00:00,0.033273,0.033845,0.032611,0.032848,163726.0,2026-06-22 11:59:59.999000+00:00,1
2026-06-22 12:00:00+00:00,0.032851,0.033077,0.032475,0.032732,155123.0,2026-06-22 15:59:59.999000+00:00,1
2026-06-22 16:00:00+00:00,0.03274,0.032859,0.032521,0.032544,95921.0,2026-06-22 19:59:59.999000+00:00,1
2026-06-22 20:00:00+00:00,0.032543,0.032685,0.032039,0.032204,102460.0,2026-06-22 23:59:59.999000+00:00,1
2026-06-23 00:00:00+00:00,0.032198,0.032536,0.032083,0.032496,74833.0,2026-06-23 03:59:59.999000+00:00,1
2026-06-23 04:00:00+00:00,0.032496,0.03264,0.031825,0.032497,196600.0,2026-06-23 07:59:59.999000+00:00,1
2026-06-23 08:00:00+00:00,0.032513,0.033149,0.031888,0.032575,261404.0,2026-06-23 11:59:59.999000+00:00,1
2026-06-23 12:00:00+00:00,0.032575,0.032647,0.031831,0.03195,175676.0,2026-06-23 15:59:59.999000+00:00,1
2026-06-23 16:00:00+00:00,0.031962,0.032211,0.031661,0.031766,90438.0,2026-06-23 19:59:59.999000+00:00,1
2026-06-23 20:00:00+00:00,0.031766,0.031963,0.031639,0.031791,52073.0,2026-06-23 23:59:59.999000+00:00,1
2026-06-24 00:00:00+00:00,0.031795,0.031799,0.03082,0.031036,200591.0,2026-06-24 03:59:59.999000+00:00,1
2026-06-24 04:00:00+00:00,0.031036,0.0311,0.030285,0.030628,290116.0,2026-06-24 07:59:59.999000+00:00,1
2026-06-24 08:00:00+00:00,0.030638,0.0315,0.030462,0.031346,220844.0,2026-06-24 11:59:59.999000+00:00,1
2026-06-24 12:00:00+00:00,0.031356,0.031741,0.030768,0.03087,247803.0,2026-06-24 15:59:59.999000+00:00,1
2026-06-24 16:00:00+00:00,0.030874,0.031109,0.030091,0.030895,274125.0,2026-06-24 19:59:59.999000+00:00,1
2026-06-24 20:00:00+00:00,0.030898,0.031571,0.030851,0.031337,147589.0,2026-06-24 23:59:59.999000+00:00,1
2026-06-25 00:00:00+00:00,0.031324,0.031971,0.03097,0.031116,197063.0,2026-06-25 03:59:59.999000+00:00,1
2026-06-25 04:00:00+00:00,0.03111,0.032256,0.031094,0.032178,219722.0,2026-06-25 07:59:59.999000+00:00,1
2026-06-25 08:00:00+00:00,0.03217,0.03289,0.031816,0.032401,234684.0,2026-06-25 11:59:59.999000+00:00,1
2026-06-25 12:00:00+00:00,0.032408,0.032692,0.031119,0.031445,296641.0,2026-06-25 15:59:59.999000+00:00,1
2026-06-25 16:00:00+00:00,0.031449,0.032367,0.03071,0.03075,127218.0,2026-06-25 19:59:59.999000+00:00,1
2026-06-25 20:00:00+00:00,0.030766,0.031315,0.030734,0.031068,87483.0,2026-06-25 23:59:59.999000+00:00,1
2026-06-26 00:00:00+00:00,0.031074,0.031123,0.03014,0.030886,171484.0,2026-06-26 03:59:59.999000+00:00,1
2026-06-26 04:00:00+00:00,0.030899,0.031127,0.030634,0.030717,111861.0,2026-06-26 07:59:59.999000+00:00,1
2026-06-26 08:00:00+00:00,0.030726,0.030812,0.030062,0.030109,135063.0,2026-06-26 11:59:59.999000+00:00,1
2026-06-26 12:00:00+00:00,0.03011,0.030685,0.029925,0.030438,226630.0,2026-06-26 15:59:59.999000+00:00,1
2026-06-26 16:00:00+00:00,0.030459,0.031648,0.030434,0.03056,260126.0,2026-06-26 19:59:59.999000+00:00,1
2026-06-26 20:00:00+00:00,0.030558,0.031133,0.030408,0.030606,93078.0,2026-06-26 23:59:59.999000+00:00,1
2026-06-27 00:00:00+00:00,0.030606,0.030932,0.030444,0.030748,101284.0,2026-06-27 03:59:59.999000+00:00,1
2026-06-27 04:00:00+00:00,0.030748,0.030805,0.030077,0.030375,129113.0,2026-06-27 07:59:59.999000+00:00,1
2026-06-27 08:00:00+00:00,0.030376,0.030978,0.030289,0.030409,86894.0,2026-06-27 11:59:59.999000+00:00,1
2026-06-27 12:00:00+00:00,0.030401,0.030627,0.03008,0.03061,102147.0,2026-06-27 15:59:59.999000+00:00,1
2026-06-27 16:00:00+00:00,0.030604,0.031393,0.030567,0.030997,211387.0,2026-06-27 19:59:59.999000+00:00,1
2026-06-27 20:00:00+00:00,0.030989,0.03122,0.030653,0.030736,79199.0,2026-06-27 23:59:59.999000+00:00,1
2026-06-28 00:00:00+00:00,0.030736,0.031254,0.030523,0.030557,52764.0,2026-06-28 03:59:59.999000+00:00,1
2026-06-28 04:00:00+00:00,0.030548,0.030907,0.030283,0.03069,68415.0,2026-06-28 07:59:59.999000+00:00,1
2026-06-28 08:00:00+00:00,0.030698,0.03081,0.030331,0.030397,52852.0,2026-06-28 11:59:59.999000+00:00,1
2026-06-28 12:00:00+00:00,0.030405,0.030439,0.03004,0.030092,76178.0,2026-06-28 15:59:59.999000+00:00,1
2026-06-28 16:00:00+00:00,0.030094,0.030126,0.029455,0.029826,177401.0,2026-06-28 19:59:59.999000+00:00,1
2026-06-28 20:00:00+00:00,0.029819,0.030012,0.029479,0.029874,70053.0,2026-06-28 23:59:59.999000+00:00,1
2026-06-29 00:00:00+00:00,0.02988,0.031811,0.02968,0.031721,320326.0,2026-06-29 03:59:59.999000+00:00,1
2026-06-29 04:00:00+00:00,0.03173,0.03177,0.030736,0.031448,201163.0,2026-06-29 07:59:59.999000+00:00,1
2026-06-29 08:00:00+00:00,0.031453,0.031982,0.031248,0.03165,163036.0,2026-06-29 11:59:59.999000+00:00,1
2026-06-29 12:00:00+00:00,0.031646,0.031773,0.030969,0.031241,136741.0,2026-06-29 15:59:59.999000+00:00,1
2026-06-29 16:00:00+00:00,0.031251,0.031972,0.030982,0.03196,49855.0,2026-06-29 19:59:59.999000+00:00,1
2026-06-29 20:00:00+00:00,0.031952,0.03252,0.031498,0.032126,132987.0,2026-06-29 23:59:59.999000+00:00,1
2026-06-30 00:00:00+00:00,0.032131,0.032156,0.031511,0.031567,64639.0,2026-06-30 03:59:59.999000+00:00,1
2026-06-30 04:00:00+00:00,0.031568,0.032231,0.031431,0.031886,70586.0,2026-06-30 07:59:59.999000+00:00,1
2026-06-30 08:00:00+00:00,0.031881,0.031909,0.031474,0.031513,66161.0,2026-06-30 11:59:59.999000+00:00,1
2026-06-30 12:00:00+00:00,0.031513,0.031529,0.031024,0.031034,112242.0,2026-06-30 15:59:59.999000+00:00,1
2026-06-30 16:00:00+00:00,0.031034,0.031727,0.030456,0.031183,137434.0,2026-06-30 19:59:59.999000+00:00,1
2026-06-30 20:00:00+00:00,0.031181,0.031321,0.030984,0.031012,37548.0,2026-06-30 23:59:59.999000+00:00,1
2026-07-01 00:00:00+00:00,0.031013,0.031369,0.030437,0.03124,147561.0,2026-07-01 03:59:59.999000+00:00,1
2026-07-01 04:00:00+00:00,0.031244,0.031517,0.030774,0.030808,104714.0,2026-07-01 07:59:59.999000+00:00,1
2026-07-01 08:00:00+00:00,0.030813,0.031207,0.03056,0.031132,79310.0,2026-07-01 11:59:59.999000+00:00,1
2026-07-01 12:00:00+00:00,0.031137,0.032023,0.030742,0.031782,177468.0,2026-07-01 15:59:59.999000+00:00,1
2026-07-01 16:00:00+00:00,0.031786,0.0318,0.03056,0.030616,101136.0,2026-07-01 19:59:59.999000+00:00,1
2026-07-01 20:00:00+00:00,0.030619,0.031374,0.030464,0.031134,100112.0,2026-07-01 23:59:59.999000+00:00,1
2026-07-02 00:00:00+00:00,0.031126,0.031751,0.030846,0.031696,129698.0,2026-07-02 03:59:59.999000+00:00,1
2026-07-02 04:00:00+00:00,0.031697,0.031784,0.030467,0.030504,146278.0,2026-07-02 07:59:59.999000+00:00,1
2026-07-02 08:00:00+00:00,0.030508,0.031274,0.030459,0.030732,142473.0,2026-07-02 11:59:59.999000+00:00,1
2026-07-02 12:00:00+00:00,0.030731,0.03124,0.030568,0.030917,114861.0,2026-07-02 15:59:59.999000+00:00,1
2026-07-02 16:00:00+00:00,0.030919,0.031838,0.03082,0.031784,142279.0,2026-07-02 19:59:59.999000+00:00,1
2026-07-02 20:00:00+00:00,0.031775,0.032172,0.031687,0.032172,110449.0,2026-07-02 23:59:59.999000+00:00,1
2026-07-03 00:00:00+00:00,0.032164,0.032498,0.031444,0.032184,200832.0,2026-07-03 03:59:59.999000+00:00,1
2026-07-03 04:00:00+00:00,0.032183,0.032193,0.031687,0.031697,61156.0,2026-07-03 07:59:59.999000+00:00,1
2026-07-03 08:00:00+00:00,0.031695,0.03215,0.031677,0.03186,59616.0,2026-07-03 11:59:59.999000+00:00,1
2026-07-03 12:00:00+00:00,0.031858,0.032734,0.031713,0.032646,149127.0,2026-07-03 15:59:59.999000+00:00,1
2026-07-03 16:00:00+00:00,0.032638,0.033464,0.032467,0.03323,125045.0,2026-07-03 19:59:59.999000+00:00,1
2026-07-03 20:00:00+00:00,0.03323,0.033503,0.033069,0.033332,81988.0,2026-07-03 23:59:59.999000+00:00,1
2026-07-04 00:00:00+00:00,0.033331,0.033822,0.03272,0.032746,147476.0,2026-07-04 03:59:59.999000+00:00,1
2026-07-04 04:00:00+00:00,0.032746,0.032959,0.032277,0.032574,85020.0,2026-07-04 07:59:59.999000+00:00,1
2026-07-04 08:00:00+00:00,0.032567,0.032689,0.032374,0.032587,47207.0,2026-07-04 11:59:59.999000+00:00,1
2026-07-04 12:00:00+00:00,0.032587,0.034199,0.032578,0.034154,118483.0,2026-07-04 15:59:59.999000+00:00,1
2026-07-04 16:00:00+00:00,0.034154,0.034837,0.03382,0.034212,209485.0,2026-07-04 19:59:59.999000+00:00,1
2026-07-04 20:00:00+00:00,0.034212,0.034775,0.033876,0.034546,58398.0,2026-07-04 23:59:59.999000+00:00,1
2026-07-05 00:00:00+00:00,0.034545,0.034622,0.03377,0.033865,127426.0,2026-07-05 03:59:59.999000+00:00,1
2026-07-05 04:00:00+00:00,0.033873,0.034046,0.033243,0.033312,95810.0,2026-07-05 07:59:59.999000+00:00,1
2026-07-05 08:00:00+00:00,0.033312,0.033947,0.033129,0.033361,79988.0,2026-07-05 11:59:59.999000+00:00,1
2026-07-05 12:00:00+00:00,0.033355,0.034229,0.033343,0.033517,83408.0,2026-07-05 15:59:59.999000+00:00,1
2026-07-05 16:00:00+00:00,0.033519,0.033869,0.033303,0.033618,64537.0,2026-07-05 19:59:59.999000+00:00,1
2026-07-05 20:00:00+00:00,0.033615,0.034255,0.033375,0.033883,77526.0,2026-07-05 23:59:59.999000+00:00,1
2026-07-06 00:00:00+00:00,0.033876,0.03454,0.033696,0.034262,72866.0,2026-07-06 03:59:59.999000+00:00,1
2026-07-06 04:00:00+00:00,0.034256,0.034377,0.033504,0.033563,122511.0,2026-07-06 07:59:59.999000+00:00,1
2026-07-06 08:00:00+00:00,0.033561,0.033645,0.03259,0.032815,138116.0,2026-07-06 11:59:59.999000+00:00,1
2026-07-06 12:00:00+00:00,0.032809,0.033459,0.032377,0.033399,118336.0,2026-07-06 15:59:59.999000+00:00,1
2026-07-06 16:00:00+00:00,0.0334,0.034055,0.033248,0.033794,80916.0,2026-07-06 19:59:59.999000+00:00,1
2026-07-06 20:00:00+00:00,0.033795,0.035204,0.03367,0.034234,116321.0,2026-07-06 23:59:59.999000+00:00,1
2026-07-07 00:00:00+00:00,0.03425,0.034524,0.033905,0.033939,48592.0,2026-07-07 03:59:59.999000+00:00,1
2026-07-07 04:00:00+00:00,0.03394,0.034071,0.03366,0.033674,35285.0,2026-07-07 07:59:59.999000+00:00,1
2026-07-07 08:00:00+00:00,0.033675,0.033971,0.033545,0.033762,35209.0,2026-07-07 11:59:59.999000+00:00,1
2026-07-07 12:00:00+00:00,0.033762,0.034136,0.033142,0.033504,103794.0,2026-07-07 15:59:59.999000+00:00,1
2026-07-07 16:00:00+00:00,0.033504,0.034024,0.033238,0.033555,73025.0,2026-07-07 19:59:59.999000+00:00,1
2026-07-07 20:00:00+00:00,0.033551,0.033654,0.033216,0.033294,32745.0,2026-07-07 23:59:59.999000+00:00,1
2026-07-08 00:00:00+00:00,0.033294,0.033685,0.032828,0.032928,61063.0,2026-07-08 03:59:59.999000+00:00,1
2026-07-08 04:00:00+00:00,0.032933,0.033122,0.032175,0.032401,117314.0,2026-07-08 07:59:59.999000+00:00,1
2026-07-08 08:00:00+00:00,0.03239,0.032477,0.031572,0.031981,208985.0,2026-07-08 11:59:59.999000+00:00,1
2026-07-08 12:00:00+00:00,0.031981,0.032317,0.031812,0.031877,65907.0,2026-07-08 15:59:59.999000+00:00,1
2026-07-08 16:00:00+00:00,0.03188,0.032006,0.031559,0.031562,29930.0,2026-07-08 19:59:59.999000+00:00,1
2026-07-08 20:00:00+00:00,0.031562,0.031951,0.031,0.031947,106213.0,2026-07-08 23:59:59.999000+00:00,1
2026-07-09 00:00:00+00:00,0.031963,0.032272,0.031705,0.03182,118932.0,2026-07-09 03:59:59.999000+00:00,1
2026-07-09 04:00:00+00:00,0.031816,0.032031,0.03178,0.031807,31550.0,2026-07-09 07:59:59.999000+00:00,1
2026-07-09 08:00:00+00:00,0.031805,0.031899,0.031225,0.03144,60377.0,2026-07-09 11:59:59.999000+00:00,1
2026-07-09 12:00:00+00:00,0.03144,0.031592,0.03121,0.031272,36303.0,2026-07-09 15:59:59.999000+00:00,1
2026-07-09 16:00:00+00:00,0.031281,0.031468,0.031038,0.03106,34195.0,2026-07-09 19:59:59.999000+00:00,1
2026-07-09 20:00:00+00:00,0.031063,0.031647,0.031029,0.031143,74806.0,2026-07-09 23:59:59.999000+00:00,1
2026-07-10 00:00:00+00:00,0.031144,0.031657,0.03093,0.031182,94766.0,2026-07-10 03:59:59.999000+00:00,1
2026-07-10 04:00:00+00:00,0.031182,0.031447,0.031164,0.031183,21754.0,2026-07-10 07:59:59.999000+00:00,1
2026-07-10 08:00:00+00:00,0.031183,0.031305,0.031005,0.03108,32711.0,2026-07-10 11:59:59.999000+00:00,1
2026-07-10 12:00:00+00:00,0.03108,0.031215,0.030691,0.031207,47732.0,2026-07-10 15:59:59.999000+00:00,1
2026-07-10 16:00:00+00:00,0.031206,0.031282,0.030992,0.031066,23924.0,2026-07-10 19:59:59.999000+00:00,1
2026-07-10 20:00:00+00:00,0.031069,0.031157,0.030856,0.030962,25269.0,2026-07-10 23:59:59.999000+00:00,1
2026-07-11 00:00:00+00:00,0.030963,0.031036,0.030692,0.030768,70575.0,2026-07-11 03:59:59.999000+00:00,1
2026-07-11 04:00:00+00:00,0.030761,0.031376,0.030663,0.031365,47194.0,2026-07-11 07:59:59.999000+00:00,1
2026-07-11 08:00:00+00:00,0.031361,0.031459,0.031093,0.031426,26559.0,2026-07-11 11:59:59.999000+00:00,1
2026-07-11 12:00:00+00:00,0.031419,0.031951,0.0313,0.031737,48424.0,2026-07-11 15:59:59.999000+00:00,1
2026-07-11 16:00:00+00:00,0.031737,0.031919,0.031449,0.031493,40115.0,2026-07-11 19:59:59.999000+00:00,1
2026-07-11 20:00:00+00:00,0.031493,0.031528,0.030453,0.030476,41819.0,2026-07-11 23:59:59.999000+00:00,1
2026-07-12 00:00:00+00:00,0.030475,0.030704,0.030305,0.030611,79740.0,2026-07-12 03:59:59.999000+00:00,1
2026-07-12 04:00:00+00:00,0.030611,0.030863,0.030596,0.030665,34168.0,2026-07-12 07:59:59.999000+00:00,1
2026-07-12 08:00:00+00:00,0.030665,0.030713,0.03039,0.030537,33173.0,2026-07-12 11:59:59.999000+00:00,1
2026-07-12 12:00:00+00:00,0.030535,0.030617,0.030362,0.030407,21537.0,2026-07-12 15:59:59.999000+00:00,1
2026-07-12 16:00:00+00:00,0.030404,0.030471,0.03,0.030026,38872.0,2026-07-12 19:59:59.999000+00:00,1
2026-07-12 20:00:00+00:00,0.03003,0.030629,0.030028,0.030509,55667.0,2026-07-12 23:59:59.999000+00:00,1
2026-07-13 00:00:00+00:00,0.030504,0.030665,0.029627,0.029849,162768.0,2026-07-13 03:59:59.999000+00:00,1
2026-07-13 04:00:00+00:00,0.029849,0.030058,0.029685,0.030029,36825.0,2026-07-13 07:59:59.999000+00:00,1
2026-07-13 08:00:00+00:00,0.030029,0.030316,0.030004,0.030066,41417.0,2026-07-13 11:59:59.999000+00:00,1
2026-07-13 12:00:00+00:00,0.030066,0.030066,0.02965,0.029761,72797.0,2026-07-13 15:59:59.999000+00:00,1
2026-07-13 16:00:00+00:00,0.029761,0.029796,0.029574,0.029651,19911.0,2026-07-13 19:59:59.999000+00:00,1
2026-07-13 20:00:00+00:00,0.029651,0.02966,0.02886,0.029329,93688.0,2026-07-13 23:59:59.999000+00:00,1
2026-07-14 00:00:00+00:00,0.029331,0.029617,0.02912,0.02921,58900.0,2026-07-14 03:59:59.999000+00:00,1
2026-07-14 04:00:00+00:00,0.02921,0.029304,0.029081,0.029102,50794.0,2026-07-14 07:59:59.999000+00:00,1
2026-07-14 08:00:00+00:00,0.029102,0.029671,0.029,0.029217,106351.0,2026-07-14 11:59:59.999000+00:00,1
2026-07-14 12:00:00+00:00,0.029218,0.030174,0.029218,0.02989,198462.0,2026-07-14 15:59:59.999000+00:00,1
2026-07-14 16:00:00+00:00,0.029892,0.029976,0.02932,0.029355,78679.0,2026-07-14 19:59:59.999000+00:00,1
2026-07-14 20:00:00+00:00,0.029358,0.029445,0.0283,0.028762,168944.0,2026-07-14 23:59:59.999000+00:00,1
2026-07-15 00:00:00+00:00,0.028764,0.029031,0.028626,0.028887,82425.0,2026-07-15 03:59:59.999000+00:00,1
2026-07-15 04:00:00+00:00,0.028887,0.029479,0.028672,0.029275,124979.0,2026-07-15 07:59:59.999000+00:00,1
2026-07-15 08:00:00+00:00,0.029276,0.029403,0.028771,0.029035,115583.0,2026-07-15 11:59:59.999000+00:00,1
2026-07-15 12:00:00+00:00,0.029031,0.029843,0.029007,0.029554,101628.0,2026-07-15 15:59:59.999000+00:00,1
2026-07-15 16:00:00+00:00,0.029555,0.029578,0.028996,0.02911,84845.0,2026-07-15 19:59:59.999000+00:00,1
2026-07-15 20:00:00+00:00,0.029106,0.0296,0.029103,0.029385,50876.0,2026-07-15 23:59:59.999000+00:00,1
2026-07-16 00:00:00+00:00,0.029366,0.029531,0.028988,0.029394,64314.0,2026-07-16 03:59:59.999000+00:00,1
2026-07-16 04:00:00+00:00,0.029395,0.029533,0.029234,0.029434,48917.0,2026-07-16 07:59:59.999000+00:00,1
2026-07-16 08:00:00+00:00,0.029432,0.030693,0.029032,0.029729,237237.0,2026-07-16 11:59:59.999000+00:00,1
2026-07-16 12:00:00+00:00,0.029728,0.030461,0.029705,0.029893,416117.0,2026-07-16 15:59:59.999000+00:00,1
2026-07-16 16:00:00+00:00,0.029893,0.030183,0.029832,0.029938,583915.0,2026-07-16 19:59:59.999000+00:00,1
2026-07-16 20:00:00+00:00,0.029932,0.030307,0.029365,0.029509,697626.0,2026-07-16 23:59:59.999000+00:00,1
2026-07-17 00:00:00+00:00,0.029503,0.030167,0.02947,0.029486,198420.0,2026-07-17 03:59:59.999000+00:00,1
2026-07-17 04:00:00+00:00,0.029486,0.029492,0.027236,0.027739,811163.0,2026-07-17 07:59:59.999000+00:00,1
2026-07-17 08:00:00+00:00,0.027738,0.028754,0.027267,0.0286,1565456.0,2026-07-17 11:59:59.999000+00:00,1
2026-07-17 12:00:00+00:00,0.028602,0.028624,0.027701,0.028176,445450.0,2026-07-17 15:59:59.999000+00:00,1
2026-07-17 16:00:00+00:00,0.028176,0.028587,0.027957,0.028025,277021.0,2026-07-17 19:59:59.999000+00:00,1
2026-07-17 20:00:00+00:00,0.028023,0.028037,0.027422,0.027603,213595.0,2026-07-17 23:59:59.999000+00:00,1
2026-07-18 00:00:00+00:00,0.027603,0.027668,0.027364,0.027593,125029.0,2026-07-18 03:59:59.999000+00:00,1
2026-07-18 04:00:00+00:00,0.027593,0.028059,0.027382,0.02788,192841.0,2026-07-18 07:59:59.999000+00:00,1
2026-07-18 08:00:00+00:00,0.027873,0.027944,0.027393,0.027401,485558.0,2026-07-18 11:59:59.999000+00:00,1
2026-07-18 12:00:00+00:00,0.027401,0.027571,0.027316,0.027383,149301.0,2026-07-18 15:59:59.999000+00:00,1
2026-07-18 16:00:00+00:00,0.027379,0.027432,0.027036,0.027396,124404.0,2026-07-18 19:59:59.999000+00:00,1
2026-07-18 20:00:00+00:00,0.027396,0.027726,0.027284,0.027611,122678.0,2026-07-18 23:59:59.999000+00:00,1
2026-07-19 00:00:00+00:00,0.027612,0.027702,0.027443,0.027501,69961.0,2026-07-19 03:59:59.999000+00:00,1
2026-07-19 04:00:00+00:00,0.027501,0.027541,0.027369,0.02738,50404.0,2026-07-19 07:59:59.999000+00:00,1
2026-07-19 08:00:00+00:00,0.02738,0.027442,0.027289,0.027302,117216.0,2026-07-19 11:59:59.999000+00:00,1
2026-07-19 12:00:00+00:00,0.0273,0.027512,0.027256,0.027362,93836.0,2026-07-19 15:59:59.999000+00:00,1
2026-07-19 16:00:00+00:00,0.02736,0.027368,0.026313,0.026442,314902.0,2026-07-19 19:59:59.999000+00:00,1
2026-07-19 20:00:00+00:00,0.02644,0.026872,0.02644,0.026749,131107.0,2026-07-19 23:59:59.999000+00:00,1
2026-07-20 00:00:00+00:00,0.026747,0.027402,0.02664,0.026938,257035.0,2026-07-20 03:59:59.999000+00:00,1
2026-07-20 04:00:00+00:00,0.026935,0.026996,0.026416,0.026712,110548.0,2026-07-20 07:59:59.999000+00:00,1
2026-07-20 08:00:00+00:00,0.02672,0.026847,0.026022,0.026511,230960.0,2026-07-20 11:59:59.999000+00:00,1
2026-07-20 12:00:00+00:00,0.026511,0.026745,0.025004,0.0251,526962.0,2026-07-20 15:59:59.999000+00:00,1
2026-07-20 16:00:00+00:00,0.025098,0.025389,0.018511,0.018594,10820770.0,2026-07-20 19:59:59.999000+00:00,1
2026-07-20 20:00:00+00:00,0.018599,0.019176,0.015105,0.018276,12957568.0,2026-07-20 23:59:59.999000+00:00,1
2026-07-21 00:00:00+00:00,0.018273,0.018802,0.017622,0.017863,5122572.0,2026-07-21 03:59:59.999000+00:00,1
2026-07-21 04:00:00+00:00,0.017867,0.02015,0.017264,0.019529,7329579.0,2026-07-21 07:59:59.999000+00:00,1
2026-07-21 08:00:00+00:00,0.01953,0.021079,0.018481,0.01974,6229978.0,2026-07-21 11:59:59.999000+00:00,1
2026-07-21 12:00:00+00:00,0.019739,0.02193,0.019401,0.021736,4435886.0,2026-07-21 15:59:59.999000+00:00,1
2026-07-21 16:00:00+00:00,0.021736,0.022629,0.020861,0.022298,3688321.0,2026-07-21 19:59:59.999000+00:00,1
2026-07-21 20:00:00+00:00,0.0223,0.024522,0.021885,0.024283,4961419.0,2026-07-21 23:59:59.999000+00:00,1
2026-07-22 00:00:00+00:00,0.024283,0.024941,0.022733,0.023338,9073456.0,2026-07-22 03:59:59.999000+00:00,1
2026-07-22 04:00:00+00:00,0.023346,0.023984,0.022108,0.022335,4713251.0,2026-07-22 07:59:59.999000+00:00,1
2026-07-22 08:00:00+00:00,0.022337,0.02284,0.021433,0.021809,2642740.0,2026-07-22 11:59:59.999000+00:00,1
2026-07-22 12:00:00+00:00,0.02181,0.021982,0.020117,0.020424,2332054.0,2026-07-22 15:59:59.999000+00:00,1
2026-07-22 16:00:00+00:00,0.020424,0.020447,0.019653,0.020154,1459140.0,2026-07-22 19:59:59.999000+00:00,1
2026-07-22 20:00:00+00:00,0.020155,0.022198,0.02005,0.022093,2047998.0,2026-07-22 23:59:59.999000+00:00,1
2026-07-23 00:00:00+00:00,0.022093,0.022666,0.021205,0.021489,3229333.0,2026-07-23 03:59:59.999000+00:00,1
2026-07-23 04:00:00+00:00,0.021495,0.021621,0.020424,0.021058,2045416.0,2026-07-23 07:59:59.999000+00:00,1
2026-07-23 08:00:00+00:00,0.021061,0.021974,0.021058,0.021306,1399773.0,2026-07-23 11:59:59.999000+00:00,1
2026-07-23 12:00:00+00:00,0.02131,0.021517,0.020631,0.020674,876221.0,2026-07-23 15:59:59.999000+00:00,1
2026-07-23 16:00:00+00:00,0.020679,0.021827,0.02055,0.021528,1114707.0,2026-07-23 19:59:59.999000+00:00,1
2026-07-23 20:00:00+00:00,0.021529,0.021712,0.021046,0.021422,461007.0,2026-07-23 23:59:59.999000+00:00,1
2026-07-24 00:00:00+00:00,0.021422,0.021729,0.020648,0.020766,826776.0,2026-07-24 03:59:59.999000+00:00,1
2026-07-24 04:00:00+00:00,0.020767,0.021121,0.020527,0.020989,363372.0,2026-07-24 07:59:59.999000+00:00,1
2026-07-24 08:00:00+00:00,0.020989,0.021333,0.020871,0.02111,364398.0,2026-07-24 11:59:59.999000+00:00,1
2026-07-24 12:00:00+00:00,0.021114,0.021362,0.020705,0.020743,374796.0,2026-07-24 15:59:59.999000+00:00,1
2026-07-24 16:00:00+00:00,0.020744,0.021215,0.020239,0.020448,488841.0,2026-07-24 19:59:59.999000+00:00,1
2026-07-24 20:00:00+00:00,0.020453,0.020521,0.020001,0.020182,218804.0,2026-07-24 23:59:59.999000+00:00,1
2026-07-25 00:00:00+00:00,0.020182,0.020594,0.019813,0.019957,409373.0,2026-07-25 03:59:59.999000+00:00,1
2026-07-25 04:00:00+00:00,0.019955,0.020393,0.019899,0.01991,239052.0,2026-07-25 07:59:59.999000+00:00,1
2026-07-25 08:00:00+00:00,0.019907,0.020007,0.019717,0.019841,362328.0,2026-07-25 11:59:59.999000+00:00,1
2026-07-25 12:00:00+00:00,0.019845,0.020177,0.01973,0.019866,272397.0,2026-07-25 15:59:59.999000+00:00,1
2026-07-25 16:00:00+00:00,0.019871,0.020075,0.01964,0.019947,186584.0,2026-07-25 19:59:59.999000+00:00,1
2026-07-25 20:00:00+00:00,0.019947,0.019982,0.019538,0.019626,135102.0,2026-07-25 23:59:59.999000+00:00,1
2026-07-26 00:00:00+00:00,0.019625,0.019816,0.019485,0.019499,198551.0,2026-07-26 03:59:59.999000+00:00,1
2026-07-26 04:00:00+00:00,0.019505,0.019846,0.019438,0.019685,217874.0,2026-07-26 07:59:59.999000+00:00,1
2026-07-26 08:00:00+00:00,0.019686,0.019737,0.019183,0.019236,204635.0,2026-07-26 11:59:59.999000+00:00,1
2026-07-26 12:00:00+00:00,0.019233,0.020753,0.019038,0.02022,724009.0,2026-07-26 15:59:59.999000+00:00,1
2026-07-26 16:00:00+00:00,0.020224,0.020407,0.019696,0.019754,263446.0,2026-07-26 19:59:59.999000+00:00,1
2026-07-26 20:00:00+00:00,0.019754,0.019886,0.019526,0.019614,185354.0,2026-07-26 23:59:59.999000+00:00,1
2026-07-27 00:00:00+00:00,0.019617,0.019862,0.019445,0.019709,189009.0,2026-07-27 03:59:59.999000+00:00,1
2026-07-27 04:00:00+00:00,0.019709,0.019747,0.019567,0.019689,139418.0,2026-07-27 07:59:59.999000+00:00,1
2026-07-27 08:00:00+00:00,0.019689,0.019799,0.019067,0.019264,291522.0,2026-07-27 11:59:59.999000+00:00,1
2026-07-27 12:00:00+00:00,0.019264,0.019344,0.0183,0.019006,783288.0,2026-07-27 15:59:59.999000+00:00,1
2026-07-27 16:00:00+00:00,0.019005,0.019641,0.018987,0.019288,217984.0,2026-07-27 19:59:59.999000+00:00,1
2026-07-27 20:00:00+00:00,0.019286,0.019319,0.018472,0.018732,233735.0,2026-07-27 23:59:59.999000+00:00,1
2026-07-28 00:00:00+00:00,0.018733,0.019545,0.018722,0.019232,255611.0,2026-07-28 03:59:59.999000+00:00,1
2026-07-28 04:00:00+00:00,0.019232,0.019532,0.019053,0.019243,187075.0,2026-07-28 07:59:59.999000+00:00,1
2026-07-28 08:00:00+00:00,0.019243,0.019357,0.018972,0.01899,133548.0,2026-07-28 11:59:59.999000+00:00,1
2026-07-28 12:00:00+00:00,0.018986,0.019087,0.018514,0.018611,213591.0,2026-07-28 15:59:59.999000+00:00,1
2026-07-28 16:00:00+00:00,0.018613,0.018638,0.018001,0.01809,260751.0,2026-07-28 19:59:59.999000+00:00,1
2026-07-28 20:00:00+00:00,0.018094,0.018697,0.018039,0.018139,197984.0,2026-07-28 23:59:59.999000+00:00,1
2026-07-29 00:00:00+00:00,0.01814,0.018345,0.017809,0.017853,219502.0,2026-07-29 03:59:59.999000+00:00,1
2026-07-29 04:00:00+00:00,0.017854,0.018005,0.017582,0.017837,224643.0,2026-07-29 07:59:59.999000+00:00,1
2026-07-29 08:00:00+00:00,0.017838,0.017848,0.017376,0.017422,159932.0,2026-07-29 11:59:59.999000+00:00,1
2026-07-29 12:00:00+00:00,0.017422,0.018269,0.017178,0.018223,485274.0,2026-07-29 15:59:59.999000+00:00,1
2026-07-29 16:00:00+00:00,0.018223,0.01946,0.018046,0.018943,415865.0,2026-07-29 19:59:59.999000+00:00,1
2026-07-29 20:00:00+00:00,0.018943,0.019064,0.01799,0.018174,227070.0,2026-07-29 23:59:59.999000+00:00,1
2026-07-30 00:00:00+00:00,0.018171,0.018788,0.018171,0.018231,414389.0,2026-07-30 03:59:59.999000+00:00,1
2026-07-30 04:00:00+00:00,0.018231,0.01828,0.01773,0.017736,191346.0,2026-07-30 07:59:59.999000+00:00,1
2026-07-30 08:00:00+00:00,0.017735,0.018474,0.01773,0.018133,284773.0,2026-07-30 11:59:59.999000+00:00,1
2026-07-30 12:00:00+00:00,0.018135,0.018339,0.01765,0.018037,254512.0,2026-07-30 15:59:59.999000+00:00,1
2026-07-30 16:00:00+00:00,0.018043,0.018309,0.017808,0.018151,281343.0,2026-07-30 19:59:59.999000+00:00,1
2026-07-30 20:00:00+00:00,0.018151,0.018876,0.018136,0.01875,366574.0,2026-07-30 23:59:59.999000+00:00,1
2026-07-31 00:00:00+00:00,0.01875,0.019222,0.018611,0.019001,315293.0,2026-07-31 03:59:59.999000+00:00,1
2026-07-31 04:00:00+00:00,0.019001,0.019074,0.018348,0.01836,358047.0,2026-07-31 07:59:59.999000+00:00,1
2026-07-31 08:00:00+00:00,0.018363,0.018762,0.01815,0.01826,134575.0,2026-07-31 11:59:59.999000+00:00,1
2026-07-31 12:00:00+00:00,0.01826,0.018406,0.017747,0.017938,223270.0,2026-07-31 15:59:59.999000+00:00,1
2026-07-31 16:00:00+00:00,0.017939,0.018222,0.017919,0.017994,82710.0,2026-07-31 19:59:59.999000+00:00,1
2026-07-31 20:00:00+00:00,0.017994,0.018163,0.017861,0.018134,28050.0,2026-07-31 23:59:59.999000+00:00,1
2026-08-01 00:00:00+00:00,0.018134,0.018571,0.018134,0.018372,143484.0,2026-08-01 03:59:59.999000+00:00,1
2026-08-01 04:00:00+00:00,0.018378,0.018399,0.017792,0.017824,72406.0,2026-08-01 07:59:59.999000+00:00,1
2026-08-01 08:00:00+00:00,0.017825,0.018089,0.01782,0.018082,54701.0,2026-08-01 11:59:59.999000+00:00,1
2026-08-01 12:00:00+00:00,0.018082,0.018432,0.017873,0.018215,80728.0,2026-08-01 15:59:59.999000+00:00,1
2026-08-01 16:00:00+00:00,0.018215,0.018389,0.018126,0.018306,53430.0,2026-08-01 19:59:59.999000+00:00,1
2026-08-01 20:00:00+00:00,0.018306,0.018569,0.018276,0.018351,45334.0,2026-08-01 23:59:59.999000+00:00,1
2026-08-02 00:00:00+00:00,0.018351,0.01895,0.018324,0.018817,153853.0,2026-08-02 03:59:59.999000+00:00,1
2026-08-02 04:00:00+00:00,0.018815,0.019872,0.018719,0.019306,446945.0,2026-08-02 07:59:59.999000+00:00,1
2026-08-02 08:00:00+00:00,0.019306,0.019536,0.01896,0.019077,254220.0,2026-08-02 11:59:59.999000+00:00,1
2026-08-02 12:00:00+00:00,0.019077,0.019299,0.018854,0.019013,134189.0,2026-08-02 15:59:59.999000+00:00,1
2026-08-02 16:00:00+00:00,0.019013,0.020122,0.019013,0.019785,335438.0,2026-08-02 19:59:59.999000+00:00,1
2026-08-02 20:00:00+00:00,0.01979,0.019862,0.01925,0.019302,202608.0,2026-08-02 23:59:59.999000+00:00,1
2026-08-03 00:00:00+00:00,0.019302,0.019323,0.018956,0.019062,154607.0,2026-08-03 03:59:59.999000+00:00,1
2026-08-03 04:00:00+00:00,0.019062,0.019243,0.018931,0.018954,101061.0,2026-08-03 07:59:59.999000+00:00,1
2026-08-03 08:00:00+00:00,0.018954,0.01939,0.018809,0.018994,160668.0,2026-08-03 11:59:59.999000+00:00,1
2026-08-03 12:00:00+00:00,0.018994,0.019359,0.018969,0.01929,115996.0,2026-08-03 15:59:59.999000+00:00,1
2026-08-03 16:00:00+00:00,0.019283,0.019338,0.018986,0.019048,78033.0,2026-08-03 19:59:59.999000+00:00,1
2026-08-03 20:00:00+00:00,0.019048,0.019362,0.019039,0.01932,87811.0,2026-08-03 23:59:59.999000+00:00,1
2026-08-04 00:00:00+00:00,0.01932,0.019559,0.019207,0.019522,86919.0,2026-08-04 03:59:59.999000+00:00,1
2026-08-04 04:00:00+00:00,0.019522,0.019606,0.019073,0.019205,97785.0,2026-08-04 07:59:59.999000+00:00,1
2026-08-04 08:00:00+00:00,0.019205,0.019846,0.019129,0.019645,183228.0,2026-08-04 11:59:59.999000+00:00,1
2026-08-04 12:00:00+00:00,0.01964,0.019807,0.018657,0.019013,306333.0,2026-08-04 15:59:59.999000+00:00,1
2026-08-04 16:00:00+00:00,0.019013,0.019265,0.019013,0.019098,79235.0,2026-08-04 19:59:59.999000+00:00,1
2026-08-04 20:00:00+00:00,0.019101,0.019216,0.01843,0.018533,127139.0,2026-08-04 23:59:59.999000+00:00,1
2026-08-05 00:00:00+00:00,0.01853,0.019077,0.01853,0.018842,261334.0,2026-08-05 03:59:59.999000+00:00,1
2026-08-05 04:00:00+00:00,0.018835,0.019114,0.018804,0.018865,72980.0,2026-08-05 07:59:59.999000+00:00,1
2026-08-05 08:00:00+00:00,0.018865,0.019218,0.018841,0.018941,73127.0,2026-08-05 11:59:59.999000+00:00,1
2026-08-05 12:00:00+00:00,0.018941,0.019057,0.018622,0.018625,53264.0,2026-08-05 15:59:59.999000+00:00,1
2026-08-05 16:00:00+00:00,0.018625,0.018817,0.018568,0.018589,34782.0,2026-08-05 19:59:59.999000+00:00,1
2026-08-05 20:00:00+00:00,0.018589,0.018683,0.018246,0.018439,63341.0,2026-08-05 23:59:59.999000+00:00,1
2026-08-06 00:00:00+00:00,0.018439,0.018577,0.018125,0.018177,45050.0,2026-08-06 03:59:59.999000+00:00,1
2026-08-06 04:00:00+00:00,0.01817,0.018455,0.018084,0.018397,41146.0,2026-08-06 07:59:59.999000+00:00,1
2026-08-06 08:00:00+00:00,0.018397,0.018479,0.018176,0.01841,45860.0,2026-08-06 11:59:59.999000+00:00,1
2026-08-06 12:00:00+00:00,0.01841,0.019226,0.018307,0.019036,78606.0,2026-08-06 15:59:59.999000+00:00,1
2026-08-06 16:00:00+00:00,0.019036,0.019558,0.018942,0.019106,85718.0,2026-08-06 19:59:59.999000+00:00,1
2026-08-06 20:00:00+00:00,0.019106,0.01922,0.018881,0.018933,60132.0,2026-08-06 23:59:59.999000+00:00,1
2026-08-07 00:00:00+00:00,0.01892,0.019304,0.018765,0.018778,68156.0,2026-08-07 03:59:59.999000+00:00,1
2026-08-07 04:00:00+00:00,0.018778,0.018814,0.018492,0.018512,57309.0,2026-08-07 07:59:59.999000+00:00,1
2026-08-07 08:00:00+00:00,0.018504,0.019069,0.018491,0.018986,91117.0,2026-08-07 11:59:59.999000+00:00,1
2026-08-07 12:00:00+00:00,0.018986,0.019182,0.01889,0.019045,61020.0,2026-08-07 15:59:59.999000+00:00,1
2026-08-07 16:00:00+00:00,0.019045,0.019252,0.018904,0.019024,38048.0,2026-08-07 19:59:59.999000+00:00,1
2026-08-07 20:00:00+00:00,0.019025,0.019183,0.01893,0.018955,34270.0,2026-08-07 23:59:59.999000+00:00,1
2026-08-08 00:00:00+00:00,0.018965,0.01925,0.018825,0.01902,36960.0,2026-08-08 03:59:59.999000+00:00,1
2026-08-08 04:00:00+00:00,0.019009,0.019121,0.018876,0.018917,23826.0,2026-08-08 07:59:59.999000+00:00,1
2026-08-08 08:00:00+00:00,0.018919,0.018986,0.018692,0.018752,54331.0,2026-08-08 11:59:59.999000+00:00,1
2026-08-08 12:00:00+00:00,0.018746,0.018998,0.018667,0.018871,47249.0,2026-08-08 15:59:59.999000+00:00,1
2026-08-08 16:00:00+00:00,0.018872,0.018952,0.018713,0.018767,27239.0,2026-08-08 19:59:59.999000+00:00,1
2026-08-08 20:00:00+00:00,0.018765,0.01896,0.018739,0.01875,24582.0,2026-08-08 23:59:59.999000+00:00,1
2026-08-09 00:00:00+00:00,0.01876,0.018919,0.018569,0.018629,48723.0,2026-08-09 03:59:59.999000+00:00,1
2026-08-09 04:00:00+00:00,0.018634,0.018732,0.018399,0.018501,39162.0,2026-08-09 07:59:59.999000+00:00,1
2026-08-09 08:00:00+00:00,0.018483,0.018638,0.018258,0.018406,79946.0,2026-08-09 11:59:59.999000+00:00,1
2026-08-09 12:00:00+00:00,0.018395,0.018538,0.018312,0.018477,50853.0,2026-08-09 15:59:59.999000+00:00,1
2026-08-09 16:00:00+00:00,0.018489,0.018578,0.018367,0.018375,31197.0,2026-08-09 19:59:59.999000+00:00,1
2026-08-09 20:00:00+00:00,0.01838,0.018555,0.017809,0.017937,93588.0,2026-08-09 23:59:59.999000+00:00,1
2026-08-10 00:00:00+00:00,0.017935,0.018286,0.017888,0.018001,99283.0,2026-08-10 03:59:59.999000+00:00,1
2026-08-10 04:00:00+00:00,0.018001,0.018184,0.017993,0.018052,37563.0,2026-08-10 07:59:59.999000+00:00,1
2026-08-10 08:00:00+00:00,0.018052,0.018347,0.017877,0.018309,76855.0,2026-08-10 11:59:59.999000+00:00,1
2026-08-10 12:00:00+00:00,0.01831,0.018991,0.01825,0.018437,216645.0,2026-08-10 15:59:59.999000+00:00,1
2026-08-10 16:00:00+00:00,0.018437,0.018461,0.017925,0.01803,189861.0,2026-08-10 19:59:59.999000+00:00,1
2026-08-10 20:00:00+00:00,0.01803,0.018041,0.017717,0.017787,70468.0,2026-08-10 23:59:59.999000+00:00,1
2026-08-11 00:00:00+00:00,0.017787,0.018077,0.017707,0.017841,105073.0,2026-08-11 03:59:59.999000+00:00,1
2026-08-11 04:00:00+00:00,0.017841,0.017854,0.017353,0.017438,72069.0,2026-08-11 07:59:59.999000+00:00,1
2026-08-11 08:00:00+00:00,0.017438,0.017535,0.017336,0.017428,41933.0,2026-08-11 11:59:59.999000+00:00,1
2026-08-11 12:00:00+00:00,0.017428,0.018197,0.017386,0.017918,141450.0,2026-08-11 15:59:59.999000+00:00,1
2026-08-11 16:00:00+00:00,0.017918,0.018065,0.017302,0.017598,79396.0,2026-08-11 19:59:59.999000+00:00,1
2026-08-11 20:00:00+00:00,0.017598,0.017862,0.017465,0.017701,33642.0,2026-08-11 23:59:59.999000+00:00,1
2026-08-12 00:00:00+00:00,0.017701,0.017972,0.017644,0.017827,72465.0,2026-08-12 03:59:59.999000+00:00,1
2026-08-12 04:00:00+00:00,0.017827,0.01784,0.017411,0.017512,39305.0,2026-08-12 07:59:59.999000+00:00,1
2026-08-12 08:00:00+00:00,0.017507,0.017544,0.017356,0.01742,38231.0,2026-08-12 11:59:59.999000+00:00,1
2026-08-12 12:00:00+00:00,0.017417,0.0175,0.017069,0.0173,143102.0,2026-08-12 15:59:59.999000+00:00,1
2026-08-12 16:00:00+00:00,0.0173,0.017605,0.017268,0.017419,74319.0,2026-08-12 19:59:59.999000+00:00,1
2026-08-12 20:00:00+00:00,0.017415,0.017637,0.0173,0.0175,35778.0,2026-08-12 23:59:59.999000+00:00,1
2026-08-13 00:00:00+00:00,0.017493,0.01818,0.017385,0.017927,121615.0,2026-08-13 03:59:59.999000+00:00,1
2026-08-13 04:00:00+00:00,0.017927,0.018223,0.017768,0.017974,92446.0,2026-08-13 07:59:59.999000+00:00,1
2026-08-13 08:00:00+00:00,0.017974,0.018093,0.01751,0.017624,88492.0,2026-08-13 11:59:59.999000+00:00,1
2026-08-13 12:00:00+00:00,0.017624,0.017711,0.017125,0.017128,83859.0,2026-08-13 15:59:59.999000+00:00,1
2026-08-13 16:00:00+00:00,0.017127,0.017308,0.016885,0.017005,121533.0,2026-08-13 19:59:59.999000+00:00,1
2026-08-13 20:00:00+00:00,0.017005,0.017449,0.016982,0.017374,71190.0,2026-08-13 23:59:59.999000+00:00,1
2026-08-14 00:00:00+00:00,0.017374,0.0176,0.017294,0.017503,73376.0,2026-08-14 03:59:59.999000+00:00,1
2026-08-14 04:00:00+00:00,0.017507,0.017704,0.017422,0.017475,59495.0,2026-08-14 07:59:59.999000+00:00,1
2026-08-14 08:00:00+00:00,0.017474,0.017501,0.016987,0.016987,81727.0,2026-08-14 11:59:59.999000+00:00,1
2026-08-14 12:00:00+00:00,0.016988,0.017226,0.016931,0.017199,76921.0,2026-08-14 15:59:59.999000+00:00,1
2026-08-14 16:00:00+00:00,0.017199,0.017264,0.016786,0.016838,70176.0,2026-08-14 19:59:59.999000+00:00,1
2026-08-14 20:00:00+00:00,0.016833,0.017435,0.016819,0.017385,57590.0,2026-08-14 23:59:59.999000+00:00,1
2026-08-15 00:00:00+00:00,0.017385,0.017622,0.017306,0.017316,68414.0,2026-08-15 03:59:59.999000+00:00,1
2026-08-15 04:00:00+00:00,0.017316,0.017404,0.01722,0.017273,24171.0,2026-08-15 07:59:59.999000+00:00,1
2026-08-15 08:00:00+00:00,0.017273,0.017673,0.017188,0.017564,80564.0,2026-08-15 11:59:59.999000+00:00,1
2026-08-15 12:00:00+00:00,0.017559,0.0178,0.01749,0.017629,86493.0,2026-08-15 15:59:59.999000+00:00,1
2026-08-15 16:00:00+00:00,0.017629,0.017638,0.017392,0.017579,60487.0,2026-08-15 19:59:59.999000+00:00,1
2026-08-15 20:00:00+00:00,0.017569,0.017599,0.0173,0.017309,29980.0,2026-08-15 23:59:59.999000+00:00,1
2026-08-16 00:00:00+00:00,0.017309,0.017397,0.017113,0.01718,41547.0,2026-08-16 03:59:59.999000+00:00,1
2026-08-16 04:00:00+00:00,0.017179,0.017515,0.017157,0.017484,78835.0,2026-08-16 07:59:59.999000+00:00,1
2026-08-16 08:00:00+00:00,0.017484,0.017613,0.017342,0.017392,69143.0,2026-08-16 11:59:59.999000+00:00,1
2026-08-16 12:00:00+00:00,0.017385,0.017551,0.017282,0.017454,31888.0,2026-08-16 15:59:59.999000+00:00,1
2026-08-16 16:00:00+00:00,0.017454,0.017483,0.0173,0.017384,31842.0,2026-08-16 19:59:59.999000+00:00,1
2026-08-16 20:00:00+00:00,0.017384,0.017467,0.016833,0.017167,88858.0,2026-08-16 23:59:59.999000+00:00,1
2026-08-17 00:00:00+00:00,0.017167,0.017331,0.01704,0.017153,58019.0,2026-08-17 03:59:59.999000+00:00,1
2026-08-17 04:00:00+00:00,0.017153,0.01734,0.017131,0.017201,31111.0,2026-08-17 07:59:59.999000+00:00,1
2026-08-17 08:00:00+00:00,0.017199,0.017246,0.016986,0.017052,51573.0,2026-08-17 11:59:59.999000+00:00,1
2026-08-17 12:00:00+00:00,0.017052,0.017293,0.01697,0.01728,87916.0,2026-08-17 15:59:59.999000+00:00,1
2026-08-17 16:00:00+00:00,0.01728,0.017433,0.017027,0.017056,64251.0,2026-08-17 19:59:59.999000+00:00,1
2026-08-17 20:00:00+00:00,0.017056,0.01718,0.017029,0.01709,42873.0,2026-08-17 23:59:59.999000+00:00,1
2026-08-18 00:00:00+00:00,0.017084,0.017156,0.016842,0.017025,48799.0,2026-08-18 03:59:59.999000+00:00,1
2026-08-18 04:00:00+00:00,0.017025,0.017386,0.017003,0.017232,82775.0,2026-08-18 07:59:59.999000+00:00,1
2026-08-18 08:00:00+00:00,0.017223,0.017348,0.016896,0.016985,46137.0,2026-08-18 11:59:59.999000+00:00,1
2026-08-18 12:00:00+00:00,0.016985,0.017183,0.016932,0.017022,40112.0,2026-08-18 15:59:59.999000+00:00,1
2026-08-18 16:00:00+00:00,0.017024,0.017086,0.016943,0.016964,26735.0,2026-08-18 19:59:59.999000+00:00,1
2026-08-18 20:00:00+00:00,0.016964,0.017024,0.016928,0.016983,16750.0,2026-08-18 23:59:59.999000+00:00,1
2026-08-19 00:00:00+00:00,0.016983,0.017253,0.016951,0.017069,90524.0,2026-08-19 03:59:59.999000+00:00,1
2026-08-19 04:00:00+00:00,0.017069,0.017644,0.017042,0.017444,220332.0,2026-08-19 07:59:59.999000+00:00,1
2026-08-19 08:00:00+00:00,0.017445,0.017978,0.017445,0.017952,241590.0,2026-08-19 11:59:59.999000+00:00,1
2026-08-19 12:00:00+00:00,0.017953,0.019096,0.017827,0.018533,434188.0,2026-08-19 15:59:59.999000+00:00,1
2026-08-19 16:00:00+00:00,0.01853,0.019056,0.018391,0.018645,207622.0,2026-08-19 19:59:59.999000+00:00,1
2026-08-19 20:00:00+00:00,0.018645,0.019219,0.01859,0.018909,136895.0,2026-08-19 23:59:59.999000+00:00,1
2026-08-20 00:00:00+00:00,0.018908,0.019258,0.018832,0.019029,134901.0,2026-08-20 03:59:59.999000+00:00,1
2026-08-20 04:00:00+00:00,0.019028,0.019702,0.018884,0.019319,195732.0,2026-08-20 07:59:59.999000+00:00,1
2026-08-20 08:00:00+00:00,0.019307,0.019932,0.019294,0.019897,265840.0,2026-08-20 11:59:59.999000+00:00,1
2026-08-20 12:00:00+00:00,0.019907,0.019973,0.019442,0.01956,170012.0,2026-08-20 15:59:59.999000+00:00,1
2026-08-20 16:00:00+00:00,0.019563,0.019681,0.019149,0.019164,129995.0,2026-08-20 19:59:59.999000+00:00,1
2026-08-20 20:00:00+00:00,0.019168,0.019667,0.019138,0.01965,62877.0,2026-08-20 23:59:59.999000+00:00,1
2026-08-21 00:00:00+00:00,0.01964,0.020271,0.019585,0.02009,154199.0,2026-08-21 03:59:59.999000+00:00,1
2026-08-21 04:00:00+00:00,0.020095,0.021401,0.019901,0.021401,284254.0,2026-08-21 07:59:59.999000+00:00,1
2026-08-21 08:00:00+00:00,0.021384,0.022081,0.021099,0.021473,392495.0,2026-08-21 11:59:59.999000+00:00,1
2026-08-21 12:00:00+00:00,0.021481,0.021732,0.021178,0.021639,115008.0,2026-08-21 15:59:59.999000+00:00,1
2026-08-21 16:00:00+00:00,0.021656,0.021911,0.021017,0.021115,122865.0,2026-08-21 19:59:59.999000+00:00,1
2026-08-21 20:00:00+00:00,0.021127,0.022286,0.021079,0.021809,70767.0,2026-08-21 23:59:59.999000+00:00,1
2026-08-22 00:00:00+00:00,0.021809,0.022734,0.021697,0.022435,156716.0,2026-08-22 03:59:59.999000+00:00,1
2026-08-22 04:00:00+00:00,0.022461,0.022761,0.020416,0.021115,326052.0,2026-08-22 07:59:59.999000+00:00,1
2026-08-22 08:00:00+00:00,0.02111,0.021335,0.020482,0.020781,752030.0,2026-08-22 11:59:59.999000+00:00,1
2026-08-22 12:00:00+00:00,0.020758,0.021469,0.019883,0.019993,564508.0,2026-08-22 15:59:59.999000+00:00,1
2026-08-22 16:00:00+00:00,0.019992,0.020668,0.019942,0.020498,110530.0,2026-08-22 19:59:59.999000+00:00,1
2026-08-22 20:00:00+00:00,0.020494,0.020597,0.020118,0.020293,72377.0,2026-08-22 23:59:59.999000+00:00,1
2026-08-23 00:00:00+00:00,0.020298,0.020743,0.019637,0.020015,161145.0,2026-08-23 03:59:59.999000+00:00,1
2026-08-23 04:00:00+00:00,0.02,0.020033,0.019627,0.019943,47977.0,2026-08-23 07:59:59.999000+00:00,1
2026-08-23 08:00:00+00:00,0.019933,0.020505,0.019932,0.020367,53207.0,2026-08-23 11:59:59.999000+00:00,1
2026-08-23 12:00:00+00:00,0.020379,0.021168,0.020233,0.020813,133478.0,2026-08-23 15:59:59.999000+00:00,1
2026-08-23 16:00:00+00:00,0.020826,0.021057,0.020706,0.020893,53865.0,2026-08-23 19:59:59.999000+00:00,1
2026-08-23 20:00:00+00:00,0.02088,0.021018,0.020591,0.02072,67595.0,2026-08-23 23:59:59.999000+00:00,1
2026-08-24 00:00:00+00:00,0.020715,0.020743,0.019653,0.019691,120546.0,2026-08-24 03:59:59.999000+00:00,1
2026-08-24 04:00:00+00:00,0.019694,0.019988,0.019371,0.0195,84150.0,2026-08-24 07:59:59.999000+00:00,1
2026-08-24 08:00:00+00:00,0.019502,0.01962,0.019206,0.019561,111164.0,2026-08-24 11:59:59.999000+00:00,1
2026-08-24 12:00:00+00:00,0.019563,0.019855,0.01928,0.019415,135762.0,2026-08-24 15:59:59.999000+00:00,1
2026-08-24 16:00:00+00:00,0.019427,0.019811,0.019152,0.01936,130926.0,2026-08-24 19:59:59.999000+00:00,1
2026-08-24 20:00:00+00:00,0.019363,0.019615,0.019136,0.019293,47973.0,2026-08-24 23:59:59.999000+00:00,1
2026-08-25 00:00:00+00:00,0.019285,0.020395,0.019233,0.020157,148174.0,2026-08-25 03:59:59.999000+00:00,1
2026-08-25 04:00:00+00:00,0.020157,0.020515,0.019881,0.02008,176209.0,2026-08-25 07:59:59.999000+00:00,1
2026-08-25 08:00:00+00:00,0.02007,0.020163,0.019796,0.019849,57116.0,2026-08-25 11:59:59.999000+00:00,1
2026-08-25 12:00:00+00:00,0.01984,0.01988,0.019133,0.019668,149269.0,2026-08-25 15:59:59.999000+00:00,1
2026-08-25 16:00:00+00:00,0.019668,0.019968,0.019431,0.019667,100117.0,2026-08-25 19:59:59.999000+00:00,1
2026-08-25 20:00:00+00:00,0.019656,0.019687,0.019031,0.019253,68689.0,2026-08-25 23:59:59.999000+00:00,1
2026-08-26 00:00:00+00:00,0.019258,0.019712,0.019206,0.01958,30693.0,2026-08-26 03:59:59.999000+00:00,1
2026-08-26 04:00:00+00:00,0.01958,0.019693,0.019406,0.019608,29683.0,2026-08-26 07:59:59.999000+00:00,1
2026-08-26 08:00:00+00:00,0.019607,0.0199,0.019431,0.019457,71782.0,2026-08-26 11:59:59.999000+00:00,1
2026-08-26 12:00:00+00:00,0.019455,0.019675,0.01884,0.019042,124009.0,2026-08-26 15:59:59.999000+00:00,1
2026-08-26 16:00:00+00:00,0.019042,0.019344,0.018889,0.01927,50242.0,2026-08-26 19:59:59.999000+00:00,1
2026-08-26 20:00:00+00:00,0.019263,0.019716,0.019173,0.019666,44276.0,2026-08-26 23:59:59.999000+00:00,1
2026-08-27 00:00:00+00:00,0.019666,0.019676,0.019345,0.01944,44556.0,2026-08-27 03:59:59.999000+00:00,1
2026-08-27 04:00:00+00:00,0.019437,0.019721,0.019204,0.019662,54222.0,2026-08-27 07:59:59.999000+00:00,1
2026-08-27 08:00:00+00:00,0.019662,0.020083,0.019429,0.019595,67560.0,2026-08-27 11:59:59.999000+00:00,1
2026-08-27 12:00:00+00:00,0.019595,0.020174,0.019527,0.0201,73472.0,2026-08-27 15:59:59.999000+00:00,1
2026-08-27 16:00:00+00:00,0.0201,0.020459,0.019776,0.019985,75261.0,2026-08-27 19:59:59.999000+00:00,1
2026-08-27 20:00:00+00:00,0.019985,0.020087,0.019841,0.020042,24810.0,2026-08-27 23:59:59.999000+00:00,1
2026-08-28 00:00:00+00:00,0.020032,0.020333,0.019649,0.019721,68874.0,2026-08-28 03:59:59.999000+00:00,1
2026-08-28 04:00:00+00:00,0.019727,0.019854,0.019609,0.0197,16341.0,2026-08-28 07:59:59.999000+00:00,1
2026-08-28 08:00:00+00:00,0.019711,0.019838,0.019498,0.019748,31135.0,2026-08-28 11:59:59.999000+00:00,1
2026-08-28 12:00:00+00:00,0.019745,0.020046,0.019261,0.019338,150546.0,2026-08-28 15:59:59.999000+00:00,1
2026-08-28 16:00:00+00:00,0.019344,0.019463,0.019033,0.019217,116576.0,2026-08-28 19:59:59.999000+00:00,1
2026-08-28 20:00:00+00:00,0.019217,0.019453,0.0192,0.019406,29483.0,2026-08-28 23:59:59.999000+00:00,1
2026-08-29 00:00:00+00:00,0.019399,0.01951,0.019254,0.019264,29194.0,2026-08-29 03:59:59.999000+00:00,1
2026-08-29 04:00:00+00:00,0.019268,0.019333,0.019038,0.019131,20981.0,2026-08-29 07:59:59.999000+00:00,1
2026-08-29 08:00:00+00:00,0.019126,0.019241,0.019046,0.019125,19274.0,2026-08-29 11:59:59.999000+00:00,1
2026-08-29 12:00:00+00:00,0.019123,0.019325,0.019051,0.019164,19887.0,2026-08-29 15:59:59.999000+00:00,1
2026-08-29 16:00:00+00:00,0.019173,0.01924,0.019013,0.019105,31299.0,2026-08-29 19:59:59.999000+00:00,1
2026-08-29 20:00:00+00:00,0.019105,0.019185,0.019036,0.019078,11235.0,2026-08-29 23:59:59.999000+00:00,1
2026-08-30 00:00:00+00:00,0.019079,0.019244,0.018996,0.019053,12125.0,2026-08-30 03:59:59.999000+00:00,1
2026-08-30 04:00:00+00:00,0.019067,0.019209,0.018975,0.019049,14371.0,2026-08-30 07:59:59.999000+00:00,1
2026-08-30 08:00:00+00:00,0.019053,0.019128,0.019012,0.019038,13772.0,2026-08-30 11:59:59.999000+00:00,1
2026-08-30 12:00:00+00:00,0.019049,0.019292,0.019023,0.019105,52990.0,2026-08-30 15:59:59.999000+00:00,1
2026-08-30 16:00:00+00:00,0.019117,0.019465,0.019058,0.019082,67405.0,2026-08-30 19:59:59.999000+00:00,1
2026-08-30 20:00:00+00:00,0.019085,0.019126,0.018116,0.01836,109989.0,2026-08-30 23:59:59.999000+00:00,1
2026-08-31 00:00:00+00:00,0.018351,0.018551,0.018148,0.018374,39989.0,2026-08-31 03:59:59.999000+00:00,1
2026-08-31 04:00:00+00:00,0.018374,0.018557,0.018249,0.018474,47742.0,2026-08-31 07:59:59.999000+00:00,1
2026-08-31 08:00:00+00:00,0.018472,0.018786,0.018366,0.018461,90715.0,2026-08-31 11:59:59.999000+00:00,1
2026-08-31 12:00:00+00:00,0.018457,0.018495,0.01785,0.018016,104468.0,2026-08-31 15:59:59.999000+00:00,1
2026-08-31 16:00:00+00:00,0.018023,0.018567,0.01794,0.018374,67560.0,2026-08-31 19:59:59.999000+00:00,1
2026-08-31 20:00:00+00:00,0.018371,0.01858,0.018306,0.018463,42631.0,2026-08-31 23:59:59.999000+00:00,1
2026-09-01 00:00:00+00:00,0.01846,0.018743,0.018386,0.018707,39329.0,2026-09-01 03:59:59.999000+00:00,1
2026-09-01 04:00:00+00:00,0.018698,0.018973,0.018667,0.018783,89141.0,2026-09-01 07:59:59.999000+00:00,1
2026-09-01 08:00:00+00:00,0.018781,0.018795,0.018291,0.018682,42390.0,2026-09-01 11:59:59.999000+00:00,1
2026-09-01 12:00:00+00:00,0.018695,0.018786,0.018402,0.018674,53978.0,2026-09-01 15:59:59.999000+00:00,1
2026-09-01 16:00:00+00:00,0.018675,0.018698,0.0182,0.018522,57551.0,2026-09-01 19:59:59.999000+00:00,1
2026-09-01 20:00:00+00:00,0.018531,0.018581,0.0183,0.018578,29803.0,2026-09-01 23:59:59.999000+00:00,1
2026-09-02 00:00:00+00:00,0.018586,0.019163,0.018408,0.018989,43341.0,2026-09-02 03:59:59.999000+00:00,1
2026-09-02 04:00:00+00:00,0.019005,0.019035,0.018777,0.018803,36597.0,2026-09-02 07:59:59.999000+00:00,1
2026-09-02 08:00:00+00:00,0.0188,0.018871,0.018291,0.018489,64579.0,2026-09-02 11:59:59.999000+00:00,1
2026-09-02 12:00:00+00:00,0.018479,0.018729,0.018417,0.018615,35081.0,2026-09-02 15:59:59.999000+00:00,1
2026-09-02 16:00:00+00:00,0.018626,0.018814,0.018585,0.018741,24096.0,2026-09-02 19:59:59.999000+00:00,1
2026-09-02 20:00:00+00:00,0.018759,0.01976,0.01875,0.0197,195021.0,2026-09-02 23:59:59.999000+00:00,1
2026-09-03 00:00:00+00:00,0.019723,0.020446,0.019637,0.020343,266220.0,2026-09-03 03:59:59.999000+00:00,1
2026-09-03 04:00:00+00:00,0.020343,0.021047,0.020258,0.02072,397583.0,2026-09-03 07:59:59.999000+00:00,1
2026-09-03 08:00:00+00:00,0.020735,0.020986,0.020441,0.020503,185765.0,2026-09-03 11:59:59.999000+00:00,1
2026-09-03 12:00:00+00:00,0.02051,0.022022,0.020487,0.021769,387107.0,2026-09-03 15:59:59.999000+00:00,1
2026-09-03 16:00:00+00:00,0.021779,0.022987,0.021682,0.022981,484096.0,2026-09-03 19:59:59.999000+00:00,1
2026-09-03 20:00:00+00:00,0.022981,0.022985,0.021577,0.021645,266059.0,2026-09-03 23:59:59.999000+00:00,1
2026-09-04 00:00:00+00:00,0.021649,0.021996,0.021524,0.021724,176323.0,2026-09-04 03:59:59.999000+00:00,1
2026-09-04 04:00:00+00:00,0.021724,0.021938,0.021,0.021059,216511.0,2026-09-04 07:59:59.999000+00:00,1
2026-09-04 08:00:00+00:00,0.021061,0.021991,0.021045,0.021713,111256.0,2026-09-04 11:59:59.999000+00:00,1
2026-09-04 12:00:00+00:00,0.021713,0.0219,0.02114,0.021403,168395.0,2026-09-04 15:59:59.999000+00:00,1
2026-09-04 16:00:00+00:00,0.021402,0.021533,0.02115,0.021243,52858.0,2026-09-04 19:59:59.999000+00:00,1
2026-09-04 20:00:00+00:00,0.021251,0.021459,0.020986,0.021412,71561.0,2026-09-04 23:59:59.999000+00:00,1
2026-09-05 00:00:00+00:00,0.021425,0.021527,0.02101,0.021408,81202.0,2026-09-05 03:59:59.999000+00:00,1
2026-09-05 04:00:00+00:00,0.021408,0.021956,0.021293,0.02165,109508.0,2026-09-05 07:59:59.999000+00:00,1
2026-09-05 08:00:00+00:00,0.021655,0.021832,0.021478,0.021768,45534.0,2026-09-05 11:59:59.999000+00:00,1
2026-09-05 12:00:00+00:00,0.021769,0.022518,0.021629,0.022175,135764.0,2026-09-05 15:59:59.999000+00:00,1
2026-09-05 16:00:00+00:00,0.02218,0.022431,0.022055,0.022114,62129.0,2026-09-05 19:59:59.999000+00:00,1
2026-09-05 20:00:00+00:00,0.022101,0.022495,0.022101,0.022332,50589.0,2026-09-05 23:59:59.999000+00:00,1
2026-09-06 00:00:00+00:00,0.022332,0.02267,0.022273,0.022479,39814.0,2026-09-06 03:59:59.999000+00:00,1
2026-09-06 04:00:00+00:00,0.022478,0.023149,0.022167,0.022436,155762.0,2026-09-06 07:59:59.999000+00:00,1
2026-09-06 08:00:00+00:00,0.022445,0.023759,0.022228,0.023402,244317.0,2026-09-06 11:59:59.999000+00:00,1
2026-09-06 12:00:00+00:00,0.023395,0.023463,0.022733,0.023252,127441.0,2026-09-06 15:59:59.999000+00:00,1
2026-09-06 16:00:00+00:00,0.023252,0.02347,0.023053,0.023433,86429.0,2026-09-06 19:59:59.999000+00:00,1
2026-09-06 20:00:00+00:00,0.023433,0.024536,0.023391,0.024372,108884.0,2026-09-06 23:59:59.999000+00:00,1
2026-09-07 00:00:00+00:00,0.024381,0.024567,0.023859,0.023879,192587.0,2026-09-07 03:59:59.999000+00:00,1
2026-09-07 04:00:00+00:00,0.023885,0.024185,0.02316,0.023408,91655.0,2026-09-07 07:59:59.999000+00:00,1
2026-09-07 08:00:00+00:00,0.023404,0.023458,0.023138,0.023396,68530.0,2026-09-07 11:59:59.999000+00:00,1
2026-09-07 12:00:00+00:00,0.023396,0.023998,0.023067,0.023197,73618.0,2026-09-07 15:59:59.999000+00:00,1
2026-09-07 16:00:00+00:00,0.023195,0.023415,0.022962,0.023134,26007.0,2026-09-07 19:59:59.999000+00:00,1
2026-09-07 20:00:00+00:00,0.023136,0.023233,0.022815,0.022915,30749.0,2026-09-07 23:59:59.999000+00:00,1
2026-09-08 00:00:00+00:00,0.022918,0.023263,0.022856,0.022937,27119.0,2026-09-08 03:59:59.999000+00:00,1
2026-09-08 04:00:00+00:00,0.022937,0.022967,0.022543,0.022688,41165.0,2026-09-08 07:59:59.999000+00:00,1
2026-09-08 08:00:00+00:00,0.022688,0.023695,0.022632,0.023536,101236.0,2026-09-08 11:59:59.999000+00:00,1
2026-09-08 12:00:00+00:00,0.023536,0.023811,0.022702,0.023811,158437.0,2026-09-08 15:59:59.999000+00:00,1
2026-09-08 16:00:00+00:00,0.023811,0.023917,0.022307,0.022668,106641.0,2026-09-08 19:59:59.999000+00:00,1
2026-09-08 20:00:00+00:00,0.022673,0.0229,0.022604,0.022815,40517.0,2026-09-08 23:59:59.999000+00:00,1
2026-09-09 00:00:00+00:00,0.022814,0.022982,0.022711,0.022755,25844.0,2026-09-09 03:59:59.999000+00:00,1
2026-09-09 04:00:00+00:00,0.022755,0.023733,0.022739,0.02366,43267.0,2026-09-09 07:59:59.999000+00:00,1
2026-09-09 08:00:00+00:00,0.02366,0.023683,0.022845,0.023033,32548.0,2026-09-09 11:59:59.999000+00:00,1
2026-09-09 12:00:00+00:00,0.023033,0.023549,0.02255,0.022937,60651.0,2026-09-09 15:59:59.999000+00:00,1
2026-09-09 16:00:00+00:00,0.022937,0.023549,0.022783,0.022993,43129.0,2026-09-09 19:59:59.999000+00:00,1
2026-09-09 20:00:00+00:00,0.023,0.023158,0.022338,0.022975,132721.0,2026-09-09 23:59:59.999000+00:00,1
2026-09-10 00:00:00+00:00,0.022973,0.023181,0.02217,0.022903,170952.0,2026-09-10 03:59:59.999000+00:00,1
2026-09-10 04:00:00+00:00,0.0229,0.023094,0.022525,0.022643,52055.0,2026-09-10 07:59:59.999000+00:00,1
2026-09-10 08:00:00+00:00,0.022643,0.022921,0.022008,0.022435,93139.0,2026-09-10 11:59:59.999000+00:00,1
2026-09-10 12:00:00+00:00,0.022435,0.022624,0.021876,0.022201,178052.0,2026-09-10 15:59:59.999000+00:00,1
2026-09-10 16:00:00+00:00,0.022204,0.022214,0.021729,0.021886,65177.0,2026-09-10 19:59:59.999000+00:00,1
2026-09-10 20:00:00+00:00,0.021893,0.022021,0.020342,0.020554,243182.0,2026-09-10 23:59:59.999000+00:00,1
2026-09-11 00:00:00+00:00,0.020546,0.020979,0.020521,0.020841,151946.0,2026-09-11 03:59:59.999000+00:00,1
2026-09-11 04:00:00+00:00,0.020845,0.021159,0.020704,0.020829,104137.0,2026-09-11 07:59:59.999000+00:00,1
2026-09-11 08:00:00+00:00,0.020822,0.02091,0.0203,0.020433,66301.0,2026-09-11 11:59:59.999000+00:00,1
2026-09-11 12:00:00+00:00,0.020421,0.021845,0.020239,0.021103,196030.0,2026-09-11 15:59:59.999000+00:00,1
2026-09-11 16:00:00+00:00,0.021103,0.021367,0.020621,0.020785,93315.0,2026-09-11 19:59:59.999000+00:00,1
2026-09-11 20:00:00+00:00,0.020785,0.021033,0.020688,0.020922,35229.0,2026-09-11 23:59:59.999000+00:00,1
2026-09-12 00:00:00+00:00,0.020937,0.021423,0.020932,0.021209,50701.0,2026-09-12 03:59:59.999000+00:00,1
2026-09-12 04:00:00+00:00,0.021209,0.021338,0.021057,0.021241,28924.0,2026-09-12 07:59:59.999000+00:00,1
2026-09-12 08:00:00+00:00,0.021241,0.021275,0.020913,0.021017,35724.0,2026-09-12 11:59:59.999000+00:00,1
2026-09-12 12:00:00+00:00,0.02102,0.021033,0.020827,0.020869,31422.0,2026-09-12 15:59:59.999000+00:00,1
2026-09-12 16:00:00+00:00,0.020869,0.020907,0.020651,0.020765,30559.0,2026-09-12 19:59:59.999000+00:00,1
2026-09-12 20:00:00+00:00,0.020765,0.020856,0.020622,0.020734,13982.0,2026-09-12 23:59:59.999000+00:00,1
2026-09-13 00:00:00+00:00,0.020724,0.020837,0.02065,0.02073,35378.0,2026-09-13 03:59:59.999000+00:00,1
2026-09-13 04:00:00+00:00,0.020715,0.020945,0.020625,0.020639,24097.0,2026-09-13 07:59:59.999000+00:00,1
2026-09-13 08:00:00+00:00,0.020644,0.020705,0.020327,0.020494,37557.0,2026-09-13 11:59:59.999000+00:00,1
2026-09-13 12:00:00+00:00,0.020493,0.020561,0.020311,0.020393,25798.0,2026-09-13 15:59:59.999000+00:00,1
2026-09-13 16:00:00+00:00,0.020407,0.020671,0.020216,0.020253,40396.0,2026-09-13 19:59:59.999000+00:00,1
2026-09-13 20:00:00+00:00,0.020257,0.020318,0.019605,0.019809,80482.0,2026-09-13 23:59:59.999000+00:00,1
2026-09-14 00:00:00+00:00,0.01981,0.020488,0.019629,0.020409,43453.0,2026-09-14 03:59:59.999000+00:00,1
2026-09-14 04:00:00+00:00,0.020406,0.020406,0.020099,0.020362,24620.0,2026-09-14 07:59:59.999000+00:00,1
2026-09-14 08:00:00+00:00,0.020363,0.02063,0.020193,0.020336,39687.0,2026-09-14 11:59:59.999000+00:00,1
2026-09-14 12:00:00+00:00,0.020347,0.020435,0.020085,0.020358,46019.0,2026-09-14 15:59:59.999000+00:00,1
2026-09-14 16:00:00+00:00,0.020358,0.020894,0.020287,0.020647,49193.0,2026-09-14 19:59:59.999000+00:00,1
2026-09-14 20:00:00+00:00,0.020645,0.021094,0.020645,0.020688,78919.0,2026-09-14 23:59:59.999000+00:00,1
2026-09-15 00:00:00+00:00,0.020689,0.020782,0.020321,0.020335,42980.0,2026-09-15 03:59:59.999000+00:00,1
2026-09-15 04:00:00+00:00,0.020338,0.020366,0.020001,0.020015,35791.0,2026-09-15 07:59:59.999000+00:00,1
2026-09-15 08:00:00+00:00,0.020011,0.020405,0.019931,0.020124,60713.0,2026-09-15 11:59:59.999000+00:00,1
2026-09-15 12:00:00+00:00,0.020115,0.02063,0.020057,0.020484,97218.0,2026-09-15 15:59:59.999000+00:00,1
2026-09-15 16:00:00+00:00,0.020486,0.02054,0.019707,0.020179,73031.0,2026-09-15 19:59:59.999000+00:00,1
2026-09-15 20:00:00+00:00,0.020187,0.020238,0.019831,0.020105,23416.0,2026-09-15 23:59:59.999000+00:00,1
2026-09-16 00:00:00+00:00,0.020106,0.020146,0.019773,0.019937,33669.0,2026-09-16 03:59:59.999000+00:00,1
2026-09-16 04:00:00+00:00,0.01994,0.020059,0.019714,0.01981,49646.0,2026-09-16 07:59:59.999000+00:00,1
2026-09-16 08:00:00+00:00,0.01981,0.020008,0.019745,0.019939,23415.0,2026-09-16 11:59:59.999000+00:00,1
2026-09-16 12:00:00+00:00,0.01996,0.01997,0.019524,0.019652,41902.0,2026-09-16 15:59:59.999000+00:00,1
2026-09-16 16:00:00+00:00,0.019641,0.020413,0.019462,0.020293,110778.0,2026-09-16 19:59:59.999000+00:00,1
2026-09-16 20:00:00+00:00,0.020303,0.020905,0.020236,0.020807,50014.0,2026-09-16 23:59:59.999000+00:00,1
2026-09-17 00:00:00+00:00,0.020816,0.020877,0.020445,0.020547,67652.0,2026-09-17 03:59:59.999000+00:00,1
2026-09-17 04:00:00+00:00,0.020549,0.020741,0.020423,0.020692,32526.0,2026-09-17 07:59:59.999000+00:00,1
2026-09-17 08:00:00+00:00,0.020687,0.021144,0.020624,0.020727,64356.0,2026-09-17 11:59:59.999000+00:00,1
2026-09-17 12:00:00+00:00,0.020745,0.021488,0.020695,0.021461,67585.0,2026-09-17 15:59:59.999000+00:00,1
2026-09-17 16:00:00+00:00,0.021462,0.021992,0.021287,0.021633,83595.0,2026-09-17 19:59:59.999000+00:00,1
2026-09-17 20:00:00+00:00,0.021625,0.021866,0.02125,0.021522,84840.0,2026-09-17 23:59:59.999000+00:00,1
2026-09-18 00:00:00+00:00,0.021527,0.022774,0.021509,0.022628,103415.0,2026-09-18 03:59:59.999000+00:00,1
2026-09-18 04:00:00+00:00,0.022623,0.02356,0.022568,0.023385,183641.0,2026-09-18 07:59:59.999000+00:00,1
2026-09-18 08:00:00+00:00,0.023401,0.023819,0.022961,0.023711,124343.0,2026-09-18 11:59:59.999000+00:00,1
2026-09-18 12:00:00+00:00,0.023721,0.024071,0.023366,0.023606,187029.0,2026-09-18 15:59:59.999000+00:00,1
2026-09-18 16:00:00+00:00,0.023608,0.024082,0.023399,0.023934,68952.0,2026-09-18 19:59:59.999000+00:00,1
2026-09-18 20:00:00+00:00,0.023934,0.02424,0.023741,0.023993,71713.0,2026-09-18 23:59:59.999000+00:00,1
2026-09-19 00:00:00+00:00,0.024,0.025384,0.023899,0.024762,198553.0,2026-09-19 03:59:59.999000+00:00,1
2026-09-19 04:00:00+00:00,0.024779,0.025585,0.02416,0.024249,251750.0,2026-09-19 07:59:59.999000+00:00,1
2026-09-19 08:00:00+00:00,0.024272,0.025239,0.024272,0.024851,131469.0,2026-09-19 11:59:59.999000+00:00,1
2026-09-19 12:00:00+00:00,0.024837,0.024911,0.024446,0.024555,54160.0,2026-09-19 15:59:59.999000+00:00,1
2026-09-19 16:00:00+00:00,0.024555,0.02487,0.024422,0.024751,60457.0,2026-09-19 19:59:59.999000+00:00,1
2026-09-19 20:00:00+00:00,0.02475,0.02529,0.024711,0.024886,161446.0,2026-09-19 23:59:59.999000+00:00,1
2026-09-20 00:00:00+00:00,0.024893,0.025185,0.024047,0.02448,210554.0,2026-09-20 03:59:59.999000+00:00,1
2026-09-20 04:00:00+00:00,0.024487,0.024511,0.023957,0.024126,79192.0,2026-09-20 07:59:59.999000+00:00,1
2026-09-20 08:00:00+00:00,0.024129,0.024199,0.023539,0.02364,64246.0,2026-09-20 11:59:59.999000+00:00,1
2026-09-20 12:00:00+00:00,0.023648,0.023741,0.02327,0.023644,73737.0,2026-09-20 15:59:59.999000+00:00,1
2026-09-20 16:00:00+00:00,0.023644,0.024065,0.023586,0.023767,79907.0,2026-09-20 19:59:59.999000+00:00,1
2026-09-20 20:00:00+00:00,0.023778,0.023943,0.023559,0.023791,49108.0,2026-09-20 23:59:59.999000+00:00,1
2026-09-21 00:00:00+00:00,0.023782,0.024294,0.023683,0.02411,77780.0,2026-09-21 03:59:59.999000+00:00,1
2026-09-21 04:00:00+00:00,0.02411,0.024219,0.022795,0.023349,147466.0,2026-09-21 07:59:59.999000+00:00,1
2026-09-21 08:00:00+00:00,0.02332,0.024375,0.023295,0.024075,168099.0,2026-09-21 11:59:59.999000+00:00,1
2026-09-21 12:00:00+00:00,0.024074,0.024792,0.023882,0.02407,174635.0,2026-09-21 15:59:59.999000+00:00,1
2026-09-21 16:00:00+00:00,0.024076,0.024613,0.023963,0.024386,107104.0,2026-09-21 19:59:59.999000+00:00,1
2026-09-21 20:00:00+00:00,0.024376,0.024376,0.023999,0.024341,81305.0,2026-09-21 23:59:59.999000+00:00,1
2026-09-22 00:00:00+00:00,0.024307,0.024429,0.023957,0.024176,92390.0,2026-09-22 03:59:59.999000+00:00,1
2026-09-22 04:00:00+00:00,0.02418,0.024341,0.02356,0.023606,111405.0,2026-09-22 07:59:59.999000+00:00,1
2026-09-22 08:00:00+00:00,0.023631,0.023807,0.0234,0.023545,64064.0,2026-09-22 11:59:59.999000+00:00,1
2026-09-22 12:00:00+00:00,0.023567,0.024051,0.023377,0.023716,80713.0,2026-09-22 15:59:59.999000+00:00,1
2026-09-22 16:00:00+00:00,0.023713,0.023725,0.023203,0.02351,61689.0,2026-09-22 19:59:59.999000+00:00,1
2026-09-22 20:00:00+00:00,0.023533,0.024485,0.023395,0.024237,110343.0,2026-09-22 23:59:59.999000+00:00,1
2026-09-23 00:00:00+00:00,0.024205,0.024952,0.024179,0.02485,112731.0,2026-09-23 03:59:59.999000+00:00,1
2026-09-23 04:00:00+00:00,0.02484,0.025483,0.024125,0.024142,155080.0,2026-09-23 07:59:59.999000+00:00,1
2026-09-23 08:00:00+00:00,0.024148,0.024557,0.023928,0.024211,76327.0,2026-09-23 11:59:59.999000+00:00,1
2026-09-23 12:00:00+00:00,0.024229,0.024642,0.023079,0.023113,191285.0,2026-09-23 15:59:59.999000+00:00,1
2026-09-23 16:00:00+00:00,0.02312,0.023542,0.022782,0.023109,82222.0,2026-09-23 19:59:59.999000+00:00,1
2026-09-23 20:00:00+00:00,0.023124,0.02314,0.022715,0.023009,42682.0,2026-09-23 23:59:59.999000+00:00,1
2026-09-24 00:00:00+00:00,0.023033,0.023481,0.022889,0.023386,53559.0,2026-09-24 03:59:59.999000+00:00,1
2026-09-24 04:00:00+00:00,0.023412,0.023812,0.023364,0.023741,86997.0,2026-09-24 07:59:59.999000+00:00,1
2026-09-24 08:00:00+00:00,0.023748,0.023904,0.023081,0.023449,67356.0,2026-09-24 11:59:59.999000+00:00,1
2026-09-24 12:00:00+00:00,0.023461,0.024553,0.023262,0.024446,100954.0,2026-09-24 15:59:59.999000+00:00,1
2026-09-24 16:00:00+00:00,0.02447,0.024781,0.023959,0.024187,67401.0,2026-09-24 19:59:59.999000+00:00,1
2026-09-24 20:00:00+00:00,0.024203,0.024419,0.024073,0.024391,17856.0,2026-09-24 23:59:59.999000+00:00,1
2026-09-25 00:00:00+00:00,0.024408,0.024481,0.024007,0.024132,35986.0,2026-09-25 03:59:59.999000+00:00,1
2026-09-25 04:00:00+00:00,0.024132,0.024227,0.023874,0.024063,68465.0,2026-09-25 07:59:59.999000+00:00,1
2026-09-25 08:00:00+00:00,0.024071,0.024748,0.024031,0.024478,116928.0,2026-09-25 11:59:59.999000+00:00,1
2026-09-25 12:00:00+00:00,0.024466,0.024817,0.024165,0.024383,149151.0,2026-09-25 15:59:59.999000+00:00,1
2026-09-25 16:00:00+00:00,0.024391,0.025113,0.024391,0.025033,122516.0,2026-09-25 19:59:59.999000+00:00,1
2026-09-25 20:00:00+00:00,0.025037,0.025243,0.024524,0.025002,60692.0,2026-09-25 23:59:59.999000+00:00,1
2026-09-26 00:00:00+00:00,0.025002,0.025247,0.024797,0.025061,62293.0,2026-09-26 03:59:59.999000+00:00,1
2026-09-26 04:00:00+00:00,0.025064,0.025458,0.024863,0.025374,64946.0,2026-09-26 07:59:59.999000+00:00,1
2026-09-26 08:00:00+00:00,0.025366,0.025571,0.025086,0.025521,109593.0,2026-09-26 11:59:59.999000+00:00,1
2026-09-26 12:00:00+00:00,0.025519,0.02682,0.025465,0.026353,147163.0,2026-09-26 15:59:59.999000+00:00,1
2026-09-26 16:00:00+00:00,0.026341,0.026438,0.025309,0.025531,151055.0,2026-09-26 19:59:59.999000+00:00,1
2026-09-26 20:00:00+00:00,0.025544,0.025752,0.025151,0.025657,74816.0,2026-09-26 23:59:59.999000+00:00,1
2026-09-27 00:00:00+00:00,0.025646,0.02616,0.025486,0.025635,78493.0,2026-09-27 03:59:59.999000+00:00,1
2026-09-27 04:00:00+00:00,0.025625,0.02593,0.025369,0.025874,49820.0,2026-09-27 07:59:59.999000+00:00,1
2026-09-27 08:00:00+00:00,0.025881,0.026487,0.025811,0.026457,96308.0,2026-09-27 11:59:59.999000+00:00,1
2026-09-27 12:00:00+00:00,0.026461,0.027339,0.026364,0.026741,249378.0,2026-09-27 15:59:59.999000+00:00,1
2026-09-27 16:00:00+00:00,0.026757,0.027567,0.026631,0.02748,75643.0,2026-09-27 19:59:59.999000+00:00,1
2026-09-27 20:00:00+00:00,0.027476,0.027594,0.026564,0.027145,89823.0,2026-09-27 23:59:59.999000+00:00,1
2026-09-28 00:00:00+00:00,0.02715,0.027938,0.02622,0.026794,198515.0,2026-09-28 03:59:59.999000+00:00,1
2026-09-28 04:00:00+00:00,0.026804,0.026922,0.025861,0.026167,171835.0,2026-09-28 07:59:59.999000+00:00,1
2026-09-28 08:00:00+00:00,0.026198,0.026827,0.025498,0.026623,228184.0,2026-09-28 11:59:59.999000+00:00,1
2026-09-28 12:00:00+00:00,0.026632,0.027915,0.026478,0.027817,363203.0,2026-09-28 15:59:59.999000+00:00,1
2026-09-28 16:00:00+00:00,0.027822,0.028524,0.027215,0.028048,329919.0,2026-09-28 19:59:59.999000+00:00,1
2026-09-28 20:00:00+00:00,0.028051,0.028794,0.027586,0.028673,122609.0,2026-09-28 23:59:59.999000+00:00,1
2026-09-29 00:00:00+00:00,0.028646,0.02876,0.027368,0.028049,115787.0,2026-09-29 03:59:59.999000+00:00,1
2026-09-29 04:00:00+00:00,0.028062,0.028834,0.027845,0.028767,217081.0,2026-09-29 07:59:59.999000+00:00,1
2026-09-29 08:00:00+00:00,0.028745,0.031628,0.028518,0.031482,541267.0,2026-09-29 11:59:59.999000+00:00,1
2026-09-29 12:00:00+00:00,0.031474,0.032965,0.030285,0.031707,789033.0,2026-09-29 15:59:59.999000+00:00,1
2026-09-29 16:00:00+00:00,0.031696,0.03274,0.031238,0.03171,521911.0,2026-09-29 19:59:59.999000+00:00,1
2026-09-29 20:00:00+00:00,0.031735,0.03288,0.031722,0.0323,326807.0,2026-09-29 23:59:59.999000+00:00,1
2026-09-30 00:00:00+00:00,0.032304,0.032953,0.032092,0.032437,219493.0,2026-09-30 03:59:59.999000+00:00,1
2026-09-30 04:00:00+00:00,0.032432,0.033326,0.030927,0.032571,415602.0,2026-09-30 07:59:59.999000+00:00,1
2026-09-30 08:00:00+00:00,0.03256,0.037875,0.032543,0.037219,3486898.0,2026-09-30 11:59:59.999000+00:00,1
2026-09-30 12:00:00+00:00,0.03723,0.038558,0.035951,0.036485,5072011.0,2026-09-30 15:59:59.999000+00:00,1
2026-09-30 16:00:00+00:00,0.036485,0.039138,0.035285,0.037485,2823205.0,2026-09-30 19:59:59.999000+00:00,1
2026-09-30 20:00:00+00:00,0.03749,0.040331,0.036975,0.039109,1865530.0,2026-09-30 23:59:59.999000+00:00,1
2026-10-01 00:00:00+00:00,0.039109,0.040865,0.038968,0.040456,2194532.0,2026-10-01 03:59:59.999000+00:00,1
2026-10-01 04:00:00+00:00,0.040454,0.043398,0.039055,0.041514,4291199.0,2026-10-01 07:59:59.999000+00:00,1
2026-10-01 08:00:00+00:00,0.041499,0.045233,0.040366,0.0439,5072852.0,2026-10-01 11:59:59.999000+00:00,1
2026-10-01 12:00:00+00:00,0.043881,0.044719,0.037386,0.039601,7341090.0,2026-10-01 15:59:59.999000+00:00,1
2026-10-01 16:00:00+00:00,0.039591,0.041885,0.037343,0.038262,2746911.0,2026-10-01 19:59:59.999000+00:00,1
2026-10-01 20:00:00+00:00,0.038287,0.039549,0.038275,0.038389,663508.0,2026-10-01 23:59:59.999000+00:00,1
2026-10-02 00:00:00+00:00,0.038394,0.039828,0.037839,0.038581,1204018.0,2026-10-02 03:59:59.999000+00:00,1
2026-10-02 04:00:00+00:00,0.038591,0.043441,0.038123,0.043129,1661242.0,2026-10-02 07:59:59.999000+00:00,1
2026-10-02 08:00:00+00:00,0.04312,0.0459,0.042045,0.045791,2542715.0,2026-10-02 11:59:59.999000+00:00,1
2026-10-02 12:00:00+00:00,0.045808,0.050463,0.045736,0.046268,5769357.0,2026-10-02 15:59:59.999000+00:00,1
2026-10-02 16:00:00+00:00,0.04627,0.048795,0.045904,0.047297,3219702.0,2026-10-02 19:59:59.999000+00:00,1
2026-10-02 20:00:00+00:00,0.047297,0.049492,0.045803,0.048841,1573093.0,2026-10-02 23:59:59.999000+00:00,1
2026-10-03 00:00:00+00:00,0.048847,0.052491,0.048043,0.050886,4574102.0,2026-10-03 03:59:59.999000+00:00,1
2026-10-03 04:00:00+00:00,0.050878,0.053111,0.048472,0.051899,3823505.0,2026-10-03 07:59:59.999000+00:00,1
2026-10-03 08:00:00+00:00,0.05191,0.052859,0.048622,0.049236,3584604.0,2026-10-03 11:59:59.999000+00:00,1
2026-10-03 12:00:00+00:00,0.049216,0.050395,0.048573,0.050021,1792337.0,2026-10-03 15:59:59.999000+00:00,1
2026-10-03 16:00:00+00:00,0.050028,0.051129,0.047125,0.048182,1621100.0,2026-10-03 19:59:59.999000+00:00,1
2026-10-03 20:00:00+00:00,0.048171,0.048759,0.047381,0.047787,694327.0,2026-10-03 23:59:59.999000+00:00,1
2026-10-04 00:00:00+00:00,0.047787,0.049642,0.047769,0.048927,997483.0,2026-10-04 03:59:59.999000+00:00,1
2026-10-04 04:00:00+00:00,0.048932,0.050126,0.048539,0.049497,880097.0,2026-10-04 07:59:59.999000+00:00,1
2026-10-04 08:00:00+00:00,0.049507,0.050133,0.048039,0.049753,1045757.0,2026-10-04 11:59:59.999000+00:00,1
2026-10-04 12:00:00+00:00,0.04976,0.049971,0.048638,0.048692,613626.0,2026-10-04 15:59:59.999000+00:00,1
2026-10-04 16:00:00+00:00,0.048675,0.049007,0.046159,0.046176,975374.0,2026-10-04 19:59:59.999000+00:00,1
2026-10-04 20:00:00+00:00,0.046198,0.046211,0.043534,0.044298,1603742.0,2026-10-04 23:59:59.999000+00:00,1
2026-10-05 00:00:00+00:00,0.044299,0.045694,0.04425,0.045113,914639.0,2026-10-05 03:59:59.999000+00:00,1
2026-10-05 04:00:00+00:00,0.045127,0.046682,0.044823,0.046405,857700.0,2026-10-05 07:59:59.999000+00:00,1
2026-10-05 08:00:00+00:00,0.046387,0.047928,0.045976,0.047435,923875.0,2026-10-05 11:59:59.999000+00:00,1
2026-10-05 12:00:00+00:00,0.047444,0.048732,0.046402,0.047669,1499142.0,2026-10-05 15:59:59.999000+00:00,1
2026-10-05 16:00:00+00:00,0.047674,0.04828,0.046436,0.048188,710565.0,2026-10-05 19:59:59.999000+00:00,1
2026-10-05 20:00:00+00:00,0.048187,0.052606,0.048082,0.051995,2136436.0,2026-10-05 23:59:59.999000+00:00,1
2026-10-06 00:00:00+00:00,0.051986,0.052078,0.049372,0.050235,1510216.0,2026-10-06 03:59:59.999000+00:00,1
2026-10-06 04:00:00+00:00,0.050241,0.050833,0.049501,0.050142,646646.0,2026-10-06 07:59:59.999000+00:00,1
2026-10-06 08:00:00+00:00,0.05014,0.050481,0.049667,0.050155,610619.0,2026-10-06 11:59:59.999000+00:00,1
2026-10-06 12:00:00+00:00,0.050154,0.05076,0.047898,0.048552,1216154.0,2026-10-06 15:59:59.999000+00:00,1
2026-10-06 16:00:00+00:00,0.048564,0.0493,0.048015,0.04873,554184.0,2026-10-06 19:59:59.999000+00:00,1
2026-10-06 20:00:00+00:00,0.048723,0.050593,0.04866,0.050084,614490.0,2026-10-06 23:59:59.999000+00:00,1
2026-10-07 00:00:00+00:00,0.050109,0.050451,0.048664,0.04982,971126.0,2026-10-07 03:59:59.999000+00:00,1
2026-10-07 04:00:00+00:00,0.049824,0.049986,0.048265,0.049441,576387.0,2026-10-07 07:59:59.999000+00:00,1
2026-10-07 08:00:00+00:00,0.049448,0.04958,0.047164,0.04735,652034.0,2026-10-07 11:59:59.999000+00:00,1
2026-10-07 12:00:00+00:00,0.047349,0.047962,0.046301,0.047499,753978.0,2026-10-07 15:59:59.999000+00:00,1
2026-10-07 16:00:00+00:00,0.0475,0.0475,0.046172,0.046237,414984.0,2026-10-07 19:59:59.999000+00:00,1
2026-10-07 20:00:00+00:00,0.046241,0.046588,0.046209,0.046369,44381.0,2026-10-07 23:59:59.999000+00:00,0
