ts,open,high,low,close,volume,close_time,confirm
2026-03-26 04:00:00+00:00,0.269,0.2697,0.2598,0.2637,1053130.0,2026-03-26 07:59:59.999000+00:00,1
2026-03-26 08:00:00+00:00,0.2637,0.2639,0.2549,0.2552,735209.0,2026-03-26 11:59:59.999000+00:00,1
2026-03-26 12:00:00+00:00,0.2552,0.2653,0.2539,0.2629,1240380.0,2026-03-26 15:59:59.999000+00:00,1
2026-03-26 16:00:00+00:00,0.2628,0.2644,0.2577,0.2585,1075577.0,2026-03-26 19:59:59.999000+00:00,1
2026-03-26 20:00:00+00:00,0.2585,0.2703,0.2578,0.269,947954.0,2026-03-26 23:59:59.999000+00:00,1
2026-03-27 00:00:00+00:00,0.269,0.2887,0.2686,0.2799,5311991.0,2026-03-27 03:59:59.999000+00:00,1
2026-03-27 04:00:00+00:00,0.28,0.2912,0.2767,0.2807,7244531.0,2026-03-27 07:59:59.999000+00:00,1
2026-03-27 08:00:00+00:00,0.2807,0.2816,0.2662,0.2667,4061830.0,2026-03-27 11:59:59.999000+00:00,1
2026-03-27 12:00:00+00:00,0.2667,0.2671,0.2597,0.266,2655422.0,2026-03-27 15:59:59.999000+00:00,1
2026-03-27 16:00:00+00:00,0.266,0.2711,0.2613,0.27,1582080.0,2026-03-27 19:59:59.999000+00:00,1
2026-03-27 20:00:00+00:00,0.27,0.2743,0.2675,0.2685,902446.0,2026-03-27 23:59:59.999000+00:00,1
2026-03-28 00:00:00+00:00,0.2686,0.2715,0.2599,0.2639,1464488.0,2026-03-28 03:59:59.999000+00:00,1
2026-03-28 04:00:00+00:00,0.2638,0.2667,0.2605,0.2646,1081205.0,2026-03-28 07:59:59.999000+00:00,1
2026-03-28 08:00:00+00:00,0.2647,0.2684,0.2623,0.268,723689.0,2026-03-28 11:59:59.999000+00:00,1
2026-03-28 12:00:00+00:00,0.2681,0.2791,0.2656,0.2766,1650425.0,2026-03-28 15:59:59.999000+00:00,1
2026-03-28 16:00:00+00:00,0.2767,0.2778,0.2725,0.2746,502486.0,2026-03-28 19:59:59.999000+00:00,1
2026-03-28 20:00:00+00:00,0.2746,0.2771,0.2669,0.2684,581096.0,2026-03-28 23:59:59.999000+00:00,1
2026-03-29 00:00:00+00:00,0.2684,0.2716,0.2667,0.2709,718100.0,2026-03-29 03:59:59.999000+00:00,1
2026-03-29 04:00:00+00:00,0.2709,0.2714,0.2676,0.2681,462051.0,2026-03-29 07:59:59.999000+00:00,1
2026-03-29 08:00:00+00:00,0.2681,0.2698,0.2652,0.2676,704730.0,2026-03-29 11:59:59.999000+00:00,1
2026-03-29 12:00:00+00:00,0.2675,0.2677,0.2618,0.2624,886107.0,2026-03-29 15:59:59.999000+00:00,1
2026-03-29 16:00:00+00:00,0.2624,0.2634,0.2584,0.2587,615523.0,2026-03-29 19:59:59.999000+00:00,1
2026-03-29 20:00:00+00:00,0.2586,0.2611,0.2512,0.2575,1235672.0,2026-03-29 23:59:59.999000+00:00,1
2026-03-30 00:00:00+00:00,0.2575,0.2711,0.257,0.2689,1081739.0,2026-03-30 03:59:59.999000+00:00,1
2026-03-30 04:00:00+00:00,0.269,0.2715,0.2666,0.2703,657122.0,2026-03-30 07:59:59.999000+00:00,1
2026-03-30 08:00:00+00:00,0.2704,0.2725,0.2661,0.2679,648053.0,2026-03-30 11:59:59.999000+00:00,1
2026-03-30 12:00:00+00:00,0.2679,0.2719,0.2639,0.2702,554714.0,2026-03-30 15:59:59.999000+00:00,1
2026-03-30 16:00:00+00:00,0.2703,0.2713,0.2612,0.2628,440268.0,2026-03-30 19:59:59.999000+00:00,1
2026-03-30 20:00:00+00:00,0.2628,0.2676,0.261,0.2617,366816.0,2026-03-30 23:59:59.999000+00:00,1
2026-03-31 00:00:00+00:00,0.2617,0.2674,0.2606,0.2637,569649.0,2026-03-31 03:59:59.999000+00:00,1
2026-03-31 04:00:00+00:00,0.2637,0.2642,0.2596,0.261,473527.0,2026-03-31 07:59:59.999000+00:00,1
2026-03-31 08:00:00+00:00,0.2611,0.2626,0.2557,0.2578,534231.0,2026-03-31 11:59:59.999000+00:00,1
2026-03-31 12:00:00+00:00,0.2579,0.2673,0.257,0.2622,944921.0,2026-03-31 15:59:59.999000+00:00,1
2026-03-31 16:00:00+00:00,0.2622,0.2724,0.2621,0.2714,840688.0,2026-03-31 19:59:59.999000+00:00,1
2026-03-31 20:00:00+00:00,0.2714,0.2806,0.2704,0.2726,875487.0,2026-03-31 23:59:59.999000+00:00,1
2026-04-01 00:00:00+00:00,0.2726,0.275,0.2699,0.2736,595676.0,2026-04-01 03:59:59.999000+00:00,1
2026-04-01 04:00:00+00:00,0.2735,0.2788,0.2726,0.2739,816964.0,2026-04-01 07:59:59.999000+00:00,1
2026-04-01 08:00:00+00:00,0.2739,0.2745,0.271,0.2734,734036.0,2026-04-01 11:59:59.999000+00:00,1
2026-04-01 12:00:00+00:00,0.2733,0.2772,0.2702,0.2731,1036252.0,2026-04-01 15:59:59.999000+00:00,1
2026-04-01 16:00:00+00:00,0.273,0.2755,0.268,0.2702,619851.0,2026-04-01 19:59:59.999000+00:00,1
2026-04-01 20:00:00+00:00,0.2702,0.2719,0.2685,0.2698,245137.0,2026-04-01 23:59:59.999000+00:00,1
2026-04-02 00:00:00+00:00,0.2698,0.2732,0.2584,0.2598,1032332.0,2026-04-02 03:59:59.999000+00:00,1
2026-04-02 04:00:00+00:00,0.2598,0.2633,0.2578,0.2615,428161.0,2026-04-02 07:59:59.999000+00:00,1
2026-04-02 08:00:00+00:00,0.2616,0.2627,0.256,0.257,443556.0,2026-04-02 11:59:59.999000+00:00,1
2026-04-02 12:00:00+00:00,0.2569,0.2609,0.2521,0.2583,749067.0,2026-04-02 15:59:59.999000+00:00,1
2026-04-02 16:00:00+00:00,0.2582,0.2611,0.2563,0.2578,482722.0,2026-04-02 19:59:59.999000+00:00,1
2026-04-02 20:00:00+00:00,0.2577,0.2594,0.2561,0.2574,273229.0,2026-04-02 23:59:59.999000+00:00,1
2026-04-03 00:00:00+00:00,0.2574,0.2592,0.2562,0.2585,267471.0,2026-04-03 03:59:59.999000+00:00,1
2026-04-03 04:00:00+00:00,0.2584,0.2635,0.258,0.2621,348578.0,2026-04-03 07:59:59.999000+00:00,1
2026-04-03 08:00:00+00:00,0.2622,0.2642,0.2605,0.2615,249109.0,2026-04-03 11:59:59.999000+00:00,1
2026-04-03 12:00:00+00:00,0.2614,0.2646,0.2592,0.2592,336913.0,2026-04-03 15:59:59.999000+00:00,1
2026-04-03 16:00:00+00:00,0.2591,0.2617,0.2585,0.2599,259077.0,2026-04-03 19:59:59.999000+00:00,1
2026-04-03 20:00:00+00:00,0.2599,0.2611,0.2581,0.259,130054.0,2026-04-03 23:59:59.999000+00:00,1
2026-04-04 00:00:00+00:00,0.2592,0.2597,0.2571,0.2577,134329.0,2026-04-04 03:59:59.999000+00:00,1
2026-04-04 04:00:00+00:00,0.2577,0.2597,0.2574,0.258,147417.0,2026-04-04 07:59:59.999000+00:00,1
2026-04-04 08:00:00+00:00,0.258,0.2591,0.2561,0.2571,168003.0,2026-04-04 11:59:59.999000+00:00,1
2026-04-04 12:00:00+00:00,0.257,0.2578,0.2547,0.2559,265104.0,2026-04-04 15:59:59.999000+00:00,1
2026-04-04 16:00:00+00:00,0.2559,0.2588,0.2549,0.2561,231462.0,2026-04-04 19:59:59.999000+00:00,1
2026-04-04 20:00:00+00:00,0.2562,0.2563,0.2543,0.2552,117370.0,2026-04-04 23:59:59.999000+00:00,1
2026-04-05 00:00:00+00:00,0.2553,0.2555,0.2524,0.2534,182548.0,2026-04-05 03:59:59.999000+00:00,1
2026-04-05 04:00:00+00:00,0.2535,0.2536,0.2482,0.2489,489320.0,2026-04-05 07:59:59.999000+00:00,1
2026-04-05 08:00:00+00:00,0.2488,0.2504,0.2487,0.2493,173988.0,2026-04-05 11:59:59.999000+00:00,1
2026-04-05 12:00:00+00:00,0.2492,0.2523,0.2468,0.2501,579865.0,2026-04-05 15:59:59.999000+00:00,1
2026-04-05 16:00:00+00:00,0.2501,0.2512,0.2489,0.2498,196859.0,2026-04-05 19:59:59.999000+00:00,1
2026-04-05 20:00:00+00:00,0.2498,0.2586,0.2496,0.2584,396610.0,2026-04-05 23:59:59.999000+00:00,1
2026-04-06 00:00:00+00:00,0.2585,0.2672,0.2582,0.2651,606083.0,2026-04-06 03:59:59.999000+00:00,1
2026-04-06 04:00:00+00:00,0.2652,0.2686,0.2608,0.2632,736955.0,2026-04-06 07:59:59.999000+00:00,1
2026-04-06 08:00:00+00:00,0.2633,0.2702,0.2624,0.2683,607228.0,2026-04-06 11:59:59.999000+00:00,1
2026-04-06 12:00:00+00:00,0.2684,0.269,0.2629,0.2646,396911.0,2026-04-06 15:59:59.999000+00:00,1
2026-04-06 16:00:00+00:00,0.2646,0.2655,0.2606,0.2617,317763.0,2026-04-06 19:59:59.999000+00:00,1
2026-04-06 20:00:00+00:00,0.2618,0.2628,0.2542,0.2556,363712.0,2026-04-06 23:59:59.999000+00:00,1
2026-04-07 00:00:00+00:00,0.2555,0.257,0.2521,0.2539,377846.0,2026-04-07 03:59:59.999000+00:00,1
2026-04-07 04:00:00+00:00,0.2538,0.2544,0.2509,0.2521,252784.0,2026-04-07 07:59:59.999000+00:00,1
2026-04-07 08:00:00+00:00,0.2522,0.2556,0.2488,0.2497,527282.0,2026-04-07 11:59:59.999000+00:00,1
2026-04-07 12:00:00+00:00,0.2497,0.2535,0.2476,0.2496,847619.0,2026-04-07 15:59:59.999000+00:00,1
2026-04-07 16:00:00+00:00,0.2495,0.2541,0.2494,0.2535,433543.0,2026-04-07 19:59:59.999000+00:00,1
2026-04-07 20:00:00+00:00,0.2534,0.2726,0.2534,0.2693,968232.0,2026-04-07 23:59:59.999000+00:00,1
2026-04-08 00:00:00+00:00,0.2693,0.2708,0.2667,0.2693,601142.0,2026-04-08 03:59:59.999000+00:00,1
2026-04-08 04:00:00+00:00,0.2693,0.2727,0.2688,0.2696,481803.0,2026-04-08 07:59:59.999000+00:00,1
2026-04-08 08:00:00+00:00,0.2697,0.2713,0.2662,0.2676,474836.0,2026-04-08 11:59:59.999000+00:00,1
2026-04-08 12:00:00+00:00,0.2676,0.2705,0.2602,0.2623,756826.0,2026-04-08 15:59:59.999000+00:00,1
2026-04-08 16:00:00+00:00,0.2623,0.2644,0.2583,0.259,425119.0,2026-04-08 19:59:59.999000+00:00,1
2026-04-08 20:00:00+00:00,0.2591,0.2611,0.2551,0.2555,276546.0,2026-04-08 23:59:59.999000+00:00,1
2026-04-09 00:00:00+00:00,0.2556,0.2561,0.2503,0.2505,514526.0,2026-04-09 03:59:59.999000+00:00,1
2026-04-09 04:00:00+00:00,0.2504,0.2536,0.2492,0.2524,407797.0,2026-04-09 07:59:59.999000+00:00,1
2026-04-09 08:00:00+00:00,0.2524,0.2541,0.2514,0.2519,345997.0,2026-04-09 11:59:59.999000+00:00,1
2026-04-09 12:00:00+00:00,0.2518,0.2584,0.2502,0.257,995977.0,2026-04-09 15:59:59.999000+00:00,1
2026-04-09 16:00:00+00:00,0.257,0.2588,0.2537,0.2554,686564.0,2026-04-09 19:59:59.999000+00:00,1
2026-04-09 20:00:00+00:00,0.2555,0.263,0.2527,0.2542,507569.0,2026-04-09 23:59:59.999000+00:00,1
2026-04-10 00:00:00+00:00,0.2542,0.2553,0.2507,0.2528,465925.0,2026-04-10 03:59:59.999000+00:00,1
2026-04-10 04:00:00+00:00,0.2528,0.2563,0.2516,0.2521,371763.0,2026-04-10 07:59:59.999000+00:00,1
2026-04-10 08:00:00+00:00,0.2522,0.2545,0.2513,0.2536,393382.0,2026-04-10 11:59:59.999000+00:00,1
2026-04-10 12:00:00+00:00,0.2536,0.2578,0.2515,0.2519,1498790.0,2026-04-10 15:59:59.999000+00:00,1
2026-04-10 16:00:00+00:00,0.2519,0.2579,0.2517,0.2578,559582.0,2026-04-10 19:59:59.999000+00:00,1
2026-04-10 20:00:00+00:00,0.2578,0.2584,0.2556,0.2562,442325.0,2026-04-10 23:59:59.999000+00:00,1
2026-04-11 00:00:00+00:00,0.2563,0.2566,0.2536,0.2537,264922.0,2026-04-11 03:59:59.999000+00:00,1
2026-04-11 04:00:00+00:00,0.2537,0.2546,0.2521,0.2538,274631.0,2026-04-11 07:59:59.999000+00:00,1
2026-04-11 08:00:00+00:00,0.2539,0.2547,0.2529,0.2534,257935.0,2026-04-11 11:59:59.999000+00:00,1
2026-04-11 12:00:00+00:00,0.2534,0.2541,0.2512,0.2539,351125.0,2026-04-11 15:59:59.999000+00:00,1
2026-04-11 16:00:00+00:00,0.2538,0.2613,0.2538,0.2612,447251.0,2026-04-11 19:59:59.999000+00:00,1
2026-04-11 20:00:00+00:00,0.2613,0.2619,0.255,0.256,324260.0,2026-04-11 23:59:59.999000+00:00,1
2026-04-12 00:00:00+00:00,0.256,0.2568,0.2468,0.2472,785204.0,2026-04-12 03:59:59.999000+00:00,1
2026-04-12 04:00:00+00:00,0.2472,0.2486,0.2464,0.2482,328634.0,2026-04-12 07:59:59.999000+00:00,1
2026-04-12 08:00:00+00:00,0.2481,0.249,0.2453,0.2468,346443.0,2026-04-12 11:59:59.999000+00:00,1
2026-04-12 12:00:00+00:00,0.2467,0.2478,0.2438,0.2448,486586.0,2026-04-12 15:59:59.999000+00:00,1
2026-04-12 16:00:00+00:00,0.2447,0.2466,0.2431,0.2436,454492.0,2026-04-12 19:59:59.999000+00:00,1
2026-04-12 20:00:00+00:00,0.2435,0.2457,0.2411,0.2423,491242.0,2026-04-12 23:59:59.999000+00:00,1
2026-04-13 00:00:00+00:00,0.2423,0.2459,0.242,0.245,341507.0,2026-04-13 03:59:59.999000+00:00,1
2026-04-13 04:00:00+00:00,0.2449,0.2488,0.2431,0.2448,526239.0,2026-04-13 07:59:59.999000+00:00,1
2026-04-13 08:00:00+00:00,0.2449,0.2479,0.2439,0.2474,400272.0,2026-04-13 11:59:59.999000+00:00,1
2026-04-13 12:00:00+00:00,0.2475,0.2542,0.2461,0.2481,1162816.0,2026-04-13 15:59:59.999000+00:00,1
2026-04-13 16:00:00+00:00,0.2482,0.2518,0.2462,0.2513,664531.0,2026-04-13 19:59:59.999000+00:00,1
2026-04-13 20:00:00+00:00,0.2512,0.2588,0.2487,0.2574,977714.0,2026-04-13 23:59:59.999000+00:00,1
2026-04-14 00:00:00+00:00,0.2576,0.2579,0.2532,0.2551,443034.0,2026-04-14 03:59:59.999000+00:00,1
2026-04-14 04:00:00+00:00,0.2552,0.2556,0.2519,0.2532,413878.0,2026-04-14 07:59:59.999000+00:00,1
2026-04-14 08:00:00+00:00,0.2533,0.2572,0.2526,0.2548,549905.0,2026-04-14 11:59:59.999000+00:00,1
2026-04-14 12:00:00+00:00,0.2548,0.2607,0.2532,0.2537,977028.0,2026-04-14 15:59:59.999000+00:00,1
2026-04-14 16:00:00+00:00,0.2538,0.2554,0.2475,0.2502,449508.0,2026-04-14 19:59:59.999000+00:00,1
2026-04-14 20:00:00+00:00,0.2503,0.2514,0.2494,0.2509,171267.0,2026-04-14 23:59:59.999000+00:00,1
2026-04-15 00:00:00+00:00,0.251,0.254,0.2508,0.2517,335792.0,2026-04-15 03:59:59.999000+00:00,1
2026-04-15 04:00:00+00:00,0.2518,0.2534,0.2487,0.249,252136.0,2026-04-15 07:59:59.999000+00:00,1
2026-04-15 08:00:00+00:00,0.2491,0.2541,0.2489,0.2528,361218.0,2026-04-15 11:59:59.999000+00:00,1
2026-04-15 12:00:00+00:00,0.2529,0.2556,0.2508,0.2521,477345.0,2026-04-15 15:59:59.999000+00:00,1
2026-04-15 16:00:00+00:00,0.2521,0.259,0.2518,0.2579,301181.0,2026-04-15 19:59:59.999000+00:00,1
2026-04-15 20:00:00+00:00,0.2579,0.26,0.2559,0.2585,263903.0,2026-04-15 23:59:59.999000+00:00,1
2026-04-16 00:00:00+00:00,0.2585,0.2612,0.2562,0.2605,356669.0,2026-04-16 03:59:59.999000+00:00,1
2026-04-16 04:00:00+00:00,0.2605,0.2647,0.26,0.2626,607396.0,2026-04-16 07:59:59.999000+00:00,1
2026-04-16 08:00:00+00:00,0.2627,0.2654,0.2604,0.2634,549999.0,2026-04-16 11:59:59.999000+00:00,1
2026-04-16 12:00:00+00:00,0.2634,0.2693,0.2584,0.2686,1178323.0,2026-04-16 15:59:59.999000+00:00,1
2026-04-16 16:00:00+00:00,0.2686,0.2732,0.2639,0.2728,708951.0,2026-04-16 19:59:59.999000+00:00,1
2026-04-16 20:00:00+00:00,0.2728,0.2737,0.2676,0.2696,350884.0,2026-04-16 23:59:59.999000+00:00,1
2026-04-17 00:00:00+00:00,0.2695,0.2697,0.263,0.2642,746154.0,2026-04-17 03:59:59.999000+00:00,1
2026-04-17 04:00:00+00:00,0.2643,0.2659,0.2613,0.2652,576278.0,2026-04-17 07:59:59.999000+00:00,1
2026-04-17 08:00:00+00:00,0.2653,0.2684,0.262,0.2662,732178.0,2026-04-17 11:59:59.999000+00:00,1
2026-04-17 12:00:00+00:00,0.2663,0.2757,0.266,0.274,2551400.0,2026-04-17 15:59:59.999000+00:00,1
2026-04-17 16:00:00+00:00,0.274,0.2797,0.2715,0.2738,1469261.0,2026-04-17 19:59:59.999000+00:00,1
2026-04-17 20:00:00+00:00,0.2738,0.2747,0.2688,0.2702,395496.0,2026-04-17 23:59:59.999000+00:00,1
2026-04-18 00:00:00+00:00,0.2701,0.2716,0.2676,0.2691,525683.0,2026-04-18 03:59:59.999000+00:00,1
2026-04-18 04:00:00+00:00,0.2692,0.2719,0.2682,0.2711,298958.0,2026-04-18 07:59:59.999000+00:00,1
2026-04-18 08:00:00+00:00,0.2711,0.2711,0.259,0.2608,993873.0,2026-04-18 11:59:59.999000+00:00,1
2026-04-18 12:00:00+00:00,0.2607,0.2618,0.2579,0.2604,603463.0,2026-04-18 15:59:59.999000+00:00,1
2026-04-18 16:00:00+00:00,0.2604,0.261,0.2552,0.2569,597156.0,2026-04-18 19:59:59.999000+00:00,1
2026-04-18 20:00:00+00:00,0.2568,0.2602,0.2559,0.2577,305671.0,2026-04-18 23:59:59.999000+00:00,1
2026-04-19 00:00:00+00:00,0.2577,0.2579,0.2535,0.2558,402758.0,2026-04-19 03:59:59.999000+00:00,1
2026-04-19 04:00:00+00:00,0.2558,0.2568,0.2522,0.2542,475757.0,2026-04-19 07:59:59.999000+00:00,1
2026-04-19 08:00:00+00:00,0.2542,0.2562,0.2524,0.2561,264558.0,2026-04-19 11:59:59.999000+00:00,1
2026-04-19 12:00:00+00:00,0.2561,0.2611,0.2555,0.2585,642081.0,2026-04-19 15:59:59.999000+00:00,1
2026-04-19 16:00:00+00:00,0.2586,0.2588,0.2529,0.2547,510132.0,2026-04-19 19:59:59.999000+00:00,1
2026-04-19 20:00:00+00:00,0.2547,0.2547,0.249,0.2501,537941.0,2026-04-19 23:59:59.999000+00:00,1
2026-04-20 00:00:00+00:00,0.2501,0.2535,0.2496,0.2529,278937.0,2026-04-20 03:59:59.999000+00:00,1
2026-04-20 04:00:00+00:00,0.2528,0.2565,0.2492,0.2526,566546.0,2026-04-20 07:59:59.999000+00:00,1
2026-04-20 08:00:00+00:00,0.2527,0.2549,0.251,0.2532,400428.0,2026-04-20 11:59:59.999000+00:00,1
2026-04-20 12:00:00+00:00,0.2531,0.255,0.2505,0.2531,523767.0,2026-04-20 15:59:59.999000+00:00,1
2026-04-20 16:00:00+00:00,0.2531,0.2571,0.2518,0.2558,505916.0,2026-04-20 19:59:59.999000+00:00,1
2026-04-20 20:00:00+00:00,0.2558,0.2573,0.2536,0.255,312451.0,2026-04-20 23:59:59.999000+00:00,1
2026-04-21 00:00:00+00:00,0.2551,0.2584,0.2535,0.255,323691.0,2026-04-21 03:59:59.999000+00:00,1
2026-04-21 04:00:00+00:00,0.2551,0.2581,0.2544,0.2574,278892.0,2026-04-21 07:59:59.999000+00:00,1
2026-04-21 08:00:00+00:00,0.2574,0.2614,0.2572,0.2595,362564.0,2026-04-21 11:59:59.999000+00:00,1
2026-04-21 12:00:00+00:00,0.2596,0.26,0.2551,0.2572,593872.0,2026-04-21 15:59:59.999000+00:00,1
2026-04-21 16:00:00+00:00,0.2572,0.2581,0.2519,0.2527,439808.0,2026-04-21 19:59:59.999000+00:00,1
2026-04-21 20:00:00+00:00,0.2527,0.2579,0.2525,0.2578,297732.0,2026-04-21 23:59:59.999000+00:00,1
2026-04-22 00:00:00+00:00,0.2578,0.2655,0.2571,0.2639,617665.0,2026-04-22 03:59:59.999000+00:00,1
2026-04-22 04:00:00+00:00,0.2639,0.2702,0.2631,0.2686,764887.0,2026-04-22 07:59:59.999000+00:00,1
2026-04-22 08:00:00+00:00,0.2686,0.2718,0.2679,0.27,701695.0,2026-04-22 11:59:59.999000+00:00,1
2026-04-22 12:00:00+00:00,0.2701,0.2707,0.2661,0.2671,690579.0,2026-04-22 15:59:59.999000+00:00,1
2026-04-22 16:00:00+00:00,0.2673,0.2679,0.2627,0.2643,406431.0,2026-04-22 19:59:59.999000+00:00,1
2026-04-22 20:00:00+00:00,0.2641,0.2647,0.2605,0.2607,282850.0,2026-04-22 23:59:59.999000+00:00,1
2026-04-23 00:00:00+00:00,0.2607,0.2615,0.255,0.2566,498419.0,2026-04-23 03:59:59.999000+00:00,1
2026-04-23 04:00:00+00:00,0.2566,0.2594,0.2559,0.2585,315526.0,2026-04-23 07:59:59.999000+00:00,1
2026-04-23 08:00:00+00:00,0.2586,0.259,0.2548,0.2575,295244.0,2026-04-23 11:59:59.999000+00:00,1
2026-04-23 12:00:00+00:00,0.2575,0.2634,0.2574,0.2632,630110.0,2026-04-23 15:59:59.999000+00:00,1
2026-04-23 16:00:00+00:00,0.2633,0.2636,0.2562,0.2579,869920.0,2026-04-23 19:59:59.999000+00:00,1
2026-04-23 20:00:00+00:00,0.2579,0.2623,0.2578,0.262,215939.0,2026-04-23 23:59:59.999000+00:00,1
2026-04-24 00:00:00+00:00,0.2621,0.2654,0.2603,0.2614,338060.0,2026-04-24 03:59:59.999000+00:00,1
2026-04-24 04:00:00+00:00,0.2615,0.2626,0.2599,0.2611,203817.0,2026-04-24 07:59:59.999000+00:00,1
2026-04-24 08:00:00+00:00,0.2612,0.265,0.2594,0.2638,254618.0,2026-04-24 11:59:59.999000+00:00,1
2026-04-24 12:00:00+00:00,0.2639,0.2667,0.2615,0.2667,582480.0,2026-04-24 15:59:59.999000+00:00,1
2026-04-24 16:00:00+00:00,0.2668,0.2674,0.2636,0.2655,380302.0,2026-04-24 19:59:59.999000+00:00,1
2026-04-24 20:00:00+00:00,0.2655,0.2658,0.2612,0.2618,266913.0,2026-04-24 23:59:59.999000+00:00,1
2026-04-25 00:00:00+00:00,0.2618,0.2637,0.2602,0.2633,289151.0,2026-04-25 03:59:59.999000+00:00,1
2026-04-25 04:00:00+00:00,0.2634,0.2634,0.2612,0.2619,161116.0,2026-04-25 07:59:59.999000+00:00,1
2026-04-25 08:00:00+00:00,0.2619,0.264,0.2602,0.2611,192259.0,2026-04-25 11:59:59.999000+00:00,1
2026-04-25 12:00:00+00:00,0.2612,0.2623,0.2592,0.2601,297247.0,2026-04-25 15:59:59.999000+00:00,1
2026-04-25 16:00:00+00:00,0.2601,0.2606,0.2576,0.2582,176565.0,2026-04-25 19:59:59.999000+00:00,1
2026-04-25 20:00:00+00:00,0.2582,0.2609,0.2579,0.2608,136358.0,2026-04-25 23:59:59.999000+00:00,1
2026-04-26 00:00:00+00:00,0.2609,0.2609,0.2581,0.2592,282645.0,2026-04-26 03:59:59.999000+00:00,1
2026-04-26 04:00:00+00:00,0.2592,0.2634,0.2587,0.2633,254249.0,2026-04-26 07:59:59.999000+00:00,1
2026-04-26 08:00:00+00:00,0.2634,0.2736,0.2625,0.2707,830894.0,2026-04-26 11:59:59.999000+00:00,1
2026-04-26 12:00:00+00:00,0.2706,0.2727,0.2664,0.2694,726392.0,2026-04-26 15:59:59.999000+00:00,1
2026-04-26 16:00:00+00:00,0.2694,0.2701,0.2668,0.2678,327161.0,2026-04-26 19:59:59.999000+00:00,1
2026-04-26 20:00:00+00:00,0.2677,0.269,0.2653,0.2669,351289.0,2026-04-26 23:59:59.999000+00:00,1
2026-04-27 00:00:00+00:00,0.2669,0.2734,0.2661,0.2712,574018.0,2026-04-27 03:59:59.999000+00:00,1
2026-04-27 04:00:00+00:00,0.2712,0.2717,0.2606,0.2612,758741.0,2026-04-27 07:59:59.999000+00:00,1
2026-04-27 08:00:00+00:00,0.2612,0.2627,0.2593,0.2618,480254.0,2026-04-27 11:59:59.999000+00:00,1
2026-04-27 12:00:00+00:00,0.2618,0.265,0.2571,0.2603,1280196.0,2026-04-27 15:59:59.999000+00:00,1
2026-04-27 16:00:00+00:00,0.2603,0.2627,0.2596,0.2602,454479.0,2026-04-27 19:59:59.999000+00:00,1
2026-04-27 20:00:00+00:00,0.2603,0.2664,0.2601,0.2662,249286.0,2026-04-27 23:59:59.999000+00:00,1
2026-04-28 00:00:00+00:00,0.2663,0.2673,0.2622,0.263,440369.0,2026-04-28 03:59:59.999000+00:00,1
2026-04-28 04:00:00+00:00,0.2631,0.265,0.2599,0.2618,583145.0,2026-04-28 07:59:59.999000+00:00,1
2026-04-28 08:00:00+00:00,0.2618,0.2628,0.2596,0.2605,409344.0,2026-04-28 11:59:59.999000+00:00,1
2026-04-28 12:00:00+00:00,0.2605,0.265,0.2586,0.2649,681201.0,2026-04-28 15:59:59.999000+00:00,1
2026-04-28 16:00:00+00:00,0.2648,0.2651,0.2619,0.2639,407160.0,2026-04-28 19:59:59.999000+00:00,1
2026-04-28 20:00:00+00:00,0.2639,0.2648,0.2627,0.2642,147450.0,2026-04-28 23:59:59.999000+00:00,1
2026-04-29 00:00:00+00:00,0.2642,0.2668,0.2635,0.2668,316587.0,2026-04-29 03:59:59.999000+00:00,1
2026-04-29 04:00:00+00:00,0.2669,0.2681,0.2651,0.2655,396177.0,2026-04-29 07:59:59.999000+00:00,1
2026-04-29 08:00:00+00:00,0.2656,0.2702,0.264,0.269,576356.0,2026-04-29 11:59:59.999000+00:00,1
2026-04-29 12:00:00+00:00,0.2691,0.2692,0.2602,0.2609,1093075.0,2026-04-29 15:59:59.999000+00:00,1
2026-04-29 16:00:00+00:00,0.2608,0.2625,0.2536,0.2581,1115255.0,2026-04-29 19:59:59.999000+00:00,1
2026-04-29 20:00:00+00:00,0.2581,0.2636,0.258,0.2633,317744.0,2026-04-29 23:59:59.999000+00:00,1
2026-04-30 00:00:00+00:00,0.2634,0.2679,0.2611,0.2625,444465.0,2026-04-30 03:59:59.999000+00:00,1
2026-04-30 04:00:00+00:00,0.2624,0.2638,0.2587,0.2638,314450.0,2026-04-30 07:59:59.999000+00:00,1
2026-04-30 08:00:00+00:00,0.2638,0.2658,0.2618,0.2633,423459.0,2026-04-30 11:59:59.999000+00:00,1
2026-04-30 12:00:00+00:00,0.2634,0.2648,0.2614,0.2641,404928.0,2026-04-30 15:59:59.999000+00:00,1
2026-04-30 16:00:00+00:00,0.264,0.2641,0.2621,0.2627,175849.0,2026-04-30 19:59:59.999000+00:00,1
2026-04-30 20:00:00+00:00,0.2626,0.2639,0.2612,0.2625,164351.0,2026-04-30 23:59:59.999000+00:00,1
2026-05-01 00:00:00+00:00,0.2625,0.2687,0.262,0.2668,434002.0,2026-05-01 03:59:59.999000+00:00,1
2026-05-01 04:00:00+00:00,0.2669,0.2684,0.2642,0.2659,430393.0,2026-05-01 07:59:59.999000+00:00,1
2026-05-01 08:00:00+00:00,0.266,0.2677,0.2645,0.2654,224492.0,2026-05-01 11:59:59.999000+00:00,1
2026-05-01 12:00:00+00:00,0.2655,0.2724,0.2651,0.2712,778704.0,2026-05-01 15:59:59.999000+00:00,1
2026-05-01 16:00:00+00:00,0.2712,0.2736,0.269,0.2712,590852.0,2026-05-01 19:59:59.999000+00:00,1
2026-05-01 20:00:00+00:00,0.2711,0.2713,0.2669,0.2677,250329.0,2026-05-01 23:59:59.999000+00:00,1
2026-05-02 00:00:00+00:00,0.2678,0.2701,0.2671,0.2693,218043.0,2026-05-02 03:59:59.999000+00:00,1
2026-05-02 04:00:00+00:00,0.2693,0.272,0.2675,0.2696,324087.0,2026-05-02 07:59:59.999000+00:00,1
2026-05-02 08:00:00+00:00,0.2697,0.278,0.2692,0.2749,1075040.0,2026-05-02 11:59:59.999000+00:00,1
2026-05-02 12:00:00+00:00,0.275,0.2901,0.2742,0.2893,1340735.0,2026-05-02 15:59:59.999000+00:00,1
2026-05-02 16:00:00+00:00,0.2893,0.2898,0.2815,0.2864,893154.0,2026-05-02 19:59:59.999000+00:00,1
2026-05-02 20:00:00+00:00,0.2865,0.2876,0.2813,0.2833,573646.0,2026-05-02 23:59:59.999000+00:00,1
2026-05-03 00:00:00+00:00,0.2832,0.2839,0.2767,0.2783,624285.0,2026-05-03 03:59:59.999000+00:00,1
2026-05-03 04:00:00+00:00,0.2783,0.2797,0.2761,0.2788,490331.0,2026-05-03 07:59:59.999000+00:00,1
2026-05-03 08:00:00+00:00,0.2789,0.2809,0.2748,0.2769,700028.0,2026-05-03 11:59:59.999000+00:00,1
2026-05-03 12:00:00+00:00,0.2769,0.2792,0.2768,0.2772,316689.0,2026-05-03 15:59:59.999000+00:00,1
2026-05-03 16:00:00+00:00,0.2773,0.2955,0.2768,0.2923,1091100.0,2026-05-03 19:59:59.999000+00:00,1
2026-05-03 20:00:00+00:00,0.2924,0.2941,0.2858,0.287,1217841.0,2026-05-03 23:59:59.999000+00:00,1
2026-05-04 00:00:00+00:00,0.2871,0.3026,0.2841,0.2995,1277942.0,2026-05-04 03:59:59.999000+00:00,1
2026-05-04 04:00:00+00:00,0.2995,0.3189,0.2974,0.3067,3713085.0,2026-05-04 07:59:59.999000+00:00,1
2026-05-04 08:00:00+00:00,0.3067,0.318,0.3005,0.3031,4229770.0,2026-05-04 11:59:59.999000+00:00,1
2026-05-04 12:00:00+00:00,0.3031,0.3193,0.3003,0.3101,4029989.0,2026-05-04 15:59:59.999000+00:00,1
2026-05-04 16:00:00+00:00,0.3101,0.3258,0.3062,0.3237,3247676.0,2026-05-04 19:59:59.999000+00:00,1
2026-05-04 20:00:00+00:00,0.3237,0.3245,0.3138,0.3139,1437520.0,2026-05-04 23:59:59.999000+00:00,1
2026-05-05 00:00:00+00:00,0.3138,0.3223,0.3058,0.3223,1492936.0,2026-05-05 03:59:59.999000+00:00,1
2026-05-05 04:00:00+00:00,0.3223,0.3271,0.3151,0.3185,1627433.0,2026-05-05 07:59:59.999000+00:00,1
2026-05-05 08:00:00+00:00,0.3184,0.3274,0.316,0.3216,1438202.0,2026-05-05 11:59:59.999000+00:00,1
2026-05-05 12:00:00+00:00,0.3215,0.3237,0.3137,0.3162,1687919.0,2026-05-05 15:59:59.999000+00:00,1
2026-05-05 16:00:00+00:00,0.3161,0.3208,0.3127,0.3139,716333.0,2026-05-05 19:59:59.999000+00:00,1
2026-05-05 20:00:00+00:00,0.3138,0.3289,0.3131,0.321,1693176.0,2026-05-05 23:59:59.999000+00:00,1
2026-05-06 00:00:00+00:00,0.3209,0.3252,0.3153,0.3204,1035702.0,2026-05-06 03:59:59.999000+00:00,1
2026-05-06 04:00:00+00:00,0.3204,0.3228,0.3147,0.3211,1097227.0,2026-05-06 07:59:59.999000+00:00,1
2026-05-06 08:00:00+00:00,0.3211,0.3253,0.319,0.3203,1199643.0,2026-05-06 11:59:59.999000+00:00,1
2026-05-06 12:00:00+00:00,0.3202,0.3387,0.3086,0.3283,4909810.0,2026-05-06 15:59:59.999000+00:00,1
2026-05-06 16:00:00+00:00,0.3282,0.3327,0.3225,0.3257,972791.0,2026-05-06 19:59:59.999000+00:00,1
2026-05-06 20:00:00+00:00,0.3257,0.3296,0.3207,0.3232,514155.0,2026-05-06 23:59:59.999000+00:00,1
2026-05-07 00:00:00+00:00,0.3232,0.3236,0.3166,0.323,610735.0,2026-05-07 03:59:59.999000+00:00,1
2026-05-07 04:00:00+00:00,0.323,0.3477,0.3218,0.3462,1779089.0,2026-05-07 07:59:59.999000+00:00,1
2026-05-07 08:00:00+00:00,0.3462,0.3569,0.3374,0.349,2591857.0,2026-05-07 11:59:59.999000+00:00,1
2026-05-07 12:00:00+00:00,0.3489,0.3783,0.3479,0.3562,7423521.0,2026-05-07 15:59:59.999000+00:00,1
2026-05-07 16:00:00+00:00,0.3563,0.361,0.3452,0.3508,2601834.0,2026-05-07 19:59:59.999000+00:00,1
2026-05-07 20:00:00+00:00,0.3508,0.3538,0.3461,0.3521,789575.0,2026-05-07 23:59:59.999000+00:00,1
2026-05-08 00:00:00+00:00,0.3522,0.3605,0.3437,0.3582,1833854.0,2026-05-08 03:59:59.999000+00:00,1
2026-05-08 04:00:00+00:00,0.3581,0.3696,0.3558,0.3655,2236445.0,2026-05-08 07:59:59.999000+00:00,1
2026-05-08 08:00:00+00:00,0.3654,0.4086,0.3648,0.3968,5486149.0,2026-05-08 11:59:59.999000+00:00,1
2026-05-08 12:00:00+00:00,0.3968,0.4262,0.3882,0.4245,6488092.0,2026-05-08 15:59:59.999000+00:00,1
2026-05-08 16:00:00+00:00,0.4245,0.4648,0.4148,0.4334,9600158.0,2026-05-08 19:59:59.999000+00:00,1
2026-05-08 20:00:00+00:00,0.4333,0.4558,0.4296,0.4515,3771099.0,2026-05-08 23:59:59.999000+00:00,1
2026-05-09 00:00:00+00:00,0.4515,0.4863,0.4435,0.4501,8330772.0,2026-05-09 03:59:59.999000+00:00,1
2026-05-09 04:00:00+00:00,0.4501,0.4548,0.433,0.4348,3519985.0,2026-05-09 07:59:59.999000+00:00,1
2026-05-09 08:00:00+00:00,0.4349,0.4369,0.4126,0.4256,5189727.0,2026-05-09 11:59:59.999000+00:00,1
2026-05-09 12:00:00+00:00,0.4257,0.4285,0.4192,0.4216,2624492.0,2026-05-09 15:59:59.999000+00:00,1
2026-05-09 16:00:00+00:00,0.4215,0.4331,0.4194,0.4247,1398536.0,2026-05-09 19:59:59.999000+00:00,1
2026-05-09 20:00:00+00:00,0.4247,0.4255,0.4172,0.418,783730.0,2026-05-09 23:59:59.999000+00:00,1
2026-05-10 00:00:00+00:00,0.418,0.424,0.4078,0.4104,2514314.0,2026-05-10 03:59:59.999000+00:00,1
2026-05-10 04:00:00+00:00,0.4103,0.4146,0.4018,0.4057,1494843.0,2026-05-10 07:59:59.999000+00:00,1
2026-05-10 08:00:00+00:00,0.4057,0.4217,0.404,0.4144,2166510.0,2026-05-10 11:59:59.999000+00:00,1
2026-05-10 12:00:00+00:00,0.4143,0.4177,0.4087,0.4166,1289646.0,2026-05-10 15:59:59.999000+00:00,1
2026-05-10 16:00:00+00:00,0.4166,0.4235,0.4119,0.4177,1697395.0,2026-05-10 19:59:59.999000+00:00,1
2026-05-10 20:00:00+00:00,0.4177,0.43,0.4032,0.4236,2105572.0,2026-05-10 23:59:59.999000+00:00,1
2026-05-11 00:00:00+00:00,0.4236,0.4465,0.4197,0.4367,5445338.0,2026-05-11 03:59:59.999000+00:00,1
2026-05-11 04:00:00+00:00,0.4366,0.4613,0.4265,0.4288,5370319.0,2026-05-11 07:59:59.999000+00:00,1
2026-05-11 08:00:00+00:00,0.4289,0.4307,0.4181,0.4211,2590056.0,2026-05-11 11:59:59.999000+00:00,1
2026-05-11 12:00:00+00:00,0.421,0.4408,0.4149,0.4331,3624125.0,2026-05-11 15:59:59.999000+00:00,1
2026-05-11 16:00:00+00:00,0.433,0.4349,0.4218,0.432,1288538.0,2026-05-11 19:59:59.999000+00:00,1
2026-05-11 20:00:00+00:00,0.4321,0.4383,0.4262,0.4283,1291097.0,2026-05-11 23:59:59.999000+00:00,1
2026-05-12 00:00:00+00:00,0.4283,0.4477,0.4254,0.4273,3827590.0,2026-05-12 03:59:59.999000+00:00,1
2026-05-12 04:00:00+00:00,0.4274,0.4366,0.4194,0.4201,2246778.0,2026-05-12 07:59:59.999000+00:00,1
2026-05-12 08:00:00+00:00,0.4201,0.4227,0.4056,0.4094,2691165.0,2026-05-12 11:59:59.999000+00:00,1
2026-05-12 12:00:00+00:00,0.4093,0.4137,0.3888,0.3894,4280766.0,2026-05-12 15:59:59.999000+00:00,1
2026-05-12 16:00:00+00:00,0.3894,0.3986,0.3873,0.395,2192366.0,2026-05-12 19:59:59.999000+00:00,1
2026-05-12 20:00:00+00:00,0.3951,0.3951,0.3878,0.3882,1065909.0,2026-05-12 23:59:59.999000+00:00,1
2026-05-13 00:00:00+00:00,0.3882,0.409,0.3876,0.4076,2730961.0,2026-05-13 03:59:59.999000+00:00,1
2026-05-13 04:00:00+00:00,0.4076,0.4094,0.3958,0.3983,1881562.0,2026-05-13 07:59:59.999000+00:00,1
2026-05-13 08:00:00+00:00,0.3984,0.4088,0.3926,0.3939,1710808.0,2026-05-13 11:59:59.999000+00:00,1
2026-05-13 12:00:00+00:00,0.3938,0.394,0.3785,0.3794,3263658.0,2026-05-13 15:59:59.999000+00:00,1
2026-05-13 16:00:00+00:00,0.3795,0.3878,0.3795,0.3812,980712.0,2026-05-13 19:59:59.999000+00:00,1
2026-05-13 20:00:00+00:00,0.3812,0.3859,0.3803,0.3853,657521.0,2026-05-13 23:59:59.999000+00:00,1
2026-05-14 00:00:00+00:00,0.3853,0.3862,0.3736,0.3745,1422452.0,2026-05-14 03:59:59.999000+00:00,1
2026-05-14 04:00:00+00:00,0.3744,0.3895,0.3734,0.3849,1469199.0,2026-05-14 07:59:59.999000+00:00,1
2026-05-14 08:00:00+00:00,0.3849,0.3862,0.3795,0.3802,892738.0,2026-05-14 11:59:59.999000+00:00,1
2026-05-14 12:00:00+00:00,0.3802,0.4152,0.38,0.4028,3287647.0,2026-05-14 15:59:59.999000+00:00,1
2026-05-14 16:00:00+00:00,0.4028,0.405,0.3918,0.3938,2011938.0,2026-05-14 19:59:59.999000+00:00,1
2026-05-14 20:00:00+00:00,0.3939,0.395,0.3863,0.3881,908618.0,2026-05-14 23:59:59.999000+00:00,1
2026-05-15 00:00:00+00:00,0.3881,0.3947,0.387,0.3887,1248540.0,2026-05-15 03:59:59.999000+00:00,1
2026-05-15 04:00:00+00:00,0.3886,0.3897,0.3762,0.3807,1413393.0,2026-05-15 07:59:59.999000+00:00,1
2026-05-15 08:00:00+00:00,0.3808,0.3826,0.3758,0.3807,928291.0,2026-05-15 11:59:59.999000+00:00,1
2026-05-15 12:00:00+00:00,0.3806,0.3821,0.3596,0.3613,2881661.0,2026-05-15 15:59:59.999000+00:00,1
2026-05-15 16:00:00+00:00,0.3613,0.3715,0.359,0.3674,1206066.0,2026-05-15 19:59:59.999000+00:00,1
2026-05-15 20:00:00+00:00,0.3675,0.3676,0.3615,0.3631,654205.0,2026-05-15 23:59:59.999000+00:00,1
2026-05-16 00:00:00+00:00,0.3631,0.3646,0.3585,0.3598,578393.0,2026-05-16 03:59:59.999000+00:00,1
2026-05-16 04:00:00+00:00,0.3598,0.3598,0.3457,0.3466,1524973.0,2026-05-16 07:59:59.999000+00:00,1
2026-05-16 08:00:00+00:00,0.3465,0.349,0.3404,0.3446,1190101.0,2026-05-16 11:59:59.999000+00:00,1
2026-05-16 12:00:00+00:00,0.3447,0.348,0.3425,0.3466,671196.0,2026-05-16 15:59:59.999000+00:00,1
2026-05-16 16:00:00+00:00,0.3465,0.3493,0.3454,0.347,609388.0,2026-05-16 19:59:59.999000+00:00,1
2026-05-16 20:00:00+00:00,0.3471,0.3477,0.3431,0.3441,484955.0,2026-05-16 23:59:59.999000+00:00,1
2026-05-17 00:00:00+00:00,0.3441,0.3457,0.3394,0.3426,779230.0,2026-05-17 03:59:59.999000+00:00,1
2026-05-17 04:00:00+00:00,0.3427,0.3604,0.3424,0.3575,1852339.0,2026-05-17 07:59:59.999000+00:00,1
2026-05-17 08:00:00+00:00,0.3575,0.3634,0.3541,0.3559,1344558.0,2026-05-17 11:59:59.999000+00:00,1
2026-05-17 12:00:00+00:00,0.3558,0.3582,0.3496,0.3517,1060555.0,2026-05-17 15:59:59.999000+00:00,1
2026-05-17 16:00:00+00:00,0.3517,0.3561,0.3468,0.3552,873874.0,2026-05-17 19:59:59.999000+00:00,1
2026-05-17 20:00:00+00:00,0.3552,0.3563,0.3337,0.3457,2072393.0,2026-05-17 23:59:59.999000+00:00,1
2026-05-18 00:00:00+00:00,0.3457,0.3457,0.3391,0.34,1257710.0,2026-05-18 03:59:59.999000+00:00,1
2026-05-18 04:00:00+00:00,0.34,0.3435,0.3363,0.339,1010302.0,2026-05-18 07:59:59.999000+00:00,1
2026-05-18 08:00:00+00:00,0.339,0.342,0.3331,0.3406,975373.0,2026-05-18 11:59:59.999000+00:00,1
2026-05-18 12:00:00+00:00,0.3407,0.3495,0.3376,0.3413,2086827.0,2026-05-18 15:59:59.999000+00:00,1
2026-05-18 16:00:00+00:00,0.3413,0.3496,0.3378,0.3478,1108437.0,2026-05-18 19:59:59.999000+00:00,1
2026-05-18 20:00:00+00:00,0.3478,0.3874,0.3478,0.3859,7192788.0,2026-05-18 23:59:59.999000+00:00,1
2026-05-19 00:00:00+00:00,0.3859,0.3974,0.3775,0.3954,8452033.0,2026-05-19 03:59:59.999000+00:00,1
2026-05-19 04:00:00+00:00,0.3954,0.3997,0.38,0.3874,8507869.0,2026-05-19 07:59:59.999000+00:00,1
2026-05-19 08:00:00+00:00,0.3874,0.3875,0.3661,0.367,5800284.0,2026-05-19 11:59:59.999000+00:00,1
2026-05-19 12:00:00+00:00,0.367,0.372,0.3586,0.365,6453277.0,2026-05-19 15:59:59.999000+00:00,1
2026-05-19 16:00:00+00:00,0.3649,0.3792,0.3631,0.3639,3030838.0,2026-05-19 19:59:59.999000+00:00,1
2026-05-19 20:00:00+00:00,0.3639,0.3701,0.3615,0.3687,1629130.0,2026-05-19 23:59:59.999000+00:00,1
2026-05-20 00:00:00+00:00,0.3688,0.3786,0.3629,0.3713,3120844.0,2026-05-20 03:59:59.999000+00:00,1
2026-05-20 04:00:00+00:00,0.3714,0.388,0.3711,0.3765,2752006.0,2026-05-20 07:59:59.999000+00:00,1
2026-05-20 08:00:00+00:00,0.3765,0.3869,0.3722,0.3866,2695949.0,2026-05-20 11:59:59.999000+00:00,1
2026-05-20 12:00:00+00:00,0.3866,0.4068,0.3787,0.4033,5388808.0,2026-05-20 15:59:59.999000+00:00,1
2026-05-20 16:00:00+00:00,0.4033,0.4088,0.3934,0.3991,3248012.0,2026-05-20 19:59:59.999000+00:00,1
2026-05-20 20:00:00+00:00,0.3991,0.4064,0.3932,0.4017,1857751.0,2026-05-20 23:59:59.999000+00:00,1
2026-05-21 00:00:00+00:00,0.4016,0.4136,0.3961,0.4074,3165171.0,2026-05-21 03:59:59.999000+00:00,1
2026-05-21 04:00:00+00:00,0.4074,0.4104,0.3977,0.4056,2396760.0,2026-05-21 07:59:59.999000+00:00,1
2026-05-21 08:00:00+00:00,0.4057,0.418,0.3957,0.4062,3169634.0,2026-05-21 11:59:59.999000+00:00,1
2026-05-21 12:00:00+00:00,0.4061,0.4171,0.3961,0.4089,2778897.0,2026-05-21 15:59:59.999000+00:00,1
2026-05-21 16:00:00+00:00,0.4088,0.4279,0.406,0.4174,2857607.0,2026-05-21 19:59:59.999000+00:00,1
2026-05-21 20:00:00+00:00,0.4175,0.4271,0.4127,0.4141,1426281.0,2026-05-21 23:59:59.999000+00:00,1
2026-05-22 00:00:00+00:00,0.414,0.4208,0.4087,0.4114,1184547.0,2026-05-22 03:59:59.999000+00:00,1
2026-05-22 04:00:00+00:00,0.4115,0.4153,0.4042,0.409,1399886.0,2026-05-22 07:59:59.999000+00:00,1
2026-05-22 08:00:00+00:00,0.4091,0.4398,0.4081,0.4274,5329308.0,2026-05-22 11:59:59.999000+00:00,1
2026-05-22 12:00:00+00:00,0.4274,0.4753,0.4265,0.4437,9922561.0,2026-05-22 15:59:59.999000+00:00,1
2026-05-22 16:00:00+00:00,0.4436,0.4486,0.3903,0.3914,7545823.0,2026-05-22 19:59:59.999000+00:00,1
2026-05-22 20:00:00+00:00,0.3914,0.3971,0.3792,0.3836,3102541.0,2026-05-22 23:59:59.999000+00:00,1
2026-05-23 00:00:00+00:00,0.3837,0.3863,0.3766,0.3825,2648738.0,2026-05-23 03:59:59.999000+00:00,1
2026-05-23 04:00:00+00:00,0.3824,0.3864,0.3735,0.3795,3408682.0,2026-05-23 07:59:59.999000+00:00,1
2026-05-23 08:00:00+00:00,0.3794,0.4033,0.3771,0.3926,5182846.0,2026-05-23 11:59:59.999000+00:00,1
2026-05-23 12:00:00+00:00,0.3927,0.4221,0.3903,0.4166,5251679.0,2026-05-23 15:59:59.999000+00:00,1
2026-05-23 16:00:00+00:00,0.4167,0.4271,0.4095,0.4262,3165791.0,2026-05-23 19:59:59.999000+00:00,1
2026-05-23 20:00:00+00:00,0.4262,0.4278,0.4144,0.4264,2489700.0,2026-05-23 23:59:59.999000+00:00,1
2026-05-24 00:00:00+00:00,0.4265,0.4369,0.4179,0.4221,2887019.0,2026-05-24 03:59:59.999000+00:00,1
2026-05-24 04:00:00+00:00,0.4222,0.4429,0.4192,0.432,3528792.0,2026-05-24 07:59:59.999000+00:00,1
2026-05-24 08:00:00+00:00,0.432,0.4453,0.4317,0.4426,2879872.0,2026-05-24 11:59:59.999000+00:00,1
2026-05-24 12:00:00+00:00,0.4426,0.4512,0.4284,0.4429,4411719.0,2026-05-24 15:59:59.999000+00:00,1
2026-05-24 16:00:00+00:00,0.4429,0.453,0.4362,0.4374,2806607.0,2026-05-24 19:59:59.999000+00:00,1
2026-05-24 20:00:00+00:00,0.4375,0.4419,0.4221,0.4395,2305911.0,2026-05-24 23:59:59.999000+00:00,1
2026-05-25 00:00:00+00:00,0.4395,0.4489,0.4355,0.4381,2358628.0,2026-05-25 03:59:59.999000+00:00,1
2026-05-25 04:00:00+00:00,0.438,0.4456,0.4345,0.4432,2621904.0,2026-05-25 07:59:59.999000+00:00,1
2026-05-25 08:00:00+00:00,0.4431,0.4442,0.4273,0.4309,2178940.0,2026-05-25 11:59:59.999000+00:00,1
2026-05-25 12:00:00+00:00,0.4308,0.4439,0.4281,0.4357,2391039.0,2026-05-25 15:59:59.999000+00:00,1
2026-05-25 16:00:00+00:00,0.4358,0.4422,0.431,0.4354,1580307.0,2026-05-25 19:59:59.999000+00:00,1
2026-05-25 20:00:00+00:00,0.4353,0.4433,0.4234,0.4275,2542833.0,2026-05-25 23:59:59.999000+00:00,1
2026-05-26 00:00:00+00:00,0.4275,0.4298,0.4085,0.4134,4206693.0,2026-05-26 03:59:59.999000+00:00,1
2026-05-26 04:00:00+00:00,0.4135,0.4254,0.4135,0.4203,1808505.0,2026-05-26 07:59:59.999000+00:00,1
2026-05-26 08:00:00+00:00,0.4204,0.4326,0.416,0.4204,2266386.0,2026-05-26 11:59:59.999000+00:00,1
2026-05-26 12:00:00+00:00,0.4205,0.423,0.4102,0.4175,4524429.0,2026-05-26 15:59:59.999000+00:00,1
2026-05-26 16:00:00+00:00,0.4175,0.4293,0.4042,0.4075,3050335.0,2026-05-26 19:59:59.999000+00:00,1
2026-05-26 20:00:00+00:00,0.4076,0.4128,0.4044,0.4053,948007.0,2026-05-26 23:59:59.999000+00:00,1
2026-05-27 00:00:00+00:00,0.4053,0.4126,0.4021,0.4071,1639220.0,2026-05-27 03:59:59.999000+00:00,1
2026-05-27 04:00:00+00:00,0.4071,0.4145,0.4034,0.4066,1378165.0,2026-05-27 07:59:59.999000+00:00,1
2026-05-27 08:00:00+00:00,0.4067,0.4087,0.3949,0.3965,2187919.0,2026-05-27 11:59:59.999000+00:00,1
2026-05-27 12:00:00+00:00,0.3965,0.4076,0.3923,0.4021,2581880.0,2026-05-27 15:59:59.999000+00:00,1
2026-05-27 16:00:00+00:00,0.4022,0.4037,0.3916,0.3966,1034553.0,2026-05-27 19:59:59.999000+00:00,1
2026-05-27 20:00:00+00:00,0.3966,0.4006,0.383,0.3832,1662357.0,2026-05-27 23:59:59.999000+00:00,1
2026-05-28 00:00:00+00:00,0.3832,0.3858,0.3604,0.3605,3045028.0,2026-05-28 03:59:59.999000+00:00,1
2026-05-28 04:00:00+00:00,0.3606,0.3649,0.3517,0.3622,3125282.0,2026-05-28 07:59:59.999000+00:00,1
2026-05-28 08:00:00+00:00,0.3622,0.3654,0.3548,0.359,1566733.0,2026-05-28 11:59:59.999000+00:00,1
2026-05-28 12:00:00+00:00,0.3591,0.3651,0.3545,0.3612,2372275.0,2026-05-28 15:59:59.999000+00:00,1
2026-05-28 16:00:00+00:00,0.3612,0.3754,0.3594,0.3691,1527159.0,2026-05-28 19:59:59.999000+00:00,1
2026-05-28 20:00:00+00:00,0.3693,0.375,0.3658,0.3688,875367.0,2026-05-28 23:59:59.999000+00:00,1
2026-05-29 00:00:00+00:00,0.3688,0.3732,0.3637,0.3644,1175470.0,2026-05-29 03:59:59.999000+00:00,1
2026-05-29 04:00:00+00:00,0.3645,0.3745,0.3617,0.3686,1218658.0,2026-05-29 07:59:59.999000+00:00,1
2026-05-29 08:00:00+00:00,0.3686,0.3745,0.3626,0.3654,1207734.0,2026-05-29 11:59:59.999000+00:00,1
2026-05-29 12:00:00+00:00,0.3654,0.3725,0.3553,0.3691,2446041.0,2026-05-29 15:59:59.999000+00:00,1
2026-05-29 16:00:00+00:00,0.3692,0.371,0.3597,0.362,1458283.0,2026-05-29 19:59:59.999000+00:00,1
2026-05-29 20:00:00+00:00,0.3621,0.3644,0.3529,0.3545,1235972.0,2026-05-29 23:59:59.999000+00:00,1
2026-05-30 00:00:00+00:00,0.3545,0.3554,0.345,0.3493,2714928.0,2026-05-30 03:59:59.999000+00:00,1
2026-05-30 04:00:00+00:00,0.3492,0.3535,0.3447,0.3461,1470788.0,2026-05-30 07:59:59.999000+00:00,1
2026-05-30 08:00:00+00:00,0.346,0.3483,0.3432,0.3479,953001.0,2026-05-30 11:59:59.999000+00:00,1
2026-05-30 12:00:00+00:00,0.3479,0.3481,0.3412,0.3426,1756588.0,2026-05-30 15:59:59.999000+00:00,1
2026-05-30 16:00:00+00:00,0.3426,0.3573,0.3415,0.3552,1603889.0,2026-05-30 19:59:59.999000+00:00,1
2026-05-30 20:00:00+00:00,0.3552,0.3788,0.3534,0.3756,6038733.0,2026-05-30 23:59:59.999000+00:00,1
2026-05-31 00:00:00+00:00,0.3756,0.389,0.3621,0.3762,8529560.0,2026-05-31 03:59:59.999000+00:00,1
2026-05-31 04:00:00+00:00,0.3762,0.3775,0.3602,0.3614,3810807.0,2026-05-31 07:59:59.999000+00:00,1
2026-05-31 08:00:00+00:00,0.3615,0.3675,0.3568,0.3587,3144165.0,2026-05-31 11:59:59.999000+00:00,1
2026-05-31 12:00:00+00:00,0.3588,0.3626,0.3533,0.3598,2782448.0,2026-05-31 15:59:59.999000+00:00,1
2026-05-31 16:00:00+00:00,0.3597,0.3611,0.3534,0.3577,1292905.0,2026-05-31 19:59:59.999000+00:00,1
2026-05-31 20:00:00+00:00,0.3578,0.367,0.3578,0.3639,1275985.0,2026-05-31 23:59:59.999000+00:00,1
2026-06-01 00:00:00+00:00,0.364,0.3731,0.3593,0.3698,2398758.0,2026-06-01 03:59:59.999000+00:00,1
2026-06-01 04:00:00+00:00,0.3698,0.3718,0.3518,0.353,2904494.0,2026-06-01 07:59:59.999000+00:00,1
2026-06-01 08:00:00+00:00,0.3531,0.3737,0.3475,0.3518,5365482.0,2026-06-01 11:59:59.999000+00:00,1
2026-06-01 12:00:00+00:00,0.3519,0.3577,0.3439,0.3467,2778729.0,2026-06-01 15:59:59.999000+00:00,1
2026-06-01 16:00:00+00:00,0.3467,0.3597,0.3431,0.3577,2018591.0,2026-06-01 19:59:59.999000+00:00,1
2026-06-01 20:00:00+00:00,0.3577,0.3586,0.349,0.3564,948708.0,2026-06-01 23:59:59.999000+00:00,1
2026-06-02 00:00:00+00:00,0.3564,0.3674,0.345,0.364,2331657.0,2026-06-02 03:59:59.999000+00:00,1
2026-06-02 04:00:00+00:00,0.364,0.3674,0.3481,0.3538,3166642.0,2026-06-02 07:59:59.999000+00:00,1
2026-06-02 08:00:00+00:00,0.3538,0.3621,0.3505,0.3591,1951045.0,2026-06-02 11:59:59.999000+00:00,1
2026-06-02 12:00:00+00:00,0.3592,0.3778,0.3522,0.3638,5900221.0,2026-06-02 15:59:59.999000+00:00,1
2026-06-02 16:00:00+00:00,0.3638,0.3964,0.3611,0.3852,6865363.0,2026-06-02 19:59:59.999000+00:00,1
2026-06-02 20:00:00+00:00,0.3852,0.4043,0.3782,0.3884,5980634.0,2026-06-02 23:59:59.999000+00:00,1
2026-06-03 00:00:00+00:00,0.3885,0.3957,0.3767,0.3786,3335487.0,2026-06-03 03:59:59.999000+00:00,1
2026-06-03 04:00:00+00:00,0.3786,0.4203,0.3785,0.4106,5383957.0,2026-06-03 07:59:59.999000+00:00,1
2026-06-03 08:00:00+00:00,0.4106,0.4294,0.4086,0.414,4321631.0,2026-06-03 11:59:59.999000+00:00,1
2026-06-03 12:00:00+00:00,0.414,0.4328,0.4114,0.4226,4015955.0,2026-06-03 15:59:59.999000+00:00,1
2026-06-03 16:00:00+00:00,0.4227,0.4286,0.4132,0.4226,2313376.0,2026-06-03 19:59:59.999000+00:00,1
2026-06-03 20:00:00+00:00,0.4225,0.4291,0.412,0.4136,2262189.0,2026-06-03 23:59:59.999000+00:00,1
2026-06-04 00:00:00+00:00,0.4137,0.4245,0.3772,0.41,6750094.0,2026-06-04 03:59:59.999000+00:00,1
2026-06-04 04:00:00+00:00,0.41,0.4118,0.3788,0.3791,4978522.0,2026-06-04 07:59:59.999000+00:00,1
2026-06-04 08:00:00+00:00,0.3792,0.3824,0.3496,0.3622,6759295.0,2026-06-04 11:59:59.999000+00:00,1
2026-06-04 12:00:00+00:00,0.3623,0.3913,0.3614,0.3823,4248006.0,2026-06-04 15:59:59.999000+00:00,1
2026-06-04 16:00:00+00:00,0.3822,0.3948,0.3756,0.3817,3463059.0,2026-06-04 19:59:59.999000+00:00,1
2026-06-04 20:00:00+00:00,0.3816,0.3821,0.3631,0.37,2123483.0,2026-06-04 23:59:59.999000+00:00,1
2026-06-05 00:00:00+00:00,0.3699,0.3752,0.3564,0.3577,2790688.0,2026-06-05 03:59:59.999000+00:00,1
2026-06-05 04:00:00+00:00,0.3578,0.3702,0.3425,0.3642,5492445.0,2026-06-05 07:59:59.999000+00:00,1
2026-06-05 08:00:00+00:00,0.3643,0.3644,0.3483,0.3502,3132690.0,2026-06-05 11:59:59.999000+00:00,1
2026-06-05 12:00:00+00:00,0.3502,0.3628,0.3249,0.3302,6592370.0,2026-06-05 15:59:59.999000+00:00,1
2026-06-05 16:00:00+00:00,0.3301,0.3456,0.3209,0.3323,5284617.0,2026-06-05 19:59:59.999000+00:00,1
2026-06-05 20:00:00+00:00,0.3323,0.3519,0.3273,0.3439,2100971.0,2026-06-05 23:59:59.999000+00:00,1
2026-06-06 00:00:00+00:00,0.3438,0.3486,0.3258,0.3295,1703494.0,2026-06-06 03:59:59.999000+00:00,1
2026-06-06 04:00:00+00:00,0.3294,0.3352,0.3126,0.3303,3563524.0,2026-06-06 07:59:59.999000+00:00,1
2026-06-06 08:00:00+00:00,0.3304,0.3384,0.3196,0.3237,2030357.0,2026-06-06 11:59:59.999000+00:00,1
2026-06-06 12:00:00+00:00,0.3236,0.3317,0.321,0.3252,1657418.0,2026-06-06 15:59:59.999000+00:00,1
2026-06-06 16:00:00+00:00,0.3251,0.3304,0.3183,0.3192,1245166.0,2026-06-06 19:59:59.999000+00:00,1
2026-06-06 20:00:00+00:00,0.3192,0.3259,0.3177,0.3242,965336.0,2026-06-06 23:59:59.999000+00:00,1
2026-06-07 00:00:00+00:00,0.3242,0.3389,0.3218,0.3333,1638061.0,2026-06-07 03:59:59.999000+00:00,1
2026-06-07 04:00:00+00:00,0.3332,0.3542,0.3303,0.3493,2442061.0,2026-06-07 07:59:59.999000+00:00,1
2026-06-07 08:00:00+00:00,0.3493,0.3575,0.3395,0.3434,2355263.0,2026-06-07 11:59:59.999000+00:00,1
2026-06-07 12:00:00+00:00,0.3435,0.3526,0.3325,0.3484,2672695.0,2026-06-07 15:59:59.999000+00:00,1
2026-06-07 16:00:00+00:00,0.3483,0.3513,0.3298,0.3325,1716462.0,2026-06-07 19:59:59.999000+00:00,1
2026-06-07 20:00:00+00:00,0.3325,0.3537,0.3312,0.3492,2018536.0,2026-06-07 23:59:59.999000+00:00,1
2026-06-08 00:00:00+00:00,0.3492,0.3543,0.3429,0.3493,1654098.0,2026-06-08 03:59:59.999000+00:00,1
2026-06-08 04:00:00+00:00,0.3494,0.3659,0.3416,0.3623,2588778.0,2026-06-08 07:59:59.999000+00:00,1
2026-06-08 08:00:00+00:00,0.3622,0.3706,0.3549,0.3638,2353256.0,2026-06-08 11:59:59.999000+00:00,1
2026-06-08 12:00:00+00:00,0.3638,0.3711,0.3582,0.3699,2695910.0,2026-06-08 15:59:59.999000+00:00,1
2026-06-08 16:00:00+00:00,0.37,0.3795,0.3663,0.3747,2236745.0,2026-06-08 19:59:59.999000+00:00,1
2026-06-08 20:00:00+00:00,0.3747,0.378,0.3631,0.3646,1298785.0,2026-06-08 23:59:59.999000+00:00,1
2026-06-09 00:00:00+00:00,0.3646,0.3649,0.352,0.3556,1981783.0,2026-06-09 03:59:59.999000+00:00,1
2026-06-09 04:00:00+00:00,0.3555,0.3737,0.3544,0.3722,2080045.0,2026-06-09 07:59:59.999000+00:00,1
2026-06-09 08:00:00+00:00,0.3722,0.3749,0.3593,0.3607,2308698.0,2026-06-09 11:59:59.999000+00:00,1
2026-06-09 12:00:00+00:00,0.3606,0.3683,0.3554,0.3565,3184510.0,2026-06-09 15:59:59.999000+00:00,1
2026-06-09 16:00:00+00:00,0.3564,0.3645,0.3471,0.3609,2376585.0,2026-06-09 19:59:59.999000+00:00,1
2026-06-09 20:00:00+00:00,0.3609,0.3682,0.3546,0.3573,1116944.0,2026-06-09 23:59:59.999000+00:00,1
2026-06-10 00:00:00+00:00,0.3574,0.3645,0.3502,0.3515,1450381.0,2026-06-10 03:59:59.999000+00:00,1
2026-06-10 04:00:00+00:00,0.3515,0.3521,0.3436,0.3485,1403437.0,2026-06-10 07:59:59.999000+00:00,1
2026-06-10 08:00:00+00:00,0.3486,0.3487,0.3386,0.3406,1429175.0,2026-06-10 11:59:59.999000+00:00,1
2026-06-10 12:00:00+00:00,0.3406,0.3597,0.339,0.3531,2171649.0,2026-06-10 15:59:59.999000+00:00,1
2026-06-10 16:00:00+00:00,0.3532,0.3544,0.3339,0.3345,1768973.0,2026-06-10 19:59:59.999000+00:00,1
2026-06-10 20:00:00+00:00,0.3346,0.3359,0.3268,0.3328,1236571.0,2026-06-10 23:59:59.999000+00:00,1
2026-06-11 00:00:00+00:00,0.3328,0.3484,0.332,0.3455,1310532.0,2026-06-11 03:59:59.999000+00:00,1
2026-06-11 04:00:00+00:00,0.3456,0.3487,0.3425,0.3463,958851.0,2026-06-11 07:59:59.999000+00:00,1
2026-06-11 08:00:00+00:00,0.3464,0.3524,0.3439,0.3489,1196799.0,2026-06-11 11:59:59.999000+00:00,1
2026-06-11 12:00:00+00:00,0.3489,0.3569,0.3422,0.35,1975357.0,2026-06-11 15:59:59.999000+00:00,1
2026-06-11 16:00:00+00:00,0.3499,0.3636,0.344,0.3628,1853021.0,2026-06-11 19:59:59.999000+00:00,1
2026-06-11 20:00:00+00:00,0.3628,0.3696,0.3566,0.3656,1203367.0,2026-06-11 23:59:59.999000+00:00,1
2026-06-12 00:00:00+00:00,0.3657,0.3692,0.3613,0.3639,846880.0,2026-06-12 03:59:59.999000+00:00,1
2026-06-12 04:00:00+00:00,0.3639,0.3667,0.3534,0.3572,1067070.0,2026-06-12 07:59:59.999000+00:00,1
2026-06-12 08:00:00+00:00,0.3571,0.3685,0.3569,0.366,1147014.0,2026-06-12 11:59:59.999000+00:00,1
2026-06-12 12:00:00+00:00,0.366,0.3706,0.3561,0.3592,2029188.0,2026-06-12 15:59:59.999000+00:00,1
2026-06-12 16:00:00+00:00,0.3592,0.3691,0.3577,0.3584,1446205.0,2026-06-12 19:59:59.999000+00:00,1
2026-06-12 20:00:00+00:00,0.3584,0.3588,0.3517,0.3536,1028473.0,2026-06-12 23:59:59.999000+00:00,1
2026-06-13 00:00:00+00:00,0.3536,0.3597,0.3525,0.3552,866464.0,2026-06-13 03:59:59.999000+00:00,1
2026-06-13 04:00:00+00:00,0.3553,0.3656,0.3527,0.3651,729705.0,2026-06-13 07:59:59.999000+00:00,1
2026-06-13 08:00:00+00:00,0.3652,0.3682,0.3607,0.3667,958194.0,2026-06-13 11:59:59.999000+00:00,1
2026-06-13 12:00:00+00:00,0.3667,0.3763,0.3657,0.3716,1476380.0,2026-06-13 15:59:59.999000+00:00,1
2026-06-13 16:00:00+00:00,0.3716,0.3719,0.3646,0.3652,1459093.0,2026-06-13 19:59:59.999000+00:00,1
2026-06-13 20:00:00+00:00,0.3653,0.3702,0.3617,0.3645,789462.0,2026-06-13 23:59:59.999000+00:00,1
2026-06-14 00:00:00+00:00,0.3645,0.3661,0.3596,0.3618,845077.0,2026-06-14 03:59:59.999000+00:00,1
2026-06-14 04:00:00+00:00,0.3617,0.3629,0.3566,0.3586,1003552.0,2026-06-14 07:59:59.999000+00:00,1
2026-06-14 08:00:00+00:00,0.3587,0.3622,0.3557,0.3561,1252679.0,2026-06-14 11:59:59.999000+00:00,1
2026-06-14 12:00:00+00:00,0.3562,0.3566,0.3434,0.3483,2569018.0,2026-06-14 15:59:59.999000+00:00,1
2026-06-14 16:00:00+00:00,0.3482,0.3506,0.3442,0.3455,1250091.0,2026-06-14 19:59:59.999000+00:00,1
2026-06-14 20:00:00+00:00,0.3456,0.3704,0.3448,0.3677,2192647.0,2026-06-14 23:59:59.999000+00:00,1
2026-06-15 00:00:00+00:00,0.3676,0.3827,0.3624,0.3781,2049395.0,2026-06-15 03:59:59.999000+00:00,1
2026-06-15 04:00:00+00:00,0.3782,0.3858,0.3762,0.3773,2135864.0,2026-06-15 07:59:59.999000+00:00,1
2026-06-15 08:00:00+00:00,0.3773,0.3862,0.3766,0.383,1456427.0,2026-06-15 11:59:59.999000+00:00,1
2026-06-15 12:00:00+00:00,0.383,0.3921,0.3786,0.3891,2644666.0,2026-06-15 15:59:59.999000+00:00,1
2026-06-15 16:00:00+00:00,0.3891,0.3891,0.373,0.3749,1672860.0,2026-06-15 19:59:59.999000+00:00,1
2026-06-15 20:00:00+00:00,0.3749,0.3773,0.3655,0.3699,1327253.0,2026-06-15 23:59:59.999000+00:00,1
2026-06-16 00:00:00+00:00,0.3699,0.3752,0.3627,0.3746,1332468.0,2026-06-16 03:59:59.999000+00:00,1
2026-06-16 04:00:00+00:00,0.3746,0.3788,0.3669,0.3779,1899969.0,2026-06-16 07:59:59.999000+00:00,1
2026-06-16 08:00:00+00:00,0.378,0.391,0.3766,0.3846,3157466.0,2026-06-16 11:59:59.999000+00:00,1
2026-06-16 12:00:00+00:00,0.3846,0.3873,0.3652,0.3701,4472733.0,2026-06-16 15:59:59.999000+00:00,1
2026-06-16 16:00:00+00:00,0.3701,0.3728,0.3642,0.367,1643119.0,2026-06-16 19:59:59.999000+00:00,1
2026-06-16 20:00:00+00:00,0.3669,0.3794,0.3655,0.3695,933961.0,2026-06-16 23:59:59.999000+00:00,1
2026-06-17 00:00:00+00:00,0.3696,0.3834,0.3695,0.3781,1731819.0,2026-06-17 03:59:59.999000+00:00,1
2026-06-17 04:00:00+00:00,0.3782,0.3825,0.3692,0.3712,1418493.0,2026-06-17 07:59:59.999000+00:00,1
2026-06-17 08:00:00+00:00,0.3712,0.3726,0.3651,0.371,1446628.0,2026-06-17 11:59:59.999000+00:00,1
2026-06-17 12:00:00+00:00,0.3711,0.3826,0.3638,0.3825,2374950.0,2026-06-17 15:59:59.999000+00:00,1
2026-06-17 16:00:00+00:00,0.3825,0.3845,0.3646,0.3663,3315270.0,2026-06-17 19:59:59.999000+00:00,1
2026-06-17 20:00:00+00:00,0.3663,0.371,0.3573,0.3646,1487845.0,2026-06-17 23:59:59.999000+00:00,1
2026-06-18 00:00:00+00:00,0.3646,0.3723,0.3625,0.3642,1436085.0,2026-06-18 03:59:59.999000+00:00,1
2026-06-18 04:00:00+00:00,0.3643,0.3654,0.3531,0.364,1622877.0,2026-06-18 07:59:59.999000+00:00,1
2026-06-18 08:00:00+00:00,0.364,0.3717,0.3595,0.3619,1649678.0,2026-06-18 11:59:59.999000+00:00,1
2026-06-18 12:00:00+00:00,0.362,0.3785,0.3553,0.3561,4188576.0,2026-06-18 15:59:59.999000+00:00,1
2026-06-18 16:00:00+00:00,0.356,0.3616,0.3496,0.3566,2107310.0,2026-06-18 19:59:59.999000+00:00,1
2026-06-18 20:00:00+00:00,0.3566,0.3665,0.3566,0.3661,879672.0,2026-06-18 23:59:59.999000+00:00,1
2026-06-19 00:00:00+00:00,0.3662,0.3666,0.3539,0.3578,1075707.0,2026-06-19 03:59:59.999000+00:00,1
2026-06-19 04:00:00+00:00,0.3577,0.3608,0.3467,0.3485,1457984.0,2026-06-19 07:59:59.999000+00:00,1
2026-06-19 08:00:00+00:00,0.3485,0.3531,0.3448,0.3481,1364000.0,2026-06-19 11:59:59.999000+00:00,1
2026-06-19 12:00:00+00:00,0.3482,0.3599,0.3449,0.3546,1471121.0,2026-06-19 15:59:59.999000+00:00,1
2026-06-19 16:00:00+00:00,0.3546,0.3572,0.348,0.3491,973236.0,2026-06-19 19:59:59.999000+00:00,1
2026-06-19 20:00:00+00:00,0.3492,0.3567,0.3475,0.3556,671610.0,2026-06-19 23:59:59.999000+00:00,1
2026-06-20 00:00:00+00:00,0.3555,0.3566,0.3482,0.3498,642003.0,2026-06-20 03:59:59.999000+00:00,1
2026-06-20 04:00:00+00:00,0.3497,0.3546,0.3487,0.35,584887.0,2026-06-20 07:59:59.999000+00:00,1
2026-06-20 08:00:00+00:00,0.35,0.3525,0.3465,0.3474,653063.0,2026-06-20 11:59:59.999000+00:00,1
2026-06-20 12:00:00+00:00,0.3473,0.3493,0.3368,0.3441,2044469.0,2026-06-20 15:59:59.999000+00:00,1
2026-06-20 16:00:00+00:00,0.3442,0.3442,0.3356,0.3385,997101.0,2026-06-20 19:59:59.999000+00:00,1
2026-06-20 20:00:00+00:00,0.3385,0.3456,0.3373,0.3431,776347.0,2026-06-20 23:59:59.999000+00:00,1
2026-06-21 00:00:00+00:00,0.3432,0.3434,0.3371,0.34,677163.0,2026-06-21 03:59:59.999000+00:00,1
2026-06-21 04:00:00+00:00,0.34,0.3412,0.3358,0.3385,584472.0,2026-06-21 07:59:59.999000+00:00,1
2026-06-21 08:00:00+00:00,0.3384,0.3429,0.3338,0.3367,1146334.0,2026-06-21 11:59:59.999000+00:00,1
2026-06-21 12:00:00+00:00,0.3366,0.3426,0.3354,0.3414,662541.0,2026-06-21 15:59:59.999000+00:00,1
2026-06-21 16:00:00+00:00,0.3414,0.3415,0.3358,0.3402,477603.0,2026-06-21 19:59:59.999000+00:00,1
2026-06-21 20:00:00+00:00,0.3402,0.3404,0.3292,0.3295,1110272.0,2026-06-21 23:59:59.999000+00:00,1
2026-06-22 00:00:00+00:00,0.3295,0.3418,0.3294,0.3334,1140148.0,2026-06-22 03:59:59.999000+00:00,1
2026-06-22 04:00:00+00:00,0.3333,0.3395,0.3324,0.3371,794450.0,2026-06-22 07:59:59.999000+00:00,1
2026-06-22 08:00:00+00:00,0.3372,0.3397,0.3334,0.3391,682864.0,2026-06-22 11:59:59.999000+00:00,1
2026-06-22 12:00:00+00:00,0.3391,0.3439,0.3317,0.3327,1910128.0,2026-06-22 15:59:59.999000+00:00,1
2026-06-22 16:00:00+00:00,0.3327,0.3337,0.3287,0.3305,929694.0,2026-06-22 19:59:59.999000+00:00,1
2026-06-22 20:00:00+00:00,0.3306,0.3329,0.3255,0.3288,1161329.0,2026-06-22 23:59:59.999000+00:00,1
2026-06-23 00:00:00+00:00,0.3287,0.3292,0.3219,0.3247,737128.0,2026-06-23 03:59:59.999000+00:00,1
2026-06-23 04:00:00+00:00,0.3248,0.325,0.3103,0.3143,1919774.0,2026-06-23 07:59:59.999000+00:00,1
2026-06-23 08:00:00+00:00,0.3144,0.3167,0.3085,0.3134,1816483.0,2026-06-23 11:59:59.999000+00:00,1
2026-06-23 12:00:00+00:00,0.3133,0.3157,0.3078,0.3106,1528334.0,2026-06-23 15:59:59.999000+00:00,1
2026-06-23 16:00:00+00:00,0.3106,0.313,0.3079,0.3114,1117109.0,2026-06-23 19:59:59.999000+00:00,1
2026-06-23 20:00:00+00:00,0.3114,0.3164,0.3113,0.3145,674592.0,2026-06-23 23:59:59.999000+00:00,1
2026-06-24 00:00:00+00:00,0.3146,0.3157,0.3073,0.3088,705033.0,2026-06-24 03:59:59.999000+00:00,1
2026-06-24 04:00:00+00:00,0.3088,0.3119,0.3055,0.3069,699197.0,2026-06-24 07:59:59.999000+00:00,1
2026-06-24 08:00:00+00:00,0.307,0.3089,0.3015,0.3066,1424706.0,2026-06-24 11:59:59.999000+00:00,1
2026-06-24 12:00:00+00:00,0.3067,0.3082,0.2963,0.2981,3017039.0,2026-06-24 15:59:59.999000+00:00,1
2026-06-24 16:00:00+00:00,0.298,0.3042,0.2932,0.3015,2598356.0,2026-06-24 19:59:59.999000+00:00,1
2026-06-24 20:00:00+00:00,0.3016,0.3142,0.3009,0.3141,1708308.0,2026-06-24 23:59:59.999000+00:00,1
2026-06-25 00:00:00+00:00,0.3141,0.3196,0.3125,0.3148,1563129.0,2026-06-25 03:59:59.999000+00:00,1
2026-06-25 04:00:00+00:00,0.3148,0.3236,0.3121,0.3199,1505828.0,2026-06-25 07:59:59.999000+00:00,1
2026-06-25 08:00:00+00:00,0.3199,0.3201,0.3108,0.3124,1045317.0,2026-06-25 11:59:59.999000+00:00,1
2026-06-25 12:00:00+00:00,0.3123,0.32,0.295,0.3086,4567183.0,2026-06-25 15:59:59.999000+00:00,1
2026-06-25 16:00:00+00:00,0.3087,0.3132,0.3029,0.3063,1258744.0,2026-06-25 19:59:59.999000+00:00,1
2026-06-25 20:00:00+00:00,0.3064,0.3154,0.3064,0.3137,941006.0,2026-06-25 23:59:59.999000+00:00,1
2026-06-26 00:00:00+00:00,0.3138,0.3154,0.3015,0.3089,1434870.0,2026-06-26 03:59:59.999000+00:00,1
2026-06-26 04:00:00+00:00,0.3089,0.3183,0.3062,0.317,1311836.0,2026-06-26 07:59:59.999000+00:00,1
2026-06-26 08:00:00+00:00,0.317,0.3176,0.3053,0.3065,835301.0,2026-06-26 11:59:59.999000+00:00,1
2026-06-26 12:00:00+00:00,0.3065,0.3168,0.3029,0.315,1907924.0,2026-06-26 15:59:59.999000+00:00,1
2026-06-26 16:00:00+00:00,0.3149,0.3207,0.3125,0.3171,1254017.0,2026-06-26 19:59:59.999000+00:00,1
2026-06-26 20:00:00+00:00,0.3171,0.3212,0.3141,0.3169,808505.0,2026-06-26 23:59:59.999000+00:00,1
2026-06-27 00:00:00+00:00,0.317,0.3223,0.3137,0.3209,732340.0,2026-06-27 03:59:59.999000+00:00,1
2026-06-27 04:00:00+00:00,0.321,0.323,0.3173,0.319,658231.0,2026-06-27 07:59:59.999000+00:00,1
2026-06-27 08:00:00+00:00,0.319,0.3191,0.3149,0.3179,613606.0,2026-06-27 11:59:59.999000+00:00,1
2026-06-27 12:00:00+00:00,0.3178,0.3214,0.316,0.3189,659923.0,2026-06-27 15:59:59.999000+00:00,1
2026-06-27 16:00:00+00:00,0.3188,0.3191,0.3092,0.3118,1032918.0,2026-06-27 19:59:59.999000+00:00,1
2026-06-27 20:00:00+00:00,0.3118,0.3147,0.3092,0.3108,425069.0,2026-06-27 23:59:59.999000+00:00,1
2026-06-28 00:00:00+00:00,0.3109,0.3131,0.3079,0.31,538316.0,2026-06-28 03:59:59.999000+00:00,1
2026-06-28 04:00:00+00:00,0.3101,0.3111,0.3065,0.3104,528336.0,2026-06-28 07:59:59.999000+00:00,1
2026-06-28 08:00:00+00:00,0.3104,0.3131,0.3075,0.3097,511040.0,2026-06-28 11:59:59.999000+00:00,1
2026-06-28 12:00:00+00:00,0.3098,0.3125,0.3074,0.3083,571500.0,2026-06-28 15:59:59.999000+00:00,1
2026-06-28 16:00:00+00:00,0.3084,0.3095,0.3049,0.3072,758803.0,2026-06-28 19:59:59.999000+00:00,1
2026-06-28 20:00:00+00:00,0.3071,0.3107,0.3039,0.3095,935218.0,2026-06-28 23:59:59.999000+00:00,1
2026-06-29 00:00:00+00:00,0.3096,0.3134,0.3052,0.312,1139301.0,2026-06-29 03:59:59.999000+00:00,1
2026-06-29 04:00:00+00:00,0.312,0.3132,0.3084,0.3113,704382.0,2026-06-29 07:59:59.999000+00:00,1
2026-06-29 08:00:00+00:00,0.3112,0.3146,0.3092,0.3109,840125.0,2026-06-29 11:59:59.999000+00:00,1
2026-06-29 12:00:00+00:00,0.3109,0.3165,0.3078,0.312,1982707.0,2026-06-29 15:59:59.999000+00:00,1
2026-06-29 16:00:00+00:00,0.312,0.3225,0.3109,0.3194,1189788.0,2026-06-29 19:59:59.999000+00:00,1
2026-06-29 20:00:00+00:00,0.3193,0.3199,0.3156,0.3172,555774.0,2026-06-29 23:59:59.999000+00:00,1
2026-06-30 00:00:00+00:00,0.3171,0.3174,0.3107,0.3118,672621.0,2026-06-30 03:59:59.999000+00:00,1
2026-06-30 04:00:00+00:00,0.3117,0.3174,0.3105,0.314,540913.0,2026-06-30 07:59:59.999000+00:00,1
2026-06-30 08:00:00+00:00,0.314,0.3141,0.308,0.3086,794927.0,2026-06-30 11:59:59.999000+00:00,1
2026-06-30 12:00:00+00:00,0.3087,0.3119,0.3043,0.3087,1557678.0,2026-06-30 15:59:59.999000+00:00,1
2026-06-30 16:00:00+00:00,0.3087,0.3128,0.3064,0.3118,626438.0,2026-06-30 19:59:59.999000+00:00,1
2026-06-30 20:00:00+00:00,0.3117,0.3133,0.3077,0.3083,382355.0,2026-06-30 23:59:59.999000+00:00,1
2026-07-01 00:00:00+00:00,0.3083,0.3151,0.3028,0.3146,1487232.0,2026-07-01 03:59:59.999000+00:00,1
2026-07-01 04:00:00+00:00,0.3145,0.3163,0.3081,0.3112,879344.0,2026-07-01 07:59:59.999000+00:00,1
2026-07-01 08:00:00+00:00,0.3112,0.3129,0.308,0.3106,706679.0,2026-07-01 11:59:59.999000+00:00,1
2026-07-01 12:00:00+00:00,0.3107,0.3213,0.3072,0.3205,1765092.0,2026-07-01 15:59:59.999000+00:00,1
2026-07-01 16:00:00+00:00,0.3206,0.3221,0.3165,0.3179,707199.0,2026-07-01 19:59:59.999000+00:00,1
2026-07-01 20:00:00+00:00,0.318,0.3309,0.3166,0.3245,1166350.0,2026-07-01 23:59:59.999000+00:00,1
2026-07-02 00:00:00+00:00,0.3245,0.3368,0.322,0.3334,1653107.0,2026-07-02 03:59:59.999000+00:00,1
2026-07-02 04:00:00+00:00,0.3333,0.3336,0.3279,0.3306,862564.0,2026-07-02 07:59:59.999000+00:00,1
2026-07-02 08:00:00+00:00,0.3307,0.3354,0.33,0.3338,973149.0,2026-07-02 11:59:59.999000+00:00,1
2026-07-02 12:00:00+00:00,0.3337,0.3393,0.3304,0.3331,1832526.0,2026-07-02 15:59:59.999000+00:00,1
2026-07-02 16:00:00+00:00,0.3331,0.3348,0.3301,0.331,484083.0,2026-07-02 19:59:59.999000+00:00,1
2026-07-02 20:00:00+00:00,0.3309,0.3316,0.3261,0.3282,917105.0,2026-07-02 23:59:59.999000+00:00,1
2026-07-03 00:00:00+00:00,0.3282,0.3349,0.3274,0.3315,888573.0,2026-07-03 03:59:59.999000+00:00,1
2026-07-03 04:00:00+00:00,0.3315,0.3319,0.3287,0.3303,466476.0,2026-07-03 07:59:59.999000+00:00,1
2026-07-03 08:00:00+00:00,0.3304,0.3338,0.3285,0.3337,761547.0,2026-07-03 11:59:59.999000+00:00,1
2026-07-03 12:00:00+00:00,0.3336,0.3382,0.3314,0.3318,1255154.0,2026-07-03 15:59:59.999000+00:00,1
2026-07-03 16:00:00+00:00,0.3318,0.3374,0.3298,0.3349,625002.0,2026-07-03 19:59:59.999000+00:00,1
2026-07-03 20:00:00+00:00,0.3349,0.3392,0.3333,0.3339,606845.0,2026-07-03 23:59:59.999000+00:00,1
2026-07-04 00:00:00+00:00,0.3338,0.3381,0.3306,0.3357,885833.0,2026-07-04 03:59:59.999000+00:00,1
2026-07-04 04:00:00+00:00,0.3358,0.3396,0.3311,0.3324,682762.0,2026-07-04 07:59:59.999000+00:00,1
2026-07-04 08:00:00+00:00,0.3325,0.3342,0.3293,0.3313,605859.0,2026-07-04 11:59:59.999000+00:00,1
2026-07-04 12:00:00+00:00,0.3312,0.3369,0.3307,0.336,710837.0,2026-07-04 15:59:59.999000+00:00,1
2026-07-04 16:00:00+00:00,0.336,0.3478,0.3347,0.3397,1893477.0,2026-07-04 19:59:59.999000+00:00,1
2026-07-04 20:00:00+00:00,0.3397,0.3411,0.3337,0.3356,1060847.0,2026-07-04 23:59:59.999000+00:00,1
2026-07-05 00:00:00+00:00,0.3356,0.3356,0.3256,0.3268,1387629.0,2026-07-05 03:59:59.999000+00:00,1
2026-07-05 04:00:00+00:00,0.3268,0.3296,0.3263,0.3294,586021.0,2026-07-05 07:59:59.999000+00:00,1
2026-07-05 08:00:00+00:00,0.3295,0.3302,0.3226,0.3245,1869348.0,2026-07-05 11:59:59.999000+00:00,1
2026-07-05 12:00:00+00:00,0.3245,0.3317,0.3236,0.3299,1117694.0,2026-07-05 15:59:59.999000+00:00,1
2026-07-05 16:00:00+00:00,0.33,0.3307,0.3263,0.3296,618809.0,2026-07-05 19:59:59.999000+00:00,1
2026-07-05 20:00:00+00:00,0.3297,0.3364,0.3284,0.3329,926263.0,2026-07-05 23:59:59.999000+00:00,1
2026-07-06 00:00:00+00:00,0.3329,0.3351,0.3271,0.3281,1005048.0,2026-07-06 03:59:59.999000+00:00,1
2026-07-06 04:00:00+00:00,0.3282,0.3284,0.3236,0.3264,771037.0,2026-07-06 07:59:59.999000+00:00,1
2026-07-06 08:00:00+00:00,0.3264,0.3345,0.3238,0.3288,1752519.0,2026-07-06 11:59:59.999000+00:00,1
2026-07-06 12:00:00+00:00,0.3288,0.3365,0.3229,0.336,2431046.0,2026-07-06 15:59:59.999000+00:00,1
2026-07-06 16:00:00+00:00,0.336,0.3396,0.3339,0.3378,1067871.0,2026-07-06 19:59:59.999000+00:00,1
2026-07-06 20:00:00+00:00,0.3379,0.3416,0.3327,0.3329,622149.0,2026-07-06 23:59:59.999000+00:00,1
2026-07-07 00:00:00+00:00,0.333,0.3369,0.3275,0.3285,770879.0,2026-07-07 03:59:59.999000+00:00,1
2026-07-07 04:00:00+00:00,0.3285,0.3323,0.3263,0.3305,726092.0,2026-07-07 07:59:59.999000+00:00,1
2026-07-07 08:00:00+00:00,0.3305,0.3329,0.3284,0.3319,598921.0,2026-07-07 11:59:59.999000+00:00,1
2026-07-07 12:00:00+00:00,0.332,0.3367,0.3277,0.3366,1287103.0,2026-07-07 15:59:59.999000+00:00,1
2026-07-07 16:00:00+00:00,0.3367,0.3377,0.3274,0.3314,810771.0,2026-07-07 19:59:59.999000+00:00,1
2026-07-07 20:00:00+00:00,0.3314,0.3321,0.3252,0.3275,419401.0,2026-07-07 23:59:59.999000+00:00,1
2026-07-08 00:00:00+00:00,0.3276,0.3324,0.3224,0.3274,1167466.0,2026-07-08 03:59:59.999000+00:00,1
2026-07-08 04:00:00+00:00,0.3273,0.3273,0.3174,0.3205,1403668.0,2026-07-08 07:59:59.999000+00:00,1
2026-07-08 08:00:00+00:00,0.3205,0.3229,0.3142,0.3192,1383287.0,2026-07-08 11:59:59.999000+00:00,1
2026-07-08 12:00:00+00:00,0.3192,0.32,0.3089,0.3113,1500652.0,2026-07-08 15:59:59.999000+00:00,1
2026-07-08 16:00:00+00:00,0.3112,0.3181,0.3112,0.3148,444324.0,2026-07-08 19:59:59.999000+00:00,1
2026-07-08 20:00:00+00:00,0.3148,0.3166,0.3122,0.3155,452858.0,2026-07-08 23:59:59.999000+00:00,1
2026-07-09 00:00:00+00:00,0.3155,0.3166,0.3091,0.3132,885905.0,2026-07-09 03:59:59.999000+00:00,1
2026-07-09 04:00:00+00:00,0.3132,0.3217,0.3129,0.3188,810910.0,2026-07-09 07:59:59.999000+00:00,1
2026-07-09 08:00:00+00:00,0.3187,0.3198,0.316,0.3178,364999.0,2026-07-09 11:59:59.999000+00:00,1
2026-07-09 12:00:00+00:00,0.3178,0.3203,0.3142,0.3168,799581.0,2026-07-09 15:59:59.999000+00:00,1
2026-07-09 16:00:00+00:00,0.3168,0.3203,0.3134,0.3181,490627.0,2026-07-09 19:59:59.999000+00:00,1
2026-07-09 20:00:00+00:00,0.3182,0.3187,0.3156,0.3165,277013.0,2026-07-09 23:59:59.999000+00:00,1
2026-07-10 00:00:00+00:00,0.3165,0.3229,0.3143,0.3204,744472.0,2026-07-10 03:59:59.999000+00:00,1
2026-07-10 04:00:00+00:00,0.3205,0.3247,0.32,0.3207,789324.0,2026-07-10 07:59:59.999000+00:00,1
2026-07-10 08:00:00+00:00,0.3207,0.3281,0.3202,0.3268,676066.0,2026-07-10 11:59:59.999000+00:00,1
2026-07-10 12:00:00+00:00,0.3269,0.3305,0.322,0.326,1091227.0,2026-07-10 15:59:59.999000+00:00,1
2026-07-10 16:00:00+00:00,0.3261,0.3291,0.3241,0.3262,377259.0,2026-07-10 19:59:59.999000+00:00,1
2026-07-10 20:00:00+00:00,0.3262,0.3304,0.3243,0.328,300159.0,2026-07-10 23:59:59.999000+00:00,1
2026-07-11 00:00:00+00:00,0.3281,0.3323,0.3266,0.3292,597932.0,2026-07-11 03:59:59.999000+00:00,1
2026-07-11 04:00:00+00:00,0.3292,0.3296,0.326,0.3268,308238.0,2026-07-11 07:59:59.999000+00:00,1
2026-07-11 08:00:00+00:00,0.3269,0.3343,0.3263,0.3334,900929.0,2026-07-11 11:59:59.999000+00:00,1
2026-07-11 12:00:00+00:00,0.3335,0.3373,0.3313,0.3341,794466.0,2026-07-11 15:59:59.999000+00:00,1
2026-07-11 16:00:00+00:00,0.3341,0.3359,0.332,0.3344,422209.0,2026-07-11 19:59:59.999000+00:00,1
2026-07-11 20:00:00+00:00,0.3345,0.3351,0.3238,0.3239,677418.0,2026-07-11 23:59:59.999000+00:00,1
2026-07-12 00:00:00+00:00,0.3239,0.3262,0.322,0.326,553256.0,2026-07-12 03:59:59.999000+00:00,1
2026-07-12 04:00:00+00:00,0.3261,0.327,0.3228,0.3253,346348.0,2026-07-12 07:59:59.999000+00:00,1
2026-07-12 08:00:00+00:00,0.3254,0.3305,0.3251,0.3286,440643.0,2026-07-12 11:59:59.999000+00:00,1
2026-07-12 12:00:00+00:00,0.3285,0.3307,0.3254,0.3273,787079.0,2026-07-12 15:59:59.999000+00:00,1
2026-07-12 16:00:00+00:00,0.3273,0.3285,0.3239,0.327,527489.0,2026-07-12 19:59:59.999000+00:00,1
2026-07-12 20:00:00+00:00,0.327,0.327,0.3205,0.3227,703340.0,2026-07-12 23:59:59.999000+00:00,1
2026-07-13 00:00:00+00:00,0.3228,0.3279,0.3145,0.3164,1456051.0,2026-07-13 03:59:59.999000+00:00,1
2026-07-13 04:00:00+00:00,0.3164,0.3199,0.3154,0.3188,655542.0,2026-07-13 07:59:59.999000+00:00,1
2026-07-13 08:00:00+00:00,0.3188,0.3208,0.3181,0.3181,405456.0,2026-07-13 11:59:59.999000+00:00,1
2026-07-13 12:00:00+00:00,0.3181,0.3187,0.3131,0.3157,1224493.0,2026-07-13 15:59:59.999000+00:00,1
2026-07-13 16:00:00+00:00,0.3158,0.3166,0.3101,0.313,600445.0,2026-07-13 19:59:59.999000+00:00,1
2026-07-13 20:00:00+00:00,0.313,0.3132,0.3075,0.3106,406719.0,2026-07-13 23:59:59.999000+00:00,1
2026-07-14 00:00:00+00:00,0.3107,0.3123,0.3049,0.3058,701044.0,2026-07-14 03:59:59.999000+00:00,1
2026-07-14 04:00:00+00:00,0.3059,0.3102,0.3059,0.3075,454253.0,2026-07-14 07:59:59.999000+00:00,1
2026-07-14 08:00:00+00:00,0.3075,0.3094,0.3069,0.3076,484612.0,2026-07-14 11:59:59.999000+00:00,1
2026-07-14 12:00:00+00:00,0.3077,0.3184,0.3063,0.3151,1643238.0,2026-07-14 15:59:59.999000+00:00,1
2026-07-14 16:00:00+00:00,0.3152,0.3165,0.3131,0.3151,590260.0,2026-07-14 19:59:59.999000+00:00,1
2026-07-14 20:00:00+00:00,0.3151,0.316,0.3131,0.3148,408597.0,2026-07-14 23:59:59.999000+00:00,1
2026-07-15 00:00:00+00:00,0.3149,0.3233,0.3148,0.3219,1245929.0,2026-07-15 03:59:59.999000+00:00,1
2026-07-15 04:00:00+00:00,0.3219,0.3239,0.317,0.318,933521.0,2026-07-15 07:59:59.999000+00:00,1
2026-07-15 08:00:00+00:00,0.318,0.3238,0.3166,0.3227,927468.0,2026-07-15 11:59:59.999000+00:00,1
2026-07-15 12:00:00+00:00,0.3228,0.3394,0.3221,0.3329,2871356.0,2026-07-15 15:59:59.999000+00:00,1
2026-07-15 16:00:00+00:00,0.333,0.3366,0.3264,0.3334,951986.0,2026-07-15 19:59:59.999000+00:00,1
2026-07-15 20:00:00+00:00,0.3335,0.3705,0.3335,0.3648,8020149.0,2026-07-15 23:59:59.999000+00:00,1
2026-07-16 00:00:00+00:00,0.3648,0.3729,0.3575,0.3677,4879096.0,2026-07-16 03:59:59.999000+00:00,1
2026-07-16 04:00:00+00:00,0.3677,0.3771,0.3603,0.3702,5918664.0,2026-07-16 07:59:59.999000+00:00,1
2026-07-16 08:00:00+00:00,0.3702,0.3769,0.3654,0.3741,6227573.0,2026-07-16 11:59:59.999000+00:00,1
2026-07-16 12:00:00+00:00,0.374,0.3945,0.3716,0.3842,17176017.0,2026-07-16 15:59:59.999000+00:00,1
2026-07-16 16:00:00+00:00,0.3841,0.3897,0.3722,0.3757,6121810.0,2026-07-16 19:59:59.999000+00:00,1
2026-07-16 20:00:00+00:00,0.3756,0.3776,0.3605,0.3637,3786790.0,2026-07-16 23:59:59.999000+00:00,1
2026-07-17 00:00:00+00:00,0.3636,0.3721,0.3591,0.3676,3774923.0,2026-07-17 03:59:59.999000+00:00,1
2026-07-17 04:00:00+00:00,0.3676,0.3736,0.3596,0.3639,4350674.0,2026-07-17 07:59:59.999000+00:00,1
2026-07-17 08:00:00+00:00,0.3639,0.3848,0.362,0.3802,4969878.0,2026-07-17 11:59:59.999000+00:00,1
2026-07-17 12:00:00+00:00,0.3801,0.384,0.3654,0.378,5905588.0,2026-07-17 15:59:59.999000+00:00,1
2026-07-17 16:00:00+00:00,0.378,0.3813,0.3742,0.3751,2264031.0,2026-07-17 19:59:59.999000+00:00,1
2026-07-17 20:00:00+00:00,0.3751,0.3752,0.368,0.3732,1758420.0,2026-07-17 23:59:59.999000+00:00,1
2026-07-18 00:00:00+00:00,0.3731,0.388,0.3698,0.3779,3199015.0,2026-07-18 03:59:59.999000+00:00,1
2026-07-18 04:00:00+00:00,0.3779,0.3781,0.3655,0.3666,2621442.0,2026-07-18 07:59:59.999000+00:00,1
2026-07-18 08:00:00+00:00,0.3665,0.3709,0.3404,0.3437,10069129.0,2026-07-18 11:59:59.999000+00:00,1
2026-07-18 12:00:00+00:00,0.3437,0.3456,0.3374,0.3397,2747555.0,2026-07-18 15:59:59.999000+00:00,1
2026-07-18 16:00:00+00:00,0.3397,0.3495,0.3378,0.3482,2156616.0,2026-07-18 19:59:59.999000+00:00,1
2026-07-18 20:00:00+00:00,0.3482,0.3525,0.3455,0.3468,1538787.0,2026-07-18 23:59:59.999000+00:00,1
2026-07-19 00:00:00+00:00,0.3468,0.347,0.3404,0.3425,2081848.0,2026-07-19 03:59:59.999000+00:00,1
2026-07-19 04:00:00+00:00,0.3424,0.3517,0.3416,0.3507,2162496.0,2026-07-19 07:59:59.999000+00:00,1
2026-07-19 08:00:00+00:00,0.3508,0.3571,0.3495,0.3528,2831157.0,2026-07-19 11:59:59.999000+00:00,1
2026-07-19 12:00:00+00:00,0.3528,0.3528,0.3465,0.3478,2003863.0,2026-07-19 15:59:59.999000+00:00,1
2026-07-19 16:00:00+00:00,0.3478,0.3483,0.3423,0.3473,1476421.0,2026-07-19 19:59:59.999000+00:00,1
2026-07-19 20:00:00+00:00,0.3474,0.3516,0.3439,0.3453,1170666.0,2026-07-19 23:59:59.999000+00:00,1
2026-07-20 00:00:00+00:00,0.3453,0.3503,0.3433,0.3459,1266164.0,2026-07-20 03:59:59.999000+00:00,1
2026-07-20 04:00:00+00:00,0.3459,0.3476,0.3385,0.3426,1577738.0,2026-07-20 07:59:59.999000+00:00,1
2026-07-20 08:00:00+00:00,0.3426,0.3557,0.3397,0.3535,1765275.0,2026-07-20 11:59:59.999000+00:00,1
2026-07-20 12:00:00+00:00,0.3535,0.3556,0.3435,0.3526,2748409.0,2026-07-20 15:59:59.999000+00:00,1
2026-07-20 16:00:00+00:00,0.3526,0.3621,0.351,0.3559,2105095.0,2026-07-20 19:59:59.999000+00:00,1
2026-07-20 20:00:00+00:00,0.356,0.3596,0.352,0.3578,854452.0,2026-07-20 23:59:59.999000+00:00,1
2026-07-21 00:00:00+00:00,0.3578,0.3645,0.3569,0.3631,1019497.0,2026-07-21 03:59:59.999000+00:00,1
2026-07-21 04:00:00+00:00,0.3631,0.3944,0.3609,0.3902,5218985.0,2026-07-21 07:59:59.999000+00:00,1
2026-07-21 08:00:00+00:00,0.3903,0.4087,0.385,0.4008,11623909.0,2026-07-21 11:59:59.999000+00:00,1
2026-07-21 12:00:00+00:00,0.4009,0.4116,0.3986,0.4075,7868465.0,2026-07-21 15:59:59.999000+00:00,1
2026-07-21 16:00:00+00:00,0.4075,0.4077,0.3948,0.4011,4427278.0,2026-07-21 19:59:59.999000+00:00,1
2026-07-21 20:00:00+00:00,0.4012,0.4029,0.3903,0.4015,2068448.0,2026-07-21 23:59:59.999000+00:00,1
2026-07-22 00:00:00+00:00,0.4015,0.4067,0.3956,0.3965,2559087.0,2026-07-22 03:59:59.999000+00:00,1
2026-07-22 04:00:00+00:00,0.3965,0.4041,0.3948,0.4,2716350.0,2026-07-22 07:59:59.999000+00:00,1
2026-07-22 08:00:00+00:00,0.4001,0.4183,0.399,0.4099,5807497.0,2026-07-22 11:59:59.999000+00:00,1
2026-07-22 12:00:00+00:00,0.4099,0.4224,0.4042,0.4135,5686951.0,2026-07-22 15:59:59.999000+00:00,1
2026-07-22 16:00:00+00:00,0.4134,0.4188,0.407,0.4104,2969834.0,2026-07-22 19:59:59.999000+00:00,1
2026-07-22 20:00:00+00:00,0.4103,0.4186,0.4102,0.4125,1491486.0,2026-07-22 23:59:59.999000+00:00,1
2026-07-23 00:00:00+00:00,0.4126,0.4158,0.3989,0.4098,3375581.0,2026-07-23 03:59:59.999000+00:00,1
2026-07-23 04:00:00+00:00,0.4098,0.4139,0.4017,0.4048,2298773.0,2026-07-23 07:59:59.999000+00:00,1
2026-07-23 08:00:00+00:00,0.4049,0.4073,0.4024,0.4037,1316068.0,2026-07-23 11:59:59.999000+00:00,1
2026-07-23 12:00:00+00:00,0.4037,0.4093,0.3987,0.4005,3603463.0,2026-07-23 15:59:59.999000+00:00,1
2026-07-23 16:00:00+00:00,0.4006,0.4059,0.3946,0.4007,1650989.0,2026-07-23 19:59:59.999000+00:00,1
2026-07-23 20:00:00+00:00,0.4006,0.4051,0.3998,0.4011,961303.0,2026-07-23 23:59:59.999000+00:00,1
2026-07-24 00:00:00+00:00,0.4012,0.4051,0.3931,0.4044,1548587.0,2026-07-24 03:59:59.999000+00:00,1
2026-07-24 04:00:00+00:00,0.4044,0.407,0.3995,0.4006,1764311.0,2026-07-24 07:59:59.999000+00:00,1
2026-07-24 08:00:00+00:00,0.4005,0.4005,0.3907,0.3934,1643763.0,2026-07-24 11:59:59.999000+00:00,1
2026-07-24 12:00:00+00:00,0.3933,0.3958,0.3808,0.3936,4028545.0,2026-07-24 15:59:59.999000+00:00,1
2026-07-24 16:00:00+00:00,0.3935,0.3951,0.3876,0.3894,1071933.0,2026-07-24 19:59:59.999000+00:00,1
2026-07-24 20:00:00+00:00,0.3893,0.3909,0.3783,0.3833,1063568.0,2026-07-24 23:59:59.999000+00:00,1
2026-07-25 00:00:00+00:00,0.3834,0.3843,0.3738,0.3749,1231068.0,2026-07-25 03:59:59.999000+00:00,1
2026-07-25 04:00:00+00:00,0.3749,0.3792,0.3734,0.3768,1041727.0,2026-07-25 07:59:59.999000+00:00,1
2026-07-25 08:00:00+00:00,0.3769,0.3839,0.3715,0.3797,1814911.0,2026-07-25 11:59:59.999000+00:00,1
2026-07-25 12:00:00+00:00,0.3798,0.3844,0.3782,0.3812,1325481.0,2026-07-25 15:59:59.999000+00:00,1
2026-07-25 16:00:00+00:00,0.3811,0.3857,0.3803,0.3827,1051546.0,2026-07-25 19:59:59.999000+00:00,1
2026-07-25 20:00:00+00:00,0.3827,0.3833,0.3763,0.378,763900.0,2026-07-25 23:59:59.999000+00:00,1
2026-07-26 00:00:00+00:00,0.3779,0.3851,0.3764,0.3846,1232384.0,2026-07-26 03:59:59.999000+00:00,1
2026-07-26 04:00:00+00:00,0.3847,0.3911,0.3832,0.3871,1379576.0,2026-07-26 07:59:59.999000+00:00,1
2026-07-26 08:00:00+00:00,0.387,0.3889,0.3833,0.3844,1363768.0,2026-07-26 11:59:59.999000+00:00,1
2026-07-26 12:00:00+00:00,0.3844,0.3964,0.3812,0.3956,1742111.0,2026-07-26 15:59:59.999000+00:00,1
2026-07-26 16:00:00+00:00,0.3957,0.4093,0.3957,0.4,3872588.0,2026-07-26 19:59:59.999000+00:00,1
2026-07-26 20:00:00+00:00,0.4,0.4067,0.3953,0.4047,1309279.0,2026-07-26 23:59:59.999000+00:00,1
2026-07-27 00:00:00+00:00,0.4047,0.4136,0.4007,0.4052,2117234.0,2026-07-27 03:59:59.999000+00:00,1
2026-07-27 04:00:00+00:00,0.4053,0.4177,0.4035,0.4142,1959960.0,2026-07-27 07:59:59.999000+00:00,1
2026-07-27 08:00:00+00:00,0.4142,0.4184,0.4051,0.4056,2061180.0,2026-07-27 11:59:59.999000+00:00,1
2026-07-27 12:00:00+00:00,0.4056,0.4183,0.3987,0.4028,4273988.0,2026-07-27 15:59:59.999000+00:00,1
2026-07-27 16:00:00+00:00,0.4028,0.4126,0.3977,0.4041,2481298.0,2026-07-27 19:59:59.999000+00:00,1
2026-07-27 20:00:00+00:00,0.4042,0.4053,0.3908,0.394,2303427.0,2026-07-27 23:59:59.999000+00:00,1
2026-07-28 00:00:00+00:00,0.3941,0.3958,0.3866,0.3918,1961852.0,2026-07-28 03:59:59.999000+00:00,1
2026-07-28 04:00:00+00:00,0.3919,0.3969,0.3879,0.39,1701809.0,2026-07-28 07:59:59.999000+00:00,1
2026-07-28 08:00:00+00:00,0.39,0.3911,0.3837,0.3892,1917434.0,2026-07-28 11:59:59.999000+00:00,1
2026-07-28 12:00:00+00:00,0.3892,0.4128,0.388,0.4096,4116289.0,2026-07-28 15:59:59.999000+00:00,1
2026-07-28 16:00:00+00:00,0.4097,0.4139,0.4001,0.4057,2737945.0,2026-07-28 19:59:59.999000+00:00,1
2026-07-28 20:00:00+00:00,0.4058,0.412,0.4023,0.4058,1317125.0,2026-07-28 23:59:59.999000+00:00,1
2026-07-29 00:00:00+00:00,0.4059,0.4082,0.3919,0.3939,1603089.0,2026-07-29 03:59:59.999000+00:00,1
2026-07-29 04:00:00+00:00,0.394,0.4069,0.3918,0.4045,1668790.0,2026-07-29 07:59:59.999000+00:00,1
2026-07-29 08:00:00+00:00,0.4046,0.4096,0.4007,0.4036,1558055.0,2026-07-29 11:59:59.999000+00:00,1
2026-07-29 12:00:00+00:00,0.4035,0.4035,0.3911,0.393,1991773.0,2026-07-29 15:59:59.999000+00:00,1
2026-07-29 16:00:00+00:00,0.393,0.4114,0.3904,0.3979,2673287.0,2026-07-29 19:59:59.999000+00:00,1
2026-07-29 20:00:00+00:00,0.398,0.408,0.3917,0.4035,1417319.0,2026-07-29 23:59:59.999000+00:00,1
2026-07-30 00:00:00+00:00,0.4034,0.4112,0.4,0.4023,1784434.0,2026-07-30 03:59:59.999000+00:00,1
2026-07-30 04:00:00+00:00,0.4024,0.4103,0.3992,0.409,2157109.0,2026-07-30 07:59:59.999000+00:00,1
2026-07-30 08:00:00+00:00,0.409,0.4233,0.4082,0.4214,3971311.0,2026-07-30 11:59:59.999000+00:00,1
2026-07-30 12:00:00+00:00,0.4213,0.4276,0.4162,0.4182,3117665.0,2026-07-30 15:59:59.999000+00:00,1
2026-07-30 16:00:00+00:00,0.4182,0.4274,0.4117,0.4207,3089529.0,2026-07-30 19:59:59.999000+00:00,1
2026-07-30 20:00:00+00:00,0.4207,0.4233,0.4152,0.4156,950217.0,2026-07-30 23:59:59.999000+00:00,1
2026-07-31 00:00:00+00:00,0.4157,0.419,0.4056,0.4077,2111117.0,2026-07-31 03:59:59.999000+00:00,1
2026-07-31 04:00:00+00:00,0.4076,0.4084,0.4008,0.4038,1735307.0,2026-07-31 07:59:59.999000+00:00,1
2026-07-31 08:00:00+00:00,0.4038,0.4074,0.3989,0.4021,1493887.0,2026-07-31 11:59:59.999000+00:00,1
2026-07-31 12:00:00+00:00,0.402,0.4055,0.3957,0.3979,2550452.0,2026-07-31 15:59:59.999000+00:00,1
2026-07-31 16:00:00+00:00,0.3979,0.4008,0.3939,0.3964,1527761.0,2026-07-31 19:59:59.999000+00:00,1
2026-07-31 20:00:00+00:00,0.3964,0.3969,0.3881,0.3899,1078019.0,2026-07-31 23:59:59.999000+00:00,1
2026-08-01 00:00:00+00:00,0.3898,0.3934,0.3888,0.3919,620722.0,2026-08-01 03:59:59.999000+00:00,1
2026-08-01 04:00:00+00:00,0.3919,0.3928,0.3841,0.3861,895531.0,2026-08-01 07:59:59.999000+00:00,1
2026-08-01 08:00:00+00:00,0.3861,0.3871,0.3817,0.3852,1177718.0,2026-08-01 11:59:59.999000+00:00,1
2026-08-01 12:00:00+00:00,0.3851,0.391,0.3848,0.3873,668782.0,2026-08-01 15:59:59.999000+00:00,1
2026-08-01 16:00:00+00:00,0.3873,0.388,0.3778,0.3782,1167695.0,2026-08-01 19:59:59.999000+00:00,1
2026-08-01 20:00:00+00:00,0.3781,0.3831,0.3759,0.3798,837579.0,2026-08-01 23:59:59.999000+00:00,1
2026-08-02 00:00:00+00:00,0.3797,0.3949,0.379,0.3938,1315038.0,2026-08-02 03:59:59.999000+00:00,1
2026-08-02 04:00:00+00:00,0.3937,0.3963,0.3883,0.3915,1508084.0,2026-08-02 07:59:59.999000+00:00,1
2026-08-02 08:00:00+00:00,0.3916,0.392,0.3837,0.3844,1383826.0,2026-08-02 11:59:59.999000+00:00,1
2026-08-02 12:00:00+00:00,0.3844,0.3868,0.3834,0.3847,682185.0,2026-08-02 15:59:59.999000+00:00,1
2026-08-02 16:00:00+00:00,0.3847,0.3892,0.3831,0.3889,566355.0,2026-08-02 19:59:59.999000+00:00,1
2026-08-02 20:00:00+00:00,0.3889,0.3913,0.3767,0.3793,1569795.0,2026-08-02 23:59:59.999000+00:00,1
2026-08-03 00:00:00+00:00,0.3792,0.3795,0.3686,0.3716,1628514.0,2026-08-03 03:59:59.999000+00:00,1
2026-08-03 04:00:00+00:00,0.3716,0.3735,0.3658,0.3702,1218367.0,2026-08-03 07:59:59.999000+00:00,1
2026-08-03 08:00:00+00:00,0.3701,0.3724,0.3677,0.3717,796415.0,2026-08-03 11:59:59.999000+00:00,1
2026-08-03 12:00:00+00:00,0.3717,0.3791,0.3708,0.3752,1480634.0,2026-08-03 15:59:59.999000+00:00,1
2026-08-03 16:00:00+00:00,0.3751,0.379,0.3724,0.3745,1133159.0,2026-08-03 19:59:59.999000+00:00,1
2026-08-03 20:00:00+00:00,0.3746,0.3761,0.3697,0.3716,542080.0,2026-08-03 23:59:59.999000+00:00,1
2026-08-04 00:00:00+00:00,0.3716,0.3754,0.3682,0.3718,661849.0,2026-08-04 03:59:59.999000+00:00,1
2026-08-04 04:00:00+00:00,0.3717,0.3733,0.3632,0.3692,968416.0,2026-08-04 07:59:59.999000+00:00,1
2026-08-04 08:00:00+00:00,0.3692,0.3746,0.3669,0.3733,838779.0,2026-08-04 11:59:59.999000+00:00,1
2026-08-04 12:00:00+00:00,0.3732,0.3739,0.3655,0.3678,1720754.0,2026-08-04 15:59:59.999000+00:00,1
2026-08-04 16:00:00+00:00,0.3678,0.376,0.3648,0.374,1487715.0,2026-08-04 19:59:59.999000+00:00,1
2026-08-04 20:00:00+00:00,0.374,0.3783,0.3716,0.3736,977580.0,2026-08-04 23:59:59.999000+00:00,1
2026-08-05 00:00:00+00:00,0.3736,0.3809,0.3697,0.3759,1481852.0,2026-08-05 03:59:59.999000+00:00,1
2026-08-05 04:00:00+00:00,0.3759,0.3867,0.3757,0.3815,1500575.0,2026-08-05 07:59:59.999000+00:00,1
2026-08-05 08:00:00+00:00,0.3815,0.3848,0.3783,0.3836,756105.0,2026-08-05 11:59:59.999000+00:00,1
2026-08-05 12:00:00+00:00,0.3836,0.389,0.3756,0.3778,1974980.0,2026-08-05 15:59:59.999000+00:00,1
2026-08-05 16:00:00+00:00,0.3777,0.3834,0.3752,0.3758,702385.0,2026-08-05 19:59:59.999000+00:00,1
2026-08-05 20:00:00+00:00,0.3758,0.3768,0.372,0.3736,673950.0,2026-08-05 23:59:59.999000+00:00,1
2026-08-06 00:00:00+00:00,0.3737,0.3753,0.3692,0.3714,740298.0,2026-08-06 03:59:59.999000+00:00,1
2026-08-06 04:00:00+00:00,0.3714,0.3773,0.371,0.3733,798033.0,2026-08-06 07:59:59.999000+00:00,1
2026-08-06 08:00:00+00:00,0.3733,0.3755,0.3671,0.3713,762090.0,2026-08-06 11:59:59.999000+00:00,1
2026-08-06 12:00:00+00:00,0.3712,0.3723,0.365,0.3689,959244.0,2026-08-06 15:59:59.999000+00:00,1
2026-08-06 16:00:00+00:00,0.369,0.3716,0.3659,0.3665,375239.0,2026-08-06 19:59:59.999000+00:00,1
2026-08-06 20:00:00+00:00,0.3665,0.3677,0.3572,0.3585,1411433.0,2026-08-06 23:59:59.999000+00:00,1
2026-08-07 00:00:00+00:00,0.3585,0.3592,0.3506,0.3507,1254198.0,2026-08-07 03:59:59.999000+00:00,1
2026-08-07 04:00:00+00:00,0.3507,0.3538,0.3431,0.3496,2305728.0,2026-08-07 07:59:59.999000+00:00,1
2026-08-07 08:00:00+00:00,0.3495,0.3534,0.3483,0.3521,940202.0,2026-08-07 11:59:59.999000+00:00,1
2026-08-07 12:00:00+00:00,0.352,0.3548,0.3475,0.3489,1720250.0,2026-08-07 15:59:59.999000+00:00,1
2026-08-07 16:00:00+00:00,0.3489,0.35,0.3435,0.347,942762.0,2026-08-07 19:59:59.999000+00:00,1
2026-08-07 20:00:00+00:00,0.347,0.35,0.3449,0.3476,513660.0,2026-08-07 23:59:59.999000+00:00,1
2026-08-08 00:00:00+00:00,0.3475,0.3542,0.3453,0.3524,706102.0,2026-08-08 03:59:59.999000+00:00,1
2026-08-08 04:00:00+00:00,0.3524,0.3551,0.3505,0.3544,453164.0,2026-08-08 07:59:59.999000+00:00,1
2026-08-08 08:00:00+00:00,0.3545,0.3557,0.3513,0.3524,417521.0,2026-08-08 11:59:59.999000+00:00,1
2026-08-08 12:00:00+00:00,0.3524,0.3578,0.351,0.3568,631777.0,2026-08-08 15:59:59.999000+00:00,1
2026-08-08 16:00:00+00:00,0.3569,0.3593,0.3535,0.3545,506367.0,2026-08-08 19:59:59.999000+00:00,1
2026-08-08 20:00:00+00:00,0.3546,0.3556,0.3513,0.3519,333789.0,2026-08-08 23:59:59.999000+00:00,1
2026-08-09 00:00:00+00:00,0.3519,0.3521,0.3458,0.3487,785665.0,2026-08-09 03:59:59.999000+00:00,1
2026-08-09 04:00:00+00:00,0.3488,0.3503,0.3458,0.3476,336630.0,2026-08-09 07:59:59.999000+00:00,1
2026-08-09 08:00:00+00:00,0.3476,0.3494,0.3468,0.3478,382994.0,2026-08-09 11:59:59.999000+00:00,1
2026-08-09 12:00:00+00:00,0.3477,0.354,0.347,0.3537,613276.0,2026-08-09 15:59:59.999000+00:00,1
2026-08-09 16:00:00+00:00,0.3538,0.3543,0.3502,0.3517,399438.0,2026-08-09 19:59:59.999000+00:00,1
2026-08-09 20:00:00+00:00,0.3517,0.359,0.3468,0.348,953428.0,2026-08-09 23:59:59.999000+00:00,1
2026-08-10 00:00:00+00:00,0.348,0.352,0.3473,0.3482,510548.0,2026-08-10 03:59:59.999000+00:00,1
2026-08-10 04:00:00+00:00,0.3482,0.3543,0.3478,0.3524,510753.0,2026-08-10 07:59:59.999000+00:00,1
2026-08-10 08:00:00+00:00,0.3524,0.3538,0.349,0.3536,479315.0,2026-08-10 11:59:59.999000+00:00,1
2026-08-10 12:00:00+00:00,0.3536,0.3539,0.3437,0.3464,1386792.0,2026-08-10 15:59:59.999000+00:00,1
2026-08-10 16:00:00+00:00,0.3464,0.3484,0.3422,0.3443,695797.0,2026-08-10 19:59:59.999000+00:00,1
2026-08-10 20:00:00+00:00,0.3444,0.3461,0.3371,0.3395,793518.0,2026-08-10 23:59:59.999000+00:00,1
2026-08-11 00:00:00+00:00,0.3397,0.3424,0.3364,0.3396,759072.0,2026-08-11 03:59:59.999000+00:00,1
2026-08-11 04:00:00+00:00,0.3396,0.3398,0.3367,0.3371,340138.0,2026-08-11 07:59:59.999000+00:00,1
2026-08-11 08:00:00+00:00,0.3371,0.3409,0.3359,0.3395,627887.0,2026-08-11 11:59:59.999000+00:00,1
2026-08-11 12:00:00+00:00,0.3394,0.3396,0.3307,0.333,1590830.0,2026-08-11 15:59:59.999000+00:00,1
2026-08-11 16:00:00+00:00,0.3331,0.336,0.3316,0.3356,547565.0,2026-08-11 19:59:59.999000+00:00,1
2026-08-11 20:00:00+00:00,0.3357,0.3374,0.3343,0.3355,425231.0,2026-08-11 23:59:59.999000+00:00,1
2026-08-12 00:00:00+00:00,0.3354,0.3382,0.3345,0.3358,594283.0,2026-08-12 03:59:59.999000+00:00,1
2026-08-12 04:00:00+00:00,0.3357,0.3369,0.331,0.3336,1024916.0,2026-08-12 07:59:59.999000+00:00,1
2026-08-12 08:00:00+00:00,0.3336,0.3383,0.3316,0.3374,734804.0,2026-08-12 11:59:59.999000+00:00,1
2026-08-12 12:00:00+00:00,0.3374,0.3401,0.3319,0.3343,1338077.0,2026-08-12 15:59:59.999000+00:00,1
2026-08-12 16:00:00+00:00,0.3343,0.3349,0.3287,0.3303,772914.0,2026-08-12 19:59:59.999000+00:00,1
2026-08-12 20:00:00+00:00,0.3304,0.3323,0.3241,0.3302,800057.0,2026-08-12 23:59:59.999000+00:00,1
2026-08-13 00:00:00+00:00,0.3301,0.3353,0.33,0.3345,544211.0,2026-08-13 03:59:59.999000+00:00,1
2026-08-13 04:00:00+00:00,0.3345,0.3368,0.334,0.3345,459659.0,2026-08-13 07:59:59.999000+00:00,1
2026-08-13 08:00:00+00:00,0.3345,0.3364,0.3317,0.3322,872990.0,2026-08-13 11:59:59.999000+00:00,1
2026-08-13 12:00:00+00:00,0.3322,0.3394,0.3316,0.3345,789321.0,2026-08-13 15:59:59.999000+00:00,1
2026-08-13 16:00:00+00:00,0.3346,0.336,0.3301,0.3331,787839.0,2026-08-13 19:59:59.999000+00:00,1
2026-08-13 20:00:00+00:00,0.333,0.3355,0.3321,0.335,318274.0,2026-08-13 23:59:59.999000+00:00,1
2026-08-14 00:00:00+00:00,0.3349,0.3353,0.3301,0.3304,419406.0,2026-08-14 03:59:59.999000+00:00,1
2026-08-14 04:00:00+00:00,0.3303,0.3327,0.3293,0.3308,580250.0,2026-08-14 07:59:59.999000+00:00,1
2026-08-14 08:00:00+00:00,0.3308,0.3314,0.3263,0.3264,543872.0,2026-08-14 11:59:59.999000+00:00,1
2026-08-14 12:00:00+00:00,0.3265,0.3294,0.3221,0.327,1238137.0,2026-08-14 15:59:59.999000+00:00,1
2026-08-14 16:00:00+00:00,0.3269,0.3286,0.3217,0.324,687676.0,2026-08-14 19:59:59.999000+00:00,1
2026-08-14 20:00:00+00:00,0.324,0.3272,0.3208,0.3272,484950.0,2026-08-14 23:59:59.999000+00:00,1
2026-08-15 00:00:00+00:00,0.3272,0.3313,0.3267,0.3301,543821.0,2026-08-15 03:59:59.999000+00:00,1
2026-08-15 04:00:00+00:00,0.3302,0.3308,0.3256,0.326,382930.0,2026-08-15 07:59:59.999000+00:00,1
2026-08-15 08:00:00+00:00,0.3259,0.3278,0.3252,0.3258,372107.0,2026-08-15 11:59:59.999000+00:00,1
2026-08-15 12:00:00+00:00,0.3257,0.3295,0.3255,0.3269,412939.0,2026-08-15 15:59:59.999000+00:00,1
2026-08-15 16:00:00+00:00,0.3269,0.3272,0.3241,0.3254,332548.0,2026-08-15 19:59:59.999000+00:00,1
2026-08-15 20:00:00+00:00,0.3255,0.3259,0.3231,0.3234,266181.0,2026-08-15 23:59:59.999000+00:00,1
2026-08-16 00:00:00+00:00,0.3234,0.3281,0.3219,0.3244,610553.0,2026-08-16 03:59:59.999000+00:00,1
2026-08-16 04:00:00+00:00,0.3245,0.3251,0.3228,0.3241,372345.0,2026-08-16 07:59:59.999000+00:00,1
2026-08-16 08:00:00+00:00,0.3241,0.3268,0.3237,0.3258,342608.0,2026-08-16 11:59:59.999000+00:00,1
2026-08-16 12:00:00+00:00,0.3258,0.3336,0.3252,0.3324,700459.0,2026-08-16 15:59:59.999000+00:00,1
2026-08-16 16:00:00+00:00,0.3325,0.3335,0.3296,0.3316,422085.0,2026-08-16 19:59:59.999000+00:00,1
2026-08-16 20:00:00+00:00,0.3317,0.3319,0.3257,0.3302,452658.0,2026-08-16 23:59:59.999000+00:00,1
2026-08-17 00:00:00+00:00,0.3302,0.3354,0.3283,0.3334,796735.0,2026-08-17 03:59:59.999000+00:00,1
2026-08-17 04:00:00+00:00,0.3335,0.3392,0.3334,0.338,790433.0,2026-08-17 07:59:59.999000+00:00,1
2026-08-17 08:00:00+00:00,0.3379,0.3417,0.3348,0.3408,876882.0,2026-08-17 11:59:59.999000+00:00,1
2026-08-17 12:00:00+00:00,0.3407,0.342,0.3364,0.3383,1481437.0,2026-08-17 15:59:59.999000+00:00,1
2026-08-17 16:00:00+00:00,0.3384,0.3384,0.332,0.3326,668260.0,2026-08-17 19:59:59.999000+00:00,1
2026-08-17 20:00:00+00:00,0.3325,0.3363,0.3315,0.3359,568320.0,2026-08-17 23:59:59.999000+00:00,1
2026-08-18 00:00:00+00:00,0.3359,0.3362,0.3274,0.33,1118164.0,2026-08-18 03:59:59.999000+00:00,1
2026-08-18 04:00:00+00:00,0.3301,0.3328,0.3284,0.3292,553345.0,2026-08-18 07:59:59.999000+00:00,1
2026-08-18 08:00:00+00:00,0.3292,0.3318,0.3276,0.3313,389439.0,2026-08-18 11:59:59.999000+00:00,1
2026-08-18 12:00:00+00:00,0.3313,0.3343,0.3279,0.3338,1044082.0,2026-08-18 15:59:59.999000+00:00,1
2026-08-18 16:00:00+00:00,0.3338,0.3342,0.3295,0.3305,523250.0,2026-08-18 19:59:59.999000+00:00,1
2026-08-18 20:00:00+00:00,0.3306,0.3307,0.3229,0.3259,1050580.0,2026-08-18 23:59:59.999000+00:00,1
2026-08-19 00:00:00+00:00,0.326,0.3262,0.3212,0.3256,821577.0,2026-08-19 03:59:59.999000+00:00,1
2026-08-19 04:00:00+00:00,0.3255,0.3258,0.3219,0.3241,448265.0,2026-08-19 07:59:59.999000+00:00,1
2026-08-19 08:00:00+00:00,0.324,0.3266,0.3227,0.3257,545414.0,2026-08-19 11:59:59.999000+00:00,1
2026-08-19 12:00:00+00:00,0.3257,0.3492,0.325,0.3401,2805776.0,2026-08-19 15:59:59.999000+00:00,1
2026-08-19 16:00:00+00:00,0.34,0.3414,0.3352,0.3409,1015527.0,2026-08-19 19:59:59.999000+00:00,1
2026-08-19 20:00:00+00:00,0.3409,0.3551,0.3403,0.3469,1997848.0,2026-08-19 23:59:59.999000+00:00,1
2026-08-20 00:00:00+00:00,0.3469,0.3518,0.3412,0.3417,1220898.0,2026-08-20 03:59:59.999000+00:00,1
2026-08-20 04:00:00+00:00,0.3416,0.3473,0.3411,0.3432,1137804.0,2026-08-20 07:59:59.999000+00:00,1
2026-08-20 08:00:00+00:00,0.3432,0.3566,0.3423,0.3531,2465681.0,2026-08-20 11:59:59.999000+00:00,1
2026-08-20 12:00:00+00:00,0.353,0.3577,0.3467,0.3567,2023182.0,2026-08-20 15:59:59.999000+00:00,1
2026-08-20 16:00:00+00:00,0.3568,0.362,0.3458,0.347,2117105.0,2026-08-20 19:59:59.999000+00:00,1
2026-08-20 20:00:00+00:00,0.347,0.3573,0.3461,0.3555,1162008.0,2026-08-20 23:59:59.999000+00:00,1
2026-08-21 00:00:00+00:00,0.3554,0.3691,0.3525,0.3635,2073537.0,2026-08-21 03:59:59.999000+00:00,1
2026-08-21 04:00:00+00:00,0.3636,0.3754,0.362,0.3738,1505394.0,2026-08-21 07:59:59.999000+00:00,1
2026-08-21 08:00:00+00:00,0.3739,0.382,0.3669,0.3723,3962422.0,2026-08-21 11:59:59.999000+00:00,1
2026-08-21 12:00:00+00:00,0.3722,0.4004,0.3711,0.3992,4839715.0,2026-08-21 15:59:59.999000+00:00,1
2026-08-21 16:00:00+00:00,0.3993,0.4063,0.3734,0.379,5199278.0,2026-08-21 19:59:59.999000+00:00,1
2026-08-21 20:00:00+00:00,0.379,0.4028,0.3775,0.3969,2333072.0,2026-08-21 23:59:59.999000+00:00,1
2026-08-22 00:00:00+00:00,0.397,0.4251,0.3925,0.4195,4441629.0,2026-08-22 03:59:59.999000+00:00,1
2026-08-22 04:00:00+00:00,0.4196,0.4284,0.3133,0.3839,10068658.0,2026-08-22 07:59:59.999000+00:00,1
2026-08-22 08:00:00+00:00,0.3839,0.3842,0.3599,0.3703,3636587.0,2026-08-22 11:59:59.999000+00:00,1
2026-08-22 12:00:00+00:00,0.3704,0.3749,0.363,0.3678,1930913.0,2026-08-22 15:59:59.999000+00:00,1
2026-08-22 16:00:00+00:00,0.3677,0.3764,0.3662,0.3734,986288.0,2026-08-22 19:59:59.999000+00:00,1
2026-08-22 20:00:00+00:00,0.3734,0.3776,0.3619,0.3632,1441721.0,2026-08-22 23:59:59.999000+00:00,1
2026-08-23 00:00:00+00:00,0.3633,0.3701,0.3524,0.3554,2075400.0,2026-08-23 03:59:59.999000+00:00,1
2026-08-23 04:00:00+00:00,0.3554,0.3592,0.3475,0.357,1864015.0,2026-08-23 07:59:59.999000+00:00,1
2026-08-23 08:00:00+00:00,0.357,0.375,0.3558,0.37,1835158.0,2026-08-23 11:59:59.999000+00:00,1
2026-08-23 12:00:00+00:00,0.37,0.3893,0.3678,0.3842,3325734.0,2026-08-23 15:59:59.999000+00:00,1
2026-08-23 16:00:00+00:00,0.3843,0.3919,0.3783,0.381,2342813.0,2026-08-23 19:59:59.999000+00:00,1
2026-08-23 20:00:00+00:00,0.3811,0.389,0.3786,0.3828,1201613.0,2026-08-23 23:59:59.999000+00:00,1
2026-08-24 00:00:00+00:00,0.3828,0.383,0.3657,0.3695,2120117.0,2026-08-24 03:59:59.999000+00:00,1
2026-08-24 04:00:00+00:00,0.3695,0.3757,0.3693,0.3729,1227366.0,2026-08-24 07:59:59.999000+00:00,1
2026-08-24 08:00:00+00:00,0.373,0.3829,0.3671,0.3807,1918802.0,2026-08-24 11:59:59.999000+00:00,1
2026-08-24 12:00:00+00:00,0.3808,0.3885,0.3736,0.3766,3431834.0,2026-08-24 15:59:59.999000+00:00,1
2026-08-24 16:00:00+00:00,0.3766,0.3857,0.3722,0.3819,1800317.0,2026-08-24 19:59:59.999000+00:00,1
2026-08-24 20:00:00+00:00,0.382,0.388,0.3794,0.3818,951940.0,2026-08-24 23:59:59.999000+00:00,1
2026-08-25 00:00:00+00:00,0.3818,0.3994,0.3791,0.3916,2187082.0,2026-08-25 03:59:59.999000+00:00,1
2026-08-25 04:00:00+00:00,0.3916,0.396,0.3785,0.3819,1749751.0,2026-08-25 07:59:59.999000+00:00,1
2026-08-25 08:00:00+00:00,0.3819,0.3869,0.3768,0.3777,1277771.0,2026-08-25 11:59:59.999000+00:00,1
2026-08-25 12:00:00+00:00,0.3778,0.3796,0.367,0.3731,2100869.0,2026-08-25 15:59:59.999000+00:00,1
2026-08-25 16:00:00+00:00,0.3731,0.374,0.3679,0.3688,491077.0,2026-08-25 19:59:59.999000+00:00,1
2026-08-25 20:00:00+00:00,0.3688,0.3694,0.3559,0.3636,1401574.0,2026-08-25 23:59:59.999000+00:00,1
2026-08-26 00:00:00+00:00,0.3636,0.3697,0.3607,0.3667,813539.0,2026-08-26 03:59:59.999000+00:00,1
2026-08-26 04:00:00+00:00,0.3666,0.3702,0.3639,0.3664,689678.0,2026-08-26 07:59:59.999000+00:00,1
2026-08-26 08:00:00+00:00,0.3663,0.3706,0.3608,0.3654,743208.0,2026-08-26 11:59:59.999000+00:00,1
2026-08-26 12:00:00+00:00,0.3655,0.3699,0.3548,0.3586,1581277.0,2026-08-26 15:59:59.999000+00:00,1
2026-08-26 16:00:00+00:00,0.3587,0.3645,0.356,0.3642,642270.0,2026-08-26 19:59:59.999000+00:00,1
2026-08-26 20:00:00+00:00,0.364,0.3754,0.3596,0.3744,829650.0,2026-08-26 23:59:59.999000+00:00,1
2026-08-27 00:00:00+00:00,0.3744,0.3765,0.3683,0.3702,665519.0,2026-08-27 03:59:59.999000+00:00,1
2026-08-27 04:00:00+00:00,0.3701,0.3729,0.3659,0.3724,512273.0,2026-08-27 07:59:59.999000+00:00,1
2026-08-27 08:00:00+00:00,0.3725,0.3808,0.3695,0.3725,1452802.0,2026-08-27 11:59:59.999000+00:00,1
2026-08-27 12:00:00+00:00,0.3725,0.3795,0.3712,0.3784,1151794.0,2026-08-27 15:59:59.999000+00:00,1
2026-08-27 16:00:00+00:00,0.3784,0.3841,0.3732,0.3749,1008894.0,2026-08-27 19:59:59.999000+00:00,1
2026-08-27 20:00:00+00:00,0.3749,0.3825,0.3732,0.3769,743095.0,2026-08-27 23:59:59.999000+00:00,1
2026-08-28 00:00:00+00:00,0.3769,0.3867,0.3681,0.37,1594708.0,2026-08-28 03:59:59.999000+00:00,1
2026-08-28 04:00:00+00:00,0.37,0.3727,0.3668,0.3679,652891.0,2026-08-28 07:59:59.999000+00:00,1
2026-08-28 08:00:00+00:00,0.368,0.3708,0.3633,0.3674,861336.0,2026-08-28 11:59:59.999000+00:00,1
2026-08-28 12:00:00+00:00,0.3675,0.3723,0.359,0.3608,1874444.0,2026-08-28 15:59:59.999000+00:00,1
2026-08-28 16:00:00+00:00,0.3606,0.3616,0.3498,0.3526,1862795.0,2026-08-28 19:59:59.999000+00:00,1
2026-08-28 20:00:00+00:00,0.3526,0.3561,0.351,0.3558,404750.0,2026-08-28 23:59:59.999000+00:00,1
2026-08-29 00:00:00+00:00,0.3559,0.3569,0.3496,0.3498,631588.0,2026-08-29 03:59:59.999000+00:00,1
2026-08-29 04:00:00+00:00,0.3499,0.352,0.3478,0.3485,820926.0,2026-08-29 07:59:59.999000+00:00,1
2026-08-29 08:00:00+00:00,0.3484,0.3507,0.3468,0.3495,576494.0,2026-08-29 11:59:59.999000+00:00,1
2026-08-29 12:00:00+00:00,0.3494,0.3553,0.349,0.3534,697368.0,2026-08-29 15:59:59.999000+00:00,1
2026-08-29 16:00:00+00:00,0.3533,0.3551,0.3499,0.3529,404950.0,2026-08-29 19:59:59.999000+00:00,1
2026-08-29 20:00:00+00:00,0.3529,0.3544,0.3511,0.3528,264709.0,2026-08-29 23:59:59.999000+00:00,1
2026-08-30 00:00:00+00:00,0.3527,0.3539,0.3493,0.3504,460351.0,2026-08-30 03:59:59.999000+00:00,1
2026-08-30 04:00:00+00:00,0.3504,0.3577,0.3498,0.3547,439803.0,2026-08-30 07:59:59.999000+00:00,1
2026-08-30 08:00:00+00:00,0.3548,0.3557,0.3517,0.3556,334683.0,2026-08-30 11:59:59.999000+00:00,1
2026-08-30 12:00:00+00:00,0.3556,0.3625,0.3552,0.3583,627127.0,2026-08-30 15:59:59.999000+00:00,1
2026-08-30 16:00:00+00:00,0.3583,0.3634,0.3572,0.3577,647216.0,2026-08-30 19:59:59.999000+00:00,1
2026-08-30 20:00:00+00:00,0.3578,0.3591,0.3377,0.3435,2207838.0,2026-08-30 23:59:59.999000+00:00,1
2026-08-31 00:00:00+00:00,0.3435,0.3476,0.3408,0.3453,891735.0,2026-08-31 03:59:59.999000+00:00,1
2026-08-31 04:00:00+00:00,0.3454,0.3496,0.3422,0.3481,598866.0,2026-08-31 07:59:59.999000+00:00,1
2026-08-31 08:00:00+00:00,0.348,0.3497,0.3449,0.346,652418.0,2026-08-31 11:59:59.999000+00:00,1
2026-08-31 12:00:00+00:00,0.346,0.3481,0.3414,0.3436,1034894.0,2026-08-31 15:59:59.999000+00:00,1
2026-08-31 16:00:00+00:00,0.3436,0.3491,0.342,0.3465,496866.0,2026-08-31 19:59:59.999000+00:00,1
2026-08-31 20:00:00+00:00,0.3465,0.3493,0.344,0.3458,331794.0,2026-08-31 23:59:59.999000+00:00,1
2026-09-01 00:00:00+00:00,0.3457,0.3504,0.3445,0.3487,586655.0,2026-09-01 03:59:59.999000+00:00,1
2026-09-01 04:00:00+00:00,0.3487,0.3544,0.3477,0.3499,716281.0,2026-09-01 07:59:59.999000+00:00,1
2026-09-01 08:00:00+00:00,0.3499,0.3511,0.3435,0.349,886023.0,2026-09-01 11:59:59.999000+00:00,1
2026-09-01 12:00:00+00:00,0.3491,0.3495,0.3416,0.3462,1503172.0,2026-09-01 15:59:59.999000+00:00,1
2026-09-01 16:00:00+00:00,0.3462,0.3463,0.3368,0.3422,1058805.0,2026-09-01 19:59:59.999000+00:00,1
2026-09-01 20:00:00+00:00,0.3422,0.3433,0.3378,0.3403,504143.0,2026-09-01 23:59:59.999000+00:00,1
2026-09-02 00:00:00+00:00,0.3403,0.3439,0.3353,0.3424,732635.0,2026-09-02 03:59:59.999000+00:00,1
2026-09-02 04:00:00+00:00,0.3424,0.345,0.3406,0.3425,484853.0,2026-09-02 07:59:59.999000+00:00,1
2026-09-02 08:00:00+00:00,0.3425,0.3444,0.3366,0.3416,921919.0,2026-09-02 11:59:59.999000+00:00,1
2026-09-02 12:00:00+00:00,0.3416,0.3451,0.3386,0.3409,934902.0,2026-09-02 15:59:59.999000+00:00,1
2026-09-02 16:00:00+00:00,0.341,0.3428,0.3379,0.3418,448462.0,2026-09-02 19:59:59.999000+00:00,1
2026-09-02 20:00:00+00:00,0.3418,0.3485,0.3418,0.3482,603011.0,2026-09-02 23:59:59.999000+00:00,1
2026-09-03 00:00:00+00:00,0.3481,0.3548,0.3451,0.3494,1059659.0,2026-09-03 03:59:59.999000+00:00,1
2026-09-03 04:00:00+00:00,0.3494,0.3543,0.3471,0.3511,679073.0,2026-09-03 07:59:59.999000+00:00,1
2026-09-03 08:00:00+00:00,0.3511,0.3572,0.3501,0.3548,877873.0,2026-09-03 11:59:59.999000+00:00,1
2026-09-03 12:00:00+00:00,0.3548,0.3718,0.3534,0.371,1571577.0,2026-09-03 15:59:59.999000+00:00,1
2026-09-03 16:00:00+00:00,0.371,0.3715,0.3653,0.3671,772524.0,2026-09-03 19:59:59.999000+00:00,1
2026-09-03 20:00:00+00:00,0.3671,0.369,0.3609,0.363,706519.0,2026-09-03 23:59:59.999000+00:00,1
2026-09-04 00:00:00+00:00,0.363,0.3653,0.3594,0.3631,873809.0,2026-09-04 03:59:59.999000+00:00,1
2026-09-04 04:00:00+00:00,0.3631,0.366,0.3581,0.3609,989155.0,2026-09-04 07:59:59.999000+00:00,1
2026-09-04 08:00:00+00:00,0.361,0.3695,0.3601,0.3668,1258360.0,2026-09-04 11:59:59.999000+00:00,1
2026-09-04 12:00:00+00:00,0.3668,0.3676,0.349,0.3534,3400962.0,2026-09-04 15:59:59.999000+00:00,1
2026-09-04 16:00:00+00:00,0.3534,0.3604,0.3523,0.3579,730602.0,2026-09-04 19:59:59.999000+00:00,1
2026-09-04 20:00:00+00:00,0.358,0.3588,0.3543,0.3575,418775.0,2026-09-04 23:59:59.999000+00:00,1
2026-09-05 00:00:00+00:00,0.3575,0.3699,0.357,0.3673,1310713.0,2026-09-05 03:59:59.999000+00:00,1
2026-09-05 04:00:00+00:00,0.3674,0.3765,0.3658,0.3696,1261483.0,2026-09-05 07:59:59.999000+00:00,1
2026-09-05 08:00:00+00:00,0.3696,0.3705,0.3668,0.3694,631221.0,2026-09-05 11:59:59.999000+00:00,1
2026-09-05 12:00:00+00:00,0.3694,0.3733,0.3677,0.3688,694439.0,2026-09-05 15:59:59.999000+00:00,1
2026-09-05 16:00:00+00:00,0.3687,0.3713,0.3671,0.369,775227.0,2026-09-05 19:59:59.999000+00:00,1
2026-09-05 20:00:00+00:00,0.3691,0.374,0.3683,0.3701,639538.0,2026-09-05 23:59:59.999000+00:00,1
2026-09-06 00:00:00+00:00,0.3701,0.38,0.3699,0.3765,1129228.0,2026-09-06 03:59:59.999000+00:00,1
2026-09-06 04:00:00+00:00,0.3766,0.3778,0.3712,0.3757,1088753.0,2026-09-06 07:59:59.999000+00:00,1
2026-09-06 08:00:00+00:00,0.3757,0.3812,0.3727,0.3798,939983.0,2026-09-06 11:59:59.999000+00:00,1
2026-09-06 12:00:00+00:00,0.3799,0.382,0.37,0.3743,1426372.0,2026-09-06 15:59:59.999000+00:00,1
2026-09-06 16:00:00+00:00,0.3743,0.38,0.3736,0.3775,513777.0,2026-09-06 19:59:59.999000+00:00,1
2026-09-06 20:00:00+00:00,0.3775,0.3885,0.3769,0.3875,982790.0,2026-09-06 23:59:59.999000+00:00,1
2026-09-07 00:00:00+00:00,0.3875,0.3954,0.3786,0.381,2279757.0,2026-09-07 03:59:59.999000+00:00,1
2026-09-07 04:00:00+00:00,0.3811,0.3894,0.3774,0.3819,1848275.0,2026-09-07 07:59:59.999000+00:00,1
2026-09-07 08:00:00+00:00,0.3819,0.3952,0.3817,0.3847,1865687.0,2026-09-07 11:59:59.999000+00:00,1
2026-09-07 12:00:00+00:00,0.3847,0.3936,0.3743,0.3782,2611973.0,2026-09-07 15:59:59.999000+00:00,1
2026-09-07 16:00:00+00:00,0.3782,0.3913,0.3778,0.3872,1454513.0,2026-09-07 19:59:59.999000+00:00,1
2026-09-07 20:00:00+00:00,0.3871,0.3875,0.3782,0.3837,829562.0,2026-09-07 23:59:59.999000+00:00,1
2026-09-08 00:00:00+00:00,0.3837,0.3905,0.3766,0.3792,1209051.0,2026-09-08 03:59:59.999000+00:00,1
2026-09-08 04:00:00+00:00,0.3792,0.3801,0.3723,0.3758,1445991.0,2026-09-08 07:59:59.999000+00:00,1
2026-09-08 08:00:00+00:00,0.3758,0.3835,0.3732,0.3765,1282324.0,2026-09-08 11:59:59.999000+00:00,1
2026-09-08 12:00:00+00:00,0.3765,0.3858,0.3685,0.3856,1964719.0,2026-09-08 15:59:59.999000+00:00,1
2026-09-08 16:00:00+00:00,0.3856,0.3858,0.3735,0.3758,1147632.0,2026-09-08 19:59:59.999000+00:00,1
2026-09-08 20:00:00+00:00,0.3758,0.3799,0.3736,0.3745,521608.0,2026-09-08 23:59:59.999000+00:00,1
2026-09-09 00:00:00+00:00,0.3745,0.3772,0.3696,0.3701,936205.0,2026-09-09 03:59:59.999000+00:00,1
2026-09-09 04:00:00+00:00,0.37,0.3802,0.37,0.3788,1042031.0,2026-09-09 07:59:59.999000+00:00,1
2026-09-09 08:00:00+00:00,0.3789,0.381,0.3722,0.3775,909723.0,2026-09-09 11:59:59.999000+00:00,1
2026-09-09 12:00:00+00:00,0.3775,0.3799,0.3637,0.3687,1840249.0,2026-09-09 15:59:59.999000+00:00,1
2026-09-09 16:00:00+00:00,0.3686,0.3722,0.3645,0.3647,933908.0,2026-09-09 19:59:59.999000+00:00,1
2026-09-09 20:00:00+00:00,0.3647,0.3671,0.353,0.3593,1815089.0,2026-09-09 23:59:59.999000+00:00,1
2026-09-10 00:00:00+00:00,0.3593,0.3608,0.3533,0.3591,1097811.0,2026-09-10 03:59:59.999000+00:00,1
2026-09-10 04:00:00+00:00,0.3591,0.3612,0.3523,0.3536,795588.0,2026-09-10 07:59:59.999000+00:00,1
2026-09-10 08:00:00+00:00,0.3535,0.3549,0.3514,0.3524,763742.0,2026-09-10 11:59:59.999000+00:00,1
2026-09-10 12:00:00+00:00,0.3523,0.3535,0.3442,0.3482,1780848.0,2026-09-10 15:59:59.999000+00:00,1
2026-09-10 16:00:00+00:00,0.3482,0.3512,0.3426,0.3467,891674.0,2026-09-10 19:59:59.999000+00:00,1
2026-09-10 20:00:00+00:00,0.3468,0.3493,0.3417,0.3422,1209183.0,2026-09-10 23:59:59.999000+00:00,1
2026-09-11 00:00:00+00:00,0.3423,0.3481,0.3423,0.3474,641378.0,2026-09-11 03:59:59.999000+00:00,1
2026-09-11 04:00:00+00:00,0.3474,0.3521,0.347,0.3491,609497.0,2026-09-11 07:59:59.999000+00:00,1
2026-09-11 08:00:00+00:00,0.3491,0.3522,0.3436,0.3471,668065.0,2026-09-11 11:59:59.999000+00:00,1
2026-09-11 12:00:00+00:00,0.347,0.3689,0.3423,0.3555,3499997.0,2026-09-11 15:59:59.999000+00:00,1
2026-09-11 16:00:00+00:00,0.3555,0.36,0.3488,0.3524,1103672.0,2026-09-11 19:59:59.999000+00:00,1
2026-09-11 20:00:00+00:00,0.3523,0.3545,0.346,0.3505,765603.0,2026-09-11 23:59:59.999000+00:00,1
2026-09-12 00:00:00+00:00,0.3505,0.3519,0.3493,0.3501,454745.0,2026-09-12 03:59:59.999000+00:00,1
2026-09-12 04:00:00+00:00,0.3502,0.3519,0.3484,0.3515,357385.0,2026-09-12 07:59:59.999000+00:00,1
2026-09-12 08:00:00+00:00,0.3516,0.3539,0.3503,0.3524,528212.0,2026-09-12 11:59:59.999000+00:00,1
2026-09-12 12:00:00+00:00,0.3524,0.3534,0.3493,0.353,722746.0,2026-09-12 15:59:59.999000+00:00,1
2026-09-12 16:00:00+00:00,0.353,0.3531,0.3465,0.3475,1032293.0,2026-09-12 19:59:59.999000+00:00,1
2026-09-12 20:00:00+00:00,0.3475,0.3489,0.3472,0.3485,306210.0,2026-09-12 23:59:59.999000+00:00,1
2026-09-13 00:00:00+00:00,0.3484,0.3502,0.3464,0.3466,1424754.0,2026-09-13 03:59:59.999000+00:00,1
2026-09-13 04:00:00+00:00,0.3465,0.3479,0.3443,0.3452,504515.0,2026-09-13 07:59:59.999000+00:00,1
2026-09-13 08:00:00+00:00,0.3451,0.3455,0.3408,0.3438,699304.0,2026-09-13 11:59:59.999000+00:00,1
2026-09-13 12:00:00+00:00,0.3437,0.3489,0.3418,0.3445,676716.0,2026-09-13 15:59:59.999000+00:00,1
2026-09-13 16:00:00+00:00,0.3444,0.3527,0.3444,0.3498,500937.0,2026-09-13 19:59:59.999000+00:00,1
2026-09-13 20:00:00+00:00,0.3498,0.3515,0.3416,0.3424,819556.0,2026-09-13 23:59:59.999000+00:00,1
2026-09-14 00:00:00+00:00,0.3423,0.3541,0.3381,0.3527,1272699.0,2026-09-14 03:59:59.999000+00:00,1
2026-09-14 04:00:00+00:00,0.3526,0.3579,0.3506,0.3556,983282.0,2026-09-14 07:59:59.999000+00:00,1
2026-09-14 08:00:00+00:00,0.3556,0.3584,0.3522,0.3539,1258364.0,2026-09-14 11:59:59.999000+00:00,1
2026-09-14 12:00:00+00:00,0.3539,0.3553,0.3481,0.3518,1317848.0,2026-09-14 15:59:59.999000+00:00,1
2026-09-14 16:00:00+00:00,0.3518,0.3607,0.3512,0.3588,924236.0,2026-09-14 19:59:59.999000+00:00,1
2026-09-14 20:00:00+00:00,0.3588,0.3649,0.3536,0.3544,1027616.0,2026-09-14 23:59:59.999000+00:00,1
2026-09-15 00:00:00+00:00,0.3543,0.3548,0.3505,0.3519,650162.0,2026-09-15 03:59:59.999000+00:00,1
2026-09-15 04:00:00+00:00,0.3519,0.3535,0.3457,0.3465,678124.0,2026-09-15 07:59:59.999000+00:00,1
2026-09-15 08:00:00+00:00,0.3465,0.3496,0.3452,0.347,607564.0,2026-09-15 11:59:59.999000+00:00,1
2026-09-15 12:00:00+00:00,0.347,0.3526,0.3366,0.3426,1997281.0,2026-09-15 15:59:59.999000+00:00,1
2026-09-15 16:00:00+00:00,0.3427,0.3467,0.3272,0.3346,2323449.0,2026-09-15 19:59:59.999000+00:00,1
2026-09-15 20:00:00+00:00,0.3345,0.3353,0.3252,0.3279,1112019.0,2026-09-15 23:59:59.999000+00:00,1
2026-09-16 00:00:00+00:00,0.328,0.3295,0.3226,0.3279,1234380.0,2026-09-16 03:59:59.999000+00:00,1
2026-09-16 04:00:00+00:00,0.3278,0.3305,0.3257,0.3258,829106.0,2026-09-16 07:59:59.999000+00:00,1
2026-09-16 08:00:00+00:00,0.3258,0.3298,0.3236,0.3288,894850.0,2026-09-16 11:59:59.999000+00:00,1
2026-09-16 12:00:00+00:00,0.3288,0.3333,0.3237,0.3275,1833503.0,2026-09-16 15:59:59.999000+00:00,1
2026-09-16 16:00:00+00:00,0.3275,0.341,0.3266,0.338,2922287.0,2026-09-16 19:59:59.999000+00:00,1
2026-09-16 20:00:00+00:00,0.3379,0.349,0.3357,0.3473,1238184.0,2026-09-16 23:59:59.999000+00:00,1
2026-09-17 00:00:00+00:00,0.3472,0.3561,0.3469,0.3504,1747340.0,2026-09-17 03:59:59.999000+00:00,1
2026-09-17 04:00:00+00:00,0.3504,0.3546,0.3463,0.3519,918418.0,2026-09-17 07:59:59.999000+00:00,1
2026-09-17 08:00:00+00:00,0.352,0.3548,0.3475,0.35,782680.0,2026-09-17 11:59:59.999000+00:00,1
2026-09-17 12:00:00+00:00,0.3501,0.3791,0.3495,0.3727,5485708.0,2026-09-17 15:59:59.999000+00:00,1
2026-09-17 16:00:00+00:00,0.3726,0.3792,0.3674,0.3742,1671040.0,2026-09-17 19:59:59.999000+00:00,1
2026-09-17 20:00:00+00:00,0.3742,0.3758,0.3667,0.3723,951900.0,2026-09-17 23:59:59.999000+00:00,1
2026-09-18 00:00:00+00:00,0.3723,0.3964,0.3723,0.3888,3040533.0,2026-09-18 03:59:59.999000+00:00,1
2026-09-18 04:00:00+00:00,0.3889,0.3913,0.3794,0.3845,1999012.0,2026-09-18 07:59:59.999000+00:00,1
2026-09-18 08:00:00+00:00,0.3845,0.3939,0.3827,0.391,2174331.0,2026-09-18 11:59:59.999000+00:00,1
2026-09-18 12:00:00+00:00,0.391,0.4023,0.3891,0.3965,3405441.0,2026-09-18 15:59:59.999000+00:00,1
2026-09-18 16:00:00+00:00,0.3966,0.4029,0.3949,0.3982,1515824.0,2026-09-18 19:59:59.999000+00:00,1
2026-09-18 20:00:00+00:00,0.3983,0.4028,0.3937,0.3986,1144998.0,2026-09-18 23:59:59.999000+00:00,1
2026-09-19 00:00:00+00:00,0.3987,0.4153,0.3948,0.4077,2742904.0,2026-09-19 03:59:59.999000+00:00,1
2026-09-19 04:00:00+00:00,0.4076,0.4108,0.3928,0.3946,1933386.0,2026-09-19 07:59:59.999000+00:00,1
2026-09-19 08:00:00+00:00,0.3947,0.4158,0.3936,0.4094,1926364.0,2026-09-19 11:59:59.999000+00:00,1
2026-09-19 12:00:00+00:00,0.4095,0.4435,0.409,0.4348,5177271.0,2026-09-19 15:59:59.999000+00:00,1
2026-09-19 16:00:00+00:00,0.4349,0.4406,0.4234,0.4247,2769026.0,2026-09-19 19:59:59.999000+00:00,1
2026-09-19 20:00:00+00:00,0.4248,0.4268,0.4112,0.4202,1826536.0,2026-09-19 23:59:59.999000+00:00,1
2026-09-20 00:00:00+00:00,0.4203,0.423,0.4011,0.4067,3474660.0,2026-09-20 03:59:59.999000+00:00,1
2026-09-20 04:00:00+00:00,0.4067,0.4115,0.4044,0.4076,1146823.0,2026-09-20 07:59:59.999000+00:00,1
2026-09-20 08:00:00+00:00,0.4076,0.4153,0.4039,0.4131,2021562.0,2026-09-20 11:59:59.999000+00:00,1
2026-09-20 12:00:00+00:00,0.4131,0.4172,0.4053,0.4167,1658943.0,2026-09-20 15:59:59.999000+00:00,1
2026-09-20 16:00:00+00:00,0.4167,0.4342,0.4149,0.4276,3312339.0,2026-09-20 19:59:59.999000+00:00,1
2026-09-20 20:00:00+00:00,0.4276,0.4396,0.4202,0.4326,1974391.0,2026-09-20 23:59:59.999000+00:00,1
2026-09-21 00:00:00+00:00,0.4326,0.4463,0.4215,0.4302,3475561.0,2026-09-21 03:59:59.999000+00:00,1
2026-09-21 04:00:00+00:00,0.4302,0.4386,0.4236,0.4319,1799293.0,2026-09-21 07:59:59.999000+00:00,1
2026-09-21 08:00:00+00:00,0.4319,0.457,0.4314,0.4515,3933547.0,2026-09-21 11:59:59.999000+00:00,1
2026-09-21 12:00:00+00:00,0.4515,0.4585,0.4373,0.4435,4152709.0,2026-09-21 15:59:59.999000+00:00,1
2026-09-21 16:00:00+00:00,0.4435,0.4533,0.4356,0.4441,2097131.0,2026-09-21 19:59:59.999000+00:00,1
2026-09-21 20:00:00+00:00,0.4441,0.4627,0.4434,0.4577,2055534.0,2026-09-21 23:59:59.999000+00:00,1
2026-09-22 00:00:00+00:00,0.4578,0.4639,0.4379,0.4409,1228296.0,2026-09-22 03:59:59.999000+00:00,0
