ts,open,high,low,close,volume,close_time,confirm
2026-03-20 12:00:00+00:00,3.427e-06,3.445e-06,3.383e-06,3.436e-06,879394.3,2026-03-20 15:59:59.999000+00:00,1
2026-03-20 16:00:00+00:00,3.436e-06,3.448e-06,3.365e-06,3.404e-06,618727.0,2026-03-20 19:59:59.999000+00:00,1
2026-03-20 20:00:00+00:00,3.403e-06,3.451e-06,3.379e-06,3.413e-06,344016.8,2026-03-20 23:59:59.999000+00:00,1
2026-03-21 00:00:00+00:00,3.413e-06,3.437e-06,3.407e-06,3.432e-06,253824.3,2026-03-21 03:59:59.999000+00:00,1
2026-03-21 04:00:00+00:00,3.433e-06,3.458e-06,3.418e-06,3.424e-06,354519.4,2026-03-21 07:59:59.999000+00:00,1
2026-03-21 08:00:00+00:00,3.424e-06,3.435e-06,3.402e-06,3.411e-06,296870.7,2026-03-21 11:59:59.999000+00:00,1
2026-03-21 12:00:00+00:00,3.412e-06,3.447e-06,3.402e-06,3.446e-06,358138.1,2026-03-21 15:59:59.999000+00:00,1
2026-03-21 16:00:00+00:00,3.447e-06,3.447e-06,3.4e-06,3.406e-06,233708.4,2026-03-21 19:59:59.999000+00:00,1
2026-03-21 20:00:00+00:00,3.405e-06,3.442e-06,3.278e-06,3.311e-06,1003909.3,2026-03-21 23:59:59.999000+00:00,1
2026-03-22 00:00:00+00:00,3.31e-06,3.377e-06,3.249e-06,3.344e-06,1135600.9,2026-03-22 03:59:59.999000+00:00,1
2026-03-22 04:00:00+00:00,3.344e-06,3.364e-06,3.316e-06,3.317e-06,393368.6,2026-03-22 07:59:59.999000+00:00,1
2026-03-22 08:00:00+00:00,3.317e-06,3.325e-06,3.284e-06,3.289e-06,505094.7,2026-03-22 11:59:59.999000+00:00,1
2026-03-22 12:00:00+00:00,3.289e-06,3.334e-06,3.287e-06,3.307e-06,420912.6,2026-03-22 15:59:59.999000+00:00,1
2026-03-22 16:00:00+00:00,3.306e-06,3.312e-06,3.253e-06,3.268e-06,469143.0,2026-03-22 19:59:59.999000+00:00,1
2026-03-22 20:00:00+00:00,3.268e-06,3.306e-06,3.216e-06,3.274e-06,684052.9,2026-03-22 23:59:59.999000+00:00,1
2026-03-23 00:00:00+00:00,3.274e-06,3.346e-06,3.26e-06,3.314e-06,498586.4,2026-03-23 03:59:59.999000+00:00,1
2026-03-23 04:00:00+00:00,3.315e-06,3.35e-06,3.267e-06,3.278e-06,699556.9,2026-03-23 07:59:59.999000+00:00,1
2026-03-23 08:00:00+00:00,3.278e-06,3.484e-06,3.239e-06,3.376e-06,3389992.5,2026-03-23 11:59:59.999000+00:00,1
2026-03-23 12:00:00+00:00,3.376e-06,3.567e-06,3.354e-06,3.45e-06,2233649.9,2026-03-23 15:59:59.999000+00:00,1
2026-03-23 16:00:00+00:00,3.449e-06,3.541e-06,3.401e-06,3.493e-06,932488.3,2026-03-23 19:59:59.999000+00:00,1
2026-03-23 20:00:00+00:00,3.493e-06,3.525e-06,3.424e-06,3.453e-06,385545.7,2026-03-23 23:59:59.999000+00:00,1
2026-03-24 00:00:00+00:00,3.454e-06,3.465e-06,3.381e-06,3.427e-06,625277.4,2026-03-24 03:59:59.999000+00:00,1
2026-03-24 04:00:00+00:00,3.426e-06,3.491e-06,3.393e-06,3.482e-06,638312.4,2026-03-24 07:59:59.999000+00:00,1
2026-03-24 08:00:00+00:00,3.481e-06,3.488e-06,3.4e-06,3.418e-06,702584.5,2026-03-24 11:59:59.999000+00:00,1
2026-03-24 12:00:00+00:00,3.419e-06,3.439e-06,3.374e-06,3.414e-06,1085054.3,2026-03-24 15:59:59.999000+00:00,1
2026-03-24 16:00:00+00:00,3.413e-06,3.439e-06,3.375e-06,3.423e-06,464510.2,2026-03-24 19:59:59.999000+00:00,1
2026-03-24 20:00:00+00:00,3.422e-06,3.537e-06,3.42e-06,3.531e-06,604956.0,2026-03-24 23:59:59.999000+00:00,1
2026-03-25 00:00:00+00:00,3.532e-06,3.552e-06,3.485e-06,3.527e-06,589208.0,2026-03-25 03:59:59.999000+00:00,1
2026-03-25 04:00:00+00:00,3.526e-06,3.615e-06,3.514e-06,3.572e-06,861358.2,2026-03-25 07:59:59.999000+00:00,1
2026-03-25 08:00:00+00:00,3.572e-06,3.599e-06,3.528e-06,3.554e-06,674210.3,2026-03-25 11:59:59.999000+00:00,1
2026-03-25 12:00:00+00:00,3.554e-06,3.602e-06,3.492e-06,3.514e-06,983541.4,2026-03-25 15:59:59.999000+00:00,1
2026-03-25 16:00:00+00:00,3.515e-06,3.56e-06,3.503e-06,3.533e-06,442776.3,2026-03-25 19:59:59.999000+00:00,1
2026-03-25 20:00:00+00:00,3.534e-06,3.549e-06,3.498e-06,3.539e-06,299010.0,2026-03-25 23:59:59.999000+00:00,1
2026-03-26 00:00:00+00:00,3.538e-06,3.544e-06,3.469e-06,3.491e-06,424007.5,2026-03-26 03:59:59.999000+00:00,1
2026-03-26 04:00:00+00:00,3.49e-06,3.49e-06,3.418e-06,3.444e-06,547506.6,2026-03-26 07:59:59.999000+00:00,1
2026-03-26 08:00:00+00:00,3.444e-06,3.446e-06,3.383e-06,3.391e-06,596596.3,2026-03-26 11:59:59.999000+00:00,1
2026-03-26 12:00:00+00:00,3.39e-06,3.439e-06,3.371e-06,3.38e-06,674486.8,2026-03-26 15:59:59.999000+00:00,1
2026-03-26 16:00:00+00:00,3.38e-06,3.395e-06,3.356e-06,3.37e-06,442475.4,2026-03-26 19:59:59.999000+00:00,1
2026-03-26 20:00:00+00:00,3.371e-06,3.445e-06,3.365e-06,3.402e-06,536536.2,2026-03-26 23:59:59.999000+00:00,1
2026-03-27 00:00:00+00:00,3.402e-06,3.437e-06,3.39e-06,3.393e-06,269295.9,2026-03-27 03:59:59.999000+00:00,1
2026-03-27 04:00:00+00:00,3.392e-06,3.407e-06,3.37e-06,3.397e-06,368463.2,2026-03-27 07:59:59.999000+00:00,1
2026-03-27 08:00:00+00:00,3.398e-06,3.408e-06,3.244e-06,3.28e-06,1375126.9,2026-03-27 11:59:59.999000+00:00,1
2026-03-27 12:00:00+00:00,3.28e-06,3.322e-06,3.249e-06,3.298e-06,712132.4,2026-03-27 15:59:59.999000+00:00,1
2026-03-27 16:00:00+00:00,3.298e-06,3.315e-06,3.259e-06,3.286e-06,414204.1,2026-03-27 19:59:59.999000+00:00,1
2026-03-27 20:00:00+00:00,3.285e-06,3.299e-06,3.255e-06,3.275e-06,223276.3,2026-03-27 23:59:59.999000+00:00,1
2026-03-28 00:00:00+00:00,3.275e-06,3.287e-06,3.251e-06,3.261e-06,267185.4,2026-03-28 03:59:59.999000+00:00,1
2026-03-28 04:00:00+00:00,3.261e-06,3.324e-06,3.251e-06,3.322e-06,300504.5,2026-03-28 07:59:59.999000+00:00,1
2026-03-28 08:00:00+00:00,3.322e-06,3.367e-06,3.307e-06,3.324e-06,437279.6,2026-03-28 11:59:59.999000+00:00,1
2026-03-28 12:00:00+00:00,3.324e-06,3.4e-06,3.306e-06,3.367e-06,699724.5,2026-03-28 15:59:59.999000+00:00,1
2026-03-28 16:00:00+00:00,3.367e-06,3.377e-06,3.332e-06,3.343e-06,311765.4,2026-03-28 19:59:59.999000+00:00,1
2026-03-28 20:00:00+00:00,3.343e-06,3.354e-06,3.268e-06,3.281e-06,346051.1,2026-03-28 23:59:59.999000+00:00,1
2026-03-29 00:00:00+00:00,3.28e-06,3.323e-06,3.264e-06,3.313e-06,327945.1,2026-03-29 03:59:59.999000+00:00,1
2026-03-29 04:00:00+00:00,3.313e-06,3.315e-06,3.287e-06,3.297e-06,245207.7,2026-03-29 07:59:59.999000+00:00,1
2026-03-29 08:00:00+00:00,3.296e-06,3.306e-06,3.268e-06,3.288e-06,345931.2,2026-03-29 11:59:59.999000+00:00,1
2026-03-29 12:00:00+00:00,3.288e-06,3.289e-06,3.232e-06,3.257e-06,660451.9,2026-03-29 15:59:59.999000+00:00,1
2026-03-29 16:00:00+00:00,3.256e-06,3.271e-06,3.241e-06,3.262e-06,214011.6,2026-03-29 19:59:59.999000+00:00,1
2026-03-29 20:00:00+00:00,3.261e-06,3.32e-06,3.162e-06,3.272e-06,976615.6,2026-03-29 23:59:59.999000+00:00,1
2026-03-30 00:00:00+00:00,3.273e-06,3.376e-06,3.271e-06,3.344e-06,808537.6,2026-03-30 03:59:59.999000+00:00,1
2026-03-30 04:00:00+00:00,3.344e-06,3.406e-06,3.344e-06,3.401e-06,554936.4,2026-03-30 07:59:59.999000+00:00,1
2026-03-30 08:00:00+00:00,3.402e-06,3.416e-06,3.335e-06,3.365e-06,581053.3,2026-03-30 11:59:59.999000+00:00,1
2026-03-30 12:00:00+00:00,3.365e-06,3.384e-06,3.326e-06,3.366e-06,540526.0,2026-03-30 15:59:59.999000+00:00,1
2026-03-30 16:00:00+00:00,3.366e-06,3.378e-06,3.287e-06,3.304e-06,512352.6,2026-03-30 19:59:59.999000+00:00,1
2026-03-30 20:00:00+00:00,3.304e-06,3.354e-06,3.299e-06,3.316e-06,272612.6,2026-03-30 23:59:59.999000+00:00,1
2026-03-31 00:00:00+00:00,3.317e-06,3.394e-06,3.305e-06,3.363e-06,490191.1,2026-03-31 03:59:59.999000+00:00,1
2026-03-31 04:00:00+00:00,3.364e-06,3.384e-06,3.345e-06,3.362e-06,303808.5,2026-03-31 07:59:59.999000+00:00,1
2026-03-31 08:00:00+00:00,3.363e-06,3.366e-06,3.275e-06,3.327e-06,694958.5,2026-03-31 11:59:59.999000+00:00,1
2026-03-31 12:00:00+00:00,3.327e-06,3.389e-06,3.307e-06,3.331e-06,779195.6,2026-03-31 15:59:59.999000+00:00,1
2026-03-31 16:00:00+00:00,3.329e-06,3.429e-06,3.325e-06,3.406e-06,721866.2,2026-03-31 19:59:59.999000+00:00,1
2026-03-31 20:00:00+00:00,3.405e-06,3.43e-06,3.357e-06,3.404e-06,322395.8,2026-03-31 23:59:59.999000+00:00,1
2026-04-01 00:00:00+00:00,3.404e-06,3.429e-06,3.36e-06,3.414e-06,510036.8,2026-04-01 03:59:59.999000+00:00,1
2026-04-01 04:00:00+00:00,3.413e-06,3.527e-06,3.397e-06,3.482e-06,925015.1,2026-04-01 07:59:59.999000+00:00,1
2026-04-01 08:00:00+00:00,3.482e-06,3.496e-06,3.409e-06,3.424e-06,618696.5,2026-04-01 11:59:59.999000+00:00,1
2026-04-01 12:00:00+00:00,3.423e-06,3.453e-06,3.383e-06,3.445e-06,817757.6,2026-04-01 15:59:59.999000+00:00,1
2026-04-01 16:00:00+00:00,3.445e-06,3.516e-06,3.409e-06,3.442e-06,713956.3,2026-04-01 19:59:59.999000+00:00,1
2026-04-01 20:00:00+00:00,3.442e-06,3.457e-06,3.388e-06,3.402e-06,349247.7,2026-04-01 23:59:59.999000+00:00,1
2026-04-02 00:00:00+00:00,3.403e-06,3.442e-06,3.275e-06,3.293e-06,1139009.7,2026-04-02 03:59:59.999000+00:00,1
2026-04-02 04:00:00+00:00,3.293e-06,3.341e-06,3.261e-06,3.325e-06,509515.1,2026-04-02 07:59:59.999000+00:00,1
2026-04-02 08:00:00+00:00,3.325e-06,3.325e-06,3.271e-06,3.291e-06,384588.1,2026-04-02 11:59:59.999000+00:00,1
2026-04-02 12:00:00+00:00,3.291e-06,3.357e-06,3.257e-06,3.326e-06,715466.7,2026-04-02 15:59:59.999000+00:00,1
2026-04-02 16:00:00+00:00,3.327e-06,3.381e-06,3.313e-06,3.336e-06,468283.0,2026-04-02 19:59:59.999000+00:00,1
2026-04-02 20:00:00+00:00,3.337e-06,3.354e-06,3.322e-06,3.331e-06,181195.2,2026-04-02 23:59:59.999000+00:00,1
2026-04-03 00:00:00+00:00,3.331e-06,3.374e-06,3.301e-06,3.37e-06,428644.5,2026-04-03 03:59:59.999000+00:00,1
2026-04-03 04:00:00+00:00,3.369e-06,3.486e-06,3.351e-06,3.454e-06,1094816.8,2026-04-03 07:59:59.999000+00:00,1
2026-04-03 08:00:00+00:00,3.453e-06,3.508e-06,3.452e-06,3.466e-06,737452.4,2026-04-03 11:59:59.999000+00:00,1
2026-04-03 12:00:00+00:00,3.466e-06,3.516e-06,3.427e-06,3.428e-06,778534.6,2026-04-03 15:59:59.999000+00:00,1
2026-04-03 16:00:00+00:00,3.427e-06,3.459e-06,3.401e-06,3.423e-06,443566.0,2026-04-03 19:59:59.999000+00:00,1
2026-04-03 20:00:00+00:00,3.424e-06,3.451e-06,3.401e-06,3.416e-06,280593.1,2026-04-03 23:59:59.999000+00:00,1
2026-04-04 00:00:00+00:00,3.416e-06,3.417e-06,3.352e-06,3.372e-06,446753.2,2026-04-04 03:59:59.999000+00:00,1
2026-04-04 04:00:00+00:00,3.372e-06,3.4e-06,3.365e-06,3.38e-06,322629.0,2026-04-04 07:59:59.999000+00:00,1
2026-04-04 08:00:00+00:00,3.38e-06,3.386e-06,3.363e-06,3.381e-06,195792.0,2026-04-04 11:59:59.999000+00:00,1
2026-04-04 12:00:00+00:00,3.381e-06,3.395e-06,3.339e-06,3.375e-06,380443.3,2026-04-04 15:59:59.999000+00:00,1
2026-04-04 16:00:00+00:00,3.375e-06,3.456e-06,3.357e-06,3.409e-06,406613.5,2026-04-04 19:59:59.999000+00:00,1
2026-04-04 20:00:00+00:00,3.409e-06,3.413e-06,3.391e-06,3.405e-06,180298.6,2026-04-04 23:59:59.999000+00:00,1
2026-04-05 00:00:00+00:00,3.404e-06,3.409e-06,3.364e-06,3.385e-06,232308.7,2026-04-05 03:59:59.999000+00:00,1
2026-04-05 04:00:00+00:00,3.385e-06,3.385e-06,3.311e-06,3.318e-06,566375.5,2026-04-05 07:59:59.999000+00:00,1
2026-04-05 08:00:00+00:00,3.318e-06,3.345e-06,3.311e-06,3.323e-06,246029.2,2026-04-05 11:59:59.999000+00:00,1
2026-04-05 12:00:00+00:00,3.323e-06,3.365e-06,3.287e-06,3.333e-06,613117.9,2026-04-05 15:59:59.999000+00:00,1
2026-04-05 16:00:00+00:00,3.333e-06,3.345e-06,3.314e-06,3.32e-06,220810.7,2026-04-05 19:59:59.999000+00:00,1
2026-04-05 20:00:00+00:00,3.32e-06,3.492e-06,3.309e-06,3.492e-06,758120.3,2026-04-05 23:59:59.999000+00:00,1
2026-04-06 00:00:00+00:00,3.493e-06,3.633e-06,3.492e-06,3.537e-06,2272631.9,2026-04-06 03:59:59.999000+00:00,1
2026-04-06 04:00:00+00:00,3.537e-06,3.557e-06,3.468e-06,3.486e-06,915656.2,2026-04-06 07:59:59.999000+00:00,1
2026-04-06 08:00:00+00:00,3.485e-06,3.545e-06,3.465e-06,3.516e-06,926544.3,2026-04-06 11:59:59.999000+00:00,1
2026-04-06 12:00:00+00:00,3.516e-06,3.54e-06,3.479e-06,3.486e-06,750829.8,2026-04-06 15:59:59.999000+00:00,1
2026-04-06 16:00:00+00:00,3.487e-06,3.51e-06,3.436e-06,3.449e-06,669373.5,2026-04-06 19:59:59.999000+00:00,1
2026-04-06 20:00:00+00:00,3.45e-06,3.458e-06,3.303e-06,3.318e-06,1003229.5,2026-04-06 23:59:59.999000+00:00,1
2026-04-07 00:00:00+00:00,3.318e-06,3.369e-06,3.31e-06,3.346e-06,611268.9,2026-04-07 03:59:59.999000+00:00,1
2026-04-07 04:00:00+00:00,3.346e-06,3.368e-06,3.331e-06,3.353e-06,282050.1,2026-04-07 07:59:59.999000+00:00,1
2026-04-07 08:00:00+00:00,3.352e-06,3.413e-06,3.338e-06,3.344e-06,643572.4,2026-04-07 11:59:59.999000+00:00,1
2026-04-07 12:00:00+00:00,3.343e-06,3.36e-06,3.314e-06,3.355e-06,805126.7,2026-04-07 15:59:59.999000+00:00,1
2026-04-07 16:00:00+00:00,3.355e-06,3.477e-06,3.339e-06,3.475e-06,980666.6,2026-04-07 19:59:59.999000+00:00,1
2026-04-07 20:00:00+00:00,3.475e-06,3.777e-06,3.469e-06,3.719e-06,2981413.3,2026-04-07 23:59:59.999000+00:00,1
2026-04-08 00:00:00+00:00,3.719e-06,3.784e-06,3.639e-06,3.704e-06,1215088.1,2026-04-08 03:59:59.999000+00:00,1
2026-04-08 04:00:00+00:00,3.704e-06,3.742e-06,3.68e-06,3.691e-06,661268.8,2026-04-08 07:59:59.999000+00:00,1
2026-04-08 08:00:00+00:00,3.691e-06,3.704e-06,3.608e-06,3.651e-06,786501.4,2026-04-08 11:59:59.999000+00:00,1
2026-04-08 12:00:00+00:00,3.65e-06,3.672e-06,3.563e-06,3.587e-06,1336417.9,2026-04-08 15:59:59.999000+00:00,1
2026-04-08 16:00:00+00:00,3.588e-06,3.605e-06,3.523e-06,3.538e-06,674147.3,2026-04-08 19:59:59.999000+00:00,1
2026-04-08 20:00:00+00:00,3.537e-06,3.584e-06,3.519e-06,3.537e-06,610762.8,2026-04-08 23:59:59.999000+00:00,1
2026-04-09 00:00:00+00:00,3.538e-06,3.549e-06,3.487e-06,3.493e-06,664954.6,2026-04-09 03:59:59.999000+00:00,1
2026-04-09 04:00:00+00:00,3.492e-06,3.492e-06,3.451e-06,3.461e-06,608293.0,2026-04-09 07:59:59.999000+00:00,1
2026-04-09 08:00:00+00:00,3.461e-06,3.479e-06,3.432e-06,3.46e-06,681783.1,2026-04-09 11:59:59.999000+00:00,1
2026-04-09 12:00:00+00:00,3.46e-06,3.537e-06,3.434e-06,3.516e-06,1065218.9,2026-04-09 15:59:59.999000+00:00,1
2026-04-09 16:00:00+00:00,3.516e-06,3.543e-06,3.45e-06,3.539e-06,1264495.6,2026-04-09 19:59:59.999000+00:00,1
2026-04-09 20:00:00+00:00,3.54e-06,3.672e-06,3.498e-06,3.514e-06,1315381.6,2026-04-09 23:59:59.999000+00:00,1
2026-04-10 00:00:00+00:00,3.514e-06,3.528e-06,3.465e-06,3.492e-06,732904.5,2026-04-10 03:59:59.999000+00:00,1
2026-04-10 04:00:00+00:00,3.491e-06,3.572e-06,3.476e-06,3.482e-06,701996.3,2026-04-10 07:59:59.999000+00:00,1
2026-04-10 08:00:00+00:00,3.482e-06,3.511e-06,3.463e-06,3.492e-06,577952.9,2026-04-10 11:59:59.999000+00:00,1
2026-04-10 12:00:00+00:00,3.492e-06,3.599e-06,3.487e-06,3.561e-06,1568815.6,2026-04-10 15:59:59.999000+00:00,1
2026-04-10 16:00:00+00:00,3.562e-06,3.701e-06,3.561e-06,3.69e-06,949228.5,2026-04-10 19:59:59.999000+00:00,1
2026-04-10 20:00:00+00:00,3.691e-06,3.697e-06,3.622e-06,3.626e-06,533318.9,2026-04-10 23:59:59.999000+00:00,1
2026-04-11 00:00:00+00:00,3.625e-06,3.636e-06,3.581e-06,3.593e-06,534671.0,2026-04-11 03:59:59.999000+00:00,1
2026-04-11 04:00:00+00:00,3.593e-06,3.613e-06,3.564e-06,3.586e-06,426074.8,2026-04-11 07:59:59.999000+00:00,1
2026-04-11 08:00:00+00:00,3.585e-06,3.611e-06,3.567e-06,3.572e-06,520036.6,2026-04-11 11:59:59.999000+00:00,1
2026-04-11 12:00:00+00:00,3.572e-06,3.606e-06,3.525e-06,3.6e-06,878421.3,2026-04-11 15:59:59.999000+00:00,1
2026-04-11 16:00:00+00:00,3.6e-06,3.767e-06,3.591e-06,3.766e-06,1274144.7,2026-04-11 19:59:59.999000+00:00,1
2026-04-11 20:00:00+00:00,3.766e-06,3.849e-06,3.623e-06,3.637e-06,1582845.3,2026-04-11 23:59:59.999000+00:00,1
2026-04-12 00:00:00+00:00,3.638e-06,3.654e-06,3.476e-06,3.484e-06,1577234.6,2026-04-12 03:59:59.999000+00:00,1
2026-04-12 04:00:00+00:00,3.483e-06,3.53e-06,3.475e-06,3.505e-06,549820.1,2026-04-12 07:59:59.999000+00:00,1
2026-04-12 08:00:00+00:00,3.504e-06,3.509e-06,3.478e-06,3.499e-06,369829.5,2026-04-12 11:59:59.999000+00:00,1
2026-04-12 12:00:00+00:00,3.498e-06,3.518e-06,3.437e-06,3.451e-06,854213.7,2026-04-12 15:59:59.999000+00:00,1
2026-04-12 16:00:00+00:00,3.451e-06,3.518e-06,3.45e-06,3.47e-06,415345.9,2026-04-12 19:59:59.999000+00:00,1
2026-04-12 20:00:00+00:00,3.471e-06,3.513e-06,3.442e-06,3.457e-06,468734.9,2026-04-12 23:59:59.999000+00:00,1
2026-04-13 00:00:00+00:00,3.457e-06,3.509e-06,3.451e-06,3.482e-06,382844.3,2026-04-13 03:59:59.999000+00:00,1
2026-04-13 04:00:00+00:00,3.482e-06,3.503e-06,3.459e-06,3.465e-06,576788.3,2026-04-13 07:59:59.999000+00:00,1
2026-04-13 08:00:00+00:00,3.465e-06,3.491e-06,3.454e-06,3.482e-06,468876.3,2026-04-13 11:59:59.999000+00:00,1
2026-04-13 12:00:00+00:00,3.483e-06,3.576e-06,3.476e-06,3.519e-06,1381879.6,2026-04-13 15:59:59.999000+00:00,1
2026-04-13 16:00:00+00:00,3.518e-06,3.64e-06,3.482e-06,3.626e-06,1020886.8,2026-04-13 19:59:59.999000+00:00,1
2026-04-13 20:00:00+00:00,3.627e-06,3.765e-06,3.572e-06,3.75e-06,1852496.9,2026-04-13 23:59:59.999000+00:00,1
2026-04-14 00:00:00+00:00,3.75e-06,3.775e-06,3.69e-06,3.701e-06,1226149.1,2026-04-14 03:59:59.999000+00:00,1
2026-04-14 04:00:00+00:00,3.701e-06,3.727e-06,3.627e-06,3.642e-06,906136.9,2026-04-14 07:59:59.999000+00:00,1
2026-04-14 08:00:00+00:00,3.642e-06,3.739e-06,3.631e-06,3.702e-06,963178.8,2026-04-14 11:59:59.999000+00:00,1
2026-04-14 12:00:00+00:00,3.702e-06,3.797e-06,3.66e-06,3.678e-06,1676966.2,2026-04-14 15:59:59.999000+00:00,1
2026-04-14 16:00:00+00:00,3.678e-06,3.707e-06,3.543e-06,3.581e-06,1185409.3,2026-04-14 19:59:59.999000+00:00,1
2026-04-14 20:00:00+00:00,3.582e-06,3.612e-06,3.558e-06,3.563e-06,447213.9,2026-04-14 23:59:59.999000+00:00,1
2026-04-15 00:00:00+00:00,3.564e-06,3.628e-06,3.562e-06,3.591e-06,460267.9,2026-04-15 03:59:59.999000+00:00,1
2026-04-15 04:00:00+00:00,3.59e-06,3.606e-06,3.521e-06,3.543e-06,541630.9,2026-04-15 07:59:59.999000+00:00,1
2026-04-15 08:00:00+00:00,3.543e-06,3.626e-06,3.538e-06,3.61e-06,590333.0,2026-04-15 11:59:59.999000+00:00,1
2026-04-15 12:00:00+00:00,3.611e-06,3.681e-06,3.586e-06,3.644e-06,820971.9,2026-04-15 15:59:59.999000+00:00,1
2026-04-15 16:00:00+00:00,3.644e-06,3.796e-06,3.639e-06,3.771e-06,1115337.8,2026-04-15 19:59:59.999000+00:00,1
2026-04-15 20:00:00+00:00,3.771e-06,3.779e-06,3.691e-06,3.719e-06,736444.3,2026-04-15 23:59:59.999000+00:00,1
2026-04-16 00:00:00+00:00,3.718e-06,4.022e-06,3.695e-06,3.969e-06,2733254.3,2026-04-16 03:59:59.999000+00:00,1
2026-04-16 04:00:00+00:00,3.968e-06,4.036e-06,3.838e-06,3.86e-06,1938524.2,2026-04-16 07:59:59.999000+00:00,1
2026-04-16 08:00:00+00:00,3.859e-06,3.862e-06,3.732e-06,3.773e-06,1726199.4,2026-04-16 11:59:59.999000+00:00,1
2026-04-16 12:00:00+00:00,3.774e-06,3.899e-06,3.714e-06,3.86e-06,2452569.1,2026-04-16 15:59:59.999000+00:00,1
2026-04-16 16:00:00+00:00,3.861e-06,4.048e-06,3.84e-06,4.033e-06,2114603.8,2026-04-16 19:59:59.999000+00:00,1
2026-04-16 20:00:00+00:00,4.032e-06,4.06e-06,3.926e-06,3.974e-06,844238.0,2026-04-16 23:59:59.999000+00:00,1
2026-04-17 00:00:00+00:00,3.975e-06,4.036e-06,3.905e-06,3.928e-06,1311504.2,2026-04-17 03:59:59.999000+00:00,1
2026-04-17 04:00:00+00:00,3.927e-06,3.944e-06,3.821e-06,3.871e-06,1048476.7,2026-04-17 07:59:59.999000+00:00,1
2026-04-17 08:00:00+00:00,3.872e-06,3.967e-06,3.863e-06,3.921e-06,1361840.4,2026-04-17 11:59:59.999000+00:00,1
2026-04-17 12:00:00+00:00,3.921e-06,4.119e-06,3.901e-06,4.027e-06,2521785.7,2026-04-17 15:59:59.999000+00:00,1
2026-04-17 16:00:00+00:00,4.027e-06,4.116e-06,4.017e-06,4.032e-06,1435112.6,2026-04-17 19:59:59.999000+00:00,1
2026-04-17 20:00:00+00:00,4.033e-06,4.052e-06,3.936e-06,3.952e-06,704321.5,2026-04-17 23:59:59.999000+00:00,1
2026-04-18 00:00:00+00:00,3.952e-06,3.979e-06,3.911e-06,3.92e-06,594891.6,2026-04-18 03:59:59.999000+00:00,1
2026-04-18 04:00:00+00:00,3.92e-06,3.968e-06,3.907e-06,3.956e-06,512016.8,2026-04-18 07:59:59.999000+00:00,1
2026-04-18 08:00:00+00:00,3.955e-06,3.958e-06,3.787e-06,3.823e-06,1399352.6,2026-04-18 11:59:59.999000+00:00,1
2026-04-18 12:00:00+00:00,3.823e-06,3.851e-06,3.791e-06,3.82e-06,788964.8,2026-04-18 15:59:59.999000+00:00,1
2026-04-18 16:00:00+00:00,3.82e-06,3.827e-06,3.749e-06,3.773e-06,794331.1,2026-04-18 19:59:59.999000+00:00,1
2026-04-18 20:00:00+00:00,3.773e-06,3.816e-06,3.765e-06,3.772e-06,282814.0,2026-04-18 23:59:59.999000+00:00,1
2026-04-19 00:00:00+00:00,3.773e-06,3.796e-06,3.731e-06,3.759e-06,560804.4,2026-04-19 03:59:59.999000+00:00,1
2026-04-19 04:00:00+00:00,3.76e-06,3.807e-06,3.711e-06,3.75e-06,890379.1,2026-04-19 07:59:59.999000+00:00,1
2026-04-19 08:00:00+00:00,3.75e-06,3.76e-06,3.706e-06,3.744e-06,616821.3,2026-04-19 11:59:59.999000+00:00,1
2026-04-19 12:00:00+00:00,3.745e-06,3.839e-06,3.715e-06,3.801e-06,1462483.8,2026-04-19 15:59:59.999000+00:00,1
2026-04-19 16:00:00+00:00,3.801e-06,3.819e-06,3.676e-06,3.736e-06,1223139.0,2026-04-19 19:59:59.999000+00:00,1
2026-04-19 20:00:00+00:00,3.736e-06,3.736e-06,3.615e-06,3.647e-06,663502.6,2026-04-19 23:59:59.999000+00:00,1
2026-04-20 00:00:00+00:00,3.648e-06,3.715e-06,3.639e-06,3.701e-06,580968.5,2026-04-20 03:59:59.999000+00:00,1
2026-04-20 04:00:00+00:00,3.701e-06,3.792e-06,3.672e-06,3.747e-06,756041.5,2026-04-20 07:59:59.999000+00:00,1
2026-04-20 08:00:00+00:00,3.747e-06,3.79e-06,3.723e-06,3.754e-06,593818.7,2026-04-20 11:59:59.999000+00:00,1
2026-04-20 12:00:00+00:00,3.754e-06,3.795e-06,3.708e-06,3.782e-06,864966.1,2026-04-20 15:59:59.999000+00:00,1
2026-04-20 16:00:00+00:00,3.783e-06,3.844e-06,3.738e-06,3.804e-06,744886.0,2026-04-20 19:59:59.999000+00:00,1
2026-04-20 20:00:00+00:00,3.803e-06,3.825e-06,3.738e-06,3.755e-06,385211.5,2026-04-20 23:59:59.999000+00:00,1
2026-04-21 00:00:00+00:00,3.755e-06,3.771e-06,3.724e-06,3.74e-06,347409.1,2026-04-21 03:59:59.999000+00:00,1
2026-04-21 04:00:00+00:00,3.74e-06,3.8e-06,3.732e-06,3.77e-06,469237.1,2026-04-21 07:59:59.999000+00:00,1
2026-04-21 08:00:00+00:00,3.77e-06,3.837e-06,3.765e-06,3.801e-06,625804.1,2026-04-21 11:59:59.999000+00:00,1
2026-04-21 12:00:00+00:00,3.801e-06,3.825e-06,3.748e-06,3.789e-06,847614.8,2026-04-21 15:59:59.999000+00:00,1
2026-04-21 16:00:00+00:00,3.789e-06,3.818e-06,3.697e-06,3.713e-06,964443.4,2026-04-21 19:59:59.999000+00:00,1
2026-04-21 20:00:00+00:00,3.713e-06,3.822e-06,3.71e-06,3.815e-06,469818.3,2026-04-21 23:59:59.999000+00:00,1
2026-04-22 00:00:00+00:00,3.816e-06,3.945e-06,3.787e-06,3.866e-06,1165687.7,2026-04-22 03:59:59.999000+00:00,1
2026-04-22 04:00:00+00:00,3.866e-06,3.931e-06,3.856e-06,3.884e-06,717929.3,2026-04-22 07:59:59.999000+00:00,1
2026-04-22 08:00:00+00:00,3.884e-06,3.984e-06,3.873e-06,3.943e-06,898717.0,2026-04-22 11:59:59.999000+00:00,1
2026-04-22 12:00:00+00:00,3.943e-06,3.96e-06,3.892e-06,3.93e-06,821269.3,2026-04-22 15:59:59.999000+00:00,1
2026-04-22 16:00:00+00:00,3.93e-06,3.949e-06,3.839e-06,3.863e-06,559746.2,2026-04-22 19:59:59.999000+00:00,1
2026-04-22 20:00:00+00:00,3.862e-06,3.873e-06,3.783e-06,3.792e-06,527702.7,2026-04-22 23:59:59.999000+00:00,1
2026-04-23 00:00:00+00:00,3.792e-06,3.807e-06,3.715e-06,3.749e-06,932892.2,2026-04-23 03:59:59.999000+00:00,1
2026-04-23 04:00:00+00:00,3.749e-06,3.826e-06,3.741e-06,3.795e-06,599303.3,2026-04-23 07:59:59.999000+00:00,1
2026-04-23 08:00:00+00:00,3.796e-06,3.801e-06,3.733e-06,3.771e-06,713409.4,2026-04-23 11:59:59.999000+00:00,1
2026-04-23 12:00:00+00:00,3.771e-06,3.848e-06,3.766e-06,3.837e-06,656511.4,2026-04-23 15:59:59.999000+00:00,1
2026-04-23 16:00:00+00:00,3.836e-06,3.845e-06,3.699e-06,3.765e-06,1092411.7,2026-04-23 19:59:59.999000+00:00,1
2026-04-23 20:00:00+00:00,3.766e-06,3.838e-06,3.765e-06,3.826e-06,392620.4,2026-04-23 23:59:59.999000+00:00,1
2026-04-24 00:00:00+00:00,3.827e-06,3.884e-06,3.797e-06,3.83e-06,625705.0,2026-04-24 03:59:59.999000+00:00,1
2026-04-24 04:00:00+00:00,3.83e-06,3.857e-06,3.792e-06,3.832e-06,494207.5,2026-04-24 07:59:59.999000+00:00,1
2026-04-24 08:00:00+00:00,3.832e-06,3.868e-06,3.787e-06,3.858e-06,541393.2,2026-04-24 11:59:59.999000+00:00,1
2026-04-24 12:00:00+00:00,3.858e-06,3.889e-06,3.813e-06,3.885e-06,782018.9,2026-04-24 15:59:59.999000+00:00,1
2026-04-24 16:00:00+00:00,3.885e-06,3.905e-06,3.852e-06,3.884e-06,482719.1,2026-04-24 19:59:59.999000+00:00,1
2026-04-24 20:00:00+00:00,3.883e-06,3.929e-06,3.854e-06,3.862e-06,331802.7,2026-04-24 23:59:59.999000+00:00,1
2026-04-25 00:00:00+00:00,3.862e-06,3.897e-06,3.846e-06,3.887e-06,346717.1,2026-04-25 03:59:59.999000+00:00,1
2026-04-25 04:00:00+00:00,3.888e-06,3.895e-06,3.855e-06,3.855e-06,344424.6,2026-04-25 07:59:59.999000+00:00,1
2026-04-25 08:00:00+00:00,3.855e-06,3.891e-06,3.826e-06,3.837e-06,416503.8,2026-04-25 11:59:59.999000+00:00,1
2026-04-25 12:00:00+00:00,3.837e-06,3.856e-06,3.814e-06,3.825e-06,482852.4,2026-04-25 15:59:59.999000+00:00,1
2026-04-25 16:00:00+00:00,3.825e-06,3.835e-06,3.777e-06,3.808e-06,436365.3,2026-04-25 19:59:59.999000+00:00,1
2026-04-25 20:00:00+00:00,3.808e-06,3.854e-06,3.802e-06,3.847e-06,215171.1,2026-04-25 23:59:59.999000+00:00,1
2026-04-26 00:00:00+00:00,3.848e-06,3.862e-06,3.811e-06,3.836e-06,402944.7,2026-04-26 03:59:59.999000+00:00,1
2026-04-26 04:00:00+00:00,3.835e-06,3.904e-06,3.823e-06,3.893e-06,573618.7,2026-04-26 07:59:59.999000+00:00,1
2026-04-26 08:00:00+00:00,3.893e-06,3.947e-06,3.874e-06,3.933e-06,488478.1,2026-04-26 11:59:59.999000+00:00,1
2026-04-26 12:00:00+00:00,3.932e-06,3.941e-06,3.878e-06,3.922e-06,494079.2,2026-04-26 15:59:59.999000+00:00,1
2026-04-26 16:00:00+00:00,3.922e-06,3.933e-06,3.876e-06,3.907e-06,456146.1,2026-04-26 19:59:59.999000+00:00,1
2026-04-26 20:00:00+00:00,3.908e-06,3.938e-06,3.84e-06,3.893e-06,636746.2,2026-04-26 23:59:59.999000+00:00,1
2026-04-27 00:00:00+00:00,3.894e-06,4.023e-06,3.88e-06,3.994e-06,1046662.1,2026-04-27 03:59:59.999000+00:00,1
2026-04-27 04:00:00+00:00,3.995e-06,3.999e-06,3.807e-06,3.821e-06,1422600.6,2026-04-27 07:59:59.999000+00:00,1
2026-04-27 08:00:00+00:00,3.821e-06,3.851e-06,3.814e-06,3.85e-06,484854.1,2026-04-27 11:59:59.999000+00:00,1
2026-04-27 12:00:00+00:00,3.85e-06,3.903e-06,3.756e-06,3.794e-06,1187482.8,2026-04-27 15:59:59.999000+00:00,1
2026-04-27 16:00:00+00:00,3.793e-06,3.835e-06,3.767e-06,3.814e-06,545860.2,2026-04-27 19:59:59.999000+00:00,1
2026-04-27 20:00:00+00:00,3.815e-06,3.914e-06,3.811e-06,3.905e-06,505760.0,2026-04-27 23:59:59.999000+00:00,1
2026-04-28 00:00:00+00:00,3.906e-06,3.909e-06,3.848e-06,3.866e-06,585136.3,2026-04-28 03:59:59.999000+00:00,1
2026-04-28 04:00:00+00:00,3.866e-06,3.903e-06,3.821e-06,3.854e-06,724452.1,2026-04-28 07:59:59.999000+00:00,1
2026-04-28 08:00:00+00:00,3.854e-06,3.885e-06,3.815e-06,3.828e-06,427766.3,2026-04-28 11:59:59.999000+00:00,1
2026-04-28 12:00:00+00:00,3.828e-06,3.874e-06,3.806e-06,3.87e-06,764063.6,2026-04-28 15:59:59.999000+00:00,1
2026-04-28 16:00:00+00:00,3.869e-06,3.909e-06,3.834e-06,3.895e-06,510080.4,2026-04-28 19:59:59.999000+00:00,1
2026-04-28 20:00:00+00:00,3.895e-06,3.905e-06,3.861e-06,3.878e-06,285239.3,2026-04-28 23:59:59.999000+00:00,1
2026-04-29 00:00:00+00:00,3.878e-06,3.914e-06,3.858e-06,3.91e-06,478300.9,2026-04-29 03:59:59.999000+00:00,1
2026-04-29 04:00:00+00:00,3.91e-06,3.958e-06,3.888e-06,3.943e-06,819252.1,2026-04-29 07:59:59.999000+00:00,1
2026-04-29 08:00:00+00:00,3.943e-06,4.156e-06,3.927e-06,4.107e-06,3172864.5,2026-04-29 11:59:59.999000+00:00,1
2026-04-29 12:00:00+00:00,4.105e-06,4.115e-06,3.804e-06,3.811e-06,2444720.9,2026-04-29 15:59:59.999000+00:00,1
2026-04-29 16:00:00+00:00,3.811e-06,3.878e-06,3.731e-06,3.798e-06,1368737.0,2026-04-29 19:59:59.999000+00:00,1
2026-04-29 20:00:00+00:00,3.799e-06,3.865e-06,3.787e-06,3.851e-06,425452.3,2026-04-29 23:59:59.999000+00:00,1
2026-04-30 00:00:00+00:00,3.852e-06,3.944e-06,3.809e-06,3.852e-06,1368313.4,2026-04-30 03:59:59.999000+00:00,1
2026-04-30 04:00:00+00:00,3.853e-06,3.927e-06,3.798e-06,3.908e-06,848779.5,2026-04-30 07:59:59.999000+00:00,1
2026-04-30 08:00:00+00:00,3.909e-06,3.945e-06,3.879e-06,3.894e-06,956933.4,2026-04-30 11:59:59.999000+00:00,1
2026-04-30 12:00:00+00:00,3.894e-06,3.911e-06,3.832e-06,3.886e-06,731866.8,2026-04-30 15:59:59.999000+00:00,1
2026-04-30 16:00:00+00:00,3.887e-06,3.897e-06,3.858e-06,3.878e-06,355807.1,2026-04-30 19:59:59.999000+00:00,1
2026-04-30 20:00:00+00:00,3.878e-06,3.885e-06,3.846e-06,3.872e-06,294722.9,2026-04-30 23:59:59.999000+00:00,1
2026-05-01 00:00:00+00:00,3.872e-06,3.984e-06,3.871e-06,3.946e-06,835380.7,2026-05-01 03:59:59.999000+00:00,1
2026-05-01 04:00:00+00:00,3.946e-06,3.977e-06,3.901e-06,3.922e-06,610337.6,2026-05-01 07:59:59.999000+00:00,1
2026-05-01 08:00:00+00:00,3.922e-06,3.943e-06,3.89e-06,3.925e-06,440684.1,2026-05-01 11:59:59.999000+00:00,1
2026-05-01 12:00:00+00:00,3.925e-06,4.028e-06,3.922e-06,3.991e-06,1293658.4,2026-05-01 15:59:59.999000+00:00,1
2026-05-01 16:00:00+00:00,3.991e-06,4.006e-06,3.959e-06,3.981e-06,467826.1,2026-05-01 19:59:59.999000+00:00,1
2026-05-01 20:00:00+00:00,3.982e-06,3.988e-06,3.917e-06,3.935e-06,460132.7,2026-05-01 23:59:59.999000+00:00,1
2026-05-02 00:00:00+00:00,3.935e-06,3.947e-06,3.918e-06,3.929e-06,412791.0,2026-05-02 03:59:59.999000+00:00,1
2026-05-02 04:00:00+00:00,3.93e-06,3.944e-06,3.891e-06,3.928e-06,407455.8,2026-05-02 07:59:59.999000+00:00,1
2026-05-02 08:00:00+00:00,3.929e-06,3.943e-06,3.905e-06,3.913e-06,256973.9,2026-05-02 11:59:59.999000+00:00,1
2026-05-02 12:00:00+00:00,3.913e-06,3.976e-06,3.908e-06,3.975e-06,433878.1,2026-05-02 15:59:59.999000+00:00,1
2026-05-02 16:00:00+00:00,3.974e-06,3.999e-06,3.939e-06,3.974e-06,481704.6,2026-05-02 19:59:59.999000+00:00,1
2026-05-02 20:00:00+00:00,3.975e-06,4.006e-06,3.964e-06,3.988e-06,377818.2,2026-05-02 23:59:59.999000+00:00,1
2026-05-03 00:00:00+00:00,3.989e-06,3.993e-06,3.91e-06,3.939e-06,435186.0,2026-05-03 03:59:59.999000+00:00,1
2026-05-03 04:00:00+00:00,3.94e-06,3.948e-06,3.915e-06,3.934e-06,265526.4,2026-05-03 07:59:59.999000+00:00,1
2026-05-03 08:00:00+00:00,3.934e-06,3.96e-06,3.919e-06,3.945e-06,337709.2,2026-05-03 11:59:59.999000+00:00,1
2026-05-03 12:00:00+00:00,3.946e-06,3.973e-06,3.943e-06,3.954e-06,351222.1,2026-05-03 15:59:59.999000+00:00,1
2026-05-03 16:00:00+00:00,3.954e-06,3.968e-06,3.926e-06,3.956e-06,205238.1,2026-05-03 19:59:59.999000+00:00,1
2026-05-03 20:00:00+00:00,3.957e-06,3.993e-06,3.925e-06,3.939e-06,491652.7,2026-05-03 23:59:59.999000+00:00,1
2026-05-04 00:00:00+00:00,3.94e-06,4.097e-06,3.898e-06,4.091e-06,1587611.1,2026-05-04 03:59:59.999000+00:00,1
2026-05-04 04:00:00+00:00,4.092e-06,4.126e-06,3.985e-06,4.027e-06,1094171.6,2026-05-04 07:59:59.999000+00:00,1
2026-05-04 08:00:00+00:00,4.026e-06,4.064e-06,3.931e-06,3.981e-06,1246588.7,2026-05-04 11:59:59.999000+00:00,1
2026-05-04 12:00:00+00:00,3.981e-06,4.078e-06,3.954e-06,4.001e-06,1300318.9,2026-05-04 15:59:59.999000+00:00,1
2026-05-04 16:00:00+00:00,4e-06,4.065e-06,3.973e-06,4.005e-06,704086.8,2026-05-04 19:59:59.999000+00:00,1
2026-05-04 20:00:00+00:00,4.005e-06,4.026e-06,3.972e-06,3.98e-06,403986.7,2026-05-04 23:59:59.999000+00:00,1
2026-05-05 00:00:00+00:00,3.98e-06,4.049e-06,3.976e-06,4.035e-06,543910.0,2026-05-05 03:59:59.999000+00:00,1
2026-05-05 04:00:00+00:00,4.034e-06,4.107e-06,4.018e-06,4.071e-06,839280.3,2026-05-05 07:59:59.999000+00:00,1
2026-05-05 08:00:00+00:00,4.071e-06,4.092e-06,4.042e-06,4.08e-06,632523.9,2026-05-05 11:59:59.999000+00:00,1
2026-05-05 12:00:00+00:00,4.08e-06,4.149e-06,4.063e-06,4.084e-06,1191512.8,2026-05-05 15:59:59.999000+00:00,1
2026-05-05 16:00:00+00:00,4.084e-06,4.122e-06,4.046e-06,4.118e-06,609647.0,2026-05-05 19:59:59.999000+00:00,1
2026-05-05 20:00:00+00:00,4.118e-06,4.228e-06,4.088e-06,4.111e-06,1307917.4,2026-05-05 23:59:59.999000+00:00,1
2026-05-06 00:00:00+00:00,4.111e-06,4.258e-06,4.1e-06,4.23e-06,972103.7,2026-05-06 03:59:59.999000+00:00,1
2026-05-06 04:00:00+00:00,4.231e-06,4.253e-06,4.181e-06,4.214e-06,1039083.7,2026-05-06 07:59:59.999000+00:00,1
2026-05-06 08:00:00+00:00,4.214e-06,4.273e-06,4.206e-06,4.25e-06,1233165.0,2026-05-06 11:59:59.999000+00:00,1
2026-05-06 12:00:00+00:00,4.25e-06,4.254e-06,4.083e-06,4.148e-06,1499630.6,2026-05-06 15:59:59.999000+00:00,1
2026-05-06 16:00:00+00:00,4.149e-06,4.175e-06,4.121e-06,4.143e-06,429482.0,2026-05-06 19:59:59.999000+00:00,1
2026-05-06 20:00:00+00:00,4.143e-06,4.183e-06,4.112e-06,4.16e-06,383742.8,2026-05-06 23:59:59.999000+00:00,1
2026-05-07 00:00:00+00:00,4.16e-06,4.168e-06,4.073e-06,4.09e-06,790839.5,2026-05-07 03:59:59.999000+00:00,1
2026-05-07 04:00:00+00:00,4.09e-06,4.252e-06,4.08e-06,4.237e-06,886475.1,2026-05-07 07:59:59.999000+00:00,1
2026-05-07 08:00:00+00:00,4.237e-06,4.243e-06,4.149e-06,4.187e-06,640864.1,2026-05-07 11:59:59.999000+00:00,1
2026-05-07 12:00:00+00:00,4.188e-06,4.272e-06,4.086e-06,4.111e-06,1497346.2,2026-05-07 15:59:59.999000+00:00,1
2026-05-07 16:00:00+00:00,4.112e-06,4.201e-06,4.095e-06,4.146e-06,764668.3,2026-05-07 19:59:59.999000+00:00,1
2026-05-07 20:00:00+00:00,4.147e-06,4.176e-06,4.106e-06,4.155e-06,449184.2,2026-05-07 23:59:59.999000+00:00,1
2026-05-08 00:00:00+00:00,4.156e-06,4.17e-06,4.083e-06,4.129e-06,541723.7,2026-05-08 03:59:59.999000+00:00,1
2026-05-08 04:00:00+00:00,4.129e-06,4.152e-06,4.105e-06,4.136e-06,380512.6,2026-05-08 07:59:59.999000+00:00,1
2026-05-08 08:00:00+00:00,4.136e-06,4.222e-06,4.134e-06,4.192e-06,735667.5,2026-05-08 11:59:59.999000+00:00,1
2026-05-08 12:00:00+00:00,4.192e-06,4.284e-06,4.144e-06,4.28e-06,1158755.7,2026-05-08 15:59:59.999000+00:00,1
2026-05-08 16:00:00+00:00,4.279e-06,4.367e-06,4.227e-06,4.332e-06,1184706.0,2026-05-08 19:59:59.999000+00:00,1
2026-05-08 20:00:00+00:00,4.333e-06,4.348e-06,4.289e-06,4.314e-06,381821.0,2026-05-08 23:59:59.999000+00:00,1
2026-05-09 00:00:00+00:00,4.314e-06,4.364e-06,4.303e-06,4.333e-06,445696.2,2026-05-09 03:59:59.999000+00:00,1
2026-05-09 04:00:00+00:00,4.334e-06,4.36e-06,4.294e-06,4.305e-06,572747.3,2026-05-09 07:59:59.999000+00:00,1
2026-05-09 08:00:00+00:00,4.306e-06,4.326e-06,4.275e-06,4.31e-06,504433.4,2026-05-09 11:59:59.999000+00:00,1
2026-05-09 12:00:00+00:00,4.31e-06,4.318e-06,4.231e-06,4.24e-06,708551.0,2026-05-09 15:59:59.999000+00:00,1
2026-05-09 16:00:00+00:00,4.239e-06,4.289e-06,4.224e-06,4.275e-06,497014.8,2026-05-09 19:59:59.999000+00:00,1
2026-05-09 20:00:00+00:00,4.276e-06,4.278e-06,4.233e-06,4.244e-06,234807.8,2026-05-09 23:59:59.999000+00:00,1
2026-05-10 00:00:00+00:00,4.245e-06,4.253e-06,4.193e-06,4.226e-06,523450.2,2026-05-10 03:59:59.999000+00:00,1
2026-05-10 04:00:00+00:00,4.226e-06,4.25e-06,4.218e-06,4.232e-06,257811.6,2026-05-10 07:59:59.999000+00:00,1
2026-05-10 08:00:00+00:00,4.232e-06,4.282e-06,4.23e-06,4.257e-06,459042.2,2026-05-10 11:59:59.999000+00:00,1
2026-05-10 12:00:00+00:00,4.256e-06,4.318e-06,4.242e-06,4.314e-06,481858.2,2026-05-10 15:59:59.999000+00:00,1
2026-05-10 16:00:00+00:00,4.315e-06,4.59e-06,4.312e-06,4.486e-06,2422680.5,2026-05-10 19:59:59.999000+00:00,1
2026-05-10 20:00:00+00:00,4.486e-06,4.517e-06,4.265e-06,4.408e-06,1276630.8,2026-05-10 23:59:59.999000+00:00,1
2026-05-11 00:00:00+00:00,4.409e-06,4.424e-06,4.255e-06,4.291e-06,1102534.8,2026-05-11 03:59:59.999000+00:00,1
2026-05-11 04:00:00+00:00,4.291e-06,4.352e-06,4.274e-06,4.311e-06,620545.2,2026-05-11 07:59:59.999000+00:00,1
2026-05-11 08:00:00+00:00,4.311e-06,4.358e-06,4.299e-06,4.326e-06,442633.5,2026-05-11 11:59:59.999000+00:00,1
2026-05-11 12:00:00+00:00,4.326e-06,4.351e-06,4.264e-06,4.346e-06,942159.9,2026-05-11 15:59:59.999000+00:00,1
2026-05-11 16:00:00+00:00,4.346e-06,4.383e-06,4.323e-06,4.371e-06,633922.1,2026-05-11 19:59:59.999000+00:00,1
2026-05-11 20:00:00+00:00,4.372e-06,4.384e-06,4.316e-06,4.339e-06,341970.6,2026-05-11 23:59:59.999000+00:00,1
2026-05-12 00:00:00+00:00,4.338e-06,4.349e-06,4.244e-06,4.275e-06,739580.6,2026-05-12 03:59:59.999000+00:00,1
2026-05-12 04:00:00+00:00,4.276e-06,4.304e-06,4.25e-06,4.27e-06,428671.2,2026-05-12 07:59:59.999000+00:00,1
2026-05-12 08:00:00+00:00,4.271e-06,4.276e-06,4.175e-06,4.204e-06,808432.3,2026-05-12 11:59:59.999000+00:00,1
2026-05-12 12:00:00+00:00,4.204e-06,4.216e-06,4.073e-06,4.095e-06,1228949.8,2026-05-12 15:59:59.999000+00:00,1
2026-05-12 16:00:00+00:00,4.096e-06,4.156e-06,4.061e-06,4.144e-06,628910.3,2026-05-12 19:59:59.999000+00:00,1
2026-05-12 20:00:00+00:00,4.144e-06,4.184e-06,4.134e-06,4.141e-06,267289.8,2026-05-12 23:59:59.999000+00:00,1
2026-05-13 00:00:00+00:00,4.14e-06,4.204e-06,4.13e-06,4.197e-06,419164.7,2026-05-13 03:59:59.999000+00:00,1
2026-05-13 04:00:00+00:00,4.198e-06,4.225e-06,4.164e-06,4.188e-06,427029.9,2026-05-13 07:59:59.999000+00:00,1
2026-05-13 08:00:00+00:00,4.189e-06,4.262e-06,4.151e-06,4.163e-06,802118.8,2026-05-13 11:59:59.999000+00:00,1
2026-05-13 12:00:00+00:00,4.162e-06,4.177e-06,3.981e-06,3.993e-06,1520508.3,2026-05-13 15:59:59.999000+00:00,1
2026-05-13 16:00:00+00:00,3.994e-06,4.105e-06,3.99e-06,4.053e-06,522398.1,2026-05-13 19:59:59.999000+00:00,1
2026-05-13 20:00:00+00:00,4.054e-06,4.068e-06,4.023e-06,4.052e-06,231499.6,2026-05-13 23:59:59.999000+00:00,1
2026-05-14 00:00:00+00:00,4.052e-06,4.094e-06,3.999e-06,4.014e-06,534793.7,2026-05-14 03:59:59.999000+00:00,1
2026-05-14 04:00:00+00:00,4.014e-06,4.082e-06,4.003e-06,4.039e-06,436558.5,2026-05-14 07:59:59.999000+00:00,1
2026-05-14 08:00:00+00:00,4.038e-06,4.056e-06,4.001e-06,4.002e-06,384098.2,2026-05-14 11:59:59.999000+00:00,1
2026-05-14 12:00:00+00:00,4.001e-06,4.126e-06,3.994e-06,4.119e-06,860911.3,2026-05-14 15:59:59.999000+00:00,1
2026-05-14 16:00:00+00:00,4.119e-06,4.215e-06,4.097e-06,4.162e-06,980522.5,2026-05-14 19:59:59.999000+00:00,1
2026-05-14 20:00:00+00:00,4.163e-06,4.169e-06,4.081e-06,4.091e-06,353710.8,2026-05-14 23:59:59.999000+00:00,1
2026-05-15 00:00:00+00:00,4.091e-06,4.124e-06,4.046e-06,4.077e-06,575857.3,2026-05-15 03:59:59.999000+00:00,1
2026-05-15 04:00:00+00:00,4.078e-06,4.081e-06,3.965e-06,4.046e-06,900782.5,2026-05-15 07:59:59.999000+00:00,1
2026-05-15 08:00:00+00:00,4.046e-06,4.051e-06,4.009e-06,4.022e-06,349421.3,2026-05-15 11:59:59.999000+00:00,1
2026-05-15 12:00:00+00:00,4.022e-06,4.022e-06,3.824e-06,3.863e-06,1555786.2,2026-05-15 15:59:59.999000+00:00,1
2026-05-15 16:00:00+00:00,3.863e-06,3.941e-06,3.86e-06,3.912e-06,513396.4,2026-05-15 19:59:59.999000+00:00,1
2026-05-15 20:00:00+00:00,3.912e-06,3.915e-06,3.88e-06,3.904e-06,179479.9,2026-05-15 23:59:59.999000+00:00,1
2026-05-16 00:00:00+00:00,3.904e-06,3.917e-06,3.886e-06,3.893e-06,191026.6,2026-05-16 03:59:59.999000+00:00,1
2026-05-16 04:00:00+00:00,3.892e-06,3.894e-06,3.727e-06,3.785e-06,1011135.6,2026-05-16 07:59:59.999000+00:00,1
2026-05-16 08:00:00+00:00,3.784e-06,3.795e-06,3.694e-06,3.74e-06,720554.8,2026-05-16 11:59:59.999000+00:00,1
2026-05-16 12:00:00+00:00,3.739e-06,3.777e-06,3.721e-06,3.766e-06,318581.3,2026-05-16 15:59:59.999000+00:00,1
2026-05-16 16:00:00+00:00,3.766e-06,3.794e-06,3.763e-06,3.766e-06,295709.4,2026-05-16 19:59:59.999000+00:00,1
2026-05-16 20:00:00+00:00,3.766e-06,3.779e-06,3.751e-06,3.758e-06,158323.7,2026-05-16 23:59:59.999000+00:00,1
2026-05-17 00:00:00+00:00,3.757e-06,3.769e-06,3.708e-06,3.76e-06,440201.8,2026-05-17 03:59:59.999000+00:00,1
2026-05-17 04:00:00+00:00,3.759e-06,3.803e-06,3.758e-06,3.783e-06,346859.7,2026-05-17 07:59:59.999000+00:00,1
2026-05-17 08:00:00+00:00,3.782e-06,3.803e-06,3.767e-06,3.769e-06,297228.7,2026-05-17 11:59:59.999000+00:00,1
2026-05-17 12:00:00+00:00,3.769e-06,3.784e-06,3.716e-06,3.736e-06,482544.6,2026-05-17 15:59:59.999000+00:00,1
2026-05-17 16:00:00+00:00,3.737e-06,3.77e-06,3.684e-06,3.76e-06,478833.1,2026-05-17 19:59:59.999000+00:00,1
2026-05-17 20:00:00+00:00,3.761e-06,3.765e-06,3.535e-06,3.676e-06,1683063.7,2026-05-17 23:59:59.999000+00:00,1
2026-05-18 00:00:00+00:00,3.676e-06,3.694e-06,3.629e-06,3.656e-06,592170.5,2026-05-18 03:59:59.999000+00:00,1
2026-05-18 04:00:00+00:00,3.656e-06,3.679e-06,3.604e-06,3.631e-06,661934.2,2026-05-18 07:59:59.999000+00:00,1
2026-05-18 08:00:00+00:00,3.631e-06,3.674e-06,3.604e-06,3.646e-06,420161.3,2026-05-18 11:59:59.999000+00:00,1
2026-05-18 12:00:00+00:00,3.647e-06,3.69e-06,3.592e-06,3.623e-06,858753.3,2026-05-18 15:59:59.999000+00:00,1
2026-05-18 16:00:00+00:00,3.623e-06,3.691e-06,3.597e-06,3.68e-06,553608.3,2026-05-18 19:59:59.999000+00:00,1
2026-05-18 20:00:00+00:00,3.681e-06,3.711e-06,3.661e-06,3.694e-06,376007.0,2026-05-18 23:59:59.999000+00:00,1
2026-05-19 00:00:00+00:00,3.695e-06,3.732e-06,3.657e-06,3.681e-06,348608.2,2026-05-19 03:59:59.999000+00:00,1
2026-05-19 04:00:00+00:00,3.68e-06,3.712e-06,3.657e-06,3.704e-06,296356.1,2026-05-19 07:59:59.999000+00:00,1
2026-05-19 08:00:00+00:00,3.704e-06,3.706e-06,3.641e-06,3.646e-06,352378.0,2026-05-19 11:59:59.999000+00:00,1
2026-05-19 12:00:00+00:00,3.646e-06,3.695e-06,3.619e-06,3.644e-06,452554.1,2026-05-19 15:59:59.999000+00:00,1
2026-05-19 16:00:00+00:00,3.645e-06,3.675e-06,3.631e-06,3.638e-06,238466.1,2026-05-19 19:59:59.999000+00:00,1
2026-05-19 20:00:00+00:00,3.638e-06,3.663e-06,3.621e-06,3.641e-06,173925.4,2026-05-19 23:59:59.999000+00:00,1
2026-05-20 00:00:00+00:00,3.642e-06,3.667e-06,3.619e-06,3.649e-06,240431.3,2026-05-20 03:59:59.999000+00:00,1
2026-05-20 04:00:00+00:00,3.65e-06,3.699e-06,3.639e-06,3.675e-06,273348.8,2026-05-20 07:59:59.999000+00:00,1
2026-05-20 08:00:00+00:00,3.675e-06,3.697e-06,3.668e-06,3.677e-06,209509.2,2026-05-20 11:59:59.999000+00:00,1
2026-05-20 12:00:00+00:00,3.676e-06,3.739e-06,3.652e-06,3.721e-06,731496.6,2026-05-20 15:59:59.999000+00:00,1
2026-05-20 16:00:00+00:00,3.721e-06,3.759e-06,3.695e-06,3.734e-06,430450.5,2026-05-20 19:59:59.999000+00:00,1
2026-05-20 20:00:00+00:00,3.734e-06,3.737e-06,3.681e-06,3.716e-06,216594.0,2026-05-20 23:59:59.999000+00:00,1
2026-05-21 00:00:00+00:00,3.716e-06,3.784e-06,3.715e-06,3.773e-06,286716.3,2026-05-21 03:59:59.999000+00:00,1
2026-05-21 04:00:00+00:00,3.774e-06,3.787e-06,3.742e-06,3.773e-06,309003.5,2026-05-21 07:59:59.999000+00:00,1
2026-05-21 08:00:00+00:00,3.774e-06,3.802e-06,3.697e-06,3.72e-06,516870.3,2026-05-21 11:59:59.999000+00:00,1
2026-05-21 12:00:00+00:00,3.721e-06,3.776e-06,3.709e-06,3.761e-06,507636.2,2026-05-21 15:59:59.999000+00:00,1
2026-05-21 16:00:00+00:00,3.762e-06,3.829e-06,3.737e-06,3.818e-06,610650.3,2026-05-21 19:59:59.999000+00:00,1
2026-05-21 20:00:00+00:00,3.818e-06,3.833e-06,3.786e-06,3.8e-06,172035.8,2026-05-21 23:59:59.999000+00:00,1
2026-05-22 00:00:00+00:00,3.801e-06,3.813e-06,3.765e-06,3.79e-06,272653.3,2026-05-22 03:59:59.999000+00:00,1
2026-05-22 04:00:00+00:00,3.791e-06,3.81e-06,3.766e-06,3.796e-06,262988.1,2026-05-22 07:59:59.999000+00:00,1
2026-05-22 08:00:00+00:00,3.797e-06,3.813e-06,3.774e-06,3.803e-06,234415.7,2026-05-22 11:59:59.999000+00:00,1
2026-05-22 12:00:00+00:00,3.804e-06,3.826e-06,3.731e-06,3.766e-06,696922.0,2026-05-22 15:59:59.999000+00:00,1
2026-05-22 16:00:00+00:00,3.765e-06,3.79e-06,3.636e-06,3.663e-06,1181657.1,2026-05-22 19:59:59.999000+00:00,1
2026-05-22 20:00:00+00:00,3.664e-06,3.692e-06,3.566e-06,3.598e-06,643061.4,2026-05-22 23:59:59.999000+00:00,1
2026-05-23 00:00:00+00:00,3.598e-06,3.626e-06,3.581e-06,3.618e-06,241269.8,2026-05-23 03:59:59.999000+00:00,1
2026-05-23 04:00:00+00:00,3.617e-06,3.617e-06,3.433e-06,3.487e-06,1062113.8,2026-05-23 07:59:59.999000+00:00,1
2026-05-23 08:00:00+00:00,3.487e-06,3.497e-06,3.464e-06,3.482e-06,416713.4,2026-05-23 11:59:59.999000+00:00,1
2026-05-23 12:00:00+00:00,3.482e-06,3.589e-06,3.461e-06,3.573e-06,646350.3,2026-05-23 15:59:59.999000+00:00,1
2026-05-23 16:00:00+00:00,3.572e-06,3.634e-06,3.557e-06,3.61e-06,391771.3,2026-05-23 19:59:59.999000+00:00,1
2026-05-23 20:00:00+00:00,3.611e-06,3.752e-06,3.608e-06,3.643e-06,726152.1,2026-05-23 23:59:59.999000+00:00,1
2026-05-24 00:00:00+00:00,3.643e-06,3.65e-06,3.611e-06,3.62e-06,245076.2,2026-05-24 03:59:59.999000+00:00,1
2026-05-24 04:00:00+00:00,3.62e-06,3.633e-06,3.602e-06,3.615e-06,226475.1,2026-05-24 07:59:59.999000+00:00,1
2026-05-24 08:00:00+00:00,3.616e-06,3.65e-06,3.61e-06,3.627e-06,279258.3,2026-05-24 11:59:59.999000+00:00,1
2026-05-24 12:00:00+00:00,3.627e-06,3.627e-06,3.524e-06,3.573e-06,585738.4,2026-05-24 15:59:59.999000+00:00,1
2026-05-24 16:00:00+00:00,3.573e-06,3.597e-06,3.569e-06,3.574e-06,184943.1,2026-05-24 19:59:59.999000+00:00,1
2026-05-24 20:00:00+00:00,3.575e-06,3.587e-06,3.513e-06,3.576e-06,562456.0,2026-05-24 23:59:59.999000+00:00,1
2026-05-25 00:00:00+00:00,3.576e-06,3.593e-06,3.543e-06,3.554e-06,279005.7,2026-05-25 03:59:59.999000+00:00,1
2026-05-25 04:00:00+00:00,3.555e-06,3.618e-06,3.55e-06,3.602e-06,392977.2,2026-05-25 07:59:59.999000+00:00,1
2026-05-25 08:00:00+00:00,3.602e-06,3.622e-06,3.59e-06,3.605e-06,208539.6,2026-05-25 11:59:59.999000+00:00,1
2026-05-25 12:00:00+00:00,3.605e-06,3.65e-06,3.598e-06,3.642e-06,311563.1,2026-05-25 15:59:59.999000+00:00,1
2026-05-25 16:00:00+00:00,3.642e-06,3.658e-06,3.603e-06,3.617e-06,311461.9,2026-05-25 19:59:59.999000+00:00,1
2026-05-25 20:00:00+00:00,3.616e-06,3.628e-06,3.558e-06,3.593e-06,345761.9,2026-05-25 23:59:59.999000+00:00,1
2026-05-26 00:00:00+00:00,3.594e-06,3.597e-06,3.518e-06,3.538e-06,450218.1,2026-05-26 03:59:59.999000+00:00,1
2026-05-26 04:00:00+00:00,3.539e-06,3.585e-06,3.533e-06,3.551e-06,295692.4,2026-05-26 07:59:59.999000+00:00,1
2026-05-26 08:00:00+00:00,3.552e-06,3.637e-06,3.551e-06,3.608e-06,441271.7,2026-05-26 11:59:59.999000+00:00,1
2026-05-26 12:00:00+00:00,3.609e-06,3.648e-06,3.544e-06,3.572e-06,738987.0,2026-05-26 15:59:59.999000+00:00,1
2026-05-26 16:00:00+00:00,3.572e-06,3.574e-06,3.485e-06,3.522e-06,600388.1,2026-05-26 19:59:59.999000+00:00,1
2026-05-26 20:00:00+00:00,3.523e-06,3.526e-06,3.491e-06,3.511e-06,179968.2,2026-05-26 23:59:59.999000+00:00,1
2026-05-27 00:00:00+00:00,3.511e-06,3.543e-06,3.499e-06,3.509e-06,244726.8,2026-05-27 03:59:59.999000+00:00,1
2026-05-27 04:00:00+00:00,3.509e-06,3.552e-06,3.412e-06,3.535e-06,881939.0,2026-05-27 07:59:59.999000+00:00,1
2026-05-27 08:00:00+00:00,3.534e-06,3.546e-06,3.512e-06,3.518e-06,281500.3,2026-05-27 11:59:59.999000+00:00,1
2026-05-27 12:00:00+00:00,3.518e-06,3.601e-06,3.483e-06,3.568e-06,921791.9,2026-05-27 15:59:59.999000+00:00,1
2026-05-27 16:00:00+00:00,3.569e-06,3.583e-06,3.486e-06,3.531e-06,406651.6,2026-05-27 19:59:59.999000+00:00,1
2026-05-27 20:00:00+00:00,3.531e-06,3.544e-06,3.431e-06,3.469e-06,399844.6,2026-05-27 23:59:59.999000+00:00,1
2026-05-28 00:00:00+00:00,3.468e-06,3.478e-06,3.371e-06,3.379e-06,848034.6,2026-05-28 03:59:59.999000+00:00,1
2026-05-28 04:00:00+00:00,3.379e-06,3.384e-06,3.292e-06,3.364e-06,1007762.5,2026-05-28 07:59:59.999000+00:00,1
2026-05-28 08:00:00+00:00,3.364e-06,3.37e-06,3.315e-06,3.318e-06,310718.0,2026-05-28 11:59:59.999000+00:00,1
2026-05-28 12:00:00+00:00,3.319e-06,3.353e-06,3.275e-06,3.333e-06,787284.0,2026-05-28 15:59:59.999000+00:00,1
2026-05-28 16:00:00+00:00,3.333e-06,3.436e-06,3.32e-06,3.389e-06,440440.9,2026-05-28 19:59:59.999000+00:00,1
2026-05-28 20:00:00+00:00,3.389e-06,3.426e-06,3.367e-06,3.38e-06,256059.5,2026-05-28 23:59:59.999000+00:00,1
2026-05-29 00:00:00+00:00,3.379e-06,3.408e-06,3.369e-06,3.374e-06,165718.2,2026-05-29 03:59:59.999000+00:00,1
2026-05-29 04:00:00+00:00,3.374e-06,3.421e-06,3.35e-06,3.393e-06,256319.7,2026-05-29 07:59:59.999000+00:00,1
2026-05-29 08:00:00+00:00,3.393e-06,3.411e-06,3.345e-06,3.362e-06,230948.4,2026-05-29 11:59:59.999000+00:00,1
2026-05-29 12:00:00+00:00,3.361e-06,3.456e-06,3.305e-06,3.421e-06,1181589.5,2026-05-29 15:59:59.999000+00:00,1
2026-05-29 16:00:00+00:00,3.421e-06,3.449e-06,3.363e-06,3.395e-06,489214.1,2026-05-29 19:59:59.999000+00:00,1
2026-05-29 20:00:00+00:00,3.395e-06,3.408e-06,3.367e-06,3.385e-06,195808.0,2026-05-29 23:59:59.999000+00:00,1
2026-05-30 00:00:00+00:00,3.385e-06,3.455e-06,3.378e-06,3.427e-06,267559.5,2026-05-30 03:59:59.999000+00:00,1
2026-05-30 04:00:00+00:00,3.427e-06,3.44e-06,3.38e-06,3.422e-06,301727.5,2026-05-30 07:59:59.999000+00:00,1
2026-05-30 08:00:00+00:00,3.423e-06,3.425e-06,3.401e-06,3.416e-06,149403.7,2026-05-30 11:59:59.999000+00:00,1
2026-05-30 12:00:00+00:00,3.417e-06,3.448e-06,3.402e-06,3.433e-06,197892.7,2026-05-30 15:59:59.999000+00:00,1
2026-05-30 16:00:00+00:00,3.433e-06,3.455e-06,3.418e-06,3.44e-06,145733.7,2026-05-30 19:59:59.999000+00:00,1
2026-05-30 20:00:00+00:00,3.439e-06,3.446e-06,3.394e-06,3.408e-06,213114.0,2026-05-30 23:59:59.999000+00:00,1
2026-05-31 00:00:00+00:00,3.409e-06,3.454e-06,3.401e-06,3.447e-06,267870.7,2026-05-31 03:59:59.999000+00:00,1
2026-05-31 04:00:00+00:00,3.447e-06,3.469e-06,3.412e-06,3.424e-06,266779.5,2026-05-31 07:59:59.999000+00:00,1
2026-05-31 08:00:00+00:00,3.424e-06,3.441e-06,3.408e-06,3.431e-06,180849.7,2026-05-31 11:59:59.999000+00:00,1
2026-05-31 12:00:00+00:00,3.431e-06,3.444e-06,3.356e-06,3.376e-06,496635.5,2026-05-31 15:59:59.999000+00:00,1
2026-05-31 16:00:00+00:00,3.376e-06,3.383e-06,3.337e-06,3.365e-06,278454.5,2026-05-31 19:59:59.999000+00:00,1
2026-05-31 20:00:00+00:00,3.366e-06,3.445e-06,3.366e-06,3.422e-06,260648.3,2026-05-31 23:59:59.999000+00:00,1
2026-06-01 00:00:00+00:00,3.422e-06,3.449e-06,3.372e-06,3.431e-06,329355.0,2026-06-01 03:59:59.999000+00:00,1
2026-06-01 04:00:00+00:00,3.431e-06,3.442e-06,3.331e-06,3.341e-06,491745.0,2026-06-01 07:59:59.999000+00:00,1
2026-06-01 08:00:00+00:00,3.34e-06,3.377e-06,3.329e-06,3.352e-06,329263.2,2026-06-01 11:59:59.999000+00:00,1
2026-06-01 12:00:00+00:00,3.352e-06,3.368e-06,3.308e-06,3.339e-06,1011438.1,2026-06-01 15:59:59.999000+00:00,1
2026-06-01 16:00:00+00:00,3.339e-06,3.425e-06,3.32e-06,3.421e-06,532277.6,2026-06-01 19:59:59.999000+00:00,1
2026-06-01 20:00:00+00:00,3.422e-06,3.428e-06,3.361e-06,3.416e-06,284815.5,2026-06-01 23:59:59.999000+00:00,1
2026-06-02 00:00:00+00:00,3.417e-06,3.422e-06,3.332e-06,3.403e-06,333831.4,2026-06-02 03:59:59.999000+00:00,1
2026-06-02 04:00:00+00:00,3.403e-06,3.408e-06,3.295e-06,3.33e-06,628329.2,2026-06-02 07:59:59.999000+00:00,1
2026-06-02 08:00:00+00:00,3.33e-06,3.347e-06,3.305e-06,3.317e-06,377386.2,2026-06-02 11:59:59.999000+00:00,1
2026-06-02 12:00:00+00:00,3.316e-06,3.346e-06,3.133e-06,3.184e-06,1745257.1,2026-06-02 15:59:59.999000+00:00,1
2026-06-02 16:00:00+00:00,3.185e-06,3.247e-06,3.086e-06,3.161e-06,1098192.8,2026-06-02 19:59:59.999000+00:00,1
2026-06-02 20:00:00+00:00,3.161e-06,3.192e-06,3.039e-06,3.11e-06,998696.4,2026-06-02 23:59:59.999000+00:00,1
2026-06-03 00:00:00+00:00,3.111e-06,3.141e-06,3.042e-06,3.062e-06,560240.5,2026-06-03 03:59:59.999000+00:00,1
2026-06-03 04:00:00+00:00,3.062e-06,3.233e-06,3.061e-06,3.215e-06,680638.6,2026-06-03 07:59:59.999000+00:00,1
2026-06-03 08:00:00+00:00,3.214e-06,3.247e-06,3.197e-06,3.218e-06,493751.2,2026-06-03 11:59:59.999000+00:00,1
2026-06-03 12:00:00+00:00,3.218e-06,3.23e-06,3.159e-06,3.163e-06,703375.9,2026-06-03 15:59:59.999000+00:00,1
2026-06-03 16:00:00+00:00,3.164e-06,3.193e-06,3.106e-06,3.129e-06,886929.4,2026-06-03 19:59:59.999000+00:00,1
2026-06-03 20:00:00+00:00,3.129e-06,3.195e-06,3.075e-06,3.12e-06,804766.3,2026-06-03 23:59:59.999000+00:00,1
2026-06-04 00:00:00+00:00,3.12e-06,3.143e-06,2.839e-06,3.097e-06,2173351.1,2026-06-04 03:59:59.999000+00:00,1
2026-06-04 04:00:00+00:00,3.098e-06,3.113e-06,2.988e-06,2.989e-06,928115.1,2026-06-04 07:59:59.999000+00:00,1
2026-06-04 08:00:00+00:00,2.99e-06,3.009e-06,2.897e-06,2.96e-06,1346914.0,2026-06-04 11:59:59.999000+00:00,1
2026-06-04 12:00:00+00:00,2.961e-06,3.041e-06,2.932e-06,3.011e-06,1050088.3,2026-06-04 15:59:59.999000+00:00,1
2026-06-04 16:00:00+00:00,3.012e-06,3.034e-06,2.963e-06,2.997e-06,598030.6,2026-06-04 19:59:59.999000+00:00,1
2026-06-04 20:00:00+00:00,2.997e-06,2.999e-06,2.883e-06,2.951e-06,865789.0,2026-06-04 23:59:59.999000+00:00,1
2026-06-05 00:00:00+00:00,2.951e-06,2.961e-06,2.856e-06,2.867e-06,883636.3,2026-06-05 03:59:59.999000+00:00,1
2026-06-05 04:00:00+00:00,2.867e-06,2.922e-06,2.676e-06,2.797e-06,2918123.1,2026-06-05 07:59:59.999000+00:00,1
2026-06-05 08:00:00+00:00,2.799e-06,2.811e-06,2.735e-06,2.78e-06,1272566.7,2026-06-05 11:59:59.999000+00:00,1
2026-06-05 12:00:00+00:00,2.779e-06,2.823e-06,2.661e-06,2.687e-06,2861029.4,2026-06-05 15:59:59.999000+00:00,1
2026-06-05 16:00:00+00:00,2.687e-06,2.794e-06,2.597e-06,2.683e-06,2898055.3,2026-06-05 19:59:59.999000+00:00,1
2026-06-05 20:00:00+00:00,2.683e-06,2.779e-06,2.645e-06,2.691e-06,1340858.6,2026-06-05 23:59:59.999000+00:00,1
2026-06-06 00:00:00+00:00,2.692e-06,2.749e-06,2.641e-06,2.655e-06,719829.6,2026-06-06 03:59:59.999000+00:00,1
2026-06-06 04:00:00+00:00,2.654e-06,2.692e-06,2.506e-06,2.676e-06,1974792.4,2026-06-06 07:59:59.999000+00:00,1
2026-06-06 08:00:00+00:00,2.676e-06,2.736e-06,2.617e-06,2.667e-06,1375694.4,2026-06-06 11:59:59.999000+00:00,1
2026-06-06 12:00:00+00:00,2.667e-06,2.72e-06,2.64e-06,2.666e-06,1060793.3,2026-06-06 15:59:59.999000+00:00,1
2026-06-06 16:00:00+00:00,2.666e-06,2.688e-06,2.63e-06,2.64e-06,712569.4,2026-06-06 19:59:59.999000+00:00,1
2026-06-06 20:00:00+00:00,2.64e-06,2.685e-06,2.629e-06,2.679e-06,421544.7,2026-06-06 23:59:59.999000+00:00,1
2026-06-07 00:00:00+00:00,2.68e-06,2.761e-06,2.665e-06,2.725e-06,936232.3,2026-06-07 03:59:59.999000+00:00,1
2026-06-07 04:00:00+00:00,2.724e-06,2.767e-06,2.707e-06,2.756e-06,683703.4,2026-06-07 07:59:59.999000+00:00,1
2026-06-07 08:00:00+00:00,2.755e-06,2.812e-06,2.742e-06,2.771e-06,879630.9,2026-06-07 11:59:59.999000+00:00,1
2026-06-07 12:00:00+00:00,2.772e-06,2.779e-06,2.712e-06,2.766e-06,877238.0,2026-06-07 15:59:59.999000+00:00,1
2026-06-07 16:00:00+00:00,2.767e-06,2.792e-06,2.689e-06,2.703e-06,667997.2,2026-06-07 19:59:59.999000+00:00,1
2026-06-07 20:00:00+00:00,2.702e-06,2.89e-06,2.695e-06,2.815e-06,1348668.8,2026-06-07 23:59:59.999000+00:00,1
2026-06-08 00:00:00+00:00,2.814e-06,2.841e-06,2.762e-06,2.813e-06,586581.5,2026-06-08 03:59:59.999000+00:00,1
2026-06-08 04:00:00+00:00,2.813e-06,2.814e-06,2.74e-06,2.794e-06,499720.5,2026-06-08 07:59:59.999000+00:00,1
2026-06-08 08:00:00+00:00,2.794e-06,2.838e-06,2.767e-06,2.822e-06,539951.8,2026-06-08 11:59:59.999000+00:00,1
2026-06-08 12:00:00+00:00,2.823e-06,2.868e-06,2.793e-06,2.833e-06,756989.9,2026-06-08 15:59:59.999000+00:00,1
2026-06-08 16:00:00+00:00,2.834e-06,2.854e-06,2.806e-06,2.834e-06,431934.0,2026-06-08 19:59:59.999000+00:00,1
2026-06-08 20:00:00+00:00,2.835e-06,2.868e-06,2.802e-06,2.812e-06,446726.0,2026-06-08 23:59:59.999000+00:00,1
2026-06-09 00:00:00+00:00,2.811e-06,2.82e-06,2.746e-06,2.776e-06,556330.5,2026-06-09 03:59:59.999000+00:00,1
2026-06-09 04:00:00+00:00,2.775e-06,2.841e-06,2.769e-06,2.811e-06,514530.8,2026-06-09 07:59:59.999000+00:00,1
2026-06-09 08:00:00+00:00,2.812e-06,2.814e-06,2.776e-06,2.797e-06,411778.4,2026-06-09 11:59:59.999000+00:00,1
2026-06-09 12:00:00+00:00,2.797e-06,2.82e-06,2.723e-06,2.734e-06,917794.9,2026-06-09 15:59:59.999000+00:00,1
2026-06-09 16:00:00+00:00,2.733e-06,2.797e-06,2.688e-06,2.793e-06,1058266.4,2026-06-09 19:59:59.999000+00:00,1
2026-06-09 20:00:00+00:00,2.793e-06,2.813e-06,2.757e-06,2.773e-06,300844.7,2026-06-09 23:59:59.999000+00:00,1
2026-06-10 00:00:00+00:00,2.774e-06,2.787e-06,2.717e-06,2.733e-06,369824.8,2026-06-10 03:59:59.999000+00:00,1
2026-06-10 04:00:00+00:00,2.734e-06,2.758e-06,2.706e-06,2.748e-06,303335.0,2026-06-10 07:59:59.999000+00:00,1
2026-06-10 08:00:00+00:00,2.748e-06,2.752e-06,2.691e-06,2.705e-06,625546.8,2026-06-10 11:59:59.999000+00:00,1
2026-06-10 12:00:00+00:00,2.705e-06,2.806e-06,2.697e-06,2.781e-06,1040782.6,2026-06-10 15:59:59.999000+00:00,1
2026-06-10 16:00:00+00:00,2.782e-06,2.785e-06,2.686e-06,2.69e-06,703667.5,2026-06-10 19:59:59.999000+00:00,1
2026-06-10 20:00:00+00:00,2.689e-06,2.699e-06,2.639e-06,2.688e-06,542909.3,2026-06-10 23:59:59.999000+00:00,1
2026-06-11 00:00:00+00:00,2.689e-06,2.783e-06,2.689e-06,2.772e-06,580264.5,2026-06-11 03:59:59.999000+00:00,1
2026-06-11 04:00:00+00:00,2.772e-06,2.787e-06,2.748e-06,2.757e-06,473111.8,2026-06-11 07:59:59.999000+00:00,1
2026-06-11 08:00:00+00:00,2.758e-06,2.784e-06,2.744e-06,2.764e-06,462890.0,2026-06-11 11:59:59.999000+00:00,1
2026-06-11 12:00:00+00:00,2.765e-06,2.781e-06,2.721e-06,2.768e-06,775408.0,2026-06-11 15:59:59.999000+00:00,1
2026-06-11 16:00:00+00:00,2.769e-06,2.84e-06,2.733e-06,2.798e-06,1121841.9,2026-06-11 19:59:59.999000+00:00,1
2026-06-11 20:00:00+00:00,2.798e-06,2.813e-06,2.774e-06,2.785e-06,328882.5,2026-06-11 23:59:59.999000+00:00,1
2026-06-12 00:00:00+00:00,2.785e-06,2.811e-06,2.772e-06,2.808e-06,306119.9,2026-06-12 03:59:59.999000+00:00,1
2026-06-12 04:00:00+00:00,2.809e-06,2.818e-06,2.75e-06,2.786e-06,478683.8,2026-06-12 07:59:59.999000+00:00,1
2026-06-12 08:00:00+00:00,2.787e-06,2.851e-06,2.784e-06,2.823e-06,572219.0,2026-06-12 11:59:59.999000+00:00,1
2026-06-12 12:00:00+00:00,2.823e-06,2.874e-06,2.78e-06,2.801e-06,1256951.7,2026-06-12 15:59:59.999000+00:00,1
2026-06-12 16:00:00+00:00,2.801e-06,2.843e-06,2.791e-06,2.818e-06,579253.9,2026-06-12 19:59:59.999000+00:00,1
2026-06-12 20:00:00+00:00,2.819e-06,2.828e-06,2.792e-06,2.804e-06,203656.3,2026-06-12 23:59:59.999000+00:00,1
2026-06-13 00:00:00+00:00,2.804e-06,2.84e-06,2.797e-06,2.814e-06,275516.6,2026-06-13 03:59:59.999000+00:00,1
2026-06-13 04:00:00+00:00,2.814e-06,2.849e-06,2.786e-06,2.833e-06,494961.9,2026-06-13 07:59:59.999000+00:00,1
2026-06-13 08:00:00+00:00,2.833e-06,2.856e-06,2.823e-06,2.855e-06,299453.5,2026-06-13 11:59:59.999000+00:00,1
2026-06-13 12:00:00+00:00,2.856e-06,2.872e-06,2.842e-06,2.867e-06,467650.7,2026-06-13 15:59:59.999000+00:00,1
2026-06-13 16:00:00+00:00,2.867e-06,2.868e-06,2.835e-06,2.846e-06,402393.9,2026-06-13 19:59:59.999000+00:00,1
2026-06-13 20:00:00+00:00,2.846e-06,2.884e-06,2.833e-06,2.852e-06,290215.6,2026-06-13 23:59:59.999000+00:00,1
2026-06-14 00:00:00+00:00,2.852e-06,2.858e-06,2.837e-06,2.851e-06,203727.2,2026-06-14 03:59:59.999000+00:00,1
2026-06-14 04:00:00+00:00,2.852e-06,2.852e-06,2.81e-06,2.82e-06,282771.7,2026-06-14 07:59:59.999000+00:00,1
2026-06-14 08:00:00+00:00,2.82e-06,2.839e-06,2.802e-06,2.818e-06,307642.8,2026-06-14 11:59:59.999000+00:00,1
2026-06-14 12:00:00+00:00,2.818e-06,2.821e-06,2.768e-06,2.782e-06,486676.6,2026-06-14 15:59:59.999000+00:00,1
2026-06-14 16:00:00+00:00,2.782e-06,2.794e-06,2.761e-06,2.772e-06,318239.0,2026-06-14 19:59:59.999000+00:00,1
2026-06-14 20:00:00+00:00,2.772e-06,2.924e-06,2.768e-06,2.916e-06,820346.0,2026-06-14 23:59:59.999000+00:00,1
2026-06-15 00:00:00+00:00,2.917e-06,2.934e-06,2.876e-06,2.915e-06,474942.3,2026-06-15 03:59:59.999000+00:00,1
2026-06-15 04:00:00+00:00,2.916e-06,2.931e-06,2.896e-06,2.899e-06,318581.3,2026-06-15 07:59:59.999000+00:00,1
2026-06-15 08:00:00+00:00,2.899e-06,2.993e-06,2.888e-06,2.979e-06,751921.8,2026-06-15 11:59:59.999000+00:00,1
2026-06-15 12:00:00+00:00,2.979e-06,3.046e-06,2.959e-06,3.042e-06,1092210.3,2026-06-15 15:59:59.999000+00:00,1
2026-06-15 16:00:00+00:00,3.043e-06,3.133e-06,2.968e-06,2.985e-06,1217358.1,2026-06-15 19:59:59.999000+00:00,1
2026-06-15 20:00:00+00:00,2.985e-06,2.993e-06,2.917e-06,2.944e-06,484951.8,2026-06-15 23:59:59.999000+00:00,1
2026-06-16 00:00:00+00:00,2.944e-06,2.959e-06,2.899e-06,2.957e-06,462905.4,2026-06-16 03:59:59.999000+00:00,1
2026-06-16 04:00:00+00:00,2.957e-06,2.965e-06,2.917e-06,2.963e-06,343578.9,2026-06-16 07:59:59.999000+00:00,1
2026-06-16 08:00:00+00:00,2.963e-06,3.011e-06,2.95e-06,2.966e-06,484015.8,2026-06-16 11:59:59.999000+00:00,1
2026-06-16 12:00:00+00:00,2.967e-06,3.006e-06,2.89e-06,2.933e-06,788674.3,2026-06-16 15:59:59.999000+00:00,1
2026-06-16 16:00:00+00:00,2.933e-06,2.997e-06,2.92e-06,2.953e-06,399498.0,2026-06-16 19:59:59.999000+00:00,1
2026-06-16 20:00:00+00:00,2.953e-06,2.98e-06,2.945e-06,2.947e-06,144799.0,2026-06-16 23:59:59.999000+00:00,1
2026-06-17 00:00:00+00:00,2.948e-06,3.017e-06,2.948e-06,2.985e-06,447679.4,2026-06-17 03:59:59.999000+00:00,1
2026-06-17 04:00:00+00:00,2.985e-06,3.003e-06,2.951e-06,2.966e-06,301885.1,2026-06-17 07:59:59.999000+00:00,1
2026-06-17 08:00:00+00:00,2.967e-06,2.968e-06,2.908e-06,2.922e-06,327051.8,2026-06-17 11:59:59.999000+00:00,1
2026-06-17 12:00:00+00:00,2.923e-06,3.013e-06,2.912e-06,3.012e-06,577647.0,2026-06-17 15:59:59.999000+00:00,1
2026-06-17 16:00:00+00:00,3.012e-06,3.033e-06,2.88e-06,2.898e-06,1360986.2,2026-06-17 19:59:59.999000+00:00,1
2026-06-17 20:00:00+00:00,2.899e-06,2.952e-06,2.877e-06,2.945e-06,385124.4,2026-06-17 23:59:59.999000+00:00,1
2026-06-18 00:00:00+00:00,2.945e-06,2.966e-06,2.901e-06,2.902e-06,263947.5,2026-06-18 03:59:59.999000+00:00,1
2026-06-18 04:00:00+00:00,2.903e-06,2.905e-06,2.84e-06,2.898e-06,580174.8,2026-06-18 07:59:59.999000+00:00,1
2026-06-18 08:00:00+00:00,2.899e-06,2.92e-06,2.866e-06,2.872e-06,299872.3,2026-06-18 11:59:59.999000+00:00,1
2026-06-18 12:00:00+00:00,2.873e-06,2.909e-06,2.768e-06,2.774e-06,1076970.2,2026-06-18 15:59:59.999000+00:00,1
2026-06-18 16:00:00+00:00,2.773e-06,2.834e-06,2.768e-06,2.827e-06,486975.7,2026-06-18 19:59:59.999000+00:00,1
2026-06-18 20:00:00+00:00,2.828e-06,2.855e-06,2.819e-06,2.848e-06,241277.0,2026-06-18 23:59:59.999000+00:00,1
2026-06-19 00:00:00+00:00,2.848e-06,2.871e-06,2.794e-06,2.817e-06,639652.7,2026-06-19 03:59:59.999000+00:00,1
2026-06-19 04:00:00+00:00,2.817e-06,2.826e-06,2.77e-06,2.783e-06,460383.9,2026-06-19 07:59:59.999000+00:00,1
2026-06-19 08:00:00+00:00,2.784e-06,2.801e-06,2.775e-06,2.788e-06,313947.7,2026-06-19 11:59:59.999000+00:00,1
2026-06-19 12:00:00+00:00,2.789e-06,2.843e-06,2.769e-06,2.825e-06,528160.2,2026-06-19 15:59:59.999000+00:00,1
2026-06-19 16:00:00+00:00,2.825e-06,2.837e-06,2.796e-06,2.805e-06,369446.4,2026-06-19 19:59:59.999000+00:00,1
2026-06-19 20:00:00+00:00,2.805e-06,2.837e-06,2.797e-06,2.826e-06,305190.7,2026-06-19 23:59:59.999000+00:00,1
2026-06-20 00:00:00+00:00,2.826e-06,2.85e-06,2.809e-06,2.824e-06,219454.6,2026-06-20 03:59:59.999000+00:00,1
2026-06-20 04:00:00+00:00,2.824e-06,2.866e-06,2.82e-06,2.84e-06,235165.4,2026-06-20 07:59:59.999000+00:00,1
2026-06-20 08:00:00+00:00,2.841e-06,2.853e-06,2.83e-06,2.834e-06,211802.2,2026-06-20 11:59:59.999000+00:00,1
2026-06-20 12:00:00+00:00,2.834e-06,2.857e-06,2.786e-06,2.837e-06,683546.0,2026-06-20 15:59:59.999000+00:00,1
2026-06-20 16:00:00+00:00,2.838e-06,2.838e-06,2.8e-06,2.818e-06,193044.5,2026-06-20 19:59:59.999000+00:00,1
2026-06-20 20:00:00+00:00,2.818e-06,2.856e-06,2.811e-06,2.836e-06,189441.8,2026-06-20 23:59:59.999000+00:00,1
2026-06-21 00:00:00+00:00,2.836e-06,2.851e-06,2.827e-06,2.842e-06,144317.9,2026-06-21 03:59:59.999000+00:00,1
2026-06-21 04:00:00+00:00,2.843e-06,2.845e-06,2.811e-06,2.828e-06,259294.5,2026-06-21 07:59:59.999000+00:00,1
2026-06-21 08:00:00+00:00,2.829e-06,2.849e-06,2.811e-06,2.821e-06,258426.1,2026-06-21 11:59:59.999000+00:00,1
2026-06-21 12:00:00+00:00,2.821e-06,2.847e-06,2.815e-06,2.844e-06,192143.1,2026-06-21 15:59:59.999000+00:00,1
2026-06-21 16:00:00+00:00,2.844e-06,2.847e-06,2.822e-06,2.841e-06,149201.3,2026-06-21 19:59:59.999000+00:00,1
2026-06-21 20:00:00+00:00,2.842e-06,2.845e-06,2.779e-06,2.787e-06,417860.4,2026-06-21 23:59:59.999000+00:00,1
2026-06-22 00:00:00+00:00,2.787e-06,2.876e-06,2.786e-06,2.817e-06,507070.0,2026-06-22 03:59:59.999000+00:00,1
2026-06-22 04:00:00+00:00,2.816e-06,2.851e-06,2.81e-06,2.842e-06,225058.8,2026-06-22 07:59:59.999000+00:00,1
2026-06-22 08:00:00+00:00,2.843e-06,2.88e-06,2.831e-06,2.874e-06,299973.6,2026-06-22 11:59:59.999000+00:00,1
2026-06-22 12:00:00+00:00,2.873e-06,2.91e-06,2.84e-06,2.848e-06,732269.2,2026-06-22 15:59:59.999000+00:00,1
2026-06-22 16:00:00+00:00,2.848e-06,2.859e-06,2.81e-06,2.82e-06,461661.5,2026-06-22 19:59:59.999000+00:00,1
2026-06-22 20:00:00+00:00,2.819e-06,2.831e-06,2.786e-06,2.807e-06,283853.3,2026-06-22 23:59:59.999000+00:00,1
2026-06-23 00:00:00+00:00,2.807e-06,2.824e-06,2.788e-06,2.814e-06,286819.7,2026-06-23 03:59:59.999000+00:00,1
2026-06-23 04:00:00+00:00,2.814e-06,2.816e-06,2.706e-06,2.728e-06,805200.2,2026-06-23 07:59:59.999000+00:00,1
2026-06-23 08:00:00+00:00,2.729e-06,2.735e-06,2.66e-06,2.724e-06,725106.3,2026-06-23 11:59:59.999000+00:00,1
2026-06-23 12:00:00+00:00,2.725e-06,2.754e-06,2.689e-06,2.708e-06,538576.0,2026-06-23 15:59:59.999000+00:00,1
2026-06-23 16:00:00+00:00,2.707e-06,2.727e-06,2.667e-06,2.687e-06,422168.4,2026-06-23 19:59:59.999000+00:00,1
2026-06-23 20:00:00+00:00,2.688e-06,2.707e-06,2.68e-06,2.692e-06,167505.1,2026-06-23 23:59:59.999000+00:00,1
2026-06-24 00:00:00+00:00,2.692e-06,2.716e-06,2.671e-06,2.684e-06,236671.0,2026-06-24 03:59:59.999000+00:00,1
2026-06-24 04:00:00+00:00,2.684e-06,2.687e-06,2.637e-06,2.658e-06,485101.4,2026-06-24 07:59:59.999000+00:00,1
2026-06-24 08:00:00+00:00,2.658e-06,2.679e-06,2.614e-06,2.656e-06,550582.7,2026-06-24 11:59:59.999000+00:00,1
2026-06-24 12:00:00+00:00,2.656e-06,2.662e-06,2.514e-06,2.52e-06,1276056.5,2026-06-24 15:59:59.999000+00:00,1
2026-06-24 16:00:00+00:00,2.519e-06,2.541e-06,2.415e-06,2.482e-06,1678384.5,2026-06-24 19:59:59.999000+00:00,1
2026-06-24 20:00:00+00:00,2.482e-06,2.546e-06,2.476e-06,2.529e-06,548675.0,2026-06-24 23:59:59.999000+00:00,1
2026-06-25 00:00:00+00:00,2.53e-06,2.551e-06,2.508e-06,2.512e-06,268985.7,2026-06-25 03:59:59.999000+00:00,1
2026-06-25 04:00:00+00:00,2.513e-06,2.563e-06,2.508e-06,2.538e-06,335240.3,2026-06-25 07:59:59.999000+00:00,1
2026-06-25 08:00:00+00:00,2.538e-06,2.543e-06,2.482e-06,2.487e-06,363369.1,2026-06-25 11:59:59.999000+00:00,1
2026-06-25 12:00:00+00:00,2.488e-06,2.502e-06,2.301e-06,2.369e-06,2812534.7,2026-06-25 15:59:59.999000+00:00,1
2026-06-25 16:00:00+00:00,2.37e-06,2.393e-06,2.304e-06,2.318e-06,1120437.3,2026-06-25 19:59:59.999000+00:00,1
2026-06-25 20:00:00+00:00,2.319e-06,2.371e-06,2.308e-06,2.355e-06,483592.6,2026-06-25 23:59:59.999000+00:00,1
2026-06-26 00:00:00+00:00,2.355e-06,2.36e-06,2.27e-06,2.338e-06,1276767.0,2026-06-26 03:59:59.999000+00:00,1
2026-06-26 04:00:00+00:00,2.338e-06,2.389e-06,2.319e-06,2.375e-06,594170.5,2026-06-26 07:59:59.999000+00:00,1
2026-06-26 08:00:00+00:00,2.374e-06,2.378e-06,2.291e-06,2.316e-06,647081.9,2026-06-26 11:59:59.999000+00:00,1
2026-06-26 12:00:00+00:00,2.316e-06,2.382e-06,2.293e-06,2.367e-06,1195496.3,2026-06-26 15:59:59.999000+00:00,1
2026-06-26 16:00:00+00:00,2.368e-06,2.412e-06,2.36e-06,2.385e-06,692492.6,2026-06-26 19:59:59.999000+00:00,1
2026-06-26 20:00:00+00:00,2.386e-06,2.413e-06,2.364e-06,2.385e-06,319306.9,2026-06-26 23:59:59.999000+00:00,1
2026-06-27 00:00:00+00:00,2.384e-06,2.43e-06,2.373e-06,2.413e-06,360562.9,2026-06-27 03:59:59.999000+00:00,1
2026-06-27 04:00:00+00:00,2.413e-06,2.436e-06,2.405e-06,2.424e-06,382389.1,2026-06-27 07:59:59.999000+00:00,1
2026-06-27 08:00:00+00:00,2.425e-06,2.427e-06,2.392e-06,2.403e-06,211276.0,2026-06-27 11:59:59.999000+00:00,1
2026-06-27 12:00:00+00:00,2.403e-06,2.455e-06,2.395e-06,2.444e-06,345312.9,2026-06-27 15:59:59.999000+00:00,1
2026-06-27 16:00:00+00:00,2.444e-06,2.454e-06,2.374e-06,2.389e-06,509358.7,2026-06-27 19:59:59.999000+00:00,1
2026-06-27 20:00:00+00:00,2.389e-06,2.394e-06,2.354e-06,2.372e-06,255705.1,2026-06-27 23:59:59.999000+00:00,1
2026-06-28 00:00:00+00:00,2.372e-06,2.386e-06,2.365e-06,2.382e-06,192641.0,2026-06-28 03:59:59.999000+00:00,1
2026-06-28 04:00:00+00:00,2.382e-06,2.385e-06,2.351e-06,2.383e-06,272935.0,2026-06-28 07:59:59.999000+00:00,1
2026-06-28 08:00:00+00:00,2.384e-06,2.407e-06,2.372e-06,2.402e-06,361144.6,2026-06-28 11:59:59.999000+00:00,1
2026-06-28 12:00:00+00:00,2.402e-06,2.41e-06,2.371e-06,2.389e-06,300889.3,2026-06-28 15:59:59.999000+00:00,1
2026-06-28 16:00:00+00:00,2.39e-06,2.394e-06,2.344e-06,2.36e-06,401674.7,2026-06-28 19:59:59.999000+00:00,1
2026-06-28 20:00:00+00:00,2.359e-06,2.383e-06,2.314e-06,2.353e-06,395167.1,2026-06-28 23:59:59.999000+00:00,1
2026-06-29 00:00:00+00:00,2.353e-06,2.393e-06,2.318e-06,2.377e-06,388327.7,2026-06-29 03:59:59.999000+00:00,1
2026-06-29 04:00:00+00:00,2.376e-06,2.384e-06,2.331e-06,2.351e-06,345603.6,2026-06-29 07:59:59.999000+00:00,1
2026-06-29 08:00:00+00:00,2.35e-06,2.37e-06,2.327e-06,2.345e-06,394298.5,2026-06-29 11:59:59.999000+00:00,1
2026-06-29 12:00:00+00:00,2.344e-06,2.388e-06,2.303e-06,2.355e-06,969430.8,2026-06-29 15:59:59.999000+00:00,1
2026-06-29 16:00:00+00:00,2.355e-06,2.415e-06,2.327e-06,2.395e-06,606404.0,2026-06-29 19:59:59.999000+00:00,1
2026-06-29 20:00:00+00:00,2.396e-06,2.396e-06,2.341e-06,2.352e-06,314748.6,2026-06-29 23:59:59.999000+00:00,1
2026-06-30 00:00:00+00:00,2.352e-06,2.36e-06,2.321e-06,2.337e-06,333185.6,2026-06-30 03:59:59.999000+00:00,1
2026-06-30 04:00:00+00:00,2.337e-06,2.354e-06,2.327e-06,2.334e-06,259841.0,2026-06-30 07:59:59.999000+00:00,1
2026-06-30 08:00:00+00:00,2.333e-06,2.348e-06,2.316e-06,2.329e-06,339455.7,2026-06-30 11:59:59.999000+00:00,1
2026-06-30 12:00:00+00:00,2.328e-06,2.35e-06,2.287e-06,2.313e-06,936071.3,2026-06-30 15:59:59.999000+00:00,1
2026-06-30 16:00:00+00:00,2.313e-06,2.362e-06,2.31e-06,2.334e-06,435006.9,2026-06-30 19:59:59.999000+00:00,1
2026-06-30 20:00:00+00:00,2.333e-06,2.339e-06,2.312e-06,2.326e-06,229817.4,2026-06-30 23:59:59.999000+00:00,1
2026-07-01 00:00:00+00:00,2.326e-06,2.34e-06,2.254e-06,2.335e-06,753533.4,2026-07-01 03:59:59.999000+00:00,1
2026-07-01 04:00:00+00:00,2.336e-06,2.346e-06,2.236e-06,2.271e-06,959700.8,2026-07-01 07:59:59.999000+00:00,1
2026-07-01 08:00:00+00:00,2.271e-06,2.286e-06,2.255e-06,2.26e-06,401328.4,2026-07-01 11:59:59.999000+00:00,1
2026-07-01 12:00:00+00:00,2.261e-06,2.366e-06,2.224e-06,2.36e-06,1271302.5,2026-07-01 15:59:59.999000+00:00,1
2026-07-01 16:00:00+00:00,2.361e-06,2.37e-06,2.31e-06,2.313e-06,474101.8,2026-07-01 19:59:59.999000+00:00,1
2026-07-01 20:00:00+00:00,2.313e-06,2.397e-06,2.302e-06,2.322e-06,484048.4,2026-07-01 23:59:59.999000+00:00,1
2026-07-02 00:00:00+00:00,2.322e-06,2.391e-06,2.298e-06,2.39e-06,582522.7,2026-07-02 03:59:59.999000+00:00,1
2026-07-02 04:00:00+00:00,2.391e-06,2.394e-06,2.351e-06,2.373e-06,425156.3,2026-07-02 07:59:59.999000+00:00,1
2026-07-02 08:00:00+00:00,2.373e-06,2.444e-06,2.371e-06,2.435e-06,776928.6,2026-07-02 11:59:59.999000+00:00,1
2026-07-02 12:00:00+00:00,2.434e-06,2.493e-06,2.422e-06,2.436e-06,1371669.2,2026-07-02 15:59:59.999000+00:00,1
2026-07-02 16:00:00+00:00,2.436e-06,2.447e-06,2.415e-06,2.425e-06,414127.7,2026-07-02 19:59:59.999000+00:00,1
2026-07-02 20:00:00+00:00,2.425e-06,2.454e-06,2.42e-06,2.442e-06,325532.9,2026-07-02 23:59:59.999000+00:00,1
2026-07-03 00:00:00+00:00,2.442e-06,2.478e-06,2.429e-06,2.466e-06,411292.9,2026-07-03 03:59:59.999000+00:00,1
2026-07-03 04:00:00+00:00,2.466e-06,2.486e-06,2.449e-06,2.472e-06,270004.2,2026-07-03 07:59:59.999000+00:00,1
2026-07-03 08:00:00+00:00,2.472e-06,2.579e-06,2.469e-06,2.551e-06,1012013.8,2026-07-03 11:59:59.999000+00:00,1
2026-07-03 12:00:00+00:00,2.552e-06,2.6e-06,2.526e-06,2.555e-06,818129.0,2026-07-03 15:59:59.999000+00:00,1
2026-07-03 16:00:00+00:00,2.555e-06,2.614e-06,2.538e-06,2.603e-06,444524.6,2026-07-03 19:59:59.999000+00:00,1
2026-07-03 20:00:00+00:00,2.602e-06,2.836e-06,2.602e-06,2.769e-06,1679524.4,2026-07-03 23:59:59.999000+00:00,1
2026-07-04 00:00:00+00:00,2.769e-06,2.84e-06,2.738e-06,2.824e-06,1230314.4,2026-07-04 03:59:59.999000+00:00,1
2026-07-04 04:00:00+00:00,2.824e-06,2.869e-06,2.716e-06,2.734e-06,1485568.7,2026-07-04 07:59:59.999000+00:00,1
2026-07-04 08:00:00+00:00,2.733e-06,2.736e-06,2.672e-06,2.704e-06,769670.3,2026-07-04 11:59:59.999000+00:00,1
2026-07-04 12:00:00+00:00,2.704e-06,2.767e-06,2.691e-06,2.762e-06,697217.1,2026-07-04 15:59:59.999000+00:00,1
2026-07-04 16:00:00+00:00,2.761e-06,2.796e-06,2.733e-06,2.739e-06,696316.2,2026-07-04 19:59:59.999000+00:00,1
2026-07-04 20:00:00+00:00,2.739e-06,2.751e-06,2.712e-06,2.732e-06,315583.2,2026-07-04 23:59:59.999000+00:00,1
2026-07-05 00:00:00+00:00,2.733e-06,2.738e-06,2.691e-06,2.698e-06,464484.8,2026-07-05 03:59:59.999000+00:00,1
2026-07-05 04:00:00+00:00,2.698e-06,2.718e-06,2.636e-06,2.675e-06,555013.9,2026-07-05 07:59:59.999000+00:00,1
2026-07-05 08:00:00+00:00,2.675e-06,2.683e-06,2.634e-06,2.653e-06,305496.1,2026-07-05 11:59:59.999000+00:00,1
2026-07-05 12:00:00+00:00,2.653e-06,2.735e-06,2.645e-06,2.692e-06,407590.7,2026-07-05 15:59:59.999000+00:00,1
2026-07-05 16:00:00+00:00,2.692e-06,2.717e-06,2.686e-06,2.705e-06,230593.8,2026-07-05 19:59:59.999000+00:00,1
2026-07-05 20:00:00+00:00,2.705e-06,2.805e-06,2.683e-06,2.753e-06,464673.2,2026-07-05 23:59:59.999000+00:00,1
2026-07-06 00:00:00+00:00,2.753e-06,2.781e-06,2.718e-06,2.732e-06,403388.1,2026-07-06 03:59:59.999000+00:00,1
2026-07-06 04:00:00+00:00,2.733e-06,2.735e-06,2.661e-06,2.7e-06,456152.7,2026-07-06 07:59:59.999000+00:00,1
2026-07-06 08:00:00+00:00,2.701e-06,2.716e-06,2.674e-06,2.675e-06,308716.6,2026-07-06 11:59:59.999000+00:00,1
2026-07-06 12:00:00+00:00,2.675e-06,2.739e-06,2.607e-06,2.734e-06,1038262.0,2026-07-06 15:59:59.999000+00:00,1
2026-07-06 16:00:00+00:00,2.734e-06,2.762e-06,2.714e-06,2.734e-06,595117.8,2026-07-06 19:59:59.999000+00:00,1
2026-07-06 20:00:00+00:00,2.734e-06,2.799e-06,2.721e-06,2.732e-06,321659.0,2026-07-06 23:59:59.999000+00:00,1
2026-07-07 00:00:00+00:00,2.732e-06,2.745e-06,2.667e-06,2.674e-06,399403.2,2026-07-07 03:59:59.999000+00:00,1
2026-07-07 04:00:00+00:00,2.674e-06,2.717e-06,2.654e-06,2.68e-06,318921.6,2026-07-07 07:59:59.999000+00:00,1
2026-07-07 08:00:00+00:00,2.681e-06,2.72e-06,2.673e-06,2.7e-06,279476.6,2026-07-07 11:59:59.999000+00:00,1
2026-07-07 12:00:00+00:00,2.7e-06,2.729e-06,2.641e-06,2.713e-06,620683.1,2026-07-07 15:59:59.999000+00:00,1
2026-07-07 16:00:00+00:00,2.714e-06,2.76e-06,2.669e-06,2.693e-06,525973.8,2026-07-07 19:59:59.999000+00:00,1
2026-07-07 20:00:00+00:00,2.693e-06,2.701e-06,2.641e-06,2.663e-06,239944.7,2026-07-07 23:59:59.999000+00:00,1
2026-07-08 00:00:00+00:00,2.662e-06,2.679e-06,2.581e-06,2.605e-06,619925.2,2026-07-08 03:59:59.999000+00:00,1
2026-07-08 04:00:00+00:00,2.606e-06,2.626e-06,2.589e-06,2.624e-06,350775.5,2026-07-08 07:59:59.999000+00:00,1
2026-07-08 08:00:00+00:00,2.624e-06,2.63e-06,2.553e-06,2.585e-06,885186.2,2026-07-08 11:59:59.999000+00:00,1
2026-07-08 12:00:00+00:00,2.585e-06,2.615e-06,2.552e-06,2.574e-06,513319.2,2026-07-08 15:59:59.999000+00:00,1
2026-07-08 16:00:00+00:00,2.573e-06,2.61e-06,2.573e-06,2.596e-06,200085.2,2026-07-08 19:59:59.999000+00:00,1
2026-07-08 20:00:00+00:00,2.597e-06,2.606e-06,2.564e-06,2.603e-06,173682.3,2026-07-08 23:59:59.999000+00:00,1
2026-07-09 00:00:00+00:00,2.602e-06,2.621e-06,2.557e-06,2.584e-06,299425.3,2026-07-09 03:59:59.999000+00:00,1
2026-07-09 04:00:00+00:00,2.583e-06,2.648e-06,2.576e-06,2.621e-06,341588.7,2026-07-09 07:59:59.999000+00:00,1
2026-07-09 08:00:00+00:00,2.621e-06,2.631e-06,2.604e-06,2.615e-06,174911.8,2026-07-09 11:59:59.999000+00:00,1
2026-07-09 12:00:00+00:00,2.616e-06,2.634e-06,2.585e-06,2.596e-06,445853.5,2026-07-09 15:59:59.999000+00:00,1
2026-07-09 16:00:00+00:00,2.596e-06,2.632e-06,2.577e-06,2.612e-06,244369.6,2026-07-09 19:59:59.999000+00:00,1
2026-07-09 20:00:00+00:00,2.613e-06,2.629e-06,2.599e-06,2.603e-06,102645.4,2026-07-09 23:59:59.999000+00:00,1
2026-07-10 00:00:00+00:00,2.604e-06,2.677e-06,2.591e-06,2.665e-06,461642.4,2026-07-10 03:59:59.999000+00:00,1
2026-07-10 04:00:00+00:00,2.666e-06,2.676e-06,2.639e-06,2.648e-06,198997.4,2026-07-10 07:59:59.999000+00:00,1
2026-07-10 08:00:00+00:00,2.648e-06,2.716e-06,2.644e-06,2.696e-06,449629.2,2026-07-10 11:59:59.999000+00:00,1
2026-07-10 12:00:00+00:00,2.697e-06,2.758e-06,2.691e-06,2.753e-06,833801.5,2026-07-10 15:59:59.999000+00:00,1
2026-07-10 16:00:00+00:00,2.755e-06,2.879e-06,2.74e-06,2.817e-06,1633745.9,2026-07-10 19:59:59.999000+00:00,1
2026-07-10 20:00:00+00:00,2.816e-06,2.841e-06,2.785e-06,2.797e-06,340472.8,2026-07-10 23:59:59.999000+00:00,1
2026-07-11 00:00:00+00:00,2.797e-06,2.803e-06,2.754e-06,2.774e-06,339489.8,2026-07-11 03:59:59.999000+00:00,1
2026-07-11 04:00:00+00:00,2.775e-06,2.783e-06,2.745e-06,2.752e-06,234059.4,2026-07-11 07:59:59.999000+00:00,1
2026-07-11 08:00:00+00:00,2.753e-06,2.818e-06,2.752e-06,2.785e-06,476780.3,2026-07-11 11:59:59.999000+00:00,1
2026-07-11 12:00:00+00:00,2.784e-06,2.835e-06,2.772e-06,2.783e-06,471943.1,2026-07-11 15:59:59.999000+00:00,1
2026-07-11 16:00:00+00:00,2.784e-06,2.822e-06,2.775e-06,2.799e-06,300821.9,2026-07-11 19:59:59.999000+00:00,1
2026-07-11 20:00:00+00:00,2.799e-06,2.816e-06,2.705e-06,2.707e-06,419825.8,2026-07-11 23:59:59.999000+00:00,1
2026-07-12 00:00:00+00:00,2.706e-06,2.74e-06,2.675e-06,2.734e-06,491284.7,2026-07-12 03:59:59.999000+00:00,1
2026-07-12 04:00:00+00:00,2.734e-06,2.74e-06,2.686e-06,2.699e-06,236046.7,2026-07-12 07:59:59.999000+00:00,1
2026-07-12 08:00:00+00:00,2.699e-06,2.746e-06,2.697e-06,2.744e-06,216626.8,2026-07-12 11:59:59.999000+00:00,1
2026-07-12 12:00:00+00:00,2.744e-06,2.812e-06,2.735e-06,2.783e-06,515278.6,2026-07-12 15:59:59.999000+00:00,1
2026-07-12 16:00:00+00:00,2.784e-06,2.83e-06,2.763e-06,2.803e-06,332984.0,2026-07-12 19:59:59.999000+00:00,1
2026-07-12 20:00:00+00:00,2.802e-06,2.807e-06,2.742e-06,2.765e-06,192520.3,2026-07-12 23:59:59.999000+00:00,1
2026-07-13 00:00:00+00:00,2.765e-06,2.818e-06,2.703e-06,2.726e-06,570762.0,2026-07-13 03:59:59.999000+00:00,1
2026-07-13 04:00:00+00:00,2.726e-06,2.748e-06,2.711e-06,2.723e-06,257127.1,2026-07-13 07:59:59.999000+00:00,1
2026-07-13 08:00:00+00:00,2.724e-06,2.771e-06,2.715e-06,2.744e-06,276693.3,2026-07-13 11:59:59.999000+00:00,1
2026-07-13 12:00:00+00:00,2.745e-06,2.778e-06,2.72e-06,2.734e-06,638453.3,2026-07-13 15:59:59.999000+00:00,1
2026-07-13 16:00:00+00:00,2.735e-06,2.74e-06,2.661e-06,2.704e-06,638843.0,2026-07-13 19:59:59.999000+00:00,1
2026-07-13 20:00:00+00:00,2.704e-06,2.729e-06,2.635e-06,2.726e-06,279489.3,2026-07-13 23:59:59.999000+00:00,1
2026-07-14 00:00:00+00:00,2.727e-06,2.757e-06,2.703e-06,2.726e-06,345444.2,2026-07-14 03:59:59.999000+00:00,1
2026-07-14 04:00:00+00:00,2.726e-06,2.75e-06,2.726e-06,2.738e-06,167894.4,2026-07-14 07:59:59.999000+00:00,1
2026-07-14 08:00:00+00:00,2.739e-06,2.755e-06,2.716e-06,2.727e-06,193785.0,2026-07-14 11:59:59.999000+00:00,1
2026-07-14 12:00:00+00:00,2.728e-06,2.906e-06,2.722e-06,2.847e-06,1294014.6,2026-07-14 15:59:59.999000+00:00,1
2026-07-14 16:00:00+00:00,2.847e-06,2.858e-06,2.788e-06,2.818e-06,520281.6,2026-07-14 19:59:59.999000+00:00,1
2026-07-14 20:00:00+00:00,2.819e-06,2.833e-06,2.798e-06,2.813e-06,331743.7,2026-07-14 23:59:59.999000+00:00,1
2026-07-15 00:00:00+00:00,2.814e-06,2.815e-06,2.776e-06,2.8e-06,355873.2,2026-07-15 03:59:59.999000+00:00,1
2026-07-15 04:00:00+00:00,2.801e-06,2.812e-06,2.749e-06,2.764e-06,389162.8,2026-07-15 07:59:59.999000+00:00,1
2026-07-15 08:00:00+00:00,2.764e-06,2.794e-06,2.757e-06,2.774e-06,311000.9,2026-07-15 11:59:59.999000+00:00,1
2026-07-15 12:00:00+00:00,2.774e-06,2.944e-06,2.755e-06,2.861e-06,1904915.2,2026-07-15 15:59:59.999000+00:00,1
2026-07-15 16:00:00+00:00,2.861e-06,2.863e-06,2.752e-06,2.782e-06,875466.0,2026-07-15 19:59:59.999000+00:00,1
2026-07-15 20:00:00+00:00,2.783e-06,2.804e-06,2.778e-06,2.785e-06,198942.2,2026-07-15 23:59:59.999000+00:00,1
2026-07-16 00:00:00+00:00,2.785e-06,2.8e-06,2.759e-06,2.772e-06,279081.5,2026-07-16 03:59:59.999000+00:00,1
2026-07-16 04:00:00+00:00,2.771e-06,2.79e-06,2.709e-06,2.721e-06,722272.0,2026-07-16 07:59:59.999000+00:00,1
2026-07-16 08:00:00+00:00,2.722e-06,2.739e-06,2.685e-06,2.727e-06,639779.0,2026-07-16 11:59:59.999000+00:00,1
2026-07-16 12:00:00+00:00,2.727e-06,2.763e-06,2.713e-06,2.755e-06,451265.0,2026-07-16 15:59:59.999000+00:00,1
2026-07-16 16:00:00+00:00,2.755e-06,2.756e-06,2.71e-06,2.743e-06,283367.9,2026-07-16 19:59:59.999000+00:00,1
2026-07-16 20:00:00+00:00,2.743e-06,2.763e-06,2.705e-06,2.723e-06,233534.3,2026-07-16 23:59:59.999000+00:00,1
2026-07-17 00:00:00+00:00,2.722e-06,2.76e-06,2.708e-06,2.749e-06,408105.5,2026-07-17 03:59:59.999000+00:00,1
2026-07-17 04:00:00+00:00,2.75e-06,2.774e-06,2.69e-06,2.715e-06,603434.4,2026-07-17 07:59:59.999000+00:00,1
2026-07-17 08:00:00+00:00,2.714e-06,2.77e-06,2.705e-06,2.724e-06,595569.1,2026-07-17 11:59:59.999000+00:00,1
2026-07-17 12:00:00+00:00,2.724e-06,2.731e-06,2.662e-06,2.715e-06,777920.1,2026-07-17 15:59:59.999000+00:00,1
2026-07-17 16:00:00+00:00,2.715e-06,2.759e-06,2.706e-06,2.747e-06,434113.4,2026-07-17 19:59:59.999000+00:00,1
2026-07-17 20:00:00+00:00,2.746e-06,2.75e-06,2.723e-06,2.74e-06,138806.8,2026-07-17 23:59:59.999000+00:00,1
2026-07-18 00:00:00+00:00,2.741e-06,2.755e-06,2.734e-06,2.748e-06,223100.6,2026-07-18 03:59:59.999000+00:00,1
2026-07-18 04:00:00+00:00,2.749e-06,2.749e-06,2.714e-06,2.723e-06,179940.4,2026-07-18 07:59:59.999000+00:00,1
2026-07-18 08:00:00+00:00,2.723e-06,2.732e-06,2.705e-06,2.726e-06,170432.3,2026-07-18 11:59:59.999000+00:00,1
2026-07-18 12:00:00+00:00,2.725e-06,2.754e-06,2.712e-06,2.73e-06,266773.5,2026-07-18 15:59:59.999000+00:00,1
2026-07-18 16:00:00+00:00,2.73e-06,2.773e-06,2.724e-06,2.758e-06,485728.0,2026-07-18 19:59:59.999000+00:00,1
2026-07-18 20:00:00+00:00,2.759e-06,2.779e-06,2.751e-06,2.756e-06,166420.8,2026-07-18 23:59:59.999000+00:00,1
2026-07-19 00:00:00+00:00,2.755e-06,2.767e-06,2.738e-06,2.746e-06,204156.6,2026-07-19 03:59:59.999000+00:00,1
2026-07-19 04:00:00+00:00,2.746e-06,2.832e-06,2.742e-06,2.802e-06,401505.5,2026-07-19 07:59:59.999000+00:00,1
2026-07-19 08:00:00+00:00,2.802e-06,2.853e-06,2.802e-06,2.83e-06,639363.2,2026-07-19 11:59:59.999000+00:00,1
2026-07-19 12:00:00+00:00,2.829e-06,2.872e-06,2.823e-06,2.853e-06,556821.5,2026-07-19 15:59:59.999000+00:00,1
2026-07-19 16:00:00+00:00,2.852e-06,2.859e-06,2.801e-06,2.846e-06,386446.5,2026-07-19 19:59:59.999000+00:00,1
2026-07-19 20:00:00+00:00,2.846e-06,2.849e-06,2.805e-06,2.834e-06,357880.1,2026-07-19 23:59:59.999000+00:00,1
2026-07-20 00:00:00+00:00,2.834e-06,2.939e-06,2.824e-06,2.883e-06,936575.3,2026-07-20 03:59:59.999000+00:00,1
2026-07-20 04:00:00+00:00,2.883e-06,2.891e-06,2.787e-06,2.82e-06,695001.1,2026-07-20 07:59:59.999000+00:00,1
2026-07-20 08:00:00+00:00,2.819e-06,2.934e-06,2.81e-06,2.92e-06,714294.7,2026-07-20 11:59:59.999000+00:00,1
2026-07-20 12:00:00+00:00,2.919e-06,2.935e-06,2.832e-06,2.924e-06,942309.0,2026-07-20 15:59:59.999000+00:00,1
2026-07-20 16:00:00+00:00,2.924e-06,2.929e-06,2.868e-06,2.877e-06,453348.3,2026-07-20 19:59:59.999000+00:00,1
2026-07-20 20:00:00+00:00,2.877e-06,2.952e-06,2.87e-06,2.918e-06,330520.2,2026-07-20 23:59:59.999000+00:00,1
2026-07-21 00:00:00+00:00,2.919e-06,2.95e-06,2.906e-06,2.939e-06,365346.0,2026-07-21 03:59:59.999000+00:00,1
2026-07-21 04:00:00+00:00,2.939e-06,2.947e-06,2.904e-06,2.921e-06,328845.2,2026-07-21 07:59:59.999000+00:00,1
2026-07-21 08:00:00+00:00,2.92e-06,2.976e-06,2.903e-06,2.926e-06,676823.7,2026-07-21 11:59:59.999000+00:00,1
2026-07-21 12:00:00+00:00,2.926e-06,2.936e-06,2.879e-06,2.904e-06,667059.2,2026-07-21 15:59:59.999000+00:00,1
2026-07-21 16:00:00+00:00,2.903e-06,2.908e-06,2.859e-06,2.891e-06,319914.6,2026-07-21 19:59:59.999000+00:00,1
2026-07-21 20:00:00+00:00,2.892e-06,2.898e-06,2.855e-06,2.877e-06,221461.8,2026-07-21 23:59:59.999000+00:00,1
2026-07-22 00:00:00+00:00,2.876e-06,2.901e-06,2.858e-06,2.862e-06,266342.7,2026-07-22 03:59:59.999000+00:00,1
2026-07-22 04:00:00+00:00,2.861e-06,2.877e-06,2.831e-06,2.847e-06,376582.9,2026-07-22 07:59:59.999000+00:00,1
2026-07-22 08:00:00+00:00,2.848e-06,2.859e-06,2.829e-06,2.843e-06,364741.8,2026-07-22 11:59:59.999000+00:00,1
2026-07-22 12:00:00+00:00,2.844e-06,2.886e-06,2.825e-06,2.874e-06,448684.9,2026-07-22 15:59:59.999000+00:00,1
2026-07-22 16:00:00+00:00,2.873e-06,2.928e-06,2.852e-06,2.861e-06,495230.7,2026-07-22 19:59:59.999000+00:00,1
2026-07-22 20:00:00+00:00,2.86e-06,2.908e-06,2.852e-06,2.886e-06,265256.7,2026-07-22 23:59:59.999000+00:00,1
2026-07-23 00:00:00+00:00,2.886e-06,2.9e-06,2.838e-06,2.845e-06,217292.2,2026-07-23 03:59:59.999000+00:00,1
2026-07-23 04:00:00+00:00,2.845e-06,2.861e-06,2.826e-06,2.845e-06,151968.1,2026-07-23 07:59:59.999000+00:00,1
2026-07-23 08:00:00+00:00,2.845e-06,2.866e-06,2.841e-06,2.844e-06,134514.2,2026-07-23 11:59:59.999000+00:00,1
2026-07-23 12:00:00+00:00,2.843e-06,2.858e-06,2.764e-06,2.789e-06,875518.3,2026-07-23 15:59:59.999000+00:00,1
2026-07-23 16:00:00+00:00,2.79e-06,2.791e-06,2.755e-06,2.77e-06,251335.3,2026-07-23 19:59:59.999000+00:00,1
2026-07-23 20:00:00+00:00,2.769e-06,2.794e-06,2.769e-06,2.78e-06,132044.8,2026-07-23 23:59:59.999000+00:00,1
2026-07-24 00:00:00+00:00,2.781e-06,2.797e-06,2.76e-06,2.785e-06,263676.3,2026-07-24 03:59:59.999000+00:00,1
2026-07-24 04:00:00+00:00,2.786e-06,2.816e-06,2.768e-06,2.794e-06,301136.0,2026-07-24 07:59:59.999000+00:00,1
2026-07-24 08:00:00+00:00,2.795e-06,2.799e-06,2.758e-06,2.771e-06,233972.4,2026-07-24 11:59:59.999000+00:00,1
2026-07-24 12:00:00+00:00,2.771e-06,2.78e-06,2.687e-06,2.708e-06,723373.5,2026-07-24 15:59:59.999000+00:00,1
2026-07-24 16:00:00+00:00,2.709e-06,2.721e-06,2.683e-06,2.713e-06,240929.9,2026-07-24 19:59:59.999000+00:00,1
2026-07-24 20:00:00+00:00,2.713e-06,2.722e-06,2.702e-06,2.716e-06,82862.0,2026-07-24 23:59:59.999000+00:00,1
2026-07-25 00:00:00+00:00,2.716e-06,2.721e-06,2.703e-06,2.707e-06,118595.8,2026-07-25 03:59:59.999000+00:00,1
2026-07-25 04:00:00+00:00,2.707e-06,2.713e-06,2.653e-06,2.673e-06,229744.5,2026-07-25 07:59:59.999000+00:00,1
2026-07-25 08:00:00+00:00,2.672e-06,2.69e-06,2.663e-06,2.683e-06,164241.8,2026-07-25 11:59:59.999000+00:00,1
2026-07-25 12:00:00+00:00,2.684e-06,2.732e-06,2.682e-06,2.721e-06,329255.2,2026-07-25 15:59:59.999000+00:00,1
2026-07-25 16:00:00+00:00,2.722e-06,2.815e-06,2.715e-06,2.787e-06,1080086.7,2026-07-25 19:59:59.999000+00:00,1
2026-07-25 20:00:00+00:00,2.787e-06,2.795e-06,2.731e-06,2.741e-06,258449.9,2026-07-25 23:59:59.999000+00:00,1
2026-07-26 00:00:00+00:00,2.74e-06,2.923e-06,2.735e-06,2.92e-06,1233376.4,2026-07-26 03:59:59.999000+00:00,1
2026-07-26 04:00:00+00:00,2.92e-06,3.048e-06,2.878e-06,2.985e-06,2002522.8,2026-07-26 07:59:59.999000+00:00,1
2026-07-26 08:00:00+00:00,2.985e-06,3.012e-06,2.931e-06,3.005e-06,1034244.2,2026-07-26 11:59:59.999000+00:00,1
2026-07-26 12:00:00+00:00,3.006e-06,3.043e-06,2.889e-06,2.93e-06,1625094.7,2026-07-26 15:59:59.999000+00:00,1
2026-07-26 16:00:00+00:00,2.931e-06,2.959e-06,2.896e-06,2.911e-06,454015.1,2026-07-26 19:59:59.999000+00:00,1
2026-07-26 20:00:00+00:00,2.912e-06,2.993e-06,2.898e-06,2.977e-06,476955.8,2026-07-26 23:59:59.999000+00:00,1
2026-07-27 00:00:00+00:00,2.978e-06,2.987e-06,2.924e-06,2.937e-06,525042.6,2026-07-27 03:59:59.999000+00:00,1
2026-07-27 04:00:00+00:00,2.937e-06,3.103e-06,2.934e-06,3.011e-06,1556093.4,2026-07-27 07:59:59.999000+00:00,1
2026-07-27 08:00:00+00:00,3.011e-06,3.014e-06,2.92e-06,2.958e-06,786647.1,2026-07-27 11:59:59.999000+00:00,1
2026-07-27 12:00:00+00:00,2.959e-06,3.029e-06,2.913e-06,2.945e-06,1107627.4,2026-07-27 15:59:59.999000+00:00,1
2026-07-27 16:00:00+00:00,2.945e-06,2.972e-06,2.878e-06,2.913e-06,704938.0,2026-07-27 19:59:59.999000+00:00,1
2026-07-27 20:00:00+00:00,2.914e-06,2.927e-06,2.808e-06,2.824e-06,596443.8,2026-07-27 23:59:59.999000+00:00,1
2026-07-28 00:00:00+00:00,2.824e-06,2.828e-06,2.763e-06,2.805e-06,509136.8,2026-07-28 03:59:59.999000+00:00,1
2026-07-28 04:00:00+00:00,2.804e-06,2.837e-06,2.796e-06,2.805e-06,380888.9,2026-07-28 07:59:59.999000+00:00,1
2026-07-28 08:00:00+00:00,2.805e-06,2.828e-06,2.801e-06,2.809e-06,263918.1,2026-07-28 11:59:59.999000+00:00,1
2026-07-28 12:00:00+00:00,2.808e-06,2.844e-06,2.754e-06,2.83e-06,865454.3,2026-07-28 15:59:59.999000+00:00,1
2026-07-28 16:00:00+00:00,2.829e-06,2.839e-06,2.769e-06,2.805e-06,537069.7,2026-07-28 19:59:59.999000+00:00,1
2026-07-28 20:00:00+00:00,2.806e-06,2.823e-06,2.78e-06,2.806e-06,203199.1,2026-07-28 23:59:59.999000+00:00,1
2026-07-29 00:00:00+00:00,2.806e-06,2.821e-06,2.727e-06,2.734e-06,459583.0,2026-07-29 03:59:59.999000+00:00,1
2026-07-29 04:00:00+00:00,2.735e-06,2.777e-06,2.713e-06,2.766e-06,431124.7,2026-07-29 07:59:59.999000+00:00,1
2026-07-29 08:00:00+00:00,2.766e-06,2.768e-06,2.732e-06,2.749e-06,289605.1,2026-07-29 11:59:59.999000+00:00,1
2026-07-29 12:00:00+00:00,2.748e-06,2.756e-06,2.701e-06,2.712e-06,474509.9,2026-07-29 15:59:59.999000+00:00,1
2026-07-29 16:00:00+00:00,2.712e-06,2.787e-06,2.695e-06,2.706e-06,640909.0,2026-07-29 19:59:59.999000+00:00,1
2026-07-29 20:00:00+00:00,2.706e-06,2.735e-06,2.662e-06,2.724e-06,457343.2,2026-07-29 23:59:59.999000+00:00,1
2026-07-30 00:00:00+00:00,2.724e-06,2.765e-06,2.703e-06,2.75e-06,289296.6,2026-07-30 03:59:59.999000+00:00,1
2026-07-30 04:00:00+00:00,2.751e-06,2.755e-06,2.727e-06,2.731e-06,277015.2,2026-07-30 07:59:59.999000+00:00,1
2026-07-30 08:00:00+00:00,2.732e-06,2.767e-06,2.726e-06,2.76e-06,311941.8,2026-07-30 11:59:59.999000+00:00,1
2026-07-30 12:00:00+00:00,2.76e-06,2.787e-06,2.743e-06,2.766e-06,537312.1,2026-07-30 15:59:59.999000+00:00,1
2026-07-30 16:00:00+00:00,2.767e-06,2.786e-06,2.757e-06,2.777e-06,213608.3,2026-07-30 19:59:59.999000+00:00,1
2026-07-30 20:00:00+00:00,2.777e-06,2.789e-06,2.758e-06,2.761e-06,202713.6,2026-07-30 23:59:59.999000+00:00,1
2026-07-31 00:00:00+00:00,2.761e-06,2.806e-06,2.712e-06,2.743e-06,411798.0,2026-07-31 03:59:59.999000+00:00,1
2026-07-31 04:00:00+00:00,2.742e-06,2.755e-06,2.718e-06,2.737e-06,219308.3,2026-07-31 07:59:59.999000+00:00,1
2026-07-31 08:00:00+00:00,2.736e-06,2.744e-06,2.713e-06,2.735e-06,183284.5,2026-07-31 11:59:59.999000+00:00,1
2026-07-31 12:00:00+00:00,2.735e-06,2.779e-06,2.715e-06,2.719e-06,733345.6,2026-07-31 15:59:59.999000+00:00,1
2026-07-31 16:00:00+00:00,2.718e-06,2.824e-06,2.716e-06,2.751e-06,546160.8,2026-07-31 19:59:59.999000+00:00,1
2026-07-31 20:00:00+00:00,2.751e-06,2.771e-06,2.736e-06,2.754e-06,196338.7,2026-07-31 23:59:59.999000+00:00,1
2026-08-01 00:00:00+00:00,2.754e-06,2.792e-06,2.754e-06,2.784e-06,253825.9,2026-08-01 03:59:59.999000+00:00,1
2026-08-01 04:00:00+00:00,2.784e-06,2.804e-06,2.776e-06,2.777e-06,231657.1,2026-08-01 07:59:59.999000+00:00,1
2026-08-01 08:00:00+00:00,2.778e-06,2.787e-06,2.742e-06,2.756e-06,300682.8,2026-08-01 11:59:59.999000+00:00,1
2026-08-01 12:00:00+00:00,2.756e-06,2.807e-06,2.75e-06,2.799e-06,264200.8,2026-08-01 15:59:59.999000+00:00,1
2026-08-01 16:00:00+00:00,2.799e-06,2.813e-06,2.722e-06,2.761e-06,603496.7,2026-08-01 19:59:59.999000+00:00,1
2026-08-01 20:00:00+00:00,2.76e-06,2.784e-06,2.743e-06,2.774e-06,168158.6,2026-08-01 23:59:59.999000+00:00,1
2026-08-02 00:00:00+00:00,2.774e-06,2.893e-06,2.773e-06,2.874e-06,740254.6,2026-08-02 03:59:59.999000+00:00,1
2026-08-02 04:00:00+00:00,2.873e-06,2.956e-06,2.864e-06,2.946e-06,626050.5,2026-08-02 07:59:59.999000+00:00,1
2026-08-02 08:00:00+00:00,2.946e-06,2.953e-06,2.887e-06,2.895e-06,438091.0,2026-08-02 11:59:59.999000+00:00,1
2026-08-02 12:00:00+00:00,2.895e-06,2.963e-06,2.884e-06,2.899e-06,500553.1,2026-08-02 15:59:59.999000+00:00,1
2026-08-02 16:00:00+00:00,2.898e-06,2.924e-06,2.885e-06,2.918e-06,262102.2,2026-08-02 19:59:59.999000+00:00,1
2026-08-02 20:00:00+00:00,2.917e-06,2.937e-06,2.885e-06,2.906e-06,193678.7,2026-08-02 23:59:59.999000+00:00,1
2026-08-03 00:00:00+00:00,2.906e-06,2.91e-06,2.839e-06,2.854e-06,330301.9,2026-08-03 03:59:59.999000+00:00,1
2026-08-03 04:00:00+00:00,2.854e-06,2.872e-06,2.819e-06,2.831e-06,244284.6,2026-08-03 07:59:59.999000+00:00,1
2026-08-03 08:00:00+00:00,2.831e-06,2.863e-06,2.82e-06,2.858e-06,214913.2,2026-08-03 11:59:59.999000+00:00,1
2026-08-03 12:00:00+00:00,2.858e-06,2.927e-06,2.849e-06,2.917e-06,506391.2,2026-08-03 15:59:59.999000+00:00,1
2026-08-03 16:00:00+00:00,2.916e-06,2.959e-06,2.905e-06,2.929e-06,279276.6,2026-08-03 19:59:59.999000+00:00,1
2026-08-03 20:00:00+00:00,2.929e-06,2.959e-06,2.892e-06,2.905e-06,216249.4,2026-08-03 23:59:59.999000+00:00,1
2026-08-04 00:00:00+00:00,2.905e-06,2.96e-06,2.885e-06,2.936e-06,276050.1,2026-08-04 03:59:59.999000+00:00,1
2026-08-04 04:00:00+00:00,2.937e-06,2.99e-06,2.9e-06,2.922e-06,550941.0,2026-08-04 07:59:59.999000+00:00,1
2026-08-04 08:00:00+00:00,2.922e-06,2.928e-06,2.891e-06,2.906e-06,451732.2,2026-08-04 11:59:59.999000+00:00,1
2026-08-04 12:00:00+00:00,2.906e-06,2.917e-06,2.865e-06,2.903e-06,1180304.2,2026-08-04 15:59:59.999000+00:00,1
2026-08-04 16:00:00+00:00,2.903e-06,2.935e-06,2.897e-06,2.923e-06,635473.7,2026-08-04 19:59:59.999000+00:00,1
2026-08-04 20:00:00+00:00,2.923e-06,2.93e-06,2.884e-06,2.885e-06,507088.9,2026-08-04 23:59:59.999000+00:00,1
2026-08-05 00:00:00+00:00,2.885e-06,2.898e-06,2.835e-06,2.851e-06,659163.5,2026-08-05 03:59:59.999000+00:00,1
2026-08-05 04:00:00+00:00,2.852e-06,2.872e-06,2.845e-06,2.858e-06,219455.0,2026-08-05 07:59:59.999000+00:00,1
2026-08-05 08:00:00+00:00,2.858e-06,2.887e-06,2.85e-06,2.864e-06,226678.4,2026-08-05 11:59:59.999000+00:00,1
2026-08-05 12:00:00+00:00,2.863e-06,2.897e-06,2.833e-06,2.846e-06,580541.6,2026-08-05 15:59:59.999000+00:00,1
2026-08-05 16:00:00+00:00,2.846e-06,2.894e-06,2.845e-06,2.872e-06,309816.3,2026-08-05 19:59:59.999000+00:00,1
2026-08-05 20:00:00+00:00,2.871e-06,2.903e-06,2.859e-06,2.873e-06,175497.0,2026-08-05 23:59:59.999000+00:00,1
2026-08-06 00:00:00+00:00,2.874e-06,2.896e-06,2.837e-06,2.843e-06,347237.7,2026-08-06 03:59:59.999000+00:00,1
2026-08-06 04:00:00+00:00,2.843e-06,2.864e-06,2.812e-06,2.841e-06,343190.8,2026-08-06 07:59:59.999000+00:00,1
2026-08-06 08:00:00+00:00,2.841e-06,2.843e-06,2.765e-06,2.802e-06,547744.7,2026-08-06 11:59:59.999000+00:00,1
2026-08-06 12:00:00+00:00,2.802e-06,2.822e-06,2.784e-06,2.804e-06,286699.4,2026-08-06 15:59:59.999000+00:00,1
2026-08-06 16:00:00+00:00,2.803e-06,2.822e-06,2.791e-06,2.792e-06,164082.1,2026-08-06 19:59:59.999000+00:00,1
2026-08-06 20:00:00+00:00,2.792e-06,2.821e-06,2.792e-06,2.809e-06,126162.0,2026-08-06 23:59:59.999000+00:00,1
2026-08-07 00:00:00+00:00,2.808e-06,2.82e-06,2.789e-06,2.794e-06,185246.0,2026-08-07 03:59:59.999000+00:00,1
2026-08-07 04:00:00+00:00,2.794e-06,2.815e-06,2.778e-06,2.803e-06,190600.8,2026-08-07 07:59:59.999000+00:00,1
2026-08-07 08:00:00+00:00,2.804e-06,2.836e-06,2.803e-06,2.83e-06,216694.3,2026-08-07 11:59:59.999000+00:00,1
2026-08-07 12:00:00+00:00,2.83e-06,2.874e-06,2.803e-06,2.824e-06,426386.0,2026-08-07 15:59:59.999000+00:00,1
2026-08-07 16:00:00+00:00,2.824e-06,2.838e-06,2.791e-06,2.834e-06,227075.7,2026-08-07 19:59:59.999000+00:00,1
2026-08-07 20:00:00+00:00,2.835e-06,2.838e-06,2.804e-06,2.809e-06,170335.2,2026-08-07 23:59:59.999000+00:00,1
2026-08-08 00:00:00+00:00,2.809e-06,2.868e-06,2.802e-06,2.863e-06,252875.5,2026-08-08 03:59:59.999000+00:00,1
2026-08-08 04:00:00+00:00,2.864e-06,2.879e-06,2.853e-06,2.858e-06,258386.1,2026-08-08 07:59:59.999000+00:00,1
2026-08-08 08:00:00+00:00,2.858e-06,2.878e-06,2.855e-06,2.865e-06,160036.8,2026-08-08 11:59:59.999000+00:00,1
2026-08-08 12:00:00+00:00,2.865e-06,2.89e-06,2.849e-06,2.884e-06,328677.5,2026-08-08 15:59:59.999000+00:00,1
2026-08-08 16:00:00+00:00,2.885e-06,2.894e-06,2.859e-06,2.864e-06,148036.5,2026-08-08 19:59:59.999000+00:00,1
2026-08-08 20:00:00+00:00,2.864e-06,2.869e-06,2.844e-06,2.851e-06,83763.7,2026-08-08 23:59:59.999000+00:00,1
2026-08-09 00:00:00+00:00,2.851e-06,2.863e-06,2.838e-06,2.844e-06,128684.0,2026-08-09 03:59:59.999000+00:00,1
2026-08-09 04:00:00+00:00,2.844e-06,2.88e-06,2.843e-06,2.873e-06,177924.7,2026-08-09 07:59:59.999000+00:00,1
2026-08-09 08:00:00+00:00,2.873e-06,2.886e-06,2.858e-06,2.868e-06,160860.1,2026-08-09 11:59:59.999000+00:00,1
2026-08-09 12:00:00+00:00,2.869e-06,2.893e-06,2.864e-06,2.888e-06,216746.6,2026-08-09 15:59:59.999000+00:00,1
2026-08-09 16:00:00+00:00,2.889e-06,2.94e-06,2.889e-06,2.924e-06,455959.9,2026-08-09 19:59:59.999000+00:00,1
2026-08-09 20:00:00+00:00,2.924e-06,2.962e-06,2.867e-06,2.882e-06,378406.9,2026-08-09 23:59:59.999000+00:00,1
2026-08-10 00:00:00+00:00,2.881e-06,2.939e-06,2.872e-06,2.888e-06,362356.8,2026-08-10 03:59:59.999000+00:00,1
2026-08-10 04:00:00+00:00,2.888e-06,2.909e-06,2.874e-06,2.892e-06,246711.1,2026-08-10 07:59:59.999000+00:00,1
2026-08-10 08:00:00+00:00,2.892e-06,2.905e-06,2.863e-06,2.892e-06,258818.2,2026-08-10 11:59:59.999000+00:00,1
2026-08-10 12:00:00+00:00,2.892e-06,2.904e-06,2.844e-06,2.868e-06,410584.1,2026-08-10 15:59:59.999000+00:00,1
2026-08-10 16:00:00+00:00,2.868e-06,2.879e-06,2.849e-06,2.87e-06,244843.7,2026-08-10 19:59:59.999000+00:00,1
2026-08-10 20:00:00+00:00,2.869e-06,2.884e-06,2.849e-06,2.875e-06,137248.5,2026-08-10 23:59:59.999000+00:00,1
2026-08-11 00:00:00+00:00,2.874e-06,2.896e-06,2.862e-06,2.865e-06,244417.4,2026-08-11 03:59:59.999000+00:00,1
2026-08-11 04:00:00+00:00,2.865e-06,2.882e-06,2.847e-06,2.85e-06,256566.3,2026-08-11 07:59:59.999000+00:00,1
2026-08-11 08:00:00+00:00,2.849e-06,2.872e-06,2.846e-06,2.866e-06,221219.2,2026-08-11 11:59:59.999000+00:00,1
2026-08-11 12:00:00+00:00,2.866e-06,2.868e-06,2.766e-06,2.784e-06,760202.3,2026-08-11 15:59:59.999000+00:00,1
2026-08-11 16:00:00+00:00,2.784e-06,2.807e-06,2.777e-06,2.805e-06,183344.9,2026-08-11 19:59:59.999000+00:00,1
2026-08-11 20:00:00+00:00,2.806e-06,2.852e-06,2.801e-06,2.839e-06,258549.0,2026-08-11 23:59:59.999000+00:00,1
2026-08-12 00:00:00+00:00,2.839e-06,2.863e-06,2.833e-06,2.846e-06,220873.8,2026-08-12 03:59:59.999000+00:00,1
2026-08-12 04:00:00+00:00,2.846e-06,2.862e-06,2.824e-06,2.835e-06,194437.6,2026-08-12 07:59:59.999000+00:00,1
2026-08-12 08:00:00+00:00,2.836e-06,2.851e-06,2.811e-06,2.841e-06,250237.3,2026-08-12 11:59:59.999000+00:00,1
2026-08-12 12:00:00+00:00,2.841e-06,2.863e-06,2.777e-06,2.791e-06,593525.2,2026-08-12 15:59:59.999000+00:00,1
2026-08-12 16:00:00+00:00,2.791e-06,2.801e-06,2.771e-06,2.781e-06,223483.3,2026-08-12 19:59:59.999000+00:00,1
2026-08-12 20:00:00+00:00,2.78e-06,2.792e-06,2.625e-06,2.672e-06,802993.1,2026-08-12 23:59:59.999000+00:00,1
2026-08-13 00:00:00+00:00,2.672e-06,2.732e-06,2.665e-06,2.715e-06,387872.6,2026-08-13 03:59:59.999000+00:00,1
2026-08-13 04:00:00+00:00,2.716e-06,2.732e-06,2.7e-06,2.706e-06,237093.8,2026-08-13 07:59:59.999000+00:00,1
2026-08-13 08:00:00+00:00,2.706e-06,2.716e-06,2.683e-06,2.689e-06,318741.6,2026-08-13 11:59:59.999000+00:00,1
2026-08-13 12:00:00+00:00,2.688e-06,2.707e-06,2.657e-06,2.663e-06,432126.2,2026-08-13 15:59:59.999000+00:00,1
2026-08-13 16:00:00+00:00,2.662e-06,2.677e-06,2.63e-06,2.674e-06,458193.4,2026-08-13 19:59:59.999000+00:00,1
2026-08-13 20:00:00+00:00,2.674e-06,2.691e-06,2.666e-06,2.686e-06,110813.5,2026-08-13 23:59:59.999000+00:00,1
2026-08-14 00:00:00+00:00,2.685e-06,2.709e-06,2.678e-06,2.682e-06,162037.1,2026-08-14 03:59:59.999000+00:00,1
2026-08-14 04:00:00+00:00,2.682e-06,2.694e-06,2.646e-06,2.651e-06,216695.4,2026-08-14 07:59:59.999000+00:00,1
2026-08-14 08:00:00+00:00,2.65e-06,2.672e-06,2.632e-06,2.635e-06,249804.0,2026-08-14 11:59:59.999000+00:00,1
2026-08-14 12:00:00+00:00,2.635e-06,2.653e-06,2.611e-06,2.647e-06,370621.9,2026-08-14 15:59:59.999000+00:00,1
2026-08-14 16:00:00+00:00,2.648e-06,2.679e-06,2.644e-06,2.648e-06,256795.7,2026-08-14 19:59:59.999000+00:00,1
2026-08-14 20:00:00+00:00,2.648e-06,2.667e-06,2.629e-06,2.661e-06,123382.4,2026-08-14 23:59:59.999000+00:00,1
2026-08-15 00:00:00+00:00,2.662e-06,2.673e-06,2.651e-06,2.659e-06,138194.0,2026-08-15 03:59:59.999000+00:00,1
2026-08-15 04:00:00+00:00,2.658e-06,2.67e-06,2.636e-06,2.638e-06,124682.4,2026-08-15 07:59:59.999000+00:00,1
2026-08-15 08:00:00+00:00,2.638e-06,2.646e-06,2.636e-06,2.64e-06,79968.4,2026-08-15 11:59:59.999000+00:00,1
2026-08-15 12:00:00+00:00,2.64e-06,2.654e-06,2.637e-06,2.653e-06,94599.0,2026-08-15 15:59:59.999000+00:00,1
2026-08-15 16:00:00+00:00,2.653e-06,2.66e-06,2.641e-06,2.646e-06,113414.1,2026-08-15 19:59:59.999000+00:00,1
2026-08-15 20:00:00+00:00,2.646e-06,2.653e-06,2.613e-06,2.621e-06,188676.3,2026-08-15 23:59:59.999000+00:00,1
2026-08-16 00:00:00+00:00,2.622e-06,2.63e-06,2.584e-06,2.615e-06,306320.9,2026-08-16 03:59:59.999000+00:00,1
2026-08-16 04:00:00+00:00,2.615e-06,2.621e-06,2.587e-06,2.605e-06,242666.0,2026-08-16 07:59:59.999000+00:00,1
2026-08-16 08:00:00+00:00,2.606e-06,2.611e-06,2.598e-06,2.607e-06,143032.9,2026-08-16 11:59:59.999000+00:00,1
2026-08-16 12:00:00+00:00,2.606e-06,2.625e-06,2.599e-06,2.623e-06,151717.5,2026-08-16 15:59:59.999000+00:00,1
2026-08-16 16:00:00+00:00,2.623e-06,2.626e-06,2.576e-06,2.592e-06,258813.1,2026-08-16 19:59:59.999000+00:00,1
2026-08-16 20:00:00+00:00,2.592e-06,2.597e-06,2.526e-06,2.569e-06,465150.0,2026-08-16 23:59:59.999000+00:00,1
2026-08-17 00:00:00+00:00,2.569e-06,2.623e-06,2.55e-06,2.615e-06,316224.9,2026-08-17 03:59:59.999000+00:00,1
2026-08-17 04:00:00+00:00,2.615e-06,2.622e-06,2.601e-06,2.613e-06,171911.3,2026-08-17 07:59:59.999000+00:00,1
2026-08-17 08:00:00+00:00,2.612e-06,2.614e-06,2.576e-06,2.59e-06,213508.2,2026-08-17 11:59:59.999000+00:00,1
2026-08-17 12:00:00+00:00,2.589e-06,2.601e-06,2.562e-06,2.596e-06,335225.8,2026-08-17 15:59:59.999000+00:00,1
2026-08-17 16:00:00+00:00,2.596e-06,2.6e-06,2.576e-06,2.583e-06,195684.4,2026-08-17 19:59:59.999000+00:00,1
2026-08-17 20:00:00+00:00,2.583e-06,2.614e-06,2.571e-06,2.588e-06,198307.6,2026-08-17 23:59:59.999000+00:00,1
2026-08-18 00:00:00+00:00,2.587e-06,2.588e-06,2.541e-06,2.556e-06,358016.2,2026-08-18 03:59:59.999000+00:00,1
2026-08-18 04:00:00+00:00,2.556e-06,2.571e-06,2.543e-06,2.557e-06,243789.9,2026-08-18 07:59:59.999000+00:00,1
2026-08-18 08:00:00+00:00,2.556e-06,2.588e-06,2.536e-06,2.577e-06,276511.9,2026-08-18 11:59:59.999000+00:00,1
2026-08-18 12:00:00+00:00,2.577e-06,2.61e-06,2.55e-06,2.609e-06,447374.2,2026-08-18 15:59:59.999000+00:00,1
2026-08-18 16:00:00+00:00,2.609e-06,2.62e-06,2.595e-06,2.602e-06,274104.3,2026-08-18 19:59:59.999000+00:00,1
2026-08-18 20:00:00+00:00,2.603e-06,2.604e-06,2.574e-06,2.585e-06,152023.1,2026-08-18 23:59:59.999000+00:00,1
2026-08-19 00:00:00+00:00,2.585e-06,2.601e-06,2.566e-06,2.594e-06,238818.2,2026-08-19 03:59:59.999000+00:00,1
2026-08-19 04:00:00+00:00,2.595e-06,2.606e-06,2.581e-06,2.587e-06,298822.1,2026-08-19 07:59:59.999000+00:00,1
2026-08-19 08:00:00+00:00,2.586e-06,2.601e-06,2.574e-06,2.6e-06,215444.8,2026-08-19 11:59:59.999000+00:00,1
2026-08-19 12:00:00+00:00,2.6e-06,2.765e-06,2.59e-06,2.691e-06,1519367.0,2026-08-19 15:59:59.999000+00:00,1
2026-08-19 16:00:00+00:00,2.691e-06,2.727e-06,2.676e-06,2.716e-06,602377.4,2026-08-19 19:59:59.999000+00:00,1
2026-08-19 20:00:00+00:00,2.717e-06,2.932e-06,2.712e-06,2.875e-06,1582758.3,2026-08-19 23:59:59.999000+00:00,1
2026-08-20 00:00:00+00:00,2.876e-06,2.949e-06,2.873e-06,2.914e-06,1225710.0,2026-08-20 03:59:59.999000+00:00,1
2026-08-20 04:00:00+00:00,2.913e-06,2.983e-06,2.885e-06,2.971e-06,1211704.9,2026-08-20 07:59:59.999000+00:00,1
2026-08-20 08:00:00+00:00,2.971e-06,3.214e-06,2.96e-06,3.151e-06,2838097.6,2026-08-20 11:59:59.999000+00:00,1
2026-08-20 12:00:00+00:00,3.151e-06,3.235e-06,3.087e-06,3.209e-06,1528134.0,2026-08-20 15:59:59.999000+00:00,1
2026-08-20 16:00:00+00:00,3.209e-06,3.232e-06,3.09e-06,3.129e-06,971575.8,2026-08-20 19:59:59.999000+00:00,1
2026-08-20 20:00:00+00:00,3.129e-06,3.267e-06,3.127e-06,3.206e-06,818396.2,2026-08-20 23:59:59.999000+00:00,1
2026-08-21 00:00:00+00:00,3.206e-06,3.274e-06,3.173e-06,3.234e-06,996216.4,2026-08-21 03:59:59.999000+00:00,1
2026-08-21 04:00:00+00:00,3.234e-06,3.511e-06,3.224e-06,3.45e-06,1921409.0,2026-08-21 07:59:59.999000+00:00,1
2026-08-21 08:00:00+00:00,3.45e-06,3.734e-06,3.425e-06,3.53e-06,2908096.7,2026-08-21 11:59:59.999000+00:00,1
2026-08-21 12:00:00+00:00,3.53e-06,3.764e-06,3.507e-06,3.699e-06,1639729.2,2026-08-21 15:59:59.999000+00:00,1
2026-08-21 16:00:00+00:00,3.698e-06,4.097e-06,3.671e-06,3.801e-06,4056287.2,2026-08-21 19:59:59.999000+00:00,1
2026-08-21 20:00:00+00:00,3.802e-06,4.238e-06,3.778e-06,4.121e-06,2905288.8,2026-08-21 23:59:59.999000+00:00,1
2026-08-22 00:00:00+00:00,4.121e-06,4.359e-06,4.029e-06,4.229e-06,2376745.4,2026-08-22 03:59:59.999000+00:00,1
2026-08-22 04:00:00+00:00,4.229e-06,4.56e-06,3.589e-06,4.158e-06,4592359.1,2026-08-22 07:59:59.999000+00:00,1
2026-08-22 08:00:00+00:00,4.159e-06,4.189e-06,3.896e-06,4.005e-06,1896442.8,2026-08-22 11:59:59.999000+00:00,1
2026-08-22 12:00:00+00:00,4.004e-06,4.098e-06,3.952e-06,4.008e-06,1064626.7,2026-08-22 15:59:59.999000+00:00,1
2026-08-22 16:00:00+00:00,4.008e-06,4.214e-06,3.998e-06,4.139e-06,1289598.2,2026-08-22 19:59:59.999000+00:00,1
2026-08-22 20:00:00+00:00,4.14e-06,4.186e-06,3.982e-06,4.07e-06,1176787.0,2026-08-22 23:59:59.999000+00:00,1
2026-08-23 00:00:00+00:00,4.07e-06,4.164e-06,3.968e-06,4.011e-06,1142697.2,2026-08-23 03:59:59.999000+00:00,1
2026-08-23 04:00:00+00:00,4.011e-06,4.073e-06,3.835e-06,3.908e-06,1555774.0,2026-08-23 07:59:59.999000+00:00,1
2026-08-23 08:00:00+00:00,3.908e-06,4.095e-06,3.893e-06,4.074e-06,890946.6,2026-08-23 11:59:59.999000+00:00,1
2026-08-23 12:00:00+00:00,4.074e-06,4.157e-06,3.988e-06,4.105e-06,1204648.3,2026-08-23 15:59:59.999000+00:00,1
2026-08-23 16:00:00+00:00,4.106e-06,4.143e-06,4.058e-06,4.08e-06,474728.6,2026-08-23 19:59:59.999000+00:00,1
2026-08-23 20:00:00+00:00,4.081e-06,4.269e-06,4.066e-06,4.095e-06,801531.9,2026-08-23 23:59:59.999000+00:00,1
2026-08-24 00:00:00+00:00,4.095e-06,4.103e-06,3.953e-06,3.99e-06,830069.2,2026-08-24 03:59:59.999000+00:00,1
2026-08-24 04:00:00+00:00,3.99e-06,4.082e-06,3.977e-06,4.019e-06,751777.4,2026-08-24 07:59:59.999000+00:00,1
2026-08-24 08:00:00+00:00,4.02e-06,4.134e-06,3.971e-06,4.087e-06,894875.8,2026-08-24 11:59:59.999000+00:00,1
2026-08-24 12:00:00+00:00,4.088e-06,4.207e-06,4.011e-06,4.084e-06,1832044.4,2026-08-24 15:59:59.999000+00:00,1
2026-08-24 16:00:00+00:00,4.085e-06,4.196e-06,3.941e-06,4.002e-06,1353867.8,2026-08-24 19:59:59.999000+00:00,1
2026-08-24 20:00:00+00:00,4.003e-06,4.048e-06,3.982e-06,4.043e-06,316138.3,2026-08-24 23:59:59.999000+00:00,1
2026-08-25 00:00:00+00:00,4.042e-06,4.315e-06,4.012e-06,4.201e-06,1458816.0,2026-08-25 03:59:59.999000+00:00,1
2026-08-25 04:00:00+00:00,4.201e-06,4.275e-06,4.031e-06,4.059e-06,1242403.8,2026-08-25 07:59:59.999000+00:00,1
2026-08-25 08:00:00+00:00,4.06e-06,4.1e-06,4.007e-06,4.026e-06,707402.6,2026-08-25 11:59:59.999000+00:00,1
2026-08-25 12:00:00+00:00,4.025e-06,4.03e-06,3.886e-06,3.991e-06,1096372.1,2026-08-25 15:59:59.999000+00:00,1
2026-08-25 16:00:00+00:00,3.991e-06,3.994e-06,3.905e-06,3.933e-06,428815.0,2026-08-25 19:59:59.999000+00:00,1
2026-08-25 20:00:00+00:00,3.933e-06,3.938e-06,3.747e-06,3.819e-06,894238.9,2026-08-25 23:59:59.999000+00:00,1
2026-08-26 00:00:00+00:00,3.82e-06,3.88e-06,3.803e-06,3.853e-06,349571.4,2026-08-26 03:59:59.999000+00:00,1
2026-08-26 04:00:00+00:00,3.852e-06,3.869e-06,3.804e-06,3.812e-06,414123.5,2026-08-26 07:59:59.999000+00:00,1
2026-08-26 08:00:00+00:00,3.811e-06,3.829e-06,3.752e-06,3.783e-06,572810.7,2026-08-26 11:59:59.999000+00:00,1
2026-08-26 12:00:00+00:00,3.784e-06,3.821e-06,3.643e-06,3.695e-06,1171875.7,2026-08-26 15:59:59.999000+00:00,1
2026-08-26 16:00:00+00:00,3.695e-06,3.738e-06,3.652e-06,3.711e-06,686585.5,2026-08-26 19:59:59.999000+00:00,1
2026-08-26 20:00:00+00:00,3.71e-06,3.876e-06,3.678e-06,3.856e-06,643075.7,2026-08-26 23:59:59.999000+00:00,1
2026-08-27 00:00:00+00:00,3.856e-06,3.856e-06,3.787e-06,3.801e-06,512696.0,2026-08-27 03:59:59.999000+00:00,1
2026-08-27 04:00:00+00:00,3.802e-06,3.829e-06,3.746e-06,3.822e-06,558229.8,2026-08-27 07:59:59.999000+00:00,1
2026-08-27 08:00:00+00:00,3.822e-06,3.993e-06,3.819e-06,3.914e-06,1374264.7,2026-08-27 11:59:59.999000+00:00,1
2026-08-27 12:00:00+00:00,3.914e-06,4.013e-06,3.877e-06,3.915e-06,1004194.9,2026-08-27 15:59:59.999000+00:00,1
2026-08-27 16:00:00+00:00,3.915e-06,3.956e-06,3.842e-06,3.907e-06,761764.6,2026-08-27 19:59:59.999000+00:00,1
2026-08-27 20:00:00+00:00,3.908e-06,3.926e-06,3.864e-06,3.89e-06,312885.3,2026-08-27 23:59:59.999000+00:00,1
2026-08-28 00:00:00+00:00,3.89e-06,3.97e-06,3.788e-06,3.814e-06,901203.1,2026-08-28 03:59:59.999000+00:00,1
2026-08-28 04:00:00+00:00,3.814e-06,3.836e-06,3.76e-06,3.79e-06,480290.6,2026-08-28 07:59:59.999000+00:00,1
2026-08-28 08:00:00+00:00,3.79e-06,3.823e-06,3.754e-06,3.799e-06,422135.3,2026-08-28 11:59:59.999000+00:00,1
2026-08-28 12:00:00+00:00,3.798e-06,3.849e-06,3.713e-06,3.725e-06,1027364.9,2026-08-28 15:59:59.999000+00:00,1
2026-08-28 16:00:00+00:00,3.724e-06,3.733e-06,3.612e-06,3.67e-06,977339.1,2026-08-28 19:59:59.999000+00:00,1
2026-08-28 20:00:00+00:00,3.67e-06,3.697e-06,3.64e-06,3.691e-06,207139.6,2026-08-28 23:59:59.999000+00:00,1
2026-08-29 00:00:00+00:00,3.692e-06,3.705e-06,3.621e-06,3.63e-06,272260.1,2026-08-29 03:59:59.999000+00:00,1
2026-08-29 04:00:00+00:00,3.631e-06,3.663e-06,3.611e-06,3.616e-06,262834.2,2026-08-29 07:59:59.999000+00:00,1
2026-08-29 08:00:00+00:00,3.616e-06,3.636e-06,3.591e-06,3.619e-06,268553.3,2026-08-29 11:59:59.999000+00:00,1
2026-08-29 12:00:00+00:00,3.62e-06,3.675e-06,3.602e-06,3.643e-06,344883.1,2026-08-29 15:59:59.999000+00:00,1
2026-08-29 16:00:00+00:00,3.643e-06,3.667e-06,3.618e-06,3.651e-06,203764.2,2026-08-29 19:59:59.999000+00:00,1
2026-08-29 20:00:00+00:00,3.651e-06,3.664e-06,3.637e-06,3.656e-06,138546.8,2026-08-29 23:59:59.999000+00:00,1
2026-08-30 00:00:00+00:00,3.656e-06,3.665e-06,3.626e-06,3.63e-06,159681.3,2026-08-30 03:59:59.999000+00:00,1
2026-08-30 04:00:00+00:00,3.631e-06,3.659e-06,3.621e-06,3.633e-06,133696.0,2026-08-30 07:59:59.999000+00:00,1
2026-08-30 08:00:00+00:00,3.633e-06,3.646e-06,3.613e-06,3.64e-06,156435.6,2026-08-30 11:59:59.999000+00:00,1
2026-08-30 12:00:00+00:00,3.64e-06,3.699e-06,3.63e-06,3.677e-06,470075.9,2026-08-30 15:59:59.999000+00:00,1
2026-08-30 16:00:00+00:00,3.677e-06,3.806e-06,3.669e-06,3.704e-06,871254.7,2026-08-30 19:59:59.999000+00:00,1
2026-08-30 20:00:00+00:00,3.704e-06,3.72e-06,3.358e-06,3.398e-06,1512607.7,2026-08-30 23:59:59.999000+00:00,1
2026-08-31 00:00:00+00:00,3.399e-06,3.466e-06,3.386e-06,3.441e-06,578345.8,2026-08-31 03:59:59.999000+00:00,1
2026-08-31 04:00:00+00:00,3.442e-06,3.517e-06,3.413e-06,3.511e-06,462686.7,2026-08-31 07:59:59.999000+00:00,1
2026-08-31 08:00:00+00:00,3.511e-06,3.608e-06,3.505e-06,3.582e-06,632014.9,2026-08-31 11:59:59.999000+00:00,1
2026-08-31 12:00:00+00:00,3.583e-06,3.624e-06,3.51e-06,3.546e-06,821688.7,2026-08-31 15:59:59.999000+00:00,1
2026-08-31 16:00:00+00:00,3.546e-06,3.607e-06,3.531e-06,3.561e-06,302681.2,2026-08-31 19:59:59.999000+00:00,1
2026-08-31 20:00:00+00:00,3.561e-06,3.597e-06,3.541e-06,3.555e-06,198048.0,2026-08-31 23:59:59.999000+00:00,1
2026-09-01 00:00:00+00:00,3.555e-06,3.591e-06,3.533e-06,3.557e-06,307066.0,2026-09-01 03:59:59.999000+00:00,1
2026-09-01 04:00:00+00:00,3.558e-06,3.567e-06,3.508e-06,3.53e-06,402354.7,2026-09-01 07:59:59.999000+00:00,1
2026-09-01 08:00:00+00:00,3.529e-06,3.534e-06,3.457e-06,3.506e-06,502299.9,2026-09-01 11:59:59.999000+00:00,1
2026-09-01 12:00:00+00:00,3.507e-06,3.548e-06,3.46e-06,3.512e-06,585020.5,2026-09-01 15:59:59.999000+00:00,1
2026-09-01 16:00:00+00:00,3.512e-06,3.515e-06,3.431e-06,3.483e-06,559371.1,2026-09-01 19:59:59.999000+00:00,1
2026-09-01 20:00:00+00:00,3.484e-06,3.496e-06,3.442e-06,3.472e-06,257637.2,2026-09-01 23:59:59.999000+00:00,1
2026-09-02 00:00:00+00:00,3.473e-06,3.503e-06,3.425e-06,3.478e-06,317388.4,2026-09-02 03:59:59.999000+00:00,1
2026-09-02 04:00:00+00:00,3.478e-06,3.48e-06,3.443e-06,3.448e-06,250604.5,2026-09-02 07:59:59.999000+00:00,1
2026-09-02 08:00:00+00:00,3.449e-06,3.457e-06,3.367e-06,3.414e-06,483777.0,2026-09-02 11:59:59.999000+00:00,1
2026-09-02 12:00:00+00:00,3.413e-06,3.435e-06,3.361e-06,3.411e-06,491895.4,2026-09-02 15:59:59.999000+00:00,1
2026-09-02 16:00:00+00:00,3.411e-06,3.419e-06,3.364e-06,3.401e-06,266790.5,2026-09-02 19:59:59.999000+00:00,1
2026-09-02 20:00:00+00:00,3.401e-06,3.431e-06,3.384e-06,3.429e-06,241511.3,2026-09-02 23:59:59.999000+00:00,1
2026-09-03 00:00:00+00:00,3.428e-06,3.48e-06,3.392e-06,3.452e-06,359357.1,2026-09-03 03:59:59.999000+00:00,1
2026-09-03 04:00:00+00:00,3.452e-06,3.487e-06,3.403e-06,3.462e-06,346681.8,2026-09-03 07:59:59.999000+00:00,1
2026-09-03 08:00:00+00:00,3.463e-06,3.5e-06,3.438e-06,3.481e-06,292977.0,2026-09-03 11:59:59.999000+00:00,1
2026-09-03 12:00:00+00:00,3.482e-06,3.865e-06,3.47e-06,3.857e-06,1701083.7,2026-09-03 15:59:59.999000+00:00,1
2026-09-03 16:00:00+00:00,3.857e-06,3.879e-06,3.767e-06,3.806e-06,925968.3,2026-09-03 19:59:59.999000+00:00,1
2026-09-03 20:00:00+00:00,3.807e-06,3.807e-06,3.648e-06,3.711e-06,599119.1,2026-09-03 23:59:59.999000+00:00,1
2026-09-04 00:00:00+00:00,3.711e-06,3.715e-06,3.631e-06,3.661e-06,437652.3,2026-09-04 03:59:59.999000+00:00,1
2026-09-04 04:00:00+00:00,3.661e-06,3.695e-06,3.613e-06,3.629e-06,466104.8,2026-09-04 07:59:59.999000+00:00,1
2026-09-04 08:00:00+00:00,3.63e-06,3.703e-06,3.624e-06,3.683e-06,551638.6,2026-09-04 11:59:59.999000+00:00,1
2026-09-04 12:00:00+00:00,3.684e-06,3.712e-06,3.471e-06,3.517e-06,1556198.3,2026-09-04 15:59:59.999000+00:00,1
2026-09-04 16:00:00+00:00,3.516e-06,3.589e-06,3.509e-06,3.582e-06,345298.4,2026-09-04 19:59:59.999000+00:00,1
2026-09-04 20:00:00+00:00,3.582e-06,3.6e-06,3.486e-06,3.52e-06,306740.2,2026-09-04 23:59:59.999000+00:00,1
2026-09-05 00:00:00+00:00,3.52e-06,3.525e-06,3.405e-06,3.46e-06,496565.7,2026-09-05 03:59:59.999000+00:00,1
2026-09-05 04:00:00+00:00,3.46e-06,3.523e-06,3.449e-06,3.517e-06,375209.4,2026-09-05 07:59:59.999000+00:00,1
2026-09-05 08:00:00+00:00,3.516e-06,3.54e-06,3.498e-06,3.524e-06,305483.9,2026-09-05 11:59:59.999000+00:00,1
2026-09-05 12:00:00+00:00,3.525e-06,3.591e-06,3.517e-06,3.569e-06,515527.4,2026-09-05 15:59:59.999000+00:00,1
2026-09-05 16:00:00+00:00,3.568e-06,3.709e-06,3.557e-06,3.606e-06,888486.0,2026-09-05 19:59:59.999000+00:00,1
2026-09-05 20:00:00+00:00,3.607e-06,3.657e-06,3.597e-06,3.612e-06,363098.4,2026-09-05 23:59:59.999000+00:00,1
2026-09-06 00:00:00+00:00,3.612e-06,3.69e-06,3.605e-06,3.666e-06,447533.8,2026-09-06 03:59:59.999000+00:00,1
2026-09-06 04:00:00+00:00,3.666e-06,3.671e-06,3.593e-06,3.631e-06,465658.0,2026-09-06 07:59:59.999000+00:00,1
2026-09-06 08:00:00+00:00,3.631e-06,3.652e-06,3.607e-06,3.634e-06,286624.9,2026-09-06 11:59:59.999000+00:00,1
2026-09-06 12:00:00+00:00,3.635e-06,3.643e-06,3.526e-06,3.577e-06,735080.8,2026-09-06 15:59:59.999000+00:00,1
2026-09-06 16:00:00+00:00,3.576e-06,3.605e-06,3.568e-06,3.593e-06,178426.7,2026-09-06 19:59:59.999000+00:00,1
2026-09-06 20:00:00+00:00,3.592e-06,3.658e-06,3.589e-06,3.653e-06,268250.6,2026-09-06 23:59:59.999000+00:00,1
2026-09-07 00:00:00+00:00,3.653e-06,3.672e-06,3.565e-06,3.573e-06,511744.4,2026-09-07 03:59:59.999000+00:00,1
2026-09-07 04:00:00+00:00,3.572e-06,3.632e-06,3.531e-06,3.56e-06,436858.9,2026-09-07 07:59:59.999000+00:00,1
2026-09-07 08:00:00+00:00,3.56e-06,3.612e-06,3.555e-06,3.595e-06,284497.5,2026-09-07 11:59:59.999000+00:00,1
2026-09-07 12:00:00+00:00,3.596e-06,3.709e-06,3.543e-06,3.563e-06,929789.7,2026-09-07 15:59:59.999000+00:00,1
2026-09-07 16:00:00+00:00,3.563e-06,3.636e-06,3.562e-06,3.628e-06,261243.8,2026-09-07 19:59:59.999000+00:00,1
2026-09-07 20:00:00+00:00,3.628e-06,3.643e-06,3.559e-06,3.622e-06,312412.5,2026-09-07 23:59:59.999000+00:00,1
2026-09-08 00:00:00+00:00,3.622e-06,3.681e-06,3.58e-06,3.604e-06,463679.3,2026-09-08 03:59:59.999000+00:00,1
2026-09-08 04:00:00+00:00,3.604e-06,3.639e-06,3.563e-06,3.606e-06,545407.7,2026-09-08 07:59:59.999000+00:00,1
2026-09-08 08:00:00+00:00,3.606e-06,3.655e-06,3.584e-06,3.607e-06,452032.7,2026-09-08 11:59:59.999000+00:00,1
2026-09-08 12:00:00+00:00,3.606e-06,3.679e-06,3.545e-06,3.67e-06,747440.8,2026-09-08 15:59:59.999000+00:00,1
2026-09-08 16:00:00+00:00,3.671e-06,3.695e-06,3.604e-06,3.635e-06,474778.8,2026-09-08 19:59:59.999000+00:00,1
2026-09-08 20:00:00+00:00,3.636e-06,3.681e-06,3.633e-06,3.653e-06,245686.8,2026-09-08 23:59:59.999000+00:00,1
2026-09-09 00:00:00+00:00,3.654e-06,3.763e-06,3.618e-06,3.642e-06,696890.4,2026-09-09 03:59:59.999000+00:00,1
2026-09-09 04:00:00+00:00,3.641e-06,3.736e-06,3.641e-06,3.711e-06,509297.0,2026-09-09 07:59:59.999000+00:00,1
2026-09-09 08:00:00+00:00,3.711e-06,3.736e-06,3.648e-06,3.717e-06,538009.3,2026-09-09 11:59:59.999000+00:00,1
2026-09-09 12:00:00+00:00,3.716e-06,3.73e-06,3.542e-06,3.586e-06,1013505.4,2026-09-09 15:59:59.999000+00:00,1
2026-09-09 16:00:00+00:00,3.586e-06,3.633e-06,3.514e-06,3.529e-06,530293.3,2026-09-09 19:59:59.999000+00:00,1
2026-09-09 20:00:00+00:00,3.53e-06,3.539e-06,3.388e-06,3.474e-06,649081.6,2026-09-09 23:59:59.999000+00:00,1
2026-09-10 00:00:00+00:00,3.475e-06,3.488e-06,3.425e-06,3.466e-06,334370.2,2026-09-10 03:59:59.999000+00:00,1
2026-09-10 04:00:00+00:00,3.466e-06,3.476e-06,3.421e-06,3.437e-06,248137.3,2026-09-10 07:59:59.999000+00:00,1
2026-09-10 08:00:00+00:00,3.436e-06,3.45e-06,3.391e-06,3.412e-06,354836.0,2026-09-10 11:59:59.999000+00:00,1
2026-09-10 12:00:00+00:00,3.411e-06,3.425e-06,3.252e-06,3.277e-06,1325764.9,2026-09-10 15:59:59.999000+00:00,1
2026-09-10 16:00:00+00:00,3.276e-06,3.324e-06,3.217e-06,3.306e-06,730638.5,2026-09-10 19:59:59.999000+00:00,1
2026-09-10 20:00:00+00:00,3.306e-06,3.332e-06,3.224e-06,3.231e-06,356062.0,2026-09-10 23:59:59.999000+00:00,1
2026-09-11 00:00:00+00:00,3.232e-06,3.293e-06,3.232e-06,3.291e-06,233446.6,2026-09-11 03:59:59.999000+00:00,1
2026-09-11 04:00:00+00:00,3.292e-06,3.33e-06,3.29e-06,3.31e-06,344038.2,2026-09-11 07:59:59.999000+00:00,1
2026-09-11 08:00:00+00:00,3.31e-06,3.332e-06,3.229e-06,3.257e-06,383894.9,2026-09-11 11:59:59.999000+00:00,1
2026-09-11 12:00:00+00:00,3.257e-06,3.57e-06,3.176e-06,3.356e-06,2126930.7,2026-09-11 15:59:59.999000+00:00,1
2026-09-11 16:00:00+00:00,3.355e-06,3.39e-06,3.244e-06,3.292e-06,612727.5,2026-09-11 19:59:59.999000+00:00,1
2026-09-11 20:00:00+00:00,3.291e-06,3.316e-06,3.256e-06,3.304e-06,314916.2,2026-09-11 23:59:59.999000+00:00,1
2026-09-12 00:00:00+00:00,3.304e-06,3.339e-06,3.292e-06,3.337e-06,226671.7,2026-09-12 03:59:59.999000+00:00,1
2026-09-12 04:00:00+00:00,3.338e-06,3.353e-06,3.308e-06,3.348e-06,224394.7,2026-09-12 07:59:59.999000+00:00,1
2026-09-12 08:00:00+00:00,3.349e-06,3.421e-06,3.34e-06,3.395e-06,432280.5,2026-09-12 11:59:59.999000+00:00,1
2026-09-12 12:00:00+00:00,3.395e-06,3.418e-06,3.375e-06,3.394e-06,342414.6,2026-09-12 15:59:59.999000+00:00,1
2026-09-12 16:00:00+00:00,3.394e-06,3.426e-06,3.385e-06,3.41e-06,290837.1,2026-09-12 19:59:59.999000+00:00,1
2026-09-12 20:00:00+00:00,3.411e-06,3.438e-06,3.402e-06,3.423e-06,172999.0,2026-09-12 23:59:59.999000+00:00,1
2026-09-13 00:00:00+00:00,3.422e-06,3.468e-06,3.415e-06,3.449e-06,281985.0,2026-09-13 03:59:59.999000+00:00,1
2026-09-13 04:00:00+00:00,3.449e-06,3.485e-06,3.421e-06,3.435e-06,429212.9,2026-09-13 07:59:59.999000+00:00,1
2026-09-13 08:00:00+00:00,3.435e-06,3.445e-06,3.367e-06,3.414e-06,634296.9,2026-09-13 11:59:59.999000+00:00,1
2026-09-13 12:00:00+00:00,3.413e-06,3.445e-06,3.376e-06,3.395e-06,383832.4,2026-09-13 15:59:59.999000+00:00,1
2026-09-13 16:00:00+00:00,3.394e-06,3.428e-06,3.394e-06,3.406e-06,153057.2,2026-09-13 19:59:59.999000+00:00,1
2026-09-13 20:00:00+00:00,3.406e-06,3.445e-06,3.328e-06,3.36e-06,483901.0,2026-09-13 23:59:59.999000+00:00,1
2026-09-14 00:00:00+00:00,3.36e-06,3.467e-06,3.336e-06,3.437e-06,484530.9,2026-09-14 03:59:59.999000+00:00,1
2026-09-14 04:00:00+00:00,3.437e-06,3.467e-06,3.429e-06,3.448e-06,268186.3,2026-09-14 07:59:59.999000+00:00,1
2026-09-14 08:00:00+00:00,3.449e-06,3.488e-06,3.409e-06,3.445e-06,462985.0,2026-09-14 11:59:59.999000+00:00,1
2026-09-14 12:00:00+00:00,3.446e-06,3.481e-06,3.401e-06,3.477e-06,571761.7,2026-09-14 15:59:59.999000+00:00,1
2026-09-14 16:00:00+00:00,3.476e-06,3.574e-06,3.463e-06,3.516e-06,544055.0,2026-09-14 19:59:59.999000+00:00,1
2026-09-14 20:00:00+00:00,3.516e-06,3.59e-06,3.447e-06,3.453e-06,417095.6,2026-09-14 23:59:59.999000+00:00,1
2026-09-15 00:00:00+00:00,3.453e-06,3.481e-06,3.44e-06,3.454e-06,267059.2,2026-09-15 03:59:59.999000+00:00,1
2026-09-15 04:00:00+00:00,3.453e-06,3.464e-06,3.385e-06,3.414e-06,381569.7,2026-09-15 07:59:59.999000+00:00,1
2026-09-15 08:00:00+00:00,3.414e-06,3.454e-06,3.404e-06,3.432e-06,228506.8,2026-09-15 11:59:59.999000+00:00,1
2026-09-15 12:00:00+00:00,3.433e-06,3.497e-06,3.325e-06,3.381e-06,892730.0,2026-09-15 15:59:59.999000+00:00,1
2026-09-15 16:00:00+00:00,3.382e-06,3.458e-06,3.265e-06,3.368e-06,993688.3,2026-09-15 19:59:59.999000+00:00,1
2026-09-15 20:00:00+00:00,3.367e-06,3.42e-06,3.308e-06,3.387e-06,513791.9,2026-09-15 23:59:59.999000+00:00,1
2026-09-16 00:00:00+00:00,3.387e-06,3.4e-06,3.326e-06,3.383e-06,295494.3,2026-09-16 03:59:59.999000+00:00,1
2026-09-16 04:00:00+00:00,3.383e-06,3.42e-06,3.347e-06,3.352e-06,381599.0,2026-09-16 07:59:59.999000+00:00,1
