ts,open,high,low,close,volume,close_time,confirm
2026-04-13 16:00:00+00:00,0.1642,0.1657,0.164,0.1655,2645076.0,2026-04-13 19:59:59.999000+00:00,1
2026-04-13 20:00:00+00:00,0.1655,0.1673,0.1649,0.1665,6660224.0,2026-04-13 23:59:59.999000+00:00,1
2026-04-14 00:00:00+00:00,0.1665,0.1669,0.164,0.1649,6495356.0,2026-04-14 03:59:59.999000+00:00,1
2026-04-14 04:00:00+00:00,0.1649,0.1655,0.1636,0.1644,3930061.0,2026-04-14 07:59:59.999000+00:00,1
2026-04-14 08:00:00+00:00,0.1644,0.1653,0.1641,0.1647,2776301.0,2026-04-14 11:59:59.999000+00:00,1
2026-04-14 12:00:00+00:00,0.1646,0.1685,0.1645,0.1671,9438409.0,2026-04-14 15:59:59.999000+00:00,1
2026-04-14 16:00:00+00:00,0.1672,0.1679,0.1654,0.1659,4801040.0,2026-04-14 19:59:59.999000+00:00,1
2026-04-14 20:00:00+00:00,0.1659,0.1667,0.1647,0.1662,3018910.0,2026-04-14 23:59:59.999000+00:00,1
2026-04-15 00:00:00+00:00,0.1661,0.1666,0.165,0.1654,3333899.0,2026-04-15 03:59:59.999000+00:00,1
2026-04-15 04:00:00+00:00,0.1653,0.1678,0.1653,0.1669,5757074.0,2026-04-15 07:59:59.999000+00:00,1
2026-04-15 08:00:00+00:00,0.1669,0.1675,0.1666,0.167,3263638.0,2026-04-15 11:59:59.999000+00:00,1
2026-04-15 12:00:00+00:00,0.1669,0.1673,0.1656,0.1663,4865238.0,2026-04-15 15:59:59.999000+00:00,1
2026-04-15 16:00:00+00:00,0.1662,0.1671,0.1658,0.167,1825548.0,2026-04-15 19:59:59.999000+00:00,1
2026-04-15 20:00:00+00:00,0.1669,0.1673,0.1658,0.1673,2521009.0,2026-04-15 23:59:59.999000+00:00,1
2026-04-16 00:00:00+00:00,0.1673,0.1687,0.1671,0.1684,4840670.0,2026-04-16 03:59:59.999000+00:00,1
2026-04-16 04:00:00+00:00,0.1684,0.1725,0.1677,0.1708,12599542.0,2026-04-16 07:59:59.999000+00:00,1
2026-04-16 08:00:00+00:00,0.1709,0.1713,0.1683,0.1696,9235684.0,2026-04-16 11:59:59.999000+00:00,1
2026-04-16 12:00:00+00:00,0.1697,0.1706,0.1683,0.17,8068859.0,2026-04-16 15:59:59.999000+00:00,1
2026-04-16 16:00:00+00:00,0.1699,0.1743,0.1699,0.1732,12629023.0,2026-04-16 19:59:59.999000+00:00,1
2026-04-16 20:00:00+00:00,0.1732,0.1739,0.1714,0.1727,5457912.0,2026-04-16 23:59:59.999000+00:00,1
2026-04-17 00:00:00+00:00,0.1727,0.1731,0.1705,0.1717,6657532.0,2026-04-17 03:59:59.999000+00:00,1
2026-04-17 04:00:00+00:00,0.1717,0.1825,0.1717,0.1793,34231129.0,2026-04-17 07:59:59.999000+00:00,1
2026-04-17 08:00:00+00:00,0.1793,0.1843,0.1775,0.1818,17018034.0,2026-04-17 11:59:59.999000+00:00,1
2026-04-17 12:00:00+00:00,0.1819,0.1824,0.178,0.1786,13309237.0,2026-04-17 15:59:59.999000+00:00,1
2026-04-17 16:00:00+00:00,0.1786,0.1817,0.1776,0.1787,7113891.0,2026-04-17 19:59:59.999000+00:00,1
2026-04-17 20:00:00+00:00,0.1787,0.1808,0.1777,0.179,4229206.0,2026-04-17 23:59:59.999000+00:00,1
2026-04-18 00:00:00+00:00,0.1789,0.1871,0.1784,0.1845,19897912.0,2026-04-18 03:59:59.999000+00:00,1
2026-04-18 04:00:00+00:00,0.1844,0.1888,0.1841,0.1865,14794696.0,2026-04-18 07:59:59.999000+00:00,1
2026-04-18 08:00:00+00:00,0.1865,0.1867,0.1779,0.18,26528531.0,2026-04-18 11:59:59.999000+00:00,1
2026-04-18 12:00:00+00:00,0.18,0.1809,0.1708,0.173,28154774.0,2026-04-18 15:59:59.999000+00:00,1
2026-04-18 16:00:00+00:00,0.173,0.1737,0.1702,0.1711,8345522.0,2026-04-18 19:59:59.999000+00:00,1
2026-04-18 20:00:00+00:00,0.1711,0.1759,0.1708,0.1748,13978859.0,2026-04-18 23:59:59.999000+00:00,1
2026-04-19 00:00:00+00:00,0.1748,0.1769,0.1715,0.1731,12529742.0,2026-04-19 03:59:59.999000+00:00,1
2026-04-19 04:00:00+00:00,0.1732,0.1752,0.172,0.1722,6647823.0,2026-04-19 07:59:59.999000+00:00,1
2026-04-19 08:00:00+00:00,0.1723,0.1727,0.169,0.1714,11089509.0,2026-04-19 11:59:59.999000+00:00,1
2026-04-19 12:00:00+00:00,0.1715,0.1738,0.1711,0.1722,9538436.0,2026-04-19 15:59:59.999000+00:00,1
2026-04-19 16:00:00+00:00,0.1722,0.1725,0.1701,0.1715,4758222.0,2026-04-19 19:59:59.999000+00:00,1
2026-04-19 20:00:00+00:00,0.1715,0.1718,0.1693,0.1707,6901470.0,2026-04-19 23:59:59.999000+00:00,1
2026-04-20 00:00:00+00:00,0.1706,0.1729,0.1702,0.1718,5641802.0,2026-04-20 03:59:59.999000+00:00,1
2026-04-20 04:00:00+00:00,0.1718,0.173,0.1706,0.1724,6133699.0,2026-04-20 07:59:59.999000+00:00,1
2026-04-20 08:00:00+00:00,0.1725,0.1728,0.1711,0.1721,5342799.0,2026-04-20 11:59:59.999000+00:00,1
2026-04-20 12:00:00+00:00,0.1722,0.1744,0.1719,0.1724,8242621.0,2026-04-20 15:59:59.999000+00:00,1
2026-04-20 16:00:00+00:00,0.1724,0.1739,0.172,0.1731,3429691.0,2026-04-20 19:59:59.999000+00:00,1
2026-04-20 20:00:00+00:00,0.1731,0.1738,0.1724,0.1733,3793350.0,2026-04-20 23:59:59.999000+00:00,1
2026-04-21 00:00:00+00:00,0.1733,0.1754,0.1645,0.1693,27578825.0,2026-04-21 03:59:59.999000+00:00,1
2026-04-21 04:00:00+00:00,0.1693,0.1711,0.167,0.1698,17027844.0,2026-04-21 07:59:59.999000+00:00,1
2026-04-21 08:00:00+00:00,0.1697,0.1701,0.1676,0.1685,8735153.0,2026-04-21 11:59:59.999000+00:00,1
2026-04-21 12:00:00+00:00,0.1685,0.169,0.167,0.1681,8082491.0,2026-04-21 15:59:59.999000+00:00,1
2026-04-21 16:00:00+00:00,0.1682,0.1684,0.1657,0.1662,5843624.0,2026-04-21 19:59:59.999000+00:00,1
2026-04-21 20:00:00+00:00,0.1663,0.1688,0.1662,0.1686,3936791.0,2026-04-21 23:59:59.999000+00:00,1
2026-04-22 00:00:00+00:00,0.1686,0.1702,0.1673,0.1697,7097921.0,2026-04-22 03:59:59.999000+00:00,1
2026-04-22 04:00:00+00:00,0.1696,0.1709,0.1688,0.1698,7517703.0,2026-04-22 07:59:59.999000+00:00,1
2026-04-22 08:00:00+00:00,0.1699,0.1701,0.1681,0.1694,5338317.0,2026-04-22 11:59:59.999000+00:00,1
2026-04-22 12:00:00+00:00,0.1695,0.1696,0.1685,0.1691,4026260.0,2026-04-22 15:59:59.999000+00:00,1
2026-04-22 16:00:00+00:00,0.1691,0.1697,0.1684,0.1686,1867223.0,2026-04-22 19:59:59.999000+00:00,1
2026-04-22 20:00:00+00:00,0.1686,0.1691,0.1678,0.1682,3384626.0,2026-04-22 23:59:59.999000+00:00,1
2026-04-23 00:00:00+00:00,0.1681,0.1694,0.1668,0.1683,7911124.0,2026-04-23 03:59:59.999000+00:00,1
2026-04-23 04:00:00+00:00,0.1683,0.1692,0.1675,0.1685,4680355.0,2026-04-23 07:59:59.999000+00:00,1
2026-04-23 08:00:00+00:00,0.1685,0.1687,0.1671,0.1682,4786559.0,2026-04-23 11:59:59.999000+00:00,1
2026-04-23 12:00:00+00:00,0.1681,0.1686,0.1674,0.1685,3941512.0,2026-04-23 15:59:59.999000+00:00,1
2026-04-23 16:00:00+00:00,0.1685,0.1687,0.1662,0.1669,3632589.0,2026-04-23 19:59:59.999000+00:00,1
2026-04-23 20:00:00+00:00,0.1669,0.1682,0.1669,0.1682,1690361.0,2026-04-23 23:59:59.999000+00:00,1
2026-04-24 00:00:00+00:00,0.1681,0.1694,0.168,0.1689,4027428.0,2026-04-24 03:59:59.999000+00:00,1
2026-04-24 04:00:00+00:00,0.1688,0.1714,0.1687,0.1696,9818775.0,2026-04-24 07:59:59.999000+00:00,1
2026-04-24 08:00:00+00:00,0.1696,0.1704,0.1691,0.1697,4022669.0,2026-04-24 11:59:59.999000+00:00,1
2026-04-24 12:00:00+00:00,0.1698,0.1704,0.1693,0.17,4050190.0,2026-04-24 15:59:59.999000+00:00,1
2026-04-24 16:00:00+00:00,0.1701,0.1705,0.1696,0.1704,1798560.0,2026-04-24 19:59:59.999000+00:00,1
2026-04-24 20:00:00+00:00,0.1704,0.1705,0.169,0.1696,2526341.0,2026-04-24 23:59:59.999000+00:00,1
2026-04-25 00:00:00+00:00,0.1696,0.1706,0.1694,0.1702,3275507.0,2026-04-25 03:59:59.999000+00:00,1
2026-04-25 04:00:00+00:00,0.1702,0.1706,0.1696,0.1703,2440198.0,2026-04-25 07:59:59.999000+00:00,1
2026-04-25 08:00:00+00:00,0.1702,0.1719,0.1701,0.1709,7320617.0,2026-04-25 11:59:59.999000+00:00,1
2026-04-25 12:00:00+00:00,0.1709,0.171,0.1697,0.1699,4670378.0,2026-04-25 15:59:59.999000+00:00,1
2026-04-25 16:00:00+00:00,0.1699,0.1712,0.169,0.1705,5463253.0,2026-04-25 19:59:59.999000+00:00,1
2026-04-25 20:00:00+00:00,0.1705,0.1727,0.1702,0.1715,5104082.0,2026-04-25 23:59:59.999000+00:00,1
2026-04-26 00:00:00+00:00,0.1716,0.1797,0.1713,0.1785,27203868.0,2026-04-26 03:59:59.999000+00:00,1
2026-04-26 04:00:00+00:00,0.1784,0.1804,0.1765,0.1775,12960104.0,2026-04-26 07:59:59.999000+00:00,1
2026-04-26 08:00:00+00:00,0.1776,0.1827,0.1772,0.1796,20881182.0,2026-04-26 11:59:59.999000+00:00,1
2026-04-26 12:00:00+00:00,0.1796,0.1827,0.1782,0.1822,13369873.0,2026-04-26 15:59:59.999000+00:00,1
2026-04-26 16:00:00+00:00,0.1823,0.1853,0.1803,0.1827,15580368.0,2026-04-26 19:59:59.999000+00:00,1
2026-04-26 20:00:00+00:00,0.1827,0.1868,0.1806,0.1812,15290892.0,2026-04-26 23:59:59.999000+00:00,1
2026-04-27 00:00:00+00:00,0.1812,0.1814,0.1771,0.1794,15288786.0,2026-04-27 03:59:59.999000+00:00,1
2026-04-27 04:00:00+00:00,0.1793,0.181,0.1752,0.1775,15061747.0,2026-04-27 07:59:59.999000+00:00,1
2026-04-27 08:00:00+00:00,0.1774,0.1824,0.1772,0.1819,12298990.0,2026-04-27 11:59:59.999000+00:00,1
2026-04-27 12:00:00+00:00,0.1819,0.1847,0.1804,0.1811,19336493.0,2026-04-27 15:59:59.999000+00:00,1
2026-04-27 16:00:00+00:00,0.1811,0.1825,0.1801,0.1821,7007554.0,2026-04-27 19:59:59.999000+00:00,1
2026-04-27 20:00:00+00:00,0.1821,0.184,0.1812,0.1834,5319380.0,2026-04-27 23:59:59.999000+00:00,1
2026-04-28 00:00:00+00:00,0.1833,0.19,0.1832,0.1867,28775289.0,2026-04-28 03:59:59.999000+00:00,1
2026-04-28 04:00:00+00:00,0.1867,0.1893,0.1851,0.1884,15705509.0,2026-04-28 07:59:59.999000+00:00,1
2026-04-28 08:00:00+00:00,0.1885,0.1963,0.1874,0.1934,34645183.0,2026-04-28 11:59:59.999000+00:00,1
2026-04-28 12:00:00+00:00,0.1933,0.1959,0.1901,0.1917,22334417.0,2026-04-28 15:59:59.999000+00:00,1
2026-04-28 16:00:00+00:00,0.1917,0.1939,0.1861,0.1903,13879586.0,2026-04-28 19:59:59.999000+00:00,1
2026-04-28 20:00:00+00:00,0.1902,0.1965,0.1899,0.1949,17603673.0,2026-04-28 23:59:59.999000+00:00,1
2026-04-29 00:00:00+00:00,0.1948,0.1998,0.1947,0.1971,26428734.0,2026-04-29 03:59:59.999000+00:00,1
2026-04-29 04:00:00+00:00,0.197,0.1994,0.1953,0.1968,12303032.0,2026-04-29 07:59:59.999000+00:00,1
2026-04-29 08:00:00+00:00,0.1968,0.199,0.1861,0.187,40631646.0,2026-04-29 11:59:59.999000+00:00,1
2026-04-29 12:00:00+00:00,0.1871,0.1914,0.1863,0.1884,20994738.0,2026-04-29 15:59:59.999000+00:00,1
2026-04-29 16:00:00+00:00,0.1884,0.1919,0.1868,0.1875,10315992.0,2026-04-29 19:59:59.999000+00:00,1
2026-04-29 20:00:00+00:00,0.1876,0.1917,0.1873,0.1901,6206499.0,2026-04-29 23:59:59.999000+00:00,1
2026-04-30 00:00:00+00:00,0.1901,0.1912,0.1701,0.1756,68125976.0,2026-04-30 03:59:59.999000+00:00,1
2026-04-30 04:00:00+00:00,0.1756,0.1781,0.1743,0.1764,14513367.0,2026-04-30 07:59:59.999000+00:00,1
2026-04-30 08:00:00+00:00,0.1764,0.1769,0.1727,0.175,12414754.0,2026-04-30 11:59:59.999000+00:00,1
2026-04-30 12:00:00+00:00,0.1749,0.1771,0.1734,0.1756,12351009.0,2026-04-30 15:59:59.999000+00:00,1
2026-04-30 16:00:00+00:00,0.1755,0.1761,0.1741,0.1754,2963194.0,2026-04-30 19:59:59.999000+00:00,1
2026-04-30 20:00:00+00:00,0.1754,0.1785,0.1748,0.1775,5771621.0,2026-04-30 23:59:59.999000+00:00,1
2026-05-01 00:00:00+00:00,0.1774,0.1838,0.1759,0.1798,19342876.0,2026-05-01 03:59:59.999000+00:00,1
2026-05-01 04:00:00+00:00,0.1798,0.1814,0.1779,0.1801,9756671.0,2026-05-01 07:59:59.999000+00:00,1
2026-05-01 08:00:00+00:00,0.1801,0.1814,0.1788,0.181,6582703.0,2026-05-01 11:59:59.999000+00:00,1
2026-05-01 12:00:00+00:00,0.1809,0.182,0.1791,0.1798,8733670.0,2026-05-01 15:59:59.999000+00:00,1
2026-05-01 16:00:00+00:00,0.1798,0.1809,0.1792,0.1804,4540557.0,2026-05-01 19:59:59.999000+00:00,1
2026-05-01 20:00:00+00:00,0.1804,0.1821,0.1794,0.1819,3783635.0,2026-05-01 23:59:59.999000+00:00,1
2026-05-02 00:00:00+00:00,0.1818,0.182,0.1785,0.1795,7301130.0,2026-05-02 03:59:59.999000+00:00,1
2026-05-02 04:00:00+00:00,0.1794,0.18,0.1768,0.1776,7015386.0,2026-05-02 07:59:59.999000+00:00,1
2026-05-02 08:00:00+00:00,0.1775,0.1785,0.1765,0.1779,6247267.0,2026-05-02 11:59:59.999000+00:00,1
2026-05-02 12:00:00+00:00,0.1779,0.1783,0.1763,0.1772,5567441.0,2026-05-02 15:59:59.999000+00:00,1
2026-05-02 16:00:00+00:00,0.1771,0.1778,0.1768,0.1773,2187977.0,2026-05-02 19:59:59.999000+00:00,1
2026-05-02 20:00:00+00:00,0.1773,0.179,0.1772,0.1786,3796957.0,2026-05-02 23:59:59.999000+00:00,1
2026-05-03 00:00:00+00:00,0.1786,0.1798,0.1766,0.1771,7551578.0,2026-05-03 03:59:59.999000+00:00,1
2026-05-03 04:00:00+00:00,0.177,0.1771,0.1751,0.1761,7043071.0,2026-05-03 07:59:59.999000+00:00,1
2026-05-03 08:00:00+00:00,0.176,0.1772,0.176,0.1764,2719127.0,2026-05-03 11:59:59.999000+00:00,1
2026-05-03 12:00:00+00:00,0.1765,0.1773,0.1761,0.1762,2895334.0,2026-05-03 15:59:59.999000+00:00,1
2026-05-03 16:00:00+00:00,0.1763,0.1766,0.1727,0.1743,6875539.0,2026-05-03 19:59:59.999000+00:00,1
2026-05-03 20:00:00+00:00,0.1743,0.1775,0.1739,0.1763,7881774.0,2026-05-03 23:59:59.999000+00:00,1
2026-05-04 00:00:00+00:00,0.1763,0.1791,0.1743,0.178,11002070.0,2026-05-04 03:59:59.999000+00:00,1
2026-05-04 04:00:00+00:00,0.1779,0.1784,0.1771,0.1777,3777801.0,2026-05-04 07:59:59.999000+00:00,1
2026-05-04 08:00:00+00:00,0.1776,0.1779,0.1746,0.1758,6917880.0,2026-05-04 11:59:59.999000+00:00,1
2026-05-04 12:00:00+00:00,0.1757,0.1786,0.1754,0.1778,8362504.0,2026-05-04 15:59:59.999000+00:00,1
2026-05-04 16:00:00+00:00,0.1779,0.1806,0.177,0.1793,9598336.0,2026-05-04 19:59:59.999000+00:00,1
2026-05-04 20:00:00+00:00,0.1792,0.1825,0.1791,0.1812,11390718.0,2026-05-04 23:59:59.999000+00:00,1
2026-05-05 00:00:00+00:00,0.1813,0.1822,0.1792,0.1804,9743970.0,2026-05-05 03:59:59.999000+00:00,1
2026-05-05 04:00:00+00:00,0.1805,0.1819,0.1802,0.1805,4439431.0,2026-05-05 07:59:59.999000+00:00,1
2026-05-05 08:00:00+00:00,0.1805,0.1809,0.178,0.1794,8340968.0,2026-05-05 11:59:59.999000+00:00,1
2026-05-05 12:00:00+00:00,0.1793,0.1814,0.1782,0.1807,7085761.0,2026-05-05 15:59:59.999000+00:00,1
2026-05-05 16:00:00+00:00,0.1808,0.1834,0.1805,0.1813,8299649.0,2026-05-05 19:59:59.999000+00:00,1
2026-05-05 20:00:00+00:00,0.1814,0.187,0.1804,0.1838,27934192.0,2026-05-05 23:59:59.999000+00:00,1
2026-05-06 00:00:00+00:00,0.1837,0.185,0.182,0.1828,7124663.0,2026-05-06 03:59:59.999000+00:00,1
2026-05-06 04:00:00+00:00,0.1827,0.1839,0.1811,0.1826,6398311.0,2026-05-06 07:59:59.999000+00:00,1
2026-05-06 08:00:00+00:00,0.1826,0.1879,0.1824,0.1857,11109980.0,2026-05-06 11:59:59.999000+00:00,1
2026-05-06 12:00:00+00:00,0.1857,0.1873,0.1826,0.1842,19230335.0,2026-05-06 15:59:59.999000+00:00,1
2026-05-06 16:00:00+00:00,0.1841,0.1844,0.1795,0.1815,9561826.0,2026-05-06 19:59:59.999000+00:00,1
2026-05-06 20:00:00+00:00,0.1815,0.1819,0.1764,0.1786,14212238.0,2026-05-06 23:59:59.999000+00:00,1
2026-05-07 00:00:00+00:00,0.1786,0.1804,0.1758,0.1789,19413049.0,2026-05-07 03:59:59.999000+00:00,1
2026-05-07 04:00:00+00:00,0.1789,0.1804,0.1778,0.1788,8768147.0,2026-05-07 07:59:59.999000+00:00,1
2026-05-07 08:00:00+00:00,0.1788,0.1808,0.1777,0.1794,8829441.0,2026-05-07 11:59:59.999000+00:00,1
2026-05-07 12:00:00+00:00,0.1795,0.1802,0.176,0.1772,10104341.0,2026-05-07 15:59:59.999000+00:00,1
2026-05-07 16:00:00+00:00,0.1771,0.1775,0.1736,0.1747,7572873.0,2026-05-07 19:59:59.999000+00:00,1
2026-05-07 20:00:00+00:00,0.1747,0.1765,0.1732,0.1762,7538989.0,2026-05-07 23:59:59.999000+00:00,1
2026-05-08 00:00:00+00:00,0.1761,0.1762,0.1737,0.1747,6280212.0,2026-05-08 03:59:59.999000+00:00,1
2026-05-08 04:00:00+00:00,0.1748,0.1754,0.166,0.1701,25156162.0,2026-05-08 07:59:59.999000+00:00,1
2026-05-08 08:00:00+00:00,0.1701,0.1715,0.1689,0.1703,9117880.0,2026-05-08 11:59:59.999000+00:00,1
2026-05-08 12:00:00+00:00,0.1703,0.1708,0.1673,0.1702,9178297.0,2026-05-08 15:59:59.999000+00:00,1
2026-05-08 16:00:00+00:00,0.1703,0.1716,0.1695,0.1711,4635722.0,2026-05-08 19:59:59.999000+00:00,1
2026-05-08 20:00:00+00:00,0.1712,0.1727,0.171,0.172,4636970.0,2026-05-08 23:59:59.999000+00:00,1
2026-05-09 00:00:00+00:00,0.1721,0.1753,0.1717,0.1745,9681369.0,2026-05-09 03:59:59.999000+00:00,1
2026-05-09 04:00:00+00:00,0.1745,0.1764,0.1737,0.1749,10119685.0,2026-05-09 07:59:59.999000+00:00,1
2026-05-09 08:00:00+00:00,0.1749,0.1757,0.172,0.1738,8913334.0,2026-05-09 11:59:59.999000+00:00,1
2026-05-09 12:00:00+00:00,0.1739,0.1754,0.1726,0.1747,5245001.0,2026-05-09 15:59:59.999000+00:00,1
2026-05-09 16:00:00+00:00,0.1747,0.1749,0.1739,0.1746,2518674.0,2026-05-09 19:59:59.999000+00:00,1
2026-05-09 20:00:00+00:00,0.1746,0.1749,0.1731,0.1735,3349153.0,2026-05-09 23:59:59.999000+00:00,1
2026-05-10 00:00:00+00:00,0.1734,0.1744,0.1723,0.1734,5625327.0,2026-05-10 03:59:59.999000+00:00,1
2026-05-10 04:00:00+00:00,0.1733,0.1737,0.1725,0.1732,2169152.0,2026-05-10 07:59:59.999000+00:00,1
2026-05-10 08:00:00+00:00,0.1731,0.1744,0.1727,0.1739,3391808.0,2026-05-10 11:59:59.999000+00:00,1
2026-05-10 12:00:00+00:00,0.1739,0.1755,0.1732,0.1743,5966635.0,2026-05-10 15:59:59.999000+00:00,1
2026-05-10 16:00:00+00:00,0.1744,0.1764,0.1737,0.1759,4663189.0,2026-05-10 19:59:59.999000+00:00,1
2026-05-10 20:00:00+00:00,0.1759,0.1759,0.1726,0.1753,7169738.0,2026-05-10 23:59:59.999000+00:00,1
2026-05-11 00:00:00+00:00,0.1754,0.1754,0.1732,0.1734,5233815.0,2026-05-11 03:59:59.999000+00:00,1
2026-05-11 04:00:00+00:00,0.1734,0.1749,0.1717,0.1726,7824292.0,2026-05-11 07:59:59.999000+00:00,1
2026-05-11 08:00:00+00:00,0.1727,0.1736,0.1724,0.1731,3198794.0,2026-05-11 11:59:59.999000+00:00,1
2026-05-11 12:00:00+00:00,0.1732,0.1739,0.1706,0.1728,6277913.0,2026-05-11 15:59:59.999000+00:00,1
2026-05-11 16:00:00+00:00,0.1729,0.1734,0.1709,0.1719,3845877.0,2026-05-11 19:59:59.999000+00:00,1
2026-05-11 20:00:00+00:00,0.1719,0.1728,0.1711,0.1718,5133481.0,2026-05-11 23:59:59.999000+00:00,1
2026-05-12 00:00:00+00:00,0.1718,0.1721,0.1683,0.1708,7574948.0,2026-05-12 03:59:59.999000+00:00,1
2026-05-12 04:00:00+00:00,0.1708,0.1718,0.1704,0.171,3444676.0,2026-05-12 07:59:59.999000+00:00,1
2026-05-12 08:00:00+00:00,0.1709,0.1741,0.1702,0.173,6789576.0,2026-05-12 11:59:59.999000+00:00,1
2026-05-12 12:00:00+00:00,0.173,0.1732,0.1703,0.1713,7001373.0,2026-05-12 15:59:59.999000+00:00,1
2026-05-12 16:00:00+00:00,0.1712,0.172,0.1699,0.1719,3260113.0,2026-05-12 19:59:59.999000+00:00,1
2026-05-12 20:00:00+00:00,0.1719,0.1749,0.1719,0.1744,5389935.0,2026-05-12 23:59:59.999000+00:00,1
2026-05-13 00:00:00+00:00,0.1743,0.1747,0.1726,0.1728,4762858.0,2026-05-13 03:59:59.999000+00:00,1
2026-05-13 04:00:00+00:00,0.1729,0.1736,0.1715,0.1719,4501260.0,2026-05-13 07:59:59.999000+00:00,1
2026-05-13 08:00:00+00:00,0.1718,0.173,0.1708,0.1711,5951365.0,2026-05-13 11:59:59.999000+00:00,1
2026-05-13 12:00:00+00:00,0.171,0.1718,0.1689,0.1696,10877586.0,2026-05-13 15:59:59.999000+00:00,1
2026-05-13 16:00:00+00:00,0.1697,0.1714,0.1696,0.1705,2985040.0,2026-05-13 19:59:59.999000+00:00,1
2026-05-13 20:00:00+00:00,0.1706,0.171,0.1697,0.171,1681466.0,2026-05-13 23:59:59.999000+00:00,1
2026-05-14 00:00:00+00:00,0.171,0.1724,0.1696,0.17,4808320.0,2026-05-14 03:59:59.999000+00:00,1
2026-05-14 04:00:00+00:00,0.1699,0.171,0.1694,0.1694,3226397.0,2026-05-14 07:59:59.999000+00:00,1
2026-05-14 08:00:00+00:00,0.1694,0.1701,0.1686,0.1694,3433725.0,2026-05-14 11:59:59.999000+00:00,1
2026-05-14 12:00:00+00:00,0.1693,0.1706,0.1688,0.1706,4871441.0,2026-05-14 15:59:59.999000+00:00,1
2026-05-14 16:00:00+00:00,0.1705,0.1718,0.1696,0.1714,3396256.0,2026-05-14 19:59:59.999000+00:00,1
2026-05-14 20:00:00+00:00,0.1715,0.1733,0.1709,0.1719,8069076.0,2026-05-14 23:59:59.999000+00:00,1
2026-05-15 00:00:00+00:00,0.1718,0.1728,0.1703,0.1709,6290020.0,2026-05-15 03:59:59.999000+00:00,1
2026-05-15 04:00:00+00:00,0.1708,0.1709,0.1688,0.1697,7062600.0,2026-05-15 07:59:59.999000+00:00,1
2026-05-15 08:00:00+00:00,0.1697,0.1699,0.1687,0.1693,3702975.0,2026-05-15 11:59:59.999000+00:00,1
2026-05-15 12:00:00+00:00,0.1693,0.1697,0.1637,0.1653,20285214.0,2026-05-15 15:59:59.999000+00:00,1
2026-05-15 16:00:00+00:00,0.1653,0.1668,0.1653,0.1662,3276335.0,2026-05-15 19:59:59.999000+00:00,1
2026-05-15 20:00:00+00:00,0.1662,0.1675,0.1656,0.1673,2422010.0,2026-05-15 23:59:59.999000+00:00,1
2026-05-16 00:00:00+00:00,0.1673,0.1683,0.1668,0.1673,3638847.0,2026-05-16 03:59:59.999000+00:00,1
2026-05-16 04:00:00+00:00,0.1673,0.1675,0.1548,0.1594,41123253.0,2026-05-16 07:59:59.999000+00:00,1
2026-05-16 08:00:00+00:00,0.1594,0.1603,0.1575,0.1594,12764324.0,2026-05-16 11:59:59.999000+00:00,1
2026-05-16 12:00:00+00:00,0.1593,0.1613,0.1588,0.1606,6708351.0,2026-05-16 15:59:59.999000+00:00,1
2026-05-16 16:00:00+00:00,0.1605,0.1612,0.1589,0.1598,5529226.0,2026-05-16 19:59:59.999000+00:00,1
2026-05-16 20:00:00+00:00,0.1598,0.1606,0.1596,0.16,2223101.0,2026-05-16 23:59:59.999000+00:00,1
2026-05-17 00:00:00+00:00,0.1601,0.1611,0.1564,0.1585,11106664.0,2026-05-17 03:59:59.999000+00:00,1
2026-05-17 04:00:00+00:00,0.1585,0.1598,0.1582,0.1587,5283889.0,2026-05-17 07:59:59.999000+00:00,1
2026-05-17 08:00:00+00:00,0.1587,0.1609,0.1577,0.1595,8066489.0,2026-05-17 11:59:59.999000+00:00,1
2026-05-17 12:00:00+00:00,0.1595,0.1601,0.1583,0.1589,3563434.0,2026-05-17 15:59:59.999000+00:00,1
2026-05-17 16:00:00+00:00,0.159,0.1606,0.1582,0.1605,3768634.0,2026-05-17 19:59:59.999000+00:00,1
2026-05-17 20:00:00+00:00,0.1605,0.1607,0.147,0.1545,26620713.0,2026-05-17 23:59:59.999000+00:00,1
2026-05-18 00:00:00+00:00,0.1546,0.1546,0.1502,0.1511,18924541.0,2026-05-18 03:59:59.999000+00:00,1
2026-05-18 04:00:00+00:00,0.1511,0.1522,0.1456,0.1481,23471902.0,2026-05-18 07:59:59.999000+00:00,1
2026-05-18 08:00:00+00:00,0.148,0.1515,0.1473,0.1503,10967082.0,2026-05-18 11:59:59.999000+00:00,1
2026-05-18 12:00:00+00:00,0.1503,0.1515,0.1486,0.1503,10227323.0,2026-05-18 15:59:59.999000+00:00,1
2026-05-18 16:00:00+00:00,0.1502,0.1522,0.1498,0.1519,3966788.0,2026-05-18 19:59:59.999000+00:00,1
2026-05-18 20:00:00+00:00,0.1518,0.1546,0.1512,0.1535,7859088.0,2026-05-18 23:59:59.999000+00:00,1
2026-05-19 00:00:00+00:00,0.1536,0.1549,0.1517,0.1519,7324426.0,2026-05-19 03:59:59.999000+00:00,1
2026-05-19 04:00:00+00:00,0.152,0.1533,0.1515,0.1523,3565262.0,2026-05-19 07:59:59.999000+00:00,1
2026-05-19 08:00:00+00:00,0.1523,0.1524,0.1488,0.1497,9864153.0,2026-05-19 11:59:59.999000+00:00,1
2026-05-19 12:00:00+00:00,0.1496,0.1504,0.1475,0.1492,11720345.0,2026-05-19 15:59:59.999000+00:00,1
2026-05-19 16:00:00+00:00,0.1492,0.1498,0.1482,0.1485,3690092.0,2026-05-19 19:59:59.999000+00:00,1
2026-05-19 20:00:00+00:00,0.1484,0.1496,0.1482,0.1487,3089879.0,2026-05-19 23:59:59.999000+00:00,1
2026-05-20 00:00:00+00:00,0.1488,0.1488,0.1464,0.1474,9044664.0,2026-05-20 03:59:59.999000+00:00,1
2026-05-20 04:00:00+00:00,0.1475,0.1496,0.1474,0.149,4629401.0,2026-05-20 07:59:59.999000+00:00,1
2026-05-20 08:00:00+00:00,0.149,0.1519,0.149,0.1507,9944056.0,2026-05-20 11:59:59.999000+00:00,1
2026-05-20 12:00:00+00:00,0.1506,0.1528,0.1501,0.152,9442484.0,2026-05-20 15:59:59.999000+00:00,1
2026-05-20 16:00:00+00:00,0.1521,0.1525,0.1508,0.1515,4327077.0,2026-05-20 19:59:59.999000+00:00,1
2026-05-20 20:00:00+00:00,0.1515,0.1516,0.1504,0.1513,2679921.0,2026-05-20 23:59:59.999000+00:00,1
2026-05-21 00:00:00+00:00,0.1512,0.1539,0.1512,0.1536,5655905.0,2026-05-21 03:59:59.999000+00:00,1
2026-05-21 04:00:00+00:00,0.1536,0.1539,0.1522,0.1533,5661377.0,2026-05-21 07:59:59.999000+00:00,1
2026-05-21 08:00:00+00:00,0.1533,0.1537,0.1509,0.1511,6147354.0,2026-05-21 11:59:59.999000+00:00,1
2026-05-21 12:00:00+00:00,0.1511,0.152,0.15,0.1516,7950100.0,2026-05-21 15:59:59.999000+00:00,1
2026-05-21 16:00:00+00:00,0.1516,0.1543,0.151,0.1536,5886195.0,2026-05-21 19:59:59.999000+00:00,1
2026-05-21 20:00:00+00:00,0.1536,0.1539,0.1516,0.1524,3668033.0,2026-05-21 23:59:59.999000+00:00,1
2026-05-22 00:00:00+00:00,0.1524,0.1535,0.1515,0.153,4019941.0,2026-05-22 03:59:59.999000+00:00,1
2026-05-22 04:00:00+00:00,0.153,0.1536,0.1517,0.1531,4588485.0,2026-05-22 07:59:59.999000+00:00,1
2026-05-22 08:00:00+00:00,0.1531,0.1548,0.1527,0.1545,5203164.0,2026-05-22 11:59:59.999000+00:00,1
2026-05-22 12:00:00+00:00,0.1545,0.1554,0.1526,0.1533,9746081.0,2026-05-22 15:59:59.999000+00:00,1
2026-05-22 16:00:00+00:00,0.1533,0.1544,0.1487,0.1502,13297805.0,2026-05-22 19:59:59.999000+00:00,1
2026-05-22 20:00:00+00:00,0.1502,0.152,0.1487,0.1494,6882361.0,2026-05-22 23:59:59.999000+00:00,1
2026-05-23 00:00:00+00:00,0.1494,0.1514,0.1491,0.1509,4523688.0,2026-05-23 03:59:59.999000+00:00,1
2026-05-23 04:00:00+00:00,0.151,0.1513,0.1468,0.1485,7592653.0,2026-05-23 07:59:59.999000+00:00,1
2026-05-23 08:00:00+00:00,0.1485,0.1497,0.1477,0.149,7027316.0,2026-05-23 11:59:59.999000+00:00,1
2026-05-23 12:00:00+00:00,0.1491,0.1511,0.1487,0.1507,7939725.0,2026-05-23 15:59:59.999000+00:00,1
2026-05-23 16:00:00+00:00,0.1507,0.1516,0.1503,0.1512,4422254.0,2026-05-23 19:59:59.999000+00:00,1
2026-05-23 20:00:00+00:00,0.1512,0.1527,0.1509,0.1517,5803314.0,2026-05-23 23:59:59.999000+00:00,1
2026-05-24 00:00:00+00:00,0.1516,0.1518,0.1506,0.151,4584061.0,2026-05-24 03:59:59.999000+00:00,1
2026-05-24 04:00:00+00:00,0.1509,0.1511,0.15,0.1504,3929484.0,2026-05-24 07:59:59.999000+00:00,1
2026-05-24 08:00:00+00:00,0.1504,0.151,0.1499,0.1503,4205934.0,2026-05-24 11:59:59.999000+00:00,1
2026-05-24 12:00:00+00:00,0.1503,0.1505,0.1482,0.1497,7949572.0,2026-05-24 15:59:59.999000+00:00,1
2026-05-24 16:00:00+00:00,0.1497,0.1503,0.1495,0.1499,3451631.0,2026-05-24 19:59:59.999000+00:00,1
2026-05-24 20:00:00+00:00,0.1499,0.15,0.1472,0.1489,7909399.0,2026-05-24 23:59:59.999000+00:00,1
2026-05-25 00:00:00+00:00,0.149,0.1496,0.1483,0.1488,4814690.0,2026-05-25 03:59:59.999000+00:00,1
2026-05-25 04:00:00+00:00,0.1488,0.1502,0.1488,0.1497,3578687.0,2026-05-25 07:59:59.999000+00:00,1
2026-05-25 08:00:00+00:00,0.1496,0.15,0.1494,0.1496,2370657.0,2026-05-25 11:59:59.999000+00:00,1
2026-05-25 12:00:00+00:00,0.1495,0.1498,0.1488,0.1496,3424821.0,2026-05-25 15:59:59.999000+00:00,1
2026-05-25 16:00:00+00:00,0.1496,0.1498,0.149,0.1493,3019879.0,2026-05-25 19:59:59.999000+00:00,1
2026-05-25 20:00:00+00:00,0.1493,0.1495,0.1473,0.148,5540872.0,2026-05-25 23:59:59.999000+00:00,1
2026-05-26 00:00:00+00:00,0.148,0.148,0.1455,0.1464,11826624.0,2026-05-26 03:59:59.999000+00:00,1
2026-05-26 04:00:00+00:00,0.1465,0.1473,0.146,0.1465,4755889.0,2026-05-26 07:59:59.999000+00:00,1
2026-05-26 08:00:00+00:00,0.1465,0.148,0.1461,0.1479,6832650.0,2026-05-26 11:59:59.999000+00:00,1
2026-05-26 12:00:00+00:00,0.1479,0.1485,0.1462,0.1467,6968151.0,2026-05-26 15:59:59.999000+00:00,1
2026-05-26 16:00:00+00:00,0.1467,0.1468,0.1408,0.1424,21229958.0,2026-05-26 19:59:59.999000+00:00,1
2026-05-26 20:00:00+00:00,0.1423,0.1434,0.1419,0.1431,5377333.0,2026-05-26 23:59:59.999000+00:00,1
2026-05-27 00:00:00+00:00,0.1432,0.1441,0.1411,0.1418,11580214.0,2026-05-27 03:59:59.999000+00:00,1
2026-05-27 04:00:00+00:00,0.1417,0.1439,0.1415,0.1439,5092330.0,2026-05-27 07:59:59.999000+00:00,1
2026-05-27 08:00:00+00:00,0.1439,0.1439,0.1426,0.1429,3324305.0,2026-05-27 11:59:59.999000+00:00,1
2026-05-27 12:00:00+00:00,0.1429,0.144,0.1415,0.1435,9852452.0,2026-05-27 15:59:59.999000+00:00,1
2026-05-27 16:00:00+00:00,0.1436,0.1448,0.142,0.1448,8878281.0,2026-05-27 19:59:59.999000+00:00,1
2026-05-27 20:00:00+00:00,0.1448,0.1468,0.1427,0.1451,16322294.0,2026-05-27 23:59:59.999000+00:00,1
2026-05-28 00:00:00+00:00,0.145,0.1463,0.1425,0.143,12522630.0,2026-05-28 03:59:59.999000+00:00,1
2026-05-28 04:00:00+00:00,0.1429,0.1442,0.1413,0.144,9508451.0,2026-05-28 07:59:59.999000+00:00,1
2026-05-28 08:00:00+00:00,0.1441,0.1443,0.1421,0.1429,4980515.0,2026-05-28 11:59:59.999000+00:00,1
2026-05-28 12:00:00+00:00,0.1428,0.1461,0.1425,0.1452,10208102.0,2026-05-28 15:59:59.999000+00:00,1
2026-05-28 16:00:00+00:00,0.1452,0.1464,0.144,0.1457,5416001.0,2026-05-28 19:59:59.999000+00:00,1
2026-05-28 20:00:00+00:00,0.1457,0.1463,0.1446,0.1455,2734793.0,2026-05-28 23:59:59.999000+00:00,1
2026-05-29 00:00:00+00:00,0.1455,0.1456,0.1437,0.144,3362798.0,2026-05-29 03:59:59.999000+00:00,1
2026-05-29 04:00:00+00:00,0.144,0.1454,0.1436,0.1445,3129861.0,2026-05-29 07:59:59.999000+00:00,1
2026-05-29 08:00:00+00:00,0.1444,0.1448,0.1436,0.1441,3949061.0,2026-05-29 11:59:59.999000+00:00,1
2026-05-29 12:00:00+00:00,0.1442,0.1446,0.1416,0.1445,9039399.0,2026-05-29 15:59:59.999000+00:00,1
2026-05-29 16:00:00+00:00,0.1444,0.1457,0.1429,0.1431,5376957.0,2026-05-29 19:59:59.999000+00:00,1
2026-05-29 20:00:00+00:00,0.1431,0.1436,0.1425,0.143,3448858.0,2026-05-29 23:59:59.999000+00:00,1
2026-05-30 00:00:00+00:00,0.1431,0.1447,0.1428,0.1435,6884517.0,2026-05-30 03:59:59.999000+00:00,1
2026-05-30 04:00:00+00:00,0.1435,0.1442,0.1422,0.1433,5622620.0,2026-05-30 07:59:59.999000+00:00,1
2026-05-30 08:00:00+00:00,0.1434,0.1443,0.1433,0.144,2245365.0,2026-05-30 11:59:59.999000+00:00,1
2026-05-30 12:00:00+00:00,0.1439,0.1443,0.1435,0.1442,2867849.0,2026-05-30 15:59:59.999000+00:00,1
2026-05-30 16:00:00+00:00,0.1443,0.1454,0.1441,0.1446,2918046.0,2026-05-30 19:59:59.999000+00:00,1
2026-05-30 20:00:00+00:00,0.1446,0.1452,0.1441,0.1443,2268221.0,2026-05-30 23:59:59.999000+00:00,1
2026-05-31 00:00:00+00:00,0.1443,0.1497,0.1442,0.1485,12489024.0,2026-05-31 03:59:59.999000+00:00,1
2026-05-31 04:00:00+00:00,0.1485,0.1531,0.1485,0.1501,23765018.0,2026-05-31 07:59:59.999000+00:00,1
2026-05-31 08:00:00+00:00,0.1501,0.151,0.1471,0.1476,13098485.0,2026-05-31 11:59:59.999000+00:00,1
2026-05-31 12:00:00+00:00,0.1476,0.1488,0.1461,0.1472,13652033.0,2026-05-31 15:59:59.999000+00:00,1
2026-05-31 16:00:00+00:00,0.1471,0.1475,0.1462,0.1473,2740481.0,2026-05-31 19:59:59.999000+00:00,1
2026-05-31 20:00:00+00:00,0.1472,0.1485,0.1471,0.1485,4748122.0,2026-05-31 23:59:59.999000+00:00,1
2026-06-01 00:00:00+00:00,0.1485,0.1497,0.1473,0.1491,8631491.0,2026-06-01 03:59:59.999000+00:00,1
2026-06-01 04:00:00+00:00,0.1492,0.1492,0.1463,0.1464,9601041.0,2026-06-01 07:59:59.999000+00:00,1
2026-06-01 08:00:00+00:00,0.1465,0.1476,0.1456,0.1461,10521526.0,2026-06-01 11:59:59.999000+00:00,1
2026-06-01 12:00:00+00:00,0.1461,0.1465,0.1433,0.1448,15434518.0,2026-06-01 15:59:59.999000+00:00,1
2026-06-01 16:00:00+00:00,0.1448,0.1466,0.1441,0.1458,4428257.0,2026-06-01 19:59:59.999000+00:00,1
2026-06-01 20:00:00+00:00,0.1458,0.1459,0.1442,0.1453,3758168.0,2026-06-01 23:59:59.999000+00:00,1
2026-06-02 00:00:00+00:00,0.1453,0.1453,0.1426,0.1442,6956875.0,2026-06-02 03:59:59.999000+00:00,1
2026-06-02 04:00:00+00:00,0.1442,0.1444,0.1421,0.143,5171525.0,2026-06-02 07:59:59.999000+00:00,1
2026-06-02 08:00:00+00:00,0.1429,0.1439,0.1426,0.1434,3116908.0,2026-06-02 11:59:59.999000+00:00,1
2026-06-02 12:00:00+00:00,0.1433,0.1437,0.136,0.1387,29450178.0,2026-06-02 15:59:59.999000+00:00,1
2026-06-02 16:00:00+00:00,0.1386,0.1405,0.1363,0.1382,11439076.0,2026-06-02 19:59:59.999000+00:00,1
2026-06-02 20:00:00+00:00,0.1381,0.1395,0.1364,0.1382,9872733.0,2026-06-02 23:59:59.999000+00:00,1
2026-06-03 00:00:00+00:00,0.1382,0.1395,0.1357,0.1365,7786339.0,2026-06-03 03:59:59.999000+00:00,1
2026-06-03 04:00:00+00:00,0.1366,0.1396,0.1366,0.1391,7097011.0,2026-06-03 07:59:59.999000+00:00,1
2026-06-03 08:00:00+00:00,0.1392,0.1408,0.1384,0.1398,5725788.0,2026-06-03 11:59:59.999000+00:00,1
2026-06-03 12:00:00+00:00,0.1399,0.1404,0.1386,0.1387,6751053.0,2026-06-03 15:59:59.999000+00:00,1
2026-06-03 16:00:00+00:00,0.1388,0.1394,0.1373,0.1379,6378796.0,2026-06-03 19:59:59.999000+00:00,1
2026-06-03 20:00:00+00:00,0.1379,0.1394,0.1363,0.1375,8402920.0,2026-06-03 23:59:59.999000+00:00,1
2026-06-04 00:00:00+00:00,0.1376,0.1386,0.1179,0.1326,78224909.0,2026-06-04 03:59:59.999000+00:00,1
2026-06-04 04:00:00+00:00,0.1326,0.133,0.1288,0.1288,13789274.0,2026-06-04 07:59:59.999000+00:00,1
2026-06-04 08:00:00+00:00,0.1289,0.1298,0.125,0.1291,19908521.0,2026-06-04 11:59:59.999000+00:00,1
2026-06-04 12:00:00+00:00,0.1291,0.1311,0.1285,0.1305,9595183.0,2026-06-04 15:59:59.999000+00:00,1
2026-06-04 16:00:00+00:00,0.1305,0.1306,0.1283,0.1301,5929793.0,2026-06-04 19:59:59.999000+00:00,1
2026-06-04 20:00:00+00:00,0.13,0.1301,0.1262,0.1285,9894007.0,2026-06-04 23:59:59.999000+00:00,1
2026-06-05 00:00:00+00:00,0.1286,0.129,0.1234,0.1245,13624785.0,2026-06-05 03:59:59.999000+00:00,1
2026-06-05 04:00:00+00:00,0.1245,0.1268,0.1197,0.1239,27924729.0,2026-06-05 07:59:59.999000+00:00,1
2026-06-05 08:00:00+00:00,0.1239,0.1251,0.122,0.1239,9321249.0,2026-06-05 11:59:59.999000+00:00,1
2026-06-05 12:00:00+00:00,0.1239,0.1258,0.1199,0.1207,21034915.0,2026-06-05 15:59:59.999000+00:00,1
2026-06-05 16:00:00+00:00,0.1206,0.1251,0.119,0.1231,23562056.0,2026-06-05 19:59:59.999000+00:00,1
2026-06-05 20:00:00+00:00,0.1232,0.1261,0.1223,0.124,11547291.0,2026-06-05 23:59:59.999000+00:00,1
2026-06-06 00:00:00+00:00,0.1241,0.1254,0.1219,0.122,8923866.0,2026-06-06 03:59:59.999000+00:00,1
2026-06-06 04:00:00+00:00,0.122,0.1229,0.1169,0.1225,25107953.0,2026-06-06 07:59:59.999000+00:00,1
2026-06-06 08:00:00+00:00,0.1225,0.1239,0.1208,0.1224,10175032.0,2026-06-06 11:59:59.999000+00:00,1
2026-06-06 12:00:00+00:00,0.1225,0.1236,0.1218,0.123,8314125.0,2026-06-06 15:59:59.999000+00:00,1
2026-06-06 16:00:00+00:00,0.123,0.1239,0.1222,0.1235,4192685.0,2026-06-06 19:59:59.999000+00:00,1
2026-06-06 20:00:00+00:00,0.1235,0.1293,0.123,0.1273,13551634.0,2026-06-06 23:59:59.999000+00:00,1
2026-06-07 00:00:00+00:00,0.1272,0.1287,0.1261,0.1277,16223026.0,2026-06-07 03:59:59.999000+00:00,1
2026-06-07 04:00:00+00:00,0.1276,0.1293,0.1271,0.1284,7568276.0,2026-06-07 07:59:59.999000+00:00,1
2026-06-07 08:00:00+00:00,0.1284,0.1327,0.1283,0.1289,17132271.0,2026-06-07 11:59:59.999000+00:00,1
2026-06-07 12:00:00+00:00,0.1289,0.1299,0.1276,0.1292,12261162.0,2026-06-07 15:59:59.999000+00:00,1
2026-06-07 16:00:00+00:00,0.1293,0.1313,0.1287,0.1293,10725976.0,2026-06-07 19:59:59.999000+00:00,1
2026-06-07 20:00:00+00:00,0.1293,0.1318,0.1281,0.1307,12669024.0,2026-06-07 23:59:59.999000+00:00,1
2026-06-08 00:00:00+00:00,0.1307,0.1312,0.1289,0.1297,6656166.0,2026-06-08 03:59:59.999000+00:00,1
2026-06-08 04:00:00+00:00,0.1296,0.1296,0.1276,0.1286,5445070.0,2026-06-08 07:59:59.999000+00:00,1
2026-06-08 08:00:00+00:00,0.1285,0.1302,0.1278,0.1297,5650054.0,2026-06-08 11:59:59.999000+00:00,1
2026-06-08 12:00:00+00:00,0.1297,0.1303,0.1288,0.1296,5267552.0,2026-06-08 15:59:59.999000+00:00,1
2026-06-08 16:00:00+00:00,0.1296,0.1307,0.1295,0.1297,3070298.0,2026-06-08 19:59:59.999000+00:00,1
2026-06-08 20:00:00+00:00,0.1297,0.1305,0.1288,0.1293,4284563.0,2026-06-08 23:59:59.999000+00:00,1
2026-06-09 00:00:00+00:00,0.1294,0.1298,0.1272,0.1284,6973441.0,2026-06-09 03:59:59.999000+00:00,1
2026-06-09 04:00:00+00:00,0.1284,0.13,0.1283,0.1289,5255686.0,2026-06-09 07:59:59.999000+00:00,1
2026-06-09 08:00:00+00:00,0.1289,0.1292,0.1282,0.129,2707898.0,2026-06-09 11:59:59.999000+00:00,1
2026-06-09 12:00:00+00:00,0.1289,0.1295,0.1261,0.1273,8125039.0,2026-06-09 15:59:59.999000+00:00,1
2026-06-09 16:00:00+00:00,0.1274,0.1281,0.125,0.1279,7301784.0,2026-06-09 19:59:59.999000+00:00,1
2026-06-09 20:00:00+00:00,0.128,0.1285,0.1269,0.1274,3418141.0,2026-06-09 23:59:59.999000+00:00,1
2026-06-10 00:00:00+00:00,0.1274,0.1279,0.126,0.1266,4305937.0,2026-06-10 03:59:59.999000+00:00,1
2026-06-10 04:00:00+00:00,0.1265,0.1266,0.1247,0.1264,4610188.0,2026-06-10 07:59:59.999000+00:00,1
2026-06-10 08:00:00+00:00,0.1264,0.1265,0.1242,0.1245,6474416.0,2026-06-10 11:59:59.999000+00:00,1
2026-06-10 12:00:00+00:00,0.1244,0.1274,0.1237,0.1266,9083502.0,2026-06-10 15:59:59.999000+00:00,1
2026-06-10 16:00:00+00:00,0.1265,0.1268,0.124,0.1243,4940236.0,2026-06-10 19:59:59.999000+00:00,1
2026-06-10 20:00:00+00:00,0.1243,0.1246,0.1227,0.1245,5435370.0,2026-06-10 23:59:59.999000+00:00,1
2026-06-11 00:00:00+00:00,0.1245,0.1263,0.1244,0.1262,3789237.0,2026-06-11 03:59:59.999000+00:00,1
2026-06-11 04:00:00+00:00,0.1262,0.1266,0.1254,0.1256,2575961.0,2026-06-11 07:59:59.999000+00:00,1
2026-06-11 08:00:00+00:00,0.1257,0.1265,0.1256,0.1263,2240269.0,2026-06-11 11:59:59.999000+00:00,1
2026-06-11 12:00:00+00:00,0.1262,0.1262,0.1244,0.1251,5357456.0,2026-06-11 15:59:59.999000+00:00,1
2026-06-11 16:00:00+00:00,0.1251,0.1272,0.1244,0.1269,4624154.0,2026-06-11 19:59:59.999000+00:00,1
2026-06-11 20:00:00+00:00,0.1268,0.1277,0.1264,0.1273,3754686.0,2026-06-11 23:59:59.999000+00:00,1
2026-06-12 00:00:00+00:00,0.1274,0.1279,0.1267,0.1272,2273109.0,2026-06-12 03:59:59.999000+00:00,1
2026-06-12 04:00:00+00:00,0.1272,0.1277,0.1259,0.1265,4336500.0,2026-06-12 07:59:59.999000+00:00,1
2026-06-12 08:00:00+00:00,0.1266,0.1278,0.1266,0.127,4442929.0,2026-06-12 11:59:59.999000+00:00,1
2026-06-12 12:00:00+00:00,0.127,0.1287,0.1256,0.1268,8779668.0,2026-06-12 15:59:59.999000+00:00,1
2026-06-12 16:00:00+00:00,0.1269,0.1274,0.1261,0.1262,3448562.0,2026-06-12 19:59:59.999000+00:00,1
2026-06-12 20:00:00+00:00,0.1262,0.1267,0.1258,0.1266,2779892.0,2026-06-12 23:59:59.999000+00:00,1
2026-06-13 00:00:00+00:00,0.1266,0.1277,0.1266,0.1275,3431772.0,2026-06-13 03:59:59.999000+00:00,1
2026-06-13 04:00:00+00:00,0.1275,0.128,0.1268,0.1278,2970003.0,2026-06-13 07:59:59.999000+00:00,1
2026-06-13 08:00:00+00:00,0.1279,0.1283,0.1273,0.1281,3247294.0,2026-06-13 11:59:59.999000+00:00,1
2026-06-13 12:00:00+00:00,0.1281,0.1313,0.1279,0.1306,8200697.0,2026-06-13 15:59:59.999000+00:00,1
2026-06-13 16:00:00+00:00,0.1307,0.1329,0.1296,0.13,8914017.0,2026-06-13 19:59:59.999000+00:00,1
2026-06-13 20:00:00+00:00,0.1301,0.1354,0.1297,0.1337,10894503.0,2026-06-13 23:59:59.999000+00:00,1
2026-06-14 00:00:00+00:00,0.1337,0.1384,0.1335,0.1348,20891805.0,2026-06-14 03:59:59.999000+00:00,1
2026-06-14 04:00:00+00:00,0.1348,0.1356,0.1309,0.1318,15064843.0,2026-06-14 07:59:59.999000+00:00,1
2026-06-14 08:00:00+00:00,0.1318,0.1331,0.1313,0.1321,8695074.0,2026-06-14 11:59:59.999000+00:00,1
2026-06-14 12:00:00+00:00,0.1321,0.1332,0.1296,0.1312,10616094.0,2026-06-14 15:59:59.999000+00:00,1
2026-06-14 16:00:00+00:00,0.1311,0.1318,0.1304,0.1311,3392608.0,2026-06-14 19:59:59.999000+00:00,1
2026-06-14 20:00:00+00:00,0.131,0.1347,0.1308,0.134,13976122.0,2026-06-14 23:59:59.999000+00:00,1
2026-06-15 00:00:00+00:00,0.1339,0.1358,0.1331,0.1344,10492349.0,2026-06-15 03:59:59.999000+00:00,1
2026-06-15 04:00:00+00:00,0.1344,0.1347,0.1338,0.1344,4794700.0,2026-06-15 07:59:59.999000+00:00,1
2026-06-15 08:00:00+00:00,0.1343,0.1357,0.1325,0.1352,10164956.0,2026-06-15 11:59:59.999000+00:00,1
2026-06-15 12:00:00+00:00,0.1351,0.1365,0.1348,0.136,10974778.0,2026-06-15 15:59:59.999000+00:00,1
2026-06-15 16:00:00+00:00,0.1359,0.1359,0.1339,0.1351,7175613.0,2026-06-15 19:59:59.999000+00:00,1
2026-06-15 20:00:00+00:00,0.1351,0.1363,0.1346,0.1357,5061330.0,2026-06-15 23:59:59.999000+00:00,1
2026-06-16 00:00:00+00:00,0.1357,0.1359,0.1333,0.1353,7819584.0,2026-06-16 03:59:59.999000+00:00,1
2026-06-16 04:00:00+00:00,0.1353,0.1377,0.1346,0.1364,9137431.0,2026-06-16 07:59:59.999000+00:00,1
2026-06-16 08:00:00+00:00,0.1363,0.137,0.1355,0.1359,5707127.0,2026-06-16 11:59:59.999000+00:00,1
2026-06-16 12:00:00+00:00,0.136,0.1367,0.1341,0.1357,9008754.0,2026-06-16 15:59:59.999000+00:00,1
2026-06-16 16:00:00+00:00,0.1358,0.1376,0.1353,0.1354,5737391.0,2026-06-16 19:59:59.999000+00:00,1
2026-06-16 20:00:00+00:00,0.1353,0.1365,0.1351,0.1356,3174609.0,2026-06-16 23:59:59.999000+00:00,1
2026-06-17 00:00:00+00:00,0.1355,0.1364,0.1351,0.1354,3409891.0,2026-06-17 03:59:59.999000+00:00,1
2026-06-17 04:00:00+00:00,0.1354,0.1357,0.1339,0.1341,5439910.0,2026-06-17 07:59:59.999000+00:00,1
2026-06-17 08:00:00+00:00,0.1341,0.1342,0.1314,0.1325,11490354.0,2026-06-17 11:59:59.999000+00:00,1
2026-06-17 12:00:00+00:00,0.1324,0.1331,0.1316,0.1328,10672967.0,2026-06-17 15:59:59.999000+00:00,1
2026-06-17 16:00:00+00:00,0.1328,0.1331,0.1295,0.1303,14416468.0,2026-06-17 19:59:59.999000+00:00,1
2026-06-17 20:00:00+00:00,0.1302,0.1318,0.1301,0.1318,6605954.0,2026-06-17 23:59:59.999000+00:00,1
2026-06-18 00:00:00+00:00,0.1318,0.1325,0.1305,0.1312,8735195.0,2026-06-18 03:59:59.999000+00:00,1
2026-06-18 04:00:00+00:00,0.1311,0.1317,0.1302,0.1313,5439422.0,2026-06-18 07:59:59.999000+00:00,1
2026-06-18 08:00:00+00:00,0.1313,0.1322,0.1308,0.131,5626159.0,2026-06-18 11:59:59.999000+00:00,1
2026-06-18 12:00:00+00:00,0.131,0.1317,0.1277,0.1282,11645185.0,2026-06-18 15:59:59.999000+00:00,1
2026-06-18 16:00:00+00:00,0.1283,0.1302,0.1279,0.1299,9606983.0,2026-06-18 19:59:59.999000+00:00,1
2026-06-18 20:00:00+00:00,0.1298,0.131,0.1298,0.1307,4042602.0,2026-06-18 23:59:59.999000+00:00,1
2026-06-19 00:00:00+00:00,0.1307,0.1317,0.1297,0.1307,7191962.0,2026-06-19 03:59:59.999000+00:00,1
2026-06-19 04:00:00+00:00,0.1307,0.1311,0.1294,0.1298,5832339.0,2026-06-19 07:59:59.999000+00:00,1
2026-06-19 08:00:00+00:00,0.1299,0.1349,0.1297,0.1343,8181014.0,2026-06-19 11:59:59.999000+00:00,1
2026-06-19 12:00:00+00:00,0.1343,0.1348,0.1321,0.1343,20784725.0,2026-06-19 15:59:59.999000+00:00,1
2026-06-19 16:00:00+00:00,0.1343,0.1364,0.1331,0.1354,8198800.0,2026-06-19 19:59:59.999000+00:00,1
2026-06-19 20:00:00+00:00,0.1354,0.136,0.1342,0.1358,4777887.0,2026-06-19 23:59:59.999000+00:00,1
2026-06-20 00:00:00+00:00,0.1357,0.1394,0.1347,0.1361,17568075.0,2026-06-20 03:59:59.999000+00:00,1
2026-06-20 04:00:00+00:00,0.1361,0.1368,0.135,0.1353,8794273.0,2026-06-20 07:59:59.999000+00:00,1
2026-06-20 08:00:00+00:00,0.1353,0.1353,0.1331,0.1339,13809282.0,2026-06-20 11:59:59.999000+00:00,1
2026-06-20 12:00:00+00:00,0.1339,0.1351,0.1335,0.1343,7443385.0,2026-06-20 15:59:59.999000+00:00,1
2026-06-20 16:00:00+00:00,0.1342,0.135,0.134,0.1345,2977294.0,2026-06-20 19:59:59.999000+00:00,1
2026-06-20 20:00:00+00:00,0.1345,0.135,0.1341,0.1346,2298515.0,2026-06-20 23:59:59.999000+00:00,1
2026-06-21 00:00:00+00:00,0.1347,0.136,0.1344,0.1351,3773179.0,2026-06-21 03:59:59.999000+00:00,1
2026-06-21 04:00:00+00:00,0.1352,0.1359,0.1346,0.135,4952195.0,2026-06-21 07:59:59.999000+00:00,1
2026-06-21 08:00:00+00:00,0.135,0.1358,0.1345,0.1355,4368166.0,2026-06-21 11:59:59.999000+00:00,1
2026-06-21 12:00:00+00:00,0.1355,0.1357,0.1348,0.1354,2308371.0,2026-06-21 15:59:59.999000+00:00,1
2026-06-21 16:00:00+00:00,0.1354,0.1366,0.1352,0.1363,3715784.0,2026-06-21 19:59:59.999000+00:00,1
2026-06-21 20:00:00+00:00,0.1362,0.1369,0.1349,0.135,8089195.0,2026-06-21 23:59:59.999000+00:00,1
2026-06-22 00:00:00+00:00,0.135,0.1375,0.1343,0.1363,7827494.0,2026-06-22 03:59:59.999000+00:00,1
2026-06-22 04:00:00+00:00,0.1363,0.1369,0.1355,0.1357,3900334.0,2026-06-22 07:59:59.999000+00:00,1
2026-06-22 08:00:00+00:00,0.1356,0.136,0.1351,0.1355,3208973.0,2026-06-22 11:59:59.999000+00:00,1
2026-06-22 12:00:00+00:00,0.1354,0.1367,0.1352,0.1356,4758461.0,2026-06-22 15:59:59.999000+00:00,1
2026-06-22 16:00:00+00:00,0.1357,0.1369,0.135,0.1352,2826804.0,2026-06-22 19:59:59.999000+00:00,1
2026-06-22 20:00:00+00:00,0.1351,0.1358,0.1341,0.1344,3149855.0,2026-06-22 23:59:59.999000+00:00,1
2026-06-23 00:00:00+00:00,0.1344,0.1346,0.1315,0.1324,10312468.0,2026-06-23 03:59:59.999000+00:00,1
2026-06-23 04:00:00+00:00,0.1324,0.1327,0.1277,0.1295,15911067.0,2026-06-23 07:59:59.999000+00:00,1
2026-06-23 08:00:00+00:00,0.1295,0.1299,0.1267,0.1296,10084456.0,2026-06-23 11:59:59.999000+00:00,1
2026-06-23 12:00:00+00:00,0.1295,0.1302,0.1275,0.1282,9044561.0,2026-06-23 15:59:59.999000+00:00,1
2026-06-23 16:00:00+00:00,0.1281,0.1294,0.1271,0.128,4924113.0,2026-06-23 19:59:59.999000+00:00,1
2026-06-23 20:00:00+00:00,0.1279,0.1301,0.1279,0.1293,5646661.0,2026-06-23 23:59:59.999000+00:00,1
2026-06-24 00:00:00+00:00,0.1293,0.1307,0.1284,0.1289,5268360.0,2026-06-24 03:59:59.999000+00:00,1
2026-06-24 04:00:00+00:00,0.1289,0.1296,0.1281,0.1287,3280416.0,2026-06-24 07:59:59.999000+00:00,1
2026-06-24 08:00:00+00:00,0.1286,0.1294,0.1282,0.1291,4435667.0,2026-06-24 11:59:59.999000+00:00,1
2026-06-24 12:00:00+00:00,0.129,0.1294,0.1243,0.1251,20506184.0,2026-06-24 15:59:59.999000+00:00,1
2026-06-24 16:00:00+00:00,0.125,0.1261,0.1205,0.1236,20996902.0,2026-06-24 19:59:59.999000+00:00,1
2026-06-24 20:00:00+00:00,0.1236,0.1266,0.1234,0.126,6400994.0,2026-06-24 23:59:59.999000+00:00,1
2026-06-25 00:00:00+00:00,0.126,0.1265,0.1251,0.1259,3964149.0,2026-06-25 03:59:59.999000+00:00,1
2026-06-25 04:00:00+00:00,0.1259,0.1274,0.1253,0.1273,3993468.0,2026-06-25 07:59:59.999000+00:00,1
2026-06-25 08:00:00+00:00,0.1273,0.1275,0.1257,0.1261,3286295.0,2026-06-25 11:59:59.999000+00:00,1
2026-06-25 12:00:00+00:00,0.1261,0.1261,0.1202,0.124,16819599.0,2026-06-25 15:59:59.999000+00:00,1
2026-06-25 16:00:00+00:00,0.124,0.125,0.1231,0.1237,4700259.0,2026-06-25 19:59:59.999000+00:00,1
2026-06-25 20:00:00+00:00,0.1237,0.1264,0.1237,0.1256,4245001.0,2026-06-25 23:59:59.999000+00:00,1
2026-06-26 00:00:00+00:00,0.1257,0.1306,0.1256,0.1294,18513478.0,2026-06-26 03:59:59.999000+00:00,1
2026-06-26 04:00:00+00:00,0.1294,0.1305,0.1278,0.1286,8409005.0,2026-06-26 07:59:59.999000+00:00,1
2026-06-26 08:00:00+00:00,0.1285,0.1293,0.1268,0.1276,7216836.0,2026-06-26 11:59:59.999000+00:00,1
2026-06-26 12:00:00+00:00,0.1276,0.1283,0.1247,0.1272,12860285.0,2026-06-26 15:59:59.999000+00:00,1
2026-06-26 16:00:00+00:00,0.1273,0.1279,0.1267,0.1269,4283510.0,2026-06-26 19:59:59.999000+00:00,1
2026-06-26 20:00:00+00:00,0.127,0.1292,0.1265,0.1288,4727774.0,2026-06-26 23:59:59.999000+00:00,1
2026-06-27 00:00:00+00:00,0.1289,0.1292,0.1274,0.1279,3395729.0,2026-06-27 03:59:59.999000+00:00,1
2026-06-27 04:00:00+00:00,0.128,0.1284,0.1264,0.1269,5025577.0,2026-06-27 07:59:59.999000+00:00,1
2026-06-27 08:00:00+00:00,0.1268,0.1282,0.1265,0.1279,3770183.0,2026-06-27 11:59:59.999000+00:00,1
2026-06-27 12:00:00+00:00,0.1279,0.1294,0.1276,0.1292,6186691.0,2026-06-27 15:59:59.999000+00:00,1
2026-06-27 16:00:00+00:00,0.1292,0.1339,0.1286,0.1323,12506598.0,2026-06-27 19:59:59.999000+00:00,1
2026-06-27 20:00:00+00:00,0.1323,0.1324,0.1283,0.1292,9061397.0,2026-06-27 23:59:59.999000+00:00,1
2026-06-28 00:00:00+00:00,0.1293,0.1303,0.1272,0.1275,5703660.0,2026-06-28 03:59:59.999000+00:00,1
2026-06-28 04:00:00+00:00,0.1274,0.1278,0.1257,0.1274,7063275.0,2026-06-28 07:59:59.999000+00:00,1
2026-06-28 08:00:00+00:00,0.1274,0.1276,0.1259,0.1272,5422900.0,2026-06-28 11:59:59.999000+00:00,1
2026-06-28 12:00:00+00:00,0.1272,0.1279,0.1264,0.1267,3354818.0,2026-06-28 15:59:59.999000+00:00,1
2026-06-28 16:00:00+00:00,0.1267,0.1271,0.1242,0.125,6534812.0,2026-06-28 19:59:59.999000+00:00,1
2026-06-28 20:00:00+00:00,0.125,0.1253,0.1217,0.1235,12037860.0,2026-06-28 23:59:59.999000+00:00,1
2026-06-29 00:00:00+00:00,0.1235,0.1244,0.1203,0.1221,11526091.0,2026-06-29 03:59:59.999000+00:00,1
2026-06-29 04:00:00+00:00,0.1221,0.1224,0.1192,0.1209,10975570.0,2026-06-29 07:59:59.999000+00:00,1
2026-06-29 08:00:00+00:00,0.1209,0.1213,0.1184,0.1193,10141426.0,2026-06-29 11:59:59.999000+00:00,1
2026-06-29 12:00:00+00:00,0.1194,0.1207,0.1151,0.1171,26582862.0,2026-06-29 15:59:59.999000+00:00,1
2026-06-29 16:00:00+00:00,0.1171,0.1179,0.1114,0.1175,25045295.0,2026-06-29 19:59:59.999000+00:00,1
2026-06-29 20:00:00+00:00,0.1176,0.1186,0.1161,0.1178,4990347.0,2026-06-29 23:59:59.999000+00:00,1
2026-06-30 00:00:00+00:00,0.1177,0.1177,0.1149,0.115,8487259.0,2026-06-30 03:59:59.999000+00:00,1
2026-06-30 04:00:00+00:00,0.1149,0.1155,0.1125,0.1134,11022999.0,2026-06-30 07:59:59.999000+00:00,1
2026-06-30 08:00:00+00:00,0.1133,0.1141,0.1123,0.1128,8855981.0,2026-06-30 11:59:59.999000+00:00,1
2026-06-30 12:00:00+00:00,0.1128,0.1136,0.1103,0.1131,19254750.0,2026-06-30 15:59:59.999000+00:00,1
2026-06-30 16:00:00+00:00,0.1131,0.115,0.1121,0.1147,4429309.0,2026-06-30 19:59:59.999000+00:00,1
2026-06-30 20:00:00+00:00,0.1147,0.1154,0.1138,0.115,5902807.0,2026-06-30 23:59:59.999000+00:00,1
2026-07-01 00:00:00+00:00,0.115,0.1159,0.1133,0.1154,8640709.0,2026-07-01 03:59:59.999000+00:00,1
2026-07-01 04:00:00+00:00,0.1153,0.1159,0.1139,0.1147,5431484.0,2026-07-01 07:59:59.999000+00:00,1
2026-07-01 08:00:00+00:00,0.1146,0.1155,0.1141,0.1146,3547475.0,2026-07-01 11:59:59.999000+00:00,1
2026-07-01 12:00:00+00:00,0.1145,0.1161,0.1135,0.1155,7862113.0,2026-07-01 15:59:59.999000+00:00,1
2026-07-01 16:00:00+00:00,0.1155,0.1157,0.1144,0.1145,3905946.0,2026-07-01 19:59:59.999000+00:00,1
2026-07-01 20:00:00+00:00,0.1145,0.1164,0.1143,0.1147,6683246.0,2026-07-01 23:59:59.999000+00:00,1
2026-07-02 00:00:00+00:00,0.1148,0.1159,0.1144,0.1157,5420943.0,2026-07-02 03:59:59.999000+00:00,1
2026-07-02 04:00:00+00:00,0.1157,0.1162,0.1147,0.115,5293910.0,2026-07-02 07:59:59.999000+00:00,1
2026-07-02 08:00:00+00:00,0.115,0.1162,0.115,0.1155,4172075.0,2026-07-02 11:59:59.999000+00:00,1
2026-07-02 12:00:00+00:00,0.1155,0.117,0.1154,0.1163,5777296.0,2026-07-02 15:59:59.999000+00:00,1
2026-07-02 16:00:00+00:00,0.1163,0.1181,0.116,0.1173,3918332.0,2026-07-02 19:59:59.999000+00:00,1
2026-07-02 20:00:00+00:00,0.1173,0.1184,0.1163,0.118,2721513.0,2026-07-02 23:59:59.999000+00:00,1
2026-07-03 00:00:00+00:00,0.118,0.1192,0.1172,0.1173,4023350.0,2026-07-03 03:59:59.999000+00:00,1
2026-07-03 04:00:00+00:00,0.1173,0.1186,0.1168,0.1182,2846482.0,2026-07-03 07:59:59.999000+00:00,1
2026-07-03 08:00:00+00:00,0.1182,0.119,0.1175,0.1183,3037837.0,2026-07-03 11:59:59.999000+00:00,1
2026-07-03 12:00:00+00:00,0.1183,0.1189,0.1178,0.1182,3508810.0,2026-07-03 15:59:59.999000+00:00,1
2026-07-03 16:00:00+00:00,0.1182,0.1183,0.1169,0.1177,3773981.0,2026-07-03 19:59:59.999000+00:00,1
2026-07-03 20:00:00+00:00,0.1177,0.1189,0.1176,0.1184,3037335.0,2026-07-03 23:59:59.999000+00:00,1
2026-07-04 00:00:00+00:00,0.1184,0.1188,0.1171,0.1179,3135329.0,2026-07-04 03:59:59.999000+00:00,1
2026-07-04 04:00:00+00:00,0.1179,0.1182,0.1163,0.1166,3489030.0,2026-07-04 07:59:59.999000+00:00,1
2026-07-04 08:00:00+00:00,0.1166,0.1168,0.1144,0.1156,8524405.0,2026-07-04 11:59:59.999000+00:00,1
2026-07-04 12:00:00+00:00,0.1156,0.1172,0.1156,0.1167,4386444.0,2026-07-04 15:59:59.999000+00:00,1
2026-07-04 16:00:00+00:00,0.1167,0.117,0.1158,0.1165,2139463.0,2026-07-04 19:59:59.999000+00:00,1
2026-07-04 20:00:00+00:00,0.1165,0.1173,0.1157,0.1164,2588156.0,2026-07-04 23:59:59.999000+00:00,1
2026-07-05 00:00:00+00:00,0.1164,0.1171,0.1133,0.1142,9190374.0,2026-07-05 03:59:59.999000+00:00,1
2026-07-05 04:00:00+00:00,0.1142,0.1149,0.1137,0.1146,4592694.0,2026-07-05 07:59:59.999000+00:00,1
2026-07-05 08:00:00+00:00,0.1145,0.1147,0.112,0.1126,7030104.0,2026-07-05 11:59:59.999000+00:00,1
2026-07-05 12:00:00+00:00,0.1126,0.1142,0.1123,0.1136,4008410.0,2026-07-05 15:59:59.999000+00:00,1
2026-07-05 16:00:00+00:00,0.1136,0.114,0.1131,0.1134,1631441.0,2026-07-05 19:59:59.999000+00:00,1
2026-07-05 20:00:00+00:00,0.1134,0.1146,0.1129,0.1138,3271642.0,2026-07-05 23:59:59.999000+00:00,1
2026-07-06 00:00:00+00:00,0.1138,0.1144,0.1126,0.1131,4125448.0,2026-07-06 03:59:59.999000+00:00,1
2026-07-06 04:00:00+00:00,0.1131,0.1134,0.1116,0.1125,4236097.0,2026-07-06 07:59:59.999000+00:00,1
2026-07-06 08:00:00+00:00,0.1125,0.113,0.1114,0.1119,6652889.0,2026-07-06 11:59:59.999000+00:00,1
2026-07-06 12:00:00+00:00,0.1119,0.1129,0.1106,0.1128,11759919.0,2026-07-06 15:59:59.999000+00:00,1
2026-07-06 16:00:00+00:00,0.1128,0.1135,0.1126,0.1128,5285424.0,2026-07-06 19:59:59.999000+00:00,1
2026-07-06 20:00:00+00:00,0.1128,0.1144,0.1126,0.1131,5887477.0,2026-07-06 23:59:59.999000+00:00,1
2026-07-07 00:00:00+00:00,0.1131,0.1142,0.1116,0.1117,5279894.0,2026-07-07 03:59:59.999000+00:00,1
2026-07-07 04:00:00+00:00,0.1117,0.1122,0.1111,0.1118,4332152.0,2026-07-07 07:59:59.999000+00:00,1
2026-07-07 08:00:00+00:00,0.1118,0.1122,0.1112,0.1116,3588753.0,2026-07-07 11:59:59.999000+00:00,1
2026-07-07 12:00:00+00:00,0.1116,0.1121,0.1107,0.1118,6308103.0,2026-07-07 15:59:59.999000+00:00,1
2026-07-07 16:00:00+00:00,0.1118,0.112,0.1101,0.1106,5047968.0,2026-07-07 19:59:59.999000+00:00,1
2026-07-07 20:00:00+00:00,0.1105,0.1112,0.1082,0.1091,11277745.0,2026-07-07 23:59:59.999000+00:00,1
2026-07-08 00:00:00+00:00,0.1091,0.1101,0.1028,0.1044,33963352.0,2026-07-08 03:59:59.999000+00:00,1
2026-07-08 04:00:00+00:00,0.1044,0.1048,0.1014,0.1027,18495445.0,2026-07-08 07:59:59.999000+00:00,1
2026-07-08 08:00:00+00:00,0.1027,0.1035,0.1001,0.1033,20179229.0,2026-07-08 11:59:59.999000+00:00,1
2026-07-08 12:00:00+00:00,0.1032,0.1033,0.1006,0.1009,8973008.0,2026-07-08 15:59:59.999000+00:00,1
2026-07-08 16:00:00+00:00,0.1009,0.1018,0.0997,0.1017,12982516.0,2026-07-08 19:59:59.999000+00:00,1
2026-07-08 20:00:00+00:00,0.1017,0.1031,0.101,0.1029,4062415.0,2026-07-08 23:59:59.999000+00:00,1
2026-07-09 00:00:00+00:00,0.1028,0.1034,0.1,0.1008,11009008.0,2026-07-09 03:59:59.999000+00:00,1
2026-07-09 04:00:00+00:00,0.1008,0.102,0.1006,0.1015,6753497.0,2026-07-09 07:59:59.999000+00:00,1
2026-07-09 08:00:00+00:00,0.1015,0.1017,0.096,0.0981,40770069.0,2026-07-09 11:59:59.999000+00:00,1
2026-07-09 12:00:00+00:00,0.098,0.099,0.0963,0.0975,22201102.0,2026-07-09 15:59:59.999000+00:00,1
2026-07-09 16:00:00+00:00,0.0975,0.0988,0.0973,0.0982,7341795.0,2026-07-09 19:59:59.999000+00:00,1
2026-07-09 20:00:00+00:00,0.0982,0.0994,0.0976,0.0984,6842362.0,2026-07-09 23:59:59.999000+00:00,1
2026-07-10 00:00:00+00:00,0.0984,0.0988,0.0968,0.0982,10364928.0,2026-07-10 03:59:59.999000+00:00,1
2026-07-10 04:00:00+00:00,0.0982,0.1024,0.0982,0.0997,17069615.0,2026-07-10 07:59:59.999000+00:00,1
2026-07-10 08:00:00+00:00,0.0997,0.1005,0.0992,0.0998,7424707.0,2026-07-10 11:59:59.999000+00:00,1
2026-07-10 12:00:00+00:00,0.0998,0.1002,0.0976,0.0983,12010893.0,2026-07-10 15:59:59.999000+00:00,1
2026-07-10 16:00:00+00:00,0.0983,0.0997,0.098,0.0991,5903052.0,2026-07-10 19:59:59.999000+00:00,1
2026-07-10 20:00:00+00:00,0.099,0.0995,0.0983,0.0992,2995379.0,2026-07-10 23:59:59.999000+00:00,1
2026-07-11 00:00:00+00:00,0.0992,0.0998,0.0981,0.0995,5999694.0,2026-07-11 03:59:59.999000+00:00,1
2026-07-11 04:00:00+00:00,0.0995,0.0996,0.0984,0.0986,3899718.0,2026-07-11 07:59:59.999000+00:00,1
2026-07-11 08:00:00+00:00,0.0986,0.0989,0.0979,0.0981,4378024.0,2026-07-11 11:59:59.999000+00:00,1
2026-07-11 12:00:00+00:00,0.0981,0.099,0.0972,0.0981,9502955.0,2026-07-11 15:59:59.999000+00:00,1
2026-07-11 16:00:00+00:00,0.0981,0.0983,0.0977,0.0981,2007069.0,2026-07-11 19:59:59.999000+00:00,1
2026-07-11 20:00:00+00:00,0.0981,0.0987,0.0976,0.0976,3177966.0,2026-07-11 23:59:59.999000+00:00,1
2026-07-12 00:00:00+00:00,0.0976,0.0984,0.0969,0.0982,9191232.0,2026-07-12 03:59:59.999000+00:00,1
2026-07-12 04:00:00+00:00,0.0982,0.0984,0.0961,0.0966,7181806.0,2026-07-12 07:59:59.999000+00:00,1
2026-07-12 08:00:00+00:00,0.0966,0.0973,0.0964,0.0969,6172762.0,2026-07-12 11:59:59.999000+00:00,1
2026-07-12 12:00:00+00:00,0.0969,0.0976,0.0966,0.0966,4123390.0,2026-07-12 15:59:59.999000+00:00,1
2026-07-12 16:00:00+00:00,0.0966,0.0975,0.0965,0.0972,2267388.0,2026-07-12 19:59:59.999000+00:00,1
2026-07-12 20:00:00+00:00,0.0972,0.0974,0.0837,0.0907,60927675.0,2026-07-12 23:59:59.999000+00:00,1
2026-07-13 00:00:00+00:00,0.0907,0.0913,0.08552,0.08785,30441097.0,2026-07-13 03:59:59.999000+00:00,1
2026-07-13 04:00:00+00:00,0.08785,0.08847,0.08435,0.08508,22105958.0,2026-07-13 07:59:59.999000+00:00,1
2026-07-13 08:00:00+00:00,0.08507,0.08688,0.07938,0.08099,47471916.0,2026-07-13 11:59:59.999000+00:00,1
2026-07-13 12:00:00+00:00,0.08099,0.08237,0.07752,0.08104,54537574.0,2026-07-13 15:59:59.999000+00:00,1
2026-07-13 16:00:00+00:00,0.08104,0.08226,0.07948,0.08016,23076880.0,2026-07-13 19:59:59.999000+00:00,1
2026-07-13 20:00:00+00:00,0.08016,0.08018,0.07414,0.07732,123494393.0,2026-07-13 23:59:59.999000+00:00,1
2026-07-14 00:00:00+00:00,0.07733,0.07746,0.0702,0.07315,100894368.0,2026-07-14 03:59:59.999000+00:00,1
2026-07-14 04:00:00+00:00,0.07314,0.07572,0.07034,0.07421,42238522.0,2026-07-14 07:59:59.999000+00:00,1
2026-07-14 08:00:00+00:00,0.07418,0.07479,0.0706,0.07216,43994640.0,2026-07-14 11:59:59.999000+00:00,1
2026-07-14 12:00:00+00:00,0.07216,0.08372,0.07168,0.07956,76655384.0,2026-07-14 15:59:59.999000+00:00,1
2026-07-14 16:00:00+00:00,0.07955,0.08171,0.07459,0.07585,27848668.0,2026-07-14 19:59:59.999000+00:00,1
2026-07-14 20:00:00+00:00,0.07585,0.07957,0.07441,0.07887,21408444.0,2026-07-14 23:59:59.999000+00:00,1
2026-07-15 00:00:00+00:00,0.07884,0.07968,0.07543,0.07821,39115245.0,2026-07-15 03:59:59.999000+00:00,1
2026-07-15 04:00:00+00:00,0.07824,0.08752,0.07771,0.08298,78124110.0,2026-07-15 07:59:59.999000+00:00,1
2026-07-15 08:00:00+00:00,0.08295,0.08433,0.0785,0.08193,46341646.0,2026-07-15 11:59:59.999000+00:00,1
2026-07-15 12:00:00+00:00,0.08193,0.08462,0.07971,0.08,33626429.0,2026-07-15 15:59:59.999000+00:00,1
2026-07-15 16:00:00+00:00,0.07998,0.08057,0.07864,0.07957,16709783.0,2026-07-15 19:59:59.999000+00:00,1
2026-07-15 20:00:00+00:00,0.07957,0.0812,0.07809,0.07862,21210042.0,2026-07-15 23:59:59.999000+00:00,1
2026-07-16 00:00:00+00:00,0.07862,0.08403,0.0728,0.07885,136373281.0,2026-07-16 03:59:59.999000+00:00,1
2026-07-16 04:00:00+00:00,0.07884,0.07909,0.07167,0.07475,58839010.0,2026-07-16 07:59:59.999000+00:00,1
2026-07-16 08:00:00+00:00,0.07475,0.07774,0.07225,0.07754,27809628.0,2026-07-16 11:59:59.999000+00:00,1
2026-07-16 12:00:00+00:00,0.07754,0.0776,0.07246,0.07444,36200925.0,2026-07-16 15:59:59.999000+00:00,1
2026-07-16 16:00:00+00:00,0.07444,0.07645,0.07444,0.07645,16825936.0,2026-07-16 19:59:59.999000+00:00,1
2026-07-16 20:00:00+00:00,0.07645,0.0773,0.07533,0.07658,18071802.0,2026-07-16 23:59:59.999000+00:00,1
2026-07-17 00:00:00+00:00,0.07658,0.0778,0.07373,0.07712,41705242.0,2026-07-17 03:59:59.999000+00:00,1
2026-07-17 04:00:00+00:00,0.07711,0.07969,0.07696,0.07873,27475744.0,2026-07-17 07:59:59.999000+00:00,1
2026-07-17 08:00:00+00:00,0.07873,0.0834,0.07852,0.0814,54527836.0,2026-07-17 11:59:59.999000+00:00,1
2026-07-17 12:00:00+00:00,0.08139,0.08295,0.07939,0.08102,31651503.0,2026-07-17 15:59:59.999000+00:00,1
2026-07-17 16:00:00+00:00,0.08102,0.08148,0.07973,0.08028,11189268.0,2026-07-17 19:59:59.999000+00:00,1
2026-07-17 20:00:00+00:00,0.08027,0.08215,0.07861,0.08114,12399874.0,2026-07-17 23:59:59.999000+00:00,1
2026-07-18 00:00:00+00:00,0.08114,0.08512,0.08071,0.08243,38294393.0,2026-07-18 03:59:59.999000+00:00,1
2026-07-18 04:00:00+00:00,0.08244,0.08357,0.08128,0.08189,18557983.0,2026-07-18 07:59:59.999000+00:00,1
2026-07-18 08:00:00+00:00,0.08188,0.08445,0.08131,0.08391,21042315.0,2026-07-18 11:59:59.999000+00:00,1
2026-07-18 12:00:00+00:00,0.08387,0.085,0.0827,0.08463,18320419.0,2026-07-18 15:59:59.999000+00:00,1
2026-07-18 16:00:00+00:00,0.08463,0.08671,0.0836,0.08545,10836347.0,2026-07-18 19:59:59.999000+00:00,1
2026-07-18 20:00:00+00:00,0.08544,0.0863,0.0844,0.08539,14297533.0,2026-07-18 23:59:59.999000+00:00,1
2026-07-19 00:00:00+00:00,0.08539,0.08736,0.0838,0.0855,28985609.0,2026-07-19 03:59:59.999000+00:00,1
2026-07-19 04:00:00+00:00,0.0855,0.08656,0.08457,0.08593,13253443.0,2026-07-19 07:59:59.999000+00:00,1
2026-07-19 08:00:00+00:00,0.08593,0.09319,0.08583,0.09139,53883237.0,2026-07-19 11:59:59.999000+00:00,1
2026-07-19 12:00:00+00:00,0.09139,0.104,0.09079,0.09387,181025389.0,2026-07-19 15:59:59.999000+00:00,1
2026-07-19 16:00:00+00:00,0.09386,0.09601,0.08869,0.09492,82917238.0,2026-07-19 19:59:59.999000+00:00,1
2026-07-19 20:00:00+00:00,0.09492,0.09543,0.09025,0.0927,41160919.0,2026-07-19 23:59:59.999000+00:00,1
2026-07-20 00:00:00+00:00,0.0927,0.0989,0.09087,0.09845,49790543.0,2026-07-20 03:59:59.999000+00:00,1
2026-07-20 04:00:00+00:00,0.09844,0.09989,0.09325,0.09843,56860562.0,2026-07-20 07:59:59.999000+00:00,1
2026-07-20 08:00:00+00:00,0.09842,0.10165,0.09736,0.09933,46771168.0,2026-07-20 11:59:59.999000+00:00,1
2026-07-20 12:00:00+00:00,0.09936,0.10215,0.0975,0.10051,44287692.0,2026-07-20 15:59:59.999000+00:00,1
2026-07-20 16:00:00+00:00,0.10051,0.1012,0.09817,0.09941,16380046.0,2026-07-20 19:59:59.999000+00:00,1
2026-07-20 20:00:00+00:00,0.09942,0.10063,0.09534,0.09554,24127505.0,2026-07-20 23:59:59.999000+00:00,1
2026-07-21 00:00:00+00:00,0.09554,0.09637,0.09032,0.09068,51212762.0,2026-07-21 03:59:59.999000+00:00,1
2026-07-21 04:00:00+00:00,0.09066,0.09248,0.08702,0.09206,51991932.0,2026-07-21 07:59:59.999000+00:00,1
2026-07-21 08:00:00+00:00,0.09206,0.09476,0.09045,0.09291,29202792.0,2026-07-21 11:59:59.999000+00:00,1
2026-07-21 12:00:00+00:00,0.09294,0.0942,0.09148,0.09279,24964918.0,2026-07-21 15:59:59.999000+00:00,1
2026-07-21 16:00:00+00:00,0.0928,0.09366,0.09216,0.09319,10478545.0,2026-07-21 19:59:59.999000+00:00,1
2026-07-21 20:00:00+00:00,0.09319,0.09399,0.09215,0.0924,8106529.0,2026-07-21 23:59:59.999000+00:00,1
2026-07-22 00:00:00+00:00,0.0924,0.09386,0.08924,0.08988,31929629.0,2026-07-22 03:59:59.999000+00:00,1
2026-07-22 04:00:00+00:00,0.08989,0.09181,0.08942,0.09139,20151470.0,2026-07-22 07:59:59.999000+00:00,1
2026-07-22 08:00:00+00:00,0.0914,0.09314,0.09057,0.09073,18973132.0,2026-07-22 11:59:59.999000+00:00,1
2026-07-22 12:00:00+00:00,0.09074,0.09218,0.09044,0.09151,13022601.0,2026-07-22 15:59:59.999000+00:00,1
2026-07-22 16:00:00+00:00,0.09151,0.09208,0.0907,0.09156,5998210.0,2026-07-22 19:59:59.999000+00:00,1
2026-07-22 20:00:00+00:00,0.09156,0.09254,0.09098,0.0921,6986087.0,2026-07-22 23:59:59.999000+00:00,1
2026-07-23 00:00:00+00:00,0.0921,0.09339,0.09155,0.09235,16043494.0,2026-07-23 03:59:59.999000+00:00,1
2026-07-23 04:00:00+00:00,0.09233,0.09278,0.09029,0.09071,11663398.0,2026-07-23 07:59:59.999000+00:00,1
2026-07-23 08:00:00+00:00,0.09072,0.0915,0.09057,0.09098,8317198.0,2026-07-23 11:59:59.999000+00:00,1
2026-07-23 12:00:00+00:00,0.09098,0.09124,0.08749,0.08915,22484282.0,2026-07-23 15:59:59.999000+00:00,1
2026-07-23 16:00:00+00:00,0.08916,0.08917,0.08478,0.0861,25725071.0,2026-07-23 19:59:59.999000+00:00,1
2026-07-23 20:00:00+00:00,0.08609,0.08733,0.08511,0.08571,12853742.0,2026-07-23 23:59:59.999000+00:00,1
2026-07-24 00:00:00+00:00,0.0857,0.08715,0.08204,0.08345,30924208.0,2026-07-24 03:59:59.999000+00:00,1
2026-07-24 04:00:00+00:00,0.08345,0.08405,0.08065,0.08361,24125644.0,2026-07-24 07:59:59.999000+00:00,1
2026-07-24 08:00:00+00:00,0.08361,0.08538,0.08282,0.08322,19142668.0,2026-07-24 11:59:59.999000+00:00,1
2026-07-24 12:00:00+00:00,0.08322,0.08358,0.08174,0.08228,19873787.0,2026-07-24 15:59:59.999000+00:00,1
2026-07-24 16:00:00+00:00,0.08228,0.0836,0.08173,0.08318,9747849.0,2026-07-24 19:59:59.999000+00:00,1
2026-07-24 20:00:00+00:00,0.08318,0.08359,0.08216,0.08277,5718134.0,2026-07-24 23:59:59.999000+00:00,1
2026-07-25 00:00:00+00:00,0.08276,0.08465,0.08239,0.08276,20394880.0,2026-07-25 03:59:59.999000+00:00,1
2026-07-25 04:00:00+00:00,0.08276,0.0838,0.08271,0.08288,9453536.0,2026-07-25 07:59:59.999000+00:00,1
2026-07-25 08:00:00+00:00,0.08288,0.08302,0.07983,0.08039,25395709.0,2026-07-25 11:59:59.999000+00:00,1
2026-07-25 12:00:00+00:00,0.0804,0.08285,0.0801,0.08243,16173478.0,2026-07-25 15:59:59.999000+00:00,1
2026-07-25 16:00:00+00:00,0.08243,0.0833,0.08222,0.08263,9295245.0,2026-07-25 19:59:59.999000+00:00,1
2026-07-25 20:00:00+00:00,0.08263,0.08335,0.082,0.08274,8072471.0,2026-07-25 23:59:59.999000+00:00,1
2026-07-26 00:00:00+00:00,0.08274,0.08319,0.0816,0.08228,9115323.0,2026-07-26 03:59:59.999000+00:00,1
2026-07-26 04:00:00+00:00,0.08228,0.08257,0.08072,0.08106,10150408.0,2026-07-26 07:59:59.999000+00:00,1
2026-07-26 08:00:00+00:00,0.08106,0.08276,0.08087,0.08245,9225201.0,2026-07-26 11:59:59.999000+00:00,1
2026-07-26 12:00:00+00:00,0.08246,0.08349,0.08209,0.08281,13152899.0,2026-07-26 15:59:59.999000+00:00,1
2026-07-26 16:00:00+00:00,0.08281,0.08309,0.08203,0.08225,5837033.0,2026-07-26 19:59:59.999000+00:00,1
2026-07-26 20:00:00+00:00,0.08225,0.0836,0.08218,0.08288,7640538.0,2026-07-26 23:59:59.999000+00:00,1
2026-07-27 00:00:00+00:00,0.08288,0.08299,0.08115,0.08156,11330159.0,2026-07-27 03:59:59.999000+00:00,1
2026-07-27 04:00:00+00:00,0.08157,0.08269,0.08104,0.08212,14571891.0,2026-07-27 07:59:59.999000+00:00,1
2026-07-27 08:00:00+00:00,0.08211,0.08243,0.08134,0.08175,9703548.0,2026-07-27 11:59:59.999000+00:00,1
2026-07-27 12:00:00+00:00,0.08175,0.08179,0.07657,0.07806,40112038.0,2026-07-27 15:59:59.999000+00:00,1
2026-07-27 16:00:00+00:00,0.07806,0.07945,0.07737,0.07903,11267229.0,2026-07-27 19:59:59.999000+00:00,1
2026-07-27 20:00:00+00:00,0.07903,0.07911,0.0755,0.07707,16875420.0,2026-07-27 23:59:59.999000+00:00,1
2026-07-28 00:00:00+00:00,0.07707,0.07784,0.07418,0.07696,24986046.0,2026-07-28 03:59:59.999000+00:00,1
2026-07-28 04:00:00+00:00,0.07696,0.0772,0.073,0.07488,29129058.0,2026-07-28 07:59:59.999000+00:00,1
2026-07-28 08:00:00+00:00,0.07488,0.07625,0.07472,0.07548,12972339.0,2026-07-28 11:59:59.999000+00:00,1
2026-07-28 12:00:00+00:00,0.07549,0.07729,0.07452,0.07647,22594312.0,2026-07-28 15:59:59.999000+00:00,1
2026-07-28 16:00:00+00:00,0.07647,0.07719,0.07618,0.07676,8771634.0,2026-07-28 19:59:59.999000+00:00,1
2026-07-28 20:00:00+00:00,0.07676,0.0791,0.0767,0.07815,18022191.0,2026-07-28 23:59:59.999000+00:00,1
2026-07-29 00:00:00+00:00,0.07815,0.07899,0.07656,0.07749,15065543.0,2026-07-29 03:59:59.999000+00:00,1
2026-07-29 04:00:00+00:00,0.0775,0.08035,0.07675,0.07958,21922768.0,2026-07-29 07:59:59.999000+00:00,1
2026-07-29 08:00:00+00:00,0.0796,0.08039,0.07816,0.08015,12994324.0,2026-07-29 11:59:59.999000+00:00,1
2026-07-29 12:00:00+00:00,0.08016,0.08069,0.07865,0.07914,14018496.0,2026-07-29 15:59:59.999000+00:00,1
2026-07-29 16:00:00+00:00,0.07912,0.08097,0.07866,0.07964,13854909.0,2026-07-29 19:59:59.999000+00:00,1
2026-07-29 20:00:00+00:00,0.07964,0.08319,0.07898,0.08156,18483914.0,2026-07-29 23:59:59.999000+00:00,1
2026-07-30 00:00:00+00:00,0.08156,0.0828,0.08027,0.08206,14435195.0,2026-07-30 03:59:59.999000+00:00,1
2026-07-30 04:00:00+00:00,0.08206,0.08384,0.08149,0.08284,15611348.0,2026-07-30 07:59:59.999000+00:00,1
2026-07-30 08:00:00+00:00,0.08284,0.08499,0.08201,0.08252,21646945.0,2026-07-30 11:59:59.999000+00:00,1
2026-07-30 12:00:00+00:00,0.08252,0.08334,0.08037,0.08095,20478877.0,2026-07-30 15:59:59.999000+00:00,1
2026-07-30 16:00:00+00:00,0.08095,0.08287,0.08028,0.08234,10881394.0,2026-07-30 19:59:59.999000+00:00,1
2026-07-30 20:00:00+00:00,0.08234,0.08423,0.08222,0.08264,12276949.0,2026-07-30 23:59:59.999000+00:00,1
2026-07-31 00:00:00+00:00,0.08264,0.0838,0.0816,0.08187,15048040.0,2026-07-31 03:59:59.999000+00:00,1
2026-07-31 04:00:00+00:00,0.08187,0.08298,0.08127,0.08224,11095155.0,2026-07-31 07:59:59.999000+00:00,1
2026-07-31 08:00:00+00:00,0.08224,0.08249,0.08053,0.08119,9873435.0,2026-07-31 11:59:59.999000+00:00,1
2026-07-31 12:00:00+00:00,0.08119,0.08166,0.07966,0.08122,12582422.0,2026-07-31 15:59:59.999000+00:00,1
2026-07-31 16:00:00+00:00,0.08122,0.08303,0.08122,0.08226,8996482.0,2026-07-31 19:59:59.999000+00:00,1
2026-07-31 20:00:00+00:00,0.08226,0.08281,0.08182,0.08279,3399565.0,2026-07-31 23:59:59.999000+00:00,1
2026-08-01 00:00:00+00:00,0.0828,0.08491,0.0828,0.08465,20653316.0,2026-08-01 03:59:59.999000+00:00,1
2026-08-01 04:00:00+00:00,0.08466,0.08799,0.08437,0.08634,28163908.0,2026-08-01 07:59:59.999000+00:00,1
2026-08-01 08:00:00+00:00,0.08634,0.08725,0.08485,0.08667,14238072.0,2026-08-01 11:59:59.999000+00:00,1
2026-08-01 12:00:00+00:00,0.08667,0.08797,0.08605,0.0866,17726467.0,2026-08-01 15:59:59.999000+00:00,1
2026-08-01 16:00:00+00:00,0.0866,0.0877,0.08508,0.08572,13852487.0,2026-08-01 19:59:59.999000+00:00,1
2026-08-01 20:00:00+00:00,0.08572,0.08698,0.08514,0.0866,7453768.0,2026-08-01 23:59:59.999000+00:00,1
2026-08-02 00:00:00+00:00,0.08659,0.0878,0.08539,0.08682,16017775.0,2026-08-02 03:59:59.999000+00:00,1
2026-08-02 04:00:00+00:00,0.0868,0.08744,0.08596,0.08628,7322522.0,2026-08-02 07:59:59.999000+00:00,1
2026-08-02 08:00:00+00:00,0.08627,0.0865,0.08547,0.08598,8021570.0,2026-08-02 11:59:59.999000+00:00,1
2026-08-02 12:00:00+00:00,0.08597,0.08697,0.08578,0.08609,7131763.0,2026-08-02 15:59:59.999000+00:00,1
2026-08-02 16:00:00+00:00,0.08607,0.08646,0.08516,0.0862,5271411.0,2026-08-02 19:59:59.999000+00:00,1
2026-08-02 20:00:00+00:00,0.08621,0.08643,0.08536,0.08575,2443858.0,2026-08-02 23:59:59.999000+00:00,1
2026-08-03 00:00:00+00:00,0.08574,0.08606,0.083,0.08385,18034881.0,2026-08-03 03:59:59.999000+00:00,1
2026-08-03 04:00:00+00:00,0.08385,0.0842,0.08204,0.08269,9901587.0,2026-08-03 07:59:59.999000+00:00,1
2026-08-03 08:00:00+00:00,0.08269,0.08289,0.08187,0.08255,6567783.0,2026-08-03 11:59:59.999000+00:00,1
2026-08-03 12:00:00+00:00,0.08255,0.08363,0.08201,0.0828,9906408.0,2026-08-03 15:59:59.999000+00:00,1
2026-08-03 16:00:00+00:00,0.0828,0.08329,0.08255,0.0829,4214155.0,2026-08-03 19:59:59.999000+00:00,1
2026-08-03 20:00:00+00:00,0.0829,0.0838,0.08265,0.08278,5056843.0,2026-08-03 23:59:59.999000+00:00,1
2026-08-04 00:00:00+00:00,0.08277,0.08375,0.08236,0.08273,6342594.0,2026-08-04 03:59:59.999000+00:00,1
2026-08-04 04:00:00+00:00,0.08273,0.08328,0.08217,0.08285,4951020.0,2026-08-04 07:59:59.999000+00:00,1
2026-08-04 08:00:00+00:00,0.08285,0.08382,0.08266,0.08331,6347953.0,2026-08-04 11:59:59.999000+00:00,1
2026-08-04 12:00:00+00:00,0.08331,0.08394,0.08292,0.08355,7930355.0,2026-08-04 15:59:59.999000+00:00,1
2026-08-04 16:00:00+00:00,0.08355,0.08389,0.08337,0.08361,3164660.0,2026-08-04 19:59:59.999000+00:00,1
2026-08-04 20:00:00+00:00,0.0836,0.08377,0.08325,0.08325,2649505.0,2026-08-04 23:59:59.999000+00:00,1
2026-08-05 00:00:00+00:00,0.08326,0.08479,0.08268,0.08451,8076310.0,2026-08-05 03:59:59.999000+00:00,1
2026-08-05 04:00:00+00:00,0.08449,0.08656,0.08428,0.08596,14469781.0,2026-08-05 07:59:59.999000+00:00,1
2026-08-05 08:00:00+00:00,0.08596,0.08894,0.08546,0.08854,25289498.0,2026-08-05 11:59:59.999000+00:00,1
2026-08-05 12:00:00+00:00,0.08854,0.09028,0.08617,0.08665,25253602.0,2026-08-05 15:59:59.999000+00:00,1
2026-08-05 16:00:00+00:00,0.08665,0.08836,0.08627,0.08735,9873050.0,2026-08-05 19:59:59.999000+00:00,1
2026-08-05 20:00:00+00:00,0.08735,0.09292,0.0868,0.09182,20908827.0,2026-08-05 23:59:59.999000+00:00,1
2026-08-06 00:00:00+00:00,0.09184,0.09643,0.09057,0.09282,42905428.0,2026-08-06 03:59:59.999000+00:00,1
2026-08-06 04:00:00+00:00,0.09282,0.09398,0.0898,0.0914,23930759.0,2026-08-06 07:59:59.999000+00:00,1
2026-08-06 08:00:00+00:00,0.0914,0.09266,0.08992,0.09221,14626036.0,2026-08-06 11:59:59.999000+00:00,1
2026-08-06 12:00:00+00:00,0.0922,0.09393,0.09064,0.09109,23920488.0,2026-08-06 15:59:59.999000+00:00,1
2026-08-06 16:00:00+00:00,0.09108,0.09188,0.08702,0.08928,20535323.0,2026-08-06 19:59:59.999000+00:00,1
2026-08-06 20:00:00+00:00,0.08928,0.09047,0.08824,0.0889,9802531.0,2026-08-06 23:59:59.999000+00:00,1
2026-08-07 00:00:00+00:00,0.0889,0.08954,0.08707,0.08731,14136895.0,2026-08-07 03:59:59.999000+00:00,1
2026-08-07 04:00:00+00:00,0.08731,0.08874,0.08608,0.08669,13879925.0,2026-08-07 07:59:59.999000+00:00,1
2026-08-07 08:00:00+00:00,0.08668,0.08839,0.08628,0.08818,13332284.0,2026-08-07 11:59:59.999000+00:00,1
2026-08-07 12:00:00+00:00,0.08818,0.08898,0.08734,0.0881,14785585.0,2026-08-07 15:59:59.999000+00:00,1
2026-08-07 16:00:00+00:00,0.08805,0.08912,0.08772,0.08867,5865228.0,2026-08-07 19:59:59.999000+00:00,1
2026-08-07 20:00:00+00:00,0.08866,0.08923,0.08817,0.08861,4323337.0,2026-08-07 23:59:59.999000+00:00,1
2026-08-08 00:00:00+00:00,0.08861,0.09113,0.08841,0.08983,15332519.0,2026-08-08 03:59:59.999000+00:00,1
2026-08-08 04:00:00+00:00,0.08985,0.09197,0.08932,0.09176,13561139.0,2026-08-08 07:59:59.999000+00:00,1
2026-08-08 08:00:00+00:00,0.09176,0.09291,0.09086,0.09151,14338823.0,2026-08-08 11:59:59.999000+00:00,1
2026-08-08 12:00:00+00:00,0.09157,0.09225,0.0905,0.09126,7591015.0,2026-08-08 15:59:59.999000+00:00,1
2026-08-08 16:00:00+00:00,0.09127,0.09185,0.091,0.0916,3438530.0,2026-08-08 19:59:59.999000+00:00,1
2026-08-08 20:00:00+00:00,0.0916,0.09235,0.09112,0.09201,3922104.0,2026-08-08 23:59:59.999000+00:00,1
2026-08-09 00:00:00+00:00,0.092,0.09344,0.09051,0.09143,12885692.0,2026-08-09 03:59:59.999000+00:00,1
2026-08-09 04:00:00+00:00,0.09144,0.09201,0.08901,0.08935,13779773.0,2026-08-09 07:59:59.999000+00:00,1
2026-08-09 08:00:00+00:00,0.08937,0.09087,0.08876,0.09004,11033071.0,2026-08-09 11:59:59.999000+00:00,1
2026-08-09 12:00:00+00:00,0.09005,0.09038,0.08901,0.08975,8363850.0,2026-08-09 15:59:59.999000+00:00,1
2026-08-09 16:00:00+00:00,0.08974,0.0902,0.08938,0.08992,3986655.0,2026-08-09 19:59:59.999000+00:00,1
2026-08-09 20:00:00+00:00,0.08991,0.09153,0.0896,0.09039,7921091.0,2026-08-09 23:59:59.999000+00:00,1
2026-08-10 00:00:00+00:00,0.09039,0.09124,0.08923,0.09014,11698540.0,2026-08-10 03:59:59.999000+00:00,1
2026-08-10 04:00:00+00:00,0.09014,0.09034,0.08801,0.08864,10756384.0,2026-08-10 07:59:59.999000+00:00,1
2026-08-10 08:00:00+00:00,0.08864,0.08903,0.08803,0.08889,7340508.0,2026-08-10 11:59:59.999000+00:00,1
2026-08-10 12:00:00+00:00,0.08889,0.08926,0.08742,0.08848,10235366.0,2026-08-10 15:59:59.999000+00:00,1
2026-08-10 16:00:00+00:00,0.08848,0.0888,0.08782,0.08809,5987554.0,2026-08-10 19:59:59.999000+00:00,1
2026-08-10 20:00:00+00:00,0.08809,0.08823,0.08619,0.08673,7703314.0,2026-08-10 23:59:59.999000+00:00,1
2026-08-11 00:00:00+00:00,0.08673,0.08785,0.08666,0.08763,7737054.0,2026-08-11 03:59:59.999000+00:00,1
2026-08-11 04:00:00+00:00,0.08763,0.08782,0.08464,0.08506,18136351.0,2026-08-11 07:59:59.999000+00:00,1
2026-08-11 08:00:00+00:00,0.0851,0.08624,0.08416,0.08574,8508656.0,2026-08-11 11:59:59.999000+00:00,1
2026-08-11 12:00:00+00:00,0.08574,0.08677,0.08512,0.08588,10110553.0,2026-08-11 15:59:59.999000+00:00,1
2026-08-11 16:00:00+00:00,0.08588,0.08825,0.0857,0.08763,10072718.0,2026-08-11 19:59:59.999000+00:00,1
2026-08-11 20:00:00+00:00,0.08763,0.08871,0.08723,0.08835,5767878.0,2026-08-11 23:59:59.999000+00:00,1
2026-08-12 00:00:00+00:00,0.08835,0.08899,0.08739,0.08788,7077441.0,2026-08-12 03:59:59.999000+00:00,1
2026-08-12 04:00:00+00:00,0.08788,0.08951,0.08744,0.08873,6482819.0,2026-08-12 07:59:59.999000+00:00,1
2026-08-12 08:00:00+00:00,0.08873,0.08914,0.08802,0.08828,4642595.0,2026-08-12 11:59:59.999000+00:00,1
2026-08-12 12:00:00+00:00,0.08829,0.08897,0.08742,0.08806,6688540.0,2026-08-12 15:59:59.999000+00:00,1
2026-08-12 16:00:00+00:00,0.08806,0.08835,0.08723,0.08794,2638453.0,2026-08-12 19:59:59.999000+00:00,1
2026-08-12 20:00:00+00:00,0.08794,0.08912,0.0876,0.08894,4963980.0,2026-08-12 23:59:59.999000+00:00,1
2026-08-13 00:00:00+00:00,0.08894,0.08939,0.08809,0.0885,5578207.0,2026-08-13 03:59:59.999000+00:00,1
2026-08-13 04:00:00+00:00,0.0885,0.08868,0.08768,0.08858,3774948.0,2026-08-13 07:59:59.999000+00:00,1
2026-08-13 08:00:00+00:00,0.08858,0.09018,0.08831,0.08955,9389807.0,2026-08-13 11:59:59.999000+00:00,1
2026-08-13 12:00:00+00:00,0.08955,0.08975,0.08845,0.08871,6186098.0,2026-08-13 15:59:59.999000+00:00,1
2026-08-13 16:00:00+00:00,0.08871,0.08911,0.08759,0.08844,5504440.0,2026-08-13 19:59:59.999000+00:00,1
2026-08-13 20:00:00+00:00,0.08842,0.08923,0.08833,0.08882,2141840.0,2026-08-13 23:59:59.999000+00:00,1
2026-08-14 00:00:00+00:00,0.08884,0.08989,0.08783,0.0892,7475448.0,2026-08-14 03:59:59.999000+00:00,1
2026-08-14 04:00:00+00:00,0.0892,0.09009,0.08885,0.08896,4911708.0,2026-08-14 07:59:59.999000+00:00,1
2026-08-14 08:00:00+00:00,0.08896,0.0898,0.0887,0.08932,5531628.0,2026-08-14 11:59:59.999000+00:00,1
2026-08-14 12:00:00+00:00,0.08932,0.0897,0.0886,0.08965,4200774.0,2026-08-14 15:59:59.999000+00:00,1
2026-08-14 16:00:00+00:00,0.08965,0.08996,0.08888,0.08892,3230280.0,2026-08-14 19:59:59.999000+00:00,1
2026-08-14 20:00:00+00:00,0.08891,0.08983,0.08867,0.08977,3141402.0,2026-08-14 23:59:59.999000+00:00,1
2026-08-15 00:00:00+00:00,0.0898,0.08982,0.08895,0.08902,4241611.0,2026-08-15 03:59:59.999000+00:00,1
2026-08-15 04:00:00+00:00,0.08902,0.08959,0.08891,0.08924,3166916.0,2026-08-15 07:59:59.999000+00:00,1
2026-08-15 08:00:00+00:00,0.08924,0.08936,0.0875,0.08825,5023679.0,2026-08-15 11:59:59.999000+00:00,1
2026-08-15 12:00:00+00:00,0.08825,0.08882,0.08769,0.08875,6311985.0,2026-08-15 15:59:59.999000+00:00,1
2026-08-15 16:00:00+00:00,0.08876,0.08887,0.08804,0.08809,1937648.0,2026-08-15 19:59:59.999000+00:00,1
2026-08-15 20:00:00+00:00,0.08808,0.08808,0.0863,0.08742,6765706.0,2026-08-15 23:59:59.999000+00:00,1
2026-08-16 00:00:00+00:00,0.08743,0.08751,0.08657,0.08709,4953997.0,2026-08-16 03:59:59.999000+00:00,1
2026-08-16 04:00:00+00:00,0.08708,0.08729,0.08624,0.08637,3429113.0,2026-08-16 07:59:59.999000+00:00,1
2026-08-16 08:00:00+00:00,0.08637,0.08667,0.0855,0.0861,6470573.0,2026-08-16 11:59:59.999000+00:00,1
2026-08-16 12:00:00+00:00,0.0861,0.08659,0.08599,0.0863,3026743.0,2026-08-16 15:59:59.999000+00:00,1
2026-08-16 16:00:00+00:00,0.08628,0.0863,0.08543,0.08588,3266829.0,2026-08-16 19:59:59.999000+00:00,1
2026-08-16 20:00:00+00:00,0.08588,0.08637,0.08542,0.08546,4062731.0,2026-08-16 23:59:59.999000+00:00,1
2026-08-17 00:00:00+00:00,0.08543,0.08614,0.08465,0.08591,10985981.0,2026-08-17 03:59:59.999000+00:00,1
2026-08-17 04:00:00+00:00,0.0859,0.08708,0.08577,0.08643,6715666.0,2026-08-17 07:59:59.999000+00:00,1
2026-08-17 08:00:00+00:00,0.08642,0.08673,0.08557,0.08612,4508837.0,2026-08-17 11:59:59.999000+00:00,1
2026-08-17 12:00:00+00:00,0.08612,0.08679,0.08582,0.08668,5082067.0,2026-08-17 15:59:59.999000+00:00,1
2026-08-17 16:00:00+00:00,0.08668,0.08799,0.08626,0.08719,5967519.0,2026-08-17 19:59:59.999000+00:00,1
2026-08-17 20:00:00+00:00,0.08719,0.08719,0.08632,0.08659,4120697.0,2026-08-17 23:59:59.999000+00:00,1
2026-08-18 00:00:00+00:00,0.08659,0.08674,0.08591,0.0863,3069307.0,2026-08-18 03:59:59.999000+00:00,1
2026-08-18 04:00:00+00:00,0.0863,0.08679,0.08593,0.08631,3146636.0,2026-08-18 07:59:59.999000+00:00,1
2026-08-18 08:00:00+00:00,0.08631,0.08776,0.08606,0.08736,6354090.0,2026-08-18 11:59:59.999000+00:00,1
2026-08-18 12:00:00+00:00,0.08737,0.08788,0.08679,0.08705,4870741.0,2026-08-18 15:59:59.999000+00:00,1
2026-08-18 16:00:00+00:00,0.08705,0.08735,0.08673,0.08677,1168886.0,2026-08-18 19:59:59.999000+00:00,1
2026-08-18 20:00:00+00:00,0.08677,0.08728,0.08642,0.08702,2112703.0,2026-08-18 23:59:59.999000+00:00,1
2026-08-19 00:00:00+00:00,0.08701,0.08707,0.086,0.08627,5205217.0,2026-08-19 03:59:59.999000+00:00,1
2026-08-19 04:00:00+00:00,0.08627,0.08655,0.08606,0.08621,2468102.0,2026-08-19 07:59:59.999000+00:00,1
2026-08-19 08:00:00+00:00,0.0862,0.08692,0.08615,0.08657,2881671.0,2026-08-19 11:59:59.999000+00:00,1
2026-08-19 12:00:00+00:00,0.08657,0.08826,0.08605,0.08779,12488014.0,2026-08-19 15:59:59.999000+00:00,1
2026-08-19 16:00:00+00:00,0.08778,0.08859,0.08701,0.08766,10588987.0,2026-08-19 19:59:59.999000+00:00,1
2026-08-19 20:00:00+00:00,0.08767,0.09213,0.0876,0.08929,17077575.0,2026-08-19 23:59:59.999000+00:00,1
2026-08-20 00:00:00+00:00,0.08928,0.09051,0.08831,0.08854,9388439.0,2026-08-20 03:59:59.999000+00:00,1
2026-08-20 04:00:00+00:00,0.08853,0.08977,0.08766,0.08955,8241740.0,2026-08-20 07:59:59.999000+00:00,1
2026-08-20 08:00:00+00:00,0.08953,0.09067,0.08944,0.09011,10307724.0,2026-08-20 11:59:59.999000+00:00,1
2026-08-20 12:00:00+00:00,0.0901,0.09162,0.08909,0.09146,13517626.0,2026-08-20 15:59:59.999000+00:00,1
2026-08-20 16:00:00+00:00,0.09146,0.09199,0.0899,0.09005,10138436.0,2026-08-20 19:59:59.999000+00:00,1
2026-08-20 20:00:00+00:00,0.09005,0.09137,0.09,0.09115,6083424.0,2026-08-20 23:59:59.999000+00:00,1
2026-08-21 00:00:00+00:00,0.09115,0.09252,0.09014,0.09227,18345458.0,2026-08-21 03:59:59.999000+00:00,1
2026-08-21 04:00:00+00:00,0.09227,0.09384,0.09174,0.09378,12290626.0,2026-08-21 07:59:59.999000+00:00,1
2026-08-21 08:00:00+00:00,0.09377,0.0957,0.09243,0.0936,32467861.0,2026-08-21 11:59:59.999000+00:00,1
2026-08-21 12:00:00+00:00,0.09357,0.09585,0.09335,0.09494,21290030.0,2026-08-21 15:59:59.999000+00:00,1
2026-08-21 16:00:00+00:00,0.09493,0.09568,0.09251,0.09351,13097784.0,2026-08-21 19:59:59.999000+00:00,1
2026-08-21 20:00:00+00:00,0.0935,0.09778,0.09317,0.09745,16323993.0,2026-08-21 23:59:59.999000+00:00,1
2026-08-22 00:00:00+00:00,0.09744,0.10639,0.09637,0.10539,42247134.0,2026-08-22 03:59:59.999000+00:00,1
2026-08-22 04:00:00+00:00,0.1053,0.11087,0.08127,0.09565,112201349.0,2026-08-22 07:59:59.999000+00:00,1
2026-08-22 08:00:00+00:00,0.09569,0.09612,0.08937,0.09175,36393616.0,2026-08-22 11:59:59.999000+00:00,1
2026-08-22 12:00:00+00:00,0.09171,0.0929,0.09012,0.09105,13066884.0,2026-08-22 15:59:59.999000+00:00,1
2026-08-22 16:00:00+00:00,0.09105,0.09276,0.09087,0.09223,6406616.0,2026-08-22 19:59:59.999000+00:00,1
2026-08-22 20:00:00+00:00,0.09222,0.09237,0.0887,0.09027,12143139.0,2026-08-22 23:59:59.999000+00:00,1
2026-08-23 00:00:00+00:00,0.09023,0.09237,0.08764,0.08882,17911374.0,2026-08-23 03:59:59.999000+00:00,1
2026-08-23 04:00:00+00:00,0.08884,0.08978,0.08652,0.08889,17796893.0,2026-08-23 07:59:59.999000+00:00,1
2026-08-23 08:00:00+00:00,0.08889,0.0903,0.0884,0.0902,9458235.0,2026-08-23 11:59:59.999000+00:00,1
2026-08-23 12:00:00+00:00,0.0902,0.09151,0.08895,0.09074,13715664.0,2026-08-23 15:59:59.999000+00:00,1
2026-08-23 16:00:00+00:00,0.09075,0.09175,0.09043,0.0906,5219929.0,2026-08-23 19:59:59.999000+00:00,1
2026-08-23 20:00:00+00:00,0.0906,0.09191,0.09023,0.09087,4984859.0,2026-08-23 23:59:59.999000+00:00,1
2026-08-24 00:00:00+00:00,0.09087,0.09087,0.08766,0.08862,12240839.0,2026-08-24 03:59:59.999000+00:00,1
2026-08-24 04:00:00+00:00,0.08862,0.08959,0.08835,0.08885,5310734.0,2026-08-24 07:59:59.999000+00:00,1
2026-08-24 08:00:00+00:00,0.08887,0.08953,0.08791,0.08917,6590657.0,2026-08-24 11:59:59.999000+00:00,1
2026-08-24 12:00:00+00:00,0.08918,0.09039,0.08828,0.08889,12908264.0,2026-08-24 15:59:59.999000+00:00,1
2026-08-24 16:00:00+00:00,0.08891,0.08959,0.08733,0.08858,5873689.0,2026-08-24 19:59:59.999000+00:00,1
2026-08-24 20:00:00+00:00,0.08859,0.08953,0.0883,0.08926,2466435.0,2026-08-24 23:59:59.999000+00:00,1
2026-08-25 00:00:00+00:00,0.08927,0.09082,0.08902,0.09032,7002598.0,2026-08-25 03:59:59.999000+00:00,1
2026-08-25 04:00:00+00:00,0.09033,0.09082,0.08914,0.08938,6432458.0,2026-08-25 07:59:59.999000+00:00,1
2026-08-25 08:00:00+00:00,0.08939,0.09036,0.08886,0.0895,6627887.0,2026-08-25 11:59:59.999000+00:00,1
2026-08-25 12:00:00+00:00,0.08951,0.09018,0.0883,0.09013,7340497.0,2026-08-25 15:59:59.999000+00:00,1
2026-08-25 16:00:00+00:00,0.09014,0.09048,0.08906,0.09014,2637535.0,2026-08-25 19:59:59.999000+00:00,1
2026-08-25 20:00:00+00:00,0.09013,0.09043,0.08841,0.08903,5572782.0,2026-08-25 23:59:59.999000+00:00,1
2026-08-26 00:00:00+00:00,0.0891,0.09034,0.08854,0.0902,7600218.0,2026-08-26 03:59:59.999000+00:00,1
2026-08-26 04:00:00+00:00,0.0902,0.09109,0.08982,0.0902,5512505.0,2026-08-26 07:59:59.999000+00:00,1
2026-08-26 08:00:00+00:00,0.09019,0.09038,0.08932,0.09023,6364250.0,2026-08-26 11:59:59.999000+00:00,1
2026-08-26 12:00:00+00:00,0.09022,0.09036,0.08861,0.08949,7357321.0,2026-08-26 15:59:59.999000+00:00,1
2026-08-26 16:00:00+00:00,0.08948,0.08992,0.08882,0.0897,2799172.0,2026-08-26 19:59:59.999000+00:00,1
2026-08-26 20:00:00+00:00,0.08967,0.0905,0.0893,0.09038,5770606.0,2026-08-26 23:59:59.999000+00:00,1
2026-08-27 00:00:00+00:00,0.09036,0.09038,0.08957,0.08989,3250986.0,2026-08-27 03:59:59.999000+00:00,1
2026-08-27 04:00:00+00:00,0.08989,0.09015,0.08946,0.09008,2909160.0,2026-08-27 07:59:59.999000+00:00,1
2026-08-27 08:00:00+00:00,0.09009,0.09088,0.08993,0.09046,9246547.0,2026-08-27 11:59:59.999000+00:00,1
2026-08-27 12:00:00+00:00,0.09049,0.09382,0.09028,0.09262,10249300.0,2026-08-27 15:59:59.999000+00:00,1
2026-08-27 16:00:00+00:00,0.09264,0.09343,0.09059,0.0913,7289803.0,2026-08-27 19:59:59.999000+00:00,1
2026-08-27 20:00:00+00:00,0.09135,0.09249,0.09117,0.09173,3297504.0,2026-08-27 23:59:59.999000+00:00,1
2026-08-28 00:00:00+00:00,0.09174,0.0928,0.09119,0.0918,7494214.0,2026-08-28 03:59:59.999000+00:00,1
2026-08-28 04:00:00+00:00,0.09179,0.09293,0.09128,0.09212,5325106.0,2026-08-28 07:59:59.999000+00:00,1
2026-08-28 08:00:00+00:00,0.09206,0.09219,0.09031,0.09124,5040164.0,2026-08-28 11:59:59.999000+00:00,1
2026-08-28 12:00:00+00:00,0.09123,0.09197,0.09051,0.09058,7107889.0,2026-08-28 15:59:59.999000+00:00,1
2026-08-28 16:00:00+00:00,0.09055,0.09065,0.08875,0.09023,10091208.0,2026-08-28 19:59:59.999000+00:00,1
2026-08-28 20:00:00+00:00,0.09023,0.0914,0.09021,0.091,3147060.0,2026-08-28 23:59:59.999000+00:00,1
2026-08-29 00:00:00+00:00,0.09101,0.09245,0.09097,0.09165,6831945.0,2026-08-29 03:59:59.999000+00:00,1
2026-08-29 04:00:00+00:00,0.09165,0.0923,0.09106,0.09167,4438686.0,2026-08-29 07:59:59.999000+00:00,1
2026-08-29 08:00:00+00:00,0.09165,0.09239,0.09147,0.09165,3365422.0,2026-08-29 11:59:59.999000+00:00,1
2026-08-29 12:00:00+00:00,0.09165,0.09287,0.09156,0.09215,5767552.0,2026-08-29 15:59:59.999000+00:00,1
2026-08-29 16:00:00+00:00,0.09215,0.09231,0.0917,0.09177,1940357.0,2026-08-29 19:59:59.999000+00:00,1
2026-08-29 20:00:00+00:00,0.09177,0.092,0.09126,0.09181,2689452.0,2026-08-29 23:59:59.999000+00:00,1
2026-08-30 00:00:00+00:00,0.0918,0.09189,0.09099,0.09137,3234945.0,2026-08-30 03:59:59.999000+00:00,1
2026-08-30 04:00:00+00:00,0.09132,0.09167,0.09104,0.09153,2632880.0,2026-08-30 07:59:59.999000+00:00,1
2026-08-30 08:00:00+00:00,0.09149,0.09171,0.09068,0.091,3991914.0,2026-08-30 11:59:59.999000+00:00,1
2026-08-30 12:00:00+00:00,0.09098,0.09173,0.09098,0.09131,3908413.0,2026-08-30 15:59:59.999000+00:00,1
2026-08-30 16:00:00+00:00,0.09132,0.0918,0.09123,0.0915,1912599.0,2026-08-30 19:59:59.999000+00:00,1
2026-08-30 20:00:00+00:00,0.0915,0.09157,0.0894,0.09034,7815656.0,2026-08-30 23:59:59.999000+00:00,1
2026-08-31 00:00:00+00:00,0.09035,0.09103,0.09002,0.09055,5805850.0,2026-08-31 03:59:59.999000+00:00,1
2026-08-31 04:00:00+00:00,0.09058,0.09094,0.0901,0.09047,3173562.0,2026-08-31 07:59:59.999000+00:00,1
2026-08-31 08:00:00+00:00,0.09048,0.09083,0.0902,0.09077,2244816.0,2026-08-31 11:59:59.999000+00:00,1
2026-08-31 12:00:00+00:00,0.09077,0.091,0.08998,0.09072,3372032.0,2026-08-31 15:59:59.999000+00:00,1
2026-08-31 16:00:00+00:00,0.09071,0.09115,0.0905,0.09078,1889584.0,2026-08-31 19:59:59.999000+00:00,1
2026-08-31 20:00:00+00:00,0.09078,0.09145,0.09077,0.09114,1873354.0,2026-08-31 23:59:59.999000+00:00,1
2026-09-01 00:00:00+00:00,0.09114,0.09159,0.09095,0.09138,1993153.0,2026-09-01 03:59:59.999000+00:00,1
2026-09-01 04:00:00+00:00,0.09138,0.09193,0.09094,0.0915,4101436.0,2026-09-01 07:59:59.999000+00:00,1
2026-09-01 08:00:00+00:00,0.0915,0.09178,0.0908,0.09159,3879037.0,2026-09-01 11:59:59.999000+00:00,1
2026-09-01 12:00:00+00:00,0.09159,0.09196,0.09108,0.0916,3480120.0,2026-09-01 15:59:59.999000+00:00,1
2026-09-01 16:00:00+00:00,0.09165,0.09193,0.09104,0.09191,3460406.0,2026-09-01 19:59:59.999000+00:00,1
2026-09-01 20:00:00+00:00,0.09193,0.092,0.09135,0.09184,2247042.0,2026-09-01 23:59:59.999000+00:00,1
2026-09-02 00:00:00+00:00,0.09183,0.09406,0.09181,0.09285,12902609.0,2026-09-02 03:59:59.999000+00:00,1
2026-09-02 04:00:00+00:00,0.09286,0.09493,0.09281,0.09415,6449603.0,2026-09-02 07:59:59.999000+00:00,1
2026-09-02 08:00:00+00:00,0.09416,0.09486,0.0922,0.09351,11739426.0,2026-09-02 11:59:59.999000+00:00,1
2026-09-02 12:00:00+00:00,0.0935,0.09424,0.09312,0.09403,6258468.0,2026-09-02 15:59:59.999000+00:00,1
2026-09-02 16:00:00+00:00,0.09402,0.09468,0.09364,0.09383,3774556.0,2026-09-02 19:59:59.999000+00:00,1
2026-09-02 20:00:00+00:00,0.09384,0.09413,0.09339,0.09398,2122472.0,2026-09-02 23:59:59.999000+00:00,1
2026-09-03 00:00:00+00:00,0.09398,0.09462,0.09347,0.09376,5441875.0,2026-09-03 03:59:59.999000+00:00,1
2026-09-03 04:00:00+00:00,0.09377,0.09456,0.09332,0.09377,4933617.0,2026-09-03 07:59:59.999000+00:00,1
2026-09-03 08:00:00+00:00,0.09375,0.09458,0.0937,0.09448,3091784.0,2026-09-03 11:59:59.999000+00:00,1
2026-09-03 12:00:00+00:00,0.09448,0.09594,0.09435,0.09563,9794776.0,2026-09-03 15:59:59.999000+00:00,1
2026-09-03 16:00:00+00:00,0.09566,0.09687,0.09509,0.09622,5724224.0,2026-09-03 19:59:59.999000+00:00,1
2026-09-03 20:00:00+00:00,0.0962,0.09649,0.0953,0.09564,4297731.0,2026-09-03 23:59:59.999000+00:00,1
2026-09-04 00:00:00+00:00,0.09567,0.09593,0.09461,0.0951,6271682.0,2026-09-04 03:59:59.999000+00:00,1
2026-09-04 04:00:00+00:00,0.0951,0.09551,0.09471,0.09507,2461214.0,2026-09-04 07:59:59.999000+00:00,1
2026-09-04 08:00:00+00:00,0.0951,0.09625,0.09482,0.09592,4214614.0,2026-09-04 11:59:59.999000+00:00,1
2026-09-04 12:00:00+00:00,0.09591,0.09609,0.09318,0.09418,12177210.0,2026-09-04 15:59:59.999000+00:00,1
2026-09-04 16:00:00+00:00,0.09417,0.0947,0.09401,0.0941,1504708.0,2026-09-04 19:59:59.999000+00:00,1
2026-09-04 20:00:00+00:00,0.0941,0.09439,0.094,0.09415,1034113.0,2026-09-04 23:59:59.999000+00:00,1
2026-09-05 00:00:00+00:00,0.09415,0.09455,0.09359,0.09426,2966508.0,2026-09-05 03:59:59.999000+00:00,1
2026-09-05 04:00:00+00:00,0.09427,0.09462,0.09353,0.09456,3053691.0,2026-09-05 07:59:59.999000+00:00,1
2026-09-05 08:00:00+00:00,0.09455,0.09546,0.09409,0.09494,4636007.0,2026-09-05 11:59:59.999000+00:00,1
2026-09-05 12:00:00+00:00,0.09497,0.0965,0.09495,0.09602,6090106.0,2026-09-05 15:59:59.999000+00:00,1
2026-09-05 16:00:00+00:00,0.09595,0.09596,0.095,0.09523,2538958.0,2026-09-05 19:59:59.999000+00:00,1
2026-09-05 20:00:00+00:00,0.09522,0.09581,0.09511,0.09543,1761610.0,2026-09-05 23:59:59.999000+00:00,1
2026-09-06 00:00:00+00:00,0.09543,0.09598,0.09508,0.09555,2630674.0,2026-09-06 03:59:59.999000+00:00,1
2026-09-06 04:00:00+00:00,0.09554,0.09563,0.09493,0.09527,2754289.0,2026-09-06 07:59:59.999000+00:00,1
2026-09-06 08:00:00+00:00,0.09527,0.0958,0.09485,0.09557,2827746.0,2026-09-06 11:59:59.999000+00:00,1
2026-09-06 12:00:00+00:00,0.09557,0.09566,0.09401,0.09447,6235501.0,2026-09-06 15:59:59.999000+00:00,1
2026-09-06 16:00:00+00:00,0.09445,0.09449,0.09376,0.09419,3144235.0,2026-09-06 19:59:59.999000+00:00,1
2026-09-06 20:00:00+00:00,0.09419,0.09503,0.09413,0.09483,2076804.0,2026-09-06 23:59:59.999000+00:00,1
2026-09-07 00:00:00+00:00,0.09483,0.09495,0.09389,0.09417,3630148.0,2026-09-07 03:59:59.999000+00:00,1
2026-09-07 04:00:00+00:00,0.09417,0.09459,0.09371,0.09392,2762829.0,2026-09-07 07:59:59.999000+00:00,1
2026-09-07 08:00:00+00:00,0.09393,0.09449,0.09357,0.0943,2944126.0,2026-09-07 11:59:59.999000+00:00,1
2026-09-07 12:00:00+00:00,0.0943,0.0948,0.0934,0.09367,3711149.0,2026-09-07 15:59:59.999000+00:00,1
2026-09-07 16:00:00+00:00,0.09366,0.09442,0.09362,0.09427,1328004.0,2026-09-07 19:59:59.999000+00:00,1
2026-09-07 20:00:00+00:00,0.09427,0.0945,0.09405,0.09415,1022248.0,2026-09-07 23:59:59.999000+00:00,1
2026-09-08 00:00:00+00:00,0.09419,0.09467,0.09391,0.09452,2568350.0,2026-09-08 03:59:59.999000+00:00,1
2026-09-08 04:00:00+00:00,0.09451,0.09647,0.09445,0.09581,10665861.0,2026-09-08 07:59:59.999000+00:00,1
2026-09-08 08:00:00+00:00,0.09582,0.0976,0.09554,0.09672,7965224.0,2026-09-08 11:59:59.999000+00:00,1
2026-09-08 12:00:00+00:00,0.09666,0.09679,0.0955,0.09662,6519379.0,2026-09-08 15:59:59.999000+00:00,1
2026-09-08 16:00:00+00:00,0.09661,0.09662,0.0959,0.09618,2464269.0,2026-09-08 19:59:59.999000+00:00,1
2026-09-08 20:00:00+00:00,0.09618,0.09885,0.096,0.09795,6902201.0,2026-09-08 23:59:59.999000+00:00,1
2026-09-09 00:00:00+00:00,0.09792,0.09979,0.09743,0.09766,9463649.0,2026-09-09 03:59:59.999000+00:00,1
2026-09-09 04:00:00+00:00,0.09768,0.09861,0.09727,0.09827,5031404.0,2026-09-09 07:59:59.999000+00:00,1
2026-09-09 08:00:00+00:00,0.09827,0.09862,0.09651,0.0971,5518383.0,2026-09-09 11:59:59.999000+00:00,1
2026-09-09 12:00:00+00:00,0.0971,0.09796,0.09559,0.09654,7333247.0,2026-09-09 15:59:59.999000+00:00,1
2026-09-09 16:00:00+00:00,0.09655,0.0971,0.0962,0.09636,3092820.0,2026-09-09 19:59:59.999000+00:00,1
2026-09-09 20:00:00+00:00,0.09635,0.09657,0.09249,0.09505,12713147.0,2026-09-09 23:59:59.999000+00:00,1
2026-09-10 00:00:00+00:00,0.09505,0.09673,0.09452,0.09615,7758006.0,2026-09-10 03:59:59.999000+00:00,1
2026-09-10 04:00:00+00:00,0.09616,0.09807,0.09592,0.09632,7027993.0,2026-09-10 07:59:59.999000+00:00,1
2026-09-10 08:00:00+00:00,0.09631,0.09716,0.0955,0.09702,5234972.0,2026-09-10 11:59:59.999000+00:00,1
2026-09-10 12:00:00+00:00,0.09701,0.09736,0.09521,0.09675,10807608.0,2026-09-10 15:59:59.999000+00:00,1
2026-09-10 16:00:00+00:00,0.09675,0.09702,0.0957,0.09583,6125019.0,2026-09-10 19:59:59.999000+00:00,1
2026-09-10 20:00:00+00:00,0.09585,0.09615,0.09407,0.09495,8476623.0,2026-09-10 23:59:59.999000+00:00,1
2026-09-11 00:00:00+00:00,0.09498,0.0956,0.09463,0.09546,5866683.0,2026-09-11 03:59:59.999000+00:00,1
2026-09-11 04:00:00+00:00,0.09544,0.09683,0.09537,0.09613,7716313.0,2026-09-11 07:59:59.999000+00:00,1
2026-09-11 08:00:00+00:00,0.09614,0.09653,0.09306,0.09425,12401184.0,2026-09-11 11:59:59.999000+00:00,1
2026-09-11 12:00:00+00:00,0.09424,0.09632,0.09314,0.09496,13254924.0,2026-09-11 15:59:59.999000+00:00,1
2026-09-11 16:00:00+00:00,0.09496,0.09538,0.09395,0.09471,7208382.0,2026-09-11 19:59:59.999000+00:00,1
2026-09-11 20:00:00+00:00,0.0947,0.0952,0.09392,0.09468,4067041.0,2026-09-11 23:59:59.999000+00:00,1
2026-09-12 00:00:00+00:00,0.09469,0.09508,0.09421,0.09454,3567044.0,2026-09-12 03:59:59.999000+00:00,1
2026-09-12 04:00:00+00:00,0.09454,0.09456,0.0939,0.09443,3159196.0,2026-09-12 07:59:59.999000+00:00,1
2026-09-12 08:00:00+00:00,0.09442,0.09507,0.0943,0.09496,3250356.0,2026-09-12 11:59:59.999000+00:00,1
2026-09-12 12:00:00+00:00,0.09496,0.0957,0.09487,0.09549,4505874.0,2026-09-12 15:59:59.999000+00:00,1
2026-09-12 16:00:00+00:00,0.09551,0.09606,0.09478,0.09544,6309286.0,2026-09-12 19:59:59.999000+00:00,1
2026-09-12 20:00:00+00:00,0.09544,0.09755,0.09544,0.09735,8198448.0,2026-09-12 23:59:59.999000+00:00,1
2026-09-13 00:00:00+00:00,0.09731,0.0985,0.09652,0.09769,12193700.0,2026-09-13 03:59:59.999000+00:00,1
2026-09-13 04:00:00+00:00,0.0977,0.09805,0.09659,0.09709,6260113.0,2026-09-13 07:59:59.999000+00:00,1
2026-09-13 08:00:00+00:00,0.09709,0.09729,0.09617,0.0968,7127345.0,2026-09-13 11:59:59.999000+00:00,1
2026-09-13 12:00:00+00:00,0.09682,0.0982,0.09673,0.09746,8957311.0,2026-09-13 15:59:59.999000+00:00,1
2026-09-13 16:00:00+00:00,0.09748,0.09793,0.09724,0.0973,3028622.0,2026-09-13 19:59:59.999000+00:00,1
2026-09-13 20:00:00+00:00,0.09731,0.09765,0.0964,0.09663,4869388.0,2026-09-13 23:59:59.999000+00:00,1
2026-09-14 00:00:00+00:00,0.09663,0.09788,0.09609,0.09766,6906665.0,2026-09-14 03:59:59.999000+00:00,1
2026-09-14 04:00:00+00:00,0.09767,0.09848,0.09709,0.0976,7035301.0,2026-09-14 07:59:59.999000+00:00,1
2026-09-14 08:00:00+00:00,0.09757,0.0977,0.09692,0.09707,4503597.0,2026-09-14 11:59:59.999000+00:00,1
2026-09-14 12:00:00+00:00,0.09706,0.09757,0.09674,0.09742,5860077.0,2026-09-14 15:59:59.999000+00:00,1
2026-09-14 16:00:00+00:00,0.09743,0.09804,0.09732,0.09773,3072508.0,2026-09-14 19:59:59.999000+00:00,1
2026-09-14 20:00:00+00:00,0.09774,0.09854,0.09727,0.09822,6820923.0,2026-09-14 23:59:59.999000+00:00,1
2026-09-15 00:00:00+00:00,0.09822,0.09869,0.09745,0.09802,5989454.0,2026-09-15 03:59:59.999000+00:00,1
2026-09-15 04:00:00+00:00,0.09802,0.09805,0.09652,0.0966,5865059.0,2026-09-15 07:59:59.999000+00:00,1
2026-09-15 08:00:00+00:00,0.0966,0.09702,0.0946,0.09507,13447170.0,2026-09-15 11:59:59.999000+00:00,1
2026-09-15 12:00:00+00:00,0.09506,0.09608,0.09392,0.0945,12725201.0,2026-09-15 15:59:59.999000+00:00,1
2026-09-15 16:00:00+00:00,0.09449,0.095,0.08825,0.09161,31225676.0,2026-09-15 19:59:59.999000+00:00,1
2026-09-15 20:00:00+00:00,0.09159,0.09194,0.08858,0.09096,16675378.0,2026-09-15 23:59:59.999000+00:00,1
2026-09-16 00:00:00+00:00,0.09096,0.09097,0.08503,0.08637,29757593.0,2026-09-16 03:59:59.999000+00:00,1
2026-09-16 04:00:00+00:00,0.08637,0.08758,0.08261,0.08366,22480895.0,2026-09-16 07:59:59.999000+00:00,1
2026-09-16 08:00:00+00:00,0.08367,0.08439,0.08074,0.08353,27896437.0,2026-09-16 11:59:59.999000+00:00,1
2026-09-16 12:00:00+00:00,0.08351,0.08364,0.0805,0.08234,23046256.0,2026-09-16 15:59:59.999000+00:00,1
2026-09-16 16:00:00+00:00,0.08233,0.08463,0.08013,0.08437,26903123.0,2026-09-16 19:59:59.999000+00:00,1
2026-09-16 20:00:00+00:00,0.08436,0.08567,0.08374,0.08413,12946765.0,2026-09-16 23:59:59.999000+00:00,1
2026-09-17 00:00:00+00:00,0.08414,0.08608,0.08205,0.08318,16440683.0,2026-09-17 03:59:59.999000+00:00,1
2026-09-17 04:00:00+00:00,0.08316,0.08351,0.08243,0.08268,7077905.0,2026-09-17 07:59:59.999000+00:00,1
2026-09-17 08:00:00+00:00,0.08268,0.08314,0.0812,0.08201,11394792.0,2026-09-17 11:59:59.999000+00:00,1
2026-09-17 12:00:00+00:00,0.08202,0.0835,0.08135,0.08209,14260048.0,2026-09-17 15:59:59.999000+00:00,1
2026-09-17 16:00:00+00:00,0.0821,0.08296,0.08132,0.08158,9653860.0,2026-09-17 19:59:59.999000+00:00,1
2026-09-17 20:00:00+00:00,0.08157,0.0821,0.08066,0.0811,9496138.0,2026-09-17 23:59:59.999000+00:00,1
2026-09-18 00:00:00+00:00,0.0811,0.08415,0.0809,0.08345,16535668.0,2026-09-18 03:59:59.999000+00:00,1
2026-09-18 04:00:00+00:00,0.08345,0.08347,0.08227,0.08299,10085125.0,2026-09-18 07:59:59.999000+00:00,1
2026-09-18 08:00:00+00:00,0.08297,0.08339,0.0824,0.08282,8249582.0,2026-09-18 11:59:59.999000+00:00,1
2026-09-18 12:00:00+00:00,0.08282,0.08497,0.08271,0.08403,17397064.0,2026-09-18 15:59:59.999000+00:00,1
2026-09-18 16:00:00+00:00,0.08404,0.08564,0.08404,0.08504,8975704.0,2026-09-18 19:59:59.999000+00:00,1
2026-09-18 20:00:00+00:00,0.08502,0.08682,0.08404,0.08467,12079610.0,2026-09-18 23:59:59.999000+00:00,1
2026-09-19 00:00:00+00:00,0.08466,0.08651,0.08466,0.08605,8659075.0,2026-09-19 03:59:59.999000+00:00,1
2026-09-19 04:00:00+00:00,0.08606,0.08608,0.08425,0.08475,7612148.0,2026-09-19 07:59:59.999000+00:00,1
2026-09-19 08:00:00+00:00,0.08473,0.08544,0.08446,0.08491,5431606.0,2026-09-19 11:59:59.999000+00:00,1
2026-09-19 12:00:00+00:00,0.08492,0.08535,0.08427,0.08447,5149101.0,2026-09-19 15:59:59.999000+00:00,1
2026-09-19 16:00:00+00:00,0.08452,0.08492,0.08356,0.08436,8879288.0,2026-09-19 19:59:59.999000+00:00,1
2026-09-19 20:00:00+00:00,0.08433,0.08502,0.0838,0.0842,5745405.0,2026-09-19 23:59:59.999000+00:00,1
2026-09-20 00:00:00+00:00,0.08421,0.08464,0.0827,0.08379,11343033.0,2026-09-20 03:59:59.999000+00:00,1
2026-09-20 04:00:00+00:00,0.08381,0.08539,0.08353,0.08457,8506778.0,2026-09-20 07:59:59.999000+00:00,1
2026-09-20 08:00:00+00:00,0.08456,0.0853,0.0843,0.08465,6393220.0,2026-09-20 11:59:59.999000+00:00,1
2026-09-20 12:00:00+00:00,0.08466,0.08518,0.08466,0.08497,5400003.0,2026-09-20 15:59:59.999000+00:00,1
2026-09-20 16:00:00+00:00,0.08492,0.08621,0.0847,0.08579,9732662.0,2026-09-20 19:59:59.999000+00:00,1
2026-09-20 20:00:00+00:00,0.08579,0.08618,0.08512,0.0858,4064780.0,2026-09-20 23:59:59.999000+00:00,1
2026-09-21 00:00:00+00:00,0.0858,0.08748,0.0858,0.0869,9623000.0,2026-09-21 03:59:59.999000+00:00,1
2026-09-21 04:00:00+00:00,0.08688,0.08859,0.08686,0.08783,10724090.0,2026-09-21 07:59:59.999000+00:00,1
2026-09-21 08:00:00+00:00,0.08786,0.09058,0.08783,0.08873,15346818.0,2026-09-21 11:59:59.999000+00:00,1
2026-09-21 12:00:00+00:00,0.08873,0.08953,0.08727,0.0893,18150403.0,2026-09-21 15:59:59.999000+00:00,1
2026-09-21 16:00:00+00:00,0.08925,0.08964,0.08847,0.08895,5153599.0,2026-09-21 19:59:59.999000+00:00,1
2026-09-21 20:00:00+00:00,0.08894,0.0913,0.08887,0.08998,8359595.0,2026-09-21 23:59:59.999000+00:00,1
2026-09-22 00:00:00+00:00,0.08997,0.09478,0.08977,0.09122,22360684.0,2026-09-22 03:59:59.999000+00:00,1
2026-09-22 04:00:00+00:00,0.09122,0.09197,0.08879,0.08931,18584985.0,2026-09-22 07:59:59.999000+00:00,1
2026-09-22 08:00:00+00:00,0.08931,0.09092,0.08699,0.08946,21671213.0,2026-09-22 11:59:59.999000+00:00,1
2026-09-22 12:00:00+00:00,0.08946,0.09051,0.08881,0.08955,11175234.0,2026-09-22 15:59:59.999000+00:00,1
2026-09-22 16:00:00+00:00,0.08955,0.08985,0.08852,0.08939,6007165.0,2026-09-22 19:59:59.999000+00:00,1
2026-09-22 20:00:00+00:00,0.0894,0.09128,0.08917,0.09039,6949883.0,2026-09-22 23:59:59.999000+00:00,1
2026-09-23 00:00:00+00:00,0.09038,0.09199,0.09005,0.0916,12276872.0,2026-09-23 03:59:59.999000+00:00,1
2026-09-23 04:00:00+00:00,0.09156,0.09271,0.09074,0.09112,13017783.0,2026-09-23 07:59:59.999000+00:00,1
2026-09-23 08:00:00+00:00,0.09109,0.0919,0.09024,0.09053,10510277.0,2026-09-23 11:59:59.999000+00:00,1
2026-09-23 12:00:00+00:00,0.09055,0.09087,0.08523,0.08787,23866229.0,2026-09-23 15:59:59.999000+00:00,1
2026-09-23 16:00:00+00:00,0.08785,0.089,0.0871,0.08747,6076671.0,2026-09-23 19:59:59.999000+00:00,1
2026-09-23 20:00:00+00:00,0.0875,0.08888,0.08723,0.08809,3931347.0,2026-09-23 23:59:59.999000+00:00,1
2026-09-24 00:00:00+00:00,0.08809,0.09014,0.08701,0.08863,8928646.0,2026-09-24 03:59:59.999000+00:00,1
2026-09-24 04:00:00+00:00,0.08861,0.08874,0.0876,0.08822,5057768.0,2026-09-24 07:59:59.999000+00:00,1
2026-09-24 08:00:00+00:00,0.08817,0.08821,0.08561,0.08678,10184388.0,2026-09-24 11:59:59.999000+00:00,1
2026-09-24 12:00:00+00:00,0.08675,0.08762,0.08609,0.08648,7066642.0,2026-09-24 15:59:59.999000+00:00,1
2026-09-24 16:00:00+00:00,0.08649,0.08725,0.08574,0.08607,6047282.0,2026-09-24 19:59:59.999000+00:00,1
2026-09-24 20:00:00+00:00,0.08606,0.08734,0.0856,0.08646,7694542.0,2026-09-24 23:59:59.999000+00:00,1
2026-09-25 00:00:00+00:00,0.0865,0.08769,0.08568,0.08598,8302277.0,2026-09-25 03:59:59.999000+00:00,1
2026-09-25 04:00:00+00:00,0.08597,0.08618,0.08477,0.08588,9304028.0,2026-09-25 07:59:59.999000+00:00,1
2026-09-25 08:00:00+00:00,0.0859,0.09025,0.08578,0.08959,16160416.0,2026-09-25 11:59:59.999000+00:00,1
2026-09-25 12:00:00+00:00,0.0896,0.09183,0.0884,0.09062,28963665.0,2026-09-25 15:59:59.999000+00:00,1
2026-09-25 16:00:00+00:00,0.09062,0.09164,0.08969,0.0904,7151929.0,2026-09-25 19:59:59.999000+00:00,1
2026-09-25 20:00:00+00:00,0.09042,0.09182,0.0901,0.09146,5420343.0,2026-09-25 23:59:59.999000+00:00,1
2026-09-26 00:00:00+00:00,0.0914,0.0927,0.09041,0.09142,9449804.0,2026-09-26 03:59:59.999000+00:00,1
2026-09-26 04:00:00+00:00,0.09144,0.09166,0.09072,0.09143,5323084.0,2026-09-26 07:59:59.999000+00:00,1
2026-09-26 08:00:00+00:00,0.09142,0.0928,0.09097,0.0921,8501153.0,2026-09-26 11:59:59.999000+00:00,1
2026-09-26 12:00:00+00:00,0.0921,0.09269,0.09064,0.09223,8978222.0,2026-09-26 15:59:59.999000+00:00,1
2026-09-26 16:00:00+00:00,0.09223,0.09263,0.09156,0.0919,4963976.0,2026-09-26 19:59:59.999000+00:00,1
2026-09-26 20:00:00+00:00,0.0919,0.09237,0.09079,0.09201,4517714.0,2026-09-26 23:59:59.999000+00:00,1
2026-09-27 00:00:00+00:00,0.092,0.09269,0.09122,0.09195,4306000.0,2026-09-27 03:59:59.999000+00:00,1
2026-09-27 04:00:00+00:00,0.09194,0.09234,0.0911,0.09234,5691850.0,2026-09-27 07:59:59.999000+00:00,1
2026-09-27 08:00:00+00:00,0.09234,0.09243,0.09104,0.09152,4048397.0,2026-09-27 11:59:59.999000+00:00,1
2026-09-27 12:00:00+00:00,0.09152,0.09194,0.09017,0.09077,6487891.0,2026-09-27 15:59:59.999000+00:00,1
2026-09-27 16:00:00+00:00,0.09078,0.09128,0.09044,0.09116,3183498.0,2026-09-27 19:59:59.999000+00:00,1
2026-09-27 20:00:00+00:00,0.09115,0.09153,0.09065,0.09113,3455698.0,2026-09-27 23:59:59.999000+00:00,1
2026-09-28 00:00:00+00:00,0.09113,0.09199,0.08903,0.08964,10837957.0,2026-09-28 03:59:59.999000+00:00,1
2026-09-28 04:00:00+00:00,0.08965,0.08993,0.0881,0.08824,9993613.0,2026-09-28 07:59:59.999000+00:00,1
2026-09-28 08:00:00+00:00,0.08827,0.08937,0.0882,0.08891,6243537.0,2026-09-28 11:59:59.999000+00:00,1
2026-09-28 12:00:00+00:00,0.08892,0.0902,0.08859,0.08923,5571355.0,2026-09-28 15:59:59.999000+00:00,1
2026-09-28 16:00:00+00:00,0.08923,0.09008,0.0886,0.08871,3123718.0,2026-09-28 19:59:59.999000+00:00,1
2026-09-28 20:00:00+00:00,0.0887,0.08939,0.08813,0.0891,4352617.0,2026-09-28 23:59:59.999000+00:00,1
2026-09-29 00:00:00+00:00,0.08911,0.08946,0.08756,0.08853,8706947.0,2026-09-29 03:59:59.999000+00:00,1
2026-09-29 04:00:00+00:00,0.08852,0.091,0.08825,0.09082,10721130.0,2026-09-29 07:59:59.999000+00:00,1
2026-09-29 08:00:00+00:00,0.09084,0.09164,0.09035,0.09144,5698542.0,2026-09-29 11:59:59.999000+00:00,1
2026-09-29 12:00:00+00:00,0.09144,0.09144,0.09001,0.09021,6430759.0,2026-09-29 15:59:59.999000+00:00,1
2026-09-29 16:00:00+00:00,0.09023,0.09074,0.08974,0.09056,3394255.0,2026-09-29 19:59:59.999000+00:00,1
2026-09-29 20:00:00+00:00,0.09056,0.09082,0.08997,0.09032,2448713.0,2026-09-29 23:59:59.999000+00:00,1
2026-09-30 00:00:00+00:00,0.09031,0.09149,0.09019,0.09143,3632962.0,2026-09-30 03:59:59.999000+00:00,1
2026-09-30 04:00:00+00:00,0.09142,0.09239,0.09127,0.09177,8904429.0,2026-09-30 07:59:59.999000+00:00,1
2026-09-30 08:00:00+00:00,0.09173,0.09249,0.09144,0.09203,4994478.0,2026-09-30 11:59:59.999000+00:00,1
2026-09-30 12:00:00+00:00,0.09204,0.09247,0.09117,0.0917,9958654.0,2026-09-30 15:59:59.999000+00:00,1
2026-09-30 16:00:00+00:00,0.09166,0.09194,0.09106,0.09192,2307391.0,2026-09-30 19:59:59.999000+00:00,1
2026-09-30 20:00:00+00:00,0.09192,0.09378,0.09156,0.09296,9043678.0,2026-09-30 23:59:59.999000+00:00,1
2026-10-01 00:00:00+00:00,0.09296,0.09341,0.09176,0.09224,8859549.0,2026-10-01 03:59:59.999000+00:00,1
2026-10-01 04:00:00+00:00,0.09224,0.09239,0.09044,0.09092,8090513.0,2026-10-01 07:59:59.999000+00:00,1
2026-10-01 08:00:00+00:00,0.09092,0.09112,0.08878,0.09019,16063993.0,2026-10-01 11:59:59.999000+00:00,1
2026-10-01 12:00:00+00:00,0.09018,0.09048,0.08952,0.08987,5140711.0,2026-10-01 15:59:59.999000+00:00,1
2026-10-01 16:00:00+00:00,0.08987,0.09089,0.08971,0.09003,3604821.0,2026-10-01 19:59:59.999000+00:00,1
2026-10-01 20:00:00+00:00,0.09004,0.09059,0.08989,0.09005,3313540.0,2026-10-01 23:59:59.999000+00:00,1
2026-10-02 00:00:00+00:00,0.09006,0.09051,0.08952,0.09014,4588521.0,2026-10-02 03:59:59.999000+00:00,1
2026-10-02 04:00:00+00:00,0.09013,0.0908,0.09001,0.09038,6014943.0,2026-10-02 07:59:59.999000+00:00,1
2026-10-02 08:00:00+00:00,0.09037,0.09055,0.08989,0.09003,5018439.0,2026-10-02 11:59:59.999000+00:00,1
2026-10-02 12:00:00+00:00,0.09003,0.0915,0.08991,0.09019,9330678.0,2026-10-02 15:59:59.999000+00:00,1
2026-10-02 16:00:00+00:00,0.09019,0.09112,0.08526,0.08773,23984543.0,2026-10-02 19:59:59.999000+00:00,1
2026-10-02 20:00:00+00:00,0.08773,0.08918,0.0877,0.0887,5501065.0,2026-10-02 23:59:59.999000+00:00,1
2026-10-03 00:00:00+00:00,0.0887,0.08934,0.08837,0.08891,3587147.0,2026-10-03 03:59:59.999000+00:00,1
2026-10-03 04:00:00+00:00,0.08889,0.08896,0.08776,0.08828,5586199.0,2026-10-03 07:59:59.999000+00:00,1
2026-10-03 08:00:00+00:00,0.08827,0.08908,0.08808,0.08871,4365675.0,2026-10-03 11:59:59.999000+00:00,1
2026-10-03 12:00:00+00:00,0.0887,0.08897,0.0885,0.08873,2482113.0,2026-10-03 15:59:59.999000+00:00,1
2026-10-03 16:00:00+00:00,0.08873,0.0888,0.08829,0.08848,1426030.0,2026-10-03 19:59:59.999000+00:00,1
2026-10-03 20:00:00+00:00,0.08848,0.08892,0.08808,0.08816,2289041.0,2026-10-03 23:59:59.999000+00:00,1
2026-10-04 00:00:00+00:00,0.08817,0.08865,0.08796,0.0882,3204702.0,2026-10-04 03:59:59.999000+00:00,1
2026-10-04 04:00:00+00:00,0.08821,0.08854,0.08814,0.08819,2391815.0,2026-10-04 07:59:59.999000+00:00,1
2026-10-04 08:00:00+00:00,0.08818,0.08822,0.08727,0.08759,5956076.0,2026-10-04 11:59:59.999000+00:00,1
2026-10-04 12:00:00+00:00,0.08759,0.08772,0.08633,0.08697,7352553.0,2026-10-04 15:59:59.999000+00:00,1
2026-10-04 16:00:00+00:00,0.08699,0.08723,0.08606,0.08625,3611815.0,2026-10-04 19:59:59.999000+00:00,1
2026-10-04 20:00:00+00:00,0.08625,0.08792,0.08607,0.08723,5395028.0,2026-10-04 23:59:59.999000+00:00,1
2026-10-05 00:00:00+00:00,0.08726,0.08834,0.08726,0.08737,6263391.0,2026-10-05 03:59:59.999000+00:00,1
2026-10-05 04:00:00+00:00,0.08737,0.08747,0.08638,0.08667,9108268.0,2026-10-05 07:59:59.999000+00:00,1
2026-10-05 08:00:00+00:00,0.08667,0.0871,0.08611,0.08695,4838861.0,2026-10-05 11:59:59.999000+00:00,1
2026-10-05 12:00:00+00:00,0.08694,0.08756,0.0864,0.08677,5070237.0,2026-10-05 15:59:59.999000+00:00,1
2026-10-05 16:00:00+00:00,0.08677,0.08726,0.0863,0.08703,2177778.0,2026-10-05 19:59:59.999000+00:00,1
2026-10-05 20:00:00+00:00,0.08704,0.08763,0.0869,0.08708,3216270.0,2026-10-05 23:59:59.999000+00:00,1
2026-10-06 00:00:00+00:00,0.08707,0.08739,0.08669,0.08713,3369596.0,2026-10-06 03:59:59.999000+00:00,1
2026-10-06 04:00:00+00:00,0.08712,0.08747,0.08678,0.0873,3295686.0,2026-10-06 07:59:59.999000+00:00,1
2026-10-06 08:00:00+00:00,0.08731,0.08813,0.08728,0.08808,4843294.0,2026-10-06 11:59:59.999000+00:00,1
2026-10-06 12:00:00+00:00,0.08805,0.08824,0.08663,0.0871,7103060.0,2026-10-06 15:59:59.999000+00:00,1
2026-10-06 16:00:00+00:00,0.0871,0.08751,0.08683,0.08744,3389251.0,2026-10-06 19:59:59.999000+00:00,1
2026-10-06 20:00:00+00:00,0.08744,0.08752,0.08693,0.0871,2015391.0,2026-10-06 23:59:59.999000+00:00,1
2026-10-07 00:00:00+00:00,0.08712,0.08733,0.0803,0.0833,33293567.0,2026-10-07 03:59:59.999000+00:00,1
2026-10-07 04:00:00+00:00,0.0833,0.08448,0.08247,0.0843,8550072.0,2026-10-07 07:59:59.999000+00:00,1
2026-10-07 08:00:00+00:00,0.0843,0.0843,0.08186,0.08239,8109811.0,2026-10-07 11:59:59.999000+00:00,1
2026-10-07 12:00:00+00:00,0.08237,0.08273,0.0804,0.08266,10989145.0,2026-10-07 15:59:59.999000+00:00,1
2026-10-07 16:00:00+00:00,0.08262,0.08295,0.08198,0.08242,4073414.0,2026-10-07 19:59:59.999000+00:00,1
2026-10-07 20:00:00+00:00,0.08247,0.08281,0.08059,0.08089,7302937.0,2026-10-07 23:59:59.999000+00:00,1
2026-10-08 00:00:00+00:00,0.08089,0.08189,0.07922,0.08168,15949544.0,2026-10-08 03:59:59.999000+00:00,1
2026-10-08 04:00:00+00:00,0.08168,0.08299,0.08051,0.08195,9172811.0,2026-10-08 07:59:59.999000+00:00,1
2026-10-08 08:00:00+00:00,0.08195,0.08294,0.08166,0.08202,6179427.0,2026-10-08 11:59:59.999000+00:00,1
2026-10-08 12:00:00+00:00,0.08201,0.0829,0.07682,0.07831,29062627.0,2026-10-08 15:59:59.999000+00:00,1
2026-10-08 16:00:00+00:00,0.07829,0.08099,0.07794,0.08068,12851782.0,2026-10-08 19:59:59.999000+00:00,1
2026-10-08 20:00:00+00:00,0.08069,0.08156,0.08026,0.08081,5007789.0,2026-10-08 23:59:59.999000+00:00,1
2026-10-09 00:00:00+00:00,0.08082,0.08206,0.08081,0.08197,3918709.0,2026-10-09 03:59:59.999000+00:00,1
2026-10-09 04:00:00+00:00,0.082,0.08206,0.08149,0.08159,2963503.0,2026-10-09 07:59:59.999000+00:00,1
2026-10-09 08:00:00+00:00,0.08159,0.08171,0.08035,0.08134,4880694.0,2026-10-09 11:59:59.999000+00:00,1
2026-10-09 12:00:00+00:00,0.08134,0.08164,0.08073,0.08133,3987889.0,2026-10-09 15:59:59.999000+00:00,1
2026-10-09 16:00:00+00:00,0.08131,0.08165,0.08087,0.08146,2108597.0,2026-10-09 19:59:59.999000+00:00,1
2026-10-09 20:00:00+00:00,0.08145,0.08233,0.08143,0.08161,3097756.0,2026-10-09 23:59:59.999000+00:00,1
2026-10-10 00:00:00+00:00,0.08164,0.0822,0.0816,0.08178,2305148.0,2026-10-10 03:59:59.999000+00:00,1
2026-10-10 04:00:00+00:00,0.08177,0.08211,0.0814,0.08193,2366609.0,2026-10-10 07:59:59.999000+00:00,1
2026-10-10 08:00:00+00:00,0.08193,0.08228,0.08163,0.08203,2185103.0,2026-10-10 11:59:59.999000+00:00,1
2026-10-10 12:00:00+00:00,0.08202,0.08205,0.08181,0.08189,266413.0,2026-10-10 15:59:59.999000+00:00,0
