ts,open,high,low,close,volume,close_time,confirm
2026-03-24 16:00:00+00:00,0.00178,0.0018,0.001755,0.001777,2433661.0,2026-03-24 19:59:59.999000+00:00,1
2026-03-24 20:00:00+00:00,0.001776,0.001836,0.001773,0.001826,2548886.0,2026-03-24 23:59:59.999000+00:00,1
2026-03-25 00:00:00+00:00,0.001826,0.001848,0.00182,0.001841,1972845.0,2026-03-25 03:59:59.999000+00:00,1
2026-03-25 04:00:00+00:00,0.00184,0.001855,0.001822,0.00183,2093226.0,2026-03-25 07:59:59.999000+00:00,1
2026-03-25 08:00:00+00:00,0.00183,0.001893,0.00183,0.001879,4194089.0,2026-03-25 11:59:59.999000+00:00,1
2026-03-25 12:00:00+00:00,0.00188,0.001897,0.001827,0.001853,4875300.0,2026-03-25 15:59:59.999000+00:00,1
2026-03-25 16:00:00+00:00,0.001854,0.001924,0.001847,0.001904,4962429.0,2026-03-25 19:59:59.999000+00:00,1
2026-03-25 20:00:00+00:00,0.001904,0.001912,0.001874,0.001902,2269552.0,2026-03-25 23:59:59.999000+00:00,1
2026-03-26 00:00:00+00:00,0.001903,0.001918,0.001869,0.001878,2275714.0,2026-03-26 03:59:59.999000+00:00,1
2026-03-26 04:00:00+00:00,0.001878,0.001878,0.001804,0.001815,4898193.0,2026-03-26 07:59:59.999000+00:00,1
2026-03-26 08:00:00+00:00,0.001816,0.001817,0.001768,0.001773,4687243.0,2026-03-26 11:59:59.999000+00:00,1
2026-03-26 12:00:00+00:00,0.001774,0.001792,0.001754,0.001765,3972327.0,2026-03-26 15:59:59.999000+00:00,1
2026-03-26 16:00:00+00:00,0.001765,0.001783,0.001746,0.001756,2887409.0,2026-03-26 19:59:59.999000+00:00,1
2026-03-26 20:00:00+00:00,0.001756,0.001798,0.00175,0.001784,3085804.0,2026-03-26 23:59:59.999000+00:00,1
2026-03-27 00:00:00+00:00,0.001784,0.001793,0.001761,0.001768,1496695.0,2026-03-27 03:59:59.999000+00:00,1
2026-03-27 04:00:00+00:00,0.001768,0.001779,0.001749,0.001771,1938646.0,2026-03-27 07:59:59.999000+00:00,1
2026-03-27 08:00:00+00:00,0.001772,0.001779,0.001703,0.001719,5148148.0,2026-03-27 11:59:59.999000+00:00,1
2026-03-27 12:00:00+00:00,0.001718,0.001745,0.001697,0.001718,3411615.0,2026-03-27 15:59:59.999000+00:00,1
2026-03-27 16:00:00+00:00,0.001717,0.001719,0.001692,0.001711,3256084.0,2026-03-27 19:59:59.999000+00:00,1
2026-03-27 20:00:00+00:00,0.001711,0.001717,0.001691,0.00171,1151804.0,2026-03-27 23:59:59.999000+00:00,1
2026-03-28 00:00:00+00:00,0.00171,0.001711,0.001682,0.001692,1407837.0,2026-03-28 03:59:59.999000+00:00,1
2026-03-28 04:00:00+00:00,0.001693,0.001728,0.001684,0.001727,1658592.0,2026-03-28 07:59:59.999000+00:00,1
2026-03-28 08:00:00+00:00,0.001728,0.001731,0.001707,0.001722,1569427.0,2026-03-28 11:59:59.999000+00:00,1
2026-03-28 12:00:00+00:00,0.001723,0.001769,0.001716,0.001753,3360382.0,2026-03-28 15:59:59.999000+00:00,1
2026-03-28 16:00:00+00:00,0.001753,0.001755,0.001726,0.001739,1500103.0,2026-03-28 19:59:59.999000+00:00,1
2026-03-28 20:00:00+00:00,0.001739,0.001741,0.001695,0.001707,1247015.0,2026-03-28 23:59:59.999000+00:00,1
2026-03-29 00:00:00+00:00,0.001706,0.001727,0.001696,0.001722,1467958.0,2026-03-29 03:59:59.999000+00:00,1
2026-03-29 04:00:00+00:00,0.001723,0.001728,0.001708,0.001709,1204500.0,2026-03-29 07:59:59.999000+00:00,1
2026-03-29 08:00:00+00:00,0.001709,0.00172,0.001686,0.001713,2117752.0,2026-03-29 11:59:59.999000+00:00,1
2026-03-29 12:00:00+00:00,0.001713,0.00172,0.001692,0.001707,2539967.0,2026-03-29 15:59:59.999000+00:00,1
2026-03-29 16:00:00+00:00,0.001706,0.001726,0.001699,0.001705,1124406.0,2026-03-29 19:59:59.999000+00:00,1
2026-03-29 20:00:00+00:00,0.001704,0.001726,0.00161,0.001667,6392052.0,2026-03-29 23:59:59.999000+00:00,1
2026-03-30 00:00:00+00:00,0.001667,0.00173,0.001665,0.001717,4254539.0,2026-03-30 03:59:59.999000+00:00,1
2026-03-30 04:00:00+00:00,0.001717,0.001735,0.001707,0.001721,2495348.0,2026-03-30 07:59:59.999000+00:00,1
2026-03-30 08:00:00+00:00,0.001722,0.001729,0.001686,0.001701,3182600.0,2026-03-30 11:59:59.999000+00:00,1
2026-03-30 12:00:00+00:00,0.001701,0.001721,0.001682,0.001692,3522284.0,2026-03-30 15:59:59.999000+00:00,1
2026-03-30 16:00:00+00:00,0.001691,0.001693,0.001648,0.001664,3563862.0,2026-03-30 19:59:59.999000+00:00,1
2026-03-30 20:00:00+00:00,0.001663,0.001678,0.001637,0.001656,2675396.0,2026-03-30 23:59:59.999000+00:00,1
2026-03-31 00:00:00+00:00,0.001656,0.001703,0.001647,0.001673,3178805.0,2026-03-31 03:59:59.999000+00:00,1
2026-03-31 04:00:00+00:00,0.001674,0.001684,0.001656,0.001662,2016777.0,2026-03-31 07:59:59.999000+00:00,1
2026-03-31 08:00:00+00:00,0.001663,0.001666,0.001599,0.001633,6209375.0,2026-03-31 11:59:59.999000+00:00,1
2026-03-31 12:00:00+00:00,0.001634,0.001662,0.001622,0.001634,4257855.0,2026-03-31 15:59:59.999000+00:00,1
2026-03-31 16:00:00+00:00,0.001635,0.001698,0.001633,0.00167,3956349.0,2026-03-31 19:59:59.999000+00:00,1
2026-03-31 20:00:00+00:00,0.00167,0.001686,0.001654,0.001675,1893485.0,2026-03-31 23:59:59.999000+00:00,1
2026-04-01 00:00:00+00:00,0.001676,0.001681,0.001639,0.001664,2934378.0,2026-04-01 03:59:59.999000+00:00,1
2026-04-01 04:00:00+00:00,0.001664,0.001725,0.001657,0.001703,4350705.0,2026-04-01 07:59:59.999000+00:00,1
2026-04-01 08:00:00+00:00,0.001703,0.001714,0.001679,0.00171,3042984.0,2026-04-01 11:59:59.999000+00:00,1
2026-04-01 12:00:00+00:00,0.001711,0.001735,0.001686,0.001716,4654262.0,2026-04-01 15:59:59.999000+00:00,1
2026-04-01 16:00:00+00:00,0.001717,0.001744,0.001678,0.001689,4027581.0,2026-04-01 19:59:59.999000+00:00,1
2026-04-01 20:00:00+00:00,0.00169,0.001707,0.001673,0.001684,2224125.0,2026-04-01 23:59:59.999000+00:00,1
2026-04-02 00:00:00+00:00,0.001684,0.001701,0.001594,0.001607,6111545.0,2026-04-02 03:59:59.999000+00:00,1
2026-04-02 04:00:00+00:00,0.001607,0.001633,0.001603,0.001631,1997700.0,2026-04-02 07:59:59.999000+00:00,1
2026-04-02 08:00:00+00:00,0.001632,0.001632,0.001574,0.001587,4533764.0,2026-04-02 11:59:59.999000+00:00,1
2026-04-02 12:00:00+00:00,0.001587,0.001621,0.001564,0.001602,6736059.0,2026-04-02 15:59:59.999000+00:00,1
2026-04-02 16:00:00+00:00,0.001603,0.001631,0.001594,0.001618,2659975.0,2026-04-02 19:59:59.999000+00:00,1
2026-04-02 20:00:00+00:00,0.001619,0.00165,0.001612,0.00163,2214444.0,2026-04-02 23:59:59.999000+00:00,1
2026-04-03 00:00:00+00:00,0.001631,0.001649,0.001623,0.001642,1735720.0,2026-04-03 03:59:59.999000+00:00,1
2026-04-03 04:00:00+00:00,0.001643,0.001672,0.001634,0.001664,2073592.0,2026-04-03 07:59:59.999000+00:00,1
2026-04-03 08:00:00+00:00,0.001664,0.001677,0.001655,0.001674,2222277.0,2026-04-03 11:59:59.999000+00:00,1
2026-04-03 12:00:00+00:00,0.001674,0.00169,0.00165,0.001665,3001189.0,2026-04-03 15:59:59.999000+00:00,1
2026-04-03 16:00:00+00:00,0.001665,0.001673,0.001639,0.001653,1495220.0,2026-04-03 19:59:59.999000+00:00,1
2026-04-03 20:00:00+00:00,0.001653,0.001658,0.001639,0.001649,988351.0,2026-04-03 23:59:59.999000+00:00,1
2026-04-04 00:00:00+00:00,0.00165,0.001652,0.001641,0.001647,709259.0,2026-04-04 03:59:59.999000+00:00,1
2026-04-04 04:00:00+00:00,0.001648,0.001661,0.001643,0.001659,1104396.0,2026-04-04 07:59:59.999000+00:00,1
2026-04-04 08:00:00+00:00,0.00166,0.001661,0.001645,0.001659,898896.0,2026-04-04 11:59:59.999000+00:00,1
2026-04-04 12:00:00+00:00,0.001658,0.001673,0.001634,0.001662,2323727.0,2026-04-04 15:59:59.999000+00:00,1
2026-04-04 16:00:00+00:00,0.001663,0.001683,0.001654,0.001666,1364649.0,2026-04-04 19:59:59.999000+00:00,1
2026-04-04 20:00:00+00:00,0.001666,0.001676,0.001661,0.001671,832602.0,2026-04-04 23:59:59.999000+00:00,1
2026-04-05 00:00:00+00:00,0.00167,0.001671,0.001656,0.001664,700636.0,2026-04-05 03:59:59.999000+00:00,1
2026-04-05 04:00:00+00:00,0.001665,0.001665,0.001631,0.001637,1638758.0,2026-04-05 07:59:59.999000+00:00,1
2026-04-05 08:00:00+00:00,0.001636,0.001662,0.001636,0.001651,1068231.0,2026-04-05 11:59:59.999000+00:00,1
2026-04-05 12:00:00+00:00,0.00165,0.001669,0.001623,0.001649,2198652.0,2026-04-05 15:59:59.999000+00:00,1
2026-04-05 16:00:00+00:00,0.001648,0.001657,0.001639,0.001655,1036416.0,2026-04-05 19:59:59.999000+00:00,1
2026-04-05 20:00:00+00:00,0.001655,0.001698,0.00164,0.001693,2613568.0,2026-04-05 23:59:59.999000+00:00,1
2026-04-06 00:00:00+00:00,0.001693,0.001725,0.00169,0.001715,2417021.0,2026-04-06 03:59:59.999000+00:00,1
2026-04-06 04:00:00+00:00,0.001716,0.001723,0.001697,0.001707,1434490.0,2026-04-06 07:59:59.999000+00:00,1
2026-04-06 08:00:00+00:00,0.001708,0.001749,0.001706,0.001735,2844486.0,2026-04-06 11:59:59.999000+00:00,1
2026-04-06 12:00:00+00:00,0.001735,0.001768,0.001734,0.00176,3450050.0,2026-04-06 15:59:59.999000+00:00,1
2026-04-06 16:00:00+00:00,0.00176,0.001765,0.001714,0.00172,2455674.0,2026-04-06 19:59:59.999000+00:00,1
2026-04-06 20:00:00+00:00,0.001721,0.001726,0.001668,0.001676,2825194.0,2026-04-06 23:59:59.999000+00:00,1
2026-04-07 00:00:00+00:00,0.001677,0.001686,0.001666,0.001684,1934782.0,2026-04-07 03:59:59.999000+00:00,1
2026-04-07 04:00:00+00:00,0.001684,0.001705,0.001682,0.001703,1498466.0,2026-04-07 07:59:59.999000+00:00,1
2026-04-07 08:00:00+00:00,0.001703,0.001744,0.001696,0.001702,4845987.0,2026-04-07 11:59:59.999000+00:00,1
2026-04-07 12:00:00+00:00,0.001702,0.001716,0.00168,0.001709,4349998.0,2026-04-07 15:59:59.999000+00:00,1
2026-04-07 16:00:00+00:00,0.001709,0.001759,0.001704,0.001754,4618757.0,2026-04-07 19:59:59.999000+00:00,1
2026-04-07 20:00:00+00:00,0.001754,0.001882,0.001748,0.001864,7285193.0,2026-04-07 23:59:59.999000+00:00,1
2026-04-08 00:00:00+00:00,0.001864,0.001871,0.001799,0.001802,3497256.0,2026-04-08 03:59:59.999000+00:00,1
2026-04-08 04:00:00+00:00,0.001802,0.00183,0.001798,0.001828,2709599.0,2026-04-08 07:59:59.999000+00:00,1
2026-04-08 08:00:00+00:00,0.001828,0.001836,0.001801,0.001816,2133496.0,2026-04-08 11:59:59.999000+00:00,1
2026-04-08 12:00:00+00:00,0.001816,0.001831,0.001771,0.001804,3975035.0,2026-04-08 15:59:59.999000+00:00,1
2026-04-08 16:00:00+00:00,0.001804,0.001805,0.001751,0.001767,3612684.0,2026-04-08 19:59:59.999000+00:00,1
2026-04-08 20:00:00+00:00,0.001767,0.001803,0.001747,0.001754,3560188.0,2026-04-08 23:59:59.999000+00:00,1
2026-04-09 00:00:00+00:00,0.001754,0.001757,0.001728,0.001746,1758252.0,2026-04-09 03:59:59.999000+00:00,1
2026-04-09 04:00:00+00:00,0.001746,0.001769,0.001738,0.001751,1693771.0,2026-04-09 07:59:59.999000+00:00,1
2026-04-09 08:00:00+00:00,0.001751,0.001771,0.001748,0.001759,1692683.0,2026-04-09 11:59:59.999000+00:00,1
2026-04-09 12:00:00+00:00,0.001759,0.001819,0.001751,0.00181,3457318.0,2026-04-09 15:59:59.999000+00:00,1
2026-04-09 16:00:00+00:00,0.001811,0.001821,0.001784,0.001809,2431405.0,2026-04-09 19:59:59.999000+00:00,1
2026-04-09 20:00:00+00:00,0.00181,0.00186,0.001794,0.0018,2825525.0,2026-04-09 23:59:59.999000+00:00,1
2026-04-10 00:00:00+00:00,0.001799,0.001821,0.001791,0.001804,1420092.0,2026-04-10 03:59:59.999000+00:00,1
2026-04-10 04:00:00+00:00,0.001805,0.001836,0.001804,0.001811,1705633.0,2026-04-10 07:59:59.999000+00:00,1
2026-04-10 08:00:00+00:00,0.001811,0.001893,0.001805,0.001866,5025173.0,2026-04-10 11:59:59.999000+00:00,1
2026-04-10 12:00:00+00:00,0.001867,0.001882,0.001829,0.001847,4926861.0,2026-04-10 15:59:59.999000+00:00,1
2026-04-10 16:00:00+00:00,0.001848,0.00186,0.001827,0.001846,1877930.0,2026-04-10 19:59:59.999000+00:00,1
2026-04-10 20:00:00+00:00,0.001846,0.001867,0.001837,0.001857,1402976.0,2026-04-10 23:59:59.999000+00:00,1
2026-04-11 00:00:00+00:00,0.001856,0.001861,0.001836,0.001838,1040108.0,2026-04-11 03:59:59.999000+00:00,1
2026-04-11 04:00:00+00:00,0.001837,0.001847,0.001813,0.00182,1254753.0,2026-04-11 07:59:59.999000+00:00,1
2026-04-11 08:00:00+00:00,0.001821,0.001835,0.001816,0.001824,1050342.0,2026-04-11 11:59:59.999000+00:00,1
2026-04-11 12:00:00+00:00,0.001825,0.001834,0.001805,0.001825,1612130.0,2026-04-11 15:59:59.999000+00:00,1
2026-04-11 16:00:00+00:00,0.001826,0.001969,0.001823,0.001953,5386324.0,2026-04-11 19:59:59.999000+00:00,1
2026-04-11 20:00:00+00:00,0.001954,0.001956,0.001891,0.001907,2895179.0,2026-04-11 23:59:59.999000+00:00,1
2026-04-12 00:00:00+00:00,0.001908,0.001908,0.001802,0.001806,4184663.0,2026-04-12 03:59:59.999000+00:00,1
2026-04-12 04:00:00+00:00,0.001805,0.001813,0.001786,0.001794,2149076.0,2026-04-12 07:59:59.999000+00:00,1
2026-04-12 08:00:00+00:00,0.001794,0.001806,0.001773,0.001783,2345058.0,2026-04-12 11:59:59.999000+00:00,1
2026-04-12 12:00:00+00:00,0.001783,0.001796,0.001752,0.001774,2655867.0,2026-04-12 15:59:59.999000+00:00,1
2026-04-12 16:00:00+00:00,0.001775,0.001808,0.00177,0.001802,1433625.0,2026-04-12 19:59:59.999000+00:00,1
2026-04-12 20:00:00+00:00,0.001801,0.001829,0.001771,0.001783,1988381.0,2026-04-12 23:59:59.999000+00:00,1
2026-04-13 00:00:00+00:00,0.001783,0.001815,0.001778,0.001806,1517382.0,2026-04-13 03:59:59.999000+00:00,1
2026-04-13 04:00:00+00:00,0.001806,0.001809,0.001773,0.001787,2187268.0,2026-04-13 07:59:59.999000+00:00,1
2026-04-13 08:00:00+00:00,0.001787,0.0018,0.001777,0.001792,1473665.0,2026-04-13 11:59:59.999000+00:00,1
2026-04-13 12:00:00+00:00,0.001792,0.001839,0.001784,0.001795,3782621.0,2026-04-13 15:59:59.999000+00:00,1
2026-04-13 16:00:00+00:00,0.001795,0.001864,0.001779,0.001863,3308839.0,2026-04-13 19:59:59.999000+00:00,1
2026-04-13 20:00:00+00:00,0.001863,0.001923,0.001834,0.001921,3972202.0,2026-04-13 23:59:59.999000+00:00,1
2026-04-14 00:00:00+00:00,0.001922,0.001928,0.001884,0.00189,3090357.0,2026-04-14 03:59:59.999000+00:00,1
2026-04-14 04:00:00+00:00,0.001891,0.001893,0.001863,0.001871,1522445.0,2026-04-14 07:59:59.999000+00:00,1
2026-04-14 08:00:00+00:00,0.001872,0.001947,0.001869,0.001917,3855124.0,2026-04-14 11:59:59.999000+00:00,1
2026-04-14 12:00:00+00:00,0.001917,0.001979,0.001898,0.001903,6501848.0,2026-04-14 15:59:59.999000+00:00,1
2026-04-14 16:00:00+00:00,0.001903,0.001912,0.00182,0.001832,4597210.0,2026-04-14 19:59:59.999000+00:00,1
2026-04-14 20:00:00+00:00,0.001833,0.001838,0.001809,0.001824,1716390.0,2026-04-14 23:59:59.999000+00:00,1
2026-04-15 00:00:00+00:00,0.001824,0.001852,0.001823,0.001844,1944846.0,2026-04-15 03:59:59.999000+00:00,1
2026-04-15 04:00:00+00:00,0.001845,0.001865,0.001811,0.001818,2286111.0,2026-04-15 07:59:59.999000+00:00,1
2026-04-15 08:00:00+00:00,0.001818,0.001853,0.001813,0.001848,1843656.0,2026-04-15 11:59:59.999000+00:00,1
2026-04-15 12:00:00+00:00,0.001849,0.001891,0.001841,0.001872,3746887.0,2026-04-15 15:59:59.999000+00:00,1
2026-04-15 16:00:00+00:00,0.001872,0.001964,0.001868,0.001938,3212454.0,2026-04-15 19:59:59.999000+00:00,1
2026-04-15 20:00:00+00:00,0.001938,0.001941,0.001898,0.001909,1815816.0,2026-04-15 23:59:59.999000+00:00,1
2026-04-16 00:00:00+00:00,0.00191,0.001953,0.001891,0.001945,2052308.0,2026-04-16 03:59:59.999000+00:00,1
2026-04-16 04:00:00+00:00,0.001944,0.00198,0.001938,0.001961,2511111.0,2026-04-16 07:59:59.999000+00:00,1
2026-04-16 08:00:00+00:00,0.00196,0.001971,0.001934,0.001942,2393094.0,2026-04-16 11:59:59.999000+00:00,1
2026-04-16 12:00:00+00:00,0.001941,0.001977,0.001883,0.001959,5978022.0,2026-04-16 15:59:59.999000+00:00,1
2026-04-16 16:00:00+00:00,0.00196,0.002047,0.001916,0.002037,6218951.0,2026-04-16 19:59:59.999000+00:00,1
2026-04-16 20:00:00+00:00,0.002037,0.002043,0.001992,0.002007,2149745.0,2026-04-16 23:59:59.999000+00:00,1
2026-04-17 00:00:00+00:00,0.002008,0.002015,0.001945,0.001964,2695878.0,2026-04-17 03:59:59.999000+00:00,1
2026-04-17 04:00:00+00:00,0.001964,0.001984,0.00194,0.001973,2133715.0,2026-04-17 07:59:59.999000+00:00,1
2026-04-17 08:00:00+00:00,0.001974,0.002041,0.001962,0.00201,4429768.0,2026-04-17 11:59:59.999000+00:00,1
2026-04-17 12:00:00+00:00,0.00201,0.002074,0.002001,0.002022,6235408.0,2026-04-17 15:59:59.999000+00:00,1
2026-04-17 16:00:00+00:00,0.002023,0.002042,0.001998,0.002032,2471442.0,2026-04-17 19:59:59.999000+00:00,1
2026-04-17 20:00:00+00:00,0.002032,0.002044,0.001986,0.001996,1629112.0,2026-04-17 23:59:59.999000+00:00,1
2026-04-18 00:00:00+00:00,0.001995,0.002016,0.001991,0.001998,1497236.0,2026-04-18 03:59:59.999000+00:00,1
2026-04-18 04:00:00+00:00,0.002,0.002033,0.001993,0.002018,1681084.0,2026-04-18 07:59:59.999000+00:00,1
2026-04-18 08:00:00+00:00,0.002018,0.00202,0.001879,0.00189,5995907.0,2026-04-18 11:59:59.999000+00:00,1
2026-04-18 12:00:00+00:00,0.00189,0.00192,0.001888,0.001913,2725190.0,2026-04-18 15:59:59.999000+00:00,1
2026-04-18 16:00:00+00:00,0.001913,0.001915,0.001863,0.001872,2703743.0,2026-04-18 19:59:59.999000+00:00,1
2026-04-18 20:00:00+00:00,0.001872,0.00189,0.001868,0.001875,1194332.0,2026-04-18 23:59:59.999000+00:00,1
2026-04-19 00:00:00+00:00,0.001874,0.001882,0.001834,0.001848,1833938.0,2026-04-19 03:59:59.999000+00:00,1
2026-04-19 04:00:00+00:00,0.001849,0.001857,0.001819,0.001832,1741897.0,2026-04-19 07:59:59.999000+00:00,1
2026-04-19 08:00:00+00:00,0.001831,0.00185,0.001819,0.001847,1278790.0,2026-04-19 11:59:59.999000+00:00,1
2026-04-19 12:00:00+00:00,0.001848,0.001881,0.001832,0.001855,2263131.0,2026-04-19 15:59:59.999000+00:00,1
2026-04-19 16:00:00+00:00,0.001855,0.001857,0.001796,0.001813,2382503.0,2026-04-19 19:59:59.999000+00:00,1
2026-04-19 20:00:00+00:00,0.001812,0.001815,0.001764,0.001771,2137429.0,2026-04-19 23:59:59.999000+00:00,1
2026-04-20 00:00:00+00:00,0.001772,0.001805,0.001769,0.001801,1396138.0,2026-04-20 03:59:59.999000+00:00,1
2026-04-20 04:00:00+00:00,0.001801,0.001828,0.001779,0.001809,1905930.0,2026-04-20 07:59:59.999000+00:00,1
2026-04-20 08:00:00+00:00,0.001809,0.001824,0.001799,0.001812,1654787.0,2026-04-20 11:59:59.999000+00:00,1
2026-04-20 12:00:00+00:00,0.001812,0.001841,0.0018,0.001825,2501948.0,2026-04-20 15:59:59.999000+00:00,1
2026-04-20 16:00:00+00:00,0.001825,0.001839,0.001805,0.001835,1952069.0,2026-04-20 19:59:59.999000+00:00,1
2026-04-20 20:00:00+00:00,0.001834,0.001852,0.001811,0.001819,1394565.0,2026-04-20 23:59:59.999000+00:00,1
2026-04-21 00:00:00+00:00,0.001819,0.001848,0.001815,0.001824,1698354.0,2026-04-21 03:59:59.999000+00:00,1
2026-04-21 04:00:00+00:00,0.001823,0.001849,0.001817,0.00184,1530601.0,2026-04-21 07:59:59.999000+00:00,1
2026-04-21 08:00:00+00:00,0.001839,0.001869,0.001835,0.001854,2002575.0,2026-04-21 11:59:59.999000+00:00,1
2026-04-21 12:00:00+00:00,0.001855,0.001861,0.001824,0.001843,2537874.0,2026-04-21 15:59:59.999000+00:00,1
2026-04-21 16:00:00+00:00,0.001844,0.001851,0.001788,0.001798,2690696.0,2026-04-21 19:59:59.999000+00:00,1
2026-04-21 20:00:00+00:00,0.001798,0.001847,0.001796,0.001843,1944038.0,2026-04-21 23:59:59.999000+00:00,1
2026-04-22 00:00:00+00:00,0.001843,0.001887,0.001831,0.001869,2481643.0,2026-04-22 03:59:59.999000+00:00,1
2026-04-22 04:00:00+00:00,0.00187,0.001934,0.001865,0.001908,3740412.0,2026-04-22 07:59:59.999000+00:00,1
2026-04-22 08:00:00+00:00,0.001908,0.001954,0.001899,0.001938,4116236.0,2026-04-22 11:59:59.999000+00:00,1
2026-04-22 12:00:00+00:00,0.001938,0.001947,0.001913,0.001914,2864612.0,2026-04-22 15:59:59.999000+00:00,1
2026-04-22 16:00:00+00:00,0.001915,0.001918,0.001861,0.00187,2397791.0,2026-04-22 19:59:59.999000+00:00,1
2026-04-22 20:00:00+00:00,0.001869,0.001876,0.001836,0.001837,1491261.0,2026-04-22 23:59:59.999000+00:00,1
2026-04-23 00:00:00+00:00,0.001838,0.001844,0.001783,0.001797,2900533.0,2026-04-23 03:59:59.999000+00:00,1
2026-04-23 04:00:00+00:00,0.001796,0.001823,0.001792,0.001804,1675396.0,2026-04-23 07:59:59.999000+00:00,1
2026-04-23 08:00:00+00:00,0.001804,0.001807,0.00178,0.001798,2031221.0,2026-04-23 11:59:59.999000+00:00,1
2026-04-23 12:00:00+00:00,0.001798,0.001828,0.001791,0.001821,2099898.0,2026-04-23 15:59:59.999000+00:00,1
2026-04-23 16:00:00+00:00,0.001822,0.001824,0.001759,0.001781,3029898.0,2026-04-23 19:59:59.999000+00:00,1
2026-04-23 20:00:00+00:00,0.001782,0.001802,0.001778,0.001794,1124834.0,2026-04-23 23:59:59.999000+00:00,1
2026-04-24 00:00:00+00:00,0.001795,0.001809,0.001772,0.001783,1400833.0,2026-04-24 03:59:59.999000+00:00,1
2026-04-24 04:00:00+00:00,0.001784,0.001805,0.001776,0.0018,1231056.0,2026-04-24 07:59:59.999000+00:00,1
2026-04-24 08:00:00+00:00,0.0018,0.001806,0.00178,0.001801,1470885.0,2026-04-24 11:59:59.999000+00:00,1
2026-04-24 12:00:00+00:00,0.0018,0.001801,0.00177,0.00179,1956019.0,2026-04-24 15:59:59.999000+00:00,1
2026-04-24 16:00:00+00:00,0.001791,0.001791,0.001773,0.001786,955003.0,2026-04-24 19:59:59.999000+00:00,1
2026-04-24 20:00:00+00:00,0.001787,0.001801,0.001766,0.001776,1150088.0,2026-04-24 23:59:59.999000+00:00,1
2026-04-25 00:00:00+00:00,0.001775,0.001781,0.001764,0.001774,737407.0,2026-04-25 03:59:59.999000+00:00,1
2026-04-25 04:00:00+00:00,0.001775,0.001779,0.001746,0.001756,1670412.0,2026-04-25 07:59:59.999000+00:00,1
2026-04-25 08:00:00+00:00,0.001757,0.001773,0.00175,0.001758,1142437.0,2026-04-25 11:59:59.999000+00:00,1
2026-04-25 12:00:00+00:00,0.001759,0.00177,0.001735,0.001743,1355193.0,2026-04-25 15:59:59.999000+00:00,1
2026-04-25 16:00:00+00:00,0.001742,0.001747,0.001723,0.001734,1535605.0,2026-04-25 19:59:59.999000+00:00,1
2026-04-25 20:00:00+00:00,0.001734,0.001762,0.001732,0.001748,2490785.0,2026-04-25 23:59:59.999000+00:00,1
2026-04-26 00:00:00+00:00,0.001748,0.001749,0.001729,0.001737,775081.0,2026-04-26 03:59:59.999000+00:00,1
2026-04-26 04:00:00+00:00,0.001737,0.001756,0.001732,0.00175,1049433.0,2026-04-26 07:59:59.999000+00:00,1
2026-04-26 08:00:00+00:00,0.00175,0.001768,0.001741,0.001762,1397555.0,2026-04-26 11:59:59.999000+00:00,1
2026-04-26 12:00:00+00:00,0.001762,0.001764,0.001739,0.001759,991205.0,2026-04-26 15:59:59.999000+00:00,1
2026-04-26 16:00:00+00:00,0.001759,0.001771,0.001741,0.001762,1310397.0,2026-04-26 19:59:59.999000+00:00,1
2026-04-26 20:00:00+00:00,0.001762,0.001768,0.001745,0.001758,1389700.0,2026-04-26 23:59:59.999000+00:00,1
2026-04-27 00:00:00+00:00,0.001758,0.001856,0.001752,0.001827,5387057.0,2026-04-27 03:59:59.999000+00:00,1
2026-04-27 04:00:00+00:00,0.001827,0.001841,0.001758,0.001766,4902472.0,2026-04-27 07:59:59.999000+00:00,1
2026-04-27 08:00:00+00:00,0.001766,0.001775,0.001744,0.001761,2558872.0,2026-04-27 11:59:59.999000+00:00,1
2026-04-27 12:00:00+00:00,0.001762,0.001789,0.001716,0.001732,4105021.0,2026-04-27 15:59:59.999000+00:00,1
2026-04-27 16:00:00+00:00,0.001731,0.001761,0.001716,0.001731,1787137.0,2026-04-27 19:59:59.999000+00:00,1
2026-04-27 20:00:00+00:00,0.001731,0.001779,0.001731,0.001775,1507327.0,2026-04-27 23:59:59.999000+00:00,1
2026-04-28 00:00:00+00:00,0.001776,0.001779,0.001747,0.001771,1626100.0,2026-04-28 03:59:59.999000+00:00,1
2026-04-28 04:00:00+00:00,0.001771,0.001794,0.00175,0.001767,2331422.0,2026-04-28 07:59:59.999000+00:00,1
2026-04-28 08:00:00+00:00,0.001767,0.001786,0.001738,0.001747,2399233.0,2026-04-28 11:59:59.999000+00:00,1
2026-04-28 12:00:00+00:00,0.001748,0.001776,0.001738,0.001767,3411053.0,2026-04-28 15:59:59.999000+00:00,1
2026-04-28 16:00:00+00:00,0.001768,0.001799,0.001757,0.001798,1156131.0,2026-04-28 19:59:59.999000+00:00,1
2026-04-28 20:00:00+00:00,0.001798,0.00203,0.001789,0.001899,29885559.0,2026-04-28 23:59:59.999000+00:00,1
2026-04-29 00:00:00+00:00,0.0019,0.001942,0.001847,0.001887,11492586.0,2026-04-29 03:59:59.999000+00:00,1
2026-04-29 04:00:00+00:00,0.001887,0.001946,0.001866,0.001903,8294282.0,2026-04-29 07:59:59.999000+00:00,1
2026-04-29 08:00:00+00:00,0.001903,0.001906,0.00184,0.001851,6475913.0,2026-04-29 11:59:59.999000+00:00,1
2026-04-29 12:00:00+00:00,0.001851,0.001854,0.001742,0.001752,9313146.0,2026-04-29 15:59:59.999000+00:00,1
2026-04-29 16:00:00+00:00,0.001752,0.001778,0.001675,0.00172,6310897.0,2026-04-29 19:59:59.999000+00:00,1
2026-04-29 20:00:00+00:00,0.001721,0.001747,0.001709,0.001743,2604879.0,2026-04-29 23:59:59.999000+00:00,1
2026-04-30 00:00:00+00:00,0.001742,0.001807,0.001736,0.001758,5472427.0,2026-04-30 03:59:59.999000+00:00,1
2026-04-30 04:00:00+00:00,0.001758,0.001764,0.001734,0.001762,3476233.0,2026-04-30 07:59:59.999000+00:00,1
2026-04-30 08:00:00+00:00,0.001762,0.00177,0.001744,0.001753,2396350.0,2026-04-30 11:59:59.999000+00:00,1
2026-04-30 12:00:00+00:00,0.001753,0.001766,0.001737,0.001761,2053285.0,2026-04-30 15:59:59.999000+00:00,1
2026-04-30 16:00:00+00:00,0.001762,0.001771,0.001745,0.001764,1386217.0,2026-04-30 19:59:59.999000+00:00,1
2026-04-30 20:00:00+00:00,0.001764,0.001776,0.001749,0.001775,963974.0,2026-04-30 23:59:59.999000+00:00,1
2026-05-01 00:00:00+00:00,0.001776,0.001811,0.001772,0.001798,2221040.0,2026-05-01 03:59:59.999000+00:00,1
2026-05-01 04:00:00+00:00,0.001798,0.001815,0.001788,0.001799,1887462.0,2026-05-01 07:59:59.999000+00:00,1
2026-05-01 08:00:00+00:00,0.0018,0.001815,0.001792,0.001812,1675913.0,2026-05-01 11:59:59.999000+00:00,1
2026-05-01 12:00:00+00:00,0.001812,0.001856,0.001809,0.00185,3932254.0,2026-05-01 15:59:59.999000+00:00,1
2026-05-01 16:00:00+00:00,0.00185,0.001854,0.001822,0.001822,2625024.0,2026-05-01 19:59:59.999000+00:00,1
2026-05-01 20:00:00+00:00,0.001823,0.001825,0.0018,0.001814,1273974.0,2026-05-01 23:59:59.999000+00:00,1
2026-05-02 00:00:00+00:00,0.001814,0.001825,0.001806,0.001824,1233426.0,2026-05-02 03:59:59.999000+00:00,1
2026-05-02 04:00:00+00:00,0.001823,0.001827,0.001805,0.001812,940372.0,2026-05-02 07:59:59.999000+00:00,1
2026-05-02 08:00:00+00:00,0.001812,0.001818,0.001801,0.001807,754008.0,2026-05-02 11:59:59.999000+00:00,1
2026-05-02 12:00:00+00:00,0.001807,0.00182,0.001804,0.001819,968964.0,2026-05-02 15:59:59.999000+00:00,1
2026-05-02 16:00:00+00:00,0.001819,0.001843,0.001818,0.001836,1287713.0,2026-05-02 19:59:59.999000+00:00,1
2026-05-02 20:00:00+00:00,0.001836,0.001841,0.001813,0.001816,917166.0,2026-05-02 23:59:59.999000+00:00,1
2026-05-03 00:00:00+00:00,0.001816,0.001818,0.001777,0.001788,1681746.0,2026-05-03 03:59:59.999000+00:00,1
2026-05-03 04:00:00+00:00,0.001787,0.001801,0.001782,0.001797,1146276.0,2026-05-03 07:59:59.999000+00:00,1
2026-05-03 08:00:00+00:00,0.001798,0.001819,0.00179,0.001807,1163208.0,2026-05-03 11:59:59.999000+00:00,1
2026-05-03 12:00:00+00:00,0.001808,0.001815,0.001797,0.001802,1085317.0,2026-05-03 15:59:59.999000+00:00,1
2026-05-03 16:00:00+00:00,0.001802,0.001815,0.001794,0.001809,751756.0,2026-05-03 19:59:59.999000+00:00,1
2026-05-03 20:00:00+00:00,0.00181,0.001828,0.001797,0.001799,1534054.0,2026-05-03 23:59:59.999000+00:00,1
2026-05-04 00:00:00+00:00,0.001798,0.001864,0.001781,0.00186,3996024.0,2026-05-04 03:59:59.999000+00:00,1
2026-05-04 04:00:00+00:00,0.001861,0.001881,0.001834,0.001845,3195856.0,2026-05-04 07:59:59.999000+00:00,1
2026-05-04 08:00:00+00:00,0.001845,0.001863,0.001799,0.00182,3956841.0,2026-05-04 11:59:59.999000+00:00,1
2026-05-04 12:00:00+00:00,0.00182,0.001845,0.001797,0.001821,3763079.0,2026-05-04 15:59:59.999000+00:00,1
2026-05-04 16:00:00+00:00,0.001821,0.001844,0.00181,0.001827,1589525.0,2026-05-04 19:59:59.999000+00:00,1
2026-05-04 20:00:00+00:00,0.001827,0.001846,0.001813,0.001823,1352787.0,2026-05-04 23:59:59.999000+00:00,1
2026-05-05 00:00:00+00:00,0.001823,0.001846,0.001815,0.001838,1319584.0,2026-05-05 03:59:59.999000+00:00,1
2026-05-05 04:00:00+00:00,0.001837,0.001848,0.001831,0.001843,1048963.0,2026-05-05 07:59:59.999000+00:00,1
2026-05-05 08:00:00+00:00,0.001842,0.001852,0.00183,0.001842,1766886.0,2026-05-05 11:59:59.999000+00:00,1
2026-05-05 12:00:00+00:00,0.001842,0.001855,0.001818,0.001831,2998290.0,2026-05-05 15:59:59.999000+00:00,1
2026-05-05 16:00:00+00:00,0.001831,0.001839,0.001813,0.001837,1509350.0,2026-05-05 19:59:59.999000+00:00,1
2026-05-05 20:00:00+00:00,0.001837,0.001878,0.00183,0.001853,4451350.0,2026-05-05 23:59:59.999000+00:00,1
2026-05-06 00:00:00+00:00,0.001853,0.001895,0.001847,0.001888,2538340.0,2026-05-06 03:59:59.999000+00:00,1
2026-05-06 04:00:00+00:00,0.001889,0.001913,0.001866,0.001905,2987928.0,2026-05-06 07:59:59.999000+00:00,1
2026-05-06 08:00:00+00:00,0.001904,0.002005,0.001901,0.001986,5520206.0,2026-05-06 11:59:59.999000+00:00,1
2026-05-06 12:00:00+00:00,0.001986,0.002018,0.001929,0.001975,6802369.0,2026-05-06 15:59:59.999000+00:00,1
2026-05-06 16:00:00+00:00,0.001976,0.002004,0.001952,0.001973,3782611.0,2026-05-06 19:59:59.999000+00:00,1
2026-05-06 20:00:00+00:00,0.001973,0.002002,0.001921,0.001948,2566797.0,2026-05-06 23:59:59.999000+00:00,1
2026-05-07 00:00:00+00:00,0.001948,0.00195,0.001892,0.001896,2590352.0,2026-05-07 03:59:59.999000+00:00,1
2026-05-07 04:00:00+00:00,0.001897,0.002063,0.001893,0.002023,14153792.0,2026-05-07 07:59:59.999000+00:00,1
2026-05-07 08:00:00+00:00,0.002024,0.002062,0.00199,0.002016,5543762.0,2026-05-07 11:59:59.999000+00:00,1
2026-05-07 12:00:00+00:00,0.002016,0.00207,0.001951,0.001972,5752684.0,2026-05-07 15:59:59.999000+00:00,1
2026-05-07 16:00:00+00:00,0.001972,0.002013,0.001941,0.002006,3399381.0,2026-05-07 19:59:59.999000+00:00,1
2026-05-07 20:00:00+00:00,0.002006,0.002024,0.001949,0.002011,2849022.0,2026-05-07 23:59:59.999000+00:00,1
2026-05-08 00:00:00+00:00,0.002012,0.002033,0.001975,0.002028,2700616.0,2026-05-08 03:59:59.999000+00:00,1
2026-05-08 04:00:00+00:00,0.002027,0.002052,0.001996,0.002011,3166248.0,2026-05-08 07:59:59.999000+00:00,1
2026-05-08 08:00:00+00:00,0.002012,0.00206,0.001995,0.002044,2587754.0,2026-05-08 11:59:59.999000+00:00,1
2026-05-08 12:00:00+00:00,0.002043,0.002105,0.002009,0.002088,3411968.0,2026-05-08 15:59:59.999000+00:00,1
2026-05-08 16:00:00+00:00,0.002089,0.002174,0.002073,0.002154,5161564.0,2026-05-08 19:59:59.999000+00:00,1
2026-05-08 20:00:00+00:00,0.002155,0.002192,0.002131,0.002157,2637530.0,2026-05-08 23:59:59.999000+00:00,1
2026-05-09 00:00:00+00:00,0.002157,0.00225,0.002155,0.002214,2849460.0,2026-05-09 03:59:59.999000+00:00,1
2026-05-09 04:00:00+00:00,0.002214,0.002239,0.002158,0.002175,2105247.0,2026-05-09 07:59:59.999000+00:00,1
2026-05-09 08:00:00+00:00,0.002175,0.002186,0.002125,0.002159,2015406.0,2026-05-09 11:59:59.999000+00:00,1
2026-05-09 12:00:00+00:00,0.00216,0.002175,0.002109,0.002136,1894755.0,2026-05-09 15:59:59.999000+00:00,1
2026-05-09 16:00:00+00:00,0.002137,0.002181,0.002127,0.002171,1641491.0,2026-05-09 19:59:59.999000+00:00,1
2026-05-09 20:00:00+00:00,0.002172,0.002175,0.002136,0.002139,986717.0,2026-05-09 23:59:59.999000+00:00,1
2026-05-10 00:00:00+00:00,0.00214,0.002182,0.002122,0.002169,1629781.0,2026-05-10 03:59:59.999000+00:00,1
2026-05-10 04:00:00+00:00,0.002169,0.002175,0.002139,0.002158,1231878.0,2026-05-10 07:59:59.999000+00:00,1
2026-05-10 08:00:00+00:00,0.002158,0.0022,0.002154,0.002177,1979151.0,2026-05-10 11:59:59.999000+00:00,1
2026-05-10 12:00:00+00:00,0.002176,0.002238,0.002164,0.002202,3692456.0,2026-05-10 15:59:59.999000+00:00,1
2026-05-10 16:00:00+00:00,0.002201,0.00225,0.002193,0.002231,2254254.0,2026-05-10 19:59:59.999000+00:00,1
2026-05-10 20:00:00+00:00,0.002231,0.002243,0.002122,0.002191,4062376.0,2026-05-10 23:59:59.999000+00:00,1
2026-05-11 00:00:00+00:00,0.00219,0.0022,0.00209,0.00212,2769133.0,2026-05-11 03:59:59.999000+00:00,1
2026-05-11 04:00:00+00:00,0.002119,0.002141,0.002101,0.002111,1211092.0,2026-05-11 07:59:59.999000+00:00,1
2026-05-11 08:00:00+00:00,0.002111,0.002125,0.002087,0.002099,2090657.0,2026-05-11 11:59:59.999000+00:00,1
2026-05-11 12:00:00+00:00,0.002099,0.002108,0.002046,0.002093,3492000.0,2026-05-11 15:59:59.999000+00:00,1
2026-05-11 16:00:00+00:00,0.002094,0.002124,0.002088,0.002118,2374019.0,2026-05-11 19:59:59.999000+00:00,1
2026-05-11 20:00:00+00:00,0.002118,0.002126,0.002083,0.002097,1202074.0,2026-05-11 23:59:59.999000+00:00,1
2026-05-12 00:00:00+00:00,0.002096,0.002105,0.002013,0.002021,3153884.0,2026-05-12 03:59:59.999000+00:00,1
2026-05-12 04:00:00+00:00,0.00202,0.002044,0.002018,0.002036,1252881.0,2026-05-12 07:59:59.999000+00:00,1
2026-05-12 08:00:00+00:00,0.002037,0.002039,0.001985,0.002002,2120331.0,2026-05-12 11:59:59.999000+00:00,1
2026-05-12 12:00:00+00:00,0.002002,0.002013,0.001927,0.00194,3425939.0,2026-05-12 15:59:59.999000+00:00,1
2026-05-12 16:00:00+00:00,0.00194,0.00197,0.001933,0.001963,1304845.0,2026-05-12 19:59:59.999000+00:00,1
2026-05-12 20:00:00+00:00,0.001964,0.001983,0.001958,0.001966,1024592.0,2026-05-12 23:59:59.999000+00:00,1
2026-05-13 00:00:00+00:00,0.001966,0.002023,0.00196,0.002019,2024137.0,2026-05-13 03:59:59.999000+00:00,1
2026-05-13 04:00:00+00:00,0.002018,0.002026,0.001991,0.002,1486970.0,2026-05-13 07:59:59.999000+00:00,1
2026-05-13 08:00:00+00:00,0.002001,0.00202,0.001957,0.001966,1781094.0,2026-05-13 11:59:59.999000+00:00,1
2026-05-13 12:00:00+00:00,0.001965,0.001973,0.001856,0.001862,4987697.0,2026-05-13 15:59:59.999000+00:00,1
2026-05-13 16:00:00+00:00,0.001861,0.001898,0.001859,0.001876,2166323.0,2026-05-13 19:59:59.999000+00:00,1
2026-05-13 20:00:00+00:00,0.001876,0.001885,0.001848,0.001863,1332485.0,2026-05-13 23:59:59.999000+00:00,1
2026-05-14 00:00:00+00:00,0.001863,0.001873,0.001827,0.001832,1528421.0,2026-05-14 03:59:59.999000+00:00,1
2026-05-14 04:00:00+00:00,0.001832,0.00186,0.001829,0.001847,1675550.0,2026-05-14 07:59:59.999000+00:00,1
2026-05-14 08:00:00+00:00,0.001847,0.001873,0.001836,0.001855,1680729.0,2026-05-14 11:59:59.999000+00:00,1
2026-05-14 12:00:00+00:00,0.001854,0.001927,0.001853,0.00192,3930346.0,2026-05-14 15:59:59.999000+00:00,1
2026-05-14 16:00:00+00:00,0.00192,0.00195,0.001902,0.001927,2024954.0,2026-05-14 19:59:59.999000+00:00,1
2026-05-14 20:00:00+00:00,0.001927,0.00193,0.001873,0.001885,1641300.0,2026-05-14 23:59:59.999000+00:00,1
2026-05-15 00:00:00+00:00,0.001886,0.001909,0.001874,0.001897,1732205.0,2026-05-15 03:59:59.999000+00:00,1
2026-05-15 04:00:00+00:00,0.001898,0.0019,0.001835,0.001872,2050708.0,2026-05-15 07:59:59.999000+00:00,1
2026-05-15 08:00:00+00:00,0.001872,0.001873,0.001847,0.001862,1199639.0,2026-05-15 11:59:59.999000+00:00,1
2026-05-15 12:00:00+00:00,0.001862,0.001862,0.00177,0.001799,4008398.0,2026-05-15 15:59:59.999000+00:00,1
2026-05-15 16:00:00+00:00,0.001799,0.001826,0.001795,0.001805,1117277.0,2026-05-15 19:59:59.999000+00:00,1
2026-05-15 20:00:00+00:00,0.001805,0.001809,0.001784,0.001793,913472.0,2026-05-15 23:59:59.999000+00:00,1
2026-05-16 00:00:00+00:00,0.001794,0.001804,0.001787,0.001797,965141.0,2026-05-16 03:59:59.999000+00:00,1
2026-05-16 04:00:00+00:00,0.001796,0.001797,0.001707,0.001737,3360240.0,2026-05-16 07:59:59.999000+00:00,1
2026-05-16 08:00:00+00:00,0.001737,0.001746,0.001708,0.001739,2163543.0,2026-05-16 11:59:59.999000+00:00,1
2026-05-16 12:00:00+00:00,0.001739,0.001757,0.001734,0.001749,784512.0,2026-05-16 15:59:59.999000+00:00,1
2026-05-16 16:00:00+00:00,0.001749,0.001761,0.001746,0.001747,778294.0,2026-05-16 19:59:59.999000+00:00,1
2026-05-16 20:00:00+00:00,0.001747,0.001752,0.001736,0.001737,612664.0,2026-05-16 23:59:59.999000+00:00,1
2026-05-17 00:00:00+00:00,0.001737,0.001747,0.001719,0.001738,1194596.0,2026-05-17 03:59:59.999000+00:00,1
2026-05-17 04:00:00+00:00,0.001739,0.001757,0.001735,0.001743,1101561.0,2026-05-17 07:59:59.999000+00:00,1
2026-05-17 08:00:00+00:00,0.001743,0.001763,0.001736,0.001756,1072310.0,2026-05-17 11:59:59.999000+00:00,1
2026-05-17 12:00:00+00:00,0.001755,0.001758,0.001732,0.001748,1160085.0,2026-05-17 15:59:59.999000+00:00,1
2026-05-17 16:00:00+00:00,0.001748,0.001769,0.001735,0.001765,979937.0,2026-05-17 19:59:59.999000+00:00,1
2026-05-17 20:00:00+00:00,0.001765,0.001772,0.001646,0.001706,5655579.0,2026-05-17 23:59:59.999000+00:00,1
2026-05-18 00:00:00+00:00,0.001706,0.001715,0.001685,0.001698,2116223.0,2026-05-18 03:59:59.999000+00:00,1
2026-05-18 04:00:00+00:00,0.001699,0.001713,0.001679,0.001692,1667253.0,2026-05-18 07:59:59.999000+00:00,1
2026-05-18 08:00:00+00:00,0.001692,0.001709,0.001678,0.001702,1155014.0,2026-05-18 11:59:59.999000+00:00,1
2026-05-18 12:00:00+00:00,0.001702,0.001725,0.001656,0.001678,3632297.0,2026-05-18 15:59:59.999000+00:00,1
2026-05-18 16:00:00+00:00,0.001679,0.001703,0.001657,0.001699,1718054.0,2026-05-18 19:59:59.999000+00:00,1
2026-05-18 20:00:00+00:00,0.001699,0.001724,0.001689,0.001711,1594615.0,2026-05-18 23:59:59.999000+00:00,1
2026-05-19 00:00:00+00:00,0.001712,0.001732,0.001698,0.001704,1750712.0,2026-05-19 03:59:59.999000+00:00,1
2026-05-19 04:00:00+00:00,0.001705,0.001719,0.001699,0.001714,1123777.0,2026-05-19 07:59:59.999000+00:00,1
2026-05-19 08:00:00+00:00,0.001715,0.001715,0.001687,0.00169,1292084.0,2026-05-19 11:59:59.999000+00:00,1
2026-05-19 12:00:00+00:00,0.001689,0.001711,0.001662,0.001675,2041632.0,2026-05-19 15:59:59.999000+00:00,1
2026-05-19 16:00:00+00:00,0.001676,0.001702,0.001672,0.001684,822858.0,2026-05-19 19:59:59.999000+00:00,1
2026-05-19 20:00:00+00:00,0.001685,0.001693,0.001669,0.001675,616129.0,2026-05-19 23:59:59.999000+00:00,1
2026-05-20 00:00:00+00:00,0.001676,0.001685,0.001662,0.001674,1071360.0,2026-05-20 03:59:59.999000+00:00,1
2026-05-20 04:00:00+00:00,0.001673,0.001704,0.001673,0.001698,1201285.0,2026-05-20 07:59:59.999000+00:00,1
2026-05-20 08:00:00+00:00,0.001698,0.001724,0.001695,0.001714,1312675.0,2026-05-20 11:59:59.999000+00:00,1
2026-05-20 12:00:00+00:00,0.001715,0.001778,0.001704,0.001775,3994099.0,2026-05-20 15:59:59.999000+00:00,1
2026-05-20 16:00:00+00:00,0.001776,0.001814,0.001745,0.00175,3551802.0,2026-05-20 19:59:59.999000+00:00,1
2026-05-20 20:00:00+00:00,0.001751,0.001751,0.001716,0.001742,2005345.0,2026-05-20 23:59:59.999000+00:00,1
2026-05-21 00:00:00+00:00,0.001743,0.001798,0.001736,0.001793,2201827.0,2026-05-21 03:59:59.999000+00:00,1
2026-05-21 04:00:00+00:00,0.001793,0.001801,0.001759,0.001778,1612504.0,2026-05-21 07:59:59.999000+00:00,1
2026-05-21 08:00:00+00:00,0.001778,0.001794,0.001728,0.001733,2400006.0,2026-05-21 11:59:59.999000+00:00,1
2026-05-21 12:00:00+00:00,0.001732,0.001812,0.001728,0.001804,3585084.0,2026-05-21 15:59:59.999000+00:00,1
2026-05-21 16:00:00+00:00,0.001804,0.001836,0.00177,0.00183,3221006.0,2026-05-21 19:59:59.999000+00:00,1
2026-05-21 20:00:00+00:00,0.001831,0.001835,0.001806,0.001814,1229143.0,2026-05-21 23:59:59.999000+00:00,1
2026-05-22 00:00:00+00:00,0.001814,0.001825,0.001797,0.001817,744682.0,2026-05-22 03:59:59.999000+00:00,1
2026-05-22 04:00:00+00:00,0.001818,0.001834,0.001801,0.00182,911584.0,2026-05-22 07:59:59.999000+00:00,1
2026-05-22 08:00:00+00:00,0.001821,0.001852,0.001795,0.001825,2906873.0,2026-05-22 11:59:59.999000+00:00,1
2026-05-22 12:00:00+00:00,0.001826,0.00186,0.001797,0.001807,3106051.0,2026-05-22 15:59:59.999000+00:00,1
2026-05-22 16:00:00+00:00,0.001807,0.00182,0.001715,0.001736,5061630.0,2026-05-22 19:59:59.999000+00:00,1
2026-05-22 20:00:00+00:00,0.001736,0.001751,0.001692,0.001704,2801159.0,2026-05-22 23:59:59.999000+00:00,1
2026-05-23 00:00:00+00:00,0.001704,0.001723,0.001694,0.001716,1389553.0,2026-05-23 03:59:59.999000+00:00,1
2026-05-23 04:00:00+00:00,0.001717,0.001717,0.001605,0.001642,4775717.0,2026-05-23 07:59:59.999000+00:00,1
2026-05-23 08:00:00+00:00,0.001642,0.001655,0.001626,0.001642,2534603.0,2026-05-23 11:59:59.999000+00:00,1
2026-05-23 12:00:00+00:00,0.001642,0.00171,0.001637,0.001706,1968709.0,2026-05-23 15:59:59.999000+00:00,1
2026-05-23 16:00:00+00:00,0.001705,0.001764,0.001705,0.001759,2105193.0,2026-05-23 19:59:59.999000+00:00,1
2026-05-23 20:00:00+00:00,0.00176,0.001846,0.001751,0.001777,3585463.0,2026-05-23 23:59:59.999000+00:00,1
2026-05-24 00:00:00+00:00,0.001777,0.001784,0.001755,0.00176,1553551.0,2026-05-24 03:59:59.999000+00:00,1
2026-05-24 04:00:00+00:00,0.001761,0.001774,0.001742,0.001761,1619180.0,2026-05-24 07:59:59.999000+00:00,1
2026-05-24 08:00:00+00:00,0.001762,0.001785,0.001758,0.001775,1844457.0,2026-05-24 11:59:59.999000+00:00,1
2026-05-24 12:00:00+00:00,0.001775,0.001775,0.001712,0.001741,2238434.0,2026-05-24 15:59:59.999000+00:00,1
2026-05-24 16:00:00+00:00,0.001741,0.001754,0.001736,0.001739,873817.0,2026-05-24 19:59:59.999000+00:00,1
2026-05-24 20:00:00+00:00,0.001739,0.001742,0.001692,0.001735,1966855.0,2026-05-24 23:59:59.999000+00:00,1
2026-05-25 00:00:00+00:00,0.001736,0.001744,0.001724,0.00173,1081435.0,2026-05-25 03:59:59.999000+00:00,1
2026-05-25 04:00:00+00:00,0.00173,0.001772,0.00173,0.00177,1720054.0,2026-05-25 07:59:59.999000+00:00,1
2026-05-25 08:00:00+00:00,0.00177,0.001793,0.001766,0.001772,1668393.0,2026-05-25 11:59:59.999000+00:00,1
2026-05-25 12:00:00+00:00,0.001772,0.001821,0.001765,0.001806,2597951.0,2026-05-25 15:59:59.999000+00:00,1
2026-05-25 16:00:00+00:00,0.001806,0.001863,0.001795,0.00181,4386168.0,2026-05-25 19:59:59.999000+00:00,1
2026-05-25 20:00:00+00:00,0.001809,0.001822,0.001778,0.001787,1871110.0,2026-05-25 23:59:59.999000+00:00,1
2026-05-26 00:00:00+00:00,0.001788,0.001788,0.001732,0.001753,2973948.0,2026-05-26 03:59:59.999000+00:00,1
2026-05-26 04:00:00+00:00,0.001754,0.001807,0.001748,0.001775,3150153.0,2026-05-26 07:59:59.999000+00:00,1
2026-05-26 08:00:00+00:00,0.001776,0.001819,0.00177,0.001799,3054250.0,2026-05-26 11:59:59.999000+00:00,1
2026-05-26 12:00:00+00:00,0.0018,0.001865,0.001781,0.001851,8805836.0,2026-05-26 15:59:59.999000+00:00,1
2026-05-26 16:00:00+00:00,0.001851,0.001852,0.001767,0.001817,4254811.0,2026-05-26 19:59:59.999000+00:00,1
2026-05-26 20:00:00+00:00,0.001818,0.001831,0.001785,0.001797,1457369.0,2026-05-26 23:59:59.999000+00:00,1
2026-05-27 00:00:00+00:00,0.001798,0.001828,0.001779,0.001783,1936907.0,2026-05-27 03:59:59.999000+00:00,1
2026-05-27 04:00:00+00:00,0.001783,0.001824,0.00175,0.00182,2474396.0,2026-05-27 07:59:59.999000+00:00,1
2026-05-27 08:00:00+00:00,0.001819,0.001826,0.001794,0.0018,1541439.0,2026-05-27 11:59:59.999000+00:00,1
2026-05-27 12:00:00+00:00,0.0018,0.00186,0.001781,0.00185,5032384.0,2026-05-27 15:59:59.999000+00:00,1
2026-05-27 16:00:00+00:00,0.001851,0.00186,0.001791,0.001838,2580486.0,2026-05-27 19:59:59.999000+00:00,1
2026-05-27 20:00:00+00:00,0.001837,0.001842,0.001761,0.001791,2342358.0,2026-05-27 23:59:59.999000+00:00,1
2026-05-28 00:00:00+00:00,0.00179,0.001806,0.001708,0.001715,4240426.0,2026-05-28 03:59:59.999000+00:00,1
2026-05-28 04:00:00+00:00,0.001714,0.001717,0.001663,0.00169,5466982.0,2026-05-28 07:59:59.999000+00:00,1
2026-05-28 08:00:00+00:00,0.001691,0.001693,0.001633,0.001638,4027257.0,2026-05-28 11:59:59.999000+00:00,1
2026-05-28 12:00:00+00:00,0.001638,0.001661,0.001613,0.001649,5186520.0,2026-05-28 15:59:59.999000+00:00,1
2026-05-28 16:00:00+00:00,0.001649,0.001728,0.001638,0.00171,3553205.0,2026-05-28 19:59:59.999000+00:00,1
2026-05-28 20:00:00+00:00,0.00171,0.001722,0.001681,0.001703,1814716.0,2026-05-28 23:59:59.999000+00:00,1
2026-05-29 00:00:00+00:00,0.001703,0.001715,0.001681,0.001685,1919478.0,2026-05-29 03:59:59.999000+00:00,1
2026-05-29 04:00:00+00:00,0.001685,0.001725,0.001669,0.0017,3069856.0,2026-05-29 07:59:59.999000+00:00,1
2026-05-29 08:00:00+00:00,0.001701,0.001723,0.001672,0.001685,2035608.0,2026-05-29 11:59:59.999000+00:00,1
2026-05-29 12:00:00+00:00,0.001685,0.001744,0.001644,0.001729,5331141.0,2026-05-29 15:59:59.999000+00:00,1
2026-05-29 16:00:00+00:00,0.00173,0.001805,0.001711,0.001734,6168950.0,2026-05-29 19:59:59.999000+00:00,1
2026-05-29 20:00:00+00:00,0.001733,0.001751,0.001702,0.001724,1527140.0,2026-05-29 23:59:59.999000+00:00,1
2026-05-30 00:00:00+00:00,0.001725,0.001762,0.001716,0.001739,1773790.0,2026-05-30 03:59:59.999000+00:00,1
2026-05-30 04:00:00+00:00,0.00174,0.001758,0.001707,0.001753,2635245.0,2026-05-30 07:59:59.999000+00:00,1
2026-05-30 08:00:00+00:00,0.001753,0.001772,0.001743,0.001764,1615175.0,2026-05-30 11:59:59.999000+00:00,1
2026-05-30 12:00:00+00:00,0.001765,0.001798,0.001759,0.001775,2154262.0,2026-05-30 15:59:59.999000+00:00,1
2026-05-30 16:00:00+00:00,0.001776,0.001801,0.001774,0.001794,1231439.0,2026-05-30 19:59:59.999000+00:00,1
2026-05-30 20:00:00+00:00,0.001794,0.0018,0.001769,0.001781,972163.0,2026-05-30 23:59:59.999000+00:00,1
2026-05-31 00:00:00+00:00,0.001781,0.00182,0.001778,0.00181,1798166.0,2026-05-31 03:59:59.999000+00:00,1
2026-05-31 04:00:00+00:00,0.001809,0.001817,0.001774,0.001781,1454102.0,2026-05-31 07:59:59.999000+00:00,1
2026-05-31 08:00:00+00:00,0.001781,0.001791,0.001763,0.001782,1467974.0,2026-05-31 11:59:59.999000+00:00,1
2026-05-31 12:00:00+00:00,0.001782,0.001799,0.001752,0.001757,2361649.0,2026-05-31 15:59:59.999000+00:00,1
2026-05-31 16:00:00+00:00,0.001757,0.001763,0.001734,0.00175,1279315.0,2026-05-31 19:59:59.999000+00:00,1
2026-05-31 20:00:00+00:00,0.001751,0.001811,0.00175,0.001798,1956058.0,2026-05-31 23:59:59.999000+00:00,1
2026-06-01 00:00:00+00:00,0.001798,0.001821,0.001763,0.001805,2842178.0,2026-06-01 03:59:59.999000+00:00,1
2026-06-01 04:00:00+00:00,0.001806,0.001813,0.001735,0.001739,3065807.0,2026-06-01 07:59:59.999000+00:00,1
2026-06-01 08:00:00+00:00,0.00174,0.001767,0.001731,0.001756,2553042.0,2026-06-01 11:59:59.999000+00:00,1
2026-06-01 12:00:00+00:00,0.001756,0.00177,0.001699,0.001719,7543348.0,2026-06-01 15:59:59.999000+00:00,1
2026-06-01 16:00:00+00:00,0.001718,0.001878,0.001702,0.001859,9128669.0,2026-06-01 19:59:59.999000+00:00,1
2026-06-01 20:00:00+00:00,0.001859,0.00186,0.001804,0.001832,4532282.0,2026-06-01 23:59:59.999000+00:00,1
2026-06-02 00:00:00+00:00,0.001832,0.001846,0.001775,0.001841,4139854.0,2026-06-02 03:59:59.999000+00:00,1
2026-06-02 04:00:00+00:00,0.001841,0.001856,0.001781,0.001811,4104684.0,2026-06-02 07:59:59.999000+00:00,1
2026-06-02 08:00:00+00:00,0.00181,0.001829,0.00179,0.001808,2750631.0,2026-06-02 11:59:59.999000+00:00,1
2026-06-02 12:00:00+00:00,0.001808,0.00185,0.001665,0.001699,7997575.0,2026-06-02 15:59:59.999000+00:00,1
2026-06-02 16:00:00+00:00,0.001699,0.001744,0.001622,0.001669,5961101.0,2026-06-02 19:59:59.999000+00:00,1
2026-06-02 20:00:00+00:00,0.00167,0.001714,0.001598,0.001635,4872224.0,2026-06-02 23:59:59.999000+00:00,1
2026-06-03 00:00:00+00:00,0.001636,0.001675,0.001626,0.001646,4189038.0,2026-06-03 03:59:59.999000+00:00,1
2026-06-03 04:00:00+00:00,0.001645,0.001757,0.001645,0.001752,5674459.0,2026-06-03 07:59:59.999000+00:00,1
2026-06-03 08:00:00+00:00,0.001752,0.001791,0.001727,0.001755,4122302.0,2026-06-03 11:59:59.999000+00:00,1
2026-06-03 12:00:00+00:00,0.001756,0.001826,0.00174,0.001768,6177183.0,2026-06-03 15:59:59.999000+00:00,1
2026-06-03 16:00:00+00:00,0.001768,0.001805,0.001717,0.00177,5317390.0,2026-06-03 19:59:59.999000+00:00,1
2026-06-03 20:00:00+00:00,0.001769,0.001825,0.001726,0.001762,4435554.0,2026-06-03 23:59:59.999000+00:00,1
2026-06-04 00:00:00+00:00,0.001763,0.001792,0.001602,0.001776,9707263.0,2026-06-04 03:59:59.999000+00:00,1
2026-06-04 04:00:00+00:00,0.001776,0.001799,0.001681,0.001683,7445901.0,2026-06-04 07:59:59.999000+00:00,1
2026-06-04 08:00:00+00:00,0.001684,0.001706,0.001614,0.001659,7117422.0,2026-06-04 11:59:59.999000+00:00,1
2026-06-04 12:00:00+00:00,0.001659,0.001751,0.001618,0.001741,7420519.0,2026-06-04 15:59:59.999000+00:00,1
2026-06-04 16:00:00+00:00,0.001742,0.001767,0.001678,0.001709,5660440.0,2026-06-04 19:59:59.999000+00:00,1
2026-06-04 20:00:00+00:00,0.001709,0.001712,0.001588,0.00165,6090979.0,2026-06-04 23:59:59.999000+00:00,1
2026-06-05 00:00:00+00:00,0.00165,0.001671,0.001577,0.001587,5271024.0,2026-06-05 03:59:59.999000+00:00,1
2026-06-05 04:00:00+00:00,0.001587,0.001621,0.001445,0.001568,13558597.0,2026-06-05 07:59:59.999000+00:00,1
2026-06-05 08:00:00+00:00,0.001569,0.001569,0.0015,0.001514,5537250.0,2026-06-05 11:59:59.999000+00:00,1
2026-06-05 12:00:00+00:00,0.001514,0.001547,0.001391,0.001409,13742122.0,2026-06-05 15:59:59.999000+00:00,1
2026-06-05 16:00:00+00:00,0.001408,0.001485,0.001332,0.00141,14189416.0,2026-06-05 19:59:59.999000+00:00,1
2026-06-05 20:00:00+00:00,0.00141,0.001475,0.001388,0.001418,5300718.0,2026-06-05 23:59:59.999000+00:00,1
2026-06-06 00:00:00+00:00,0.001419,0.001443,0.001369,0.001371,4340592.0,2026-06-06 03:59:59.999000+00:00,1
2026-06-06 04:00:00+00:00,0.00137,0.001425,0.001305,0.001404,9302906.0,2026-06-06 07:59:59.999000+00:00,1
2026-06-06 08:00:00+00:00,0.001404,0.001438,0.001383,0.001421,4235551.0,2026-06-06 11:59:59.999000+00:00,1
2026-06-06 12:00:00+00:00,0.001422,0.001436,0.001397,0.001412,3242135.0,2026-06-06 15:59:59.999000+00:00,1
2026-06-06 16:00:00+00:00,0.001411,0.001418,0.001379,0.001392,3288675.0,2026-06-06 19:59:59.999000+00:00,1
2026-06-06 20:00:00+00:00,0.001392,0.001431,0.001382,0.001425,2621685.0,2026-06-06 23:59:59.999000+00:00,1
2026-06-07 00:00:00+00:00,0.001425,0.001482,0.001418,0.001474,4369889.0,2026-06-07 03:59:59.999000+00:00,1
2026-06-07 04:00:00+00:00,0.001474,0.001515,0.001465,0.001505,4998734.0,2026-06-07 07:59:59.999000+00:00,1
2026-06-07 08:00:00+00:00,0.001505,0.001532,0.001484,0.001499,5127079.0,2026-06-07 11:59:59.999000+00:00,1
2026-06-07 12:00:00+00:00,0.0015,0.001522,0.001466,0.00151,4752302.0,2026-06-07 15:59:59.999000+00:00,1
2026-06-07 16:00:00+00:00,0.001511,0.001517,0.001452,0.001463,2721743.0,2026-06-07 19:59:59.999000+00:00,1
2026-06-07 20:00:00+00:00,0.001463,0.001569,0.001451,0.001526,5742873.0,2026-06-07 23:59:59.999000+00:00,1
2026-06-08 00:00:00+00:00,0.001525,0.001559,0.001501,0.001548,3777946.0,2026-06-08 03:59:59.999000+00:00,1
2026-06-08 04:00:00+00:00,0.001547,0.001603,0.001508,0.001588,3592601.0,2026-06-08 07:59:59.999000+00:00,1
2026-06-08 08:00:00+00:00,0.001587,0.001599,0.001549,0.001595,3110990.0,2026-06-08 11:59:59.999000+00:00,1
2026-06-08 12:00:00+00:00,0.001595,0.001651,0.001574,0.001614,5044858.0,2026-06-08 15:59:59.999000+00:00,1
2026-06-08 16:00:00+00:00,0.001613,0.001667,0.001603,0.001645,2526864.0,2026-06-08 19:59:59.999000+00:00,1
2026-06-08 20:00:00+00:00,0.001646,0.001654,0.001613,0.001624,1779848.0,2026-06-08 23:59:59.999000+00:00,1
2026-06-09 00:00:00+00:00,0.001625,0.001628,0.001545,0.001552,6214913.0,2026-06-09 03:59:59.999000+00:00,1
2026-06-09 04:00:00+00:00,0.001552,0.001602,0.001547,0.00157,3259023.0,2026-06-09 07:59:59.999000+00:00,1
2026-06-09 08:00:00+00:00,0.001571,0.001586,0.001547,0.001564,2569396.0,2026-06-09 11:59:59.999000+00:00,1
2026-06-09 12:00:00+00:00,0.001563,0.001577,0.001508,0.001513,4789869.0,2026-06-09 15:59:59.999000+00:00,1
2026-06-09 16:00:00+00:00,0.001512,0.001541,0.001484,0.001528,3617722.0,2026-06-09 19:59:59.999000+00:00,1
2026-06-09 20:00:00+00:00,0.001529,0.001547,0.001512,0.001517,1255288.0,2026-06-09 23:59:59.999000+00:00,1
2026-06-10 00:00:00+00:00,0.001518,0.001528,0.001478,0.001484,1908606.0,2026-06-10 03:59:59.999000+00:00,1
2026-06-10 04:00:00+00:00,0.001484,0.001488,0.001441,0.001467,3028860.0,2026-06-10 07:59:59.999000+00:00,1
2026-06-10 08:00:00+00:00,0.001467,0.00147,0.001436,0.001444,2596002.0,2026-06-10 11:59:59.999000+00:00,1
2026-06-10 12:00:00+00:00,0.001444,0.001499,0.001438,0.00146,4788349.0,2026-06-10 15:59:59.999000+00:00,1
2026-06-10 16:00:00+00:00,0.001461,0.001465,0.001385,0.001387,4183162.0,2026-06-10 19:59:59.999000+00:00,1
2026-06-10 20:00:00+00:00,0.001387,0.001396,0.001349,0.00137,3780819.0,2026-06-10 23:59:59.999000+00:00,1
2026-06-11 00:00:00+00:00,0.00137,0.001441,0.001367,0.001431,3705242.0,2026-06-11 03:59:59.999000+00:00,1
2026-06-11 04:00:00+00:00,0.00143,0.001436,0.0014,0.001408,2155890.0,2026-06-11 07:59:59.999000+00:00,1
2026-06-11 08:00:00+00:00,0.001409,0.001465,0.001407,0.001449,3171663.0,2026-06-11 11:59:59.999000+00:00,1
2026-06-11 12:00:00+00:00,0.001449,0.00145,0.001406,0.001442,4510849.0,2026-06-11 15:59:59.999000+00:00,1
2026-06-11 16:00:00+00:00,0.001442,0.001487,0.001416,0.001464,4219433.0,2026-06-11 19:59:59.999000+00:00,1
2026-06-11 20:00:00+00:00,0.001465,0.001476,0.001444,0.001453,2167320.0,2026-06-11 23:59:59.999000+00:00,1
2026-06-12 00:00:00+00:00,0.001454,0.001476,0.001434,0.001468,1992404.0,2026-06-12 03:59:59.999000+00:00,1
2026-06-12 04:00:00+00:00,0.001468,0.001478,0.001434,0.001461,3970409.0,2026-06-12 07:59:59.999000+00:00,1
2026-06-12 08:00:00+00:00,0.001461,0.001498,0.001461,0.001483,2734388.0,2026-06-12 11:59:59.999000+00:00,1
2026-06-12 12:00:00+00:00,0.001484,0.001527,0.001446,0.001492,5529457.0,2026-06-12 15:59:59.999000+00:00,1
2026-06-12 16:00:00+00:00,0.001492,0.00156,0.001482,0.001527,5459719.0,2026-06-12 19:59:59.999000+00:00,1
2026-06-12 20:00:00+00:00,0.001527,0.001537,0.001482,0.001509,2151218.0,2026-06-12 23:59:59.999000+00:00,1
2026-06-13 00:00:00+00:00,0.00151,0.001537,0.001502,0.00153,2157187.0,2026-06-13 03:59:59.999000+00:00,1
2026-06-13 04:00:00+00:00,0.00153,0.001554,0.001514,0.001539,2057216.0,2026-06-13 07:59:59.999000+00:00,1
2026-06-13 08:00:00+00:00,0.00154,0.001558,0.001528,0.001552,1550509.0,2026-06-13 11:59:59.999000+00:00,1
2026-06-13 12:00:00+00:00,0.001553,0.001568,0.001527,0.001558,2268386.0,2026-06-13 15:59:59.999000+00:00,1
2026-06-13 16:00:00+00:00,0.001559,0.00156,0.001528,0.001533,1994629.0,2026-06-13 19:59:59.999000+00:00,1
2026-06-13 20:00:00+00:00,0.001533,0.001554,0.001526,0.001537,858635.0,2026-06-13 23:59:59.999000+00:00,1
2026-06-14 00:00:00+00:00,0.001537,0.001547,0.001521,0.001527,1965585.0,2026-06-14 03:59:59.999000+00:00,1
2026-06-14 04:00:00+00:00,0.001527,0.001528,0.001496,0.001513,3136679.0,2026-06-14 07:59:59.999000+00:00,1
2026-06-14 08:00:00+00:00,0.001513,0.001553,0.001505,0.001526,2454594.0,2026-06-14 11:59:59.999000+00:00,1
2026-06-14 12:00:00+00:00,0.001527,0.001574,0.0015,0.00151,4145080.0,2026-06-14 15:59:59.999000+00:00,1
2026-06-14 16:00:00+00:00,0.001509,0.001536,0.001496,0.001508,1752870.0,2026-06-14 19:59:59.999000+00:00,1
2026-06-14 20:00:00+00:00,0.001508,0.001603,0.001507,0.001575,3965080.0,2026-06-14 23:59:59.999000+00:00,1
2026-06-15 00:00:00+00:00,0.001574,0.0016,0.001559,0.001592,1762366.0,2026-06-15 03:59:59.999000+00:00,1
2026-06-15 04:00:00+00:00,0.001593,0.00161,0.001579,0.001591,2038450.0,2026-06-15 07:59:59.999000+00:00,1
2026-06-15 08:00:00+00:00,0.001591,0.001626,0.00158,0.001612,2518852.0,2026-06-15 11:59:59.999000+00:00,1
2026-06-15 12:00:00+00:00,0.001613,0.001645,0.001592,0.001608,4439776.0,2026-06-15 15:59:59.999000+00:00,1
2026-06-15 16:00:00+00:00,0.001608,0.001632,0.001574,0.001583,2590467.0,2026-06-15 19:59:59.999000+00:00,1
2026-06-15 20:00:00+00:00,0.001583,0.001595,0.001535,0.001555,2514123.0,2026-06-15 23:59:59.999000+00:00,1
2026-06-16 00:00:00+00:00,0.001556,0.00157,0.00152,0.001552,2203830.0,2026-06-16 03:59:59.999000+00:00,1
2026-06-16 04:00:00+00:00,0.001553,0.001596,0.00153,0.001587,2917025.0,2026-06-16 07:59:59.999000+00:00,1
2026-06-16 08:00:00+00:00,0.001587,0.001614,0.001563,0.001575,2785581.0,2026-06-16 11:59:59.999000+00:00,1
2026-06-16 12:00:00+00:00,0.001576,0.001588,0.0015,0.001525,3524906.0,2026-06-16 15:59:59.999000+00:00,1
2026-06-16 16:00:00+00:00,0.001525,0.001541,0.001497,0.001507,2377457.0,2026-06-16 19:59:59.999000+00:00,1
2026-06-16 20:00:00+00:00,0.001507,0.001533,0.001501,0.001509,1301634.0,2026-06-16 23:59:59.999000+00:00,1
2026-06-17 00:00:00+00:00,0.001509,0.00154,0.001499,0.00152,1940446.0,2026-06-17 03:59:59.999000+00:00,1
2026-06-17 04:00:00+00:00,0.001521,0.001527,0.001496,0.001508,1782485.0,2026-06-17 07:59:59.999000+00:00,1
2026-06-17 08:00:00+00:00,0.001509,0.00151,0.001455,0.001462,3283091.0,2026-06-17 11:59:59.999000+00:00,1
2026-06-17 12:00:00+00:00,0.001463,0.00153,0.001456,0.001529,3738233.0,2026-06-17 15:59:59.999000+00:00,1
2026-06-17 16:00:00+00:00,0.001529,0.001555,0.001463,0.00147,7982103.0,2026-06-17 19:59:59.999000+00:00,1
2026-06-17 20:00:00+00:00,0.001469,0.001478,0.001432,0.001474,2471447.0,2026-06-17 23:59:59.999000+00:00,1
2026-06-18 00:00:00+00:00,0.001475,0.001506,0.001472,0.001475,1629583.0,2026-06-18 03:59:59.999000+00:00,1
2026-06-18 04:00:00+00:00,0.001474,0.001487,0.001441,0.001481,2076142.0,2026-06-18 07:59:59.999000+00:00,1
2026-06-18 08:00:00+00:00,0.00148,0.001519,0.00147,0.001478,3732681.0,2026-06-18 11:59:59.999000+00:00,1
2026-06-18 12:00:00+00:00,0.001478,0.001498,0.001402,0.001411,4613679.0,2026-06-18 15:59:59.999000+00:00,1
2026-06-18 16:00:00+00:00,0.00141,0.001441,0.001396,0.001433,2782304.0,2026-06-18 19:59:59.999000+00:00,1
2026-06-18 20:00:00+00:00,0.001433,0.001459,0.001429,0.001454,1625389.0,2026-06-18 23:59:59.999000+00:00,1
2026-06-19 00:00:00+00:00,0.001454,0.001457,0.001403,0.001415,2028086.0,2026-06-19 03:59:59.999000+00:00,1
2026-06-19 04:00:00+00:00,0.001415,0.001422,0.001375,0.001385,2256569.0,2026-06-19 07:59:59.999000+00:00,1
2026-06-19 08:00:00+00:00,0.001385,0.001398,0.001359,0.001369,2175161.0,2026-06-19 11:59:59.999000+00:00,1
2026-06-19 12:00:00+00:00,0.001369,0.001402,0.001341,0.001388,3658674.0,2026-06-19 15:59:59.999000+00:00,1
2026-06-19 16:00:00+00:00,0.001389,0.0014,0.001357,0.001363,2071417.0,2026-06-19 19:59:59.999000+00:00,1
2026-06-19 20:00:00+00:00,0.001363,0.001383,0.001357,0.001379,1275827.0,2026-06-19 23:59:59.999000+00:00,1
2026-06-20 00:00:00+00:00,0.001378,0.001385,0.001351,0.001357,1590322.0,2026-06-20 03:59:59.999000+00:00,1
2026-06-20 04:00:00+00:00,0.001357,0.001393,0.001355,0.001373,1420762.0,2026-06-20 07:59:59.999000+00:00,1
2026-06-20 08:00:00+00:00,0.001372,0.001386,0.001364,0.001373,1145574.0,2026-06-20 11:59:59.999000+00:00,1
2026-06-20 12:00:00+00:00,0.001373,0.001387,0.001336,0.001381,3861111.0,2026-06-20 15:59:59.999000+00:00,1
2026-06-20 16:00:00+00:00,0.001382,0.001382,0.001342,0.001366,1759178.0,2026-06-20 19:59:59.999000+00:00,1
2026-06-20 20:00:00+00:00,0.001366,0.001447,0.001359,0.001416,3686101.0,2026-06-20 23:59:59.999000+00:00,1
2026-06-21 00:00:00+00:00,0.001417,0.00148,0.001412,0.001469,4280388.0,2026-06-21 03:59:59.999000+00:00,1
2026-06-21 04:00:00+00:00,0.00147,0.001494,0.001442,0.001475,4228798.0,2026-06-21 07:59:59.999000+00:00,1
2026-06-21 08:00:00+00:00,0.001476,0.001518,0.001475,0.001485,5511338.0,2026-06-21 11:59:59.999000+00:00,1
2026-06-21 12:00:00+00:00,0.001485,0.001528,0.001468,0.001525,5465837.0,2026-06-21 15:59:59.999000+00:00,1
2026-06-21 16:00:00+00:00,0.001525,0.001539,0.001494,0.001518,3642764.0,2026-06-21 19:59:59.999000+00:00,1
2026-06-21 20:00:00+00:00,0.001518,0.001521,0.001458,0.001464,3264408.0,2026-06-21 23:59:59.999000+00:00,1
2026-06-22 00:00:00+00:00,0.001465,0.00155,0.001464,0.001498,3978144.0,2026-06-22 03:59:59.999000+00:00,1
2026-06-22 04:00:00+00:00,0.001498,0.001515,0.00149,0.001503,2217334.0,2026-06-22 07:59:59.999000+00:00,1
2026-06-22 08:00:00+00:00,0.001504,0.001524,0.001491,0.001518,1831789.0,2026-06-22 11:59:59.999000+00:00,1
2026-06-22 12:00:00+00:00,0.001519,0.001538,0.001497,0.00151,3813067.0,2026-06-22 15:59:59.999000+00:00,1
2026-06-22 16:00:00+00:00,0.001511,0.001516,0.001483,0.001499,1989960.0,2026-06-22 19:59:59.999000+00:00,1
2026-06-22 20:00:00+00:00,0.001499,0.001527,0.00145,0.001453,3091420.0,2026-06-22 23:59:59.999000+00:00,1
2026-06-23 00:00:00+00:00,0.001454,0.001466,0.001424,0.001465,2697509.0,2026-06-23 03:59:59.999000+00:00,1
2026-06-23 04:00:00+00:00,0.001465,0.001466,0.001393,0.001408,3125536.0,2026-06-23 07:59:59.999000+00:00,1
2026-06-23 08:00:00+00:00,0.001409,0.001412,0.001359,0.001392,3162543.0,2026-06-23 11:59:59.999000+00:00,1
2026-06-23 12:00:00+00:00,0.001392,0.001414,0.00138,0.001389,2322146.0,2026-06-23 15:59:59.999000+00:00,1
2026-06-23 16:00:00+00:00,0.001388,0.001401,0.001376,0.001393,1874418.0,2026-06-23 19:59:59.999000+00:00,1
2026-06-23 20:00:00+00:00,0.001393,0.001454,0.001393,0.001444,2079824.0,2026-06-23 23:59:59.999000+00:00,1
2026-06-24 00:00:00+00:00,0.001445,0.00146,0.001412,0.001418,2779196.0,2026-06-24 03:59:59.999000+00:00,1
2026-06-24 04:00:00+00:00,0.001419,0.001421,0.001395,0.001402,2556329.0,2026-06-24 07:59:59.999000+00:00,1
2026-06-24 08:00:00+00:00,0.001402,0.001421,0.001387,0.001406,1821837.0,2026-06-24 11:59:59.999000+00:00,1
2026-06-24 12:00:00+00:00,0.001407,0.001407,0.001281,0.001289,8760287.0,2026-06-24 15:59:59.999000+00:00,1
2026-06-24 16:00:00+00:00,0.001289,0.001304,0.001222,0.00125,8808179.0,2026-06-24 19:59:59.999000+00:00,1
2026-06-24 20:00:00+00:00,0.001249,0.00131,0.001246,0.001286,4187717.0,2026-06-24 23:59:59.999000+00:00,1
2026-06-25 00:00:00+00:00,0.001287,0.001297,0.001262,0.001276,2752695.0,2026-06-25 03:59:59.999000+00:00,1
2026-06-25 04:00:00+00:00,0.001276,0.001316,0.001264,0.001293,4061681.0,2026-06-25 07:59:59.999000+00:00,1
2026-06-25 08:00:00+00:00,0.001294,0.001299,0.001242,0.001263,3854297.0,2026-06-25 11:59:59.999000+00:00,1
2026-06-25 12:00:00+00:00,0.001262,0.00128,0.00116,0.001185,12884798.0,2026-06-25 15:59:59.999000+00:00,1
2026-06-25 16:00:00+00:00,0.001185,0.001201,0.00115,0.001166,6664480.0,2026-06-25 19:59:59.999000+00:00,1
2026-06-25 20:00:00+00:00,0.001167,0.001213,0.001167,0.001198,2904817.0,2026-06-25 23:59:59.999000+00:00,1
2026-06-26 00:00:00+00:00,0.0012,0.001209,0.001152,0.001207,3850532.0,2026-06-26 03:59:59.999000+00:00,1
2026-06-26 04:00:00+00:00,0.001207,0.001248,0.001189,0.001242,3581681.0,2026-06-26 07:59:59.999000+00:00,1
2026-06-26 08:00:00+00:00,0.001243,0.001244,0.001209,0.001211,2710938.0,2026-06-26 11:59:59.999000+00:00,1
2026-06-26 12:00:00+00:00,0.001211,0.001274,0.001196,0.001271,6330137.0,2026-06-26 15:59:59.999000+00:00,1
2026-06-26 16:00:00+00:00,0.001272,0.001325,0.001268,0.001311,4992028.0,2026-06-26 19:59:59.999000+00:00,1
2026-06-26 20:00:00+00:00,0.001311,0.00137,0.001292,0.001345,4617733.0,2026-06-26 23:59:59.999000+00:00,1
2026-06-27 00:00:00+00:00,0.001345,0.001356,0.001303,0.001309,2750557.0,2026-06-27 03:59:59.999000+00:00,1
2026-06-27 04:00:00+00:00,0.001309,0.00132,0.001285,0.001312,2058186.0,2026-06-27 07:59:59.999000+00:00,1
2026-06-27 08:00:00+00:00,0.001312,0.001317,0.001296,0.001306,1239142.0,2026-06-27 11:59:59.999000+00:00,1
2026-06-27 12:00:00+00:00,0.001307,0.001394,0.001304,0.001389,5141665.0,2026-06-27 15:59:59.999000+00:00,1
2026-06-27 16:00:00+00:00,0.00139,0.001446,0.00135,0.001358,6515254.0,2026-06-27 19:59:59.999000+00:00,1
2026-06-27 20:00:00+00:00,0.001358,0.001418,0.00134,0.001351,4098209.0,2026-06-27 23:59:59.999000+00:00,1
2026-06-28 00:00:00+00:00,0.001352,0.001406,0.00135,0.001402,1970232.0,2026-06-28 03:59:59.999000+00:00,1
2026-06-28 04:00:00+00:00,0.001402,0.00151,0.001372,0.001499,7849811.0,2026-06-28 07:59:59.999000+00:00,1
2026-06-28 08:00:00+00:00,0.001499,0.001522,0.001441,0.001487,11320706.0,2026-06-28 11:59:59.999000+00:00,1
2026-06-28 12:00:00+00:00,0.001487,0.001513,0.001441,0.001454,6795544.0,2026-06-28 15:59:59.999000+00:00,1
2026-06-28 16:00:00+00:00,0.001455,0.001506,0.001398,0.001411,6564484.0,2026-06-28 19:59:59.999000+00:00,1
2026-06-28 20:00:00+00:00,0.00141,0.001465,0.001391,0.001438,4554177.0,2026-06-28 23:59:59.999000+00:00,1
2026-06-29 00:00:00+00:00,0.001438,0.001452,0.001398,0.001431,4855018.0,2026-06-29 03:59:59.999000+00:00,1
2026-06-29 04:00:00+00:00,0.00143,0.001466,0.001383,0.001432,4345032.0,2026-06-29 07:59:59.999000+00:00,1
2026-06-29 08:00:00+00:00,0.001433,0.00144,0.001386,0.001394,3291949.0,2026-06-29 11:59:59.999000+00:00,1
2026-06-29 12:00:00+00:00,0.001394,0.001463,0.00138,0.001456,7709310.0,2026-06-29 15:59:59.999000+00:00,1
2026-06-29 16:00:00+00:00,0.001456,0.001528,0.001429,0.0015,6402108.0,2026-06-29 19:59:59.999000+00:00,1
2026-06-29 20:00:00+00:00,0.001501,0.001512,0.001458,0.001505,2401751.0,2026-06-29 23:59:59.999000+00:00,1
2026-06-30 00:00:00+00:00,0.001504,0.001505,0.001451,0.001465,2851649.0,2026-06-30 03:59:59.999000+00:00,1
2026-06-30 04:00:00+00:00,0.001465,0.001486,0.001448,0.001462,3244614.0,2026-06-30 07:59:59.999000+00:00,1
2026-06-30 08:00:00+00:00,0.001462,0.001464,0.001426,0.001434,2514196.0,2026-06-30 11:59:59.999000+00:00,1
2026-06-30 12:00:00+00:00,0.001434,0.001434,0.001387,0.001422,4932682.0,2026-06-30 15:59:59.999000+00:00,1
2026-06-30 16:00:00+00:00,0.001422,0.001467,0.001398,0.001451,3551239.0,2026-06-30 19:59:59.999000+00:00,1
2026-06-30 20:00:00+00:00,0.001451,0.001451,0.001404,0.001413,1146026.0,2026-06-30 23:59:59.999000+00:00,1
2026-07-01 00:00:00+00:00,0.001413,0.001455,0.001356,0.001449,3856064.0,2026-07-01 03:59:59.999000+00:00,1
2026-07-01 04:00:00+00:00,0.001449,0.00148,0.001402,0.00141,2725123.0,2026-07-01 07:59:59.999000+00:00,1
2026-07-01 08:00:00+00:00,0.00141,0.001431,0.001394,0.001411,1390735.0,2026-07-01 11:59:59.999000+00:00,1
2026-07-01 12:00:00+00:00,0.001412,0.001525,0.00138,0.001512,6015992.0,2026-07-01 15:59:59.999000+00:00,1
2026-07-01 16:00:00+00:00,0.001511,0.001518,0.001437,0.00144,2429524.0,2026-07-01 19:59:59.999000+00:00,1
2026-07-01 20:00:00+00:00,0.00144,0.00149,0.001378,0.001381,3222918.0,2026-07-01 23:59:59.999000+00:00,1
2026-07-02 00:00:00+00:00,0.001382,0.001473,0.001371,0.001468,3803479.0,2026-07-02 03:59:59.999000+00:00,1
2026-07-02 04:00:00+00:00,0.001469,0.001511,0.001461,0.001498,4882648.0,2026-07-02 07:59:59.999000+00:00,1
2026-07-02 08:00:00+00:00,0.001498,0.001584,0.001489,0.001573,7215144.0,2026-07-02 11:59:59.999000+00:00,1
2026-07-02 12:00:00+00:00,0.001573,0.001596,0.001496,0.001546,7605193.0,2026-07-02 15:59:59.999000+00:00,1
2026-07-02 16:00:00+00:00,0.001545,0.001574,0.001523,0.001539,2985842.0,2026-07-02 19:59:59.999000+00:00,1
2026-07-02 20:00:00+00:00,0.001539,0.001553,0.00151,0.00152,1434546.0,2026-07-02 23:59:59.999000+00:00,1
2026-07-03 00:00:00+00:00,0.00152,0.001573,0.001511,0.001567,2007797.0,2026-07-03 03:59:59.999000+00:00,1
2026-07-03 04:00:00+00:00,0.001567,0.001593,0.001553,0.001563,2370240.0,2026-07-03 07:59:59.999000+00:00,1
2026-07-03 08:00:00+00:00,0.001563,0.001592,0.001545,0.001587,2805199.0,2026-07-03 11:59:59.999000+00:00,1
2026-07-03 12:00:00+00:00,0.001586,0.001662,0.001568,0.001586,6346678.0,2026-07-03 15:59:59.999000+00:00,1
2026-07-03 16:00:00+00:00,0.001586,0.001648,0.001583,0.00164,2466615.0,2026-07-03 19:59:59.999000+00:00,1
2026-07-03 20:00:00+00:00,0.001639,0.001652,0.001606,0.001628,1989362.0,2026-07-03 23:59:59.999000+00:00,1
2026-07-04 00:00:00+00:00,0.001627,0.001649,0.001592,0.001631,2547318.0,2026-07-04 03:59:59.999000+00:00,1
2026-07-04 04:00:00+00:00,0.00163,0.001648,0.0016,0.001609,2191334.0,2026-07-04 07:59:59.999000+00:00,1
2026-07-04 08:00:00+00:00,0.001609,0.001614,0.001545,0.00155,3003245.0,2026-07-04 11:59:59.999000+00:00,1
2026-07-04 12:00:00+00:00,0.001551,0.001595,0.001541,0.001568,2881403.0,2026-07-04 15:59:59.999000+00:00,1
2026-07-04 16:00:00+00:00,0.001569,0.001618,0.001562,0.001574,2672825.0,2026-07-04 19:59:59.999000+00:00,1
2026-07-04 20:00:00+00:00,0.001574,0.001583,0.001548,0.001553,1253504.0,2026-07-04 23:59:59.999000+00:00,1
2026-07-05 00:00:00+00:00,0.001553,0.001554,0.001518,0.001525,2787515.0,2026-07-05 03:59:59.999000+00:00,1
2026-07-05 04:00:00+00:00,0.001525,0.001537,0.001503,0.001523,1216258.0,2026-07-05 07:59:59.999000+00:00,1
2026-07-05 08:00:00+00:00,0.001523,0.001571,0.00151,0.001541,3122756.0,2026-07-05 11:59:59.999000+00:00,1
2026-07-05 12:00:00+00:00,0.001541,0.001662,0.001534,0.00162,4736070.0,2026-07-05 15:59:59.999000+00:00,1
2026-07-05 16:00:00+00:00,0.00162,0.00163,0.001591,0.001617,1716636.0,2026-07-05 19:59:59.999000+00:00,1
2026-07-05 20:00:00+00:00,0.001617,0.001655,0.001608,0.001628,1910204.0,2026-07-05 23:59:59.999000+00:00,1
2026-07-06 00:00:00+00:00,0.001628,0.0017,0.001612,0.001657,4409738.0,2026-07-06 03:59:59.999000+00:00,1
2026-07-06 04:00:00+00:00,0.001658,0.001683,0.001584,0.001591,5103501.0,2026-07-06 07:59:59.999000+00:00,1
2026-07-06 08:00:00+00:00,0.001591,0.001627,0.001576,0.001577,2378791.0,2026-07-06 11:59:59.999000+00:00,1
2026-07-06 12:00:00+00:00,0.001576,0.00164,0.001528,0.001639,5012432.0,2026-07-06 15:59:59.999000+00:00,1
2026-07-06 16:00:00+00:00,0.001639,0.001672,0.001631,0.001649,2553124.0,2026-07-06 19:59:59.999000+00:00,1
2026-07-06 20:00:00+00:00,0.001649,0.001683,0.001623,0.001629,1990081.0,2026-07-06 23:59:59.999000+00:00,1
2026-07-07 00:00:00+00:00,0.001628,0.001658,0.001609,0.001619,1660179.0,2026-07-07 03:59:59.999000+00:00,1
2026-07-07 04:00:00+00:00,0.001618,0.001686,0.001593,0.001673,3604436.0,2026-07-07 07:59:59.999000+00:00,1
2026-07-07 08:00:00+00:00,0.001673,0.00168,0.001618,0.001638,2554701.0,2026-07-07 11:59:59.999000+00:00,1
2026-07-07 12:00:00+00:00,0.001638,0.001658,0.001599,0.001632,3624536.0,2026-07-07 15:59:59.999000+00:00,1
2026-07-07 16:00:00+00:00,0.001632,0.001647,0.001579,0.001601,2898829.0,2026-07-07 19:59:59.999000+00:00,1
2026-07-07 20:00:00+00:00,0.001601,0.001606,0.001549,0.001563,2001043.0,2026-07-07 23:59:59.999000+00:00,1
2026-07-08 00:00:00+00:00,0.001564,0.001596,0.001495,0.001531,6208905.0,2026-07-08 03:59:59.999000+00:00,1
2026-07-08 04:00:00+00:00,0.001532,0.001553,0.001519,0.001537,2102545.0,2026-07-08 07:59:59.999000+00:00,1
2026-07-08 08:00:00+00:00,0.001538,0.001548,0.001466,0.001491,5443288.0,2026-07-08 11:59:59.999000+00:00,1
2026-07-08 12:00:00+00:00,0.001491,0.001516,0.001461,0.001479,2950087.0,2026-07-08 15:59:59.999000+00:00,1
2026-07-08 16:00:00+00:00,0.00148,0.001518,0.001476,0.001506,1886951.0,2026-07-08 19:59:59.999000+00:00,1
2026-07-08 20:00:00+00:00,0.001506,0.00151,0.001474,0.00149,1097305.0,2026-07-08 23:59:59.999000+00:00,1
2026-07-09 00:00:00+00:00,0.00149,0.001514,0.001471,0.001485,2085620.0,2026-07-09 03:59:59.999000+00:00,1
2026-07-09 04:00:00+00:00,0.001486,0.001546,0.001482,0.001524,1948878.0,2026-07-09 07:59:59.999000+00:00,1
2026-07-09 08:00:00+00:00,0.001525,0.001528,0.001495,0.001506,1323718.0,2026-07-09 11:59:59.999000+00:00,1
2026-07-09 12:00:00+00:00,0.001507,0.001527,0.001493,0.001494,1881183.0,2026-07-09 15:59:59.999000+00:00,1
2026-07-09 16:00:00+00:00,0.001493,0.001504,0.001471,0.001495,1741592.0,2026-07-09 19:59:59.999000+00:00,1
2026-07-09 20:00:00+00:00,0.001496,0.001497,0.001472,0.001477,949383.0,2026-07-09 23:59:59.999000+00:00,1
2026-07-10 00:00:00+00:00,0.001476,0.001537,0.001466,0.001523,2223222.0,2026-07-10 03:59:59.999000+00:00,1
2026-07-10 04:00:00+00:00,0.001523,0.001535,0.001499,0.001502,999092.0,2026-07-10 07:59:59.999000+00:00,1
2026-07-10 08:00:00+00:00,0.001501,0.001529,0.00149,0.001494,1918053.0,2026-07-10 11:59:59.999000+00:00,1
2026-07-10 12:00:00+00:00,0.001493,0.001503,0.001438,0.001451,4750581.0,2026-07-10 15:59:59.999000+00:00,1
2026-07-10 16:00:00+00:00,0.00145,0.001464,0.001428,0.001458,2431031.0,2026-07-10 19:59:59.999000+00:00,1
2026-07-10 20:00:00+00:00,0.001457,0.001472,0.001447,0.001458,939915.0,2026-07-10 23:59:59.999000+00:00,1
2026-07-11 00:00:00+00:00,0.001457,0.00146,0.001435,0.001439,1292882.0,2026-07-11 03:59:59.999000+00:00,1
2026-07-11 04:00:00+00:00,0.00144,0.001445,0.001424,0.001427,1146953.0,2026-07-11 07:59:59.999000+00:00,1
2026-07-11 08:00:00+00:00,0.001426,0.001444,0.001422,0.001442,904687.0,2026-07-11 11:59:59.999000+00:00,1
2026-07-11 12:00:00+00:00,0.001442,0.001466,0.001437,0.001447,1479832.0,2026-07-11 15:59:59.999000+00:00,1
2026-07-11 16:00:00+00:00,0.001446,0.001448,0.001428,0.001432,1003081.0,2026-07-11 19:59:59.999000+00:00,1
2026-07-11 20:00:00+00:00,0.001432,0.001438,0.001385,0.001387,1764106.0,2026-07-11 23:59:59.999000+00:00,1
2026-07-12 00:00:00+00:00,0.001387,0.00141,0.001376,0.001409,2134396.0,2026-07-12 03:59:59.999000+00:00,1
2026-07-12 04:00:00+00:00,0.001409,0.001418,0.00138,0.001388,1632679.0,2026-07-12 07:59:59.999000+00:00,1
2026-07-12 08:00:00+00:00,0.001387,0.00141,0.001387,0.001405,954117.0,2026-07-12 11:59:59.999000+00:00,1
2026-07-12 12:00:00+00:00,0.001404,0.00145,0.001399,0.001445,1917036.0,2026-07-12 15:59:59.999000+00:00,1
2026-07-12 16:00:00+00:00,0.001446,0.001465,0.001432,0.001455,1430154.0,2026-07-12 19:59:59.999000+00:00,1
2026-07-12 20:00:00+00:00,0.001456,0.001487,0.001433,0.001458,2184026.0,2026-07-12 23:59:59.999000+00:00,1
2026-07-13 00:00:00+00:00,0.001459,0.001527,0.001456,0.001478,6743077.0,2026-07-13 03:59:59.999000+00:00,1
2026-07-13 04:00:00+00:00,0.001478,0.001522,0.001461,0.00148,6345968.0,2026-07-13 07:59:59.999000+00:00,1
2026-07-13 08:00:00+00:00,0.00148,0.001533,0.001479,0.001509,4587514.0,2026-07-13 11:59:59.999000+00:00,1
2026-07-13 12:00:00+00:00,0.001509,0.001518,0.001463,0.001492,5698483.0,2026-07-13 15:59:59.999000+00:00,1
2026-07-13 16:00:00+00:00,0.001492,0.001508,0.001448,0.001486,2769096.0,2026-07-13 19:59:59.999000+00:00,1
2026-07-13 20:00:00+00:00,0.001486,0.001491,0.001461,0.001478,1429142.0,2026-07-13 23:59:59.999000+00:00,1
2026-07-14 00:00:00+00:00,0.001479,0.001504,0.001452,0.001472,2838087.0,2026-07-14 03:59:59.999000+00:00,1
2026-07-14 04:00:00+00:00,0.001473,0.001475,0.001437,0.001447,2736047.0,2026-07-14 07:59:59.999000+00:00,1
2026-07-14 08:00:00+00:00,0.001448,0.001457,0.001404,0.001429,3041468.0,2026-07-14 11:59:59.999000+00:00,1
2026-07-14 12:00:00+00:00,0.00143,0.001518,0.001427,0.001462,8873867.0,2026-07-14 15:59:59.999000+00:00,1
2026-07-14 16:00:00+00:00,0.001462,0.001532,0.00136,0.001425,15340625.0,2026-07-14 19:59:59.999000+00:00,1
2026-07-14 20:00:00+00:00,0.001426,0.001522,0.001418,0.001512,4308976.0,2026-07-14 23:59:59.999000+00:00,1
2026-07-15 00:00:00+00:00,0.001513,0.001665,0.001494,0.001646,21568745.0,2026-07-15 03:59:59.999000+00:00,1
2026-07-15 04:00:00+00:00,0.001646,0.001671,0.001622,0.001653,17467614.0,2026-07-15 07:59:59.999000+00:00,1
2026-07-15 08:00:00+00:00,0.001653,0.001668,0.001622,0.001627,17680369.0,2026-07-15 11:59:59.999000+00:00,1
2026-07-15 12:00:00+00:00,0.001626,0.001683,0.001623,0.001664,13359235.0,2026-07-15 15:59:59.999000+00:00,1
2026-07-15 16:00:00+00:00,0.001663,0.001697,0.00165,0.001665,11708100.0,2026-07-15 19:59:59.999000+00:00,1
2026-07-15 20:00:00+00:00,0.001666,0.001699,0.001637,0.001689,4407611.0,2026-07-15 23:59:59.999000+00:00,1
2026-07-16 00:00:00+00:00,0.001689,0.001697,0.001625,0.001636,6805306.0,2026-07-16 03:59:59.999000+00:00,1
2026-07-16 04:00:00+00:00,0.001636,0.001652,0.001592,0.001615,6684177.0,2026-07-16 07:59:59.999000+00:00,1
2026-07-16 08:00:00+00:00,0.001615,0.001628,0.001594,0.001616,4010110.0,2026-07-16 11:59:59.999000+00:00,1
2026-07-16 12:00:00+00:00,0.001616,0.001783,0.0016,0.001728,12145674.0,2026-07-16 15:59:59.999000+00:00,1
2026-07-16 16:00:00+00:00,0.001729,0.001759,0.001698,0.001733,8047523.0,2026-07-16 19:59:59.999000+00:00,1
2026-07-16 20:00:00+00:00,0.001733,0.001763,0.001672,0.001695,4773179.0,2026-07-16 23:59:59.999000+00:00,1
2026-07-17 00:00:00+00:00,0.001696,0.001703,0.001614,0.001637,5435036.0,2026-07-17 03:59:59.999000+00:00,1
2026-07-17 04:00:00+00:00,0.001637,0.001653,0.001619,0.001632,3422336.0,2026-07-17 07:59:59.999000+00:00,1
2026-07-17 08:00:00+00:00,0.001633,0.001656,0.001617,0.001651,3219515.0,2026-07-17 11:59:59.999000+00:00,1
2026-07-17 12:00:00+00:00,0.001651,0.001717,0.001602,0.001695,8646509.0,2026-07-17 15:59:59.999000+00:00,1
2026-07-17 16:00:00+00:00,0.001695,0.001715,0.001646,0.00166,3152706.0,2026-07-17 19:59:59.999000+00:00,1
2026-07-17 20:00:00+00:00,0.001661,0.001671,0.001631,0.001636,1652234.0,2026-07-17 23:59:59.999000+00:00,1
2026-07-18 00:00:00+00:00,0.001637,0.001653,0.001623,0.001635,2015923.0,2026-07-18 03:59:59.999000+00:00,1
2026-07-18 04:00:00+00:00,0.001635,0.001648,0.001616,0.001642,1533532.0,2026-07-18 07:59:59.999000+00:00,1
2026-07-18 08:00:00+00:00,0.001643,0.001662,0.001634,0.001656,1776333.0,2026-07-18 11:59:59.999000+00:00,1
2026-07-18 12:00:00+00:00,0.001656,0.001664,0.001642,0.001655,1937418.0,2026-07-18 15:59:59.999000+00:00,1
2026-07-18 16:00:00+00:00,0.001654,0.001656,0.001628,0.001639,1774112.0,2026-07-18 19:59:59.999000+00:00,1
2026-07-18 20:00:00+00:00,0.00164,0.001668,0.001632,0.001662,919344.0,2026-07-18 23:59:59.999000+00:00,1
2026-07-19 00:00:00+00:00,0.001663,0.001682,0.00164,0.001646,1884952.0,2026-07-19 03:59:59.999000+00:00,1
2026-07-19 04:00:00+00:00,0.001646,0.001662,0.001639,0.001641,775974.0,2026-07-19 07:59:59.999000+00:00,1
2026-07-19 08:00:00+00:00,0.001641,0.001662,0.00164,0.001647,845979.0,2026-07-19 11:59:59.999000+00:00,1
2026-07-19 12:00:00+00:00,0.001648,0.001685,0.001642,0.001675,1575089.0,2026-07-19 15:59:59.999000+00:00,1
2026-07-19 16:00:00+00:00,0.001676,0.001794,0.00166,0.001777,8446811.0,2026-07-19 19:59:59.999000+00:00,1
2026-07-19 20:00:00+00:00,0.001777,0.00202,0.001774,0.001996,31718953.0,2026-07-19 23:59:59.999000+00:00,1
2026-07-20 00:00:00+00:00,0.001996,0.002068,0.001954,0.001969,35470069.0,2026-07-20 03:59:59.999000+00:00,1
2026-07-20 04:00:00+00:00,0.00197,0.002022,0.001934,0.002006,25874367.0,2026-07-20 07:59:59.999000+00:00,1
2026-07-20 08:00:00+00:00,0.002007,0.002022,0.001906,0.001941,25781160.0,2026-07-20 11:59:59.999000+00:00,1
2026-07-20 12:00:00+00:00,0.001941,0.002044,0.001923,0.002026,27938116.0,2026-07-20 15:59:59.999000+00:00,1
2026-07-20 16:00:00+00:00,0.002025,0.002093,0.001976,0.002086,22823139.0,2026-07-20 19:59:59.999000+00:00,1
2026-07-20 20:00:00+00:00,0.002087,0.002095,0.001989,0.002027,8703324.0,2026-07-20 23:59:59.999000+00:00,1
2026-07-21 00:00:00+00:00,0.002027,0.002042,0.001993,0.002027,10667455.0,2026-07-21 03:59:59.999000+00:00,1
2026-07-21 04:00:00+00:00,0.002027,0.002074,0.002012,0.002058,13318635.0,2026-07-21 07:59:59.999000+00:00,1
2026-07-21 08:00:00+00:00,0.002057,0.002059,0.001988,0.002001,11021262.0,2026-07-21 11:59:59.999000+00:00,1
2026-07-21 12:00:00+00:00,0.002001,0.002002,0.001929,0.001971,16035826.0,2026-07-21 15:59:59.999000+00:00,1
2026-07-21 16:00:00+00:00,0.001972,0.002015,0.001961,0.002005,5994219.0,2026-07-21 19:59:59.999000+00:00,1
2026-07-21 20:00:00+00:00,0.002005,0.002062,0.001996,0.002003,5566102.0,2026-07-21 23:59:59.999000+00:00,1
2026-07-22 00:00:00+00:00,0.002003,0.002089,0.002001,0.002041,11679850.0,2026-07-22 03:59:59.999000+00:00,1
2026-07-22 04:00:00+00:00,0.002041,0.002056,0.001933,0.001939,11827355.0,2026-07-22 07:59:59.999000+00:00,1
2026-07-22 08:00:00+00:00,0.001938,0.001982,0.001934,0.001966,4679194.0,2026-07-22 11:59:59.999000+00:00,1
2026-07-22 12:00:00+00:00,0.001966,0.001973,0.001939,0.001953,4895324.0,2026-07-22 15:59:59.999000+00:00,1
2026-07-22 16:00:00+00:00,0.001952,0.001962,0.001862,0.001875,8486408.0,2026-07-22 19:59:59.999000+00:00,1
2026-07-22 20:00:00+00:00,0.001874,0.001931,0.001874,0.001909,4108010.0,2026-07-22 23:59:59.999000+00:00,1
2026-07-23 00:00:00+00:00,0.001909,0.001921,0.001882,0.001902,3435455.0,2026-07-23 03:59:59.999000+00:00,1
2026-07-23 04:00:00+00:00,0.001902,0.001927,0.001889,0.001894,3066369.0,2026-07-23 07:59:59.999000+00:00,1
2026-07-23 08:00:00+00:00,0.001893,0.001948,0.001888,0.00194,6062708.0,2026-07-23 11:59:59.999000+00:00,1
2026-07-23 12:00:00+00:00,0.001939,0.001961,0.001913,0.001929,6314013.0,2026-07-23 15:59:59.999000+00:00,1
2026-07-23 16:00:00+00:00,0.001928,0.00193,0.001874,0.00189,3806971.0,2026-07-23 19:59:59.999000+00:00,1
2026-07-23 20:00:00+00:00,0.001889,0.001941,0.00182,0.001829,5999734.0,2026-07-23 23:59:59.999000+00:00,1
2026-07-24 00:00:00+00:00,0.001829,0.001849,0.00181,0.001825,4398702.0,2026-07-24 03:59:59.999000+00:00,1
2026-07-24 04:00:00+00:00,0.001824,0.001855,0.001808,0.001841,4297769.0,2026-07-24 07:59:59.999000+00:00,1
2026-07-24 08:00:00+00:00,0.00184,0.001851,0.001803,0.00182,4161337.0,2026-07-24 11:59:59.999000+00:00,1
2026-07-24 12:00:00+00:00,0.00182,0.00185,0.001804,0.00183,5442224.0,2026-07-24 15:59:59.999000+00:00,1
2026-07-24 16:00:00+00:00,0.001829,0.001858,0.001813,0.00185,2793425.0,2026-07-24 19:59:59.999000+00:00,1
2026-07-24 20:00:00+00:00,0.00185,0.001855,0.001819,0.001831,1660906.0,2026-07-24 23:59:59.999000+00:00,1
2026-07-25 00:00:00+00:00,0.001832,0.001845,0.001794,0.001804,2973021.0,2026-07-25 03:59:59.999000+00:00,1
2026-07-25 04:00:00+00:00,0.001804,0.001812,0.001795,0.001803,1811845.0,2026-07-25 07:59:59.999000+00:00,1
2026-07-25 08:00:00+00:00,0.001802,0.001802,0.001757,0.001769,3323809.0,2026-07-25 11:59:59.999000+00:00,1
2026-07-25 12:00:00+00:00,0.001768,0.001793,0.001761,0.001786,2383203.0,2026-07-25 15:59:59.999000+00:00,1
2026-07-25 16:00:00+00:00,0.001786,0.001801,0.001776,0.001779,1767095.0,2026-07-25 19:59:59.999000+00:00,1
2026-07-25 20:00:00+00:00,0.001778,0.001793,0.001762,0.00178,1394811.0,2026-07-25 23:59:59.999000+00:00,1
2026-07-26 00:00:00+00:00,0.00178,0.001826,0.001768,0.001821,3206826.0,2026-07-26 03:59:59.999000+00:00,1
2026-07-26 04:00:00+00:00,0.001821,0.00183,0.001794,0.001802,3155943.0,2026-07-26 07:59:59.999000+00:00,1
2026-07-26 08:00:00+00:00,0.001802,0.001825,0.001795,0.001812,1687166.0,2026-07-26 11:59:59.999000+00:00,1
2026-07-26 12:00:00+00:00,0.001812,0.001865,0.001805,0.001852,3671070.0,2026-07-26 15:59:59.999000+00:00,1
2026-07-26 16:00:00+00:00,0.001853,0.00188,0.001835,0.001844,2751826.0,2026-07-26 19:59:59.999000+00:00,1
2026-07-26 20:00:00+00:00,0.001845,0.002061,0.001844,0.002016,14194766.0,2026-07-26 23:59:59.999000+00:00,1
2026-07-27 00:00:00+00:00,0.002016,0.002021,0.001967,0.001977,4975252.0,2026-07-27 03:59:59.999000+00:00,1
2026-07-27 04:00:00+00:00,0.001977,0.002053,0.001944,0.00203,7007144.0,2026-07-27 07:59:59.999000+00:00,1
2026-07-27 08:00:00+00:00,0.00203,0.00216,0.002015,0.002137,17396022.0,2026-07-27 11:59:59.999000+00:00,1
2026-07-27 12:00:00+00:00,0.002138,0.002189,0.002057,0.00209,22528264.0,2026-07-27 15:59:59.999000+00:00,1
2026-07-27 16:00:00+00:00,0.002091,0.002153,0.002052,0.002125,8797774.0,2026-07-27 19:59:59.999000+00:00,1
2026-07-27 20:00:00+00:00,0.002126,0.002183,0.002084,0.002116,7307632.0,2026-07-27 23:59:59.999000+00:00,1
2026-07-28 00:00:00+00:00,0.002116,0.00212,0.002022,0.002048,6428493.0,2026-07-28 03:59:59.999000+00:00,1
2026-07-28 04:00:00+00:00,0.002047,0.002121,0.002004,0.00208,6663730.0,2026-07-28 07:59:59.999000+00:00,1
2026-07-28 08:00:00+00:00,0.002081,0.002097,0.001978,0.001997,6346058.0,2026-07-28 11:59:59.999000+00:00,1
2026-07-28 12:00:00+00:00,0.001997,0.002065,0.001964,0.002039,8870330.0,2026-07-28 15:59:59.999000+00:00,1
2026-07-28 16:00:00+00:00,0.002039,0.002039,0.001921,0.001948,5493847.0,2026-07-28 19:59:59.999000+00:00,1
2026-07-28 20:00:00+00:00,0.001948,0.001999,0.001941,0.001966,3560114.0,2026-07-28 23:59:59.999000+00:00,1
2026-07-29 00:00:00+00:00,0.001966,0.001995,0.001911,0.001923,3784864.0,2026-07-29 03:59:59.999000+00:00,1
2026-07-29 04:00:00+00:00,0.001924,0.001925,0.001828,0.001867,6339234.0,2026-07-29 07:59:59.999000+00:00,1
2026-07-29 08:00:00+00:00,0.001866,0.001903,0.001851,0.001874,2925615.0,2026-07-29 11:59:59.999000+00:00,1
2026-07-29 12:00:00+00:00,0.001874,0.00193,0.001849,0.00188,6197669.0,2026-07-29 15:59:59.999000+00:00,1
2026-07-29 16:00:00+00:00,0.00188,0.001924,0.001856,0.001859,5039908.0,2026-07-29 19:59:59.999000+00:00,1
2026-07-29 20:00:00+00:00,0.001859,0.001882,0.001806,0.001863,3866413.0,2026-07-29 23:59:59.999000+00:00,1
2026-07-30 00:00:00+00:00,0.001864,0.001908,0.001857,0.001878,2056376.0,2026-07-30 03:59:59.999000+00:00,1
2026-07-30 04:00:00+00:00,0.001879,0.00192,0.00187,0.001874,3008924.0,2026-07-30 07:59:59.999000+00:00,1
2026-07-30 08:00:00+00:00,0.001874,0.001928,0.001869,0.001917,2795044.0,2026-07-30 11:59:59.999000+00:00,1
2026-07-30 12:00:00+00:00,0.001918,0.001986,0.001914,0.001972,5405101.0,2026-07-30 15:59:59.999000+00:00,1
2026-07-30 16:00:00+00:00,0.001972,0.002032,0.001957,0.00202,4725074.0,2026-07-30 19:59:59.999000+00:00,1
2026-07-30 20:00:00+00:00,0.00202,0.002045,0.001975,0.001982,3228432.0,2026-07-30 23:59:59.999000+00:00,1
2026-07-31 00:00:00+00:00,0.001982,0.002041,0.001976,0.002017,3365783.0,2026-07-31 03:59:59.999000+00:00,1
2026-07-31 04:00:00+00:00,0.002016,0.002042,0.00199,0.001999,3184848.0,2026-07-31 07:59:59.999000+00:00,1
2026-07-31 08:00:00+00:00,0.001999,0.002031,0.001971,0.002016,3176363.0,2026-07-31 11:59:59.999000+00:00,1
2026-07-31 12:00:00+00:00,0.002017,0.002132,0.001986,0.002069,10082179.0,2026-07-31 15:59:59.999000+00:00,1
2026-07-31 16:00:00+00:00,0.002069,0.002167,0.002064,0.002116,5667599.0,2026-07-31 19:59:59.999000+00:00,1
2026-07-31 20:00:00+00:00,0.002116,0.00213,0.002022,0.00207,3221847.0,2026-07-31 23:59:59.999000+00:00,1
2026-08-01 00:00:00+00:00,0.00207,0.002184,0.002062,0.002178,4994516.0,2026-08-01 03:59:59.999000+00:00,1
2026-08-01 04:00:00+00:00,0.002178,0.002245,0.002168,0.002203,7297150.0,2026-08-01 07:59:59.999000+00:00,1
2026-08-01 08:00:00+00:00,0.002203,0.002209,0.002143,0.002154,4421495.0,2026-08-01 11:59:59.999000+00:00,1
2026-08-01 12:00:00+00:00,0.002153,0.002167,0.002103,0.002106,4837352.0,2026-08-01 15:59:59.999000+00:00,1
2026-08-01 16:00:00+00:00,0.002106,0.002156,0.002041,0.002108,5924231.0,2026-08-01 19:59:59.999000+00:00,1
2026-08-01 20:00:00+00:00,0.002107,0.002133,0.002084,0.002112,1929187.0,2026-08-01 23:59:59.999000+00:00,1
2026-08-02 00:00:00+00:00,0.002112,0.002288,0.002111,0.00223,9702805.0,2026-08-02 03:59:59.999000+00:00,1
2026-08-02 04:00:00+00:00,0.002229,0.002281,0.002163,0.00218,6279568.0,2026-08-02 07:59:59.999000+00:00,1
2026-08-02 08:00:00+00:00,0.002179,0.002204,0.002135,0.002143,3192710.0,2026-08-02 11:59:59.999000+00:00,1
2026-08-02 12:00:00+00:00,0.002143,0.002163,0.002126,0.002139,3199751.0,2026-08-02 15:59:59.999000+00:00,1
2026-08-02 16:00:00+00:00,0.00214,0.002181,0.002116,0.002149,4169880.0,2026-08-02 19:59:59.999000+00:00,1
2026-08-02 20:00:00+00:00,0.002148,0.002152,0.002077,0.002083,2281203.0,2026-08-02 23:59:59.999000+00:00,1
2026-08-03 00:00:00+00:00,0.002083,0.002107,0.002062,0.002092,3368530.0,2026-08-03 03:59:59.999000+00:00,1
2026-08-03 04:00:00+00:00,0.002092,0.002105,0.002041,0.002083,4404543.0,2026-08-03 07:59:59.999000+00:00,1
2026-08-03 08:00:00+00:00,0.002083,0.002148,0.002066,0.0021,3623012.0,2026-08-03 11:59:59.999000+00:00,1
2026-08-03 12:00:00+00:00,0.002099,0.002133,0.00207,0.002085,3922677.0,2026-08-03 15:59:59.999000+00:00,1
2026-08-03 16:00:00+00:00,0.002084,0.002256,0.002075,0.002182,7579556.0,2026-08-03 19:59:59.999000+00:00,1
2026-08-03 20:00:00+00:00,0.002181,0.002183,0.002106,0.002132,2260844.0,2026-08-03 23:59:59.999000+00:00,1
2026-08-04 00:00:00+00:00,0.002132,0.002186,0.002101,0.002184,3152403.0,2026-08-04 03:59:59.999000+00:00,1
2026-08-04 04:00:00+00:00,0.002184,0.002293,0.002172,0.002259,9002413.0,2026-08-04 07:59:59.999000+00:00,1
2026-08-04 08:00:00+00:00,0.002259,0.002287,0.002207,0.002245,5648292.0,2026-08-04 11:59:59.999000+00:00,1
2026-08-04 12:00:00+00:00,0.002245,0.002292,0.002218,0.002258,9493162.0,2026-08-04 15:59:59.999000+00:00,1
2026-08-04 16:00:00+00:00,0.002258,0.002434,0.002225,0.002399,13856400.0,2026-08-04 19:59:59.999000+00:00,1
2026-08-04 20:00:00+00:00,0.002399,0.002555,0.002399,0.002422,16067801.0,2026-08-04 23:59:59.999000+00:00,1
2026-08-05 00:00:00+00:00,0.002421,0.00245,0.002381,0.002417,10721596.0,2026-08-05 03:59:59.999000+00:00,1
2026-08-05 04:00:00+00:00,0.002417,0.002561,0.002401,0.002512,9588867.0,2026-08-05 07:59:59.999000+00:00,1
2026-08-05 08:00:00+00:00,0.002512,0.002564,0.002461,0.002517,10650746.0,2026-08-05 11:59:59.999000+00:00,1
2026-08-05 12:00:00+00:00,0.002516,0.002588,0.002475,0.00248,13999976.0,2026-08-05 15:59:59.999000+00:00,1
2026-08-05 16:00:00+00:00,0.002479,0.002503,0.002413,0.002419,7897527.0,2026-08-05 19:59:59.999000+00:00,1
2026-08-05 20:00:00+00:00,0.002419,0.002462,0.0024,0.002406,3526776.0,2026-08-05 23:59:59.999000+00:00,1
2026-08-06 00:00:00+00:00,0.002407,0.002439,0.002311,0.002336,8954859.0,2026-08-06 03:59:59.999000+00:00,1
2026-08-06 04:00:00+00:00,0.002336,0.002386,0.002325,0.00235,4117915.0,2026-08-06 07:59:59.999000+00:00,1
2026-08-06 08:00:00+00:00,0.002349,0.002359,0.002286,0.002325,7162726.0,2026-08-06 11:59:59.999000+00:00,1
2026-08-06 12:00:00+00:00,0.002324,0.002355,0.002276,0.002311,7549660.0,2026-08-06 15:59:59.999000+00:00,1
2026-08-06 16:00:00+00:00,0.00231,0.002407,0.002299,0.002378,6452717.0,2026-08-06 19:59:59.999000+00:00,1
2026-08-06 20:00:00+00:00,0.002378,0.002424,0.002354,0.002387,3135288.0,2026-08-06 23:59:59.999000+00:00,1
2026-08-07 00:00:00+00:00,0.002387,0.002417,0.002338,0.002344,4174523.0,2026-08-07 03:59:59.999000+00:00,1
2026-08-07 04:00:00+00:00,0.002343,0.002378,0.002264,0.002283,6339948.0,2026-08-07 07:59:59.999000+00:00,1
2026-08-07 08:00:00+00:00,0.002284,0.002337,0.002251,0.002331,4316304.0,2026-08-07 11:59:59.999000+00:00,1
2026-08-07 12:00:00+00:00,0.00233,0.002358,0.002291,0.002314,4018656.0,2026-08-07 15:59:59.999000+00:00,1
2026-08-07 16:00:00+00:00,0.002314,0.002347,0.002274,0.002345,3405667.0,2026-08-07 19:59:59.999000+00:00,1
2026-08-07 20:00:00+00:00,0.002344,0.002345,0.002239,0.002265,2784486.0,2026-08-07 23:59:59.999000+00:00,1
2026-08-08 00:00:00+00:00,0.002264,0.002291,0.002245,0.002281,1670542.0,2026-08-08 03:59:59.999000+00:00,1
2026-08-08 04:00:00+00:00,0.002281,0.002309,0.002267,0.002283,1536317.0,2026-08-08 07:59:59.999000+00:00,1
2026-08-08 08:00:00+00:00,0.002283,0.00233,0.002274,0.002323,2336370.0,2026-08-08 11:59:59.999000+00:00,1
2026-08-08 12:00:00+00:00,0.002323,0.002374,0.002282,0.002363,3402459.0,2026-08-08 15:59:59.999000+00:00,1
2026-08-08 16:00:00+00:00,0.002364,0.002414,0.00234,0.002391,3328193.0,2026-08-08 19:59:59.999000+00:00,1
2026-08-08 20:00:00+00:00,0.00239,0.002454,0.002369,0.002407,2886246.0,2026-08-08 23:59:59.999000+00:00,1
2026-08-09 00:00:00+00:00,0.002407,0.002496,0.0024,0.002477,5069538.0,2026-08-09 03:59:59.999000+00:00,1
2026-08-09 04:00:00+00:00,0.002478,0.002557,0.00245,0.002495,6010923.0,2026-08-09 07:59:59.999000+00:00,1
2026-08-09 08:00:00+00:00,0.002495,0.002586,0.00246,0.002531,6488456.0,2026-08-09 11:59:59.999000+00:00,1
2026-08-09 12:00:00+00:00,0.002531,0.002746,0.00253,0.002688,19086653.0,2026-08-09 15:59:59.999000+00:00,1
2026-08-09 16:00:00+00:00,0.002688,0.002739,0.00264,0.002715,6145654.0,2026-08-09 19:59:59.999000+00:00,1
2026-08-09 20:00:00+00:00,0.002714,0.002736,0.00263,0.002671,4625193.0,2026-08-09 23:59:59.999000+00:00,1
2026-08-10 00:00:00+00:00,0.00267,0.002812,0.002667,0.00273,9900990.0,2026-08-10 03:59:59.999000+00:00,1
2026-08-10 04:00:00+00:00,0.002729,0.002886,0.002717,0.002757,11395179.0,2026-08-10 07:59:59.999000+00:00,1
2026-08-10 08:00:00+00:00,0.002757,0.002843,0.002687,0.00273,8904307.0,2026-08-10 11:59:59.999000+00:00,1
2026-08-10 12:00:00+00:00,0.00273,0.002776,0.002671,0.002773,7425033.0,2026-08-10 15:59:59.999000+00:00,1
2026-08-10 16:00:00+00:00,0.002772,0.002863,0.002707,0.002816,6763804.0,2026-08-10 19:59:59.999000+00:00,1
2026-08-10 20:00:00+00:00,0.002817,0.002838,0.002754,0.002777,3836525.0,2026-08-10 23:59:59.999000+00:00,1
2026-08-11 00:00:00+00:00,0.002776,0.002866,0.002724,0.002826,6142974.0,2026-08-11 03:59:59.999000+00:00,1
2026-08-11 04:00:00+00:00,0.002825,0.002944,0.002794,0.002824,10219812.0,2026-08-11 07:59:59.999000+00:00,1
2026-08-11 08:00:00+00:00,0.002824,0.002828,0.002714,0.002743,6874894.0,2026-08-11 11:59:59.999000+00:00,1
2026-08-11 12:00:00+00:00,0.002743,0.002766,0.002677,0.002721,6766093.0,2026-08-11 15:59:59.999000+00:00,1
2026-08-11 16:00:00+00:00,0.00272,0.002749,0.00266,0.002716,4792472.0,2026-08-11 19:59:59.999000+00:00,1
2026-08-11 20:00:00+00:00,0.002717,0.002797,0.002694,0.002724,3133533.0,2026-08-11 23:59:59.999000+00:00,1
2026-08-12 00:00:00+00:00,0.002724,0.00281,0.002698,0.002771,4237291.0,2026-08-12 03:59:59.999000+00:00,1
2026-08-12 04:00:00+00:00,0.00277,0.002804,0.002628,0.002658,5046729.0,2026-08-12 07:59:59.999000+00:00,1
2026-08-12 08:00:00+00:00,0.002658,0.00272,0.00263,0.002683,3959566.0,2026-08-12 11:59:59.999000+00:00,1
2026-08-12 12:00:00+00:00,0.002682,0.002804,0.002675,0.002765,5353733.0,2026-08-12 15:59:59.999000+00:00,1
2026-08-12 16:00:00+00:00,0.002766,0.002768,0.002692,0.002702,3582976.0,2026-08-12 19:59:59.999000+00:00,1
2026-08-12 20:00:00+00:00,0.002701,0.002761,0.002652,0.002752,2951583.0,2026-08-12 23:59:59.999000+00:00,1
2026-08-13 00:00:00+00:00,0.002752,0.002775,0.002718,0.002738,2949030.0,2026-08-13 03:59:59.999000+00:00,1
2026-08-13 04:00:00+00:00,0.002738,0.002863,0.002731,0.002794,4920435.0,2026-08-13 07:59:59.999000+00:00,1
2026-08-13 08:00:00+00:00,0.002794,0.002816,0.002742,0.002784,4013485.0,2026-08-13 11:59:59.999000+00:00,1
2026-08-13 12:00:00+00:00,0.002785,0.00294,0.00276,0.002879,6945052.0,2026-08-13 15:59:59.999000+00:00,1
2026-08-13 16:00:00+00:00,0.00288,0.002907,0.002785,0.002888,5807935.0,2026-08-13 19:59:59.999000+00:00,1
2026-08-13 20:00:00+00:00,0.002888,0.002933,0.002824,0.002905,2782736.0,2026-08-13 23:59:59.999000+00:00,1
2026-08-14 00:00:00+00:00,0.002905,0.002986,0.002868,0.00294,5315989.0,2026-08-14 03:59:59.999000+00:00,1
2026-08-14 04:00:00+00:00,0.00294,0.00297,0.002848,0.002876,4797463.0,2026-08-14 07:59:59.999000+00:00,1
2026-08-14 08:00:00+00:00,0.002877,0.002905,0.002805,0.002866,4467066.0,2026-08-14 11:59:59.999000+00:00,1
2026-08-14 12:00:00+00:00,0.002866,0.002908,0.002757,0.002818,6463615.0,2026-08-14 15:59:59.999000+00:00,1
2026-08-14 16:00:00+00:00,0.002817,0.002867,0.002784,0.002816,2728190.0,2026-08-14 19:59:59.999000+00:00,1
2026-08-14 20:00:00+00:00,0.002816,0.002871,0.002786,0.00284,2235480.0,2026-08-14 23:59:59.999000+00:00,1
2026-08-15 00:00:00+00:00,0.002841,0.002848,0.002709,0.002738,4009556.0,2026-08-15 03:59:59.999000+00:00,1
2026-08-15 04:00:00+00:00,0.002737,0.002797,0.002727,0.002788,3236476.0,2026-08-15 07:59:59.999000+00:00,1
2026-08-15 08:00:00+00:00,0.002789,0.00279,0.002748,0.002753,2846354.0,2026-08-15 11:59:59.999000+00:00,1
2026-08-15 12:00:00+00:00,0.002754,0.002817,0.002748,0.002804,4584852.0,2026-08-15 15:59:59.999000+00:00,1
2026-08-15 16:00:00+00:00,0.002804,0.002875,0.002758,0.002792,6515360.0,2026-08-15 19:59:59.999000+00:00,1
2026-08-15 20:00:00+00:00,0.002791,0.002797,0.002715,0.002751,2643088.0,2026-08-15 23:59:59.999000+00:00,1
2026-08-16 00:00:00+00:00,0.002751,0.002794,0.002722,0.002775,2983954.0,2026-08-16 03:59:59.999000+00:00,1
2026-08-16 04:00:00+00:00,0.002775,0.002808,0.002762,0.002782,2545836.0,2026-08-16 07:59:59.999000+00:00,1
2026-08-16 08:00:00+00:00,0.002781,0.002787,0.002738,0.00275,1634000.0,2026-08-16 11:59:59.999000+00:00,1
2026-08-16 12:00:00+00:00,0.002751,0.002754,0.00269,0.002729,3540092.0,2026-08-16 15:59:59.999000+00:00,1
2026-08-16 16:00:00+00:00,0.002729,0.002761,0.002714,0.002749,2306128.0,2026-08-16 19:59:59.999000+00:00,1
2026-08-16 20:00:00+00:00,0.002748,0.002775,0.002651,0.002667,3404436.0,2026-08-16 23:59:59.999000+00:00,1
2026-08-17 00:00:00+00:00,0.002667,0.002831,0.002656,0.002811,5667005.0,2026-08-17 03:59:59.999000+00:00,1
2026-08-17 04:00:00+00:00,0.002811,0.002999,0.002804,0.002953,10323136.0,2026-08-17 07:59:59.999000+00:00,1
2026-08-17 08:00:00+00:00,0.002954,0.002957,0.002828,0.002929,8327476.0,2026-08-17 11:59:59.999000+00:00,1
2026-08-17 12:00:00+00:00,0.002929,0.002958,0.002872,0.002942,5450280.0,2026-08-17 15:59:59.999000+00:00,1
2026-08-17 16:00:00+00:00,0.002943,0.002981,0.002815,0.00282,6543225.0,2026-08-17 19:59:59.999000+00:00,1
2026-08-17 20:00:00+00:00,0.00282,0.002826,0.002726,0.002743,3574903.0,2026-08-17 23:59:59.999000+00:00,1
2026-08-18 00:00:00+00:00,0.002743,0.002801,0.002735,0.002777,4568669.0,2026-08-18 03:59:59.999000+00:00,1
2026-08-18 04:00:00+00:00,0.002777,0.002827,0.00276,0.002777,3378268.0,2026-08-18 07:59:59.999000+00:00,1
2026-08-18 08:00:00+00:00,0.002778,0.002816,0.002754,0.002805,2305194.0,2026-08-18 11:59:59.999000+00:00,1
2026-08-18 12:00:00+00:00,0.002805,0.002886,0.002765,0.002804,6550739.0,2026-08-18 15:59:59.999000+00:00,1
2026-08-18 16:00:00+00:00,0.002803,0.002855,0.002779,0.002849,3656956.0,2026-08-18 19:59:59.999000+00:00,1
2026-08-18 20:00:00+00:00,0.002849,0.003129,0.002828,0.003095,11605075.0,2026-08-18 23:59:59.999000+00:00,1
2026-08-19 00:00:00+00:00,0.003094,0.003114,0.002994,0.003003,9546232.0,2026-08-19 03:59:59.999000+00:00,1
2026-08-19 04:00:00+00:00,0.003004,0.00303,0.002932,0.00298,6646683.0,2026-08-19 07:59:59.999000+00:00,1
2026-08-19 08:00:00+00:00,0.002979,0.003027,0.00295,0.003001,5661588.0,2026-08-19 11:59:59.999000+00:00,1
2026-08-19 12:00:00+00:00,0.003,0.003183,0.002978,0.003085,14871836.0,2026-08-19 15:59:59.999000+00:00,1
2026-08-19 16:00:00+00:00,0.003085,0.00321,0.003057,0.003153,12839488.0,2026-08-19 19:59:59.999000+00:00,1
2026-08-19 20:00:00+00:00,0.003154,0.003238,0.002959,0.003001,8944056.0,2026-08-19 23:59:59.999000+00:00,1
2026-08-20 00:00:00+00:00,0.003001,0.003332,0.002995,0.003235,13598481.0,2026-08-20 03:59:59.999000+00:00,1
2026-08-20 04:00:00+00:00,0.003235,0.003261,0.003163,0.003253,8851764.0,2026-08-20 07:59:59.999000+00:00,1
2026-08-20 08:00:00+00:00,0.003254,0.003486,0.003227,0.003425,12875162.0,2026-08-20 11:59:59.999000+00:00,1
2026-08-20 12:00:00+00:00,0.003426,0.003779,0.003345,0.003659,23638118.0,2026-08-20 15:59:59.999000+00:00,1
2026-08-20 16:00:00+00:00,0.00366,0.003806,0.003589,0.003662,13348482.0,2026-08-20 19:59:59.999000+00:00,1
2026-08-20 20:00:00+00:00,0.003662,0.003935,0.003643,0.003834,8594037.0,2026-08-20 23:59:59.999000+00:00,1
2026-08-21 00:00:00+00:00,0.003834,0.003912,0.003733,0.00386,11179509.0,2026-08-21 03:59:59.999000+00:00,1
2026-08-21 04:00:00+00:00,0.003861,0.003965,0.003811,0.003896,9425111.0,2026-08-21 07:59:59.999000+00:00,1
2026-08-21 08:00:00+00:00,0.003897,0.00419,0.003777,0.004057,15558778.0,2026-08-21 11:59:59.999000+00:00,1
2026-08-21 12:00:00+00:00,0.004057,0.004261,0.003973,0.004118,11399489.0,2026-08-21 15:59:59.999000+00:00,1
2026-08-21 16:00:00+00:00,0.004117,0.004127,0.00383,0.003888,8312470.0,2026-08-21 19:59:59.999000+00:00,1
2026-08-21 20:00:00+00:00,0.003888,0.004069,0.00387,0.004064,5444580.0,2026-08-21 23:59:59.999000+00:00,1
2026-08-22 00:00:00+00:00,0.004064,0.00435,0.003996,0.004257,9787719.0,2026-08-22 03:59:59.999000+00:00,1
2026-08-22 04:00:00+00:00,0.004258,0.00475,0.003558,0.004669,26093757.0,2026-08-22 07:59:59.999000+00:00,1
2026-08-22 08:00:00+00:00,0.004671,0.004712,0.004142,0.004641,18023096.0,2026-08-22 11:59:59.999000+00:00,1
2026-08-22 12:00:00+00:00,0.004642,0.004945,0.004535,0.004667,20196906.0,2026-08-22 15:59:59.999000+00:00,1
2026-08-22 16:00:00+00:00,0.004669,0.005007,0.004605,0.004883,13092222.0,2026-08-22 19:59:59.999000+00:00,1
2026-08-22 20:00:00+00:00,0.004883,0.005148,0.004783,0.004965,11627662.0,2026-08-22 23:59:59.999000+00:00,1
2026-08-23 00:00:00+00:00,0.004964,0.005048,0.004624,0.004696,11619988.0,2026-08-23 03:59:59.999000+00:00,1
2026-08-23 04:00:00+00:00,0.004696,0.005459,0.00461,0.005117,22503407.0,2026-08-23 07:59:59.999000+00:00,1
2026-08-23 08:00:00+00:00,0.005118,0.005349,0.00505,0.00532,13352871.0,2026-08-23 11:59:59.999000+00:00,1
2026-08-23 12:00:00+00:00,0.00532,0.00544,0.005088,0.005139,16125212.0,2026-08-23 15:59:59.999000+00:00,1
2026-08-23 16:00:00+00:00,0.00514,0.005265,0.005062,0.005126,7854343.0,2026-08-23 19:59:59.999000+00:00,1
2026-08-23 20:00:00+00:00,0.005125,0.005409,0.005067,0.005226,7914588.0,2026-08-23 23:59:59.999000+00:00,1
2026-08-24 00:00:00+00:00,0.005225,0.005261,0.004911,0.005002,9219166.0,2026-08-24 03:59:59.999000+00:00,1
2026-08-24 04:00:00+00:00,0.005002,0.005072,0.004925,0.004946,6132493.0,2026-08-24 07:59:59.999000+00:00,1
2026-08-24 08:00:00+00:00,0.004947,0.005059,0.004809,0.005019,7804085.0,2026-08-24 11:59:59.999000+00:00,1
2026-08-24 12:00:00+00:00,0.005019,0.005044,0.004838,0.004874,7599875.0,2026-08-24 15:59:59.999000+00:00,1
2026-08-24 16:00:00+00:00,0.004875,0.004952,0.004547,0.004728,12597826.0,2026-08-24 19:59:59.999000+00:00,1
2026-08-24 20:00:00+00:00,0.004728,0.004825,0.004662,0.004741,3155617.0,2026-08-24 23:59:59.999000+00:00,1
2026-08-25 00:00:00+00:00,0.004742,0.004918,0.004675,0.004867,7560947.0,2026-08-25 03:59:59.999000+00:00,1
2026-08-25 04:00:00+00:00,0.004867,0.004991,0.004782,0.00491,6389907.0,2026-08-25 07:59:59.999000+00:00,1
2026-08-25 08:00:00+00:00,0.00491,0.004969,0.004669,0.004743,8127155.0,2026-08-25 11:59:59.999000+00:00,1
2026-08-25 12:00:00+00:00,0.004743,0.004824,0.004482,0.004587,9931891.0,2026-08-25 15:59:59.999000+00:00,1
2026-08-25 16:00:00+00:00,0.004587,0.004616,0.004444,0.004459,4329506.0,2026-08-25 19:59:59.999000+00:00,1
2026-08-25 20:00:00+00:00,0.00446,0.004699,0.00435,0.0045,11363649.0,2026-08-25 23:59:59.999000+00:00,1
2026-08-26 00:00:00+00:00,0.0045,0.004746,0.004428,0.004676,8598438.0,2026-08-26 03:59:59.999000+00:00,1
2026-08-26 04:00:00+00:00,0.004676,0.004921,0.004674,0.004802,10065594.0,2026-08-26 07:59:59.999000+00:00,1
2026-08-26 08:00:00+00:00,0.004802,0.004888,0.004725,0.00476,9591376.0,2026-08-26 11:59:59.999000+00:00,1
2026-08-26 12:00:00+00:00,0.00476,0.004799,0.004626,0.00472,12053474.0,2026-08-26 15:59:59.999000+00:00,1
2026-08-26 16:00:00+00:00,0.00472,0.004934,0.004644,0.004706,10136575.0,2026-08-26 19:59:59.999000+00:00,1
2026-08-26 20:00:00+00:00,0.004704,0.004925,0.004586,0.004885,5730936.0,2026-08-26 23:59:59.999000+00:00,1
2026-08-27 00:00:00+00:00,0.004885,0.004955,0.004645,0.00469,4419629.0,2026-08-27 03:59:59.999000+00:00,1
2026-08-27 04:00:00+00:00,0.00469,0.004734,0.004454,0.004663,7804538.0,2026-08-27 07:59:59.999000+00:00,1
2026-08-27 08:00:00+00:00,0.004663,0.00493,0.004644,0.004769,8987837.0,2026-08-27 11:59:59.999000+00:00,1
2026-08-27 12:00:00+00:00,0.004768,0.005036,0.004759,0.004908,8389092.0,2026-08-27 15:59:59.999000+00:00,1
2026-08-27 16:00:00+00:00,0.004907,0.005029,0.004686,0.004911,9609935.0,2026-08-27 19:59:59.999000+00:00,1
2026-08-27 20:00:00+00:00,0.004911,0.004985,0.004788,0.004875,3139465.0,2026-08-27 23:59:59.999000+00:00,1
2026-08-28 00:00:00+00:00,0.004876,0.004902,0.004637,0.004685,5920143.0,2026-08-28 03:59:59.999000+00:00,1
2026-08-28 04:00:00+00:00,0.004685,0.004754,0.004622,0.004683,3312737.0,2026-08-28 07:59:59.999000+00:00,1
2026-08-28 08:00:00+00:00,0.004684,0.00482,0.004628,0.004781,4993088.0,2026-08-28 11:59:59.999000+00:00,1
2026-08-28 12:00:00+00:00,0.004781,0.004942,0.004629,0.004784,9118665.0,2026-08-28 15:59:59.999000+00:00,1
2026-08-28 16:00:00+00:00,0.004783,0.004808,0.004502,0.00465,8658995.0,2026-08-28 19:59:59.999000+00:00,1
2026-08-28 20:00:00+00:00,0.004649,0.004659,0.004412,0.004626,4309550.0,2026-08-28 23:59:59.999000+00:00,1
2026-08-29 00:00:00+00:00,0.004626,0.004727,0.004554,0.004578,3250216.0,2026-08-29 03:59:59.999000+00:00,1
2026-08-29 04:00:00+00:00,0.004579,0.004664,0.004553,0.004616,2580704.0,2026-08-29 07:59:59.999000+00:00,1
2026-08-29 08:00:00+00:00,0.004615,0.004708,0.004564,0.004606,3283676.0,2026-08-29 11:59:59.999000+00:00,1
2026-08-29 12:00:00+00:00,0.004605,0.004857,0.004604,0.004787,4417959.0,2026-08-29 15:59:59.999000+00:00,1
2026-08-29 16:00:00+00:00,0.004787,0.004892,0.004762,0.004843,4153924.0,2026-08-29 19:59:59.999000+00:00,1
2026-08-29 20:00:00+00:00,0.004843,0.005123,0.004822,0.005057,6102886.0,2026-08-29 23:59:59.999000+00:00,1
2026-08-30 00:00:00+00:00,0.005057,0.005109,0.004935,0.00496,5860831.0,2026-08-30 03:59:59.999000+00:00,1
2026-08-30 04:00:00+00:00,0.004959,0.004973,0.00481,0.004827,4336770.0,2026-08-30 07:59:59.999000+00:00,1
2026-08-30 08:00:00+00:00,0.004827,0.004879,0.004785,0.004809,2975272.0,2026-08-30 11:59:59.999000+00:00,1
2026-08-30 12:00:00+00:00,0.00481,0.004943,0.004793,0.004852,5134353.0,2026-08-30 15:59:59.999000+00:00,1
2026-08-30 16:00:00+00:00,0.004851,0.004935,0.004636,0.004676,6101473.0,2026-08-30 19:59:59.999000+00:00,1
2026-08-30 20:00:00+00:00,0.004675,0.004743,0.004344,0.004471,7903319.0,2026-08-30 23:59:59.999000+00:00,1
2026-08-31 00:00:00+00:00,0.004471,0.004529,0.004166,0.004286,8314421.0,2026-08-31 03:59:59.999000+00:00,1
2026-08-31 04:00:00+00:00,0.004286,0.004387,0.004208,0.004369,7080479.0,2026-08-31 07:59:59.999000+00:00,1
2026-08-31 08:00:00+00:00,0.004369,0.004445,0.004283,0.004306,6670534.0,2026-08-31 11:59:59.999000+00:00,1
2026-08-31 12:00:00+00:00,0.004307,0.004387,0.004244,0.004308,6724520.0,2026-08-31 15:59:59.999000+00:00,1
2026-08-31 16:00:00+00:00,0.004307,0.004484,0.004267,0.0044,5787265.0,2026-08-31 19:59:59.999000+00:00,1
2026-08-31 20:00:00+00:00,0.0044,0.004482,0.004395,0.00445,2642173.0,2026-08-31 23:59:59.999000+00:00,1
2026-09-01 00:00:00+00:00,0.004449,0.004695,0.004443,0.004518,6861275.0,2026-09-01 03:59:59.999000+00:00,1
2026-09-01 04:00:00+00:00,0.004518,0.004568,0.004456,0.00449,3166170.0,2026-09-01 07:59:59.999000+00:00,1
2026-09-01 08:00:00+00:00,0.00449,0.004495,0.00431,0.004425,5710457.0,2026-09-01 11:59:59.999000+00:00,1
2026-09-01 12:00:00+00:00,0.004426,0.004509,0.004335,0.004487,5548512.0,2026-09-01 15:59:59.999000+00:00,1
2026-09-01 16:00:00+00:00,0.004486,0.00449,0.004218,0.004359,6626989.0,2026-09-01 19:59:59.999000+00:00,1
2026-09-01 20:00:00+00:00,0.004359,0.004418,0.004284,0.004375,2094231.0,2026-09-01 23:59:59.999000+00:00,1
2026-09-02 00:00:00+00:00,0.004375,0.004394,0.004135,0.004272,6510473.0,2026-09-02 03:59:59.999000+00:00,1
2026-09-02 04:00:00+00:00,0.004273,0.004349,0.004258,0.004305,2884146.0,2026-09-02 07:59:59.999000+00:00,1
2026-09-02 08:00:00+00:00,0.004305,0.004319,0.004155,0.004233,4813289.0,2026-09-02 11:59:59.999000+00:00,1
2026-09-02 12:00:00+00:00,0.004232,0.004255,0.004079,0.004151,5563083.0,2026-09-02 15:59:59.999000+00:00,1
2026-09-02 16:00:00+00:00,0.004152,0.004227,0.004031,0.004054,5157635.0,2026-09-02 19:59:59.999000+00:00,1
2026-09-02 20:00:00+00:00,0.004054,0.004113,0.004006,0.004088,2549559.0,2026-09-02 23:59:59.999000+00:00,1
2026-09-03 00:00:00+00:00,0.004089,0.004275,0.004023,0.004251,5423581.0,2026-09-03 03:59:59.999000+00:00,1
2026-09-03 04:00:00+00:00,0.004251,0.004374,0.004223,0.004262,5128381.0,2026-09-03 07:59:59.999000+00:00,1
2026-09-03 08:00:00+00:00,0.004261,0.004437,0.004258,0.00439,5781011.0,2026-09-03 11:59:59.999000+00:00,1
2026-09-03 12:00:00+00:00,0.00439,0.004484,0.004323,0.004458,6691834.0,2026-09-03 15:59:59.999000+00:00,1
2026-09-03 16:00:00+00:00,0.004458,0.004547,0.004407,0.004432,4855178.0,2026-09-03 19:59:59.999000+00:00,1
2026-09-03 20:00:00+00:00,0.004433,0.00448,0.004241,0.004318,4916704.0,2026-09-03 23:59:59.999000+00:00,1
2026-09-04 00:00:00+00:00,0.004319,0.004326,0.004063,0.004305,8355674.0,2026-09-04 03:59:59.999000+00:00,1
2026-09-04 04:00:00+00:00,0.004304,0.004415,0.004285,0.004356,5541558.0,2026-09-04 07:59:59.999000+00:00,1
2026-09-04 08:00:00+00:00,0.004356,0.004365,0.004169,0.004225,4411485.0,2026-09-04 11:59:59.999000+00:00,1
2026-09-04 12:00:00+00:00,0.004225,0.004331,0.004084,0.004243,10147570.0,2026-09-04 15:59:59.999000+00:00,1
2026-09-04 16:00:00+00:00,0.004244,0.004418,0.004238,0.004289,3740007.0,2026-09-04 19:59:59.999000+00:00,1
2026-09-04 20:00:00+00:00,0.00429,0.004305,0.004189,0.004239,1520266.0,2026-09-04 23:59:59.999000+00:00,1
2026-09-05 00:00:00+00:00,0.00424,0.00428,0.004196,0.004259,1846007.0,2026-09-05 03:59:59.999000+00:00,1
2026-09-05 04:00:00+00:00,0.004259,0.004276,0.004142,0.004212,2629673.0,2026-09-05 07:59:59.999000+00:00,1
2026-09-05 08:00:00+00:00,0.004213,0.004248,0.004145,0.004167,2801879.0,2026-09-05 11:59:59.999000+00:00,1
2026-09-05 12:00:00+00:00,0.004167,0.004188,0.004014,0.004035,6840572.0,2026-09-05 15:59:59.999000+00:00,1
2026-09-05 16:00:00+00:00,0.004036,0.004134,0.003902,0.00392,8274075.0,2026-09-05 19:59:59.999000+00:00,1
2026-09-05 20:00:00+00:00,0.00392,0.004027,0.003833,0.003842,4211281.0,2026-09-05 23:59:59.999000+00:00,1
2026-09-06 00:00:00+00:00,0.003842,0.004112,0.003758,0.004098,10734345.0,2026-09-06 03:59:59.999000+00:00,1
2026-09-06 04:00:00+00:00,0.004097,0.0041,0.003906,0.003969,6278007.0,2026-09-06 07:59:59.999000+00:00,1
2026-09-06 08:00:00+00:00,0.003968,0.004064,0.003933,0.003979,4552953.0,2026-09-06 11:59:59.999000+00:00,1
2026-09-06 12:00:00+00:00,0.003979,0.004084,0.003863,0.003894,7006526.0,2026-09-06 15:59:59.999000+00:00,1
2026-09-06 16:00:00+00:00,0.003893,0.003904,0.003752,0.003837,6607032.0,2026-09-06 19:59:59.999000+00:00,1
2026-09-06 20:00:00+00:00,0.003836,0.004035,0.00383,0.004014,4587362.0,2026-09-06 23:59:59.999000+00:00,1
2026-09-07 00:00:00+00:00,0.004015,0.004065,0.003901,0.004005,4884092.0,2026-09-07 03:59:59.999000+00:00,1
2026-09-07 04:00:00+00:00,0.004004,0.004153,0.00397,0.004017,6466233.0,2026-09-07 07:59:59.999000+00:00,1
2026-09-07 08:00:00+00:00,0.004016,0.004646,0.004006,0.004521,16338540.0,2026-09-07 11:59:59.999000+00:00,1
2026-09-07 12:00:00+00:00,0.00452,0.004565,0.00418,0.004195,13021140.0,2026-09-07 15:59:59.999000+00:00,1
2026-09-07 16:00:00+00:00,0.004196,0.004495,0.004185,0.004449,8657053.0,2026-09-07 19:59:59.999000+00:00,1
2026-09-07 20:00:00+00:00,0.004448,0.004461,0.004324,0.00436,4380702.0,2026-09-07 23:59:59.999000+00:00,1
2026-09-08 00:00:00+00:00,0.00436,0.004557,0.004305,0.004346,7890483.0,2026-09-08 03:59:59.999000+00:00,1
2026-09-08 04:00:00+00:00,0.004346,0.004356,0.004121,0.004234,5991875.0,2026-09-08 07:59:59.999000+00:00,1
2026-09-08 08:00:00+00:00,0.004233,0.004444,0.004201,0.004321,6159130.0,2026-09-08 11:59:59.999000+00:00,1
2026-09-08 12:00:00+00:00,0.00432,0.00444,0.004224,0.004392,7986162.0,2026-09-08 15:59:59.999000+00:00,1
2026-09-08 16:00:00+00:00,0.004392,0.004458,0.004282,0.004371,5275279.0,2026-09-08 19:59:59.999000+00:00,1
2026-09-08 20:00:00+00:00,0.004371,0.004398,0.004247,0.004312,2608737.0,2026-09-08 23:59:59.999000+00:00,1
2026-09-09 00:00:00+00:00,0.004313,0.0045,0.004304,0.004483,4331676.0,2026-09-09 03:59:59.999000+00:00,1
2026-09-09 04:00:00+00:00,0.004482,0.004605,0.004416,0.004543,5049570.0,2026-09-09 07:59:59.999000+00:00,1
2026-09-09 08:00:00+00:00,0.004544,0.00461,0.004355,0.004603,7365747.0,2026-09-09 11:59:59.999000+00:00,1
2026-09-09 12:00:00+00:00,0.004603,0.004743,0.004523,0.004631,11463606.0,2026-09-09 15:59:59.999000+00:00,1
2026-09-09 16:00:00+00:00,0.004631,0.004873,0.004326,0.004328,13905401.0,2026-09-09 19:59:59.999000+00:00,1
2026-09-09 20:00:00+00:00,0.004329,0.004492,0.004043,0.004086,12227582.0,2026-09-09 23:59:59.999000+00:00,1
2026-09-10 00:00:00+00:00,0.004087,0.004128,0.00397,0.004057,6479627.0,2026-09-10 03:59:59.999000+00:00,1
2026-09-10 04:00:00+00:00,0.004057,0.004128,0.003885,0.003914,5891880.0,2026-09-10 07:59:59.999000+00:00,1
2026-09-10 08:00:00+00:00,0.003914,0.004037,0.003905,0.003979,4384881.0,2026-09-10 11:59:59.999000+00:00,1
2026-09-10 12:00:00+00:00,0.003979,0.003997,0.003812,0.003846,9863807.0,2026-09-10 15:59:59.999000+00:00,1
2026-09-10 16:00:00+00:00,0.003846,0.003929,0.003776,0.003867,5386384.0,2026-09-10 19:59:59.999000+00:00,1
2026-09-10 20:00:00+00:00,0.003867,0.0039,0.003613,0.003651,6471264.0,2026-09-10 23:59:59.999000+00:00,1
2026-09-11 00:00:00+00:00,0.003652,0.003741,0.003575,0.003665,5351855.0,2026-09-11 03:59:59.999000+00:00,1
2026-09-11 04:00:00+00:00,0.003665,0.003794,0.003656,0.003702,6167084.0,2026-09-11 07:59:59.999000+00:00,1
2026-09-11 08:00:00+00:00,0.003702,0.003735,0.003625,0.003657,4521474.0,2026-09-11 11:59:59.999000+00:00,1
2026-09-11 12:00:00+00:00,0.003656,0.003884,0.003546,0.003647,13206526.0,2026-09-11 15:59:59.999000+00:00,1
2026-09-11 16:00:00+00:00,0.003647,0.003742,0.003503,0.003595,8594341.0,2026-09-11 19:59:59.999000+00:00,1
2026-09-11 20:00:00+00:00,0.003596,0.003621,0.003516,0.003586,2661047.0,2026-09-11 23:59:59.999000+00:00,1
2026-09-12 00:00:00+00:00,0.003586,0.003647,0.003522,0.003533,3287596.0,2026-09-12 03:59:59.999000+00:00,1
2026-09-12 04:00:00+00:00,0.003533,0.003591,0.003503,0.003583,2477706.0,2026-09-12 07:59:59.999000+00:00,1
2026-09-12 08:00:00+00:00,0.003583,0.003611,0.003535,0.003564,2091012.0,2026-09-12 11:59:59.999000+00:00,1
2026-09-12 12:00:00+00:00,0.003564,0.003686,0.003536,0.00366,4098095.0,2026-09-12 15:59:59.999000+00:00,1
2026-09-12 16:00:00+00:00,0.003661,0.003967,0.003649,0.003897,12495381.0,2026-09-12 19:59:59.999000+00:00,1
2026-09-12 20:00:00+00:00,0.003895,0.003909,0.003744,0.003776,3723793.0,2026-09-12 23:59:59.999000+00:00,1
2026-09-13 00:00:00+00:00,0.003775,0.003863,0.003746,0.003751,3919972.0,2026-09-13 03:59:59.999000+00:00,1
2026-09-13 04:00:00+00:00,0.003751,0.003856,0.003706,0.003718,4423296.0,2026-09-13 07:59:59.999000+00:00,1
2026-09-13 08:00:00+00:00,0.003719,0.003739,0.003627,0.003725,5286080.0,2026-09-13 11:59:59.999000+00:00,1
2026-09-13 12:00:00+00:00,0.003724,0.003729,0.003555,0.00357,4188397.0,2026-09-13 15:59:59.999000+00:00,1
2026-09-13 16:00:00+00:00,0.003569,0.003662,0.003556,0.00357,5281656.0,2026-09-13 19:59:59.999000+00:00,1
2026-09-13 20:00:00+00:00,0.003571,0.003647,0.003459,0.003472,5013546.0,2026-09-13 23:59:59.999000+00:00,1
2026-09-14 00:00:00+00:00,0.003471,0.003685,0.003454,0.003645,4806627.0,2026-09-14 03:59:59.999000+00:00,1
2026-09-14 04:00:00+00:00,0.003645,0.003664,0.003605,0.003629,2247050.0,2026-09-14 07:59:59.999000+00:00,1
2026-09-14 08:00:00+00:00,0.003628,0.00367,0.003594,0.003616,3317736.0,2026-09-14 11:59:59.999000+00:00,1
2026-09-14 12:00:00+00:00,0.003617,0.003668,0.00357,0.003635,3323091.0,2026-09-14 15:59:59.999000+00:00,1
2026-09-14 16:00:00+00:00,0.003635,0.003814,0.00362,0.003679,5426683.0,2026-09-14 19:59:59.999000+00:00,1
2026-09-14 20:00:00+00:00,0.00368,0.003758,0.003632,0.003681,2920157.0,2026-09-14 23:59:59.999000+00:00,1
2026-09-15 00:00:00+00:00,0.00368,0.003738,0.003627,0.003648,3491833.0,2026-09-15 03:59:59.999000+00:00,1
2026-09-15 04:00:00+00:00,0.003649,0.003677,0.003553,0.003572,3262003.0,2026-09-15 07:59:59.999000+00:00,1
2026-09-15 08:00:00+00:00,0.003572,0.003634,0.003561,0.003612,2023551.0,2026-09-15 11:59:59.999000+00:00,1
2026-09-15 12:00:00+00:00,0.003612,0.003678,0.003472,0.003553,5743724.0,2026-09-15 15:59:59.999000+00:00,1
2026-09-15 16:00:00+00:00,0.003552,0.003615,0.003447,0.003581,6517959.0,2026-09-15 19:59:59.999000+00:00,1
2026-09-15 20:00:00+00:00,0.003582,0.003593,0.003479,0.003516,2363954.0,2026-09-15 23:59:59.999000+00:00,1
2026-09-16 00:00:00+00:00,0.003515,0.003539,0.003392,0.003462,4064015.0,2026-09-16 03:59:59.999000+00:00,1
2026-09-16 04:00:00+00:00,0.003463,0.00354,0.00345,0.003497,3038283.0,2026-09-16 07:59:59.999000+00:00,1
2026-09-16 08:00:00+00:00,0.003497,0.00367,0.00346,0.003643,4169485.0,2026-09-16 11:59:59.999000+00:00,1
2026-09-16 12:00:00+00:00,0.003643,0.003692,0.003562,0.003608,4805691.0,2026-09-16 15:59:59.999000+00:00,1
2026-09-16 16:00:00+00:00,0.003609,0.003785,0.003579,0.003667,7489022.0,2026-09-16 19:59:59.999000+00:00,1
2026-09-16 20:00:00+00:00,0.003667,0.003719,0.003563,0.003622,4314647.0,2026-09-16 23:59:59.999000+00:00,1
2026-09-17 00:00:00+00:00,0.003621,0.003858,0.003616,0.00383,4897120.0,2026-09-17 03:59:59.999000+00:00,1
2026-09-17 04:00:00+00:00,0.00383,0.003908,0.003786,0.003885,3931385.0,2026-09-17 07:59:59.999000+00:00,1
2026-09-17 08:00:00+00:00,0.003885,0.003952,0.003833,0.0039,4167693.0,2026-09-17 11:59:59.999000+00:00,1
2026-09-17 12:00:00+00:00,0.0039,0.004073,0.00389,0.003975,6922267.0,2026-09-17 15:59:59.999000+00:00,1
2026-09-17 16:00:00+00:00,0.003976,0.003985,0.003907,0.00391,2131486.0,2026-09-17 19:59:59.999000+00:00,1
2026-09-17 20:00:00+00:00,0.003911,0.004124,0.003908,0.004085,2426755.0,2026-09-17 23:59:59.999000+00:00,1
2026-09-18 00:00:00+00:00,0.004085,0.00415,0.003987,0.004131,3557815.0,2026-09-18 03:59:59.999000+00:00,1
2026-09-18 04:00:00+00:00,0.004131,0.004339,0.004056,0.004236,6294327.0,2026-09-18 07:59:59.999000+00:00,1
2026-09-18 08:00:00+00:00,0.004235,0.00432,0.004168,0.004181,3392955.0,2026-09-18 11:59:59.999000+00:00,1
2026-09-18 12:00:00+00:00,0.004182,0.004373,0.004148,0.004325,5594643.0,2026-09-18 15:59:59.999000+00:00,1
2026-09-18 16:00:00+00:00,0.004326,0.00445,0.004239,0.0044,3548009.0,2026-09-18 19:59:59.999000+00:00,1
2026-09-18 20:00:00+00:00,0.004399,0.004411,0.004216,0.004242,2629271.0,2026-09-18 23:59:59.999000+00:00,1
2026-09-19 00:00:00+00:00,0.004242,0.00431,0.004188,0.004269,2687805.0,2026-09-19 03:59:59.999000+00:00,1
2026-09-19 04:00:00+00:00,0.00427,0.004279,0.004034,0.004109,3846658.0,2026-09-19 07:59:59.999000+00:00,1
2026-09-19 08:00:00+00:00,0.004109,0.004218,0.004093,0.004154,2759404.0,2026-09-19 11:59:59.999000+00:00,1
2026-09-19 12:00:00+00:00,0.004155,0.004208,0.004085,0.004115,2113410.0,2026-09-19 15:59:59.999000+00:00,1
2026-09-19 16:00:00+00:00,0.004116,0.004208,0.004091,0.004177,2590179.0,2026-09-19 19:59:59.999000+00:00,1
2026-09-19 20:00:00+00:00,0.004177,0.004277,0.004117,0.004254,2139458.0,2026-09-19 23:59:59.999000+00:00,1
2026-09-20 00:00:00+00:00,0.004254,0.004265,0.00391,0.003972,4709357.0,2026-09-20 03:59:59.999000+00:00,1
2026-09-20 04:00:00+00:00,0.003972,0.00402,0.00393,0.003972,1940505.0,2026-09-20 07:59:59.999000+00:00,1
2026-09-20 08:00:00+00:00,0.003973,0.004112,0.003913,0.004047,3674204.0,2026-09-20 11:59:59.999000+00:00,1
2026-09-20 12:00:00+00:00,0.004047,0.004102,0.003994,0.004061,2470677.0,2026-09-20 15:59:59.999000+00:00,0
