ts,open,high,low,close,volume,close_time,confirm
2026-03-24 04:00:00+00:00,1.742,1.795,1.703,1.795,1720781.0,2026-03-24 07:59:59.999000+00:00,1
2026-03-24 08:00:00+00:00,1.794,1.8,1.721,1.738,3242637.0,2026-03-24 11:59:59.999000+00:00,1
2026-03-24 12:00:00+00:00,1.738,1.753,1.698,1.707,1257908.0,2026-03-24 15:59:59.999000+00:00,1
2026-03-24 16:00:00+00:00,1.707,1.724,1.678,1.721,1009562.0,2026-03-24 19:59:59.999000+00:00,1
2026-03-24 20:00:00+00:00,1.721,1.779,1.72,1.749,1363462.0,2026-03-24 23:59:59.999000+00:00,1
2026-03-25 00:00:00+00:00,1.748,1.797,1.74,1.778,1359930.0,2026-03-25 03:59:59.999000+00:00,1
2026-03-25 04:00:00+00:00,1.777,1.815,1.769,1.807,886927.0,2026-03-25 07:59:59.999000+00:00,1
2026-03-25 08:00:00+00:00,1.808,1.91,1.805,1.889,2545271.0,2026-03-25 11:59:59.999000+00:00,1
2026-03-25 12:00:00+00:00,1.889,1.897,1.813,1.845,2688566.0,2026-03-25 15:59:59.999000+00:00,1
2026-03-25 16:00:00+00:00,1.845,1.904,1.84,1.855,1627819.0,2026-03-25 19:59:59.999000+00:00,1
2026-03-25 20:00:00+00:00,1.855,1.86,1.833,1.857,697150.0,2026-03-25 23:59:59.999000+00:00,1
2026-03-26 00:00:00+00:00,1.857,1.878,1.79,1.801,1305800.0,2026-03-26 03:59:59.999000+00:00,1
2026-03-26 04:00:00+00:00,1.802,1.806,1.757,1.764,907324.0,2026-03-26 07:59:59.999000+00:00,1
2026-03-26 08:00:00+00:00,1.764,1.773,1.742,1.744,589499.0,2026-03-26 11:59:59.999000+00:00,1
2026-03-26 12:00:00+00:00,1.745,1.792,1.737,1.756,1182130.0,2026-03-26 15:59:59.999000+00:00,1
2026-03-26 16:00:00+00:00,1.756,1.766,1.735,1.756,741065.0,2026-03-26 19:59:59.999000+00:00,1
2026-03-26 20:00:00+00:00,1.756,1.789,1.739,1.764,958520.0,2026-03-26 23:59:59.999000+00:00,1
2026-03-27 00:00:00+00:00,1.764,1.825,1.75,1.797,1390172.0,2026-03-27 03:59:59.999000+00:00,1
2026-03-27 04:00:00+00:00,1.797,1.799,1.764,1.78,682239.0,2026-03-27 07:59:59.999000+00:00,1
2026-03-27 08:00:00+00:00,1.78,1.787,1.688,1.7,1388439.0,2026-03-27 11:59:59.999000+00:00,1
2026-03-27 12:00:00+00:00,1.701,1.707,1.659,1.682,873034.0,2026-03-27 15:59:59.999000+00:00,1
2026-03-27 16:00:00+00:00,1.682,1.686,1.652,1.663,439902.0,2026-03-27 19:59:59.999000+00:00,1
2026-03-27 20:00:00+00:00,1.663,1.665,1.636,1.658,387484.0,2026-03-27 23:59:59.999000+00:00,1
2026-03-28 00:00:00+00:00,1.659,1.659,1.627,1.63,1162082.0,2026-03-28 03:59:59.999000+00:00,1
2026-03-28 04:00:00+00:00,1.63,1.694,1.615,1.693,975221.0,2026-03-28 07:59:59.999000+00:00,1
2026-03-28 08:00:00+00:00,1.692,1.72,1.676,1.685,928833.0,2026-03-28 11:59:59.999000+00:00,1
2026-03-28 12:00:00+00:00,1.685,1.74,1.675,1.719,1066103.0,2026-03-28 15:59:59.999000+00:00,1
2026-03-28 16:00:00+00:00,1.719,1.725,1.688,1.691,291372.0,2026-03-28 19:59:59.999000+00:00,1
2026-03-28 20:00:00+00:00,1.692,1.699,1.641,1.653,562668.0,2026-03-28 23:59:59.999000+00:00,1
2026-03-29 00:00:00+00:00,1.654,1.682,1.64,1.677,427170.0,2026-03-29 03:59:59.999000+00:00,1
2026-03-29 04:00:00+00:00,1.678,1.687,1.666,1.669,308846.0,2026-03-29 07:59:59.999000+00:00,1
2026-03-29 08:00:00+00:00,1.668,1.688,1.659,1.679,349532.0,2026-03-29 11:59:59.999000+00:00,1
2026-03-29 12:00:00+00:00,1.679,1.686,1.649,1.666,500941.0,2026-03-29 15:59:59.999000+00:00,1
2026-03-29 16:00:00+00:00,1.666,1.675,1.649,1.653,260387.0,2026-03-29 19:59:59.999000+00:00,1
2026-03-29 20:00:00+00:00,1.653,1.673,1.602,1.65,662035.0,2026-03-29 23:59:59.999000+00:00,1
2026-03-30 00:00:00+00:00,1.651,1.73,1.647,1.712,800855.0,2026-03-30 03:59:59.999000+00:00,1
2026-03-30 04:00:00+00:00,1.713,1.749,1.712,1.745,517585.0,2026-03-30 07:59:59.999000+00:00,1
2026-03-30 08:00:00+00:00,1.745,1.769,1.73,1.745,861961.0,2026-03-30 11:59:59.999000+00:00,1
2026-03-30 12:00:00+00:00,1.745,1.759,1.699,1.728,932225.0,2026-03-30 15:59:59.999000+00:00,1
2026-03-30 16:00:00+00:00,1.728,1.736,1.676,1.696,1091880.0,2026-03-30 19:59:59.999000+00:00,1
2026-03-30 20:00:00+00:00,1.697,1.717,1.673,1.682,281056.0,2026-03-30 23:59:59.999000+00:00,1
2026-03-31 00:00:00+00:00,1.683,1.728,1.683,1.713,1145215.0,2026-03-31 03:59:59.999000+00:00,1
2026-03-31 04:00:00+00:00,1.714,1.716,1.689,1.704,372163.0,2026-03-31 07:59:59.999000+00:00,1
2026-03-31 08:00:00+00:00,1.704,1.717,1.659,1.68,716684.0,2026-03-31 11:59:59.999000+00:00,1
2026-03-31 12:00:00+00:00,1.681,1.721,1.678,1.69,968844.0,2026-03-31 15:59:59.999000+00:00,1
2026-03-31 16:00:00+00:00,1.69,1.746,1.689,1.738,1088336.0,2026-03-31 19:59:59.999000+00:00,1
2026-03-31 20:00:00+00:00,1.738,1.748,1.716,1.742,511905.0,2026-03-31 23:59:59.999000+00:00,1
2026-04-01 00:00:00+00:00,1.742,1.8,1.738,1.778,831851.0,2026-04-01 03:59:59.999000+00:00,1
2026-04-01 04:00:00+00:00,1.779,1.825,1.766,1.816,518941.0,2026-04-01 07:59:59.999000+00:00,1
2026-04-01 08:00:00+00:00,1.817,1.836,1.778,1.787,663807.0,2026-04-01 11:59:59.999000+00:00,1
2026-04-01 12:00:00+00:00,1.787,1.829,1.781,1.813,790075.0,2026-04-01 15:59:59.999000+00:00,1
2026-04-01 16:00:00+00:00,1.812,1.834,1.766,1.78,456208.0,2026-04-01 19:59:59.999000+00:00,1
2026-04-01 20:00:00+00:00,1.778,1.787,1.755,1.762,221675.0,2026-04-01 23:59:59.999000+00:00,1
2026-04-02 00:00:00+00:00,1.761,1.804,1.695,1.708,1010710.0,2026-04-02 03:59:59.999000+00:00,1
2026-04-02 04:00:00+00:00,1.709,1.759,1.704,1.757,443298.0,2026-04-02 07:59:59.999000+00:00,1
2026-04-02 08:00:00+00:00,1.757,1.759,1.705,1.72,409168.0,2026-04-02 11:59:59.999000+00:00,1
2026-04-02 12:00:00+00:00,1.721,1.788,1.693,1.775,1064018.0,2026-04-02 15:59:59.999000+00:00,1
2026-04-02 16:00:00+00:00,1.776,1.851,1.758,1.846,974230.0,2026-04-02 19:59:59.999000+00:00,1
2026-04-02 20:00:00+00:00,1.846,1.892,1.835,1.87,1511072.0,2026-04-02 23:59:59.999000+00:00,1
2026-04-03 00:00:00+00:00,1.87,1.909,1.842,1.896,989631.0,2026-04-03 03:59:59.999000+00:00,1
2026-04-03 04:00:00+00:00,1.897,1.942,1.881,1.925,1742629.0,2026-04-03 07:59:59.999000+00:00,1
2026-04-03 08:00:00+00:00,1.924,1.934,1.879,1.918,1318403.0,2026-04-03 11:59:59.999000+00:00,1
2026-04-03 12:00:00+00:00,1.918,1.935,1.887,1.909,711972.0,2026-04-03 15:59:59.999000+00:00,1
2026-04-03 16:00:00+00:00,1.908,1.952,1.903,1.939,685357.0,2026-04-03 19:59:59.999000+00:00,1
2026-04-03 20:00:00+00:00,1.939,1.961,1.91,1.937,584593.0,2026-04-03 23:59:59.999000+00:00,1
2026-04-04 00:00:00+00:00,1.938,1.946,1.893,1.921,599635.0,2026-04-04 03:59:59.999000+00:00,1
2026-04-04 04:00:00+00:00,1.921,1.942,1.897,1.921,576774.0,2026-04-04 07:59:59.999000+00:00,1
2026-04-04 08:00:00+00:00,1.922,1.931,1.9,1.91,344193.0,2026-04-04 11:59:59.999000+00:00,1
2026-04-04 12:00:00+00:00,1.911,1.915,1.887,1.896,381917.0,2026-04-04 15:59:59.999000+00:00,1
2026-04-04 16:00:00+00:00,1.897,1.9,1.857,1.881,784240.0,2026-04-04 19:59:59.999000+00:00,1
2026-04-04 20:00:00+00:00,1.882,1.882,1.861,1.873,262084.0,2026-04-04 23:59:59.999000+00:00,1
2026-04-05 00:00:00+00:00,1.874,1.895,1.859,1.895,368374.0,2026-04-05 03:59:59.999000+00:00,1
2026-04-05 04:00:00+00:00,1.895,1.909,1.843,1.849,607029.0,2026-04-05 07:59:59.999000+00:00,1
2026-04-05 08:00:00+00:00,1.849,1.869,1.833,1.846,386241.0,2026-04-05 11:59:59.999000+00:00,1
2026-04-05 12:00:00+00:00,1.847,1.867,1.822,1.84,555668.0,2026-04-05 15:59:59.999000+00:00,1
2026-04-05 16:00:00+00:00,1.841,1.859,1.836,1.843,252329.0,2026-04-05 19:59:59.999000+00:00,1
2026-04-05 20:00:00+00:00,1.844,1.907,1.835,1.901,597436.0,2026-04-05 23:59:59.999000+00:00,1
2026-04-06 00:00:00+00:00,1.902,1.967,1.889,1.96,1454150.0,2026-04-06 03:59:59.999000+00:00,1
2026-04-06 04:00:00+00:00,1.96,1.998,1.914,1.928,1548817.0,2026-04-06 07:59:59.999000+00:00,1
2026-04-06 08:00:00+00:00,1.928,1.986,1.922,1.972,720515.0,2026-04-06 11:59:59.999000+00:00,1
2026-04-06 12:00:00+00:00,1.972,1.974,1.935,1.94,609118.0,2026-04-06 15:59:59.999000+00:00,1
2026-04-06 16:00:00+00:00,1.941,1.95,1.911,1.925,468881.0,2026-04-06 19:59:59.999000+00:00,1
2026-04-06 20:00:00+00:00,1.926,1.94,1.846,1.86,836044.0,2026-04-06 23:59:59.999000+00:00,1
2026-04-07 00:00:00+00:00,1.86,1.887,1.842,1.879,703405.0,2026-04-07 03:59:59.999000+00:00,1
2026-04-07 04:00:00+00:00,1.879,1.895,1.87,1.879,289501.0,2026-04-07 07:59:59.999000+00:00,1
2026-04-07 08:00:00+00:00,1.88,1.929,1.877,1.889,802332.0,2026-04-07 11:59:59.999000+00:00,1
2026-04-07 12:00:00+00:00,1.889,1.892,1.852,1.888,1250507.0,2026-04-07 15:59:59.999000+00:00,1
2026-04-07 16:00:00+00:00,1.888,1.934,1.882,1.931,1121362.0,2026-04-07 19:59:59.999000+00:00,1
2026-04-07 20:00:00+00:00,1.931,2.125,1.924,2.051,2480663.0,2026-04-07 23:59:59.999000+00:00,1
2026-04-08 00:00:00+00:00,2.052,2.08,2.025,2.047,1127647.0,2026-04-08 03:59:59.999000+00:00,1
2026-04-08 04:00:00+00:00,2.048,2.115,2.037,2.086,886607.0,2026-04-08 07:59:59.999000+00:00,1
2026-04-08 08:00:00+00:00,2.087,2.119,2.059,2.083,721838.0,2026-04-08 11:59:59.999000+00:00,1
2026-04-08 12:00:00+00:00,2.083,2.118,2.023,2.057,1376910.0,2026-04-08 15:59:59.999000+00:00,1
2026-04-08 16:00:00+00:00,2.058,2.079,2.012,2.026,544204.0,2026-04-08 19:59:59.999000+00:00,1
2026-04-08 20:00:00+00:00,2.027,2.041,1.987,1.999,471919.0,2026-04-08 23:59:59.999000+00:00,1
2026-04-09 00:00:00+00:00,2.0,2.022,1.975,2.007,738915.0,2026-04-09 03:59:59.999000+00:00,1
2026-04-09 04:00:00+00:00,2.007,2.051,2.005,2.02,619827.0,2026-04-09 07:59:59.999000+00:00,1
2026-04-09 08:00:00+00:00,2.021,2.047,2.004,2.043,536982.0,2026-04-09 11:59:59.999000+00:00,1
2026-04-09 12:00:00+00:00,2.042,2.081,2.027,2.073,1052238.0,2026-04-09 15:59:59.999000+00:00,1
2026-04-09 16:00:00+00:00,2.073,2.084,2.044,2.059,925422.0,2026-04-09 19:59:59.999000+00:00,1
2026-04-09 20:00:00+00:00,2.059,2.104,2.03,2.033,924406.0,2026-04-09 23:59:59.999000+00:00,1
2026-04-10 00:00:00+00:00,2.033,2.063,2.017,2.022,731927.0,2026-04-10 03:59:59.999000+00:00,1
2026-04-10 04:00:00+00:00,2.023,2.054,2.02,2.046,455150.0,2026-04-10 07:59:59.999000+00:00,1
2026-04-10 08:00:00+00:00,2.046,2.068,2.012,2.025,404207.0,2026-04-10 11:59:59.999000+00:00,1
2026-04-10 12:00:00+00:00,2.025,2.053,1.989,2.015,1248813.0,2026-04-10 15:59:59.999000+00:00,1
2026-04-10 16:00:00+00:00,2.014,2.031,1.996,2.03,428282.0,2026-04-10 19:59:59.999000+00:00,1
2026-04-10 20:00:00+00:00,2.029,2.033,1.988,2.005,308757.0,2026-04-10 23:59:59.999000+00:00,1
2026-04-11 00:00:00+00:00,2.005,2.006,1.964,1.977,568089.0,2026-04-11 03:59:59.999000+00:00,1
2026-04-11 04:00:00+00:00,1.976,2.009,1.974,1.998,312904.0,2026-04-11 07:59:59.999000+00:00,1
2026-04-11 08:00:00+00:00,1.998,2.032,1.995,2.028,425446.0,2026-04-11 11:59:59.999000+00:00,1
2026-04-11 12:00:00+00:00,2.028,2.033,1.992,2.017,323664.0,2026-04-11 15:59:59.999000+00:00,1
2026-04-11 16:00:00+00:00,2.017,2.079,2.015,2.062,658940.0,2026-04-11 19:59:59.999000+00:00,1
2026-04-11 20:00:00+00:00,2.063,2.063,1.992,2.015,383190.0,2026-04-11 23:59:59.999000+00:00,1
2026-04-12 00:00:00+00:00,2.015,2.019,1.922,1.925,1076191.0,2026-04-12 03:59:59.999000+00:00,1
2026-04-12 04:00:00+00:00,1.924,1.928,1.897,1.908,453971.0,2026-04-12 07:59:59.999000+00:00,1
2026-04-12 08:00:00+00:00,1.909,1.916,1.878,1.903,350510.0,2026-04-12 11:59:59.999000+00:00,1
2026-04-12 12:00:00+00:00,1.902,1.91,1.863,1.876,408647.0,2026-04-12 15:59:59.999000+00:00,1
2026-04-12 16:00:00+00:00,1.875,1.902,1.875,1.893,243700.0,2026-04-12 19:59:59.999000+00:00,1
2026-04-12 20:00:00+00:00,1.894,1.904,1.868,1.883,311453.0,2026-04-12 23:59:59.999000+00:00,1
2026-04-13 00:00:00+00:00,1.883,1.914,1.878,1.891,307001.0,2026-04-13 03:59:59.999000+00:00,1
2026-04-13 04:00:00+00:00,1.891,1.902,1.854,1.859,381439.0,2026-04-13 07:59:59.999000+00:00,1
2026-04-13 08:00:00+00:00,1.859,1.863,1.848,1.86,302762.0,2026-04-13 11:59:59.999000+00:00,1
2026-04-13 12:00:00+00:00,1.861,1.914,1.854,1.869,798217.0,2026-04-13 15:59:59.999000+00:00,1
2026-04-13 16:00:00+00:00,1.868,1.9,1.859,1.899,696717.0,2026-04-13 19:59:59.999000+00:00,1
2026-04-13 20:00:00+00:00,1.899,1.94,1.878,1.919,1081719.0,2026-04-13 23:59:59.999000+00:00,1
2026-04-14 00:00:00+00:00,1.919,1.937,1.897,1.928,562948.0,2026-04-14 03:59:59.999000+00:00,1
2026-04-14 04:00:00+00:00,1.928,1.937,1.887,1.897,484702.0,2026-04-14 07:59:59.999000+00:00,1
2026-04-14 08:00:00+00:00,1.898,1.902,1.878,1.881,396272.0,2026-04-14 11:59:59.999000+00:00,1
2026-04-14 12:00:00+00:00,1.88,1.911,1.858,1.863,1251688.0,2026-04-14 15:59:59.999000+00:00,1
2026-04-14 16:00:00+00:00,1.863,1.875,1.819,1.839,1090992.0,2026-04-14 19:59:59.999000+00:00,1
2026-04-14 20:00:00+00:00,1.839,1.844,1.819,1.83,384404.0,2026-04-14 23:59:59.999000+00:00,1
2026-04-15 00:00:00+00:00,1.831,1.899,1.82,1.875,764111.0,2026-04-15 03:59:59.999000+00:00,1
2026-04-15 04:00:00+00:00,1.875,1.887,1.844,1.851,416828.0,2026-04-15 07:59:59.999000+00:00,1
2026-04-15 08:00:00+00:00,1.852,1.884,1.848,1.876,353000.0,2026-04-15 11:59:59.999000+00:00,1
2026-04-15 12:00:00+00:00,1.875,1.898,1.854,1.858,1035136.0,2026-04-15 15:59:59.999000+00:00,1
2026-04-15 16:00:00+00:00,1.858,1.918,1.856,1.903,914161.0,2026-04-15 19:59:59.999000+00:00,1
2026-04-15 20:00:00+00:00,1.903,1.904,1.869,1.884,488342.0,2026-04-15 23:59:59.999000+00:00,1
2026-04-16 00:00:00+00:00,1.884,1.894,1.863,1.889,682804.0,2026-04-16 03:59:59.999000+00:00,1
2026-04-16 04:00:00+00:00,1.889,1.904,1.869,1.886,626089.0,2026-04-16 07:59:59.999000+00:00,1
2026-04-16 08:00:00+00:00,1.885,1.888,1.858,1.875,365367.0,2026-04-16 11:59:59.999000+00:00,1
2026-04-16 12:00:00+00:00,1.874,1.899,1.802,1.846,1974581.0,2026-04-16 15:59:59.999000+00:00,1
2026-04-16 16:00:00+00:00,1.847,1.891,1.816,1.886,1328779.0,2026-04-16 19:59:59.999000+00:00,1
2026-04-16 20:00:00+00:00,1.886,1.89,1.845,1.875,571886.0,2026-04-16 23:59:59.999000+00:00,1
2026-04-17 00:00:00+00:00,1.874,1.895,1.858,1.864,652306.0,2026-04-17 03:59:59.999000+00:00,1
2026-04-17 04:00:00+00:00,1.864,1.87,1.829,1.859,367618.0,2026-04-17 07:59:59.999000+00:00,1
2026-04-17 08:00:00+00:00,1.86,1.887,1.844,1.872,437663.0,2026-04-17 11:59:59.999000+00:00,1
2026-04-17 12:00:00+00:00,1.872,1.965,1.866,1.911,1925844.0,2026-04-17 15:59:59.999000+00:00,1
2026-04-17 16:00:00+00:00,1.91,1.956,1.896,1.905,1223818.0,2026-04-17 19:59:59.999000+00:00,1
2026-04-17 20:00:00+00:00,1.905,1.911,1.853,1.865,896275.0,2026-04-17 23:59:59.999000+00:00,1
2026-04-18 00:00:00+00:00,1.864,1.875,1.841,1.85,616612.0,2026-04-18 03:59:59.999000+00:00,1
2026-04-18 04:00:00+00:00,1.849,1.878,1.846,1.869,311148.0,2026-04-18 07:59:59.999000+00:00,1
2026-04-18 08:00:00+00:00,1.869,1.87,1.788,1.806,785603.0,2026-04-18 11:59:59.999000+00:00,1
2026-04-18 12:00:00+00:00,1.805,1.835,1.796,1.82,538380.0,2026-04-18 15:59:59.999000+00:00,1
2026-04-18 16:00:00+00:00,1.82,1.827,1.778,1.781,501429.0,2026-04-18 19:59:59.999000+00:00,1
2026-04-18 20:00:00+00:00,1.781,1.795,1.768,1.772,447460.0,2026-04-18 23:59:59.999000+00:00,1
2026-04-19 00:00:00+00:00,1.772,1.773,1.737,1.752,403823.0,2026-04-19 03:59:59.999000+00:00,1
2026-04-19 04:00:00+00:00,1.752,1.772,1.748,1.764,308489.0,2026-04-19 07:59:59.999000+00:00,1
2026-04-19 08:00:00+00:00,1.763,1.789,1.751,1.786,194967.0,2026-04-19 11:59:59.999000+00:00,1
2026-04-19 12:00:00+00:00,1.786,1.815,1.768,1.791,390099.0,2026-04-19 15:59:59.999000+00:00,1
2026-04-19 16:00:00+00:00,1.791,1.792,1.742,1.759,524226.0,2026-04-19 19:59:59.999000+00:00,1
2026-04-19 20:00:00+00:00,1.758,1.762,1.714,1.723,544883.0,2026-04-19 23:59:59.999000+00:00,1
2026-04-20 00:00:00+00:00,1.725,1.757,1.723,1.752,357581.0,2026-04-20 03:59:59.999000+00:00,1
2026-04-20 04:00:00+00:00,1.751,1.783,1.728,1.762,330356.0,2026-04-20 07:59:59.999000+00:00,1
2026-04-20 08:00:00+00:00,1.763,1.781,1.758,1.762,359980.0,2026-04-20 11:59:59.999000+00:00,1
2026-04-20 12:00:00+00:00,1.763,1.789,1.757,1.776,577636.0,2026-04-20 15:59:59.999000+00:00,1
2026-04-20 16:00:00+00:00,1.776,1.797,1.767,1.786,343267.0,2026-04-20 19:59:59.999000+00:00,1
2026-04-20 20:00:00+00:00,1.786,1.797,1.78,1.787,299267.0,2026-04-20 23:59:59.999000+00:00,1
2026-04-21 00:00:00+00:00,1.787,1.801,1.773,1.78,262893.0,2026-04-21 03:59:59.999000+00:00,1
2026-04-21 04:00:00+00:00,1.781,1.798,1.771,1.795,248298.0,2026-04-21 07:59:59.999000+00:00,1
2026-04-21 08:00:00+00:00,1.796,1.812,1.79,1.798,359275.0,2026-04-21 11:59:59.999000+00:00,1
2026-04-21 12:00:00+00:00,1.799,1.809,1.774,1.79,584942.0,2026-04-21 15:59:59.999000+00:00,1
2026-04-21 16:00:00+00:00,1.789,1.794,1.746,1.752,659901.0,2026-04-21 19:59:59.999000+00:00,1
2026-04-21 20:00:00+00:00,1.752,1.793,1.75,1.791,249485.0,2026-04-21 23:59:59.999000+00:00,1
2026-04-22 00:00:00+00:00,1.792,1.821,1.785,1.811,383921.0,2026-04-22 03:59:59.999000+00:00,1
2026-04-22 04:00:00+00:00,1.811,1.851,1.811,1.838,505973.0,2026-04-22 07:59:59.999000+00:00,1
2026-04-22 08:00:00+00:00,1.839,1.871,1.838,1.862,418297.0,2026-04-22 11:59:59.999000+00:00,1
2026-04-22 12:00:00+00:00,1.861,1.864,1.829,1.842,949037.0,2026-04-22 15:59:59.999000+00:00,1
2026-04-22 16:00:00+00:00,1.843,1.847,1.809,1.822,686773.0,2026-04-22 19:59:59.999000+00:00,1
2026-04-22 20:00:00+00:00,1.822,1.836,1.807,1.809,280311.0,2026-04-22 23:59:59.999000+00:00,1
2026-04-23 00:00:00+00:00,1.809,1.814,1.775,1.787,574322.0,2026-04-23 03:59:59.999000+00:00,1
2026-04-23 04:00:00+00:00,1.787,1.81,1.784,1.797,224060.0,2026-04-23 07:59:59.999000+00:00,1
2026-04-23 08:00:00+00:00,1.798,1.802,1.777,1.797,287377.0,2026-04-23 11:59:59.999000+00:00,1
2026-04-23 12:00:00+00:00,1.796,1.822,1.79,1.818,342919.0,2026-04-23 15:59:59.999000+00:00,1
2026-04-23 16:00:00+00:00,1.819,1.821,1.768,1.783,522320.0,2026-04-23 19:59:59.999000+00:00,1
2026-04-23 20:00:00+00:00,1.783,1.805,1.765,1.803,281258.0,2026-04-23 23:59:59.999000+00:00,1
2026-04-24 00:00:00+00:00,1.804,1.814,1.782,1.79,282386.0,2026-04-24 03:59:59.999000+00:00,1
2026-04-24 04:00:00+00:00,1.79,1.808,1.787,1.797,162050.0,2026-04-24 07:59:59.999000+00:00,1
2026-04-24 08:00:00+00:00,1.798,1.819,1.787,1.815,170264.0,2026-04-24 11:59:59.999000+00:00,1
2026-04-24 12:00:00+00:00,1.816,1.826,1.796,1.812,344885.0,2026-04-24 15:59:59.999000+00:00,1
2026-04-24 16:00:00+00:00,1.812,1.814,1.792,1.807,160676.0,2026-04-24 19:59:59.999000+00:00,1
2026-04-24 20:00:00+00:00,1.808,1.817,1.776,1.788,211793.0,2026-04-24 23:59:59.999000+00:00,1
2026-04-25 00:00:00+00:00,1.789,1.795,1.783,1.793,115529.0,2026-04-25 03:59:59.999000+00:00,1
2026-04-25 04:00:00+00:00,1.792,1.808,1.781,1.803,158090.0,2026-04-25 07:59:59.999000+00:00,1
2026-04-25 08:00:00+00:00,1.802,1.821,1.783,1.785,407948.0,2026-04-25 11:59:59.999000+00:00,1
2026-04-25 12:00:00+00:00,1.786,1.802,1.776,1.782,284580.0,2026-04-25 15:59:59.999000+00:00,1
2026-04-25 16:00:00+00:00,1.781,1.788,1.769,1.778,185614.0,2026-04-25 19:59:59.999000+00:00,1
2026-04-25 20:00:00+00:00,1.778,1.804,1.774,1.802,120723.0,2026-04-25 23:59:59.999000+00:00,1
2026-04-26 00:00:00+00:00,1.801,1.811,1.79,1.806,408273.0,2026-04-26 03:59:59.999000+00:00,1
2026-04-26 04:00:00+00:00,1.806,1.832,1.8,1.83,479446.0,2026-04-26 07:59:59.999000+00:00,1
2026-04-26 08:00:00+00:00,1.83,1.846,1.812,1.815,722531.0,2026-04-26 11:59:59.999000+00:00,1
2026-04-26 12:00:00+00:00,1.815,1.817,1.801,1.813,361415.0,2026-04-26 15:59:59.999000+00:00,1
2026-04-26 16:00:00+00:00,1.813,1.828,1.798,1.82,243164.0,2026-04-26 19:59:59.999000+00:00,1
2026-04-26 20:00:00+00:00,1.819,1.827,1.798,1.82,286468.0,2026-04-26 23:59:59.999000+00:00,1
2026-04-27 00:00:00+00:00,1.82,1.862,1.819,1.849,385295.0,2026-04-27 03:59:59.999000+00:00,1
2026-04-27 04:00:00+00:00,1.849,1.855,1.785,1.794,477066.0,2026-04-27 07:59:59.999000+00:00,1
2026-04-27 08:00:00+00:00,1.793,1.803,1.786,1.793,168457.0,2026-04-27 11:59:59.999000+00:00,1
2026-04-27 12:00:00+00:00,1.794,1.803,1.746,1.754,719348.0,2026-04-27 15:59:59.999000+00:00,1
2026-04-27 16:00:00+00:00,1.754,1.77,1.741,1.763,533339.0,2026-04-27 19:59:59.999000+00:00,1
2026-04-27 20:00:00+00:00,1.763,1.792,1.757,1.786,209600.0,2026-04-27 23:59:59.999000+00:00,1
2026-04-28 00:00:00+00:00,1.787,1.788,1.761,1.771,264566.0,2026-04-28 03:59:59.999000+00:00,1
2026-04-28 04:00:00+00:00,1.77,1.778,1.75,1.759,249647.0,2026-04-28 07:59:59.999000+00:00,1
2026-04-28 08:00:00+00:00,1.759,1.765,1.743,1.746,297164.0,2026-04-28 11:59:59.999000+00:00,1
2026-04-28 12:00:00+00:00,1.747,1.762,1.736,1.744,321921.0,2026-04-28 15:59:59.999000+00:00,1
2026-04-28 16:00:00+00:00,1.745,1.756,1.734,1.748,225174.0,2026-04-28 19:59:59.999000+00:00,1
2026-04-28 20:00:00+00:00,1.747,1.751,1.737,1.743,148729.0,2026-04-28 23:59:59.999000+00:00,1
2026-04-29 00:00:00+00:00,1.744,1.772,1.741,1.772,257211.0,2026-04-29 03:59:59.999000+00:00,1
2026-04-29 04:00:00+00:00,1.773,1.796,1.767,1.77,450827.0,2026-04-29 07:59:59.999000+00:00,1
2026-04-29 08:00:00+00:00,1.77,1.791,1.757,1.769,519629.0,2026-04-29 11:59:59.999000+00:00,1
2026-04-29 12:00:00+00:00,1.768,1.769,1.667,1.678,1260347.0,2026-04-29 15:59:59.999000+00:00,1
2026-04-29 16:00:00+00:00,1.677,1.695,1.654,1.674,929140.0,2026-04-29 19:59:59.999000+00:00,1
2026-04-29 20:00:00+00:00,1.674,1.72,1.674,1.714,359859.0,2026-04-29 23:59:59.999000+00:00,1
2026-04-30 00:00:00+00:00,1.715,1.716,1.68,1.693,350690.0,2026-04-30 03:59:59.999000+00:00,1
2026-04-30 04:00:00+00:00,1.693,1.697,1.676,1.695,234440.0,2026-04-30 07:59:59.999000+00:00,1
2026-04-30 08:00:00+00:00,1.694,1.7,1.676,1.685,227697.0,2026-04-30 11:59:59.999000+00:00,1
2026-04-30 12:00:00+00:00,1.684,1.694,1.669,1.681,431228.0,2026-04-30 15:59:59.999000+00:00,1
2026-04-30 16:00:00+00:00,1.68,1.684,1.667,1.673,143117.0,2026-04-30 19:59:59.999000+00:00,1
2026-04-30 20:00:00+00:00,1.673,1.677,1.663,1.673,163038.0,2026-04-30 23:59:59.999000+00:00,1
2026-05-01 00:00:00+00:00,1.673,1.701,1.67,1.688,364455.0,2026-05-01 03:59:59.999000+00:00,1
2026-05-01 04:00:00+00:00,1.688,1.697,1.677,1.689,277485.0,2026-05-01 07:59:59.999000+00:00,1
2026-05-01 08:00:00+00:00,1.689,1.703,1.687,1.691,297986.0,2026-05-01 11:59:59.999000+00:00,1
2026-05-01 12:00:00+00:00,1.69,1.724,1.69,1.716,733958.0,2026-05-01 15:59:59.999000+00:00,1
2026-05-01 16:00:00+00:00,1.716,1.724,1.701,1.708,383357.0,2026-05-01 19:59:59.999000+00:00,1
2026-05-01 20:00:00+00:00,1.708,1.712,1.692,1.7,316103.0,2026-05-01 23:59:59.999000+00:00,1
2026-05-02 00:00:00+00:00,1.701,1.717,1.697,1.71,366319.0,2026-05-02 03:59:59.999000+00:00,1
2026-05-02 04:00:00+00:00,1.71,1.713,1.696,1.708,212150.0,2026-05-02 07:59:59.999000+00:00,1
2026-05-02 08:00:00+00:00,1.707,1.72,1.703,1.712,210096.0,2026-05-02 11:59:59.999000+00:00,1
2026-05-02 12:00:00+00:00,1.711,1.734,1.71,1.733,336526.0,2026-05-02 15:59:59.999000+00:00,1
2026-05-02 16:00:00+00:00,1.732,1.762,1.718,1.759,288634.0,2026-05-02 19:59:59.999000+00:00,1
2026-05-02 20:00:00+00:00,1.759,1.803,1.757,1.781,506371.0,2026-05-02 23:59:59.999000+00:00,1
2026-05-03 00:00:00+00:00,1.781,1.795,1.754,1.761,504768.0,2026-05-03 03:59:59.999000+00:00,1
2026-05-03 04:00:00+00:00,1.761,1.812,1.755,1.802,416122.0,2026-05-03 07:59:59.999000+00:00,1
2026-05-03 08:00:00+00:00,1.802,1.809,1.773,1.79,513444.0,2026-05-03 11:59:59.999000+00:00,1
2026-05-03 12:00:00+00:00,1.789,1.816,1.789,1.811,509614.0,2026-05-03 15:59:59.999000+00:00,1
2026-05-03 16:00:00+00:00,1.811,1.821,1.799,1.815,261559.0,2026-05-03 19:59:59.999000+00:00,1
2026-05-03 20:00:00+00:00,1.815,1.858,1.814,1.824,661773.0,2026-05-03 23:59:59.999000+00:00,1
2026-05-04 00:00:00+00:00,1.824,1.859,1.815,1.858,858449.0,2026-05-04 03:59:59.999000+00:00,1
2026-05-04 04:00:00+00:00,1.859,1.881,1.846,1.866,613662.0,2026-05-04 07:59:59.999000+00:00,1
2026-05-04 08:00:00+00:00,1.866,1.895,1.821,1.827,1024423.0,2026-05-04 11:59:59.999000+00:00,1
2026-05-04 12:00:00+00:00,1.827,1.853,1.807,1.821,695236.0,2026-05-04 15:59:59.999000+00:00,1
2026-05-04 16:00:00+00:00,1.821,1.848,1.804,1.835,490433.0,2026-05-04 19:59:59.999000+00:00,1
2026-05-04 20:00:00+00:00,1.836,1.846,1.814,1.818,320367.0,2026-05-04 23:59:59.999000+00:00,1
2026-05-05 00:00:00+00:00,1.818,1.84,1.813,1.83,191621.0,2026-05-05 03:59:59.999000+00:00,1
2026-05-05 04:00:00+00:00,1.831,1.845,1.822,1.836,272578.0,2026-05-05 07:59:59.999000+00:00,1
2026-05-05 08:00:00+00:00,1.836,1.862,1.832,1.862,249950.0,2026-05-05 11:59:59.999000+00:00,1
2026-05-05 12:00:00+00:00,1.861,1.892,1.839,1.891,1778326.0,2026-05-05 15:59:59.999000+00:00,1
2026-05-05 16:00:00+00:00,1.892,1.904,1.862,1.902,1072501.0,2026-05-05 19:59:59.999000+00:00,1
2026-05-05 20:00:00+00:00,1.903,1.922,1.883,1.891,583293.0,2026-05-05 23:59:59.999000+00:00,1
2026-05-06 00:00:00+00:00,1.891,1.923,1.879,1.921,352872.0,2026-05-06 03:59:59.999000+00:00,1
2026-05-06 04:00:00+00:00,1.921,1.954,1.899,1.938,448129.0,2026-05-06 07:59:59.999000+00:00,1
2026-05-06 08:00:00+00:00,1.937,1.993,1.931,1.981,837358.0,2026-05-06 11:59:59.999000+00:00,1
2026-05-06 12:00:00+00:00,1.981,1.985,1.898,1.963,1229649.0,2026-05-06 15:59:59.999000+00:00,1
2026-05-06 16:00:00+00:00,1.962,1.979,1.936,1.946,559497.0,2026-05-06 19:59:59.999000+00:00,1
2026-05-06 20:00:00+00:00,1.946,1.972,1.934,1.96,301889.0,2026-05-06 23:59:59.999000+00:00,1
2026-05-07 00:00:00+00:00,1.96,1.964,1.902,1.911,335499.0,2026-05-07 03:59:59.999000+00:00,1
2026-05-07 04:00:00+00:00,1.912,2.017,1.91,2.01,729719.0,2026-05-07 07:59:59.999000+00:00,1
2026-05-07 08:00:00+00:00,2.011,2.028,1.978,1.992,753075.0,2026-05-07 11:59:59.999000+00:00,1
2026-05-07 12:00:00+00:00,1.993,2.019,1.933,1.959,1201969.0,2026-05-07 15:59:59.999000+00:00,1
2026-05-07 16:00:00+00:00,1.959,1.975,1.947,1.953,726492.0,2026-05-07 19:59:59.999000+00:00,1
2026-05-07 20:00:00+00:00,1.954,1.974,1.92,1.946,385658.0,2026-05-07 23:59:59.999000+00:00,1
2026-05-08 00:00:00+00:00,1.946,1.964,1.933,1.955,342433.0,2026-05-08 03:59:59.999000+00:00,1
2026-05-08 04:00:00+00:00,1.956,1.976,1.948,1.965,298916.0,2026-05-08 07:59:59.999000+00:00,1
2026-05-08 08:00:00+00:00,1.964,2.0,1.963,1.98,366547.0,2026-05-08 11:59:59.999000+00:00,1
2026-05-08 12:00:00+00:00,1.981,2.012,1.954,2.011,576358.0,2026-05-08 15:59:59.999000+00:00,1
2026-05-08 16:00:00+00:00,2.011,2.067,2.0,2.019,880306.0,2026-05-08 19:59:59.999000+00:00,1
2026-05-08 20:00:00+00:00,2.019,2.053,2.013,2.051,258225.0,2026-05-08 23:59:59.999000+00:00,1
2026-05-09 00:00:00+00:00,2.051,2.085,2.04,2.05,636646.0,2026-05-09 03:59:59.999000+00:00,1
2026-05-09 04:00:00+00:00,2.05,2.06,2.002,2.005,500045.0,2026-05-09 07:59:59.999000+00:00,1
2026-05-09 08:00:00+00:00,2.005,2.018,1.987,2.006,371600.0,2026-05-09 11:59:59.999000+00:00,1
2026-05-09 12:00:00+00:00,2.006,2.013,1.972,1.986,443688.0,2026-05-09 15:59:59.999000+00:00,1
2026-05-09 16:00:00+00:00,1.987,2.012,1.974,2.005,258568.0,2026-05-09 19:59:59.999000+00:00,1
2026-05-09 20:00:00+00:00,2.004,2.016,1.996,2.0,140887.0,2026-05-09 23:59:59.999000+00:00,1
2026-05-10 00:00:00+00:00,2.0,2.012,1.976,1.997,306976.0,2026-05-10 03:59:59.999000+00:00,1
2026-05-10 04:00:00+00:00,1.997,2.022,1.99,2.011,185690.0,2026-05-10 07:59:59.999000+00:00,1
2026-05-10 08:00:00+00:00,2.011,2.034,2.004,2.011,238423.0,2026-05-10 11:59:59.999000+00:00,1
2026-05-10 12:00:00+00:00,2.011,2.038,1.998,2.034,203283.0,2026-05-10 15:59:59.999000+00:00,1
2026-05-10 16:00:00+00:00,2.033,2.081,2.029,2.066,355583.0,2026-05-10 19:59:59.999000+00:00,1
2026-05-10 20:00:00+00:00,2.066,2.073,1.958,2.013,862285.0,2026-05-10 23:59:59.999000+00:00,1
2026-05-11 00:00:00+00:00,2.014,2.017,1.936,1.957,472414.0,2026-05-11 03:59:59.999000+00:00,1
2026-05-11 04:00:00+00:00,1.956,1.988,1.946,1.977,242642.0,2026-05-11 07:59:59.999000+00:00,1
2026-05-11 08:00:00+00:00,1.978,2.008,1.968,1.987,222501.0,2026-05-11 11:59:59.999000+00:00,1
2026-05-11 12:00:00+00:00,1.988,1.999,1.949,1.958,609707.0,2026-05-11 15:59:59.999000+00:00,1
2026-05-11 16:00:00+00:00,1.958,1.986,1.951,1.98,361931.0,2026-05-11 19:59:59.999000+00:00,1
2026-05-11 20:00:00+00:00,1.981,1.988,1.954,1.957,203189.0,2026-05-11 23:59:59.999000+00:00,1
2026-05-12 00:00:00+00:00,1.958,1.958,1.903,1.907,897378.0,2026-05-12 03:59:59.999000+00:00,1
2026-05-12 04:00:00+00:00,1.907,1.942,1.894,1.939,578385.0,2026-05-12 07:59:59.999000+00:00,1
2026-05-12 08:00:00+00:00,1.938,1.939,1.897,1.905,292207.0,2026-05-12 11:59:59.999000+00:00,1
2026-05-12 12:00:00+00:00,1.905,1.908,1.862,1.863,804435.0,2026-05-12 15:59:59.999000+00:00,1
2026-05-12 16:00:00+00:00,1.862,1.902,1.847,1.891,495489.0,2026-05-12 19:59:59.999000+00:00,1
2026-05-12 20:00:00+00:00,1.891,1.913,1.888,1.903,303747.0,2026-05-12 23:59:59.999000+00:00,1
2026-05-13 00:00:00+00:00,1.902,1.942,1.896,1.936,374746.0,2026-05-13 03:59:59.999000+00:00,1
2026-05-13 04:00:00+00:00,1.937,1.945,1.924,1.927,202940.0,2026-05-13 07:59:59.999000+00:00,1
2026-05-13 08:00:00+00:00,1.928,1.954,1.91,1.911,301198.0,2026-05-13 11:59:59.999000+00:00,1
2026-05-13 12:00:00+00:00,1.911,1.914,1.827,1.83,1531829.0,2026-05-13 15:59:59.999000+00:00,1
2026-05-13 16:00:00+00:00,1.829,1.866,1.823,1.855,325838.0,2026-05-13 19:59:59.999000+00:00,1
2026-05-13 20:00:00+00:00,1.855,1.874,1.848,1.872,192943.0,2026-05-13 23:59:59.999000+00:00,1
2026-05-14 00:00:00+00:00,1.872,1.885,1.831,1.836,429953.0,2026-05-14 03:59:59.999000+00:00,1
2026-05-14 04:00:00+00:00,1.835,1.879,1.831,1.862,226195.0,2026-05-14 07:59:59.999000+00:00,1
2026-05-14 08:00:00+00:00,1.863,1.876,1.854,1.854,169387.0,2026-05-14 11:59:59.999000+00:00,1
2026-05-14 12:00:00+00:00,1.853,1.942,1.852,1.936,902228.0,2026-05-14 15:59:59.999000+00:00,1
2026-05-14 16:00:00+00:00,1.937,1.947,1.913,1.917,561981.0,2026-05-14 19:59:59.999000+00:00,1
2026-05-14 20:00:00+00:00,1.917,1.918,1.895,1.898,299866.0,2026-05-14 23:59:59.999000+00:00,1
2026-05-15 00:00:00+00:00,1.899,1.933,1.898,1.911,380731.0,2026-05-15 03:59:59.999000+00:00,1
2026-05-15 04:00:00+00:00,1.912,1.912,1.861,1.888,349425.0,2026-05-15 07:59:59.999000+00:00,1
2026-05-15 08:00:00+00:00,1.888,1.906,1.867,1.899,241312.0,2026-05-15 11:59:59.999000+00:00,1
2026-05-15 12:00:00+00:00,1.898,1.899,1.791,1.831,1002913.0,2026-05-15 15:59:59.999000+00:00,1
2026-05-15 16:00:00+00:00,1.832,1.864,1.825,1.841,235152.0,2026-05-15 19:59:59.999000+00:00,1
2026-05-15 20:00:00+00:00,1.842,1.891,1.833,1.881,567337.0,2026-05-15 23:59:59.999000+00:00,1
2026-05-16 00:00:00+00:00,1.88,1.92,1.875,1.895,522004.0,2026-05-16 03:59:59.999000+00:00,1
2026-05-16 04:00:00+00:00,1.895,1.897,1.781,1.8,728248.0,2026-05-16 07:59:59.999000+00:00,1
2026-05-16 08:00:00+00:00,1.8,1.826,1.775,1.817,698460.0,2026-05-16 11:59:59.999000+00:00,1
2026-05-16 12:00:00+00:00,1.818,1.843,1.805,1.843,399880.0,2026-05-16 15:59:59.999000+00:00,1
2026-05-16 16:00:00+00:00,1.843,1.856,1.833,1.84,271572.0,2026-05-16 19:59:59.999000+00:00,1
2026-05-16 20:00:00+00:00,1.841,1.843,1.824,1.826,157710.0,2026-05-16 23:59:59.999000+00:00,1
2026-05-17 00:00:00+00:00,1.827,1.828,1.798,1.819,621208.0,2026-05-17 03:59:59.999000+00:00,1
2026-05-17 04:00:00+00:00,1.818,1.851,1.817,1.839,282563.0,2026-05-17 07:59:59.999000+00:00,1
2026-05-17 08:00:00+00:00,1.838,1.847,1.833,1.836,180862.0,2026-05-17 11:59:59.999000+00:00,1
2026-05-17 12:00:00+00:00,1.836,1.844,1.816,1.83,267848.0,2026-05-17 15:59:59.999000+00:00,1
2026-05-17 16:00:00+00:00,1.829,1.839,1.808,1.837,171710.0,2026-05-17 19:59:59.999000+00:00,1
2026-05-17 20:00:00+00:00,1.837,1.845,1.732,1.788,820890.0,2026-05-17 23:59:59.999000+00:00,1
2026-05-18 00:00:00+00:00,1.789,1.792,1.765,1.771,421880.0,2026-05-18 03:59:59.999000+00:00,1
2026-05-18 04:00:00+00:00,1.77,1.796,1.749,1.756,502196.0,2026-05-18 07:59:59.999000+00:00,1
2026-05-18 08:00:00+00:00,1.756,1.775,1.739,1.762,304590.0,2026-05-18 11:59:59.999000+00:00,1
2026-05-18 12:00:00+00:00,1.764,1.787,1.73,1.759,634893.0,2026-05-18 15:59:59.999000+00:00,1
2026-05-18 16:00:00+00:00,1.758,1.79,1.743,1.782,330313.0,2026-05-18 19:59:59.999000+00:00,1
2026-05-18 20:00:00+00:00,1.783,1.824,1.779,1.818,271539.0,2026-05-18 23:59:59.999000+00:00,1
2026-05-19 00:00:00+00:00,1.818,1.849,1.81,1.819,667101.0,2026-05-19 03:59:59.999000+00:00,1
2026-05-19 04:00:00+00:00,1.82,1.844,1.812,1.844,215466.0,2026-05-19 07:59:59.999000+00:00,1
2026-05-19 08:00:00+00:00,1.845,1.845,1.792,1.793,281921.0,2026-05-19 11:59:59.999000+00:00,1
2026-05-19 12:00:00+00:00,1.793,1.826,1.781,1.806,403060.0,2026-05-19 15:59:59.999000+00:00,1
2026-05-19 16:00:00+00:00,1.807,1.859,1.801,1.829,476056.0,2026-05-19 19:59:59.999000+00:00,1
2026-05-19 20:00:00+00:00,1.83,1.844,1.806,1.818,224564.0,2026-05-19 23:59:59.999000+00:00,1
2026-05-20 00:00:00+00:00,1.818,1.831,1.801,1.826,128031.0,2026-05-20 03:59:59.999000+00:00,1
2026-05-20 04:00:00+00:00,1.827,1.858,1.821,1.851,190522.0,2026-05-20 07:59:59.999000+00:00,1
2026-05-20 08:00:00+00:00,1.852,1.88,1.85,1.869,315339.0,2026-05-20 11:59:59.999000+00:00,1
2026-05-20 12:00:00+00:00,1.87,1.932,1.852,1.927,672991.0,2026-05-20 15:59:59.999000+00:00,1
2026-05-20 16:00:00+00:00,1.928,1.949,1.908,1.924,695578.0,2026-05-20 19:59:59.999000+00:00,1
2026-05-20 20:00:00+00:00,1.925,1.93,1.885,1.905,352493.0,2026-05-20 23:59:59.999000+00:00,1
2026-05-21 00:00:00+00:00,1.905,1.945,1.901,1.942,502090.0,2026-05-21 03:59:59.999000+00:00,1
2026-05-21 04:00:00+00:00,1.942,1.953,1.916,1.946,408562.0,2026-05-21 07:59:59.999000+00:00,1
2026-05-21 08:00:00+00:00,1.947,1.964,1.891,1.899,411567.0,2026-05-21 11:59:59.999000+00:00,1
2026-05-21 12:00:00+00:00,1.9,1.929,1.888,1.92,378267.0,2026-05-21 15:59:59.999000+00:00,1
2026-05-21 16:00:00+00:00,1.92,1.948,1.896,1.944,416384.0,2026-05-21 19:59:59.999000+00:00,1
2026-05-21 20:00:00+00:00,1.944,1.953,1.927,1.936,223314.0,2026-05-21 23:59:59.999000+00:00,1
2026-05-22 00:00:00+00:00,1.935,1.974,1.92,1.974,199998.0,2026-05-22 03:59:59.999000+00:00,1
2026-05-22 04:00:00+00:00,1.974,2.024,1.962,2.004,1421619.0,2026-05-22 07:59:59.999000+00:00,1
2026-05-22 08:00:00+00:00,2.005,2.028,1.987,2.022,751400.0,2026-05-22 11:59:59.999000+00:00,1
2026-05-22 12:00:00+00:00,2.022,2.103,1.988,1.999,2762675.0,2026-05-22 15:59:59.999000+00:00,1
2026-05-22 16:00:00+00:00,1.999,2.007,1.873,1.885,1495020.0,2026-05-22 19:59:59.999000+00:00,1
2026-05-22 20:00:00+00:00,1.885,1.899,1.833,1.849,655852.0,2026-05-22 23:59:59.999000+00:00,1
2026-05-23 00:00:00+00:00,1.849,1.874,1.829,1.862,626455.0,2026-05-23 03:59:59.999000+00:00,1
2026-05-23 04:00:00+00:00,1.862,1.866,1.763,1.782,680547.0,2026-05-23 07:59:59.999000+00:00,1
2026-05-23 08:00:00+00:00,1.782,1.819,1.769,1.798,480394.0,2026-05-23 11:59:59.999000+00:00,1
2026-05-23 12:00:00+00:00,1.799,1.89,1.788,1.876,758200.0,2026-05-23 15:59:59.999000+00:00,1
2026-05-23 16:00:00+00:00,1.876,1.95,1.864,1.927,792203.0,2026-05-23 19:59:59.999000+00:00,1
2026-05-23 20:00:00+00:00,1.927,1.986,1.91,1.941,893169.0,2026-05-23 23:59:59.999000+00:00,1
2026-05-24 00:00:00+00:00,1.941,2.021,1.941,1.967,1051917.0,2026-05-24 03:59:59.999000+00:00,1
2026-05-24 04:00:00+00:00,1.968,1.991,1.942,1.966,660449.0,2026-05-24 07:59:59.999000+00:00,1
2026-05-24 08:00:00+00:00,1.966,1.988,1.954,1.972,511106.0,2026-05-24 11:59:59.999000+00:00,1
2026-05-24 12:00:00+00:00,1.972,1.977,1.9,1.975,904855.0,2026-05-24 15:59:59.999000+00:00,1
2026-05-24 16:00:00+00:00,1.975,2.002,1.957,1.984,568926.0,2026-05-24 19:59:59.999000+00:00,1
2026-05-24 20:00:00+00:00,1.985,2.029,1.928,2.017,938503.0,2026-05-24 23:59:59.999000+00:00,1
2026-05-25 00:00:00+00:00,2.018,2.028,1.973,1.976,736249.0,2026-05-25 03:59:59.999000+00:00,1
2026-05-25 04:00:00+00:00,1.977,2.024,1.973,2.002,596311.0,2026-05-25 07:59:59.999000+00:00,1
2026-05-25 08:00:00+00:00,2.003,2.108,1.993,2.041,1468557.0,2026-05-25 11:59:59.999000+00:00,1
2026-05-25 12:00:00+00:00,2.041,2.221,2.026,2.205,3219421.0,2026-05-25 15:59:59.999000+00:00,1
2026-05-25 16:00:00+00:00,2.204,2.282,2.173,2.187,2238198.0,2026-05-25 19:59:59.999000+00:00,1
2026-05-25 20:00:00+00:00,2.187,2.219,2.146,2.183,1262360.0,2026-05-25 23:59:59.999000+00:00,1
2026-05-26 00:00:00+00:00,2.183,2.233,2.137,2.22,1756027.0,2026-05-26 03:59:59.999000+00:00,1
2026-05-26 04:00:00+00:00,2.219,2.374,2.207,2.362,3750248.0,2026-05-26 07:59:59.999000+00:00,1
2026-05-26 08:00:00+00:00,2.362,2.424,2.306,2.332,3085327.0,2026-05-26 11:59:59.999000+00:00,1
2026-05-26 12:00:00+00:00,2.332,2.435,2.316,2.383,3391885.0,2026-05-26 15:59:59.999000+00:00,1
2026-05-26 16:00:00+00:00,2.383,2.414,2.262,2.285,2481351.0,2026-05-26 19:59:59.999000+00:00,1
2026-05-26 20:00:00+00:00,2.286,2.35,2.28,2.29,1341436.0,2026-05-26 23:59:59.999000+00:00,1
2026-05-27 00:00:00+00:00,2.29,2.345,2.264,2.316,1375289.0,2026-05-27 03:59:59.999000+00:00,1
2026-05-27 04:00:00+00:00,2.316,2.324,2.171,2.197,2778704.0,2026-05-27 07:59:59.999000+00:00,1
2026-05-27 08:00:00+00:00,2.196,2.288,2.179,2.271,1504603.0,2026-05-27 11:59:59.999000+00:00,1
2026-05-27 12:00:00+00:00,2.271,2.3,2.21,2.241,1422963.0,2026-05-27 15:59:59.999000+00:00,1
2026-05-27 16:00:00+00:00,2.242,2.25,2.148,2.198,1073828.0,2026-05-27 19:59:59.999000+00:00,1
2026-05-27 20:00:00+00:00,2.198,2.203,2.11,2.12,1387209.0,2026-05-27 23:59:59.999000+00:00,1
2026-05-28 00:00:00+00:00,2.119,2.134,2.004,2.011,2134793.0,2026-05-28 03:59:59.999000+00:00,1
2026-05-28 04:00:00+00:00,2.012,2.04,1.978,2.01,1353241.0,2026-05-28 07:59:59.999000+00:00,1
2026-05-28 08:00:00+00:00,2.009,2.02,1.963,1.979,1228229.0,2026-05-28 11:59:59.999000+00:00,1
2026-05-28 12:00:00+00:00,1.978,1.99,1.931,1.97,1287109.0,2026-05-28 15:59:59.999000+00:00,1
2026-05-28 16:00:00+00:00,1.97,2.039,1.953,1.978,1061585.0,2026-05-28 19:59:59.999000+00:00,1
2026-05-28 20:00:00+00:00,1.979,2.029,1.96,1.996,461617.0,2026-05-28 23:59:59.999000+00:00,1
2026-05-29 00:00:00+00:00,1.997,2.082,1.988,1.997,1400956.0,2026-05-29 03:59:59.999000+00:00,1
2026-05-29 04:00:00+00:00,1.997,2.094,1.983,2.051,1155784.0,2026-05-29 07:59:59.999000+00:00,1
2026-05-29 08:00:00+00:00,2.051,2.097,2.007,2.019,1120377.0,2026-05-29 11:59:59.999000+00:00,1
2026-05-29 12:00:00+00:00,2.02,2.058,1.943,2.049,1746041.0,2026-05-29 15:59:59.999000+00:00,1
2026-05-29 16:00:00+00:00,2.05,2.073,1.988,2.014,1201664.0,2026-05-29 19:59:59.999000+00:00,1
2026-05-29 20:00:00+00:00,2.014,2.029,1.954,1.964,508900.0,2026-05-29 23:59:59.999000+00:00,1
2026-05-30 00:00:00+00:00,1.962,1.998,1.944,1.963,950365.0,2026-05-30 03:59:59.999000+00:00,1
2026-05-30 04:00:00+00:00,1.962,2.01,1.925,1.975,932653.0,2026-05-30 07:59:59.999000+00:00,1
2026-05-30 08:00:00+00:00,1.976,2.037,1.97,2.033,439671.0,2026-05-30 11:59:59.999000+00:00,1
2026-05-30 12:00:00+00:00,2.032,2.102,2.005,2.068,1091889.0,2026-05-30 15:59:59.999000+00:00,1
2026-05-30 16:00:00+00:00,2.068,2.104,2.054,2.068,758866.0,2026-05-30 19:59:59.999000+00:00,1
2026-05-30 20:00:00+00:00,2.069,2.152,2.063,2.106,997556.0,2026-05-30 23:59:59.999000+00:00,1
2026-05-31 00:00:00+00:00,2.107,2.147,2.068,2.099,1138842.0,2026-05-31 03:59:59.999000+00:00,1
2026-05-31 04:00:00+00:00,2.099,2.15,2.078,2.093,856696.0,2026-05-31 07:59:59.999000+00:00,1
2026-05-31 08:00:00+00:00,2.094,2.132,2.071,2.085,738689.0,2026-05-31 11:59:59.999000+00:00,1
2026-05-31 12:00:00+00:00,2.086,2.089,2.015,2.025,1010682.0,2026-05-31 15:59:59.999000+00:00,1
2026-05-31 16:00:00+00:00,2.025,2.055,2.005,2.052,565650.0,2026-05-31 19:59:59.999000+00:00,1
2026-05-31 20:00:00+00:00,2.054,2.111,2.052,2.088,607686.0,2026-05-31 23:59:59.999000+00:00,1
2026-06-01 00:00:00+00:00,2.088,2.162,2.051,2.132,988464.0,2026-06-01 03:59:59.999000+00:00,1
2026-06-01 04:00:00+00:00,2.132,2.137,2.037,2.041,827788.0,2026-06-01 07:59:59.999000+00:00,1
2026-06-01 08:00:00+00:00,2.042,2.054,2.013,2.02,686308.0,2026-06-01 11:59:59.999000+00:00,1
2026-06-01 12:00:00+00:00,2.021,2.036,1.955,1.981,1871817.0,2026-06-01 15:59:59.999000+00:00,1
2026-06-01 16:00:00+00:00,1.981,2.158,1.962,2.129,1718208.0,2026-06-01 19:59:59.999000+00:00,1
2026-06-01 20:00:00+00:00,2.129,2.167,2.075,2.123,1100149.0,2026-06-01 23:59:59.999000+00:00,1
2026-06-02 00:00:00+00:00,2.123,2.212,2.048,2.211,1527217.0,2026-06-02 03:59:59.999000+00:00,1
2026-06-02 04:00:00+00:00,2.211,2.223,2.122,2.157,1772665.0,2026-06-02 07:59:59.999000+00:00,1
2026-06-02 08:00:00+00:00,2.157,2.247,2.136,2.212,1632884.0,2026-06-02 11:59:59.999000+00:00,1
2026-06-02 12:00:00+00:00,2.212,2.257,2.009,2.026,3329726.0,2026-06-02 15:59:59.999000+00:00,1
2026-06-02 16:00:00+00:00,2.027,2.162,1.993,2.054,3244957.0,2026-06-02 19:59:59.999000+00:00,1
2026-06-02 20:00:00+00:00,2.055,2.142,1.989,2.034,1593290.0,2026-06-02 23:59:59.999000+00:00,1
2026-06-03 00:00:00+00:00,2.035,2.178,2.029,2.099,2064901.0,2026-06-03 03:59:59.999000+00:00,1
2026-06-03 04:00:00+00:00,2.099,2.231,2.097,2.217,1873358.0,2026-06-03 07:59:59.999000+00:00,1
2026-06-03 08:00:00+00:00,2.216,2.27,2.176,2.224,1351317.0,2026-06-03 11:59:59.999000+00:00,1
2026-06-03 12:00:00+00:00,2.225,2.262,2.154,2.158,2051259.0,2026-06-03 15:59:59.999000+00:00,1
2026-06-03 16:00:00+00:00,2.159,2.172,2.1,2.132,1160545.0,2026-06-03 19:59:59.999000+00:00,1
2026-06-03 20:00:00+00:00,2.132,2.239,2.08,2.148,1135675.0,2026-06-03 23:59:59.999000+00:00,1
2026-06-04 00:00:00+00:00,2.149,2.211,1.961,2.094,2838945.0,2026-06-04 03:59:59.999000+00:00,1
2026-06-04 04:00:00+00:00,2.094,2.113,1.917,1.926,2511180.0,2026-06-04 07:59:59.999000+00:00,1
2026-06-04 08:00:00+00:00,1.926,1.93,1.824,1.855,2581140.0,2026-06-04 11:59:59.999000+00:00,1
2026-06-04 12:00:00+00:00,1.855,1.994,1.838,1.987,2393912.0,2026-06-04 15:59:59.999000+00:00,1
2026-06-04 16:00:00+00:00,1.987,2.022,1.918,1.953,2152935.0,2026-06-04 19:59:59.999000+00:00,1
2026-06-04 20:00:00+00:00,1.952,1.955,1.849,1.883,1239252.0,2026-06-04 23:59:59.999000+00:00,1
2026-06-05 00:00:00+00:00,1.882,1.886,1.754,1.768,2005396.0,2026-06-05 03:59:59.999000+00:00,1
2026-06-05 04:00:00+00:00,1.769,1.836,1.67,1.749,3009007.0,2026-06-05 07:59:59.999000+00:00,1
2026-06-05 08:00:00+00:00,1.749,1.753,1.695,1.703,1756700.0,2026-06-05 11:59:59.999000+00:00,1
2026-06-05 12:00:00+00:00,1.703,1.742,1.605,1.627,3095591.0,2026-06-05 15:59:59.999000+00:00,1
2026-06-05 16:00:00+00:00,1.626,1.678,1.558,1.631,2303541.0,2026-06-05 19:59:59.999000+00:00,1
2026-06-05 20:00:00+00:00,1.631,1.72,1.611,1.682,1454660.0,2026-06-05 23:59:59.999000+00:00,1
2026-06-06 00:00:00+00:00,1.682,1.697,1.612,1.62,895701.0,2026-06-06 03:59:59.999000+00:00,1
2026-06-06 04:00:00+00:00,1.619,1.648,1.546,1.637,1532848.0,2026-06-06 07:59:59.999000+00:00,1
2026-06-06 08:00:00+00:00,1.638,1.662,1.595,1.626,849557.0,2026-06-06 11:59:59.999000+00:00,1
2026-06-06 12:00:00+00:00,1.626,1.65,1.604,1.62,690260.0,2026-06-06 15:59:59.999000+00:00,1
2026-06-06 16:00:00+00:00,1.619,1.633,1.576,1.577,737510.0,2026-06-06 19:59:59.999000+00:00,1
2026-06-06 20:00:00+00:00,1.577,1.604,1.57,1.594,503029.0,2026-06-06 23:59:59.999000+00:00,1
2026-06-07 00:00:00+00:00,1.594,1.654,1.59,1.638,780222.0,2026-06-07 03:59:59.999000+00:00,1
2026-06-07 04:00:00+00:00,1.637,1.702,1.633,1.68,1324107.0,2026-06-07 07:59:59.999000+00:00,1
2026-06-07 08:00:00+00:00,1.679,1.721,1.655,1.67,827572.0,2026-06-07 11:59:59.999000+00:00,1
2026-06-07 12:00:00+00:00,1.67,1.688,1.621,1.676,1053281.0,2026-06-07 15:59:59.999000+00:00,1
2026-06-07 16:00:00+00:00,1.676,1.684,1.598,1.61,753721.0,2026-06-07 19:59:59.999000+00:00,1
2026-06-07 20:00:00+00:00,1.609,1.709,1.604,1.679,1340189.0,2026-06-07 23:59:59.999000+00:00,1
2026-06-08 00:00:00+00:00,1.679,1.698,1.642,1.655,637953.0,2026-06-08 03:59:59.999000+00:00,1
2026-06-08 04:00:00+00:00,1.656,1.667,1.62,1.663,514621.0,2026-06-08 07:59:59.999000+00:00,1
2026-06-08 08:00:00+00:00,1.662,1.692,1.645,1.683,720167.0,2026-06-08 11:59:59.999000+00:00,1
2026-06-08 12:00:00+00:00,1.683,1.696,1.631,1.637,1678295.0,2026-06-08 15:59:59.999000+00:00,1
2026-06-08 16:00:00+00:00,1.637,1.69,1.632,1.665,1106700.0,2026-06-08 19:59:59.999000+00:00,1
2026-06-08 20:00:00+00:00,1.665,1.685,1.63,1.64,628080.0,2026-06-08 23:59:59.999000+00:00,1
2026-06-09 00:00:00+00:00,1.641,1.644,1.587,1.605,771672.0,2026-06-09 03:59:59.999000+00:00,1
2026-06-09 04:00:00+00:00,1.604,1.659,1.598,1.647,541311.0,2026-06-09 07:59:59.999000+00:00,1
2026-06-09 08:00:00+00:00,1.648,1.653,1.621,1.637,727914.0,2026-06-09 11:59:59.999000+00:00,1
2026-06-09 12:00:00+00:00,1.638,1.653,1.577,1.583,1468755.0,2026-06-09 15:59:59.999000+00:00,1
2026-06-09 16:00:00+00:00,1.582,1.63,1.561,1.616,893180.0,2026-06-09 19:59:59.999000+00:00,1
2026-06-09 20:00:00+00:00,1.616,1.635,1.605,1.611,414869.0,2026-06-09 23:59:59.999000+00:00,1
2026-06-10 00:00:00+00:00,1.611,1.624,1.584,1.593,458436.0,2026-06-10 03:59:59.999000+00:00,1
2026-06-10 04:00:00+00:00,1.592,1.597,1.561,1.58,676775.0,2026-06-10 07:59:59.999000+00:00,1
2026-06-10 08:00:00+00:00,1.581,1.581,1.527,1.533,766770.0,2026-06-10 11:59:59.999000+00:00,1
2026-06-10 12:00:00+00:00,1.534,1.608,1.527,1.571,979610.0,2026-06-10 15:59:59.999000+00:00,1
2026-06-10 16:00:00+00:00,1.571,1.573,1.519,1.523,476741.0,2026-06-10 19:59:59.999000+00:00,1
2026-06-10 20:00:00+00:00,1.523,1.529,1.478,1.513,637382.0,2026-06-10 23:59:59.999000+00:00,1
2026-06-11 00:00:00+00:00,1.513,1.569,1.512,1.561,390498.0,2026-06-11 03:59:59.999000+00:00,1
2026-06-11 04:00:00+00:00,1.562,1.582,1.552,1.568,488733.0,2026-06-11 07:59:59.999000+00:00,1
2026-06-11 08:00:00+00:00,1.568,1.586,1.566,1.577,515705.0,2026-06-11 11:59:59.999000+00:00,1
2026-06-11 12:00:00+00:00,1.577,1.578,1.539,1.558,550298.0,2026-06-11 15:59:59.999000+00:00,1
2026-06-11 16:00:00+00:00,1.559,1.619,1.534,1.617,692444.0,2026-06-11 19:59:59.999000+00:00,1
2026-06-11 20:00:00+00:00,1.617,1.671,1.61,1.627,661911.0,2026-06-11 23:59:59.999000+00:00,1
2026-06-12 00:00:00+00:00,1.627,1.664,1.613,1.652,378383.0,2026-06-12 03:59:59.999000+00:00,1
2026-06-12 04:00:00+00:00,1.651,1.666,1.604,1.623,619744.0,2026-06-12 07:59:59.999000+00:00,1
2026-06-12 08:00:00+00:00,1.622,1.686,1.622,1.661,524746.0,2026-06-12 11:59:59.999000+00:00,1
2026-06-12 12:00:00+00:00,1.66,1.705,1.627,1.653,747872.0,2026-06-12 15:59:59.999000+00:00,1
2026-06-12 16:00:00+00:00,1.652,1.683,1.644,1.661,455706.0,2026-06-12 19:59:59.999000+00:00,1
2026-06-12 20:00:00+00:00,1.661,1.669,1.637,1.65,238781.0,2026-06-12 23:59:59.999000+00:00,1
2026-06-13 00:00:00+00:00,1.651,1.692,1.65,1.67,829163.0,2026-06-13 03:59:59.999000+00:00,1
2026-06-13 04:00:00+00:00,1.669,1.744,1.657,1.733,482152.0,2026-06-13 07:59:59.999000+00:00,1
2026-06-13 08:00:00+00:00,1.733,1.775,1.73,1.759,700614.0,2026-06-13 11:59:59.999000+00:00,1
2026-06-13 12:00:00+00:00,1.76,1.815,1.752,1.789,1112837.0,2026-06-13 15:59:59.999000+00:00,1
2026-06-13 16:00:00+00:00,1.787,1.789,1.741,1.754,948298.0,2026-06-13 19:59:59.999000+00:00,1
2026-06-13 20:00:00+00:00,1.754,1.79,1.749,1.77,284168.0,2026-06-13 23:59:59.999000+00:00,1
2026-06-14 00:00:00+00:00,1.77,1.793,1.754,1.784,463798.0,2026-06-14 03:59:59.999000+00:00,1
2026-06-14 04:00:00+00:00,1.784,1.793,1.743,1.772,393954.0,2026-06-14 07:59:59.999000+00:00,1
2026-06-14 08:00:00+00:00,1.772,1.791,1.757,1.76,377245.0,2026-06-14 11:59:59.999000+00:00,1
2026-06-14 12:00:00+00:00,1.761,1.764,1.705,1.728,977394.0,2026-06-14 15:59:59.999000+00:00,1
2026-06-14 16:00:00+00:00,1.728,1.75,1.726,1.742,337984.0,2026-06-14 19:59:59.999000+00:00,1
2026-06-14 20:00:00+00:00,1.743,1.813,1.741,1.804,841286.0,2026-06-14 23:59:59.999000+00:00,1
2026-06-15 00:00:00+00:00,1.804,1.836,1.788,1.824,648072.0,2026-06-15 03:59:59.999000+00:00,1
2026-06-15 04:00:00+00:00,1.825,1.849,1.816,1.819,632967.0,2026-06-15 07:59:59.999000+00:00,1
2026-06-15 08:00:00+00:00,1.821,1.861,1.815,1.851,925174.0,2026-06-15 11:59:59.999000+00:00,1
2026-06-15 12:00:00+00:00,1.852,1.869,1.826,1.853,1146419.0,2026-06-15 15:59:59.999000+00:00,1
2026-06-15 16:00:00+00:00,1.853,1.858,1.774,1.78,921883.0,2026-06-15 19:59:59.999000+00:00,1
2026-06-15 20:00:00+00:00,1.78,1.794,1.774,1.791,520735.0,2026-06-15 23:59:59.999000+00:00,1
2026-06-16 00:00:00+00:00,1.792,1.793,1.739,1.783,685657.0,2026-06-16 03:59:59.999000+00:00,1
2026-06-16 04:00:00+00:00,1.784,1.805,1.761,1.795,676179.0,2026-06-16 07:59:59.999000+00:00,1
2026-06-16 08:00:00+00:00,1.796,1.824,1.779,1.791,751871.0,2026-06-16 11:59:59.999000+00:00,1
2026-06-16 12:00:00+00:00,1.79,1.797,1.706,1.728,941801.0,2026-06-16 15:59:59.999000+00:00,1
2026-06-16 16:00:00+00:00,1.728,1.75,1.709,1.725,423257.0,2026-06-16 19:59:59.999000+00:00,1
2026-06-16 20:00:00+00:00,1.724,1.76,1.721,1.728,279938.0,2026-06-16 23:59:59.999000+00:00,1
2026-06-17 00:00:00+00:00,1.728,1.763,1.701,1.751,906962.0,2026-06-17 03:59:59.999000+00:00,1
2026-06-17 04:00:00+00:00,1.752,1.77,1.722,1.734,487931.0,2026-06-17 07:59:59.999000+00:00,1
2026-06-17 08:00:00+00:00,1.735,1.735,1.681,1.697,572801.0,2026-06-17 11:59:59.999000+00:00,1
2026-06-17 12:00:00+00:00,1.698,1.737,1.694,1.736,818423.0,2026-06-17 15:59:59.999000+00:00,1
2026-06-17 16:00:00+00:00,1.735,1.76,1.66,1.667,1642643.0,2026-06-17 19:59:59.999000+00:00,1
2026-06-17 20:00:00+00:00,1.667,1.699,1.654,1.692,530403.0,2026-06-17 23:59:59.999000+00:00,1
2026-06-18 00:00:00+00:00,1.693,1.737,1.693,1.694,836325.0,2026-06-18 03:59:59.999000+00:00,1
2026-06-18 04:00:00+00:00,1.694,1.72,1.658,1.706,763458.0,2026-06-18 07:59:59.999000+00:00,1
2026-06-18 08:00:00+00:00,1.707,1.718,1.679,1.687,432519.0,2026-06-18 11:59:59.999000+00:00,1
2026-06-18 12:00:00+00:00,1.688,1.725,1.619,1.624,1181862.0,2026-06-18 15:59:59.999000+00:00,1
2026-06-18 16:00:00+00:00,1.624,1.67,1.618,1.666,719149.0,2026-06-18 19:59:59.999000+00:00,1
2026-06-18 20:00:00+00:00,1.667,1.687,1.652,1.677,456371.0,2026-06-18 23:59:59.999000+00:00,1
2026-06-19 00:00:00+00:00,1.677,1.763,1.675,1.718,1631550.0,2026-06-19 03:59:59.999000+00:00,1
2026-06-19 04:00:00+00:00,1.718,1.736,1.657,1.662,760932.0,2026-06-19 07:59:59.999000+00:00,1
2026-06-19 08:00:00+00:00,1.662,1.688,1.651,1.674,460826.0,2026-06-19 11:59:59.999000+00:00,1
2026-06-19 12:00:00+00:00,1.675,1.739,1.664,1.73,791689.0,2026-06-19 15:59:59.999000+00:00,1
2026-06-19 16:00:00+00:00,1.731,1.746,1.707,1.716,284383.0,2026-06-19 19:59:59.999000+00:00,1
2026-06-19 20:00:00+00:00,1.717,1.762,1.712,1.757,286725.0,2026-06-19 23:59:59.999000+00:00,1
2026-06-20 00:00:00+00:00,1.757,1.763,1.728,1.747,511813.0,2026-06-20 03:59:59.999000+00:00,1
2026-06-20 04:00:00+00:00,1.747,1.773,1.735,1.739,293064.0,2026-06-20 07:59:59.999000+00:00,1
2026-06-20 08:00:00+00:00,1.739,1.758,1.729,1.736,176540.0,2026-06-20 11:59:59.999000+00:00,1
2026-06-20 12:00:00+00:00,1.736,1.758,1.704,1.743,501961.0,2026-06-20 15:59:59.999000+00:00,1
2026-06-20 16:00:00+00:00,1.744,1.744,1.704,1.714,296276.0,2026-06-20 19:59:59.999000+00:00,1
2026-06-20 20:00:00+00:00,1.714,1.734,1.702,1.72,250688.0,2026-06-20 23:59:59.999000+00:00,1
2026-06-21 00:00:00+00:00,1.72,1.72,1.68,1.702,727165.0,2026-06-21 03:59:59.999000+00:00,1
2026-06-21 04:00:00+00:00,1.701,1.708,1.683,1.687,201996.0,2026-06-21 07:59:59.999000+00:00,1
2026-06-21 08:00:00+00:00,1.688,1.708,1.667,1.687,398012.0,2026-06-21 11:59:59.999000+00:00,1
2026-06-21 12:00:00+00:00,1.688,1.7,1.68,1.692,254721.0,2026-06-21 15:59:59.999000+00:00,1
2026-06-21 16:00:00+00:00,1.692,1.695,1.675,1.684,266026.0,2026-06-21 19:59:59.999000+00:00,1
2026-06-21 20:00:00+00:00,1.684,1.688,1.64,1.652,572963.0,2026-06-21 23:59:59.999000+00:00,1
2026-06-22 00:00:00+00:00,1.652,1.692,1.652,1.663,575252.0,2026-06-22 03:59:59.999000+00:00,1
2026-06-22 04:00:00+00:00,1.663,1.689,1.661,1.681,440256.0,2026-06-22 07:59:59.999000+00:00,1
2026-06-22 08:00:00+00:00,1.681,1.699,1.671,1.692,222296.0,2026-06-22 11:59:59.999000+00:00,1
2026-06-22 12:00:00+00:00,1.693,1.716,1.678,1.681,553608.0,2026-06-22 15:59:59.999000+00:00,1
2026-06-22 16:00:00+00:00,1.681,1.694,1.654,1.661,368912.0,2026-06-22 19:59:59.999000+00:00,1
2026-06-22 20:00:00+00:00,1.662,1.674,1.62,1.629,308490.0,2026-06-22 23:59:59.999000+00:00,1
2026-06-23 00:00:00+00:00,1.629,1.629,1.595,1.625,493918.0,2026-06-23 03:59:59.999000+00:00,1
2026-06-23 04:00:00+00:00,1.625,1.625,1.562,1.572,528541.0,2026-06-23 07:59:59.999000+00:00,1
2026-06-23 08:00:00+00:00,1.573,1.574,1.523,1.573,610236.0,2026-06-23 11:59:59.999000+00:00,1
2026-06-23 12:00:00+00:00,1.572,1.589,1.555,1.564,533898.0,2026-06-23 15:59:59.999000+00:00,1
2026-06-23 16:00:00+00:00,1.565,1.575,1.55,1.563,246854.0,2026-06-23 19:59:59.999000+00:00,1
2026-06-23 20:00:00+00:00,1.563,1.588,1.563,1.582,373338.0,2026-06-23 23:59:59.999000+00:00,1
2026-06-24 00:00:00+00:00,1.582,1.616,1.582,1.59,543863.0,2026-06-24 03:59:59.999000+00:00,1
2026-06-24 04:00:00+00:00,1.59,1.604,1.576,1.587,258308.0,2026-06-24 07:59:59.999000+00:00,1
2026-06-24 08:00:00+00:00,1.588,1.62,1.573,1.594,643027.0,2026-06-24 11:59:59.999000+00:00,1
2026-06-24 12:00:00+00:00,1.594,1.597,1.537,1.541,848541.0,2026-06-24 15:59:59.999000+00:00,1
2026-06-24 16:00:00+00:00,1.542,1.559,1.477,1.53,1117642.0,2026-06-24 19:59:59.999000+00:00,1
2026-06-24 20:00:00+00:00,1.53,1.59,1.527,1.579,593474.0,2026-06-24 23:59:59.999000+00:00,1
2026-06-25 00:00:00+00:00,1.58,1.588,1.548,1.554,430074.0,2026-06-25 03:59:59.999000+00:00,1
2026-06-25 04:00:00+00:00,1.555,1.584,1.549,1.569,220634.0,2026-06-25 07:59:59.999000+00:00,1
2026-06-25 08:00:00+00:00,1.569,1.569,1.536,1.544,273796.0,2026-06-25 11:59:59.999000+00:00,1
2026-06-25 12:00:00+00:00,1.544,1.569,1.446,1.524,1509370.0,2026-06-25 15:59:59.999000+00:00,1
2026-06-25 16:00:00+00:00,1.525,1.542,1.493,1.506,472392.0,2026-06-25 19:59:59.999000+00:00,1
2026-06-25 20:00:00+00:00,1.507,1.537,1.499,1.52,352164.0,2026-06-25 23:59:59.999000+00:00,1
2026-06-26 00:00:00+00:00,1.521,1.524,1.454,1.509,518340.0,2026-06-26 03:59:59.999000+00:00,1
2026-06-26 04:00:00+00:00,1.51,1.529,1.491,1.523,326536.0,2026-06-26 07:59:59.999000+00:00,1
2026-06-26 08:00:00+00:00,1.524,1.526,1.479,1.484,292477.0,2026-06-26 11:59:59.999000+00:00,1
2026-06-26 12:00:00+00:00,1.485,1.564,1.464,1.541,980383.0,2026-06-26 15:59:59.999000+00:00,1
2026-06-26 16:00:00+00:00,1.541,1.563,1.531,1.547,472350.0,2026-06-26 19:59:59.999000+00:00,1
2026-06-26 20:00:00+00:00,1.547,1.573,1.539,1.57,357723.0,2026-06-26 23:59:59.999000+00:00,1
2026-06-27 00:00:00+00:00,1.571,1.626,1.571,1.613,906800.0,2026-06-27 03:59:59.999000+00:00,1
2026-06-27 04:00:00+00:00,1.614,1.638,1.604,1.628,306493.0,2026-06-27 07:59:59.999000+00:00,1
2026-06-27 08:00:00+00:00,1.629,1.629,1.594,1.604,311638.0,2026-06-27 11:59:59.999000+00:00,1
2026-06-27 12:00:00+00:00,1.605,1.608,1.588,1.592,316379.0,2026-06-27 15:59:59.999000+00:00,1
2026-06-27 16:00:00+00:00,1.592,1.599,1.565,1.576,334386.0,2026-06-27 19:59:59.999000+00:00,1
2026-06-27 20:00:00+00:00,1.577,1.588,1.556,1.557,255575.0,2026-06-27 23:59:59.999000+00:00,1
2026-06-28 00:00:00+00:00,1.557,1.573,1.555,1.561,141698.0,2026-06-28 03:59:59.999000+00:00,1
2026-06-28 04:00:00+00:00,1.562,1.562,1.529,1.561,273613.0,2026-06-28 07:59:59.999000+00:00,1
2026-06-28 08:00:00+00:00,1.561,1.579,1.553,1.559,175399.0,2026-06-28 11:59:59.999000+00:00,1
2026-06-28 12:00:00+00:00,1.56,1.565,1.538,1.547,234077.0,2026-06-28 15:59:59.999000+00:00,1
2026-06-28 16:00:00+00:00,1.548,1.548,1.515,1.523,171861.0,2026-06-28 19:59:59.999000+00:00,1
2026-06-28 20:00:00+00:00,1.523,1.549,1.513,1.542,262691.0,2026-06-28 23:59:59.999000+00:00,1
2026-06-29 00:00:00+00:00,1.543,1.56,1.511,1.548,671435.0,2026-06-29 03:59:59.999000+00:00,1
2026-06-29 04:00:00+00:00,1.548,1.583,1.523,1.565,503158.0,2026-06-29 07:59:59.999000+00:00,1
2026-06-29 08:00:00+00:00,1.566,1.572,1.54,1.544,400655.0,2026-06-29 11:59:59.999000+00:00,1
2026-06-29 12:00:00+00:00,1.544,1.579,1.533,1.566,695284.0,2026-06-29 15:59:59.999000+00:00,1
2026-06-29 16:00:00+00:00,1.566,1.604,1.558,1.572,460775.0,2026-06-29 19:59:59.999000+00:00,1
2026-06-29 20:00:00+00:00,1.572,1.574,1.557,1.562,235483.0,2026-06-29 23:59:59.999000+00:00,1
2026-06-30 00:00:00+00:00,1.562,1.585,1.54,1.54,607044.0,2026-06-30 03:59:59.999000+00:00,1
2026-06-30 04:00:00+00:00,1.541,1.553,1.535,1.539,193109.0,2026-06-30 07:59:59.999000+00:00,1
2026-06-30 08:00:00+00:00,1.539,1.539,1.502,1.511,392291.0,2026-06-30 11:59:59.999000+00:00,1
2026-06-30 12:00:00+00:00,1.511,1.525,1.49,1.51,398339.0,2026-06-30 15:59:59.999000+00:00,1
2026-06-30 16:00:00+00:00,1.51,1.534,1.502,1.52,229264.0,2026-06-30 19:59:59.999000+00:00,1
2026-06-30 20:00:00+00:00,1.52,1.526,1.504,1.509,174111.0,2026-06-30 23:59:59.999000+00:00,1
2026-07-01 00:00:00+00:00,1.509,1.522,1.467,1.518,845919.0,2026-07-01 03:59:59.999000+00:00,1
2026-07-01 04:00:00+00:00,1.519,1.532,1.496,1.499,235776.0,2026-07-01 07:59:59.999000+00:00,1
2026-07-01 08:00:00+00:00,1.498,1.514,1.493,1.504,230774.0,2026-07-01 11:59:59.999000+00:00,1
2026-07-01 12:00:00+00:00,1.505,1.55,1.491,1.537,603281.0,2026-07-01 15:59:59.999000+00:00,1
2026-07-01 16:00:00+00:00,1.537,1.54,1.501,1.504,307092.0,2026-07-01 19:59:59.999000+00:00,1
2026-07-01 20:00:00+00:00,1.504,1.556,1.498,1.5,469432.0,2026-07-01 23:59:59.999000+00:00,1
2026-07-02 00:00:00+00:00,1.501,1.564,1.492,1.562,420802.0,2026-07-02 03:59:59.999000+00:00,1
2026-07-02 04:00:00+00:00,1.561,1.568,1.53,1.541,322075.0,2026-07-02 07:59:59.999000+00:00,1
2026-07-02 08:00:00+00:00,1.541,1.572,1.537,1.566,334138.0,2026-07-02 11:59:59.999000+00:00,1
2026-07-02 12:00:00+00:00,1.566,1.635,1.565,1.579,974194.0,2026-07-02 15:59:59.999000+00:00,1
2026-07-02 16:00:00+00:00,1.579,1.596,1.573,1.582,311591.0,2026-07-02 19:59:59.999000+00:00,1
2026-07-02 20:00:00+00:00,1.582,1.591,1.57,1.589,137201.0,2026-07-02 23:59:59.999000+00:00,1
2026-07-03 00:00:00+00:00,1.589,1.629,1.589,1.597,746092.0,2026-07-03 03:59:59.999000+00:00,1
2026-07-03 04:00:00+00:00,1.597,1.605,1.587,1.603,165372.0,2026-07-03 07:59:59.999000+00:00,1
2026-07-03 08:00:00+00:00,1.603,1.626,1.6,1.617,287094.0,2026-07-03 11:59:59.999000+00:00,1
2026-07-03 12:00:00+00:00,1.617,1.627,1.603,1.605,322099.0,2026-07-03 15:59:59.999000+00:00,1
2026-07-03 16:00:00+00:00,1.605,1.615,1.597,1.605,139907.0,2026-07-03 19:59:59.999000+00:00,1
2026-07-03 20:00:00+00:00,1.604,1.624,1.601,1.61,168454.0,2026-07-03 23:59:59.999000+00:00,1
2026-07-04 00:00:00+00:00,1.609,1.618,1.591,1.6,181122.0,2026-07-04 03:59:59.999000+00:00,1
2026-07-04 04:00:00+00:00,1.6,1.605,1.584,1.59,135485.0,2026-07-04 07:59:59.999000+00:00,1
2026-07-04 08:00:00+00:00,1.59,1.595,1.576,1.584,125866.0,2026-07-04 11:59:59.999000+00:00,1
2026-07-04 12:00:00+00:00,1.584,1.608,1.584,1.608,143269.0,2026-07-04 15:59:59.999000+00:00,1
2026-07-04 16:00:00+00:00,1.608,1.64,1.603,1.621,387257.0,2026-07-04 19:59:59.999000+00:00,1
2026-07-04 20:00:00+00:00,1.62,1.627,1.597,1.607,702118.0,2026-07-04 23:59:59.999000+00:00,1
2026-07-05 00:00:00+00:00,1.607,1.615,1.589,1.597,279963.0,2026-07-05 03:59:59.999000+00:00,1
2026-07-05 04:00:00+00:00,1.597,1.605,1.585,1.605,127915.0,2026-07-05 07:59:59.999000+00:00,1
2026-07-05 08:00:00+00:00,1.605,1.606,1.566,1.586,181621.0,2026-07-05 11:59:59.999000+00:00,1
2026-07-05 12:00:00+00:00,1.586,1.599,1.58,1.591,71006.0,2026-07-05 15:59:59.999000+00:00,1
2026-07-05 16:00:00+00:00,1.591,1.609,1.586,1.6,237951.0,2026-07-05 19:59:59.999000+00:00,1
2026-07-05 20:00:00+00:00,1.6,1.626,1.596,1.617,204065.0,2026-07-05 23:59:59.999000+00:00,1
2026-07-06 00:00:00+00:00,1.617,1.627,1.603,1.612,268468.0,2026-07-06 03:59:59.999000+00:00,1
2026-07-06 04:00:00+00:00,1.612,1.614,1.586,1.598,148208.0,2026-07-06 07:59:59.999000+00:00,1
2026-07-06 08:00:00+00:00,1.598,1.609,1.571,1.576,254494.0,2026-07-06 11:59:59.999000+00:00,1
2026-07-06 12:00:00+00:00,1.575,1.604,1.549,1.601,590642.0,2026-07-06 15:59:59.999000+00:00,1
2026-07-06 16:00:00+00:00,1.601,1.614,1.595,1.603,188423.0,2026-07-06 19:59:59.999000+00:00,1
2026-07-06 20:00:00+00:00,1.603,1.637,1.596,1.614,295250.0,2026-07-06 23:59:59.999000+00:00,1
2026-07-07 00:00:00+00:00,1.614,1.633,1.591,1.595,244191.0,2026-07-07 03:59:59.999000+00:00,1
2026-07-07 04:00:00+00:00,1.595,1.612,1.574,1.599,144543.0,2026-07-07 07:59:59.999000+00:00,1
2026-07-07 08:00:00+00:00,1.599,1.616,1.595,1.606,170247.0,2026-07-07 11:59:59.999000+00:00,1
2026-07-07 12:00:00+00:00,1.606,1.616,1.567,1.602,370799.0,2026-07-07 15:59:59.999000+00:00,1
2026-07-07 16:00:00+00:00,1.602,1.604,1.565,1.581,454135.0,2026-07-07 19:59:59.999000+00:00,1
2026-07-07 20:00:00+00:00,1.581,1.588,1.554,1.56,218260.0,2026-07-07 23:59:59.999000+00:00,1
2026-07-08 00:00:00+00:00,1.56,1.572,1.522,1.537,482262.0,2026-07-08 03:59:59.999000+00:00,1
2026-07-08 04:00:00+00:00,1.537,1.548,1.529,1.543,166145.0,2026-07-08 07:59:59.999000+00:00,1
2026-07-08 08:00:00+00:00,1.543,1.545,1.509,1.533,250506.0,2026-07-08 11:59:59.999000+00:00,1
2026-07-08 12:00:00+00:00,1.532,1.536,1.509,1.519,296187.0,2026-07-08 15:59:59.999000+00:00,1
2026-07-08 16:00:00+00:00,1.519,1.539,1.519,1.534,122010.0,2026-07-08 19:59:59.999000+00:00,1
2026-07-08 20:00:00+00:00,1.534,1.538,1.52,1.538,94132.0,2026-07-08 23:59:59.999000+00:00,1
2026-07-09 00:00:00+00:00,1.538,1.545,1.525,1.537,286676.0,2026-07-09 03:59:59.999000+00:00,1
2026-07-09 04:00:00+00:00,1.536,1.562,1.534,1.552,130803.0,2026-07-09 07:59:59.999000+00:00,1
2026-07-09 08:00:00+00:00,1.552,1.557,1.542,1.551,156360.0,2026-07-09 11:59:59.999000+00:00,1
2026-07-09 12:00:00+00:00,1.551,1.561,1.545,1.547,234729.0,2026-07-09 15:59:59.999000+00:00,1
2026-07-09 16:00:00+00:00,1.547,1.569,1.537,1.551,271855.0,2026-07-09 19:59:59.999000+00:00,1
2026-07-09 20:00:00+00:00,1.551,1.559,1.549,1.551,84054.0,2026-07-09 23:59:59.999000+00:00,1
2026-07-10 00:00:00+00:00,1.551,1.576,1.543,1.563,350470.0,2026-07-10 03:59:59.999000+00:00,1
2026-07-10 04:00:00+00:00,1.563,1.565,1.555,1.556,68805.0,2026-07-10 07:59:59.999000+00:00,1
2026-07-10 08:00:00+00:00,1.556,1.58,1.555,1.57,155321.0,2026-07-10 11:59:59.999000+00:00,1
2026-07-10 12:00:00+00:00,1.57,1.575,1.534,1.551,333875.0,2026-07-10 15:59:59.999000+00:00,1
2026-07-10 16:00:00+00:00,1.551,1.562,1.547,1.557,130126.0,2026-07-10 19:59:59.999000+00:00,1
2026-07-10 20:00:00+00:00,1.556,1.573,1.55,1.565,131096.0,2026-07-10 23:59:59.999000+00:00,1
2026-07-11 00:00:00+00:00,1.565,1.586,1.565,1.58,265094.0,2026-07-11 03:59:59.999000+00:00,1
2026-07-11 04:00:00+00:00,1.58,1.589,1.573,1.576,151189.0,2026-07-11 07:59:59.999000+00:00,1
2026-07-11 08:00:00+00:00,1.576,1.585,1.568,1.573,143515.0,2026-07-11 11:59:59.999000+00:00,1
2026-07-11 12:00:00+00:00,1.573,1.583,1.563,1.575,189681.0,2026-07-11 15:59:59.999000+00:00,1
2026-07-11 16:00:00+00:00,1.575,1.579,1.569,1.575,66609.0,2026-07-11 19:59:59.999000+00:00,1
2026-07-11 20:00:00+00:00,1.575,1.586,1.542,1.542,115596.0,2026-07-11 23:59:59.999000+00:00,1
2026-07-12 00:00:00+00:00,1.541,1.546,1.524,1.545,140438.0,2026-07-12 03:59:59.999000+00:00,1
2026-07-12 04:00:00+00:00,1.545,1.548,1.529,1.538,73212.0,2026-07-12 07:59:59.999000+00:00,1
2026-07-12 08:00:00+00:00,1.538,1.553,1.537,1.55,49752.0,2026-07-12 11:59:59.999000+00:00,1
2026-07-12 12:00:00+00:00,1.55,1.557,1.546,1.55,87958.0,2026-07-12 15:59:59.999000+00:00,1
2026-07-12 16:00:00+00:00,1.55,1.559,1.539,1.555,99620.0,2026-07-12 19:59:59.999000+00:00,1
2026-07-12 20:00:00+00:00,1.555,1.556,1.523,1.525,133257.0,2026-07-12 23:59:59.999000+00:00,1
2026-07-13 00:00:00+00:00,1.525,1.55,1.504,1.513,235771.0,2026-07-13 03:59:59.999000+00:00,1
2026-07-13 04:00:00+00:00,1.513,1.524,1.501,1.518,158823.0,2026-07-13 07:59:59.999000+00:00,1
2026-07-13 08:00:00+00:00,1.518,1.525,1.512,1.512,62922.0,2026-07-13 11:59:59.999000+00:00,1
2026-07-13 12:00:00+00:00,1.512,1.52,1.496,1.502,240818.0,2026-07-13 15:59:59.999000+00:00,1
2026-07-13 16:00:00+00:00,1.502,1.506,1.478,1.494,169850.0,2026-07-13 19:59:59.999000+00:00,1
2026-07-13 20:00:00+00:00,1.494,1.495,1.465,1.489,96149.0,2026-07-13 23:59:59.999000+00:00,1
2026-07-14 00:00:00+00:00,1.489,1.492,1.473,1.483,443737.0,2026-07-14 03:59:59.999000+00:00,1
2026-07-14 04:00:00+00:00,1.483,1.496,1.48,1.493,114534.0,2026-07-14 07:59:59.999000+00:00,1
2026-07-14 08:00:00+00:00,1.493,1.499,1.48,1.481,168620.0,2026-07-14 11:59:59.999000+00:00,1
2026-07-14 12:00:00+00:00,1.481,1.527,1.475,1.511,749767.0,2026-07-14 15:59:59.999000+00:00,1
2026-07-14 16:00:00+00:00,1.511,1.517,1.504,1.512,165272.0,2026-07-14 19:59:59.999000+00:00,1
2026-07-14 20:00:00+00:00,1.511,1.524,1.505,1.524,157520.0,2026-07-14 23:59:59.999000+00:00,1
2026-07-15 00:00:00+00:00,1.523,1.535,1.515,1.529,318259.0,2026-07-15 03:59:59.999000+00:00,1
2026-07-15 04:00:00+00:00,1.529,1.541,1.518,1.521,141204.0,2026-07-15 07:59:59.999000+00:00,1
2026-07-15 08:00:00+00:00,1.521,1.532,1.518,1.531,89580.0,2026-07-15 11:59:59.999000+00:00,1
2026-07-15 12:00:00+00:00,1.531,1.555,1.526,1.533,404073.0,2026-07-15 15:59:59.999000+00:00,1
2026-07-15 16:00:00+00:00,1.533,1.535,1.511,1.523,268407.0,2026-07-15 19:59:59.999000+00:00,1
2026-07-15 20:00:00+00:00,1.523,1.535,1.519,1.525,148156.0,2026-07-15 23:59:59.999000+00:00,1
2026-07-16 00:00:00+00:00,1.524,1.537,1.517,1.522,208754.0,2026-07-16 03:59:59.999000+00:00,1
2026-07-16 04:00:00+00:00,1.522,1.526,1.503,1.507,143393.0,2026-07-16 07:59:59.999000+00:00,1
2026-07-16 08:00:00+00:00,1.507,1.507,1.493,1.498,314147.0,2026-07-16 11:59:59.999000+00:00,1
2026-07-16 12:00:00+00:00,1.498,1.516,1.492,1.51,212764.0,2026-07-16 15:59:59.999000+00:00,1
2026-07-16 16:00:00+00:00,1.51,1.513,1.492,1.493,163537.0,2026-07-16 19:59:59.999000+00:00,1
2026-07-16 20:00:00+00:00,1.493,1.496,1.464,1.472,203135.0,2026-07-16 23:59:59.999000+00:00,1
2026-07-17 00:00:00+00:00,1.472,1.49,1.461,1.479,463965.0,2026-07-17 03:59:59.999000+00:00,1
2026-07-17 04:00:00+00:00,1.479,1.481,1.457,1.465,334580.0,2026-07-17 07:59:59.999000+00:00,1
2026-07-17 08:00:00+00:00,1.465,1.475,1.454,1.473,191177.0,2026-07-17 11:59:59.999000+00:00,1
2026-07-17 12:00:00+00:00,1.473,1.473,1.444,1.472,534517.0,2026-07-17 15:59:59.999000+00:00,1
2026-07-17 16:00:00+00:00,1.472,1.492,1.467,1.471,341527.0,2026-07-17 19:59:59.999000+00:00,1
2026-07-17 20:00:00+00:00,1.471,1.476,1.462,1.475,153533.0,2026-07-17 23:59:59.999000+00:00,1
2026-07-18 00:00:00+00:00,1.475,1.479,1.47,1.476,119272.0,2026-07-18 03:59:59.999000+00:00,1
2026-07-18 04:00:00+00:00,1.476,1.476,1.466,1.467,82511.0,2026-07-18 07:59:59.999000+00:00,1
2026-07-18 08:00:00+00:00,1.467,1.471,1.461,1.463,75402.0,2026-07-18 11:59:59.999000+00:00,1
2026-07-18 12:00:00+00:00,1.463,1.469,1.453,1.464,103271.0,2026-07-18 15:59:59.999000+00:00,1
2026-07-18 16:00:00+00:00,1.464,1.475,1.463,1.466,169619.0,2026-07-18 19:59:59.999000+00:00,1
2026-07-18 20:00:00+00:00,1.466,1.481,1.465,1.478,135533.0,2026-07-18 23:59:59.999000+00:00,1
2026-07-19 00:00:00+00:00,1.478,1.493,1.477,1.481,356594.0,2026-07-19 03:59:59.999000+00:00,1
2026-07-19 04:00:00+00:00,1.48,1.483,1.475,1.477,88406.0,2026-07-19 07:59:59.999000+00:00,1
2026-07-19 08:00:00+00:00,1.477,1.488,1.476,1.479,126912.0,2026-07-19 11:59:59.999000+00:00,1
2026-07-19 12:00:00+00:00,1.479,1.482,1.473,1.481,158065.0,2026-07-19 15:59:59.999000+00:00,1
2026-07-19 16:00:00+00:00,1.48,1.486,1.466,1.48,172846.0,2026-07-19 19:59:59.999000+00:00,1
2026-07-19 20:00:00+00:00,1.48,1.488,1.473,1.48,162787.0,2026-07-19 23:59:59.999000+00:00,1
2026-07-20 00:00:00+00:00,1.48,1.499,1.475,1.484,171365.0,2026-07-20 03:59:59.999000+00:00,1
2026-07-20 04:00:00+00:00,1.484,1.488,1.466,1.478,188959.0,2026-07-20 07:59:59.999000+00:00,1
2026-07-20 08:00:00+00:00,1.478,1.488,1.468,1.487,211717.0,2026-07-20 11:59:59.999000+00:00,1
2026-07-20 12:00:00+00:00,1.487,1.515,1.481,1.511,553106.0,2026-07-20 15:59:59.999000+00:00,1
2026-07-20 16:00:00+00:00,1.511,1.519,1.503,1.507,306276.0,2026-07-20 19:59:59.999000+00:00,1
2026-07-20 20:00:00+00:00,1.507,1.521,1.503,1.517,125283.0,2026-07-20 23:59:59.999000+00:00,1
2026-07-21 00:00:00+00:00,1.517,1.535,1.514,1.535,291034.0,2026-07-21 03:59:59.999000+00:00,1
2026-07-21 04:00:00+00:00,1.535,1.552,1.525,1.542,218864.0,2026-07-21 07:59:59.999000+00:00,1
2026-07-21 08:00:00+00:00,1.542,1.555,1.54,1.55,214415.0,2026-07-21 11:59:59.999000+00:00,1
2026-07-21 12:00:00+00:00,1.55,1.564,1.542,1.546,311162.0,2026-07-21 15:59:59.999000+00:00,1
2026-07-21 16:00:00+00:00,1.546,1.546,1.53,1.538,232987.0,2026-07-21 19:59:59.999000+00:00,1
2026-07-21 20:00:00+00:00,1.539,1.552,1.528,1.535,170216.0,2026-07-21 23:59:59.999000+00:00,1
2026-07-22 00:00:00+00:00,1.536,1.537,1.512,1.514,215535.0,2026-07-22 03:59:59.999000+00:00,1
2026-07-22 04:00:00+00:00,1.514,1.517,1.502,1.508,198781.0,2026-07-22 07:59:59.999000+00:00,1
2026-07-22 08:00:00+00:00,1.509,1.516,1.505,1.512,210446.0,2026-07-22 11:59:59.999000+00:00,1
2026-07-22 12:00:00+00:00,1.513,1.532,1.504,1.529,270692.0,2026-07-22 15:59:59.999000+00:00,1
2026-07-22 16:00:00+00:00,1.529,1.538,1.516,1.52,169773.0,2026-07-22 19:59:59.999000+00:00,1
2026-07-22 20:00:00+00:00,1.52,1.523,1.5,1.51,169263.0,2026-07-22 23:59:59.999000+00:00,1
2026-07-23 00:00:00+00:00,1.51,1.518,1.503,1.506,184823.0,2026-07-23 03:59:59.999000+00:00,1
2026-07-23 04:00:00+00:00,1.506,1.517,1.501,1.51,193626.0,2026-07-23 07:59:59.999000+00:00,1
2026-07-23 08:00:00+00:00,1.51,1.517,1.509,1.512,169311.0,2026-07-23 11:59:59.999000+00:00,1
2026-07-23 12:00:00+00:00,1.512,1.513,1.484,1.493,399406.0,2026-07-23 15:59:59.999000+00:00,1
2026-07-23 16:00:00+00:00,1.493,1.493,1.469,1.476,289558.0,2026-07-23 19:59:59.999000+00:00,1
2026-07-23 20:00:00+00:00,1.476,1.487,1.468,1.473,159423.0,2026-07-23 23:59:59.999000+00:00,1
2026-07-24 00:00:00+00:00,1.473,1.484,1.462,1.483,158285.0,2026-07-24 03:59:59.999000+00:00,1
2026-07-24 04:00:00+00:00,1.483,1.496,1.481,1.492,185401.0,2026-07-24 07:59:59.999000+00:00,1
2026-07-24 08:00:00+00:00,1.492,1.497,1.475,1.482,235917.0,2026-07-24 11:59:59.999000+00:00,1
2026-07-24 12:00:00+00:00,1.482,1.484,1.442,1.46,495897.0,2026-07-24 15:59:59.999000+00:00,1
2026-07-24 16:00:00+00:00,1.46,1.469,1.453,1.469,181079.0,2026-07-24 19:59:59.999000+00:00,1
2026-07-24 20:00:00+00:00,1.469,1.47,1.455,1.456,219801.0,2026-07-24 23:59:59.999000+00:00,1
2026-07-25 00:00:00+00:00,1.456,1.464,1.452,1.453,237822.0,2026-07-25 03:59:59.999000+00:00,1
2026-07-25 04:00:00+00:00,1.453,1.457,1.442,1.444,152805.0,2026-07-25 07:59:59.999000+00:00,1
2026-07-25 08:00:00+00:00,1.444,1.449,1.436,1.441,235904.0,2026-07-25 11:59:59.999000+00:00,1
2026-07-25 12:00:00+00:00,1.442,1.458,1.441,1.457,140236.0,2026-07-25 15:59:59.999000+00:00,1
2026-07-25 16:00:00+00:00,1.457,1.468,1.455,1.462,167369.0,2026-07-25 19:59:59.999000+00:00,1
2026-07-25 20:00:00+00:00,1.462,1.467,1.454,1.463,154070.0,2026-07-25 23:59:59.999000+00:00,1
2026-07-26 00:00:00+00:00,1.464,1.483,1.458,1.482,272418.0,2026-07-26 03:59:59.999000+00:00,1
2026-07-26 04:00:00+00:00,1.482,1.485,1.473,1.48,187839.0,2026-07-26 07:59:59.999000+00:00,1
2026-07-26 08:00:00+00:00,1.481,1.49,1.478,1.483,136496.0,2026-07-26 11:59:59.999000+00:00,1
2026-07-26 12:00:00+00:00,1.483,1.489,1.47,1.477,264515.0,2026-07-26 15:59:59.999000+00:00,1
2026-07-26 16:00:00+00:00,1.477,1.479,1.466,1.467,233243.0,2026-07-26 19:59:59.999000+00:00,1
2026-07-26 20:00:00+00:00,1.467,1.489,1.467,1.487,293077.0,2026-07-26 23:59:59.999000+00:00,1
2026-07-27 00:00:00+00:00,1.488,1.498,1.474,1.48,285211.0,2026-07-27 03:59:59.999000+00:00,1
2026-07-27 04:00:00+00:00,1.481,1.491,1.479,1.481,144937.0,2026-07-27 07:59:59.999000+00:00,1
2026-07-27 08:00:00+00:00,1.481,1.488,1.475,1.479,153653.0,2026-07-27 11:59:59.999000+00:00,1
2026-07-27 12:00:00+00:00,1.48,1.495,1.446,1.455,393456.0,2026-07-27 15:59:59.999000+00:00,1
2026-07-27 16:00:00+00:00,1.455,1.465,1.439,1.453,288388.0,2026-07-27 19:59:59.999000+00:00,1
2026-07-27 20:00:00+00:00,1.453,1.454,1.408,1.41,320753.0,2026-07-27 23:59:59.999000+00:00,1
2026-07-28 00:00:00+00:00,1.411,1.416,1.387,1.41,421064.0,2026-07-28 03:59:59.999000+00:00,1
2026-07-28 04:00:00+00:00,1.411,1.421,1.407,1.413,183033.0,2026-07-28 07:59:59.999000+00:00,1
2026-07-28 08:00:00+00:00,1.413,1.418,1.408,1.413,146249.0,2026-07-28 11:59:59.999000+00:00,1
2026-07-28 12:00:00+00:00,1.413,1.435,1.395,1.43,508724.0,2026-07-28 15:59:59.999000+00:00,1
2026-07-28 16:00:00+00:00,1.431,1.431,1.41,1.423,202369.0,2026-07-28 19:59:59.999000+00:00,1
2026-07-28 20:00:00+00:00,1.424,1.428,1.411,1.421,138373.0,2026-07-28 23:59:59.999000+00:00,1
2026-07-29 00:00:00+00:00,1.422,1.43,1.39,1.392,269944.0,2026-07-29 03:59:59.999000+00:00,1
2026-07-29 04:00:00+00:00,1.392,1.401,1.381,1.398,277935.0,2026-07-29 07:59:59.999000+00:00,1
2026-07-29 08:00:00+00:00,1.399,1.403,1.388,1.394,160581.0,2026-07-29 11:59:59.999000+00:00,1
2026-07-29 12:00:00+00:00,1.394,1.396,1.38,1.388,304789.0,2026-07-29 15:59:59.999000+00:00,1
2026-07-29 16:00:00+00:00,1.388,1.422,1.381,1.386,465253.0,2026-07-29 19:59:59.999000+00:00,1
2026-07-29 20:00:00+00:00,1.386,1.399,1.365,1.397,387314.0,2026-07-29 23:59:59.999000+00:00,1
2026-07-30 00:00:00+00:00,1.398,1.41,1.388,1.395,353583.0,2026-07-30 03:59:59.999000+00:00,1
2026-07-30 04:00:00+00:00,1.395,1.397,1.385,1.391,113324.0,2026-07-30 07:59:59.999000+00:00,1
2026-07-30 08:00:00+00:00,1.391,1.41,1.388,1.407,211120.0,2026-07-30 11:59:59.999000+00:00,1
2026-07-30 12:00:00+00:00,1.407,1.426,1.396,1.421,497127.0,2026-07-30 15:59:59.999000+00:00,1
2026-07-30 16:00:00+00:00,1.421,1.429,1.415,1.422,315031.0,2026-07-30 19:59:59.999000+00:00,1
2026-07-30 20:00:00+00:00,1.422,1.428,1.412,1.415,316310.0,2026-07-30 23:59:59.999000+00:00,1
2026-07-31 00:00:00+00:00,1.415,1.424,1.392,1.404,378926.0,2026-07-31 03:59:59.999000+00:00,1
2026-07-31 04:00:00+00:00,1.404,1.408,1.392,1.397,234790.0,2026-07-31 07:59:59.999000+00:00,1
2026-07-31 08:00:00+00:00,1.397,1.399,1.382,1.386,179201.0,2026-07-31 11:59:59.999000+00:00,1
2026-07-31 12:00:00+00:00,1.386,1.39,1.356,1.367,454782.0,2026-07-31 15:59:59.999000+00:00,1
2026-07-31 16:00:00+00:00,1.367,1.383,1.363,1.373,233298.0,2026-07-31 19:59:59.999000+00:00,1
2026-07-31 20:00:00+00:00,1.373,1.377,1.368,1.372,175906.0,2026-07-31 23:59:59.999000+00:00,1
2026-08-01 00:00:00+00:00,1.372,1.39,1.372,1.39,285947.0,2026-08-01 03:59:59.999000+00:00,1
2026-08-01 04:00:00+00:00,1.39,1.393,1.381,1.382,147734.0,2026-08-01 07:59:59.999000+00:00,1
2026-08-01 08:00:00+00:00,1.382,1.387,1.37,1.375,152030.0,2026-08-01 11:59:59.999000+00:00,1
2026-08-01 12:00:00+00:00,1.375,1.378,1.366,1.366,159797.0,2026-08-01 15:59:59.999000+00:00,1
2026-08-01 16:00:00+00:00,1.366,1.374,1.338,1.352,312896.0,2026-08-01 19:59:59.999000+00:00,1
2026-08-01 20:00:00+00:00,1.352,1.362,1.349,1.35,183135.0,2026-08-01 23:59:59.999000+00:00,1
2026-08-02 00:00:00+00:00,1.35,1.374,1.35,1.368,177388.0,2026-08-02 03:59:59.999000+00:00,1
2026-08-02 04:00:00+00:00,1.368,1.376,1.367,1.372,129069.0,2026-08-02 07:59:59.999000+00:00,1
2026-08-02 08:00:00+00:00,1.373,1.374,1.365,1.368,199642.0,2026-08-02 11:59:59.999000+00:00,1
2026-08-02 12:00:00+00:00,1.369,1.372,1.365,1.365,165026.0,2026-08-02 15:59:59.999000+00:00,1
2026-08-02 16:00:00+00:00,1.366,1.379,1.363,1.376,170522.0,2026-08-02 19:59:59.999000+00:00,1
2026-08-02 20:00:00+00:00,1.376,1.388,1.372,1.384,241547.0,2026-08-02 23:59:59.999000+00:00,1
2026-08-03 00:00:00+00:00,1.384,1.385,1.353,1.362,273005.0,2026-08-03 03:59:59.999000+00:00,1
2026-08-03 04:00:00+00:00,1.362,1.365,1.352,1.353,179875.0,2026-08-03 07:59:59.999000+00:00,1
2026-08-03 08:00:00+00:00,1.354,1.361,1.345,1.353,202799.0,2026-08-03 11:59:59.999000+00:00,1
2026-08-03 12:00:00+00:00,1.354,1.373,1.351,1.354,504869.0,2026-08-03 15:59:59.999000+00:00,1
2026-08-03 16:00:00+00:00,1.354,1.366,1.352,1.365,413048.0,2026-08-03 19:59:59.999000+00:00,1
2026-08-03 20:00:00+00:00,1.365,1.367,1.354,1.362,184703.0,2026-08-03 23:59:59.999000+00:00,1
2026-08-04 00:00:00+00:00,1.362,1.371,1.353,1.36,146349.0,2026-08-04 03:59:59.999000+00:00,1
2026-08-04 04:00:00+00:00,1.36,1.368,1.349,1.356,298957.0,2026-08-04 07:59:59.999000+00:00,1
2026-08-04 08:00:00+00:00,1.356,1.356,1.347,1.353,364745.0,2026-08-04 11:59:59.999000+00:00,1
2026-08-04 12:00:00+00:00,1.353,1.355,1.332,1.341,973904.0,2026-08-04 15:59:59.999000+00:00,1
2026-08-04 16:00:00+00:00,1.341,1.361,1.333,1.358,959800.0,2026-08-04 19:59:59.999000+00:00,1
2026-08-04 20:00:00+00:00,1.358,1.361,1.339,1.339,501127.0,2026-08-04 23:59:59.999000+00:00,1
2026-08-05 00:00:00+00:00,1.339,1.346,1.328,1.333,948396.0,2026-08-05 03:59:59.999000+00:00,1
2026-08-05 04:00:00+00:00,1.333,1.367,1.331,1.357,421553.0,2026-08-05 07:59:59.999000+00:00,1
2026-08-05 08:00:00+00:00,1.357,1.36,1.349,1.35,119093.0,2026-08-05 11:59:59.999000+00:00,1
2026-08-05 12:00:00+00:00,1.351,1.356,1.335,1.335,423010.0,2026-08-05 15:59:59.999000+00:00,1
2026-08-05 16:00:00+00:00,1.335,1.351,1.331,1.332,153750.0,2026-08-05 19:59:59.999000+00:00,1
2026-08-05 20:00:00+00:00,1.332,1.338,1.317,1.324,266015.0,2026-08-05 23:59:59.999000+00:00,1
2026-08-06 00:00:00+00:00,1.324,1.33,1.313,1.317,150069.0,2026-08-06 03:59:59.999000+00:00,1
2026-08-06 04:00:00+00:00,1.317,1.342,1.316,1.332,284389.0,2026-08-06 07:59:59.999000+00:00,1
2026-08-06 08:00:00+00:00,1.332,1.336,1.315,1.325,206264.0,2026-08-06 11:59:59.999000+00:00,1
2026-08-06 12:00:00+00:00,1.325,1.347,1.323,1.343,449486.0,2026-08-06 15:59:59.999000+00:00,1
2026-08-06 16:00:00+00:00,1.343,1.35,1.326,1.331,162816.0,2026-08-06 19:59:59.999000+00:00,1
2026-08-06 20:00:00+00:00,1.331,1.354,1.331,1.34,281138.0,2026-08-06 23:59:59.999000+00:00,1
2026-08-07 00:00:00+00:00,1.34,1.35,1.335,1.336,211640.0,2026-08-07 03:59:59.999000+00:00,1
2026-08-07 04:00:00+00:00,1.337,1.339,1.326,1.327,110128.0,2026-08-07 07:59:59.999000+00:00,1
2026-08-07 08:00:00+00:00,1.327,1.337,1.326,1.331,180768.0,2026-08-07 11:59:59.999000+00:00,1
2026-08-07 12:00:00+00:00,1.331,1.336,1.302,1.319,720990.0,2026-08-07 15:59:59.999000+00:00,1
2026-08-07 16:00:00+00:00,1.32,1.325,1.311,1.315,155344.0,2026-08-07 19:59:59.999000+00:00,1
2026-08-07 20:00:00+00:00,1.316,1.321,1.307,1.311,109681.0,2026-08-07 23:59:59.999000+00:00,1
2026-08-08 00:00:00+00:00,1.311,1.322,1.305,1.322,106172.0,2026-08-08 03:59:59.999000+00:00,1
2026-08-08 04:00:00+00:00,1.322,1.324,1.318,1.322,121208.0,2026-08-08 07:59:59.999000+00:00,1
2026-08-08 08:00:00+00:00,1.321,1.332,1.319,1.321,205637.0,2026-08-08 11:59:59.999000+00:00,1
2026-08-08 12:00:00+00:00,1.321,1.327,1.316,1.322,97200.0,2026-08-08 15:59:59.999000+00:00,1
2026-08-08 16:00:00+00:00,1.322,1.332,1.319,1.323,104057.0,2026-08-08 19:59:59.999000+00:00,1
2026-08-08 20:00:00+00:00,1.323,1.326,1.318,1.322,290497.0,2026-08-08 23:59:59.999000+00:00,1
2026-08-09 00:00:00+00:00,1.322,1.337,1.321,1.328,280443.0,2026-08-09 03:59:59.999000+00:00,1
2026-08-09 04:00:00+00:00,1.328,1.342,1.317,1.32,231947.0,2026-08-09 07:59:59.999000+00:00,1
2026-08-09 08:00:00+00:00,1.32,1.328,1.319,1.323,188677.0,2026-08-09 11:59:59.999000+00:00,1
2026-08-09 12:00:00+00:00,1.324,1.334,1.32,1.334,122566.0,2026-08-09 15:59:59.999000+00:00,1
2026-08-09 16:00:00+00:00,1.335,1.336,1.323,1.328,118630.0,2026-08-09 19:59:59.999000+00:00,1
2026-08-09 20:00:00+00:00,1.329,1.339,1.293,1.297,288042.0,2026-08-09 23:59:59.999000+00:00,1
2026-08-10 00:00:00+00:00,1.296,1.305,1.273,1.276,458428.0,2026-08-10 03:59:59.999000+00:00,1
2026-08-10 04:00:00+00:00,1.276,1.304,1.267,1.301,507308.0,2026-08-10 07:59:59.999000+00:00,1
2026-08-10 08:00:00+00:00,1.302,1.309,1.29,1.298,178922.0,2026-08-10 11:59:59.999000+00:00,1
2026-08-10 12:00:00+00:00,1.299,1.3,1.284,1.292,270719.0,2026-08-10 15:59:59.999000+00:00,1
2026-08-10 16:00:00+00:00,1.292,1.295,1.281,1.289,163097.0,2026-08-10 19:59:59.999000+00:00,1
2026-08-10 20:00:00+00:00,1.29,1.294,1.256,1.258,290161.0,2026-08-10 23:59:59.999000+00:00,1
2026-08-11 00:00:00+00:00,1.258,1.265,1.249,1.258,443335.0,2026-08-11 03:59:59.999000+00:00,1
2026-08-11 04:00:00+00:00,1.257,1.269,1.257,1.261,183274.0,2026-08-11 07:59:59.999000+00:00,1
2026-08-11 08:00:00+00:00,1.262,1.266,1.227,1.26,377196.0,2026-08-11 11:59:59.999000+00:00,1
2026-08-11 12:00:00+00:00,1.26,1.262,1.231,1.24,366657.0,2026-08-11 15:59:59.999000+00:00,1
2026-08-11 16:00:00+00:00,1.24,1.253,1.232,1.25,166344.0,2026-08-11 19:59:59.999000+00:00,1
2026-08-11 20:00:00+00:00,1.251,1.264,1.247,1.262,115798.0,2026-08-11 23:59:59.999000+00:00,1
2026-08-12 00:00:00+00:00,1.262,1.272,1.259,1.264,247053.0,2026-08-12 03:59:59.999000+00:00,1
2026-08-12 04:00:00+00:00,1.264,1.272,1.252,1.255,157216.0,2026-08-12 07:59:59.999000+00:00,1
2026-08-12 08:00:00+00:00,1.255,1.272,1.253,1.272,169682.0,2026-08-12 11:59:59.999000+00:00,1
2026-08-12 12:00:00+00:00,1.272,1.28,1.244,1.25,601802.0,2026-08-12 15:59:59.999000+00:00,1
2026-08-12 16:00:00+00:00,1.25,1.259,1.243,1.246,121257.0,2026-08-12 19:59:59.999000+00:00,1
2026-08-12 20:00:00+00:00,1.247,1.259,1.232,1.253,222668.0,2026-08-12 23:59:59.999000+00:00,1
2026-08-13 00:00:00+00:00,1.253,1.275,1.253,1.273,204520.0,2026-08-13 03:59:59.999000+00:00,1
2026-08-13 04:00:00+00:00,1.273,1.273,1.256,1.265,282131.0,2026-08-13 07:59:59.999000+00:00,1
2026-08-13 08:00:00+00:00,1.265,1.271,1.26,1.264,160862.0,2026-08-13 11:59:59.999000+00:00,1
2026-08-13 12:00:00+00:00,1.264,1.277,1.263,1.266,282254.0,2026-08-13 15:59:59.999000+00:00,1
2026-08-13 16:00:00+00:00,1.266,1.266,1.246,1.26,241855.0,2026-08-13 19:59:59.999000+00:00,1
2026-08-13 20:00:00+00:00,1.26,1.271,1.255,1.259,151311.0,2026-08-13 23:59:59.999000+00:00,1
2026-08-14 00:00:00+00:00,1.259,1.263,1.256,1.259,78378.0,2026-08-14 03:59:59.999000+00:00,1
2026-08-14 04:00:00+00:00,1.259,1.266,1.25,1.253,110856.0,2026-08-14 07:59:59.999000+00:00,1
2026-08-14 08:00:00+00:00,1.253,1.259,1.239,1.243,244047.0,2026-08-14 11:59:59.999000+00:00,1
2026-08-14 12:00:00+00:00,1.243,1.262,1.241,1.254,729010.0,2026-08-14 15:59:59.999000+00:00,1
2026-08-14 16:00:00+00:00,1.254,1.261,1.246,1.252,192440.0,2026-08-14 19:59:59.999000+00:00,1
2026-08-14 20:00:00+00:00,1.252,1.264,1.246,1.263,80207.0,2026-08-14 23:59:59.999000+00:00,1
2026-08-15 00:00:00+00:00,1.263,1.28,1.262,1.278,258640.0,2026-08-15 03:59:59.999000+00:00,1
2026-08-15 04:00:00+00:00,1.279,1.284,1.268,1.269,271369.0,2026-08-15 07:59:59.999000+00:00,1
2026-08-15 08:00:00+00:00,1.269,1.271,1.263,1.264,97406.0,2026-08-15 11:59:59.999000+00:00,1
2026-08-15 12:00:00+00:00,1.265,1.269,1.262,1.267,96008.0,2026-08-15 15:59:59.999000+00:00,1
2026-08-15 16:00:00+00:00,1.267,1.273,1.261,1.269,204792.0,2026-08-15 19:59:59.999000+00:00,1
2026-08-15 20:00:00+00:00,1.269,1.27,1.263,1.265,65948.0,2026-08-15 23:59:59.999000+00:00,1
2026-08-16 00:00:00+00:00,1.265,1.266,1.252,1.258,176529.0,2026-08-16 03:59:59.999000+00:00,1
2026-08-16 04:00:00+00:00,1.258,1.261,1.253,1.26,101572.0,2026-08-16 07:59:59.999000+00:00,1
2026-08-16 08:00:00+00:00,1.26,1.268,1.26,1.266,204617.0,2026-08-16 11:59:59.999000+00:00,1
2026-08-16 12:00:00+00:00,1.266,1.27,1.257,1.267,166757.0,2026-08-16 15:59:59.999000+00:00,1
2026-08-16 16:00:00+00:00,1.267,1.274,1.264,1.27,140395.0,2026-08-16 19:59:59.999000+00:00,1
2026-08-16 20:00:00+00:00,1.27,1.272,1.239,1.256,359882.0,2026-08-16 23:59:59.999000+00:00,1
2026-08-17 00:00:00+00:00,1.256,1.273,1.252,1.272,295581.0,2026-08-17 03:59:59.999000+00:00,1
2026-08-17 04:00:00+00:00,1.272,1.274,1.264,1.265,78331.0,2026-08-17 07:59:59.999000+00:00,1
2026-08-17 08:00:00+00:00,1.265,1.265,1.258,1.263,91992.0,2026-08-17 11:59:59.999000+00:00,1
2026-08-17 12:00:00+00:00,1.263,1.281,1.259,1.276,601550.0,2026-08-17 15:59:59.999000+00:00,1
2026-08-17 16:00:00+00:00,1.277,1.278,1.267,1.268,171823.0,2026-08-17 19:59:59.999000+00:00,1
2026-08-17 20:00:00+00:00,1.268,1.277,1.266,1.275,101014.0,2026-08-17 23:59:59.999000+00:00,1
2026-08-18 00:00:00+00:00,1.275,1.278,1.246,1.252,668387.0,2026-08-18 03:59:59.999000+00:00,1
2026-08-18 04:00:00+00:00,1.252,1.272,1.249,1.264,231736.0,2026-08-18 07:59:59.999000+00:00,1
2026-08-18 08:00:00+00:00,1.264,1.27,1.258,1.265,158471.0,2026-08-18 11:59:59.999000+00:00,1
2026-08-18 12:00:00+00:00,1.265,1.275,1.261,1.271,286152.0,2026-08-18 15:59:59.999000+00:00,1
2026-08-18 16:00:00+00:00,1.271,1.274,1.262,1.27,124242.0,2026-08-18 19:59:59.999000+00:00,1
2026-08-18 20:00:00+00:00,1.27,1.27,1.259,1.262,81811.0,2026-08-18 23:59:59.999000+00:00,1
2026-08-19 00:00:00+00:00,1.262,1.269,1.255,1.268,141719.0,2026-08-19 03:59:59.999000+00:00,1
2026-08-19 04:00:00+00:00,1.268,1.269,1.257,1.265,171443.0,2026-08-19 07:59:59.999000+00:00,1
2026-08-19 08:00:00+00:00,1.265,1.273,1.263,1.27,79215.0,2026-08-19 11:59:59.999000+00:00,1
2026-08-19 12:00:00+00:00,1.27,1.325,1.269,1.305,1211056.0,2026-08-19 15:59:59.999000+00:00,1
2026-08-19 16:00:00+00:00,1.305,1.334,1.301,1.334,648444.0,2026-08-19 19:59:59.999000+00:00,1
2026-08-19 20:00:00+00:00,1.334,1.403,1.333,1.37,903094.0,2026-08-19 23:59:59.999000+00:00,1
2026-08-20 00:00:00+00:00,1.37,1.394,1.354,1.362,291274.0,2026-08-20 03:59:59.999000+00:00,1
2026-08-20 04:00:00+00:00,1.363,1.376,1.362,1.372,200342.0,2026-08-20 07:59:59.999000+00:00,1
2026-08-20 08:00:00+00:00,1.372,1.409,1.372,1.398,402976.0,2026-08-20 11:59:59.999000+00:00,1
2026-08-20 12:00:00+00:00,1.399,1.42,1.377,1.414,604047.0,2026-08-20 15:59:59.999000+00:00,1
2026-08-20 16:00:00+00:00,1.414,1.426,1.378,1.381,737696.0,2026-08-20 19:59:59.999000+00:00,1
2026-08-20 20:00:00+00:00,1.38,1.409,1.379,1.404,229159.0,2026-08-20 23:59:59.999000+00:00,1
2026-08-21 00:00:00+00:00,1.403,1.419,1.392,1.408,405422.0,2026-08-21 03:59:59.999000+00:00,1
2026-08-21 04:00:00+00:00,1.407,1.465,1.406,1.462,390198.0,2026-08-21 07:59:59.999000+00:00,1
2026-08-21 08:00:00+00:00,1.463,1.497,1.444,1.471,1197840.0,2026-08-21 11:59:59.999000+00:00,1
2026-08-21 12:00:00+00:00,1.471,1.518,1.462,1.493,710208.0,2026-08-21 15:59:59.999000+00:00,1
2026-08-21 16:00:00+00:00,1.494,1.498,1.459,1.466,501843.0,2026-08-21 19:59:59.999000+00:00,1
2026-08-21 20:00:00+00:00,1.467,1.537,1.461,1.525,467901.0,2026-08-21 23:59:59.999000+00:00,1
2026-08-22 00:00:00+00:00,1.525,1.601,1.51,1.593,384929.0,2026-08-22 03:59:59.999000+00:00,1
2026-08-22 04:00:00+00:00,1.593,1.638,1.378,1.517,2153994.0,2026-08-22 07:59:59.999000+00:00,1
2026-08-22 08:00:00+00:00,1.519,1.527,1.448,1.485,406202.0,2026-08-22 11:59:59.999000+00:00,1
2026-08-22 12:00:00+00:00,1.485,1.499,1.438,1.444,206977.0,2026-08-22 15:59:59.999000+00:00,1
2026-08-22 16:00:00+00:00,1.444,1.487,1.442,1.484,154858.0,2026-08-22 19:59:59.999000+00:00,1
2026-08-22 20:00:00+00:00,1.483,1.488,1.432,1.461,240608.0,2026-08-22 23:59:59.999000+00:00,1
2026-08-23 00:00:00+00:00,1.461,1.483,1.407,1.412,284416.0,2026-08-23 03:59:59.999000+00:00,1
2026-08-23 04:00:00+00:00,1.412,1.421,1.378,1.411,355859.0,2026-08-23 07:59:59.999000+00:00,1
2026-08-23 08:00:00+00:00,1.41,1.464,1.408,1.454,250499.0,2026-08-23 11:59:59.999000+00:00,1
2026-08-23 12:00:00+00:00,1.454,1.518,1.446,1.504,398095.0,2026-08-23 15:59:59.999000+00:00,1
2026-08-23 16:00:00+00:00,1.504,1.531,1.501,1.513,295025.0,2026-08-23 19:59:59.999000+00:00,1
2026-08-23 20:00:00+00:00,1.512,1.542,1.504,1.513,311503.0,2026-08-23 23:59:59.999000+00:00,1
2026-08-24 00:00:00+00:00,1.514,1.545,1.463,1.473,578888.0,2026-08-24 03:59:59.999000+00:00,1
2026-08-24 04:00:00+00:00,1.474,1.495,1.454,1.467,400849.0,2026-08-24 07:59:59.999000+00:00,1
2026-08-24 08:00:00+00:00,1.467,1.511,1.455,1.506,230913.0,2026-08-24 11:59:59.999000+00:00,1
2026-08-24 12:00:00+00:00,1.507,1.555,1.46,1.521,1428691.0,2026-08-24 15:59:59.999000+00:00,1
2026-08-24 16:00:00+00:00,1.522,1.539,1.473,1.476,646425.0,2026-08-24 19:59:59.999000+00:00,1
2026-08-24 20:00:00+00:00,1.478,1.5,1.473,1.486,206275.0,2026-08-24 23:59:59.999000+00:00,1
2026-08-25 00:00:00+00:00,1.487,1.554,1.482,1.528,572891.0,2026-08-25 03:59:59.999000+00:00,1
2026-08-25 04:00:00+00:00,1.528,1.575,1.496,1.509,710556.0,2026-08-25 07:59:59.999000+00:00,1
2026-08-25 08:00:00+00:00,1.509,1.533,1.501,1.507,366278.0,2026-08-25 11:59:59.999000+00:00,1
2026-08-25 12:00:00+00:00,1.509,1.527,1.479,1.516,687025.0,2026-08-25 15:59:59.999000+00:00,1
2026-08-25 16:00:00+00:00,1.516,1.541,1.5,1.518,359441.0,2026-08-25 19:59:59.999000+00:00,1
2026-08-25 20:00:00+00:00,1.518,1.538,1.468,1.501,401582.0,2026-08-25 23:59:59.999000+00:00,1
2026-08-26 00:00:00+00:00,1.501,1.539,1.491,1.524,240445.0,2026-08-26 03:59:59.999000+00:00,1
2026-08-26 04:00:00+00:00,1.523,1.539,1.507,1.514,568436.0,2026-08-26 07:59:59.999000+00:00,1
2026-08-26 08:00:00+00:00,1.514,1.524,1.487,1.507,466534.0,2026-08-26 11:59:59.999000+00:00,1
2026-08-26 12:00:00+00:00,1.507,1.528,1.461,1.479,913194.0,2026-08-26 15:59:59.999000+00:00,1
2026-08-26 16:00:00+00:00,1.479,1.499,1.463,1.487,308532.0,2026-08-26 19:59:59.999000+00:00,1
2026-08-26 20:00:00+00:00,1.487,1.539,1.474,1.534,313548.0,2026-08-26 23:59:59.999000+00:00,1
2026-08-27 00:00:00+00:00,1.534,1.565,1.51,1.514,631529.0,2026-08-27 03:59:59.999000+00:00,1
2026-08-27 04:00:00+00:00,1.515,1.522,1.495,1.522,292945.0,2026-08-27 07:59:59.999000+00:00,1
2026-08-27 08:00:00+00:00,1.521,1.586,1.52,1.535,647116.0,2026-08-27 11:59:59.999000+00:00,1
2026-08-27 12:00:00+00:00,1.535,1.554,1.525,1.55,457972.0,2026-08-27 15:59:59.999000+00:00,1
2026-08-27 16:00:00+00:00,1.551,1.573,1.536,1.542,414858.0,2026-08-27 19:59:59.999000+00:00,1
2026-08-27 20:00:00+00:00,1.541,1.559,1.529,1.531,262937.0,2026-08-27 23:59:59.999000+00:00,1
2026-08-28 00:00:00+00:00,1.532,1.553,1.487,1.499,474443.0,2026-08-28 03:59:59.999000+00:00,1
2026-08-28 04:00:00+00:00,1.498,1.506,1.486,1.487,192588.0,2026-08-28 07:59:59.999000+00:00,1
2026-08-28 08:00:00+00:00,1.488,1.498,1.469,1.489,144744.0,2026-08-28 11:59:59.999000+00:00,1
2026-08-28 12:00:00+00:00,1.489,1.507,1.451,1.462,642898.0,2026-08-28 15:59:59.999000+00:00,1
2026-08-28 16:00:00+00:00,1.462,1.464,1.425,1.441,397398.0,2026-08-28 19:59:59.999000+00:00,1
2026-08-28 20:00:00+00:00,1.44,1.45,1.433,1.444,116922.0,2026-08-28 23:59:59.999000+00:00,1
2026-08-29 00:00:00+00:00,1.444,1.448,1.422,1.424,117635.0,2026-08-29 03:59:59.999000+00:00,1
2026-08-29 04:00:00+00:00,1.425,1.435,1.411,1.416,137915.0,2026-08-29 07:59:59.999000+00:00,1
2026-08-29 08:00:00+00:00,1.416,1.429,1.403,1.415,195769.0,2026-08-29 11:59:59.999000+00:00,1
2026-08-29 12:00:00+00:00,1.416,1.451,1.416,1.445,157400.0,2026-08-29 15:59:59.999000+00:00,1
2026-08-29 16:00:00+00:00,1.445,1.46,1.434,1.455,208492.0,2026-08-29 19:59:59.999000+00:00,1
2026-08-29 20:00:00+00:00,1.454,1.473,1.452,1.456,106156.0,2026-08-29 23:59:59.999000+00:00,1
2026-08-30 00:00:00+00:00,1.456,1.466,1.446,1.456,71976.0,2026-08-30 03:59:59.999000+00:00,1
2026-08-30 04:00:00+00:00,1.458,1.471,1.453,1.454,87323.0,2026-08-30 07:59:59.999000+00:00,1
2026-08-30 08:00:00+00:00,1.454,1.458,1.441,1.456,91257.0,2026-08-30 11:59:59.999000+00:00,1
2026-08-30 12:00:00+00:00,1.457,1.473,1.452,1.454,205855.0,2026-08-30 15:59:59.999000+00:00,1
2026-08-30 16:00:00+00:00,1.454,1.479,1.45,1.451,161357.0,2026-08-30 19:59:59.999000+00:00,1
2026-08-30 20:00:00+00:00,1.452,1.455,1.377,1.397,728208.0,2026-08-30 23:59:59.999000+00:00,1
2026-08-31 00:00:00+00:00,1.396,1.405,1.38,1.395,538623.0,2026-08-31 03:59:59.999000+00:00,1
2026-08-31 04:00:00+00:00,1.395,1.425,1.388,1.42,204002.0,2026-08-31 07:59:59.999000+00:00,1
2026-08-31 08:00:00+00:00,1.419,1.425,1.402,1.408,217045.0,2026-08-31 11:59:59.999000+00:00,1
2026-08-31 12:00:00+00:00,1.409,1.421,1.399,1.408,261029.0,2026-08-31 15:59:59.999000+00:00,1
2026-08-31 16:00:00+00:00,1.408,1.428,1.404,1.416,196776.0,2026-08-31 19:59:59.999000+00:00,1
2026-08-31 20:00:00+00:00,1.416,1.425,1.41,1.423,118459.0,2026-08-31 23:59:59.999000+00:00,1
2026-09-01 00:00:00+00:00,1.423,1.452,1.423,1.446,481317.0,2026-09-01 03:59:59.999000+00:00,1
2026-09-01 04:00:00+00:00,1.446,1.464,1.441,1.45,217703.0,2026-09-01 07:59:59.999000+00:00,1
2026-09-01 08:00:00+00:00,1.451,1.46,1.421,1.451,274317.0,2026-09-01 11:59:59.999000+00:00,1
2026-09-01 12:00:00+00:00,1.452,1.467,1.42,1.455,668594.0,2026-09-01 15:59:59.999000+00:00,1
2026-09-01 16:00:00+00:00,1.455,1.457,1.405,1.428,464222.0,2026-09-01 19:59:59.999000+00:00,1
2026-09-01 20:00:00+00:00,1.429,1.432,1.412,1.423,165208.0,2026-09-01 23:59:59.999000+00:00,1
2026-09-02 00:00:00+00:00,1.423,1.432,1.389,1.422,252915.0,2026-09-02 03:59:59.999000+00:00,1
2026-09-02 04:00:00+00:00,1.422,1.441,1.414,1.423,162911.0,2026-09-02 07:59:59.999000+00:00,1
2026-09-02 08:00:00+00:00,1.424,1.43,1.386,1.394,301431.0,2026-09-02 11:59:59.999000+00:00,1
2026-09-02 12:00:00+00:00,1.393,1.421,1.391,1.408,340598.0,2026-09-02 15:59:59.999000+00:00,1
2026-09-02 16:00:00+00:00,1.409,1.416,1.395,1.403,144057.0,2026-09-02 19:59:59.999000+00:00,1
2026-09-02 20:00:00+00:00,1.404,1.413,1.397,1.411,127672.0,2026-09-02 23:59:59.999000+00:00,1
2026-09-03 00:00:00+00:00,1.411,1.436,1.399,1.42,374197.0,2026-09-03 03:59:59.999000+00:00,1
2026-09-03 04:00:00+00:00,1.421,1.44,1.408,1.439,177690.0,2026-09-03 07:59:59.999000+00:00,1
2026-09-03 08:00:00+00:00,1.44,1.46,1.436,1.451,154659.0,2026-09-03 11:59:59.999000+00:00,1
2026-09-03 12:00:00+00:00,1.451,1.483,1.438,1.483,534163.0,2026-09-03 15:59:59.999000+00:00,1
2026-09-03 16:00:00+00:00,1.484,1.491,1.468,1.48,180494.0,2026-09-03 19:59:59.999000+00:00,1
2026-09-03 20:00:00+00:00,1.48,1.488,1.465,1.471,183288.0,2026-09-03 23:59:59.999000+00:00,1
2026-09-04 00:00:00+00:00,1.471,1.482,1.459,1.461,210662.0,2026-09-04 03:59:59.999000+00:00,1
2026-09-04 04:00:00+00:00,1.461,1.473,1.448,1.456,197869.0,2026-09-04 07:59:59.999000+00:00,1
2026-09-04 08:00:00+00:00,1.457,1.475,1.455,1.472,257729.0,2026-09-04 11:59:59.999000+00:00,1
2026-09-04 12:00:00+00:00,1.473,1.474,1.4,1.416,1276085.0,2026-09-04 15:59:59.999000+00:00,1
2026-09-04 16:00:00+00:00,1.415,1.439,1.413,1.432,136334.0,2026-09-04 19:59:59.999000+00:00,1
2026-09-04 20:00:00+00:00,1.432,1.434,1.413,1.425,91779.0,2026-09-04 23:59:59.999000+00:00,1
2026-09-05 00:00:00+00:00,1.426,1.459,1.417,1.454,286094.0,2026-09-05 03:59:59.999000+00:00,1
2026-09-05 04:00:00+00:00,1.455,1.498,1.443,1.478,485905.0,2026-09-05 07:59:59.999000+00:00,1
2026-09-05 08:00:00+00:00,1.478,1.486,1.468,1.478,253539.0,2026-09-05 11:59:59.999000+00:00,1
2026-09-05 12:00:00+00:00,1.478,1.484,1.463,1.464,181952.0,2026-09-05 15:59:59.999000+00:00,1
2026-09-05 16:00:00+00:00,1.464,1.472,1.457,1.459,173455.0,2026-09-05 19:59:59.999000+00:00,1
2026-09-05 20:00:00+00:00,1.46,1.477,1.458,1.464,173377.0,2026-09-05 23:59:59.999000+00:00,1
2026-09-06 00:00:00+00:00,1.465,1.494,1.464,1.482,460384.0,2026-09-06 03:59:59.999000+00:00,1
2026-09-06 04:00:00+00:00,1.481,1.488,1.461,1.474,263576.0,2026-09-06 07:59:59.999000+00:00,1
2026-09-06 08:00:00+00:00,1.473,1.519,1.466,1.515,414836.0,2026-09-06 11:59:59.999000+00:00,1
2026-09-06 12:00:00+00:00,1.514,1.529,1.468,1.505,915786.0,2026-09-06 15:59:59.999000+00:00,1
2026-09-06 16:00:00+00:00,1.505,1.535,1.501,1.527,508130.0,2026-09-06 19:59:59.999000+00:00,1
2026-09-06 20:00:00+00:00,1.527,1.574,1.524,1.561,734726.0,2026-09-06 23:59:59.999000+00:00,1
2026-09-07 00:00:00+00:00,1.561,1.564,1.525,1.531,378859.0,2026-09-07 03:59:59.999000+00:00,1
2026-09-07 04:00:00+00:00,1.53,1.557,1.502,1.511,529377.0,2026-09-07 07:59:59.999000+00:00,1
2026-09-07 08:00:00+00:00,1.511,1.567,1.511,1.531,384207.0,2026-09-07 11:59:59.999000+00:00,1
2026-09-07 12:00:00+00:00,1.531,1.573,1.523,1.531,744525.0,2026-09-07 15:59:59.999000+00:00,1
2026-09-07 16:00:00+00:00,1.531,1.569,1.53,1.558,419778.0,2026-09-07 19:59:59.999000+00:00,1
2026-09-07 20:00:00+00:00,1.559,1.565,1.525,1.544,301077.0,2026-09-07 23:59:59.999000+00:00,1
2026-09-08 00:00:00+00:00,1.543,1.602,1.536,1.54,764114.0,2026-09-08 03:59:59.999000+00:00,1
2026-09-08 04:00:00+00:00,1.54,1.544,1.508,1.512,358963.0,2026-09-08 07:59:59.999000+00:00,1
2026-09-08 08:00:00+00:00,1.511,1.54,1.497,1.505,343081.0,2026-09-08 11:59:59.999000+00:00,1
2026-09-08 12:00:00+00:00,1.505,1.54,1.476,1.535,692579.0,2026-09-08 15:59:59.999000+00:00,1
2026-09-08 16:00:00+00:00,1.535,1.542,1.502,1.509,308320.0,2026-09-08 19:59:59.999000+00:00,1
2026-09-08 20:00:00+00:00,1.51,1.529,1.5,1.503,152806.0,2026-09-08 23:59:59.999000+00:00,1
2026-09-09 00:00:00+00:00,1.504,1.516,1.476,1.478,241217.0,2026-09-09 03:59:59.999000+00:00,1
2026-09-09 04:00:00+00:00,1.479,1.53,1.479,1.526,369638.0,2026-09-09 07:59:59.999000+00:00,1
2026-09-09 08:00:00+00:00,1.525,1.535,1.499,1.531,597386.0,2026-09-09 11:59:59.999000+00:00,1
2026-09-09 12:00:00+00:00,1.531,1.546,1.486,1.505,713837.0,2026-09-09 15:59:59.999000+00:00,1
2026-09-09 16:00:00+00:00,1.505,1.573,1.5,1.518,831198.0,2026-09-09 19:59:59.999000+00:00,1
2026-09-09 20:00:00+00:00,1.517,1.532,1.447,1.465,566900.0,2026-09-09 23:59:59.999000+00:00,1
2026-09-10 00:00:00+00:00,1.465,1.466,1.421,1.446,483141.0,2026-09-10 03:59:59.999000+00:00,1
2026-09-10 04:00:00+00:00,1.446,1.457,1.421,1.425,299418.0,2026-09-10 07:59:59.999000+00:00,1
2026-09-10 08:00:00+00:00,1.425,1.431,1.409,1.417,377622.0,2026-09-10 11:59:59.999000+00:00,1
2026-09-10 12:00:00+00:00,1.417,1.428,1.375,1.404,610765.0,2026-09-10 15:59:59.999000+00:00,1
2026-09-10 16:00:00+00:00,1.404,1.429,1.378,1.417,363430.0,2026-09-10 19:59:59.999000+00:00,1
2026-09-10 20:00:00+00:00,1.417,1.422,1.39,1.39,214011.0,2026-09-10 23:59:59.999000+00:00,1
2026-09-11 00:00:00+00:00,1.39,1.405,1.371,1.403,497830.0,2026-09-11 03:59:59.999000+00:00,1
2026-09-11 04:00:00+00:00,1.402,1.417,1.397,1.398,209661.0,2026-09-11 07:59:59.999000+00:00,1
2026-09-11 08:00:00+00:00,1.4,1.409,1.355,1.366,319084.0,2026-09-11 11:59:59.999000+00:00,1
2026-09-11 12:00:00+00:00,1.366,1.459,1.336,1.412,1152302.0,2026-09-11 15:59:59.999000+00:00,1
2026-09-11 16:00:00+00:00,1.411,1.427,1.374,1.394,393013.0,2026-09-11 19:59:59.999000+00:00,1
2026-09-11 20:00:00+00:00,1.393,1.401,1.365,1.389,210928.0,2026-09-11 23:59:59.999000+00:00,1
2026-09-12 00:00:00+00:00,1.387,1.404,1.386,1.393,418981.0,2026-09-12 03:59:59.999000+00:00,1
2026-09-12 04:00:00+00:00,1.394,1.399,1.385,1.397,74706.0,2026-09-12 07:59:59.999000+00:00,1
2026-09-12 08:00:00+00:00,1.397,1.402,1.393,1.397,97926.0,2026-09-12 11:59:59.999000+00:00,1
2026-09-12 12:00:00+00:00,1.397,1.401,1.389,1.392,92117.0,2026-09-12 15:59:59.999000+00:00,1
2026-09-12 16:00:00+00:00,1.392,1.395,1.377,1.379,97372.0,2026-09-12 19:59:59.999000+00:00,1
2026-09-12 20:00:00+00:00,1.379,1.386,1.375,1.38,76053.0,2026-09-12 23:59:59.999000+00:00,1
2026-09-13 00:00:00+00:00,1.379,1.386,1.372,1.377,105169.0,2026-09-13 03:59:59.999000+00:00,1
2026-09-13 04:00:00+00:00,1.377,1.387,1.368,1.369,74278.0,2026-09-13 07:59:59.999000+00:00,1
2026-09-13 08:00:00+00:00,1.369,1.376,1.357,1.374,102090.0,2026-09-13 11:59:59.999000+00:00,1
2026-09-13 12:00:00+00:00,1.373,1.393,1.366,1.377,119678.0,2026-09-13 15:59:59.999000+00:00,1
2026-09-13 16:00:00+00:00,1.378,1.406,1.378,1.395,144568.0,2026-09-13 19:59:59.999000+00:00,1
2026-09-13 20:00:00+00:00,1.394,1.401,1.358,1.363,185262.0,2026-09-13 23:59:59.999000+00:00,1
2026-09-14 00:00:00+00:00,1.363,1.396,1.363,1.389,128046.0,2026-09-14 03:59:59.999000+00:00,1
2026-09-14 04:00:00+00:00,1.39,1.4,1.383,1.393,140369.0,2026-09-14 07:59:59.999000+00:00,1
2026-09-14 08:00:00+00:00,1.393,1.401,1.379,1.393,115939.0,2026-09-14 11:59:59.999000+00:00,1
2026-09-14 12:00:00+00:00,1.392,1.395,1.367,1.381,445703.0,2026-09-14 15:59:59.999000+00:00,1
2026-09-14 16:00:00+00:00,1.38,1.412,1.378,1.39,224489.0,2026-09-14 19:59:59.999000+00:00,1
2026-09-14 20:00:00+00:00,1.391,1.412,1.377,1.381,270865.0,2026-09-14 23:59:59.999000+00:00,1
2026-09-15 00:00:00+00:00,1.381,1.386,1.361,1.363,262508.0,2026-09-15 03:59:59.999000+00:00,1
2026-09-15 04:00:00+00:00,1.362,1.38,1.352,1.358,149170.0,2026-09-15 07:59:59.999000+00:00,1
2026-09-15 08:00:00+00:00,1.358,1.368,1.354,1.36,130484.0,2026-09-15 11:59:59.999000+00:00,1
2026-09-15 12:00:00+00:00,1.359,1.364,1.33,1.344,560077.0,2026-09-15 15:59:59.999000+00:00,1
2026-09-15 16:00:00+00:00,1.343,1.356,1.286,1.319,605416.0,2026-09-15 19:59:59.999000+00:00,1
2026-09-15 20:00:00+00:00,1.319,1.323,1.299,1.317,174807.0,2026-09-15 23:59:59.999000+00:00,1
2026-09-16 00:00:00+00:00,1.317,1.317,1.292,1.307,409135.0,2026-09-16 03:59:59.999000+00:00,1
2026-09-16 04:00:00+00:00,1.306,1.313,1.297,1.298,105860.0,2026-09-16 07:59:59.999000+00:00,1
2026-09-16 08:00:00+00:00,1.297,1.308,1.281,1.307,196277.0,2026-09-16 11:59:59.999000+00:00,1
2026-09-16 12:00:00+00:00,1.307,1.312,1.286,1.287,551868.0,2026-09-16 15:59:59.999000+00:00,1
2026-09-16 16:00:00+00:00,1.286,1.331,1.286,1.324,480659.0,2026-09-16 19:59:59.999000+00:00,1
2026-09-16 20:00:00+00:00,1.324,1.37,1.32,1.363,432729.0,2026-09-16 23:59:59.999000+00:00,1
2026-09-17 00:00:00+00:00,1.364,1.384,1.36,1.381,456399.0,2026-09-17 03:59:59.999000+00:00,1
2026-09-17 04:00:00+00:00,1.381,1.391,1.374,1.382,250322.0,2026-09-17 07:59:59.999000+00:00,1
2026-09-17 08:00:00+00:00,1.383,1.399,1.373,1.383,306866.0,2026-09-17 11:59:59.999000+00:00,1
2026-09-17 12:00:00+00:00,1.384,1.415,1.379,1.411,331104.0,2026-09-17 15:59:59.999000+00:00,1
2026-09-17 16:00:00+00:00,1.412,1.427,1.406,1.413,256218.0,2026-09-17 19:59:59.999000+00:00,1
2026-09-17 20:00:00+00:00,1.413,1.44,1.397,1.436,157137.0,2026-09-17 23:59:59.999000+00:00,1
2026-09-18 00:00:00+00:00,1.437,1.518,1.437,1.505,944610.0,2026-09-18 03:59:59.999000+00:00,1
2026-09-18 04:00:00+00:00,1.504,1.518,1.489,1.499,669652.0,2026-09-18 07:59:59.999000+00:00,1
2026-09-18 08:00:00+00:00,1.499,1.535,1.497,1.512,409051.0,2026-09-18 11:59:59.999000+00:00,1
2026-09-18 12:00:00+00:00,1.512,1.559,1.506,1.546,1185348.0,2026-09-18 15:59:59.999000+00:00,1
2026-09-18 16:00:00+00:00,1.547,1.561,1.515,1.56,348261.0,2026-09-18 19:59:59.999000+00:00,1
2026-09-18 20:00:00+00:00,1.56,1.56,1.534,1.548,348527.0,2026-09-18 23:59:59.999000+00:00,1
2026-09-19 00:00:00+00:00,1.549,1.591,1.542,1.582,686888.0,2026-09-19 03:59:59.999000+00:00,1
2026-09-19 04:00:00+00:00,1.583,1.583,1.536,1.538,552941.0,2026-09-19 07:59:59.999000+00:00,1
2026-09-19 08:00:00+00:00,1.538,1.601,1.534,1.598,425786.0,2026-09-19 11:59:59.999000+00:00,1
2026-09-19 12:00:00+00:00,1.599,1.635,1.576,1.583,1019875.0,2026-09-19 15:59:59.999000+00:00,1
2026-09-19 16:00:00+00:00,1.584,1.589,1.566,1.575,361973.0,2026-09-19 19:59:59.999000+00:00,1
2026-09-19 20:00:00+00:00,1.575,1.58,1.543,1.575,372109.0,2026-09-19 23:59:59.999000+00:00,1
