ts,open,high,low,close,volume,close_time,confirm
2026-03-24 16:00:00+00:00,6.082e-06,6.143e-06,6.031e-06,6.108e-06,401681.7,2026-03-24 19:59:59.999000+00:00,1
2026-03-24 20:00:00+00:00,6.108e-06,6.246e-06,6.106e-06,6.194e-06,411672.5,2026-03-24 23:59:59.999000+00:00,1
2026-03-25 00:00:00+00:00,6.194e-06,6.216e-06,6.107e-06,6.134e-06,426155.1,2026-03-25 03:59:59.999000+00:00,1
2026-03-25 04:00:00+00:00,6.134e-06,6.262e-06,6.128e-06,6.232e-06,452181.9,2026-03-25 07:59:59.999000+00:00,1
2026-03-25 08:00:00+00:00,6.232e-06,6.277e-06,6.159e-06,6.186e-06,438677.0,2026-03-25 11:59:59.999000+00:00,1
2026-03-25 12:00:00+00:00,6.187e-06,6.216e-06,6.092e-06,6.116e-06,438166.8,2026-03-25 15:59:59.999000+00:00,1
2026-03-25 16:00:00+00:00,6.116e-06,6.177e-06,6.091e-06,6.102e-06,282680.5,2026-03-25 19:59:59.999000+00:00,1
2026-03-25 20:00:00+00:00,6.103e-06,6.166e-06,6.084e-06,6.125e-06,180200.8,2026-03-25 23:59:59.999000+00:00,1
2026-03-26 00:00:00+00:00,6.124e-06,6.134e-06,6.021e-06,6.052e-06,344229.7,2026-03-26 03:59:59.999000+00:00,1
2026-03-26 04:00:00+00:00,6.052e-06,6.053e-06,5.945e-06,5.966e-06,366705.8,2026-03-26 07:59:59.999000+00:00,1
2026-03-26 08:00:00+00:00,5.967e-06,5.97e-06,5.882e-06,5.884e-06,507844.4,2026-03-26 11:59:59.999000+00:00,1
2026-03-26 12:00:00+00:00,5.883e-06,5.969e-06,5.866e-06,5.892e-06,474697.5,2026-03-26 15:59:59.999000+00:00,1
2026-03-26 16:00:00+00:00,5.892e-06,5.91e-06,5.834e-06,5.854e-06,387571.2,2026-03-26 19:59:59.999000+00:00,1
2026-03-26 20:00:00+00:00,5.854e-06,5.968e-06,5.846e-06,5.911e-06,468133.0,2026-03-26 23:59:59.999000+00:00,1
2026-03-27 00:00:00+00:00,5.912e-06,5.957e-06,5.903e-06,5.915e-06,150580.7,2026-03-27 03:59:59.999000+00:00,1
2026-03-27 04:00:00+00:00,5.916e-06,5.923e-06,5.868e-06,5.905e-06,226558.2,2026-03-27 07:59:59.999000+00:00,1
2026-03-27 08:00:00+00:00,5.905e-06,5.917e-06,5.734e-06,5.762e-06,893372.8,2026-03-27 11:59:59.999000+00:00,1
2026-03-27 12:00:00+00:00,5.762e-06,5.81e-06,5.727e-06,5.769e-06,450945.0,2026-03-27 15:59:59.999000+00:00,1
2026-03-27 16:00:00+00:00,5.77e-06,5.789e-06,5.735e-06,5.78e-06,384674.5,2026-03-27 19:59:59.999000+00:00,1
2026-03-27 20:00:00+00:00,5.781e-06,5.81e-06,5.754e-06,5.771e-06,223734.4,2026-03-27 23:59:59.999000+00:00,1
2026-03-28 00:00:00+00:00,5.772e-06,5.789e-06,5.722e-06,5.736e-06,229698.1,2026-03-28 03:59:59.999000+00:00,1
2026-03-28 04:00:00+00:00,5.735e-06,5.816e-06,5.711e-06,5.812e-06,169527.5,2026-03-28 07:59:59.999000+00:00,1
2026-03-28 08:00:00+00:00,5.812e-06,5.875e-06,5.792e-06,5.836e-06,235098.6,2026-03-28 11:59:59.999000+00:00,1
2026-03-28 12:00:00+00:00,5.836e-06,5.973e-06,5.79e-06,5.922e-06,466372.0,2026-03-28 15:59:59.999000+00:00,1
2026-03-28 16:00:00+00:00,5.923e-06,5.976e-06,5.912e-06,5.926e-06,260637.5,2026-03-28 19:59:59.999000+00:00,1
2026-03-28 20:00:00+00:00,5.926e-06,5.953e-06,5.814e-06,5.829e-06,338684.6,2026-03-28 23:59:59.999000+00:00,1
2026-03-29 00:00:00+00:00,5.829e-06,5.861e-06,5.797e-06,5.842e-06,241979.3,2026-03-29 03:59:59.999000+00:00,1
2026-03-29 04:00:00+00:00,5.842e-06,5.845e-06,5.769e-06,5.783e-06,314610.8,2026-03-29 07:59:59.999000+00:00,1
2026-03-29 08:00:00+00:00,5.783e-06,5.802e-06,5.758e-06,5.772e-06,184026.2,2026-03-29 11:59:59.999000+00:00,1
2026-03-29 12:00:00+00:00,5.772e-06,5.797e-06,5.752e-06,5.768e-06,297118.0,2026-03-29 15:59:59.999000+00:00,1
2026-03-29 16:00:00+00:00,5.768e-06,5.775e-06,5.73e-06,5.76e-06,295714.2,2026-03-29 19:59:59.999000+00:00,1
2026-03-29 20:00:00+00:00,5.759e-06,5.849e-06,5.639e-06,5.782e-06,606131.8,2026-03-29 23:59:59.999000+00:00,1
2026-03-30 00:00:00+00:00,5.783e-06,5.938e-06,5.776e-06,5.934e-06,478924.6,2026-03-30 03:59:59.999000+00:00,1
2026-03-30 04:00:00+00:00,5.934e-06,6.12e-06,5.934e-06,6.119e-06,823515.6,2026-03-30 07:59:59.999000+00:00,1
2026-03-30 08:00:00+00:00,6.12e-06,6.157e-06,5.987e-06,6.042e-06,835451.1,2026-03-30 11:59:59.999000+00:00,1
2026-03-30 12:00:00+00:00,6.042e-06,6.103e-06,5.986e-06,6.089e-06,507802.1,2026-03-30 15:59:59.999000+00:00,1
2026-03-30 16:00:00+00:00,6.088e-06,6.143e-06,5.927e-06,5.951e-06,713337.9,2026-03-30 19:59:59.999000+00:00,1
2026-03-30 20:00:00+00:00,5.949e-06,6.004e-06,5.913e-06,5.922e-06,317691.4,2026-03-30 23:59:59.999000+00:00,1
2026-03-31 00:00:00+00:00,5.922e-06,5.985e-06,5.898e-06,5.918e-06,481282.7,2026-03-31 03:59:59.999000+00:00,1
2026-03-31 04:00:00+00:00,5.919e-06,5.952e-06,5.885e-06,5.943e-06,357652.5,2026-03-31 07:59:59.999000+00:00,1
2026-03-31 08:00:00+00:00,5.944e-06,5.944e-06,5.814e-06,5.901e-06,644829.7,2026-03-31 11:59:59.999000+00:00,1
2026-03-31 12:00:00+00:00,5.902e-06,5.976e-06,5.849e-06,5.849e-06,615655.3,2026-03-31 15:59:59.999000+00:00,1
2026-03-31 16:00:00+00:00,5.849e-06,6.006e-06,5.834e-06,5.956e-06,577660.5,2026-03-31 19:59:59.999000+00:00,1
2026-03-31 20:00:00+00:00,5.956e-06,5.992e-06,5.902e-06,5.948e-06,242465.5,2026-03-31 23:59:59.999000+00:00,1
2026-04-01 00:00:00+00:00,5.949e-06,5.977e-06,5.885e-06,5.943e-06,233377.5,2026-04-01 03:59:59.999000+00:00,1
2026-04-01 04:00:00+00:00,5.943e-06,6.034e-06,5.909e-06,5.986e-06,471995.6,2026-04-01 07:59:59.999000+00:00,1
2026-04-01 08:00:00+00:00,5.986e-06,6.021e-06,5.931e-06,6.005e-06,376071.7,2026-04-01 11:59:59.999000+00:00,1
2026-04-01 12:00:00+00:00,6.004e-06,6.071e-06,5.982e-06,6.07e-06,505417.9,2026-04-01 15:59:59.999000+00:00,1
2026-04-01 16:00:00+00:00,6.07e-06,6.126e-06,6.003e-06,6.021e-06,362049.7,2026-04-01 19:59:59.999000+00:00,1
2026-04-01 20:00:00+00:00,6.022e-06,6.043e-06,5.986e-06,6.002e-06,233776.4,2026-04-01 23:59:59.999000+00:00,1
2026-04-02 00:00:00+00:00,6.002e-06,6.049e-06,5.805e-06,5.836e-06,689902.1,2026-04-02 03:59:59.999000+00:00,1
2026-04-02 04:00:00+00:00,5.835e-06,5.863e-06,5.768e-06,5.858e-06,521110.8,2026-04-02 07:59:59.999000+00:00,1
2026-04-02 08:00:00+00:00,5.858e-06,5.858e-06,5.784e-06,5.819e-06,327465.2,2026-04-02 11:59:59.999000+00:00,1
2026-04-02 12:00:00+00:00,5.819e-06,5.899e-06,5.767e-06,5.865e-06,467820.5,2026-04-02 15:59:59.999000+00:00,1
2026-04-02 16:00:00+00:00,5.865e-06,5.884e-06,5.793e-06,5.828e-06,349521.6,2026-04-02 19:59:59.999000+00:00,1
2026-04-02 20:00:00+00:00,5.829e-06,5.87e-06,5.812e-06,5.857e-06,230044.2,2026-04-02 23:59:59.999000+00:00,1
2026-04-03 00:00:00+00:00,5.857e-06,5.908e-06,5.821e-06,5.894e-06,305581.0,2026-04-03 03:59:59.999000+00:00,1
2026-04-03 04:00:00+00:00,5.895e-06,6.015e-06,5.884e-06,5.982e-06,602556.4,2026-04-03 07:59:59.999000+00:00,1
2026-04-03 08:00:00+00:00,5.983e-06,6.079e-06,5.98e-06,6.038e-06,564767.6,2026-04-03 11:59:59.999000+00:00,1
2026-04-03 12:00:00+00:00,6.038e-06,6.081e-06,5.971e-06,5.983e-06,460703.9,2026-04-03 15:59:59.999000+00:00,1
2026-04-03 16:00:00+00:00,5.982e-06,6.044e-06,5.981e-06,6.01e-06,237542.0,2026-04-03 19:59:59.999000+00:00,1
2026-04-03 20:00:00+00:00,6.01e-06,6.026e-06,5.958e-06,5.981e-06,215392.5,2026-04-03 23:59:59.999000+00:00,1
2026-04-04 00:00:00+00:00,5.981e-06,5.984e-06,5.882e-06,5.899e-06,340986.5,2026-04-04 03:59:59.999000+00:00,1
2026-04-04 04:00:00+00:00,5.898e-06,5.931e-06,5.887e-06,5.91e-06,224234.3,2026-04-04 07:59:59.999000+00:00,1
2026-04-04 08:00:00+00:00,5.91e-06,5.912e-06,5.866e-06,5.891e-06,235890.7,2026-04-04 11:59:59.999000+00:00,1
2026-04-04 12:00:00+00:00,5.89e-06,5.932e-06,5.847e-06,5.912e-06,418349.0,2026-04-04 15:59:59.999000+00:00,1
2026-04-04 16:00:00+00:00,5.912e-06,6.054e-06,5.893e-06,6.002e-06,504242.9,2026-04-04 19:59:59.999000+00:00,1
2026-04-04 20:00:00+00:00,6.001e-06,6.008e-06,5.956e-06,5.985e-06,203409.2,2026-04-04 23:59:59.999000+00:00,1
2026-04-05 00:00:00+00:00,5.985e-06,5.993e-06,5.916e-06,5.919e-06,308814.0,2026-04-05 03:59:59.999000+00:00,1
2026-04-05 04:00:00+00:00,5.919e-06,5.919e-06,5.803e-06,5.808e-06,546250.4,2026-04-05 07:59:59.999000+00:00,1
2026-04-05 08:00:00+00:00,5.807e-06,5.838e-06,5.792e-06,5.818e-06,274962.5,2026-04-05 11:59:59.999000+00:00,1
2026-04-05 12:00:00+00:00,5.818e-06,5.879e-06,5.79e-06,5.833e-06,395315.7,2026-04-05 15:59:59.999000+00:00,1
2026-04-05 16:00:00+00:00,5.833e-06,5.847e-06,5.806e-06,5.826e-06,151657.5,2026-04-05 19:59:59.999000+00:00,1
2026-04-05 20:00:00+00:00,5.826e-06,5.999e-06,5.813e-06,5.993e-06,422168.5,2026-04-05 23:59:59.999000+00:00,1
2026-04-06 00:00:00+00:00,5.993e-06,6.096e-06,5.971e-06,6.016e-06,991596.8,2026-04-06 03:59:59.999000+00:00,1
2026-04-06 04:00:00+00:00,6.016e-06,6.034e-06,5.974e-06,5.993e-06,352565.7,2026-04-06 07:59:59.999000+00:00,1
2026-04-06 08:00:00+00:00,5.994e-06,6.076e-06,5.983e-06,6.052e-06,415902.0,2026-04-06 11:59:59.999000+00:00,1
2026-04-06 12:00:00+00:00,6.052e-06,6.075e-06,5.975e-06,6.004e-06,298218.9,2026-04-06 15:59:59.999000+00:00,1
2026-04-06 16:00:00+00:00,6.005e-06,6.012e-06,5.941e-06,5.952e-06,281728.1,2026-04-06 19:59:59.999000+00:00,1
2026-04-06 20:00:00+00:00,5.952e-06,5.961e-06,5.796e-06,5.826e-06,542550.6,2026-04-06 23:59:59.999000+00:00,1
2026-04-07 00:00:00+00:00,5.826e-06,5.87e-06,5.804e-06,5.86e-06,388165.6,2026-04-07 03:59:59.999000+00:00,1
2026-04-07 04:00:00+00:00,5.86e-06,5.893e-06,5.823e-06,5.848e-06,259352.2,2026-04-07 07:59:59.999000+00:00,1
2026-04-07 08:00:00+00:00,5.847e-06,5.888e-06,5.819e-06,5.83e-06,343807.6,2026-04-07 11:59:59.999000+00:00,1
2026-04-07 12:00:00+00:00,5.829e-06,5.842e-06,5.777e-06,5.807e-06,847971.1,2026-04-07 15:59:59.999000+00:00,1
2026-04-07 16:00:00+00:00,5.808e-06,5.958e-06,5.802e-06,5.956e-06,522725.8,2026-04-07 19:59:59.999000+00:00,1
2026-04-07 20:00:00+00:00,5.955e-06,6.176e-06,5.929e-06,6.131e-06,1057358.8,2026-04-07 23:59:59.999000+00:00,1
2026-04-08 00:00:00+00:00,6.13e-06,6.15e-06,6.057e-06,6.135e-06,502846.5,2026-04-08 03:59:59.999000+00:00,1
2026-04-08 04:00:00+00:00,6.135e-06,6.17e-06,6.104e-06,6.114e-06,421566.1,2026-04-08 07:59:59.999000+00:00,1
2026-04-08 08:00:00+00:00,6.115e-06,6.134e-06,6.015e-06,6.056e-06,440038.1,2026-04-08 11:59:59.999000+00:00,1
2026-04-08 12:00:00+00:00,6.056e-06,6.1e-06,5.971e-06,6.011e-06,627000.5,2026-04-08 15:59:59.999000+00:00,1
2026-04-08 16:00:00+00:00,6.012e-06,6.03e-06,5.955e-06,5.972e-06,272914.9,2026-04-08 19:59:59.999000+00:00,1
2026-04-08 20:00:00+00:00,5.972e-06,6.02e-06,5.921e-06,5.932e-06,339155.4,2026-04-08 23:59:59.999000+00:00,1
2026-04-09 00:00:00+00:00,5.932e-06,5.933e-06,5.85e-06,5.874e-06,399257.8,2026-04-09 03:59:59.999000+00:00,1
2026-04-09 04:00:00+00:00,5.873e-06,5.891e-06,5.858e-06,5.866e-06,275589.2,2026-04-09 07:59:59.999000+00:00,1
2026-04-09 08:00:00+00:00,5.866e-06,5.892e-06,5.835e-06,5.847e-06,497185.4,2026-04-09 11:59:59.999000+00:00,1
2026-04-09 12:00:00+00:00,5.847e-06,5.947e-06,5.815e-06,5.925e-06,662332.9,2026-04-09 15:59:59.999000+00:00,1
2026-04-09 16:00:00+00:00,5.925e-06,5.997e-06,5.891e-06,5.986e-06,540191.9,2026-04-09 19:59:59.999000+00:00,1
2026-04-09 20:00:00+00:00,5.985e-06,6.054e-06,5.87e-06,5.908e-06,550761.2,2026-04-09 23:59:59.999000+00:00,1
2026-04-10 00:00:00+00:00,5.909e-06,5.929e-06,5.853e-06,5.884e-06,405146.2,2026-04-10 03:59:59.999000+00:00,1
2026-04-10 04:00:00+00:00,5.884e-06,5.959e-06,5.874e-06,5.883e-06,318322.3,2026-04-10 07:59:59.999000+00:00,1
2026-04-10 08:00:00+00:00,5.884e-06,5.913e-06,5.859e-06,5.89e-06,237705.2,2026-04-10 11:59:59.999000+00:00,1
2026-04-10 12:00:00+00:00,5.891e-06,6.018e-06,5.88e-06,5.946e-06,692823.2,2026-04-10 15:59:59.999000+00:00,1
2026-04-10 16:00:00+00:00,5.946e-06,6.048e-06,5.936e-06,6.045e-06,423181.7,2026-04-10 19:59:59.999000+00:00,1
2026-04-10 20:00:00+00:00,6.045e-06,6.051e-06,5.953e-06,5.965e-06,270724.0,2026-04-10 23:59:59.999000+00:00,1
2026-04-11 00:00:00+00:00,5.965e-06,5.979e-06,5.908e-06,5.946e-06,331848.5,2026-04-11 03:59:59.999000+00:00,1
2026-04-11 04:00:00+00:00,5.945e-06,5.962e-06,5.896e-06,5.908e-06,274508.9,2026-04-11 07:59:59.999000+00:00,1
2026-04-11 08:00:00+00:00,5.908e-06,5.934e-06,5.897e-06,5.908e-06,231433.2,2026-04-11 11:59:59.999000+00:00,1
2026-04-11 12:00:00+00:00,5.908e-06,5.954e-06,5.875e-06,5.943e-06,299561.5,2026-04-11 15:59:59.999000+00:00,1
2026-04-11 16:00:00+00:00,5.943e-06,6.054e-06,5.935e-06,6.048e-06,652674.7,2026-04-11 19:59:59.999000+00:00,1
2026-04-11 20:00:00+00:00,6.048e-06,6.06e-06,5.924e-06,5.949e-06,403156.6,2026-04-11 23:59:59.999000+00:00,1
2026-04-12 00:00:00+00:00,5.95e-06,5.952e-06,5.782e-06,5.806e-06,769826.3,2026-04-12 03:59:59.999000+00:00,1
2026-04-12 04:00:00+00:00,5.805e-06,5.843e-06,5.795e-06,5.818e-06,362357.5,2026-04-12 07:59:59.999000+00:00,1
2026-04-12 08:00:00+00:00,5.818e-06,5.838e-06,5.802e-06,5.819e-06,209482.2,2026-04-12 11:59:59.999000+00:00,1
2026-04-12 12:00:00+00:00,5.818e-06,5.835e-06,5.753e-06,5.768e-06,523620.7,2026-04-12 15:59:59.999000+00:00,1
2026-04-12 16:00:00+00:00,5.768e-06,5.818e-06,5.754e-06,5.785e-06,183676.9,2026-04-12 19:59:59.999000+00:00,1
2026-04-12 20:00:00+00:00,5.784e-06,5.825e-06,5.734e-06,5.757e-06,317278.4,2026-04-12 23:59:59.999000+00:00,1
2026-04-13 00:00:00+00:00,5.757e-06,5.815e-06,5.753e-06,5.79e-06,264037.4,2026-04-13 03:59:59.999000+00:00,1
2026-04-13 04:00:00+00:00,5.79e-06,5.812e-06,5.754e-06,5.754e-06,240636.6,2026-04-13 07:59:59.999000+00:00,1
2026-04-13 08:00:00+00:00,5.754e-06,5.777e-06,5.738e-06,5.765e-06,167715.4,2026-04-13 11:59:59.999000+00:00,1
2026-04-13 12:00:00+00:00,5.764e-06,5.824e-06,5.75e-06,5.769e-06,510293.0,2026-04-13 15:59:59.999000+00:00,1
2026-04-13 16:00:00+00:00,5.769e-06,5.869e-06,5.737e-06,5.854e-06,597401.2,2026-04-13 19:59:59.999000+00:00,1
2026-04-13 20:00:00+00:00,5.854e-06,6.013e-06,5.814e-06,6.001e-06,1108442.4,2026-04-13 23:59:59.999000+00:00,1
2026-04-14 00:00:00+00:00,6.001e-06,6.02e-06,5.896e-06,5.917e-06,506755.1,2026-04-14 03:59:59.999000+00:00,1
2026-04-14 04:00:00+00:00,5.917e-06,5.941e-06,5.852e-06,5.889e-06,424252.5,2026-04-14 07:59:59.999000+00:00,1
2026-04-14 08:00:00+00:00,5.889e-06,5.972e-06,5.879e-06,5.931e-06,426482.0,2026-04-14 11:59:59.999000+00:00,1
2026-04-14 12:00:00+00:00,5.93e-06,6.023e-06,5.893e-06,5.928e-06,954468.0,2026-04-14 15:59:59.999000+00:00,1
2026-04-14 16:00:00+00:00,5.927e-06,5.958e-06,5.788e-06,5.839e-06,711513.4,2026-04-14 19:59:59.999000+00:00,1
2026-04-14 20:00:00+00:00,5.84e-06,5.853e-06,5.805e-06,5.821e-06,261683.1,2026-04-14 23:59:59.999000+00:00,1
2026-04-15 00:00:00+00:00,5.822e-06,5.882e-06,5.82e-06,5.853e-06,280815.9,2026-04-15 03:59:59.999000+00:00,1
2026-04-15 04:00:00+00:00,5.854e-06,5.88e-06,5.811e-06,5.821e-06,257176.7,2026-04-15 07:59:59.999000+00:00,1
2026-04-15 08:00:00+00:00,5.822e-06,5.899e-06,5.819e-06,5.884e-06,283149.7,2026-04-15 11:59:59.999000+00:00,1
2026-04-15 12:00:00+00:00,5.885e-06,5.93e-06,5.857e-06,5.886e-06,425679.2,2026-04-15 15:59:59.999000+00:00,1
2026-04-15 16:00:00+00:00,5.886e-06,6.007e-06,5.882e-06,5.986e-06,455321.6,2026-04-15 19:59:59.999000+00:00,1
2026-04-15 20:00:00+00:00,5.987e-06,6.007e-06,5.938e-06,5.962e-06,387981.5,2026-04-15 23:59:59.999000+00:00,1
2026-04-16 00:00:00+00:00,5.962e-06,6.126e-06,5.938e-06,6.097e-06,771982.2,2026-04-16 03:59:59.999000+00:00,1
2026-04-16 04:00:00+00:00,6.098e-06,6.146e-06,6.044e-06,6.086e-06,731380.0,2026-04-16 07:59:59.999000+00:00,1
2026-04-16 08:00:00+00:00,6.085e-06,6.101e-06,6.007e-06,6.042e-06,594955.9,2026-04-16 11:59:59.999000+00:00,1
2026-04-16 12:00:00+00:00,6.04e-06,6.168e-06,5.968e-06,6.147e-06,1419921.8,2026-04-16 15:59:59.999000+00:00,1
2026-04-16 16:00:00+00:00,6.148e-06,6.383e-06,6.119e-06,6.349e-06,1954282.1,2026-04-16 19:59:59.999000+00:00,1
2026-04-16 20:00:00+00:00,6.349e-06,6.369e-06,6.216e-06,6.259e-06,449216.9,2026-04-16 23:59:59.999000+00:00,1
2026-04-17 00:00:00+00:00,6.259e-06,6.305e-06,6.147e-06,6.165e-06,643344.2,2026-04-17 03:59:59.999000+00:00,1
2026-04-17 04:00:00+00:00,6.166e-06,6.182e-06,6.085e-06,6.173e-06,664789.8,2026-04-17 07:59:59.999000+00:00,1
2026-04-17 08:00:00+00:00,6.174e-06,6.264e-06,6.155e-06,6.236e-06,762140.4,2026-04-17 11:59:59.999000+00:00,1
2026-04-17 12:00:00+00:00,6.237e-06,6.454e-06,6.213e-06,6.386e-06,1649873.2,2026-04-17 15:59:59.999000+00:00,1
2026-04-17 16:00:00+00:00,6.386e-06,6.485e-06,6.342e-06,6.36e-06,738063.7,2026-04-17 19:59:59.999000+00:00,1
2026-04-17 20:00:00+00:00,6.361e-06,6.373e-06,6.282e-06,6.301e-06,313030.4,2026-04-17 23:59:59.999000+00:00,1
2026-04-18 00:00:00+00:00,6.301e-06,6.32e-06,6.23e-06,6.269e-06,432733.9,2026-04-18 03:59:59.999000+00:00,1
2026-04-18 04:00:00+00:00,6.27e-06,6.314e-06,6.227e-06,6.292e-06,341423.4,2026-04-18 07:59:59.999000+00:00,1
2026-04-18 08:00:00+00:00,6.293e-06,6.293e-06,6.081e-06,6.108e-06,753931.7,2026-04-18 11:59:59.999000+00:00,1
2026-04-18 12:00:00+00:00,6.107e-06,6.134e-06,6.064e-06,6.103e-06,386038.3,2026-04-18 15:59:59.999000+00:00,1
2026-04-18 16:00:00+00:00,6.103e-06,6.112e-06,6.022e-06,6.04e-06,419496.7,2026-04-18 19:59:59.999000+00:00,1
2026-04-18 20:00:00+00:00,6.039e-06,6.093e-06,6.025e-06,6.062e-06,194604.4,2026-04-18 23:59:59.999000+00:00,1
2026-04-19 00:00:00+00:00,6.063e-06,6.068e-06,5.984e-06,6.015e-06,334761.0,2026-04-19 03:59:59.999000+00:00,1
2026-04-19 04:00:00+00:00,6.016e-06,6.055e-06,5.954e-06,5.984e-06,521119.1,2026-04-19 07:59:59.999000+00:00,1
2026-04-19 08:00:00+00:00,5.984e-06,6.036e-06,5.965e-06,6.012e-06,249355.5,2026-04-19 11:59:59.999000+00:00,1
2026-04-19 12:00:00+00:00,6.012e-06,6.102e-06,5.983e-06,6.069e-06,711814.6,2026-04-19 15:59:59.999000+00:00,1
2026-04-19 16:00:00+00:00,6.069e-06,6.087e-06,5.946e-06,5.998e-06,581686.6,2026-04-19 19:59:59.999000+00:00,1
2026-04-19 20:00:00+00:00,5.997e-06,5.997e-06,5.859e-06,5.892e-06,420280.9,2026-04-19 23:59:59.999000+00:00,1
2026-04-20 00:00:00+00:00,5.893e-06,5.986e-06,5.878e-06,5.976e-06,318229.2,2026-04-20 03:59:59.999000+00:00,1
2026-04-20 04:00:00+00:00,5.976e-06,6.054e-06,5.921e-06,6.003e-06,455997.6,2026-04-20 07:59:59.999000+00:00,1
2026-04-20 08:00:00+00:00,6.004e-06,6.04e-06,5.963e-06,5.999e-06,304330.9,2026-04-20 11:59:59.999000+00:00,1
2026-04-20 12:00:00+00:00,5.999e-06,6.052e-06,5.954e-06,6.02e-06,419395.2,2026-04-20 15:59:59.999000+00:00,1
2026-04-20 16:00:00+00:00,6.02e-06,6.057e-06,5.982e-06,6.022e-06,295471.8,2026-04-20 19:59:59.999000+00:00,1
2026-04-20 20:00:00+00:00,6.021e-06,6.058e-06,5.981e-06,5.997e-06,183999.9,2026-04-20 23:59:59.999000+00:00,1
2026-04-21 00:00:00+00:00,5.997e-06,6.033e-06,5.968e-06,5.987e-06,195953.4,2026-04-21 03:59:59.999000+00:00,1
2026-04-21 04:00:00+00:00,5.986e-06,6.055e-06,5.984e-06,6.05e-06,231832.3,2026-04-21 07:59:59.999000+00:00,1
2026-04-21 08:00:00+00:00,6.05e-06,6.132e-06,6.04e-06,6.099e-06,452825.3,2026-04-21 11:59:59.999000+00:00,1
2026-04-21 12:00:00+00:00,6.1e-06,6.129e-06,6.043e-06,6.082e-06,581504.4,2026-04-21 15:59:59.999000+00:00,1
2026-04-21 16:00:00+00:00,6.083e-06,6.11e-06,5.969e-06,5.987e-06,460805.8,2026-04-21 19:59:59.999000+00:00,1
2026-04-21 20:00:00+00:00,5.987e-06,6.097e-06,5.985e-06,6.086e-06,314723.9,2026-04-21 23:59:59.999000+00:00,1
2026-04-22 00:00:00+00:00,6.087e-06,6.2e-06,6.066e-06,6.158e-06,417357.8,2026-04-22 03:59:59.999000+00:00,1
2026-04-22 04:00:00+00:00,6.158e-06,6.232e-06,6.146e-06,6.207e-06,444956.9,2026-04-22 07:59:59.999000+00:00,1
2026-04-22 08:00:00+00:00,6.207e-06,6.284e-06,6.18e-06,6.25e-06,494457.1,2026-04-22 11:59:59.999000+00:00,1
2026-04-22 12:00:00+00:00,6.249e-06,6.281e-06,6.19e-06,6.265e-06,573847.2,2026-04-22 15:59:59.999000+00:00,1
2026-04-22 16:00:00+00:00,6.265e-06,6.282e-06,6.161e-06,6.202e-06,460565.6,2026-04-22 19:59:59.999000+00:00,1
2026-04-22 20:00:00+00:00,6.202e-06,6.202e-06,6.098e-06,6.103e-06,313975.9,2026-04-22 23:59:59.999000+00:00,1
2026-04-23 00:00:00+00:00,6.103e-06,6.119e-06,6.021e-06,6.052e-06,530582.6,2026-04-23 03:59:59.999000+00:00,1
2026-04-23 04:00:00+00:00,6.051e-06,6.127e-06,6.037e-06,6.101e-06,295368.2,2026-04-23 07:59:59.999000+00:00,1
2026-04-23 08:00:00+00:00,6.101e-06,6.109e-06,6.04e-06,6.092e-06,300618.5,2026-04-23 11:59:59.999000+00:00,1
2026-04-23 12:00:00+00:00,6.093e-06,6.198e-06,6.079e-06,6.184e-06,500492.0,2026-04-23 15:59:59.999000+00:00,1
2026-04-23 16:00:00+00:00,6.185e-06,6.191e-06,6.037e-06,6.084e-06,438056.6,2026-04-23 19:59:59.999000+00:00,1
2026-04-23 20:00:00+00:00,6.084e-06,6.156e-06,6.084e-06,6.146e-06,189572.2,2026-04-23 23:59:59.999000+00:00,1
2026-04-24 00:00:00+00:00,6.147e-06,6.173e-06,6.095e-06,6.12e-06,288127.4,2026-04-24 03:59:59.999000+00:00,1
2026-04-24 04:00:00+00:00,6.121e-06,6.153e-06,6.097e-06,6.153e-06,211593.7,2026-04-24 07:59:59.999000+00:00,1
2026-04-24 08:00:00+00:00,6.154e-06,6.224e-06,6.128e-06,6.194e-06,364314.2,2026-04-24 11:59:59.999000+00:00,1
2026-04-24 12:00:00+00:00,6.195e-06,6.248e-06,6.153e-06,6.236e-06,467286.2,2026-04-24 15:59:59.999000+00:00,1
2026-04-24 16:00:00+00:00,6.237e-06,6.266e-06,6.209e-06,6.253e-06,527184.3,2026-04-24 19:59:59.999000+00:00,1
2026-04-24 20:00:00+00:00,6.253e-06,6.285e-06,6.178e-06,6.197e-06,259386.8,2026-04-24 23:59:59.999000+00:00,1
2026-04-25 00:00:00+00:00,6.197e-06,6.223e-06,6.169e-06,6.218e-06,312195.3,2026-04-25 03:59:59.999000+00:00,1
2026-04-25 04:00:00+00:00,6.219e-06,6.246e-06,6.182e-06,6.225e-06,290434.9,2026-04-25 07:59:59.999000+00:00,1
2026-04-25 08:00:00+00:00,6.224e-06,6.249e-06,6.174e-06,6.188e-06,272902.2,2026-04-25 11:59:59.999000+00:00,1
2026-04-25 12:00:00+00:00,6.188e-06,6.204e-06,6.163e-06,6.173e-06,274778.5,2026-04-25 15:59:59.999000+00:00,1
2026-04-25 16:00:00+00:00,6.173e-06,6.184e-06,6.122e-06,6.131e-06,283983.1,2026-04-25 19:59:59.999000+00:00,1
2026-04-25 20:00:00+00:00,6.131e-06,6.175e-06,6.121e-06,6.167e-06,171355.9,2026-04-25 23:59:59.999000+00:00,1
2026-04-26 00:00:00+00:00,6.168e-06,6.182e-06,6.141e-06,6.16e-06,208884.3,2026-04-26 03:59:59.999000+00:00,1
2026-04-26 04:00:00+00:00,6.16e-06,6.219e-06,6.148e-06,6.206e-06,252250.9,2026-04-26 07:59:59.999000+00:00,1
2026-04-26 08:00:00+00:00,6.206e-06,6.23e-06,6.181e-06,6.225e-06,211973.8,2026-04-26 11:59:59.999000+00:00,1
2026-04-26 12:00:00+00:00,6.225e-06,6.232e-06,6.163e-06,6.2e-06,259806.1,2026-04-26 15:59:59.999000+00:00,1
2026-04-26 16:00:00+00:00,6.2e-06,6.227e-06,6.164e-06,6.202e-06,233409.8,2026-04-26 19:59:59.999000+00:00,1
2026-04-26 20:00:00+00:00,6.202e-06,6.244e-06,6.175e-06,6.205e-06,316060.4,2026-04-26 23:59:59.999000+00:00,1
2026-04-27 00:00:00+00:00,6.206e-06,6.324e-06,6.192e-06,6.285e-06,461969.0,2026-04-27 03:59:59.999000+00:00,1
2026-04-27 04:00:00+00:00,6.285e-06,6.297e-06,6.082e-06,6.086e-06,797463.6,2026-04-27 07:59:59.999000+00:00,1
2026-04-27 08:00:00+00:00,6.085e-06,6.126e-06,6.076e-06,6.124e-06,262115.2,2026-04-27 11:59:59.999000+00:00,1
2026-04-27 12:00:00+00:00,6.124e-06,6.18e-06,6.031e-06,6.063e-06,518135.4,2026-04-27 15:59:59.999000+00:00,1
2026-04-27 16:00:00+00:00,6.062e-06,6.111e-06,6.048e-06,6.083e-06,207157.1,2026-04-27 19:59:59.999000+00:00,1
2026-04-27 20:00:00+00:00,6.083e-06,6.144e-06,6.072e-06,6.139e-06,195019.3,2026-04-27 23:59:59.999000+00:00,1
2026-04-28 00:00:00+00:00,6.14e-06,6.153e-06,6.105e-06,6.127e-06,245727.8,2026-04-28 03:59:59.999000+00:00,1
2026-04-28 04:00:00+00:00,6.127e-06,6.196e-06,6.098e-06,6.125e-06,449998.4,2026-04-28 07:59:59.999000+00:00,1
2026-04-28 08:00:00+00:00,6.126e-06,6.158e-06,6.071e-06,6.082e-06,323787.2,2026-04-28 11:59:59.999000+00:00,1
2026-04-28 12:00:00+00:00,6.083e-06,6.126e-06,6.056e-06,6.119e-06,353567.4,2026-04-28 15:59:59.999000+00:00,1
2026-04-28 16:00:00+00:00,6.12e-06,6.143e-06,6.083e-06,6.136e-06,190898.8,2026-04-28 19:59:59.999000+00:00,1
2026-04-28 20:00:00+00:00,6.136e-06,6.157e-06,6.116e-06,6.134e-06,176580.0,2026-04-28 23:59:59.999000+00:00,1
2026-04-29 00:00:00+00:00,6.134e-06,6.188e-06,6.12e-06,6.188e-06,299669.9,2026-04-29 03:59:59.999000+00:00,1
2026-04-29 04:00:00+00:00,6.189e-06,6.254e-06,6.168e-06,6.241e-06,452361.9,2026-04-29 07:59:59.999000+00:00,1
2026-04-29 08:00:00+00:00,6.241e-06,6.562e-06,6.221e-06,6.447e-06,2868962.6,2026-04-29 11:59:59.999000+00:00,1
2026-04-29 12:00:00+00:00,6.447e-06,6.453e-06,6.075e-06,6.093e-06,2112868.9,2026-04-29 15:59:59.999000+00:00,1
2026-04-29 16:00:00+00:00,6.093e-06,6.166e-06,5.987e-06,6.062e-06,953151.8,2026-04-29 19:59:59.999000+00:00,1
2026-04-29 20:00:00+00:00,6.062e-06,6.164e-06,6.059e-06,6.155e-06,390054.7,2026-04-29 23:59:59.999000+00:00,1
2026-04-30 00:00:00+00:00,6.156e-06,6.305e-06,6.15e-06,6.228e-06,1009381.4,2026-04-30 03:59:59.999000+00:00,1
2026-04-30 04:00:00+00:00,6.228e-06,6.283e-06,6.142e-06,6.271e-06,446641.6,2026-04-30 07:59:59.999000+00:00,1
2026-04-30 08:00:00+00:00,6.271e-06,6.381e-06,6.245e-06,6.27e-06,742390.4,2026-04-30 11:59:59.999000+00:00,1
2026-04-30 12:00:00+00:00,6.271e-06,6.332e-06,6.226e-06,6.319e-06,539874.3,2026-04-30 15:59:59.999000+00:00,1
2026-04-30 16:00:00+00:00,6.319e-06,6.338e-06,6.267e-06,6.272e-06,460303.8,2026-04-30 19:59:59.999000+00:00,1
2026-04-30 20:00:00+00:00,6.272e-06,6.273e-06,6.203e-06,6.218e-06,297547.9,2026-04-30 23:59:59.999000+00:00,1
2026-05-01 00:00:00+00:00,6.219e-06,6.377e-06,6.218e-06,6.346e-06,540023.4,2026-05-01 03:59:59.999000+00:00,1
2026-05-01 04:00:00+00:00,6.346e-06,6.39e-06,6.316e-06,6.318e-06,385474.9,2026-05-01 07:59:59.999000+00:00,1
2026-05-01 08:00:00+00:00,6.318e-06,6.348e-06,6.273e-06,6.304e-06,364304.0,2026-05-01 11:59:59.999000+00:00,1
2026-05-01 12:00:00+00:00,6.305e-06,6.402e-06,6.298e-06,6.366e-06,932948.5,2026-05-01 15:59:59.999000+00:00,1
2026-05-01 16:00:00+00:00,6.366e-06,6.38e-06,6.315e-06,6.319e-06,294417.9,2026-05-01 19:59:59.999000+00:00,1
2026-05-01 20:00:00+00:00,6.319e-06,6.322e-06,6.247e-06,6.266e-06,275706.5,2026-05-01 23:59:59.999000+00:00,1
2026-05-02 00:00:00+00:00,6.266e-06,6.284e-06,6.25e-06,6.267e-06,271749.8,2026-05-02 03:59:59.999000+00:00,1
2026-05-02 04:00:00+00:00,6.266e-06,6.268e-06,6.219e-06,6.248e-06,291092.7,2026-05-02 07:59:59.999000+00:00,1
2026-05-02 08:00:00+00:00,6.247e-06,6.267e-06,6.23e-06,6.243e-06,168197.2,2026-05-02 11:59:59.999000+00:00,1
2026-05-02 12:00:00+00:00,6.242e-06,6.321e-06,6.239e-06,6.315e-06,268198.3,2026-05-02 15:59:59.999000+00:00,1
2026-05-02 16:00:00+00:00,6.314e-06,6.318e-06,6.247e-06,6.27e-06,320939.6,2026-05-02 19:59:59.999000+00:00,1
2026-05-02 20:00:00+00:00,6.27e-06,6.314e-06,6.261e-06,6.27e-06,180236.3,2026-05-02 23:59:59.999000+00:00,1
2026-05-03 00:00:00+00:00,6.27e-06,6.274e-06,6.177e-06,6.202e-06,372729.3,2026-05-03 03:59:59.999000+00:00,1
2026-05-03 04:00:00+00:00,6.201e-06,6.229e-06,6.191e-06,6.21e-06,147431.0,2026-05-03 07:59:59.999000+00:00,1
2026-05-03 08:00:00+00:00,6.21e-06,6.239e-06,6.186e-06,6.212e-06,176741.8,2026-05-03 11:59:59.999000+00:00,1
2026-05-03 12:00:00+00:00,6.211e-06,6.238e-06,6.194e-06,6.202e-06,193059.2,2026-05-03 15:59:59.999000+00:00,1
2026-05-03 16:00:00+00:00,6.202e-06,6.213e-06,6.159e-06,6.171e-06,178797.8,2026-05-03 19:59:59.999000+00:00,1
2026-05-03 20:00:00+00:00,6.17e-06,6.235e-06,6.148e-06,6.16e-06,302997.6,2026-05-03 23:59:59.999000+00:00,1
2026-05-04 00:00:00+00:00,6.161e-06,6.334e-06,6.122e-06,6.317e-06,830205.8,2026-05-04 03:59:59.999000+00:00,1
2026-05-04 04:00:00+00:00,6.318e-06,6.348e-06,6.221e-06,6.251e-06,434236.5,2026-05-04 07:59:59.999000+00:00,1
2026-05-04 08:00:00+00:00,6.251e-06,6.272e-06,6.121e-06,6.176e-06,683474.3,2026-05-04 11:59:59.999000+00:00,1
2026-05-04 12:00:00+00:00,6.175e-06,6.253e-06,6.143e-06,6.178e-06,587097.6,2026-05-04 15:59:59.999000+00:00,1
2026-05-04 16:00:00+00:00,6.179e-06,6.256e-06,6.152e-06,6.192e-06,371715.3,2026-05-04 19:59:59.999000+00:00,1
2026-05-04 20:00:00+00:00,6.193e-06,6.22e-06,6.166e-06,6.186e-06,171026.2,2026-05-04 23:59:59.999000+00:00,1
2026-05-05 00:00:00+00:00,6.186e-06,6.236e-06,6.174e-06,6.216e-06,273227.7,2026-05-05 03:59:59.999000+00:00,1
2026-05-05 04:00:00+00:00,6.217e-06,6.268e-06,6.189e-06,6.248e-06,380239.2,2026-05-05 07:59:59.999000+00:00,1
2026-05-05 08:00:00+00:00,6.248e-06,6.298e-06,6.233e-06,6.285e-06,403131.8,2026-05-05 11:59:59.999000+00:00,1
2026-05-05 12:00:00+00:00,6.285e-06,6.305e-06,6.235e-06,6.26e-06,534159.6,2026-05-05 15:59:59.999000+00:00,1
2026-05-05 16:00:00+00:00,6.26e-06,6.305e-06,6.241e-06,6.301e-06,316335.4,2026-05-05 19:59:59.999000+00:00,1
2026-05-05 20:00:00+00:00,6.302e-06,6.433e-06,6.298e-06,6.342e-06,836023.4,2026-05-05 23:59:59.999000+00:00,1
2026-05-06 00:00:00+00:00,6.343e-06,6.445e-06,6.311e-06,6.435e-06,616944.2,2026-05-06 03:59:59.999000+00:00,1
2026-05-06 04:00:00+00:00,6.436e-06,6.453e-06,6.384e-06,6.408e-06,687131.1,2026-05-06 07:59:59.999000+00:00,1
2026-05-06 08:00:00+00:00,6.407e-06,6.523e-06,6.4e-06,6.504e-06,891607.8,2026-05-06 11:59:59.999000+00:00,1
2026-05-06 12:00:00+00:00,6.504e-06,6.516e-06,6.304e-06,6.372e-06,1181705.7,2026-05-06 15:59:59.999000+00:00,1
2026-05-06 16:00:00+00:00,6.371e-06,6.409e-06,6.345e-06,6.394e-06,368964.2,2026-05-06 19:59:59.999000+00:00,1
2026-05-06 20:00:00+00:00,6.394e-06,6.456e-06,6.356e-06,6.41e-06,252144.6,2026-05-06 23:59:59.999000+00:00,1
2026-05-07 00:00:00+00:00,6.409e-06,6.411e-06,6.28e-06,6.289e-06,558229.5,2026-05-07 03:59:59.999000+00:00,1
2026-05-07 04:00:00+00:00,6.289e-06,6.398e-06,6.275e-06,6.38e-06,377453.2,2026-05-07 07:59:59.999000+00:00,1
2026-05-07 08:00:00+00:00,6.379e-06,6.392e-06,6.306e-06,6.337e-06,414110.4,2026-05-07 11:59:59.999000+00:00,1
2026-05-07 12:00:00+00:00,6.337e-06,6.391e-06,6.223e-06,6.247e-06,659545.9,2026-05-07 15:59:59.999000+00:00,1
2026-05-07 16:00:00+00:00,6.247e-06,6.322e-06,6.228e-06,6.272e-06,460184.7,2026-05-07 19:59:59.999000+00:00,1
2026-05-07 20:00:00+00:00,6.272e-06,6.304e-06,6.226e-06,6.273e-06,206067.2,2026-05-07 23:59:59.999000+00:00,1
2026-05-08 00:00:00+00:00,6.273e-06,6.308e-06,6.217e-06,6.266e-06,312443.1,2026-05-08 03:59:59.999000+00:00,1
2026-05-08 04:00:00+00:00,6.265e-06,6.297e-06,6.24e-06,6.279e-06,353672.2,2026-05-08 07:59:59.999000+00:00,1
2026-05-08 08:00:00+00:00,6.279e-06,6.352e-06,6.27e-06,6.327e-06,291775.0,2026-05-08 11:59:59.999000+00:00,1
2026-05-08 12:00:00+00:00,6.326e-06,6.379e-06,6.264e-06,6.375e-06,451307.7,2026-05-08 15:59:59.999000+00:00,1
2026-05-08 16:00:00+00:00,6.376e-06,6.466e-06,6.348e-06,6.435e-06,507687.3,2026-05-08 19:59:59.999000+00:00,1
2026-05-08 20:00:00+00:00,6.436e-06,6.488e-06,6.417e-06,6.452e-06,430066.9,2026-05-08 23:59:59.999000+00:00,1
2026-05-09 00:00:00+00:00,6.453e-06,6.508e-06,6.426e-06,6.479e-06,421531.2,2026-05-09 03:59:59.999000+00:00,1
2026-05-09 04:00:00+00:00,6.478e-06,6.512e-06,6.426e-06,6.43e-06,371165.2,2026-05-09 07:59:59.999000+00:00,1
2026-05-09 08:00:00+00:00,6.429e-06,6.448e-06,6.378e-06,6.414e-06,366590.6,2026-05-09 11:59:59.999000+00:00,1
2026-05-09 12:00:00+00:00,6.413e-06,6.424e-06,6.332e-06,6.356e-06,368368.0,2026-05-09 15:59:59.999000+00:00,1
2026-05-09 16:00:00+00:00,6.356e-06,6.422e-06,6.342e-06,6.408e-06,245628.2,2026-05-09 19:59:59.999000+00:00,1
2026-05-09 20:00:00+00:00,6.408e-06,6.409e-06,6.356e-06,6.363e-06,103793.2,2026-05-09 23:59:59.999000+00:00,1
2026-05-10 00:00:00+00:00,6.363e-06,6.395e-06,6.301e-06,6.38e-06,454839.9,2026-05-10 03:59:59.999000+00:00,1
2026-05-10 04:00:00+00:00,6.38e-06,6.45e-06,6.37e-06,6.427e-06,376381.3,2026-05-10 07:59:59.999000+00:00,1
2026-05-10 08:00:00+00:00,6.426e-06,6.466e-06,6.415e-06,6.46e-06,603541.0,2026-05-10 11:59:59.999000+00:00,1
2026-05-10 12:00:00+00:00,6.46e-06,6.618e-06,6.448e-06,6.546e-06,1139210.9,2026-05-10 15:59:59.999000+00:00,1
2026-05-10 16:00:00+00:00,6.547e-06,6.683e-06,6.537e-06,6.606e-06,978836.4,2026-05-10 19:59:59.999000+00:00,1
2026-05-10 20:00:00+00:00,6.604e-06,6.631e-06,6.407e-06,6.604e-06,1129149.4,2026-05-10 23:59:59.999000+00:00,1
2026-05-11 00:00:00+00:00,6.605e-06,6.618e-06,6.444e-06,6.499e-06,513063.8,2026-05-11 03:59:59.999000+00:00,1
2026-05-11 04:00:00+00:00,6.498e-06,6.541e-06,6.471e-06,6.52e-06,270620.0,2026-05-11 07:59:59.999000+00:00,1
2026-05-11 08:00:00+00:00,6.519e-06,6.61e-06,6.505e-06,6.587e-06,326943.0,2026-05-11 11:59:59.999000+00:00,1
2026-05-11 12:00:00+00:00,6.587e-06,6.613e-06,6.504e-06,6.591e-06,488365.9,2026-05-11 15:59:59.999000+00:00,1
2026-05-11 16:00:00+00:00,6.591e-06,6.693e-06,6.559e-06,6.616e-06,464059.2,2026-05-11 19:59:59.999000+00:00,1
2026-05-11 20:00:00+00:00,6.617e-06,6.632e-06,6.569e-06,6.591e-06,220756.9,2026-05-11 23:59:59.999000+00:00,1
2026-05-12 00:00:00+00:00,6.592e-06,6.603e-06,6.501e-06,6.555e-06,297830.5,2026-05-12 03:59:59.999000+00:00,1
2026-05-12 04:00:00+00:00,6.555e-06,6.636e-06,6.543e-06,6.577e-06,375447.8,2026-05-12 07:59:59.999000+00:00,1
2026-05-12 08:00:00+00:00,6.577e-06,6.581e-06,6.41e-06,6.448e-06,603625.5,2026-05-12 11:59:59.999000+00:00,1
2026-05-12 12:00:00+00:00,6.449e-06,6.458e-06,6.318e-06,6.356e-06,920378.6,2026-05-12 15:59:59.999000+00:00,1
2026-05-12 16:00:00+00:00,6.356e-06,6.452e-06,6.325e-06,6.434e-06,465970.9,2026-05-12 19:59:59.999000+00:00,1
2026-05-12 20:00:00+00:00,6.435e-06,6.457e-06,6.407e-06,6.416e-06,219225.6,2026-05-12 23:59:59.999000+00:00,1
2026-05-13 00:00:00+00:00,6.416e-06,6.495e-06,6.405e-06,6.488e-06,305980.6,2026-05-13 03:59:59.999000+00:00,1
2026-05-13 04:00:00+00:00,6.489e-06,6.552e-06,6.466e-06,6.483e-06,363882.9,2026-05-13 07:59:59.999000+00:00,1
2026-05-13 08:00:00+00:00,6.484e-06,6.557e-06,6.403e-06,6.423e-06,502298.7,2026-05-13 11:59:59.999000+00:00,1
2026-05-13 12:00:00+00:00,6.422e-06,6.434e-06,6.204e-06,6.215e-06,1256768.2,2026-05-13 15:59:59.999000+00:00,1
2026-05-13 16:00:00+00:00,6.214e-06,6.316e-06,6.212e-06,6.27e-06,457789.2,2026-05-13 19:59:59.999000+00:00,1
2026-05-13 20:00:00+00:00,6.271e-06,6.297e-06,6.232e-06,6.271e-06,334178.5,2026-05-13 23:59:59.999000+00:00,1
2026-05-14 00:00:00+00:00,6.27e-06,6.338e-06,6.209e-06,6.226e-06,504416.4,2026-05-14 03:59:59.999000+00:00,1
2026-05-14 04:00:00+00:00,6.226e-06,6.307e-06,6.211e-06,6.275e-06,302291.4,2026-05-14 07:59:59.999000+00:00,1
2026-05-14 08:00:00+00:00,6.276e-06,6.303e-06,6.24e-06,6.242e-06,351563.6,2026-05-14 11:59:59.999000+00:00,1
2026-05-14 12:00:00+00:00,6.242e-06,6.372e-06,6.24e-06,6.365e-06,652608.3,2026-05-14 15:59:59.999000+00:00,1
2026-05-14 16:00:00+00:00,6.366e-06,6.482e-06,6.354e-06,6.423e-06,657611.1,2026-05-14 19:59:59.999000+00:00,1
2026-05-14 20:00:00+00:00,6.424e-06,6.435e-06,6.35e-06,6.362e-06,281962.0,2026-05-14 23:59:59.999000+00:00,1
2026-05-15 00:00:00+00:00,6.363e-06,6.388e-06,6.292e-06,6.333e-06,380994.8,2026-05-15 03:59:59.999000+00:00,1
2026-05-15 04:00:00+00:00,6.332e-06,6.333e-06,6.206e-06,6.288e-06,519080.8,2026-05-15 07:59:59.999000+00:00,1
2026-05-15 08:00:00+00:00,6.287e-06,6.295e-06,6.246e-06,6.262e-06,324540.8,2026-05-15 11:59:59.999000+00:00,1
2026-05-15 12:00:00+00:00,6.261e-06,6.264e-06,6.022e-06,6.116e-06,1283002.8,2026-05-15 15:59:59.999000+00:00,1
2026-05-15 16:00:00+00:00,6.116e-06,6.161e-06,6.101e-06,6.122e-06,326766.2,2026-05-15 19:59:59.999000+00:00,1
2026-05-15 20:00:00+00:00,6.122e-06,6.13e-06,6.097e-06,6.123e-06,327339.9,2026-05-15 23:59:59.999000+00:00,1
2026-05-16 00:00:00+00:00,6.123e-06,6.142e-06,6.11e-06,6.119e-06,207050.2,2026-05-16 03:59:59.999000+00:00,1
2026-05-16 04:00:00+00:00,6.119e-06,6.12e-06,5.933e-06,5.972e-06,647378.8,2026-05-16 07:59:59.999000+00:00,1
2026-05-16 08:00:00+00:00,5.972e-06,5.994e-06,5.865e-06,5.902e-06,641715.3,2026-05-16 11:59:59.999000+00:00,1
2026-05-16 12:00:00+00:00,5.901e-06,5.913e-06,5.851e-06,5.892e-06,549859.2,2026-05-16 15:59:59.999000+00:00,1
2026-05-16 16:00:00+00:00,5.891e-06,5.918e-06,5.865e-06,5.879e-06,358362.0,2026-05-16 19:59:59.999000+00:00,1
2026-05-16 20:00:00+00:00,5.88e-06,5.893e-06,5.847e-06,5.859e-06,285918.8,2026-05-16 23:59:59.999000+00:00,1
2026-05-17 00:00:00+00:00,5.859e-06,5.865e-06,5.76e-06,5.812e-06,637640.5,2026-05-17 03:59:59.999000+00:00,1
2026-05-17 04:00:00+00:00,5.812e-06,5.876e-06,5.809e-06,5.848e-06,617002.3,2026-05-17 07:59:59.999000+00:00,1
2026-05-17 08:00:00+00:00,5.848e-06,5.86e-06,5.801e-06,5.835e-06,608766.7,2026-05-17 11:59:59.999000+00:00,1
2026-05-17 12:00:00+00:00,5.836e-06,5.853e-06,5.779e-06,5.814e-06,485478.0,2026-05-17 15:59:59.999000+00:00,1
2026-05-17 16:00:00+00:00,5.815e-06,5.825e-06,5.767e-06,5.809e-06,230455.5,2026-05-17 19:59:59.999000+00:00,1
2026-05-17 20:00:00+00:00,5.808e-06,5.85e-06,5.568e-06,5.73e-06,1220905.7,2026-05-17 23:59:59.999000+00:00,1
2026-05-18 00:00:00+00:00,5.73e-06,5.761e-06,5.68e-06,5.708e-06,538297.6,2026-05-18 03:59:59.999000+00:00,1
2026-05-18 04:00:00+00:00,5.708e-06,5.728e-06,5.637e-06,5.666e-06,604554.6,2026-05-18 07:59:59.999000+00:00,1
2026-05-18 08:00:00+00:00,5.666e-06,5.712e-06,5.624e-06,5.682e-06,327892.0,2026-05-18 11:59:59.999000+00:00,1
2026-05-18 12:00:00+00:00,5.682e-06,5.74e-06,5.62e-06,5.667e-06,551380.9,2026-05-18 15:59:59.999000+00:00,1
2026-05-18 16:00:00+00:00,5.667e-06,5.751e-06,5.639e-06,5.735e-06,404297.5,2026-05-18 19:59:59.999000+00:00,1
2026-05-18 20:00:00+00:00,5.736e-06,5.768e-06,5.707e-06,5.75e-06,265140.2,2026-05-18 23:59:59.999000+00:00,1
2026-05-19 00:00:00+00:00,5.75e-06,5.799e-06,5.728e-06,5.763e-06,304522.2,2026-05-19 03:59:59.999000+00:00,1
2026-05-19 04:00:00+00:00,5.764e-06,5.785e-06,5.741e-06,5.773e-06,216806.9,2026-05-19 07:59:59.999000+00:00,1
2026-05-19 08:00:00+00:00,5.773e-06,5.78e-06,5.697e-06,5.701e-06,258360.2,2026-05-19 11:59:59.999000+00:00,1
2026-05-19 12:00:00+00:00,5.701e-06,5.768e-06,5.681e-06,5.707e-06,342210.0,2026-05-19 15:59:59.999000+00:00,1
2026-05-19 16:00:00+00:00,5.708e-06,5.73e-06,5.673e-06,5.681e-06,169895.7,2026-05-19 19:59:59.999000+00:00,1
2026-05-19 20:00:00+00:00,5.682e-06,5.708e-06,5.658e-06,5.686e-06,139485.1,2026-05-19 23:59:59.999000+00:00,1
2026-05-20 00:00:00+00:00,5.686e-06,5.72e-06,5.668e-06,5.701e-06,165703.6,2026-05-20 03:59:59.999000+00:00,1
2026-05-20 04:00:00+00:00,5.701e-06,5.76e-06,5.695e-06,5.741e-06,145509.5,2026-05-20 07:59:59.999000+00:00,1
2026-05-20 08:00:00+00:00,5.741e-06,5.76e-06,5.724e-06,5.733e-06,143016.4,2026-05-20 11:59:59.999000+00:00,1
2026-05-20 12:00:00+00:00,5.733e-06,5.824e-06,5.714e-06,5.811e-06,464678.3,2026-05-20 15:59:59.999000+00:00,1
2026-05-20 16:00:00+00:00,5.81e-06,5.831e-06,5.771e-06,5.794e-06,329997.8,2026-05-20 19:59:59.999000+00:00,1
2026-05-20 20:00:00+00:00,5.793e-06,5.802e-06,5.74e-06,5.779e-06,219477.4,2026-05-20 23:59:59.999000+00:00,1
2026-05-21 00:00:00+00:00,5.778e-06,5.842e-06,5.776e-06,5.834e-06,215654.6,2026-05-21 03:59:59.999000+00:00,1
2026-05-21 04:00:00+00:00,5.834e-06,5.849e-06,5.788e-06,5.822e-06,238997.4,2026-05-21 07:59:59.999000+00:00,1
2026-05-21 08:00:00+00:00,5.822e-06,5.843e-06,5.756e-06,5.758e-06,286148.8,2026-05-21 11:59:59.999000+00:00,1
2026-05-21 12:00:00+00:00,5.758e-06,5.786e-06,5.731e-06,5.774e-06,293647.5,2026-05-21 15:59:59.999000+00:00,1
2026-05-21 16:00:00+00:00,5.775e-06,5.869e-06,5.743e-06,5.857e-06,550913.2,2026-05-21 19:59:59.999000+00:00,1
2026-05-21 20:00:00+00:00,5.857e-06,5.873e-06,5.812e-06,5.844e-06,134663.3,2026-05-21 23:59:59.999000+00:00,1
2026-05-22 00:00:00+00:00,5.845e-06,5.864e-06,5.818e-06,5.86e-06,138391.3,2026-05-22 03:59:59.999000+00:00,1
2026-05-22 04:00:00+00:00,5.861e-06,5.878e-06,5.808e-06,5.833e-06,166717.6,2026-05-22 07:59:59.999000+00:00,1
2026-05-22 08:00:00+00:00,5.834e-06,5.861e-06,5.815e-06,5.861e-06,143403.1,2026-05-22 11:59:59.999000+00:00,1
2026-05-22 12:00:00+00:00,5.861e-06,5.891e-06,5.787e-06,5.828e-06,411105.6,2026-05-22 15:59:59.999000+00:00,1
2026-05-22 16:00:00+00:00,5.827e-06,5.843e-06,5.669e-06,5.709e-06,649455.8,2026-05-22 19:59:59.999000+00:00,1
2026-05-22 20:00:00+00:00,5.71e-06,5.754e-06,5.619e-06,5.652e-06,594720.6,2026-05-22 23:59:59.999000+00:00,1
2026-05-23 00:00:00+00:00,5.653e-06,5.693e-06,5.634e-06,5.677e-06,274642.8,2026-05-23 03:59:59.999000+00:00,1
2026-05-23 04:00:00+00:00,5.676e-06,5.676e-06,5.468e-06,5.514e-06,644153.4,2026-05-23 07:59:59.999000+00:00,1
2026-05-23 08:00:00+00:00,5.513e-06,5.527e-06,5.484e-06,5.514e-06,323791.7,2026-05-23 11:59:59.999000+00:00,1
2026-05-23 12:00:00+00:00,5.514e-06,5.63e-06,5.497e-06,5.594e-06,344279.3,2026-05-23 15:59:59.999000+00:00,1
2026-05-23 16:00:00+00:00,5.595e-06,5.652e-06,5.58e-06,5.615e-06,215867.6,2026-05-23 19:59:59.999000+00:00,1
2026-05-23 20:00:00+00:00,5.615e-06,5.775e-06,5.61e-06,5.671e-06,483188.5,2026-05-23 23:59:59.999000+00:00,1
2026-05-24 00:00:00+00:00,5.671e-06,5.688e-06,5.636e-06,5.646e-06,185858.4,2026-05-24 03:59:59.999000+00:00,1
2026-05-24 04:00:00+00:00,5.646e-06,5.663e-06,5.627e-06,5.636e-06,196447.9,2026-05-24 07:59:59.999000+00:00,1
2026-05-24 08:00:00+00:00,5.636e-06,5.679e-06,5.631e-06,5.656e-06,253017.3,2026-05-24 11:59:59.999000+00:00,1
2026-05-24 12:00:00+00:00,5.657e-06,5.657e-06,5.528e-06,5.582e-06,416679.6,2026-05-24 15:59:59.999000+00:00,1
2026-05-24 16:00:00+00:00,5.583e-06,5.601e-06,5.555e-06,5.574e-06,173271.0,2026-05-24 19:59:59.999000+00:00,1
2026-05-24 20:00:00+00:00,5.574e-06,5.585e-06,5.483e-06,5.576e-06,273389.7,2026-05-24 23:59:59.999000+00:00,1
2026-05-25 00:00:00+00:00,5.577e-06,5.612e-06,5.548e-06,5.569e-06,199126.0,2026-05-25 03:59:59.999000+00:00,1
2026-05-25 04:00:00+00:00,5.57e-06,5.656e-06,5.557e-06,5.624e-06,234912.0,2026-05-25 07:59:59.999000+00:00,1
2026-05-25 08:00:00+00:00,5.625e-06,5.644e-06,5.609e-06,5.609e-06,192662.9,2026-05-25 11:59:59.999000+00:00,1
2026-05-25 12:00:00+00:00,5.61e-06,5.667e-06,5.6e-06,5.63e-06,245557.5,2026-05-25 15:59:59.999000+00:00,1
2026-05-25 16:00:00+00:00,5.631e-06,5.654e-06,5.586e-06,5.604e-06,224364.4,2026-05-25 19:59:59.999000+00:00,1
2026-05-25 20:00:00+00:00,5.604e-06,5.616e-06,5.53e-06,5.555e-06,199742.3,2026-05-25 23:59:59.999000+00:00,1
2026-05-26 00:00:00+00:00,5.555e-06,5.56e-06,5.483e-06,5.504e-06,318670.4,2026-05-26 03:59:59.999000+00:00,1
2026-05-26 04:00:00+00:00,5.504e-06,5.565e-06,5.503e-06,5.534e-06,228975.4,2026-05-26 07:59:59.999000+00:00,1
2026-05-26 08:00:00+00:00,5.535e-06,5.622e-06,5.531e-06,5.598e-06,294488.3,2026-05-26 11:59:59.999000+00:00,1
2026-05-26 12:00:00+00:00,5.597e-06,5.659e-06,5.537e-06,5.564e-06,545626.0,2026-05-26 15:59:59.999000+00:00,1
2026-05-26 16:00:00+00:00,5.563e-06,5.566e-06,5.477e-06,5.52e-06,332521.2,2026-05-26 19:59:59.999000+00:00,1
2026-05-26 20:00:00+00:00,5.52e-06,5.54e-06,5.499e-06,5.526e-06,141471.4,2026-05-26 23:59:59.999000+00:00,1
2026-05-27 00:00:00+00:00,5.526e-06,5.559e-06,5.5e-06,5.511e-06,180111.3,2026-05-27 03:59:59.999000+00:00,1
2026-05-27 04:00:00+00:00,5.511e-06,5.55e-06,5.46e-06,5.542e-06,333890.9,2026-05-27 07:59:59.999000+00:00,1
2026-05-27 08:00:00+00:00,5.542e-06,5.551e-06,5.497e-06,5.499e-06,163315.2,2026-05-27 11:59:59.999000+00:00,1
2026-05-27 12:00:00+00:00,5.499e-06,5.552e-06,5.45e-06,5.518e-06,557105.5,2026-05-27 15:59:59.999000+00:00,1
2026-05-27 16:00:00+00:00,5.519e-06,5.534e-06,5.466e-06,5.491e-06,248851.9,2026-05-27 19:59:59.999000+00:00,1
2026-05-27 20:00:00+00:00,5.491e-06,5.498e-06,5.377e-06,5.43e-06,481407.0,2026-05-27 23:59:59.999000+00:00,1
2026-05-28 00:00:00+00:00,5.429e-06,5.452e-06,5.293e-06,5.301e-06,672686.7,2026-05-28 03:59:59.999000+00:00,1
2026-05-28 04:00:00+00:00,5.301e-06,5.308e-06,5.225e-06,5.308e-06,572125.1,2026-05-28 07:59:59.999000+00:00,1
2026-05-28 08:00:00+00:00,5.307e-06,5.344e-06,5.276e-06,5.286e-06,284166.9,2026-05-28 11:59:59.999000+00:00,1
2026-05-28 12:00:00+00:00,5.286e-06,5.327e-06,5.235e-06,5.31e-06,410709.7,2026-05-28 15:59:59.999000+00:00,1
2026-05-28 16:00:00+00:00,5.31e-06,5.413e-06,5.285e-06,5.344e-06,384201.3,2026-05-28 19:59:59.999000+00:00,1
2026-05-28 20:00:00+00:00,5.345e-06,5.396e-06,5.327e-06,5.366e-06,200577.9,2026-05-28 23:59:59.999000+00:00,1
2026-05-29 00:00:00+00:00,5.365e-06,5.391e-06,5.322e-06,5.34e-06,203882.7,2026-05-29 03:59:59.999000+00:00,1
2026-05-29 04:00:00+00:00,5.342e-06,5.402e-06,5.323e-06,5.386e-06,226411.1,2026-05-29 07:59:59.999000+00:00,1
2026-05-29 08:00:00+00:00,5.386e-06,5.421e-06,5.359e-06,5.379e-06,239373.5,2026-05-29 11:59:59.999000+00:00,1
2026-05-29 12:00:00+00:00,5.38e-06,5.455e-06,5.269e-06,5.431e-06,650642.6,2026-05-29 15:59:59.999000+00:00,1
2026-05-29 16:00:00+00:00,5.432e-06,5.459e-06,5.363e-06,5.404e-06,268480.6,2026-05-29 19:59:59.999000+00:00,1
2026-05-29 20:00:00+00:00,5.405e-06,5.44e-06,5.384e-06,5.418e-06,129225.8,2026-05-29 23:59:59.999000+00:00,1
2026-05-30 00:00:00+00:00,5.418e-06,5.561e-06,5.416e-06,5.504e-06,387069.6,2026-05-30 03:59:59.999000+00:00,1
2026-05-30 04:00:00+00:00,5.502e-06,5.515e-06,5.435e-06,5.495e-06,288232.8,2026-05-30 07:59:59.999000+00:00,1
2026-05-30 08:00:00+00:00,5.496e-06,5.504e-06,5.469e-06,5.478e-06,100369.9,2026-05-30 11:59:59.999000+00:00,1
2026-05-30 12:00:00+00:00,5.478e-06,5.524e-06,5.475e-06,5.512e-06,188639.7,2026-05-30 15:59:59.999000+00:00,1
2026-05-30 16:00:00+00:00,5.513e-06,5.543e-06,5.508e-06,5.526e-06,143441.1,2026-05-30 19:59:59.999000+00:00,1
2026-05-30 20:00:00+00:00,5.527e-06,5.541e-06,5.477e-06,5.494e-06,131723.6,2026-05-30 23:59:59.999000+00:00,1
2026-05-31 00:00:00+00:00,5.494e-06,5.541e-06,5.487e-06,5.534e-06,126069.2,2026-05-31 03:59:59.999000+00:00,1
2026-05-31 04:00:00+00:00,5.534e-06,5.543e-06,5.478e-06,5.491e-06,134924.9,2026-05-31 07:59:59.999000+00:00,1
2026-05-31 08:00:00+00:00,5.491e-06,5.516e-06,5.47e-06,5.508e-06,143242.6,2026-05-31 11:59:59.999000+00:00,1
2026-05-31 12:00:00+00:00,5.507e-06,5.535e-06,5.443e-06,5.446e-06,265124.8,2026-05-31 15:59:59.999000+00:00,1
2026-05-31 16:00:00+00:00,5.446e-06,5.453e-06,5.407e-06,5.444e-06,202231.0,2026-05-31 19:59:59.999000+00:00,1
2026-05-31 20:00:00+00:00,5.444e-06,5.54e-06,5.442e-06,5.517e-06,166759.1,2026-05-31 23:59:59.999000+00:00,1
2026-06-01 00:00:00+00:00,5.517e-06,5.557e-06,5.46e-06,5.528e-06,300688.8,2026-06-01 03:59:59.999000+00:00,1
2026-06-01 04:00:00+00:00,5.528e-06,5.538e-06,5.401e-06,5.407e-06,285119.2,2026-06-01 07:59:59.999000+00:00,1
2026-06-01 08:00:00+00:00,5.408e-06,5.464e-06,5.387e-06,5.436e-06,327483.6,2026-06-01 11:59:59.999000+00:00,1
2026-06-01 12:00:00+00:00,5.436e-06,5.464e-06,5.375e-06,5.445e-06,542384.6,2026-06-01 15:59:59.999000+00:00,1
2026-06-01 16:00:00+00:00,5.445e-06,5.571e-06,5.406e-06,5.536e-06,463258.0,2026-06-01 19:59:59.999000+00:00,1
2026-06-01 20:00:00+00:00,5.536e-06,5.545e-06,5.472e-06,5.525e-06,235138.3,2026-06-01 23:59:59.999000+00:00,1
2026-06-02 00:00:00+00:00,5.526e-06,5.539e-06,5.417e-06,5.515e-06,380614.3,2026-06-02 03:59:59.999000+00:00,1
2026-06-02 04:00:00+00:00,5.516e-06,5.521e-06,5.433e-06,5.47e-06,348590.0,2026-06-02 07:59:59.999000+00:00,1
2026-06-02 08:00:00+00:00,5.471e-06,5.487e-06,5.414e-06,5.444e-06,255239.2,2026-06-02 11:59:59.999000+00:00,1
2026-06-02 12:00:00+00:00,5.443e-06,5.463e-06,5.226e-06,5.275e-06,1177699.3,2026-06-02 15:59:59.999000+00:00,1
2026-06-02 16:00:00+00:00,5.274e-06,5.352e-06,5.148e-06,5.227e-06,700850.0,2026-06-02 19:59:59.999000+00:00,1
2026-06-02 20:00:00+00:00,5.227e-06,5.289e-06,5.082e-06,5.175e-06,728843.0,2026-06-02 23:59:59.999000+00:00,1
2026-06-03 00:00:00+00:00,5.176e-06,5.244e-06,5.13e-06,5.152e-06,541973.7,2026-06-03 03:59:59.999000+00:00,1
2026-06-03 04:00:00+00:00,5.152e-06,5.323e-06,5.149e-06,5.298e-06,634760.8,2026-06-03 07:59:59.999000+00:00,1
2026-06-03 08:00:00+00:00,5.298e-06,5.351e-06,5.273e-06,5.321e-06,354587.2,2026-06-03 11:59:59.999000+00:00,1
2026-06-03 12:00:00+00:00,5.322e-06,5.344e-06,5.255e-06,5.257e-06,462659.9,2026-06-03 15:59:59.999000+00:00,1
2026-06-03 16:00:00+00:00,5.258e-06,5.271e-06,5.18e-06,5.202e-06,547230.3,2026-06-03 19:59:59.999000+00:00,1
2026-06-03 20:00:00+00:00,5.202e-06,5.285e-06,5.131e-06,5.195e-06,608946.6,2026-06-03 23:59:59.999000+00:00,1
2026-06-04 00:00:00+00:00,5.194e-06,5.226e-06,4.839e-06,5.13e-06,2053718.0,2026-06-04 03:59:59.999000+00:00,1
2026-06-04 04:00:00+00:00,5.13e-06,5.144e-06,4.988e-06,4.989e-06,648913.1,2026-06-04 07:59:59.999000+00:00,1
2026-06-04 08:00:00+00:00,4.99e-06,5.015e-06,4.865e-06,4.953e-06,987894.5,2026-06-04 11:59:59.999000+00:00,1
2026-06-04 12:00:00+00:00,4.953e-06,5.058e-06,4.93e-06,5.031e-06,850343.4,2026-06-04 15:59:59.999000+00:00,1
2026-06-04 16:00:00+00:00,5.031e-06,5.044e-06,4.961e-06,4.998e-06,635464.5,2026-06-04 19:59:59.999000+00:00,1
2026-06-04 20:00:00+00:00,4.999e-06,5e-06,4.865e-06,4.95e-06,520354.5,2026-06-04 23:59:59.999000+00:00,1
2026-06-05 00:00:00+00:00,4.949e-06,4.967e-06,4.818e-06,4.832e-06,938299.4,2026-06-05 03:59:59.999000+00:00,1
2026-06-05 04:00:00+00:00,4.833e-06,4.901e-06,4.586e-06,4.777e-06,1998484.4,2026-06-05 07:59:59.999000+00:00,1
2026-06-05 08:00:00+00:00,4.778e-06,4.808e-06,4.695e-06,4.719e-06,821893.8,2026-06-05 11:59:59.999000+00:00,1
2026-06-05 12:00:00+00:00,4.718e-06,4.755e-06,4.523e-06,4.559e-06,1639533.4,2026-06-05 15:59:59.999000+00:00,1
2026-06-05 16:00:00+00:00,4.558e-06,4.654e-06,4.405e-06,4.522e-06,1697771.2,2026-06-05 19:59:59.999000+00:00,1
2026-06-05 20:00:00+00:00,4.523e-06,4.643e-06,4.483e-06,4.554e-06,728453.7,2026-06-05 23:59:59.999000+00:00,1
2026-06-06 00:00:00+00:00,4.554e-06,4.621e-06,4.488e-06,4.501e-06,450757.3,2026-06-06 03:59:59.999000+00:00,1
2026-06-06 04:00:00+00:00,4.5e-06,4.532e-06,4.298e-06,4.472e-06,1400324.8,2026-06-06 07:59:59.999000+00:00,1
2026-06-06 08:00:00+00:00,4.473e-06,4.544e-06,4.406e-06,4.499e-06,772516.9,2026-06-06 11:59:59.999000+00:00,1
2026-06-06 12:00:00+00:00,4.499e-06,4.568e-06,4.486e-06,4.549e-06,430474.4,2026-06-06 15:59:59.999000+00:00,1
2026-06-06 16:00:00+00:00,4.548e-06,4.567e-06,4.491e-06,4.504e-06,269137.9,2026-06-06 19:59:59.999000+00:00,1
2026-06-06 20:00:00+00:00,4.503e-06,4.565e-06,4.489e-06,4.56e-06,221501.4,2026-06-06 23:59:59.999000+00:00,1
2026-06-07 00:00:00+00:00,4.561e-06,4.655e-06,4.549e-06,4.642e-06,468449.1,2026-06-07 03:59:59.999000+00:00,1
2026-06-07 04:00:00+00:00,4.643e-06,4.73e-06,4.627e-06,4.721e-06,451244.8,2026-06-07 07:59:59.999000+00:00,1
2026-06-07 08:00:00+00:00,4.72e-06,4.784e-06,4.69e-06,4.711e-06,436411.0,2026-06-07 11:59:59.999000+00:00,1
2026-06-07 12:00:00+00:00,4.711e-06,4.713e-06,4.626e-06,4.689e-06,473491.9,2026-06-07 15:59:59.999000+00:00,1
2026-06-07 16:00:00+00:00,4.689e-06,4.722e-06,4.576e-06,4.599e-06,362673.2,2026-06-07 19:59:59.999000+00:00,1
2026-06-07 20:00:00+00:00,4.599e-06,4.829e-06,4.586e-06,4.716e-06,855375.7,2026-06-07 23:59:59.999000+00:00,1
2026-06-08 00:00:00+00:00,4.716e-06,4.754e-06,4.649e-06,4.703e-06,517251.7,2026-06-08 03:59:59.999000+00:00,1
2026-06-08 04:00:00+00:00,4.704e-06,4.725e-06,4.645e-06,4.718e-06,270414.0,2026-06-08 07:59:59.999000+00:00,1
2026-06-08 08:00:00+00:00,4.717e-06,4.787e-06,4.685e-06,4.763e-06,405272.2,2026-06-08 11:59:59.999000+00:00,1
2026-06-08 12:00:00+00:00,4.764e-06,4.804e-06,4.726e-06,4.759e-06,473708.9,2026-06-08 15:59:59.999000+00:00,1
2026-06-08 16:00:00+00:00,4.759e-06,4.795e-06,4.728e-06,4.761e-06,259955.6,2026-06-08 19:59:59.999000+00:00,1
2026-06-08 20:00:00+00:00,4.762e-06,4.793e-06,4.707e-06,4.716e-06,232666.5,2026-06-08 23:59:59.999000+00:00,1
2026-06-09 00:00:00+00:00,4.715e-06,4.719e-06,4.643e-06,4.671e-06,409680.5,2026-06-09 03:59:59.999000+00:00,1
2026-06-09 04:00:00+00:00,4.671e-06,4.754e-06,4.665e-06,4.72e-06,347803.6,2026-06-09 07:59:59.999000+00:00,1
2026-06-09 08:00:00+00:00,4.721e-06,4.726e-06,4.668e-06,4.689e-06,374476.8,2026-06-09 11:59:59.999000+00:00,1
2026-06-09 12:00:00+00:00,4.689e-06,4.719e-06,4.607e-06,4.614e-06,643702.2,2026-06-09 15:59:59.999000+00:00,1
2026-06-09 16:00:00+00:00,4.613e-06,4.69e-06,4.56e-06,4.681e-06,624618.7,2026-06-09 19:59:59.999000+00:00,1
2026-06-09 20:00:00+00:00,4.681e-06,4.705e-06,4.651e-06,4.664e-06,236084.3,2026-06-09 23:59:59.999000+00:00,1
2026-06-10 00:00:00+00:00,4.665e-06,4.701e-06,4.627e-06,4.661e-06,300258.7,2026-06-10 03:59:59.999000+00:00,1
2026-06-10 04:00:00+00:00,4.661e-06,4.683e-06,4.619e-06,4.667e-06,168624.1,2026-06-10 07:59:59.999000+00:00,1
2026-06-10 08:00:00+00:00,4.668e-06,4.668e-06,4.601e-06,4.631e-06,445220.9,2026-06-10 11:59:59.999000+00:00,1
2026-06-10 12:00:00+00:00,4.631e-06,4.77e-06,4.618e-06,4.745e-06,1034424.4,2026-06-10 15:59:59.999000+00:00,1
2026-06-10 16:00:00+00:00,4.745e-06,4.755e-06,4.634e-06,4.643e-06,545478.7,2026-06-10 19:59:59.999000+00:00,1
2026-06-10 20:00:00+00:00,4.643e-06,4.648e-06,4.553e-06,4.614e-06,559953.1,2026-06-10 23:59:59.999000+00:00,1
2026-06-11 00:00:00+00:00,4.614e-06,4.726e-06,4.613e-06,4.716e-06,557164.3,2026-06-11 03:59:59.999000+00:00,1
2026-06-11 04:00:00+00:00,4.717e-06,4.737e-06,4.69e-06,4.704e-06,379246.1,2026-06-11 07:59:59.999000+00:00,1
2026-06-11 08:00:00+00:00,4.704e-06,4.76e-06,4.704e-06,4.743e-06,420431.1,2026-06-11 11:59:59.999000+00:00,1
2026-06-11 12:00:00+00:00,4.744e-06,4.783e-06,4.69e-06,4.753e-06,652931.3,2026-06-11 15:59:59.999000+00:00,1
2026-06-11 16:00:00+00:00,4.754e-06,4.884e-06,4.746e-06,4.837e-06,897669.2,2026-06-11 19:59:59.999000+00:00,1
2026-06-11 20:00:00+00:00,4.837e-06,4.844e-06,4.802e-06,4.815e-06,258326.4,2026-06-11 23:59:59.999000+00:00,1
2026-06-12 00:00:00+00:00,4.816e-06,4.855e-06,4.802e-06,4.855e-06,305692.2,2026-06-12 03:59:59.999000+00:00,1
2026-06-12 04:00:00+00:00,4.856e-06,4.868e-06,4.78e-06,4.813e-06,468531.3,2026-06-12 07:59:59.999000+00:00,1
2026-06-12 08:00:00+00:00,4.812e-06,4.896e-06,4.812e-06,4.86e-06,461996.1,2026-06-12 11:59:59.999000+00:00,1
2026-06-12 12:00:00+00:00,4.86e-06,4.937e-06,4.797e-06,4.839e-06,1057973.1,2026-06-12 15:59:59.999000+00:00,1
2026-06-12 16:00:00+00:00,4.839e-06,4.884e-06,4.832e-06,4.856e-06,528634.7,2026-06-12 19:59:59.999000+00:00,1
2026-06-12 20:00:00+00:00,4.855e-06,4.87e-06,4.817e-06,4.843e-06,216202.9,2026-06-12 23:59:59.999000+00:00,1
2026-06-13 00:00:00+00:00,4.843e-06,4.883e-06,4.834e-06,4.875e-06,299620.5,2026-06-13 03:59:59.999000+00:00,1
2026-06-13 04:00:00+00:00,4.875e-06,4.947e-06,4.859e-06,4.941e-06,355018.4,2026-06-13 07:59:59.999000+00:00,1
2026-06-13 08:00:00+00:00,4.942e-06,5.083e-06,4.93e-06,5.081e-06,675236.6,2026-06-13 11:59:59.999000+00:00,1
2026-06-13 12:00:00+00:00,5.081e-06,5.092e-06,4.945e-06,4.983e-06,744843.0,2026-06-13 15:59:59.999000+00:00,1
2026-06-13 16:00:00+00:00,4.984e-06,5.008e-06,4.964e-06,4.987e-06,617697.3,2026-06-13 19:59:59.999000+00:00,1
2026-06-13 20:00:00+00:00,4.986e-06,5.044e-06,4.977e-06,5.009e-06,279148.9,2026-06-13 23:59:59.999000+00:00,1
2026-06-14 00:00:00+00:00,5.009e-06,5.035e-06,4.999e-06,5.022e-06,278484.2,2026-06-14 03:59:59.999000+00:00,1
2026-06-14 04:00:00+00:00,5.021e-06,5.023e-06,4.982e-06,5.004e-06,480627.1,2026-06-14 07:59:59.999000+00:00,1
2026-06-14 08:00:00+00:00,5.004e-06,5.015e-06,4.955e-06,4.959e-06,466250.9,2026-06-14 11:59:59.999000+00:00,1
2026-06-14 12:00:00+00:00,4.959e-06,4.959e-06,4.872e-06,4.882e-06,505017.2,2026-06-14 15:59:59.999000+00:00,1
2026-06-14 16:00:00+00:00,4.881e-06,4.909e-06,4.874e-06,4.879e-06,216843.7,2026-06-14 19:59:59.999000+00:00,1
2026-06-14 20:00:00+00:00,4.879e-06,5.043e-06,4.876e-06,5.041e-06,685158.1,2026-06-14 23:59:59.999000+00:00,1
2026-06-15 00:00:00+00:00,5.04e-06,5.053e-06,4.989e-06,5.02e-06,818464.1,2026-06-15 03:59:59.999000+00:00,1
2026-06-15 04:00:00+00:00,5.019e-06,5.085e-06,4.991e-06,5e-06,1198474.4,2026-06-15 07:59:59.999000+00:00,1
2026-06-15 08:00:00+00:00,5.001e-06,5.074e-06,4.982e-06,5.062e-06,982952.2,2026-06-15 11:59:59.999000+00:00,1
2026-06-15 12:00:00+00:00,5.062e-06,5.18e-06,5.052e-06,5.173e-06,1187900.1,2026-06-15 15:59:59.999000+00:00,1
2026-06-15 16:00:00+00:00,5.174e-06,5.191e-06,5.043e-06,5.065e-06,878255.9,2026-06-15 19:59:59.999000+00:00,1
2026-06-15 20:00:00+00:00,5.065e-06,5.088e-06,5.013e-06,5.056e-06,425547.9,2026-06-15 23:59:59.999000+00:00,1
2026-06-16 00:00:00+00:00,5.056e-06,5.063e-06,4.965e-06,5.023e-06,355459.7,2026-06-16 03:59:59.999000+00:00,1
2026-06-16 04:00:00+00:00,5.024e-06,5.035e-06,4.981e-06,5.031e-06,305309.6,2026-06-16 07:59:59.999000+00:00,1
2026-06-16 08:00:00+00:00,5.031e-06,5.084e-06,4.99e-06,5.005e-06,442834.9,2026-06-16 11:59:59.999000+00:00,1
2026-06-16 12:00:00+00:00,5.006e-06,5.039e-06,4.911e-06,4.976e-06,526734.0,2026-06-16 15:59:59.999000+00:00,1
2026-06-16 16:00:00+00:00,4.976e-06,5.008e-06,4.95e-06,4.979e-06,263525.5,2026-06-16 19:59:59.999000+00:00,1
2026-06-16 20:00:00+00:00,4.979e-06,5.002e-06,4.971e-06,4.976e-06,283458.1,2026-06-16 23:59:59.999000+00:00,1
2026-06-17 00:00:00+00:00,4.977e-06,5.024e-06,4.956e-06,4.995e-06,338525.8,2026-06-17 03:59:59.999000+00:00,1
2026-06-17 04:00:00+00:00,4.996e-06,5.012e-06,4.957e-06,4.974e-06,296094.2,2026-06-17 07:59:59.999000+00:00,1
2026-06-17 08:00:00+00:00,4.975e-06,4.975e-06,4.912e-06,4.936e-06,299753.1,2026-06-17 11:59:59.999000+00:00,1
2026-06-17 12:00:00+00:00,4.935e-06,5.009e-06,4.922e-06,5.008e-06,450296.5,2026-06-17 15:59:59.999000+00:00,1
2026-06-17 16:00:00+00:00,5.008e-06,5.049e-06,4.879e-06,4.902e-06,1309140.2,2026-06-17 19:59:59.999000+00:00,1
2026-06-17 20:00:00+00:00,4.901e-06,4.966e-06,4.882e-06,4.951e-06,366201.7,2026-06-17 23:59:59.999000+00:00,1
2026-06-18 00:00:00+00:00,4.951e-06,4.976e-06,4.886e-06,4.898e-06,346462.6,2026-06-18 03:59:59.999000+00:00,1
2026-06-18 04:00:00+00:00,4.898e-06,4.902e-06,4.847e-06,4.881e-06,316810.1,2026-06-18 07:59:59.999000+00:00,1
2026-06-18 08:00:00+00:00,4.881e-06,4.9e-06,4.826e-06,4.836e-06,314117.6,2026-06-18 11:59:59.999000+00:00,1
2026-06-18 12:00:00+00:00,4.836e-06,4.851e-06,4.647e-06,4.648e-06,957534.0,2026-06-18 15:59:59.999000+00:00,1
2026-06-18 16:00:00+00:00,4.648e-06,4.72e-06,4.622e-06,4.708e-06,505545.3,2026-06-18 19:59:59.999000+00:00,1
2026-06-18 20:00:00+00:00,4.709e-06,4.767e-06,4.709e-06,4.764e-06,366830.4,2026-06-18 23:59:59.999000+00:00,1
2026-06-19 00:00:00+00:00,4.764e-06,4.797e-06,4.723e-06,4.745e-06,394014.1,2026-06-19 03:59:59.999000+00:00,1
2026-06-19 04:00:00+00:00,4.745e-06,4.751e-06,4.686e-06,4.703e-06,280167.5,2026-06-19 07:59:59.999000+00:00,1
2026-06-19 08:00:00+00:00,4.704e-06,4.728e-06,4.692e-06,4.717e-06,218146.6,2026-06-19 11:59:59.999000+00:00,1
2026-06-19 12:00:00+00:00,4.718e-06,4.777e-06,4.688e-06,4.77e-06,287843.7,2026-06-19 15:59:59.999000+00:00,1
2026-06-19 16:00:00+00:00,4.771e-06,4.789e-06,4.729e-06,4.741e-06,194505.5,2026-06-19 19:59:59.999000+00:00,1
2026-06-19 20:00:00+00:00,4.742e-06,4.763e-06,4.725e-06,4.751e-06,169629.1,2026-06-19 23:59:59.999000+00:00,1
2026-06-20 00:00:00+00:00,4.751e-06,4.77e-06,4.698e-06,4.703e-06,193511.7,2026-06-20 03:59:59.999000+00:00,1
2026-06-20 04:00:00+00:00,4.704e-06,4.762e-06,4.697e-06,4.716e-06,181657.9,2026-06-20 07:59:59.999000+00:00,1
2026-06-20 08:00:00+00:00,4.717e-06,4.742e-06,4.704e-06,4.71e-06,164038.4,2026-06-20 11:59:59.999000+00:00,1
2026-06-20 12:00:00+00:00,4.71e-06,4.733e-06,4.65e-06,4.716e-06,354810.0,2026-06-20 15:59:59.999000+00:00,1
2026-06-20 16:00:00+00:00,4.717e-06,4.72e-06,4.674e-06,4.706e-06,227640.5,2026-06-20 19:59:59.999000+00:00,1
2026-06-20 20:00:00+00:00,4.707e-06,4.755e-06,4.7e-06,4.741e-06,147249.3,2026-06-20 23:59:59.999000+00:00,1
2026-06-21 00:00:00+00:00,4.741e-06,4.745e-06,4.713e-06,4.722e-06,124116.7,2026-06-21 03:59:59.999000+00:00,1
2026-06-21 04:00:00+00:00,4.721e-06,4.73e-06,4.685e-06,4.699e-06,123868.8,2026-06-21 07:59:59.999000+00:00,1
2026-06-21 08:00:00+00:00,4.698e-06,4.715e-06,4.663e-06,4.679e-06,266365.5,2026-06-21 11:59:59.999000+00:00,1
2026-06-21 12:00:00+00:00,4.679e-06,4.707e-06,4.667e-06,4.701e-06,124232.4,2026-06-21 15:59:59.999000+00:00,1
2026-06-21 16:00:00+00:00,4.701e-06,4.706e-06,4.67e-06,4.688e-06,171127.7,2026-06-21 19:59:59.999000+00:00,1
2026-06-21 20:00:00+00:00,4.687e-06,4.692e-06,4.627e-06,4.638e-06,294059.8,2026-06-21 23:59:59.999000+00:00,1
2026-06-22 00:00:00+00:00,4.639e-06,4.725e-06,4.639e-06,4.653e-06,395263.3,2026-06-22 03:59:59.999000+00:00,1
2026-06-22 04:00:00+00:00,4.653e-06,4.684e-06,4.646e-06,4.676e-06,211723.0,2026-06-22 07:59:59.999000+00:00,1
2026-06-22 08:00:00+00:00,4.677e-06,4.73e-06,4.661e-06,4.722e-06,304834.2,2026-06-22 11:59:59.999000+00:00,1
2026-06-22 12:00:00+00:00,4.723e-06,4.767e-06,4.672e-06,4.687e-06,515329.5,2026-06-22 15:59:59.999000+00:00,1
2026-06-22 16:00:00+00:00,4.688e-06,4.703e-06,4.657e-06,4.669e-06,391577.4,2026-06-22 19:59:59.999000+00:00,1
2026-06-22 20:00:00+00:00,4.669e-06,4.68e-06,4.603e-06,4.638e-06,358310.6,2026-06-22 23:59:59.999000+00:00,1
2026-06-23 00:00:00+00:00,4.638e-06,4.664e-06,4.62e-06,4.652e-06,244512.2,2026-06-23 03:59:59.999000+00:00,1
2026-06-23 04:00:00+00:00,4.653e-06,4.655e-06,4.496e-06,4.542e-06,668807.6,2026-06-23 07:59:59.999000+00:00,1
2026-06-23 08:00:00+00:00,4.542e-06,4.552e-06,4.461e-06,4.521e-06,494895.0,2026-06-23 11:59:59.999000+00:00,1
2026-06-23 12:00:00+00:00,4.522e-06,4.634e-06,4.519e-06,4.541e-06,877792.3,2026-06-23 15:59:59.999000+00:00,1
2026-06-23 16:00:00+00:00,4.541e-06,4.573e-06,4.517e-06,4.537e-06,182408.8,2026-06-23 19:59:59.999000+00:00,1
2026-06-23 20:00:00+00:00,4.536e-06,4.572e-06,4.536e-06,4.56e-06,130419.3,2026-06-23 23:59:59.999000+00:00,1
2026-06-24 00:00:00+00:00,4.561e-06,4.594e-06,4.536e-06,4.548e-06,190727.1,2026-06-24 03:59:59.999000+00:00,1
2026-06-24 04:00:00+00:00,4.549e-06,4.576e-06,4.528e-06,4.552e-06,105119.7,2026-06-24 07:59:59.999000+00:00,1
2026-06-24 08:00:00+00:00,4.553e-06,4.591e-06,4.524e-06,4.565e-06,198702.9,2026-06-24 11:59:59.999000+00:00,1
2026-06-24 12:00:00+00:00,4.564e-06,4.574e-06,4.338e-06,4.366e-06,1053460.6,2026-06-24 15:59:59.999000+00:00,1
2026-06-24 16:00:00+00:00,4.365e-06,4.415e-06,4.207e-06,4.271e-06,1492652.3,2026-06-24 19:59:59.999000+00:00,1
2026-06-24 20:00:00+00:00,4.27e-06,4.389e-06,4.262e-06,4.38e-06,425743.7,2026-06-24 23:59:59.999000+00:00,1
2026-06-25 00:00:00+00:00,4.38e-06,4.451e-06,4.364e-06,4.382e-06,439030.4,2026-06-25 03:59:59.999000+00:00,1
2026-06-25 04:00:00+00:00,4.382e-06,4.439e-06,4.367e-06,4.423e-06,224043.4,2026-06-25 07:59:59.999000+00:00,1
2026-06-25 08:00:00+00:00,4.422e-06,4.435e-06,4.365e-06,4.374e-06,300326.5,2026-06-25 11:59:59.999000+00:00,1
2026-06-25 12:00:00+00:00,4.374e-06,4.393e-06,4.045e-06,4.167e-06,2136487.7,2026-06-25 15:59:59.999000+00:00,1
2026-06-25 16:00:00+00:00,4.167e-06,4.289e-06,4.148e-06,4.175e-06,1149887.6,2026-06-25 19:59:59.999000+00:00,1
2026-06-25 20:00:00+00:00,4.176e-06,4.255e-06,4.176e-06,4.237e-06,328286.2,2026-06-25 23:59:59.999000+00:00,1
2026-06-26 00:00:00+00:00,4.237e-06,4.249e-06,4.053e-06,4.201e-06,809182.8,2026-06-26 03:59:59.999000+00:00,1
2026-06-26 04:00:00+00:00,4.201e-06,4.274e-06,4.166e-06,4.269e-06,348954.6,2026-06-26 07:59:59.999000+00:00,1
2026-06-26 08:00:00+00:00,4.27e-06,4.275e-06,4.133e-06,4.143e-06,440042.4,2026-06-26 11:59:59.999000+00:00,1
2026-06-26 12:00:00+00:00,4.143e-06,4.251e-06,4.104e-06,4.234e-06,641341.0,2026-06-26 15:59:59.999000+00:00,1
2026-06-26 16:00:00+00:00,4.233e-06,4.286e-06,4.209e-06,4.217e-06,336517.9,2026-06-26 19:59:59.999000+00:00,1
2026-06-26 20:00:00+00:00,4.218e-06,4.259e-06,4.197e-06,4.241e-06,202021.7,2026-06-26 23:59:59.999000+00:00,1
2026-06-27 00:00:00+00:00,4.242e-06,4.297e-06,4.222e-06,4.28e-06,306692.4,2026-06-27 03:59:59.999000+00:00,1
2026-06-27 04:00:00+00:00,4.28e-06,4.302e-06,4.252e-06,4.272e-06,257150.3,2026-06-27 07:59:59.999000+00:00,1
2026-06-27 08:00:00+00:00,4.273e-06,4.273e-06,4.226e-06,4.252e-06,275033.9,2026-06-27 11:59:59.999000+00:00,1
2026-06-27 12:00:00+00:00,4.252e-06,4.301e-06,4.247e-06,4.29e-06,212348.2,2026-06-27 15:59:59.999000+00:00,1
2026-06-27 16:00:00+00:00,4.29e-06,4.392e-06,4.206e-06,4.229e-06,1135928.0,2026-06-27 19:59:59.999000+00:00,1
2026-06-27 20:00:00+00:00,4.229e-06,4.244e-06,4.189e-06,4.21e-06,197654.9,2026-06-27 23:59:59.999000+00:00,1
2026-06-28 00:00:00+00:00,4.21e-06,4.229e-06,4.201e-06,4.214e-06,157971.0,2026-06-28 03:59:59.999000+00:00,1
2026-06-28 04:00:00+00:00,4.214e-06,4.216e-06,4.142e-06,4.173e-06,347176.5,2026-06-28 07:59:59.999000+00:00,1
2026-06-28 08:00:00+00:00,4.173e-06,4.237e-06,4.171e-06,4.211e-06,459990.4,2026-06-28 11:59:59.999000+00:00,1
2026-06-28 12:00:00+00:00,4.211e-06,4.212e-06,4.173e-06,4.186e-06,202256.7,2026-06-28 15:59:59.999000+00:00,1
2026-06-28 16:00:00+00:00,4.186e-06,4.187e-06,4.124e-06,4.148e-06,262048.9,2026-06-28 19:59:59.999000+00:00,1
2026-06-28 20:00:00+00:00,4.148e-06,4.174e-06,4.084e-06,4.16e-06,400463.3,2026-06-28 23:59:59.999000+00:00,1
2026-06-29 00:00:00+00:00,4.161e-06,4.217e-06,4.112e-06,4.188e-06,437871.7,2026-06-29 03:59:59.999000+00:00,1
2026-06-29 04:00:00+00:00,4.189e-06,4.198e-06,4.129e-06,4.179e-06,277975.2,2026-06-29 07:59:59.999000+00:00,1
2026-06-29 08:00:00+00:00,4.179e-06,4.226e-06,4.14e-06,4.204e-06,384690.1,2026-06-29 11:59:59.999000+00:00,1
2026-06-29 12:00:00+00:00,4.204e-06,4.268e-06,4.159e-06,4.225e-06,655281.8,2026-06-29 15:59:59.999000+00:00,1
2026-06-29 16:00:00+00:00,4.226e-06,4.344e-06,4.205e-06,4.301e-06,480016.5,2026-06-29 19:59:59.999000+00:00,1
2026-06-29 20:00:00+00:00,4.302e-06,4.306e-06,4.246e-06,4.264e-06,239217.0,2026-06-29 23:59:59.999000+00:00,1
2026-06-30 00:00:00+00:00,4.263e-06,4.268e-06,4.211e-06,4.242e-06,337339.1,2026-06-30 03:59:59.999000+00:00,1
2026-06-30 04:00:00+00:00,4.242e-06,4.258e-06,4.227e-06,4.233e-06,229045.3,2026-06-30 07:59:59.999000+00:00,1
2026-06-30 08:00:00+00:00,4.233e-06,4.257e-06,4.198e-06,4.215e-06,363047.6,2026-06-30 11:59:59.999000+00:00,1
2026-06-30 12:00:00+00:00,4.214e-06,4.229e-06,4.153e-06,4.209e-06,685440.8,2026-06-30 15:59:59.999000+00:00,1
2026-06-30 16:00:00+00:00,4.209e-06,4.255e-06,4.199e-06,4.236e-06,311072.0,2026-06-30 19:59:59.999000+00:00,1
2026-06-30 20:00:00+00:00,4.235e-06,4.24e-06,4.188e-06,4.2e-06,195044.1,2026-06-30 23:59:59.999000+00:00,1
2026-07-01 00:00:00+00:00,4.2e-06,4.256e-06,4.126e-06,4.249e-06,567531.2,2026-07-01 03:59:59.999000+00:00,1
2026-07-01 04:00:00+00:00,4.25e-06,4.262e-06,4.186e-06,4.23e-06,382869.2,2026-07-01 07:59:59.999000+00:00,1
2026-07-01 08:00:00+00:00,4.23e-06,4.25e-06,4.205e-06,4.217e-06,436291.5,2026-07-01 11:59:59.999000+00:00,1
2026-07-01 12:00:00+00:00,4.218e-06,4.349e-06,4.193e-06,4.334e-06,732771.2,2026-07-01 15:59:59.999000+00:00,1
2026-07-01 16:00:00+00:00,4.335e-06,4.353e-06,4.286e-06,4.293e-06,305914.6,2026-07-01 19:59:59.999000+00:00,1
2026-07-01 20:00:00+00:00,4.293e-06,4.38e-06,4.258e-06,4.277e-06,780287.8,2026-07-01 23:59:59.999000+00:00,1
2026-07-02 00:00:00+00:00,4.278e-06,4.354e-06,4.248e-06,4.35e-06,448172.9,2026-07-02 03:59:59.999000+00:00,1
2026-07-02 04:00:00+00:00,4.351e-06,4.352e-06,4.274e-06,4.286e-06,255666.4,2026-07-02 07:59:59.999000+00:00,1
2026-07-02 08:00:00+00:00,4.286e-06,4.337e-06,4.285e-06,4.316e-06,471176.4,2026-07-02 11:59:59.999000+00:00,1
2026-07-02 12:00:00+00:00,4.315e-06,4.38e-06,4.296e-06,4.309e-06,653113.7,2026-07-02 15:59:59.999000+00:00,1
2026-07-02 16:00:00+00:00,4.31e-06,4.322e-06,4.288e-06,4.302e-06,206361.2,2026-07-02 19:59:59.999000+00:00,1
2026-07-02 20:00:00+00:00,4.303e-06,4.304e-06,4.215e-06,4.287e-06,343566.2,2026-07-02 23:59:59.999000+00:00,1
2026-07-03 00:00:00+00:00,4.287e-06,4.311e-06,4.232e-06,4.249e-06,507032.5,2026-07-03 03:59:59.999000+00:00,1
2026-07-03 04:00:00+00:00,4.249e-06,4.285e-06,4.234e-06,4.276e-06,218092.2,2026-07-03 07:59:59.999000+00:00,1
2026-07-03 08:00:00+00:00,4.276e-06,4.342e-06,4.269e-06,4.33e-06,393520.5,2026-07-03 11:59:59.999000+00:00,1
2026-07-03 12:00:00+00:00,4.33e-06,4.383e-06,4.318e-06,4.35e-06,488171.3,2026-07-03 15:59:59.999000+00:00,1
2026-07-03 16:00:00+00:00,4.351e-06,4.42e-06,4.34e-06,4.383e-06,359696.3,2026-07-03 19:59:59.999000+00:00,1
2026-07-03 20:00:00+00:00,4.383e-06,4.495e-06,4.377e-06,4.446e-06,610994.8,2026-07-03 23:59:59.999000+00:00,1
2026-07-04 00:00:00+00:00,4.446e-06,4.447e-06,4.371e-06,4.422e-06,494072.1,2026-07-04 03:59:59.999000+00:00,1
2026-07-04 04:00:00+00:00,4.422e-06,4.451e-06,4.374e-06,4.387e-06,332381.1,2026-07-04 07:59:59.999000+00:00,1
2026-07-04 08:00:00+00:00,4.387e-06,4.403e-06,4.351e-06,4.392e-06,407411.9,2026-07-04 11:59:59.999000+00:00,1
2026-07-04 12:00:00+00:00,4.391e-06,4.48e-06,4.387e-06,4.471e-06,369310.7,2026-07-04 15:59:59.999000+00:00,1
2026-07-04 16:00:00+00:00,4.472e-06,4.582e-06,4.436e-06,4.482e-06,788265.0,2026-07-04 19:59:59.999000+00:00,1
2026-07-04 20:00:00+00:00,4.482e-06,4.509e-06,4.432e-06,4.452e-06,301033.4,2026-07-04 23:59:59.999000+00:00,1
2026-07-05 00:00:00+00:00,4.452e-06,4.452e-06,4.34e-06,4.341e-06,570690.7,2026-07-05 03:59:59.999000+00:00,1
2026-07-05 04:00:00+00:00,4.341e-06,4.348e-06,4.294e-06,4.341e-06,453836.8,2026-07-05 07:59:59.999000+00:00,1
2026-07-05 08:00:00+00:00,4.34e-06,4.348e-06,4.275e-06,4.312e-06,309051.8,2026-07-05 11:59:59.999000+00:00,1
2026-07-05 12:00:00+00:00,4.312e-06,4.37e-06,4.3e-06,4.342e-06,261028.0,2026-07-05 15:59:59.999000+00:00,1
2026-07-05 16:00:00+00:00,4.343e-06,4.372e-06,4.321e-06,4.362e-06,242041.3,2026-07-05 19:59:59.999000+00:00,1
2026-07-05 20:00:00+00:00,4.361e-06,4.448e-06,4.353e-06,4.417e-06,416068.6,2026-07-05 23:59:59.999000+00:00,1
2026-07-06 00:00:00+00:00,4.418e-06,4.427e-06,4.363e-06,4.382e-06,391170.3,2026-07-06 03:59:59.999000+00:00,1
2026-07-06 04:00:00+00:00,4.382e-06,4.388e-06,4.326e-06,4.357e-06,376124.5,2026-07-06 07:59:59.999000+00:00,1
2026-07-06 08:00:00+00:00,4.356e-06,4.382e-06,4.339e-06,4.341e-06,196270.1,2026-07-06 11:59:59.999000+00:00,1
2026-07-06 12:00:00+00:00,4.34e-06,4.389e-06,4.255e-06,4.387e-06,979115.3,2026-07-06 15:59:59.999000+00:00,1
2026-07-06 16:00:00+00:00,4.386e-06,4.416e-06,4.365e-06,4.399e-06,636194.7,2026-07-06 19:59:59.999000+00:00,1
2026-07-06 20:00:00+00:00,4.4e-06,4.474e-06,4.386e-06,4.391e-06,357575.6,2026-07-06 23:59:59.999000+00:00,1
2026-07-07 00:00:00+00:00,4.391e-06,4.413e-06,4.324e-06,4.332e-06,353312.8,2026-07-07 03:59:59.999000+00:00,1
2026-07-07 04:00:00+00:00,4.331e-06,4.373e-06,4.311e-06,4.353e-06,278831.6,2026-07-07 07:59:59.999000+00:00,1
2026-07-07 08:00:00+00:00,4.353e-06,4.378e-06,4.334e-06,4.378e-06,230581.2,2026-07-07 11:59:59.999000+00:00,1
2026-07-07 12:00:00+00:00,4.379e-06,4.46e-06,4.339e-06,4.444e-06,498478.9,2026-07-07 15:59:59.999000+00:00,1
2026-07-07 16:00:00+00:00,4.445e-06,4.529e-06,4.404e-06,4.443e-06,650699.4,2026-07-07 19:59:59.999000+00:00,1
2026-07-07 20:00:00+00:00,4.444e-06,4.455e-06,4.345e-06,4.377e-06,419044.4,2026-07-07 23:59:59.999000+00:00,1
2026-07-08 00:00:00+00:00,4.378e-06,4.403e-06,4.283e-06,4.299e-06,638543.2,2026-07-08 03:59:59.999000+00:00,1
2026-07-08 04:00:00+00:00,4.299e-06,4.309e-06,4.259e-06,4.28e-06,393292.6,2026-07-08 07:59:59.999000+00:00,1
2026-07-08 08:00:00+00:00,4.28e-06,4.298e-06,4.135e-06,4.232e-06,967967.8,2026-07-08 11:59:59.999000+00:00,1
2026-07-08 12:00:00+00:00,4.233e-06,4.24e-06,4.172e-06,4.203e-06,507099.1,2026-07-08 15:59:59.999000+00:00,1
2026-07-08 16:00:00+00:00,4.203e-06,4.281e-06,4.202e-06,4.259e-06,310357.7,2026-07-08 19:59:59.999000+00:00,1
2026-07-08 20:00:00+00:00,4.26e-06,4.29e-06,4.239e-06,4.289e-06,174228.7,2026-07-08 23:59:59.999000+00:00,1
2026-07-09 00:00:00+00:00,4.289e-06,4.322e-06,4.218e-06,4.239e-06,558490.2,2026-07-09 03:59:59.999000+00:00,1
2026-07-09 04:00:00+00:00,4.239e-06,4.317e-06,4.234e-06,4.297e-06,235667.0,2026-07-09 07:59:59.999000+00:00,1
2026-07-09 08:00:00+00:00,4.296e-06,4.308e-06,4.26e-06,4.294e-06,210911.6,2026-07-09 11:59:59.999000+00:00,1
2026-07-09 12:00:00+00:00,4.293e-06,4.305e-06,4.255e-06,4.263e-06,254000.1,2026-07-09 15:59:59.999000+00:00,1
2026-07-09 16:00:00+00:00,4.263e-06,4.306e-06,4.247e-06,4.281e-06,153433.9,2026-07-09 19:59:59.999000+00:00,1
2026-07-09 20:00:00+00:00,4.282e-06,4.296e-06,4.267e-06,4.283e-06,95874.6,2026-07-09 23:59:59.999000+00:00,1
2026-07-10 00:00:00+00:00,4.282e-06,4.352e-06,4.251e-06,4.344e-06,415050.2,2026-07-10 03:59:59.999000+00:00,1
2026-07-10 04:00:00+00:00,4.345e-06,4.359e-06,4.333e-06,4.342e-06,169719.3,2026-07-10 07:59:59.999000+00:00,1
2026-07-10 08:00:00+00:00,4.343e-06,4.392e-06,4.341e-06,4.376e-06,217694.1,2026-07-10 11:59:59.999000+00:00,1
2026-07-10 12:00:00+00:00,4.376e-06,4.404e-06,4.32e-06,4.356e-06,319122.6,2026-07-10 15:59:59.999000+00:00,1
2026-07-10 16:00:00+00:00,4.356e-06,4.385e-06,4.338e-06,4.365e-06,232515.6,2026-07-10 19:59:59.999000+00:00,1
2026-07-10 20:00:00+00:00,4.365e-06,4.409e-06,4.356e-06,4.393e-06,128229.1,2026-07-10 23:59:59.999000+00:00,1
2026-07-11 00:00:00+00:00,4.394e-06,4.431e-06,4.375e-06,4.397e-06,282835.2,2026-07-11 03:59:59.999000+00:00,1
2026-07-11 04:00:00+00:00,4.398e-06,4.405e-06,4.378e-06,4.382e-06,146745.4,2026-07-11 07:59:59.999000+00:00,1
2026-07-11 08:00:00+00:00,4.383e-06,4.404e-06,4.373e-06,4.395e-06,118938.0,2026-07-11 11:59:59.999000+00:00,1
2026-07-11 12:00:00+00:00,4.395e-06,4.434e-06,4.384e-06,4.409e-06,225876.3,2026-07-11 15:59:59.999000+00:00,1
2026-07-11 16:00:00+00:00,4.409e-06,4.425e-06,4.398e-06,4.402e-06,141933.9,2026-07-11 19:59:59.999000+00:00,1
2026-07-11 20:00:00+00:00,4.402e-06,4.404e-06,4.295e-06,4.306e-06,316363.8,2026-07-11 23:59:59.999000+00:00,1
2026-07-12 00:00:00+00:00,4.305e-06,4.321e-06,4.265e-06,4.313e-06,395301.9,2026-07-12 03:59:59.999000+00:00,1
2026-07-12 04:00:00+00:00,4.313e-06,4.317e-06,4.274e-06,4.291e-06,146113.2,2026-07-12 07:59:59.999000+00:00,1
2026-07-12 08:00:00+00:00,4.291e-06,4.312e-06,4.285e-06,4.299e-06,105396.7,2026-07-12 11:59:59.999000+00:00,1
2026-07-12 12:00:00+00:00,4.299e-06,4.315e-06,4.281e-06,4.302e-06,139320.1,2026-07-12 15:59:59.999000+00:00,1
2026-07-12 16:00:00+00:00,4.302e-06,4.306e-06,4.257e-06,4.288e-06,166644.8,2026-07-12 19:59:59.999000+00:00,1
2026-07-12 20:00:00+00:00,4.289e-06,4.289e-06,4.201e-06,4.228e-06,285274.3,2026-07-12 23:59:59.999000+00:00,1
2026-07-13 00:00:00+00:00,4.229e-06,4.296e-06,4.161e-06,4.187e-06,480707.1,2026-07-13 03:59:59.999000+00:00,1
2026-07-13 04:00:00+00:00,4.187e-06,4.224e-06,4.175e-06,4.208e-06,187191.6,2026-07-13 07:59:59.999000+00:00,1
2026-07-13 08:00:00+00:00,4.209e-06,4.23e-06,4.196e-06,4.208e-06,128144.7,2026-07-13 11:59:59.999000+00:00,1
2026-07-13 12:00:00+00:00,4.208e-06,4.214e-06,4.16e-06,4.174e-06,312837.8,2026-07-13 15:59:59.999000+00:00,1
2026-07-13 16:00:00+00:00,4.173e-06,4.18e-06,4.108e-06,4.137e-06,356031.7,2026-07-13 19:59:59.999000+00:00,1
2026-07-13 20:00:00+00:00,4.137e-06,4.152e-06,4.078e-06,4.152e-06,260841.5,2026-07-13 23:59:59.999000+00:00,1
2026-07-14 00:00:00+00:00,4.152e-06,4.159e-06,4.117e-06,4.153e-06,250330.5,2026-07-14 03:59:59.999000+00:00,1
2026-07-14 04:00:00+00:00,4.152e-06,4.174e-06,4.144e-06,4.145e-06,142019.8,2026-07-14 07:59:59.999000+00:00,1
2026-07-14 08:00:00+00:00,4.145e-06,4.145e-06,4.114e-06,4.128e-06,139552.3,2026-07-14 11:59:59.999000+00:00,1
2026-07-14 12:00:00+00:00,4.129e-06,4.272e-06,4.121e-06,4.237e-06,1005292.9,2026-07-14 15:59:59.999000+00:00,1
2026-07-14 16:00:00+00:00,4.237e-06,4.254e-06,4.197e-06,4.206e-06,278704.3,2026-07-14 19:59:59.999000+00:00,1
2026-07-14 20:00:00+00:00,4.206e-06,4.225e-06,4.181e-06,4.218e-06,216924.1,2026-07-14 23:59:59.999000+00:00,1
2026-07-15 00:00:00+00:00,4.219e-06,4.248e-06,4.196e-06,4.212e-06,203042.7,2026-07-15 03:59:59.999000+00:00,1
2026-07-15 04:00:00+00:00,4.212e-06,4.277e-06,4.202e-06,4.256e-06,240006.2,2026-07-15 07:59:59.999000+00:00,1
2026-07-15 08:00:00+00:00,4.256e-06,4.261e-06,4.23e-06,4.253e-06,184084.9,2026-07-15 11:59:59.999000+00:00,1
2026-07-15 12:00:00+00:00,4.253e-06,4.347e-06,4.24e-06,4.272e-06,867137.7,2026-07-15 15:59:59.999000+00:00,1
2026-07-15 16:00:00+00:00,4.273e-06,4.276e-06,4.196e-06,4.214e-06,568000.0,2026-07-15 19:59:59.999000+00:00,1
2026-07-15 20:00:00+00:00,4.213e-06,4.255e-06,4.209e-06,4.232e-06,229561.2,2026-07-15 23:59:59.999000+00:00,1
2026-07-16 00:00:00+00:00,4.232e-06,4.237e-06,4.198e-06,4.22e-06,200646.8,2026-07-16 03:59:59.999000+00:00,1
2026-07-16 04:00:00+00:00,4.221e-06,4.24e-06,4.167e-06,4.183e-06,271482.3,2026-07-16 07:59:59.999000+00:00,1
2026-07-16 08:00:00+00:00,4.182e-06,4.183e-06,4.139e-06,4.161e-06,500011.3,2026-07-16 11:59:59.999000+00:00,1
2026-07-16 12:00:00+00:00,4.161e-06,4.181e-06,4.134e-06,4.165e-06,498180.6,2026-07-16 15:59:59.999000+00:00,1
2026-07-16 16:00:00+00:00,4.165e-06,4.165e-06,4.126e-06,4.155e-06,270418.6,2026-07-16 19:59:59.999000+00:00,1
2026-07-16 20:00:00+00:00,4.155e-06,4.172e-06,4.102e-06,4.112e-06,275791.3,2026-07-16 23:59:59.999000+00:00,1
2026-07-17 00:00:00+00:00,4.113e-06,4.176e-06,4.106e-06,4.143e-06,402147.2,2026-07-17 03:59:59.999000+00:00,1
2026-07-17 04:00:00+00:00,4.143e-06,4.148e-06,4.092e-06,4.112e-06,259946.8,2026-07-17 07:59:59.999000+00:00,1
2026-07-17 08:00:00+00:00,4.111e-06,4.137e-06,4.079e-06,4.131e-06,295973.9,2026-07-17 11:59:59.999000+00:00,1
2026-07-17 12:00:00+00:00,4.131e-06,4.135e-06,4.054e-06,4.118e-06,690997.0,2026-07-17 15:59:59.999000+00:00,1
2026-07-17 16:00:00+00:00,4.118e-06,4.177e-06,4.11e-06,4.138e-06,373077.7,2026-07-17 19:59:59.999000+00:00,1
2026-07-17 20:00:00+00:00,4.137e-06,4.154e-06,4.126e-06,4.139e-06,99189.5,2026-07-17 23:59:59.999000+00:00,1
2026-07-18 00:00:00+00:00,4.14e-06,4.204e-06,4.139e-06,4.184e-06,354704.4,2026-07-18 03:59:59.999000+00:00,1
2026-07-18 04:00:00+00:00,4.184e-06,4.196e-06,4.147e-06,4.163e-06,342701.7,2026-07-18 07:59:59.999000+00:00,1
2026-07-18 08:00:00+00:00,4.164e-06,4.176e-06,4.142e-06,4.155e-06,122871.9,2026-07-18 11:59:59.999000+00:00,1
2026-07-18 12:00:00+00:00,4.156e-06,4.171e-06,4.142e-06,4.146e-06,126739.6,2026-07-18 15:59:59.999000+00:00,1
2026-07-18 16:00:00+00:00,4.147e-06,4.162e-06,4.134e-06,4.139e-06,191228.5,2026-07-18 19:59:59.999000+00:00,1
2026-07-18 20:00:00+00:00,4.139e-06,4.146e-06,4.127e-06,4.142e-06,95580.1,2026-07-18 23:59:59.999000+00:00,1
2026-07-19 00:00:00+00:00,4.142e-06,4.158e-06,4.131e-06,4.136e-06,95206.6,2026-07-19 03:59:59.999000+00:00,1
2026-07-19 04:00:00+00:00,4.137e-06,4.179e-06,4.134e-06,4.164e-06,110652.8,2026-07-19 07:59:59.999000+00:00,1
2026-07-19 08:00:00+00:00,4.164e-06,4.175e-06,4.142e-06,4.145e-06,147100.0,2026-07-19 11:59:59.999000+00:00,1
2026-07-19 12:00:00+00:00,4.144e-06,4.184e-06,4.13e-06,4.155e-06,241961.2,2026-07-19 15:59:59.999000+00:00,1
2026-07-19 16:00:00+00:00,4.156e-06,4.157e-06,4.104e-06,4.136e-06,231048.8,2026-07-19 19:59:59.999000+00:00,1
2026-07-19 20:00:00+00:00,4.137e-06,4.159e-06,4.122e-06,4.142e-06,210665.6,2026-07-19 23:59:59.999000+00:00,1
2026-07-20 00:00:00+00:00,4.143e-06,4.197e-06,4.134e-06,4.184e-06,346618.3,2026-07-20 03:59:59.999000+00:00,1
2026-07-20 04:00:00+00:00,4.184e-06,4.186e-06,4.109e-06,4.175e-06,435442.7,2026-07-20 07:59:59.999000+00:00,1
2026-07-20 08:00:00+00:00,4.174e-06,4.231e-06,4.154e-06,4.225e-06,514342.3,2026-07-20 11:59:59.999000+00:00,1
2026-07-20 12:00:00+00:00,4.226e-06,4.254e-06,4.159e-06,4.245e-06,455959.7,2026-07-20 15:59:59.999000+00:00,1
2026-07-20 16:00:00+00:00,4.246e-06,4.263e-06,4.214e-06,4.229e-06,500251.5,2026-07-20 19:59:59.999000+00:00,1
2026-07-20 20:00:00+00:00,4.23e-06,4.256e-06,4.216e-06,4.247e-06,132666.2,2026-07-20 23:59:59.999000+00:00,1
2026-07-21 00:00:00+00:00,4.247e-06,4.284e-06,4.232e-06,4.275e-06,258319.4,2026-07-21 03:59:59.999000+00:00,1
2026-07-21 04:00:00+00:00,4.276e-06,4.306e-06,4.265e-06,4.287e-06,272597.3,2026-07-21 07:59:59.999000+00:00,1
2026-07-21 08:00:00+00:00,4.287e-06,4.299e-06,4.26e-06,4.27e-06,369324.7,2026-07-21 11:59:59.999000+00:00,1
2026-07-21 12:00:00+00:00,4.271e-06,4.295e-06,4.262e-06,4.282e-06,492979.8,2026-07-21 15:59:59.999000+00:00,1
2026-07-21 16:00:00+00:00,4.283e-06,4.289e-06,4.245e-06,4.275e-06,211687.7,2026-07-21 19:59:59.999000+00:00,1
2026-07-21 20:00:00+00:00,4.276e-06,4.285e-06,4.251e-06,4.262e-06,151757.1,2026-07-21 23:59:59.999000+00:00,1
2026-07-22 00:00:00+00:00,4.263e-06,4.286e-06,4.235e-06,4.239e-06,225981.4,2026-07-22 03:59:59.999000+00:00,1
2026-07-22 04:00:00+00:00,4.239e-06,4.256e-06,4.218e-06,4.23e-06,260833.7,2026-07-22 07:59:59.999000+00:00,1
2026-07-22 08:00:00+00:00,4.23e-06,4.257e-06,4.224e-06,4.245e-06,244255.4,2026-07-22 11:59:59.999000+00:00,1
2026-07-22 12:00:00+00:00,4.245e-06,4.279e-06,4.22e-06,4.247e-06,359192.1,2026-07-22 15:59:59.999000+00:00,1
2026-07-22 16:00:00+00:00,4.248e-06,4.276e-06,4.232e-06,4.245e-06,298201.2,2026-07-22 19:59:59.999000+00:00,1
2026-07-22 20:00:00+00:00,4.244e-06,4.264e-06,4.227e-06,4.251e-06,144365.2,2026-07-22 23:59:59.999000+00:00,1
2026-07-23 00:00:00+00:00,4.252e-06,4.267e-06,4.231e-06,4.238e-06,334483.3,2026-07-23 03:59:59.999000+00:00,1
2026-07-23 04:00:00+00:00,4.238e-06,4.248e-06,4.218e-06,4.224e-06,251288.4,2026-07-23 07:59:59.999000+00:00,1
2026-07-23 08:00:00+00:00,4.224e-06,4.246e-06,4.221e-06,4.226e-06,209406.3,2026-07-23 11:59:59.999000+00:00,1
2026-07-23 12:00:00+00:00,4.226e-06,4.236e-06,4.109e-06,4.143e-06,995626.4,2026-07-23 15:59:59.999000+00:00,1
2026-07-23 16:00:00+00:00,4.142e-06,4.148e-06,4.093e-06,4.111e-06,375031.9,2026-07-23 19:59:59.999000+00:00,1
2026-07-23 20:00:00+00:00,4.11e-06,4.153e-06,4.109e-06,4.135e-06,267616.6,2026-07-23 23:59:59.999000+00:00,1
2026-07-24 00:00:00+00:00,4.135e-06,4.152e-06,4.098e-06,4.148e-06,335518.5,2026-07-24 03:59:59.999000+00:00,1
2026-07-24 04:00:00+00:00,4.149e-06,4.193e-06,4.146e-06,4.189e-06,289688.3,2026-07-24 07:59:59.999000+00:00,1
2026-07-24 08:00:00+00:00,4.189e-06,4.195e-06,4.147e-06,4.16e-06,265848.9,2026-07-24 11:59:59.999000+00:00,1
2026-07-24 12:00:00+00:00,4.16e-06,4.162e-06,4.098e-06,4.151e-06,562287.3,2026-07-24 15:59:59.999000+00:00,1
2026-07-24 16:00:00+00:00,4.152e-06,4.203e-06,4.147e-06,4.164e-06,360087.0,2026-07-24 19:59:59.999000+00:00,1
2026-07-24 20:00:00+00:00,4.165e-06,4.184e-06,4.143e-06,4.181e-06,139339.7,2026-07-24 23:59:59.999000+00:00,1
2026-07-25 00:00:00+00:00,4.181e-06,4.236e-06,4.169e-06,4.213e-06,377841.0,2026-07-25 03:59:59.999000+00:00,1
2026-07-25 04:00:00+00:00,4.214e-06,4.217e-06,4.169e-06,4.19e-06,254584.9,2026-07-25 07:59:59.999000+00:00,1
2026-07-25 08:00:00+00:00,4.189e-06,4.256e-06,4.183e-06,4.247e-06,484574.8,2026-07-25 11:59:59.999000+00:00,1
2026-07-25 12:00:00+00:00,4.248e-06,4.816e-06,4.236e-06,4.748e-06,6564868.4,2026-07-25 15:59:59.999000+00:00,1
2026-07-25 16:00:00+00:00,4.748e-06,5.13e-06,4.662e-06,5.088e-06,23472596.5,2026-07-25 19:59:59.999000+00:00,1
2026-07-25 20:00:00+00:00,5.087e-06,5.177e-06,4.812e-06,4.893e-06,7209455.1,2026-07-25 23:59:59.999000+00:00,1
2026-07-26 00:00:00+00:00,4.893e-06,5.439e-06,4.853e-06,5.408e-06,15543091.5,2026-07-26 03:59:59.999000+00:00,1
2026-07-26 04:00:00+00:00,5.41e-06,5.822e-06,5.302e-06,5.58e-06,24177360.8,2026-07-26 07:59:59.999000+00:00,1
2026-07-26 08:00:00+00:00,5.581e-06,5.674e-06,5.305e-06,5.412e-06,14669590.8,2026-07-26 11:59:59.999000+00:00,1
2026-07-26 12:00:00+00:00,5.411e-06,5.532e-06,5.04e-06,5.164e-06,16390349.0,2026-07-26 15:59:59.999000+00:00,1
2026-07-26 16:00:00+00:00,5.165e-06,5.364e-06,5.124e-06,5.301e-06,6355920.5,2026-07-26 19:59:59.999000+00:00,1
2026-07-26 20:00:00+00:00,5.302e-06,5.397e-06,5.151e-06,5.312e-06,4983141.8,2026-07-26 23:59:59.999000+00:00,1
2026-07-27 00:00:00+00:00,5.312e-06,5.38e-06,5.061e-06,5.113e-06,6367840.0,2026-07-27 03:59:59.999000+00:00,1
2026-07-27 04:00:00+00:00,5.113e-06,5.219e-06,5.057e-06,5.197e-06,4777589.8,2026-07-27 07:59:59.999000+00:00,1
2026-07-27 08:00:00+00:00,5.198e-06,5.198e-06,4.904e-06,4.977e-06,7741718.1,2026-07-27 11:59:59.999000+00:00,1
2026-07-27 12:00:00+00:00,4.977e-06,5.047e-06,4.879e-06,4.959e-06,4948197.4,2026-07-27 15:59:59.999000+00:00,1
2026-07-27 16:00:00+00:00,4.959e-06,5.074e-06,4.952e-06,5.035e-06,2901272.1,2026-07-27 19:59:59.999000+00:00,1
2026-07-27 20:00:00+00:00,5.034e-06,5.077e-06,4.818e-06,4.831e-06,2712096.2,2026-07-27 23:59:59.999000+00:00,1
2026-07-28 00:00:00+00:00,4.831e-06,4.847e-06,4.62e-06,4.666e-06,4047337.2,2026-07-28 03:59:59.999000+00:00,1
2026-07-28 04:00:00+00:00,4.666e-06,4.698e-06,4.624e-06,4.649e-06,1500416.4,2026-07-28 07:59:59.999000+00:00,1
2026-07-28 08:00:00+00:00,4.649e-06,4.674e-06,4.591e-06,4.636e-06,1930298.5,2026-07-28 11:59:59.999000+00:00,1
2026-07-28 12:00:00+00:00,4.635e-06,4.704e-06,4.556e-06,4.653e-06,3040879.0,2026-07-28 15:59:59.999000+00:00,1
2026-07-28 16:00:00+00:00,4.652e-06,4.675e-06,4.593e-06,4.609e-06,1111104.0,2026-07-28 19:59:59.999000+00:00,1
2026-07-28 20:00:00+00:00,4.61e-06,4.67e-06,4.6e-06,4.633e-06,917139.5,2026-07-28 23:59:59.999000+00:00,1
2026-07-29 00:00:00+00:00,4.633e-06,4.715e-06,4.566e-06,4.579e-06,2015004.3,2026-07-29 03:59:59.999000+00:00,1
2026-07-29 04:00:00+00:00,4.58e-06,4.638e-06,4.536e-06,4.624e-06,1333429.2,2026-07-29 07:59:59.999000+00:00,1
2026-07-29 08:00:00+00:00,4.624e-06,4.783e-06,4.581e-06,4.782e-06,1754667.4,2026-07-29 11:59:59.999000+00:00,1
2026-07-29 12:00:00+00:00,4.783e-06,4.865e-06,4.667e-06,4.671e-06,5180561.5,2026-07-29 15:59:59.999000+00:00,1
2026-07-29 16:00:00+00:00,4.672e-06,4.776e-06,4.629e-06,4.639e-06,1831248.8,2026-07-29 19:59:59.999000+00:00,1
2026-07-29 20:00:00+00:00,4.64e-06,4.665e-06,4.552e-06,4.642e-06,1125432.7,2026-07-29 23:59:59.999000+00:00,1
2026-07-30 00:00:00+00:00,4.643e-06,4.725e-06,4.619e-06,4.669e-06,1119975.0,2026-07-30 03:59:59.999000+00:00,1
2026-07-30 04:00:00+00:00,4.67e-06,4.674e-06,4.59e-06,4.601e-06,857654.2,2026-07-30 07:59:59.999000+00:00,1
2026-07-30 08:00:00+00:00,4.601e-06,4.653e-06,4.579e-06,4.636e-06,777635.2,2026-07-30 11:59:59.999000+00:00,1
2026-07-30 12:00:00+00:00,4.637e-06,4.662e-06,4.585e-06,4.604e-06,1078533.6,2026-07-30 15:59:59.999000+00:00,1
2026-07-30 16:00:00+00:00,4.604e-06,4.635e-06,4.591e-06,4.614e-06,687702.5,2026-07-30 19:59:59.999000+00:00,1
2026-07-30 20:00:00+00:00,4.615e-06,4.744e-06,4.609e-06,4.719e-06,1062603.0,2026-07-30 23:59:59.999000+00:00,1
2026-07-31 00:00:00+00:00,4.719e-06,4.848e-06,4.68e-06,4.733e-06,1994458.3,2026-07-31 03:59:59.999000+00:00,1
2026-07-31 04:00:00+00:00,4.733e-06,4.745e-06,4.656e-06,4.718e-06,900178.3,2026-07-31 07:59:59.999000+00:00,1
2026-07-31 08:00:00+00:00,4.718e-06,4.735e-06,4.607e-06,4.653e-06,866818.4,2026-07-31 11:59:59.999000+00:00,1
2026-07-31 12:00:00+00:00,4.653e-06,4.712e-06,4.579e-06,4.656e-06,2254775.2,2026-07-31 15:59:59.999000+00:00,1
2026-07-31 16:00:00+00:00,4.656e-06,4.817e-06,4.648e-06,4.743e-06,2019438.0,2026-07-31 19:59:59.999000+00:00,1
2026-07-31 20:00:00+00:00,4.744e-06,4.763e-06,4.685e-06,4.71e-06,592743.5,2026-07-31 23:59:59.999000+00:00,1
2026-08-01 00:00:00+00:00,4.709e-06,5.009e-06,4.7e-06,4.948e-06,3992965.4,2026-08-01 03:59:59.999000+00:00,1
2026-08-01 04:00:00+00:00,4.949e-06,5.044e-06,4.801e-06,4.865e-06,2603830.5,2026-08-01 07:59:59.999000+00:00,1
2026-08-01 08:00:00+00:00,4.864e-06,4.989e-06,4.835e-06,4.955e-06,1728593.8,2026-08-01 11:59:59.999000+00:00,1
2026-08-01 12:00:00+00:00,4.955e-06,5.158e-06,4.923e-06,5.093e-06,3094434.3,2026-08-01 15:59:59.999000+00:00,1
2026-08-01 16:00:00+00:00,5.094e-06,5.145e-06,4.802e-06,4.828e-06,3704946.9,2026-08-01 19:59:59.999000+00:00,1
2026-08-01 20:00:00+00:00,4.828e-06,4.855e-06,4.789e-06,4.817e-06,639115.9,2026-08-01 23:59:59.999000+00:00,1
2026-08-02 00:00:00+00:00,4.818e-06,4.964e-06,4.802e-06,4.871e-06,1498223.7,2026-08-02 03:59:59.999000+00:00,1
2026-08-02 04:00:00+00:00,4.872e-06,5.027e-06,4.872e-06,5.004e-06,1379843.7,2026-08-02 07:59:59.999000+00:00,1
2026-08-02 08:00:00+00:00,5.004e-06,5.009e-06,4.949e-06,4.97e-06,857129.6,2026-08-02 11:59:59.999000+00:00,1
2026-08-02 12:00:00+00:00,4.971e-06,5.067e-06,4.919e-06,4.931e-06,1222781.1,2026-08-02 15:59:59.999000+00:00,1
2026-08-02 16:00:00+00:00,4.93e-06,5.007e-06,4.891e-06,4.935e-06,791152.9,2026-08-02 19:59:59.999000+00:00,1
2026-08-02 20:00:00+00:00,4.934e-06,4.959e-06,4.875e-06,4.905e-06,538165.1,2026-08-02 23:59:59.999000+00:00,1
2026-08-03 00:00:00+00:00,4.905e-06,4.907e-06,4.834e-06,4.848e-06,730950.3,2026-08-03 03:59:59.999000+00:00,1
2026-08-03 04:00:00+00:00,4.848e-06,4.893e-06,4.813e-06,4.839e-06,550820.4,2026-08-03 07:59:59.999000+00:00,1
2026-08-03 08:00:00+00:00,4.838e-06,4.871e-06,4.816e-06,4.844e-06,428100.9,2026-08-03 11:59:59.999000+00:00,1
2026-08-03 12:00:00+00:00,4.843e-06,4.934e-06,4.827e-06,4.926e-06,941225.1,2026-08-03 15:59:59.999000+00:00,1
2026-08-03 16:00:00+00:00,4.926e-06,5.055e-06,4.895e-06,5.019e-06,1045770.5,2026-08-03 19:59:59.999000+00:00,1
2026-08-03 20:00:00+00:00,5.02e-06,5.065e-06,4.976e-06,4.981e-06,873533.0,2026-08-03 23:59:59.999000+00:00,1
2026-08-04 00:00:00+00:00,4.982e-06,5.044e-06,4.969e-06,4.984e-06,806667.6,2026-08-04 03:59:59.999000+00:00,1
2026-08-04 04:00:00+00:00,4.983e-06,5.024e-06,4.907e-06,4.953e-06,932451.4,2026-08-04 07:59:59.999000+00:00,1
2026-08-04 08:00:00+00:00,4.951e-06,5.035e-06,4.934e-06,5.03e-06,653497.1,2026-08-04 11:59:59.999000+00:00,1
2026-08-04 12:00:00+00:00,5.03e-06,5.055e-06,4.963e-06,5.039e-06,1021571.3,2026-08-04 15:59:59.999000+00:00,1
2026-08-04 16:00:00+00:00,5.039e-06,5.039e-06,4.982e-06,5.003e-06,570730.9,2026-08-04 19:59:59.999000+00:00,1
2026-08-04 20:00:00+00:00,5.003e-06,5.007e-06,4.941e-06,4.978e-06,454286.4,2026-08-04 23:59:59.999000+00:00,1
2026-08-05 00:00:00+00:00,4.977e-06,5e-06,4.89e-06,4.912e-06,1019627.2,2026-08-05 03:59:59.999000+00:00,1
2026-08-05 04:00:00+00:00,4.912e-06,4.935e-06,4.862e-06,4.873e-06,542055.5,2026-08-05 07:59:59.999000+00:00,1
2026-08-05 08:00:00+00:00,4.873e-06,4.917e-06,4.857e-06,4.88e-06,323750.1,2026-08-05 11:59:59.999000+00:00,1
2026-08-05 12:00:00+00:00,4.88e-06,4.92e-06,4.835e-06,4.897e-06,630500.5,2026-08-05 15:59:59.999000+00:00,1
2026-08-05 16:00:00+00:00,4.896e-06,4.928e-06,4.887e-06,4.907e-06,279934.7,2026-08-05 19:59:59.999000+00:00,1
2026-08-05 20:00:00+00:00,4.906e-06,4.928e-06,4.881e-06,4.915e-06,222787.9,2026-08-05 23:59:59.999000+00:00,1
2026-08-06 00:00:00+00:00,4.916e-06,4.941e-06,4.794e-06,4.801e-06,800739.1,2026-08-06 03:59:59.999000+00:00,1
2026-08-06 04:00:00+00:00,4.802e-06,4.854e-06,4.779e-06,4.817e-06,519302.7,2026-08-06 07:59:59.999000+00:00,1
2026-08-06 08:00:00+00:00,4.818e-06,4.823e-06,4.701e-06,4.725e-06,927960.2,2026-08-06 11:59:59.999000+00:00,1
2026-08-06 12:00:00+00:00,4.724e-06,4.736e-06,4.664e-06,4.67e-06,1076701.2,2026-08-06 15:59:59.999000+00:00,1
2026-08-06 16:00:00+00:00,4.67e-06,4.7e-06,4.643e-06,4.677e-06,637722.4,2026-08-06 19:59:59.999000+00:00,1
2026-08-06 20:00:00+00:00,4.677e-06,4.71e-06,4.67e-06,4.683e-06,367836.6,2026-08-06 23:59:59.999000+00:00,1
2026-08-07 00:00:00+00:00,4.683e-06,4.7e-06,4.647e-06,4.663e-06,451329.2,2026-08-07 03:59:59.999000+00:00,1
2026-08-07 04:00:00+00:00,4.662e-06,4.663e-06,4.555e-06,4.605e-06,999565.1,2026-08-07 07:59:59.999000+00:00,1
2026-08-07 08:00:00+00:00,4.605e-06,4.649e-06,4.602e-06,4.637e-06,376322.2,2026-08-07 11:59:59.999000+00:00,1
2026-08-07 12:00:00+00:00,4.637e-06,4.697e-06,4.591e-06,4.597e-06,704991.6,2026-08-07 15:59:59.999000+00:00,1
2026-08-07 16:00:00+00:00,4.597e-06,4.618e-06,4.565e-06,4.615e-06,370833.9,2026-08-07 19:59:59.999000+00:00,1
2026-08-07 20:00:00+00:00,4.615e-06,4.641e-06,4.611e-06,4.624e-06,208267.1,2026-08-07 23:59:59.999000+00:00,1
2026-08-08 00:00:00+00:00,4.624e-06,4.662e-06,4.612e-06,4.637e-06,383845.9,2026-08-08 03:59:59.999000+00:00,1
2026-08-08 04:00:00+00:00,4.638e-06,4.704e-06,4.631e-06,4.671e-06,434663.4,2026-08-08 07:59:59.999000+00:00,1
2026-08-08 08:00:00+00:00,4.671e-06,4.686e-06,4.653e-06,4.66e-06,205918.1,2026-08-08 11:59:59.999000+00:00,1
2026-08-08 12:00:00+00:00,4.66e-06,4.687e-06,4.631e-06,4.677e-06,331579.1,2026-08-08 15:59:59.999000+00:00,1
2026-08-08 16:00:00+00:00,4.679e-06,4.69e-06,4.612e-06,4.625e-06,253116.9,2026-08-08 19:59:59.999000+00:00,1
2026-08-08 20:00:00+00:00,4.626e-06,4.645e-06,4.614e-06,4.622e-06,130374.3,2026-08-08 23:59:59.999000+00:00,1
2026-08-09 00:00:00+00:00,4.622e-06,4.643e-06,4.579e-06,4.603e-06,506622.7,2026-08-09 03:59:59.999000+00:00,1
2026-08-09 04:00:00+00:00,4.602e-06,4.64e-06,4.602e-06,4.611e-06,238790.2,2026-08-09 07:59:59.999000+00:00,1
2026-08-09 08:00:00+00:00,4.612e-06,4.632e-06,4.597e-06,4.62e-06,205188.9,2026-08-09 11:59:59.999000+00:00,1
2026-08-09 12:00:00+00:00,4.62e-06,4.651e-06,4.61e-06,4.646e-06,301081.7,2026-08-09 15:59:59.999000+00:00,1
2026-08-09 16:00:00+00:00,4.646e-06,4.668e-06,4.631e-06,4.662e-06,229563.1,2026-08-09 19:59:59.999000+00:00,1
2026-08-09 20:00:00+00:00,4.662e-06,4.719e-06,4.604e-06,4.614e-06,571124.4,2026-08-09 23:59:59.999000+00:00,1
2026-08-10 00:00:00+00:00,4.614e-06,4.68e-06,4.605e-06,4.651e-06,390054.0,2026-08-10 03:59:59.999000+00:00,1
2026-08-10 04:00:00+00:00,4.652e-06,4.75e-06,4.651e-06,4.71e-06,530478.4,2026-08-10 07:59:59.999000+00:00,1
2026-08-10 08:00:00+00:00,4.711e-06,4.723e-06,4.673e-06,4.693e-06,396826.0,2026-08-10 11:59:59.999000+00:00,1
2026-08-10 12:00:00+00:00,4.693e-06,4.699e-06,4.601e-06,4.611e-06,663067.7,2026-08-10 15:59:59.999000+00:00,1
2026-08-10 16:00:00+00:00,4.61e-06,4.662e-06,4.591e-06,4.628e-06,474875.7,2026-08-10 19:59:59.999000+00:00,1
2026-08-10 20:00:00+00:00,4.628e-06,4.63e-06,4.448e-06,4.506e-06,1119474.1,2026-08-10 23:59:59.999000+00:00,1
2026-08-11 00:00:00+00:00,4.506e-06,4.516e-06,4.478e-06,4.497e-06,518397.2,2026-08-11 03:59:59.999000+00:00,1
2026-08-11 04:00:00+00:00,4.497e-06,4.529e-06,4.484e-06,4.499e-06,418885.5,2026-08-11 07:59:59.999000+00:00,1
2026-08-11 08:00:00+00:00,4.5e-06,4.533e-06,4.487e-06,4.505e-06,397517.7,2026-08-11 11:59:59.999000+00:00,1
2026-08-11 12:00:00+00:00,4.504e-06,4.517e-06,4.413e-06,4.443e-06,796653.0,2026-08-11 15:59:59.999000+00:00,1
2026-08-11 16:00:00+00:00,4.442e-06,4.466e-06,4.416e-06,4.465e-06,393377.6,2026-08-11 19:59:59.999000+00:00,1
2026-08-11 20:00:00+00:00,4.465e-06,4.54e-06,4.463e-06,4.492e-06,378085.1,2026-08-11 23:59:59.999000+00:00,1
2026-08-12 00:00:00+00:00,4.492e-06,4.506e-06,4.456e-06,4.464e-06,388833.4,2026-08-12 03:59:59.999000+00:00,1
2026-08-12 04:00:00+00:00,4.463e-06,4.49e-06,4.452e-06,4.466e-06,252847.2,2026-08-12 07:59:59.999000+00:00,1
2026-08-12 08:00:00+00:00,4.465e-06,4.525e-06,4.437e-06,4.49e-06,498377.3,2026-08-12 11:59:59.999000+00:00,1
2026-08-12 12:00:00+00:00,4.491e-06,4.518e-06,4.449e-06,4.478e-06,530648.3,2026-08-12 15:59:59.999000+00:00,1
2026-08-12 16:00:00+00:00,4.478e-06,4.495e-06,4.446e-06,4.46e-06,192041.9,2026-08-12 19:59:59.999000+00:00,1
2026-08-12 20:00:00+00:00,4.459e-06,4.481e-06,4.341e-06,4.389e-06,669228.7,2026-08-12 23:59:59.999000+00:00,1
2026-08-13 00:00:00+00:00,4.389e-06,4.446e-06,4.365e-06,4.436e-06,404429.7,2026-08-13 03:59:59.999000+00:00,1
2026-08-13 04:00:00+00:00,4.435e-06,4.534e-06,4.435e-06,4.51e-06,477309.8,2026-08-13 07:59:59.999000+00:00,1
2026-08-13 08:00:00+00:00,4.511e-06,4.523e-06,4.446e-06,4.456e-06,491284.7,2026-08-13 11:59:59.999000+00:00,1
2026-08-13 12:00:00+00:00,4.457e-06,4.486e-06,4.432e-06,4.433e-06,445223.7,2026-08-13 15:59:59.999000+00:00,1
2026-08-13 16:00:00+00:00,4.433e-06,4.444e-06,4.392e-06,4.429e-06,383158.6,2026-08-13 19:59:59.999000+00:00,1
2026-08-13 20:00:00+00:00,4.429e-06,4.468e-06,4.424e-06,4.453e-06,209849.4,2026-08-13 23:59:59.999000+00:00,1
2026-08-14 00:00:00+00:00,4.454e-06,4.49e-06,4.448e-06,4.456e-06,393666.9,2026-08-14 03:59:59.999000+00:00,1
2026-08-14 04:00:00+00:00,4.456e-06,4.487e-06,4.425e-06,4.427e-06,287637.7,2026-08-14 07:59:59.999000+00:00,1
2026-08-14 08:00:00+00:00,4.427e-06,4.526e-06,4.425e-06,4.473e-06,798872.5,2026-08-14 11:59:59.999000+00:00,1
2026-08-14 12:00:00+00:00,4.473e-06,4.653e-06,4.441e-06,4.647e-06,1284074.7,2026-08-14 15:59:59.999000+00:00,1
2026-08-14 16:00:00+00:00,4.647e-06,4.677e-06,4.564e-06,4.576e-06,1183931.9,2026-08-14 19:59:59.999000+00:00,1
2026-08-14 20:00:00+00:00,4.576e-06,4.637e-06,4.518e-06,4.619e-06,566109.7,2026-08-14 23:59:59.999000+00:00,1
2026-08-15 00:00:00+00:00,4.62e-06,4.633e-06,4.572e-06,4.592e-06,590809.0,2026-08-15 03:59:59.999000+00:00,1
2026-08-15 04:00:00+00:00,4.593e-06,4.62e-06,4.564e-06,4.571e-06,307883.1,2026-08-15 07:59:59.999000+00:00,1
2026-08-15 08:00:00+00:00,4.572e-06,4.592e-06,4.529e-06,4.546e-06,257680.5,2026-08-15 11:59:59.999000+00:00,1
2026-08-15 12:00:00+00:00,4.545e-06,4.595e-06,4.54e-06,4.587e-06,186055.5,2026-08-15 15:59:59.999000+00:00,1
2026-08-15 16:00:00+00:00,4.588e-06,4.591e-06,4.537e-06,4.547e-06,284716.6,2026-08-15 19:59:59.999000+00:00,1
2026-08-15 20:00:00+00:00,4.546e-06,4.554e-06,4.483e-06,4.497e-06,317268.6,2026-08-15 23:59:59.999000+00:00,1
2026-08-16 00:00:00+00:00,4.497e-06,4.528e-06,4.485e-06,4.503e-06,339217.8,2026-08-16 03:59:59.999000+00:00,1
2026-08-16 04:00:00+00:00,4.503e-06,4.522e-06,4.492e-06,4.503e-06,135683.2,2026-08-16 07:59:59.999000+00:00,1
2026-08-16 08:00:00+00:00,4.503e-06,4.506e-06,4.454e-06,4.473e-06,339310.8,2026-08-16 11:59:59.999000+00:00,1
2026-08-16 12:00:00+00:00,4.473e-06,4.504e-06,4.463e-06,4.493e-06,230791.6,2026-08-16 15:59:59.999000+00:00,1
2026-08-16 16:00:00+00:00,4.494e-06,4.501e-06,4.463e-06,4.467e-06,172593.2,2026-08-16 19:59:59.999000+00:00,1
2026-08-16 20:00:00+00:00,4.468e-06,4.475e-06,4.365e-06,4.429e-06,588226.3,2026-08-16 23:59:59.999000+00:00,1
2026-08-17 00:00:00+00:00,4.428e-06,4.461e-06,4.394e-06,4.441e-06,475614.0,2026-08-17 03:59:59.999000+00:00,1
2026-08-17 04:00:00+00:00,4.441e-06,4.455e-06,4.421e-06,4.453e-06,276214.9,2026-08-17 07:59:59.999000+00:00,1
2026-08-17 08:00:00+00:00,4.453e-06,4.453e-06,4.414e-06,4.426e-06,307770.5,2026-08-17 11:59:59.999000+00:00,1
2026-08-17 12:00:00+00:00,4.426e-06,4.515e-06,4.408e-06,4.49e-06,609535.5,2026-08-17 15:59:59.999000+00:00,1
2026-08-17 16:00:00+00:00,4.49e-06,4.492e-06,4.439e-06,4.463e-06,299593.9,2026-08-17 19:59:59.999000+00:00,1
2026-08-17 20:00:00+00:00,4.464e-06,4.49e-06,4.443e-06,4.469e-06,135902.2,2026-08-17 23:59:59.999000+00:00,1
2026-08-18 00:00:00+00:00,4.47e-06,4.477e-06,4.358e-06,4.363e-06,621741.3,2026-08-18 03:59:59.999000+00:00,1
2026-08-18 04:00:00+00:00,4.364e-06,4.412e-06,4.358e-06,4.394e-06,313228.2,2026-08-18 07:59:59.999000+00:00,1
2026-08-18 08:00:00+00:00,4.393e-06,4.448e-06,4.381e-06,4.435e-06,325413.0,2026-08-18 11:59:59.999000+00:00,1
2026-08-18 12:00:00+00:00,4.436e-06,4.452e-06,4.401e-06,4.443e-06,506631.4,2026-08-18 15:59:59.999000+00:00,1
2026-08-18 16:00:00+00:00,4.444e-06,4.464e-06,4.424e-06,4.425e-06,299438.6,2026-08-18 19:59:59.999000+00:00,1
2026-08-18 20:00:00+00:00,4.426e-06,4.43e-06,4.375e-06,4.413e-06,273212.8,2026-08-18 23:59:59.999000+00:00,1
2026-08-19 00:00:00+00:00,4.414e-06,4.478e-06,4.397e-06,4.468e-06,429794.3,2026-08-19 03:59:59.999000+00:00,1
2026-08-19 04:00:00+00:00,4.469e-06,4.485e-06,4.446e-06,4.452e-06,332295.2,2026-08-19 07:59:59.999000+00:00,1
2026-08-19 08:00:00+00:00,4.452e-06,4.499e-06,4.448e-06,4.47e-06,453948.9,2026-08-19 11:59:59.999000+00:00,1
2026-08-19 12:00:00+00:00,4.47e-06,4.621e-06,4.444e-06,4.545e-06,1251733.7,2026-08-19 15:59:59.999000+00:00,1
2026-08-19 16:00:00+00:00,4.544e-06,4.58e-06,4.516e-06,4.578e-06,534867.1,2026-08-19 19:59:59.999000+00:00,1
2026-08-19 20:00:00+00:00,4.578e-06,4.765e-06,4.575e-06,4.735e-06,1453009.3,2026-08-19 23:59:59.999000+00:00,1
2026-08-20 00:00:00+00:00,4.734e-06,4.829e-06,4.696e-06,4.723e-06,1070386.9,2026-08-20 03:59:59.999000+00:00,1
2026-08-20 04:00:00+00:00,4.722e-06,4.84e-06,4.721e-06,4.812e-06,841696.8,2026-08-20 07:59:59.999000+00:00,1
2026-08-20 08:00:00+00:00,4.813e-06,5.016e-06,4.801e-06,4.921e-06,1463597.1,2026-08-20 11:59:59.999000+00:00,1
2026-08-20 12:00:00+00:00,4.922e-06,4.936e-06,4.806e-06,4.928e-06,1056946.4,2026-08-20 15:59:59.999000+00:00,1
2026-08-20 16:00:00+00:00,4.928e-06,4.989e-06,4.861e-06,4.866e-06,1154276.6,2026-08-20 19:59:59.999000+00:00,1
2026-08-20 20:00:00+00:00,4.866e-06,4.968e-06,4.846e-06,4.93e-06,481075.8,2026-08-20 23:59:59.999000+00:00,1
2026-08-21 00:00:00+00:00,4.931e-06,5.007e-06,4.923e-06,4.955e-06,864790.4,2026-08-21 03:59:59.999000+00:00,1
2026-08-21 04:00:00+00:00,4.956e-06,5.212e-06,4.956e-06,5.17e-06,1379876.6,2026-08-21 07:59:59.999000+00:00,1
2026-08-21 08:00:00+00:00,5.17e-06,5.312e-06,5.087e-06,5.178e-06,2954525.4,2026-08-21 11:59:59.999000+00:00,1
2026-08-21 12:00:00+00:00,5.178e-06,5.395e-06,5.145e-06,5.309e-06,1851728.0,2026-08-21 15:59:59.999000+00:00,1
2026-08-21 16:00:00+00:00,5.31e-06,5.437e-06,5.217e-06,5.365e-06,1860316.2,2026-08-21 19:59:59.999000+00:00,1
2026-08-21 20:00:00+00:00,5.364e-06,6.229e-06,5.34e-06,5.903e-06,6144522.6,2026-08-21 23:59:59.999000+00:00,1
2026-08-22 00:00:00+00:00,5.902e-06,6.161e-06,5.845e-06,6.045e-06,4199420.3,2026-08-22 03:59:59.999000+00:00,1
2026-08-22 04:00:00+00:00,6.045e-06,6.223e-06,5.154e-06,5.673e-06,4546504.9,2026-08-22 07:59:59.999000+00:00,1
2026-08-22 08:00:00+00:00,5.674e-06,5.726e-06,5.355e-06,5.507e-06,1635875.4,2026-08-22 11:59:59.999000+00:00,1
2026-08-22 12:00:00+00:00,5.506e-06,5.563e-06,5.384e-06,5.413e-06,785142.5,2026-08-22 15:59:59.999000+00:00,1
2026-08-22 16:00:00+00:00,5.414e-06,5.572e-06,5.404e-06,5.519e-06,709654.2,2026-08-22 19:59:59.999000+00:00,1
2026-08-22 20:00:00+00:00,5.52e-06,5.582e-06,5.343e-06,5.447e-06,645007.1,2026-08-22 23:59:59.999000+00:00,1
2026-08-23 00:00:00+00:00,5.448e-06,5.528e-06,5.26e-06,5.296e-06,1361260.3,2026-08-23 03:59:59.999000+00:00,1
2026-08-23 04:00:00+00:00,5.295e-06,5.34e-06,5.177e-06,5.301e-06,1011211.2,2026-08-23 07:59:59.999000+00:00,1
2026-08-23 08:00:00+00:00,5.301e-06,5.462e-06,5.287e-06,5.446e-06,759859.5,2026-08-23 11:59:59.999000+00:00,1
2026-08-23 12:00:00+00:00,5.446e-06,5.572e-06,5.354e-06,5.479e-06,1672236.3,2026-08-23 15:59:59.999000+00:00,1
2026-08-23 16:00:00+00:00,5.479e-06,5.524e-06,5.433e-06,5.482e-06,472939.3,2026-08-23 19:59:59.999000+00:00,1
2026-08-23 20:00:00+00:00,5.482e-06,5.595e-06,5.463e-06,5.543e-06,557312.2,2026-08-23 23:59:59.999000+00:00,1
2026-08-24 00:00:00+00:00,5.543e-06,5.549e-06,5.293e-06,5.359e-06,1123999.2,2026-08-24 03:59:59.999000+00:00,1
2026-08-24 04:00:00+00:00,5.358e-06,5.509e-06,5.343e-06,5.398e-06,976649.6,2026-08-24 07:59:59.999000+00:00,1
2026-08-24 08:00:00+00:00,5.399e-06,5.502e-06,5.35e-06,5.481e-06,822872.1,2026-08-24 11:59:59.999000+00:00,1
2026-08-24 12:00:00+00:00,5.482e-06,5.543e-06,5.355e-06,5.422e-06,2291567.2,2026-08-24 15:59:59.999000+00:00,1
2026-08-24 16:00:00+00:00,5.422e-06,5.566e-06,5.308e-06,5.447e-06,2111816.4,2026-08-24 19:59:59.999000+00:00,1
2026-08-24 20:00:00+00:00,5.447e-06,5.487e-06,5.401e-06,5.47e-06,585737.5,2026-08-24 23:59:59.999000+00:00,1
2026-08-25 00:00:00+00:00,5.469e-06,5.692e-06,5.426e-06,5.663e-06,1807506.1,2026-08-25 03:59:59.999000+00:00,1
2026-08-25 04:00:00+00:00,5.663e-06,5.754e-06,5.418e-06,5.479e-06,1806277.3,2026-08-25 07:59:59.999000+00:00,1
2026-08-25 08:00:00+00:00,5.479e-06,5.545e-06,5.441e-06,5.459e-06,970743.5,2026-08-25 11:59:59.999000+00:00,1
2026-08-25 12:00:00+00:00,5.459e-06,5.523e-06,5.34e-06,5.469e-06,1815938.1,2026-08-25 15:59:59.999000+00:00,1
2026-08-25 16:00:00+00:00,5.469e-06,5.484e-06,5.364e-06,5.37e-06,549740.3,2026-08-25 19:59:59.999000+00:00,1
2026-08-25 20:00:00+00:00,5.37e-06,5.385e-06,5.171e-06,5.262e-06,967214.7,2026-08-25 23:59:59.999000+00:00,1
2026-08-26 00:00:00+00:00,5.262e-06,5.368e-06,5.247e-06,5.331e-06,427979.5,2026-08-26 03:59:59.999000+00:00,1
2026-08-26 04:00:00+00:00,5.33e-06,5.347e-06,5.277e-06,5.289e-06,432175.0,2026-08-26 07:59:59.999000+00:00,1
2026-08-26 08:00:00+00:00,5.288e-06,5.312e-06,5.222e-06,5.262e-06,511695.1,2026-08-26 11:59:59.999000+00:00,1
2026-08-26 12:00:00+00:00,5.262e-06,5.33e-06,5.093e-06,5.179e-06,1158799.4,2026-08-26 15:59:59.999000+00:00,1
2026-08-26 16:00:00+00:00,5.179e-06,5.262e-06,5.148e-06,5.217e-06,400376.3,2026-08-26 19:59:59.999000+00:00,1
2026-08-26 20:00:00+00:00,5.214e-06,5.377e-06,5.178e-06,5.361e-06,410953.5,2026-08-26 23:59:59.999000+00:00,1
2026-08-27 00:00:00+00:00,5.36e-06,5.361e-06,5.286e-06,5.305e-06,311570.5,2026-08-27 03:59:59.999000+00:00,1
2026-08-27 04:00:00+00:00,5.306e-06,5.321e-06,5.257e-06,5.312e-06,388165.4,2026-08-27 07:59:59.999000+00:00,1
2026-08-27 08:00:00+00:00,5.312e-06,5.459e-06,5.31e-06,5.37e-06,808992.4,2026-08-27 11:59:59.999000+00:00,1
2026-08-27 12:00:00+00:00,5.369e-06,5.442e-06,5.324e-06,5.423e-06,676833.7,2026-08-27 15:59:59.999000+00:00,1
2026-08-27 16:00:00+00:00,5.423e-06,5.526e-06,5.387e-06,5.434e-06,610542.8,2026-08-27 19:59:59.999000+00:00,1
2026-08-27 20:00:00+00:00,5.435e-06,5.465e-06,5.394e-06,5.421e-06,258250.1,2026-08-27 23:59:59.999000+00:00,1
2026-08-28 00:00:00+00:00,5.421e-06,5.491e-06,5.277e-06,5.32e-06,616663.4,2026-08-28 03:59:59.999000+00:00,1
2026-08-28 04:00:00+00:00,5.319e-06,5.354e-06,5.281e-06,5.304e-06,306796.8,2026-08-28 07:59:59.999000+00:00,1
2026-08-28 08:00:00+00:00,5.305e-06,5.34e-06,5.24e-06,5.312e-06,461000.6,2026-08-28 11:59:59.999000+00:00,1
2026-08-28 12:00:00+00:00,5.312e-06,5.356e-06,5.191e-06,5.211e-06,765845.1,2026-08-28 15:59:59.999000+00:00,1
2026-08-28 16:00:00+00:00,5.21e-06,5.217e-06,5.041e-06,5.157e-06,968246.2,2026-08-28 19:59:59.999000+00:00,1
2026-08-28 20:00:00+00:00,5.157e-06,5.184e-06,5.104e-06,5.179e-06,188194.8,2026-08-28 23:59:59.999000+00:00,1
2026-08-29 00:00:00+00:00,5.179e-06,5.192e-06,5.12e-06,5.124e-06,200489.6,2026-08-29 03:59:59.999000+00:00,1
2026-08-29 04:00:00+00:00,5.124e-06,5.163e-06,5.09e-06,5.105e-06,263700.2,2026-08-29 07:59:59.999000+00:00,1
2026-08-29 08:00:00+00:00,5.104e-06,5.109e-06,5.068e-06,5.094e-06,150001.1,2026-08-29 11:59:59.999000+00:00,1
2026-08-29 12:00:00+00:00,5.095e-06,5.173e-06,5.091e-06,5.139e-06,208689.6,2026-08-29 15:59:59.999000+00:00,1
2026-08-29 16:00:00+00:00,5.139e-06,5.164e-06,5.085e-06,5.144e-06,329128.9,2026-08-29 19:59:59.999000+00:00,1
2026-08-29 20:00:00+00:00,5.145e-06,5.166e-06,5.121e-06,5.141e-06,166543.7,2026-08-29 23:59:59.999000+00:00,1
2026-08-30 00:00:00+00:00,5.141e-06,5.159e-06,5.109e-06,5.119e-06,140966.4,2026-08-30 03:59:59.999000+00:00,1
2026-08-30 04:00:00+00:00,5.119e-06,5.139e-06,5.09e-06,5.105e-06,131242.5,2026-08-30 07:59:59.999000+00:00,1
2026-08-30 08:00:00+00:00,5.106e-06,5.126e-06,5.065e-06,5.12e-06,268430.3,2026-08-30 11:59:59.999000+00:00,1
2026-08-30 12:00:00+00:00,5.121e-06,5.167e-06,5.116e-06,5.152e-06,289078.0,2026-08-30 15:59:59.999000+00:00,1
2026-08-30 16:00:00+00:00,5.153e-06,5.227e-06,5.145e-06,5.173e-06,387029.5,2026-08-30 19:59:59.999000+00:00,1
2026-08-30 20:00:00+00:00,5.173e-06,5.184e-06,4.874e-06,4.949e-06,925498.1,2026-08-30 23:59:59.999000+00:00,1
2026-08-31 00:00:00+00:00,4.948e-06,5.029e-06,4.922e-06,5.02e-06,544890.8,2026-08-31 03:59:59.999000+00:00,1
2026-08-31 04:00:00+00:00,5.021e-06,5.058e-06,4.986e-06,5.022e-06,413435.8,2026-08-31 07:59:59.999000+00:00,1
2026-08-31 08:00:00+00:00,5.023e-06,5.082e-06,5.018e-06,5.046e-06,297574.7,2026-08-31 11:59:59.999000+00:00,1
2026-08-31 12:00:00+00:00,5.046e-06,5.076e-06,4.99e-06,5.027e-06,526592.5,2026-08-31 15:59:59.999000+00:00,1
2026-08-31 16:00:00+00:00,5.026e-06,5.087e-06,5.013e-06,5.052e-06,305971.6,2026-08-31 19:59:59.999000+00:00,1
2026-08-31 20:00:00+00:00,5.052e-06,5.087e-06,5.047e-06,5.065e-06,206670.9,2026-08-31 23:59:59.999000+00:00,1
2026-09-01 00:00:00+00:00,5.065e-06,5.142e-06,5.054e-06,5.13e-06,314186.3,2026-09-01 03:59:59.999000+00:00,1
2026-09-01 04:00:00+00:00,5.13e-06,5.223e-06,5.113e-06,5.17e-06,461900.4,2026-09-01 07:59:59.999000+00:00,1
2026-09-01 08:00:00+00:00,5.171e-06,5.197e-06,5.06e-06,5.184e-06,557776.3,2026-09-01 11:59:59.999000+00:00,1
2026-09-01 12:00:00+00:00,5.184e-06,5.208e-06,5.104e-06,5.198e-06,555910.3,2026-09-01 15:59:59.999000+00:00,1
2026-09-01 16:00:00+00:00,5.199e-06,5.204e-06,5.091e-06,5.158e-06,486090.1,2026-09-01 19:59:59.999000+00:00,1
2026-09-01 20:00:00+00:00,5.158e-06,5.166e-06,5.093e-06,5.14e-06,250098.4,2026-09-01 23:59:59.999000+00:00,1
2026-09-02 00:00:00+00:00,5.14e-06,5.183e-06,5.067e-06,5.157e-06,350430.4,2026-09-02 03:59:59.999000+00:00,1
2026-09-02 04:00:00+00:00,5.156e-06,5.215e-06,5.132e-06,5.169e-06,334852.9,2026-09-02 07:59:59.999000+00:00,1
2026-09-02 08:00:00+00:00,5.17e-06,5.183e-06,5.048e-06,5.113e-06,507270.4,2026-09-02 11:59:59.999000+00:00,1
2026-09-02 12:00:00+00:00,5.114e-06,5.191e-06,5.089e-06,5.184e-06,562561.6,2026-09-02 15:59:59.999000+00:00,1
2026-09-02 16:00:00+00:00,5.185e-06,5.257e-06,5.139e-06,5.156e-06,507230.1,2026-09-02 19:59:59.999000+00:00,1
2026-09-02 20:00:00+00:00,5.157e-06,5.194e-06,5.125e-06,5.179e-06,226785.2,2026-09-02 23:59:59.999000+00:00,1
2026-09-03 00:00:00+00:00,5.178e-06,5.248e-06,5.151e-06,5.211e-06,336863.7,2026-09-03 03:59:59.999000+00:00,1
2026-09-03 04:00:00+00:00,5.21e-06,5.245e-06,5.172e-06,5.195e-06,394665.9,2026-09-03 07:59:59.999000+00:00,1
2026-09-03 08:00:00+00:00,5.195e-06,5.257e-06,5.176e-06,5.215e-06,366122.8,2026-09-03 11:59:59.999000+00:00,1
2026-09-03 12:00:00+00:00,5.215e-06,5.461e-06,5.198e-06,5.443e-06,1012306.3,2026-09-03 15:59:59.999000+00:00,1
2026-09-03 16:00:00+00:00,5.443e-06,5.473e-06,5.386e-06,5.441e-06,513547.7,2026-09-03 19:59:59.999000+00:00,1
2026-09-03 20:00:00+00:00,5.441e-06,5.463e-06,5.358e-06,5.402e-06,316884.3,2026-09-03 23:59:59.999000+00:00,1
2026-09-04 00:00:00+00:00,5.402e-06,5.405e-06,5.325e-06,5.349e-06,425545.6,2026-09-04 03:59:59.999000+00:00,1
2026-09-04 04:00:00+00:00,5.348e-06,5.379e-06,5.291e-06,5.314e-06,263809.4,2026-09-04 07:59:59.999000+00:00,1
2026-09-04 08:00:00+00:00,5.315e-06,5.374e-06,5.298e-06,5.34e-06,446013.7,2026-09-04 11:59:59.999000+00:00,1
2026-09-04 12:00:00+00:00,5.34e-06,5.365e-06,5.151e-06,5.2e-06,1138474.9,2026-09-04 15:59:59.999000+00:00,1
2026-09-04 16:00:00+00:00,5.2e-06,5.225e-06,5.177e-06,5.218e-06,209849.7,2026-09-04 19:59:59.999000+00:00,1
2026-09-04 20:00:00+00:00,5.219e-06,5.235e-06,5.188e-06,5.227e-06,102852.3,2026-09-04 23:59:59.999000+00:00,1
2026-09-05 00:00:00+00:00,5.227e-06,5.257e-06,5.207e-06,5.252e-06,235062.9,2026-09-05 03:59:59.999000+00:00,1
2026-09-05 04:00:00+00:00,5.251e-06,5.416e-06,5.247e-06,5.395e-06,578085.3,2026-09-05 07:59:59.999000+00:00,1
2026-09-05 08:00:00+00:00,5.394e-06,5.434e-06,5.374e-06,5.398e-06,337214.6,2026-09-05 11:59:59.999000+00:00,1
2026-09-05 12:00:00+00:00,5.399e-06,5.577e-06,5.398e-06,5.441e-06,681058.3,2026-09-05 15:59:59.999000+00:00,1
2026-09-05 16:00:00+00:00,5.441e-06,5.577e-06,5.435e-06,5.474e-06,612263.5,2026-09-05 19:59:59.999000+00:00,1
2026-09-05 20:00:00+00:00,5.473e-06,5.525e-06,5.405e-06,5.459e-06,260014.4,2026-09-05 23:59:59.999000+00:00,1
2026-09-06 00:00:00+00:00,5.46e-06,5.534e-06,5.458e-06,5.507e-06,268781.1,2026-09-06 03:59:59.999000+00:00,1
2026-09-06 04:00:00+00:00,5.507e-06,5.516e-06,5.421e-06,5.452e-06,242557.9,2026-09-06 07:59:59.999000+00:00,1
2026-09-06 08:00:00+00:00,5.451e-06,5.469e-06,5.411e-06,5.458e-06,286749.4,2026-09-06 11:59:59.999000+00:00,1
2026-09-06 12:00:00+00:00,5.46e-06,5.47e-06,5.351e-06,5.405e-06,387311.3,2026-09-06 15:59:59.999000+00:00,1
2026-09-06 16:00:00+00:00,5.404e-06,5.438e-06,5.383e-06,5.425e-06,158974.0,2026-09-06 19:59:59.999000+00:00,1
2026-09-06 20:00:00+00:00,5.425e-06,5.529e-06,5.413e-06,5.526e-06,209811.9,2026-09-06 23:59:59.999000+00:00,1
2026-09-07 00:00:00+00:00,5.526e-06,5.556e-06,5.441e-06,5.451e-06,483128.4,2026-09-07 03:59:59.999000+00:00,1
2026-09-07 04:00:00+00:00,5.45e-06,5.534e-06,5.382e-06,5.428e-06,449133.3,2026-09-07 07:59:59.999000+00:00,1
2026-09-07 08:00:00+00:00,5.427e-06,5.502e-06,5.423e-06,5.443e-06,272323.3,2026-09-07 11:59:59.999000+00:00,1
2026-09-07 12:00:00+00:00,5.442e-06,5.573e-06,5.382e-06,5.396e-06,691700.1,2026-09-07 15:59:59.999000+00:00,1
2026-09-07 16:00:00+00:00,5.396e-06,5.505e-06,5.396e-06,5.469e-06,275618.5,2026-09-07 19:59:59.999000+00:00,1
2026-09-07 20:00:00+00:00,5.47e-06,5.494e-06,5.374e-06,5.435e-06,256414.4,2026-09-07 23:59:59.999000+00:00,1
2026-09-08 00:00:00+00:00,5.435e-06,5.53e-06,5.412e-06,5.443e-06,385644.5,2026-09-08 03:59:59.999000+00:00,1
2026-09-08 04:00:00+00:00,5.443e-06,5.463e-06,5.336e-06,5.392e-06,374719.9,2026-09-08 07:59:59.999000+00:00,1
2026-09-08 08:00:00+00:00,5.392e-06,5.514e-06,5.37e-06,5.413e-06,423903.7,2026-09-08 11:59:59.999000+00:00,1
2026-09-08 12:00:00+00:00,5.412e-06,5.519e-06,5.338e-06,5.511e-06,591802.0,2026-09-08 15:59:59.999000+00:00,1
2026-09-08 16:00:00+00:00,5.512e-06,5.512e-06,5.372e-06,5.385e-06,384470.6,2026-09-08 19:59:59.999000+00:00,1
2026-09-08 20:00:00+00:00,5.385e-06,5.428e-06,5.368e-06,5.404e-06,165622.7,2026-09-08 23:59:59.999000+00:00,1
2026-09-09 00:00:00+00:00,5.404e-06,5.465e-06,5.344e-06,5.362e-06,259776.3,2026-09-09 03:59:59.999000+00:00,1
2026-09-09 04:00:00+00:00,5.363e-06,5.477e-06,5.363e-06,5.46e-06,367940.8,2026-09-09 07:59:59.999000+00:00,1
2026-09-09 08:00:00+00:00,5.46e-06,5.499e-06,5.38e-06,5.433e-06,382790.1,2026-09-09 11:59:59.999000+00:00,1
2026-09-09 12:00:00+00:00,5.433e-06,5.457e-06,5.271e-06,5.327e-06,739491.3,2026-09-09 15:59:59.999000+00:00,1
2026-09-09 16:00:00+00:00,5.326e-06,5.411e-06,5.277e-06,5.283e-06,417100.2,2026-09-09 19:59:59.999000+00:00,1
2026-09-09 20:00:00+00:00,5.283e-06,5.305e-06,5.17e-06,5.252e-06,519072.0,2026-09-09 23:59:59.999000+00:00,1
2026-09-10 00:00:00+00:00,5.251e-06,5.258e-06,5.167e-06,5.228e-06,329692.6,2026-09-10 03:59:59.999000+00:00,1
2026-09-10 04:00:00+00:00,5.229e-06,5.254e-06,5.151e-06,5.171e-06,283802.4,2026-09-10 07:59:59.999000+00:00,1
2026-09-10 08:00:00+00:00,5.17e-06,5.186e-06,5.117e-06,5.13e-06,505203.2,2026-09-10 11:59:59.999000+00:00,1
2026-09-10 12:00:00+00:00,5.13e-06,5.163e-06,5.007e-06,5.07e-06,717719.6,2026-09-10 15:59:59.999000+00:00,1
2026-09-10 16:00:00+00:00,5.07e-06,5.109e-06,4.994e-06,5.089e-06,468046.7,2026-09-10 19:59:59.999000+00:00,1
2026-09-10 20:00:00+00:00,5.089e-06,5.117e-06,5.014e-06,5.031e-06,199717.5,2026-09-10 23:59:59.999000+00:00,1
2026-09-11 00:00:00+00:00,5.032e-06,5.083e-06,5.027e-06,5.081e-06,205892.6,2026-09-11 03:59:59.999000+00:00,1
2026-09-11 04:00:00+00:00,5.082e-06,5.117e-06,5.073e-06,5.089e-06,210248.7,2026-09-11 07:59:59.999000+00:00,1
2026-09-11 08:00:00+00:00,5.089e-06,5.109e-06,4.996e-06,5.046e-06,310604.0,2026-09-11 11:59:59.999000+00:00,1
2026-09-11 12:00:00+00:00,5.045e-06,5.404e-06,4.988e-06,5.234e-06,1461081.5,2026-09-11 15:59:59.999000+00:00,1
2026-09-11 16:00:00+00:00,5.234e-06,5.317e-06,5.109e-06,5.17e-06,507893.9,2026-09-11 19:59:59.999000+00:00,1
2026-09-11 20:00:00+00:00,5.17e-06,5.194e-06,5.095e-06,5.17e-06,307770.4,2026-09-11 23:59:59.999000+00:00,1
2026-09-12 00:00:00+00:00,5.17e-06,5.232e-06,5.164e-06,5.212e-06,247117.4,2026-09-12 03:59:59.999000+00:00,1
2026-09-12 04:00:00+00:00,5.213e-06,5.244e-06,5.208e-06,5.238e-06,175603.5,2026-09-12 07:59:59.999000+00:00,1
2026-09-12 08:00:00+00:00,5.239e-06,5.376e-06,5.234e-06,5.369e-06,374101.3,2026-09-12 11:59:59.999000+00:00,1
2026-09-12 12:00:00+00:00,5.37e-06,5.395e-06,5.282e-06,5.298e-06,298539.8,2026-09-12 15:59:59.999000+00:00,1
2026-09-12 16:00:00+00:00,5.298e-06,5.311e-06,5.27e-06,5.282e-06,171092.3,2026-09-12 19:59:59.999000+00:00,1
2026-09-12 20:00:00+00:00,5.282e-06,5.311e-06,5.28e-06,5.291e-06,120123.5,2026-09-12 23:59:59.999000+00:00,1
2026-09-13 00:00:00+00:00,5.291e-06,5.317e-06,5.247e-06,5.256e-06,183007.0,2026-09-13 03:59:59.999000+00:00,1
2026-09-13 04:00:00+00:00,5.255e-06,5.273e-06,5.227e-06,5.23e-06,211719.6,2026-09-13 07:59:59.999000+00:00,1
2026-09-13 08:00:00+00:00,5.229e-06,5.239e-06,5.173e-06,5.195e-06,299490.2,2026-09-13 11:59:59.999000+00:00,1
2026-09-13 12:00:00+00:00,5.195e-06,5.233e-06,5.168e-06,5.199e-06,260699.2,2026-09-13 15:59:59.999000+00:00,1
2026-09-13 16:00:00+00:00,5.199e-06,5.26e-06,5.199e-06,5.236e-06,133949.7,2026-09-13 19:59:59.999000+00:00,1
2026-09-13 20:00:00+00:00,5.237e-06,5.26e-06,5.115e-06,5.131e-06,333591.7,2026-09-13 23:59:59.999000+00:00,1
2026-09-14 00:00:00+00:00,5.131e-06,5.244e-06,5.102e-06,5.213e-06,360507.8,2026-09-14 03:59:59.999000+00:00,1
2026-09-14 04:00:00+00:00,5.214e-06,5.271e-06,5.203e-06,5.256e-06,250568.0,2026-09-14 07:59:59.999000+00:00,1
2026-09-14 08:00:00+00:00,5.256e-06,5.262e-06,5.177e-06,5.234e-06,376715.6,2026-09-14 11:59:59.999000+00:00,1
2026-09-14 12:00:00+00:00,5.233e-06,5.282e-06,5.206e-06,5.256e-06,484599.8,2026-09-14 15:59:59.999000+00:00,1
2026-09-14 16:00:00+00:00,5.255e-06,5.368e-06,5.239e-06,5.304e-06,392577.6,2026-09-14 19:59:59.999000+00:00,1
2026-09-14 20:00:00+00:00,5.305e-06,5.392e-06,5.234e-06,5.234e-06,303687.3,2026-09-14 23:59:59.999000+00:00,1
2026-09-15 00:00:00+00:00,5.234e-06,5.238e-06,5.172e-06,5.199e-06,213494.3,2026-09-15 03:59:59.999000+00:00,1
2026-09-15 04:00:00+00:00,5.199e-06,5.205e-06,5.135e-06,5.138e-06,188783.0,2026-09-15 07:59:59.999000+00:00,1
2026-09-15 08:00:00+00:00,5.138e-06,5.174e-06,5.128e-06,5.141e-06,163891.5,2026-09-15 11:59:59.999000+00:00,1
2026-09-15 12:00:00+00:00,5.142e-06,5.208e-06,5.032e-06,5.108e-06,588326.6,2026-09-15 15:59:59.999000+00:00,1
2026-09-15 16:00:00+00:00,5.108e-06,5.164e-06,4.908e-06,5.007e-06,742823.0,2026-09-15 19:59:59.999000+00:00,1
2026-09-15 20:00:00+00:00,5.007e-06,5.015e-06,4.892e-06,4.939e-06,341306.7,2026-09-15 23:59:59.999000+00:00,1
2026-09-16 00:00:00+00:00,4.94e-06,4.951e-06,4.876e-06,4.924e-06,317834.8,2026-09-16 03:59:59.999000+00:00,1
2026-09-16 04:00:00+00:00,4.924e-06,4.952e-06,4.844e-06,4.854e-06,311567.2,2026-09-16 07:59:59.999000+00:00,1
2026-09-16 08:00:00+00:00,4.853e-06,4.895e-06,4.819e-06,4.876e-06,336498.2,2026-09-16 11:59:59.999000+00:00,1
2026-09-16 12:00:00+00:00,4.876e-06,4.879e-06,4.752e-06,4.76e-06,724842.8,2026-09-16 15:59:59.999000+00:00,1
2026-09-16 16:00:00+00:00,4.761e-06,4.874e-06,4.736e-06,4.843e-06,634814.7,2026-09-16 19:59:59.999000+00:00,1
2026-09-16 20:00:00+00:00,4.844e-06,4.993e-06,4.84e-06,4.985e-06,539312.7,2026-09-16 23:59:59.999000+00:00,1
2026-09-17 00:00:00+00:00,4.985e-06,5.027e-06,4.938e-06,4.992e-06,378976.1,2026-09-17 03:59:59.999000+00:00,1
2026-09-17 04:00:00+00:00,4.993e-06,5.048e-06,4.961e-06,5.045e-06,392525.2,2026-09-17 07:59:59.999000+00:00,1
2026-09-17 08:00:00+00:00,5.044e-06,5.06e-06,5.004e-06,5.033e-06,331808.0,2026-09-17 11:59:59.999000+00:00,1
2026-09-17 12:00:00+00:00,5.033e-06,5.186e-06,5.027e-06,5.167e-06,850871.0,2026-09-17 15:59:59.999000+00:00,1
2026-09-17 16:00:00+00:00,5.165e-06,5.286e-06,5.121e-06,5.135e-06,785236.6,2026-09-17 19:59:59.999000+00:00,1
2026-09-17 20:00:00+00:00,5.136e-06,5.162e-06,5.066e-06,5.151e-06,330139.3,2026-09-17 23:59:59.999000+00:00,1
2026-09-18 00:00:00+00:00,5.151e-06,5.408e-06,5.142e-06,5.389e-06,539847.4,2026-09-18 03:59:59.999000+00:00,1
2026-09-18 04:00:00+00:00,5.389e-06,5.395e-06,5.304e-06,5.353e-06,400920.1,2026-09-18 07:59:59.999000+00:00,1
2026-09-18 08:00:00+00:00,5.353e-06,5.447e-06,5.315e-06,5.369e-06,730210.0,2026-09-18 11:59:59.999000+00:00,1
2026-09-18 12:00:00+00:00,5.369e-06,5.496e-06,5.36e-06,5.471e-06,924644.6,2026-09-18 15:59:59.999000+00:00,1
2026-09-18 16:00:00+00:00,5.47e-06,5.506e-06,5.433e-06,5.487e-06,471313.1,2026-09-18 19:59:59.999000+00:00,1
2026-09-18 20:00:00+00:00,5.487e-06,5.517e-06,5.451e-06,5.458e-06,318810.8,2026-09-18 23:59:59.999000+00:00,1
2026-09-19 00:00:00+00:00,5.46e-06,5.495e-06,5.388e-06,5.475e-06,474240.6,2026-09-19 03:59:59.999000+00:00,1
2026-09-19 04:00:00+00:00,5.474e-06,5.493e-06,5.38e-06,5.382e-06,364284.4,2026-09-19 07:59:59.999000+00:00,1
2026-09-19 08:00:00+00:00,5.382e-06,5.486e-06,5.37e-06,5.475e-06,320175.6,2026-09-19 11:59:59.999000+00:00,1
2026-09-19 12:00:00+00:00,5.475e-06,5.551e-06,5.449e-06,5.495e-06,543223.5,2026-09-19 15:59:59.999000+00:00,1
2026-09-19 16:00:00+00:00,5.496e-06,5.697e-06,5.479e-06,5.588e-06,1059977.2,2026-09-19 19:59:59.999000+00:00,1
2026-09-19 20:00:00+00:00,5.588e-06,5.603e-06,5.409e-06,5.509e-06,617716.2,2026-09-19 23:59:59.999000+00:00,1
2026-09-20 00:00:00+00:00,5.509e-06,5.542e-06,5.322e-06,5.389e-06,688936.7,2026-09-20 03:59:59.999000+00:00,1
2026-09-20 04:00:00+00:00,5.389e-06,5.403e-06,5.352e-06,5.359e-06,249050.7,2026-09-20 07:59:59.999000+00:00,1
2026-09-20 08:00:00+00:00,5.36e-06,5.409e-06,5.323e-06,5.37e-06,264421.2,2026-09-20 11:59:59.999000+00:00,1
2026-09-20 12:00:00+00:00,5.37e-06,5.399e-06,5.326e-06,5.38e-06,273463.6,2026-09-20 15:59:59.999000+00:00,0
