ts,open,high,low,close,volume,close_time,confirm
2026-03-22 08:00:00+00:00,0.3001,0.3012,0.2949,0.2951,1242559.0,2026-03-22 11:59:59.999000+00:00,1
2026-03-22 12:00:00+00:00,0.2951,0.2986,0.295,0.2963,779735.0,2026-03-22 15:59:59.999000+00:00,1
2026-03-22 16:00:00+00:00,0.2963,0.2966,0.2876,0.2897,1848076.0,2026-03-22 19:59:59.999000+00:00,1
2026-03-22 20:00:00+00:00,0.2898,0.2917,0.2829,0.285,1720132.0,2026-03-22 23:59:59.999000+00:00,1
2026-03-23 00:00:00+00:00,0.285,0.2899,0.2844,0.2848,1886838.0,2026-03-23 03:59:59.999000+00:00,1
2026-03-23 04:00:00+00:00,0.2849,0.2868,0.2829,0.2857,1559221.0,2026-03-23 07:59:59.999000+00:00,1
2026-03-23 08:00:00+00:00,0.2857,0.3015,0.284,0.299,4753563.0,2026-03-23 11:59:59.999000+00:00,1
2026-03-23 12:00:00+00:00,0.2989,0.3016,0.2939,0.2941,1728836.0,2026-03-23 15:59:59.999000+00:00,1
2026-03-23 16:00:00+00:00,0.2941,0.303,0.2923,0.3021,1421309.0,2026-03-23 19:59:59.999000+00:00,1
2026-03-23 20:00:00+00:00,0.3021,0.3041,0.2982,0.3027,1106414.0,2026-03-23 23:59:59.999000+00:00,1
2026-03-24 00:00:00+00:00,0.3026,0.3057,0.2965,0.3006,2178123.0,2026-03-24 03:59:59.999000+00:00,1
2026-03-24 04:00:00+00:00,0.3007,0.3029,0.2984,0.3025,1386406.0,2026-03-24 07:59:59.999000+00:00,1
2026-03-24 08:00:00+00:00,0.3027,0.3027,0.2966,0.2997,1907772.0,2026-03-24 11:59:59.999000+00:00,1
2026-03-24 12:00:00+00:00,0.2998,0.3003,0.2948,0.2969,1434365.0,2026-03-24 15:59:59.999000+00:00,1
2026-03-24 16:00:00+00:00,0.2968,0.2981,0.2924,0.2966,1432901.0,2026-03-24 19:59:59.999000+00:00,1
2026-03-24 20:00:00+00:00,0.2966,0.3027,0.2965,0.2994,820681.0,2026-03-24 23:59:59.999000+00:00,1
2026-03-25 00:00:00+00:00,0.2994,0.303,0.2982,0.3022,1321631.0,2026-03-25 03:59:59.999000+00:00,1
2026-03-25 04:00:00+00:00,0.3019,0.3037,0.2984,0.3,1258136.0,2026-03-25 07:59:59.999000+00:00,1
2026-03-25 08:00:00+00:00,0.3,0.3018,0.2983,0.2997,970698.0,2026-03-25 11:59:59.999000+00:00,1
2026-03-25 12:00:00+00:00,0.2998,0.3019,0.2984,0.3008,1463483.0,2026-03-25 15:59:59.999000+00:00,1
2026-03-25 16:00:00+00:00,0.3007,0.3024,0.2987,0.2997,1511832.0,2026-03-25 19:59:59.999000+00:00,1
2026-03-25 20:00:00+00:00,0.2998,0.3017,0.2968,0.2996,1016985.0,2026-03-25 23:59:59.999000+00:00,1
2026-03-26 00:00:00+00:00,0.2995,0.302,0.2947,0.2957,1576174.0,2026-03-26 03:59:59.999000+00:00,1
2026-03-26 04:00:00+00:00,0.2956,0.2962,0.2924,0.2929,1319967.0,2026-03-26 07:59:59.999000+00:00,1
2026-03-26 08:00:00+00:00,0.2928,0.2969,0.2896,0.2904,2162764.0,2026-03-26 11:59:59.999000+00:00,1
2026-03-26 12:00:00+00:00,0.2904,0.2926,0.2881,0.2895,1787379.0,2026-03-26 15:59:59.999000+00:00,1
2026-03-26 16:00:00+00:00,0.2895,0.2896,0.2841,0.2853,1435308.0,2026-03-26 19:59:59.999000+00:00,1
2026-03-26 20:00:00+00:00,0.2854,0.2903,0.2842,0.2856,2228223.0,2026-03-26 23:59:59.999000+00:00,1
2026-03-27 00:00:00+00:00,0.2855,0.2911,0.2854,0.2905,1201215.0,2026-03-27 03:59:59.999000+00:00,1
2026-03-27 04:00:00+00:00,0.2904,0.2949,0.2879,0.2931,2382925.0,2026-03-27 07:59:59.999000+00:00,1
2026-03-27 08:00:00+00:00,0.2931,0.2951,0.2821,0.2835,2501984.0,2026-03-27 11:59:59.999000+00:00,1
2026-03-27 12:00:00+00:00,0.2836,0.2836,0.2771,0.2807,2787127.0,2026-03-27 15:59:59.999000+00:00,1
2026-03-27 16:00:00+00:00,0.2806,0.2807,0.274,0.2778,1757761.0,2026-03-27 19:59:59.999000+00:00,1
2026-03-27 20:00:00+00:00,0.2777,0.279,0.2748,0.2764,881941.0,2026-03-27 23:59:59.999000+00:00,1
2026-03-28 00:00:00+00:00,0.2765,0.2775,0.2726,0.276,2010035.0,2026-03-28 03:59:59.999000+00:00,1
2026-03-28 04:00:00+00:00,0.276,0.2804,0.2759,0.2804,1222233.0,2026-03-28 07:59:59.999000+00:00,1
2026-03-28 08:00:00+00:00,0.2804,0.2818,0.2785,0.2799,650878.0,2026-03-28 11:59:59.999000+00:00,1
2026-03-28 12:00:00+00:00,0.2799,0.287,0.2797,0.2817,1809917.0,2026-03-28 15:59:59.999000+00:00,1
2026-03-28 16:00:00+00:00,0.2818,0.2824,0.2805,0.2813,912179.0,2026-03-28 19:59:59.999000+00:00,1
2026-03-28 20:00:00+00:00,0.2814,0.283,0.2753,0.2762,1147009.0,2026-03-28 23:59:59.999000+00:00,1
2026-03-29 00:00:00+00:00,0.2761,0.2787,0.2753,0.2769,1225806.0,2026-03-29 03:59:59.999000+00:00,1
2026-03-29 04:00:00+00:00,0.2768,0.2778,0.2757,0.2761,1015869.0,2026-03-29 07:59:59.999000+00:00,1
2026-03-29 08:00:00+00:00,0.276,0.2774,0.2735,0.2761,1064333.0,2026-03-29 11:59:59.999000+00:00,1
2026-03-29 12:00:00+00:00,0.276,0.2803,0.2729,0.2788,2450744.0,2026-03-29 15:59:59.999000+00:00,1
2026-03-29 16:00:00+00:00,0.2788,0.2788,0.2749,0.2762,1643353.0,2026-03-29 19:59:59.999000+00:00,1
2026-03-29 20:00:00+00:00,0.2762,0.2785,0.2681,0.274,2157691.0,2026-03-29 23:59:59.999000+00:00,1
2026-03-30 00:00:00+00:00,0.2741,0.2809,0.2735,0.2793,1773241.0,2026-03-30 03:59:59.999000+00:00,1
2026-03-30 04:00:00+00:00,0.2793,0.281,0.2768,0.2801,1463682.0,2026-03-30 07:59:59.999000+00:00,1
2026-03-30 08:00:00+00:00,0.2801,0.2845,0.279,0.2825,2257447.0,2026-03-30 11:59:59.999000+00:00,1
2026-03-30 12:00:00+00:00,0.2826,0.2844,0.2782,0.2809,1569331.0,2026-03-30 15:59:59.999000+00:00,1
2026-03-30 16:00:00+00:00,0.2808,0.2825,0.2747,0.2764,1864037.0,2026-03-30 19:59:59.999000+00:00,1
2026-03-30 20:00:00+00:00,0.2764,0.2786,0.2736,0.2756,2255595.0,2026-03-30 23:59:59.999000+00:00,1
2026-03-31 00:00:00+00:00,0.2756,0.2818,0.2753,0.2767,1955878.0,2026-03-31 03:59:59.999000+00:00,1
2026-03-31 04:00:00+00:00,0.2767,0.2799,0.2765,0.2789,1960227.0,2026-03-31 07:59:59.999000+00:00,1
2026-03-31 08:00:00+00:00,0.2789,0.2804,0.275,0.2782,2624514.0,2026-03-31 11:59:59.999000+00:00,1
2026-03-31 12:00:00+00:00,0.2782,0.2841,0.2775,0.2802,2172966.0,2026-03-31 15:59:59.999000+00:00,1
2026-03-31 16:00:00+00:00,0.2801,0.2896,0.2801,0.2871,2344077.0,2026-03-31 19:59:59.999000+00:00,1
2026-03-31 20:00:00+00:00,0.2871,0.2884,0.2852,0.2878,1305044.0,2026-03-31 23:59:59.999000+00:00,1
2026-04-01 00:00:00+00:00,0.2879,0.2949,0.2863,0.2929,2787234.0,2026-04-01 03:59:59.999000+00:00,1
2026-04-01 04:00:00+00:00,0.293,0.2948,0.2886,0.2913,1781451.0,2026-04-01 07:59:59.999000+00:00,1
2026-04-01 08:00:00+00:00,0.2912,0.2924,0.285,0.2862,1102861.0,2026-04-01 11:59:59.999000+00:00,1
2026-04-01 12:00:00+00:00,0.2862,0.2902,0.2851,0.2884,1470608.0,2026-04-01 15:59:59.999000+00:00,1
2026-04-01 16:00:00+00:00,0.2884,0.2906,0.2842,0.2856,1084602.0,2026-04-01 19:59:59.999000+00:00,1
2026-04-01 20:00:00+00:00,0.2855,0.2863,0.2807,0.2812,1233327.0,2026-04-01 23:59:59.999000+00:00,1
2026-04-02 00:00:00+00:00,0.2812,0.2838,0.2717,0.2733,3613462.0,2026-04-02 03:59:59.999000+00:00,1
2026-04-02 04:00:00+00:00,0.2732,0.2811,0.2727,0.2796,2321719.0,2026-04-02 07:59:59.999000+00:00,1
2026-04-02 08:00:00+00:00,0.2796,0.2796,0.2745,0.2769,1963568.0,2026-04-02 11:59:59.999000+00:00,1
2026-04-02 12:00:00+00:00,0.2769,0.2776,0.2734,0.2756,2852552.0,2026-04-02 15:59:59.999000+00:00,1
2026-04-02 16:00:00+00:00,0.2755,0.2802,0.2742,0.2759,1465600.0,2026-04-02 19:59:59.999000+00:00,1
2026-04-02 20:00:00+00:00,0.2759,0.2786,0.2755,0.2786,932207.0,2026-04-02 23:59:59.999000+00:00,1
2026-04-03 00:00:00+00:00,0.2786,0.28,0.2749,0.275,2139505.0,2026-04-03 03:59:59.999000+00:00,1
2026-04-03 04:00:00+00:00,0.275,0.2795,0.2745,0.276,2114014.0,2026-04-03 07:59:59.999000+00:00,1
2026-04-03 08:00:00+00:00,0.2761,0.2849,0.2761,0.2822,2857831.0,2026-04-03 11:59:59.999000+00:00,1
2026-04-03 12:00:00+00:00,0.2822,0.2843,0.2772,0.2774,1749139.0,2026-04-03 15:59:59.999000+00:00,1
2026-04-03 16:00:00+00:00,0.2773,0.2807,0.2768,0.2784,1731512.0,2026-04-03 19:59:59.999000+00:00,1
2026-04-03 20:00:00+00:00,0.2785,0.28,0.2777,0.2787,656024.0,2026-04-03 23:59:59.999000+00:00,1
2026-04-04 00:00:00+00:00,0.2786,0.279,0.2757,0.2766,926088.0,2026-04-04 03:59:59.999000+00:00,1
2026-04-04 04:00:00+00:00,0.2766,0.2776,0.2757,0.2768,881403.0,2026-04-04 07:59:59.999000+00:00,1
2026-04-04 08:00:00+00:00,0.2767,0.2781,0.2756,0.2774,761470.0,2026-04-04 11:59:59.999000+00:00,1
2026-04-04 12:00:00+00:00,0.2775,0.2784,0.2738,0.2774,1474235.0,2026-04-04 15:59:59.999000+00:00,1
2026-04-04 16:00:00+00:00,0.2773,0.2814,0.276,0.2802,1039309.0,2026-04-04 19:59:59.999000+00:00,1
2026-04-04 20:00:00+00:00,0.2801,0.2807,0.2781,0.2793,440044.0,2026-04-04 23:59:59.999000+00:00,1
2026-04-05 00:00:00+00:00,0.2793,0.2798,0.2773,0.2797,1194408.0,2026-04-05 03:59:59.999000+00:00,1
2026-04-05 04:00:00+00:00,0.2797,0.2797,0.2722,0.2753,1833288.0,2026-04-05 07:59:59.999000+00:00,1
2026-04-05 08:00:00+00:00,0.2753,0.2808,0.2748,0.2804,2556431.0,2026-04-05 11:59:59.999000+00:00,1
2026-04-05 12:00:00+00:00,0.2805,0.2824,0.2731,0.2788,5171701.0,2026-04-05 15:59:59.999000+00:00,1
2026-04-05 16:00:00+00:00,0.2787,0.2804,0.2768,0.2789,1926661.0,2026-04-05 19:59:59.999000+00:00,1
2026-04-05 20:00:00+00:00,0.2788,0.2964,0.2781,0.286,14963223.0,2026-04-05 23:59:59.999000+00:00,1
2026-04-06 00:00:00+00:00,0.286,0.2899,0.2846,0.2879,3143116.0,2026-04-06 03:59:59.999000+00:00,1
2026-04-06 04:00:00+00:00,0.288,0.2911,0.2869,0.2879,2113498.0,2026-04-06 07:59:59.999000+00:00,1
2026-04-06 08:00:00+00:00,0.288,0.2912,0.2864,0.2885,2700181.0,2026-04-06 11:59:59.999000+00:00,1
2026-04-06 12:00:00+00:00,0.2886,0.3149,0.2884,0.2928,10122254.0,2026-04-06 15:59:59.999000+00:00,1
2026-04-06 16:00:00+00:00,0.2929,0.2992,0.2928,0.2942,3092390.0,2026-04-06 19:59:59.999000+00:00,1
2026-04-06 20:00:00+00:00,0.2942,0.2946,0.2866,0.2911,2144358.0,2026-04-06 23:59:59.999000+00:00,1
2026-04-07 00:00:00+00:00,0.291,0.2964,0.2888,0.2942,2588811.0,2026-04-07 03:59:59.999000+00:00,1
2026-04-07 04:00:00+00:00,0.2941,0.2971,0.2875,0.2896,2546537.0,2026-04-07 07:59:59.999000+00:00,1
2026-04-07 08:00:00+00:00,0.2895,0.2905,0.2848,0.2854,2309277.0,2026-04-07 11:59:59.999000+00:00,1
2026-04-07 12:00:00+00:00,0.2855,0.2891,0.2818,0.2851,2438773.0,2026-04-07 15:59:59.999000+00:00,1
2026-04-07 16:00:00+00:00,0.2851,0.2904,0.2845,0.2887,1555600.0,2026-04-07 19:59:59.999000+00:00,1
2026-04-07 20:00:00+00:00,0.2888,0.303,0.2886,0.3023,3115210.0,2026-04-07 23:59:59.999000+00:00,1
2026-04-08 00:00:00+00:00,0.3023,0.3025,0.2985,0.2993,1018491.0,2026-04-08 03:59:59.999000+00:00,1
2026-04-08 04:00:00+00:00,0.2993,0.3022,0.2993,0.3008,942672.0,2026-04-08 07:59:59.999000+00:00,1
2026-04-08 08:00:00+00:00,0.3008,0.3009,0.2984,0.2998,549251.0,2026-04-08 11:59:59.999000+00:00,1
2026-04-08 12:00:00+00:00,0.2998,0.3012,0.293,0.2968,1068883.0,2026-04-08 15:59:59.999000+00:00,1
2026-04-08 16:00:00+00:00,0.2969,0.2969,0.29,0.2914,1161041.0,2026-04-08 19:59:59.999000+00:00,1
2026-04-08 20:00:00+00:00,0.2915,0.2935,0.2877,0.2882,778049.0,2026-04-08 23:59:59.999000+00:00,1
2026-04-09 00:00:00+00:00,0.2881,0.2901,0.2867,0.2879,1234992.0,2026-04-09 03:59:59.999000+00:00,1
2026-04-09 04:00:00+00:00,0.2879,0.2898,0.2863,0.2887,595777.0,2026-04-09 07:59:59.999000+00:00,1
2026-04-09 08:00:00+00:00,0.2888,0.2925,0.2879,0.2906,865151.0,2026-04-09 11:59:59.999000+00:00,1
2026-04-09 12:00:00+00:00,0.2905,0.2928,0.2879,0.2923,1168894.0,2026-04-09 15:59:59.999000+00:00,1
2026-04-09 16:00:00+00:00,0.2922,0.3001,0.2922,0.2967,1491279.0,2026-04-09 19:59:59.999000+00:00,1
2026-04-09 20:00:00+00:00,0.2966,0.3006,0.2934,0.294,1058887.0,2026-04-09 23:59:59.999000+00:00,1
2026-04-10 00:00:00+00:00,0.2939,0.2951,0.2915,0.2925,750872.0,2026-04-10 03:59:59.999000+00:00,1
2026-04-10 04:00:00+00:00,0.2926,0.2948,0.2895,0.2895,474665.0,2026-04-10 07:59:59.999000+00:00,1
2026-04-10 08:00:00+00:00,0.2896,0.2923,0.2884,0.2923,768683.0,2026-04-10 11:59:59.999000+00:00,1
2026-04-10 12:00:00+00:00,0.2923,0.2996,0.2918,0.2931,1752415.0,2026-04-10 15:59:59.999000+00:00,1
2026-04-10 16:00:00+00:00,0.2932,0.2978,0.2931,0.2975,644566.0,2026-04-10 19:59:59.999000+00:00,1
2026-04-10 20:00:00+00:00,0.2974,0.2976,0.2926,0.2941,551208.0,2026-04-10 23:59:59.999000+00:00,1
2026-04-11 00:00:00+00:00,0.294,0.2954,0.291,0.2911,634060.0,2026-04-11 03:59:59.999000+00:00,1
2026-04-11 04:00:00+00:00,0.2911,0.2931,0.2897,0.2901,612041.0,2026-04-11 07:59:59.999000+00:00,1
2026-04-11 08:00:00+00:00,0.2901,0.291,0.2892,0.2894,397976.0,2026-04-11 11:59:59.999000+00:00,1
2026-04-11 12:00:00+00:00,0.2894,0.2894,0.2863,0.2877,575803.0,2026-04-11 15:59:59.999000+00:00,1
2026-04-11 16:00:00+00:00,0.2876,0.2967,0.2875,0.295,967218.0,2026-04-11 19:59:59.999000+00:00,1
2026-04-11 20:00:00+00:00,0.2952,0.2958,0.2895,0.2904,675656.0,2026-04-11 23:59:59.999000+00:00,1
2026-04-12 00:00:00+00:00,0.2905,0.2921,0.2821,0.2835,1172617.0,2026-04-12 03:59:59.999000+00:00,1
2026-04-12 04:00:00+00:00,0.2835,0.2848,0.2826,0.2843,520108.0,2026-04-12 07:59:59.999000+00:00,1
2026-04-12 08:00:00+00:00,0.2843,0.2885,0.2831,0.2842,773639.0,2026-04-12 11:59:59.999000+00:00,1
2026-04-12 12:00:00+00:00,0.2842,0.2846,0.2802,0.2811,870922.0,2026-04-12 15:59:59.999000+00:00,1
2026-04-12 16:00:00+00:00,0.281,0.286,0.2803,0.2835,532787.0,2026-04-12 19:59:59.999000+00:00,1
2026-04-12 20:00:00+00:00,0.2834,0.2852,0.2797,0.28,814014.0,2026-04-12 23:59:59.999000+00:00,1
2026-04-13 00:00:00+00:00,0.2801,0.2837,0.2799,0.2819,758821.0,2026-04-13 03:59:59.999000+00:00,1
2026-04-13 04:00:00+00:00,0.2819,0.2838,0.2801,0.2804,1272851.0,2026-04-13 07:59:59.999000+00:00,1
2026-04-13 08:00:00+00:00,0.2804,0.2862,0.2793,0.2833,1247513.0,2026-04-13 11:59:59.999000+00:00,1
2026-04-13 12:00:00+00:00,0.2833,0.2859,0.282,0.2846,1527538.0,2026-04-13 15:59:59.999000+00:00,1
2026-04-13 16:00:00+00:00,0.2846,0.2882,0.2822,0.2879,1709016.0,2026-04-13 19:59:59.999000+00:00,1
2026-04-13 20:00:00+00:00,0.2878,0.2961,0.285,0.2938,1845670.0,2026-04-13 23:59:59.999000+00:00,1
2026-04-14 00:00:00+00:00,0.2939,0.2961,0.2901,0.2956,1493997.0,2026-04-14 03:59:59.999000+00:00,1
2026-04-14 04:00:00+00:00,0.2956,0.2962,0.2916,0.2921,1125005.0,2026-04-14 07:59:59.999000+00:00,1
2026-04-14 08:00:00+00:00,0.2922,0.2941,0.2909,0.2915,797310.0,2026-04-14 11:59:59.999000+00:00,1
2026-04-14 12:00:00+00:00,0.2916,0.293,0.288,0.29,1836541.0,2026-04-14 15:59:59.999000+00:00,1
2026-04-14 16:00:00+00:00,0.2901,0.2907,0.2818,0.2838,1567343.0,2026-04-14 19:59:59.999000+00:00,1
2026-04-14 20:00:00+00:00,0.2839,0.2875,0.2827,0.2873,835796.0,2026-04-14 23:59:59.999000+00:00,1
2026-04-15 00:00:00+00:00,0.2873,0.2931,0.2866,0.289,1622071.0,2026-04-15 03:59:59.999000+00:00,1
2026-04-15 04:00:00+00:00,0.289,0.2937,0.2887,0.291,1650611.0,2026-04-15 07:59:59.999000+00:00,1
2026-04-15 08:00:00+00:00,0.2912,0.2953,0.289,0.2932,1394666.0,2026-04-15 11:59:59.999000+00:00,1
2026-04-15 12:00:00+00:00,0.2931,0.2947,0.29,0.2934,1157420.0,2026-04-15 15:59:59.999000+00:00,1
2026-04-15 16:00:00+00:00,0.2932,0.2968,0.2929,0.2952,1557253.0,2026-04-15 19:59:59.999000+00:00,1
2026-04-15 20:00:00+00:00,0.2951,0.2954,0.2923,0.2943,881908.0,2026-04-15 23:59:59.999000+00:00,1
2026-04-16 00:00:00+00:00,0.2943,0.3008,0.2926,0.2991,1716583.0,2026-04-16 03:59:59.999000+00:00,1
2026-04-16 04:00:00+00:00,0.2991,0.3,0.2963,0.2986,1742956.0,2026-04-16 07:59:59.999000+00:00,1
2026-04-16 08:00:00+00:00,0.2986,0.3008,0.2962,0.3002,1371886.0,2026-04-16 11:59:59.999000+00:00,1
2026-04-16 12:00:00+00:00,0.3001,0.3045,0.2954,0.3042,2639889.0,2026-04-16 15:59:59.999000+00:00,1
2026-04-16 16:00:00+00:00,0.3042,0.3091,0.2993,0.3086,2769610.0,2026-04-16 19:59:59.999000+00:00,1
2026-04-16 20:00:00+00:00,0.3085,0.3095,0.3045,0.309,927214.0,2026-04-16 23:59:59.999000+00:00,1
2026-04-17 00:00:00+00:00,0.3088,0.3088,0.2989,0.2992,3236085.0,2026-04-17 03:59:59.999000+00:00,1
2026-04-17 04:00:00+00:00,0.2992,0.3069,0.2959,0.3066,2530753.0,2026-04-17 07:59:59.999000+00:00,1
2026-04-17 08:00:00+00:00,0.3067,0.3103,0.3051,0.3082,2332751.0,2026-04-17 11:59:59.999000+00:00,1
2026-04-17 12:00:00+00:00,0.3081,0.3147,0.3072,0.3112,2375304.0,2026-04-17 15:59:59.999000+00:00,1
2026-04-17 16:00:00+00:00,0.311,0.3141,0.3073,0.3092,2082704.0,2026-04-17 19:59:59.999000+00:00,1
2026-04-17 20:00:00+00:00,0.3093,0.3113,0.3063,0.3071,917277.0,2026-04-17 23:59:59.999000+00:00,1
2026-04-18 00:00:00+00:00,0.3071,0.3084,0.304,0.3047,1439177.0,2026-04-18 03:59:59.999000+00:00,1
2026-04-18 04:00:00+00:00,0.3048,0.3133,0.3044,0.3103,1274551.0,2026-04-18 07:59:59.999000+00:00,1
2026-04-18 08:00:00+00:00,0.3105,0.3116,0.2995,0.3028,1842978.0,2026-04-18 11:59:59.999000+00:00,1
2026-04-18 12:00:00+00:00,0.3028,0.3062,0.2998,0.3033,1439629.0,2026-04-18 15:59:59.999000+00:00,1
2026-04-18 16:00:00+00:00,0.3033,0.3048,0.2973,0.2987,1121429.0,2026-04-18 19:59:59.999000+00:00,1
2026-04-18 20:00:00+00:00,0.2987,0.3002,0.2961,0.2964,1001689.0,2026-04-18 23:59:59.999000+00:00,1
2026-04-19 00:00:00+00:00,0.2964,0.2972,0.2924,0.293,1308793.0,2026-04-19 03:59:59.999000+00:00,1
2026-04-19 04:00:00+00:00,0.2929,0.2948,0.2911,0.2932,1291004.0,2026-04-19 07:59:59.999000+00:00,1
2026-04-19 08:00:00+00:00,0.2931,0.294,0.2884,0.2928,838940.0,2026-04-19 11:59:59.999000+00:00,1
2026-04-19 12:00:00+00:00,0.2928,0.2957,0.2909,0.2936,1067865.0,2026-04-19 15:59:59.999000+00:00,1
2026-04-19 16:00:00+00:00,0.2938,0.2938,0.2879,0.2908,925558.0,2026-04-19 19:59:59.999000+00:00,1
2026-04-19 20:00:00+00:00,0.2907,0.2916,0.2829,0.2849,1549574.0,2026-04-19 23:59:59.999000+00:00,1
2026-04-20 00:00:00+00:00,0.2849,0.2887,0.2848,0.2882,1082646.0,2026-04-20 03:59:59.999000+00:00,1
2026-04-20 04:00:00+00:00,0.2883,0.2915,0.2839,0.2888,1383829.0,2026-04-20 07:59:59.999000+00:00,1
2026-04-20 08:00:00+00:00,0.2888,0.2897,0.2874,0.2884,859690.0,2026-04-20 11:59:59.999000+00:00,1
2026-04-20 12:00:00+00:00,0.2884,0.3015,0.2879,0.2969,3891077.0,2026-04-20 15:59:59.999000+00:00,1
2026-04-20 16:00:00+00:00,0.297,0.3018,0.2942,0.2964,2829392.0,2026-04-20 19:59:59.999000+00:00,1
2026-04-20 20:00:00+00:00,0.2963,0.2974,0.2917,0.2927,913515.0,2026-04-20 23:59:59.999000+00:00,1
2026-04-21 00:00:00+00:00,0.2927,0.2935,0.2889,0.2905,846912.0,2026-04-21 03:59:59.999000+00:00,1
2026-04-21 04:00:00+00:00,0.2904,0.295,0.2893,0.2935,1562065.0,2026-04-21 07:59:59.999000+00:00,1
2026-04-21 08:00:00+00:00,0.2936,0.295,0.292,0.2933,1015760.0,2026-04-21 11:59:59.999000+00:00,1
2026-04-21 12:00:00+00:00,0.2933,0.2939,0.2897,0.2919,1369548.0,2026-04-21 15:59:59.999000+00:00,1
2026-04-21 16:00:00+00:00,0.292,0.2925,0.2866,0.2876,1409358.0,2026-04-21 19:59:59.999000+00:00,1
2026-04-21 20:00:00+00:00,0.2876,0.2922,0.287,0.292,1016232.0,2026-04-21 23:59:59.999000+00:00,1
2026-04-22 00:00:00+00:00,0.292,0.2977,0.2908,0.2961,877747.0,2026-04-22 03:59:59.999000+00:00,1
2026-04-22 04:00:00+00:00,0.2962,0.3025,0.2961,0.3001,1099754.0,2026-04-22 07:59:59.999000+00:00,1
2026-04-22 08:00:00+00:00,0.3001,0.3018,0.2979,0.2993,612563.0,2026-04-22 11:59:59.999000+00:00,1
2026-04-22 12:00:00+00:00,0.2994,0.3013,0.2978,0.2997,736237.0,2026-04-22 15:59:59.999000+00:00,1
2026-04-22 16:00:00+00:00,0.2997,0.3022,0.2979,0.2994,856910.0,2026-04-22 19:59:59.999000+00:00,1
2026-04-22 20:00:00+00:00,0.2994,0.3005,0.2963,0.2965,552220.0,2026-04-22 23:59:59.999000+00:00,1
2026-04-23 00:00:00+00:00,0.2965,0.2976,0.2922,0.294,1156725.0,2026-04-23 03:59:59.999000+00:00,1
2026-04-23 04:00:00+00:00,0.2939,0.2965,0.2932,0.2942,661677.0,2026-04-23 07:59:59.999000+00:00,1
2026-04-23 08:00:00+00:00,0.2941,0.2949,0.2913,0.2935,612035.0,2026-04-23 11:59:59.999000+00:00,1
2026-04-23 12:00:00+00:00,0.2934,0.2997,0.2932,0.2989,623362.0,2026-04-23 15:59:59.999000+00:00,1
2026-04-23 16:00:00+00:00,0.299,0.2995,0.2929,0.2952,684764.0,2026-04-23 19:59:59.999000+00:00,1
2026-04-23 20:00:00+00:00,0.2951,0.3009,0.295,0.3004,351480.0,2026-04-23 23:59:59.999000+00:00,1
2026-04-24 00:00:00+00:00,0.3008,0.3023,0.2984,0.3003,670540.0,2026-04-24 03:59:59.999000+00:00,1
2026-04-24 04:00:00+00:00,0.3003,0.3021,0.2987,0.3005,792932.0,2026-04-24 07:59:59.999000+00:00,1
2026-04-24 08:00:00+00:00,0.3006,0.3043,0.2995,0.3043,1038239.0,2026-04-24 11:59:59.999000+00:00,1
2026-04-24 12:00:00+00:00,0.3043,0.3057,0.3007,0.3055,696632.0,2026-04-24 15:59:59.999000+00:00,1
2026-04-24 16:00:00+00:00,0.3055,0.3061,0.3024,0.306,447062.0,2026-04-24 19:59:59.999000+00:00,1
2026-04-24 20:00:00+00:00,0.306,0.3065,0.3024,0.3041,486356.0,2026-04-24 23:59:59.999000+00:00,1
2026-04-25 00:00:00+00:00,0.304,0.309,0.3031,0.3084,831320.0,2026-04-25 03:59:59.999000+00:00,1
2026-04-25 04:00:00+00:00,0.3085,0.3108,0.3059,0.3095,850483.0,2026-04-25 07:59:59.999000+00:00,1
2026-04-25 08:00:00+00:00,0.3094,0.3109,0.3068,0.3075,815798.0,2026-04-25 11:59:59.999000+00:00,1
2026-04-25 12:00:00+00:00,0.3075,0.3075,0.3036,0.3045,626153.0,2026-04-25 15:59:59.999000+00:00,1
2026-04-25 16:00:00+00:00,0.3044,0.3051,0.2991,0.2999,713886.0,2026-04-25 19:59:59.999000+00:00,1
2026-04-25 20:00:00+00:00,0.3,0.302,0.2995,0.3019,302130.0,2026-04-25 23:59:59.999000+00:00,1
2026-04-26 00:00:00+00:00,0.3019,0.3019,0.2979,0.2999,528022.0,2026-04-26 03:59:59.999000+00:00,1
2026-04-26 04:00:00+00:00,0.2998,0.3044,0.2995,0.3037,595634.0,2026-04-26 07:59:59.999000+00:00,1
2026-04-26 08:00:00+00:00,0.3038,0.3137,0.3014,0.3125,1846839.0,2026-04-26 11:59:59.999000+00:00,1
2026-04-26 12:00:00+00:00,0.3126,0.3154,0.3098,0.3151,2255278.0,2026-04-26 15:59:59.999000+00:00,1
2026-04-26 16:00:00+00:00,0.315,0.3208,0.3133,0.319,2539850.0,2026-04-26 19:59:59.999000+00:00,1
2026-04-26 20:00:00+00:00,0.319,0.3268,0.3169,0.3231,2110546.0,2026-04-26 23:59:59.999000+00:00,1
2026-04-27 00:00:00+00:00,0.3231,0.3427,0.3221,0.3427,6024833.0,2026-04-27 03:59:59.999000+00:00,1
2026-04-27 04:00:00+00:00,0.3426,0.3484,0.3103,0.3112,10802017.0,2026-04-27 07:59:59.999000+00:00,1
2026-04-27 08:00:00+00:00,0.3112,0.3151,0.3094,0.3122,2386920.0,2026-04-27 11:59:59.999000+00:00,1
2026-04-27 12:00:00+00:00,0.3123,0.3262,0.3111,0.3156,3775198.0,2026-04-27 15:59:59.999000+00:00,1
2026-04-27 16:00:00+00:00,0.3156,0.3187,0.3083,0.31,1648762.0,2026-04-27 19:59:59.999000+00:00,1
2026-04-27 20:00:00+00:00,0.3101,0.3155,0.3088,0.3142,947146.0,2026-04-27 23:59:59.999000+00:00,1
2026-04-28 00:00:00+00:00,0.3143,0.3172,0.3114,0.3132,942426.0,2026-04-28 03:59:59.999000+00:00,1
2026-04-28 04:00:00+00:00,0.3132,0.317,0.3115,0.3121,1035299.0,2026-04-28 07:59:59.999000+00:00,1
2026-04-28 08:00:00+00:00,0.312,0.3135,0.3073,0.3086,648179.0,2026-04-28 11:59:59.999000+00:00,1
2026-04-28 12:00:00+00:00,0.3087,0.3106,0.3063,0.3083,827937.0,2026-04-28 15:59:59.999000+00:00,1
2026-04-28 16:00:00+00:00,0.3083,0.3158,0.3077,0.3156,703211.0,2026-04-28 19:59:59.999000+00:00,1
2026-04-28 20:00:00+00:00,0.3157,0.3181,0.3128,0.3155,645972.0,2026-04-28 23:59:59.999000+00:00,1
2026-04-29 00:00:00+00:00,0.3155,0.3222,0.3147,0.3213,1220802.0,2026-04-29 03:59:59.999000+00:00,1
2026-04-29 04:00:00+00:00,0.3214,0.3244,0.3161,0.317,999537.0,2026-04-29 07:59:59.999000+00:00,1
2026-04-29 08:00:00+00:00,0.3171,0.3206,0.3162,0.3173,572702.0,2026-04-29 11:59:59.999000+00:00,1
2026-04-29 12:00:00+00:00,0.3173,0.3176,0.3085,0.3101,1614294.0,2026-04-29 15:59:59.999000+00:00,1
2026-04-29 16:00:00+00:00,0.3102,0.3135,0.3026,0.3058,963993.0,2026-04-29 19:59:59.999000+00:00,1
2026-04-29 20:00:00+00:00,0.3058,0.3104,0.3055,0.3092,641154.0,2026-04-29 23:59:59.999000+00:00,1
2026-04-30 00:00:00+00:00,0.3092,0.3125,0.3071,0.3102,466744.0,2026-04-30 03:59:59.999000+00:00,1
2026-04-30 04:00:00+00:00,0.3101,0.3131,0.3078,0.3109,1018020.0,2026-04-30 07:59:59.999000+00:00,1
2026-04-30 08:00:00+00:00,0.3109,0.3122,0.3089,0.3109,868970.0,2026-04-30 11:59:59.999000+00:00,1
2026-04-30 12:00:00+00:00,0.311,0.3133,0.3067,0.3086,601682.0,2026-04-30 15:59:59.999000+00:00,1
2026-04-30 16:00:00+00:00,0.3086,0.3088,0.3043,0.3044,488524.0,2026-04-30 19:59:59.999000+00:00,1
2026-04-30 20:00:00+00:00,0.3043,0.3045,0.2972,0.3015,681611.0,2026-04-30 23:59:59.999000+00:00,1
2026-05-01 00:00:00+00:00,0.3015,0.3085,0.3008,0.3065,706249.0,2026-05-01 03:59:59.999000+00:00,1
2026-05-01 04:00:00+00:00,0.3066,0.3159,0.3036,0.3101,1373239.0,2026-05-01 07:59:59.999000+00:00,1
2026-05-01 08:00:00+00:00,0.31,0.3126,0.3088,0.3104,453813.0,2026-05-01 11:59:59.999000+00:00,1
2026-05-01 12:00:00+00:00,0.3104,0.3138,0.3095,0.3121,666336.0,2026-05-01 15:59:59.999000+00:00,1
2026-05-01 16:00:00+00:00,0.3122,0.3135,0.3102,0.3106,359673.0,2026-05-01 19:59:59.999000+00:00,1
2026-05-01 20:00:00+00:00,0.3106,0.3127,0.3071,0.3083,546678.0,2026-05-01 23:59:59.999000+00:00,1
2026-05-02 00:00:00+00:00,0.3084,0.3116,0.3073,0.31,434135.0,2026-05-02 03:59:59.999000+00:00,1
2026-05-02 04:00:00+00:00,0.3099,0.311,0.3078,0.3097,253034.0,2026-05-02 07:59:59.999000+00:00,1
2026-05-02 08:00:00+00:00,0.3096,0.3124,0.309,0.3107,263018.0,2026-05-02 11:59:59.999000+00:00,1
2026-05-02 12:00:00+00:00,0.3108,0.3291,0.3106,0.3286,2285198.0,2026-05-02 15:59:59.999000+00:00,1
2026-05-02 16:00:00+00:00,0.3285,0.341,0.3283,0.3341,4081559.0,2026-05-02 19:59:59.999000+00:00,1
2026-05-02 20:00:00+00:00,0.3341,0.3364,0.3285,0.3301,823506.0,2026-05-02 23:59:59.999000+00:00,1
2026-05-03 00:00:00+00:00,0.3301,0.3306,0.3191,0.3212,1237008.0,2026-05-03 03:59:59.999000+00:00,1
2026-05-03 04:00:00+00:00,0.3212,0.3216,0.3172,0.3179,740898.0,2026-05-03 07:59:59.999000+00:00,1
2026-05-03 08:00:00+00:00,0.318,0.3202,0.3152,0.3165,735780.0,2026-05-03 11:59:59.999000+00:00,1
2026-05-03 12:00:00+00:00,0.3164,0.3177,0.3145,0.315,479267.0,2026-05-03 15:59:59.999000+00:00,1
2026-05-03 16:00:00+00:00,0.315,0.3247,0.3148,0.3237,1248310.0,2026-05-03 19:59:59.999000+00:00,1
2026-05-03 20:00:00+00:00,0.3237,0.3272,0.3163,0.3167,739390.0,2026-05-03 23:59:59.999000+00:00,1
2026-05-04 00:00:00+00:00,0.3168,0.3319,0.3158,0.3285,1258266.0,2026-05-04 03:59:59.999000+00:00,1
2026-05-04 04:00:00+00:00,0.3286,0.3307,0.3238,0.3245,683450.0,2026-05-04 07:59:59.999000+00:00,1
2026-05-04 08:00:00+00:00,0.3245,0.3256,0.3148,0.3171,1041429.0,2026-05-04 11:59:59.999000+00:00,1
2026-05-04 12:00:00+00:00,0.317,0.3204,0.3145,0.3176,822111.0,2026-05-04 15:59:59.999000+00:00,1
2026-05-04 16:00:00+00:00,0.3177,0.3212,0.3152,0.3188,499221.0,2026-05-04 19:59:59.999000+00:00,1
2026-05-04 20:00:00+00:00,0.3185,0.3196,0.3153,0.3157,202351.0,2026-05-04 23:59:59.999000+00:00,1
2026-05-05 00:00:00+00:00,0.3158,0.3214,0.3155,0.3201,278561.0,2026-05-05 03:59:59.999000+00:00,1
2026-05-05 04:00:00+00:00,0.32,0.3234,0.319,0.3234,410043.0,2026-05-05 07:59:59.999000+00:00,1
2026-05-05 08:00:00+00:00,0.3232,0.3246,0.3198,0.3205,454096.0,2026-05-05 11:59:59.999000+00:00,1
2026-05-05 12:00:00+00:00,0.3205,0.3241,0.3199,0.3216,624094.0,2026-05-05 15:59:59.999000+00:00,1
2026-05-05 16:00:00+00:00,0.3216,0.325,0.3183,0.324,484126.0,2026-05-05 19:59:59.999000+00:00,1
2026-05-05 20:00:00+00:00,0.3241,0.3368,0.323,0.3243,2014928.0,2026-05-05 23:59:59.999000+00:00,1
2026-05-06 00:00:00+00:00,0.3243,0.3287,0.3214,0.3278,757587.0,2026-05-06 03:59:59.999000+00:00,1
2026-05-06 04:00:00+00:00,0.3276,0.3296,0.3239,0.3281,603322.0,2026-05-06 07:59:59.999000+00:00,1
2026-05-06 08:00:00+00:00,0.3281,0.3355,0.3277,0.3322,710334.0,2026-05-06 11:59:59.999000+00:00,1
2026-05-06 12:00:00+00:00,0.3323,0.3325,0.322,0.3295,806955.0,2026-05-06 15:59:59.999000+00:00,1
2026-05-06 16:00:00+00:00,0.3295,0.332,0.3255,0.3279,716295.0,2026-05-06 19:59:59.999000+00:00,1
2026-05-06 20:00:00+00:00,0.3279,0.3324,0.3268,0.3305,358890.0,2026-05-06 23:59:59.999000+00:00,1
2026-05-07 00:00:00+00:00,0.3304,0.3319,0.3229,0.3256,918687.0,2026-05-07 03:59:59.999000+00:00,1
2026-05-07 04:00:00+00:00,0.3255,0.3373,0.3251,0.3348,796124.0,2026-05-07 07:59:59.999000+00:00,1
2026-05-07 08:00:00+00:00,0.3349,0.3361,0.3277,0.3293,583370.0,2026-05-07 11:59:59.999000+00:00,1
2026-05-07 12:00:00+00:00,0.3292,0.3342,0.3208,0.3237,898066.0,2026-05-07 15:59:59.999000+00:00,1
2026-05-07 16:00:00+00:00,0.3237,0.3311,0.3218,0.3304,602515.0,2026-05-07 19:59:59.999000+00:00,1
2026-05-07 20:00:00+00:00,0.3305,0.3464,0.327,0.3449,1667942.0,2026-05-07 23:59:59.999000+00:00,1
2026-05-08 00:00:00+00:00,0.3449,0.3456,0.3336,0.3348,1818643.0,2026-05-08 03:59:59.999000+00:00,1
2026-05-08 04:00:00+00:00,0.3347,0.3427,0.3345,0.3391,842798.0,2026-05-08 07:59:59.999000+00:00,1
2026-05-08 08:00:00+00:00,0.339,0.3424,0.3368,0.3412,751177.0,2026-05-08 11:59:59.999000+00:00,1
2026-05-08 12:00:00+00:00,0.3412,0.3487,0.3391,0.3429,1485981.0,2026-05-08 15:59:59.999000+00:00,1
2026-05-08 16:00:00+00:00,0.3429,0.3678,0.3415,0.3632,4746130.0,2026-05-08 19:59:59.999000+00:00,1
2026-05-08 20:00:00+00:00,0.3633,0.3689,0.362,0.3662,1230934.0,2026-05-08 23:59:59.999000+00:00,1
2026-05-09 00:00:00+00:00,0.3663,0.3756,0.365,0.3677,1070928.0,2026-05-09 03:59:59.999000+00:00,1
2026-05-09 04:00:00+00:00,0.3678,0.372,0.3586,0.3596,1011187.0,2026-05-09 07:59:59.999000+00:00,1
2026-05-09 08:00:00+00:00,0.3594,0.3615,0.3566,0.3598,970761.0,2026-05-09 11:59:59.999000+00:00,1
2026-05-09 12:00:00+00:00,0.3597,0.3673,0.3569,0.3586,1362613.0,2026-05-09 15:59:59.999000+00:00,1
2026-05-09 16:00:00+00:00,0.3587,0.3642,0.3557,0.3584,780742.0,2026-05-09 19:59:59.999000+00:00,1
2026-05-09 20:00:00+00:00,0.3585,0.3587,0.3557,0.3561,320448.0,2026-05-09 23:59:59.999000+00:00,1
2026-05-10 00:00:00+00:00,0.356,0.3582,0.3487,0.3563,909296.0,2026-05-10 03:59:59.999000+00:00,1
2026-05-10 04:00:00+00:00,0.3562,0.3611,0.3561,0.3599,410995.0,2026-05-10 07:59:59.999000+00:00,1
2026-05-10 08:00:00+00:00,0.3598,0.3638,0.3581,0.3587,373407.0,2026-05-10 11:59:59.999000+00:00,1
2026-05-10 12:00:00+00:00,0.3587,0.3641,0.3565,0.3639,647648.0,2026-05-10 15:59:59.999000+00:00,1
2026-05-10 16:00:00+00:00,0.3641,0.3687,0.3628,0.3669,471285.0,2026-05-10 19:59:59.999000+00:00,1
2026-05-10 20:00:00+00:00,0.367,0.3686,0.3529,0.3636,1130450.0,2026-05-10 23:59:59.999000+00:00,1
2026-05-11 00:00:00+00:00,0.3634,0.3643,0.351,0.3537,789059.0,2026-05-11 03:59:59.999000+00:00,1
2026-05-11 04:00:00+00:00,0.3536,0.3577,0.3518,0.3554,670790.0,2026-05-11 07:59:59.999000+00:00,1
2026-05-11 08:00:00+00:00,0.3554,0.3565,0.3528,0.3552,671091.0,2026-05-11 11:59:59.999000+00:00,1
2026-05-11 12:00:00+00:00,0.3553,0.3555,0.3477,0.3523,993519.0,2026-05-11 15:59:59.999000+00:00,1
2026-05-11 16:00:00+00:00,0.3524,0.3576,0.3507,0.3573,660227.0,2026-05-11 19:59:59.999000+00:00,1
2026-05-11 20:00:00+00:00,0.3573,0.3582,0.3547,0.3557,309600.0,2026-05-11 23:59:59.999000+00:00,1
2026-05-12 00:00:00+00:00,0.3556,0.3556,0.3471,0.3509,721011.0,2026-05-12 03:59:59.999000+00:00,1
2026-05-12 04:00:00+00:00,0.3509,0.3541,0.3485,0.3515,641077.0,2026-05-12 07:59:59.999000+00:00,1
2026-05-12 08:00:00+00:00,0.3516,0.3524,0.3474,0.3501,664994.0,2026-05-12 11:59:59.999000+00:00,1
2026-05-12 12:00:00+00:00,0.3501,0.3525,0.3425,0.3433,1586400.0,2026-05-12 15:59:59.999000+00:00,1
2026-05-12 16:00:00+00:00,0.3433,0.3488,0.3418,0.3472,489790.0,2026-05-12 19:59:59.999000+00:00,1
2026-05-12 20:00:00+00:00,0.3472,0.3488,0.3444,0.3457,495650.0,2026-05-12 23:59:59.999000+00:00,1
2026-05-13 00:00:00+00:00,0.3457,0.3549,0.3448,0.3546,480339.0,2026-05-13 03:59:59.999000+00:00,1
2026-05-13 04:00:00+00:00,0.3545,0.3554,0.3493,0.3525,478217.0,2026-05-13 07:59:59.999000+00:00,1
2026-05-13 08:00:00+00:00,0.3526,0.3574,0.3483,0.3489,507600.0,2026-05-13 11:59:59.999000+00:00,1
2026-05-13 12:00:00+00:00,0.3489,0.35,0.3251,0.3268,2248465.0,2026-05-13 15:59:59.999000+00:00,1
2026-05-13 16:00:00+00:00,0.3267,0.3324,0.324,0.3293,906806.0,2026-05-13 19:59:59.999000+00:00,1
2026-05-13 20:00:00+00:00,0.3295,0.3322,0.3264,0.3293,456833.0,2026-05-13 23:59:59.999000+00:00,1
2026-05-14 00:00:00+00:00,0.3293,0.3322,0.322,0.3224,896683.0,2026-05-14 03:59:59.999000+00:00,1
2026-05-14 04:00:00+00:00,0.3228,0.3283,0.3221,0.3263,510639.0,2026-05-14 07:59:59.999000+00:00,1
2026-05-14 08:00:00+00:00,0.3264,0.3302,0.3254,0.3268,369352.0,2026-05-14 11:59:59.999000+00:00,1
2026-05-14 12:00:00+00:00,0.3267,0.3376,0.3267,0.3369,531789.0,2026-05-14 15:59:59.999000+00:00,1
2026-05-14 16:00:00+00:00,0.337,0.3382,0.3328,0.3335,649330.0,2026-05-14 19:59:59.999000+00:00,1
2026-05-14 20:00:00+00:00,0.3335,0.3343,0.3294,0.3299,308644.0,2026-05-14 23:59:59.999000+00:00,1
2026-05-15 00:00:00+00:00,0.3299,0.3338,0.3284,0.3309,603991.0,2026-05-15 03:59:59.999000+00:00,1
2026-05-15 04:00:00+00:00,0.3308,0.3313,0.3234,0.3281,517560.0,2026-05-15 07:59:59.999000+00:00,1
2026-05-15 08:00:00+00:00,0.3281,0.3288,0.3254,0.3265,353374.0,2026-05-15 11:59:59.999000+00:00,1
2026-05-15 12:00:00+00:00,0.3265,0.3265,0.3105,0.3131,1703224.0,2026-05-15 15:59:59.999000+00:00,1
2026-05-15 16:00:00+00:00,0.3132,0.3195,0.3129,0.3166,470733.0,2026-05-15 19:59:59.999000+00:00,1
2026-05-15 20:00:00+00:00,0.3167,0.3208,0.3152,0.3196,456619.0,2026-05-15 23:59:59.999000+00:00,1
2026-05-16 00:00:00+00:00,0.3195,0.3215,0.3184,0.3188,423766.0,2026-05-16 03:59:59.999000+00:00,1
2026-05-16 04:00:00+00:00,0.3186,0.3186,0.3074,0.3106,1023531.0,2026-05-16 07:59:59.999000+00:00,1
2026-05-16 08:00:00+00:00,0.3105,0.3118,0.3046,0.3079,690481.0,2026-05-16 11:59:59.999000+00:00,1
2026-05-16 12:00:00+00:00,0.3079,0.3122,0.3075,0.3111,369938.0,2026-05-16 15:59:59.999000+00:00,1
2026-05-16 16:00:00+00:00,0.3111,0.313,0.3101,0.3117,329205.0,2026-05-16 19:59:59.999000+00:00,1
2026-05-16 20:00:00+00:00,0.3117,0.3124,0.3106,0.312,160438.0,2026-05-16 23:59:59.999000+00:00,1
2026-05-17 00:00:00+00:00,0.3119,0.3195,0.3084,0.318,1222502.0,2026-05-17 03:59:59.999000+00:00,1
2026-05-17 04:00:00+00:00,0.3181,0.3184,0.3163,0.317,455985.0,2026-05-17 07:59:59.999000+00:00,1
2026-05-17 08:00:00+00:00,0.3171,0.3196,0.3155,0.316,535280.0,2026-05-17 11:59:59.999000+00:00,1
2026-05-17 12:00:00+00:00,0.3161,0.3166,0.3124,0.3135,445952.0,2026-05-17 15:59:59.999000+00:00,1
2026-05-17 16:00:00+00:00,0.3137,0.3153,0.3114,0.3147,400454.0,2026-05-17 19:59:59.999000+00:00,1
2026-05-17 20:00:00+00:00,0.3148,0.3166,0.2981,0.307,1723030.0,2026-05-17 23:59:59.999000+00:00,1
2026-05-18 00:00:00+00:00,0.3069,0.3085,0.303,0.3053,1141694.0,2026-05-18 03:59:59.999000+00:00,1
2026-05-18 04:00:00+00:00,0.3054,0.3067,0.3011,0.3026,913699.0,2026-05-18 07:59:59.999000+00:00,1
2026-05-18 08:00:00+00:00,0.3027,0.3058,0.2993,0.3037,531930.0,2026-05-18 11:59:59.999000+00:00,1
2026-05-18 12:00:00+00:00,0.3037,0.3066,0.2986,0.302,856400.0,2026-05-18 15:59:59.999000+00:00,1
2026-05-18 16:00:00+00:00,0.3021,0.3082,0.2999,0.3069,550588.0,2026-05-18 19:59:59.999000+00:00,1
2026-05-18 20:00:00+00:00,0.3069,0.3125,0.3059,0.3108,523132.0,2026-05-18 23:59:59.999000+00:00,1
2026-05-19 00:00:00+00:00,0.3108,0.3122,0.3078,0.3099,390960.0,2026-05-19 03:59:59.999000+00:00,1
2026-05-19 04:00:00+00:00,0.31,0.311,0.3076,0.3102,384488.0,2026-05-19 07:59:59.999000+00:00,1
2026-05-19 08:00:00+00:00,0.3103,0.3106,0.3058,0.3061,375336.0,2026-05-19 11:59:59.999000+00:00,1
2026-05-19 12:00:00+00:00,0.3059,0.3094,0.3034,0.3054,656006.0,2026-05-19 15:59:59.999000+00:00,1
2026-05-19 16:00:00+00:00,0.3055,0.3091,0.3047,0.3054,369694.0,2026-05-19 19:59:59.999000+00:00,1
2026-05-19 20:00:00+00:00,0.3055,0.3066,0.3026,0.3042,400766.0,2026-05-19 23:59:59.999000+00:00,1
2026-05-20 00:00:00+00:00,0.3044,0.3059,0.3025,0.3046,348257.0,2026-05-20 03:59:59.999000+00:00,1
2026-05-20 04:00:00+00:00,0.3047,0.3101,0.304,0.3077,425426.0,2026-05-20 07:59:59.999000+00:00,1
2026-05-20 08:00:00+00:00,0.3078,0.3176,0.307,0.3137,1257736.0,2026-05-20 11:59:59.999000+00:00,1
2026-05-20 12:00:00+00:00,0.3136,0.3202,0.3118,0.3176,978759.0,2026-05-20 15:59:59.999000+00:00,1
2026-05-20 16:00:00+00:00,0.3176,0.3193,0.3154,0.3169,590247.0,2026-05-20 19:59:59.999000+00:00,1
2026-05-20 20:00:00+00:00,0.3168,0.3175,0.3132,0.3145,552309.0,2026-05-20 23:59:59.999000+00:00,1
2026-05-21 00:00:00+00:00,0.3147,0.3173,0.3139,0.3153,567155.0,2026-05-21 03:59:59.999000+00:00,1
2026-05-21 04:00:00+00:00,0.3151,0.3159,0.312,0.3144,617639.0,2026-05-21 07:59:59.999000+00:00,1
2026-05-21 08:00:00+00:00,0.3145,0.3159,0.3092,0.3095,478222.0,2026-05-21 11:59:59.999000+00:00,1
2026-05-21 12:00:00+00:00,0.3096,0.3129,0.3084,0.3123,590379.0,2026-05-21 15:59:59.999000+00:00,1
2026-05-21 16:00:00+00:00,0.3123,0.3188,0.3115,0.3177,443902.0,2026-05-21 19:59:59.999000+00:00,1
2026-05-21 20:00:00+00:00,0.3176,0.3185,0.3155,0.3176,277081.0,2026-05-21 23:59:59.999000+00:00,1
2026-05-22 00:00:00+00:00,0.3175,0.3198,0.3147,0.3192,400797.0,2026-05-22 03:59:59.999000+00:00,1
2026-05-22 04:00:00+00:00,0.3192,0.3203,0.3159,0.3194,576655.0,2026-05-22 07:59:59.999000+00:00,1
2026-05-22 08:00:00+00:00,0.3193,0.3223,0.3175,0.3198,582541.0,2026-05-22 11:59:59.999000+00:00,1
2026-05-22 12:00:00+00:00,0.3197,0.3246,0.3143,0.3167,2270640.0,2026-05-22 15:59:59.999000+00:00,1
2026-05-22 16:00:00+00:00,0.3166,0.3174,0.3022,0.3056,1086760.0,2026-05-22 19:59:59.999000+00:00,1
2026-05-22 20:00:00+00:00,0.3055,0.3083,0.3003,0.3024,705164.0,2026-05-22 23:59:59.999000+00:00,1
2026-05-23 00:00:00+00:00,0.3025,0.3058,0.3008,0.3042,421894.0,2026-05-23 03:59:59.999000+00:00,1
2026-05-23 04:00:00+00:00,0.3041,0.3045,0.2905,0.2943,1250503.0,2026-05-23 07:59:59.999000+00:00,1
2026-05-23 08:00:00+00:00,0.2943,0.2975,0.2922,0.2955,601430.0,2026-05-23 11:59:59.999000+00:00,1
2026-05-23 12:00:00+00:00,0.2955,0.3033,0.2948,0.3031,502691.0,2026-05-23 15:59:59.999000+00:00,1
2026-05-23 16:00:00+00:00,0.3031,0.3059,0.3012,0.3051,487167.0,2026-05-23 19:59:59.999000+00:00,1
2026-05-23 20:00:00+00:00,0.3051,0.3152,0.3043,0.3086,939499.0,2026-05-23 23:59:59.999000+00:00,1
2026-05-24 00:00:00+00:00,0.3088,0.3094,0.3061,0.3063,448914.0,2026-05-24 03:59:59.999000+00:00,1
2026-05-24 04:00:00+00:00,0.3063,0.3081,0.3046,0.3063,445431.0,2026-05-24 07:59:59.999000+00:00,1
2026-05-24 08:00:00+00:00,0.3064,0.3078,0.3049,0.3054,744336.0,2026-05-24 11:59:59.999000+00:00,1
2026-05-24 12:00:00+00:00,0.3055,0.3055,0.2977,0.3007,1018340.0,2026-05-24 15:59:59.999000+00:00,1
2026-05-24 16:00:00+00:00,0.3008,0.3018,0.2984,0.2987,299378.0,2026-05-24 19:59:59.999000+00:00,1
2026-05-24 20:00:00+00:00,0.299,0.3006,0.2939,0.2992,1063449.0,2026-05-24 23:59:59.999000+00:00,1
2026-05-25 00:00:00+00:00,0.2993,0.303,0.2993,0.3021,1186346.0,2026-05-25 03:59:59.999000+00:00,1
2026-05-25 04:00:00+00:00,0.3022,0.3082,0.3018,0.3075,919014.0,2026-05-25 07:59:59.999000+00:00,1
2026-05-25 08:00:00+00:00,0.3074,0.3102,0.3069,0.3089,724832.0,2026-05-25 11:59:59.999000+00:00,1
2026-05-25 12:00:00+00:00,0.3089,0.3266,0.3081,0.3189,2054778.0,2026-05-25 15:59:59.999000+00:00,1
2026-05-25 16:00:00+00:00,0.3191,0.3264,0.3189,0.3251,1985234.0,2026-05-25 19:59:59.999000+00:00,1
2026-05-25 20:00:00+00:00,0.3252,0.3263,0.3168,0.3188,1644433.0,2026-05-25 23:59:59.999000+00:00,1
2026-05-26 00:00:00+00:00,0.3189,0.3199,0.3127,0.317,1713852.0,2026-05-26 03:59:59.999000+00:00,1
2026-05-26 04:00:00+00:00,0.3169,0.3184,0.3125,0.3148,864149.0,2026-05-26 07:59:59.999000+00:00,1
2026-05-26 08:00:00+00:00,0.3147,0.3197,0.3119,0.319,1000553.0,2026-05-26 11:59:59.999000+00:00,1
2026-05-26 12:00:00+00:00,0.3189,0.3205,0.3141,0.3166,1511517.0,2026-05-26 15:59:59.999000+00:00,1
2026-05-26 16:00:00+00:00,0.3165,0.3203,0.3119,0.3161,1911554.0,2026-05-26 19:59:59.999000+00:00,1
2026-05-26 20:00:00+00:00,0.3162,0.3172,0.3127,0.3147,515316.0,2026-05-26 23:59:59.999000+00:00,1
2026-05-27 00:00:00+00:00,0.315,0.3186,0.3145,0.3159,742794.0,2026-05-27 03:59:59.999000+00:00,1
2026-05-27 04:00:00+00:00,0.3157,0.3218,0.3136,0.3162,1325953.0,2026-05-27 07:59:59.999000+00:00,1
2026-05-27 08:00:00+00:00,0.3159,0.3163,0.3127,0.3129,521608.0,2026-05-27 11:59:59.999000+00:00,1
2026-05-27 12:00:00+00:00,0.313,0.3172,0.3101,0.316,1157661.0,2026-05-27 15:59:59.999000+00:00,1
2026-05-27 16:00:00+00:00,0.3163,0.3183,0.312,0.316,578114.0,2026-05-27 19:59:59.999000+00:00,1
2026-05-27 20:00:00+00:00,0.316,0.3166,0.3047,0.3079,759505.0,2026-05-27 23:59:59.999000+00:00,1
2026-05-28 00:00:00+00:00,0.3077,0.3093,0.2997,0.3014,1043733.0,2026-05-28 03:59:59.999000+00:00,1
2026-05-28 04:00:00+00:00,0.3013,0.3016,0.296,0.2982,978230.0,2026-05-28 07:59:59.999000+00:00,1
2026-05-28 08:00:00+00:00,0.2981,0.2994,0.2931,0.2943,702777.0,2026-05-28 11:59:59.999000+00:00,1
2026-05-28 12:00:00+00:00,0.2943,0.2982,0.2915,0.2973,1224904.0,2026-05-28 15:59:59.999000+00:00,1
2026-05-28 16:00:00+00:00,0.2973,0.3214,0.2956,0.309,2769695.0,2026-05-28 19:59:59.999000+00:00,1
2026-05-28 20:00:00+00:00,0.3091,0.3129,0.3064,0.3081,913767.0,2026-05-28 23:59:59.999000+00:00,1
2026-05-29 00:00:00+00:00,0.308,0.3109,0.3043,0.3069,842063.0,2026-05-29 03:59:59.999000+00:00,1
2026-05-29 04:00:00+00:00,0.3068,0.3087,0.3034,0.3052,590438.0,2026-05-29 07:59:59.999000+00:00,1
2026-05-29 08:00:00+00:00,0.3052,0.3074,0.3014,0.3024,730595.0,2026-05-29 11:59:59.999000+00:00,1
2026-05-29 12:00:00+00:00,0.3024,0.3128,0.2976,0.3097,1455351.0,2026-05-29 15:59:59.999000+00:00,1
2026-05-29 16:00:00+00:00,0.3096,0.3104,0.3001,0.3015,1479185.0,2026-05-29 19:59:59.999000+00:00,1
2026-05-29 20:00:00+00:00,0.3017,0.3025,0.2977,0.2992,607914.0,2026-05-29 23:59:59.999000+00:00,1
2026-05-30 00:00:00+00:00,0.2991,0.3022,0.2975,0.2983,932767.0,2026-05-30 03:59:59.999000+00:00,1
2026-05-30 04:00:00+00:00,0.2983,0.2999,0.2953,0.2985,759967.0,2026-05-30 07:59:59.999000+00:00,1
2026-05-30 08:00:00+00:00,0.2986,0.3003,0.2974,0.2982,469868.0,2026-05-30 11:59:59.999000+00:00,1
2026-05-30 12:00:00+00:00,0.2983,0.2993,0.2949,0.2957,669431.0,2026-05-30 15:59:59.999000+00:00,1
2026-05-30 16:00:00+00:00,0.2957,0.301,0.2956,0.2983,447684.0,2026-05-30 19:59:59.999000+00:00,1
2026-05-30 20:00:00+00:00,0.2985,0.2996,0.295,0.296,564426.0,2026-05-30 23:59:59.999000+00:00,1
2026-05-31 00:00:00+00:00,0.2961,0.3011,0.2961,0.2993,524072.0,2026-05-31 03:59:59.999000+00:00,1
2026-05-31 04:00:00+00:00,0.2992,0.3002,0.2971,0.2981,484659.0,2026-05-31 07:59:59.999000+00:00,1
2026-05-31 08:00:00+00:00,0.2979,0.3007,0.2976,0.2982,498833.0,2026-05-31 11:59:59.999000+00:00,1
2026-05-31 12:00:00+00:00,0.2982,0.2998,0.2931,0.2937,635153.0,2026-05-31 15:59:59.999000+00:00,1
2026-05-31 16:00:00+00:00,0.2938,0.2951,0.2915,0.294,602923.0,2026-05-31 19:59:59.999000+00:00,1
2026-05-31 20:00:00+00:00,0.2941,0.2966,0.2925,0.2949,897556.0,2026-05-31 23:59:59.999000+00:00,1
2026-06-01 00:00:00+00:00,0.295,0.2969,0.2876,0.2952,1118787.0,2026-06-01 03:59:59.999000+00:00,1
2026-06-01 04:00:00+00:00,0.2953,0.296,0.2864,0.2868,984533.0,2026-06-01 07:59:59.999000+00:00,1
2026-06-01 08:00:00+00:00,0.2868,0.2888,0.2846,0.2859,726748.0,2026-06-01 11:59:59.999000+00:00,1
2026-06-01 12:00:00+00:00,0.2859,0.287,0.281,0.2853,1150428.0,2026-06-01 15:59:59.999000+00:00,1
2026-06-01 16:00:00+00:00,0.2852,0.2924,0.2842,0.291,812454.0,2026-06-01 19:59:59.999000+00:00,1
2026-06-01 20:00:00+00:00,0.291,0.2912,0.286,0.289,637361.0,2026-06-01 23:59:59.999000+00:00,1
2026-06-02 00:00:00+00:00,0.2891,0.2893,0.2826,0.2881,806054.0,2026-06-02 03:59:59.999000+00:00,1
2026-06-02 04:00:00+00:00,0.2881,0.2884,0.2815,0.284,769985.0,2026-06-02 07:59:59.999000+00:00,1
2026-06-02 08:00:00+00:00,0.284,0.2849,0.2812,0.284,544067.0,2026-06-02 11:59:59.999000+00:00,1
2026-06-02 12:00:00+00:00,0.284,0.285,0.2712,0.2744,1904139.0,2026-06-02 15:59:59.999000+00:00,1
2026-06-02 16:00:00+00:00,0.2742,0.2791,0.2705,0.2744,1151584.0,2026-06-02 19:59:59.999000+00:00,1
2026-06-02 20:00:00+00:00,0.2744,0.278,0.2639,0.2693,1877140.0,2026-06-02 23:59:59.999000+00:00,1
2026-06-03 00:00:00+00:00,0.2694,0.2723,0.2653,0.2667,931382.0,2026-06-03 03:59:59.999000+00:00,1
2026-06-03 04:00:00+00:00,0.2668,0.2778,0.2668,0.2765,1145352.0,2026-06-03 07:59:59.999000+00:00,1
2026-06-03 08:00:00+00:00,0.2763,0.2795,0.2746,0.2771,765869.0,2026-06-03 11:59:59.999000+00:00,1
2026-06-03 12:00:00+00:00,0.2771,0.2805,0.2755,0.2761,838772.0,2026-06-03 15:59:59.999000+00:00,1
2026-06-03 16:00:00+00:00,0.2761,0.2762,0.2712,0.2717,1250032.0,2026-06-03 19:59:59.999000+00:00,1
2026-06-03 20:00:00+00:00,0.2716,0.2775,0.2673,0.2714,924517.0,2026-06-03 23:59:59.999000+00:00,1
2026-06-04 00:00:00+00:00,0.2714,0.2739,0.2484,0.2646,3962299.0,2026-06-04 03:59:59.999000+00:00,1
2026-06-04 04:00:00+00:00,0.2646,0.2655,0.257,0.258,1042855.0,2026-06-04 07:59:59.999000+00:00,1
2026-06-04 08:00:00+00:00,0.258,0.26,0.251,0.2552,1773028.0,2026-06-04 11:59:59.999000+00:00,1
2026-06-04 12:00:00+00:00,0.2553,0.2644,0.253,0.263,1177544.0,2026-06-04 15:59:59.999000+00:00,1
2026-06-04 16:00:00+00:00,0.2629,0.2638,0.2582,0.2609,702882.0,2026-06-04 19:59:59.999000+00:00,1
2026-06-04 20:00:00+00:00,0.2608,0.2608,0.2525,0.258,996868.0,2026-06-04 23:59:59.999000+00:00,1
2026-06-05 00:00:00+00:00,0.2577,0.2594,0.2489,0.2512,1555780.0,2026-06-05 03:59:59.999000+00:00,1
2026-06-05 04:00:00+00:00,0.2513,0.2554,0.2349,0.2452,2742435.0,2026-06-05 07:59:59.999000+00:00,1
2026-06-05 08:00:00+00:00,0.2449,0.2474,0.2391,0.2432,864802.0,2026-06-05 11:59:59.999000+00:00,1
2026-06-05 12:00:00+00:00,0.2431,0.2462,0.2336,0.235,1475357.0,2026-06-05 15:59:59.999000+00:00,1
2026-06-05 16:00:00+00:00,0.2347,0.2408,0.2239,0.2319,1525518.0,2026-06-05 19:59:59.999000+00:00,1
2026-06-05 20:00:00+00:00,0.2319,0.2399,0.2298,0.2347,957310.0,2026-06-05 23:59:59.999000+00:00,1
2026-06-06 00:00:00+00:00,0.2346,0.2381,0.229,0.2302,604438.0,2026-06-06 03:59:59.999000+00:00,1
2026-06-06 04:00:00+00:00,0.2301,0.2324,0.2181,0.232,1496427.0,2026-06-06 07:59:59.999000+00:00,1
2026-06-06 08:00:00+00:00,0.2321,0.2353,0.2265,0.2306,876674.0,2026-06-06 11:59:59.999000+00:00,1
2026-06-06 12:00:00+00:00,0.2305,0.2365,0.2293,0.2341,764250.0,2026-06-06 15:59:59.999000+00:00,1
2026-06-06 16:00:00+00:00,0.2339,0.2366,0.2322,0.2326,489703.0,2026-06-06 19:59:59.999000+00:00,1
2026-06-06 20:00:00+00:00,0.2324,0.2352,0.2314,0.2349,318730.0,2026-06-06 23:59:59.999000+00:00,1
2026-06-07 00:00:00+00:00,0.2349,0.2422,0.2348,0.2398,615960.0,2026-06-07 03:59:59.999000+00:00,1
2026-06-07 04:00:00+00:00,0.2398,0.2424,0.2375,0.2418,391584.0,2026-06-07 07:59:59.999000+00:00,1
2026-06-07 08:00:00+00:00,0.2417,0.247,0.2406,0.2427,592157.0,2026-06-07 11:59:59.999000+00:00,1
2026-06-07 12:00:00+00:00,0.2426,0.2437,0.2378,0.2407,364696.0,2026-06-07 15:59:59.999000+00:00,1
2026-06-07 16:00:00+00:00,0.2408,0.243,0.2368,0.2378,319897.0,2026-06-07 19:59:59.999000+00:00,1
2026-06-07 20:00:00+00:00,0.2377,0.2511,0.2371,0.2455,754450.0,2026-06-07 23:59:59.999000+00:00,1
2026-06-08 00:00:00+00:00,0.2455,0.2489,0.2434,0.2455,451985.0,2026-06-08 03:59:59.999000+00:00,1
2026-06-08 04:00:00+00:00,0.2457,0.2468,0.2413,0.2466,281362.0,2026-06-08 07:59:59.999000+00:00,1
2026-06-08 08:00:00+00:00,0.2463,0.2507,0.2454,0.2491,516850.0,2026-06-08 11:59:59.999000+00:00,1
2026-06-08 12:00:00+00:00,0.2489,0.2527,0.2466,0.2493,429676.0,2026-06-08 15:59:59.999000+00:00,1
2026-06-08 16:00:00+00:00,0.2492,0.2518,0.2488,0.2495,225245.0,2026-06-08 19:59:59.999000+00:00,1
2026-06-08 20:00:00+00:00,0.2495,0.2515,0.2446,0.246,420461.0,2026-06-08 23:59:59.999000+00:00,1
2026-06-09 00:00:00+00:00,0.2461,0.2466,0.2391,0.241,501846.0,2026-06-09 03:59:59.999000+00:00,1
2026-06-09 04:00:00+00:00,0.2409,0.2462,0.2401,0.2438,559303.0,2026-06-09 07:59:59.999000+00:00,1
2026-06-09 08:00:00+00:00,0.2439,0.2443,0.2406,0.2425,418199.0,2026-06-09 11:59:59.999000+00:00,1
2026-06-09 12:00:00+00:00,0.2426,0.2444,0.2353,0.2379,527975.0,2026-06-09 15:59:59.999000+00:00,1
2026-06-09 16:00:00+00:00,0.2376,0.2447,0.2346,0.2443,541845.0,2026-06-09 19:59:59.999000+00:00,1
2026-06-09 20:00:00+00:00,0.2443,0.2468,0.2416,0.243,357854.0,2026-06-09 23:59:59.999000+00:00,1
2026-06-10 00:00:00+00:00,0.2429,0.2459,0.2416,0.2442,308449.0,2026-06-10 03:59:59.999000+00:00,1
2026-06-10 04:00:00+00:00,0.244,0.2488,0.2436,0.2448,550094.0,2026-06-10 07:59:59.999000+00:00,1
2026-06-10 08:00:00+00:00,0.2451,0.2452,0.2381,0.2393,388358.0,2026-06-10 11:59:59.999000+00:00,1
2026-06-10 12:00:00+00:00,0.2392,0.2478,0.2386,0.2447,619870.0,2026-06-10 15:59:59.999000+00:00,1
2026-06-10 16:00:00+00:00,0.2449,0.246,0.2384,0.2395,313674.0,2026-06-10 19:59:59.999000+00:00,1
2026-06-10 20:00:00+00:00,0.2394,0.2405,0.2343,0.239,334822.0,2026-06-10 23:59:59.999000+00:00,1
2026-06-11 00:00:00+00:00,0.2389,0.2449,0.2389,0.2441,370222.0,2026-06-11 03:59:59.999000+00:00,1
2026-06-11 04:00:00+00:00,0.244,0.2469,0.2432,0.2449,223003.0,2026-06-11 07:59:59.999000+00:00,1
2026-06-11 08:00:00+00:00,0.2448,0.2473,0.2424,0.2449,278272.0,2026-06-11 11:59:59.999000+00:00,1
2026-06-11 12:00:00+00:00,0.2449,0.2452,0.2406,0.2442,654486.0,2026-06-11 15:59:59.999000+00:00,1
2026-06-11 16:00:00+00:00,0.2443,0.2496,0.2407,0.2456,610422.0,2026-06-11 19:59:59.999000+00:00,1
2026-06-11 20:00:00+00:00,0.2457,0.2462,0.2439,0.2453,306567.0,2026-06-11 23:59:59.999000+00:00,1
2026-06-12 00:00:00+00:00,0.2454,0.2473,0.2445,0.2453,399540.0,2026-06-12 03:59:59.999000+00:00,1
2026-06-12 04:00:00+00:00,0.2454,0.2465,0.2417,0.2432,307151.0,2026-06-12 07:59:59.999000+00:00,1
2026-06-12 08:00:00+00:00,0.2433,0.2465,0.2433,0.2454,482832.0,2026-06-12 11:59:59.999000+00:00,1
2026-06-12 12:00:00+00:00,0.2454,0.246,0.2411,0.2411,1027875.0,2026-06-12 15:59:59.999000+00:00,1
2026-06-12 16:00:00+00:00,0.2412,0.2442,0.2382,0.2384,778517.0,2026-06-12 19:59:59.999000+00:00,1
2026-06-12 20:00:00+00:00,0.2384,0.2407,0.2377,0.2386,463371.0,2026-06-12 23:59:59.999000+00:00,1
2026-06-13 00:00:00+00:00,0.2386,0.2416,0.2375,0.2386,554849.0,2026-06-13 03:59:59.999000+00:00,1
2026-06-13 04:00:00+00:00,0.2384,0.2441,0.2368,0.2435,611229.0,2026-06-13 07:59:59.999000+00:00,1
2026-06-13 08:00:00+00:00,0.2436,0.2456,0.2429,0.2444,486237.0,2026-06-13 11:59:59.999000+00:00,1
2026-06-13 12:00:00+00:00,0.2443,0.245,0.2419,0.2428,513198.0,2026-06-13 15:59:59.999000+00:00,1
2026-06-13 16:00:00+00:00,0.2427,0.2427,0.2398,0.2416,484226.0,2026-06-13 19:59:59.999000+00:00,1
2026-06-13 20:00:00+00:00,0.2416,0.2436,0.2401,0.2405,295972.0,2026-06-13 23:59:59.999000+00:00,1
2026-06-14 00:00:00+00:00,0.2405,0.2417,0.2398,0.241,319459.0,2026-06-14 03:59:59.999000+00:00,1
2026-06-14 04:00:00+00:00,0.241,0.241,0.2382,0.2392,287156.0,2026-06-14 07:59:59.999000+00:00,1
2026-06-14 08:00:00+00:00,0.2393,0.241,0.2385,0.2391,190376.0,2026-06-14 11:59:59.999000+00:00,1
2026-06-14 12:00:00+00:00,0.2391,0.2393,0.2362,0.2374,250535.0,2026-06-14 15:59:59.999000+00:00,1
2026-06-14 16:00:00+00:00,0.2375,0.2381,0.2344,0.2364,303731.0,2026-06-14 19:59:59.999000+00:00,1
2026-06-14 20:00:00+00:00,0.2364,0.2475,0.2364,0.2471,833097.0,2026-06-14 23:59:59.999000+00:00,1
2026-06-15 00:00:00+00:00,0.2471,0.2481,0.2447,0.2472,487023.0,2026-06-15 03:59:59.999000+00:00,1
2026-06-15 04:00:00+00:00,0.2471,0.2487,0.2452,0.2469,668564.0,2026-06-15 07:59:59.999000+00:00,1
2026-06-15 08:00:00+00:00,0.2469,0.2536,0.2461,0.2521,747453.0,2026-06-15 11:59:59.999000+00:00,1
2026-06-15 12:00:00+00:00,0.2522,0.2577,0.2511,0.2575,956587.0,2026-06-15 15:59:59.999000+00:00,1
2026-06-15 16:00:00+00:00,0.2575,0.2653,0.2551,0.259,2320771.0,2026-06-15 19:59:59.999000+00:00,1
2026-06-15 20:00:00+00:00,0.2591,0.2621,0.2514,0.2539,1341288.0,2026-06-15 23:59:59.999000+00:00,1
2026-06-16 00:00:00+00:00,0.2539,0.2559,0.2479,0.251,1108994.0,2026-06-16 03:59:59.999000+00:00,1
2026-06-16 04:00:00+00:00,0.2511,0.2538,0.249,0.2533,523487.0,2026-06-16 07:59:59.999000+00:00,1
2026-06-16 08:00:00+00:00,0.2534,0.2588,0.2534,0.2566,883214.0,2026-06-16 11:59:59.999000+00:00,1
2026-06-16 12:00:00+00:00,0.2566,0.2596,0.2504,0.255,700813.0,2026-06-16 15:59:59.999000+00:00,1
2026-06-16 16:00:00+00:00,0.255,0.2637,0.2549,0.2607,1642220.0,2026-06-16 19:59:59.999000+00:00,1
2026-06-16 20:00:00+00:00,0.2606,0.2643,0.2584,0.2591,730871.0,2026-06-16 23:59:59.999000+00:00,1
2026-06-17 00:00:00+00:00,0.2591,0.2635,0.258,0.259,653840.0,2026-06-17 03:59:59.999000+00:00,1
2026-06-17 04:00:00+00:00,0.259,0.2596,0.2538,0.255,754116.0,2026-06-17 07:59:59.999000+00:00,1
2026-06-17 08:00:00+00:00,0.2548,0.2549,0.251,0.2521,610120.0,2026-06-17 11:59:59.999000+00:00,1
2026-06-17 12:00:00+00:00,0.2521,0.2582,0.2517,0.2582,823380.0,2026-06-17 15:59:59.999000+00:00,1
2026-06-17 16:00:00+00:00,0.2583,0.2635,0.2507,0.2524,1492354.0,2026-06-17 19:59:59.999000+00:00,1
2026-06-17 20:00:00+00:00,0.2524,0.2556,0.2497,0.2528,488295.0,2026-06-17 23:59:59.999000+00:00,1
2026-06-18 00:00:00+00:00,0.2529,0.2552,0.2509,0.2509,437668.0,2026-06-18 03:59:59.999000+00:00,1
2026-06-18 04:00:00+00:00,0.251,0.2513,0.246,0.2497,785690.0,2026-06-18 07:59:59.999000+00:00,1
2026-06-18 08:00:00+00:00,0.2498,0.2511,0.2458,0.2462,435952.0,2026-06-18 11:59:59.999000+00:00,1
2026-06-18 12:00:00+00:00,0.2462,0.2491,0.2381,0.2386,985647.0,2026-06-18 15:59:59.999000+00:00,1
2026-06-18 16:00:00+00:00,0.2385,0.2452,0.2384,0.245,699464.0,2026-06-18 19:59:59.999000+00:00,1
2026-06-18 20:00:00+00:00,0.2449,0.2464,0.2428,0.2455,388462.0,2026-06-18 23:59:59.999000+00:00,1
2026-06-19 00:00:00+00:00,0.2455,0.2472,0.2411,0.243,501651.0,2026-06-19 03:59:59.999000+00:00,1
2026-06-19 04:00:00+00:00,0.2428,0.2441,0.2399,0.2416,389223.0,2026-06-19 07:59:59.999000+00:00,1
2026-06-19 08:00:00+00:00,0.2415,0.2438,0.2405,0.2406,398306.0,2026-06-19 11:59:59.999000+00:00,1
2026-06-19 12:00:00+00:00,0.2405,0.245,0.2389,0.2429,673545.0,2026-06-19 15:59:59.999000+00:00,1
2026-06-19 16:00:00+00:00,0.243,0.2439,0.2397,0.2403,288942.0,2026-06-19 19:59:59.999000+00:00,1
2026-06-19 20:00:00+00:00,0.2403,0.2423,0.239,0.242,237700.0,2026-06-19 23:59:59.999000+00:00,1
2026-06-20 00:00:00+00:00,0.2417,0.2441,0.24,0.2404,303694.0,2026-06-20 03:59:59.999000+00:00,1
2026-06-20 04:00:00+00:00,0.2404,0.244,0.2398,0.2408,332263.0,2026-06-20 07:59:59.999000+00:00,1
2026-06-20 08:00:00+00:00,0.2408,0.2433,0.2403,0.2404,360094.0,2026-06-20 11:59:59.999000+00:00,1
2026-06-20 12:00:00+00:00,0.2404,0.2439,0.2375,0.2425,976092.0,2026-06-20 15:59:59.999000+00:00,1
2026-06-20 16:00:00+00:00,0.2425,0.2425,0.239,0.2402,354513.0,2026-06-20 19:59:59.999000+00:00,1
2026-06-20 20:00:00+00:00,0.2402,0.2441,0.2393,0.243,365654.0,2026-06-20 23:59:59.999000+00:00,1
2026-06-21 00:00:00+00:00,0.243,0.2466,0.2422,0.2431,601708.0,2026-06-21 03:59:59.999000+00:00,1
2026-06-21 04:00:00+00:00,0.2432,0.2434,0.2408,0.2412,435047.0,2026-06-21 07:59:59.999000+00:00,1
2026-06-21 08:00:00+00:00,0.2413,0.2428,0.2394,0.2396,404359.0,2026-06-21 11:59:59.999000+00:00,1
2026-06-21 12:00:00+00:00,0.2396,0.2416,0.2391,0.2408,275048.0,2026-06-21 15:59:59.999000+00:00,1
2026-06-21 16:00:00+00:00,0.2409,0.241,0.2382,0.2403,222451.0,2026-06-21 19:59:59.999000+00:00,1
2026-06-21 20:00:00+00:00,0.2402,0.2402,0.2348,0.2354,435294.0,2026-06-21 23:59:59.999000+00:00,1
2026-06-22 00:00:00+00:00,0.2354,0.2423,0.2352,0.2387,316421.0,2026-06-22 03:59:59.999000+00:00,1
2026-06-22 04:00:00+00:00,0.2387,0.2426,0.2384,0.2413,340576.0,2026-06-22 07:59:59.999000+00:00,1
2026-06-22 08:00:00+00:00,0.2414,0.2451,0.2406,0.245,371938.0,2026-06-22 11:59:59.999000+00:00,1
2026-06-22 12:00:00+00:00,0.2452,0.2471,0.2433,0.2446,982612.0,2026-06-22 15:59:59.999000+00:00,1
2026-06-22 16:00:00+00:00,0.2445,0.2471,0.2431,0.2462,512170.0,2026-06-22 19:59:59.999000+00:00,1
2026-06-22 20:00:00+00:00,0.2462,0.2549,0.2423,0.2458,2553209.0,2026-06-22 23:59:59.999000+00:00,1
2026-06-23 00:00:00+00:00,0.2457,0.2483,0.2427,0.2438,1311801.0,2026-06-23 03:59:59.999000+00:00,1
2026-06-23 04:00:00+00:00,0.244,0.2442,0.2319,0.2348,1010390.0,2026-06-23 07:59:59.999000+00:00,1
2026-06-23 08:00:00+00:00,0.2349,0.2367,0.228,0.236,806509.0,2026-06-23 11:59:59.999000+00:00,1
2026-06-23 12:00:00+00:00,0.2361,0.2367,0.2259,0.2286,1829638.0,2026-06-23 15:59:59.999000+00:00,1
2026-06-23 16:00:00+00:00,0.2287,0.2305,0.2207,0.2281,2082643.0,2026-06-23 19:59:59.999000+00:00,1
2026-06-23 20:00:00+00:00,0.228,0.2302,0.2278,0.229,376010.0,2026-06-23 23:59:59.999000+00:00,1
2026-06-24 00:00:00+00:00,0.229,0.2295,0.2253,0.2254,532032.0,2026-06-24 03:59:59.999000+00:00,1
2026-06-24 04:00:00+00:00,0.2255,0.2272,0.2242,0.225,368886.0,2026-06-24 07:59:59.999000+00:00,1
2026-06-24 08:00:00+00:00,0.225,0.228,0.2234,0.2269,451561.0,2026-06-24 11:59:59.999000+00:00,1
2026-06-24 12:00:00+00:00,0.2267,0.2337,0.222,0.2226,2074594.0,2026-06-24 15:59:59.999000+00:00,1
2026-06-24 16:00:00+00:00,0.2225,0.2241,0.2116,0.2161,2638175.0,2026-06-24 19:59:59.999000+00:00,1
2026-06-24 20:00:00+00:00,0.2161,0.2218,0.2147,0.2194,769076.0,2026-06-24 23:59:59.999000+00:00,1
2026-06-25 00:00:00+00:00,0.2195,0.2203,0.2138,0.2139,843990.0,2026-06-25 03:59:59.999000+00:00,1
2026-06-25 04:00:00+00:00,0.214,0.2182,0.2125,0.2167,989128.0,2026-06-25 07:59:59.999000+00:00,1
2026-06-25 08:00:00+00:00,0.2168,0.2177,0.2051,0.2064,2439173.0,2026-06-25 11:59:59.999000+00:00,1
2026-06-25 12:00:00+00:00,0.2065,0.2108,0.1942,0.2023,4634516.0,2026-06-25 15:59:59.999000+00:00,1
2026-06-25 16:00:00+00:00,0.2024,0.2042,0.1982,0.1988,1373204.0,2026-06-25 19:59:59.999000+00:00,1
2026-06-25 20:00:00+00:00,0.199,0.2036,0.1978,0.2006,1468433.0,2026-06-25 23:59:59.999000+00:00,1
2026-06-26 00:00:00+00:00,0.2006,0.2024,0.1934,0.1989,2095852.0,2026-06-26 03:59:59.999000+00:00,1
2026-06-26 04:00:00+00:00,0.1989,0.202,0.1978,0.2009,960469.0,2026-06-26 07:59:59.999000+00:00,1
2026-06-26 08:00:00+00:00,0.2009,0.2013,0.1936,0.1941,927169.0,2026-06-26 11:59:59.999000+00:00,1
2026-06-26 12:00:00+00:00,0.1942,0.1987,0.1912,0.1972,1855493.0,2026-06-26 15:59:59.999000+00:00,1
2026-06-26 16:00:00+00:00,0.1971,0.2008,0.1967,0.1991,1175393.0,2026-06-26 19:59:59.999000+00:00,1
2026-06-26 20:00:00+00:00,0.1993,0.2015,0.1988,0.2006,604957.0,2026-06-26 23:59:59.999000+00:00,1
2026-06-27 00:00:00+00:00,0.2008,0.2057,0.1996,0.2049,740215.0,2026-06-27 03:59:59.999000+00:00,1
2026-06-27 04:00:00+00:00,0.2049,0.2065,0.2037,0.2062,476277.0,2026-06-27 07:59:59.999000+00:00,1
2026-06-27 08:00:00+00:00,0.2062,0.2268,0.206,0.2133,13566042.0,2026-06-27 11:59:59.999000+00:00,1
2026-06-27 12:00:00+00:00,0.2132,0.2312,0.2086,0.2247,8839780.0,2026-06-27 15:59:59.999000+00:00,1
2026-06-27 16:00:00+00:00,0.2247,0.2326,0.219,0.2258,4911194.0,2026-06-27 19:59:59.999000+00:00,1
2026-06-27 20:00:00+00:00,0.2258,0.2459,0.2253,0.2424,8489241.0,2026-06-27 23:59:59.999000+00:00,1
2026-06-28 00:00:00+00:00,0.2424,0.2518,0.2282,0.235,15546790.0,2026-06-28 03:59:59.999000+00:00,1
2026-06-28 04:00:00+00:00,0.235,0.24,0.2206,0.2239,6718197.0,2026-06-28 07:59:59.999000+00:00,1
2026-06-28 08:00:00+00:00,0.2237,0.2285,0.2171,0.2282,4230094.0,2026-06-28 11:59:59.999000+00:00,1
2026-06-28 12:00:00+00:00,0.2282,0.2382,0.2282,0.2311,5582673.0,2026-06-28 15:59:59.999000+00:00,1
2026-06-28 16:00:00+00:00,0.2311,0.2311,0.2207,0.2221,2062928.0,2026-06-28 19:59:59.999000+00:00,1
2026-06-28 20:00:00+00:00,0.222,0.2231,0.2169,0.22,1561445.0,2026-06-28 23:59:59.999000+00:00,1
2026-06-29 00:00:00+00:00,0.22,0.2228,0.2167,0.2209,1405948.0,2026-06-29 03:59:59.999000+00:00,1
2026-06-29 04:00:00+00:00,0.221,0.2246,0.2174,0.2226,1020887.0,2026-06-29 07:59:59.999000+00:00,1
2026-06-29 08:00:00+00:00,0.2225,0.223,0.2165,0.2169,1246296.0,2026-06-29 11:59:59.999000+00:00,1
2026-06-29 12:00:00+00:00,0.2168,0.2204,0.2123,0.2143,2417720.0,2026-06-29 15:59:59.999000+00:00,1
2026-06-29 16:00:00+00:00,0.2142,0.2163,0.2118,0.2144,958671.0,2026-06-29 19:59:59.999000+00:00,1
2026-06-29 20:00:00+00:00,0.2144,0.2148,0.2118,0.2128,507582.0,2026-06-29 23:59:59.999000+00:00,1
2026-06-30 00:00:00+00:00,0.2129,0.2162,0.208,0.2082,1572186.0,2026-06-30 03:59:59.999000+00:00,1
2026-06-30 04:00:00+00:00,0.2082,0.2101,0.2074,0.2093,752666.0,2026-06-30 07:59:59.999000+00:00,1
2026-06-30 08:00:00+00:00,0.2093,0.2116,0.2087,0.2091,923257.0,2026-06-30 11:59:59.999000+00:00,1
2026-06-30 12:00:00+00:00,0.2092,0.2101,0.204,0.2069,1364747.0,2026-06-30 15:59:59.999000+00:00,1
2026-06-30 16:00:00+00:00,0.2069,0.2108,0.2057,0.2104,589846.0,2026-06-30 19:59:59.999000+00:00,1
2026-06-30 20:00:00+00:00,0.2103,0.2195,0.2099,0.2122,2115912.0,2026-06-30 23:59:59.999000+00:00,1
2026-07-01 00:00:00+00:00,0.2121,0.213,0.2023,0.2094,1836336.0,2026-07-01 03:59:59.999000+00:00,1
2026-07-01 04:00:00+00:00,0.2094,0.2121,0.2058,0.2078,1006145.0,2026-07-01 07:59:59.999000+00:00,1
2026-07-01 08:00:00+00:00,0.2077,0.2077,0.2045,0.2057,608506.0,2026-07-01 11:59:59.999000+00:00,1
2026-07-01 12:00:00+00:00,0.2058,0.215,0.2045,0.2142,1165768.0,2026-07-01 15:59:59.999000+00:00,1
2026-07-01 16:00:00+00:00,0.2142,0.2156,0.2093,0.2099,635178.0,2026-07-01 19:59:59.999000+00:00,1
2026-07-01 20:00:00+00:00,0.2099,0.219,0.2092,0.213,736267.0,2026-07-01 23:59:59.999000+00:00,1
2026-07-02 00:00:00+00:00,0.2131,0.2177,0.2113,0.2168,671188.0,2026-07-02 03:59:59.999000+00:00,1
2026-07-02 04:00:00+00:00,0.2166,0.2166,0.2114,0.2134,642374.0,2026-07-02 07:59:59.999000+00:00,1
2026-07-02 08:00:00+00:00,0.2135,0.2171,0.2129,0.2157,1249918.0,2026-07-02 11:59:59.999000+00:00,1
2026-07-02 12:00:00+00:00,0.2155,0.2282,0.2151,0.2226,4101213.0,2026-07-02 15:59:59.999000+00:00,1
2026-07-02 16:00:00+00:00,0.2226,0.2262,0.2219,0.2236,976861.0,2026-07-02 19:59:59.999000+00:00,1
2026-07-02 20:00:00+00:00,0.2236,0.2322,0.2227,0.2296,1572398.0,2026-07-02 23:59:59.999000+00:00,1
2026-07-03 00:00:00+00:00,0.2295,0.2391,0.2283,0.2373,2702869.0,2026-07-03 03:59:59.999000+00:00,1
2026-07-03 04:00:00+00:00,0.2374,0.2444,0.2309,0.2326,2367892.0,2026-07-03 07:59:59.999000+00:00,1
2026-07-03 08:00:00+00:00,0.2327,0.2355,0.2319,0.2345,796983.0,2026-07-03 11:59:59.999000+00:00,1
2026-07-03 12:00:00+00:00,0.2344,0.2368,0.2328,0.2333,693504.0,2026-07-03 15:59:59.999000+00:00,1
2026-07-03 16:00:00+00:00,0.2333,0.2359,0.2324,0.2344,301240.0,2026-07-03 19:59:59.999000+00:00,1
2026-07-03 20:00:00+00:00,0.2344,0.2533,0.2343,0.2505,2533443.0,2026-07-03 23:59:59.999000+00:00,1
2026-07-04 00:00:00+00:00,0.2506,0.2539,0.2365,0.2371,2350799.0,2026-07-04 03:59:59.999000+00:00,1
2026-07-04 04:00:00+00:00,0.2371,0.2372,0.2302,0.2319,1165452.0,2026-07-04 07:59:59.999000+00:00,1
2026-07-04 08:00:00+00:00,0.2319,0.2341,0.2309,0.2323,714020.0,2026-07-04 11:59:59.999000+00:00,1
2026-07-04 12:00:00+00:00,0.2323,0.2373,0.2314,0.235,706930.0,2026-07-04 15:59:59.999000+00:00,1
2026-07-04 16:00:00+00:00,0.2347,0.2366,0.2328,0.2334,564256.0,2026-07-04 19:59:59.999000+00:00,1
2026-07-04 20:00:00+00:00,0.2333,0.2345,0.2294,0.231,672252.0,2026-07-04 23:59:59.999000+00:00,1
2026-07-05 00:00:00+00:00,0.2309,0.2332,0.2257,0.2266,1145944.0,2026-07-05 03:59:59.999000+00:00,1
2026-07-05 04:00:00+00:00,0.2265,0.2287,0.2255,0.2276,381354.0,2026-07-05 07:59:59.999000+00:00,1
2026-07-05 08:00:00+00:00,0.2276,0.2278,0.2226,0.2261,571965.0,2026-07-05 11:59:59.999000+00:00,1
2026-07-05 12:00:00+00:00,0.226,0.2285,0.2249,0.2266,301795.0,2026-07-05 15:59:59.999000+00:00,1
2026-07-05 16:00:00+00:00,0.2267,0.228,0.2254,0.2257,229073.0,2026-07-05 19:59:59.999000+00:00,1
2026-07-05 20:00:00+00:00,0.2257,0.2393,0.2251,0.2305,1209677.0,2026-07-05 23:59:59.999000+00:00,1
2026-07-06 00:00:00+00:00,0.2304,0.233,0.2285,0.2292,707847.0,2026-07-06 03:59:59.999000+00:00,1
2026-07-06 04:00:00+00:00,0.2293,0.2297,0.2238,0.2245,455183.0,2026-07-06 07:59:59.999000+00:00,1
2026-07-06 08:00:00+00:00,0.2245,0.2249,0.2115,0.2188,3133094.0,2026-07-06 11:59:59.999000+00:00,1
2026-07-06 12:00:00+00:00,0.2187,0.2256,0.2148,0.2246,1199726.0,2026-07-06 15:59:59.999000+00:00,1
2026-07-06 16:00:00+00:00,0.2246,0.228,0.224,0.2244,620007.0,2026-07-06 19:59:59.999000+00:00,1
2026-07-06 20:00:00+00:00,0.2244,0.2278,0.2221,0.2227,384184.0,2026-07-06 23:59:59.999000+00:00,1
2026-07-07 00:00:00+00:00,0.223,0.2247,0.2209,0.2213,291001.0,2026-07-07 03:59:59.999000+00:00,1
2026-07-07 04:00:00+00:00,0.2212,0.2238,0.2196,0.2224,299757.0,2026-07-07 07:59:59.999000+00:00,1
2026-07-07 08:00:00+00:00,0.2225,0.2287,0.2224,0.2255,315577.0,2026-07-07 11:59:59.999000+00:00,1
2026-07-07 12:00:00+00:00,0.2256,0.2314,0.2199,0.2286,931229.0,2026-07-07 15:59:59.999000+00:00,1
2026-07-07 16:00:00+00:00,0.2287,0.2297,0.2216,0.2233,655915.0,2026-07-07 19:59:59.999000+00:00,1
2026-07-07 20:00:00+00:00,0.2234,0.224,0.2193,0.2203,316288.0,2026-07-07 23:59:59.999000+00:00,1
2026-07-08 00:00:00+00:00,0.2203,0.2219,0.2139,0.2155,976395.0,2026-07-08 03:59:59.999000+00:00,1
2026-07-08 04:00:00+00:00,0.2154,0.2181,0.2148,0.2172,282324.0,2026-07-08 07:59:59.999000+00:00,1
2026-07-08 08:00:00+00:00,0.2172,0.2184,0.2127,0.2165,545085.0,2026-07-08 11:59:59.999000+00:00,1
2026-07-08 12:00:00+00:00,0.2166,0.2167,0.2118,0.2132,924517.0,2026-07-08 15:59:59.999000+00:00,1
2026-07-08 16:00:00+00:00,0.2133,0.2167,0.213,0.2155,358153.0,2026-07-08 19:59:59.999000+00:00,1
2026-07-08 20:00:00+00:00,0.2154,0.2169,0.2136,0.2166,185639.0,2026-07-08 23:59:59.999000+00:00,1
2026-07-09 00:00:00+00:00,0.2166,0.2194,0.2153,0.218,411160.0,2026-07-09 03:59:59.999000+00:00,1
2026-07-09 04:00:00+00:00,0.218,0.2247,0.2177,0.2213,430537.0,2026-07-09 07:59:59.999000+00:00,1
2026-07-09 08:00:00+00:00,0.2214,0.2291,0.2212,0.2242,904195.0,2026-07-09 11:59:59.999000+00:00,1
2026-07-09 12:00:00+00:00,0.2242,0.2255,0.2217,0.2219,443947.0,2026-07-09 15:59:59.999000+00:00,1
2026-07-09 16:00:00+00:00,0.222,0.2236,0.219,0.2191,466619.0,2026-07-09 19:59:59.999000+00:00,1
2026-07-09 20:00:00+00:00,0.2192,0.2198,0.2154,0.2167,316844.0,2026-07-09 23:59:59.999000+00:00,1
2026-07-10 00:00:00+00:00,0.2166,0.222,0.2149,0.2208,429410.0,2026-07-10 03:59:59.999000+00:00,1
2026-07-10 04:00:00+00:00,0.2208,0.2233,0.2191,0.2229,245081.0,2026-07-10 07:59:59.999000+00:00,1
2026-07-10 08:00:00+00:00,0.2228,0.2263,0.2224,0.2255,445242.0,2026-07-10 11:59:59.999000+00:00,1
2026-07-10 12:00:00+00:00,0.2256,0.2352,0.2242,0.2326,1277321.0,2026-07-10 15:59:59.999000+00:00,1
2026-07-10 16:00:00+00:00,0.2324,0.2348,0.2266,0.2281,638963.0,2026-07-10 19:59:59.999000+00:00,1
2026-07-10 20:00:00+00:00,0.2281,0.2309,0.2269,0.2295,224229.0,2026-07-10 23:59:59.999000+00:00,1
2026-07-11 00:00:00+00:00,0.2296,0.2334,0.2269,0.2293,1090004.0,2026-07-11 03:59:59.999000+00:00,1
2026-07-11 04:00:00+00:00,0.2294,0.2358,0.2282,0.2351,651645.0,2026-07-11 07:59:59.999000+00:00,1
2026-07-11 08:00:00+00:00,0.235,0.2362,0.2317,0.2335,764753.0,2026-07-11 11:59:59.999000+00:00,1
2026-07-11 12:00:00+00:00,0.2333,0.2356,0.2305,0.2317,672117.0,2026-07-11 15:59:59.999000+00:00,1
2026-07-11 16:00:00+00:00,0.2319,0.2323,0.2278,0.23,282225.0,2026-07-11 19:59:59.999000+00:00,1
2026-07-11 20:00:00+00:00,0.23,0.2327,0.2268,0.2274,509133.0,2026-07-11 23:59:59.999000+00:00,1
2026-07-12 00:00:00+00:00,0.2274,0.2477,0.2253,0.2464,6143943.0,2026-07-12 03:59:59.999000+00:00,1
2026-07-12 04:00:00+00:00,0.2466,0.2498,0.2383,0.2422,8010927.0,2026-07-12 07:59:59.999000+00:00,1
2026-07-12 08:00:00+00:00,0.2423,0.2425,0.2344,0.2376,1945760.0,2026-07-12 11:59:59.999000+00:00,1
2026-07-12 12:00:00+00:00,0.2375,0.2414,0.2345,0.2401,1482047.0,2026-07-12 15:59:59.999000+00:00,1
2026-07-12 16:00:00+00:00,0.2403,0.2441,0.2356,0.2399,1727646.0,2026-07-12 19:59:59.999000+00:00,1
2026-07-12 20:00:00+00:00,0.2399,0.2468,0.2367,0.2453,1987408.0,2026-07-12 23:59:59.999000+00:00,1
2026-07-13 00:00:00+00:00,0.2454,0.2502,0.2297,0.2306,3795343.0,2026-07-13 03:59:59.999000+00:00,1
2026-07-13 04:00:00+00:00,0.2307,0.2335,0.2265,0.2309,2154644.0,2026-07-13 07:59:59.999000+00:00,1
2026-07-13 08:00:00+00:00,0.231,0.2317,0.2288,0.2295,507838.0,2026-07-13 11:59:59.999000+00:00,1
2026-07-13 12:00:00+00:00,0.2295,0.2344,0.2277,0.2303,931254.0,2026-07-13 15:59:59.999000+00:00,1
2026-07-13 16:00:00+00:00,0.2303,0.2308,0.2249,0.2267,863590.0,2026-07-13 19:59:59.999000+00:00,1
2026-07-13 20:00:00+00:00,0.2267,0.2267,0.2225,0.2253,502101.0,2026-07-13 23:59:59.999000+00:00,1
2026-07-14 00:00:00+00:00,0.2252,0.2333,0.2244,0.2295,1301166.0,2026-07-14 03:59:59.999000+00:00,1
2026-07-14 04:00:00+00:00,0.2296,0.2401,0.2292,0.2325,2954390.0,2026-07-14 07:59:59.999000+00:00,1
2026-07-14 08:00:00+00:00,0.2325,0.2344,0.2295,0.2298,863690.0,2026-07-14 11:59:59.999000+00:00,1
2026-07-14 12:00:00+00:00,0.2299,0.2386,0.2295,0.2338,1591224.0,2026-07-14 15:59:59.999000+00:00,1
2026-07-14 16:00:00+00:00,0.2338,0.2375,0.2309,0.2363,1124840.0,2026-07-14 19:59:59.999000+00:00,1
2026-07-14 20:00:00+00:00,0.2364,0.2405,0.2351,0.2374,915181.0,2026-07-14 23:59:59.999000+00:00,1
2026-07-15 00:00:00+00:00,0.2375,0.2391,0.2341,0.2363,767288.0,2026-07-15 03:59:59.999000+00:00,1
2026-07-15 04:00:00+00:00,0.2362,0.24,0.2327,0.2338,636616.0,2026-07-15 07:59:59.999000+00:00,1
2026-07-15 08:00:00+00:00,0.2339,0.238,0.2304,0.2321,1162538.0,2026-07-15 11:59:59.999000+00:00,1
2026-07-15 12:00:00+00:00,0.232,0.2365,0.2274,0.2302,1541007.0,2026-07-15 15:59:59.999000+00:00,1
2026-07-15 16:00:00+00:00,0.2303,0.2329,0.2273,0.2293,677953.0,2026-07-15 19:59:59.999000+00:00,1
2026-07-15 20:00:00+00:00,0.2292,0.2329,0.2288,0.2293,570396.0,2026-07-15 23:59:59.999000+00:00,1
2026-07-16 00:00:00+00:00,0.2292,0.2328,0.2274,0.2278,675654.0,2026-07-16 03:59:59.999000+00:00,1
2026-07-16 04:00:00+00:00,0.2279,0.2294,0.2263,0.227,381716.0,2026-07-16 07:59:59.999000+00:00,1
2026-07-16 08:00:00+00:00,0.2271,0.231,0.225,0.2273,926412.0,2026-07-16 11:59:59.999000+00:00,1
2026-07-16 12:00:00+00:00,0.2274,0.229,0.2252,0.2267,601250.0,2026-07-16 15:59:59.999000+00:00,1
2026-07-16 16:00:00+00:00,0.2267,0.2281,0.224,0.2255,549982.0,2026-07-16 19:59:59.999000+00:00,1
2026-07-16 20:00:00+00:00,0.2253,0.2293,0.2235,0.2245,595901.0,2026-07-16 23:59:59.999000+00:00,1
2026-07-17 00:00:00+00:00,0.2246,0.2293,0.2239,0.2262,398384.0,2026-07-17 03:59:59.999000+00:00,1
2026-07-17 04:00:00+00:00,0.2262,0.2263,0.2208,0.2211,424632.0,2026-07-17 07:59:59.999000+00:00,1
2026-07-17 08:00:00+00:00,0.2212,0.2229,0.22,0.222,488734.0,2026-07-17 11:59:59.999000+00:00,1
2026-07-17 12:00:00+00:00,0.2221,0.2248,0.2201,0.2229,742130.0,2026-07-17 15:59:59.999000+00:00,1
2026-07-17 16:00:00+00:00,0.223,0.2248,0.2223,0.223,420747.0,2026-07-17 19:59:59.999000+00:00,1
2026-07-17 20:00:00+00:00,0.2229,0.2241,0.2213,0.2222,309156.0,2026-07-17 23:59:59.999000+00:00,1
2026-07-18 00:00:00+00:00,0.2223,0.2291,0.2217,0.2248,1081265.0,2026-07-18 03:59:59.999000+00:00,1
2026-07-18 04:00:00+00:00,0.2249,0.2267,0.222,0.2234,533313.0,2026-07-18 07:59:59.999000+00:00,1
2026-07-18 08:00:00+00:00,0.2234,0.2242,0.2205,0.2213,618604.0,2026-07-18 11:59:59.999000+00:00,1
2026-07-18 12:00:00+00:00,0.2214,0.2226,0.2186,0.2196,865267.0,2026-07-18 15:59:59.999000+00:00,1
2026-07-18 16:00:00+00:00,0.2195,0.2255,0.2194,0.2231,473116.0,2026-07-18 19:59:59.999000+00:00,1
2026-07-18 20:00:00+00:00,0.2231,0.2254,0.2225,0.2237,449187.0,2026-07-18 23:59:59.999000+00:00,1
2026-07-19 00:00:00+00:00,0.2237,0.2252,0.2221,0.2221,666771.0,2026-07-19 03:59:59.999000+00:00,1
2026-07-19 04:00:00+00:00,0.2221,0.2223,0.2206,0.2211,245734.0,2026-07-19 07:59:59.999000+00:00,1
2026-07-19 08:00:00+00:00,0.2212,0.2226,0.221,0.2218,223831.0,2026-07-19 11:59:59.999000+00:00,1
2026-07-19 12:00:00+00:00,0.2218,0.2222,0.2195,0.2197,322555.0,2026-07-19 15:59:59.999000+00:00,1
2026-07-19 16:00:00+00:00,0.2197,0.2216,0.2182,0.2191,484311.0,2026-07-19 19:59:59.999000+00:00,1
2026-07-19 20:00:00+00:00,0.2192,0.2337,0.2172,0.2317,2074042.0,2026-07-19 23:59:59.999000+00:00,1
2026-07-20 00:00:00+00:00,0.2317,0.2384,0.2303,0.2364,2923317.0,2026-07-20 03:59:59.999000+00:00,1
2026-07-20 04:00:00+00:00,0.2364,0.2377,0.2242,0.2291,1926434.0,2026-07-20 07:59:59.999000+00:00,1
2026-07-20 08:00:00+00:00,0.2291,0.2298,0.2234,0.2262,894490.0,2026-07-20 11:59:59.999000+00:00,1
2026-07-20 12:00:00+00:00,0.2261,0.2296,0.2223,0.2289,1417489.0,2026-07-20 15:59:59.999000+00:00,1
2026-07-20 16:00:00+00:00,0.2289,0.2348,0.2279,0.233,1544437.0,2026-07-20 19:59:59.999000+00:00,1
2026-07-20 20:00:00+00:00,0.2331,0.2369,0.2294,0.233,1125152.0,2026-07-20 23:59:59.999000+00:00,1
2026-07-21 00:00:00+00:00,0.233,0.242,0.2304,0.2342,2777353.0,2026-07-21 03:59:59.999000+00:00,1
2026-07-21 04:00:00+00:00,0.2342,0.246,0.2338,0.2367,2447825.0,2026-07-21 07:59:59.999000+00:00,1
2026-07-21 08:00:00+00:00,0.2366,0.2425,0.2363,0.2402,1202777.0,2026-07-21 11:59:59.999000+00:00,1
2026-07-21 12:00:00+00:00,0.2403,0.241,0.2333,0.2334,726782.0,2026-07-21 15:59:59.999000+00:00,1
2026-07-21 16:00:00+00:00,0.2335,0.2339,0.2284,0.229,612169.0,2026-07-21 19:59:59.999000+00:00,1
2026-07-21 20:00:00+00:00,0.229,0.2347,0.228,0.2312,1126385.0,2026-07-21 23:59:59.999000+00:00,1
2026-07-22 00:00:00+00:00,0.2312,0.2329,0.2279,0.2281,585234.0,2026-07-22 03:59:59.999000+00:00,1
2026-07-22 04:00:00+00:00,0.2281,0.2297,0.2227,0.2248,728860.0,2026-07-22 07:59:59.999000+00:00,1
2026-07-22 08:00:00+00:00,0.2248,0.2287,0.2226,0.2261,516527.0,2026-07-22 11:59:59.999000+00:00,1
2026-07-22 12:00:00+00:00,0.2261,0.2399,0.2258,0.232,2335895.0,2026-07-22 15:59:59.999000+00:00,1
2026-07-22 16:00:00+00:00,0.232,0.2389,0.2243,0.2245,3139594.0,2026-07-22 19:59:59.999000+00:00,1
2026-07-22 20:00:00+00:00,0.2245,0.2292,0.2223,0.2252,1375139.0,2026-07-22 23:59:59.999000+00:00,1
2026-07-23 00:00:00+00:00,0.2253,0.2253,0.2178,0.2187,1224775.0,2026-07-23 03:59:59.999000+00:00,1
2026-07-23 04:00:00+00:00,0.2188,0.2294,0.218,0.2245,2224062.0,2026-07-23 07:59:59.999000+00:00,1
2026-07-23 08:00:00+00:00,0.2244,0.2332,0.2239,0.2265,1514311.0,2026-07-23 11:59:59.999000+00:00,1
2026-07-23 12:00:00+00:00,0.2265,0.228,0.2216,0.2239,1439367.0,2026-07-23 15:59:59.999000+00:00,1
2026-07-23 16:00:00+00:00,0.224,0.2243,0.2187,0.2198,825138.0,2026-07-23 19:59:59.999000+00:00,1
2026-07-23 20:00:00+00:00,0.2197,0.2221,0.2174,0.2196,724930.0,2026-07-23 23:59:59.999000+00:00,1
2026-07-24 00:00:00+00:00,0.2196,0.2234,0.2179,0.2221,480977.0,2026-07-24 03:59:59.999000+00:00,1
2026-07-24 04:00:00+00:00,0.222,0.226,0.2214,0.223,564351.0,2026-07-24 07:59:59.999000+00:00,1
2026-07-24 08:00:00+00:00,0.2231,0.2232,0.2163,0.2173,648121.0,2026-07-24 11:59:59.999000+00:00,1
2026-07-24 12:00:00+00:00,0.2172,0.2182,0.2126,0.2161,1297196.0,2026-07-24 15:59:59.999000+00:00,1
2026-07-24 16:00:00+00:00,0.2162,0.2206,0.2158,0.2171,766408.0,2026-07-24 19:59:59.999000+00:00,1
2026-07-24 20:00:00+00:00,0.2171,0.2184,0.2145,0.2179,816751.0,2026-07-24 23:59:59.999000+00:00,1
2026-07-25 00:00:00+00:00,0.2181,0.2196,0.2159,0.2181,531074.0,2026-07-25 03:59:59.999000+00:00,1
2026-07-25 04:00:00+00:00,0.2179,0.2194,0.2152,0.2155,562518.0,2026-07-25 07:59:59.999000+00:00,1
2026-07-25 08:00:00+00:00,0.2154,0.2165,0.2148,0.216,294340.0,2026-07-25 11:59:59.999000+00:00,1
2026-07-25 12:00:00+00:00,0.216,0.2176,0.2131,0.2161,742574.0,2026-07-25 15:59:59.999000+00:00,1
2026-07-25 16:00:00+00:00,0.216,0.2162,0.213,0.2154,577956.0,2026-07-25 19:59:59.999000+00:00,1
2026-07-25 20:00:00+00:00,0.2154,0.2158,0.2131,0.2133,414122.0,2026-07-25 23:59:59.999000+00:00,1
2026-07-26 00:00:00+00:00,0.2133,0.2175,0.2132,0.2163,699878.0,2026-07-26 03:59:59.999000+00:00,1
2026-07-26 04:00:00+00:00,0.2164,0.2192,0.2156,0.2183,624138.0,2026-07-26 07:59:59.999000+00:00,1
2026-07-26 08:00:00+00:00,0.2182,0.2211,0.2169,0.2182,619606.0,2026-07-26 11:59:59.999000+00:00,1
2026-07-26 12:00:00+00:00,0.2182,0.2232,0.2174,0.2228,557217.0,2026-07-26 15:59:59.999000+00:00,1
2026-07-26 16:00:00+00:00,0.223,0.2255,0.2197,0.2213,1591672.0,2026-07-26 19:59:59.999000+00:00,1
2026-07-26 20:00:00+00:00,0.2213,0.2231,0.2207,0.2223,444714.0,2026-07-26 23:59:59.999000+00:00,1
2026-07-27 00:00:00+00:00,0.2224,0.2224,0.2192,0.2203,407180.0,2026-07-27 03:59:59.999000+00:00,1
2026-07-27 04:00:00+00:00,0.2203,0.2269,0.2183,0.219,1672981.0,2026-07-27 07:59:59.999000+00:00,1
2026-07-27 08:00:00+00:00,0.2192,0.2212,0.2172,0.2174,537950.0,2026-07-27 11:59:59.999000+00:00,1
2026-07-27 12:00:00+00:00,0.2175,0.2194,0.2125,0.2153,1506721.0,2026-07-27 15:59:59.999000+00:00,1
2026-07-27 16:00:00+00:00,0.2152,0.2186,0.2134,0.2179,788255.0,2026-07-27 19:59:59.999000+00:00,1
2026-07-27 20:00:00+00:00,0.2179,0.2204,0.2106,0.2113,738583.0,2026-07-27 23:59:59.999000+00:00,1
2026-07-28 00:00:00+00:00,0.2113,0.2123,0.2073,0.2095,1014803.0,2026-07-28 03:59:59.999000+00:00,1
2026-07-28 04:00:00+00:00,0.2095,0.2107,0.2083,0.2098,544693.0,2026-07-28 07:59:59.999000+00:00,1
2026-07-28 08:00:00+00:00,0.2099,0.2169,0.2097,0.2132,1242271.0,2026-07-28 11:59:59.999000+00:00,1
2026-07-28 12:00:00+00:00,0.2132,0.2229,0.2092,0.2212,2185362.0,2026-07-28 15:59:59.999000+00:00,1
2026-07-28 16:00:00+00:00,0.2211,0.2221,0.2144,0.215,535399.0,2026-07-28 19:59:59.999000+00:00,1
2026-07-28 20:00:00+00:00,0.2149,0.2165,0.2116,0.2139,566900.0,2026-07-28 23:59:59.999000+00:00,1
2026-07-29 00:00:00+00:00,0.2139,0.2172,0.2077,0.2078,1462268.0,2026-07-29 03:59:59.999000+00:00,1
2026-07-29 04:00:00+00:00,0.2078,0.2121,0.2057,0.2091,1524807.0,2026-07-29 07:59:59.999000+00:00,1
2026-07-29 08:00:00+00:00,0.2091,0.2122,0.2077,0.209,634907.0,2026-07-29 11:59:59.999000+00:00,1
2026-07-29 12:00:00+00:00,0.2089,0.212,0.2072,0.209,1244817.0,2026-07-29 15:59:59.999000+00:00,1
2026-07-29 16:00:00+00:00,0.2091,0.2139,0.2079,0.2081,1341025.0,2026-07-29 19:59:59.999000+00:00,1
2026-07-29 20:00:00+00:00,0.2081,0.2124,0.205,0.2111,1005892.0,2026-07-29 23:59:59.999000+00:00,1
2026-07-30 00:00:00+00:00,0.2111,0.2147,0.2089,0.2128,626079.0,2026-07-30 03:59:59.999000+00:00,1
2026-07-30 04:00:00+00:00,0.2129,0.2147,0.2114,0.2126,352259.0,2026-07-30 07:59:59.999000+00:00,1
2026-07-30 08:00:00+00:00,0.2126,0.214,0.2086,0.2098,631612.0,2026-07-30 11:59:59.999000+00:00,1
2026-07-30 12:00:00+00:00,0.2098,0.2111,0.2072,0.2079,639426.0,2026-07-30 15:59:59.999000+00:00,1
2026-07-30 16:00:00+00:00,0.2078,0.2091,0.2063,0.2081,773049.0,2026-07-30 19:59:59.999000+00:00,1
2026-07-30 20:00:00+00:00,0.2082,0.2103,0.2066,0.2073,622579.0,2026-07-30 23:59:59.999000+00:00,1
2026-07-31 00:00:00+00:00,0.2072,0.2113,0.2071,0.2089,780055.0,2026-07-31 03:59:59.999000+00:00,1
2026-07-31 04:00:00+00:00,0.2088,0.2142,0.2082,0.2133,1239465.0,2026-07-31 07:59:59.999000+00:00,1
2026-07-31 08:00:00+00:00,0.2132,0.2157,0.2088,0.2125,1363859.0,2026-07-31 11:59:59.999000+00:00,1
2026-07-31 12:00:00+00:00,0.2126,0.2186,0.2102,0.2134,1575191.0,2026-07-31 15:59:59.999000+00:00,1
2026-07-31 16:00:00+00:00,0.2134,0.2152,0.2124,0.2134,556486.0,2026-07-31 19:59:59.999000+00:00,1
2026-07-31 20:00:00+00:00,0.2134,0.2144,0.2121,0.2123,341115.0,2026-07-31 23:59:59.999000+00:00,1
2026-08-01 00:00:00+00:00,0.2123,0.2151,0.2117,0.2142,796189.0,2026-08-01 03:59:59.999000+00:00,1
2026-08-01 04:00:00+00:00,0.2143,0.2173,0.2134,0.2146,539339.0,2026-08-01 07:59:59.999000+00:00,1
2026-08-01 08:00:00+00:00,0.2145,0.2183,0.2144,0.2173,574648.0,2026-08-01 11:59:59.999000+00:00,1
2026-08-01 12:00:00+00:00,0.2174,0.2206,0.2163,0.2174,975530.0,2026-08-01 15:59:59.999000+00:00,1
2026-08-01 16:00:00+00:00,0.2174,0.2191,0.2116,0.212,666905.0,2026-08-01 19:59:59.999000+00:00,1
2026-08-01 20:00:00+00:00,0.212,0.2141,0.2108,0.2114,642324.0,2026-08-01 23:59:59.999000+00:00,1
2026-08-02 00:00:00+00:00,0.2115,0.2159,0.211,0.2142,519350.0,2026-08-02 03:59:59.999000+00:00,1
2026-08-02 04:00:00+00:00,0.2141,0.2152,0.2126,0.2127,361980.0,2026-08-02 07:59:59.999000+00:00,1
2026-08-02 08:00:00+00:00,0.2128,0.2139,0.2108,0.2123,516300.0,2026-08-02 11:59:59.999000+00:00,1
2026-08-02 12:00:00+00:00,0.2124,0.2135,0.2094,0.2096,650481.0,2026-08-02 15:59:59.999000+00:00,1
2026-08-02 16:00:00+00:00,0.2095,0.2125,0.2092,0.211,720174.0,2026-08-02 19:59:59.999000+00:00,1
2026-08-02 20:00:00+00:00,0.2111,0.2135,0.2093,0.2104,605667.0,2026-08-02 23:59:59.999000+00:00,1
2026-08-03 00:00:00+00:00,0.2103,0.2115,0.2084,0.21,551659.0,2026-08-03 03:59:59.999000+00:00,1
2026-08-03 04:00:00+00:00,0.21,0.2158,0.21,0.213,1147203.0,2026-08-03 07:59:59.999000+00:00,1
2026-08-03 08:00:00+00:00,0.2129,0.2133,0.2093,0.2103,765238.0,2026-08-03 11:59:59.999000+00:00,1
2026-08-03 12:00:00+00:00,0.2102,0.2217,0.2093,0.2178,3031751.0,2026-08-03 15:59:59.999000+00:00,1
2026-08-03 16:00:00+00:00,0.2177,0.2186,0.2157,0.2161,811080.0,2026-08-03 19:59:59.999000+00:00,1
2026-08-03 20:00:00+00:00,0.2162,0.217,0.2135,0.2144,372192.0,2026-08-03 23:59:59.999000+00:00,1
2026-08-04 00:00:00+00:00,0.2144,0.2157,0.2132,0.2151,345736.0,2026-08-04 03:59:59.999000+00:00,1
2026-08-04 04:00:00+00:00,0.215,0.2183,0.2145,0.2157,1239868.0,2026-08-04 07:59:59.999000+00:00,1
2026-08-04 08:00:00+00:00,0.2155,0.2175,0.2133,0.2135,871156.0,2026-08-04 11:59:59.999000+00:00,1
2026-08-04 12:00:00+00:00,0.2136,0.2142,0.2107,0.2122,2072160.0,2026-08-04 15:59:59.999000+00:00,1
2026-08-04 16:00:00+00:00,0.2122,0.2134,0.2114,0.2127,918916.0,2026-08-04 19:59:59.999000+00:00,1
2026-08-04 20:00:00+00:00,0.2127,0.2135,0.211,0.211,809390.0,2026-08-04 23:59:59.999000+00:00,1
2026-08-05 00:00:00+00:00,0.2109,0.213,0.2102,0.2111,1290443.0,2026-08-05 03:59:59.999000+00:00,1
2026-08-05 04:00:00+00:00,0.2112,0.2129,0.2101,0.2108,268460.0,2026-08-05 07:59:59.999000+00:00,1
2026-08-05 08:00:00+00:00,0.2109,0.2125,0.2107,0.2117,210907.0,2026-08-05 11:59:59.999000+00:00,1
2026-08-05 12:00:00+00:00,0.2117,0.2153,0.2115,0.2126,705670.0,2026-08-05 15:59:59.999000+00:00,1
2026-08-05 16:00:00+00:00,0.2125,0.2171,0.2125,0.2156,388137.0,2026-08-05 19:59:59.999000+00:00,1
2026-08-05 20:00:00+00:00,0.2156,0.2162,0.2125,0.2132,272831.0,2026-08-05 23:59:59.999000+00:00,1
2026-08-06 00:00:00+00:00,0.2132,0.2165,0.2131,0.2144,519308.0,2026-08-06 03:59:59.999000+00:00,1
2026-08-06 04:00:00+00:00,0.2143,0.2179,0.2141,0.2164,602654.0,2026-08-06 07:59:59.999000+00:00,1
2026-08-06 08:00:00+00:00,0.2164,0.2171,0.2125,0.2143,487068.0,2026-08-06 11:59:59.999000+00:00,1
2026-08-06 12:00:00+00:00,0.2142,0.2151,0.213,0.2138,541836.0,2026-08-06 15:59:59.999000+00:00,1
2026-08-06 16:00:00+00:00,0.2138,0.215,0.2112,0.2128,512413.0,2026-08-06 19:59:59.999000+00:00,1
2026-08-06 20:00:00+00:00,0.2128,0.215,0.2127,0.2133,321244.0,2026-08-06 23:59:59.999000+00:00,1
2026-08-07 00:00:00+00:00,0.2132,0.2147,0.2122,0.2123,411510.0,2026-08-07 03:59:59.999000+00:00,1
2026-08-07 04:00:00+00:00,0.2122,0.2198,0.2117,0.2173,1406802.0,2026-08-07 07:59:59.999000+00:00,1
2026-08-07 08:00:00+00:00,0.2174,0.2178,0.2107,0.2122,1240773.0,2026-08-07 11:59:59.999000+00:00,1
2026-08-07 12:00:00+00:00,0.2123,0.214,0.212,0.2129,960166.0,2026-08-07 15:59:59.999000+00:00,1
2026-08-07 16:00:00+00:00,0.2127,0.2129,0.2092,0.2106,516511.0,2026-08-07 19:59:59.999000+00:00,1
2026-08-07 20:00:00+00:00,0.2105,0.2105,0.2091,0.2098,172514.0,2026-08-07 23:59:59.999000+00:00,1
2026-08-08 00:00:00+00:00,0.2097,0.2111,0.2097,0.211,247593.0,2026-08-08 03:59:59.999000+00:00,1
2026-08-08 04:00:00+00:00,0.211,0.2111,0.2089,0.2104,295934.0,2026-08-08 07:59:59.999000+00:00,1
2026-08-08 08:00:00+00:00,0.2103,0.2112,0.2097,0.2098,253581.0,2026-08-08 11:59:59.999000+00:00,1
2026-08-08 12:00:00+00:00,0.2098,0.2112,0.2098,0.2104,260094.0,2026-08-08 15:59:59.999000+00:00,1
2026-08-08 16:00:00+00:00,0.2104,0.2109,0.2093,0.2095,265146.0,2026-08-08 19:59:59.999000+00:00,1
2026-08-08 20:00:00+00:00,0.2094,0.2108,0.2082,0.2098,335965.0,2026-08-08 23:59:59.999000+00:00,1
2026-08-09 00:00:00+00:00,0.2098,0.2117,0.2092,0.2112,360654.0,2026-08-09 03:59:59.999000+00:00,1
2026-08-09 04:00:00+00:00,0.211,0.218,0.211,0.2151,1195597.0,2026-08-09 07:59:59.999000+00:00,1
2026-08-09 08:00:00+00:00,0.215,0.2156,0.2115,0.2119,460342.0,2026-08-09 11:59:59.999000+00:00,1
2026-08-09 12:00:00+00:00,0.2119,0.2128,0.2106,0.2125,514536.0,2026-08-09 15:59:59.999000+00:00,1
2026-08-09 16:00:00+00:00,0.2125,0.2152,0.2117,0.2144,736010.0,2026-08-09 19:59:59.999000+00:00,1
2026-08-09 20:00:00+00:00,0.2144,0.2144,0.2083,0.2092,735861.0,2026-08-09 23:59:59.999000+00:00,1
2026-08-10 00:00:00+00:00,0.2092,0.2121,0.2087,0.2099,708545.0,2026-08-10 03:59:59.999000+00:00,1
2026-08-10 04:00:00+00:00,0.2099,0.2125,0.2095,0.2113,467695.0,2026-08-10 07:59:59.999000+00:00,1
2026-08-10 08:00:00+00:00,0.2112,0.2124,0.2103,0.2109,347598.0,2026-08-10 11:59:59.999000+00:00,1
2026-08-10 12:00:00+00:00,0.2109,0.212,0.2086,0.212,805530.0,2026-08-10 15:59:59.999000+00:00,1
2026-08-10 16:00:00+00:00,0.212,0.2132,0.21,0.2108,737660.0,2026-08-10 19:59:59.999000+00:00,1
2026-08-10 20:00:00+00:00,0.2107,0.2115,0.209,0.2108,343287.0,2026-08-10 23:59:59.999000+00:00,1
2026-08-11 00:00:00+00:00,0.2109,0.2137,0.2105,0.2127,461871.0,2026-08-11 03:59:59.999000+00:00,1
2026-08-11 04:00:00+00:00,0.2127,0.2136,0.2077,0.2077,379758.0,2026-08-11 07:59:59.999000+00:00,1
2026-08-11 08:00:00+00:00,0.2078,0.2091,0.2052,0.2062,643431.0,2026-08-11 11:59:59.999000+00:00,1
2026-08-11 12:00:00+00:00,0.2063,0.2078,0.201,0.2025,838578.0,2026-08-11 15:59:59.999000+00:00,1
2026-08-11 16:00:00+00:00,0.2024,0.2036,0.2012,0.2026,294176.0,2026-08-11 19:59:59.999000+00:00,1
2026-08-11 20:00:00+00:00,0.2026,0.2043,0.2023,0.2032,273946.0,2026-08-11 23:59:59.999000+00:00,1
2026-08-12 00:00:00+00:00,0.2032,0.2042,0.2025,0.2027,186875.0,2026-08-12 03:59:59.999000+00:00,1
2026-08-12 04:00:00+00:00,0.2027,0.203,0.1974,0.1993,1031930.0,2026-08-12 07:59:59.999000+00:00,1
2026-08-12 08:00:00+00:00,0.1993,0.201,0.1987,0.2001,415830.0,2026-08-12 11:59:59.999000+00:00,1
2026-08-12 12:00:00+00:00,0.2002,0.2032,0.1985,0.2003,1087222.0,2026-08-12 15:59:59.999000+00:00,1
2026-08-12 16:00:00+00:00,0.2004,0.2011,0.1988,0.199,382482.0,2026-08-12 19:59:59.999000+00:00,1
2026-08-12 20:00:00+00:00,0.199,0.2004,0.1929,0.1966,768134.0,2026-08-12 23:59:59.999000+00:00,1
2026-08-13 00:00:00+00:00,0.1964,0.1984,0.1961,0.1974,319514.0,2026-08-13 03:59:59.999000+00:00,1
2026-08-13 04:00:00+00:00,0.1975,0.1977,0.1957,0.196,371185.0,2026-08-13 07:59:59.999000+00:00,1
2026-08-13 08:00:00+00:00,0.1961,0.1974,0.1952,0.1958,288165.0,2026-08-13 11:59:59.999000+00:00,1
2026-08-13 12:00:00+00:00,0.1956,0.1984,0.1955,0.1959,507730.0,2026-08-13 15:59:59.999000+00:00,1
2026-08-13 16:00:00+00:00,0.196,0.1972,0.1938,0.1967,286680.0,2026-08-13 19:59:59.999000+00:00,1
2026-08-13 20:00:00+00:00,0.1968,0.1985,0.1963,0.1978,403669.0,2026-08-13 23:59:59.999000+00:00,1
2026-08-14 00:00:00+00:00,0.1978,0.1984,0.196,0.196,315593.0,2026-08-14 03:59:59.999000+00:00,1
2026-08-14 04:00:00+00:00,0.1959,0.1967,0.1939,0.1944,382097.0,2026-08-14 07:59:59.999000+00:00,1
2026-08-14 08:00:00+00:00,0.1944,0.1959,0.194,0.1945,187207.0,2026-08-14 11:59:59.999000+00:00,1
2026-08-14 12:00:00+00:00,0.1945,0.1969,0.1931,0.1966,561191.0,2026-08-14 15:59:59.999000+00:00,1
2026-08-14 16:00:00+00:00,0.1966,0.198,0.1962,0.1975,465357.0,2026-08-14 19:59:59.999000+00:00,1
2026-08-14 20:00:00+00:00,0.1975,0.198,0.1965,0.1978,168038.0,2026-08-14 23:59:59.999000+00:00,1
2026-08-15 00:00:00+00:00,0.1979,0.1998,0.1974,0.198,445907.0,2026-08-15 03:59:59.999000+00:00,1
2026-08-15 04:00:00+00:00,0.198,0.1997,0.1979,0.1992,400556.0,2026-08-15 07:59:59.999000+00:00,1
2026-08-15 08:00:00+00:00,0.1992,0.2001,0.1987,0.1991,304860.0,2026-08-15 11:59:59.999000+00:00,1
2026-08-15 12:00:00+00:00,0.199,0.2,0.1981,0.1999,281851.0,2026-08-15 15:59:59.999000+00:00,1
2026-08-15 16:00:00+00:00,0.1999,0.2001,0.1989,0.1997,176030.0,2026-08-15 19:59:59.999000+00:00,1
2026-08-15 20:00:00+00:00,0.1997,0.2,0.1974,0.1979,231081.0,2026-08-15 23:59:59.999000+00:00,1
2026-08-16 00:00:00+00:00,0.1979,0.1987,0.1975,0.1981,243111.0,2026-08-16 03:59:59.999000+00:00,1
2026-08-16 04:00:00+00:00,0.198,0.1985,0.1971,0.1979,117835.0,2026-08-16 07:59:59.999000+00:00,1
2026-08-16 08:00:00+00:00,0.198,0.1985,0.1976,0.1978,54358.0,2026-08-16 11:59:59.999000+00:00,1
2026-08-16 12:00:00+00:00,0.1978,0.1988,0.1977,0.1986,78310.0,2026-08-16 15:59:59.999000+00:00,1
2026-08-16 16:00:00+00:00,0.1986,0.1992,0.198,0.1986,175606.0,2026-08-16 19:59:59.999000+00:00,1
2026-08-16 20:00:00+00:00,0.1985,0.199,0.194,0.196,471162.0,2026-08-16 23:59:59.999000+00:00,1
2026-08-17 00:00:00+00:00,0.1962,0.199,0.1955,0.1979,352314.0,2026-08-17 03:59:59.999000+00:00,1
2026-08-17 04:00:00+00:00,0.1979,0.1991,0.1977,0.1983,337036.0,2026-08-17 07:59:59.999000+00:00,1
2026-08-17 08:00:00+00:00,0.1982,0.1982,0.1966,0.1973,256046.0,2026-08-17 11:59:59.999000+00:00,1
2026-08-17 12:00:00+00:00,0.1973,0.1986,0.1964,0.1986,247912.0,2026-08-17 15:59:59.999000+00:00,1
2026-08-17 16:00:00+00:00,0.1986,0.1988,0.1965,0.1966,225213.0,2026-08-17 19:59:59.999000+00:00,1
2026-08-17 20:00:00+00:00,0.1966,0.1969,0.195,0.196,289402.0,2026-08-17 23:59:59.999000+00:00,1
2026-08-18 00:00:00+00:00,0.196,0.196,0.1917,0.1922,532702.0,2026-08-18 03:59:59.999000+00:00,1
2026-08-18 04:00:00+00:00,0.1923,0.1942,0.192,0.1933,243560.0,2026-08-18 07:59:59.999000+00:00,1
2026-08-18 08:00:00+00:00,0.1933,0.1939,0.1927,0.1935,144725.0,2026-08-18 11:59:59.999000+00:00,1
2026-08-18 12:00:00+00:00,0.1935,0.1943,0.1915,0.1937,249624.0,2026-08-18 15:59:59.999000+00:00,1
2026-08-18 16:00:00+00:00,0.1937,0.194,0.192,0.192,143035.0,2026-08-18 19:59:59.999000+00:00,1
2026-08-18 20:00:00+00:00,0.1921,0.1923,0.1909,0.1913,171796.0,2026-08-18 23:59:59.999000+00:00,1
2026-08-19 00:00:00+00:00,0.1914,0.192,0.1904,0.1913,297055.0,2026-08-19 03:59:59.999000+00:00,1
2026-08-19 04:00:00+00:00,0.1914,0.1915,0.1885,0.1894,487926.0,2026-08-19 07:59:59.999000+00:00,1
2026-08-19 08:00:00+00:00,0.1895,0.1913,0.1894,0.1906,244043.0,2026-08-19 11:59:59.999000+00:00,1
2026-08-19 12:00:00+00:00,0.1906,0.2031,0.1904,0.1991,1187844.0,2026-08-19 15:59:59.999000+00:00,1
2026-08-19 16:00:00+00:00,0.1991,0.2,0.1966,0.1984,882295.0,2026-08-19 19:59:59.999000+00:00,1
2026-08-19 20:00:00+00:00,0.1985,0.2057,0.1981,0.203,950408.0,2026-08-19 23:59:59.999000+00:00,1
2026-08-20 00:00:00+00:00,0.2031,0.2065,0.2022,0.2027,812820.0,2026-08-20 03:59:59.999000+00:00,1
2026-08-20 04:00:00+00:00,0.2027,0.2041,0.202,0.2036,299084.0,2026-08-20 07:59:59.999000+00:00,1
2026-08-20 08:00:00+00:00,0.2037,0.2078,0.2035,0.206,813145.0,2026-08-20 11:59:59.999000+00:00,1
2026-08-20 12:00:00+00:00,0.2061,0.2123,0.2036,0.2113,818918.0,2026-08-20 15:59:59.999000+00:00,1
2026-08-20 16:00:00+00:00,0.2114,0.2152,0.2086,0.2101,806793.0,2026-08-20 19:59:59.999000+00:00,1
2026-08-20 20:00:00+00:00,0.2101,0.2151,0.2093,0.2139,574395.0,2026-08-20 23:59:59.999000+00:00,1
2026-08-21 00:00:00+00:00,0.2139,0.2165,0.2121,0.2151,721648.0,2026-08-21 03:59:59.999000+00:00,1
2026-08-21 04:00:00+00:00,0.2152,0.221,0.2139,0.2193,790315.0,2026-08-21 07:59:59.999000+00:00,1
2026-08-21 08:00:00+00:00,0.2193,0.2334,0.2192,0.2305,2416958.0,2026-08-21 11:59:59.999000+00:00,1
2026-08-21 12:00:00+00:00,0.2305,0.2391,0.2296,0.2344,2153576.0,2026-08-21 15:59:59.999000+00:00,1
2026-08-21 16:00:00+00:00,0.2344,0.2358,0.2297,0.2307,1078639.0,2026-08-21 19:59:59.999000+00:00,1
2026-08-21 20:00:00+00:00,0.2307,0.2393,0.23,0.2356,927830.0,2026-08-21 23:59:59.999000+00:00,1
2026-08-22 00:00:00+00:00,0.2356,0.2505,0.234,0.2491,1961328.0,2026-08-22 03:59:59.999000+00:00,1
2026-08-22 04:00:00+00:00,0.2491,0.2526,0.2203,0.2335,4950051.0,2026-08-22 07:59:59.999000+00:00,1
2026-08-22 08:00:00+00:00,0.2335,0.2354,0.2226,0.2278,1196920.0,2026-08-22 11:59:59.999000+00:00,1
2026-08-22 12:00:00+00:00,0.2277,0.2302,0.2247,0.2256,487619.0,2026-08-22 15:59:59.999000+00:00,1
2026-08-22 16:00:00+00:00,0.2256,0.2304,0.2247,0.2298,489937.0,2026-08-22 19:59:59.999000+00:00,1
2026-08-22 20:00:00+00:00,0.2297,0.2299,0.2193,0.2242,849037.0,2026-08-22 23:59:59.999000+00:00,1
2026-08-23 00:00:00+00:00,0.2242,0.2274,0.2174,0.2182,730866.0,2026-08-23 03:59:59.999000+00:00,1
2026-08-23 04:00:00+00:00,0.2183,0.2223,0.2143,0.2217,690210.0,2026-08-23 07:59:59.999000+00:00,1
2026-08-23 08:00:00+00:00,0.2217,0.2296,0.2211,0.2293,740729.0,2026-08-23 11:59:59.999000+00:00,1
2026-08-23 12:00:00+00:00,0.2291,0.2367,0.2265,0.2324,1265329.0,2026-08-23 15:59:59.999000+00:00,1
2026-08-23 16:00:00+00:00,0.2327,0.2364,0.2303,0.2312,627436.0,2026-08-23 19:59:59.999000+00:00,1
2026-08-23 20:00:00+00:00,0.2309,0.2346,0.2298,0.2315,442647.0,2026-08-23 23:59:59.999000+00:00,1
2026-08-24 00:00:00+00:00,0.2315,0.2317,0.2226,0.2243,805711.0,2026-08-24 03:59:59.999000+00:00,1
2026-08-24 04:00:00+00:00,0.2244,0.2271,0.2238,0.2263,509909.0,2026-08-24 07:59:59.999000+00:00,1
2026-08-24 08:00:00+00:00,0.2261,0.2323,0.2238,0.2308,786280.0,2026-08-24 11:59:59.999000+00:00,1
2026-08-24 12:00:00+00:00,0.2307,0.2349,0.2273,0.231,1390070.0,2026-08-24 15:59:59.999000+00:00,1
2026-08-24 16:00:00+00:00,0.2311,0.2322,0.2266,0.2283,598411.0,2026-08-24 19:59:59.999000+00:00,1
2026-08-24 20:00:00+00:00,0.2283,0.2333,0.2277,0.2303,449641.0,2026-08-24 23:59:59.999000+00:00,1
2026-08-25 00:00:00+00:00,0.2303,0.2357,0.2297,0.2327,806225.0,2026-08-25 03:59:59.999000+00:00,1
2026-08-25 04:00:00+00:00,0.2327,0.2362,0.2283,0.2304,846236.0,2026-08-25 07:59:59.999000+00:00,1
2026-08-25 08:00:00+00:00,0.2305,0.2341,0.2303,0.2334,466415.0,2026-08-25 11:59:59.999000+00:00,1
2026-08-25 12:00:00+00:00,0.2335,0.2342,0.2275,0.2307,677986.0,2026-08-25 15:59:59.999000+00:00,1
2026-08-25 16:00:00+00:00,0.2306,0.2327,0.2298,0.2307,355447.0,2026-08-25 19:59:59.999000+00:00,1
2026-08-25 20:00:00+00:00,0.2308,0.2315,0.2237,0.2284,663471.0,2026-08-25 23:59:59.999000+00:00,1
2026-08-26 00:00:00+00:00,0.2283,0.2329,0.2278,0.2315,329595.0,2026-08-26 03:59:59.999000+00:00,1
2026-08-26 04:00:00+00:00,0.2315,0.2325,0.2292,0.2301,369542.0,2026-08-26 07:59:59.999000+00:00,1
2026-08-26 08:00:00+00:00,0.2299,0.2313,0.2278,0.2288,311652.0,2026-08-26 11:59:59.999000+00:00,1
2026-08-26 12:00:00+00:00,0.2286,0.2298,0.2202,0.2224,895621.0,2026-08-26 15:59:59.999000+00:00,1
2026-08-26 16:00:00+00:00,0.2222,0.2242,0.2204,0.2227,472225.0,2026-08-26 19:59:59.999000+00:00,1
2026-08-26 20:00:00+00:00,0.2226,0.2292,0.2207,0.2286,584418.0,2026-08-26 23:59:59.999000+00:00,1
2026-08-27 00:00:00+00:00,0.2287,0.2287,0.225,0.2264,317904.0,2026-08-27 03:59:59.999000+00:00,1
2026-08-27 04:00:00+00:00,0.2264,0.2274,0.2241,0.2255,181871.0,2026-08-27 07:59:59.999000+00:00,1
2026-08-27 08:00:00+00:00,0.2256,0.231,0.2245,0.2258,678670.0,2026-08-27 11:59:59.999000+00:00,1
2026-08-27 12:00:00+00:00,0.2256,0.229,0.2239,0.2284,377208.0,2026-08-27 15:59:59.999000+00:00,1
2026-08-27 16:00:00+00:00,0.2284,0.2308,0.2267,0.2271,302717.0,2026-08-27 19:59:59.999000+00:00,1
2026-08-27 20:00:00+00:00,0.2269,0.2281,0.2261,0.2267,124342.0,2026-08-27 23:59:59.999000+00:00,1
2026-08-28 00:00:00+00:00,0.2267,0.231,0.2212,0.2226,472408.0,2026-08-28 03:59:59.999000+00:00,1
2026-08-28 04:00:00+00:00,0.2227,0.2243,0.2137,0.2186,2703856.0,2026-08-28 07:59:59.999000+00:00,1
2026-08-28 08:00:00+00:00,0.2186,0.2227,0.2157,0.2203,885688.0,2026-08-28 11:59:59.999000+00:00,1
2026-08-28 12:00:00+00:00,0.2203,0.2218,0.2141,0.2141,770740.0,2026-08-28 15:59:59.999000+00:00,1
2026-08-28 16:00:00+00:00,0.2141,0.2144,0.2086,0.212,950154.0,2026-08-28 19:59:59.999000+00:00,1
2026-08-28 20:00:00+00:00,0.212,0.2133,0.211,0.2125,360127.0,2026-08-28 23:59:59.999000+00:00,1
2026-08-29 00:00:00+00:00,0.2125,0.213,0.2105,0.2105,235117.0,2026-08-29 03:59:59.999000+00:00,1
2026-08-29 04:00:00+00:00,0.2106,0.2119,0.2093,0.2097,153002.0,2026-08-29 07:59:59.999000+00:00,1
2026-08-29 08:00:00+00:00,0.2098,0.2109,0.2089,0.209,248189.0,2026-08-29 11:59:59.999000+00:00,1
2026-08-29 12:00:00+00:00,0.2091,0.2116,0.209,0.2101,195029.0,2026-08-29 15:59:59.999000+00:00,1
2026-08-29 16:00:00+00:00,0.2102,0.2108,0.2076,0.2083,261928.0,2026-08-29 19:59:59.999000+00:00,1
2026-08-29 20:00:00+00:00,0.2084,0.2099,0.2084,0.2093,112473.0,2026-08-29 23:59:59.999000+00:00,1
2026-08-30 00:00:00+00:00,0.2093,0.21,0.2073,0.2091,221321.0,2026-08-30 03:59:59.999000+00:00,1
2026-08-30 04:00:00+00:00,0.209,0.2116,0.2077,0.2099,163259.0,2026-08-30 07:59:59.999000+00:00,1
2026-08-30 08:00:00+00:00,0.2098,0.2113,0.209,0.2107,150620.0,2026-08-30 11:59:59.999000+00:00,1
2026-08-30 12:00:00+00:00,0.2107,0.2117,0.2085,0.2086,282492.0,2026-08-30 15:59:59.999000+00:00,1
2026-08-30 16:00:00+00:00,0.2087,0.2115,0.2085,0.2092,305685.0,2026-08-30 19:59:59.999000+00:00,1
2026-08-30 20:00:00+00:00,0.2092,0.2093,0.1999,0.2034,1682535.0,2026-08-30 23:59:59.999000+00:00,1
2026-08-31 00:00:00+00:00,0.2032,0.2146,0.2027,0.2081,1776780.0,2026-08-31 03:59:59.999000+00:00,1
2026-08-31 04:00:00+00:00,0.2081,0.2082,0.2045,0.2066,584543.0,2026-08-31 07:59:59.999000+00:00,1
2026-08-31 08:00:00+00:00,0.2066,0.2085,0.2061,0.2075,383880.0,2026-08-31 11:59:59.999000+00:00,1
2026-08-31 12:00:00+00:00,0.2075,0.2075,0.202,0.205,714085.0,2026-08-31 15:59:59.999000+00:00,1
2026-08-31 16:00:00+00:00,0.2052,0.2071,0.2041,0.2058,278445.0,2026-08-31 19:59:59.999000+00:00,1
2026-08-31 20:00:00+00:00,0.2056,0.2093,0.2054,0.207,576435.0,2026-08-31 23:59:59.999000+00:00,1
2026-09-01 00:00:00+00:00,0.207,0.2097,0.2069,0.209,288384.0,2026-09-01 03:59:59.999000+00:00,1
2026-09-01 04:00:00+00:00,0.2089,0.2161,0.2087,0.2139,1098793.0,2026-09-01 07:59:59.999000+00:00,1
2026-09-01 08:00:00+00:00,0.2139,0.2142,0.2078,0.2122,815049.0,2026-09-01 11:59:59.999000+00:00,1
2026-09-01 12:00:00+00:00,0.212,0.2142,0.2064,0.2138,744119.0,2026-09-01 15:59:59.999000+00:00,1
2026-09-01 16:00:00+00:00,0.2139,0.2141,0.2074,0.2118,734269.0,2026-09-01 19:59:59.999000+00:00,1
2026-09-01 20:00:00+00:00,0.2118,0.2118,0.2086,0.2096,382442.0,2026-09-01 23:59:59.999000+00:00,1
2026-09-02 00:00:00+00:00,0.2096,0.2116,0.2066,0.2106,433258.0,2026-09-02 03:59:59.999000+00:00,1
2026-09-02 04:00:00+00:00,0.2106,0.2196,0.2093,0.213,1797944.0,2026-09-02 07:59:59.999000+00:00,1
2026-09-02 08:00:00+00:00,0.213,0.2135,0.2062,0.2082,658577.0,2026-09-02 11:59:59.999000+00:00,1
2026-09-02 12:00:00+00:00,0.2083,0.2102,0.2068,0.2086,495689.0,2026-09-02 15:59:59.999000+00:00,1
2026-09-02 16:00:00+00:00,0.2087,0.2094,0.2076,0.2087,240562.0,2026-09-02 19:59:59.999000+00:00,1
2026-09-02 20:00:00+00:00,0.2087,0.2098,0.2046,0.2077,612608.0,2026-09-02 23:59:59.999000+00:00,1
2026-09-03 00:00:00+00:00,0.2077,0.2106,0.2065,0.2087,361042.0,2026-09-03 03:59:59.999000+00:00,1
2026-09-03 04:00:00+00:00,0.2088,0.2118,0.2073,0.2103,340708.0,2026-09-03 07:59:59.999000+00:00,1
2026-09-03 08:00:00+00:00,0.2103,0.2121,0.2095,0.2118,323570.0,2026-09-03 11:59:59.999000+00:00,1
2026-09-03 12:00:00+00:00,0.2117,0.2169,0.2094,0.2165,612449.0,2026-09-03 15:59:59.999000+00:00,1
2026-09-03 16:00:00+00:00,0.2165,0.2171,0.2138,0.2153,471780.0,2026-09-03 19:59:59.999000+00:00,1
2026-09-03 20:00:00+00:00,0.2152,0.2162,0.212,0.2142,323451.0,2026-09-03 23:59:59.999000+00:00,1
2026-09-04 00:00:00+00:00,0.2141,0.2152,0.2117,0.2119,358611.0,2026-09-04 03:59:59.999000+00:00,1
2026-09-04 04:00:00+00:00,0.212,0.213,0.2098,0.2108,327753.0,2026-09-04 07:59:59.999000+00:00,1
2026-09-04 08:00:00+00:00,0.2108,0.2136,0.2104,0.2125,395657.0,2026-09-04 11:59:59.999000+00:00,1
2026-09-04 12:00:00+00:00,0.2124,0.2129,0.206,0.2091,1234982.0,2026-09-04 15:59:59.999000+00:00,1
2026-09-04 16:00:00+00:00,0.2091,0.2116,0.2088,0.2109,480233.0,2026-09-04 19:59:59.999000+00:00,1
2026-09-04 20:00:00+00:00,0.2108,0.2122,0.21,0.212,124985.0,2026-09-04 23:59:59.999000+00:00,1
2026-09-05 00:00:00+00:00,0.212,0.2143,0.2115,0.2127,158176.0,2026-09-05 03:59:59.999000+00:00,1
2026-09-05 04:00:00+00:00,0.2129,0.2148,0.2122,0.2134,160486.0,2026-09-05 07:59:59.999000+00:00,1
2026-09-05 08:00:00+00:00,0.2133,0.2135,0.2116,0.212,191896.0,2026-09-05 11:59:59.999000+00:00,1
2026-09-05 12:00:00+00:00,0.2121,0.2146,0.212,0.2135,410629.0,2026-09-05 15:59:59.999000+00:00,1
2026-09-05 16:00:00+00:00,0.2135,0.2163,0.2132,0.2154,408648.0,2026-09-05 19:59:59.999000+00:00,1
2026-09-05 20:00:00+00:00,0.2156,0.2191,0.2153,0.2172,308604.0,2026-09-05 23:59:59.999000+00:00,1
2026-09-06 00:00:00+00:00,0.2173,0.2211,0.2133,0.218,1543847.0,2026-09-06 03:59:59.999000+00:00,1
2026-09-06 04:00:00+00:00,0.218,0.2261,0.2165,0.224,809043.0,2026-09-06 07:59:59.999000+00:00,1
2026-09-06 08:00:00+00:00,0.224,0.2304,0.2213,0.2278,824106.0,2026-09-06 11:59:59.999000+00:00,1
2026-09-06 12:00:00+00:00,0.228,0.2309,0.223,0.2283,1288383.0,2026-09-06 15:59:59.999000+00:00,1
2026-09-06 16:00:00+00:00,0.2284,0.2296,0.2245,0.2248,509722.0,2026-09-06 19:59:59.999000+00:00,1
2026-09-06 20:00:00+00:00,0.2248,0.2291,0.2245,0.2286,242019.0,2026-09-06 23:59:59.999000+00:00,1
2026-09-07 00:00:00+00:00,0.2286,0.2304,0.226,0.2265,323073.0,2026-09-07 03:59:59.999000+00:00,1
2026-09-07 04:00:00+00:00,0.2264,0.2273,0.2221,0.2231,336947.0,2026-09-07 07:59:59.999000+00:00,1
2026-09-07 08:00:00+00:00,0.2231,0.2252,0.223,0.2249,197193.0,2026-09-07 11:59:59.999000+00:00,1
2026-09-07 12:00:00+00:00,0.225,0.227,0.2209,0.2214,493956.0,2026-09-07 15:59:59.999000+00:00,1
2026-09-07 16:00:00+00:00,0.2215,0.2244,0.2215,0.2244,227574.0,2026-09-07 19:59:59.999000+00:00,1
2026-09-07 20:00:00+00:00,0.2244,0.2245,0.2192,0.2217,395901.0,2026-09-07 23:59:59.999000+00:00,1
2026-09-08 00:00:00+00:00,0.2216,0.2251,0.2214,0.2226,263169.0,2026-09-08 03:59:59.999000+00:00,1
2026-09-08 04:00:00+00:00,0.2225,0.2238,0.2199,0.2208,379146.0,2026-09-08 07:59:59.999000+00:00,1
2026-09-08 08:00:00+00:00,0.2208,0.2247,0.2196,0.2214,345014.0,2026-09-08 11:59:59.999000+00:00,1
2026-09-08 12:00:00+00:00,0.2214,0.2214,0.2158,0.2203,480994.0,2026-09-08 15:59:59.999000+00:00,1
2026-09-08 16:00:00+00:00,0.2204,0.2217,0.2175,0.2181,352440.0,2026-09-08 19:59:59.999000+00:00,1
2026-09-08 20:00:00+00:00,0.2182,0.2193,0.2165,0.2176,223224.0,2026-09-08 23:59:59.999000+00:00,1
2026-09-09 00:00:00+00:00,0.2176,0.2197,0.2176,0.2179,247784.0,2026-09-09 03:59:59.999000+00:00,1
2026-09-09 04:00:00+00:00,0.2179,0.2215,0.2178,0.2201,227055.0,2026-09-09 07:59:59.999000+00:00,1
2026-09-09 08:00:00+00:00,0.2203,0.2222,0.2176,0.2195,295880.0,2026-09-09 11:59:59.999000+00:00,1
2026-09-09 12:00:00+00:00,0.2194,0.2203,0.2141,0.2164,508956.0,2026-09-09 15:59:59.999000+00:00,1
2026-09-09 16:00:00+00:00,0.2165,0.2202,0.214,0.2143,478787.0,2026-09-09 19:59:59.999000+00:00,1
2026-09-09 20:00:00+00:00,0.2143,0.2163,0.2088,0.2137,843824.0,2026-09-09 23:59:59.999000+00:00,1
2026-09-10 00:00:00+00:00,0.2135,0.2142,0.2109,0.2134,347377.0,2026-09-10 03:59:59.999000+00:00,1
2026-09-10 04:00:00+00:00,0.2135,0.216,0.2109,0.2115,329581.0,2026-09-10 07:59:59.999000+00:00,1
2026-09-10 08:00:00+00:00,0.2114,0.2128,0.2098,0.2113,368448.0,2026-09-10 11:59:59.999000+00:00,1
2026-09-10 12:00:00+00:00,0.2113,0.2116,0.206,0.2092,831899.0,2026-09-10 15:59:59.999000+00:00,1
2026-09-10 16:00:00+00:00,0.2093,0.2096,0.2051,0.2067,441831.0,2026-09-10 19:59:59.999000+00:00,1
2026-09-10 20:00:00+00:00,0.2067,0.208,0.2021,0.2034,255883.0,2026-09-10 23:59:59.999000+00:00,1
2026-09-11 00:00:00+00:00,0.2035,0.206,0.2033,0.206,344635.0,2026-09-11 03:59:59.999000+00:00,1
2026-09-11 04:00:00+00:00,0.2059,0.2081,0.2059,0.2064,490446.0,2026-09-11 07:59:59.999000+00:00,1
2026-09-11 08:00:00+00:00,0.2065,0.2086,0.2023,0.204,545440.0,2026-09-11 11:59:59.999000+00:00,1
2026-09-11 12:00:00+00:00,0.204,0.2125,0.2003,0.2085,1282683.0,2026-09-11 15:59:59.999000+00:00,1
2026-09-11 16:00:00+00:00,0.2084,0.2104,0.2041,0.2061,346773.0,2026-09-11 19:59:59.999000+00:00,1
2026-09-11 20:00:00+00:00,0.2062,0.2074,0.2039,0.2064,221244.0,2026-09-11 23:59:59.999000+00:00,1
2026-09-12 00:00:00+00:00,0.2063,0.2092,0.2058,0.2083,185835.0,2026-09-12 03:59:59.999000+00:00,1
2026-09-12 04:00:00+00:00,0.2083,0.2094,0.2079,0.209,137947.0,2026-09-12 07:59:59.999000+00:00,1
2026-09-12 08:00:00+00:00,0.209,0.2106,0.2087,0.2104,197326.0,2026-09-12 11:59:59.999000+00:00,1
2026-09-12 12:00:00+00:00,0.2103,0.2131,0.2096,0.2121,325049.0,2026-09-12 15:59:59.999000+00:00,1
2026-09-12 16:00:00+00:00,0.2121,0.2157,0.2116,0.2144,711047.0,2026-09-12 19:59:59.999000+00:00,1
2026-09-12 20:00:00+00:00,0.2144,0.2154,0.212,0.213,379339.0,2026-09-12 23:59:59.999000+00:00,1
2026-09-13 00:00:00+00:00,0.213,0.2214,0.213,0.2199,879324.0,2026-09-13 03:59:59.999000+00:00,1
2026-09-13 04:00:00+00:00,0.2198,0.2217,0.2183,0.2183,489513.0,2026-09-13 07:59:59.999000+00:00,1
2026-09-13 08:00:00+00:00,0.2184,0.219,0.2148,0.2153,466917.0,2026-09-13 11:59:59.999000+00:00,1
2026-09-13 12:00:00+00:00,0.2154,0.2188,0.2145,0.2165,392296.0,2026-09-13 15:59:59.999000+00:00,1
2026-09-13 16:00:00+00:00,0.2165,0.2185,0.2157,0.2163,178341.0,2026-09-13 19:59:59.999000+00:00,1
2026-09-13 20:00:00+00:00,0.2162,0.2173,0.2094,0.2118,418722.0,2026-09-13 23:59:59.999000+00:00,1
2026-09-14 00:00:00+00:00,0.2119,0.2181,0.2104,0.2164,479558.0,2026-09-14 03:59:59.999000+00:00,1
2026-09-14 04:00:00+00:00,0.2162,0.2162,0.2146,0.2147,230549.0,2026-09-14 07:59:59.999000+00:00,1
2026-09-14 08:00:00+00:00,0.2148,0.2154,0.2111,0.2112,237442.0,2026-09-14 11:59:59.999000+00:00,1
2026-09-14 12:00:00+00:00,0.2112,0.2117,0.2075,0.2098,722570.0,2026-09-14 15:59:59.999000+00:00,1
2026-09-14 16:00:00+00:00,0.2098,0.2128,0.209,0.2115,291701.0,2026-09-14 19:59:59.999000+00:00,1
2026-09-14 20:00:00+00:00,0.2115,0.2143,0.2095,0.2096,345310.0,2026-09-14 23:59:59.999000+00:00,1
2026-09-15 00:00:00+00:00,0.2096,0.2112,0.2095,0.21,326219.0,2026-09-15 03:59:59.999000+00:00,1
2026-09-15 04:00:00+00:00,0.21,0.2107,0.206,0.2063,352938.0,2026-09-15 07:59:59.999000+00:00,1
2026-09-15 08:00:00+00:00,0.2061,0.2072,0.205,0.2058,317099.0,2026-09-15 11:59:59.999000+00:00,1
2026-09-15 12:00:00+00:00,0.2058,0.2075,0.202,0.2046,674074.0,2026-09-15 15:59:59.999000+00:00,1
2026-09-15 16:00:00+00:00,0.2045,0.2068,0.1938,0.2005,2654544.0,2026-09-15 19:59:59.999000+00:00,1
2026-09-15 20:00:00+00:00,0.2005,0.2005,0.1958,0.1984,645210.0,2026-09-15 23:59:59.999000+00:00,1
2026-09-16 00:00:00+00:00,0.1983,0.199,0.1951,0.1979,314193.0,2026-09-16 03:59:59.999000+00:00,1
2026-09-16 04:00:00+00:00,0.1978,0.1991,0.1969,0.1969,185338.0,2026-09-16 07:59:59.999000+00:00,1
2026-09-16 08:00:00+00:00,0.1969,0.1991,0.1956,0.1983,457519.0,2026-09-16 11:59:59.999000+00:00,1
2026-09-16 12:00:00+00:00,0.1983,0.199,0.1952,0.1957,516100.0,2026-09-16 15:59:59.999000+00:00,1
2026-09-16 16:00:00+00:00,0.1958,0.2013,0.1946,0.2003,851870.0,2026-09-16 19:59:59.999000+00:00,1
2026-09-16 20:00:00+00:00,0.2002,0.207,0.1997,0.2067,725421.0,2026-09-16 23:59:59.999000+00:00,1
2026-09-17 00:00:00+00:00,0.2066,0.2069,0.2036,0.2047,656442.0,2026-09-17 03:59:59.999000+00:00,1
2026-09-17 04:00:00+00:00,0.2048,0.2083,0.2041,0.208,379965.0,2026-09-17 07:59:59.999000+00:00,1
2026-09-17 08:00:00+00:00,0.208,0.2082,0.2065,0.208,625940.0,2026-09-17 11:59:59.999000+00:00,1
2026-09-17 12:00:00+00:00,0.2079,0.2094,0.2051,0.2081,480652.0,2026-09-17 15:59:59.999000+00:00,1
2026-09-17 16:00:00+00:00,0.2082,0.209,0.2061,0.2082,835381.0,2026-09-17 19:59:59.999000+00:00,1
2026-09-17 20:00:00+00:00,0.2081,0.2133,0.2079,0.2127,549830.0,2026-09-17 23:59:59.999000+00:00,1
2026-09-18 00:00:00+00:00,0.2128,0.2215,0.2112,0.2198,1044899.0,2026-09-18 03:59:59.999000+00:00,1
