ts,open,high,low,close,volume,close_time,confirm
2026-03-27 04:00:00+00:00,0.9257,0.9295,0.9177,0.9213,5458957.0,2026-03-27 07:59:59.999000+00:00,1
2026-03-27 08:00:00+00:00,0.9214,0.9241,0.8856,0.894,13783297.0,2026-03-27 11:59:59.999000+00:00,1
2026-03-27 12:00:00+00:00,0.8941,0.9005,0.8821,0.8897,11180870.0,2026-03-27 15:59:59.999000+00:00,1
2026-03-27 16:00:00+00:00,0.8897,0.8953,0.871,0.873,14599481.0,2026-03-27 19:59:59.999000+00:00,1
2026-03-27 20:00:00+00:00,0.873,0.8801,0.8692,0.88,4985143.0,2026-03-27 23:59:59.999000+00:00,1
2026-03-28 00:00:00+00:00,0.8799,0.882,0.8697,0.8757,3500795.0,2026-03-28 03:59:59.999000+00:00,1
2026-03-28 04:00:00+00:00,0.8757,0.8839,0.8731,0.8835,3586104.0,2026-03-28 07:59:59.999000+00:00,1
2026-03-28 08:00:00+00:00,0.8836,0.8883,0.8803,0.883,3704878.0,2026-03-28 11:59:59.999000+00:00,1
2026-03-28 12:00:00+00:00,0.8831,0.8985,0.8793,0.8853,10017308.0,2026-03-28 15:59:59.999000+00:00,1
2026-03-28 16:00:00+00:00,0.8854,0.8894,0.8808,0.8831,3089119.0,2026-03-28 19:59:59.999000+00:00,1
2026-03-28 20:00:00+00:00,0.8832,0.8868,0.8342,0.8588,18550304.0,2026-03-28 23:59:59.999000+00:00,1
2026-03-29 00:00:00+00:00,0.8587,0.8705,0.8528,0.8694,6517114.0,2026-03-29 03:59:59.999000+00:00,1
2026-03-29 04:00:00+00:00,0.8695,0.8702,0.8626,0.8639,4499373.0,2026-03-29 07:59:59.999000+00:00,1
2026-03-29 08:00:00+00:00,0.8639,0.8647,0.8549,0.86,6131679.0,2026-03-29 11:59:59.999000+00:00,1
2026-03-29 12:00:00+00:00,0.86,0.86,0.8387,0.8452,10933261.0,2026-03-29 15:59:59.999000+00:00,1
2026-03-29 16:00:00+00:00,0.8452,0.8492,0.8373,0.8385,5109599.0,2026-03-29 19:59:59.999000+00:00,1
2026-03-29 20:00:00+00:00,0.8384,0.8473,0.8187,0.8462,13964868.0,2026-03-29 23:59:59.999000+00:00,1
2026-03-30 00:00:00+00:00,0.8463,0.8772,0.8458,0.8695,11883708.0,2026-03-30 03:59:59.999000+00:00,1
2026-03-30 04:00:00+00:00,0.8695,0.8841,0.8685,0.882,9089697.0,2026-03-30 07:59:59.999000+00:00,1
2026-03-30 08:00:00+00:00,0.882,0.8926,0.8754,0.8853,11074215.0,2026-03-30 11:59:59.999000+00:00,1
2026-03-30 12:00:00+00:00,0.8854,0.8902,0.8751,0.881,10147503.0,2026-03-30 15:59:59.999000+00:00,1
2026-03-30 16:00:00+00:00,0.8811,0.8833,0.8558,0.8608,10638425.0,2026-03-30 19:59:59.999000+00:00,1
2026-03-30 20:00:00+00:00,0.8607,0.8713,0.8588,0.8632,4895045.0,2026-03-30 23:59:59.999000+00:00,1
2026-03-31 00:00:00+00:00,0.8633,0.8874,0.8603,0.8741,7181709.0,2026-03-31 03:59:59.999000+00:00,1
2026-03-31 04:00:00+00:00,0.8742,0.8771,0.8664,0.8715,5913332.0,2026-03-31 07:59:59.999000+00:00,1
2026-03-31 08:00:00+00:00,0.8716,0.8729,0.852,0.858,11027357.0,2026-03-31 11:59:59.999000+00:00,1
2026-03-31 12:00:00+00:00,0.8581,0.8774,0.8567,0.8579,13972727.0,2026-03-31 15:59:59.999000+00:00,1
2026-03-31 16:00:00+00:00,0.858,0.8885,0.8565,0.8775,14252763.0,2026-03-31 19:59:59.999000+00:00,1
2026-03-31 20:00:00+00:00,0.8774,0.8813,0.8692,0.8777,4536673.0,2026-03-31 23:59:59.999000+00:00,1
2026-04-01 00:00:00+00:00,0.8776,0.8832,0.8713,0.8809,5940413.0,2026-04-01 03:59:59.999000+00:00,1
2026-04-01 04:00:00+00:00,0.8808,0.9053,0.8776,0.8975,11558234.0,2026-04-01 07:59:59.999000+00:00,1
2026-04-01 08:00:00+00:00,0.8975,0.9027,0.8864,0.8911,11914826.0,2026-04-01 11:59:59.999000+00:00,1
2026-04-01 12:00:00+00:00,0.8911,0.9014,0.8843,0.9007,15157348.0,2026-04-01 15:59:59.999000+00:00,1
2026-04-01 16:00:00+00:00,0.9007,0.9143,0.8912,0.8947,10040287.0,2026-04-01 19:59:59.999000+00:00,1
2026-04-01 20:00:00+00:00,0.8948,0.8963,0.8801,0.8815,6000837.0,2026-04-01 23:59:59.999000+00:00,1
2026-04-02 00:00:00+00:00,0.8815,0.8935,0.8541,0.8584,19198226.0,2026-04-02 03:59:59.999000+00:00,1
2026-04-02 04:00:00+00:00,0.8584,0.8701,0.8527,0.8628,9697102.0,2026-04-02 07:59:59.999000+00:00,1
2026-04-02 08:00:00+00:00,0.8629,0.8629,0.844,0.8498,11345311.0,2026-04-02 11:59:59.999000+00:00,1
2026-04-02 12:00:00+00:00,0.8499,0.865,0.8412,0.8579,11759566.0,2026-04-02 15:59:59.999000+00:00,1
2026-04-02 16:00:00+00:00,0.8579,0.8686,0.8508,0.8601,7146383.0,2026-04-02 19:59:59.999000+00:00,1
2026-04-02 20:00:00+00:00,0.8602,0.8666,0.8581,0.8607,3522011.0,2026-04-02 23:59:59.999000+00:00,1
2026-04-03 00:00:00+00:00,0.8608,0.8675,0.8563,0.8644,5327420.0,2026-04-03 03:59:59.999000+00:00,1
2026-04-03 04:00:00+00:00,0.8645,0.8762,0.8624,0.8751,6754138.0,2026-04-03 07:59:59.999000+00:00,1
2026-04-03 08:00:00+00:00,0.8752,0.8798,0.8717,0.8773,7421944.0,2026-04-03 11:59:59.999000+00:00,1
2026-04-03 12:00:00+00:00,0.8773,0.8846,0.8648,0.8689,14331109.0,2026-04-03 15:59:59.999000+00:00,1
2026-04-03 16:00:00+00:00,0.8688,0.8784,0.8686,0.8732,5749192.0,2026-04-03 19:59:59.999000+00:00,1
2026-04-03 20:00:00+00:00,0.8732,0.8781,0.87,0.8731,2912799.0,2026-04-03 23:59:59.999000+00:00,1
2026-04-04 00:00:00+00:00,0.8732,0.8743,0.8634,0.8692,7858614.0,2026-04-04 03:59:59.999000+00:00,1
2026-04-04 04:00:00+00:00,0.8691,0.8744,0.8681,0.8709,4277492.0,2026-04-04 07:59:59.999000+00:00,1
2026-04-04 08:00:00+00:00,0.871,0.8715,0.8647,0.8713,3459576.0,2026-04-04 11:59:59.999000+00:00,1
2026-04-04 12:00:00+00:00,0.8713,0.8729,0.8608,0.8692,6061213.0,2026-04-04 15:59:59.999000+00:00,1
2026-04-04 16:00:00+00:00,0.8693,0.8759,0.8637,0.8699,4884980.0,2026-04-04 19:59:59.999000+00:00,1
2026-04-04 20:00:00+00:00,0.8699,0.8794,0.8665,0.8714,7693715.0,2026-04-04 23:59:59.999000+00:00,1
2026-04-05 00:00:00+00:00,0.8715,0.8719,0.8624,0.8638,3142277.0,2026-04-05 03:59:59.999000+00:00,1
2026-04-05 04:00:00+00:00,0.8641,0.8641,0.8472,0.8511,7450322.0,2026-04-05 07:59:59.999000+00:00,1
2026-04-05 08:00:00+00:00,0.851,0.8569,0.8482,0.8499,6458637.0,2026-04-05 11:59:59.999000+00:00,1
2026-04-05 12:00:00+00:00,0.8499,0.8587,0.8404,0.8491,9558557.0,2026-04-05 15:59:59.999000+00:00,1
2026-04-05 16:00:00+00:00,0.8492,0.8526,0.845,0.8487,4727293.0,2026-04-05 19:59:59.999000+00:00,1
2026-04-05 20:00:00+00:00,0.8487,0.8721,0.8348,0.8703,15287684.0,2026-04-05 23:59:59.999000+00:00,1
2026-04-06 00:00:00+00:00,0.8704,0.8934,0.8704,0.8865,12768602.0,2026-04-06 03:59:59.999000+00:00,1
2026-04-06 04:00:00+00:00,0.8865,0.898,0.8792,0.8857,8508775.0,2026-04-06 07:59:59.999000+00:00,1
2026-04-06 08:00:00+00:00,0.8857,0.9229,0.8844,0.9042,22824263.0,2026-04-06 11:59:59.999000+00:00,1
2026-04-06 12:00:00+00:00,0.9042,0.9102,0.8942,0.9001,9726424.0,2026-04-06 15:59:59.999000+00:00,1
2026-04-06 16:00:00+00:00,0.9001,0.9023,0.8874,0.8937,7844047.0,2026-04-06 19:59:59.999000+00:00,1
2026-04-06 20:00:00+00:00,0.8938,0.8968,0.8683,0.87,10301051.0,2026-04-06 23:59:59.999000+00:00,1
2026-04-07 00:00:00+00:00,0.8699,0.8749,0.8622,0.8721,10563352.0,2026-04-07 03:59:59.999000+00:00,1
2026-04-07 04:00:00+00:00,0.8721,0.8779,0.8652,0.8725,5687831.0,2026-04-07 07:59:59.999000+00:00,1
2026-04-07 08:00:00+00:00,0.8725,0.8857,0.8638,0.8664,13817810.0,2026-04-07 11:59:59.999000+00:00,1
2026-04-07 12:00:00+00:00,0.8664,0.8731,0.8579,0.8662,10392774.0,2026-04-07 15:59:59.999000+00:00,1
2026-04-07 16:00:00+00:00,0.8661,0.891,0.8628,0.8906,9307574.0,2026-04-07 19:59:59.999000+00:00,1
2026-04-07 20:00:00+00:00,0.8907,0.9758,0.8901,0.9592,33506462.0,2026-04-07 23:59:59.999000+00:00,1
2026-04-08 00:00:00+00:00,0.9591,0.9781,0.9523,0.9587,14386389.0,2026-04-08 03:59:59.999000+00:00,1
2026-04-08 04:00:00+00:00,0.9586,0.9671,0.9485,0.9515,9877984.0,2026-04-08 07:59:59.999000+00:00,1
2026-04-08 08:00:00+00:00,0.9516,0.9543,0.9371,0.9468,8630335.0,2026-04-08 11:59:59.999000+00:00,1
2026-04-08 12:00:00+00:00,0.9467,0.9532,0.9193,0.934,18350237.0,2026-04-08 15:59:59.999000+00:00,1
2026-04-08 16:00:00+00:00,0.934,0.9364,0.9161,0.9217,8293080.0,2026-04-08 19:59:59.999000+00:00,1
2026-04-08 20:00:00+00:00,0.9216,0.9287,0.9101,0.913,7304944.0,2026-04-08 23:59:59.999000+00:00,1
2026-04-09 00:00:00+00:00,0.9131,0.9135,0.8991,0.9081,8263179.0,2026-04-09 03:59:59.999000+00:00,1
2026-04-09 04:00:00+00:00,0.9081,0.913,0.9057,0.9081,4862794.0,2026-04-09 07:59:59.999000+00:00,1
2026-04-09 08:00:00+00:00,0.9081,0.9158,0.9043,0.9067,6017796.0,2026-04-09 11:59:59.999000+00:00,1
2026-04-09 12:00:00+00:00,0.9066,0.9378,0.9036,0.9318,14754686.0,2026-04-09 15:59:59.999000+00:00,1
2026-04-09 16:00:00+00:00,0.9319,0.9449,0.9253,0.9402,10083332.0,2026-04-09 19:59:59.999000+00:00,1
2026-04-09 20:00:00+00:00,0.9402,0.9712,0.927,0.9299,13285973.0,2026-04-09 23:59:59.999000+00:00,1
2026-04-10 00:00:00+00:00,0.9299,0.9366,0.9213,0.9289,7003969.0,2026-04-10 03:59:59.999000+00:00,1
2026-04-10 04:00:00+00:00,0.9288,0.9466,0.9268,0.9274,8335592.0,2026-04-10 07:59:59.999000+00:00,1
2026-04-10 08:00:00+00:00,0.9274,0.9381,0.9238,0.9341,6833264.0,2026-04-10 11:59:59.999000+00:00,1
2026-04-10 12:00:00+00:00,0.9341,0.9529,0.9313,0.9451,13194510.0,2026-04-10 15:59:59.999000+00:00,1
2026-04-10 16:00:00+00:00,0.9452,0.9623,0.9411,0.9585,9565027.0,2026-04-10 19:59:59.999000+00:00,1
2026-04-10 20:00:00+00:00,0.9586,0.9598,0.9412,0.9436,6402128.0,2026-04-10 23:59:59.999000+00:00,1
2026-04-11 00:00:00+00:00,0.9436,0.9445,0.9345,0.9364,5836652.0,2026-04-11 03:59:59.999000+00:00,1
2026-04-11 04:00:00+00:00,0.9364,0.9391,0.9291,0.9327,6308020.0,2026-04-11 07:59:59.999000+00:00,1
2026-04-11 08:00:00+00:00,0.9327,0.9371,0.9311,0.9329,5068727.0,2026-04-11 11:59:59.999000+00:00,1
2026-04-11 12:00:00+00:00,0.9329,0.9364,0.9264,0.9355,5063727.0,2026-04-11 15:59:59.999000+00:00,1
2026-04-11 16:00:00+00:00,0.9355,0.9627,0.9353,0.962,10392458.0,2026-04-11 19:59:59.999000+00:00,1
2026-04-11 20:00:00+00:00,0.9621,0.9634,0.9369,0.9409,8554741.0,2026-04-11 23:59:59.999000+00:00,1
2026-04-12 00:00:00+00:00,0.941,0.9436,0.9048,0.9117,16200822.0,2026-04-12 03:59:59.999000+00:00,1
2026-04-12 04:00:00+00:00,0.9116,0.9159,0.907,0.9121,3758870.0,2026-04-12 07:59:59.999000+00:00,1
2026-04-12 08:00:00+00:00,0.912,0.9136,0.9053,0.9105,2903729.0,2026-04-12 11:59:59.999000+00:00,1
2026-04-12 12:00:00+00:00,0.9104,0.9134,0.8965,0.8994,8752224.0,2026-04-12 15:59:59.999000+00:00,1
2026-04-12 16:00:00+00:00,0.8994,0.9113,0.8992,0.9058,3522082.0,2026-04-12 19:59:59.999000+00:00,1
2026-04-12 20:00:00+00:00,0.9059,0.9131,0.8978,0.9007,6373769.0,2026-04-12 23:59:59.999000+00:00,1
2026-04-13 00:00:00+00:00,0.9006,0.9107,0.8993,0.906,4325648.0,2026-04-13 03:59:59.999000+00:00,1
2026-04-13 04:00:00+00:00,0.906,0.9115,0.899,0.9011,5223593.0,2026-04-13 07:59:59.999000+00:00,1
2026-04-13 08:00:00+00:00,0.901,0.9053,0.8975,0.9035,4052380.0,2026-04-13 11:59:59.999000+00:00,1
2026-04-13 12:00:00+00:00,0.9035,0.9228,0.9006,0.9121,12003912.0,2026-04-13 15:59:59.999000+00:00,1
2026-04-13 16:00:00+00:00,0.9122,0.9382,0.9069,0.9353,8764692.0,2026-04-13 19:59:59.999000+00:00,1
2026-04-13 20:00:00+00:00,0.9353,0.9611,0.9262,0.9595,14415407.0,2026-04-13 23:59:59.999000+00:00,1
2026-04-14 00:00:00+00:00,0.9595,0.9613,0.9449,0.9489,6880984.0,2026-04-14 03:59:59.999000+00:00,1
2026-04-14 04:00:00+00:00,0.949,0.9507,0.9386,0.944,5264265.0,2026-04-14 07:59:59.999000+00:00,1
2026-04-14 08:00:00+00:00,0.9441,0.9534,0.9416,0.9478,4822973.0,2026-04-14 11:59:59.999000+00:00,1
2026-04-14 12:00:00+00:00,0.9477,0.9624,0.9391,0.943,14920523.0,2026-04-14 15:59:59.999000+00:00,1
2026-04-14 16:00:00+00:00,0.943,0.9486,0.9236,0.9311,9092006.0,2026-04-14 19:59:59.999000+00:00,1
2026-04-14 20:00:00+00:00,0.9312,0.9346,0.927,0.9319,4511878.0,2026-04-14 23:59:59.999000+00:00,1
2026-04-15 00:00:00+00:00,0.9319,0.9437,0.9318,0.9392,4667149.0,2026-04-15 03:59:59.999000+00:00,1
2026-04-15 04:00:00+00:00,0.9392,0.9437,0.9253,0.9284,6025251.0,2026-04-15 07:59:59.999000+00:00,1
2026-04-15 08:00:00+00:00,0.9284,0.9483,0.9272,0.9445,6526512.0,2026-04-15 11:59:59.999000+00:00,1
2026-04-15 12:00:00+00:00,0.9446,0.954,0.9407,0.9459,7545432.0,2026-04-15 15:59:59.999000+00:00,1
2026-04-15 16:00:00+00:00,0.9459,0.9737,0.9438,0.9675,8325103.0,2026-04-15 19:59:59.999000+00:00,1
2026-04-15 20:00:00+00:00,0.9675,0.9732,0.9546,0.9584,6543669.0,2026-04-15 23:59:59.999000+00:00,1
2026-04-16 00:00:00+00:00,0.9585,0.9775,0.9528,0.9743,8001608.0,2026-04-16 03:59:59.999000+00:00,1
2026-04-16 04:00:00+00:00,0.9743,0.9897,0.9622,0.9706,16675535.0,2026-04-16 07:59:59.999000+00:00,1
2026-04-16 08:00:00+00:00,0.9705,0.9841,0.963,0.9693,11082739.0,2026-04-16 11:59:59.999000+00:00,1
2026-04-16 12:00:00+00:00,0.9692,0.9946,0.9515,0.9848,21050188.0,2026-04-16 15:59:59.999000+00:00,1
2026-04-16 16:00:00+00:00,0.9848,1.0045,0.9696,1.0031,16667971.0,2026-04-16 19:59:59.999000+00:00,1
2026-04-16 20:00:00+00:00,1.0031,1.0133,0.9837,0.9999,15287373.0,2026-04-16 23:59:59.999000+00:00,1
2026-04-17 00:00:00+00:00,0.9999,1.0057,0.9814,0.9882,9091203.0,2026-04-17 03:59:59.999000+00:00,1
2026-04-17 04:00:00+00:00,0.9882,0.9943,0.9738,0.9924,9083027.0,2026-04-17 07:59:59.999000+00:00,1
2026-04-17 08:00:00+00:00,0.9924,1.0052,0.9825,0.9996,13936054.0,2026-04-17 11:59:59.999000+00:00,1
2026-04-17 12:00:00+00:00,0.9997,1.043,0.9956,1.0244,32170726.0,2026-04-17 15:59:59.999000+00:00,1
2026-04-17 16:00:00+00:00,1.0244,1.0345,1.0085,1.0131,13023077.0,2026-04-17 19:59:59.999000+00:00,1
2026-04-17 20:00:00+00:00,1.0132,1.017,0.9946,0.9961,8121919.0,2026-04-17 23:59:59.999000+00:00,1
2026-04-18 00:00:00+00:00,0.996,1.0015,0.9902,0.9965,6930038.0,2026-04-18 03:59:59.999000+00:00,1
2026-04-18 04:00:00+00:00,0.9966,1.0091,0.9941,1.0048,6273010.0,2026-04-18 07:59:59.999000+00:00,1
2026-04-18 08:00:00+00:00,1.0048,1.0061,0.9572,0.9609,17916101.0,2026-04-18 11:59:59.999000+00:00,1
2026-04-18 12:00:00+00:00,0.9608,0.9715,0.9583,0.9662,12932191.0,2026-04-18 15:59:59.999000+00:00,1
2026-04-18 16:00:00+00:00,0.9662,0.9679,0.9503,0.9545,9435299.0,2026-04-18 19:59:59.999000+00:00,1
2026-04-18 20:00:00+00:00,0.9546,0.9632,0.9523,0.9558,3396725.0,2026-04-18 23:59:59.999000+00:00,1
2026-04-19 00:00:00+00:00,0.9559,0.9577,0.9416,0.9472,9064250.0,2026-04-19 03:59:59.999000+00:00,1
2026-04-19 04:00:00+00:00,0.9473,0.9509,0.9359,0.944,10152406.0,2026-04-19 07:59:59.999000+00:00,1
2026-04-19 08:00:00+00:00,0.944,0.9549,0.9387,0.9537,5451348.0,2026-04-19 11:59:59.999000+00:00,1
2026-04-19 12:00:00+00:00,0.9537,0.9711,0.9461,0.9585,11879852.0,2026-04-19 15:59:59.999000+00:00,1
2026-04-19 16:00:00+00:00,0.9585,0.9595,0.9341,0.9442,8724507.0,2026-04-19 19:59:59.999000+00:00,1
2026-04-19 20:00:00+00:00,0.9441,0.9441,0.9156,0.9221,10436011.0,2026-04-19 23:59:59.999000+00:00,1
2026-04-20 00:00:00+00:00,0.9222,0.9396,0.9198,0.9379,8522030.0,2026-04-20 03:59:59.999000+00:00,1
2026-04-20 04:00:00+00:00,0.9378,0.9536,0.9275,0.9438,8857823.0,2026-04-20 07:59:59.999000+00:00,1
2026-04-20 08:00:00+00:00,0.9439,0.946,0.9334,0.9415,11472927.0,2026-04-20 11:59:59.999000+00:00,1
2026-04-20 12:00:00+00:00,0.9416,0.9488,0.9302,0.9438,10505173.0,2026-04-20 15:59:59.999000+00:00,1
2026-04-20 16:00:00+00:00,0.9437,0.9534,0.9382,0.9472,6780382.0,2026-04-20 19:59:59.999000+00:00,1
2026-04-20 20:00:00+00:00,0.9472,0.9553,0.9407,0.9435,5382553.0,2026-04-20 23:59:59.999000+00:00,1
2026-04-21 00:00:00+00:00,0.9434,0.951,0.9367,0.9413,4711393.0,2026-04-21 03:59:59.999000+00:00,1
2026-04-21 04:00:00+00:00,0.9412,0.9514,0.9401,0.9478,4096766.0,2026-04-21 07:59:59.999000+00:00,1
2026-04-21 08:00:00+00:00,0.9477,0.9623,0.9471,0.9549,11025818.0,2026-04-21 11:59:59.999000+00:00,1
2026-04-21 12:00:00+00:00,0.9549,0.9577,0.9396,0.9456,9596503.0,2026-04-21 15:59:59.999000+00:00,1
2026-04-21 16:00:00+00:00,0.9457,0.9487,0.9251,0.9288,9420839.0,2026-04-21 19:59:59.999000+00:00,1
2026-04-21 20:00:00+00:00,0.9288,0.9499,0.9281,0.9488,5965493.0,2026-04-21 23:59:59.999000+00:00,1
2026-04-22 00:00:00+00:00,0.9489,0.9648,0.9435,0.9614,10799190.0,2026-04-22 03:59:59.999000+00:00,1
2026-04-22 04:00:00+00:00,0.9614,0.976,0.9561,0.9671,11982588.0,2026-04-22 07:59:59.999000+00:00,1
2026-04-22 08:00:00+00:00,0.9672,0.9756,0.9651,0.9704,5374325.0,2026-04-22 11:59:59.999000+00:00,1
2026-04-22 12:00:00+00:00,0.9703,0.9752,0.9636,0.9697,9101293.0,2026-04-22 15:59:59.999000+00:00,1
2026-04-22 16:00:00+00:00,0.9698,0.9722,0.9522,0.9577,10047030.0,2026-04-22 19:59:59.999000+00:00,1
2026-04-22 20:00:00+00:00,0.9576,0.9598,0.9426,0.9436,6294267.0,2026-04-22 23:59:59.999000+00:00,1
2026-04-23 00:00:00+00:00,0.9436,0.946,0.9272,0.9322,12255984.0,2026-04-23 03:59:59.999000+00:00,1
2026-04-23 04:00:00+00:00,0.9321,0.9446,0.9306,0.9386,7131674.0,2026-04-23 07:59:59.999000+00:00,1
2026-04-23 08:00:00+00:00,0.9385,0.9419,0.9298,0.9378,8727021.0,2026-04-23 11:59:59.999000+00:00,1
2026-04-23 12:00:00+00:00,0.9379,0.954,0.9354,0.9485,9353106.0,2026-04-23 15:59:59.999000+00:00,1
2026-04-23 16:00:00+00:00,0.9484,0.9492,0.9226,0.9334,11386673.0,2026-04-23 19:59:59.999000+00:00,1
2026-04-23 20:00:00+00:00,0.9334,0.9472,0.9329,0.9451,4261040.0,2026-04-23 23:59:59.999000+00:00,1
2026-04-24 00:00:00+00:00,0.9452,0.9535,0.9374,0.9427,7091308.0,2026-04-24 03:59:59.999000+00:00,1
2026-04-24 04:00:00+00:00,0.9427,0.9467,0.9362,0.9425,4810745.0,2026-04-24 07:59:59.999000+00:00,1
2026-04-24 08:00:00+00:00,0.9424,0.9517,0.9387,0.9493,5839504.0,2026-04-24 11:59:59.999000+00:00,1
2026-04-24 12:00:00+00:00,0.9494,0.9532,0.9419,0.9522,10999282.0,2026-04-24 15:59:59.999000+00:00,1
2026-04-24 16:00:00+00:00,0.9523,0.9532,0.9455,0.9503,3901343.0,2026-04-24 19:59:59.999000+00:00,1
2026-04-24 20:00:00+00:00,0.9504,0.9557,0.9423,0.9452,3849423.0,2026-04-24 23:59:59.999000+00:00,1
2026-04-25 00:00:00+00:00,0.9452,0.9524,0.943,0.9503,2129703.0,2026-04-25 03:59:59.999000+00:00,1
2026-04-25 04:00:00+00:00,0.9504,0.9526,0.941,0.9491,4623771.0,2026-04-25 07:59:59.999000+00:00,1
2026-04-25 08:00:00+00:00,0.949,0.9541,0.943,0.9452,3330215.0,2026-04-25 11:59:59.999000+00:00,1
2026-04-25 12:00:00+00:00,0.9451,0.9479,0.9383,0.9404,5786523.0,2026-04-25 15:59:59.999000+00:00,1
2026-04-25 16:00:00+00:00,0.9403,0.9428,0.9311,0.9326,5311555.0,2026-04-25 19:59:59.999000+00:00,1
2026-04-25 20:00:00+00:00,0.9326,0.9389,0.9308,0.9383,3075147.0,2026-04-25 23:59:59.999000+00:00,1
2026-04-26 00:00:00+00:00,0.9383,0.9383,0.9316,0.9347,2527401.0,2026-04-26 03:59:59.999000+00:00,1
2026-04-26 04:00:00+00:00,0.9346,0.9476,0.9332,0.9472,4034560.0,2026-04-26 07:59:59.999000+00:00,1
2026-04-26 08:00:00+00:00,0.9473,0.9498,0.9399,0.9477,6167228.0,2026-04-26 11:59:59.999000+00:00,1
2026-04-26 12:00:00+00:00,0.9477,0.9484,0.9396,0.9463,3511691.0,2026-04-26 15:59:59.999000+00:00,1
2026-04-26 16:00:00+00:00,0.9463,0.9497,0.9387,0.9454,3293290.0,2026-04-26 19:59:59.999000+00:00,1
2026-04-26 20:00:00+00:00,0.9454,0.9503,0.9364,0.9447,5646150.0,2026-04-26 23:59:59.999000+00:00,1
2026-04-27 00:00:00+00:00,0.9448,0.9609,0.9414,0.9561,7080707.0,2026-04-27 03:59:59.999000+00:00,1
2026-04-27 04:00:00+00:00,0.9561,0.9634,0.9231,0.924,17025378.0,2026-04-27 07:59:59.999000+00:00,1
2026-04-27 08:00:00+00:00,0.9239,0.9311,0.9211,0.9287,4606450.0,2026-04-27 11:59:59.999000+00:00,1
2026-04-27 12:00:00+00:00,0.9287,0.939,0.9122,0.9203,14474981.0,2026-04-27 15:59:59.999000+00:00,1
2026-04-27 16:00:00+00:00,0.9202,0.9269,0.9177,0.9224,4323065.0,2026-04-27 19:59:59.999000+00:00,1
2026-04-27 20:00:00+00:00,0.9224,0.9361,0.9217,0.9349,3913359.0,2026-04-27 23:59:59.999000+00:00,1
2026-04-28 00:00:00+00:00,0.935,0.9353,0.9248,0.9295,3290698.0,2026-04-28 03:59:59.999000+00:00,1
2026-04-28 04:00:00+00:00,0.9294,0.9355,0.9195,0.9254,7370727.0,2026-04-28 07:59:59.999000+00:00,1
2026-04-28 08:00:00+00:00,0.9255,0.9319,0.9166,0.9184,7742626.0,2026-04-28 11:59:59.999000+00:00,1
2026-04-28 12:00:00+00:00,0.9184,0.9258,0.9123,0.9205,7635309.0,2026-04-28 15:59:59.999000+00:00,1
2026-04-28 16:00:00+00:00,0.9206,0.9282,0.9163,0.9267,4254755.0,2026-04-28 19:59:59.999000+00:00,1
2026-04-28 20:00:00+00:00,0.9268,0.9287,0.9221,0.9249,2873571.0,2026-04-28 23:59:59.999000+00:00,1
2026-04-29 00:00:00+00:00,0.9249,0.9327,0.9208,0.9315,5490333.0,2026-04-29 03:59:59.999000+00:00,1
2026-04-29 04:00:00+00:00,0.9315,0.9376,0.9276,0.9302,5484281.0,2026-04-29 07:59:59.999000+00:00,1
2026-04-29 08:00:00+00:00,0.9302,0.9371,0.9253,0.9293,7347605.0,2026-04-29 11:59:59.999000+00:00,1
2026-04-29 12:00:00+00:00,0.9293,0.9298,0.8978,0.9012,14216720.0,2026-04-29 15:59:59.999000+00:00,1
2026-04-29 16:00:00+00:00,0.9012,0.9099,0.8806,0.8976,16297191.0,2026-04-29 19:59:59.999000+00:00,1
2026-04-29 20:00:00+00:00,0.8976,0.9086,0.8969,0.9063,4749267.0,2026-04-29 23:59:59.999000+00:00,1
2026-04-30 00:00:00+00:00,0.9064,0.9182,0.9052,0.9111,7734093.0,2026-04-30 03:59:59.999000+00:00,1
2026-04-30 04:00:00+00:00,0.9112,0.9115,0.898,0.9093,6655548.0,2026-04-30 07:59:59.999000+00:00,1
2026-04-30 08:00:00+00:00,0.9092,0.9126,0.9024,0.9062,5737320.0,2026-04-30 11:59:59.999000+00:00,1
2026-04-30 12:00:00+00:00,0.9062,0.9103,0.9006,0.9071,4710598.0,2026-04-30 15:59:59.999000+00:00,1
2026-04-30 16:00:00+00:00,0.907,0.9095,0.9038,0.9065,3295785.0,2026-04-30 19:59:59.999000+00:00,1
2026-04-30 20:00:00+00:00,0.9065,0.9086,0.9033,0.9077,3205285.0,2026-04-30 23:59:59.999000+00:00,1
2026-05-01 00:00:00+00:00,0.9077,0.9205,0.9064,0.9158,6957446.0,2026-05-01 03:59:59.999000+00:00,1
2026-05-01 04:00:00+00:00,0.9158,0.9193,0.9117,0.9146,4491371.0,2026-05-01 07:59:59.999000+00:00,1
2026-05-01 08:00:00+00:00,0.9147,0.9172,0.9085,0.9137,3247445.0,2026-05-01 11:59:59.999000+00:00,1
2026-05-01 12:00:00+00:00,0.9136,0.9277,0.9122,0.9246,11847530.0,2026-05-01 15:59:59.999000+00:00,1
2026-05-01 16:00:00+00:00,0.9246,0.9269,0.921,0.9236,5133354.0,2026-05-01 19:59:59.999000+00:00,1
2026-05-01 20:00:00+00:00,0.9237,0.9244,0.9156,0.9183,4814544.0,2026-05-01 23:59:59.999000+00:00,1
2026-05-02 00:00:00+00:00,0.9184,0.9213,0.9152,0.9193,3754460.0,2026-05-02 03:59:59.999000+00:00,1
2026-05-02 04:00:00+00:00,0.9194,0.92,0.9137,0.9168,3209067.0,2026-05-02 07:59:59.999000+00:00,1
2026-05-02 08:00:00+00:00,0.9168,0.92,0.9153,0.9159,2696414.0,2026-05-02 11:59:59.999000+00:00,1
2026-05-02 12:00:00+00:00,0.9159,0.9287,0.9158,0.9261,8050503.0,2026-05-02 15:59:59.999000+00:00,1
2026-05-02 16:00:00+00:00,0.9262,0.9278,0.9203,0.9265,2626809.0,2026-05-02 19:59:59.999000+00:00,1
2026-05-02 20:00:00+00:00,0.9265,0.9335,0.9246,0.9269,4964889.0,2026-05-02 23:59:59.999000+00:00,1
2026-05-03 00:00:00+00:00,0.927,0.9275,0.9128,0.9161,5111645.0,2026-05-03 03:59:59.999000+00:00,1
2026-05-03 04:00:00+00:00,0.916,0.9184,0.9102,0.9165,3255495.0,2026-05-03 07:59:59.999000+00:00,1
2026-05-03 08:00:00+00:00,0.9165,0.9245,0.9156,0.9209,3516384.0,2026-05-03 11:59:59.999000+00:00,1
2026-05-03 12:00:00+00:00,0.921,0.9299,0.921,0.9249,8014816.0,2026-05-03 15:59:59.999000+00:00,1
2026-05-03 16:00:00+00:00,0.9249,0.9266,0.9194,0.9246,1963994.0,2026-05-03 19:59:59.999000+00:00,1
2026-05-03 20:00:00+00:00,0.9245,0.9295,0.9179,0.9195,3854335.0,2026-05-03 23:59:59.999000+00:00,1
2026-05-04 00:00:00+00:00,0.9195,0.9421,0.9118,0.941,11821081.0,2026-05-04 03:59:59.999000+00:00,1
2026-05-04 04:00:00+00:00,0.9411,0.9589,0.9346,0.9399,13917095.0,2026-05-04 07:59:59.999000+00:00,1
2026-05-04 08:00:00+00:00,0.9399,0.9496,0.9182,0.9263,13780759.0,2026-05-04 11:59:59.999000+00:00,1
2026-05-04 12:00:00+00:00,0.9263,0.9405,0.9216,0.9287,9723718.0,2026-05-04 15:59:59.999000+00:00,1
2026-05-04 16:00:00+00:00,0.9287,0.9423,0.9231,0.9349,6092739.0,2026-05-04 19:59:59.999000+00:00,1
2026-05-04 20:00:00+00:00,0.935,0.938,0.927,0.9282,2725726.0,2026-05-04 23:59:59.999000+00:00,1
2026-05-05 00:00:00+00:00,0.9283,0.9435,0.9273,0.9409,4122083.0,2026-05-05 03:59:59.999000+00:00,1
2026-05-05 04:00:00+00:00,0.9408,0.9501,0.938,0.9452,6140217.0,2026-05-05 07:59:59.999000+00:00,1
2026-05-05 08:00:00+00:00,0.9452,0.9558,0.9444,0.9552,5868749.0,2026-05-05 11:59:59.999000+00:00,1
2026-05-05 12:00:00+00:00,0.9552,0.9822,0.9541,0.9625,21371673.0,2026-05-05 15:59:59.999000+00:00,1
2026-05-05 16:00:00+00:00,0.9626,0.967,0.9551,0.9615,6218095.0,2026-05-05 19:59:59.999000+00:00,1
2026-05-05 20:00:00+00:00,0.9614,0.9786,0.9611,0.966,6861231.0,2026-05-05 23:59:59.999000+00:00,1
2026-05-06 00:00:00+00:00,0.9659,0.9902,0.962,0.9886,8876689.0,2026-05-06 03:59:59.999000+00:00,1
2026-05-06 04:00:00+00:00,0.9887,0.9968,0.9768,0.9925,10426781.0,2026-05-06 07:59:59.999000+00:00,1
2026-05-06 08:00:00+00:00,0.9924,1.0338,0.9905,1.0297,21641570.0,2026-05-06 11:59:59.999000+00:00,1
2026-05-06 12:00:00+00:00,1.0297,1.0331,0.9763,0.9911,34115791.0,2026-05-06 15:59:59.999000+00:00,1
2026-05-06 16:00:00+00:00,0.9911,0.9974,0.9848,0.9917,9532812.0,2026-05-06 19:59:59.999000+00:00,1
2026-05-06 20:00:00+00:00,0.9916,1.0023,0.9846,0.992,5625083.0,2026-05-06 23:59:59.999000+00:00,1
2026-05-07 00:00:00+00:00,0.9921,0.9935,0.9644,0.9684,13329088.0,2026-05-07 03:59:59.999000+00:00,1
2026-05-07 04:00:00+00:00,0.9685,1.0128,0.9677,1.0031,14080259.0,2026-05-07 07:59:59.999000+00:00,1
2026-05-07 08:00:00+00:00,1.0031,1.0041,0.9825,0.9928,15146239.0,2026-05-07 11:59:59.999000+00:00,1
2026-05-07 12:00:00+00:00,0.9929,1.0021,0.9636,0.9716,17684771.0,2026-05-07 15:59:59.999000+00:00,1
2026-05-07 16:00:00+00:00,0.9716,0.978,0.9596,0.9695,9206320.0,2026-05-07 19:59:59.999000+00:00,1
2026-05-07 20:00:00+00:00,0.9695,0.9759,0.9565,0.9677,5516502.0,2026-05-07 23:59:59.999000+00:00,1
2026-05-08 00:00:00+00:00,0.9677,0.97,0.9566,0.9633,5790283.0,2026-05-08 03:59:59.999000+00:00,1
2026-05-08 04:00:00+00:00,0.9632,0.9682,0.9573,0.9674,4337027.0,2026-05-08 07:59:59.999000+00:00,1
2026-05-08 08:00:00+00:00,0.9674,0.9846,0.9669,0.9821,12729618.0,2026-05-08 11:59:59.999000+00:00,1
2026-05-08 12:00:00+00:00,0.982,1.0143,0.9717,1.0113,17544439.0,2026-05-08 15:59:59.999000+00:00,1
2026-05-08 16:00:00+00:00,1.0114,1.0365,1.0021,1.0238,17756087.0,2026-05-08 19:59:59.999000+00:00,1
2026-05-08 20:00:00+00:00,1.0238,1.0292,1.0137,1.0213,6081845.0,2026-05-08 23:59:59.999000+00:00,1
2026-05-09 00:00:00+00:00,1.0212,1.106,1.0183,1.0829,39367390.0,2026-05-09 03:59:59.999000+00:00,1
2026-05-09 04:00:00+00:00,1.0828,1.0895,1.062,1.0714,13071028.0,2026-05-09 07:59:59.999000+00:00,1
2026-05-09 08:00:00+00:00,1.0713,1.0784,1.038,1.0526,24875134.0,2026-05-09 11:59:59.999000+00:00,1
2026-05-09 12:00:00+00:00,1.0526,1.0587,1.0444,1.0486,10412090.0,2026-05-09 15:59:59.999000+00:00,1
2026-05-09 16:00:00+00:00,1.0486,1.0694,1.0445,1.0692,9578283.0,2026-05-09 19:59:59.999000+00:00,1
2026-05-09 20:00:00+00:00,1.0693,1.0776,1.0633,1.0697,6479875.0,2026-05-09 23:59:59.999000+00:00,1
2026-05-10 00:00:00+00:00,1.0697,1.114,1.0639,1.0875,37305399.0,2026-05-10 03:59:59.999000+00:00,1
2026-05-10 04:00:00+00:00,1.0874,1.0963,1.0711,1.0913,11457303.0,2026-05-10 07:59:59.999000+00:00,1
2026-05-10 08:00:00+00:00,1.0913,1.1512,1.0903,1.1485,45177014.0,2026-05-10 11:59:59.999000+00:00,1
2026-05-10 12:00:00+00:00,1.1484,1.2274,1.1188,1.2238,65100324.0,2026-05-10 15:59:59.999000+00:00,1
2026-05-10 16:00:00+00:00,1.2239,1.4139,1.2159,1.3841,219447951.0,2026-05-10 19:59:59.999000+00:00,1
2026-05-10 20:00:00+00:00,1.3841,1.3889,1.311,1.332,128266683.0,2026-05-10 23:59:59.999000+00:00,1
2026-05-11 00:00:00+00:00,1.332,1.3515,1.2843,1.31,93435656.0,2026-05-11 03:59:59.999000+00:00,1
2026-05-11 04:00:00+00:00,1.3099,1.3187,1.2533,1.2835,80642805.0,2026-05-11 07:59:59.999000+00:00,1
2026-05-11 08:00:00+00:00,1.2835,1.2867,1.2457,1.272,56567817.0,2026-05-11 11:59:59.999000+00:00,1
2026-05-11 12:00:00+00:00,1.272,1.2959,1.2515,1.2765,64541267.0,2026-05-11 15:59:59.999000+00:00,1
2026-05-11 16:00:00+00:00,1.2766,1.3285,1.2742,1.3091,62775675.0,2026-05-11 19:59:59.999000+00:00,1
2026-05-11 20:00:00+00:00,1.3091,1.3153,1.2834,1.2903,21478909.0,2026-05-11 23:59:59.999000+00:00,1
2026-05-12 00:00:00+00:00,1.2902,1.3134,1.2668,1.2871,40873749.0,2026-05-12 03:59:59.999000+00:00,1
2026-05-12 04:00:00+00:00,1.287,1.309,1.2689,1.2764,35222467.0,2026-05-12 07:59:59.999000+00:00,1
2026-05-12 08:00:00+00:00,1.2764,1.2827,1.2292,1.2346,41996265.0,2026-05-12 11:59:59.999000+00:00,1
2026-05-12 12:00:00+00:00,1.2346,1.2797,1.2134,1.2261,65469744.0,2026-05-12 15:59:59.999000+00:00,1
2026-05-12 16:00:00+00:00,1.2261,1.272,1.2203,1.2554,32451342.0,2026-05-12 19:59:59.999000+00:00,1
2026-05-12 20:00:00+00:00,1.2554,1.2572,1.2334,1.2374,13342520.0,2026-05-12 23:59:59.999000+00:00,1
2026-05-13 00:00:00+00:00,1.2374,1.2579,1.2295,1.251,20833870.0,2026-05-13 03:59:59.999000+00:00,1
2026-05-13 04:00:00+00:00,1.251,1.2655,1.2239,1.2505,31699328.0,2026-05-13 07:59:59.999000+00:00,1
2026-05-13 08:00:00+00:00,1.2505,1.2528,1.2244,1.228,23192356.0,2026-05-13 11:59:59.999000+00:00,1
2026-05-13 12:00:00+00:00,1.228,1.2313,1.1763,1.1851,49393790.0,2026-05-13 15:59:59.999000+00:00,1
2026-05-13 16:00:00+00:00,1.1852,1.2274,1.184,1.2084,21923110.0,2026-05-13 19:59:59.999000+00:00,1
2026-05-13 20:00:00+00:00,1.2084,1.2113,1.1902,1.2072,7034738.0,2026-05-13 23:59:59.999000+00:00,1
2026-05-14 00:00:00+00:00,1.2072,1.2176,1.1925,1.1954,12120984.0,2026-05-14 03:59:59.999000+00:00,1
2026-05-14 04:00:00+00:00,1.1953,1.2261,1.1874,1.1892,24157676.0,2026-05-14 07:59:59.999000+00:00,1
2026-05-14 08:00:00+00:00,1.1892,1.2084,1.1851,1.1894,12983332.0,2026-05-14 11:59:59.999000+00:00,1
2026-05-14 12:00:00+00:00,1.1894,1.2298,1.1884,1.2154,25689971.0,2026-05-14 15:59:59.999000+00:00,1
2026-05-14 16:00:00+00:00,1.2154,1.2249,1.193,1.2048,20647025.0,2026-05-14 19:59:59.999000+00:00,1
2026-05-14 20:00:00+00:00,1.2049,1.2066,1.1853,1.1874,9560690.0,2026-05-14 23:59:59.999000+00:00,1
2026-05-15 00:00:00+00:00,1.1874,1.1988,1.169,1.1763,19535929.0,2026-05-15 03:59:59.999000+00:00,1
2026-05-15 04:00:00+00:00,1.1764,1.1798,1.1459,1.1542,23028164.0,2026-05-15 07:59:59.999000+00:00,1
2026-05-15 08:00:00+00:00,1.1543,1.1545,1.1279,1.1319,18838836.0,2026-05-15 11:59:59.999000+00:00,1
2026-05-15 12:00:00+00:00,1.1318,1.1343,1.081,1.0878,45113748.0,2026-05-15 15:59:59.999000+00:00,1
2026-05-15 16:00:00+00:00,1.0878,1.1111,1.0819,1.1004,19733775.0,2026-05-15 19:59:59.999000+00:00,1
2026-05-15 20:00:00+00:00,1.1003,1.1009,1.0915,1.0986,6555012.0,2026-05-15 23:59:59.999000+00:00,1
2026-05-16 00:00:00+00:00,1.0986,1.1068,1.0845,1.0927,12252163.0,2026-05-16 03:59:59.999000+00:00,1
2026-05-16 04:00:00+00:00,1.0927,1.0948,1.0517,1.0695,25649484.0,2026-05-16 07:59:59.999000+00:00,1
2026-05-16 08:00:00+00:00,1.0695,1.0727,1.0361,1.045,27282522.0,2026-05-16 11:59:59.999000+00:00,1
2026-05-16 12:00:00+00:00,1.0451,1.0733,1.0421,1.0661,13772631.0,2026-05-16 15:59:59.999000+00:00,1
2026-05-16 16:00:00+00:00,1.0661,1.0714,1.0603,1.0633,5547662.0,2026-05-16 19:59:59.999000+00:00,1
2026-05-16 20:00:00+00:00,1.0633,1.071,1.0599,1.0604,5354826.0,2026-05-16 23:59:59.999000+00:00,1
2026-05-17 00:00:00+00:00,1.0604,1.0648,1.0462,1.0581,9076702.0,2026-05-17 03:59:59.999000+00:00,1
2026-05-17 04:00:00+00:00,1.0581,1.0849,1.0544,1.0721,21392887.0,2026-05-17 07:59:59.999000+00:00,1
2026-05-17 08:00:00+00:00,1.072,1.0895,1.0657,1.0716,14179121.0,2026-05-17 11:59:59.999000+00:00,1
2026-05-17 12:00:00+00:00,1.0717,1.0729,1.0551,1.0653,11262706.0,2026-05-17 15:59:59.999000+00:00,1
2026-05-17 16:00:00+00:00,1.0654,1.074,1.0559,1.073,7926262.0,2026-05-17 19:59:59.999000+00:00,1
2026-05-17 20:00:00+00:00,1.073,1.0741,1.01,1.0435,23009455.0,2026-05-17 23:59:59.999000+00:00,1
2026-05-18 00:00:00+00:00,1.0435,1.0556,1.0292,1.0428,14069326.0,2026-05-18 03:59:59.999000+00:00,1
2026-05-18 04:00:00+00:00,1.0428,1.051,1.0251,1.0351,13085558.0,2026-05-18 07:59:59.999000+00:00,1
2026-05-18 08:00:00+00:00,1.0351,1.0514,1.0258,1.0434,14235888.0,2026-05-18 11:59:59.999000+00:00,1
2026-05-18 12:00:00+00:00,1.0435,1.0603,1.0218,1.0313,23293828.0,2026-05-18 15:59:59.999000+00:00,1
2026-05-18 16:00:00+00:00,1.0313,1.0529,1.0253,1.051,11677459.0,2026-05-18 19:59:59.999000+00:00,1
2026-05-18 20:00:00+00:00,1.0511,1.0652,1.0464,1.0638,9940186.0,2026-05-18 23:59:59.999000+00:00,1
2026-05-19 00:00:00+00:00,1.0638,1.0746,1.0481,1.0585,14340581.0,2026-05-19 03:59:59.999000+00:00,1
2026-05-19 04:00:00+00:00,1.0585,1.1017,1.0553,1.0864,26970439.0,2026-05-19 07:59:59.999000+00:00,1
2026-05-19 08:00:00+00:00,1.0864,1.0864,1.0536,1.0569,18225036.0,2026-05-19 11:59:59.999000+00:00,1
2026-05-19 12:00:00+00:00,1.0569,1.0822,1.0457,1.0599,17867911.0,2026-05-19 15:59:59.999000+00:00,1
2026-05-19 16:00:00+00:00,1.06,1.0685,1.0532,1.0569,7893873.0,2026-05-19 19:59:59.999000+00:00,1
2026-05-19 20:00:00+00:00,1.0569,1.0657,1.0479,1.0515,4456076.0,2026-05-19 23:59:59.999000+00:00,1
2026-05-20 00:00:00+00:00,1.0514,1.0529,1.0283,1.0371,13555520.0,2026-05-20 03:59:59.999000+00:00,1
2026-05-20 04:00:00+00:00,1.0371,1.0619,1.0324,1.0539,9810870.0,2026-05-20 07:59:59.999000+00:00,1
2026-05-20 08:00:00+00:00,1.054,1.0642,1.0469,1.0519,9557504.0,2026-05-20 11:59:59.999000+00:00,1
2026-05-20 12:00:00+00:00,1.0518,1.0795,1.0364,1.0732,23207578.0,2026-05-20 15:59:59.999000+00:00,1
2026-05-20 16:00:00+00:00,1.0732,1.083,1.0634,1.0739,11132659.0,2026-05-20 19:59:59.999000+00:00,1
2026-05-20 20:00:00+00:00,1.0738,1.0792,1.0624,1.0792,6330748.0,2026-05-20 23:59:59.999000+00:00,1
2026-05-21 00:00:00+00:00,1.0792,1.1444,1.0771,1.1413,38367704.0,2026-05-21 03:59:59.999000+00:00,1
2026-05-21 04:00:00+00:00,1.1412,1.1499,1.0975,1.1119,23456971.0,2026-05-21 07:59:59.999000+00:00,1
2026-05-21 08:00:00+00:00,1.112,1.1327,1.0834,1.0857,25424647.0,2026-05-21 11:59:59.999000+00:00,1
2026-05-21 12:00:00+00:00,1.0857,1.1283,1.0764,1.1081,29089106.0,2026-05-21 15:59:59.999000+00:00,1
2026-05-21 16:00:00+00:00,1.1082,1.1641,1.1035,1.1477,35106537.0,2026-05-21 19:59:59.999000+00:00,1
2026-05-21 20:00:00+00:00,1.1479,1.1505,1.1087,1.1236,14587792.0,2026-05-21 23:59:59.999000+00:00,1
2026-05-22 00:00:00+00:00,1.1237,1.1247,1.0863,1.1086,18225993.0,2026-05-22 03:59:59.999000+00:00,1
2026-05-22 04:00:00+00:00,1.1085,1.124,1.094,1.1025,16533148.0,2026-05-22 07:59:59.999000+00:00,1
2026-05-22 08:00:00+00:00,1.1026,1.1256,1.0954,1.1096,21435343.0,2026-05-22 11:59:59.999000+00:00,1
2026-05-22 12:00:00+00:00,1.1096,1.1323,1.0851,1.0978,26214242.0,2026-05-22 15:59:59.999000+00:00,1
2026-05-22 16:00:00+00:00,1.0977,1.1023,1.051,1.0556,32260401.0,2026-05-22 19:59:59.999000+00:00,1
2026-05-22 20:00:00+00:00,1.0557,1.0666,1.0404,1.0479,17017540.0,2026-05-22 23:59:59.999000+00:00,1
2026-05-23 00:00:00+00:00,1.0479,1.0505,1.0343,1.0439,14016097.0,2026-05-23 03:59:59.999000+00:00,1
2026-05-23 04:00:00+00:00,1.0439,1.0439,0.9813,0.9952,28637302.0,2026-05-23 07:59:59.999000+00:00,1
2026-05-23 08:00:00+00:00,0.9951,1.0074,0.9921,1.0022,13410121.0,2026-05-23 11:59:59.999000+00:00,1
2026-05-23 12:00:00+00:00,1.0023,1.0481,0.9993,1.0389,23126497.0,2026-05-23 15:59:59.999000+00:00,1
2026-05-23 16:00:00+00:00,1.0389,1.0612,1.0334,1.0545,15252043.0,2026-05-23 19:59:59.999000+00:00,1
2026-05-23 20:00:00+00:00,1.0544,1.1006,1.0502,1.0667,24639464.0,2026-05-23 23:59:59.999000+00:00,1
2026-05-24 00:00:00+00:00,1.0668,1.0739,1.0557,1.062,10020077.0,2026-05-24 03:59:59.999000+00:00,1
2026-05-24 04:00:00+00:00,1.062,1.0682,1.0524,1.0564,10780873.0,2026-05-24 07:59:59.999000+00:00,1
2026-05-24 08:00:00+00:00,1.0564,1.0699,1.0539,1.0643,10666409.0,2026-05-24 11:59:59.999000+00:00,1
2026-05-24 12:00:00+00:00,1.0643,1.0646,1.0305,1.0432,16455928.0,2026-05-24 15:59:59.999000+00:00,1
2026-05-24 16:00:00+00:00,1.0433,1.0491,1.0362,1.0389,6517506.0,2026-05-24 19:59:59.999000+00:00,1
2026-05-24 20:00:00+00:00,1.0389,1.0399,1.004,1.032,21852195.0,2026-05-24 23:59:59.999000+00:00,1
2026-05-25 00:00:00+00:00,1.0319,1.0375,1.0192,1.0221,11402605.0,2026-05-25 03:59:59.999000+00:00,1
2026-05-25 04:00:00+00:00,1.0221,1.0495,1.0205,1.0396,15938488.0,2026-05-25 07:59:59.999000+00:00,1
2026-05-25 08:00:00+00:00,1.0396,1.0491,1.036,1.0435,11414883.0,2026-05-25 11:59:59.999000+00:00,1
2026-05-25 12:00:00+00:00,1.0435,1.0599,1.0407,1.0495,14037305.0,2026-05-25 15:59:59.999000+00:00,1
2026-05-25 16:00:00+00:00,1.0496,1.0628,1.0466,1.0537,8816352.0,2026-05-25 19:59:59.999000+00:00,1
2026-05-25 20:00:00+00:00,1.0536,1.059,1.0326,1.0422,10892025.0,2026-05-25 23:59:59.999000+00:00,1
2026-05-26 00:00:00+00:00,1.0423,1.0447,1.0161,1.0241,12332926.0,2026-05-26 03:59:59.999000+00:00,1
2026-05-26 04:00:00+00:00,1.0241,1.0467,1.0221,1.0317,11624111.0,2026-05-26 07:59:59.999000+00:00,1
2026-05-26 08:00:00+00:00,1.0318,1.0533,1.0288,1.043,13340850.0,2026-05-26 11:59:59.999000+00:00,1
2026-05-26 12:00:00+00:00,1.043,1.0573,1.018,1.028,24147593.0,2026-05-26 15:59:59.999000+00:00,1
2026-05-26 16:00:00+00:00,1.028,1.0285,1.0014,1.0062,23224561.0,2026-05-26 19:59:59.999000+00:00,1
2026-05-26 20:00:00+00:00,1.0063,1.01,0.9976,1.0003,7941585.0,2026-05-26 23:59:59.999000+00:00,1
2026-05-27 00:00:00+00:00,1.0004,1.0129,0.9936,0.998,11968364.0,2026-05-27 03:59:59.999000+00:00,1
2026-05-27 04:00:00+00:00,0.998,1.0077,0.9834,1.0045,12514540.0,2026-05-27 07:59:59.999000+00:00,1
2026-05-27 08:00:00+00:00,1.0045,1.0074,0.9915,0.999,7129323.0,2026-05-27 11:59:59.999000+00:00,1
2026-05-27 12:00:00+00:00,0.9991,1.0156,0.9847,1.0045,23067228.0,2026-05-27 15:59:59.999000+00:00,1
2026-05-27 16:00:00+00:00,1.0046,1.0085,0.9692,0.9818,18385726.0,2026-05-27 19:59:59.999000+00:00,1
2026-05-27 20:00:00+00:00,0.9819,0.9874,0.9528,0.9595,14905892.0,2026-05-27 23:59:59.999000+00:00,1
2026-05-28 00:00:00+00:00,0.9594,0.9622,0.9202,0.9219,23049963.0,2026-05-28 03:59:59.999000+00:00,1
2026-05-28 04:00:00+00:00,0.922,0.9267,0.9061,0.9243,22305232.0,2026-05-28 07:59:59.999000+00:00,1
2026-05-28 08:00:00+00:00,0.9244,0.9246,0.9099,0.9123,8108661.0,2026-05-28 11:59:59.999000+00:00,1
2026-05-28 12:00:00+00:00,0.9122,0.9249,0.9023,0.917,19791786.0,2026-05-28 15:59:59.999000+00:00,1
2026-05-28 16:00:00+00:00,0.917,0.9455,0.9123,0.9266,16734495.0,2026-05-28 19:59:59.999000+00:00,1
2026-05-28 20:00:00+00:00,0.9266,0.9368,0.9217,0.9289,7162012.0,2026-05-28 23:59:59.999000+00:00,1
2026-05-29 00:00:00+00:00,0.929,0.9356,0.9178,0.9191,8148950.0,2026-05-29 03:59:59.999000+00:00,1
2026-05-29 04:00:00+00:00,0.9191,0.9326,0.9132,0.9201,9333606.0,2026-05-29 07:59:59.999000+00:00,1
2026-05-29 08:00:00+00:00,0.92,0.9288,0.8964,0.9098,12565948.0,2026-05-29 11:59:59.999000+00:00,1
2026-05-29 12:00:00+00:00,0.9097,0.9371,0.8915,0.9233,28469857.0,2026-05-29 15:59:59.999000+00:00,1
2026-05-29 16:00:00+00:00,0.9234,0.9296,0.894,0.9041,19326953.0,2026-05-29 19:59:59.999000+00:00,1
2026-05-29 20:00:00+00:00,0.9041,0.9075,0.8941,0.9042,7923150.0,2026-05-29 23:59:59.999000+00:00,1
2026-05-30 00:00:00+00:00,0.9043,0.9196,0.902,0.9058,8591910.0,2026-05-30 03:59:59.999000+00:00,1
2026-05-30 04:00:00+00:00,0.9057,0.9087,0.8906,0.9009,12010723.0,2026-05-30 07:59:59.999000+00:00,1
2026-05-30 08:00:00+00:00,0.9009,0.9026,0.8946,0.8986,7578350.0,2026-05-30 11:59:59.999000+00:00,1
2026-05-30 12:00:00+00:00,0.8985,0.9134,0.8953,0.9089,11960601.0,2026-05-30 15:59:59.999000+00:00,1
2026-05-30 16:00:00+00:00,0.9089,0.9155,0.9032,0.9093,9604968.0,2026-05-30 19:59:59.999000+00:00,1
2026-05-30 20:00:00+00:00,0.9092,0.9158,0.9001,0.9078,6448403.0,2026-05-30 23:59:59.999000+00:00,1
2026-05-31 00:00:00+00:00,0.9078,0.9249,0.9076,0.9145,13064385.0,2026-05-31 03:59:59.999000+00:00,1
2026-05-31 04:00:00+00:00,0.9145,0.9203,0.8969,0.903,10429917.0,2026-05-31 07:59:59.999000+00:00,1
2026-05-31 08:00:00+00:00,0.9029,0.909,0.8983,0.9005,7070126.0,2026-05-31 11:59:59.999000+00:00,1
2026-05-31 12:00:00+00:00,0.9004,0.9062,0.8458,0.8786,38548730.0,2026-05-31 15:59:59.999000+00:00,1
2026-05-31 16:00:00+00:00,0.8787,0.8797,0.8661,0.8762,12802643.0,2026-05-31 19:59:59.999000+00:00,1
2026-05-31 20:00:00+00:00,0.8762,0.9028,0.8762,0.8949,9884212.0,2026-05-31 23:59:59.999000+00:00,1
2026-06-01 00:00:00+00:00,0.8949,0.9018,0.8794,0.8984,13244746.0,2026-06-01 03:59:59.999000+00:00,1
2026-06-01 04:00:00+00:00,0.8983,0.9029,0.8712,0.8741,13462326.0,2026-06-01 07:59:59.999000+00:00,1
2026-06-01 08:00:00+00:00,0.8741,0.8842,0.8712,0.8768,11171688.0,2026-06-01 11:59:59.999000+00:00,1
2026-06-01 12:00:00+00:00,0.8769,0.8816,0.8572,0.8622,30540506.0,2026-06-01 15:59:59.999000+00:00,1
2026-06-01 16:00:00+00:00,0.8622,0.886,0.8576,0.8777,16325721.0,2026-06-01 19:59:59.999000+00:00,1
2026-06-01 20:00:00+00:00,0.8777,0.8827,0.8643,0.879,8572414.0,2026-06-01 23:59:59.999000+00:00,1
2026-06-02 00:00:00+00:00,0.8791,0.8799,0.852,0.8749,12065891.0,2026-06-02 03:59:59.999000+00:00,1
2026-06-02 04:00:00+00:00,0.875,0.8775,0.8451,0.852,18636847.0,2026-06-02 07:59:59.999000+00:00,1
2026-06-02 08:00:00+00:00,0.852,0.8539,0.8355,0.8456,16790509.0,2026-06-02 11:59:59.999000+00:00,1
2026-06-02 12:00:00+00:00,0.8455,0.8535,0.8081,0.8216,34722960.0,2026-06-02 15:59:59.999000+00:00,1
2026-06-02 16:00:00+00:00,0.8216,0.8405,0.8073,0.8245,21222221.0,2026-06-02 19:59:59.999000+00:00,1
2026-06-02 20:00:00+00:00,0.8245,0.8356,0.7906,0.8079,23635044.0,2026-06-02 23:59:59.999000+00:00,1
2026-06-03 00:00:00+00:00,0.8079,0.8205,0.7901,0.796,18568132.0,2026-06-03 03:59:59.999000+00:00,1
2026-06-03 04:00:00+00:00,0.7959,0.8418,0.7955,0.8367,22738409.0,2026-06-03 07:59:59.999000+00:00,1
2026-06-03 08:00:00+00:00,0.8367,0.8407,0.8265,0.8289,13070710.0,2026-06-03 11:59:59.999000+00:00,1
2026-06-03 12:00:00+00:00,0.8289,0.8374,0.8185,0.8256,20220810.0,2026-06-03 15:59:59.999000+00:00,1
2026-06-03 16:00:00+00:00,0.8256,0.8318,0.8073,0.8128,19656181.0,2026-06-03 19:59:59.999000+00:00,1
2026-06-03 20:00:00+00:00,0.8127,0.8433,0.7995,0.8241,18560972.0,2026-06-03 23:59:59.999000+00:00,1
2026-06-04 00:00:00+00:00,0.8241,0.83,0.7469,0.8132,54577969.0,2026-06-04 03:59:59.999000+00:00,1
2026-06-04 04:00:00+00:00,0.8132,0.8198,0.7844,0.7851,20126016.0,2026-06-04 07:59:59.999000+00:00,1
2026-06-04 08:00:00+00:00,0.785,0.7909,0.757,0.7672,31749589.0,2026-06-04 11:59:59.999000+00:00,1
2026-06-04 12:00:00+00:00,0.7673,0.8069,0.7608,0.7933,30831146.0,2026-06-04 15:59:59.999000+00:00,1
2026-06-04 16:00:00+00:00,0.7934,0.7939,0.7712,0.7813,18782833.0,2026-06-04 19:59:59.999000+00:00,1
2026-06-04 20:00:00+00:00,0.7812,0.7839,0.7577,0.7662,18713657.0,2026-06-04 23:59:59.999000+00:00,1
2026-06-05 00:00:00+00:00,0.7662,0.7683,0.7286,0.7301,29654797.0,2026-06-05 03:59:59.999000+00:00,1
2026-06-05 04:00:00+00:00,0.7302,0.7476,0.6801,0.7123,66319955.0,2026-06-05 07:59:59.999000+00:00,1
2026-06-05 08:00:00+00:00,0.7123,0.7226,0.6952,0.7091,26564159.0,2026-06-05 11:59:59.999000+00:00,1
2026-06-05 12:00:00+00:00,0.7092,0.7279,0.6874,0.6935,43533738.0,2026-06-05 15:59:59.999000+00:00,1
2026-06-05 16:00:00+00:00,0.6935,0.7214,0.6698,0.6946,44763018.0,2026-06-05 19:59:59.999000+00:00,1
2026-06-05 20:00:00+00:00,0.6945,0.719,0.6866,0.7026,24192552.0,2026-06-05 23:59:59.999000+00:00,1
2026-06-06 00:00:00+00:00,0.7026,0.7296,0.6909,0.6954,27155056.0,2026-06-06 03:59:59.999000+00:00,1
2026-06-06 04:00:00+00:00,0.6955,0.7074,0.661,0.7027,37646699.0,2026-06-06 07:59:59.999000+00:00,1
2026-06-06 08:00:00+00:00,0.7027,0.7188,0.6863,0.7016,23277063.0,2026-06-06 11:59:59.999000+00:00,1
2026-06-06 12:00:00+00:00,0.7016,0.7284,0.6965,0.7151,26866833.0,2026-06-06 15:59:59.999000+00:00,1
2026-06-06 16:00:00+00:00,0.7151,0.7205,0.7023,0.7041,13383382.0,2026-06-06 19:59:59.999000+00:00,1
2026-06-06 20:00:00+00:00,0.704,0.7204,0.7003,0.7174,8048452.0,2026-06-06 23:59:59.999000+00:00,1
2026-06-07 00:00:00+00:00,0.7175,0.7573,0.7159,0.7526,26283370.0,2026-06-07 03:59:59.999000+00:00,1
2026-06-07 04:00:00+00:00,0.7526,0.7576,0.7417,0.7525,16957214.0,2026-06-07 07:59:59.999000+00:00,1
2026-06-07 08:00:00+00:00,0.7525,0.7649,0.7453,0.7505,18055641.0,2026-06-07 11:59:59.999000+00:00,1
2026-06-07 12:00:00+00:00,0.7505,0.7557,0.7282,0.7448,22533151.0,2026-06-07 15:59:59.999000+00:00,1
2026-06-07 16:00:00+00:00,0.7448,0.7518,0.7276,0.731,13207909.0,2026-06-07 19:59:59.999000+00:00,1
2026-06-07 20:00:00+00:00,0.7309,0.7808,0.7281,0.758,28937311.0,2026-06-07 23:59:59.999000+00:00,1
2026-06-08 00:00:00+00:00,0.758,0.7664,0.747,0.7515,15004316.0,2026-06-08 03:59:59.999000+00:00,1
2026-06-08 04:00:00+00:00,0.7516,0.7605,0.7279,0.7602,18571403.0,2026-06-08 07:59:59.999000+00:00,1
2026-06-08 08:00:00+00:00,0.7601,0.7642,0.7456,0.7575,14337366.0,2026-06-08 11:59:59.999000+00:00,1
2026-06-08 12:00:00+00:00,0.7575,0.773,0.7497,0.7623,20069671.0,2026-06-08 15:59:59.999000+00:00,1
2026-06-08 16:00:00+00:00,0.7624,0.7705,0.7565,0.7593,9784575.0,2026-06-08 19:59:59.999000+00:00,1
2026-06-08 20:00:00+00:00,0.7594,0.7688,0.7523,0.7549,7325860.0,2026-06-08 23:59:59.999000+00:00,1
2026-06-09 00:00:00+00:00,0.7548,0.7562,0.7289,0.745,17283255.0,2026-06-09 03:59:59.999000+00:00,1
2026-06-09 04:00:00+00:00,0.7449,0.762,0.7422,0.754,10810484.0,2026-06-09 07:59:59.999000+00:00,1
2026-06-09 08:00:00+00:00,0.7541,0.7546,0.7408,0.7531,12352982.0,2026-06-09 11:59:59.999000+00:00,1
2026-06-09 12:00:00+00:00,0.7531,0.7596,0.732,0.7351,21369296.0,2026-06-09 15:59:59.999000+00:00,1
2026-06-09 16:00:00+00:00,0.735,0.7564,0.7305,0.7529,18882092.0,2026-06-09 19:59:59.999000+00:00,1
2026-06-09 20:00:00+00:00,0.753,0.7594,0.7435,0.7489,6352070.0,2026-06-09 23:59:59.999000+00:00,1
2026-06-10 00:00:00+00:00,0.749,0.7568,0.7383,0.7437,7662101.0,2026-06-10 03:59:59.999000+00:00,1
2026-06-10 04:00:00+00:00,0.7438,0.7525,0.7348,0.7486,7958923.0,2026-06-10 07:59:59.999000+00:00,1
2026-06-10 08:00:00+00:00,0.7487,0.7488,0.731,0.7377,15514941.0,2026-06-10 11:59:59.999000+00:00,1
2026-06-10 12:00:00+00:00,0.7378,0.7613,0.7351,0.7552,20102478.0,2026-06-10 15:59:59.999000+00:00,1
2026-06-10 16:00:00+00:00,0.7552,0.7576,0.7306,0.7327,13061384.0,2026-06-10 19:59:59.999000+00:00,1
2026-06-10 20:00:00+00:00,0.7326,0.7364,0.7136,0.7258,13645622.0,2026-06-10 23:59:59.999000+00:00,1
2026-06-11 00:00:00+00:00,0.7259,0.7615,0.7259,0.7548,13621509.0,2026-06-11 03:59:59.999000+00:00,1
2026-06-11 04:00:00+00:00,0.7549,0.7578,0.7453,0.7482,7068971.0,2026-06-11 07:59:59.999000+00:00,1
2026-06-11 08:00:00+00:00,0.7482,0.7559,0.7456,0.7529,7497216.0,2026-06-11 11:59:59.999000+00:00,1
2026-06-11 12:00:00+00:00,0.753,0.7535,0.7418,0.7507,11557634.0,2026-06-11 15:59:59.999000+00:00,1
2026-06-11 16:00:00+00:00,0.7508,0.7696,0.7431,0.7628,14230540.0,2026-06-11 19:59:59.999000+00:00,1
2026-06-11 20:00:00+00:00,0.7628,0.7657,0.7531,0.7544,6264370.0,2026-06-11 23:59:59.999000+00:00,1
2026-06-12 00:00:00+00:00,0.7544,0.7594,0.747,0.7573,6331777.0,2026-06-12 03:59:59.999000+00:00,1
2026-06-12 04:00:00+00:00,0.7573,0.7611,0.7447,0.751,9625438.0,2026-06-12 07:59:59.999000+00:00,1
2026-06-12 08:00:00+00:00,0.7511,0.7628,0.751,0.7569,8790748.0,2026-06-12 11:59:59.999000+00:00,1
2026-06-12 12:00:00+00:00,0.757,0.7707,0.746,0.7469,18350069.0,2026-06-12 15:59:59.999000+00:00,1
2026-06-12 16:00:00+00:00,0.7469,0.7592,0.7448,0.748,9362034.0,2026-06-12 19:59:59.999000+00:00,1
2026-06-12 20:00:00+00:00,0.748,0.7512,0.7454,0.7505,3632895.0,2026-06-12 23:59:59.999000+00:00,1
2026-06-13 00:00:00+00:00,0.7505,0.7577,0.748,0.7504,4608626.0,2026-06-13 03:59:59.999000+00:00,1
2026-06-13 04:00:00+00:00,0.7504,0.7671,0.747,0.7618,7606246.0,2026-06-13 07:59:59.999000+00:00,1
2026-06-13 08:00:00+00:00,0.7617,0.7702,0.76,0.7689,8302248.0,2026-06-13 11:59:59.999000+00:00,1
2026-06-13 12:00:00+00:00,0.7689,0.7766,0.7655,0.7733,13022057.0,2026-06-13 15:59:59.999000+00:00,1
2026-06-13 16:00:00+00:00,0.7733,0.7739,0.7622,0.7654,8465401.0,2026-06-13 19:59:59.999000+00:00,1
2026-06-13 20:00:00+00:00,0.7653,0.774,0.7614,0.7678,5883284.0,2026-06-13 23:59:59.999000+00:00,1
2026-06-14 00:00:00+00:00,0.7676,0.7704,0.7628,0.7683,4494012.0,2026-06-14 03:59:59.999000+00:00,1
2026-06-14 04:00:00+00:00,0.7683,0.7689,0.7562,0.7584,6720989.0,2026-06-14 07:59:59.999000+00:00,1
2026-06-14 08:00:00+00:00,0.7585,0.7616,0.7546,0.7587,5120711.0,2026-06-14 11:59:59.999000+00:00,1
2026-06-14 12:00:00+00:00,0.7587,0.7604,0.7442,0.748,8897214.0,2026-06-14 15:59:59.999000+00:00,1
2026-06-14 16:00:00+00:00,0.748,0.7521,0.746,0.749,4323622.0,2026-06-14 19:59:59.999000+00:00,1
2026-06-14 20:00:00+00:00,0.7491,0.803,0.7474,0.8024,19887079.0,2026-06-14 23:59:59.999000+00:00,1
2026-06-15 00:00:00+00:00,0.8024,0.8041,0.7854,0.7991,13702536.0,2026-06-15 03:59:59.999000+00:00,1
2026-06-15 04:00:00+00:00,0.799,0.8046,0.7927,0.7936,8664875.0,2026-06-15 07:59:59.999000+00:00,1
2026-06-15 08:00:00+00:00,0.7936,0.8162,0.7883,0.8082,18691095.0,2026-06-15 11:59:59.999000+00:00,1
2026-06-15 12:00:00+00:00,0.8083,0.8283,0.8063,0.824,27125926.0,2026-06-15 15:59:59.999000+00:00,1
2026-06-15 16:00:00+00:00,0.8239,0.8272,0.7949,0.803,17234772.0,2026-06-15 19:59:59.999000+00:00,1
2026-06-15 20:00:00+00:00,0.8029,0.8053,0.7871,0.793,9547947.0,2026-06-15 23:59:59.999000+00:00,1
2026-06-16 00:00:00+00:00,0.7931,0.7959,0.7761,0.7871,10859776.0,2026-06-16 03:59:59.999000+00:00,1
2026-06-16 04:00:00+00:00,0.7871,0.7918,0.7799,0.7904,7359111.0,2026-06-16 07:59:59.999000+00:00,1
2026-06-16 08:00:00+00:00,0.7904,0.8097,0.7901,0.7949,13742305.0,2026-06-16 11:59:59.999000+00:00,1
2026-06-16 12:00:00+00:00,0.795,0.8044,0.7716,0.7835,18584997.0,2026-06-16 15:59:59.999000+00:00,1
2026-06-16 16:00:00+00:00,0.7835,0.7983,0.7807,0.7924,9031162.0,2026-06-16 19:59:59.999000+00:00,1
2026-06-16 20:00:00+00:00,0.7924,0.8062,0.7906,0.7961,8651299.0,2026-06-16 23:59:59.999000+00:00,1
2026-06-17 00:00:00+00:00,0.7962,0.819,0.7962,0.8069,11726439.0,2026-06-17 03:59:59.999000+00:00,1
2026-06-17 04:00:00+00:00,0.8069,0.8128,0.7964,0.7997,9037127.0,2026-06-17 07:59:59.999000+00:00,1
2026-06-17 08:00:00+00:00,0.7997,0.8001,0.7825,0.7855,10797204.0,2026-06-17 11:59:59.999000+00:00,1
2026-06-17 12:00:00+00:00,0.7856,0.8053,0.7806,0.8048,15308551.0,2026-06-17 15:59:59.999000+00:00,1
2026-06-17 16:00:00+00:00,0.8049,0.8107,0.7702,0.7732,27773535.0,2026-06-17 19:59:59.999000+00:00,1
2026-06-17 20:00:00+00:00,0.7732,0.78,0.7554,0.7666,14252630.0,2026-06-17 23:59:59.999000+00:00,1
2026-06-18 00:00:00+00:00,0.7666,0.7722,0.7577,0.7627,13509766.0,2026-06-18 03:59:59.999000+00:00,1
2026-06-18 04:00:00+00:00,0.7628,0.7634,0.738,0.752,20771388.0,2026-06-18 07:59:59.999000+00:00,1
2026-06-18 08:00:00+00:00,0.7521,0.7559,0.7441,0.7462,8860651.0,2026-06-18 11:59:59.999000+00:00,1
2026-06-18 12:00:00+00:00,0.7461,0.7514,0.7089,0.7091,33946770.0,2026-06-18 15:59:59.999000+00:00,1
2026-06-18 16:00:00+00:00,0.709,0.7234,0.7073,0.7199,14850410.0,2026-06-18 19:59:59.999000+00:00,1
2026-06-18 20:00:00+00:00,0.7199,0.73,0.7184,0.7291,7214729.0,2026-06-18 23:59:59.999000+00:00,1
2026-06-19 00:00:00+00:00,0.7292,0.7323,0.7114,0.7186,14429611.0,2026-06-19 03:59:59.999000+00:00,1
2026-06-19 04:00:00+00:00,0.7185,0.7213,0.7066,0.7109,13918566.0,2026-06-19 07:59:59.999000+00:00,1
2026-06-19 08:00:00+00:00,0.711,0.7158,0.7072,0.7104,8922437.0,2026-06-19 11:59:59.999000+00:00,1
2026-06-19 12:00:00+00:00,0.7104,0.7204,0.7012,0.7132,18557274.0,2026-06-19 15:59:59.999000+00:00,1
2026-06-19 16:00:00+00:00,0.7133,0.7167,0.7061,0.7086,8367226.0,2026-06-19 19:59:59.999000+00:00,1
2026-06-19 20:00:00+00:00,0.7087,0.7184,0.7067,0.7162,5267647.0,2026-06-19 23:59:59.999000+00:00,1
2026-06-20 00:00:00+00:00,0.7161,0.7194,0.7073,0.7101,6639691.0,2026-06-20 03:59:59.999000+00:00,1
2026-06-20 04:00:00+00:00,0.7102,0.7215,0.7091,0.7174,8021866.0,2026-06-20 07:59:59.999000+00:00,1
2026-06-20 08:00:00+00:00,0.7175,0.7222,0.7143,0.7171,6403872.0,2026-06-20 11:59:59.999000+00:00,1
2026-06-20 12:00:00+00:00,0.717,0.72,0.696,0.7099,22928415.0,2026-06-20 15:59:59.999000+00:00,1
2026-06-20 16:00:00+00:00,0.7099,0.7101,0.6986,0.7047,10363997.0,2026-06-20 19:59:59.999000+00:00,1
2026-06-20 20:00:00+00:00,0.7048,0.7162,0.703,0.7137,7730089.0,2026-06-20 23:59:59.999000+00:00,1
2026-06-21 00:00:00+00:00,0.7137,0.7142,0.7079,0.7114,4722203.0,2026-06-21 03:59:59.999000+00:00,1
2026-06-21 04:00:00+00:00,0.7114,0.713,0.7042,0.7105,7039635.0,2026-06-21 07:59:59.999000+00:00,1
2026-06-21 08:00:00+00:00,0.7105,0.7136,0.7025,0.7046,11403322.0,2026-06-21 11:59:59.999000+00:00,1
2026-06-21 12:00:00+00:00,0.7046,0.7147,0.7027,0.7132,9531943.0,2026-06-21 15:59:59.999000+00:00,1
2026-06-21 16:00:00+00:00,0.7132,0.7141,0.7049,0.7111,5205118.0,2026-06-21 19:59:59.999000+00:00,1
2026-06-21 20:00:00+00:00,0.7111,0.7122,0.6876,0.6928,19720993.0,2026-06-21 23:59:59.999000+00:00,1
2026-06-22 00:00:00+00:00,0.6929,0.7144,0.6928,0.6994,16081568.0,2026-06-22 03:59:59.999000+00:00,1
2026-06-22 04:00:00+00:00,0.6994,0.7123,0.6975,0.7101,7409656.0,2026-06-22 07:59:59.999000+00:00,1
2026-06-22 08:00:00+00:00,0.7102,0.7388,0.7083,0.7383,22507381.0,2026-06-22 11:59:59.999000+00:00,1
2026-06-22 12:00:00+00:00,0.7384,0.7445,0.7207,0.7226,25523454.0,2026-06-22 15:59:59.999000+00:00,1
2026-06-22 16:00:00+00:00,0.7226,0.7241,0.7115,0.7189,11298761.0,2026-06-22 19:59:59.999000+00:00,1
2026-06-22 20:00:00+00:00,0.7188,0.7292,0.7123,0.7191,8711856.0,2026-06-22 23:59:59.999000+00:00,1
2026-06-23 00:00:00+00:00,0.7191,0.7283,0.7115,0.7282,11071699.0,2026-06-23 03:59:59.999000+00:00,1
2026-06-23 04:00:00+00:00,0.7282,0.7288,0.6764,0.6863,42837989.0,2026-06-23 07:59:59.999000+00:00,1
2026-06-23 08:00:00+00:00,0.6864,0.7114,0.6723,0.7103,37320087.0,2026-06-23 11:59:59.999000+00:00,1
2026-06-23 12:00:00+00:00,0.7102,0.7125,0.6973,0.7031,23268335.0,2026-06-23 15:59:59.999000+00:00,1
2026-06-23 16:00:00+00:00,0.703,0.7105,0.693,0.6974,12056264.0,2026-06-23 19:59:59.999000+00:00,1
2026-06-23 20:00:00+00:00,0.6974,0.7065,0.6965,0.7037,7650029.0,2026-06-23 23:59:59.999000+00:00,1
2026-06-24 00:00:00+00:00,0.7037,0.7112,0.6948,0.6979,9414109.0,2026-06-24 03:59:59.999000+00:00,1
2026-06-24 04:00:00+00:00,0.6979,0.7094,0.6915,0.7004,9225028.0,2026-06-24 07:59:59.999000+00:00,1
2026-06-24 08:00:00+00:00,0.7004,0.7104,0.6943,0.7009,9633516.0,2026-06-24 11:59:59.999000+00:00,1
2026-06-24 12:00:00+00:00,0.7009,0.7029,0.6714,0.6741,33066201.0,2026-06-24 15:59:59.999000+00:00,1
2026-06-24 16:00:00+00:00,0.674,0.6817,0.6521,0.6733,35788320.0,2026-06-24 19:59:59.999000+00:00,1
2026-06-24 20:00:00+00:00,0.6733,0.6909,0.6729,0.6851,12084620.0,2026-06-24 23:59:59.999000+00:00,1
2026-06-25 00:00:00+00:00,0.6852,0.6866,0.6759,0.6797,6371311.0,2026-06-25 03:59:59.999000+00:00,1
2026-06-25 04:00:00+00:00,0.6796,0.7016,0.678,0.7007,15121769.0,2026-06-25 07:59:59.999000+00:00,1
2026-06-25 08:00:00+00:00,0.7008,0.7011,0.6863,0.6886,11797112.0,2026-06-25 11:59:59.999000+00:00,1
2026-06-25 12:00:00+00:00,0.6887,0.6989,0.6502,0.6763,52134994.0,2026-06-25 15:59:59.999000+00:00,1
2026-06-25 16:00:00+00:00,0.6763,0.6921,0.668,0.6727,18154340.0,2026-06-25 19:59:59.999000+00:00,1
2026-06-25 20:00:00+00:00,0.6728,0.6851,0.6707,0.6835,8283046.0,2026-06-25 23:59:59.999000+00:00,1
2026-06-26 00:00:00+00:00,0.6836,0.6871,0.6578,0.6784,21752844.0,2026-06-26 03:59:59.999000+00:00,1
2026-06-26 04:00:00+00:00,0.6784,0.6993,0.6753,0.6956,13977407.0,2026-06-26 07:59:59.999000+00:00,1
2026-06-26 08:00:00+00:00,0.6956,0.6971,0.6722,0.6753,15987648.0,2026-06-26 11:59:59.999000+00:00,1
2026-06-26 12:00:00+00:00,0.6753,0.6962,0.6672,0.6916,26374997.0,2026-06-26 15:59:59.999000+00:00,1
2026-06-26 16:00:00+00:00,0.6916,0.7032,0.6864,0.6956,14029526.0,2026-06-26 19:59:59.999000+00:00,1
2026-06-26 20:00:00+00:00,0.6956,0.7036,0.6925,0.6979,7834950.0,2026-06-26 23:59:59.999000+00:00,1
2026-06-27 00:00:00+00:00,0.6979,0.71,0.6942,0.7073,8536365.0,2026-06-27 03:59:59.999000+00:00,1
2026-06-27 04:00:00+00:00,0.7073,0.7172,0.7059,0.7094,12496288.0,2026-06-27 07:59:59.999000+00:00,1
2026-06-27 08:00:00+00:00,0.7094,0.7097,0.6949,0.6999,14063405.0,2026-06-27 11:59:59.999000+00:00,1
2026-06-27 12:00:00+00:00,0.6998,0.7143,0.6977,0.71,12104356.0,2026-06-27 15:59:59.999000+00:00,1
2026-06-27 16:00:00+00:00,0.7101,0.7117,0.6836,0.6851,21921236.0,2026-06-27 19:59:59.999000+00:00,1
2026-06-27 20:00:00+00:00,0.685,0.6889,0.6774,0.684,10611000.0,2026-06-27 23:59:59.999000+00:00,1
2026-06-28 00:00:00+00:00,0.684,0.6872,0.6799,0.6835,6429302.0,2026-06-28 03:59:59.999000+00:00,1
2026-06-28 04:00:00+00:00,0.6834,0.6858,0.6765,0.6851,9208867.0,2026-06-28 07:59:59.999000+00:00,1
2026-06-28 08:00:00+00:00,0.685,0.6896,0.6812,0.688,11956715.0,2026-06-28 11:59:59.999000+00:00,1
2026-06-28 12:00:00+00:00,0.688,0.6915,0.683,0.687,6888786.0,2026-06-28 15:59:59.999000+00:00,1
2026-06-28 16:00:00+00:00,0.6871,0.6873,0.6751,0.6787,8882474.0,2026-06-28 19:59:59.999000+00:00,1
2026-06-28 20:00:00+00:00,0.6786,0.6863,0.6701,0.6809,9464855.0,2026-06-28 23:59:59.999000+00:00,1
2026-06-29 00:00:00+00:00,0.681,0.6939,0.6717,0.691,18248290.0,2026-06-29 03:59:59.999000+00:00,1
2026-06-29 04:00:00+00:00,0.6909,0.6968,0.6789,0.6956,12606102.0,2026-06-29 07:59:59.999000+00:00,1
2026-06-29 08:00:00+00:00,0.6957,0.6976,0.6856,0.6891,14431182.0,2026-06-29 11:59:59.999000+00:00,1
2026-06-29 12:00:00+00:00,0.6892,0.7013,0.6825,0.6929,22899818.0,2026-06-29 15:59:59.999000+00:00,1
2026-06-29 16:00:00+00:00,0.693,0.7084,0.6892,0.7048,11723110.0,2026-06-29 19:59:59.999000+00:00,1
2026-06-29 20:00:00+00:00,0.7048,0.7069,0.6978,0.7024,6886837.0,2026-06-29 23:59:59.999000+00:00,1
2026-06-30 00:00:00+00:00,0.7023,0.7031,0.6893,0.6947,7793428.0,2026-06-30 03:59:59.999000+00:00,1
2026-06-30 04:00:00+00:00,0.6947,0.6983,0.6903,0.6968,14693022.0,2026-06-30 07:59:59.999000+00:00,1
2026-06-30 08:00:00+00:00,0.6969,0.6972,0.6866,0.6887,13063450.0,2026-06-30 11:59:59.999000+00:00,1
2026-06-30 12:00:00+00:00,0.6886,0.6956,0.6769,0.69,29091659.0,2026-06-30 15:59:59.999000+00:00,1
2026-06-30 16:00:00+00:00,0.69,0.6981,0.6853,0.6957,8095005.0,2026-06-30 19:59:59.999000+00:00,1
2026-06-30 20:00:00+00:00,0.6957,0.6969,0.6879,0.6902,5686939.0,2026-06-30 23:59:59.999000+00:00,1
2026-07-01 00:00:00+00:00,0.6903,0.7083,0.6773,0.7073,27062369.0,2026-07-01 03:59:59.999000+00:00,1
2026-07-01 04:00:00+00:00,0.7074,0.7084,0.6927,0.6965,12190272.0,2026-07-01 07:59:59.999000+00:00,1
2026-07-01 08:00:00+00:00,0.6965,0.7059,0.6913,0.6988,11021912.0,2026-07-01 11:59:59.999000+00:00,1
2026-07-01 12:00:00+00:00,0.6988,0.7223,0.6936,0.7154,24019857.0,2026-07-01 15:59:59.999000+00:00,1
2026-07-01 16:00:00+00:00,0.7154,0.7215,0.707,0.7118,15460193.0,2026-07-01 19:59:59.999000+00:00,1
2026-07-01 20:00:00+00:00,0.7117,0.7299,0.7095,0.715,13981054.0,2026-07-01 23:59:59.999000+00:00,1
2026-07-02 00:00:00+00:00,0.7151,0.7322,0.7096,0.7317,12663835.0,2026-07-02 03:59:59.999000+00:00,1
2026-07-02 04:00:00+00:00,0.7316,0.7389,0.7231,0.7267,10758935.0,2026-07-02 07:59:59.999000+00:00,1
2026-07-02 08:00:00+00:00,0.7267,0.7464,0.7256,0.7408,17835106.0,2026-07-02 11:59:59.999000+00:00,1
2026-07-02 12:00:00+00:00,0.7407,0.7531,0.7347,0.74,22848990.0,2026-07-02 15:59:59.999000+00:00,1
2026-07-02 16:00:00+00:00,0.7401,0.742,0.7338,0.7362,10654604.0,2026-07-02 19:59:59.999000+00:00,1
2026-07-02 20:00:00+00:00,0.7363,0.7372,0.7269,0.7349,7290337.0,2026-07-02 23:59:59.999000+00:00,1
2026-07-03 00:00:00+00:00,0.7349,0.7447,0.7288,0.7438,9214566.0,2026-07-03 03:59:59.999000+00:00,1
2026-07-03 04:00:00+00:00,0.7438,0.7446,0.7371,0.7413,6173547.0,2026-07-03 07:59:59.999000+00:00,1
2026-07-03 08:00:00+00:00,0.7412,0.7525,0.7386,0.7508,11832536.0,2026-07-03 11:59:59.999000+00:00,1
2026-07-03 12:00:00+00:00,0.7508,0.7599,0.7476,0.7525,14430092.0,2026-07-03 15:59:59.999000+00:00,1
2026-07-03 16:00:00+00:00,0.7524,0.7742,0.7495,0.7689,14988266.0,2026-07-03 19:59:59.999000+00:00,1
2026-07-03 20:00:00+00:00,0.7688,0.7799,0.7652,0.7691,11037530.0,2026-07-03 23:59:59.999000+00:00,1
2026-07-04 00:00:00+00:00,0.7691,0.7733,0.7556,0.7601,9882201.0,2026-07-04 03:59:59.999000+00:00,1
2026-07-04 04:00:00+00:00,0.7601,0.7665,0.7531,0.7582,9238104.0,2026-07-04 07:59:59.999000+00:00,1
2026-07-04 08:00:00+00:00,0.7581,0.7599,0.7508,0.7565,6744181.0,2026-07-04 11:59:59.999000+00:00,1
2026-07-04 12:00:00+00:00,0.7566,0.7756,0.7562,0.7718,11933882.0,2026-07-04 15:59:59.999000+00:00,1
2026-07-04 16:00:00+00:00,0.7717,0.7826,0.7641,0.7704,12091585.0,2026-07-04 19:59:59.999000+00:00,1
2026-07-04 20:00:00+00:00,0.7703,0.7756,0.7606,0.7615,8211031.0,2026-07-04 23:59:59.999000+00:00,1
2026-07-05 00:00:00+00:00,0.7615,0.762,0.7366,0.7418,17494869.0,2026-07-05 03:59:59.999000+00:00,1
2026-07-05 04:00:00+00:00,0.7418,0.7459,0.7407,0.7447,7142512.0,2026-07-05 07:59:59.999000+00:00,1
2026-07-05 08:00:00+00:00,0.7448,0.7472,0.7368,0.7427,8745031.0,2026-07-05 11:59:59.999000+00:00,1
2026-07-05 12:00:00+00:00,0.7427,0.7592,0.74,0.7527,11579594.0,2026-07-05 15:59:59.999000+00:00,1
2026-07-05 16:00:00+00:00,0.7527,0.7588,0.7513,0.7546,7203857.0,2026-07-05 19:59:59.999000+00:00,1
2026-07-05 20:00:00+00:00,0.7546,0.7665,0.7513,0.7564,9756944.0,2026-07-05 23:59:59.999000+00:00,1
2026-07-06 00:00:00+00:00,0.7563,0.7617,0.7465,0.7485,10429890.0,2026-07-06 03:59:59.999000+00:00,1
2026-07-06 04:00:00+00:00,0.7485,0.7488,0.7335,0.7408,14631755.0,2026-07-06 07:59:59.999000+00:00,1
2026-07-06 08:00:00+00:00,0.7408,0.7444,0.7355,0.7373,9057744.0,2026-07-06 11:59:59.999000+00:00,1
2026-07-06 12:00:00+00:00,0.7373,0.744,0.7198,0.7435,37592202.0,2026-07-06 15:59:59.999000+00:00,1
2026-07-06 16:00:00+00:00,0.7436,0.7497,0.7402,0.7486,12526545.0,2026-07-06 19:59:59.999000+00:00,1
2026-07-06 20:00:00+00:00,0.7487,0.7678,0.7458,0.7497,10974916.0,2026-07-06 23:59:59.999000+00:00,1
2026-07-07 00:00:00+00:00,0.7496,0.7542,0.7326,0.7347,11538839.0,2026-07-07 03:59:59.999000+00:00,1
2026-07-07 04:00:00+00:00,0.7347,0.743,0.7284,0.7373,10169955.0,2026-07-07 07:59:59.999000+00:00,1
2026-07-07 08:00:00+00:00,0.7374,0.7455,0.7358,0.7396,7210296.0,2026-07-07 11:59:59.999000+00:00,1
2026-07-07 12:00:00+00:00,0.7397,0.7448,0.7287,0.7421,12571617.0,2026-07-07 15:59:59.999000+00:00,1
2026-07-07 16:00:00+00:00,0.7422,0.7507,0.7291,0.7372,12080078.0,2026-07-07 19:59:59.999000+00:00,1
2026-07-07 20:00:00+00:00,0.7373,0.7382,0.7186,0.7273,9382561.0,2026-07-07 23:59:59.999000+00:00,1
2026-07-08 00:00:00+00:00,0.7274,0.733,0.7084,0.7138,14554413.0,2026-07-08 03:59:59.999000+00:00,1
2026-07-08 04:00:00+00:00,0.7138,0.7187,0.7106,0.7177,6721676.0,2026-07-08 07:59:59.999000+00:00,1
2026-07-08 08:00:00+00:00,0.7177,0.7193,0.6989,0.7072,19477032.0,2026-07-08 11:59:59.999000+00:00,1
2026-07-08 12:00:00+00:00,0.7073,0.709,0.6958,0.6989,14883556.0,2026-07-08 15:59:59.999000+00:00,1
2026-07-08 16:00:00+00:00,0.6988,0.7133,0.6979,0.7121,8650894.0,2026-07-08 19:59:59.999000+00:00,1
2026-07-08 20:00:00+00:00,0.7122,0.7129,0.7054,0.7106,3334249.0,2026-07-08 23:59:59.999000+00:00,1
2026-07-09 00:00:00+00:00,0.7105,0.7218,0.7071,0.7183,12397305.0,2026-07-09 03:59:59.999000+00:00,1
2026-07-09 04:00:00+00:00,0.7182,0.7322,0.7179,0.7244,11383835.0,2026-07-09 07:59:59.999000+00:00,1
2026-07-09 08:00:00+00:00,0.7243,0.7274,0.7186,0.7226,4187546.0,2026-07-09 11:59:59.999000+00:00,1
2026-07-09 12:00:00+00:00,0.7226,0.723,0.7146,0.7167,10597984.0,2026-07-09 15:59:59.999000+00:00,1
2026-07-09 16:00:00+00:00,0.7167,0.7232,0.7141,0.7186,6606194.0,2026-07-09 19:59:59.999000+00:00,1
2026-07-09 20:00:00+00:00,0.7187,0.721,0.7145,0.7167,2738239.0,2026-07-09 23:59:59.999000+00:00,1
2026-07-10 00:00:00+00:00,0.7168,0.7288,0.7112,0.7254,12684926.0,2026-07-10 03:59:59.999000+00:00,1
2026-07-10 04:00:00+00:00,0.7255,0.7269,0.7215,0.7223,4054730.0,2026-07-10 07:59:59.999000+00:00,1
2026-07-10 08:00:00+00:00,0.7224,0.7498,0.7222,0.7378,20616483.0,2026-07-10 11:59:59.999000+00:00,1
2026-07-10 12:00:00+00:00,0.7378,0.746,0.729,0.7363,16803897.0,2026-07-10 15:59:59.999000+00:00,1
2026-07-10 16:00:00+00:00,0.7363,0.7397,0.7301,0.7367,7589554.0,2026-07-10 19:59:59.999000+00:00,1
2026-07-10 20:00:00+00:00,0.7366,0.7416,0.7332,0.7385,3724147.0,2026-07-10 23:59:59.999000+00:00,1
2026-07-11 00:00:00+00:00,0.7385,0.7452,0.7313,0.7426,6264606.0,2026-07-11 03:59:59.999000+00:00,1
2026-07-11 04:00:00+00:00,0.7426,0.7546,0.7386,0.7435,11871910.0,2026-07-11 07:59:59.999000+00:00,1
2026-07-11 08:00:00+00:00,0.7435,0.7468,0.7377,0.7425,7489790.0,2026-07-11 11:59:59.999000+00:00,1
2026-07-11 12:00:00+00:00,0.7425,0.7502,0.7392,0.7427,7928534.0,2026-07-11 15:59:59.999000+00:00,1
2026-07-11 16:00:00+00:00,0.7427,0.7505,0.7399,0.7468,6663925.0,2026-07-11 19:59:59.999000+00:00,1
2026-07-11 20:00:00+00:00,0.7469,0.7503,0.7275,0.7284,9063414.0,2026-07-11 23:59:59.999000+00:00,1
2026-07-12 00:00:00+00:00,0.7283,0.7316,0.721,0.7312,10612576.0,2026-07-12 03:59:59.999000+00:00,1
2026-07-12 04:00:00+00:00,0.7312,0.7386,0.7262,0.7385,7561472.0,2026-07-12 07:59:59.999000+00:00,1
2026-07-12 08:00:00+00:00,0.7385,0.7463,0.737,0.7405,9921302.0,2026-07-12 11:59:59.999000+00:00,1
2026-07-12 12:00:00+00:00,0.7405,0.7487,0.7401,0.7445,10000752.0,2026-07-12 15:59:59.999000+00:00,1
2026-07-12 16:00:00+00:00,0.7445,0.7455,0.7358,0.7411,5224504.0,2026-07-12 19:59:59.999000+00:00,1
2026-07-12 20:00:00+00:00,0.7411,0.7429,0.7324,0.7355,6015379.0,2026-07-12 23:59:59.999000+00:00,1
2026-07-13 00:00:00+00:00,0.7355,0.7468,0.7216,0.7263,13273183.0,2026-07-13 03:59:59.999000+00:00,1
2026-07-13 04:00:00+00:00,0.7263,0.7334,0.7247,0.732,7035164.0,2026-07-13 07:59:59.999000+00:00,1
2026-07-13 08:00:00+00:00,0.7321,0.7362,0.7301,0.7304,5110304.0,2026-07-13 11:59:59.999000+00:00,1
2026-07-13 12:00:00+00:00,0.7304,0.7334,0.7221,0.7275,10090638.0,2026-07-13 15:59:59.999000+00:00,1
2026-07-13 16:00:00+00:00,0.7275,0.7288,0.7134,0.7209,10898262.0,2026-07-13 19:59:59.999000+00:00,1
2026-07-13 20:00:00+00:00,0.7208,0.7216,0.7061,0.7214,6269642.0,2026-07-13 23:59:59.999000+00:00,1
2026-07-14 00:00:00+00:00,0.7215,0.7279,0.7184,0.7239,7170911.0,2026-07-14 03:59:59.999000+00:00,1
2026-07-14 04:00:00+00:00,0.7239,0.7351,0.7225,0.7305,7001876.0,2026-07-14 07:59:59.999000+00:00,1
2026-07-14 08:00:00+00:00,0.7306,0.7343,0.7281,0.7297,3916130.0,2026-07-14 11:59:59.999000+00:00,1
2026-07-14 12:00:00+00:00,0.7297,0.7672,0.7292,0.7589,30272836.0,2026-07-14 15:59:59.999000+00:00,1
2026-07-14 16:00:00+00:00,0.759,0.7636,0.7505,0.7619,10535629.0,2026-07-14 19:59:59.999000+00:00,1
2026-07-14 20:00:00+00:00,0.762,0.7646,0.7559,0.762,5993718.0,2026-07-14 23:59:59.999000+00:00,1
2026-07-15 00:00:00+00:00,0.7621,0.7635,0.7469,0.753,8520751.0,2026-07-15 03:59:59.999000+00:00,1
2026-07-15 04:00:00+00:00,0.7531,0.7604,0.7497,0.7522,7283932.0,2026-07-15 07:59:59.999000+00:00,1
2026-07-15 08:00:00+00:00,0.7523,0.7566,0.7505,0.7543,4052307.0,2026-07-15 11:59:59.999000+00:00,1
2026-07-15 12:00:00+00:00,0.7543,0.7679,0.7522,0.7595,18098493.0,2026-07-15 15:59:59.999000+00:00,1
2026-07-15 16:00:00+00:00,0.7595,0.7605,0.7439,0.749,13300987.0,2026-07-15 19:59:59.999000+00:00,1
2026-07-15 20:00:00+00:00,0.749,0.7613,0.7478,0.7548,6664471.0,2026-07-15 23:59:59.999000+00:00,1
2026-07-16 00:00:00+00:00,0.7548,0.7655,0.7455,0.7599,9466459.0,2026-07-16 03:59:59.999000+00:00,1
2026-07-16 04:00:00+00:00,0.76,0.7603,0.7391,0.7421,12409542.0,2026-07-16 07:59:59.999000+00:00,1
2026-07-16 08:00:00+00:00,0.742,0.7435,0.7328,0.7423,12775493.0,2026-07-16 11:59:59.999000+00:00,1
2026-07-16 12:00:00+00:00,0.7422,0.7547,0.7371,0.7506,13323414.0,2026-07-16 15:59:59.999000+00:00,1
2026-07-16 16:00:00+00:00,0.7507,0.7532,0.7448,0.7482,6198845.0,2026-07-16 19:59:59.999000+00:00,1
2026-07-16 20:00:00+00:00,0.7481,0.752,0.7344,0.7384,8255082.0,2026-07-16 23:59:59.999000+00:00,1
2026-07-17 00:00:00+00:00,0.7384,0.748,0.7346,0.7436,8927032.0,2026-07-17 03:59:59.999000+00:00,1
2026-07-17 04:00:00+00:00,0.7436,0.7436,0.7291,0.7314,12600790.0,2026-07-17 07:59:59.999000+00:00,1
2026-07-17 08:00:00+00:00,0.7315,0.7394,0.7222,0.736,12546930.0,2026-07-17 11:59:59.999000+00:00,1
2026-07-17 12:00:00+00:00,0.736,0.7371,0.7206,0.7342,17018334.0,2026-07-17 15:59:59.999000+00:00,1
2026-07-17 16:00:00+00:00,0.7342,0.7446,0.7319,0.7381,9707786.0,2026-07-17 19:59:59.999000+00:00,1
2026-07-17 20:00:00+00:00,0.7381,0.7418,0.736,0.7397,3234757.0,2026-07-17 23:59:59.999000+00:00,1
2026-07-18 00:00:00+00:00,0.7397,0.7422,0.7378,0.742,2888359.0,2026-07-18 03:59:59.999000+00:00,1
2026-07-18 04:00:00+00:00,0.7421,0.7424,0.7337,0.7359,3630457.0,2026-07-18 07:59:59.999000+00:00,1
2026-07-18 08:00:00+00:00,0.7359,0.7389,0.7326,0.7351,3626486.0,2026-07-18 11:59:59.999000+00:00,1
2026-07-18 12:00:00+00:00,0.735,0.738,0.731,0.7347,5059569.0,2026-07-18 15:59:59.999000+00:00,1
2026-07-18 16:00:00+00:00,0.7348,0.7429,0.7339,0.7417,8224870.0,2026-07-18 19:59:59.999000+00:00,1
2026-07-18 20:00:00+00:00,0.7418,0.746,0.7391,0.7429,6883633.0,2026-07-18 23:59:59.999000+00:00,1
2026-07-19 00:00:00+00:00,0.743,0.7476,0.7406,0.7418,3700071.0,2026-07-19 03:59:59.999000+00:00,1
2026-07-19 04:00:00+00:00,0.7418,0.7464,0.7401,0.7445,4384079.0,2026-07-19 07:59:59.999000+00:00,1
2026-07-19 08:00:00+00:00,0.7445,0.7573,0.7432,0.7494,9987442.0,2026-07-19 11:59:59.999000+00:00,1
2026-07-19 12:00:00+00:00,0.7494,0.7547,0.7473,0.7508,6733487.0,2026-07-19 15:59:59.999000+00:00,1
2026-07-19 16:00:00+00:00,0.7509,0.7523,0.7396,0.749,6666356.0,2026-07-19 19:59:59.999000+00:00,1
2026-07-19 20:00:00+00:00,0.749,0.7532,0.7446,0.7491,6612296.0,2026-07-19 23:59:59.999000+00:00,1
2026-07-20 00:00:00+00:00,0.7491,0.7586,0.7471,0.7499,7231580.0,2026-07-20 03:59:59.999000+00:00,1
2026-07-20 04:00:00+00:00,0.7499,0.7502,0.7386,0.7467,10170711.0,2026-07-20 07:59:59.999000+00:00,1
2026-07-20 08:00:00+00:00,0.7467,0.7555,0.7383,0.7543,17919497.0,2026-07-20 11:59:59.999000+00:00,1
2026-07-20 12:00:00+00:00,0.7543,0.7665,0.7469,0.7654,22457633.0,2026-07-20 15:59:59.999000+00:00,1
2026-07-20 16:00:00+00:00,0.7654,0.7744,0.7584,0.7673,19466790.0,2026-07-20 19:59:59.999000+00:00,1
2026-07-20 20:00:00+00:00,0.7673,0.7706,0.7596,0.7642,4212739.0,2026-07-20 23:59:59.999000+00:00,1
2026-07-21 00:00:00+00:00,0.7642,0.7708,0.7606,0.7683,4629839.0,2026-07-21 03:59:59.999000+00:00,1
2026-07-21 04:00:00+00:00,0.7682,0.778,0.7652,0.7772,7805000.0,2026-07-21 07:59:59.999000+00:00,1
2026-07-21 08:00:00+00:00,0.7771,0.7774,0.7638,0.7689,9694520.0,2026-07-21 11:59:59.999000+00:00,1
2026-07-21 12:00:00+00:00,0.7689,0.7707,0.7609,0.7668,12549062.0,2026-07-21 15:59:59.999000+00:00,1
2026-07-21 16:00:00+00:00,0.7669,0.7697,0.761,0.766,6045264.0,2026-07-21 19:59:59.999000+00:00,1
2026-07-21 20:00:00+00:00,0.7659,0.7716,0.7656,0.7715,3786685.0,2026-07-21 23:59:59.999000+00:00,1
2026-07-22 00:00:00+00:00,0.7715,0.7756,0.7629,0.7638,7039826.0,2026-07-22 03:59:59.999000+00:00,1
2026-07-22 04:00:00+00:00,0.7637,0.7672,0.7525,0.7556,24840400.0,2026-07-22 07:59:59.999000+00:00,1
2026-07-22 08:00:00+00:00,0.7555,0.7618,0.7541,0.7597,10545533.0,2026-07-22 11:59:59.999000+00:00,1
2026-07-22 12:00:00+00:00,0.7597,0.7746,0.7556,0.7705,15651471.0,2026-07-22 15:59:59.999000+00:00,1
2026-07-22 16:00:00+00:00,0.7705,0.7794,0.7628,0.7658,8652679.0,2026-07-22 19:59:59.999000+00:00,1
2026-07-22 20:00:00+00:00,0.7657,0.7673,0.7597,0.7642,5788633.0,2026-07-22 23:59:59.999000+00:00,1
2026-07-23 00:00:00+00:00,0.7642,0.7674,0.7585,0.7624,9113415.0,2026-07-23 03:59:59.999000+00:00,1
2026-07-23 04:00:00+00:00,0.7623,0.7712,0.7614,0.7698,7157827.0,2026-07-23 07:59:59.999000+00:00,1
2026-07-23 08:00:00+00:00,0.7698,0.7752,0.7658,0.7665,5969481.0,2026-07-23 11:59:59.999000+00:00,1
2026-07-23 12:00:00+00:00,0.7664,0.7677,0.7399,0.7485,23596081.0,2026-07-23 15:59:59.999000+00:00,1
2026-07-23 16:00:00+00:00,0.7485,0.7486,0.7387,0.7445,6685048.0,2026-07-23 19:59:59.999000+00:00,1
2026-07-23 20:00:00+00:00,0.7444,0.7501,0.7435,0.7439,3498189.0,2026-07-23 23:59:59.999000+00:00,1
2026-07-24 00:00:00+00:00,0.7439,0.7466,0.737,0.7456,6941321.0,2026-07-24 03:59:59.999000+00:00,1
2026-07-24 04:00:00+00:00,0.7457,0.7481,0.7408,0.7446,7744509.0,2026-07-24 07:59:59.999000+00:00,1
2026-07-24 08:00:00+00:00,0.7445,0.7446,0.7287,0.7306,11960289.0,2026-07-24 11:59:59.999000+00:00,1
2026-07-24 12:00:00+00:00,0.7306,0.7321,0.712,0.7175,20977386.0,2026-07-24 15:59:59.999000+00:00,1
2026-07-24 16:00:00+00:00,0.7175,0.7175,0.7065,0.7095,10467058.0,2026-07-24 19:59:59.999000+00:00,1
2026-07-24 20:00:00+00:00,0.7095,0.7122,0.7076,0.7106,3991193.0,2026-07-24 23:59:59.999000+00:00,1
2026-07-25 00:00:00+00:00,0.7105,0.7138,0.7087,0.7115,3488625.0,2026-07-25 03:59:59.999000+00:00,1
2026-07-25 04:00:00+00:00,0.7114,0.7148,0.7012,0.7028,8515601.0,2026-07-25 07:59:59.999000+00:00,1
2026-07-25 08:00:00+00:00,0.7027,0.7064,0.7015,0.7045,4071296.0,2026-07-25 11:59:59.999000+00:00,1
2026-07-25 12:00:00+00:00,0.7044,0.7107,0.7037,0.7096,4100965.0,2026-07-25 15:59:59.999000+00:00,1
2026-07-25 16:00:00+00:00,0.7096,0.7172,0.7096,0.7135,5382605.0,2026-07-25 19:59:59.999000+00:00,1
2026-07-25 20:00:00+00:00,0.7135,0.7139,0.7096,0.7106,3120195.0,2026-07-25 23:59:59.999000+00:00,1
2026-07-26 00:00:00+00:00,0.7106,0.7178,0.7103,0.7172,4289712.0,2026-07-26 03:59:59.999000+00:00,1
2026-07-26 04:00:00+00:00,0.7173,0.726,0.7153,0.7199,9736558.0,2026-07-26 07:59:59.999000+00:00,1
2026-07-26 08:00:00+00:00,0.72,0.72,0.7155,0.7174,4222253.0,2026-07-26 11:59:59.999000+00:00,1
2026-07-26 12:00:00+00:00,0.7175,0.72,0.714,0.7188,6713198.0,2026-07-26 15:59:59.999000+00:00,1
2026-07-26 16:00:00+00:00,0.7188,0.722,0.7102,0.7116,8461080.0,2026-07-26 19:59:59.999000+00:00,1
2026-07-26 20:00:00+00:00,0.7116,0.7256,0.7104,0.7228,7231767.0,2026-07-26 23:59:59.999000+00:00,1
2026-07-27 00:00:00+00:00,0.7228,0.7236,0.7128,0.7189,7010080.0,2026-07-27 03:59:59.999000+00:00,1
2026-07-27 04:00:00+00:00,0.719,0.7243,0.7153,0.7166,8641599.0,2026-07-27 07:59:59.999000+00:00,1
2026-07-27 08:00:00+00:00,0.7166,0.7191,0.712,0.716,5498998.0,2026-07-27 11:59:59.999000+00:00,1
2026-07-27 12:00:00+00:00,0.7159,0.7202,0.6935,0.6984,30916760.0,2026-07-27 15:59:59.999000+00:00,1
2026-07-27 16:00:00+00:00,0.6984,0.706,0.697,0.7037,8641660.0,2026-07-27 19:59:59.999000+00:00,1
2026-07-27 20:00:00+00:00,0.7038,0.7044,0.6737,0.6805,19499518.0,2026-07-27 23:59:59.999000+00:00,1
2026-07-28 00:00:00+00:00,0.6805,0.6849,0.6728,0.6833,9535685.0,2026-07-28 03:59:59.999000+00:00,1
2026-07-28 04:00:00+00:00,0.6833,0.6845,0.6786,0.6806,6875427.0,2026-07-28 07:59:59.999000+00:00,1
2026-07-28 08:00:00+00:00,0.6806,0.6849,0.679,0.682,5920289.0,2026-07-28 11:59:59.999000+00:00,1
2026-07-28 12:00:00+00:00,0.682,0.6919,0.6734,0.6899,15946907.0,2026-07-28 15:59:59.999000+00:00,1
2026-07-28 16:00:00+00:00,0.6899,0.6934,0.6855,0.6926,5666927.0,2026-07-28 19:59:59.999000+00:00,1
2026-07-28 20:00:00+00:00,0.6927,0.6964,0.6882,0.6922,7092279.0,2026-07-28 23:59:59.999000+00:00,1
2026-07-29 00:00:00+00:00,0.6922,0.6963,0.681,0.6815,8816425.0,2026-07-29 03:59:59.999000+00:00,1
2026-07-29 04:00:00+00:00,0.6816,0.6885,0.6785,0.6874,6337417.0,2026-07-29 07:59:59.999000+00:00,1
2026-07-29 08:00:00+00:00,0.6874,0.6912,0.6846,0.6888,4548323.0,2026-07-29 11:59:59.999000+00:00,1
2026-07-29 12:00:00+00:00,0.6888,0.6908,0.6804,0.6823,10260367.0,2026-07-29 15:59:59.999000+00:00,1
2026-07-29 16:00:00+00:00,0.6823,0.6976,0.6802,0.6817,19933340.0,2026-07-29 19:59:59.999000+00:00,1
2026-07-29 20:00:00+00:00,0.6817,0.6873,0.676,0.6857,10343849.0,2026-07-29 23:59:59.999000+00:00,1
2026-07-30 00:00:00+00:00,0.6857,0.6919,0.6814,0.6878,6228446.0,2026-07-30 03:59:59.999000+00:00,1
2026-07-30 04:00:00+00:00,0.6879,0.6895,0.6833,0.6865,5164511.0,2026-07-30 07:59:59.999000+00:00,1
2026-07-30 08:00:00+00:00,0.6865,0.6951,0.6856,0.6928,7549384.0,2026-07-30 11:59:59.999000+00:00,1
2026-07-30 12:00:00+00:00,0.6929,0.7013,0.6896,0.6994,12830940.0,2026-07-30 15:59:59.999000+00:00,1
2026-07-30 16:00:00+00:00,0.6994,0.7073,0.6983,0.6989,11303846.0,2026-07-30 19:59:59.999000+00:00,1
2026-07-30 20:00:00+00:00,0.6989,0.7016,0.691,0.6916,5452658.0,2026-07-30 23:59:59.999000+00:00,1
2026-07-31 00:00:00+00:00,0.6916,0.6966,0.6848,0.6896,9906408.0,2026-07-31 03:59:59.999000+00:00,1
2026-07-31 04:00:00+00:00,0.6895,0.6913,0.6833,0.6898,5921728.0,2026-07-31 07:59:59.999000+00:00,1
2026-07-31 08:00:00+00:00,0.6897,0.6913,0.6823,0.6877,7039527.0,2026-07-31 11:59:59.999000+00:00,1
2026-07-31 12:00:00+00:00,0.6877,0.6903,0.6776,0.6829,15690419.0,2026-07-31 15:59:59.999000+00:00,1
2026-07-31 16:00:00+00:00,0.6828,0.6859,0.6761,0.6788,4949764.0,2026-07-31 19:59:59.999000+00:00,1
2026-07-31 20:00:00+00:00,0.6789,0.6834,0.6787,0.6816,3254488.0,2026-07-31 23:59:59.999000+00:00,1
2026-08-01 00:00:00+00:00,0.6816,0.6863,0.6816,0.6858,3492622.0,2026-08-01 03:59:59.999000+00:00,1
2026-08-01 04:00:00+00:00,0.6858,0.6897,0.6826,0.6843,3412351.0,2026-08-01 07:59:59.999000+00:00,1
2026-08-01 08:00:00+00:00,0.6844,0.6849,0.682,0.6844,2771609.0,2026-08-01 11:59:59.999000+00:00,1
2026-08-01 12:00:00+00:00,0.6844,0.6857,0.6823,0.6824,2975562.0,2026-08-01 15:59:59.999000+00:00,1
2026-08-01 16:00:00+00:00,0.6823,0.6845,0.6623,0.671,19519094.0,2026-08-01 19:59:59.999000+00:00,1
2026-08-01 20:00:00+00:00,0.6709,0.6785,0.6704,0.6754,5241170.0,2026-08-01 23:59:59.999000+00:00,1
2026-08-02 00:00:00+00:00,0.6753,0.6905,0.6752,0.6893,9178315.0,2026-08-02 03:59:59.999000+00:00,1
2026-08-02 04:00:00+00:00,0.6893,0.6939,0.6889,0.691,5218392.0,2026-08-02 07:59:59.999000+00:00,1
2026-08-02 08:00:00+00:00,0.691,0.6914,0.6832,0.6845,4254557.0,2026-08-02 11:59:59.999000+00:00,1
2026-08-02 12:00:00+00:00,0.6845,0.6928,0.6845,0.6896,4299652.0,2026-08-02 15:59:59.999000+00:00,1
2026-08-02 16:00:00+00:00,0.6897,0.6949,0.6884,0.6923,2780592.0,2026-08-02 19:59:59.999000+00:00,1
2026-08-02 20:00:00+00:00,0.6923,0.6958,0.6872,0.6894,4016176.0,2026-08-02 23:59:59.999000+00:00,1
2026-08-03 00:00:00+00:00,0.6895,0.6899,0.6837,0.6858,4126724.0,2026-08-03 03:59:59.999000+00:00,1
2026-08-03 04:00:00+00:00,0.6858,0.6896,0.6832,0.6845,3257655.0,2026-08-03 07:59:59.999000+00:00,1
2026-08-03 08:00:00+00:00,0.6844,0.6877,0.6785,0.6851,5074346.0,2026-08-03 11:59:59.999000+00:00,1
2026-08-03 12:00:00+00:00,0.6852,0.6982,0.6836,0.6939,11308377.0,2026-08-03 15:59:59.999000+00:00,1
2026-08-03 16:00:00+00:00,0.694,0.697,0.692,0.6933,3149992.0,2026-08-03 19:59:59.999000+00:00,1
2026-08-03 20:00:00+00:00,0.6932,0.6954,0.6884,0.6909,3507494.0,2026-08-03 23:59:59.999000+00:00,1
2026-08-04 00:00:00+00:00,0.6909,0.6974,0.6874,0.6954,3713392.0,2026-08-04 03:59:59.999000+00:00,1
2026-08-04 04:00:00+00:00,0.6953,0.6989,0.6888,0.6927,4393000.0,2026-08-04 07:59:59.999000+00:00,1
2026-08-04 08:00:00+00:00,0.6926,0.6948,0.6891,0.694,2601766.0,2026-08-04 11:59:59.999000+00:00,1
2026-08-04 12:00:00+00:00,0.694,0.696,0.685,0.693,9703769.0,2026-08-04 15:59:59.999000+00:00,1
2026-08-04 16:00:00+00:00,0.693,0.7001,0.6916,0.6975,4008717.0,2026-08-04 19:59:59.999000+00:00,1
2026-08-04 20:00:00+00:00,0.6976,0.6987,0.6923,0.6928,3786700.0,2026-08-04 23:59:59.999000+00:00,1
2026-08-05 00:00:00+00:00,0.6927,0.6955,0.6871,0.6886,6673379.0,2026-08-05 03:59:59.999000+00:00,1
2026-08-05 04:00:00+00:00,0.6885,0.6941,0.6881,0.6916,3248875.0,2026-08-05 07:59:59.999000+00:00,1
2026-08-05 08:00:00+00:00,0.6917,0.6935,0.6895,0.6903,3124196.0,2026-08-05 11:59:59.999000+00:00,1
2026-08-05 12:00:00+00:00,0.6904,0.6952,0.6825,0.6868,11490539.0,2026-08-05 15:59:59.999000+00:00,1
2026-08-05 16:00:00+00:00,0.6867,0.6956,0.6865,0.6915,6618902.0,2026-08-05 19:59:59.999000+00:00,1
2026-08-05 20:00:00+00:00,0.6916,0.6954,0.6887,0.6899,3297761.0,2026-08-05 23:59:59.999000+00:00,1
2026-08-06 00:00:00+00:00,0.6899,0.6922,0.6813,0.6838,5852171.0,2026-08-06 03:59:59.999000+00:00,1
2026-08-06 04:00:00+00:00,0.6839,0.6887,0.6813,0.6854,4949956.0,2026-08-06 07:59:59.999000+00:00,1
2026-08-06 08:00:00+00:00,0.6853,0.6879,0.6673,0.676,18588689.0,2026-08-06 11:59:59.999000+00:00,1
2026-08-06 12:00:00+00:00,0.6759,0.6778,0.6706,0.6739,6857067.0,2026-08-06 15:59:59.999000+00:00,1
2026-08-06 16:00:00+00:00,0.6739,0.6811,0.6731,0.6739,4321386.0,2026-08-06 19:59:59.999000+00:00,1
2026-08-06 20:00:00+00:00,0.6739,0.6763,0.6704,0.672,3446644.0,2026-08-06 23:59:59.999000+00:00,1
2026-08-07 00:00:00+00:00,0.672,0.6785,0.6708,0.6736,5655202.0,2026-08-07 03:59:59.999000+00:00,1
2026-08-07 04:00:00+00:00,0.6735,0.6757,0.669,0.6733,4726228.0,2026-08-07 07:59:59.999000+00:00,1
2026-08-07 08:00:00+00:00,0.6733,0.6778,0.6721,0.6747,6043013.0,2026-08-07 11:59:59.999000+00:00,1
2026-08-07 12:00:00+00:00,0.6747,0.6796,0.6628,0.6723,17788064.0,2026-08-07 15:59:59.999000+00:00,1
2026-08-07 16:00:00+00:00,0.6723,0.675,0.6652,0.6735,7144846.0,2026-08-07 19:59:59.999000+00:00,1
2026-08-07 20:00:00+00:00,0.6734,0.6738,0.67,0.6718,2757394.0,2026-08-07 23:59:59.999000+00:00,1
2026-08-08 00:00:00+00:00,0.6717,0.6802,0.6704,0.6793,5992060.0,2026-08-08 03:59:59.999000+00:00,1
2026-08-08 04:00:00+00:00,0.6794,0.6849,0.6794,0.6837,5762494.0,2026-08-08 07:59:59.999000+00:00,1
2026-08-08 08:00:00+00:00,0.6837,0.6968,0.6832,0.6897,14578299.0,2026-08-08 11:59:59.999000+00:00,1
2026-08-08 12:00:00+00:00,0.6898,0.7072,0.6887,0.7004,14143399.0,2026-08-08 15:59:59.999000+00:00,1
2026-08-08 16:00:00+00:00,0.7004,0.7011,0.693,0.6959,5706039.0,2026-08-08 19:59:59.999000+00:00,1
2026-08-08 20:00:00+00:00,0.6958,0.6995,0.688,0.6921,5982695.0,2026-08-08 23:59:59.999000+00:00,1
2026-08-09 00:00:00+00:00,0.692,0.693,0.6874,0.6899,5530788.0,2026-08-09 03:59:59.999000+00:00,1
2026-08-09 04:00:00+00:00,0.6898,0.6946,0.6891,0.6924,4200207.0,2026-08-09 07:59:59.999000+00:00,1
2026-08-09 08:00:00+00:00,0.6925,0.6949,0.6906,0.6925,4804042.0,2026-08-09 11:59:59.999000+00:00,1
2026-08-09 12:00:00+00:00,0.6925,0.7018,0.6902,0.7009,8351304.0,2026-08-09 15:59:59.999000+00:00,1
2026-08-09 16:00:00+00:00,0.701,0.7049,0.6973,0.6976,7329832.0,2026-08-09 19:59:59.999000+00:00,1
2026-08-09 20:00:00+00:00,0.6976,0.7054,0.6828,0.6859,13526631.0,2026-08-09 23:59:59.999000+00:00,1
2026-08-10 00:00:00+00:00,0.6859,0.6969,0.6845,0.6885,9241072.0,2026-08-10 03:59:59.999000+00:00,1
2026-08-10 04:00:00+00:00,0.6885,0.6978,0.6868,0.6948,8402188.0,2026-08-10 07:59:59.999000+00:00,1
2026-08-10 08:00:00+00:00,0.6948,0.6966,0.6908,0.6958,4161294.0,2026-08-10 11:59:59.999000+00:00,1
2026-08-10 12:00:00+00:00,0.6957,0.6977,0.6867,0.6908,16319660.0,2026-08-10 15:59:59.999000+00:00,1
2026-08-10 16:00:00+00:00,0.6907,0.6969,0.6842,0.6922,8216425.0,2026-08-10 19:59:59.999000+00:00,1
2026-08-10 20:00:00+00:00,0.6922,0.6936,0.6802,0.684,5920683.0,2026-08-10 23:59:59.999000+00:00,1
2026-08-11 00:00:00+00:00,0.6839,0.6899,0.6827,0.6872,4215275.0,2026-08-11 03:59:59.999000+00:00,1
2026-08-11 04:00:00+00:00,0.6871,0.6904,0.6838,0.6871,4796953.0,2026-08-11 07:59:59.999000+00:00,1
2026-08-11 08:00:00+00:00,0.6872,0.6933,0.6867,0.6919,6017466.0,2026-08-11 11:59:59.999000+00:00,1
2026-08-11 12:00:00+00:00,0.692,0.6925,0.6717,0.6762,17240445.0,2026-08-11 15:59:59.999000+00:00,1
2026-08-11 16:00:00+00:00,0.6761,0.6833,0.6747,0.683,4956049.0,2026-08-11 19:59:59.999000+00:00,1
2026-08-11 20:00:00+00:00,0.6831,0.6952,0.6828,0.6928,8443318.0,2026-08-11 23:59:59.999000+00:00,1
2026-08-12 00:00:00+00:00,0.6928,0.6996,0.6916,0.6929,6827064.0,2026-08-12 03:59:59.999000+00:00,1
2026-08-12 04:00:00+00:00,0.6929,0.6934,0.6876,0.6909,5144525.0,2026-08-12 07:59:59.999000+00:00,1
2026-08-12 08:00:00+00:00,0.6909,0.6929,0.6856,0.6922,6595245.0,2026-08-12 11:59:59.999000+00:00,1
2026-08-12 12:00:00+00:00,0.6923,0.6973,0.6824,0.6849,16219446.0,2026-08-12 15:59:59.999000+00:00,1
2026-08-12 16:00:00+00:00,0.6849,0.6874,0.6819,0.6848,4657073.0,2026-08-12 19:59:59.999000+00:00,1
2026-08-12 20:00:00+00:00,0.6848,0.6889,0.6725,0.6809,7188282.0,2026-08-12 23:59:59.999000+00:00,1
2026-08-13 00:00:00+00:00,0.6809,0.6905,0.6805,0.6889,7727664.0,2026-08-13 03:59:59.999000+00:00,1
2026-08-13 04:00:00+00:00,0.689,0.6923,0.6865,0.6896,5788911.0,2026-08-13 07:59:59.999000+00:00,1
2026-08-13 08:00:00+00:00,0.6897,0.6913,0.6852,0.6856,3598833.0,2026-08-13 11:59:59.999000+00:00,1
2026-08-13 12:00:00+00:00,0.6856,0.6946,0.6847,0.685,7598162.0,2026-08-13 15:59:59.999000+00:00,1
2026-08-13 16:00:00+00:00,0.6851,0.6881,0.6797,0.686,11362581.0,2026-08-13 19:59:59.999000+00:00,1
2026-08-13 20:00:00+00:00,0.686,0.6903,0.6844,0.6891,2333001.0,2026-08-13 23:59:59.999000+00:00,1
2026-08-14 00:00:00+00:00,0.6892,0.6906,0.6829,0.6829,3956004.0,2026-08-14 03:59:59.999000+00:00,1
2026-08-14 04:00:00+00:00,0.6829,0.6849,0.6771,0.6787,6689844.0,2026-08-14 07:59:59.999000+00:00,1
2026-08-14 08:00:00+00:00,0.6787,0.681,0.6736,0.6746,6724439.0,2026-08-14 11:59:59.999000+00:00,1
2026-08-14 12:00:00+00:00,0.6745,0.679,0.6711,0.6767,8785226.0,2026-08-14 15:59:59.999000+00:00,1
2026-08-14 16:00:00+00:00,0.6766,0.681,0.6751,0.6788,13785538.0,2026-08-14 19:59:59.999000+00:00,1
2026-08-14 20:00:00+00:00,0.6787,0.6825,0.6749,0.6825,3369499.0,2026-08-14 23:59:59.999000+00:00,1
2026-08-15 00:00:00+00:00,0.6825,0.6886,0.6808,0.6853,6085843.0,2026-08-15 03:59:59.999000+00:00,1
2026-08-15 04:00:00+00:00,0.6853,0.6875,0.6816,0.6821,4767746.0,2026-08-15 07:59:59.999000+00:00,1
2026-08-15 08:00:00+00:00,0.6822,0.6842,0.6805,0.6815,2144903.0,2026-08-15 11:59:59.999000+00:00,1
2026-08-15 12:00:00+00:00,0.6815,0.6839,0.6811,0.6833,1918773.0,2026-08-15 15:59:59.999000+00:00,1
2026-08-15 16:00:00+00:00,0.6834,0.6837,0.6778,0.6813,2366899.0,2026-08-15 19:59:59.999000+00:00,1
2026-08-15 20:00:00+00:00,0.6813,0.6814,0.6765,0.6769,4109077.0,2026-08-15 23:59:59.999000+00:00,1
2026-08-16 00:00:00+00:00,0.677,0.6779,0.6736,0.6759,4627656.0,2026-08-16 03:59:59.999000+00:00,1
2026-08-16 04:00:00+00:00,0.6758,0.6772,0.6722,0.6772,4103755.0,2026-08-16 07:59:59.999000+00:00,1
2026-08-16 08:00:00+00:00,0.6772,0.6787,0.6751,0.6764,3460767.0,2026-08-16 11:59:59.999000+00:00,1
2026-08-16 12:00:00+00:00,0.6765,0.6809,0.6757,0.6803,2942163.0,2026-08-16 15:59:59.999000+00:00,1
2026-08-16 16:00:00+00:00,0.6802,0.6818,0.6751,0.6764,3234209.0,2026-08-16 19:59:59.999000+00:00,1
2026-08-16 20:00:00+00:00,0.6765,0.6778,0.6661,0.6707,10275452.0,2026-08-16 23:59:59.999000+00:00,1
2026-08-17 00:00:00+00:00,0.6706,0.6797,0.6669,0.6769,10227293.0,2026-08-17 03:59:59.999000+00:00,1
2026-08-17 04:00:00+00:00,0.677,0.6804,0.6747,0.6778,5136962.0,2026-08-17 07:59:59.999000+00:00,1
2026-08-17 08:00:00+00:00,0.6779,0.6794,0.6732,0.6775,4943095.0,2026-08-17 11:59:59.999000+00:00,1
2026-08-17 12:00:00+00:00,0.6774,0.6785,0.6737,0.6782,4850235.0,2026-08-17 15:59:59.999000+00:00,1
2026-08-17 16:00:00+00:00,0.6783,0.6793,0.6752,0.6759,3257182.0,2026-08-17 19:59:59.999000+00:00,1
2026-08-17 20:00:00+00:00,0.6759,0.6796,0.6709,0.6747,5396130.0,2026-08-17 23:59:59.999000+00:00,1
2026-08-18 00:00:00+00:00,0.6746,0.6759,0.631,0.6455,51098123.0,2026-08-18 03:59:59.999000+00:00,1
2026-08-18 04:00:00+00:00,0.6454,0.6504,0.6385,0.6466,22900640.0,2026-08-18 07:59:59.999000+00:00,1
2026-08-18 08:00:00+00:00,0.6466,0.6529,0.6426,0.6502,7503116.0,2026-08-18 11:59:59.999000+00:00,1
2026-08-18 12:00:00+00:00,0.6502,0.6601,0.6502,0.6551,9623972.0,2026-08-18 15:59:59.999000+00:00,1
2026-08-18 16:00:00+00:00,0.6551,0.6585,0.6518,0.6553,3546521.0,2026-08-18 19:59:59.999000+00:00,1
2026-08-18 20:00:00+00:00,0.6554,0.656,0.6463,0.6511,12400263.0,2026-08-18 23:59:59.999000+00:00,1
2026-08-19 00:00:00+00:00,0.6511,0.6572,0.6478,0.6567,7609146.0,2026-08-19 03:59:59.999000+00:00,1
2026-08-19 04:00:00+00:00,0.6567,0.6585,0.6528,0.6568,11451621.0,2026-08-19 07:59:59.999000+00:00,1
2026-08-19 08:00:00+00:00,0.6567,0.6605,0.6553,0.6575,8678520.0,2026-08-19 11:59:59.999000+00:00,1
2026-08-19 12:00:00+00:00,0.6575,0.7029,0.6539,0.6796,47978565.0,2026-08-19 15:59:59.999000+00:00,1
2026-08-19 16:00:00+00:00,0.6796,0.6962,0.6775,0.6956,16534213.0,2026-08-19 19:59:59.999000+00:00,1
2026-08-19 20:00:00+00:00,0.6957,0.7257,0.6938,0.7058,30110089.0,2026-08-19 23:59:59.999000+00:00,1
2026-08-20 00:00:00+00:00,0.7058,0.7122,0.6936,0.6991,14123937.0,2026-08-20 03:59:59.999000+00:00,1
2026-08-20 04:00:00+00:00,0.6992,0.7069,0.697,0.7024,12019868.0,2026-08-20 07:59:59.999000+00:00,1
2026-08-20 08:00:00+00:00,0.7025,0.7352,0.7019,0.7283,31305220.0,2026-08-20 11:59:59.999000+00:00,1
2026-08-20 12:00:00+00:00,0.7283,0.7423,0.7156,0.7394,22028682.0,2026-08-20 15:59:59.999000+00:00,1
2026-08-20 16:00:00+00:00,0.7393,0.7532,0.7216,0.7247,22056653.0,2026-08-20 19:59:59.999000+00:00,1
2026-08-20 20:00:00+00:00,0.7247,0.7385,0.7233,0.7336,10703137.0,2026-08-20 23:59:59.999000+00:00,1
2026-08-21 00:00:00+00:00,0.7337,0.7496,0.733,0.7452,16661631.0,2026-08-21 03:59:59.999000+00:00,1
2026-08-21 04:00:00+00:00,0.7452,0.7822,0.7451,0.7777,42769073.0,2026-08-21 07:59:59.999000+00:00,1
2026-08-21 08:00:00+00:00,0.7777,0.8142,0.7768,0.7841,64549679.0,2026-08-21 11:59:59.999000+00:00,1
2026-08-21 12:00:00+00:00,0.7841,0.8238,0.7807,0.815,40319479.0,2026-08-21 15:59:59.999000+00:00,1
2026-08-21 16:00:00+00:00,0.815,0.8229,0.7901,0.8025,25540140.0,2026-08-21 19:59:59.999000+00:00,1
2026-08-21 20:00:00+00:00,0.8026,0.8624,0.7984,0.8442,30193543.0,2026-08-21 23:59:59.999000+00:00,1
2026-08-22 00:00:00+00:00,0.8442,0.9252,0.8335,0.9134,46836960.0,2026-08-22 03:59:59.999000+00:00,1
2026-08-22 04:00:00+00:00,0.9134,0.9545,0.7672,0.8629,119854276.0,2026-08-22 07:59:59.999000+00:00,1
2026-08-22 08:00:00+00:00,0.863,0.874,0.8081,0.8294,39986509.0,2026-08-22 11:59:59.999000+00:00,1
2026-08-22 12:00:00+00:00,0.8293,0.8428,0.8088,0.8157,21327026.0,2026-08-22 15:59:59.999000+00:00,1
2026-08-22 16:00:00+00:00,0.8158,0.8416,0.8117,0.8333,18184312.0,2026-08-22 19:59:59.999000+00:00,1
2026-08-22 20:00:00+00:00,0.8334,0.8393,0.8031,0.8149,15999344.0,2026-08-22 23:59:59.999000+00:00,1
2026-08-23 00:00:00+00:00,0.8148,0.8333,0.7886,0.793,21503214.0,2026-08-23 03:59:59.999000+00:00,1
2026-08-23 04:00:00+00:00,0.793,0.7995,0.7767,0.7921,21206202.0,2026-08-23 07:59:59.999000+00:00,1
2026-08-23 08:00:00+00:00,0.7921,0.82,0.7901,0.8192,18122463.0,2026-08-23 11:59:59.999000+00:00,1
2026-08-23 12:00:00+00:00,0.8192,0.8388,0.7963,0.8228,35370364.0,2026-08-23 15:59:59.999000+00:00,1
2026-08-23 16:00:00+00:00,0.8228,0.8468,0.8165,0.8326,20404048.0,2026-08-23 19:59:59.999000+00:00,1
2026-08-23 20:00:00+00:00,0.8326,0.8577,0.8275,0.8502,19078489.0,2026-08-23 23:59:59.999000+00:00,1
2026-08-24 00:00:00+00:00,0.8502,0.8507,0.814,0.8201,26372905.0,2026-08-24 03:59:59.999000+00:00,1
2026-08-24 04:00:00+00:00,0.8201,0.8357,0.8089,0.8158,19053473.0,2026-08-24 07:59:59.999000+00:00,1
2026-08-24 08:00:00+00:00,0.8159,0.8362,0.804,0.8311,18021531.0,2026-08-24 11:59:59.999000+00:00,1
2026-08-24 12:00:00+00:00,0.831,0.842,0.8093,0.8223,33382780.0,2026-08-24 15:59:59.999000+00:00,1
2026-08-24 16:00:00+00:00,0.8223,0.8338,0.7968,0.8024,26200166.0,2026-08-24 19:59:59.999000+00:00,1
2026-08-24 20:00:00+00:00,0.8025,0.8098,0.7894,0.7996,12748823.0,2026-08-24 23:59:59.999000+00:00,1
2026-08-25 00:00:00+00:00,0.7996,0.8345,0.7926,0.8189,27452612.0,2026-08-25 03:59:59.999000+00:00,1
2026-08-25 04:00:00+00:00,0.8189,0.8299,0.7974,0.8012,17148377.0,2026-08-25 07:59:59.999000+00:00,1
2026-08-25 08:00:00+00:00,0.8014,0.8093,0.7932,0.7992,15141851.0,2026-08-25 11:59:59.999000+00:00,1
2026-08-25 12:00:00+00:00,0.7992,0.8032,0.7769,0.7923,23951353.0,2026-08-25 15:59:59.999000+00:00,1
2026-08-25 16:00:00+00:00,0.7924,0.794,0.772,0.7745,12547451.0,2026-08-25 19:59:59.999000+00:00,1
2026-08-25 20:00:00+00:00,0.7745,0.7757,0.7439,0.7571,22407918.0,2026-08-25 23:59:59.999000+00:00,1
2026-08-26 00:00:00+00:00,0.757,0.7663,0.7519,0.7607,10844622.0,2026-08-26 03:59:59.999000+00:00,1
2026-08-26 04:00:00+00:00,0.7606,0.7695,0.7571,0.7596,11316704.0,2026-08-26 07:59:59.999000+00:00,1
2026-08-26 08:00:00+00:00,0.7596,0.7639,0.7484,0.7546,10595343.0,2026-08-26 11:59:59.999000+00:00,1
2026-08-26 12:00:00+00:00,0.7547,0.7615,0.7251,0.7353,28502444.0,2026-08-26 15:59:59.999000+00:00,1
2026-08-26 16:00:00+00:00,0.7352,0.7445,0.7253,0.7377,16243922.0,2026-08-26 19:59:59.999000+00:00,1
2026-08-26 20:00:00+00:00,0.7376,0.7682,0.7323,0.7668,12300724.0,2026-08-26 23:59:59.999000+00:00,1
2026-08-27 00:00:00+00:00,0.7669,0.767,0.7466,0.7487,12123434.0,2026-08-27 03:59:59.999000+00:00,1
2026-08-27 04:00:00+00:00,0.7488,0.758,0.7431,0.7576,10539780.0,2026-08-27 07:59:59.999000+00:00,1
2026-08-27 08:00:00+00:00,0.7576,0.782,0.7522,0.7625,29199912.0,2026-08-27 11:59:59.999000+00:00,1
2026-08-27 12:00:00+00:00,0.7625,0.7933,0.7591,0.7863,25743255.0,2026-08-27 15:59:59.999000+00:00,1
2026-08-27 16:00:00+00:00,0.7863,0.7927,0.7675,0.7768,21346385.0,2026-08-27 19:59:59.999000+00:00,1
2026-08-27 20:00:00+00:00,0.7769,0.7846,0.7718,0.7791,9693999.0,2026-08-27 23:59:59.999000+00:00,1
2026-08-28 00:00:00+00:00,0.779,0.8005,0.7568,0.7629,24294647.0,2026-08-28 03:59:59.999000+00:00,1
2026-08-28 04:00:00+00:00,0.7629,0.7673,0.7547,0.7595,12635410.0,2026-08-28 07:59:59.999000+00:00,1
2026-08-28 08:00:00+00:00,0.7596,0.7654,0.7467,0.7599,17343237.0,2026-08-28 11:59:59.999000+00:00,1
2026-08-28 12:00:00+00:00,0.7599,0.773,0.748,0.7522,30659122.0,2026-08-28 15:59:59.999000+00:00,1
2026-08-28 16:00:00+00:00,0.7522,0.7552,0.7291,0.7355,27531434.0,2026-08-28 19:59:59.999000+00:00,1
2026-08-28 20:00:00+00:00,0.7353,0.7432,0.7319,0.743,6203537.0,2026-08-28 23:59:59.999000+00:00,1
2026-08-29 00:00:00+00:00,0.743,0.7465,0.7356,0.7363,8487492.0,2026-08-29 03:59:59.999000+00:00,1
2026-08-29 04:00:00+00:00,0.7363,0.7444,0.7338,0.7348,8263635.0,2026-08-29 07:59:59.999000+00:00,1
2026-08-29 08:00:00+00:00,0.7348,0.7396,0.7307,0.7339,9362109.0,2026-08-29 11:59:59.999000+00:00,1
2026-08-29 12:00:00+00:00,0.7339,0.7484,0.7333,0.744,8834675.0,2026-08-29 15:59:59.999000+00:00,1
2026-08-29 16:00:00+00:00,0.744,0.7486,0.7393,0.7453,10318362.0,2026-08-29 19:59:59.999000+00:00,1
2026-08-29 20:00:00+00:00,0.7453,0.7471,0.7387,0.7444,6455210.0,2026-08-29 23:59:59.999000+00:00,1
2026-08-30 00:00:00+00:00,0.7444,0.747,0.7379,0.7401,7133384.0,2026-08-30 03:59:59.999000+00:00,1
2026-08-30 04:00:00+00:00,0.7401,0.7469,0.7327,0.7396,8583394.0,2026-08-30 07:59:59.999000+00:00,1
2026-08-30 08:00:00+00:00,0.7396,0.742,0.734,0.7414,8589075.0,2026-08-30 11:59:59.999000+00:00,1
2026-08-30 12:00:00+00:00,0.7414,0.7533,0.7404,0.7457,13867615.0,2026-08-30 15:59:59.999000+00:00,1
2026-08-30 16:00:00+00:00,0.7457,0.7634,0.7451,0.7555,16955407.0,2026-08-30 19:59:59.999000+00:00,1
2026-08-30 20:00:00+00:00,0.7555,0.7572,0.6955,0.7105,44687589.0,2026-08-30 23:59:59.999000+00:00,1
2026-08-31 00:00:00+00:00,0.7105,0.7208,0.7056,0.7168,23761344.0,2026-08-31 03:59:59.999000+00:00,1
2026-08-31 04:00:00+00:00,0.7169,0.7259,0.7103,0.7232,15559513.0,2026-08-31 07:59:59.999000+00:00,1
2026-08-31 08:00:00+00:00,0.7232,0.7305,0.7178,0.7241,12940028.0,2026-08-31 11:59:59.999000+00:00,1
2026-08-31 12:00:00+00:00,0.724,0.7282,0.7138,0.7203,18535585.0,2026-08-31 15:59:59.999000+00:00,1
2026-08-31 16:00:00+00:00,0.7203,0.7344,0.7172,0.7257,13087238.0,2026-08-31 19:59:59.999000+00:00,1
2026-08-31 20:00:00+00:00,0.7258,0.7306,0.7215,0.7265,6969946.0,2026-08-31 23:59:59.999000+00:00,1
2026-09-01 00:00:00+00:00,0.7264,0.7367,0.7255,0.7329,11989220.0,2026-09-01 03:59:59.999000+00:00,1
2026-09-01 04:00:00+00:00,0.733,0.7361,0.7277,0.7295,11769347.0,2026-09-01 07:59:59.999000+00:00,1
2026-09-01 08:00:00+00:00,0.7296,0.7342,0.7162,0.7306,16269007.0,2026-09-01 11:59:59.999000+00:00,1
2026-09-01 12:00:00+00:00,0.7306,0.7378,0.718,0.7313,18230838.0,2026-09-01 15:59:59.999000+00:00,1
2026-09-01 16:00:00+00:00,0.7314,0.7347,0.712,0.7239,18907900.0,2026-09-01 19:59:59.999000+00:00,1
2026-09-01 20:00:00+00:00,0.7239,0.7257,0.7105,0.7212,12944955.0,2026-09-01 23:59:59.999000+00:00,1
2026-09-02 00:00:00+00:00,0.7213,0.7292,0.7071,0.7228,17201846.0,2026-09-02 03:59:59.999000+00:00,1
2026-09-02 04:00:00+00:00,0.7228,0.7296,0.7183,0.7238,14666512.0,2026-09-02 07:59:59.999000+00:00,1
2026-09-02 08:00:00+00:00,0.7239,0.7264,0.7027,0.714,19343898.0,2026-09-02 11:59:59.999000+00:00,1
2026-09-02 12:00:00+00:00,0.7139,0.7251,0.7095,0.7213,17816606.0,2026-09-02 15:59:59.999000+00:00,1
2026-09-02 16:00:00+00:00,0.7214,0.7332,0.7163,0.7284,18517788.0,2026-09-02 19:59:59.999000+00:00,1
2026-09-02 20:00:00+00:00,0.7284,0.75,0.7282,0.7455,22512760.0,2026-09-02 23:59:59.999000+00:00,1
2026-09-03 00:00:00+00:00,0.7456,0.7799,0.738,0.7675,40033961.0,2026-09-03 03:59:59.999000+00:00,1
2026-09-03 04:00:00+00:00,0.7674,0.7769,0.7564,0.7668,25124015.0,2026-09-03 07:59:59.999000+00:00,1
2026-09-03 08:00:00+00:00,0.7668,0.7784,0.758,0.7676,24702222.0,2026-09-03 11:59:59.999000+00:00,1
2026-09-03 12:00:00+00:00,0.7676,0.7894,0.7628,0.7888,34255197.0,2026-09-03 15:59:59.999000+00:00,1
2026-09-03 16:00:00+00:00,0.7888,0.7967,0.7745,0.7892,24062999.0,2026-09-03 19:59:59.999000+00:00,1
2026-09-03 20:00:00+00:00,0.7891,0.796,0.7743,0.783,15955675.0,2026-09-03 23:59:59.999000+00:00,1
2026-09-04 00:00:00+00:00,0.7829,0.7867,0.7683,0.772,17070561.0,2026-09-04 03:59:59.999000+00:00,1
2026-09-04 04:00:00+00:00,0.772,0.7776,0.7633,0.7695,15761194.0,2026-09-04 07:59:59.999000+00:00,1
2026-09-04 08:00:00+00:00,0.7696,0.7827,0.767,0.7763,15325307.0,2026-09-04 11:59:59.999000+00:00,1
2026-09-04 12:00:00+00:00,0.7762,0.7792,0.7376,0.749,52050991.0,2026-09-04 15:59:59.999000+00:00,1
2026-09-04 16:00:00+00:00,0.7489,0.7606,0.7471,0.7584,10348832.0,2026-09-04 19:59:59.999000+00:00,1
2026-09-04 20:00:00+00:00,0.7584,0.7597,0.7506,0.7551,6924691.0,2026-09-04 23:59:59.999000+00:00,1
2026-09-05 00:00:00+00:00,0.7551,0.7704,0.7542,0.7653,20666921.0,2026-09-05 03:59:59.999000+00:00,1
2026-09-05 04:00:00+00:00,0.7654,0.7937,0.7615,0.7931,26038161.0,2026-09-05 07:59:59.999000+00:00,1
2026-09-05 08:00:00+00:00,0.793,0.7935,0.7812,0.7846,19134014.0,2026-09-05 11:59:59.999000+00:00,1
2026-09-05 12:00:00+00:00,0.7845,0.8067,0.7844,0.7966,34813473.0,2026-09-05 15:59:59.999000+00:00,1
2026-09-05 16:00:00+00:00,0.7967,0.8131,0.791,0.8023,34244407.0,2026-09-05 19:59:59.999000+00:00,1
2026-09-05 20:00:00+00:00,0.8023,0.8084,0.7918,0.7951,17905325.0,2026-09-05 23:59:59.999000+00:00,1
2026-09-06 00:00:00+00:00,0.7951,0.8126,0.7939,0.8015,23282087.0,2026-09-06 03:59:59.999000+00:00,1
2026-09-06 04:00:00+00:00,0.8015,0.8049,0.7792,0.7942,20685322.0,2026-09-06 07:59:59.999000+00:00,1
2026-09-06 08:00:00+00:00,0.7941,0.8048,0.7911,0.8048,20430099.0,2026-09-06 11:59:59.999000+00:00,1
2026-09-06 12:00:00+00:00,0.8048,0.8075,0.7829,0.7919,25751824.0,2026-09-06 15:59:59.999000+00:00,1
2026-09-06 16:00:00+00:00,0.7919,0.8035,0.7894,0.7957,13377907.0,2026-09-06 19:59:59.999000+00:00,1
2026-09-06 20:00:00+00:00,0.7958,0.8187,0.7954,0.8115,21180643.0,2026-09-06 23:59:59.999000+00:00,1
2026-09-07 00:00:00+00:00,0.8115,0.8244,0.7916,0.7942,35155126.0,2026-09-07 03:59:59.999000+00:00,1
2026-09-07 04:00:00+00:00,0.7942,0.8126,0.7858,0.796,26462424.0,2026-09-07 07:59:59.999000+00:00,1
2026-09-07 08:00:00+00:00,0.796,0.8168,0.7953,0.8097,30928275.0,2026-09-07 11:59:59.999000+00:00,1
2026-09-07 12:00:00+00:00,0.8097,0.8445,0.7994,0.8037,60757975.0,2026-09-07 15:59:59.999000+00:00,1
2026-09-07 16:00:00+00:00,0.8037,0.8339,0.8032,0.8288,17431702.0,2026-09-07 19:59:59.999000+00:00,1
2026-09-07 20:00:00+00:00,0.8289,0.835,0.8044,0.8181,23542019.0,2026-09-07 23:59:59.999000+00:00,1
2026-09-08 00:00:00+00:00,0.8182,0.8366,0.8159,0.8235,29613826.0,2026-09-08 03:59:59.999000+00:00,1
2026-09-08 04:00:00+00:00,0.8235,0.8257,0.8088,0.8189,28177872.0,2026-09-08 07:59:59.999000+00:00,1
2026-09-08 08:00:00+00:00,0.819,0.8335,0.8017,0.8099,31804093.0,2026-09-08 11:59:59.999000+00:00,1
2026-09-08 12:00:00+00:00,0.8098,0.83,0.7952,0.8274,39527080.0,2026-09-08 15:59:59.999000+00:00,1
2026-09-08 16:00:00+00:00,0.8273,0.8341,0.807,0.8117,25633777.0,2026-09-08 19:59:59.999000+00:00,1
2026-09-08 20:00:00+00:00,0.8117,0.8221,0.8056,0.8107,14061674.0,2026-09-08 23:59:59.999000+00:00,1
2026-09-09 00:00:00+00:00,0.8107,0.8237,0.8049,0.8062,23368242.0,2026-09-09 03:59:59.999000+00:00,1
2026-09-09 04:00:00+00:00,0.8062,0.8294,0.8061,0.8228,24118702.0,2026-09-09 07:59:59.999000+00:00,1
2026-09-09 08:00:00+00:00,0.8228,0.8287,0.8017,0.8123,23472972.0,2026-09-09 11:59:59.999000+00:00,1
2026-09-09 12:00:00+00:00,0.8123,0.8201,0.7833,0.7941,34509619.0,2026-09-09 15:59:59.999000+00:00,1
2026-09-09 16:00:00+00:00,0.7941,0.8037,0.782,0.785,21934236.0,2026-09-09 19:59:59.999000+00:00,1
2026-09-09 20:00:00+00:00,0.785,0.7883,0.7613,0.7717,23437004.0,2026-09-09 23:59:59.999000+00:00,1
2026-09-10 00:00:00+00:00,0.7717,0.7726,0.7568,0.7696,20892440.0,2026-09-10 03:59:59.999000+00:00,1
2026-09-10 04:00:00+00:00,0.7695,0.7728,0.7603,0.7636,13360251.0,2026-09-10 07:59:59.999000+00:00,1
2026-09-10 08:00:00+00:00,0.7636,0.7664,0.7518,0.7599,18954610.0,2026-09-10 11:59:59.999000+00:00,1
2026-09-10 12:00:00+00:00,0.7599,0.7659,0.7357,0.7443,33926357.0,2026-09-10 15:59:59.999000+00:00,1
2026-09-10 16:00:00+00:00,0.7443,0.7477,0.7314,0.7383,21115190.0,2026-09-10 19:59:59.999000+00:00,1
2026-09-10 20:00:00+00:00,0.7383,0.7426,0.723,0.7271,18771454.0,2026-09-10 23:59:59.999000+00:00,1
2026-09-11 00:00:00+00:00,0.727,0.7383,0.7266,0.7361,12108772.0,2026-09-11 03:59:59.999000+00:00,1
2026-09-11 04:00:00+00:00,0.736,0.7422,0.7356,0.7368,13305427.0,2026-09-11 07:59:59.999000+00:00,1
2026-09-11 08:00:00+00:00,0.7368,0.7406,0.7086,0.7183,22228187.0,2026-09-11 11:59:59.999000+00:00,1
2026-09-11 12:00:00+00:00,0.7183,0.7661,0.7059,0.7368,56073177.0,2026-09-11 15:59:59.999000+00:00,1
2026-09-11 16:00:00+00:00,0.7368,0.7451,0.7189,0.7264,23241702.0,2026-09-11 19:59:59.999000+00:00,1
2026-09-11 20:00:00+00:00,0.7264,0.7319,0.717,0.7252,13472121.0,2026-09-11 23:59:59.999000+00:00,1
2026-09-12 00:00:00+00:00,0.7251,0.7305,0.7236,0.7269,9161774.0,2026-09-12 03:59:59.999000+00:00,1
2026-09-12 04:00:00+00:00,0.727,0.7294,0.7201,0.7278,8405873.0,2026-09-12 07:59:59.999000+00:00,1
2026-09-12 08:00:00+00:00,0.7277,0.7297,0.7241,0.7285,8690431.0,2026-09-12 11:59:59.999000+00:00,1
2026-09-12 12:00:00+00:00,0.7285,0.7296,0.7239,0.728,8693718.0,2026-09-12 15:59:59.999000+00:00,1
2026-09-12 16:00:00+00:00,0.728,0.7293,0.7178,0.7207,8453930.0,2026-09-12 19:59:59.999000+00:00,1
2026-09-12 20:00:00+00:00,0.7207,0.7258,0.7203,0.7244,5999641.0,2026-09-12 23:59:59.999000+00:00,1
2026-09-13 00:00:00+00:00,0.7244,0.7305,0.7207,0.722,11817829.0,2026-09-13 03:59:59.999000+00:00,1
2026-09-13 04:00:00+00:00,0.722,0.7256,0.7138,0.7162,10329582.0,2026-09-13 07:59:59.999000+00:00,1
2026-09-13 08:00:00+00:00,0.7162,0.7177,0.7035,0.7106,14229513.0,2026-09-13 11:59:59.999000+00:00,1
2026-09-13 12:00:00+00:00,0.7107,0.7176,0.7043,0.7107,10396878.0,2026-09-13 15:59:59.999000+00:00,1
2026-09-13 16:00:00+00:00,0.7108,0.7256,0.7107,0.7181,7201405.0,2026-09-13 19:59:59.999000+00:00,1
2026-09-13 20:00:00+00:00,0.7181,0.7219,0.6955,0.7012,17418629.0,2026-09-13 23:59:59.999000+00:00,1
2026-09-14 00:00:00+00:00,0.7012,0.7184,0.6919,0.7161,20334360.0,2026-09-14 03:59:59.999000+00:00,1
2026-09-14 04:00:00+00:00,0.7161,0.7265,0.7149,0.724,13865565.0,2026-09-14 07:59:59.999000+00:00,1
2026-09-14 08:00:00+00:00,0.7241,0.7299,0.7183,0.7238,17351604.0,2026-09-14 11:59:59.999000+00:00,1
2026-09-14 12:00:00+00:00,0.7239,0.7277,0.7145,0.724,21000586.0,2026-09-14 15:59:59.999000+00:00,1
2026-09-14 16:00:00+00:00,0.724,0.7449,0.7227,0.7351,21687128.0,2026-09-14 19:59:59.999000+00:00,1
2026-09-14 20:00:00+00:00,0.7352,0.7477,0.7197,0.7205,14990649.0,2026-09-14 23:59:59.999000+00:00,1
2026-09-15 00:00:00+00:00,0.7204,0.7227,0.7142,0.716,10506076.0,2026-09-15 03:59:59.999000+00:00,1
2026-09-15 04:00:00+00:00,0.7159,0.7178,0.7034,0.7046,15804648.0,2026-09-15 07:59:59.999000+00:00,1
2026-09-15 08:00:00+00:00,0.7046,0.7135,0.702,0.707,11260501.0,2026-09-15 11:59:59.999000+00:00,1
2026-09-15 12:00:00+00:00,0.7071,0.7165,0.686,0.7014,30674996.0,2026-09-15 15:59:59.999000+00:00,1
2026-09-15 16:00:00+00:00,0.7014,0.7116,0.6716,0.6907,40298029.0,2026-09-15 19:59:59.999000+00:00,1
2026-09-15 20:00:00+00:00,0.6907,0.6922,0.6762,0.6863,17620117.0,2026-09-15 23:59:59.999000+00:00,1
2026-09-16 00:00:00+00:00,0.6863,0.6935,0.6803,0.6893,11327889.0,2026-09-16 03:59:59.999000+00:00,1
2026-09-16 04:00:00+00:00,0.6893,0.6964,0.6849,0.6855,10334537.0,2026-09-16 07:59:59.999000+00:00,1
2026-09-16 08:00:00+00:00,0.6854,0.6936,0.6813,0.6914,11231561.0,2026-09-16 11:59:59.999000+00:00,1
2026-09-16 12:00:00+00:00,0.6914,0.6934,0.6816,0.6834,17344578.0,2026-09-16 15:59:59.999000+00:00,1
2026-09-16 16:00:00+00:00,0.6834,0.7077,0.6774,0.7072,33879680.0,2026-09-16 19:59:59.999000+00:00,1
2026-09-16 20:00:00+00:00,0.7072,0.7178,0.6987,0.7132,18503628.0,2026-09-16 23:59:59.999000+00:00,1
2026-09-17 00:00:00+00:00,0.7132,0.7225,0.7085,0.7203,12573718.0,2026-09-17 03:59:59.999000+00:00,1
2026-09-17 04:00:00+00:00,0.7203,0.7261,0.7145,0.7222,11901700.0,2026-09-17 07:59:59.999000+00:00,1
2026-09-17 08:00:00+00:00,0.7222,0.7252,0.7154,0.7215,11901444.0,2026-09-17 11:59:59.999000+00:00,1
2026-09-17 12:00:00+00:00,0.7215,0.7348,0.7196,0.7332,19594293.0,2026-09-17 15:59:59.999000+00:00,1
2026-09-17 16:00:00+00:00,0.7331,0.7386,0.7287,0.7318,11383472.0,2026-09-17 19:59:59.999000+00:00,1
2026-09-17 20:00:00+00:00,0.7319,0.7426,0.7292,0.741,11678106.0,2026-09-17 23:59:59.999000+00:00,1
2026-09-18 00:00:00+00:00,0.7409,0.7886,0.7366,0.788,27285917.0,2026-09-18 03:59:59.999000+00:00,1
2026-09-18 04:00:00+00:00,0.7881,0.7891,0.7718,0.7825,19033444.0,2026-09-18 07:59:59.999000+00:00,1
2026-09-18 08:00:00+00:00,0.7824,0.8019,0.7766,0.792,28979865.0,2026-09-18 11:59:59.999000+00:00,1
2026-09-18 12:00:00+00:00,0.792,0.8152,0.7891,0.8034,34533112.0,2026-09-18 15:59:59.999000+00:00,1
2026-09-18 16:00:00+00:00,0.8034,0.8137,0.7953,0.8133,14137561.0,2026-09-18 19:59:59.999000+00:00,1
2026-09-18 20:00:00+00:00,0.8132,0.8229,0.8066,0.8141,15123715.0,2026-09-18 23:59:59.999000+00:00,1
2026-09-19 00:00:00+00:00,0.8142,0.8339,0.8077,0.8295,25501693.0,2026-09-19 03:59:59.999000+00:00,1
2026-09-19 04:00:00+00:00,0.8295,0.8342,0.8061,0.8086,17865709.0,2026-09-19 07:59:59.999000+00:00,1
2026-09-19 08:00:00+00:00,0.8087,0.8697,0.8073,0.8632,37303814.0,2026-09-19 11:59:59.999000+00:00,1
2026-09-19 12:00:00+00:00,0.8632,0.8657,0.8376,0.8433,30380771.0,2026-09-19 15:59:59.999000+00:00,1
2026-09-19 16:00:00+00:00,0.8433,0.8871,0.8374,0.875,33335411.0,2026-09-19 19:59:59.999000+00:00,1
2026-09-19 20:00:00+00:00,0.875,0.8803,0.8464,0.8575,24586319.0,2026-09-19 23:59:59.999000+00:00,1
2026-09-20 00:00:00+00:00,0.8574,0.8714,0.8122,0.8259,51216703.0,2026-09-20 03:59:59.999000+00:00,1
2026-09-20 04:00:00+00:00,0.8259,0.8288,0.8156,0.8156,15735731.0,2026-09-20 07:59:59.999000+00:00,1
2026-09-20 08:00:00+00:00,0.8157,0.8322,0.8084,0.8222,24088549.0,2026-09-20 11:59:59.999000+00:00,1
2026-09-20 12:00:00+00:00,0.8223,0.8456,0.8141,0.8452,26219109.0,2026-09-20 15:59:59.999000+00:00,1
2026-09-20 16:00:00+00:00,0.8453,0.9202,0.8427,0.8803,80590149.0,2026-09-20 19:59:59.999000+00:00,1
2026-09-20 20:00:00+00:00,0.8803,0.9044,0.8693,0.8968,27259009.0,2026-09-20 23:59:59.999000+00:00,1
2026-09-21 00:00:00+00:00,0.8969,0.9544,0.8952,0.9493,64968399.0,2026-09-21 03:59:59.999000+00:00,1
2026-09-21 04:00:00+00:00,0.9492,0.9777,0.9278,0.9662,57156067.0,2026-09-21 07:59:59.999000+00:00,1
2026-09-21 08:00:00+00:00,0.9661,1.0344,0.9583,1.015,94804570.0,2026-09-21 11:59:59.999000+00:00,1
2026-09-21 12:00:00+00:00,1.0151,1.0567,1.005,1.0181,85460399.0,2026-09-21 15:59:59.999000+00:00,1
2026-09-21 16:00:00+00:00,1.0182,1.0435,0.9904,1.0364,47788396.0,2026-09-21 19:59:59.999000+00:00,1
2026-09-21 20:00:00+00:00,1.0364,1.047,1.0116,1.0423,25143751.0,2026-09-21 23:59:59.999000+00:00,1
2026-09-22 00:00:00+00:00,1.0423,1.0814,1.0263,1.0368,64691085.0,2026-09-22 03:59:59.999000+00:00,1
2026-09-22 04:00:00+00:00,1.0369,1.0403,0.998,1.0132,42943020.0,2026-09-22 07:59:59.999000+00:00,1
2026-09-22 08:00:00+00:00,1.0133,1.0287,1.0022,1.0141,22914444.0,2026-09-22 11:59:59.999000+00:00,1
2026-09-22 12:00:00+00:00,1.0141,1.0308,0.9861,1.0065,44305039.0,2026-09-22 15:59:59.999000+00:00,1
2026-09-22 16:00:00+00:00,1.0064,1.015,0.9949,1.0045,23701474.0,2026-09-22 19:59:59.999000+00:00,1
2026-09-22 20:00:00+00:00,1.0044,1.0354,1.0001,1.0233,23053666.0,2026-09-22 23:59:59.999000+00:00,1
2026-09-23 00:00:00+00:00,1.0233,1.0367,1.0185,1.0262,3739812.0,2026-09-23 03:59:59.999000+00:00,0
