ts,open,high,low,close,volume,close_time,confirm
2026-04-09 08:00:00+00:00,322.2,326.9,321.0,322.3,3236184.0,2026-04-09 11:59:59.999000+00:00,1
2026-04-09 12:00:00+00:00,322.2,337.2,320.3,336.2,8661699.0,2026-04-09 15:59:59.999000+00:00,1
2026-04-09 16:00:00+00:00,336.2,340.9,330.2,337.2,5463420.0,2026-04-09 19:59:59.999000+00:00,1
2026-04-09 20:00:00+00:00,337.2,340.5,299.4,305.0,11066758.0,2026-04-09 23:59:59.999000+00:00,1
2026-04-10 00:00:00+00:00,305.0,307.2,275.1,276.2,25871568.0,2026-04-10 03:59:59.999000+00:00,1
2026-04-10 04:00:00+00:00,276.3,278.8,248.9,262.8,29587530.0,2026-04-10 07:59:59.999000+00:00,1
2026-04-10 08:00:00+00:00,262.8,273.5,258.9,263.5,13703061.0,2026-04-10 11:59:59.999000+00:00,1
2026-04-10 12:00:00+00:00,263.5,273.4,258.7,268.0,11536804.0,2026-04-10 15:59:59.999000+00:00,1
2026-04-10 16:00:00+00:00,268.0,272.2,263.4,265.3,4297461.0,2026-04-10 19:59:59.999000+00:00,1
2026-04-10 20:00:00+00:00,265.3,266.0,255.1,257.6,5284601.0,2026-04-10 23:59:59.999000+00:00,1
2026-04-11 00:00:00+00:00,257.6,267.6,253.2,262.5,7186065.0,2026-04-11 03:59:59.999000+00:00,1
2026-04-11 04:00:00+00:00,262.4,265.7,259.0,260.8,4091430.0,2026-04-11 07:59:59.999000+00:00,1
2026-04-11 08:00:00+00:00,260.8,267.9,258.7,266.8,4228353.0,2026-04-11 11:59:59.999000+00:00,1
2026-04-11 12:00:00+00:00,266.7,267.7,261.7,263.3,3517774.0,2026-04-11 15:59:59.999000+00:00,1
2026-04-11 16:00:00+00:00,263.4,273.3,262.2,271.6,4421396.0,2026-04-11 19:59:59.999000+00:00,1
2026-04-11 20:00:00+00:00,271.7,281.0,268.5,273.5,6549159.0,2026-04-11 23:59:59.999000+00:00,1
2026-04-12 00:00:00+00:00,273.5,275.4,260.3,262.8,6523205.0,2026-04-12 03:59:59.999000+00:00,1
2026-04-12 04:00:00+00:00,262.8,263.5,260.1,261.1,2727381.0,2026-04-12 07:59:59.999000+00:00,1
2026-04-12 08:00:00+00:00,261.1,267.6,260.8,264.5,3480838.0,2026-04-12 11:59:59.999000+00:00,1
2026-04-12 12:00:00+00:00,264.4,264.6,256.7,257.9,4686550.0,2026-04-12 15:59:59.999000+00:00,1
2026-04-12 16:00:00+00:00,257.9,263.2,256.7,261.3,2197376.0,2026-04-12 19:59:59.999000+00:00,1
2026-04-12 20:00:00+00:00,261.4,263.6,257.6,259.0,2087648.0,2026-04-12 23:59:59.999000+00:00,1
2026-04-13 00:00:00+00:00,259.0,265.8,257.9,259.7,2822450.0,2026-04-13 03:59:59.999000+00:00,1
2026-04-13 04:00:00+00:00,259.6,262.4,257.4,258.2,2269718.0,2026-04-13 07:59:59.999000+00:00,1
2026-04-13 08:00:00+00:00,258.2,261.8,257.2,261.1,2340562.0,2026-04-13 11:59:59.999000+00:00,1
2026-04-13 12:00:00+00:00,261.2,264.1,253.5,253.9,4556432.0,2026-04-13 15:59:59.999000+00:00,1
2026-04-13 16:00:00+00:00,253.9,258.6,249.5,257.6,4839913.0,2026-04-13 19:59:59.999000+00:00,1
2026-04-13 20:00:00+00:00,257.6,263.6,253.2,260.7,3635730.0,2026-04-13 23:59:59.999000+00:00,1
2026-04-14 00:00:00+00:00,260.7,261.0,253.6,256.3,2888573.0,2026-04-14 03:59:59.999000+00:00,1
2026-04-14 04:00:00+00:00,256.4,257.3,251.0,252.2,2406956.0,2026-04-14 07:59:59.999000+00:00,1
2026-04-14 08:00:00+00:00,252.1,253.2,247.4,249.6,3085942.0,2026-04-14 11:59:59.999000+00:00,1
2026-04-14 12:00:00+00:00,249.5,253.5,246.4,247.3,5537901.0,2026-04-14 15:59:59.999000+00:00,1
2026-04-14 16:00:00+00:00,247.3,248.0,237.1,239.8,7194399.0,2026-04-14 19:59:59.999000+00:00,1
2026-04-14 20:00:00+00:00,239.7,242.3,238.2,239.0,1958680.0,2026-04-14 23:59:59.999000+00:00,1
2026-04-15 00:00:00+00:00,239.1,248.7,236.6,246.5,4295741.0,2026-04-15 03:59:59.999000+00:00,1
2026-04-15 04:00:00+00:00,246.5,247.9,242.4,243.1,2300382.0,2026-04-15 07:59:59.999000+00:00,1
2026-04-15 08:00:00+00:00,243.1,249.6,242.8,247.7,2991113.0,2026-04-15 11:59:59.999000+00:00,1
2026-04-15 12:00:00+00:00,247.6,250.5,244.1,246.0,2924727.0,2026-04-15 15:59:59.999000+00:00,1
2026-04-15 16:00:00+00:00,246.1,247.9,243.2,245.0,2159966.0,2026-04-15 19:59:59.999000+00:00,1
2026-04-15 20:00:00+00:00,245.1,245.2,239.7,241.2,2748220.0,2026-04-15 23:59:59.999000+00:00,1
2026-04-16 00:00:00+00:00,241.3,244.6,238.9,243.9,2757194.0,2026-04-16 03:59:59.999000+00:00,1
2026-04-16 04:00:00+00:00,244.0,245.2,240.7,242.1,2258557.0,2026-04-16 07:59:59.999000+00:00,1
2026-04-16 08:00:00+00:00,242.0,242.3,237.3,239.1,2831547.0,2026-04-16 11:59:59.999000+00:00,1
2026-04-16 12:00:00+00:00,239.1,244.3,233.8,241.3,6792738.0,2026-04-16 15:59:59.999000+00:00,1
2026-04-16 16:00:00+00:00,241.3,243.8,235.4,243.4,3527124.0,2026-04-16 19:59:59.999000+00:00,1
2026-04-16 20:00:00+00:00,243.5,253.0,242.6,252.5,3016857.0,2026-04-16 23:59:59.999000+00:00,1
2026-04-17 00:00:00+00:00,252.5,257.5,249.4,252.9,5127377.0,2026-04-17 03:59:59.999000+00:00,1
2026-04-17 04:00:00+00:00,253.0,253.8,244.1,246.0,2878482.0,2026-04-17 07:59:59.999000+00:00,1
2026-04-17 08:00:00+00:00,246.0,254.6,245.5,254.6,3526954.0,2026-04-17 11:59:59.999000+00:00,1
2026-04-17 12:00:00+00:00,254.5,262.5,250.8,261.3,8009323.0,2026-04-17 15:59:59.999000+00:00,1
2026-04-17 16:00:00+00:00,261.2,266.9,256.8,261.4,5873500.0,2026-04-17 19:59:59.999000+00:00,1
2026-04-17 20:00:00+00:00,261.4,263.1,256.0,257.2,2168459.0,2026-04-17 23:59:59.999000+00:00,1
2026-04-18 00:00:00+00:00,257.1,259.1,251.6,253.2,3715635.0,2026-04-18 03:59:59.999000+00:00,1
2026-04-18 04:00:00+00:00,253.2,257.5,251.6,255.1,2057627.0,2026-04-18 07:59:59.999000+00:00,1
2026-04-18 08:00:00+00:00,255.1,255.4,245.8,248.0,3752113.0,2026-04-18 11:59:59.999000+00:00,1
2026-04-18 12:00:00+00:00,247.9,251.3,247.0,247.7,2323310.0,2026-04-18 15:59:59.999000+00:00,1
2026-04-18 16:00:00+00:00,247.6,248.3,243.7,245.1,2022088.0,2026-04-18 19:59:59.999000+00:00,1
2026-04-18 20:00:00+00:00,245.2,248.0,242.1,243.0,1189007.0,2026-04-18 23:59:59.999000+00:00,1
2026-04-19 00:00:00+00:00,243.0,243.2,239.6,241.0,1584394.0,2026-04-19 03:59:59.999000+00:00,1
2026-04-19 04:00:00+00:00,241.0,244.2,239.7,243.9,1668214.0,2026-04-19 07:59:59.999000+00:00,1
2026-04-19 08:00:00+00:00,243.8,249.5,242.8,248.9,2568774.0,2026-04-19 11:59:59.999000+00:00,1
2026-04-19 12:00:00+00:00,248.8,250.3,244.0,245.9,2768538.0,2026-04-19 15:59:59.999000+00:00,1
2026-04-19 16:00:00+00:00,246.0,246.5,237.7,240.6,2726166.0,2026-04-19 19:59:59.999000+00:00,1
2026-04-19 20:00:00+00:00,240.5,244.2,237.2,239.3,2075619.0,2026-04-19 23:59:59.999000+00:00,1
2026-04-20 00:00:00+00:00,239.4,243.8,239.1,242.2,1896021.0,2026-04-20 03:59:59.999000+00:00,1
2026-04-20 04:00:00+00:00,242.3,245.8,239.2,243.0,1964241.0,2026-04-20 07:59:59.999000+00:00,1
2026-04-20 08:00:00+00:00,242.9,245.3,242.0,243.3,1200188.0,2026-04-20 11:59:59.999000+00:00,1
2026-04-20 12:00:00+00:00,243.3,245.1,239.6,244.9,2203354.0,2026-04-20 15:59:59.999000+00:00,1
2026-04-20 16:00:00+00:00,245.0,249.2,244.3,247.3,1853741.0,2026-04-20 19:59:59.999000+00:00,1
2026-04-20 20:00:00+00:00,247.3,248.4,243.5,244.0,856595.0,2026-04-20 23:59:59.999000+00:00,1
2026-04-21 00:00:00+00:00,244.0,246.4,243.3,244.6,1214271.0,2026-04-21 03:59:59.999000+00:00,1
2026-04-21 04:00:00+00:00,244.5,247.2,243.4,246.5,800511.0,2026-04-21 07:59:59.999000+00:00,1
2026-04-21 08:00:00+00:00,246.4,249.6,246.3,247.7,1447293.0,2026-04-21 11:59:59.999000+00:00,1
2026-04-21 12:00:00+00:00,247.7,248.0,241.8,244.5,2052309.0,2026-04-21 15:59:59.999000+00:00,1
2026-04-21 16:00:00+00:00,244.5,244.9,240.0,240.6,1572764.0,2026-04-21 19:59:59.999000+00:00,1
2026-04-21 20:00:00+00:00,240.6,245.2,240.2,244.8,1273610.0,2026-04-21 23:59:59.999000+00:00,1
2026-04-22 00:00:00+00:00,244.9,246.8,241.3,245.6,2289663.0,2026-04-22 03:59:59.999000+00:00,1
2026-04-22 04:00:00+00:00,245.7,249.4,245.5,247.9,2006945.0,2026-04-22 07:59:59.999000+00:00,1
2026-04-22 08:00:00+00:00,248.0,249.5,244.9,246.2,1423894.0,2026-04-22 11:59:59.999000+00:00,1
2026-04-22 12:00:00+00:00,246.2,248.5,243.2,243.5,1950342.0,2026-04-22 15:59:59.999000+00:00,1
2026-04-22 16:00:00+00:00,243.5,248.9,243.2,245.7,1368670.0,2026-04-22 19:59:59.999000+00:00,1
2026-04-22 20:00:00+00:00,245.8,249.1,244.3,245.3,908310.0,2026-04-22 23:59:59.999000+00:00,1
2026-04-23 00:00:00+00:00,245.4,246.4,240.5,242.2,1625135.0,2026-04-23 03:59:59.999000+00:00,1
2026-04-23 04:00:00+00:00,242.2,243.6,240.8,241.6,1052248.0,2026-04-23 07:59:59.999000+00:00,1
2026-04-23 08:00:00+00:00,241.6,243.5,240.4,243.0,1433047.0,2026-04-23 11:59:59.999000+00:00,1
2026-04-23 12:00:00+00:00,242.9,245.5,242.0,243.9,1902378.0,2026-04-23 15:59:59.999000+00:00,1
2026-04-23 16:00:00+00:00,243.9,246.7,240.7,244.5,2490667.0,2026-04-23 19:59:59.999000+00:00,1
2026-04-23 20:00:00+00:00,244.5,253.3,244.4,252.6,2540313.0,2026-04-23 23:59:59.999000+00:00,1
2026-04-24 00:00:00+00:00,252.5,254.8,243.9,244.7,3265771.0,2026-04-24 03:59:59.999000+00:00,1
2026-04-24 04:00:00+00:00,244.6,247.4,242.9,245.3,3128484.0,2026-04-24 07:59:59.999000+00:00,1
2026-04-24 08:00:00+00:00,245.2,248.7,243.7,248.2,2316873.0,2026-04-24 11:59:59.999000+00:00,1
2026-04-24 12:00:00+00:00,248.2,249.0,244.4,247.4,2561359.0,2026-04-24 15:59:59.999000+00:00,1
2026-04-24 16:00:00+00:00,247.5,251.2,246.1,250.8,1333362.0,2026-04-24 19:59:59.999000+00:00,1
2026-04-24 20:00:00+00:00,250.8,252.5,247.4,248.5,1168102.0,2026-04-24 23:59:59.999000+00:00,1
2026-04-25 00:00:00+00:00,248.5,250.2,246.6,249.6,621075.0,2026-04-25 03:59:59.999000+00:00,1
2026-04-25 04:00:00+00:00,249.6,252.2,246.9,249.3,1080566.0,2026-04-25 07:59:59.999000+00:00,1
2026-04-25 08:00:00+00:00,249.3,251.6,249.2,251.2,720788.0,2026-04-25 11:59:59.999000+00:00,1
2026-04-25 12:00:00+00:00,251.2,253.1,247.5,248.3,1267674.0,2026-04-25 15:59:59.999000+00:00,1
2026-04-25 16:00:00+00:00,248.2,249.4,245.2,245.6,1267937.0,2026-04-25 19:59:59.999000+00:00,1
2026-04-25 20:00:00+00:00,245.6,247.4,244.9,247.4,594022.0,2026-04-25 23:59:59.999000+00:00,1
2026-04-26 00:00:00+00:00,247.3,247.3,244.5,245.5,666268.0,2026-04-26 03:59:59.999000+00:00,1
2026-04-26 04:00:00+00:00,245.4,248.0,244.8,247.1,780384.0,2026-04-26 07:59:59.999000+00:00,1
2026-04-26 08:00:00+00:00,247.1,248.3,245.7,247.5,823615.0,2026-04-26 11:59:59.999000+00:00,1
2026-04-26 12:00:00+00:00,247.5,248.8,245.2,248.8,950881.0,2026-04-26 15:59:59.999000+00:00,1
2026-04-26 16:00:00+00:00,248.8,252.2,247.1,251.5,1035506.0,2026-04-26 19:59:59.999000+00:00,1
2026-04-26 20:00:00+00:00,251.4,252.4,248.1,250.9,1078578.0,2026-04-26 23:59:59.999000+00:00,1
2026-04-27 00:00:00+00:00,251.0,255.8,251.0,255.0,1506770.0,2026-04-27 03:59:59.999000+00:00,1
2026-04-27 04:00:00+00:00,255.1,257.0,247.3,247.8,2654338.0,2026-04-27 07:59:59.999000+00:00,1
2026-04-27 08:00:00+00:00,247.8,250.8,246.9,249.4,1042072.0,2026-04-27 11:59:59.999000+00:00,1
2026-04-27 12:00:00+00:00,249.5,251.6,244.0,245.7,2274348.0,2026-04-27 15:59:59.999000+00:00,1
2026-04-27 16:00:00+00:00,245.6,247.8,244.1,245.7,866031.0,2026-04-27 19:59:59.999000+00:00,1
2026-04-27 20:00:00+00:00,245.8,248.2,245.0,248.0,484099.0,2026-04-27 23:59:59.999000+00:00,1
2026-04-28 00:00:00+00:00,247.9,249.8,245.7,247.7,778156.0,2026-04-28 03:59:59.999000+00:00,1
2026-04-28 04:00:00+00:00,247.7,249.6,246.3,248.9,1050723.0,2026-04-28 07:59:59.999000+00:00,1
2026-04-28 08:00:00+00:00,248.9,250.6,247.5,250.1,1068111.0,2026-04-28 11:59:59.999000+00:00,1
2026-04-28 12:00:00+00:00,250.2,256.3,248.2,256.1,3760649.0,2026-04-28 15:59:59.999000+00:00,1
2026-04-28 16:00:00+00:00,256.1,260.0,253.6,256.9,3868359.0,2026-04-28 19:59:59.999000+00:00,1
2026-04-28 20:00:00+00:00,256.9,258.6,255.4,258.0,930538.0,2026-04-28 23:59:59.999000+00:00,1
2026-04-29 00:00:00+00:00,258.0,264.8,256.8,264.4,2317885.0,2026-04-29 03:59:59.999000+00:00,1
2026-04-29 04:00:00+00:00,264.3,266.3,260.3,260.6,1924343.0,2026-04-29 07:59:59.999000+00:00,1
2026-04-29 08:00:00+00:00,260.6,263.0,257.6,258.1,2466572.0,2026-04-29 11:59:59.999000+00:00,1
2026-04-29 12:00:00+00:00,258.1,258.6,250.7,251.9,3125530.0,2026-04-29 15:59:59.999000+00:00,1
2026-04-29 16:00:00+00:00,251.9,252.3,248.2,251.6,2683957.0,2026-04-29 19:59:59.999000+00:00,1
2026-04-29 20:00:00+00:00,251.7,257.7,251.6,253.7,1697122.0,2026-04-29 23:59:59.999000+00:00,1
2026-04-30 00:00:00+00:00,253.8,254.1,249.4,250.2,1720899.0,2026-04-30 03:59:59.999000+00:00,1
2026-04-30 04:00:00+00:00,250.3,251.3,248.6,250.2,1422528.0,2026-04-30 07:59:59.999000+00:00,1
2026-04-30 08:00:00+00:00,250.2,250.8,248.5,250.1,977208.0,2026-04-30 11:59:59.999000+00:00,1
2026-04-30 12:00:00+00:00,250.1,251.6,246.8,249.9,1897666.0,2026-04-30 15:59:59.999000+00:00,1
2026-04-30 16:00:00+00:00,250.0,250.5,248.3,249.2,851205.0,2026-04-30 19:59:59.999000+00:00,1
2026-04-30 20:00:00+00:00,249.2,250.7,247.6,248.8,623162.0,2026-04-30 23:59:59.999000+00:00,1
2026-05-01 00:00:00+00:00,248.9,253.8,248.9,253.3,1116384.0,2026-05-01 03:59:59.999000+00:00,1
2026-05-01 04:00:00+00:00,253.3,255.7,252.0,254.9,1645736.0,2026-05-01 07:59:59.999000+00:00,1
2026-05-01 08:00:00+00:00,254.9,265.0,254.5,261.8,3540265.0,2026-05-01 11:59:59.999000+00:00,1
2026-05-01 12:00:00+00:00,261.7,272.4,261.0,271.8,5460821.0,2026-05-01 15:59:59.999000+00:00,1
2026-05-01 16:00:00+00:00,271.8,275.3,269.2,272.7,4383208.0,2026-05-01 19:59:59.999000+00:00,1
2026-05-01 20:00:00+00:00,272.7,273.9,268.2,270.5,1887110.0,2026-05-01 23:59:59.999000+00:00,1
2026-05-02 00:00:00+00:00,270.6,273.5,268.7,273.3,1594208.0,2026-05-02 03:59:59.999000+00:00,1
2026-05-02 04:00:00+00:00,273.3,278.3,270.6,273.5,2797561.0,2026-05-02 07:59:59.999000+00:00,1
2026-05-02 08:00:00+00:00,273.4,275.2,271.8,273.9,1433166.0,2026-05-02 11:59:59.999000+00:00,1
2026-05-02 12:00:00+00:00,273.8,277.6,272.9,277.4,2172135.0,2026-05-02 15:59:59.999000+00:00,1
2026-05-02 16:00:00+00:00,277.4,290.6,275.5,289.9,4137370.0,2026-05-02 19:59:59.999000+00:00,1
2026-05-02 20:00:00+00:00,289.8,291.9,285.1,286.7,2325253.0,2026-05-02 23:59:59.999000+00:00,1
2026-05-03 00:00:00+00:00,286.7,287.1,281.5,285.1,1932542.0,2026-05-03 03:59:59.999000+00:00,1
2026-05-03 04:00:00+00:00,285.1,292.1,284.7,290.2,2451883.0,2026-05-03 07:59:59.999000+00:00,1
2026-05-03 08:00:00+00:00,290.3,290.9,282.4,288.0,2790641.0,2026-05-03 11:59:59.999000+00:00,1
2026-05-03 12:00:00+00:00,288.0,291.1,285.4,289.4,2388942.0,2026-05-03 15:59:59.999000+00:00,1
2026-05-03 16:00:00+00:00,289.3,291.4,287.6,290.8,1439994.0,2026-05-03 19:59:59.999000+00:00,1
2026-05-03 20:00:00+00:00,290.8,295.8,288.1,289.0,2300256.0,2026-05-03 23:59:59.999000+00:00,1
2026-05-04 00:00:00+00:00,289.1,294.7,286.0,293.0,2226109.0,2026-05-04 03:59:59.999000+00:00,1
2026-05-04 04:00:00+00:00,293.0,294.9,285.4,289.3,2207016.0,2026-05-04 07:59:59.999000+00:00,1
2026-05-04 08:00:00+00:00,289.4,292.8,280.5,282.8,3322991.0,2026-05-04 11:59:59.999000+00:00,1
2026-05-04 12:00:00+00:00,282.7,286.5,276.2,279.3,3494396.0,2026-05-04 15:59:59.999000+00:00,1
2026-05-04 16:00:00+00:00,279.2,284.5,277.5,282.2,2125051.0,2026-05-04 19:59:59.999000+00:00,1
2026-05-04 20:00:00+00:00,282.2,287.8,280.6,284.6,1262314.0,2026-05-04 23:59:59.999000+00:00,1
2026-05-05 00:00:00+00:00,284.6,290.3,283.1,286.2,1693883.0,2026-05-05 03:59:59.999000+00:00,1
2026-05-05 04:00:00+00:00,286.1,286.9,283.1,284.4,1073033.0,2026-05-05 07:59:59.999000+00:00,1
2026-05-05 08:00:00+00:00,284.3,288.3,281.9,287.4,1303665.0,2026-05-05 11:59:59.999000+00:00,1
2026-05-05 12:00:00+00:00,287.5,288.5,282.2,283.0,1844884.0,2026-05-05 15:59:59.999000+00:00,1
2026-05-05 16:00:00+00:00,283.1,286.6,280.7,286.1,1723773.0,2026-05-05 19:59:59.999000+00:00,1
2026-05-05 20:00:00+00:00,286.1,305.1,285.3,292.3,5883401.0,2026-05-05 23:59:59.999000+00:00,1
2026-05-06 00:00:00+00:00,292.4,296.8,283.6,286.4,4161492.0,2026-05-06 03:59:59.999000+00:00,1
2026-05-06 04:00:00+00:00,286.4,294.6,284.8,292.3,2724091.0,2026-05-06 07:59:59.999000+00:00,1
2026-05-06 08:00:00+00:00,292.2,312.9,291.7,312.7,5561911.0,2026-05-06 11:59:59.999000+00:00,1
2026-05-06 12:00:00+00:00,312.7,323.7,302.1,318.0,8600137.0,2026-05-06 15:59:59.999000+00:00,1
2026-05-06 16:00:00+00:00,317.9,320.6,310.2,312.8,2975831.0,2026-05-06 19:59:59.999000+00:00,1
2026-05-06 20:00:00+00:00,312.7,315.7,304.7,308.7,1727343.0,2026-05-06 23:59:59.999000+00:00,1
2026-05-07 00:00:00+00:00,308.7,310.6,303.3,306.3,2398069.0,2026-05-07 03:59:59.999000+00:00,1
2026-05-07 04:00:00+00:00,306.3,313.4,305.2,311.5,2169141.0,2026-05-07 07:59:59.999000+00:00,1
2026-05-07 08:00:00+00:00,311.4,315.4,304.8,313.3,2879679.0,2026-05-07 11:59:59.999000+00:00,1
2026-05-07 12:00:00+00:00,313.4,315.7,304.0,304.7,3545550.0,2026-05-07 15:59:59.999000+00:00,1
2026-05-07 16:00:00+00:00,304.7,311.8,302.2,305.1,2303036.0,2026-05-07 19:59:59.999000+00:00,1
2026-05-07 20:00:00+00:00,305.2,307.4,296.2,302.1,2302694.0,2026-05-07 23:59:59.999000+00:00,1
2026-05-08 00:00:00+00:00,302.2,304.2,298.8,302.3,1052784.0,2026-05-08 03:59:59.999000+00:00,1
2026-05-08 04:00:00+00:00,302.3,305.6,299.8,303.2,1069365.0,2026-05-08 07:59:59.999000+00:00,1
2026-05-08 08:00:00+00:00,303.2,313.4,303.0,308.3,3461648.0,2026-05-08 11:59:59.999000+00:00,1
2026-05-08 12:00:00+00:00,308.3,314.4,304.9,310.9,2423814.0,2026-05-08 15:59:59.999000+00:00,1
2026-05-08 16:00:00+00:00,310.9,317.7,309.5,312.9,2059366.0,2026-05-08 19:59:59.999000+00:00,1
2026-05-08 20:00:00+00:00,312.9,318.2,311.8,316.5,1486095.0,2026-05-08 23:59:59.999000+00:00,1
2026-05-09 00:00:00+00:00,316.4,317.6,310.6,311.9,1011684.0,2026-05-09 03:59:59.999000+00:00,1
2026-05-09 04:00:00+00:00,311.9,314.3,309.2,312.9,1167736.0,2026-05-09 07:59:59.999000+00:00,1
2026-05-09 08:00:00+00:00,313.0,314.2,308.1,309.4,1628552.0,2026-05-09 11:59:59.999000+00:00,1
2026-05-09 12:00:00+00:00,309.4,310.5,305.0,306.4,1384853.0,2026-05-09 15:59:59.999000+00:00,1
2026-05-09 16:00:00+00:00,306.5,311.6,305.8,310.6,927366.0,2026-05-09 19:59:59.999000+00:00,1
2026-05-09 20:00:00+00:00,310.7,311.0,307.3,307.6,659519.0,2026-05-09 23:59:59.999000+00:00,1
2026-05-10 00:00:00+00:00,307.7,314.6,306.1,313.3,1765278.0,2026-05-10 03:59:59.999000+00:00,1
2026-05-10 04:00:00+00:00,313.4,314.3,308.8,313.4,976436.0,2026-05-10 07:59:59.999000+00:00,1
2026-05-10 08:00:00+00:00,313.3,316.3,310.6,314.2,1702790.0,2026-05-10 11:59:59.999000+00:00,1
2026-05-10 12:00:00+00:00,314.1,329.0,312.8,318.2,4986645.0,2026-05-10 15:59:59.999000+00:00,1
2026-05-10 16:00:00+00:00,318.2,333.2,317.5,329.1,3530741.0,2026-05-10 19:59:59.999000+00:00,1
2026-05-10 20:00:00+00:00,329.1,330.7,312.9,320.2,4290694.0,2026-05-10 23:59:59.999000+00:00,1
2026-05-11 00:00:00+00:00,320.2,324.9,312.8,317.9,2668767.0,2026-05-11 03:59:59.999000+00:00,1
2026-05-11 04:00:00+00:00,317.9,323.6,316.3,319.5,1532078.0,2026-05-11 07:59:59.999000+00:00,1
2026-05-11 08:00:00+00:00,319.5,326.8,316.8,322.1,2371762.0,2026-05-11 11:59:59.999000+00:00,1
2026-05-11 12:00:00+00:00,322.1,328.0,316.2,324.3,2474965.0,2026-05-11 15:59:59.999000+00:00,1
2026-05-11 16:00:00+00:00,324.2,327.8,319.0,326.1,1439159.0,2026-05-11 19:59:59.999000+00:00,1
2026-05-11 20:00:00+00:00,326.0,328.8,317.6,320.4,1456405.0,2026-05-11 23:59:59.999000+00:00,1
2026-05-12 00:00:00+00:00,320.5,321.3,315.6,317.0,1307748.0,2026-05-12 03:59:59.999000+00:00,1
2026-05-12 04:00:00+00:00,316.9,322.9,316.2,319.4,1283956.0,2026-05-12 07:59:59.999000+00:00,1
2026-05-12 08:00:00+00:00,319.5,319.9,310.4,311.6,2149768.0,2026-05-12 11:59:59.999000+00:00,1
2026-05-12 12:00:00+00:00,311.5,314.0,305.3,306.2,2381914.0,2026-05-12 15:59:59.999000+00:00,1
2026-05-12 16:00:00+00:00,306.3,309.9,304.2,309.4,974085.0,2026-05-12 19:59:59.999000+00:00,1
2026-05-12 20:00:00+00:00,309.4,312.6,308.1,309.2,879389.0,2026-05-12 23:59:59.999000+00:00,1
2026-05-13 00:00:00+00:00,309.3,313.9,308.8,312.6,1003286.0,2026-05-13 03:59:59.999000+00:00,1
2026-05-13 04:00:00+00:00,312.6,312.8,302.9,305.5,2555665.0,2026-05-13 07:59:59.999000+00:00,1
2026-05-13 08:00:00+00:00,305.5,308.1,302.1,303.2,1577571.0,2026-05-13 11:59:59.999000+00:00,1
2026-05-13 12:00:00+00:00,303.1,303.9,290.5,291.2,4707453.0,2026-05-13 15:59:59.999000+00:00,1
2026-05-13 16:00:00+00:00,291.2,295.3,291.2,293.2,1408852.0,2026-05-13 19:59:59.999000+00:00,1
2026-05-13 20:00:00+00:00,293.3,297.2,293.1,294.5,1079778.0,2026-05-13 23:59:59.999000+00:00,1
2026-05-14 00:00:00+00:00,294.6,297.9,292.1,293.0,1203277.0,2026-05-14 03:59:59.999000+00:00,1
2026-05-14 04:00:00+00:00,293.0,296.5,292.6,295.3,623985.0,2026-05-14 07:59:59.999000+00:00,1
2026-05-14 08:00:00+00:00,295.4,298.1,294.0,296.0,958381.0,2026-05-14 11:59:59.999000+00:00,1
2026-05-14 12:00:00+00:00,295.9,306.9,295.7,305.4,2279742.0,2026-05-14 15:59:59.999000+00:00,1
2026-05-14 16:00:00+00:00,305.4,308.6,303.7,305.1,1587023.0,2026-05-14 19:59:59.999000+00:00,1
2026-05-14 20:00:00+00:00,305.1,309.0,302.1,304.3,1018990.0,2026-05-14 23:59:59.999000+00:00,1
2026-05-15 00:00:00+00:00,304.3,308.2,302.8,304.3,1110398.0,2026-05-15 03:59:59.999000+00:00,1
2026-05-15 04:00:00+00:00,304.2,305.8,299.4,302.9,1477034.0,2026-05-15 07:59:59.999000+00:00,1
2026-05-15 08:00:00+00:00,303.0,303.0,298.1,300.0,1031574.0,2026-05-15 11:59:59.999000+00:00,1
2026-05-15 12:00:00+00:00,300.0,300.2,285.4,286.2,3552756.0,2026-05-15 15:59:59.999000+00:00,1
2026-05-15 16:00:00+00:00,286.2,289.6,284.4,287.2,1196435.0,2026-05-15 19:59:59.999000+00:00,1
2026-05-15 20:00:00+00:00,287.2,287.6,284.3,285.2,758042.0,2026-05-15 23:59:59.999000+00:00,1
2026-05-16 00:00:00+00:00,285.3,286.5,281.2,282.6,829804.0,2026-05-16 03:59:59.999000+00:00,1
2026-05-16 04:00:00+00:00,282.6,282.8,267.7,271.3,3087130.0,2026-05-16 07:59:59.999000+00:00,1
2026-05-16 08:00:00+00:00,271.2,274.3,269.2,271.8,1503149.0,2026-05-16 11:59:59.999000+00:00,1
2026-05-16 12:00:00+00:00,271.7,273.9,270.3,273.0,846461.0,2026-05-16 15:59:59.999000+00:00,1
2026-05-16 16:00:00+00:00,273.0,276.3,272.6,275.4,638395.0,2026-05-16 19:59:59.999000+00:00,1
2026-05-16 20:00:00+00:00,275.5,275.7,272.7,273.3,359608.0,2026-05-16 23:59:59.999000+00:00,1
2026-05-17 00:00:00+00:00,273.3,273.8,265.6,268.1,1655501.0,2026-05-17 03:59:59.999000+00:00,1
2026-05-17 04:00:00+00:00,268.1,274.5,267.6,272.1,1535970.0,2026-05-17 07:59:59.999000+00:00,1
2026-05-17 08:00:00+00:00,272.2,273.8,268.9,273.5,1086400.0,2026-05-17 11:59:59.999000+00:00,1
2026-05-17 12:00:00+00:00,273.5,274.8,269.3,271.1,867983.0,2026-05-17 15:59:59.999000+00:00,1
2026-05-17 16:00:00+00:00,271.1,271.6,267.5,269.2,1022653.0,2026-05-17 19:59:59.999000+00:00,1
2026-05-17 20:00:00+00:00,269.3,269.9,257.3,263.1,3171540.0,2026-05-17 23:59:59.999000+00:00,1
2026-05-18 00:00:00+00:00,263.0,264.5,258.5,260.5,1563525.0,2026-05-18 03:59:59.999000+00:00,1
2026-05-18 04:00:00+00:00,260.5,261.3,256.0,256.2,2164337.0,2026-05-18 07:59:59.999000+00:00,1
2026-05-18 08:00:00+00:00,256.2,260.4,255.8,258.3,1487477.0,2026-05-18 11:59:59.999000+00:00,1
2026-05-18 12:00:00+00:00,258.3,261.9,255.4,257.4,1876350.0,2026-05-18 15:59:59.999000+00:00,1
2026-05-18 16:00:00+00:00,257.4,259.4,254.1,258.6,1335220.0,2026-05-18 19:59:59.999000+00:00,1
2026-05-18 20:00:00+00:00,258.7,264.8,258.6,261.2,1267891.0,2026-05-18 23:59:59.999000+00:00,1
2026-05-19 00:00:00+00:00,261.2,263.8,259.8,261.6,1295897.0,2026-05-19 03:59:59.999000+00:00,1
2026-05-19 04:00:00+00:00,261.6,264.4,259.8,263.3,991410.0,2026-05-19 07:59:59.999000+00:00,1
2026-05-19 08:00:00+00:00,263.2,263.5,257.0,258.0,1009942.0,2026-05-19 11:59:59.999000+00:00,1
2026-05-19 12:00:00+00:00,258.0,261.2,255.1,257.1,1069985.0,2026-05-19 15:59:59.999000+00:00,1
2026-05-19 16:00:00+00:00,257.2,259.7,255.9,258.0,615466.0,2026-05-19 19:59:59.999000+00:00,1
2026-05-19 20:00:00+00:00,258.1,260.2,256.3,256.9,599530.0,2026-05-19 23:59:59.999000+00:00,1
2026-05-20 00:00:00+00:00,257.0,258.2,255.3,257.0,764560.0,2026-05-20 03:59:59.999000+00:00,1
2026-05-20 04:00:00+00:00,257.0,262.9,256.1,261.0,1346713.0,2026-05-20 07:59:59.999000+00:00,1
2026-05-20 08:00:00+00:00,261.1,264.0,260.9,262.1,997168.0,2026-05-20 11:59:59.999000+00:00,1
2026-05-20 12:00:00+00:00,262.0,274.4,261.7,273.8,2223029.0,2026-05-20 15:59:59.999000+00:00,1
2026-05-20 16:00:00+00:00,273.8,276.3,268.1,274.6,2107234.0,2026-05-20 19:59:59.999000+00:00,1
2026-05-20 20:00:00+00:00,274.5,275.6,269.6,271.9,1314141.0,2026-05-20 23:59:59.999000+00:00,1
2026-05-21 00:00:00+00:00,271.9,277.8,271.2,277.5,1272216.0,2026-05-21 03:59:59.999000+00:00,1
2026-05-21 04:00:00+00:00,277.4,283.2,275.6,282.5,2385632.0,2026-05-21 07:59:59.999000+00:00,1
2026-05-21 08:00:00+00:00,282.5,289.0,278.1,279.4,2663053.0,2026-05-21 11:59:59.999000+00:00,1
2026-05-21 12:00:00+00:00,279.5,281.0,274.3,277.7,2753503.0,2026-05-21 15:59:59.999000+00:00,1
2026-05-21 16:00:00+00:00,277.8,287.4,277.0,282.7,2795733.0,2026-05-21 19:59:59.999000+00:00,1
2026-05-21 20:00:00+00:00,282.8,285.2,279.1,279.7,651694.0,2026-05-21 23:59:59.999000+00:00,1
2026-05-22 00:00:00+00:00,279.6,281.4,276.0,280.1,1141894.0,2026-05-22 03:59:59.999000+00:00,1
2026-05-22 04:00:00+00:00,280.1,284.7,279.1,283.0,1316320.0,2026-05-22 07:59:59.999000+00:00,1
2026-05-22 08:00:00+00:00,283.1,292.3,280.5,291.7,2141385.0,2026-05-22 11:59:59.999000+00:00,1
2026-05-22 12:00:00+00:00,291.8,293.4,279.2,280.9,3320747.0,2026-05-22 15:59:59.999000+00:00,1
2026-05-22 16:00:00+00:00,280.9,285.3,269.2,272.0,4253383.0,2026-05-22 19:59:59.999000+00:00,1
2026-05-22 20:00:00+00:00,272.0,274.6,262.5,265.0,3268198.0,2026-05-22 23:59:59.999000+00:00,1
2026-05-23 00:00:00+00:00,265.1,266.5,262.2,265.9,1463342.0,2026-05-23 03:59:59.999000+00:00,1
2026-05-23 04:00:00+00:00,265.9,266.2,252.7,257.5,2291669.0,2026-05-23 07:59:59.999000+00:00,1
2026-05-23 08:00:00+00:00,257.4,261.4,255.7,260.4,1466563.0,2026-05-23 11:59:59.999000+00:00,1
2026-05-23 12:00:00+00:00,260.4,272.5,258.4,271.3,2806999.0,2026-05-23 15:59:59.999000+00:00,1
2026-05-23 16:00:00+00:00,271.3,276.4,267.5,275.9,2099991.0,2026-05-23 19:59:59.999000+00:00,1
2026-05-23 20:00:00+00:00,275.9,288.0,274.9,279.6,5102945.0,2026-05-23 23:59:59.999000+00:00,1
2026-05-24 00:00:00+00:00,279.6,281.9,277.3,278.6,1320237.0,2026-05-24 03:59:59.999000+00:00,1
2026-05-24 04:00:00+00:00,278.6,281.6,275.8,279.4,1128458.0,2026-05-24 07:59:59.999000+00:00,1
2026-05-24 08:00:00+00:00,279.5,282.7,277.8,280.1,1182622.0,2026-05-24 11:59:59.999000+00:00,1
2026-05-24 12:00:00+00:00,280.2,280.2,269.9,275.4,2008437.0,2026-05-24 15:59:59.999000+00:00,1
2026-05-24 16:00:00+00:00,275.5,278.9,274.2,274.6,1160090.0,2026-05-24 19:59:59.999000+00:00,1
2026-05-24 20:00:00+00:00,274.7,276.0,268.1,274.6,1183704.0,2026-05-24 23:59:59.999000+00:00,1
2026-05-25 00:00:00+00:00,274.7,275.6,271.0,271.1,967680.0,2026-05-25 03:59:59.999000+00:00,1
2026-05-25 04:00:00+00:00,271.0,278.2,270.9,276.4,1019769.0,2026-05-25 07:59:59.999000+00:00,1
2026-05-25 08:00:00+00:00,276.5,280.6,275.7,277.7,1178369.0,2026-05-25 11:59:59.999000+00:00,1
2026-05-25 12:00:00+00:00,277.8,280.6,275.7,278.3,1806692.0,2026-05-25 15:59:59.999000+00:00,1
2026-05-25 16:00:00+00:00,278.3,285.8,275.6,283.0,2638589.0,2026-05-25 19:59:59.999000+00:00,1
2026-05-25 20:00:00+00:00,283.0,286.0,278.1,279.4,1076430.0,2026-05-25 23:59:59.999000+00:00,1
2026-05-26 00:00:00+00:00,279.5,281.0,273.5,277.0,2446411.0,2026-05-26 03:59:59.999000+00:00,1
2026-05-26 04:00:00+00:00,277.0,289.0,276.7,281.5,3281974.0,2026-05-26 07:59:59.999000+00:00,1
2026-05-26 08:00:00+00:00,281.5,290.6,281.1,287.3,4086884.0,2026-05-26 11:59:59.999000+00:00,1
2026-05-26 12:00:00+00:00,287.2,291.4,281.1,285.5,3948175.0,2026-05-26 15:59:59.999000+00:00,1
2026-05-26 16:00:00+00:00,285.5,289.6,278.5,281.4,3307076.0,2026-05-26 19:59:59.999000+00:00,1
2026-05-26 20:00:00+00:00,281.5,282.4,277.7,278.1,1382982.0,2026-05-26 23:59:59.999000+00:00,1
2026-05-27 00:00:00+00:00,278.2,286.8,274.3,274.6,2313372.0,2026-05-27 03:59:59.999000+00:00,1
2026-05-27 04:00:00+00:00,274.6,277.2,270.4,275.7,1846951.0,2026-05-27 07:59:59.999000+00:00,1
2026-05-27 08:00:00+00:00,275.6,278.4,273.2,276.7,1394219.0,2026-05-27 11:59:59.999000+00:00,1
2026-05-27 12:00:00+00:00,276.8,281.4,271.6,278.0,2692536.0,2026-05-27 15:59:59.999000+00:00,1
2026-05-27 16:00:00+00:00,278.1,279.7,267.0,273.3,2016791.0,2026-05-27 19:59:59.999000+00:00,1
2026-05-27 20:00:00+00:00,273.4,274.7,264.9,266.6,1556011.0,2026-05-27 23:59:59.999000+00:00,1
2026-05-28 00:00:00+00:00,266.6,267.5,257.9,258.7,1789107.0,2026-05-28 03:59:59.999000+00:00,1
2026-05-28 04:00:00+00:00,258.7,260.8,254.7,259.7,2479517.0,2026-05-28 07:59:59.999000+00:00,1
2026-05-28 08:00:00+00:00,259.7,262.9,257.9,257.9,1388251.0,2026-05-28 11:59:59.999000+00:00,1
2026-05-28 12:00:00+00:00,257.9,261.1,253.4,255.9,2846160.0,2026-05-28 15:59:59.999000+00:00,1
2026-05-28 16:00:00+00:00,255.8,264.2,254.1,262.5,1401513.0,2026-05-28 19:59:59.999000+00:00,1
2026-05-28 20:00:00+00:00,262.6,264.8,259.1,261.1,852906.0,2026-05-28 23:59:59.999000+00:00,1
2026-05-29 00:00:00+00:00,261.0,263.3,256.0,256.8,1030888.0,2026-05-29 03:59:59.999000+00:00,1
2026-05-29 04:00:00+00:00,256.9,261.0,253.7,258.3,1495101.0,2026-05-29 07:59:59.999000+00:00,1
2026-05-29 08:00:00+00:00,258.2,259.9,254.4,255.7,1348519.0,2026-05-29 11:59:59.999000+00:00,1
2026-05-29 12:00:00+00:00,255.7,260.3,246.3,258.0,4619310.0,2026-05-29 15:59:59.999000+00:00,1
2026-05-29 16:00:00+00:00,258.1,259.6,247.3,249.2,2536953.0,2026-05-29 19:59:59.999000+00:00,1
2026-05-29 20:00:00+00:00,249.3,251.2,245.5,250.1,1108180.0,2026-05-29 23:59:59.999000+00:00,1
2026-05-30 00:00:00+00:00,250.1,253.9,249.7,249.9,1030913.0,2026-05-30 03:59:59.999000+00:00,1
2026-05-30 04:00:00+00:00,249.9,252.3,246.4,249.4,1489740.0,2026-05-30 07:59:59.999000+00:00,1
2026-05-30 08:00:00+00:00,249.4,254.0,249.2,252.1,783449.0,2026-05-30 11:59:59.999000+00:00,1
2026-05-30 12:00:00+00:00,252.1,256.1,251.2,254.2,1202918.0,2026-05-30 15:59:59.999000+00:00,1
2026-05-30 16:00:00+00:00,254.3,255.2,252.3,253.2,564741.0,2026-05-30 19:59:59.999000+00:00,1
2026-05-30 20:00:00+00:00,253.3,257.4,253.0,254.4,755449.0,2026-05-30 23:59:59.999000+00:00,1
2026-05-31 00:00:00+00:00,254.5,260.1,254.1,259.5,1140962.0,2026-05-31 03:59:59.999000+00:00,1
2026-05-31 04:00:00+00:00,259.5,260.2,255.5,256.4,845800.0,2026-05-31 07:59:59.999000+00:00,1
2026-05-31 08:00:00+00:00,256.3,260.1,255.9,258.5,865257.0,2026-05-31 11:59:59.999000+00:00,1
2026-05-31 12:00:00+00:00,258.6,259.4,252.1,253.1,1296752.0,2026-05-31 15:59:59.999000+00:00,1
2026-05-31 16:00:00+00:00,253.1,253.9,249.6,252.6,1201296.0,2026-05-31 19:59:59.999000+00:00,1
2026-05-31 20:00:00+00:00,252.6,258.5,252.6,255.7,715070.0,2026-05-31 23:59:59.999000+00:00,1
2026-06-01 00:00:00+00:00,255.6,258.8,250.7,256.7,1083085.0,2026-06-01 03:59:59.999000+00:00,1
2026-06-01 04:00:00+00:00,256.8,257.7,248.4,248.9,1088245.0,2026-06-01 07:59:59.999000+00:00,1
2026-06-01 08:00:00+00:00,249.0,252.3,248.3,250.9,726752.0,2026-06-01 11:59:59.999000+00:00,1
2026-06-01 12:00:00+00:00,251.0,251.5,244.1,247.6,2197648.0,2026-06-01 15:59:59.999000+00:00,1
2026-06-01 16:00:00+00:00,247.6,256.9,245.4,256.6,2119952.0,2026-06-01 19:59:59.999000+00:00,1
2026-06-01 20:00:00+00:00,256.6,256.7,249.5,252.7,1832966.0,2026-06-01 23:59:59.999000+00:00,1
2026-06-02 00:00:00+00:00,252.6,254.1,244.7,253.3,2377179.0,2026-06-02 03:59:59.999000+00:00,1
2026-06-02 04:00:00+00:00,253.3,255.0,248.1,249.1,2213690.0,2026-06-02 07:59:59.999000+00:00,1
2026-06-02 08:00:00+00:00,249.1,250.5,245.3,247.8,1419474.0,2026-06-02 11:59:59.999000+00:00,1
2026-06-02 12:00:00+00:00,247.7,250.2,235.6,239.2,3832545.0,2026-06-02 15:59:59.999000+00:00,1
2026-06-02 16:00:00+00:00,239.1,245.4,231.6,236.6,2481534.0,2026-06-02 19:59:59.999000+00:00,1
2026-06-02 20:00:00+00:00,236.6,239.9,222.3,225.9,3942458.0,2026-06-02 23:59:59.999000+00:00,1
2026-06-03 00:00:00+00:00,226.0,229.7,219.9,221.3,2337212.0,2026-06-03 03:59:59.999000+00:00,1
2026-06-03 04:00:00+00:00,221.3,236.3,221.2,235.1,2580065.0,2026-06-03 07:59:59.999000+00:00,1
2026-06-03 08:00:00+00:00,235.1,235.4,230.5,230.8,1820612.0,2026-06-03 11:59:59.999000+00:00,1
2026-06-03 12:00:00+00:00,230.9,233.6,226.9,228.3,3826883.0,2026-06-03 15:59:59.999000+00:00,1
2026-06-03 16:00:00+00:00,228.4,230.3,223.5,224.6,1972626.0,2026-06-03 19:59:59.999000+00:00,1
2026-06-03 20:00:00+00:00,224.5,231.3,221.3,226.1,1837009.0,2026-06-03 23:59:59.999000+00:00,1
2026-06-04 00:00:00+00:00,226.1,229.5,204.9,223.4,6546249.0,2026-06-04 03:59:59.999000+00:00,1
2026-06-04 04:00:00+00:00,223.4,225.2,215.1,215.3,2473564.0,2026-06-04 07:59:59.999000+00:00,1
2026-06-04 08:00:00+00:00,215.3,219.1,210.2,213.8,4061609.0,2026-06-04 11:59:59.999000+00:00,1
2026-06-04 12:00:00+00:00,213.9,219.9,211.6,218.7,4003261.0,2026-06-04 15:59:59.999000+00:00,1
2026-06-04 16:00:00+00:00,218.6,220.4,214.1,216.0,2534837.0,2026-06-04 19:59:59.999000+00:00,1
2026-06-04 20:00:00+00:00,216.0,216.2,205.6,211.5,3480904.0,2026-06-04 23:59:59.999000+00:00,1
2026-06-05 00:00:00+00:00,211.5,212.8,203.2,203.5,3036195.0,2026-06-05 03:59:59.999000+00:00,1
2026-06-05 04:00:00+00:00,203.5,208.3,192.8,202.7,7352301.0,2026-06-05 07:59:59.999000+00:00,1
2026-06-05 08:00:00+00:00,202.7,203.0,196.3,196.4,2517936.0,2026-06-05 11:59:59.999000+00:00,1
2026-06-05 12:00:00+00:00,196.4,201.6,190.9,193.8,6472898.0,2026-06-05 15:59:59.999000+00:00,1
2026-06-05 16:00:00+00:00,193.8,201.0,186.2,193.1,6966960.0,2026-06-05 19:59:59.999000+00:00,1
2026-06-05 20:00:00+00:00,193.1,199.1,191.3,194.9,4425355.0,2026-06-05 23:59:59.999000+00:00,1
2026-06-06 00:00:00+00:00,194.9,198.3,190.9,191.6,3019417.0,2026-06-06 03:59:59.999000+00:00,1
2026-06-06 04:00:00+00:00,191.5,195.8,182.7,194.0,4284981.0,2026-06-06 07:59:59.999000+00:00,1
2026-06-06 08:00:00+00:00,194.1,197.8,190.1,194.2,1952889.0,2026-06-06 11:59:59.999000+00:00,1
2026-06-06 12:00:00+00:00,194.3,198.4,192.7,195.5,1696931.0,2026-06-06 15:59:59.999000+00:00,1
2026-06-06 16:00:00+00:00,195.4,197.1,193.0,193.8,1142782.0,2026-06-06 19:59:59.999000+00:00,1
2026-06-06 20:00:00+00:00,193.8,194.9,191.9,193.5,1101152.0,2026-06-06 23:59:59.999000+00:00,1
2026-06-07 00:00:00+00:00,193.4,204.0,192.6,202.7,2355509.0,2026-06-07 03:59:59.999000+00:00,1
2026-06-07 04:00:00+00:00,202.7,211.5,200.9,210.9,2674404.0,2026-06-07 07:59:59.999000+00:00,1
2026-06-07 08:00:00+00:00,210.9,214.6,207.2,209.5,2577518.0,2026-06-07 11:59:59.999000+00:00,1
2026-06-07 12:00:00+00:00,209.6,212.6,205.0,211.2,2148734.0,2026-06-07 15:59:59.999000+00:00,1
2026-06-07 16:00:00+00:00,211.2,211.4,203.4,204.3,1248050.0,2026-06-07 19:59:59.999000+00:00,1
2026-06-07 20:00:00+00:00,204.2,220.3,203.7,213.7,3547591.0,2026-06-07 23:59:59.999000+00:00,1
2026-06-08 00:00:00+00:00,213.7,217.0,210.1,211.2,1861197.0,2026-06-08 03:59:59.999000+00:00,1
2026-06-08 04:00:00+00:00,211.3,211.7,206.6,211.0,1577905.0,2026-06-08 07:59:59.999000+00:00,1
2026-06-08 08:00:00+00:00,211.0,213.7,208.3,212.5,1631054.0,2026-06-08 11:59:59.999000+00:00,1
2026-06-08 12:00:00+00:00,212.5,217.4,210.3,215.7,1741828.0,2026-06-08 15:59:59.999000+00:00,1
2026-06-08 16:00:00+00:00,215.7,219.5,214.5,217.8,1192585.0,2026-06-08 19:59:59.999000+00:00,1
2026-06-08 20:00:00+00:00,217.8,218.7,214.2,215.0,816018.0,2026-06-08 23:59:59.999000+00:00,1
2026-06-09 00:00:00+00:00,215.0,215.9,209.5,212.2,1341152.0,2026-06-09 03:59:59.999000+00:00,1
2026-06-09 04:00:00+00:00,212.1,218.6,211.5,217.1,1195119.0,2026-06-09 07:59:59.999000+00:00,1
2026-06-09 08:00:00+00:00,217.2,217.3,212.9,215.4,994535.0,2026-06-09 11:59:59.999000+00:00,1
2026-06-09 12:00:00+00:00,215.5,216.9,208.1,208.2,2091736.0,2026-06-09 15:59:59.999000+00:00,1
2026-06-09 16:00:00+00:00,208.1,211.4,204.7,210.2,1546023.0,2026-06-09 19:59:59.999000+00:00,1
2026-06-09 20:00:00+00:00,210.2,211.8,204.9,205.9,824710.0,2026-06-09 23:59:59.999000+00:00,1
2026-06-10 00:00:00+00:00,206.0,211.0,204.9,206.9,1117396.0,2026-06-10 03:59:59.999000+00:00,1
2026-06-10 04:00:00+00:00,207.0,208.4,203.5,206.5,725379.0,2026-06-10 07:59:59.999000+00:00,1
2026-06-10 08:00:00+00:00,206.5,207.4,202.6,203.6,1293144.0,2026-06-10 11:59:59.999000+00:00,1
2026-06-10 12:00:00+00:00,203.7,214.3,203.2,209.9,3201598.0,2026-06-10 15:59:59.999000+00:00,1
2026-06-10 16:00:00+00:00,210.0,210.5,200.3,202.1,1426866.0,2026-06-10 19:59:59.999000+00:00,1
2026-06-10 20:00:00+00:00,202.1,203.0,197.3,200.6,1073529.0,2026-06-10 23:59:59.999000+00:00,1
2026-06-11 00:00:00+00:00,200.6,209.9,200.6,208.9,1171667.0,2026-06-11 03:59:59.999000+00:00,1
2026-06-11 04:00:00+00:00,208.9,209.8,206.8,208.7,676779.0,2026-06-11 07:59:59.999000+00:00,1
2026-06-11 08:00:00+00:00,208.7,210.7,207.4,209.5,828685.0,2026-06-11 11:59:59.999000+00:00,1
2026-06-11 12:00:00+00:00,209.5,209.7,205.7,208.2,1296421.0,2026-06-11 15:59:59.999000+00:00,1
2026-06-11 16:00:00+00:00,208.3,214.2,204.9,213.5,1914874.0,2026-06-11 19:59:59.999000+00:00,1
2026-06-11 20:00:00+00:00,213.6,217.9,212.2,213.5,1327524.0,2026-06-11 23:59:59.999000+00:00,1
2026-06-12 00:00:00+00:00,213.5,214.8,210.6,213.9,751501.0,2026-06-12 03:59:59.999000+00:00,1
2026-06-12 04:00:00+00:00,214.0,215.2,208.1,210.9,915760.0,2026-06-12 07:59:59.999000+00:00,1
2026-06-12 08:00:00+00:00,210.9,215.2,210.9,213.2,672225.0,2026-06-12 11:59:59.999000+00:00,1
2026-06-12 12:00:00+00:00,213.2,217.8,210.4,212.2,1790966.0,2026-06-12 15:59:59.999000+00:00,1
2026-06-12 16:00:00+00:00,212.2,214.8,211.5,212.0,856114.0,2026-06-12 19:59:59.999000+00:00,1
2026-06-12 20:00:00+00:00,212.1,213.5,210.8,212.0,380927.0,2026-06-12 23:59:59.999000+00:00,1
2026-06-13 00:00:00+00:00,212.1,217.4,211.9,217.0,779573.0,2026-06-13 03:59:59.999000+00:00,1
2026-06-13 04:00:00+00:00,217.0,236.7,213.3,234.5,4738155.0,2026-06-13 07:59:59.999000+00:00,1
2026-06-13 08:00:00+00:00,234.5,249.7,231.8,245.9,14206348.0,2026-06-13 11:59:59.999000+00:00,1
2026-06-13 12:00:00+00:00,245.9,269.3,244.7,262.7,28641289.0,2026-06-13 15:59:59.999000+00:00,1
2026-06-13 16:00:00+00:00,262.6,277.1,250.5,251.2,22496061.0,2026-06-13 19:59:59.999000+00:00,1
2026-06-13 20:00:00+00:00,251.3,266.4,250.1,262.5,7284260.0,2026-06-13 23:59:59.999000+00:00,1
2026-06-14 00:00:00+00:00,262.5,276.8,261.3,275.4,9630784.0,2026-06-14 03:59:59.999000+00:00,1
2026-06-14 04:00:00+00:00,275.5,282.2,267.4,269.3,11040660.0,2026-06-14 07:59:59.999000+00:00,1
2026-06-14 08:00:00+00:00,269.3,276.7,264.5,270.2,9374463.0,2026-06-14 11:59:59.999000+00:00,1
2026-06-14 12:00:00+00:00,270.3,270.6,256.8,262.5,7614533.0,2026-06-14 15:59:59.999000+00:00,1
2026-06-14 16:00:00+00:00,262.6,268.3,259.4,264.0,4532008.0,2026-06-14 19:59:59.999000+00:00,1
2026-06-14 20:00:00+00:00,263.9,276.2,261.7,270.8,7168234.0,2026-06-14 23:59:59.999000+00:00,1
2026-06-15 00:00:00+00:00,270.8,285.0,266.7,275.9,8577438.0,2026-06-15 03:59:59.999000+00:00,1
2026-06-15 04:00:00+00:00,275.9,289.6,271.8,279.7,7188389.0,2026-06-15 07:59:59.999000+00:00,1
2026-06-15 08:00:00+00:00,279.7,290.9,259.6,278.9,13927798.0,2026-06-15 11:59:59.999000+00:00,1
2026-06-15 12:00:00+00:00,279.0,284.7,270.0,273.7,5933407.0,2026-06-15 15:59:59.999000+00:00,1
2026-06-15 16:00:00+00:00,273.6,275.7,268.6,269.2,2587002.0,2026-06-15 19:59:59.999000+00:00,1
2026-06-15 20:00:00+00:00,269.2,271.3,260.8,266.1,2596022.0,2026-06-15 23:59:59.999000+00:00,1
2026-06-16 00:00:00+00:00,266.2,267.9,258.5,262.7,3037470.0,2026-06-16 03:59:59.999000+00:00,1
2026-06-16 04:00:00+00:00,262.7,269.6,259.1,269.1,2889584.0,2026-06-16 07:59:59.999000+00:00,1
2026-06-16 08:00:00+00:00,269.0,270.8,263.2,263.8,3750780.0,2026-06-16 11:59:59.999000+00:00,1
2026-06-16 12:00:00+00:00,263.8,267.1,251.8,253.3,5450873.0,2026-06-16 15:59:59.999000+00:00,1
2026-06-16 16:00:00+00:00,253.2,256.6,249.0,252.4,2915399.0,2026-06-16 19:59:59.999000+00:00,1
2026-06-16 20:00:00+00:00,252.4,258.7,252.1,257.2,2316797.0,2026-06-16 23:59:59.999000+00:00,1
2026-06-17 00:00:00+00:00,257.3,263.1,256.1,257.2,2264612.0,2026-06-17 03:59:59.999000+00:00,1
2026-06-17 04:00:00+00:00,257.3,260.7,252.4,254.8,2280685.0,2026-06-17 07:59:59.999000+00:00,1
2026-06-17 08:00:00+00:00,254.8,255.4,249.5,252.7,2049286.0,2026-06-17 11:59:59.999000+00:00,1
2026-06-17 12:00:00+00:00,252.6,259.3,249.2,259.1,3198819.0,2026-06-17 15:59:59.999000+00:00,1
2026-06-17 16:00:00+00:00,259.0,260.3,245.5,246.3,3953879.0,2026-06-17 19:59:59.999000+00:00,1
2026-06-17 20:00:00+00:00,246.3,248.1,241.5,246.3,2337039.0,2026-06-17 23:59:59.999000+00:00,1
2026-06-18 00:00:00+00:00,246.3,248.9,244.9,245.8,1549750.0,2026-06-18 03:59:59.999000+00:00,1
2026-06-18 04:00:00+00:00,245.7,245.9,239.3,242.6,2514778.0,2026-06-18 07:59:59.999000+00:00,1
2026-06-18 08:00:00+00:00,242.7,243.7,237.7,239.0,2160181.0,2026-06-18 11:59:59.999000+00:00,1
2026-06-18 12:00:00+00:00,239.0,241.8,232.1,232.9,3082625.0,2026-06-18 15:59:59.999000+00:00,1
2026-06-18 16:00:00+00:00,232.9,236.2,230.0,235.2,2559893.0,2026-06-18 19:59:59.999000+00:00,1
2026-06-18 20:00:00+00:00,235.2,238.4,233.6,235.9,1566869.0,2026-06-18 23:59:59.999000+00:00,1
2026-06-19 00:00:00+00:00,235.9,236.1,228.6,229.8,2090050.0,2026-06-19 03:59:59.999000+00:00,1
2026-06-19 04:00:00+00:00,229.8,231.2,226.3,227.4,1988653.0,2026-06-19 07:59:59.999000+00:00,1
2026-06-19 08:00:00+00:00,227.5,228.6,224.6,225.6,1952024.0,2026-06-19 11:59:59.999000+00:00,1
2026-06-19 12:00:00+00:00,225.6,230.2,223.1,224.1,2901828.0,2026-06-19 15:59:59.999000+00:00,1
2026-06-19 16:00:00+00:00,224.2,227.4,221.8,223.4,2737908.0,2026-06-19 19:59:59.999000+00:00,1
2026-06-19 20:00:00+00:00,223.4,229.6,222.4,228.6,1694642.0,2026-06-19 23:59:59.999000+00:00,1
2026-06-20 00:00:00+00:00,228.6,229.6,226.1,227.6,1240231.0,2026-06-20 03:59:59.999000+00:00,1
2026-06-20 04:00:00+00:00,227.7,234.7,227.3,231.1,3535250.0,2026-06-20 07:59:59.999000+00:00,1
2026-06-20 08:00:00+00:00,231.2,232.4,228.8,229.9,1809651.0,2026-06-20 11:59:59.999000+00:00,1
2026-06-20 12:00:00+00:00,229.9,234.4,227.0,233.3,3458653.0,2026-06-20 15:59:59.999000+00:00,1
2026-06-20 16:00:00+00:00,233.4,233.5,225.3,228.3,2281392.0,2026-06-20 19:59:59.999000+00:00,1
2026-06-20 20:00:00+00:00,228.3,233.5,228.2,231.3,1080196.0,2026-06-20 23:59:59.999000+00:00,1
2026-06-21 00:00:00+00:00,231.3,238.4,229.0,237.4,1836309.0,2026-06-21 03:59:59.999000+00:00,1
2026-06-21 04:00:00+00:00,237.4,241.9,234.6,236.0,2809158.0,2026-06-21 07:59:59.999000+00:00,1
2026-06-21 08:00:00+00:00,235.9,237.8,232.6,233.8,2596197.0,2026-06-21 11:59:59.999000+00:00,1
2026-06-21 12:00:00+00:00,233.8,237.4,231.7,236.3,2102259.0,2026-06-21 15:59:59.999000+00:00,1
2026-06-21 16:00:00+00:00,236.3,239.6,233.1,238.5,2191527.0,2026-06-21 19:59:59.999000+00:00,1
2026-06-21 20:00:00+00:00,238.4,238.5,227.7,228.5,2135385.0,2026-06-21 23:59:59.999000+00:00,1
2026-06-22 00:00:00+00:00,228.6,236.0,227.8,228.4,1914617.0,2026-06-22 03:59:59.999000+00:00,1
2026-06-22 04:00:00+00:00,228.3,233.2,227.1,231.8,1685873.0,2026-06-22 07:59:59.999000+00:00,1
2026-06-22 08:00:00+00:00,231.8,235.4,230.9,234.2,2547850.0,2026-06-22 11:59:59.999000+00:00,1
2026-06-22 12:00:00+00:00,234.2,235.9,228.5,228.8,2538017.0,2026-06-22 15:59:59.999000+00:00,1
2026-06-22 16:00:00+00:00,228.8,231.8,227.6,230.6,1530067.0,2026-06-22 19:59:59.999000+00:00,1
2026-06-22 20:00:00+00:00,230.7,233.0,226.7,227.8,1361685.0,2026-06-22 23:59:59.999000+00:00,1
2026-06-23 00:00:00+00:00,227.7,228.9,223.8,225.1,1741938.0,2026-06-23 03:59:59.999000+00:00,1
2026-06-23 04:00:00+00:00,225.1,226.7,219.2,222.4,2755730.0,2026-06-23 07:59:59.999000+00:00,1
2026-06-23 08:00:00+00:00,222.4,222.8,215.8,221.0,2505289.0,2026-06-23 11:59:59.999000+00:00,1
2026-06-23 12:00:00+00:00,221.1,221.3,213.9,215.9,2317786.0,2026-06-23 15:59:59.999000+00:00,1
2026-06-23 16:00:00+00:00,215.8,219.4,214.9,218.1,1447466.0,2026-06-23 19:59:59.999000+00:00,1
2026-06-23 20:00:00+00:00,218.1,221.3,217.7,220.5,1013111.0,2026-06-23 23:59:59.999000+00:00,1
2026-06-24 00:00:00+00:00,220.4,222.8,218.2,220.0,999534.0,2026-06-24 03:59:59.999000+00:00,1
2026-06-24 04:00:00+00:00,219.9,226.1,217.7,221.0,2092604.0,2026-06-24 07:59:59.999000+00:00,1
2026-06-24 08:00:00+00:00,221.0,223.3,218.5,221.8,1309452.0,2026-06-24 11:59:59.999000+00:00,1
2026-06-24 12:00:00+00:00,221.8,222.0,214.7,215.5,2496766.0,2026-06-24 15:59:59.999000+00:00,1
2026-06-24 16:00:00+00:00,215.4,216.6,205.7,213.7,3650391.0,2026-06-24 19:59:59.999000+00:00,1
2026-06-24 20:00:00+00:00,213.7,220.2,213.4,219.2,1087403.0,2026-06-24 23:59:59.999000+00:00,1
2026-06-25 00:00:00+00:00,219.3,221.2,218.2,218.9,790716.0,2026-06-25 03:59:59.999000+00:00,1
2026-06-25 04:00:00+00:00,218.9,223.5,217.3,222.6,1255277.0,2026-06-25 07:59:59.999000+00:00,1
2026-06-25 08:00:00+00:00,222.6,223.6,216.8,217.8,1196944.0,2026-06-25 11:59:59.999000+00:00,1
2026-06-25 12:00:00+00:00,217.9,219.1,204.1,212.7,4279208.0,2026-06-25 15:59:59.999000+00:00,1
2026-06-25 16:00:00+00:00,212.7,214.8,208.2,209.9,2024119.0,2026-06-25 19:59:59.999000+00:00,1
2026-06-25 20:00:00+00:00,210.0,213.9,209.0,212.3,1079997.0,2026-06-25 23:59:59.999000+00:00,1
2026-06-26 00:00:00+00:00,212.3,213.0,204.6,210.9,1766209.0,2026-06-26 03:59:59.999000+00:00,1
2026-06-26 04:00:00+00:00,211.0,217.1,210.0,216.5,1339503.0,2026-06-26 07:59:59.999000+00:00,1
2026-06-26 08:00:00+00:00,216.4,216.9,208.4,208.7,1370730.0,2026-06-26 11:59:59.999000+00:00,1
2026-06-26 12:00:00+00:00,208.8,214.6,206.6,213.4,3099987.0,2026-06-26 15:59:59.999000+00:00,1
2026-06-26 16:00:00+00:00,213.5,216.7,212.5,212.9,1616576.0,2026-06-26 19:59:59.999000+00:00,1
2026-06-26 20:00:00+00:00,212.9,215.4,211.8,214.2,987940.0,2026-06-26 23:59:59.999000+00:00,1
2026-06-27 00:00:00+00:00,214.2,214.7,212.0,213.3,542726.0,2026-06-27 03:59:59.999000+00:00,1
2026-06-27 04:00:00+00:00,213.3,214.8,212.3,214.1,522538.0,2026-06-27 07:59:59.999000+00:00,1
2026-06-27 08:00:00+00:00,214.2,214.3,211.1,212.2,617594.0,2026-06-27 11:59:59.999000+00:00,1
2026-06-27 12:00:00+00:00,212.1,215.4,211.4,214.4,778065.0,2026-06-27 15:59:59.999000+00:00,1
2026-06-27 16:00:00+00:00,214.4,214.5,208.7,209.1,1108871.0,2026-06-27 19:59:59.999000+00:00,1
2026-06-27 20:00:00+00:00,209.0,210.7,207.2,208.8,747472.0,2026-06-27 23:59:59.999000+00:00,1
2026-06-28 00:00:00+00:00,208.8,210.3,208.1,208.9,427413.0,2026-06-28 03:59:59.999000+00:00,1
2026-06-28 04:00:00+00:00,208.9,209.0,206.7,208.3,510906.0,2026-06-28 07:59:59.999000+00:00,1
2026-06-28 08:00:00+00:00,208.2,210.6,207.2,208.4,818791.0,2026-06-28 11:59:59.999000+00:00,1
2026-06-28 12:00:00+00:00,208.4,209.2,206.8,208.3,732635.0,2026-06-28 15:59:59.999000+00:00,1
2026-06-28 16:00:00+00:00,208.3,208.6,202.4,204.3,1150169.0,2026-06-28 19:59:59.999000+00:00,1
2026-06-28 20:00:00+00:00,204.2,206.4,201.8,205.0,1223528.0,2026-06-28 23:59:59.999000+00:00,1
2026-06-29 00:00:00+00:00,205.1,209.0,203.6,207.9,1155179.0,2026-06-29 03:59:59.999000+00:00,1
2026-06-29 04:00:00+00:00,207.8,208.1,204.1,206.3,682696.0,2026-06-29 07:59:59.999000+00:00,1
2026-06-29 08:00:00+00:00,206.3,206.9,204.5,205.3,913062.0,2026-06-29 11:59:59.999000+00:00,1
2026-06-29 12:00:00+00:00,205.2,208.6,200.9,203.6,3156534.0,2026-06-29 15:59:59.999000+00:00,1
2026-06-29 16:00:00+00:00,203.6,210.5,203.1,209.0,1842415.0,2026-06-29 19:59:59.999000+00:00,1
2026-06-29 20:00:00+00:00,208.9,209.0,206.8,208.4,697111.0,2026-06-29 23:59:59.999000+00:00,1
2026-06-30 00:00:00+00:00,208.3,209.1,204.5,205.9,886837.0,2026-06-30 03:59:59.999000+00:00,1
2026-06-30 04:00:00+00:00,205.9,207.1,205.1,206.1,830267.0,2026-06-30 07:59:59.999000+00:00,1
2026-06-30 08:00:00+00:00,206.1,206.2,202.4,203.4,1995311.0,2026-06-30 11:59:59.999000+00:00,1
2026-06-30 12:00:00+00:00,203.3,205.6,200.5,202.3,3545348.0,2026-06-30 15:59:59.999000+00:00,1
2026-06-30 16:00:00+00:00,202.4,204.8,201.9,202.8,1106823.0,2026-06-30 19:59:59.999000+00:00,1
2026-06-30 20:00:00+00:00,202.7,202.7,199.6,202.0,1058326.0,2026-06-30 23:59:59.999000+00:00,1
2026-07-01 00:00:00+00:00,202.0,203.4,196.4,203.0,2507304.0,2026-07-01 03:59:59.999000+00:00,1
2026-07-01 04:00:00+00:00,203.0,204.7,196.3,197.3,1956726.0,2026-07-01 07:59:59.999000+00:00,1
2026-07-01 08:00:00+00:00,197.2,199.1,195.7,197.1,1968331.0,2026-07-01 11:59:59.999000+00:00,1
2026-07-01 12:00:00+00:00,197.1,206.1,195.4,204.9,4133011.0,2026-07-01 15:59:59.999000+00:00,1
2026-07-01 16:00:00+00:00,204.9,206.2,202.7,203.6,1811806.0,2026-07-01 19:59:59.999000+00:00,1
2026-07-01 20:00:00+00:00,203.6,209.6,202.1,202.6,1679735.0,2026-07-01 23:59:59.999000+00:00,1
2026-07-02 00:00:00+00:00,202.6,208.5,201.5,208.0,1310338.0,2026-07-02 03:59:59.999000+00:00,1
2026-07-02 04:00:00+00:00,208.0,208.3,202.6,203.8,1162760.0,2026-07-02 07:59:59.999000+00:00,1
2026-07-02 08:00:00+00:00,203.8,213.7,203.8,212.4,2877956.0,2026-07-02 11:59:59.999000+00:00,1
2026-07-02 12:00:00+00:00,212.4,219.3,210.0,211.9,6255932.0,2026-07-02 15:59:59.999000+00:00,1
2026-07-02 16:00:00+00:00,211.9,213.5,209.3,210.1,2464468.0,2026-07-02 19:59:59.999000+00:00,1
2026-07-02 20:00:00+00:00,210.0,210.9,207.8,209.2,933075.0,2026-07-02 23:59:59.999000+00:00,1
2026-07-03 00:00:00+00:00,209.1,214.6,207.9,212.6,1318928.0,2026-07-03 03:59:59.999000+00:00,1
2026-07-03 04:00:00+00:00,212.5,215.1,210.8,213.2,979378.0,2026-07-03 07:59:59.999000+00:00,1
2026-07-03 08:00:00+00:00,213.3,217.2,212.7,216.5,1725839.0,2026-07-03 11:59:59.999000+00:00,1
2026-07-03 12:00:00+00:00,216.4,217.9,213.6,215.0,1909915.0,2026-07-03 15:59:59.999000+00:00,1
2026-07-03 16:00:00+00:00,214.9,215.8,213.9,214.5,735018.0,2026-07-03 19:59:59.999000+00:00,1
2026-07-03 20:00:00+00:00,214.4,217.4,214.2,215.1,1453951.0,2026-07-03 23:59:59.999000+00:00,1
2026-07-04 00:00:00+00:00,215.1,216.6,212.9,213.8,1000593.0,2026-07-04 03:59:59.999000+00:00,1
2026-07-04 04:00:00+00:00,213.7,215.7,212.5,213.6,858933.0,2026-07-04 07:59:59.999000+00:00,1
2026-07-04 08:00:00+00:00,213.5,214.2,211.2,212.3,875526.0,2026-07-04 11:59:59.999000+00:00,1
2026-07-04 12:00:00+00:00,212.2,215.9,212.1,214.9,1052357.0,2026-07-04 15:59:59.999000+00:00,1
2026-07-04 16:00:00+00:00,214.9,219.0,214.4,217.1,1736280.0,2026-07-04 19:59:59.999000+00:00,1
2026-07-04 20:00:00+00:00,217.0,218.1,215.5,216.5,1560265.0,2026-07-04 23:59:59.999000+00:00,1
2026-07-05 00:00:00+00:00,216.5,216.9,211.4,211.9,1282851.0,2026-07-05 03:59:59.999000+00:00,1
2026-07-05 04:00:00+00:00,211.8,213.6,211.5,213.4,1012705.0,2026-07-05 07:59:59.999000+00:00,1
2026-07-05 08:00:00+00:00,213.4,213.6,208.6,210.9,1279511.0,2026-07-05 11:59:59.999000+00:00,1
2026-07-05 12:00:00+00:00,210.8,214.2,210.3,212.3,1190534.0,2026-07-05 15:59:59.999000+00:00,1
2026-07-05 16:00:00+00:00,212.3,213.1,210.8,212.9,1009052.0,2026-07-05 19:59:59.999000+00:00,1
2026-07-05 20:00:00+00:00,212.9,216.8,212.5,215.0,1106798.0,2026-07-05 23:59:59.999000+00:00,1
2026-07-06 00:00:00+00:00,215.0,218.5,213.4,214.8,1429971.0,2026-07-06 03:59:59.999000+00:00,1
2026-07-06 04:00:00+00:00,214.8,215.0,210.9,212.7,894480.0,2026-07-06 07:59:59.999000+00:00,1
2026-07-06 08:00:00+00:00,212.8,213.6,210.2,210.5,956520.0,2026-07-06 11:59:59.999000+00:00,1
2026-07-06 12:00:00+00:00,210.5,212.7,206.0,212.4,3239954.0,2026-07-06 15:59:59.999000+00:00,1
2026-07-06 16:00:00+00:00,212.3,216.5,211.4,215.1,1922402.0,2026-07-06 19:59:59.999000+00:00,1
2026-07-06 20:00:00+00:00,215.2,219.4,214.3,214.4,1306743.0,2026-07-06 23:59:59.999000+00:00,1
2026-07-07 00:00:00+00:00,214.4,216.5,210.2,210.5,1141355.0,2026-07-07 03:59:59.999000+00:00,1
2026-07-07 04:00:00+00:00,210.6,214.6,208.8,212.5,1403262.0,2026-07-07 07:59:59.999000+00:00,1
2026-07-07 08:00:00+00:00,212.6,216.0,211.4,215.3,1424136.0,2026-07-07 11:59:59.999000+00:00,1
2026-07-07 12:00:00+00:00,215.3,217.6,210.0,215.5,4070332.0,2026-07-07 15:59:59.999000+00:00,1
2026-07-07 16:00:00+00:00,215.6,217.3,211.2,213.7,1939048.0,2026-07-07 19:59:59.999000+00:00,1
2026-07-07 20:00:00+00:00,213.8,215.3,210.4,211.1,2987194.0,2026-07-07 23:59:59.999000+00:00,1
2026-07-08 00:00:00+00:00,211.2,213.3,205.4,208.0,2579550.0,2026-07-08 03:59:59.999000+00:00,1
2026-07-08 04:00:00+00:00,208.0,209.3,207.0,207.7,930594.0,2026-07-08 07:59:59.999000+00:00,1
2026-07-08 08:00:00+00:00,207.8,208.1,203.3,205.9,2036163.0,2026-07-08 11:59:59.999000+00:00,1
2026-07-08 12:00:00+00:00,206.0,206.0,200.3,202.0,2748159.0,2026-07-08 15:59:59.999000+00:00,1
2026-07-08 16:00:00+00:00,202.0,205.6,201.7,204.4,1011828.0,2026-07-08 19:59:59.999000+00:00,1
2026-07-08 20:00:00+00:00,204.3,204.8,201.7,204.7,870303.0,2026-07-08 23:59:59.999000+00:00,1
2026-07-09 00:00:00+00:00,204.7,205.7,201.1,202.9,998964.0,2026-07-09 03:59:59.999000+00:00,1
2026-07-09 04:00:00+00:00,202.9,207.4,202.7,206.4,1000929.0,2026-07-09 07:59:59.999000+00:00,1
2026-07-09 08:00:00+00:00,206.3,207.5,204.4,205.7,1078773.0,2026-07-09 11:59:59.999000+00:00,1
2026-07-09 12:00:00+00:00,205.7,208.3,205.2,206.8,1663007.0,2026-07-09 15:59:59.999000+00:00,1
2026-07-09 16:00:00+00:00,206.9,210.3,205.7,208.4,1432893.0,2026-07-09 19:59:59.999000+00:00,1
2026-07-09 20:00:00+00:00,208.4,215.1,207.5,213.8,2150581.0,2026-07-09 23:59:59.999000+00:00,1
2026-07-10 00:00:00+00:00,213.9,216.3,210.6,214.7,2141834.0,2026-07-10 03:59:59.999000+00:00,1
2026-07-10 04:00:00+00:00,214.8,215.3,210.9,211.0,1208312.0,2026-07-10 07:59:59.999000+00:00,1
2026-07-10 08:00:00+00:00,211.0,214.9,210.9,213.7,1074348.0,2026-07-10 11:59:59.999000+00:00,1
2026-07-10 12:00:00+00:00,213.7,214.7,209.2,211.3,2040229.0,2026-07-10 15:59:59.999000+00:00,1
2026-07-10 16:00:00+00:00,211.4,212.6,209.9,211.8,872138.0,2026-07-10 19:59:59.999000+00:00,1
2026-07-10 20:00:00+00:00,211.8,213.6,210.8,212.9,599673.0,2026-07-10 23:59:59.999000+00:00,1
2026-07-11 00:00:00+00:00,212.9,213.6,211.3,212.9,488759.0,2026-07-11 03:59:59.999000+00:00,1
2026-07-11 04:00:00+00:00,213.0,214.4,211.6,212.4,750161.0,2026-07-11 07:59:59.999000+00:00,1
2026-07-11 08:00:00+00:00,212.5,213.7,211.7,212.6,424137.0,2026-07-11 11:59:59.999000+00:00,1
2026-07-11 12:00:00+00:00,212.7,214.3,211.3,212.4,919429.0,2026-07-11 15:59:59.999000+00:00,1
2026-07-11 16:00:00+00:00,212.5,214.8,211.7,214.1,778742.0,2026-07-11 19:59:59.999000+00:00,1
2026-07-11 20:00:00+00:00,214.1,215.1,207.6,207.7,1506945.0,2026-07-11 23:59:59.999000+00:00,1
2026-07-12 00:00:00+00:00,207.6,209.4,204.5,209.2,1442281.0,2026-07-12 03:59:59.999000+00:00,1
2026-07-12 04:00:00+00:00,209.2,210.0,207.4,209.1,541360.0,2026-07-12 07:59:59.999000+00:00,1
2026-07-12 08:00:00+00:00,209.1,210.7,208.8,210.3,691410.0,2026-07-12 11:59:59.999000+00:00,1
2026-07-12 12:00:00+00:00,210.2,214.0,209.8,212.3,1127715.0,2026-07-12 15:59:59.999000+00:00,1
2026-07-12 16:00:00+00:00,212.4,213.2,210.9,212.9,714588.0,2026-07-12 19:59:59.999000+00:00,1
2026-07-12 20:00:00+00:00,213.0,213.4,208.2,209.7,1256098.0,2026-07-12 23:59:59.999000+00:00,1
2026-07-13 00:00:00+00:00,209.8,213.1,205.0,206.3,2011833.0,2026-07-13 03:59:59.999000+00:00,1
2026-07-13 04:00:00+00:00,206.2,207.7,204.8,207.4,1236244.0,2026-07-13 07:59:59.999000+00:00,1
2026-07-13 08:00:00+00:00,207.5,208.7,206.3,206.4,1272691.0,2026-07-13 11:59:59.999000+00:00,1
2026-07-13 12:00:00+00:00,206.4,207.9,204.0,205.7,2296943.0,2026-07-13 15:59:59.999000+00:00,1
2026-07-13 16:00:00+00:00,205.7,206.0,197.5,199.9,3737263.0,2026-07-13 19:59:59.999000+00:00,1
2026-07-13 20:00:00+00:00,199.9,200.6,198.5,199.9,1365046.0,2026-07-13 23:59:59.999000+00:00,1
2026-07-14 00:00:00+00:00,200.0,201.9,197.5,199.0,1673149.0,2026-07-14 03:59:59.999000+00:00,1
2026-07-14 04:00:00+00:00,199.1,200.5,197.7,197.7,911131.0,2026-07-14 07:59:59.999000+00:00,1
2026-07-14 08:00:00+00:00,197.8,198.9,195.7,197.8,3008820.0,2026-07-14 11:59:59.999000+00:00,1
2026-07-14 12:00:00+00:00,197.9,204.8,196.6,203.3,5515098.0,2026-07-14 15:59:59.999000+00:00,1
2026-07-14 16:00:00+00:00,203.4,204.4,200.4,203.2,1562237.0,2026-07-14 19:59:59.999000+00:00,1
2026-07-14 20:00:00+00:00,203.2,203.8,199.1,201.1,2011471.0,2026-07-14 23:59:59.999000+00:00,1
2026-07-15 00:00:00+00:00,201.2,201.2,193.4,197.1,3646345.0,2026-07-15 03:59:59.999000+00:00,1
2026-07-15 04:00:00+00:00,197.2,199.2,195.6,197.1,1426596.0,2026-07-15 07:59:59.999000+00:00,1
2026-07-15 08:00:00+00:00,197.0,198.6,196.1,196.1,1590023.0,2026-07-15 11:59:59.999000+00:00,1
2026-07-15 12:00:00+00:00,196.2,201.7,195.9,199.0,3580018.0,2026-07-15 15:59:59.999000+00:00,1
2026-07-15 16:00:00+00:00,198.9,200.5,196.4,197.4,1642255.0,2026-07-15 19:59:59.999000+00:00,1
2026-07-15 20:00:00+00:00,197.4,199.7,197.2,199.1,1075891.0,2026-07-15 23:59:59.999000+00:00,1
2026-07-16 00:00:00+00:00,199.1,203.3,198.6,201.7,2204715.0,2026-07-16 03:59:59.999000+00:00,1
2026-07-16 04:00:00+00:00,201.7,202.3,197.2,198.0,1382084.0,2026-07-16 07:59:59.999000+00:00,1
2026-07-16 08:00:00+00:00,198.0,198.0,194.3,195.9,2350804.0,2026-07-16 11:59:59.999000+00:00,1
2026-07-16 12:00:00+00:00,195.9,197.9,194.5,196.8,1824197.0,2026-07-16 15:59:59.999000+00:00,1
2026-07-16 16:00:00+00:00,196.8,196.8,192.2,193.5,2429637.0,2026-07-16 19:59:59.999000+00:00,1
2026-07-16 20:00:00+00:00,193.4,195.0,189.3,191.1,2065845.0,2026-07-16 23:59:59.999000+00:00,1
2026-07-17 00:00:00+00:00,191.1,192.7,189.4,191.6,1163820.0,2026-07-17 03:59:59.999000+00:00,1
2026-07-17 04:00:00+00:00,191.5,192.3,189.4,190.1,941976.0,2026-07-17 07:59:59.999000+00:00,1
2026-07-17 08:00:00+00:00,190.2,193.0,188.4,192.8,1570753.0,2026-07-17 11:59:59.999000+00:00,1
2026-07-17 12:00:00+00:00,192.8,193.7,188.9,193.1,2467773.0,2026-07-17 15:59:59.999000+00:00,1
2026-07-17 16:00:00+00:00,193.1,194.6,192.3,193.4,1069995.0,2026-07-17 19:59:59.999000+00:00,1
2026-07-17 20:00:00+00:00,193.4,194.8,192.6,194.5,638017.0,2026-07-17 23:59:59.999000+00:00,1
2026-07-18 00:00:00+00:00,194.4,195.4,193.4,193.9,599867.0,2026-07-18 03:59:59.999000+00:00,1
2026-07-18 04:00:00+00:00,193.9,194.4,192.5,194.2,650566.0,2026-07-18 07:59:59.999000+00:00,1
2026-07-18 08:00:00+00:00,194.3,194.6,192.5,192.9,371116.0,2026-07-18 11:59:59.999000+00:00,1
2026-07-18 12:00:00+00:00,192.9,194.1,191.3,193.3,910739.0,2026-07-18 15:59:59.999000+00:00,1
2026-07-18 16:00:00+00:00,193.3,196.2,192.8,195.6,847486.0,2026-07-18 19:59:59.999000+00:00,1
2026-07-18 20:00:00+00:00,195.6,196.3,195.2,195.9,596523.0,2026-07-18 23:59:59.999000+00:00,1
2026-07-19 00:00:00+00:00,195.9,197.0,195.1,196.1,647748.0,2026-07-19 03:59:59.999000+00:00,1
2026-07-19 04:00:00+00:00,196.1,199.6,195.8,198.4,1167363.0,2026-07-19 07:59:59.999000+00:00,1
2026-07-19 08:00:00+00:00,198.5,199.8,197.3,197.5,1061956.0,2026-07-19 11:59:59.999000+00:00,1
2026-07-19 12:00:00+00:00,197.5,198.1,196.7,197.5,576865.0,2026-07-19 15:59:59.999000+00:00,1
2026-07-19 16:00:00+00:00,197.4,197.9,194.9,197.0,779957.0,2026-07-19 19:59:59.999000+00:00,1
2026-07-19 20:00:00+00:00,197.0,199.3,196.7,198.5,893902.0,2026-07-19 23:59:59.999000+00:00,1
2026-07-20 00:00:00+00:00,198.4,201.3,196.3,196.6,1347987.0,2026-07-20 03:59:59.999000+00:00,1
2026-07-20 04:00:00+00:00,196.6,196.6,192.9,194.8,1069480.0,2026-07-20 07:59:59.999000+00:00,1
2026-07-20 08:00:00+00:00,194.8,196.3,192.6,196.1,1198746.0,2026-07-20 11:59:59.999000+00:00,1
2026-07-20 12:00:00+00:00,196.1,196.5,193.2,195.9,1935552.0,2026-07-20 15:59:59.999000+00:00,1
2026-07-20 16:00:00+00:00,196.0,197.1,194.2,194.5,1255651.0,2026-07-20 19:59:59.999000+00:00,1
2026-07-20 20:00:00+00:00,194.5,196.2,194.3,195.0,934150.0,2026-07-20 23:59:59.999000+00:00,1
2026-07-21 00:00:00+00:00,195.1,195.6,192.8,194.9,1023446.0,2026-07-21 03:59:59.999000+00:00,1
2026-07-21 04:00:00+00:00,194.9,198.9,194.3,198.9,1158944.0,2026-07-21 07:59:59.999000+00:00,1
2026-07-21 08:00:00+00:00,198.8,202.5,198.0,201.4,2805828.0,2026-07-21 11:59:59.999000+00:00,1
2026-07-21 12:00:00+00:00,201.5,202.3,199.0,199.6,2117933.0,2026-07-21 15:59:59.999000+00:00,1
2026-07-21 16:00:00+00:00,199.7,200.1,197.7,198.9,1173237.0,2026-07-21 19:59:59.999000+00:00,1
2026-07-21 20:00:00+00:00,198.9,200.8,198.5,200.6,620076.0,2026-07-21 23:59:59.999000+00:00,1
2026-07-22 00:00:00+00:00,200.6,202.0,199.2,199.6,1117903.0,2026-07-22 03:59:59.999000+00:00,1
2026-07-22 04:00:00+00:00,199.6,201.2,195.7,195.7,1275231.0,2026-07-22 07:59:59.999000+00:00,1
2026-07-22 08:00:00+00:00,195.7,197.6,195.5,196.9,782240.0,2026-07-22 11:59:59.999000+00:00,1
2026-07-22 12:00:00+00:00,196.8,201.8,195.6,200.7,2397731.0,2026-07-22 15:59:59.999000+00:00,1
2026-07-22 16:00:00+00:00,200.7,201.2,196.0,196.2,996000.0,2026-07-22 19:59:59.999000+00:00,1
2026-07-22 20:00:00+00:00,196.1,197.9,195.8,197.3,755865.0,2026-07-22 23:59:59.999000+00:00,1
2026-07-23 00:00:00+00:00,197.4,198.0,194.2,194.6,772538.0,2026-07-23 03:59:59.999000+00:00,1
2026-07-23 04:00:00+00:00,194.6,196.2,194.3,195.7,631988.0,2026-07-23 07:59:59.999000+00:00,1
2026-07-23 08:00:00+00:00,195.7,197.1,195.4,196.1,769845.0,2026-07-23 11:59:59.999000+00:00,1
2026-07-23 12:00:00+00:00,196.2,196.7,192.4,193.5,1787875.0,2026-07-23 15:59:59.999000+00:00,1
2026-07-23 16:00:00+00:00,193.5,193.7,191.8,193.1,775039.0,2026-07-23 19:59:59.999000+00:00,1
2026-07-23 20:00:00+00:00,193.1,195.2,192.2,192.7,557024.0,2026-07-23 23:59:59.999000+00:00,1
2026-07-24 00:00:00+00:00,192.8,193.1,190.1,192.9,1288265.0,2026-07-24 03:59:59.999000+00:00,1
2026-07-24 04:00:00+00:00,192.9,194.8,192.1,193.9,1198706.0,2026-07-24 07:59:59.999000+00:00,1
2026-07-24 08:00:00+00:00,194.0,194.0,190.4,190.9,763224.0,2026-07-24 11:59:59.999000+00:00,1
2026-07-24 12:00:00+00:00,190.8,191.2,186.7,188.9,2959688.0,2026-07-24 15:59:59.999000+00:00,1
2026-07-24 16:00:00+00:00,188.8,190.6,187.8,190.5,999098.0,2026-07-24 19:59:59.999000+00:00,1
2026-07-24 20:00:00+00:00,190.5,191.3,189.2,191.0,471211.0,2026-07-24 23:59:59.999000+00:00,1
2026-07-25 00:00:00+00:00,191.1,192.1,190.8,191.8,522080.0,2026-07-25 03:59:59.999000+00:00,1
2026-07-25 04:00:00+00:00,191.8,192.3,188.3,188.4,465424.0,2026-07-25 07:59:59.999000+00:00,1
2026-07-25 08:00:00+00:00,188.4,190.6,187.9,189.8,624085.0,2026-07-25 11:59:59.999000+00:00,1
2026-07-25 12:00:00+00:00,189.8,191.5,189.7,190.5,453854.0,2026-07-25 15:59:59.999000+00:00,1
2026-07-25 16:00:00+00:00,190.6,192.1,190.6,191.1,500551.0,2026-07-25 19:59:59.999000+00:00,1
2026-07-25 20:00:00+00:00,191.2,191.8,190.4,191.5,277851.0,2026-07-25 23:59:59.999000+00:00,1
2026-07-26 00:00:00+00:00,191.4,195.4,190.9,195.3,856522.0,2026-07-26 03:59:59.999000+00:00,1
2026-07-26 04:00:00+00:00,195.3,199.9,194.8,197.3,3546175.0,2026-07-26 07:59:59.999000+00:00,1
2026-07-26 08:00:00+00:00,197.3,197.9,195.7,196.4,1462377.0,2026-07-26 11:59:59.999000+00:00,1
2026-07-26 12:00:00+00:00,196.5,198.7,195.4,197.9,1084255.0,2026-07-26 15:59:59.999000+00:00,1
2026-07-26 16:00:00+00:00,198.0,198.2,196.7,197.5,690368.0,2026-07-26 19:59:59.999000+00:00,1
2026-07-26 20:00:00+00:00,197.5,199.9,196.6,199.1,947189.0,2026-07-26 23:59:59.999000+00:00,1
2026-07-27 00:00:00+00:00,199.1,201.2,197.2,199.1,1192312.0,2026-07-27 03:59:59.999000+00:00,1
2026-07-27 04:00:00+00:00,199.1,200.3,197.2,197.2,690789.0,2026-07-27 07:59:59.999000+00:00,1
2026-07-27 08:00:00+00:00,197.1,198.8,196.4,197.8,572488.0,2026-07-27 11:59:59.999000+00:00,1
2026-07-27 12:00:00+00:00,197.8,200.6,193.0,193.0,2086409.0,2026-07-27 15:59:59.999000+00:00,1
2026-07-27 16:00:00+00:00,193.0,194.7,191.6,193.6,822426.0,2026-07-27 19:59:59.999000+00:00,1
2026-07-27 20:00:00+00:00,193.7,193.8,186.2,187.3,1507282.0,2026-07-27 23:59:59.999000+00:00,1
2026-07-28 00:00:00+00:00,187.4,188.2,183.3,186.6,2184982.0,2026-07-28 03:59:59.999000+00:00,1
2026-07-28 04:00:00+00:00,186.6,188.2,186.5,187.1,617869.0,2026-07-28 07:59:59.999000+00:00,1
2026-07-28 08:00:00+00:00,187.0,188.0,186.6,187.6,626714.0,2026-07-28 11:59:59.999000+00:00,1
2026-07-28 12:00:00+00:00,187.6,190.2,185.1,189.8,1907825.0,2026-07-28 15:59:59.999000+00:00,1
2026-07-28 16:00:00+00:00,189.8,192.9,189.6,192.6,957114.0,2026-07-28 19:59:59.999000+00:00,1
2026-07-28 20:00:00+00:00,192.7,196.5,191.9,194.5,2181522.0,2026-07-28 23:59:59.999000+00:00,1
2026-07-29 00:00:00+00:00,194.5,198.2,192.1,192.3,2469904.0,2026-07-29 03:59:59.999000+00:00,1
2026-07-29 04:00:00+00:00,192.4,194.7,190.4,193.5,1010380.0,2026-07-29 07:59:59.999000+00:00,1
2026-07-29 08:00:00+00:00,193.5,194.9,192.0,193.7,835904.0,2026-07-29 11:59:59.999000+00:00,1
2026-07-29 12:00:00+00:00,193.8,193.9,190.6,191.1,1178696.0,2026-07-29 15:59:59.999000+00:00,1
2026-07-29 16:00:00+00:00,191.1,194.5,188.1,188.2,2232489.0,2026-07-29 19:59:59.999000+00:00,1
2026-07-29 20:00:00+00:00,188.2,191.2,186.2,190.5,1471648.0,2026-07-29 23:59:59.999000+00:00,1
2026-07-30 00:00:00+00:00,190.6,194.1,189.2,192.1,776039.0,2026-07-30 03:59:59.999000+00:00,1
2026-07-30 04:00:00+00:00,192.2,192.3,190.6,190.9,438157.0,2026-07-30 07:59:59.999000+00:00,1
2026-07-30 08:00:00+00:00,191.0,194.0,190.9,193.8,830658.0,2026-07-30 11:59:59.999000+00:00,1
2026-07-30 12:00:00+00:00,193.9,195.1,192.1,194.7,1661052.0,2026-07-30 15:59:59.999000+00:00,1
2026-07-30 16:00:00+00:00,194.7,195.3,192.6,193.6,911094.0,2026-07-30 19:59:59.999000+00:00,1
2026-07-30 20:00:00+00:00,193.6,194.5,192.3,192.4,884036.0,2026-07-30 23:59:59.999000+00:00,1
2026-07-31 00:00:00+00:00,192.5,197.7,192.3,196.1,1601958.0,2026-07-31 03:59:59.999000+00:00,1
2026-07-31 04:00:00+00:00,196.0,197.1,193.9,194.7,1438954.0,2026-07-31 07:59:59.999000+00:00,1
2026-07-31 08:00:00+00:00,194.7,195.5,191.6,193.6,973819.0,2026-07-31 11:59:59.999000+00:00,1
2026-07-31 12:00:00+00:00,193.5,194.5,189.8,192.4,1414713.0,2026-07-31 15:59:59.999000+00:00,1
2026-07-31 16:00:00+00:00,192.3,196.9,192.3,194.1,1130372.0,2026-07-31 19:59:59.999000+00:00,1
2026-07-31 20:00:00+00:00,194.2,194.4,192.4,193.2,987670.0,2026-07-31 23:59:59.999000+00:00,1
2026-08-01 00:00:00+00:00,193.3,197.5,193.2,197.5,1008048.0,2026-08-01 03:59:59.999000+00:00,1
2026-08-01 04:00:00+00:00,197.6,199.7,195.9,196.1,1339054.0,2026-08-01 07:59:59.999000+00:00,1
2026-08-01 08:00:00+00:00,196.1,196.2,193.7,194.8,576238.0,2026-08-01 11:59:59.999000+00:00,1
2026-08-01 12:00:00+00:00,194.8,195.2,192.2,192.5,1257316.0,2026-08-01 15:59:59.999000+00:00,1
2026-08-01 16:00:00+00:00,192.5,193.1,189.3,190.3,1007426.0,2026-08-01 19:59:59.999000+00:00,1
2026-08-01 20:00:00+00:00,190.3,192.6,190.2,192.2,515950.0,2026-08-01 23:59:59.999000+00:00,1
2026-08-02 00:00:00+00:00,192.3,194.7,191.5,193.9,986847.0,2026-08-02 03:59:59.999000+00:00,1
2026-08-02 04:00:00+00:00,193.9,195.6,193.6,194.1,598791.0,2026-08-02 07:59:59.999000+00:00,1
2026-08-02 08:00:00+00:00,194.2,194.2,192.1,192.3,360334.0,2026-08-02 11:59:59.999000+00:00,1
2026-08-02 12:00:00+00:00,192.4,193.3,192.2,192.5,377151.0,2026-08-02 15:59:59.999000+00:00,1
2026-08-02 16:00:00+00:00,192.5,193.7,191.5,192.8,343748.0,2026-08-02 19:59:59.999000+00:00,1
2026-08-02 20:00:00+00:00,192.7,194.3,192.0,192.2,456140.0,2026-08-02 23:59:59.999000+00:00,1
2026-08-03 00:00:00+00:00,192.3,192.4,189.1,189.6,763529.0,2026-08-03 03:59:59.999000+00:00,1
2026-08-03 04:00:00+00:00,189.6,191.3,188.1,188.6,739564.0,2026-08-03 07:59:59.999000+00:00,1
2026-08-03 08:00:00+00:00,188.6,188.8,187.3,188.2,971394.0,2026-08-03 11:59:59.999000+00:00,1
2026-08-03 12:00:00+00:00,188.2,190.2,187.4,189.0,1439372.0,2026-08-03 15:59:59.999000+00:00,1
2026-08-03 16:00:00+00:00,189.0,191.7,188.7,190.9,780464.0,2026-08-03 19:59:59.999000+00:00,1
2026-08-03 20:00:00+00:00,190.9,193.3,190.2,191.5,824378.0,2026-08-03 23:59:59.999000+00:00,1
2026-08-04 00:00:00+00:00,191.5,192.0,189.2,190.8,529113.0,2026-08-04 03:59:59.999000+00:00,1
2026-08-04 04:00:00+00:00,190.9,191.7,189.8,191.0,631157.0,2026-08-04 07:59:59.999000+00:00,1
2026-08-04 08:00:00+00:00,191.0,191.2,189.6,191.0,384803.0,2026-08-04 11:59:59.999000+00:00,1
2026-08-04 12:00:00+00:00,191.1,192.8,190.2,192.3,1381006.0,2026-08-04 15:59:59.999000+00:00,1
2026-08-04 16:00:00+00:00,192.3,199.9,190.8,199.3,2825757.0,2026-08-04 19:59:59.999000+00:00,1
2026-08-04 20:00:00+00:00,199.4,200.9,195.3,195.5,2047522.0,2026-08-04 23:59:59.999000+00:00,1
2026-08-05 00:00:00+00:00,195.5,200.1,194.9,197.4,1808095.0,2026-08-05 03:59:59.999000+00:00,1
2026-08-05 04:00:00+00:00,197.3,198.9,195.6,196.7,707172.0,2026-08-05 07:59:59.999000+00:00,1
2026-08-05 08:00:00+00:00,196.8,198.2,195.7,195.8,530318.0,2026-08-05 11:59:59.999000+00:00,1
2026-08-05 12:00:00+00:00,195.8,198.9,194.0,197.3,1587944.0,2026-08-05 15:59:59.999000+00:00,1
2026-08-05 16:00:00+00:00,197.2,198.4,196.0,196.7,752857.0,2026-08-05 19:59:59.999000+00:00,1
2026-08-05 20:00:00+00:00,196.6,198.2,195.2,197.4,682996.0,2026-08-05 23:59:59.999000+00:00,1
2026-08-06 00:00:00+00:00,197.4,198.4,195.0,195.4,824318.0,2026-08-06 03:59:59.999000+00:00,1
2026-08-06 04:00:00+00:00,195.4,197.5,195.0,196.1,610935.0,2026-08-06 07:59:59.999000+00:00,1
2026-08-06 08:00:00+00:00,196.2,196.7,192.6,194.7,1047415.0,2026-08-06 11:59:59.999000+00:00,1
2026-08-06 12:00:00+00:00,194.6,194.8,190.6,193.2,1509044.0,2026-08-06 15:59:59.999000+00:00,1
2026-08-06 16:00:00+00:00,193.1,193.8,191.5,191.5,1039338.0,2026-08-06 19:59:59.999000+00:00,1
2026-08-06 20:00:00+00:00,191.5,193.1,191.4,192.1,410806.0,2026-08-06 23:59:59.999000+00:00,1
2026-08-07 00:00:00+00:00,192.0,192.7,191.0,191.1,538661.0,2026-08-07 03:59:59.999000+00:00,1
2026-08-07 04:00:00+00:00,191.0,192.7,189.9,191.4,646832.0,2026-08-07 07:59:59.999000+00:00,1
2026-08-07 08:00:00+00:00,191.5,194.6,190.8,193.8,614193.0,2026-08-07 11:59:59.999000+00:00,1
2026-08-07 12:00:00+00:00,193.9,194.7,192.0,193.7,787364.0,2026-08-07 15:59:59.999000+00:00,1
2026-08-07 16:00:00+00:00,193.7,194.1,190.7,193.8,627675.0,2026-08-07 19:59:59.999000+00:00,1
2026-08-07 20:00:00+00:00,193.9,195.2,192.8,193.3,648921.0,2026-08-07 23:59:59.999000+00:00,1
2026-08-08 00:00:00+00:00,193.3,197.0,192.7,196.1,657049.0,2026-08-08 03:59:59.999000+00:00,1
2026-08-08 04:00:00+00:00,196.1,197.7,194.6,196.4,785415.0,2026-08-08 07:59:59.999000+00:00,1
2026-08-08 08:00:00+00:00,196.4,196.8,195.8,196.3,304094.0,2026-08-08 11:59:59.999000+00:00,1
2026-08-08 12:00:00+00:00,196.4,198.2,195.6,197.9,506772.0,2026-08-08 15:59:59.999000+00:00,1
2026-08-08 16:00:00+00:00,197.9,200.1,196.9,198.2,657099.0,2026-08-08 19:59:59.999000+00:00,1
2026-08-08 20:00:00+00:00,198.2,205.4,198.0,203.7,1223477.0,2026-08-08 23:59:59.999000+00:00,1
2026-08-09 00:00:00+00:00,203.6,209.9,203.5,207.4,3560357.0,2026-08-09 03:59:59.999000+00:00,1
2026-08-09 04:00:00+00:00,207.4,210.0,204.3,206.0,1898608.0,2026-08-09 07:59:59.999000+00:00,1
2026-08-09 08:00:00+00:00,205.9,207.6,202.5,206.8,1959087.0,2026-08-09 11:59:59.999000+00:00,1
2026-08-09 12:00:00+00:00,206.9,210.5,205.5,208.7,1711744.0,2026-08-09 15:59:59.999000+00:00,1
2026-08-09 16:00:00+00:00,208.7,210.1,205.9,206.9,918278.0,2026-08-09 19:59:59.999000+00:00,1
2026-08-09 20:00:00+00:00,206.8,207.2,201.5,202.0,1214052.0,2026-08-09 23:59:59.999000+00:00,1
2026-08-10 00:00:00+00:00,202.0,205.3,200.3,202.3,1323858.0,2026-08-10 03:59:59.999000+00:00,1
2026-08-10 04:00:00+00:00,202.2,204.5,201.7,203.9,706754.0,2026-08-10 07:59:59.999000+00:00,1
2026-08-10 08:00:00+00:00,203.9,205.7,202.2,205.0,856617.0,2026-08-10 11:59:59.999000+00:00,1
2026-08-10 12:00:00+00:00,205.1,205.9,201.5,202.4,1662937.0,2026-08-10 15:59:59.999000+00:00,1
2026-08-10 16:00:00+00:00,202.3,203.9,199.7,200.9,1568381.0,2026-08-10 19:59:59.999000+00:00,1
2026-08-10 20:00:00+00:00,200.8,202.3,198.2,199.4,1213198.0,2026-08-10 23:59:59.999000+00:00,1
2026-08-11 00:00:00+00:00,199.4,200.2,198.2,199.4,626969.0,2026-08-11 03:59:59.999000+00:00,1
2026-08-11 04:00:00+00:00,199.4,199.8,198.4,199.0,402924.0,2026-08-11 07:59:59.999000+00:00,1
2026-08-11 08:00:00+00:00,199.1,202.1,198.4,201.2,686843.0,2026-08-11 11:59:59.999000+00:00,1
2026-08-11 12:00:00+00:00,201.2,203.6,196.6,198.1,2321585.0,2026-08-11 15:59:59.999000+00:00,1
2026-08-11 16:00:00+00:00,198.1,199.6,196.2,198.4,1252545.0,2026-08-11 19:59:59.999000+00:00,1
2026-08-11 20:00:00+00:00,198.4,202.2,198.2,201.7,643916.0,2026-08-11 23:59:59.999000+00:00,1
2026-08-12 00:00:00+00:00,201.6,205.7,200.7,204.7,1560634.0,2026-08-12 03:59:59.999000+00:00,1
2026-08-12 04:00:00+00:00,204.7,205.6,202.1,203.0,589678.0,2026-08-12 07:59:59.999000+00:00,1
2026-08-12 08:00:00+00:00,203.0,205.1,201.9,203.3,839905.0,2026-08-12 11:59:59.999000+00:00,1
2026-08-12 12:00:00+00:00,203.3,204.1,198.0,199.5,2057193.0,2026-08-12 15:59:59.999000+00:00,1
2026-08-12 16:00:00+00:00,199.5,201.0,197.2,198.0,903566.0,2026-08-12 19:59:59.999000+00:00,1
2026-08-12 20:00:00+00:00,198.0,200.2,198.0,199.8,565349.0,2026-08-12 23:59:59.999000+00:00,1
2026-08-13 00:00:00+00:00,199.8,200.9,197.0,199.6,662463.0,2026-08-13 03:59:59.999000+00:00,1
2026-08-13 04:00:00+00:00,199.6,200.9,199.0,199.7,590748.0,2026-08-13 07:59:59.999000+00:00,1
2026-08-13 08:00:00+00:00,199.8,201.4,198.5,199.2,798499.0,2026-08-13 11:59:59.999000+00:00,1
2026-08-13 12:00:00+00:00,199.2,202.8,199.0,200.2,831822.0,2026-08-13 15:59:59.999000+00:00,1
2026-08-13 16:00:00+00:00,200.2,203.9,197.9,201.9,944151.0,2026-08-13 19:59:59.999000+00:00,1
2026-08-13 20:00:00+00:00,201.9,203.8,201.6,203.4,776193.0,2026-08-13 23:59:59.999000+00:00,1
2026-08-14 00:00:00+00:00,203.5,205.3,201.6,201.7,1059580.0,2026-08-14 03:59:59.999000+00:00,1
2026-08-14 04:00:00+00:00,201.7,202.3,198.9,199.6,845318.0,2026-08-14 07:59:59.999000+00:00,1
2026-08-14 08:00:00+00:00,199.7,200.5,198.4,198.7,679888.0,2026-08-14 11:59:59.999000+00:00,1
2026-08-14 12:00:00+00:00,198.8,199.0,193.1,195.9,1800130.0,2026-08-14 15:59:59.999000+00:00,1
2026-08-14 16:00:00+00:00,195.9,198.0,195.6,197.4,575833.0,2026-08-14 19:59:59.999000+00:00,1
2026-08-14 20:00:00+00:00,197.4,199.5,196.4,199.3,567447.0,2026-08-14 23:59:59.999000+00:00,1
2026-08-15 00:00:00+00:00,199.3,201.4,198.3,198.7,743595.0,2026-08-15 03:59:59.999000+00:00,1
2026-08-15 04:00:00+00:00,198.8,199.3,197.1,197.4,299671.0,2026-08-15 07:59:59.999000+00:00,1
2026-08-15 08:00:00+00:00,197.3,197.8,196.7,197.0,254038.0,2026-08-15 11:59:59.999000+00:00,1
2026-08-15 12:00:00+00:00,197.0,198.4,196.2,198.0,612416.0,2026-08-15 15:59:59.999000+00:00,1
2026-08-15 16:00:00+00:00,198.0,198.3,197.1,197.5,222809.0,2026-08-15 19:59:59.999000+00:00,1
2026-08-15 20:00:00+00:00,197.6,198.2,196.5,196.6,389092.0,2026-08-15 23:59:59.999000+00:00,1
2026-08-16 00:00:00+00:00,196.7,197.1,195.4,196.5,563152.0,2026-08-16 03:59:59.999000+00:00,1
2026-08-16 04:00:00+00:00,196.5,196.7,194.9,196.1,477561.0,2026-08-16 07:59:59.999000+00:00,1
2026-08-16 08:00:00+00:00,196.0,196.5,195.6,196.3,258015.0,2026-08-16 11:59:59.999000+00:00,1
2026-08-16 12:00:00+00:00,196.3,197.7,195.9,197.1,324347.0,2026-08-16 15:59:59.999000+00:00,1
2026-08-16 16:00:00+00:00,197.2,197.7,196.3,197.3,361834.0,2026-08-16 19:59:59.999000+00:00,1
2026-08-16 20:00:00+00:00,197.4,197.7,194.2,195.6,510334.0,2026-08-16 23:59:59.999000+00:00,1
2026-08-17 00:00:00+00:00,195.6,198.4,195.1,197.1,859764.0,2026-08-17 03:59:59.999000+00:00,1
2026-08-17 04:00:00+00:00,197.2,198.1,196.3,197.0,477695.0,2026-08-17 07:59:59.999000+00:00,1
2026-08-17 08:00:00+00:00,197.0,197.4,194.3,196.4,998200.0,2026-08-17 11:59:59.999000+00:00,1
2026-08-17 12:00:00+00:00,196.4,197.3,194.7,196.7,942939.0,2026-08-17 15:59:59.999000+00:00,1
2026-08-17 16:00:00+00:00,196.8,196.9,194.9,196.3,675370.0,2026-08-17 19:59:59.999000+00:00,1
2026-08-17 20:00:00+00:00,196.2,196.8,195.2,196.0,301316.0,2026-08-17 23:59:59.999000+00:00,1
2026-08-18 00:00:00+00:00,196.1,196.6,189.3,191.2,2206124.0,2026-08-18 03:59:59.999000+00:00,1
2026-08-18 04:00:00+00:00,191.1,193.7,190.7,192.8,553891.0,2026-08-18 07:59:59.999000+00:00,1
2026-08-18 08:00:00+00:00,192.7,193.7,191.5,192.5,673186.0,2026-08-18 11:59:59.999000+00:00,1
2026-08-18 12:00:00+00:00,192.4,193.2,191.1,191.9,850091.0,2026-08-18 15:59:59.999000+00:00,1
2026-08-18 16:00:00+00:00,191.9,192.6,191.2,191.2,422647.0,2026-08-18 19:59:59.999000+00:00,1
2026-08-18 20:00:00+00:00,191.3,191.3,189.9,190.6,473019.0,2026-08-18 23:59:59.999000+00:00,1
2026-08-19 00:00:00+00:00,190.7,191.2,189.8,190.9,620841.0,2026-08-19 03:59:59.999000+00:00,1
2026-08-19 04:00:00+00:00,190.9,192.2,188.2,191.6,741422.0,2026-08-19 07:59:59.999000+00:00,1
2026-08-19 08:00:00+00:00,191.6,192.5,191.3,192.1,386917.0,2026-08-19 11:59:59.999000+00:00,1
2026-08-19 12:00:00+00:00,192.2,199.9,191.8,195.9,4037449.0,2026-08-19 15:59:59.999000+00:00,1
2026-08-19 16:00:00+00:00,196.0,200.0,195.8,199.2,1753698.0,2026-08-19 19:59:59.999000+00:00,1
2026-08-19 20:00:00+00:00,199.2,209.8,199.1,205.5,3933487.0,2026-08-19 23:59:59.999000+00:00,1
2026-08-20 00:00:00+00:00,205.5,207.7,202.6,204.0,1424684.0,2026-08-20 03:59:59.999000+00:00,1
2026-08-20 04:00:00+00:00,203.9,206.8,203.2,204.2,933203.0,2026-08-20 07:59:59.999000+00:00,1
2026-08-20 08:00:00+00:00,204.2,213.9,204.2,210.9,2953447.0,2026-08-20 11:59:59.999000+00:00,1
2026-08-20 12:00:00+00:00,210.8,212.1,205.3,210.8,1899232.0,2026-08-20 15:59:59.999000+00:00,1
2026-08-20 16:00:00+00:00,210.8,214.6,208.6,209.0,2302854.0,2026-08-20 19:59:59.999000+00:00,1
2026-08-20 20:00:00+00:00,209.1,218.1,209.0,214.8,1768796.0,2026-08-20 23:59:59.999000+00:00,1
2026-08-21 00:00:00+00:00,214.7,218.6,214.1,217.0,2146390.0,2026-08-21 03:59:59.999000+00:00,1
2026-08-21 04:00:00+00:00,217.1,224.7,216.6,223.7,2323576.0,2026-08-21 07:59:59.999000+00:00,1
2026-08-21 08:00:00+00:00,223.7,227.2,218.3,225.4,5314881.0,2026-08-21 11:59:59.999000+00:00,1
2026-08-21 12:00:00+00:00,225.4,234.1,223.9,232.6,3832224.0,2026-08-21 15:59:59.999000+00:00,1
2026-08-21 16:00:00+00:00,232.5,232.8,223.1,224.5,3019465.0,2026-08-21 19:59:59.999000+00:00,1
2026-08-21 20:00:00+00:00,224.5,234.4,223.5,230.0,2326753.0,2026-08-21 23:59:59.999000+00:00,1
2026-08-22 00:00:00+00:00,230.1,249.3,227.6,247.4,5993744.0,2026-08-22 03:59:59.999000+00:00,1
2026-08-22 04:00:00+00:00,247.5,250.7,211.1,229.1,10890054.0,2026-08-22 07:59:59.999000+00:00,1
2026-08-22 08:00:00+00:00,229.2,230.5,218.6,223.5,3132917.0,2026-08-22 11:59:59.999000+00:00,1
2026-08-22 12:00:00+00:00,223.4,226.2,219.1,220.7,1777626.0,2026-08-22 15:59:59.999000+00:00,1
2026-08-22 16:00:00+00:00,220.7,229.0,220.0,226.6,1156548.0,2026-08-22 19:59:59.999000+00:00,1
2026-08-22 20:00:00+00:00,226.6,228.4,217.9,222.3,1159401.0,2026-08-22 23:59:59.999000+00:00,1
2026-08-23 00:00:00+00:00,222.3,224.8,216.8,218.2,1258403.0,2026-08-23 03:59:59.999000+00:00,1
2026-08-23 04:00:00+00:00,218.2,220.6,214.4,219.6,1836771.0,2026-08-23 07:59:59.999000+00:00,1
2026-08-23 08:00:00+00:00,219.6,227.7,219.3,226.0,1398699.0,2026-08-23 11:59:59.999000+00:00,1
2026-08-23 12:00:00+00:00,225.9,235.2,225.1,232.4,3462140.0,2026-08-23 15:59:59.999000+00:00,1
2026-08-23 16:00:00+00:00,232.5,242.1,231.0,241.2,3179743.0,2026-08-23 19:59:59.999000+00:00,1
2026-08-23 20:00:00+00:00,241.2,246.1,236.3,237.7,3766841.0,2026-08-23 23:59:59.999000+00:00,1
2026-08-24 00:00:00+00:00,237.7,242.5,231.2,233.3,3589414.0,2026-08-24 03:59:59.999000+00:00,1
2026-08-24 04:00:00+00:00,233.2,238.1,232.5,234.2,1807076.0,2026-08-24 07:59:59.999000+00:00,1
2026-08-24 08:00:00+00:00,234.3,239.8,230.8,237.4,2754048.0,2026-08-24 11:59:59.999000+00:00,1
2026-08-24 12:00:00+00:00,237.4,245.1,235.6,239.4,4287807.0,2026-08-24 15:59:59.999000+00:00,1
2026-08-24 16:00:00+00:00,239.5,244.5,235.9,241.5,3041959.0,2026-08-24 19:59:59.999000+00:00,1
2026-08-24 20:00:00+00:00,241.6,244.0,238.7,240.7,1464479.0,2026-08-24 23:59:59.999000+00:00,1
2026-08-25 00:00:00+00:00,240.8,244.1,238.3,240.6,2166943.0,2026-08-25 03:59:59.999000+00:00,1
2026-08-25 04:00:00+00:00,240.6,246.2,233.9,236.0,2552495.0,2026-08-25 07:59:59.999000+00:00,1
2026-08-25 08:00:00+00:00,236.0,238.4,234.6,236.3,1206695.0,2026-08-25 11:59:59.999000+00:00,1
2026-08-25 12:00:00+00:00,236.3,238.7,232.1,234.5,2239324.0,2026-08-25 15:59:59.999000+00:00,1
2026-08-25 16:00:00+00:00,234.6,236.1,231.4,232.5,775464.0,2026-08-25 19:59:59.999000+00:00,1
2026-08-25 20:00:00+00:00,232.5,233.8,224.1,229.2,2346306.0,2026-08-25 23:59:59.999000+00:00,1
2026-08-26 00:00:00+00:00,229.2,234.3,228.3,233.6,1023554.0,2026-08-26 03:59:59.999000+00:00,1
2026-08-26 04:00:00+00:00,233.5,235.6,230.2,234.3,1259819.0,2026-08-26 07:59:59.999000+00:00,1
2026-08-26 08:00:00+00:00,234.2,237.7,230.4,234.0,2029913.0,2026-08-26 11:59:59.999000+00:00,1
2026-08-26 12:00:00+00:00,234.1,236.2,224.3,227.3,2912388.0,2026-08-26 15:59:59.999000+00:00,1
2026-08-26 16:00:00+00:00,227.4,230.2,224.8,227.9,1194371.0,2026-08-26 19:59:59.999000+00:00,1
2026-08-26 20:00:00+00:00,227.9,234.9,225.8,234.5,1399922.0,2026-08-26 23:59:59.999000+00:00,1
2026-08-27 00:00:00+00:00,234.5,246.8,232.8,238.8,4308644.0,2026-08-27 03:59:59.999000+00:00,1
2026-08-27 04:00:00+00:00,238.7,249.3,235.2,249.2,3753547.0,2026-08-27 07:59:59.999000+00:00,1
2026-08-27 08:00:00+00:00,249.1,261.3,248.3,256.7,9254174.0,2026-08-27 11:59:59.999000+00:00,1
2026-08-27 12:00:00+00:00,256.6,259.9,252.5,254.1,4254495.0,2026-08-27 15:59:59.999000+00:00,1
2026-08-27 16:00:00+00:00,254.1,256.6,248.5,249.1,2656474.0,2026-08-27 19:59:59.999000+00:00,1
2026-08-27 20:00:00+00:00,249.2,254.9,247.4,253.8,2011013.0,2026-08-27 23:59:59.999000+00:00,1
2026-08-28 00:00:00+00:00,253.9,255.6,243.4,245.3,3759331.0,2026-08-28 03:59:59.999000+00:00,1
2026-08-28 04:00:00+00:00,245.3,247.4,242.1,246.6,2010718.0,2026-08-28 07:59:59.999000+00:00,1
2026-08-28 08:00:00+00:00,246.6,247.3,241.3,244.4,1540489.0,2026-08-28 11:59:59.999000+00:00,1
2026-08-28 12:00:00+00:00,244.4,248.2,237.3,241.5,3880135.0,2026-08-28 15:59:59.999000+00:00,1
2026-08-28 16:00:00+00:00,241.4,242.4,231.6,234.2,5069748.0,2026-08-28 19:59:59.999000+00:00,1
2026-08-28 20:00:00+00:00,234.1,237.9,232.9,236.5,1383744.0,2026-08-28 23:59:59.999000+00:00,1
2026-08-29 00:00:00+00:00,236.5,237.8,234.2,234.7,872542.0,2026-08-29 03:59:59.999000+00:00,1
2026-08-29 04:00:00+00:00,234.7,236.8,232.4,232.6,697676.0,2026-08-29 07:59:59.999000+00:00,1
2026-08-29 08:00:00+00:00,232.5,234.8,231.0,234.4,1010444.0,2026-08-29 11:59:59.999000+00:00,1
2026-08-29 12:00:00+00:00,234.4,239.2,234.0,237.6,1040636.0,2026-08-29 15:59:59.999000+00:00,1
2026-08-29 16:00:00+00:00,237.6,238.9,235.6,236.1,773803.0,2026-08-29 19:59:59.999000+00:00,1
2026-08-29 20:00:00+00:00,236.1,237.1,234.5,235.8,664906.0,2026-08-29 23:59:59.999000+00:00,1
2026-08-30 00:00:00+00:00,235.8,235.8,233.6,235.4,658017.0,2026-08-30 03:59:59.999000+00:00,1
2026-08-30 04:00:00+00:00,235.4,238.1,234.0,236.8,724593.0,2026-08-30 07:59:59.999000+00:00,1
2026-08-30 08:00:00+00:00,236.9,239.0,235.8,237.9,906567.0,2026-08-30 11:59:59.999000+00:00,1
2026-08-30 12:00:00+00:00,237.9,239.8,235.6,236.5,1294002.0,2026-08-30 15:59:59.999000+00:00,1
2026-08-30 16:00:00+00:00,236.6,242.8,236.4,237.9,1359999.0,2026-08-30 19:59:59.999000+00:00,1
2026-08-30 20:00:00+00:00,238.0,238.3,223.8,227.4,4211751.0,2026-08-30 23:59:59.999000+00:00,1
2026-08-31 00:00:00+00:00,227.3,229.1,224.8,227.4,1688704.0,2026-08-31 03:59:59.999000+00:00,1
2026-08-31 04:00:00+00:00,227.5,231.0,226.4,229.0,1192245.0,2026-08-31 07:59:59.999000+00:00,1
2026-08-31 08:00:00+00:00,229.0,231.1,227.6,229.3,913893.0,2026-08-31 11:59:59.999000+00:00,1
2026-08-31 12:00:00+00:00,229.3,230.6,224.2,225.8,1975750.0,2026-08-31 15:59:59.999000+00:00,1
2026-08-31 16:00:00+00:00,225.9,230.1,225.6,228.8,1129336.0,2026-08-31 19:59:59.999000+00:00,1
2026-08-31 20:00:00+00:00,228.7,231.0,228.5,230.2,749387.0,2026-08-31 23:59:59.999000+00:00,1
2026-09-01 00:00:00+00:00,230.2,233.1,229.0,230.5,750022.0,2026-09-01 03:59:59.999000+00:00,1
2026-09-01 04:00:00+00:00,230.5,231.8,227.5,228.4,719517.0,2026-09-01 07:59:59.999000+00:00,1
2026-09-01 08:00:00+00:00,228.5,228.6,224.7,226.8,1244557.0,2026-09-01 11:59:59.999000+00:00,1
2026-09-01 12:00:00+00:00,226.8,227.1,222.5,225.7,1761902.0,2026-09-01 15:59:59.999000+00:00,1
2026-09-01 16:00:00+00:00,225.7,225.8,218.4,222.4,2429789.0,2026-09-01 19:59:59.999000+00:00,1
2026-09-01 20:00:00+00:00,222.5,222.8,218.9,220.0,891675.0,2026-09-01 23:59:59.999000+00:00,1
2026-09-02 00:00:00+00:00,220.0,220.9,215.5,220.0,1104870.0,2026-09-02 03:59:59.999000+00:00,1
2026-09-02 04:00:00+00:00,220.0,221.4,218.7,218.9,1027089.0,2026-09-02 07:59:59.999000+00:00,1
2026-09-02 08:00:00+00:00,219.0,219.3,214.6,217.2,1644414.0,2026-09-02 11:59:59.999000+00:00,1
2026-09-02 12:00:00+00:00,217.1,219.1,215.7,217.2,1046984.0,2026-09-02 15:59:59.999000+00:00,1
2026-09-02 16:00:00+00:00,217.2,218.4,215.1,216.9,842239.0,2026-09-02 19:59:59.999000+00:00,1
2026-09-02 20:00:00+00:00,217.0,218.5,215.3,217.2,661010.0,2026-09-02 23:59:59.999000+00:00,1
2026-09-03 00:00:00+00:00,217.2,218.9,214.9,218.5,817598.0,2026-09-03 03:59:59.999000+00:00,1
2026-09-03 04:00:00+00:00,218.5,223.0,216.7,222.0,1509363.0,2026-09-03 07:59:59.999000+00:00,1
2026-09-03 08:00:00+00:00,222.0,224.0,220.3,222.6,962146.0,2026-09-03 11:59:59.999000+00:00,1
2026-09-03 12:00:00+00:00,222.6,230.1,220.3,229.9,4033275.0,2026-09-03 15:59:59.999000+00:00,1
2026-09-03 16:00:00+00:00,229.9,231.5,226.7,229.7,2036843.0,2026-09-03 19:59:59.999000+00:00,1
2026-09-03 20:00:00+00:00,229.7,231.8,224.8,225.7,1886851.0,2026-09-03 23:59:59.999000+00:00,1
2026-09-04 00:00:00+00:00,225.6,229.3,223.7,228.3,1872910.0,2026-09-04 03:59:59.999000+00:00,1
2026-09-04 04:00:00+00:00,228.3,230.6,226.8,228.5,1201783.0,2026-09-04 07:59:59.999000+00:00,1
2026-09-04 08:00:00+00:00,228.6,231.9,227.2,231.2,1639674.0,2026-09-04 11:59:59.999000+00:00,1
2026-09-04 12:00:00+00:00,231.2,231.6,219.4,223.3,4357618.0,2026-09-04 15:59:59.999000+00:00,1
2026-09-04 16:00:00+00:00,223.3,225.4,221.1,224.5,1107645.0,2026-09-04 19:59:59.999000+00:00,1
2026-09-04 20:00:00+00:00,224.5,225.7,222.1,224.8,806327.0,2026-09-04 23:59:59.999000+00:00,1
2026-09-05 00:00:00+00:00,224.8,230.5,223.9,228.4,1869955.0,2026-09-05 03:59:59.999000+00:00,1
2026-09-05 04:00:00+00:00,228.5,237.8,225.5,233.5,2738016.0,2026-09-05 07:59:59.999000+00:00,1
2026-09-05 08:00:00+00:00,233.5,240.1,232.6,239.4,2356074.0,2026-09-05 11:59:59.999000+00:00,1
2026-09-05 12:00:00+00:00,239.5,240.8,234.9,235.5,2672111.0,2026-09-05 15:59:59.999000+00:00,1
2026-09-05 16:00:00+00:00,235.5,236.2,232.2,232.8,2214794.0,2026-09-05 19:59:59.999000+00:00,1
2026-09-05 20:00:00+00:00,232.8,236.6,231.9,235.9,928561.0,2026-09-05 23:59:59.999000+00:00,1
2026-09-06 00:00:00+00:00,235.9,239.2,235.3,238.5,1601612.0,2026-09-06 03:59:59.999000+00:00,1
2026-09-06 04:00:00+00:00,238.5,239.0,233.4,235.8,1682780.0,2026-09-06 07:59:59.999000+00:00,1
2026-09-06 08:00:00+00:00,235.8,241.7,233.8,241.7,2428990.0,2026-09-06 11:59:59.999000+00:00,1
2026-09-06 12:00:00+00:00,241.8,248.9,238.2,248.6,5606310.0,2026-09-06 15:59:59.999000+00:00,1
2026-09-06 16:00:00+00:00,248.6,268.8,245.5,267.7,8558430.0,2026-09-06 19:59:59.999000+00:00,1
2026-09-06 20:00:00+00:00,267.7,272.5,260.0,265.7,7224160.0,2026-09-06 23:59:59.999000+00:00,1
2026-09-07 00:00:00+00:00,265.7,276.9,260.4,269.8,7396014.0,2026-09-07 03:59:59.999000+00:00,1
2026-09-07 04:00:00+00:00,269.8,275.3,261.4,263.6,5317844.0,2026-09-07 07:59:59.999000+00:00,1
2026-09-07 08:00:00+00:00,263.6,272.1,263.5,264.3,3785379.0,2026-09-07 11:59:59.999000+00:00,1
2026-09-07 12:00:00+00:00,264.3,266.2,254.2,256.8,7187260.0,2026-09-07 15:59:59.999000+00:00,1
2026-09-07 16:00:00+00:00,256.8,262.6,256.5,259.1,2636190.0,2026-09-07 19:59:59.999000+00:00,1
2026-09-07 20:00:00+00:00,259.1,262.2,255.7,259.9,1755785.0,2026-09-07 23:59:59.999000+00:00,1
2026-09-08 00:00:00+00:00,259.8,263.9,255.6,256.3,2040727.0,2026-09-08 03:59:59.999000+00:00,1
2026-09-08 04:00:00+00:00,256.3,257.1,253.0,255.4,2141364.0,2026-09-08 07:59:59.999000+00:00,1
2026-09-08 08:00:00+00:00,255.3,257.5,251.7,253.8,2054662.0,2026-09-08 11:59:59.999000+00:00,1
2026-09-08 12:00:00+00:00,253.8,262.8,249.2,262.6,4138257.0,2026-09-08 15:59:59.999000+00:00,1
2026-09-08 16:00:00+00:00,262.5,269.6,256.4,257.9,5190617.0,2026-09-08 19:59:59.999000+00:00,1
2026-09-08 20:00:00+00:00,257.8,260.8,256.4,258.3,992328.0,2026-09-08 23:59:59.999000+00:00,1
2026-09-09 00:00:00+00:00,258.4,260.2,253.9,255.1,1139714.0,2026-09-09 03:59:59.999000+00:00,1
2026-09-09 04:00:00+00:00,255.1,262.1,255.0,261.4,1952524.0,2026-09-09 07:59:59.999000+00:00,1
2026-09-09 08:00:00+00:00,261.3,267.8,256.5,265.5,3099906.0,2026-09-09 11:59:59.999000+00:00,1
2026-09-09 12:00:00+00:00,265.4,269.8,255.2,257.8,5847808.0,2026-09-09 15:59:59.999000+00:00,1
2026-09-09 16:00:00+00:00,257.8,262.0,255.5,256.3,2589107.0,2026-09-09 19:59:59.999000+00:00,1
2026-09-09 20:00:00+00:00,256.3,259.6,250.1,254.1,2020157.0,2026-09-09 23:59:59.999000+00:00,1
2026-09-10 00:00:00+00:00,254.1,256.6,250.3,256.1,1647112.0,2026-09-10 03:59:59.999000+00:00,1
2026-09-10 04:00:00+00:00,256.1,257.7,251.1,251.6,1977645.0,2026-09-10 07:59:59.999000+00:00,1
2026-09-10 08:00:00+00:00,251.5,253.9,249.2,251.0,1585101.0,2026-09-10 11:59:59.999000+00:00,1
2026-09-10 12:00:00+00:00,250.9,251.6,238.4,240.6,6971635.0,2026-09-10 15:59:59.999000+00:00,1
2026-09-10 16:00:00+00:00,240.5,243.3,236.3,239.0,2929977.0,2026-09-10 19:59:59.999000+00:00,1
2026-09-10 20:00:00+00:00,239.0,240.6,234.6,235.1,1302129.0,2026-09-10 23:59:59.999000+00:00,1
2026-09-11 00:00:00+00:00,235.2,237.0,233.3,234.9,1783801.0,2026-09-11 03:59:59.999000+00:00,1
2026-09-11 04:00:00+00:00,235.0,237.6,234.6,235.5,1866338.0,2026-09-11 07:59:59.999000+00:00,1
2026-09-11 08:00:00+00:00,235.5,238.0,230.4,232.2,2696146.0,2026-09-11 11:59:59.999000+00:00,1
2026-09-11 12:00:00+00:00,232.1,246.9,228.2,237.8,8057097.0,2026-09-11 15:59:59.999000+00:00,1
2026-09-11 16:00:00+00:00,237.8,239.9,232.2,235.8,3602760.0,2026-09-11 19:59:59.999000+00:00,1
2026-09-11 20:00:00+00:00,235.8,236.8,232.3,235.4,1393724.0,2026-09-11 23:59:59.999000+00:00,1
2026-09-12 00:00:00+00:00,235.3,236.7,233.1,234.2,882606.0,2026-09-12 03:59:59.999000+00:00,1
2026-09-12 04:00:00+00:00,234.3,235.8,232.6,234.8,836229.0,2026-09-12 07:59:59.999000+00:00,1
2026-09-12 08:00:00+00:00,234.7,236.7,234.5,236.7,727507.0,2026-09-12 11:59:59.999000+00:00,1
2026-09-12 12:00:00+00:00,236.7,236.9,233.9,235.3,926380.0,2026-09-12 15:59:59.999000+00:00,1
2026-09-12 16:00:00+00:00,235.3,236.1,230.7,231.5,849134.0,2026-09-12 19:59:59.999000+00:00,1
2026-09-12 20:00:00+00:00,231.4,232.9,231.4,232.6,484867.0,2026-09-12 23:59:59.999000+00:00,1
2026-09-13 00:00:00+00:00,232.6,236.2,231.8,234.2,1073410.0,2026-09-13 03:59:59.999000+00:00,1
2026-09-13 04:00:00+00:00,234.2,239.1,234.1,235.7,1305231.0,2026-09-13 07:59:59.999000+00:00,1
2026-09-13 08:00:00+00:00,235.8,236.8,230.4,232.5,2143193.0,2026-09-13 11:59:59.999000+00:00,1
2026-09-13 12:00:00+00:00,232.5,237.2,232.2,232.9,1532419.0,2026-09-13 15:59:59.999000+00:00,1
2026-09-13 16:00:00+00:00,232.9,237.9,232.9,234.3,1339555.0,2026-09-13 19:59:59.999000+00:00,1
2026-09-13 20:00:00+00:00,234.4,238.2,230.7,231.2,1504075.0,2026-09-13 23:59:59.999000+00:00,1
2026-09-14 00:00:00+00:00,231.2,236.8,228.9,235.7,2026562.0,2026-09-14 03:59:59.999000+00:00,1
2026-09-14 04:00:00+00:00,235.6,236.5,232.8,234.8,950507.0,2026-09-14 07:59:59.999000+00:00,1
2026-09-14 08:00:00+00:00,234.9,237.6,233.1,234.6,1712642.0,2026-09-14 11:59:59.999000+00:00,1
2026-09-14 12:00:00+00:00,234.6,235.3,230.3,233.5,2777200.0,2026-09-14 15:59:59.999000+00:00,1
2026-09-14 16:00:00+00:00,233.5,238.8,233.1,236.8,2029109.0,2026-09-14 19:59:59.999000+00:00,1
2026-09-14 20:00:00+00:00,236.8,241.9,232.0,232.1,2004438.0,2026-09-14 23:59:59.999000+00:00,1
2026-09-15 00:00:00+00:00,232.2,233.1,230.4,230.9,1145876.0,2026-09-15 03:59:59.999000+00:00,1
2026-09-15 04:00:00+00:00,230.8,233.3,225.2,226.7,2000393.0,2026-09-15 07:59:59.999000+00:00,1
2026-09-15 08:00:00+00:00,226.7,227.4,223.3,224.6,1549390.0,2026-09-15 11:59:59.999000+00:00,1
2026-09-15 12:00:00+00:00,224.5,226.8,220.4,225.3,2842597.0,2026-09-15 15:59:59.999000+00:00,1
2026-09-15 16:00:00+00:00,225.3,227.0,215.2,221.9,4947755.0,2026-09-15 19:59:59.999000+00:00,1
2026-09-15 20:00:00+00:00,221.9,222.5,215.9,217.7,1489816.0,2026-09-15 23:59:59.999000+00:00,1
2026-09-16 00:00:00+00:00,217.8,218.8,215.5,218.6,1156374.0,2026-09-16 03:59:59.999000+00:00,1
2026-09-16 04:00:00+00:00,218.5,219.6,215.5,215.7,1061832.0,2026-09-16 07:59:59.999000+00:00,1
2026-09-16 08:00:00+00:00,215.7,219.2,213.1,218.9,2078185.0,2026-09-16 11:59:59.999000+00:00,1
2026-09-16 12:00:00+00:00,218.8,219.3,213.9,214.0,1854311.0,2026-09-16 15:59:59.999000+00:00,1
2026-09-16 16:00:00+00:00,214.0,221.1,213.8,218.2,3296250.0,2026-09-16 19:59:59.999000+00:00,1
2026-09-16 20:00:00+00:00,218.2,222.3,217.7,221.8,2018001.0,2026-09-16 23:59:59.999000+00:00,1
2026-09-17 00:00:00+00:00,221.8,226.4,221.6,224.6,1865307.0,2026-09-17 03:59:59.999000+00:00,1
2026-09-17 04:00:00+00:00,224.6,227.5,222.5,226.9,1014827.0,2026-09-17 07:59:59.999000+00:00,1
2026-09-17 08:00:00+00:00,227.0,229.0,225.1,226.6,1120070.0,2026-09-17 11:59:59.999000+00:00,1
2026-09-17 12:00:00+00:00,226.7,229.6,224.6,227.7,2028845.0,2026-09-17 15:59:59.999000+00:00,1
2026-09-17 16:00:00+00:00,227.7,231.7,227.3,230.3,1598911.0,2026-09-17 19:59:59.999000+00:00,1
2026-09-17 20:00:00+00:00,230.3,234.1,228.0,232.2,1514385.0,2026-09-17 23:59:59.999000+00:00,1
2026-09-18 00:00:00+00:00,232.2,241.4,231.2,239.8,2191717.0,2026-09-18 03:59:59.999000+00:00,1
2026-09-18 04:00:00+00:00,239.8,246.6,238.1,245.7,2627423.0,2026-09-18 07:59:59.999000+00:00,1
2026-09-18 08:00:00+00:00,245.8,251.5,243.2,245.7,3630231.0,2026-09-18 11:59:59.999000+00:00,1
2026-09-18 12:00:00+00:00,245.8,253.2,244.0,251.1,3613171.0,2026-09-18 15:59:59.999000+00:00,1
2026-09-18 16:00:00+00:00,251.1,252.9,246.6,250.2,2233608.0,2026-09-18 19:59:59.999000+00:00,1
2026-09-18 20:00:00+00:00,250.3,251.5,247.1,250.1,1415898.0,2026-09-18 23:59:59.999000+00:00,1
2026-09-19 00:00:00+00:00,250.2,259.2,249.0,256.7,2806061.0,2026-09-19 03:59:59.999000+00:00,1
2026-09-19 04:00:00+00:00,256.7,258.6,251.5,252.3,1799153.0,2026-09-19 07:59:59.999000+00:00,1
2026-09-19 08:00:00+00:00,252.4,272.4,251.9,268.2,6014258.0,2026-09-19 11:59:59.999000+00:00,1
2026-09-19 12:00:00+00:00,268.3,273.6,264.1,270.9,3047854.0,2026-09-19 15:59:59.999000+00:00,1
2026-09-19 16:00:00+00:00,270.9,272.7,261.1,262.8,2433109.0,2026-09-19 19:59:59.999000+00:00,1
2026-09-19 20:00:00+00:00,262.8,266.2,260.3,263.8,1654928.0,2026-09-19 23:59:59.999000+00:00,1
2026-09-20 00:00:00+00:00,263.7,268.9,250.9,253.3,5135618.0,2026-09-20 03:59:59.999000+00:00,1
2026-09-20 04:00:00+00:00,253.4,255.3,251.5,251.7,1494110.0,2026-09-20 07:59:59.999000+00:00,1
2026-09-20 08:00:00+00:00,251.8,255.6,248.0,251.2,2242720.0,2026-09-20 11:59:59.999000+00:00,1
2026-09-20 12:00:00+00:00,251.1,254.8,249.7,254.4,1912883.0,2026-09-20 15:59:59.999000+00:00,1
2026-09-20 16:00:00+00:00,254.5,266.4,253.9,264.6,4046686.0,2026-09-20 19:59:59.999000+00:00,1
2026-09-20 20:00:00+00:00,264.6,266.0,256.6,261.6,3003662.0,2026-09-20 23:59:59.999000+00:00,1
2026-09-21 00:00:00+00:00,261.6,271.7,260.7,267.0,3134066.0,2026-09-21 03:59:59.999000+00:00,1
2026-09-21 04:00:00+00:00,266.9,272.7,263.5,271.9,2445477.0,2026-09-21 07:59:59.999000+00:00,1
2026-09-21 08:00:00+00:00,271.8,288.9,271.6,283.8,6887927.0,2026-09-21 11:59:59.999000+00:00,1
2026-09-21 12:00:00+00:00,283.8,290.9,280.9,288.6,4028723.0,2026-09-21 15:59:59.999000+00:00,1
2026-09-21 16:00:00+00:00,288.6,307.2,277.5,306.6,6291379.0,2026-09-21 19:59:59.999000+00:00,1
2026-09-21 20:00:00+00:00,306.6,320.2,301.7,319.8,10277125.0,2026-09-21 23:59:59.999000+00:00,1
2026-09-22 00:00:00+00:00,319.7,325.4,306.2,315.0,8386485.0,2026-09-22 03:59:59.999000+00:00,1
2026-09-22 04:00:00+00:00,315.0,325.9,310.0,317.9,5554656.0,2026-09-22 07:59:59.999000+00:00,1
2026-09-22 08:00:00+00:00,318.0,324.7,311.4,319.2,5343291.0,2026-09-22 11:59:59.999000+00:00,1
2026-09-22 12:00:00+00:00,319.2,326.5,311.7,312.3,7592159.0,2026-09-22 15:59:59.999000+00:00,1
2026-09-22 16:00:00+00:00,312.2,315.2,306.7,312.5,4554350.0,2026-09-22 19:59:59.999000+00:00,1
2026-09-22 20:00:00+00:00,312.6,319.4,307.6,315.2,2643941.0,2026-09-22 23:59:59.999000+00:00,1
2026-09-23 00:00:00+00:00,315.2,318.8,309.4,314.7,2716432.0,2026-09-23 03:59:59.999000+00:00,1
2026-09-23 04:00:00+00:00,314.7,317.1,310.7,311.6,2031106.0,2026-09-23 07:59:59.999000+00:00,1
2026-09-23 08:00:00+00:00,311.6,315.6,300.5,305.1,4804541.0,2026-09-23 11:59:59.999000+00:00,1
2026-09-23 12:00:00+00:00,305.1,313.1,288.5,290.4,12837759.0,2026-09-23 15:59:59.999000+00:00,1
2026-09-23 16:00:00+00:00,290.4,296.7,284.5,289.2,4758782.0,2026-09-23 19:59:59.999000+00:00,1
2026-09-23 20:00:00+00:00,289.3,290.6,285.0,287.0,1952084.0,2026-09-23 23:59:59.999000+00:00,1
2026-09-24 00:00:00+00:00,287.1,289.9,282.5,285.8,2487846.0,2026-09-24 03:59:59.999000+00:00,1
2026-09-24 04:00:00+00:00,285.8,293.6,284.1,292.5,2122018.0,2026-09-24 07:59:59.999000+00:00,1
2026-09-24 08:00:00+00:00,292.6,292.7,277.9,281.5,3966187.0,2026-09-24 11:59:59.999000+00:00,1
2026-09-24 12:00:00+00:00,281.5,295.5,278.2,290.6,4824627.0,2026-09-24 15:59:59.999000+00:00,1
2026-09-24 16:00:00+00:00,290.7,304.3,287.4,297.7,5792720.0,2026-09-24 19:59:59.999000+00:00,1
2026-09-24 20:00:00+00:00,297.7,301.4,292.2,296.1,2656407.0,2026-09-24 23:59:59.999000+00:00,1
2026-09-25 00:00:00+00:00,296.1,300.1,292.7,294.2,1812515.0,2026-09-25 03:59:59.999000+00:00,1
2026-09-25 04:00:00+00:00,294.2,301.7,293.3,298.3,2354826.0,2026-09-25 07:59:59.999000+00:00,1
2026-09-25 08:00:00+00:00,298.4,309.9,296.8,305.4,3330462.0,2026-09-25 11:59:59.999000+00:00,1
2026-09-25 12:00:00+00:00,305.4,311.6,297.0,302.9,6250651.0,2026-09-25 15:59:59.999000+00:00,1
2026-09-25 16:00:00+00:00,302.9,309.4,300.7,307.1,2982688.0,2026-09-25 19:59:59.999000+00:00,1
2026-09-25 20:00:00+00:00,307.1,321.0,306.5,317.8,3050828.0,2026-09-25 23:59:59.999000+00:00,1
2026-09-26 00:00:00+00:00,317.7,318.6,311.1,311.4,1677690.0,2026-09-26 03:59:59.999000+00:00,1
2026-09-26 04:00:00+00:00,311.5,315.1,308.8,313.6,1363142.0,2026-09-26 07:59:59.999000+00:00,1
2026-09-26 08:00:00+00:00,313.6,332.2,310.1,329.8,3942033.0,2026-09-26 11:59:59.999000+00:00,1
2026-09-26 12:00:00+00:00,329.8,341.4,324.4,338.3,7813749.0,2026-09-26 15:59:59.999000+00:00,1
2026-09-26 16:00:00+00:00,338.4,338.8,320.3,320.6,3508639.0,2026-09-26 19:59:59.999000+00:00,1
2026-09-26 20:00:00+00:00,320.6,321.9,311.6,320.9,3490938.0,2026-09-26 23:59:59.999000+00:00,1
2026-09-27 00:00:00+00:00,320.9,324.6,317.1,320.7,1929242.0,2026-09-27 03:59:59.999000+00:00,1
2026-09-27 04:00:00+00:00,320.6,333.9,318.1,333.6,3304844.0,2026-09-27 07:59:59.999000+00:00,1
2026-09-27 08:00:00+00:00,333.6,336.3,326.1,330.1,3933959.0,2026-09-27 11:59:59.999000+00:00,1
2026-09-27 12:00:00+00:00,330.1,337.0,318.3,321.8,5137815.0,2026-09-27 15:59:59.999000+00:00,1
2026-09-27 16:00:00+00:00,321.9,329.8,321.2,328.1,1568113.0,2026-09-27 19:59:59.999000+00:00,1
2026-09-27 20:00:00+00:00,328.1,329.5,317.4,319.9,2918882.0,2026-09-27 23:59:59.999000+00:00,1
2026-09-28 00:00:00+00:00,319.8,322.7,306.1,307.7,4882136.0,2026-09-28 03:59:59.999000+00:00,1
2026-09-28 04:00:00+00:00,307.8,310.2,300.8,300.9,3712729.0,2026-09-28 07:59:59.999000+00:00,1
2026-09-28 08:00:00+00:00,301.0,307.1,297.7,305.9,3538292.0,2026-09-28 11:59:59.999000+00:00,1
2026-09-28 12:00:00+00:00,305.9,310.6,293.7,299.9,6635032.0,2026-09-28 15:59:59.999000+00:00,1
2026-09-28 16:00:00+00:00,299.8,307.5,298.2,303.2,4035820.0,2026-09-28 19:59:59.999000+00:00,1
2026-09-28 20:00:00+00:00,303.2,309.2,299.3,307.9,2050931.0,2026-09-28 23:59:59.999000+00:00,1
2026-09-29 00:00:00+00:00,308.0,309.6,295.2,300.8,3006535.0,2026-09-29 03:59:59.999000+00:00,1
2026-09-29 04:00:00+00:00,300.8,314.5,298.8,313.6,2944975.0,2026-09-29 07:59:59.999000+00:00,1
2026-09-29 08:00:00+00:00,313.7,318.0,310.5,316.2,3187464.0,2026-09-29 11:59:59.999000+00:00,1
2026-09-29 12:00:00+00:00,316.2,318.9,304.7,306.6,4889335.0,2026-09-29 15:59:59.999000+00:00,1
2026-09-29 16:00:00+00:00,306.5,311.7,302.6,303.0,2899892.0,2026-09-29 19:59:59.999000+00:00,1
2026-09-29 20:00:00+00:00,303.0,306.2,298.6,300.3,2102838.0,2026-09-29 23:59:59.999000+00:00,1
2026-09-30 00:00:00+00:00,300.3,304.9,297.0,300.4,2225121.0,2026-09-30 03:59:59.999000+00:00,1
2026-09-30 04:00:00+00:00,300.4,305.8,298.2,301.0,2282870.0,2026-09-30 07:59:59.999000+00:00,1
2026-09-30 08:00:00+00:00,301.0,307.1,299.4,306.0,2569625.0,2026-09-30 11:59:59.999000+00:00,1
2026-09-30 12:00:00+00:00,306.0,314.4,300.5,306.3,6828229.0,2026-09-30 15:59:59.999000+00:00,1
2026-09-30 16:00:00+00:00,306.3,310.3,298.7,299.5,2546444.0,2026-09-30 19:59:59.999000+00:00,1
2026-09-30 20:00:00+00:00,299.5,304.3,297.2,300.6,1379924.0,2026-09-30 23:59:59.999000+00:00,1
2026-10-01 00:00:00+00:00,300.7,307.4,299.9,306.7,1114402.0,2026-10-01 03:59:59.999000+00:00,1
2026-10-01 04:00:00+00:00,306.8,312.3,304.3,305.1,2670192.0,2026-10-01 07:59:59.999000+00:00,1
2026-10-01 08:00:00+00:00,305.1,309.2,302.0,305.4,2346330.0,2026-10-01 11:59:59.999000+00:00,1
2026-10-01 12:00:00+00:00,305.4,310.4,299.4,304.7,4517929.0,2026-10-01 15:59:59.999000+00:00,1
2026-10-01 16:00:00+00:00,304.7,308.3,299.8,304.8,2998279.0,2026-10-01 19:59:59.999000+00:00,1
2026-10-01 20:00:00+00:00,304.7,305.9,299.8,303.1,1123855.0,2026-10-01 23:59:59.999000+00:00,1
2026-10-02 00:00:00+00:00,303.1,308.4,300.6,307.0,1965736.0,2026-10-02 03:59:59.999000+00:00,1
2026-10-02 04:00:00+00:00,307.2,313.2,304.9,310.2,2320654.0,2026-10-02 07:59:59.999000+00:00,1
2026-10-02 08:00:00+00:00,310.3,314.2,309.2,309.4,1862917.0,2026-10-02 11:59:59.999000+00:00,1
2026-10-02 12:00:00+00:00,309.3,316.3,306.6,308.4,4259990.0,2026-10-02 15:59:59.999000+00:00,1
2026-10-02 16:00:00+00:00,308.4,312.9,281.5,285.8,9958474.0,2026-10-02 19:59:59.999000+00:00,1
2026-10-02 20:00:00+00:00,285.9,292.7,285.0,291.8,2411070.0,2026-10-02 23:59:59.999000+00:00,1
2026-10-03 00:00:00+00:00,291.9,296.3,290.7,292.1,2429225.0,2026-10-03 03:59:59.999000+00:00,1
2026-10-03 04:00:00+00:00,292.1,292.5,288.1,289.0,1394723.0,2026-10-03 07:59:59.999000+00:00,1
2026-10-03 08:00:00+00:00,288.9,292.1,287.8,290.9,1429074.0,2026-10-03 11:59:59.999000+00:00,1
2026-10-03 12:00:00+00:00,290.9,294.4,288.5,292.1,1483800.0,2026-10-03 15:59:59.999000+00:00,1
2026-10-03 16:00:00+00:00,292.1,296.5,290.3,295.1,2068067.0,2026-10-03 19:59:59.999000+00:00,1
2026-10-03 20:00:00+00:00,295.2,308.1,295.2,307.1,3534789.0,2026-10-03 23:59:59.999000+00:00,1
2026-10-04 00:00:00+00:00,307.0,310.6,304.3,305.7,2649283.0,2026-10-04 03:59:59.999000+00:00,1
2026-10-04 04:00:00+00:00,305.8,307.9,302.9,305.0,1305626.0,2026-10-04 07:59:59.999000+00:00,1
2026-10-04 08:00:00+00:00,305.0,306.2,300.2,301.2,2002398.0,2026-10-04 11:59:59.999000+00:00,1
2026-10-04 12:00:00+00:00,301.2,306.8,300.4,303.9,1373825.0,2026-10-04 15:59:59.999000+00:00,1
2026-10-04 16:00:00+00:00,304.0,305.7,301.6,302.6,991072.0,2026-10-04 19:59:59.999000+00:00,1
2026-10-04 20:00:00+00:00,302.6,305.7,301.2,304.5,1261075.0,2026-10-04 23:59:59.999000+00:00,1
2026-10-05 00:00:00+00:00,304.4,306.7,301.6,302.0,2167391.0,2026-10-05 03:59:59.999000+00:00,1
2026-10-05 04:00:00+00:00,302.0,308.1,295.3,307.1,3770951.0,2026-10-05 07:59:59.999000+00:00,1
2026-10-05 08:00:00+00:00,307.1,308.2,302.6,306.2,2983664.0,2026-10-05 11:59:59.999000+00:00,1
2026-10-05 12:00:00+00:00,306.1,306.3,297.6,299.6,2929829.0,2026-10-05 15:59:59.999000+00:00,1
2026-10-05 16:00:00+00:00,299.7,304.9,296.5,304.5,1644312.0,2026-10-05 19:59:59.999000+00:00,1
2026-10-05 20:00:00+00:00,304.6,309.2,304.0,305.8,1583567.0,2026-10-05 23:59:59.999000+00:00,1
2026-10-06 00:00:00+00:00,305.9,307.0,299.2,301.1,1525456.0,2026-10-06 03:59:59.999000+00:00,1
2026-10-06 04:00:00+00:00,301.1,304.1,298.0,301.1,2277367.0,2026-10-06 07:59:59.999000+00:00,0
