ts,open,high,low,close,volume,close_time,confirm
2026-04-10 20:00:00+00:00,2.892,2.893,2.839,2.849,19266664.0,2026-04-10 23:59:59.999000+00:00,1
2026-04-11 00:00:00+00:00,2.848,2.849,2.814,2.824,31836037.0,2026-04-11 03:59:59.999000+00:00,1
2026-04-11 04:00:00+00:00,2.824,2.849,2.793,2.813,39364898.0,2026-04-11 07:59:59.999000+00:00,1
2026-04-11 08:00:00+00:00,2.812,2.828,2.777,2.815,41353508.0,2026-04-11 11:59:59.999000+00:00,1
2026-04-11 12:00:00+00:00,2.815,2.84,2.788,2.827,29695327.0,2026-04-11 15:59:59.999000+00:00,1
2026-04-11 16:00:00+00:00,2.827,2.861,2.811,2.86,23056426.0,2026-04-11 19:59:59.999000+00:00,1
2026-04-11 20:00:00+00:00,2.86,2.865,2.809,2.825,18994895.0,2026-04-11 23:59:59.999000+00:00,1
2026-04-12 00:00:00+00:00,2.824,2.83,2.757,2.782,48056997.0,2026-04-12 03:59:59.999000+00:00,1
2026-04-12 04:00:00+00:00,2.782,2.837,2.764,2.814,40815622.0,2026-04-12 07:59:59.999000+00:00,1
2026-04-12 08:00:00+00:00,2.813,2.817,2.777,2.802,23800759.0,2026-04-12 11:59:59.999000+00:00,1
2026-04-12 12:00:00+00:00,2.802,2.844,2.77,2.823,50475384.0,2026-04-12 15:59:59.999000+00:00,1
2026-04-12 16:00:00+00:00,2.823,2.831,2.781,2.804,24544536.0,2026-04-12 19:59:59.999000+00:00,1
2026-04-12 20:00:00+00:00,2.804,2.815,2.786,2.792,10983531.0,2026-04-12 23:59:59.999000+00:00,1
2026-04-13 00:00:00+00:00,2.791,2.805,2.775,2.792,16418471.0,2026-04-13 03:59:59.999000+00:00,1
2026-04-13 04:00:00+00:00,2.792,2.817,2.78,2.796,19734384.0,2026-04-13 07:59:59.999000+00:00,1
2026-04-13 08:00:00+00:00,2.796,2.806,2.79,2.797,11157875.0,2026-04-13 11:59:59.999000+00:00,1
2026-04-13 12:00:00+00:00,2.797,2.846,2.789,2.814,33736715.0,2026-04-13 15:59:59.999000+00:00,1
2026-04-13 16:00:00+00:00,2.814,2.844,2.805,2.835,19657487.0,2026-04-13 19:59:59.999000+00:00,1
2026-04-13 20:00:00+00:00,2.835,2.88,2.822,2.873,23938798.0,2026-04-13 23:59:59.999000+00:00,1
2026-04-14 00:00:00+00:00,2.873,2.88,2.839,2.858,29444605.0,2026-04-14 03:59:59.999000+00:00,1
2026-04-14 04:00:00+00:00,2.859,2.863,2.817,2.825,21741011.0,2026-04-14 07:59:59.999000+00:00,1
2026-04-14 08:00:00+00:00,2.825,2.871,2.821,2.846,35315097.0,2026-04-14 11:59:59.999000+00:00,1
2026-04-14 12:00:00+00:00,2.846,2.853,2.767,2.805,105427579.0,2026-04-14 15:59:59.999000+00:00,1
2026-04-14 16:00:00+00:00,2.806,2.82,2.77,2.785,39314846.0,2026-04-14 19:59:59.999000+00:00,1
2026-04-14 20:00:00+00:00,2.785,2.803,2.77,2.802,19174422.0,2026-04-14 23:59:59.999000+00:00,1
2026-04-15 00:00:00+00:00,2.803,2.812,2.787,2.798,18280722.0,2026-04-15 03:59:59.999000+00:00,1
2026-04-15 04:00:00+00:00,2.799,2.811,2.783,2.792,21380817.0,2026-04-15 07:59:59.999000+00:00,1
2026-04-15 08:00:00+00:00,2.791,2.843,2.79,2.828,33605054.0,2026-04-15 11:59:59.999000+00:00,1
2026-04-15 12:00:00+00:00,2.829,2.855,2.786,2.809,67185140.0,2026-04-15 15:59:59.999000+00:00,1
2026-04-15 16:00:00+00:00,2.808,2.883,2.802,2.865,28810506.0,2026-04-15 19:59:59.999000+00:00,1
2026-04-15 20:00:00+00:00,2.865,2.937,2.856,2.935,41221434.0,2026-04-15 23:59:59.999000+00:00,1
2026-04-16 00:00:00+00:00,2.936,3.029,2.884,2.895,109479969.0,2026-04-16 03:59:59.999000+00:00,1
2026-04-16 04:00:00+00:00,2.895,2.925,2.862,2.915,49635052.0,2026-04-16 07:59:59.999000+00:00,1
2026-04-16 08:00:00+00:00,2.915,2.915,2.877,2.904,36240052.0,2026-04-16 11:59:59.999000+00:00,1
2026-04-16 12:00:00+00:00,2.904,2.985,2.902,2.971,92674106.0,2026-04-16 15:59:59.999000+00:00,1
2026-04-16 16:00:00+00:00,2.972,3.117,2.962,3.072,93431352.0,2026-04-16 19:59:59.999000+00:00,1
2026-04-16 20:00:00+00:00,3.073,3.107,3.01,3.068,43433131.0,2026-04-16 23:59:59.999000+00:00,1
2026-04-17 00:00:00+00:00,3.069,3.097,3.012,3.041,50384839.0,2026-04-17 03:59:59.999000+00:00,1
2026-04-17 04:00:00+00:00,3.041,3.046,2.976,3.011,35813633.0,2026-04-17 07:59:59.999000+00:00,1
2026-04-17 08:00:00+00:00,3.012,3.03,2.981,3.019,37819655.0,2026-04-17 11:59:59.999000+00:00,1
2026-04-17 12:00:00+00:00,3.019,3.078,3.006,3.044,64775688.0,2026-04-17 15:59:59.999000+00:00,1
2026-04-17 16:00:00+00:00,3.045,3.078,3.031,3.062,34839866.0,2026-04-17 19:59:59.999000+00:00,1
2026-04-17 20:00:00+00:00,3.063,3.078,3.034,3.038,14781090.0,2026-04-17 23:59:59.999000+00:00,1
2026-04-18 00:00:00+00:00,3.039,3.041,2.981,2.99,39763917.0,2026-04-18 03:59:59.999000+00:00,1
2026-04-18 04:00:00+00:00,2.991,3.023,2.977,3.009,17189687.0,2026-04-18 07:59:59.999000+00:00,1
2026-04-18 08:00:00+00:00,3.008,3.012,2.893,2.909,71144378.0,2026-04-18 11:59:59.999000+00:00,1
2026-04-18 12:00:00+00:00,2.908,2.935,2.892,2.924,25294154.0,2026-04-18 15:59:59.999000+00:00,1
2026-04-18 16:00:00+00:00,2.924,2.932,2.85,2.869,41921355.0,2026-04-18 19:59:59.999000+00:00,1
2026-04-18 20:00:00+00:00,2.868,2.888,2.854,2.875,11850498.0,2026-04-18 23:59:59.999000+00:00,1
2026-04-19 00:00:00+00:00,2.875,2.881,2.804,2.816,42019629.0,2026-04-19 03:59:59.999000+00:00,1
2026-04-19 04:00:00+00:00,2.816,2.857,2.81,2.834,25803350.0,2026-04-19 07:59:59.999000+00:00,1
2026-04-19 08:00:00+00:00,2.834,2.853,2.811,2.846,23163833.0,2026-04-19 11:59:59.999000+00:00,1
2026-04-19 12:00:00+00:00,2.846,2.875,2.811,2.843,40994791.0,2026-04-19 15:59:59.999000+00:00,1
2026-04-19 16:00:00+00:00,2.842,2.847,2.793,2.818,32116040.0,2026-04-19 19:59:59.999000+00:00,1
2026-04-19 20:00:00+00:00,2.817,2.818,2.763,2.791,31398085.0,2026-04-19 23:59:59.999000+00:00,1
2026-04-20 00:00:00+00:00,2.791,2.853,2.788,2.851,30020381.0,2026-04-20 03:59:59.999000+00:00,1
2026-04-20 04:00:00+00:00,2.852,2.86,2.815,2.834,36950092.0,2026-04-20 07:59:59.999000+00:00,1
2026-04-20 08:00:00+00:00,2.835,2.853,2.82,2.84,18771462.0,2026-04-20 11:59:59.999000+00:00,1
2026-04-20 12:00:00+00:00,2.84,2.875,2.83,2.865,28227997.0,2026-04-20 15:59:59.999000+00:00,1
2026-04-20 16:00:00+00:00,2.864,2.898,2.851,2.885,26439808.0,2026-04-20 19:59:59.999000+00:00,1
2026-04-20 20:00:00+00:00,2.885,2.904,2.857,2.87,15731021.0,2026-04-20 23:59:59.999000+00:00,1
2026-04-21 00:00:00+00:00,2.87,2.886,2.837,2.844,20366589.0,2026-04-21 03:59:59.999000+00:00,1
2026-04-21 04:00:00+00:00,2.844,2.862,2.835,2.852,21931278.0,2026-04-21 07:59:59.999000+00:00,1
2026-04-21 08:00:00+00:00,2.852,2.912,2.848,2.882,29414220.0,2026-04-21 11:59:59.999000+00:00,1
2026-04-21 12:00:00+00:00,2.882,2.892,2.85,2.867,33848888.0,2026-04-21 15:59:59.999000+00:00,1
2026-04-21 16:00:00+00:00,2.868,2.873,2.802,2.811,41841567.0,2026-04-21 19:59:59.999000+00:00,1
2026-04-21 20:00:00+00:00,2.81,2.86,2.808,2.852,17778689.0,2026-04-21 23:59:59.999000+00:00,1
2026-04-22 00:00:00+00:00,2.853,2.899,2.839,2.879,19767373.0,2026-04-22 03:59:59.999000+00:00,1
2026-04-22 04:00:00+00:00,2.879,2.982,2.874,2.97,44582472.0,2026-04-22 07:59:59.999000+00:00,1
2026-04-22 08:00:00+00:00,2.97,3.029,2.966,3.015,61595425.0,2026-04-22 11:59:59.999000+00:00,1
2026-04-22 12:00:00+00:00,3.015,3.042,2.976,2.982,51107987.0,2026-04-22 15:59:59.999000+00:00,1
2026-04-22 16:00:00+00:00,2.983,2.998,2.921,2.941,35562511.0,2026-04-22 19:59:59.999000+00:00,1
2026-04-22 20:00:00+00:00,2.941,2.95,2.9,2.91,22833112.0,2026-04-22 23:59:59.999000+00:00,1
2026-04-23 00:00:00+00:00,2.91,2.914,2.827,2.847,45608326.0,2026-04-23 03:59:59.999000+00:00,1
2026-04-23 04:00:00+00:00,2.847,2.877,2.841,2.86,22306662.0,2026-04-23 07:59:59.999000+00:00,1
2026-04-23 08:00:00+00:00,2.86,2.873,2.831,2.863,31184801.0,2026-04-23 11:59:59.999000+00:00,1
2026-04-23 12:00:00+00:00,2.862,2.881,2.851,2.875,23406807.0,2026-04-23 15:59:59.999000+00:00,1
2026-04-23 16:00:00+00:00,2.875,2.877,2.804,2.833,42189600.0,2026-04-23 19:59:59.999000+00:00,1
2026-04-23 20:00:00+00:00,2.833,2.871,2.831,2.865,12601426.0,2026-04-23 23:59:59.999000+00:00,1
2026-04-24 00:00:00+00:00,2.866,2.89,2.833,2.854,22741578.0,2026-04-24 03:59:59.999000+00:00,1
2026-04-24 04:00:00+00:00,2.855,2.88,2.844,2.871,14207069.0,2026-04-24 07:59:59.999000+00:00,1
2026-04-24 08:00:00+00:00,2.871,2.903,2.842,2.89,35773449.0,2026-04-24 11:59:59.999000+00:00,1
2026-04-24 12:00:00+00:00,2.89,2.924,2.866,2.921,43635994.0,2026-04-24 15:59:59.999000+00:00,1
2026-04-24 16:00:00+00:00,2.922,3.127,2.913,3.011,303784849.0,2026-04-24 19:59:59.999000+00:00,1
2026-04-24 20:00:00+00:00,3.011,3.02,2.841,2.879,93241920.0,2026-04-24 23:59:59.999000+00:00,1
2026-04-25 00:00:00+00:00,2.878,2.933,2.858,2.924,36968208.0,2026-04-25 03:59:59.999000+00:00,1
2026-04-25 04:00:00+00:00,2.924,2.943,2.89,2.937,38095927.0,2026-04-25 07:59:59.999000+00:00,1
2026-04-25 08:00:00+00:00,2.937,2.984,2.853,2.871,120693867.0,2026-04-25 11:59:59.999000+00:00,1
2026-04-25 12:00:00+00:00,2.871,2.871,2.456,2.533,624638435.0,2026-04-25 15:59:59.999000+00:00,1
2026-04-25 16:00:00+00:00,2.533,2.582,2.49,2.538,123277051.0,2026-04-25 19:59:59.999000+00:00,1
2026-04-25 20:00:00+00:00,2.538,2.566,2.52,2.566,51403864.0,2026-04-25 23:59:59.999000+00:00,1
2026-04-26 00:00:00+00:00,2.565,2.653,2.541,2.621,130169676.0,2026-04-26 03:59:59.999000+00:00,1
2026-04-26 04:00:00+00:00,2.621,2.684,2.607,2.657,100611510.0,2026-04-26 07:59:59.999000+00:00,1
2026-04-26 08:00:00+00:00,2.657,2.702,2.642,2.687,74762977.0,2026-04-26 11:59:59.999000+00:00,1
2026-04-26 12:00:00+00:00,2.687,2.697,2.621,2.656,104271848.0,2026-04-26 15:59:59.999000+00:00,1
2026-04-26 16:00:00+00:00,2.656,2.668,2.603,2.607,48466050.0,2026-04-26 19:59:59.999000+00:00,1
2026-04-26 20:00:00+00:00,2.607,2.633,2.601,2.61,29436467.0,2026-04-26 23:59:59.999000+00:00,1
2026-04-27 00:00:00+00:00,2.61,2.623,2.581,2.604,54822723.0,2026-04-27 03:59:59.999000+00:00,1
2026-04-27 04:00:00+00:00,2.604,2.608,2.527,2.553,75131663.0,2026-04-27 07:59:59.999000+00:00,1
2026-04-27 08:00:00+00:00,2.553,2.563,2.533,2.546,31211050.0,2026-04-27 11:59:59.999000+00:00,1
2026-04-27 12:00:00+00:00,2.546,2.555,2.421,2.498,138116570.0,2026-04-27 15:59:59.999000+00:00,1
2026-04-27 16:00:00+00:00,2.498,2.521,2.487,2.505,45186896.0,2026-04-27 19:59:59.999000+00:00,1
2026-04-27 20:00:00+00:00,2.504,2.528,2.5,2.525,17594051.0,2026-04-27 23:59:59.999000+00:00,1
2026-04-28 00:00:00+00:00,2.525,2.534,2.501,2.511,23071483.0,2026-04-28 03:59:59.999000+00:00,1
2026-04-28 04:00:00+00:00,2.51,2.525,2.454,2.48,42073672.0,2026-04-28 07:59:59.999000+00:00,1
2026-04-28 08:00:00+00:00,2.479,2.492,2.443,2.453,40745531.0,2026-04-28 11:59:59.999000+00:00,1
2026-04-28 12:00:00+00:00,2.454,2.471,2.434,2.464,40376013.0,2026-04-28 15:59:59.999000+00:00,1
2026-04-28 16:00:00+00:00,2.464,2.525,2.453,2.507,30770530.0,2026-04-28 19:59:59.999000+00:00,1
2026-04-28 20:00:00+00:00,2.508,2.52,2.478,2.485,22416944.0,2026-04-28 23:59:59.999000+00:00,1
2026-04-29 00:00:00+00:00,2.486,2.495,2.47,2.491,21597025.0,2026-04-29 03:59:59.999000+00:00,1
2026-04-29 04:00:00+00:00,2.491,2.511,2.457,2.471,38394426.0,2026-04-29 07:59:59.999000+00:00,1
2026-04-29 08:00:00+00:00,2.471,2.5,2.464,2.473,31591000.0,2026-04-29 11:59:59.999000+00:00,1
2026-04-29 12:00:00+00:00,2.473,2.475,2.354,2.369,150659006.0,2026-04-29 15:59:59.999000+00:00,1
2026-04-29 16:00:00+00:00,2.37,2.381,2.287,2.359,92404180.0,2026-04-29 19:59:59.999000+00:00,1
2026-04-29 20:00:00+00:00,2.36,2.427,2.357,2.39,40799939.0,2026-04-29 23:59:59.999000+00:00,1
2026-04-30 00:00:00+00:00,2.391,2.408,2.368,2.376,34247528.0,2026-04-30 03:59:59.999000+00:00,1
2026-04-30 04:00:00+00:00,2.376,2.397,2.358,2.388,23001912.0,2026-04-30 07:59:59.999000+00:00,1
2026-04-30 08:00:00+00:00,2.387,2.391,2.357,2.366,24152267.0,2026-04-30 11:59:59.999000+00:00,1
2026-04-30 12:00:00+00:00,2.366,2.396,2.362,2.384,22519720.0,2026-04-30 15:59:59.999000+00:00,1
2026-04-30 16:00:00+00:00,2.384,2.392,2.367,2.381,15059845.0,2026-04-30 19:59:59.999000+00:00,1
2026-04-30 20:00:00+00:00,2.38,2.389,2.37,2.381,10520136.0,2026-04-30 23:59:59.999000+00:00,1
2026-05-01 00:00:00+00:00,2.382,2.403,2.38,2.394,20648424.0,2026-05-01 03:59:59.999000+00:00,1
2026-05-01 04:00:00+00:00,2.394,2.401,2.348,2.362,34816787.0,2026-05-01 07:59:59.999000+00:00,1
2026-05-01 08:00:00+00:00,2.362,2.37,2.237,2.32,140250270.0,2026-05-01 11:59:59.999000+00:00,1
2026-05-01 12:00:00+00:00,2.321,2.352,2.316,2.342,41552165.0,2026-05-01 15:59:59.999000+00:00,1
2026-05-01 16:00:00+00:00,2.342,2.348,2.318,2.32,20991529.0,2026-05-01 19:59:59.999000+00:00,1
2026-05-01 20:00:00+00:00,2.321,2.331,2.306,2.31,20039472.0,2026-05-01 23:59:59.999000+00:00,1
2026-05-02 00:00:00+00:00,2.31,2.324,2.245,2.273,61655641.0,2026-05-02 03:59:59.999000+00:00,1
2026-05-02 04:00:00+00:00,2.273,2.283,2.241,2.268,41757854.0,2026-05-02 07:59:59.999000+00:00,1
2026-05-02 08:00:00+00:00,2.268,2.282,2.261,2.273,16573982.0,2026-05-02 11:59:59.999000+00:00,1
2026-05-02 12:00:00+00:00,2.273,2.341,2.273,2.332,64681284.0,2026-05-02 15:59:59.999000+00:00,1
2026-05-02 16:00:00+00:00,2.333,2.378,2.325,2.368,32239453.0,2026-05-02 19:59:59.999000+00:00,1
2026-05-02 20:00:00+00:00,2.369,2.379,2.348,2.354,15609795.0,2026-05-02 23:59:59.999000+00:00,1
2026-05-03 00:00:00+00:00,2.355,2.37,2.321,2.333,24416520.0,2026-05-03 03:59:59.999000+00:00,1
2026-05-03 04:00:00+00:00,2.334,2.357,2.325,2.345,19250391.0,2026-05-03 07:59:59.999000+00:00,1
2026-05-03 08:00:00+00:00,2.345,2.35,2.313,2.323,23616787.0,2026-05-03 11:59:59.999000+00:00,1
2026-05-03 12:00:00+00:00,2.324,2.338,2.315,2.331,13033365.0,2026-05-03 15:59:59.999000+00:00,1
2026-05-03 16:00:00+00:00,2.331,2.336,2.318,2.331,9227075.0,2026-05-03 19:59:59.999000+00:00,1
2026-05-03 20:00:00+00:00,2.331,2.35,2.322,2.329,14075574.0,2026-05-03 23:59:59.999000+00:00,1
2026-05-04 00:00:00+00:00,2.328,2.366,2.306,2.359,34858010.0,2026-05-04 03:59:59.999000+00:00,1
2026-05-04 04:00:00+00:00,2.359,2.374,2.337,2.341,22948878.0,2026-05-04 07:59:59.999000+00:00,1
2026-05-04 08:00:00+00:00,2.341,2.347,2.285,2.312,43107370.0,2026-05-04 11:59:59.999000+00:00,1
2026-05-04 12:00:00+00:00,2.311,2.333,2.291,2.312,39414805.0,2026-05-04 15:59:59.999000+00:00,1
2026-05-04 16:00:00+00:00,2.311,2.335,2.305,2.319,20700309.0,2026-05-04 19:59:59.999000+00:00,1
2026-05-04 20:00:00+00:00,2.319,2.34,2.305,2.313,12697516.0,2026-05-04 23:59:59.999000+00:00,1
2026-05-05 00:00:00+00:00,2.313,2.342,2.307,2.325,24664928.0,2026-05-05 03:59:59.999000+00:00,1
2026-05-05 04:00:00+00:00,2.326,2.366,2.319,2.364,23017852.0,2026-05-05 07:59:59.999000+00:00,1
2026-05-05 08:00:00+00:00,2.364,2.462,2.32,2.35,122583498.0,2026-05-05 11:59:59.999000+00:00,1
2026-05-05 12:00:00+00:00,2.349,2.403,2.34,2.372,44945471.0,2026-05-05 15:59:59.999000+00:00,1
2026-05-05 16:00:00+00:00,2.372,2.394,2.347,2.393,23411278.0,2026-05-05 19:59:59.999000+00:00,1
2026-05-05 20:00:00+00:00,2.393,2.405,2.368,2.372,23112485.0,2026-05-05 23:59:59.999000+00:00,1
2026-05-06 00:00:00+00:00,2.372,2.4,2.361,2.395,20258669.0,2026-05-06 03:59:59.999000+00:00,1
2026-05-06 04:00:00+00:00,2.396,2.403,2.37,2.4,20174033.0,2026-05-06 07:59:59.999000+00:00,1
2026-05-06 08:00:00+00:00,2.399,2.453,2.398,2.414,46595281.0,2026-05-06 11:59:59.999000+00:00,1
2026-05-06 12:00:00+00:00,2.414,2.415,2.334,2.367,63688683.0,2026-05-06 15:59:59.999000+00:00,1
2026-05-06 16:00:00+00:00,2.366,2.378,2.336,2.355,18476577.0,2026-05-06 19:59:59.999000+00:00,1
2026-05-06 20:00:00+00:00,2.355,2.376,2.341,2.368,11020621.0,2026-05-06 23:59:59.999000+00:00,1
2026-05-07 00:00:00+00:00,2.369,2.369,2.316,2.325,29450764.0,2026-05-07 03:59:59.999000+00:00,1
2026-05-07 04:00:00+00:00,2.324,2.373,2.319,2.367,22338375.0,2026-05-07 07:59:59.999000+00:00,1
2026-05-07 08:00:00+00:00,2.367,2.392,2.345,2.382,23381243.0,2026-05-07 11:59:59.999000+00:00,1
2026-05-07 12:00:00+00:00,2.382,2.407,2.336,2.367,48227449.0,2026-05-07 15:59:59.999000+00:00,1
2026-05-07 16:00:00+00:00,2.368,2.398,2.364,2.378,21495298.0,2026-05-07 19:59:59.999000+00:00,1
2026-05-07 20:00:00+00:00,2.379,2.395,2.358,2.376,13671875.0,2026-05-07 23:59:59.999000+00:00,1
2026-05-08 00:00:00+00:00,2.377,2.401,2.344,2.363,29615027.0,2026-05-08 03:59:59.999000+00:00,1
2026-05-08 04:00:00+00:00,2.364,2.403,2.359,2.392,21367001.0,2026-05-08 07:59:59.999000+00:00,1
2026-05-08 08:00:00+00:00,2.393,2.415,2.385,2.397,21876163.0,2026-05-08 11:59:59.999000+00:00,1
2026-05-08 12:00:00+00:00,2.398,2.415,2.376,2.414,24607839.0,2026-05-08 15:59:59.999000+00:00,1
2026-05-08 16:00:00+00:00,2.414,2.491,2.405,2.462,73835822.0,2026-05-08 19:59:59.999000+00:00,1
2026-05-08 20:00:00+00:00,2.462,2.48,2.451,2.477,20542107.0,2026-05-08 23:59:59.999000+00:00,1
2026-05-09 00:00:00+00:00,2.477,2.514,2.456,2.495,28509741.0,2026-05-09 03:59:59.999000+00:00,1
2026-05-09 04:00:00+00:00,2.495,2.516,2.465,2.476,22817982.0,2026-05-09 07:59:59.999000+00:00,1
2026-05-09 08:00:00+00:00,2.477,2.49,2.453,2.476,20115241.0,2026-05-09 11:59:59.999000+00:00,1
2026-05-09 12:00:00+00:00,2.476,2.481,2.433,2.443,22243112.0,2026-05-09 15:59:59.999000+00:00,1
2026-05-09 16:00:00+00:00,2.443,2.467,2.428,2.465,15440233.0,2026-05-09 19:59:59.999000+00:00,1
2026-05-09 20:00:00+00:00,2.466,2.472,2.448,2.458,7008410.0,2026-05-09 23:59:59.999000+00:00,1
2026-05-10 00:00:00+00:00,2.458,2.479,2.436,2.454,16247057.0,2026-05-10 03:59:59.999000+00:00,1
2026-05-10 04:00:00+00:00,2.453,2.467,2.441,2.447,11133542.0,2026-05-10 07:59:59.999000+00:00,1
2026-05-10 08:00:00+00:00,2.447,2.472,2.443,2.455,11466082.0,2026-05-10 11:59:59.999000+00:00,1
2026-05-10 12:00:00+00:00,2.454,2.485,2.448,2.484,16703467.0,2026-05-10 15:59:59.999000+00:00,1
2026-05-10 16:00:00+00:00,2.484,2.554,2.481,2.531,39802109.0,2026-05-10 19:59:59.999000+00:00,1
2026-05-10 20:00:00+00:00,2.531,2.535,2.414,2.486,56086832.0,2026-05-10 23:59:59.999000+00:00,1
2026-05-11 00:00:00+00:00,2.486,2.491,2.408,2.431,35620052.0,2026-05-11 03:59:59.999000+00:00,1
2026-05-11 04:00:00+00:00,2.431,2.452,2.418,2.433,20919772.0,2026-05-11 07:59:59.999000+00:00,1
2026-05-11 08:00:00+00:00,2.433,2.445,2.413,2.427,18895813.0,2026-05-11 11:59:59.999000+00:00,1
2026-05-11 12:00:00+00:00,2.427,2.43,2.381,2.426,33104899.0,2026-05-11 15:59:59.999000+00:00,1
2026-05-11 16:00:00+00:00,2.426,2.447,2.418,2.444,13683219.0,2026-05-11 19:59:59.999000+00:00,1
2026-05-11 20:00:00+00:00,2.445,2.452,2.423,2.428,8644352.0,2026-05-11 23:59:59.999000+00:00,1
2026-05-12 00:00:00+00:00,2.429,2.44,2.384,2.395,22927052.0,2026-05-12 03:59:59.999000+00:00,1
2026-05-12 04:00:00+00:00,2.394,2.406,2.373,2.381,21575591.0,2026-05-12 07:59:59.999000+00:00,1
2026-05-12 08:00:00+00:00,2.382,2.384,2.333,2.345,45145868.0,2026-05-12 11:59:59.999000+00:00,1
2026-05-12 12:00:00+00:00,2.345,2.349,2.295,2.312,62914569.0,2026-05-12 15:59:59.999000+00:00,1
2026-05-12 16:00:00+00:00,2.312,2.345,2.295,2.343,25325832.0,2026-05-12 19:59:59.999000+00:00,1
2026-05-12 20:00:00+00:00,2.344,2.581,2.341,2.445,245365690.0,2026-05-12 23:59:59.999000+00:00,1
2026-05-13 00:00:00+00:00,2.444,2.523,2.432,2.475,120537621.0,2026-05-13 03:59:59.999000+00:00,1
2026-05-13 04:00:00+00:00,2.475,2.503,2.411,2.471,88484767.0,2026-05-13 07:59:59.999000+00:00,1
2026-05-13 08:00:00+00:00,2.471,2.496,2.366,2.396,100894177.0,2026-05-13 11:59:59.999000+00:00,1
2026-05-13 12:00:00+00:00,2.395,2.409,2.322,2.334,146621050.0,2026-05-13 15:59:59.999000+00:00,1
2026-05-13 16:00:00+00:00,2.333,2.379,2.33,2.351,54953816.0,2026-05-13 19:59:59.999000+00:00,1
2026-05-13 20:00:00+00:00,2.351,2.368,2.332,2.361,25115261.0,2026-05-13 23:59:59.999000+00:00,1
2026-05-14 00:00:00+00:00,2.361,2.387,2.339,2.345,51312805.0,2026-05-14 03:59:59.999000+00:00,1
2026-05-14 04:00:00+00:00,2.345,2.375,2.336,2.351,39585644.0,2026-05-14 07:59:59.999000+00:00,1
2026-05-14 08:00:00+00:00,2.352,2.368,2.346,2.351,22586336.0,2026-05-14 11:59:59.999000+00:00,1
2026-05-14 12:00:00+00:00,2.351,2.407,2.349,2.401,61181856.0,2026-05-14 15:59:59.999000+00:00,1
2026-05-14 16:00:00+00:00,2.402,2.442,2.391,2.441,63379711.0,2026-05-14 19:59:59.999000+00:00,1
2026-05-14 20:00:00+00:00,2.441,2.444,2.366,2.373,40626196.0,2026-05-14 23:59:59.999000+00:00,1
2026-05-15 00:00:00+00:00,2.373,2.391,2.349,2.365,50963057.0,2026-05-15 03:59:59.999000+00:00,1
2026-05-15 04:00:00+00:00,2.365,2.365,2.313,2.342,50625249.0,2026-05-15 07:59:59.999000+00:00,1
2026-05-15 08:00:00+00:00,2.342,2.343,2.316,2.329,20706132.0,2026-05-15 11:59:59.999000+00:00,1
2026-05-15 12:00:00+00:00,2.329,2.33,2.193,2.231,173071815.0,2026-05-15 15:59:59.999000+00:00,1
2026-05-15 16:00:00+00:00,2.232,2.26,2.22,2.248,28574088.0,2026-05-15 19:59:59.999000+00:00,1
2026-05-15 20:00:00+00:00,2.248,2.253,2.24,2.25,15045463.0,2026-05-15 23:59:59.999000+00:00,1
2026-05-16 00:00:00+00:00,2.249,2.257,2.236,2.244,17266685.0,2026-05-16 03:59:59.999000+00:00,1
2026-05-16 04:00:00+00:00,2.243,2.246,2.119,2.156,116601610.0,2026-05-16 07:59:59.999000+00:00,1
2026-05-16 08:00:00+00:00,2.155,2.166,2.116,2.146,64879693.0,2026-05-16 11:59:59.999000+00:00,1
2026-05-16 12:00:00+00:00,2.146,2.178,2.144,2.172,24308527.0,2026-05-16 15:59:59.999000+00:00,1
2026-05-16 16:00:00+00:00,2.173,2.197,2.171,2.192,19932371.0,2026-05-16 19:59:59.999000+00:00,1
2026-05-16 20:00:00+00:00,2.192,2.195,2.167,2.173,12568687.0,2026-05-16 23:59:59.999000+00:00,1
2026-05-17 00:00:00+00:00,2.173,2.183,2.147,2.173,23764075.0,2026-05-17 03:59:59.999000+00:00,1
2026-05-17 04:00:00+00:00,2.172,2.191,2.171,2.182,13628644.0,2026-05-17 07:59:59.999000+00:00,1
2026-05-17 08:00:00+00:00,2.183,2.194,2.172,2.179,12975563.0,2026-05-17 11:59:59.999000+00:00,1
2026-05-17 12:00:00+00:00,2.178,2.183,2.161,2.166,20490029.0,2026-05-17 15:59:59.999000+00:00,1
2026-05-17 16:00:00+00:00,2.167,2.172,2.144,2.16,17915465.0,2026-05-17 19:59:59.999000+00:00,1
2026-05-17 20:00:00+00:00,2.16,2.172,2.021,2.083,120977033.0,2026-05-17 23:59:59.999000+00:00,1
2026-05-18 00:00:00+00:00,2.083,2.106,2.059,2.085,35295716.0,2026-05-18 03:59:59.999000+00:00,1
2026-05-18 04:00:00+00:00,2.086,2.096,2.045,2.061,41491994.0,2026-05-18 07:59:59.999000+00:00,1
2026-05-18 08:00:00+00:00,2.061,2.083,2.038,2.07,38202542.0,2026-05-18 11:59:59.999000+00:00,1
2026-05-18 12:00:00+00:00,2.071,2.088,2.013,2.039,70964523.0,2026-05-18 15:59:59.999000+00:00,1
2026-05-18 16:00:00+00:00,2.039,2.063,2.011,2.055,35591103.0,2026-05-18 19:59:59.999000+00:00,1
2026-05-18 20:00:00+00:00,2.055,2.08,2.048,2.073,16998378.0,2026-05-18 23:59:59.999000+00:00,1
2026-05-19 00:00:00+00:00,2.073,2.092,2.049,2.06,23795215.0,2026-05-19 03:59:59.999000+00:00,1
2026-05-19 04:00:00+00:00,2.06,2.077,2.055,2.071,14638063.0,2026-05-19 07:59:59.999000+00:00,1
2026-05-19 08:00:00+00:00,2.07,2.07,2.028,2.032,29649276.0,2026-05-19 11:59:59.999000+00:00,1
2026-05-19 12:00:00+00:00,2.032,2.053,2.015,2.025,46432676.0,2026-05-19 15:59:59.999000+00:00,1
2026-05-19 16:00:00+00:00,2.024,2.046,2.004,2.017,32907050.0,2026-05-19 19:59:59.999000+00:00,1
2026-05-19 20:00:00+00:00,2.017,2.034,2.003,2.014,19932232.0,2026-05-19 23:59:59.999000+00:00,1
2026-05-20 00:00:00+00:00,2.014,2.027,2.003,2.014,22976608.0,2026-05-20 03:59:59.999000+00:00,1
2026-05-20 04:00:00+00:00,2.015,2.046,2.008,2.031,25774178.0,2026-05-20 07:59:59.999000+00:00,1
2026-05-20 08:00:00+00:00,2.032,2.045,2.006,2.014,31426322.0,2026-05-20 11:59:59.999000+00:00,1
2026-05-20 12:00:00+00:00,2.013,2.058,1.964,2.054,83428378.0,2026-05-20 15:59:59.999000+00:00,1
2026-05-20 16:00:00+00:00,2.055,2.065,2.039,2.047,32397148.0,2026-05-20 19:59:59.999000+00:00,1
2026-05-20 20:00:00+00:00,2.047,2.059,2.018,2.03,21994028.0,2026-05-20 23:59:59.999000+00:00,1
2026-05-21 00:00:00+00:00,2.031,2.063,2.027,2.057,28511140.0,2026-05-21 03:59:59.999000+00:00,1
2026-05-21 04:00:00+00:00,2.058,2.067,2.034,2.05,20047794.0,2026-05-21 07:59:59.999000+00:00,1
2026-05-21 08:00:00+00:00,2.05,2.061,2.005,2.013,27651843.0,2026-05-21 11:59:59.999000+00:00,1
2026-05-21 12:00:00+00:00,2.012,2.048,2.01,2.044,22949444.0,2026-05-21 15:59:59.999000+00:00,1
2026-05-21 16:00:00+00:00,2.044,2.122,2.036,2.113,53232837.0,2026-05-21 19:59:59.999000+00:00,1
2026-05-21 20:00:00+00:00,2.113,2.119,2.067,2.077,19564042.0,2026-05-21 23:59:59.999000+00:00,1
2026-05-22 00:00:00+00:00,2.077,2.091,2.052,2.088,21069623.0,2026-05-22 03:59:59.999000+00:00,1
2026-05-22 04:00:00+00:00,2.089,2.099,2.066,2.086,21070812.0,2026-05-22 07:59:59.999000+00:00,1
2026-05-22 08:00:00+00:00,2.086,2.116,2.085,2.111,27084116.0,2026-05-22 11:59:59.999000+00:00,1
2026-05-22 12:00:00+00:00,2.11,2.146,2.083,2.104,50589036.0,2026-05-22 15:59:59.999000+00:00,1
2026-05-22 16:00:00+00:00,2.105,2.115,1.996,2.018,67899294.0,2026-05-22 19:59:59.999000+00:00,1
2026-05-22 20:00:00+00:00,2.017,2.064,2.004,2.016,29431851.0,2026-05-22 23:59:59.999000+00:00,1
2026-05-23 00:00:00+00:00,2.016,2.054,2.008,2.043,21213475.0,2026-05-23 03:59:59.999000+00:00,1
2026-05-23 04:00:00+00:00,2.044,2.077,1.932,1.978,87879953.0,2026-05-23 07:59:59.999000+00:00,1
2026-05-23 08:00:00+00:00,1.977,2.008,1.964,1.991,39586345.0,2026-05-23 11:59:59.999000+00:00,1
2026-05-23 12:00:00+00:00,1.991,2.064,1.989,2.059,36355722.0,2026-05-23 15:59:59.999000+00:00,1
2026-05-23 16:00:00+00:00,2.058,2.087,2.05,2.071,16434570.0,2026-05-23 19:59:59.999000+00:00,1
2026-05-23 20:00:00+00:00,2.071,2.125,2.069,2.098,33132087.0,2026-05-23 23:59:59.999000+00:00,1
2026-05-24 00:00:00+00:00,2.099,2.109,2.089,2.094,15490653.0,2026-05-24 03:59:59.999000+00:00,1
2026-05-24 04:00:00+00:00,2.095,2.113,2.076,2.108,21687028.0,2026-05-24 07:59:59.999000+00:00,1
2026-05-24 08:00:00+00:00,2.108,2.122,2.094,2.099,16708150.0,2026-05-24 11:59:59.999000+00:00,1
2026-05-24 12:00:00+00:00,2.099,2.102,2.032,2.07,35480227.0,2026-05-24 15:59:59.999000+00:00,1
2026-05-24 16:00:00+00:00,2.071,2.086,2.063,2.071,10384330.0,2026-05-24 19:59:59.999000+00:00,1
2026-05-24 20:00:00+00:00,2.071,2.072,2.023,2.06,25071994.0,2026-05-24 23:59:59.999000+00:00,1
2026-05-25 00:00:00+00:00,2.06,2.079,2.053,2.061,15105554.0,2026-05-25 03:59:59.999000+00:00,1
2026-05-25 04:00:00+00:00,2.062,2.102,2.058,2.099,20822246.0,2026-05-25 07:59:59.999000+00:00,1
2026-05-25 08:00:00+00:00,2.1,2.103,2.087,2.091,17329810.0,2026-05-25 11:59:59.999000+00:00,1
2026-05-25 12:00:00+00:00,2.092,2.096,2.056,2.09,42397666.0,2026-05-25 15:59:59.999000+00:00,1
2026-05-25 16:00:00+00:00,2.091,2.112,2.08,2.104,21220870.0,2026-05-25 19:59:59.999000+00:00,1
2026-05-25 20:00:00+00:00,2.103,2.105,2.068,2.079,14854503.0,2026-05-25 23:59:59.999000+00:00,1
2026-05-26 00:00:00+00:00,2.08,2.081,2.035,2.049,22908159.0,2026-05-26 03:59:59.999000+00:00,1
2026-05-26 04:00:00+00:00,2.048,2.077,2.038,2.05,17580199.0,2026-05-26 07:59:59.999000+00:00,1
2026-05-26 08:00:00+00:00,2.05,2.092,2.04,2.081,22562318.0,2026-05-26 11:59:59.999000+00:00,1
2026-05-26 12:00:00+00:00,2.082,2.093,2.029,2.045,42881282.0,2026-05-26 15:59:59.999000+00:00,1
2026-05-26 16:00:00+00:00,2.044,2.045,1.992,2.013,47873498.0,2026-05-26 19:59:59.999000+00:00,1
2026-05-26 20:00:00+00:00,2.013,2.026,2.004,2.012,9027366.0,2026-05-26 23:59:59.999000+00:00,1
2026-05-27 00:00:00+00:00,2.012,2.032,1.995,2.002,16503363.0,2026-05-27 03:59:59.999000+00:00,1
2026-05-27 04:00:00+00:00,2.003,2.014,1.969,2.011,32753109.0,2026-05-27 07:59:59.999000+00:00,1
2026-05-27 08:00:00+00:00,2.011,2.018,1.991,2.001,21014635.0,2026-05-27 11:59:59.999000+00:00,1
2026-05-27 12:00:00+00:00,2.001,2.032,1.977,2.018,55905501.0,2026-05-27 15:59:59.999000+00:00,1
2026-05-27 16:00:00+00:00,2.018,2.025,1.978,2.007,20379298.0,2026-05-27 19:59:59.999000+00:00,1
2026-05-27 20:00:00+00:00,2.006,2.011,1.913,1.952,43785593.0,2026-05-27 23:59:59.999000+00:00,1
2026-05-28 00:00:00+00:00,1.951,1.96,1.883,1.893,75920407.0,2026-05-28 03:59:59.999000+00:00,1
2026-05-28 04:00:00+00:00,1.894,1.896,1.856,1.884,79269626.0,2026-05-28 07:59:59.999000+00:00,1
2026-05-28 08:00:00+00:00,1.884,1.887,1.853,1.864,35409402.0,2026-05-28 11:59:59.999000+00:00,1
2026-05-28 12:00:00+00:00,1.864,1.876,1.816,1.858,87173898.0,2026-05-28 15:59:59.999000+00:00,1
2026-05-28 16:00:00+00:00,1.857,1.902,1.846,1.887,26757004.0,2026-05-28 19:59:59.999000+00:00,1
2026-05-28 20:00:00+00:00,1.887,1.912,1.88,1.904,12810115.0,2026-05-28 23:59:59.999000+00:00,1
2026-05-29 00:00:00+00:00,1.903,1.925,1.895,1.901,23916156.0,2026-05-29 03:59:59.999000+00:00,1
2026-05-29 04:00:00+00:00,1.9,1.927,1.89,1.916,23307648.0,2026-05-29 07:59:59.999000+00:00,1
2026-05-29 08:00:00+00:00,1.915,1.923,1.895,1.906,20215317.0,2026-05-29 11:59:59.999000+00:00,1
2026-05-29 12:00:00+00:00,1.906,1.993,1.876,1.987,80081789.0,2026-05-29 15:59:59.999000+00:00,1
2026-05-29 16:00:00+00:00,1.988,2.006,1.937,1.955,74751068.0,2026-05-29 19:59:59.999000+00:00,1
2026-05-29 20:00:00+00:00,1.955,1.985,1.954,1.972,14023889.0,2026-05-29 23:59:59.999000+00:00,1
2026-05-30 00:00:00+00:00,1.973,2.059,1.97,2.015,50533945.0,2026-05-30 03:59:59.999000+00:00,1
2026-05-30 04:00:00+00:00,2.015,2.032,1.995,2.011,28180023.0,2026-05-30 07:59:59.999000+00:00,1
2026-05-30 08:00:00+00:00,2.011,2.017,1.997,2.0,15467355.0,2026-05-30 11:59:59.999000+00:00,1
2026-05-30 12:00:00+00:00,1.999,2.02,1.993,2.004,17987612.0,2026-05-30 15:59:59.999000+00:00,1
2026-05-30 16:00:00+00:00,2.004,2.014,1.989,2.005,9635475.0,2026-05-30 19:59:59.999000+00:00,1
2026-05-30 20:00:00+00:00,2.006,2.016,1.984,1.996,11098392.0,2026-05-30 23:59:59.999000+00:00,1
2026-05-31 00:00:00+00:00,1.996,2.016,1.99,2.006,12396433.0,2026-05-31 03:59:59.999000+00:00,1
2026-05-31 04:00:00+00:00,2.006,2.018,1.983,1.989,14674374.0,2026-05-31 07:59:59.999000+00:00,1
2026-05-31 08:00:00+00:00,1.99,2.011,1.989,2.004,11486728.0,2026-05-31 11:59:59.999000+00:00,1
2026-05-31 12:00:00+00:00,2.004,2.013,1.968,1.989,30991462.0,2026-05-31 15:59:59.999000+00:00,1
2026-05-31 16:00:00+00:00,1.989,1.991,1.972,1.987,13400208.0,2026-05-31 19:59:59.999000+00:00,1
2026-05-31 20:00:00+00:00,1.988,2.027,1.987,2.014,18423655.0,2026-05-31 23:59:59.999000+00:00,1
2026-06-01 00:00:00+00:00,2.015,2.042,1.991,2.033,29526224.0,2026-06-01 03:59:59.999000+00:00,1
2026-06-01 04:00:00+00:00,2.033,2.037,1.947,1.957,55052176.0,2026-06-01 07:59:59.999000+00:00,1
2026-06-01 08:00:00+00:00,1.956,1.974,1.953,1.964,18107722.0,2026-06-01 11:59:59.999000+00:00,1
2026-06-01 12:00:00+00:00,1.965,2.0,1.944,1.997,51866412.0,2026-06-01 15:59:59.999000+00:00,1
2026-06-01 16:00:00+00:00,1.997,2.12,1.989,2.066,87429123.0,2026-06-01 19:59:59.999000+00:00,1
2026-06-01 20:00:00+00:00,2.067,2.068,2.011,2.043,26291184.0,2026-06-01 23:59:59.999000+00:00,1
2026-06-02 00:00:00+00:00,2.043,2.053,1.976,2.04,45764969.0,2026-06-02 03:59:59.999000+00:00,1
2026-06-02 04:00:00+00:00,2.041,2.052,1.992,2.002,26910134.0,2026-06-02 07:59:59.999000+00:00,1
2026-06-02 08:00:00+00:00,2.001,2.034,1.971,2.017,30029223.0,2026-06-02 11:59:59.999000+00:00,1
2026-06-02 12:00:00+00:00,2.016,2.078,1.963,1.99,99892637.0,2026-06-02 15:59:59.999000+00:00,1
2026-06-02 16:00:00+00:00,1.989,2.043,1.906,1.941,57845517.0,2026-06-02 19:59:59.999000+00:00,1
2026-06-02 20:00:00+00:00,1.941,1.994,1.897,1.95,46111502.0,2026-06-02 23:59:59.999000+00:00,1
2026-06-03 00:00:00+00:00,1.95,1.992,1.908,1.927,38647764.0,2026-06-03 03:59:59.999000+00:00,1
2026-06-03 04:00:00+00:00,1.927,2.022,1.927,2.008,28509448.0,2026-06-03 07:59:59.999000+00:00,1
2026-06-03 08:00:00+00:00,2.008,2.025,1.982,1.998,30961915.0,2026-06-03 11:59:59.999000+00:00,1
2026-06-03 12:00:00+00:00,1.999,2.01,1.978,1.979,29719071.0,2026-06-03 15:59:59.999000+00:00,1
2026-06-03 16:00:00+00:00,1.98,1.99,1.932,1.966,40849445.0,2026-06-03 19:59:59.999000+00:00,1
2026-06-03 20:00:00+00:00,1.966,2.015,1.927,1.985,34821311.0,2026-06-03 23:59:59.999000+00:00,1
2026-06-04 00:00:00+00:00,1.985,2.006,1.757,1.904,156042799.0,2026-06-04 03:59:59.999000+00:00,1
2026-06-04 04:00:00+00:00,1.904,1.909,1.808,1.81,52853815.0,2026-06-04 07:59:59.999000+00:00,1
2026-06-04 08:00:00+00:00,1.81,1.826,1.751,1.792,93942557.0,2026-06-04 11:59:59.999000+00:00,1
2026-06-04 12:00:00+00:00,1.791,1.872,1.78,1.854,55991797.0,2026-06-04 15:59:59.999000+00:00,1
2026-06-04 16:00:00+00:00,1.854,1.858,1.816,1.838,25890690.0,2026-06-04 19:59:59.999000+00:00,1
2026-06-04 20:00:00+00:00,1.838,1.839,1.762,1.801,35932940.0,2026-06-04 23:59:59.999000+00:00,1
2026-06-05 00:00:00+00:00,1.801,1.811,1.73,1.748,58817591.0,2026-06-05 03:59:59.999000+00:00,1
2026-06-05 04:00:00+00:00,1.749,1.777,1.619,1.696,158413563.0,2026-06-05 07:59:59.999000+00:00,1
2026-06-05 08:00:00+00:00,1.696,1.709,1.664,1.672,53783878.0,2026-06-05 11:59:59.999000+00:00,1
2026-06-05 12:00:00+00:00,1.672,1.699,1.581,1.599,146043621.0,2026-06-05 15:59:59.999000+00:00,1
2026-06-05 16:00:00+00:00,1.599,1.645,1.517,1.566,133801575.0,2026-06-05 19:59:59.999000+00:00,1
2026-06-05 20:00:00+00:00,1.567,1.628,1.545,1.594,52214326.0,2026-06-05 23:59:59.999000+00:00,1
2026-06-06 00:00:00+00:00,1.593,1.617,1.576,1.582,39773922.0,2026-06-06 03:59:59.999000+00:00,1
2026-06-06 04:00:00+00:00,1.581,1.596,1.487,1.569,91714270.0,2026-06-06 07:59:59.999000+00:00,1
2026-06-06 08:00:00+00:00,1.569,1.597,1.534,1.571,44336175.0,2026-06-06 11:59:59.999000+00:00,1
2026-06-06 12:00:00+00:00,1.571,1.602,1.553,1.577,34364412.0,2026-06-06 15:59:59.999000+00:00,1
2026-06-06 16:00:00+00:00,1.576,1.587,1.546,1.558,23509900.0,2026-06-06 19:59:59.999000+00:00,1
2026-06-06 20:00:00+00:00,1.557,1.58,1.551,1.576,12112530.0,2026-06-06 23:59:59.999000+00:00,1
2026-06-07 00:00:00+00:00,1.575,1.622,1.57,1.601,28648467.0,2026-06-07 03:59:59.999000+00:00,1
2026-06-07 04:00:00+00:00,1.602,1.63,1.592,1.629,34292354.0,2026-06-07 07:59:59.999000+00:00,1
2026-06-07 08:00:00+00:00,1.629,1.672,1.62,1.635,51375745.0,2026-06-07 11:59:59.999000+00:00,1
2026-06-07 12:00:00+00:00,1.636,1.638,1.595,1.624,45189059.0,2026-06-07 15:59:59.999000+00:00,1
2026-06-07 16:00:00+00:00,1.624,1.649,1.587,1.595,26424863.0,2026-06-07 19:59:59.999000+00:00,1
2026-06-07 20:00:00+00:00,1.594,1.706,1.59,1.665,52877817.0,2026-06-07 23:59:59.999000+00:00,1
2026-06-08 00:00:00+00:00,1.664,1.678,1.635,1.662,23386286.0,2026-06-08 03:59:59.999000+00:00,1
2026-06-08 04:00:00+00:00,1.661,1.663,1.625,1.653,24163007.0,2026-06-08 07:59:59.999000+00:00,1
2026-06-08 08:00:00+00:00,1.653,1.689,1.635,1.678,28564302.0,2026-06-08 11:59:59.999000+00:00,1
2026-06-08 12:00:00+00:00,1.679,1.717,1.662,1.699,39651769.0,2026-06-08 15:59:59.999000+00:00,1
2026-06-08 16:00:00+00:00,1.7,1.721,1.688,1.705,30539988.0,2026-06-08 19:59:59.999000+00:00,1
2026-06-08 20:00:00+00:00,1.705,1.727,1.677,1.683,21466842.0,2026-06-08 23:59:59.999000+00:00,1
2026-06-09 00:00:00+00:00,1.683,1.686,1.636,1.654,32625739.0,2026-06-09 03:59:59.999000+00:00,1
2026-06-09 04:00:00+00:00,1.654,1.686,1.647,1.679,19412811.0,2026-06-09 07:59:59.999000+00:00,1
2026-06-09 08:00:00+00:00,1.679,1.685,1.653,1.665,22915620.0,2026-06-09 11:59:59.999000+00:00,1
2026-06-09 12:00:00+00:00,1.665,1.679,1.622,1.628,41767555.0,2026-06-09 15:59:59.999000+00:00,1
2026-06-09 16:00:00+00:00,1.627,1.666,1.602,1.66,62815138.0,2026-06-09 19:59:59.999000+00:00,1
2026-06-09 20:00:00+00:00,1.661,1.672,1.642,1.653,12143066.0,2026-06-09 23:59:59.999000+00:00,1
2026-06-10 00:00:00+00:00,1.653,1.662,1.633,1.637,14587307.0,2026-06-10 03:59:59.999000+00:00,1
2026-06-10 04:00:00+00:00,1.637,1.654,1.627,1.649,15104604.0,2026-06-10 07:59:59.999000+00:00,1
2026-06-10 08:00:00+00:00,1.648,1.65,1.61,1.618,44443301.0,2026-06-10 11:59:59.999000+00:00,1
2026-06-10 12:00:00+00:00,1.618,1.691,1.608,1.679,52105183.0,2026-06-10 15:59:59.999000+00:00,1
2026-06-10 16:00:00+00:00,1.68,1.688,1.638,1.646,28523486.0,2026-06-10 19:59:59.999000+00:00,1
2026-06-10 20:00:00+00:00,1.646,1.649,1.603,1.634,27311045.0,2026-06-10 23:59:59.999000+00:00,1
2026-06-11 00:00:00+00:00,1.634,1.705,1.633,1.695,24078866.0,2026-06-11 03:59:59.999000+00:00,1
2026-06-11 04:00:00+00:00,1.694,1.731,1.685,1.713,46185521.0,2026-06-11 07:59:59.999000+00:00,1
2026-06-11 08:00:00+00:00,1.713,1.734,1.695,1.706,27144058.0,2026-06-11 11:59:59.999000+00:00,1
2026-06-11 12:00:00+00:00,1.706,1.726,1.671,1.724,41741629.0,2026-06-11 15:59:59.999000+00:00,1
2026-06-11 16:00:00+00:00,1.725,1.757,1.694,1.748,39889616.0,2026-06-11 19:59:59.999000+00:00,1
2026-06-11 20:00:00+00:00,1.748,1.755,1.731,1.738,14956775.0,2026-06-11 23:59:59.999000+00:00,1
2026-06-12 00:00:00+00:00,1.739,1.76,1.736,1.755,19850866.0,2026-06-12 03:59:59.999000+00:00,1
2026-06-12 04:00:00+00:00,1.756,1.809,1.741,1.799,72749094.0,2026-06-12 07:59:59.999000+00:00,1
2026-06-12 08:00:00+00:00,1.799,2.214,1.798,2.122,727225542.0,2026-06-12 11:59:59.999000+00:00,1
2026-06-12 12:00:00+00:00,2.122,2.172,1.962,2.057,492708514.0,2026-06-12 15:59:59.999000+00:00,1
2026-06-12 16:00:00+00:00,2.057,2.129,1.991,2.004,182630698.0,2026-06-12 19:59:59.999000+00:00,1
2026-06-12 20:00:00+00:00,2.004,2.175,1.993,2.15,200868795.0,2026-06-12 23:59:59.999000+00:00,1
2026-06-13 00:00:00+00:00,2.15,2.388,2.093,2.272,535419071.0,2026-06-13 03:59:59.999000+00:00,1
2026-06-13 04:00:00+00:00,2.271,2.321,2.17,2.19,340360048.0,2026-06-13 07:59:59.999000+00:00,1
2026-06-13 08:00:00+00:00,2.189,2.233,2.132,2.219,259634925.0,2026-06-13 11:59:59.999000+00:00,1
2026-06-13 12:00:00+00:00,2.218,2.259,2.17,2.216,238879858.0,2026-06-13 15:59:59.999000+00:00,1
2026-06-13 16:00:00+00:00,2.216,2.288,2.174,2.25,147910884.0,2026-06-13 19:59:59.999000+00:00,1
2026-06-13 20:00:00+00:00,2.25,2.27,2.172,2.184,106608282.0,2026-06-13 23:59:59.999000+00:00,1
2026-06-14 00:00:00+00:00,2.183,2.205,2.061,2.112,245815932.0,2026-06-14 03:59:59.999000+00:00,1
2026-06-14 04:00:00+00:00,2.111,2.141,2.007,2.058,206789396.0,2026-06-14 07:59:59.999000+00:00,1
2026-06-14 08:00:00+00:00,2.058,2.072,2.01,2.016,134338986.0,2026-06-14 11:59:59.999000+00:00,1
2026-06-14 12:00:00+00:00,2.016,2.04,1.958,2.0,183642736.0,2026-06-14 15:59:59.999000+00:00,1
2026-06-14 16:00:00+00:00,2.001,2.018,1.962,1.973,84280288.0,2026-06-14 19:59:59.999000+00:00,1
2026-06-14 20:00:00+00:00,1.974,2.104,1.966,2.069,155426625.0,2026-06-14 23:59:59.999000+00:00,1
2026-06-15 00:00:00+00:00,2.069,2.094,2.03,2.054,135537173.0,2026-06-15 03:59:59.999000+00:00,1
2026-06-15 04:00:00+00:00,2.053,2.072,1.987,1.994,105387657.0,2026-06-15 07:59:59.999000+00:00,1
2026-06-15 08:00:00+00:00,1.993,2.039,1.973,2.014,155133220.0,2026-06-15 11:59:59.999000+00:00,1
2026-06-15 12:00:00+00:00,2.013,2.038,1.979,2.014,143510487.0,2026-06-15 15:59:59.999000+00:00,1
2026-06-15 16:00:00+00:00,2.014,2.032,1.935,1.971,99538887.0,2026-06-15 19:59:59.999000+00:00,1
2026-06-15 20:00:00+00:00,1.971,1.994,1.949,1.989,90218774.0,2026-06-15 23:59:59.999000+00:00,1
2026-06-16 00:00:00+00:00,1.989,2.021,1.917,1.95,122786317.0,2026-06-16 03:59:59.999000+00:00,1
2026-06-16 04:00:00+00:00,1.95,1.952,1.912,1.938,66903321.0,2026-06-16 07:59:59.999000+00:00,1
2026-06-16 08:00:00+00:00,1.938,1.946,1.916,1.924,41035321.0,2026-06-16 11:59:59.999000+00:00,1
2026-06-16 12:00:00+00:00,1.925,1.941,1.844,1.873,120544207.0,2026-06-16 15:59:59.999000+00:00,1
2026-06-16 16:00:00+00:00,1.873,1.928,1.872,1.904,71857094.0,2026-06-16 19:59:59.999000+00:00,1
2026-06-16 20:00:00+00:00,1.904,1.933,1.899,1.903,30623509.0,2026-06-16 23:59:59.999000+00:00,1
2026-06-17 00:00:00+00:00,1.903,1.936,1.891,1.924,42576064.0,2026-06-17 03:59:59.999000+00:00,1
2026-06-17 04:00:00+00:00,1.925,1.948,1.897,1.911,38221969.0,2026-06-17 07:59:59.999000+00:00,1
2026-06-17 08:00:00+00:00,1.91,1.938,1.881,1.882,70408927.0,2026-06-17 11:59:59.999000+00:00,1
2026-06-17 12:00:00+00:00,1.883,1.958,1.862,1.957,97331324.0,2026-06-17 15:59:59.999000+00:00,1
2026-06-17 16:00:00+00:00,1.956,1.958,1.882,1.899,73048617.0,2026-06-17 19:59:59.999000+00:00,1
2026-06-17 20:00:00+00:00,1.899,1.926,1.887,1.914,27628129.0,2026-06-17 23:59:59.999000+00:00,1
2026-06-18 00:00:00+00:00,1.915,1.928,1.886,1.898,28740226.0,2026-06-18 03:59:59.999000+00:00,1
2026-06-18 04:00:00+00:00,1.898,1.901,1.854,1.877,41965538.0,2026-06-18 07:59:59.999000+00:00,1
2026-06-18 08:00:00+00:00,1.877,1.895,1.854,1.86,26361489.0,2026-06-18 11:59:59.999000+00:00,1
2026-06-18 12:00:00+00:00,1.86,1.876,1.793,1.807,72782735.0,2026-06-18 15:59:59.999000+00:00,1
2026-06-18 16:00:00+00:00,1.807,1.871,1.803,1.864,38194431.0,2026-06-18 19:59:59.999000+00:00,1
2026-06-18 20:00:00+00:00,1.865,1.893,1.865,1.888,23792829.0,2026-06-18 23:59:59.999000+00:00,1
2026-06-19 00:00:00+00:00,1.887,1.904,1.846,1.865,39718371.0,2026-06-19 03:59:59.999000+00:00,1
2026-06-19 04:00:00+00:00,1.864,1.875,1.833,1.846,24472177.0,2026-06-19 07:59:59.999000+00:00,1
2026-06-19 08:00:00+00:00,1.846,1.853,1.829,1.838,22574285.0,2026-06-19 11:59:59.999000+00:00,1
2026-06-19 12:00:00+00:00,1.837,1.887,1.826,1.878,35883022.0,2026-06-19 15:59:59.999000+00:00,1
2026-06-19 16:00:00+00:00,1.878,1.885,1.842,1.848,21115433.0,2026-06-19 19:59:59.999000+00:00,1
2026-06-19 20:00:00+00:00,1.848,1.857,1.834,1.853,19159469.0,2026-06-19 23:59:59.999000+00:00,1
2026-06-20 00:00:00+00:00,1.852,1.855,1.819,1.828,25960901.0,2026-06-20 03:59:59.999000+00:00,1
2026-06-20 04:00:00+00:00,1.829,1.854,1.826,1.833,18813601.0,2026-06-20 07:59:59.999000+00:00,1
2026-06-20 08:00:00+00:00,1.833,1.842,1.815,1.818,24745723.0,2026-06-20 11:59:59.999000+00:00,1
2026-06-20 12:00:00+00:00,1.819,1.823,1.781,1.808,49438361.0,2026-06-20 15:59:59.999000+00:00,1
2026-06-20 16:00:00+00:00,1.809,1.809,1.775,1.796,28959822.0,2026-06-20 19:59:59.999000+00:00,1
2026-06-20 20:00:00+00:00,1.796,1.814,1.78,1.809,21460532.0,2026-06-20 23:59:59.999000+00:00,1
2026-06-21 00:00:00+00:00,1.808,1.816,1.796,1.811,17098978.0,2026-06-21 03:59:59.999000+00:00,1
2026-06-21 04:00:00+00:00,1.81,1.812,1.792,1.799,12096870.0,2026-06-21 07:59:59.999000+00:00,1
2026-06-21 08:00:00+00:00,1.798,1.845,1.789,1.834,44004272.0,2026-06-21 11:59:59.999000+00:00,1
2026-06-21 12:00:00+00:00,1.834,2.007,1.833,1.902,304194062.0,2026-06-21 15:59:59.999000+00:00,1
2026-06-21 16:00:00+00:00,1.901,1.93,1.864,1.905,43771240.0,2026-06-21 19:59:59.999000+00:00,1
2026-06-21 20:00:00+00:00,1.904,1.91,1.868,1.88,41505458.0,2026-06-21 23:59:59.999000+00:00,1
2026-06-22 00:00:00+00:00,1.88,1.963,1.88,1.89,87203028.0,2026-06-22 03:59:59.999000+00:00,1
2026-06-22 04:00:00+00:00,1.89,1.923,1.883,1.907,48613747.0,2026-06-22 07:59:59.999000+00:00,1
2026-06-22 08:00:00+00:00,1.907,1.908,1.879,1.9,40229476.0,2026-06-22 11:59:59.999000+00:00,1
2026-06-22 12:00:00+00:00,1.901,1.934,1.895,1.917,50511087.0,2026-06-22 15:59:59.999000+00:00,1
2026-06-22 16:00:00+00:00,1.918,1.93,1.868,1.878,37588012.0,2026-06-22 19:59:59.999000+00:00,1
2026-06-22 20:00:00+00:00,1.879,1.898,1.844,1.87,31919188.0,2026-06-22 23:59:59.999000+00:00,1
2026-06-23 00:00:00+00:00,1.87,1.889,1.817,1.849,69193371.0,2026-06-23 03:59:59.999000+00:00,1
2026-06-23 04:00:00+00:00,1.849,1.853,1.764,1.774,84838181.0,2026-06-23 07:59:59.999000+00:00,1
2026-06-23 08:00:00+00:00,1.775,1.782,1.717,1.748,93246170.0,2026-06-23 11:59:59.999000+00:00,1
2026-06-23 12:00:00+00:00,1.748,1.774,1.739,1.765,57344994.0,2026-06-23 15:59:59.999000+00:00,1
2026-06-23 16:00:00+00:00,1.765,1.776,1.747,1.759,21790924.0,2026-06-23 19:59:59.999000+00:00,1
2026-06-23 20:00:00+00:00,1.759,1.778,1.759,1.763,12413828.0,2026-06-23 23:59:59.999000+00:00,1
2026-06-24 00:00:00+00:00,1.762,1.774,1.736,1.746,23352144.0,2026-06-24 03:59:59.999000+00:00,1
2026-06-24 04:00:00+00:00,1.746,1.758,1.73,1.742,20098685.0,2026-06-24 07:59:59.999000+00:00,1
2026-06-24 08:00:00+00:00,1.742,1.752,1.713,1.736,44076179.0,2026-06-24 11:59:59.999000+00:00,1
2026-06-24 12:00:00+00:00,1.737,1.741,1.673,1.687,70915242.0,2026-06-24 15:59:59.999000+00:00,1
2026-06-24 16:00:00+00:00,1.687,1.699,1.614,1.656,93113640.0,2026-06-24 19:59:59.999000+00:00,1
2026-06-24 20:00:00+00:00,1.657,1.706,1.653,1.692,21516511.0,2026-06-24 23:59:59.999000+00:00,1
2026-06-25 00:00:00+00:00,1.692,1.711,1.674,1.697,33606118.0,2026-06-25 03:59:59.999000+00:00,1
2026-06-25 04:00:00+00:00,1.696,1.724,1.691,1.714,19375874.0,2026-06-25 07:59:59.999000+00:00,1
2026-06-25 08:00:00+00:00,1.713,1.715,1.692,1.695,14990787.0,2026-06-25 11:59:59.999000+00:00,1
2026-06-25 12:00:00+00:00,1.694,1.706,1.556,1.622,167598409.0,2026-06-25 15:59:59.999000+00:00,1
2026-06-25 16:00:00+00:00,1.623,1.648,1.593,1.614,41391930.0,2026-06-25 19:59:59.999000+00:00,1
2026-06-25 20:00:00+00:00,1.615,1.65,1.613,1.641,22910808.0,2026-06-25 23:59:59.999000+00:00,1
2026-06-26 00:00:00+00:00,1.642,1.666,1.606,1.661,50804372.0,2026-06-26 03:59:59.999000+00:00,1
2026-06-26 04:00:00+00:00,1.662,1.715,1.649,1.711,66629103.0,2026-06-26 07:59:59.999000+00:00,1
2026-06-26 08:00:00+00:00,1.711,1.721,1.669,1.683,122954755.0,2026-06-26 11:59:59.999000+00:00,1
2026-06-26 12:00:00+00:00,1.683,1.694,1.654,1.688,53295428.0,2026-06-26 15:59:59.999000+00:00,1
2026-06-26 16:00:00+00:00,1.688,1.746,1.68,1.685,90877025.0,2026-06-26 19:59:59.999000+00:00,1
2026-06-26 20:00:00+00:00,1.685,1.712,1.685,1.708,17264908.0,2026-06-26 23:59:59.999000+00:00,1
2026-06-27 00:00:00+00:00,1.707,1.726,1.695,1.726,19337381.0,2026-06-27 03:59:59.999000+00:00,1
2026-06-27 04:00:00+00:00,1.726,1.735,1.707,1.71,23109131.0,2026-06-27 07:59:59.999000+00:00,1
2026-06-27 08:00:00+00:00,1.71,1.712,1.683,1.694,14034877.0,2026-06-27 11:59:59.999000+00:00,1
2026-06-27 12:00:00+00:00,1.693,1.709,1.684,1.699,24550059.0,2026-06-27 15:59:59.999000+00:00,1
2026-06-27 16:00:00+00:00,1.699,1.706,1.657,1.665,28645553.0,2026-06-27 19:59:59.999000+00:00,1
2026-06-27 20:00:00+00:00,1.665,1.675,1.645,1.651,12006273.0,2026-06-27 23:59:59.999000+00:00,1
2026-06-28 00:00:00+00:00,1.651,1.678,1.647,1.663,16668740.0,2026-06-28 03:59:59.999000+00:00,1
2026-06-28 04:00:00+00:00,1.662,1.663,1.641,1.648,15820823.0,2026-06-28 07:59:59.999000+00:00,1
2026-06-28 08:00:00+00:00,1.648,1.662,1.636,1.65,21317106.0,2026-06-28 11:59:59.999000+00:00,1
2026-06-28 12:00:00+00:00,1.65,1.655,1.63,1.637,16032732.0,2026-06-28 15:59:59.999000+00:00,1
2026-06-28 16:00:00+00:00,1.638,1.638,1.597,1.607,27721491.0,2026-06-28 19:59:59.999000+00:00,1
2026-06-28 20:00:00+00:00,1.607,1.638,1.601,1.631,19659563.0,2026-06-28 23:59:59.999000+00:00,1
2026-06-29 00:00:00+00:00,1.632,1.683,1.615,1.666,28314417.0,2026-06-29 03:59:59.999000+00:00,1
2026-06-29 04:00:00+00:00,1.667,1.668,1.636,1.652,19115381.0,2026-06-29 07:59:59.999000+00:00,1
2026-06-29 08:00:00+00:00,1.652,1.672,1.644,1.667,18232842.0,2026-06-29 11:59:59.999000+00:00,1
2026-06-29 12:00:00+00:00,1.667,1.691,1.641,1.671,41078294.0,2026-06-29 15:59:59.999000+00:00,1
2026-06-29 16:00:00+00:00,1.671,1.699,1.661,1.671,26288046.0,2026-06-29 19:59:59.999000+00:00,1
2026-06-29 20:00:00+00:00,1.672,1.705,1.668,1.679,21383479.0,2026-06-29 23:59:59.999000+00:00,1
2026-06-30 00:00:00+00:00,1.679,1.684,1.656,1.663,15864429.0,2026-06-30 03:59:59.999000+00:00,1
2026-06-30 04:00:00+00:00,1.663,1.677,1.655,1.664,11043071.0,2026-06-30 07:59:59.999000+00:00,1
2026-06-30 08:00:00+00:00,1.664,1.668,1.644,1.648,18962522.0,2026-06-30 11:59:59.999000+00:00,1
2026-06-30 12:00:00+00:00,1.647,1.68,1.63,1.659,32819479.0,2026-06-30 15:59:59.999000+00:00,1
2026-06-30 16:00:00+00:00,1.659,1.664,1.643,1.661,10474199.0,2026-06-30 19:59:59.999000+00:00,1
2026-06-30 20:00:00+00:00,1.66,1.67,1.644,1.657,14754246.0,2026-06-30 23:59:59.999000+00:00,1
2026-07-01 00:00:00+00:00,1.658,1.736,1.632,1.707,55585825.0,2026-07-01 03:59:59.999000+00:00,1
2026-07-01 04:00:00+00:00,1.707,1.717,1.68,1.697,31955376.0,2026-07-01 07:59:59.999000+00:00,1
2026-07-01 08:00:00+00:00,1.696,1.716,1.684,1.695,26642533.0,2026-07-01 11:59:59.999000+00:00,1
2026-07-01 12:00:00+00:00,1.695,1.717,1.666,1.717,43627542.0,2026-07-01 15:59:59.999000+00:00,1
2026-07-01 16:00:00+00:00,1.717,1.736,1.683,1.685,39437017.0,2026-07-01 19:59:59.999000+00:00,1
2026-07-01 20:00:00+00:00,1.686,1.727,1.677,1.683,23185355.0,2026-07-01 23:59:59.999000+00:00,1
2026-07-02 00:00:00+00:00,1.682,1.704,1.67,1.7,20004491.0,2026-07-02 03:59:59.999000+00:00,1
2026-07-02 04:00:00+00:00,1.701,1.715,1.661,1.675,26390648.0,2026-07-02 07:59:59.999000+00:00,1
2026-07-02 08:00:00+00:00,1.675,1.722,1.671,1.706,26810383.0,2026-07-02 11:59:59.999000+00:00,1
2026-07-02 12:00:00+00:00,1.706,1.722,1.687,1.705,45288922.0,2026-07-02 15:59:59.999000+00:00,1
2026-07-02 16:00:00+00:00,1.706,1.714,1.694,1.709,19115685.0,2026-07-02 19:59:59.999000+00:00,1
2026-07-02 20:00:00+00:00,1.709,1.728,1.705,1.717,16250482.0,2026-07-02 23:59:59.999000+00:00,1
2026-07-03 00:00:00+00:00,1.717,1.73,1.701,1.725,24608352.0,2026-07-03 03:59:59.999000+00:00,1
2026-07-03 04:00:00+00:00,1.725,1.729,1.705,1.723,14915259.0,2026-07-03 07:59:59.999000+00:00,1
2026-07-03 08:00:00+00:00,1.722,1.782,1.721,1.76,52104760.0,2026-07-03 11:59:59.999000+00:00,1
2026-07-03 12:00:00+00:00,1.759,1.784,1.75,1.769,28973049.0,2026-07-03 15:59:59.999000+00:00,1
2026-07-03 16:00:00+00:00,1.769,1.808,1.766,1.795,25577018.0,2026-07-03 19:59:59.999000+00:00,1
2026-07-03 20:00:00+00:00,1.794,1.807,1.764,1.79,26751921.0,2026-07-03 23:59:59.999000+00:00,1
2026-07-04 00:00:00+00:00,1.79,1.803,1.759,1.786,21374729.0,2026-07-04 03:59:59.999000+00:00,1
2026-07-04 04:00:00+00:00,1.785,1.798,1.766,1.773,13686575.0,2026-07-04 07:59:59.999000+00:00,1
2026-07-04 08:00:00+00:00,1.772,1.778,1.76,1.775,11055942.0,2026-07-04 11:59:59.999000+00:00,1
2026-07-04 12:00:00+00:00,1.775,1.825,1.77,1.81,21497355.0,2026-07-04 15:59:59.999000+00:00,1
2026-07-04 16:00:00+00:00,1.809,1.876,1.803,1.836,63963292.0,2026-07-04 19:59:59.999000+00:00,1
2026-07-04 20:00:00+00:00,1.835,1.86,1.804,1.819,27615993.0,2026-07-04 23:59:59.999000+00:00,1
2026-07-05 00:00:00+00:00,1.82,1.836,1.749,1.76,38524064.0,2026-07-05 03:59:59.999000+00:00,1
2026-07-05 04:00:00+00:00,1.76,1.76,1.691,1.711,60129227.0,2026-07-05 07:59:59.999000+00:00,1
2026-07-05 08:00:00+00:00,1.712,1.715,1.681,1.701,37845760.0,2026-07-05 11:59:59.999000+00:00,1
2026-07-05 12:00:00+00:00,1.7,1.723,1.672,1.695,57833334.0,2026-07-05 15:59:59.999000+00:00,1
2026-07-05 16:00:00+00:00,1.695,1.708,1.678,1.696,29047249.0,2026-07-05 19:59:59.999000+00:00,1
2026-07-05 20:00:00+00:00,1.697,1.725,1.695,1.706,27956522.0,2026-07-05 23:59:59.999000+00:00,1
2026-07-06 00:00:00+00:00,1.706,1.706,1.656,1.671,59100084.0,2026-07-06 03:59:59.999000+00:00,1
2026-07-06 04:00:00+00:00,1.671,1.678,1.643,1.668,33056114.0,2026-07-06 07:59:59.999000+00:00,1
2026-07-06 08:00:00+00:00,1.667,1.677,1.655,1.661,20051807.0,2026-07-06 11:59:59.999000+00:00,1
2026-07-06 12:00:00+00:00,1.661,1.676,1.623,1.675,70399706.0,2026-07-06 15:59:59.999000+00:00,1
2026-07-06 16:00:00+00:00,1.675,1.696,1.665,1.692,29046530.0,2026-07-06 19:59:59.999000+00:00,1
2026-07-06 20:00:00+00:00,1.693,1.725,1.684,1.693,27366357.0,2026-07-06 23:59:59.999000+00:00,1
2026-07-07 00:00:00+00:00,1.694,1.709,1.657,1.666,32238252.0,2026-07-07 03:59:59.999000+00:00,1
2026-07-07 04:00:00+00:00,1.666,1.675,1.643,1.648,31044110.0,2026-07-07 07:59:59.999000+00:00,1
2026-07-07 08:00:00+00:00,1.648,1.669,1.645,1.665,22347315.0,2026-07-07 11:59:59.999000+00:00,1
2026-07-07 12:00:00+00:00,1.665,1.688,1.635,1.687,51167325.0,2026-07-07 15:59:59.999000+00:00,1
2026-07-07 16:00:00+00:00,1.686,1.692,1.649,1.663,31456996.0,2026-07-07 19:59:59.999000+00:00,1
2026-07-07 20:00:00+00:00,1.663,1.667,1.625,1.644,28735534.0,2026-07-07 23:59:59.999000+00:00,1
2026-07-08 00:00:00+00:00,1.645,1.655,1.58,1.609,46580248.0,2026-07-08 03:59:59.999000+00:00,1
2026-07-08 04:00:00+00:00,1.61,1.622,1.582,1.6,56321761.0,2026-07-08 07:59:59.999000+00:00,1
2026-07-08 08:00:00+00:00,1.599,1.604,1.565,1.591,110327847.0,2026-07-08 11:59:59.999000+00:00,1
2026-07-08 12:00:00+00:00,1.591,1.629,1.59,1.609,55509296.0,2026-07-08 15:59:59.999000+00:00,1
2026-07-08 16:00:00+00:00,1.609,1.619,1.598,1.602,12318302.0,2026-07-08 19:59:59.999000+00:00,1
2026-07-08 20:00:00+00:00,1.602,1.606,1.586,1.603,15689119.0,2026-07-08 23:59:59.999000+00:00,1
2026-07-09 00:00:00+00:00,1.604,1.626,1.588,1.611,39062822.0,2026-07-09 03:59:59.999000+00:00,1
2026-07-09 04:00:00+00:00,1.611,1.628,1.607,1.617,20535590.0,2026-07-09 07:59:59.999000+00:00,1
2026-07-09 08:00:00+00:00,1.617,1.618,1.601,1.615,14642588.0,2026-07-09 11:59:59.999000+00:00,1
2026-07-09 12:00:00+00:00,1.615,1.62,1.597,1.6,24615585.0,2026-07-09 15:59:59.999000+00:00,1
2026-07-09 16:00:00+00:00,1.6,1.625,1.59,1.617,29989249.0,2026-07-09 19:59:59.999000+00:00,1
2026-07-09 20:00:00+00:00,1.616,1.619,1.592,1.604,13419209.0,2026-07-09 23:59:59.999000+00:00,1
2026-07-10 00:00:00+00:00,1.604,1.623,1.598,1.611,24135529.0,2026-07-10 03:59:59.999000+00:00,1
2026-07-10 04:00:00+00:00,1.611,1.62,1.601,1.604,16544972.0,2026-07-10 07:59:59.999000+00:00,1
2026-07-10 08:00:00+00:00,1.603,1.648,1.602,1.629,34047428.0,2026-07-10 11:59:59.999000+00:00,1
2026-07-10 12:00:00+00:00,1.63,1.635,1.592,1.61,36039429.0,2026-07-10 15:59:59.999000+00:00,1
2026-07-10 16:00:00+00:00,1.61,1.618,1.598,1.607,15402713.0,2026-07-10 19:59:59.999000+00:00,1
2026-07-10 20:00:00+00:00,1.607,1.621,1.603,1.613,8526429.0,2026-07-10 23:59:59.999000+00:00,1
2026-07-11 00:00:00+00:00,1.613,1.621,1.607,1.61,11371130.0,2026-07-11 03:59:59.999000+00:00,1
2026-07-11 04:00:00+00:00,1.611,1.614,1.599,1.604,18739589.0,2026-07-11 07:59:59.999000+00:00,1
2026-07-11 08:00:00+00:00,1.604,1.615,1.602,1.61,12396586.0,2026-07-11 11:59:59.999000+00:00,1
2026-07-11 12:00:00+00:00,1.61,1.633,1.609,1.617,28542342.0,2026-07-11 15:59:59.999000+00:00,1
2026-07-11 16:00:00+00:00,1.618,1.631,1.611,1.625,12323900.0,2026-07-11 19:59:59.999000+00:00,1
2026-07-11 20:00:00+00:00,1.625,1.629,1.58,1.583,22921098.0,2026-07-11 23:59:59.999000+00:00,1
2026-07-12 00:00:00+00:00,1.582,1.584,1.536,1.581,39330095.0,2026-07-12 03:59:59.999000+00:00,1
2026-07-12 04:00:00+00:00,1.58,1.582,1.552,1.566,25244933.0,2026-07-12 07:59:59.999000+00:00,1
2026-07-12 08:00:00+00:00,1.566,1.577,1.562,1.576,10240397.0,2026-07-12 11:59:59.999000+00:00,1
2026-07-12 12:00:00+00:00,1.575,1.59,1.56,1.588,20424029.0,2026-07-12 15:59:59.999000+00:00,1
2026-07-12 16:00:00+00:00,1.588,1.589,1.568,1.576,17042617.0,2026-07-12 19:59:59.999000+00:00,1
2026-07-12 20:00:00+00:00,1.576,1.578,1.542,1.557,24193845.0,2026-07-12 23:59:59.999000+00:00,1
2026-07-13 00:00:00+00:00,1.556,1.579,1.519,1.539,59091220.0,2026-07-13 03:59:59.999000+00:00,1
2026-07-13 04:00:00+00:00,1.538,1.55,1.524,1.543,17883708.0,2026-07-13 07:59:59.999000+00:00,1
2026-07-13 08:00:00+00:00,1.542,1.555,1.542,1.548,11829476.0,2026-07-13 11:59:59.999000+00:00,1
2026-07-13 12:00:00+00:00,1.549,1.567,1.535,1.555,24566249.0,2026-07-13 15:59:59.999000+00:00,1
2026-07-13 16:00:00+00:00,1.555,1.559,1.507,1.536,27719787.0,2026-07-13 19:59:59.999000+00:00,1
2026-07-13 20:00:00+00:00,1.535,1.545,1.517,1.545,11138507.0,2026-07-13 23:59:59.999000+00:00,1
2026-07-14 00:00:00+00:00,1.544,1.551,1.526,1.536,11000474.0,2026-07-14 03:59:59.999000+00:00,1
2026-07-14 04:00:00+00:00,1.536,1.542,1.528,1.532,14370631.0,2026-07-14 07:59:59.999000+00:00,1
2026-07-14 08:00:00+00:00,1.532,1.534,1.515,1.527,21487048.0,2026-07-14 11:59:59.999000+00:00,1
2026-07-14 12:00:00+00:00,1.528,1.56,1.523,1.548,58873798.0,2026-07-14 15:59:59.999000+00:00,1
2026-07-14 16:00:00+00:00,1.549,1.569,1.546,1.557,27480518.0,2026-07-14 19:59:59.999000+00:00,1
2026-07-14 20:00:00+00:00,1.556,1.563,1.546,1.557,13216091.0,2026-07-14 23:59:59.999000+00:00,1
2026-07-15 00:00:00+00:00,1.558,1.577,1.551,1.562,23648549.0,2026-07-15 03:59:59.999000+00:00,1
2026-07-15 04:00:00+00:00,1.562,1.579,1.552,1.564,18082591.0,2026-07-15 07:59:59.999000+00:00,1
2026-07-15 08:00:00+00:00,1.564,1.568,1.556,1.564,10064936.0,2026-07-15 11:59:59.999000+00:00,1
2026-07-15 12:00:00+00:00,1.563,1.588,1.554,1.57,41368340.0,2026-07-15 15:59:59.999000+00:00,1
2026-07-15 16:00:00+00:00,1.569,1.604,1.553,1.582,42166010.0,2026-07-15 19:59:59.999000+00:00,1
2026-07-15 20:00:00+00:00,1.582,1.591,1.571,1.578,19918622.0,2026-07-15 23:59:59.999000+00:00,1
2026-07-16 00:00:00+00:00,1.578,1.594,1.558,1.578,24141679.0,2026-07-16 03:59:59.999000+00:00,1
2026-07-16 04:00:00+00:00,1.578,1.595,1.561,1.566,26105044.0,2026-07-16 07:59:59.999000+00:00,1
2026-07-16 08:00:00+00:00,1.565,1.567,1.543,1.561,22499489.0,2026-07-16 11:59:59.999000+00:00,1
2026-07-16 12:00:00+00:00,1.56,1.581,1.547,1.577,19517362.0,2026-07-16 15:59:59.999000+00:00,1
2026-07-16 16:00:00+00:00,1.577,1.578,1.551,1.56,13289483.0,2026-07-16 19:59:59.999000+00:00,1
2026-07-16 20:00:00+00:00,1.56,1.569,1.533,1.543,18170069.0,2026-07-16 23:59:59.999000+00:00,1
2026-07-17 00:00:00+00:00,1.544,1.562,1.525,1.55,26401488.0,2026-07-17 03:59:59.999000+00:00,1
2026-07-17 04:00:00+00:00,1.55,1.558,1.528,1.531,16432108.0,2026-07-17 07:59:59.999000+00:00,1
2026-07-17 08:00:00+00:00,1.531,1.543,1.516,1.535,18751015.0,2026-07-17 11:59:59.999000+00:00,1
2026-07-17 12:00:00+00:00,1.535,1.547,1.502,1.546,45092054.0,2026-07-17 15:59:59.999000+00:00,1
2026-07-17 16:00:00+00:00,1.545,1.574,1.539,1.543,28301376.0,2026-07-17 19:59:59.999000+00:00,1
2026-07-17 20:00:00+00:00,1.543,1.558,1.537,1.552,10435590.0,2026-07-17 23:59:59.999000+00:00,1
2026-07-18 00:00:00+00:00,1.552,1.657,1.549,1.632,140488420.0,2026-07-18 03:59:59.999000+00:00,1
2026-07-18 04:00:00+00:00,1.632,1.666,1.606,1.629,168005760.0,2026-07-18 07:59:59.999000+00:00,1
2026-07-18 08:00:00+00:00,1.629,1.709,1.62,1.687,254874310.0,2026-07-18 11:59:59.999000+00:00,1
2026-07-18 12:00:00+00:00,1.687,1.705,1.63,1.65,189247371.0,2026-07-18 15:59:59.999000+00:00,1
2026-07-18 16:00:00+00:00,1.65,1.65,1.613,1.619,69889780.0,2026-07-18 19:59:59.999000+00:00,1
2026-07-18 20:00:00+00:00,1.618,1.632,1.606,1.624,39944890.0,2026-07-18 23:59:59.999000+00:00,1
2026-07-19 00:00:00+00:00,1.625,1.682,1.615,1.66,112631720.0,2026-07-19 03:59:59.999000+00:00,1
2026-07-19 04:00:00+00:00,1.66,1.669,1.626,1.636,49620471.0,2026-07-19 07:59:59.999000+00:00,1
2026-07-19 08:00:00+00:00,1.635,1.652,1.613,1.639,48853247.0,2026-07-19 11:59:59.999000+00:00,1
2026-07-19 12:00:00+00:00,1.639,1.646,1.621,1.625,31494898.0,2026-07-19 15:59:59.999000+00:00,1
2026-07-19 16:00:00+00:00,1.624,1.649,1.608,1.623,51563809.0,2026-07-19 19:59:59.999000+00:00,1
2026-07-19 20:00:00+00:00,1.622,1.628,1.54,1.564,74144644.0,2026-07-19 23:59:59.999000+00:00,1
2026-07-20 00:00:00+00:00,1.565,1.594,1.558,1.572,68369393.0,2026-07-20 03:59:59.999000+00:00,1
2026-07-20 04:00:00+00:00,1.572,1.58,1.552,1.565,36126828.0,2026-07-20 07:59:59.999000+00:00,1
2026-07-20 08:00:00+00:00,1.565,1.579,1.542,1.576,36349536.0,2026-07-20 11:59:59.999000+00:00,1
2026-07-20 12:00:00+00:00,1.577,1.597,1.556,1.595,50981622.0,2026-07-20 15:59:59.999000+00:00,1
2026-07-20 16:00:00+00:00,1.596,1.618,1.581,1.599,39644110.0,2026-07-20 19:59:59.999000+00:00,1
2026-07-20 20:00:00+00:00,1.6,1.602,1.574,1.588,13613798.0,2026-07-20 23:59:59.999000+00:00,1
2026-07-21 00:00:00+00:00,1.588,1.604,1.584,1.598,20003895.0,2026-07-21 03:59:59.999000+00:00,1
2026-07-21 04:00:00+00:00,1.597,1.612,1.589,1.599,20382306.0,2026-07-21 07:59:59.999000+00:00,1
2026-07-21 08:00:00+00:00,1.598,1.602,1.59,1.596,15314283.0,2026-07-21 11:59:59.999000+00:00,1
2026-07-21 12:00:00+00:00,1.596,1.614,1.594,1.609,29893877.0,2026-07-21 15:59:59.999000+00:00,1
2026-07-21 16:00:00+00:00,1.609,1.609,1.584,1.599,16378257.0,2026-07-21 19:59:59.999000+00:00,1
2026-07-21 20:00:00+00:00,1.6,1.602,1.583,1.59,15116005.0,2026-07-21 23:59:59.999000+00:00,1
2026-07-22 00:00:00+00:00,1.59,1.597,1.58,1.583,18101354.0,2026-07-22 03:59:59.999000+00:00,1
2026-07-22 04:00:00+00:00,1.583,1.593,1.58,1.586,14955202.0,2026-07-22 07:59:59.999000+00:00,1
2026-07-22 08:00:00+00:00,1.587,1.61,1.586,1.602,27728948.0,2026-07-22 11:59:59.999000+00:00,1
2026-07-22 12:00:00+00:00,1.603,1.607,1.583,1.603,25737212.0,2026-07-22 15:59:59.999000+00:00,1
2026-07-22 16:00:00+00:00,1.602,1.632,1.572,1.607,78003282.0,2026-07-22 19:59:59.999000+00:00,1
2026-07-22 20:00:00+00:00,1.606,1.633,1.601,1.608,18154760.0,2026-07-22 23:59:59.999000+00:00,1
2026-07-23 00:00:00+00:00,1.609,1.615,1.589,1.594,16820374.0,2026-07-23 03:59:59.999000+00:00,1
2026-07-23 04:00:00+00:00,1.594,1.633,1.592,1.626,34274396.0,2026-07-23 07:59:59.999000+00:00,1
2026-07-23 08:00:00+00:00,1.627,1.651,1.624,1.646,31173146.0,2026-07-23 11:59:59.999000+00:00,1
2026-07-23 12:00:00+00:00,1.646,1.668,1.624,1.643,66238720.0,2026-07-23 15:59:59.999000+00:00,1
2026-07-23 16:00:00+00:00,1.643,1.645,1.584,1.616,37226999.0,2026-07-23 19:59:59.999000+00:00,1
2026-07-23 20:00:00+00:00,1.616,1.625,1.596,1.597,14538059.0,2026-07-23 23:59:59.999000+00:00,1
2026-07-24 00:00:00+00:00,1.598,1.61,1.584,1.602,26419297.0,2026-07-24 03:59:59.999000+00:00,1
2026-07-24 04:00:00+00:00,1.602,1.612,1.596,1.607,19084041.0,2026-07-24 07:59:59.999000+00:00,1
2026-07-24 08:00:00+00:00,1.607,1.608,1.586,1.594,15769945.0,2026-07-24 11:59:59.999000+00:00,1
2026-07-24 12:00:00+00:00,1.593,1.604,1.552,1.58,55070422.0,2026-07-24 15:59:59.999000+00:00,1
2026-07-24 16:00:00+00:00,1.579,1.582,1.567,1.575,12055540.0,2026-07-24 19:59:59.999000+00:00,1
2026-07-24 20:00:00+00:00,1.574,1.578,1.551,1.561,9038958.0,2026-07-24 23:59:59.999000+00:00,1
2026-07-25 00:00:00+00:00,1.561,1.573,1.549,1.566,20507939.0,2026-07-25 03:59:59.999000+00:00,1
2026-07-25 04:00:00+00:00,1.565,1.578,1.549,1.549,14812370.0,2026-07-25 07:59:59.999000+00:00,1
2026-07-25 08:00:00+00:00,1.549,1.557,1.537,1.553,23665559.0,2026-07-25 11:59:59.999000+00:00,1
2026-07-25 12:00:00+00:00,1.552,1.564,1.545,1.554,15603427.0,2026-07-25 15:59:59.999000+00:00,1
2026-07-25 16:00:00+00:00,1.553,1.572,1.553,1.57,16450556.0,2026-07-25 19:59:59.999000+00:00,1
2026-07-25 20:00:00+00:00,1.569,1.573,1.56,1.565,8179602.0,2026-07-25 23:59:59.999000+00:00,1
2026-07-26 00:00:00+00:00,1.565,1.582,1.563,1.575,13873901.0,2026-07-26 03:59:59.999000+00:00,1
2026-07-26 04:00:00+00:00,1.575,1.604,1.572,1.591,40293115.0,2026-07-26 07:59:59.999000+00:00,1
2026-07-26 08:00:00+00:00,1.592,1.595,1.576,1.58,16016311.0,2026-07-26 11:59:59.999000+00:00,1
2026-07-26 12:00:00+00:00,1.58,1.58,1.564,1.577,24435322.0,2026-07-26 15:59:59.999000+00:00,1
2026-07-26 16:00:00+00:00,1.578,1.592,1.571,1.582,14872905.0,2026-07-26 19:59:59.999000+00:00,1
2026-07-26 20:00:00+00:00,1.583,1.601,1.581,1.597,17023596.0,2026-07-26 23:59:59.999000+00:00,1
2026-07-27 00:00:00+00:00,1.597,1.598,1.583,1.589,14509232.0,2026-07-27 03:59:59.999000+00:00,1
2026-07-27 04:00:00+00:00,1.59,1.601,1.582,1.582,14375833.0,2026-07-27 07:59:59.999000+00:00,1
2026-07-27 08:00:00+00:00,1.582,1.586,1.575,1.579,14699636.0,2026-07-27 11:59:59.999000+00:00,1
2026-07-27 12:00:00+00:00,1.579,1.594,1.531,1.54,60419816.0,2026-07-27 15:59:59.999000+00:00,1
2026-07-27 16:00:00+00:00,1.539,1.571,1.537,1.553,27351461.0,2026-07-27 19:59:59.999000+00:00,1
2026-07-27 20:00:00+00:00,1.554,1.559,1.509,1.528,31554850.0,2026-07-27 23:59:59.999000+00:00,1
2026-07-28 00:00:00+00:00,1.528,1.532,1.503,1.519,27400975.0,2026-07-28 03:59:59.999000+00:00,1
2026-07-28 04:00:00+00:00,1.518,1.522,1.466,1.486,64146235.0,2026-07-28 07:59:59.999000+00:00,1
2026-07-28 08:00:00+00:00,1.485,1.489,1.476,1.487,29231105.0,2026-07-28 11:59:59.999000+00:00,1
2026-07-28 12:00:00+00:00,1.487,1.491,1.451,1.486,60488955.0,2026-07-28 15:59:59.999000+00:00,1
2026-07-28 16:00:00+00:00,1.485,1.489,1.465,1.478,22520763.0,2026-07-28 19:59:59.999000+00:00,1
2026-07-28 20:00:00+00:00,1.478,1.482,1.442,1.468,26857338.0,2026-07-28 23:59:59.999000+00:00,1
2026-07-29 00:00:00+00:00,1.468,1.474,1.418,1.42,72198385.0,2026-07-29 03:59:59.999000+00:00,1
2026-07-29 04:00:00+00:00,1.42,1.442,1.409,1.441,36705214.0,2026-07-29 07:59:59.999000+00:00,1
2026-07-29 08:00:00+00:00,1.441,1.447,1.423,1.434,22843938.0,2026-07-29 11:59:59.999000+00:00,1
2026-07-29 12:00:00+00:00,1.434,1.438,1.417,1.428,31379095.0,2026-07-29 15:59:59.999000+00:00,1
2026-07-29 16:00:00+00:00,1.427,1.476,1.414,1.434,56374033.0,2026-07-29 19:59:59.999000+00:00,1
2026-07-29 20:00:00+00:00,1.434,1.464,1.418,1.461,34708684.0,2026-07-29 23:59:59.999000+00:00,1
2026-07-30 00:00:00+00:00,1.461,1.478,1.458,1.47,22738021.0,2026-07-30 03:59:59.999000+00:00,1
2026-07-30 04:00:00+00:00,1.469,1.471,1.448,1.449,13867815.0,2026-07-30 07:59:59.999000+00:00,1
2026-07-30 08:00:00+00:00,1.449,1.462,1.446,1.458,16587434.0,2026-07-30 11:59:59.999000+00:00,1
2026-07-30 12:00:00+00:00,1.458,1.466,1.439,1.458,24958035.0,2026-07-30 15:59:59.999000+00:00,1
2026-07-30 16:00:00+00:00,1.459,1.469,1.454,1.467,17667980.0,2026-07-30 19:59:59.999000+00:00,1
2026-07-30 20:00:00+00:00,1.466,1.471,1.453,1.456,16445990.0,2026-07-30 23:59:59.999000+00:00,1
2026-07-31 00:00:00+00:00,1.456,1.467,1.444,1.451,15761708.0,2026-07-31 03:59:59.999000+00:00,1
2026-07-31 04:00:00+00:00,1.451,1.456,1.435,1.45,13009564.0,2026-07-31 07:59:59.999000+00:00,1
2026-07-31 08:00:00+00:00,1.451,1.455,1.431,1.434,18297462.0,2026-07-31 11:59:59.999000+00:00,1
2026-07-31 12:00:00+00:00,1.434,1.443,1.416,1.439,38998399.0,2026-07-31 15:59:59.999000+00:00,1
2026-07-31 16:00:00+00:00,1.439,1.451,1.432,1.433,12087023.0,2026-07-31 19:59:59.999000+00:00,1
2026-07-31 20:00:00+00:00,1.434,1.437,1.402,1.416,29965378.0,2026-07-31 23:59:59.999000+00:00,1
2026-08-01 00:00:00+00:00,1.417,1.435,1.416,1.43,18117324.0,2026-08-01 03:59:59.999000+00:00,1
2026-08-01 04:00:00+00:00,1.429,1.434,1.423,1.426,10465099.0,2026-08-01 07:59:59.999000+00:00,1
2026-08-01 08:00:00+00:00,1.427,1.434,1.416,1.422,15423392.0,2026-08-01 11:59:59.999000+00:00,1
2026-08-01 12:00:00+00:00,1.421,1.442,1.42,1.436,17492067.0,2026-08-01 15:59:59.999000+00:00,1
2026-08-01 16:00:00+00:00,1.437,1.448,1.403,1.423,37977754.0,2026-08-01 19:59:59.999000+00:00,1
2026-08-01 20:00:00+00:00,1.423,1.441,1.419,1.434,8836619.0,2026-08-01 23:59:59.999000+00:00,1
2026-08-02 00:00:00+00:00,1.434,1.459,1.434,1.452,25804656.0,2026-08-02 03:59:59.999000+00:00,1
2026-08-02 04:00:00+00:00,1.451,1.463,1.45,1.452,16578019.0,2026-08-02 07:59:59.999000+00:00,1
2026-08-02 08:00:00+00:00,1.453,1.457,1.437,1.441,21996489.0,2026-08-02 11:59:59.999000+00:00,1
2026-08-02 12:00:00+00:00,1.44,1.452,1.44,1.443,11696844.0,2026-08-02 15:59:59.999000+00:00,1
2026-08-02 16:00:00+00:00,1.444,1.454,1.437,1.442,14368138.0,2026-08-02 19:59:59.999000+00:00,1
2026-08-02 20:00:00+00:00,1.443,1.449,1.431,1.439,15492205.0,2026-08-02 23:59:59.999000+00:00,1
2026-08-03 00:00:00+00:00,1.438,1.441,1.428,1.436,18585200.0,2026-08-03 03:59:59.999000+00:00,1
2026-08-03 04:00:00+00:00,1.436,1.442,1.427,1.434,11810337.0,2026-08-03 07:59:59.999000+00:00,1
2026-08-03 08:00:00+00:00,1.435,1.455,1.422,1.445,27571572.0,2026-08-03 11:59:59.999000+00:00,1
2026-08-03 12:00:00+00:00,1.446,1.482,1.443,1.482,35697045.0,2026-08-03 15:59:59.999000+00:00,1
2026-08-03 16:00:00+00:00,1.483,1.509,1.477,1.483,47354470.0,2026-08-03 19:59:59.999000+00:00,1
2026-08-03 20:00:00+00:00,1.482,1.486,1.463,1.471,16232333.0,2026-08-03 23:59:59.999000+00:00,1
2026-08-04 00:00:00+00:00,1.471,1.478,1.455,1.473,17391009.0,2026-08-04 03:59:59.999000+00:00,1
2026-08-04 04:00:00+00:00,1.472,1.488,1.461,1.473,25795923.0,2026-08-04 07:59:59.999000+00:00,1
2026-08-04 08:00:00+00:00,1.472,1.487,1.46,1.482,21569077.0,2026-08-04 11:59:59.999000+00:00,1
2026-08-04 12:00:00+00:00,1.482,1.484,1.447,1.469,67687652.0,2026-08-04 15:59:59.999000+00:00,1
2026-08-04 16:00:00+00:00,1.469,1.48,1.46,1.475,32415432.0,2026-08-04 19:59:59.999000+00:00,1
2026-08-04 20:00:00+00:00,1.474,1.485,1.465,1.467,28511916.0,2026-08-04 23:59:59.999000+00:00,1
2026-08-05 00:00:00+00:00,1.467,1.477,1.456,1.468,44149656.0,2026-08-05 03:59:59.999000+00:00,1
2026-08-05 04:00:00+00:00,1.467,1.471,1.462,1.467,13100621.0,2026-08-05 07:59:59.999000+00:00,1
2026-08-05 08:00:00+00:00,1.468,1.471,1.456,1.462,12719893.0,2026-08-05 11:59:59.999000+00:00,1
2026-08-05 12:00:00+00:00,1.463,1.471,1.448,1.459,30197013.0,2026-08-05 15:59:59.999000+00:00,1
2026-08-05 16:00:00+00:00,1.459,1.476,1.459,1.462,17729792.0,2026-08-05 19:59:59.999000+00:00,1
2026-08-05 20:00:00+00:00,1.463,1.474,1.456,1.466,10470139.0,2026-08-05 23:59:59.999000+00:00,1
2026-08-06 00:00:00+00:00,1.467,1.475,1.441,1.447,19643096.0,2026-08-06 03:59:59.999000+00:00,1
2026-08-06 04:00:00+00:00,1.446,1.466,1.444,1.454,12423533.0,2026-08-06 07:59:59.999000+00:00,1
2026-08-06 08:00:00+00:00,1.455,1.459,1.439,1.447,17161594.0,2026-08-06 11:59:59.999000+00:00,1
2026-08-06 12:00:00+00:00,1.446,1.47,1.433,1.461,25737261.0,2026-08-06 15:59:59.999000+00:00,1
2026-08-06 16:00:00+00:00,1.462,1.481,1.459,1.473,22775558.0,2026-08-06 19:59:59.999000+00:00,1
2026-08-06 20:00:00+00:00,1.474,1.484,1.47,1.48,20307415.0,2026-08-06 23:59:59.999000+00:00,1
2026-08-07 00:00:00+00:00,1.48,1.508,1.475,1.485,32828144.0,2026-08-07 03:59:59.999000+00:00,1
2026-08-07 04:00:00+00:00,1.485,1.486,1.467,1.47,14593483.0,2026-08-07 07:59:59.999000+00:00,1
2026-08-07 08:00:00+00:00,1.469,1.479,1.462,1.469,16537265.0,2026-08-07 11:59:59.999000+00:00,1
2026-08-07 12:00:00+00:00,1.468,1.477,1.455,1.474,31273582.0,2026-08-07 15:59:59.999000+00:00,1
2026-08-07 16:00:00+00:00,1.475,1.499,1.464,1.492,36562721.0,2026-08-07 19:59:59.999000+00:00,1
2026-08-07 20:00:00+00:00,1.493,1.495,1.473,1.476,9304517.0,2026-08-07 23:59:59.999000+00:00,1
2026-08-08 00:00:00+00:00,1.476,1.481,1.471,1.477,10297255.0,2026-08-08 03:59:59.999000+00:00,1
2026-08-08 04:00:00+00:00,1.476,1.482,1.466,1.476,11366121.0,2026-08-08 07:59:59.999000+00:00,1
2026-08-08 08:00:00+00:00,1.476,1.489,1.47,1.484,11845000.0,2026-08-08 11:59:59.999000+00:00,1
2026-08-08 12:00:00+00:00,1.485,1.5,1.475,1.494,19938606.0,2026-08-08 15:59:59.999000+00:00,1
2026-08-08 16:00:00+00:00,1.494,1.504,1.485,1.497,20139142.0,2026-08-08 19:59:59.999000+00:00,1
2026-08-08 20:00:00+00:00,1.497,1.503,1.482,1.488,8303186.0,2026-08-08 23:59:59.999000+00:00,1
2026-08-09 00:00:00+00:00,1.488,1.489,1.477,1.481,14323315.0,2026-08-09 03:59:59.999000+00:00,1
2026-08-09 04:00:00+00:00,1.481,1.489,1.476,1.481,9046322.0,2026-08-09 07:59:59.999000+00:00,1
2026-08-09 08:00:00+00:00,1.481,1.485,1.471,1.476,14791041.0,2026-08-09 11:59:59.999000+00:00,1
2026-08-09 12:00:00+00:00,1.477,1.516,1.475,1.511,24647954.0,2026-08-09 15:59:59.999000+00:00,1
2026-08-09 16:00:00+00:00,1.511,1.532,1.507,1.516,42207285.0,2026-08-09 19:59:59.999000+00:00,1
2026-08-09 20:00:00+00:00,1.516,1.528,1.483,1.485,23297796.0,2026-08-09 23:59:59.999000+00:00,1
2026-08-10 00:00:00+00:00,1.484,1.504,1.476,1.49,28827364.0,2026-08-10 03:59:59.999000+00:00,1
2026-08-10 04:00:00+00:00,1.491,1.505,1.487,1.505,20196597.0,2026-08-10 07:59:59.999000+00:00,1
2026-08-10 08:00:00+00:00,1.504,1.505,1.49,1.492,11643588.0,2026-08-10 11:59:59.999000+00:00,1
2026-08-10 12:00:00+00:00,1.492,1.505,1.478,1.486,20189363.0,2026-08-10 15:59:59.999000+00:00,1
2026-08-10 16:00:00+00:00,1.485,1.494,1.474,1.476,18791977.0,2026-08-10 19:59:59.999000+00:00,1
2026-08-10 20:00:00+00:00,1.475,1.492,1.475,1.482,13793809.0,2026-08-10 23:59:59.999000+00:00,1
2026-08-11 00:00:00+00:00,1.483,1.52,1.477,1.517,28311920.0,2026-08-11 03:59:59.999000+00:00,1
2026-08-11 04:00:00+00:00,1.517,1.538,1.494,1.498,40670307.0,2026-08-11 07:59:59.999000+00:00,1
2026-08-11 08:00:00+00:00,1.498,1.51,1.487,1.507,18411849.0,2026-08-11 11:59:59.999000+00:00,1
2026-08-11 12:00:00+00:00,1.507,1.512,1.455,1.472,35328568.0,2026-08-11 15:59:59.999000+00:00,1
2026-08-11 16:00:00+00:00,1.471,1.484,1.459,1.483,20230069.0,2026-08-11 19:59:59.999000+00:00,1
2026-08-11 20:00:00+00:00,1.483,1.492,1.474,1.478,10447316.0,2026-08-11 23:59:59.999000+00:00,1
2026-08-12 00:00:00+00:00,1.478,1.5,1.473,1.489,13793257.0,2026-08-12 03:59:59.999000+00:00,1
2026-08-12 04:00:00+00:00,1.489,1.492,1.473,1.476,10750162.0,2026-08-12 07:59:59.999000+00:00,1
2026-08-12 08:00:00+00:00,1.476,1.485,1.464,1.48,15557525.0,2026-08-12 11:59:59.999000+00:00,1
2026-08-12 12:00:00+00:00,1.48,1.487,1.452,1.462,31497108.0,2026-08-12 15:59:59.999000+00:00,1
2026-08-12 16:00:00+00:00,1.462,1.463,1.433,1.437,40565326.0,2026-08-12 19:59:59.999000+00:00,1
2026-08-12 20:00:00+00:00,1.437,1.442,1.368,1.407,53908035.0,2026-08-12 23:59:59.999000+00:00,1
2026-08-13 00:00:00+00:00,1.406,1.41,1.382,1.399,25112678.0,2026-08-13 03:59:59.999000+00:00,1
2026-08-13 04:00:00+00:00,1.398,1.406,1.393,1.395,18960613.0,2026-08-13 07:59:59.999000+00:00,1
2026-08-13 08:00:00+00:00,1.394,1.404,1.391,1.395,13664647.0,2026-08-13 11:59:59.999000+00:00,1
2026-08-13 12:00:00+00:00,1.395,1.406,1.383,1.384,20558804.0,2026-08-13 15:59:59.999000+00:00,1
2026-08-13 16:00:00+00:00,1.384,1.395,1.361,1.383,39568986.0,2026-08-13 19:59:59.999000+00:00,1
2026-08-13 20:00:00+00:00,1.383,1.397,1.381,1.396,9228321.0,2026-08-13 23:59:59.999000+00:00,1
2026-08-14 00:00:00+00:00,1.396,1.402,1.386,1.39,13106730.0,2026-08-14 03:59:59.999000+00:00,1
2026-08-14 04:00:00+00:00,1.39,1.397,1.381,1.384,9833139.0,2026-08-14 07:59:59.999000+00:00,1
2026-08-14 08:00:00+00:00,1.385,1.394,1.374,1.379,17015801.0,2026-08-14 11:59:59.999000+00:00,1
2026-08-14 12:00:00+00:00,1.378,1.405,1.365,1.405,33172718.0,2026-08-14 15:59:59.999000+00:00,1
2026-08-14 16:00:00+00:00,1.404,1.43,1.401,1.426,36145805.0,2026-08-14 19:59:59.999000+00:00,1
2026-08-14 20:00:00+00:00,1.426,1.457,1.416,1.43,24612243.0,2026-08-14 23:59:59.999000+00:00,1
2026-08-15 00:00:00+00:00,1.43,1.441,1.413,1.418,18653418.0,2026-08-15 03:59:59.999000+00:00,1
2026-08-15 04:00:00+00:00,1.418,1.425,1.406,1.407,11970151.0,2026-08-15 07:59:59.999000+00:00,1
2026-08-15 08:00:00+00:00,1.406,1.416,1.399,1.406,12698510.0,2026-08-15 11:59:59.999000+00:00,1
2026-08-15 12:00:00+00:00,1.407,1.421,1.405,1.42,13749943.0,2026-08-15 15:59:59.999000+00:00,1
2026-08-15 16:00:00+00:00,1.42,1.421,1.403,1.407,11181269.0,2026-08-15 19:59:59.999000+00:00,1
2026-08-15 20:00:00+00:00,1.408,1.412,1.4,1.403,8888356.0,2026-08-15 23:59:59.999000+00:00,1
2026-08-16 00:00:00+00:00,1.402,1.412,1.388,1.394,22006192.0,2026-08-16 03:59:59.999000+00:00,1
2026-08-16 04:00:00+00:00,1.393,1.401,1.388,1.396,11008390.0,2026-08-16 07:59:59.999000+00:00,1
2026-08-16 08:00:00+00:00,1.396,1.4,1.388,1.397,13349189.0,2026-08-16 11:59:59.999000+00:00,1
2026-08-16 12:00:00+00:00,1.397,1.441,1.394,1.426,39340524.0,2026-08-16 15:59:59.999000+00:00,1
2026-08-16 16:00:00+00:00,1.427,1.43,1.413,1.413,13155810.0,2026-08-16 19:59:59.999000+00:00,1
2026-08-16 20:00:00+00:00,1.413,1.414,1.385,1.399,18110530.0,2026-08-16 23:59:59.999000+00:00,1
2026-08-17 00:00:00+00:00,1.398,1.415,1.393,1.412,18080171.0,2026-08-17 03:59:59.999000+00:00,1
2026-08-17 04:00:00+00:00,1.411,1.418,1.405,1.411,10829372.0,2026-08-17 07:59:59.999000+00:00,1
2026-08-17 08:00:00+00:00,1.41,1.411,1.4,1.405,10500787.0,2026-08-17 11:59:59.999000+00:00,1
2026-08-17 12:00:00+00:00,1.405,1.407,1.392,1.406,20105186.0,2026-08-17 15:59:59.999000+00:00,1
2026-08-17 16:00:00+00:00,1.406,1.408,1.391,1.393,14416991.0,2026-08-17 19:59:59.999000+00:00,1
2026-08-17 20:00:00+00:00,1.393,1.404,1.39,1.396,9671295.0,2026-08-17 23:59:59.999000+00:00,1
2026-08-18 00:00:00+00:00,1.395,1.403,1.371,1.384,31289343.0,2026-08-18 03:59:59.999000+00:00,1
2026-08-18 04:00:00+00:00,1.384,1.406,1.381,1.399,15820321.0,2026-08-18 07:59:59.999000+00:00,1
2026-08-18 08:00:00+00:00,1.4,1.416,1.391,1.407,18637506.0,2026-08-18 11:59:59.999000+00:00,1
2026-08-18 12:00:00+00:00,1.407,1.413,1.397,1.403,16455363.0,2026-08-18 15:59:59.999000+00:00,1
2026-08-18 16:00:00+00:00,1.404,1.404,1.389,1.398,11510512.0,2026-08-18 19:59:59.999000+00:00,1
2026-08-18 20:00:00+00:00,1.399,1.413,1.388,1.407,14108521.0,2026-08-18 23:59:59.999000+00:00,1
2026-08-19 00:00:00+00:00,1.408,1.413,1.398,1.41,13904722.0,2026-08-19 03:59:59.999000+00:00,1
2026-08-19 04:00:00+00:00,1.41,1.412,1.399,1.406,11390219.0,2026-08-19 07:59:59.999000+00:00,1
2026-08-19 08:00:00+00:00,1.407,1.414,1.405,1.408,6997974.0,2026-08-19 11:59:59.999000+00:00,1
2026-08-19 12:00:00+00:00,1.408,1.47,1.402,1.44,66878991.0,2026-08-19 15:59:59.999000+00:00,1
2026-08-19 16:00:00+00:00,1.44,1.499,1.437,1.493,52602875.0,2026-08-19 19:59:59.999000+00:00,1
2026-08-19 20:00:00+00:00,1.494,1.834,1.494,1.792,512474281.0,2026-08-19 23:59:59.999000+00:00,1
2026-08-20 00:00:00+00:00,1.792,1.863,1.644,1.666,501474849.0,2026-08-20 03:59:59.999000+00:00,1
2026-08-20 04:00:00+00:00,1.666,1.688,1.622,1.658,202847911.0,2026-08-20 07:59:59.999000+00:00,1
2026-08-20 08:00:00+00:00,1.658,1.705,1.651,1.663,208339533.0,2026-08-20 11:59:59.999000+00:00,1
2026-08-20 12:00:00+00:00,1.663,1.684,1.604,1.667,156056057.0,2026-08-20 15:59:59.999000+00:00,1
2026-08-20 16:00:00+00:00,1.667,1.713,1.63,1.646,98075498.0,2026-08-20 19:59:59.999000+00:00,1
2026-08-20 20:00:00+00:00,1.647,1.661,1.616,1.647,48765555.0,2026-08-20 23:59:59.999000+00:00,1
2026-08-21 00:00:00+00:00,1.647,1.689,1.628,1.668,111128297.0,2026-08-21 03:59:59.999000+00:00,1
2026-08-21 04:00:00+00:00,1.669,1.728,1.656,1.723,115223519.0,2026-08-21 07:59:59.999000+00:00,1
2026-08-21 08:00:00+00:00,1.723,1.827,1.698,1.778,249960391.0,2026-08-21 11:59:59.999000+00:00,1
2026-08-21 12:00:00+00:00,1.778,1.972,1.769,1.871,331445501.0,2026-08-21 15:59:59.999000+00:00,1
2026-08-21 16:00:00+00:00,1.872,1.881,1.743,1.754,135798551.0,2026-08-21 19:59:59.999000+00:00,1
2026-08-21 20:00:00+00:00,1.755,1.915,1.746,1.868,89704498.0,2026-08-21 23:59:59.999000+00:00,1
2026-08-22 00:00:00+00:00,1.868,2.735,1.849,2.724,585741906.0,2026-08-22 03:59:59.999000+00:00,1
2026-08-22 04:00:00+00:00,2.723,3.684,2.572,2.845,2248046372.0,2026-08-22 07:59:59.999000+00:00,1
2026-08-22 08:00:00+00:00,2.846,2.87,2.413,2.691,1344812946.0,2026-08-22 11:59:59.999000+00:00,1
2026-08-22 12:00:00+00:00,2.691,2.695,2.304,2.435,1039260670.0,2026-08-22 15:59:59.999000+00:00,1
2026-08-22 16:00:00+00:00,2.435,2.627,2.409,2.484,783932318.0,2026-08-22 19:59:59.999000+00:00,1
2026-08-22 20:00:00+00:00,2.484,2.513,2.208,2.379,371290898.0,2026-08-22 23:59:59.999000+00:00,1
2026-08-23 00:00:00+00:00,2.379,2.453,2.216,2.263,527596865.0,2026-08-23 03:59:59.999000+00:00,1
2026-08-23 04:00:00+00:00,2.263,2.571,2.242,2.46,862144267.0,2026-08-23 07:59:59.999000+00:00,1
2026-08-23 08:00:00+00:00,2.459,2.647,2.428,2.556,516287520.0,2026-08-23 11:59:59.999000+00:00,1
2026-08-23 12:00:00+00:00,2.556,2.936,2.527,2.697,1161312020.0,2026-08-23 15:59:59.999000+00:00,1
2026-08-23 16:00:00+00:00,2.697,2.768,2.635,2.682,372352887.0,2026-08-23 19:59:59.999000+00:00,1
2026-08-23 20:00:00+00:00,2.683,2.754,2.582,2.621,222583636.0,2026-08-23 23:59:59.999000+00:00,1
2026-08-24 00:00:00+00:00,2.621,2.634,2.438,2.491,442593107.0,2026-08-24 03:59:59.999000+00:00,1
2026-08-24 04:00:00+00:00,2.492,2.55,2.399,2.431,372328139.0,2026-08-24 07:59:59.999000+00:00,1
2026-08-24 08:00:00+00:00,2.432,2.559,2.374,2.521,463752617.0,2026-08-24 11:59:59.999000+00:00,1
2026-08-24 12:00:00+00:00,2.522,2.568,2.442,2.487,472040179.0,2026-08-24 15:59:59.999000+00:00,1
2026-08-24 16:00:00+00:00,2.487,2.526,2.403,2.435,268527621.0,2026-08-24 19:59:59.999000+00:00,1
2026-08-24 20:00:00+00:00,2.435,2.453,2.346,2.391,123675932.0,2026-08-24 23:59:59.999000+00:00,1
2026-08-25 00:00:00+00:00,2.391,2.525,2.351,2.449,263721253.0,2026-08-25 03:59:59.999000+00:00,1
2026-08-25 04:00:00+00:00,2.448,2.497,2.401,2.417,182728754.0,2026-08-25 07:59:59.999000+00:00,1
2026-08-25 08:00:00+00:00,2.418,2.478,2.351,2.378,230656707.0,2026-08-25 11:59:59.999000+00:00,1
2026-08-25 12:00:00+00:00,2.377,2.383,2.248,2.305,379875721.0,2026-08-25 15:59:59.999000+00:00,1
2026-08-25 16:00:00+00:00,2.304,2.324,2.251,2.289,159456054.0,2026-08-25 19:59:59.999000+00:00,1
2026-08-25 20:00:00+00:00,2.29,2.291,2.145,2.172,221071067.0,2026-08-25 23:59:59.999000+00:00,1
2026-08-26 00:00:00+00:00,2.171,2.236,2.145,2.192,194164935.0,2026-08-26 03:59:59.999000+00:00,1
2026-08-26 04:00:00+00:00,2.192,2.317,2.183,2.238,286979826.0,2026-08-26 07:59:59.999000+00:00,1
2026-08-26 08:00:00+00:00,2.238,2.293,2.199,2.243,221884197.0,2026-08-26 11:59:59.999000+00:00,1
2026-08-26 12:00:00+00:00,2.244,2.288,2.101,2.171,333045608.0,2026-08-26 15:59:59.999000+00:00,1
2026-08-26 16:00:00+00:00,2.17,2.275,2.154,2.228,177971703.0,2026-08-26 19:59:59.999000+00:00,1
2026-08-26 20:00:00+00:00,2.227,2.366,2.202,2.323,141031054.0,2026-08-26 23:59:59.999000+00:00,1
2026-08-27 00:00:00+00:00,2.323,2.343,2.231,2.254,164893685.0,2026-08-27 03:59:59.999000+00:00,1
2026-08-27 04:00:00+00:00,2.254,2.278,2.218,2.251,95688276.0,2026-08-27 07:59:59.999000+00:00,1
2026-08-27 08:00:00+00:00,2.252,2.382,2.251,2.342,337078148.0,2026-08-27 11:59:59.999000+00:00,1
2026-08-27 12:00:00+00:00,2.341,2.668,2.339,2.615,812244961.0,2026-08-27 15:59:59.999000+00:00,1
2026-08-27 16:00:00+00:00,2.615,2.825,2.5,2.548,816989283.0,2026-08-27 19:59:59.999000+00:00,1
2026-08-27 20:00:00+00:00,2.549,2.588,2.515,2.545,134535018.0,2026-08-27 23:59:59.999000+00:00,1
2026-08-28 00:00:00+00:00,2.545,2.932,2.537,2.694,734610314.0,2026-08-28 03:59:59.999000+00:00,1
2026-08-28 04:00:00+00:00,2.694,2.859,2.643,2.801,600361348.0,2026-08-28 07:59:59.999000+00:00,1
2026-08-28 08:00:00+00:00,2.8,2.886,2.607,2.738,684063284.0,2026-08-28 11:59:59.999000+00:00,1
2026-08-28 12:00:00+00:00,2.738,2.9,2.629,2.725,804760744.0,2026-08-28 15:59:59.999000+00:00,1
2026-08-28 16:00:00+00:00,2.726,2.758,2.512,2.601,699351378.0,2026-08-28 19:59:59.999000+00:00,1
2026-08-28 20:00:00+00:00,2.601,2.756,2.592,2.734,213191216.0,2026-08-28 23:59:59.999000+00:00,1
2026-08-29 00:00:00+00:00,2.735,2.904,2.681,2.838,608799855.0,2026-08-29 03:59:59.999000+00:00,1
2026-08-29 04:00:00+00:00,2.839,3.069,2.63,2.744,1327237967.0,2026-08-29 07:59:59.999000+00:00,1
2026-08-29 08:00:00+00:00,2.743,2.774,2.668,2.729,296211942.0,2026-08-29 11:59:59.999000+00:00,1
2026-08-29 12:00:00+00:00,2.73,2.743,2.613,2.665,460913530.0,2026-08-29 15:59:59.999000+00:00,1
2026-08-29 16:00:00+00:00,2.664,2.692,2.622,2.664,232631474.0,2026-08-29 19:59:59.999000+00:00,1
2026-08-29 20:00:00+00:00,2.664,2.693,2.641,2.676,80453133.0,2026-08-29 23:59:59.999000+00:00,1
2026-08-30 00:00:00+00:00,2.675,2.718,2.546,2.587,295904211.0,2026-08-30 03:59:59.999000+00:00,1
2026-08-30 04:00:00+00:00,2.586,2.647,2.558,2.61,172673894.0,2026-08-30 07:59:59.999000+00:00,1
2026-08-30 08:00:00+00:00,2.61,2.618,2.482,2.531,300721581.0,2026-08-30 11:59:59.999000+00:00,1
2026-08-30 12:00:00+00:00,2.532,2.595,2.513,2.521,290914308.0,2026-08-30 15:59:59.999000+00:00,1
2026-08-30 16:00:00+00:00,2.521,2.595,2.486,2.528,267045499.0,2026-08-30 19:59:59.999000+00:00,1
2026-08-30 20:00:00+00:00,2.528,2.545,2.277,2.338,375146734.0,2026-08-30 23:59:59.999000+00:00,1
2026-08-31 00:00:00+00:00,2.338,2.393,2.311,2.37,243014663.0,2026-08-31 03:59:59.999000+00:00,1
2026-08-31 04:00:00+00:00,2.369,2.429,2.324,2.411,217696931.0,2026-08-31 07:59:59.999000+00:00,1
2026-08-31 08:00:00+00:00,2.411,2.42,2.357,2.374,189645902.0,2026-08-31 11:59:59.999000+00:00,1
2026-08-31 12:00:00+00:00,2.374,2.462,2.337,2.396,286129304.0,2026-08-31 15:59:59.999000+00:00,1
2026-08-31 16:00:00+00:00,2.396,2.469,2.38,2.427,168349058.0,2026-08-31 19:59:59.999000+00:00,1
2026-08-31 20:00:00+00:00,2.428,2.466,2.403,2.423,90316584.0,2026-08-31 23:59:59.999000+00:00,1
2026-09-01 00:00:00+00:00,2.423,2.444,2.348,2.402,143641661.0,2026-09-01 03:59:59.999000+00:00,1
2026-09-01 04:00:00+00:00,2.403,2.437,2.341,2.358,159717237.0,2026-09-01 07:59:59.999000+00:00,1
2026-09-01 08:00:00+00:00,2.358,2.407,2.322,2.393,178843733.0,2026-09-01 11:59:59.999000+00:00,1
2026-09-01 12:00:00+00:00,2.393,2.394,2.327,2.369,197276112.0,2026-09-01 15:59:59.999000+00:00,1
2026-09-01 16:00:00+00:00,2.369,2.372,2.267,2.282,219704473.0,2026-09-01 19:59:59.999000+00:00,1
2026-09-01 20:00:00+00:00,2.282,2.291,2.242,2.269,91704025.0,2026-09-01 23:59:59.999000+00:00,1
2026-09-02 00:00:00+00:00,2.269,2.311,2.207,2.287,189830199.0,2026-09-02 03:59:59.999000+00:00,1
2026-09-02 04:00:00+00:00,2.288,2.315,2.24,2.244,146323834.0,2026-09-02 07:59:59.999000+00:00,1
2026-09-02 08:00:00+00:00,2.245,2.254,2.163,2.191,195186031.0,2026-09-02 11:59:59.999000+00:00,1
2026-09-02 12:00:00+00:00,2.19,2.231,2.165,2.193,167829496.0,2026-09-02 15:59:59.999000+00:00,1
2026-09-02 16:00:00+00:00,2.193,2.212,2.132,2.177,120289915.0,2026-09-02 19:59:59.999000+00:00,1
2026-09-02 20:00:00+00:00,2.177,2.222,2.157,2.213,84411681.0,2026-09-02 23:59:59.999000+00:00,1
2026-09-03 00:00:00+00:00,2.213,2.289,2.176,2.237,214121296.0,2026-09-03 03:59:59.999000+00:00,1
2026-09-03 04:00:00+00:00,2.237,2.254,2.193,2.222,151810663.0,2026-09-03 07:59:59.999000+00:00,1
2026-09-03 08:00:00+00:00,2.222,2.426,2.208,2.416,332655583.0,2026-09-03 11:59:59.999000+00:00,1
2026-09-03 12:00:00+00:00,2.417,2.44,2.307,2.393,492741458.0,2026-09-03 15:59:59.999000+00:00,1
2026-09-03 16:00:00+00:00,2.393,2.516,2.359,2.405,343040085.0,2026-09-03 19:59:59.999000+00:00,1
2026-09-03 20:00:00+00:00,2.406,2.409,2.363,2.387,118407954.0,2026-09-03 23:59:59.999000+00:00,1
2026-09-04 00:00:00+00:00,2.387,2.449,2.317,2.381,208580235.0,2026-09-04 03:59:59.999000+00:00,1
2026-09-04 04:00:00+00:00,2.381,2.403,2.346,2.354,117726033.0,2026-09-04 07:59:59.999000+00:00,1
2026-09-04 08:00:00+00:00,2.355,2.418,2.348,2.377,119784172.0,2026-09-04 11:59:59.999000+00:00,1
2026-09-04 12:00:00+00:00,2.377,2.399,2.143,2.247,379620863.0,2026-09-04 15:59:59.999000+00:00,1
2026-09-04 16:00:00+00:00,2.247,2.286,2.229,2.268,77884450.0,2026-09-04 19:59:59.999000+00:00,1
2026-09-04 20:00:00+00:00,2.269,2.314,2.257,2.304,48852995.0,2026-09-04 23:59:59.999000+00:00,1
2026-09-05 00:00:00+00:00,2.305,2.367,2.294,2.323,122664565.0,2026-09-05 03:59:59.999000+00:00,1
2026-09-05 04:00:00+00:00,2.323,2.456,2.314,2.44,179663668.0,2026-09-05 07:59:59.999000+00:00,1
2026-09-05 08:00:00+00:00,2.441,2.448,2.336,2.375,142341178.0,2026-09-05 11:59:59.999000+00:00,1
2026-09-05 12:00:00+00:00,2.375,2.405,2.356,2.373,112554008.0,2026-09-05 15:59:59.999000+00:00,1
2026-09-05 16:00:00+00:00,2.374,2.423,2.361,2.367,106944603.0,2026-09-05 19:59:59.999000+00:00,1
2026-09-05 20:00:00+00:00,2.367,2.392,2.337,2.372,67663651.0,2026-09-05 23:59:59.999000+00:00,1
2026-09-06 00:00:00+00:00,2.372,2.412,2.365,2.389,89397481.0,2026-09-06 03:59:59.999000+00:00,1
2026-09-06 04:00:00+00:00,2.389,2.397,2.326,2.351,124161933.0,2026-09-06 07:59:59.999000+00:00,1
2026-09-06 08:00:00+00:00,2.351,2.372,2.335,2.361,72445679.0,2026-09-06 11:59:59.999000+00:00,1
2026-09-06 12:00:00+00:00,2.36,2.361,2.287,2.311,120733384.0,2026-09-06 15:59:59.999000+00:00,1
2026-09-06 16:00:00+00:00,2.311,2.325,2.297,2.314,49191424.0,2026-09-06 19:59:59.999000+00:00,1
2026-09-06 20:00:00+00:00,2.315,2.337,2.292,2.335,47367154.0,2026-09-06 23:59:59.999000+00:00,1
2026-09-07 00:00:00+00:00,2.336,2.337,2.223,2.255,132150002.0,2026-09-07 03:59:59.999000+00:00,1
2026-09-07 04:00:00+00:00,2.254,2.268,2.224,2.255,66619111.0,2026-09-07 07:59:59.999000+00:00,1
2026-09-07 08:00:00+00:00,2.256,2.282,2.254,2.258,43352955.0,2026-09-07 11:59:59.999000+00:00,1
2026-09-07 12:00:00+00:00,2.258,2.323,2.231,2.249,129849285.0,2026-09-07 15:59:59.999000+00:00,1
2026-09-07 16:00:00+00:00,2.249,2.289,2.248,2.271,41231766.0,2026-09-07 19:59:59.999000+00:00,1
2026-09-07 20:00:00+00:00,2.271,2.313,2.244,2.303,47486696.0,2026-09-07 23:59:59.999000+00:00,1
2026-09-08 00:00:00+00:00,2.303,2.337,2.261,2.271,95778953.0,2026-09-08 03:59:59.999000+00:00,1
2026-09-08 04:00:00+00:00,2.271,2.28,2.236,2.252,83796232.0,2026-09-08 07:59:59.999000+00:00,1
2026-09-08 08:00:00+00:00,2.251,2.297,2.232,2.256,69039980.0,2026-09-08 11:59:59.999000+00:00,1
2026-09-08 12:00:00+00:00,2.256,2.282,2.187,2.274,159575809.0,2026-09-08 15:59:59.999000+00:00,1
2026-09-08 16:00:00+00:00,2.274,2.277,2.225,2.234,62765198.0,2026-09-08 19:59:59.999000+00:00,1
2026-09-08 20:00:00+00:00,2.234,2.251,2.212,2.225,36775465.0,2026-09-08 23:59:59.999000+00:00,1
2026-09-09 00:00:00+00:00,2.225,2.244,2.199,2.205,61281795.0,2026-09-09 03:59:59.999000+00:00,1
2026-09-09 04:00:00+00:00,2.205,2.258,2.205,2.244,64641474.0,2026-09-09 07:59:59.999000+00:00,1
2026-09-09 08:00:00+00:00,2.245,2.283,2.21,2.238,105958047.0,2026-09-09 11:59:59.999000+00:00,1
2026-09-09 12:00:00+00:00,2.238,2.271,2.142,2.177,213087773.0,2026-09-09 15:59:59.999000+00:00,1
2026-09-09 16:00:00+00:00,2.177,2.192,2.131,2.135,115516500.0,2026-09-09 19:59:59.999000+00:00,1
2026-09-09 20:00:00+00:00,2.135,2.152,1.967,2.027,253156397.0,2026-09-09 23:59:59.999000+00:00,1
2026-09-10 00:00:00+00:00,2.028,2.039,1.984,2.017,122330164.0,2026-09-10 03:59:59.999000+00:00,1
2026-09-10 04:00:00+00:00,2.017,2.03,1.977,1.992,85356425.0,2026-09-10 07:59:59.999000+00:00,1
2026-09-10 08:00:00+00:00,1.993,2.013,1.981,1.993,69150983.0,2026-09-10 11:59:59.999000+00:00,1
2026-09-10 12:00:00+00:00,1.992,2.009,1.917,1.981,207311916.0,2026-09-10 15:59:59.999000+00:00,1
2026-09-10 16:00:00+00:00,1.981,1.994,1.938,1.973,85970347.0,2026-09-10 19:59:59.999000+00:00,1
2026-09-10 20:00:00+00:00,1.974,2.018,1.938,1.941,69745757.0,2026-09-10 23:59:59.999000+00:00,1
2026-09-11 00:00:00+00:00,1.941,1.981,1.937,1.97,57766711.0,2026-09-11 03:59:59.999000+00:00,1
2026-09-11 04:00:00+00:00,1.971,1.994,1.967,1.971,42761114.0,2026-09-11 07:59:59.999000+00:00,1
2026-09-11 08:00:00+00:00,1.971,1.985,1.904,1.948,104826026.0,2026-09-11 11:59:59.999000+00:00,1
2026-09-11 12:00:00+00:00,1.947,2.09,1.911,1.979,368869802.0,2026-09-11 15:59:59.999000+00:00,1
2026-09-11 16:00:00+00:00,1.979,2.004,1.943,1.975,112108482.0,2026-09-11 19:59:59.999000+00:00,1
2026-09-11 20:00:00+00:00,1.975,1.993,1.944,1.981,50685680.0,2026-09-11 23:59:59.999000+00:00,1
2026-09-12 00:00:00+00:00,1.981,1.995,1.967,1.982,37652171.0,2026-09-12 03:59:59.999000+00:00,1
2026-09-12 04:00:00+00:00,1.982,2.005,1.973,2.003,41239432.0,2026-09-12 07:59:59.999000+00:00,1
2026-09-12 08:00:00+00:00,2.003,2.019,1.993,2.011,46594278.0,2026-09-12 11:59:59.999000+00:00,1
2026-09-12 12:00:00+00:00,2.011,2.026,1.989,2.01,51879331.0,2026-09-12 15:59:59.999000+00:00,1
2026-09-12 16:00:00+00:00,2.01,2.016,1.985,1.996,30405998.0,2026-09-12 19:59:59.999000+00:00,1
2026-09-12 20:00:00+00:00,1.995,2.002,1.979,1.987,18038106.0,2026-09-12 23:59:59.999000+00:00,1
2026-09-13 00:00:00+00:00,1.986,1.995,1.975,1.98,41490749.0,2026-09-13 03:59:59.999000+00:00,1
2026-09-13 04:00:00+00:00,1.981,2.008,1.976,1.986,37529515.0,2026-09-13 07:59:59.999000+00:00,1
2026-09-13 08:00:00+00:00,1.987,1.99,1.952,1.975,74361301.0,2026-09-13 11:59:59.999000+00:00,1
2026-09-13 12:00:00+00:00,1.975,1.993,1.955,1.961,54151801.0,2026-09-13 15:59:59.999000+00:00,1
2026-09-13 16:00:00+00:00,1.962,1.996,1.961,1.974,37276261.0,2026-09-13 19:59:59.999000+00:00,1
2026-09-13 20:00:00+00:00,1.975,1.992,1.922,1.926,63261628.0,2026-09-13 23:59:59.999000+00:00,1
2026-09-14 00:00:00+00:00,1.926,2.013,1.926,1.996,74311157.0,2026-09-14 03:59:59.999000+00:00,1
2026-09-14 04:00:00+00:00,1.996,2.013,1.984,2.002,45206259.0,2026-09-14 07:59:59.999000+00:00,1
2026-09-14 08:00:00+00:00,2.002,2.011,1.972,1.992,59614878.0,2026-09-14 11:59:59.999000+00:00,1
2026-09-14 12:00:00+00:00,1.991,2.063,1.99,2.034,181699829.0,2026-09-14 15:59:59.999000+00:00,1
2026-09-14 16:00:00+00:00,2.035,2.061,2.016,2.038,77989501.0,2026-09-14 19:59:59.999000+00:00,1
2026-09-14 20:00:00+00:00,2.039,2.061,1.994,2.004,66442906.0,2026-09-14 23:59:59.999000+00:00,1
2026-09-15 00:00:00+00:00,2.004,2.006,1.971,1.979,66268525.0,2026-09-15 03:59:59.999000+00:00,1
2026-09-15 04:00:00+00:00,1.978,1.982,1.95,1.957,60320486.0,2026-09-15 07:59:59.999000+00:00,1
2026-09-15 08:00:00+00:00,1.957,1.982,1.947,1.963,44143639.0,2026-09-15 11:59:59.999000+00:00,1
2026-09-15 12:00:00+00:00,1.964,1.998,1.917,1.976,153872228.0,2026-09-15 15:59:59.999000+00:00,1
2026-09-15 16:00:00+00:00,1.976,2.011,1.845,1.9,245902920.0,2026-09-15 19:59:59.999000+00:00,1
2026-09-15 20:00:00+00:00,1.9,1.907,1.852,1.88,71236785.0,2026-09-15 23:59:59.999000+00:00,1
2026-09-16 00:00:00+00:00,1.88,1.891,1.844,1.867,58892527.0,2026-09-16 03:59:59.999000+00:00,1
2026-09-16 04:00:00+00:00,1.868,1.893,1.859,1.862,53067399.0,2026-09-16 07:59:59.999000+00:00,1
2026-09-16 08:00:00+00:00,1.861,1.878,1.847,1.871,51608003.0,2026-09-16 11:59:59.999000+00:00,1
2026-09-16 12:00:00+00:00,1.871,1.875,1.812,1.816,162184414.0,2026-09-16 15:59:59.999000+00:00,1
2026-09-16 16:00:00+00:00,1.815,1.899,1.812,1.872,219175738.0,2026-09-16 19:59:59.999000+00:00,1
2026-09-16 20:00:00+00:00,1.872,1.953,1.866,1.93,118997350.0,2026-09-16 23:59:59.999000+00:00,1
2026-09-17 00:00:00+00:00,1.931,1.953,1.911,1.938,49987520.0,2026-09-17 03:59:59.999000+00:00,1
2026-09-17 04:00:00+00:00,1.938,1.967,1.917,1.951,69384244.0,2026-09-17 07:59:59.999000+00:00,1
2026-09-17 08:00:00+00:00,1.951,1.959,1.925,1.94,45721355.0,2026-09-17 11:59:59.999000+00:00,1
2026-09-17 12:00:00+00:00,1.94,1.972,1.931,1.951,89524675.0,2026-09-17 15:59:59.999000+00:00,1
2026-09-17 16:00:00+00:00,1.95,1.964,1.938,1.954,39537258.0,2026-09-17 19:59:59.999000+00:00,1
2026-09-17 20:00:00+00:00,1.954,1.963,1.931,1.952,32780438.0,2026-09-17 23:59:59.999000+00:00,1
2026-09-18 00:00:00+00:00,1.951,2.077,1.938,2.062,124638138.0,2026-09-18 03:59:59.999000+00:00,1
2026-09-18 04:00:00+00:00,2.062,2.067,2.015,2.034,65911783.0,2026-09-18 07:59:59.999000+00:00,1
2026-09-18 08:00:00+00:00,2.034,2.066,2.013,2.029,74336866.0,2026-09-18 11:59:59.999000+00:00,1
2026-09-18 12:00:00+00:00,2.029,2.138,2.021,2.112,179750633.0,2026-09-18 15:59:59.999000+00:00,1
2026-09-18 16:00:00+00:00,2.112,2.142,2.087,2.112,80831324.0,2026-09-18 19:59:59.999000+00:00,1
2026-09-18 20:00:00+00:00,2.112,2.128,2.073,2.085,53220944.0,2026-09-18 23:59:59.999000+00:00,1
2026-09-19 00:00:00+00:00,2.085,2.106,2.038,2.05,100832970.0,2026-09-19 03:59:59.999000+00:00,1
2026-09-19 04:00:00+00:00,2.05,2.061,2.016,2.028,80202835.0,2026-09-19 07:59:59.999000+00:00,1
2026-09-19 08:00:00+00:00,2.028,2.065,2.025,2.049,67143290.0,2026-09-19 11:59:59.999000+00:00,1
2026-09-19 12:00:00+00:00,2.049,2.074,2.038,2.056,72932912.0,2026-09-19 15:59:59.999000+00:00,1
2026-09-19 16:00:00+00:00,2.056,2.196,2.044,2.131,211082179.0,2026-09-19 19:59:59.999000+00:00,1
2026-09-19 20:00:00+00:00,2.131,2.151,2.037,2.1,100327848.0,2026-09-19 23:59:59.999000+00:00,1
2026-09-20 00:00:00+00:00,2.099,2.137,1.993,2.03,164534768.0,2026-09-20 03:59:59.999000+00:00,1
2026-09-20 04:00:00+00:00,2.031,2.038,2.009,2.014,60375409.0,2026-09-20 07:59:59.999000+00:00,1
2026-09-20 08:00:00+00:00,2.013,2.031,1.996,2.029,68214923.0,2026-09-20 11:59:59.999000+00:00,1
2026-09-20 12:00:00+00:00,2.028,2.033,1.989,2.032,69215496.0,2026-09-20 15:59:59.999000+00:00,1
2026-09-20 16:00:00+00:00,2.031,2.109,2.025,2.073,100632236.0,2026-09-20 19:59:59.999000+00:00,1
2026-09-20 20:00:00+00:00,2.073,2.083,2.032,2.069,48958117.0,2026-09-20 23:59:59.999000+00:00,1
2026-09-21 00:00:00+00:00,2.068,2.128,2.043,2.094,97679058.0,2026-09-21 03:59:59.999000+00:00,1
2026-09-21 04:00:00+00:00,2.094,2.104,2.059,2.083,67987294.0,2026-09-21 07:59:59.999000+00:00,1
2026-09-21 08:00:00+00:00,2.083,2.193,2.082,2.162,161779692.0,2026-09-21 11:59:59.999000+00:00,1
2026-09-21 12:00:00+00:00,2.162,2.195,2.1,2.176,180229704.0,2026-09-21 15:59:59.999000+00:00,1
2026-09-21 16:00:00+00:00,2.176,2.204,2.118,2.162,110863821.0,2026-09-21 19:59:59.999000+00:00,1
2026-09-21 20:00:00+00:00,2.162,2.221,2.152,2.186,82229094.0,2026-09-21 23:59:59.999000+00:00,1
2026-09-22 00:00:00+00:00,2.185,2.262,2.135,2.157,204384328.0,2026-09-22 03:59:59.999000+00:00,1
2026-09-22 04:00:00+00:00,2.156,2.191,2.112,2.15,117075684.0,2026-09-22 07:59:59.999000+00:00,1
2026-09-22 08:00:00+00:00,2.15,2.179,2.12,2.146,100121406.0,2026-09-22 11:59:59.999000+00:00,1
2026-09-22 12:00:00+00:00,2.147,2.232,2.131,2.185,219670653.0,2026-09-22 15:59:59.999000+00:00,1
2026-09-22 16:00:00+00:00,2.185,2.205,2.145,2.204,105382882.0,2026-09-22 19:59:59.999000+00:00,1
2026-09-22 20:00:00+00:00,2.204,2.258,2.182,2.245,91065683.0,2026-09-22 23:59:59.999000+00:00,1
2026-09-23 00:00:00+00:00,2.245,2.274,2.19,2.246,93221312.0,2026-09-23 03:59:59.999000+00:00,1
2026-09-23 04:00:00+00:00,2.246,2.283,2.215,2.222,131077064.0,2026-09-23 07:59:59.999000+00:00,1
2026-09-23 08:00:00+00:00,2.222,2.241,2.147,2.165,147019097.0,2026-09-23 11:59:59.999000+00:00,1
2026-09-23 12:00:00+00:00,2.165,2.171,1.914,1.976,418244651.0,2026-09-23 15:59:59.999000+00:00,1
2026-09-23 16:00:00+00:00,1.976,1.994,1.942,1.961,113690227.0,2026-09-23 19:59:59.999000+00:00,1
2026-09-23 20:00:00+00:00,1.962,1.978,1.945,1.963,53758096.0,2026-09-23 23:59:59.999000+00:00,1
2026-09-24 00:00:00+00:00,1.964,1.987,1.931,1.963,77848323.0,2026-09-24 03:59:59.999000+00:00,1
2026-09-24 04:00:00+00:00,1.963,2.033,1.955,2.015,89896352.0,2026-09-24 07:59:59.999000+00:00,1
2026-09-24 08:00:00+00:00,2.015,2.015,1.936,1.971,129606456.0,2026-09-24 11:59:59.999000+00:00,1
2026-09-24 12:00:00+00:00,1.97,2.095,1.965,2.052,174819120.0,2026-09-24 15:59:59.999000+00:00,1
2026-09-24 16:00:00+00:00,2.053,2.131,2.043,2.091,136274663.0,2026-09-24 19:59:59.999000+00:00,1
2026-09-24 20:00:00+00:00,2.092,2.118,2.072,2.076,58889354.0,2026-09-24 23:59:59.999000+00:00,1
2026-09-25 00:00:00+00:00,2.076,2.118,2.057,2.082,94285135.0,2026-09-25 03:59:59.999000+00:00,1
2026-09-25 04:00:00+00:00,2.082,2.095,2.048,2.071,51374830.0,2026-09-25 07:59:59.999000+00:00,1
2026-09-25 08:00:00+00:00,2.071,2.12,2.063,2.106,83220767.0,2026-09-25 11:59:59.999000+00:00,1
2026-09-25 12:00:00+00:00,2.106,2.124,2.058,2.09,157366147.0,2026-09-25 15:59:59.999000+00:00,1
2026-09-25 16:00:00+00:00,2.09,2.124,2.082,2.106,52292242.0,2026-09-25 19:59:59.999000+00:00,1
2026-09-25 20:00:00+00:00,2.106,2.141,2.079,2.123,47427912.0,2026-09-25 23:59:59.999000+00:00,1
2026-09-26 00:00:00+00:00,2.123,2.149,2.1,2.143,72175279.0,2026-09-26 03:59:59.999000+00:00,1
2026-09-26 04:00:00+00:00,2.143,2.161,2.11,2.13,59851838.0,2026-09-26 07:59:59.999000+00:00,1
2026-09-26 08:00:00+00:00,2.13,2.184,2.096,2.152,87957458.0,2026-09-26 11:59:59.999000+00:00,1
2026-09-26 12:00:00+00:00,2.152,2.186,2.125,2.182,69750603.0,2026-09-26 15:59:59.999000+00:00,1
2026-09-26 16:00:00+00:00,2.181,2.191,2.113,2.114,64774521.0,2026-09-26 19:59:59.999000+00:00,1
2026-09-26 20:00:00+00:00,2.115,2.119,2.067,2.114,61801190.0,2026-09-26 23:59:59.999000+00:00,1
2026-09-27 00:00:00+00:00,2.113,2.118,2.088,2.093,38960013.0,2026-09-27 03:59:59.999000+00:00,1
2026-09-27 04:00:00+00:00,2.092,2.15,2.075,2.146,53766399.0,2026-09-27 07:59:59.999000+00:00,1
2026-09-27 08:00:00+00:00,2.146,2.16,2.123,2.144,59921582.0,2026-09-27 11:59:59.999000+00:00,1
2026-09-27 12:00:00+00:00,2.144,2.157,2.101,2.121,83853163.0,2026-09-27 15:59:59.999000+00:00,1
2026-09-27 16:00:00+00:00,2.121,2.157,2.116,2.136,36290635.0,2026-09-27 19:59:59.999000+00:00,1
2026-09-27 20:00:00+00:00,2.136,2.146,2.081,2.123,60968844.0,2026-09-27 23:59:59.999000+00:00,1
2026-09-28 00:00:00+00:00,2.124,2.149,2.012,2.037,133190139.0,2026-09-28 03:59:59.999000+00:00,1
2026-09-28 04:00:00+00:00,2.036,2.064,1.975,1.983,132138270.0,2026-09-28 07:59:59.999000+00:00,1
2026-09-28 08:00:00+00:00,1.982,2.007,1.967,2.001,92737815.0,2026-09-28 11:59:59.999000+00:00,1
2026-09-28 12:00:00+00:00,2.001,2.047,1.942,1.986,144317181.0,2026-09-28 15:59:59.999000+00:00,1
2026-09-28 16:00:00+00:00,1.986,2.032,1.965,1.973,87234390.0,2026-09-28 19:59:59.999000+00:00,1
2026-09-28 20:00:00+00:00,1.972,2.012,1.963,2.009,40431296.0,2026-09-28 23:59:59.999000+00:00,1
2026-09-29 00:00:00+00:00,2.009,2.014,1.928,1.962,102524573.0,2026-09-29 03:59:59.999000+00:00,1
2026-09-29 04:00:00+00:00,1.962,2.022,1.944,2.017,52543932.0,2026-09-29 07:59:59.999000+00:00,1
2026-09-29 08:00:00+00:00,2.017,2.043,2.005,2.037,49505113.0,2026-09-29 11:59:59.999000+00:00,1
2026-09-29 12:00:00+00:00,2.037,2.106,2.028,2.05,163378308.0,2026-09-29 15:59:59.999000+00:00,1
2026-09-29 16:00:00+00:00,2.05,2.057,2.001,2.027,76788320.0,2026-09-29 19:59:59.999000+00:00,1
2026-09-29 20:00:00+00:00,2.027,2.051,2.017,2.026,37115275.0,2026-09-29 23:59:59.999000+00:00,1
2026-09-30 00:00:00+00:00,2.027,2.094,2.018,2.057,70839489.0,2026-09-30 03:59:59.999000+00:00,1
2026-09-30 04:00:00+00:00,2.057,2.074,2.009,2.038,76624104.0,2026-09-30 07:59:59.999000+00:00,1
2026-09-30 08:00:00+00:00,2.038,2.073,2.026,2.07,51446475.0,2026-09-30 11:59:59.999000+00:00,1
2026-09-30 12:00:00+00:00,2.07,2.125,2.05,2.089,148621949.0,2026-09-30 15:59:59.999000+00:00,1
2026-09-30 16:00:00+00:00,2.089,2.11,2.014,2.025,89941902.0,2026-09-30 19:59:59.999000+00:00,1
2026-09-30 20:00:00+00:00,2.025,2.068,2.022,2.052,36325641.0,2026-09-30 23:59:59.999000+00:00,1
2026-10-01 00:00:00+00:00,2.052,2.25,2.042,2.177,305645873.0,2026-10-01 03:59:59.999000+00:00,1
2026-10-01 04:00:00+00:00,2.177,2.179,2.023,2.049,219691420.0,2026-10-01 07:59:59.999000+00:00,1
2026-10-01 08:00:00+00:00,2.048,2.078,2.015,2.075,97603134.0,2026-10-01 11:59:59.999000+00:00,1
2026-10-01 12:00:00+00:00,2.075,2.082,2.019,2.044,115579497.0,2026-10-01 15:59:59.999000+00:00,1
2026-10-01 16:00:00+00:00,2.044,2.079,2.026,2.063,67181719.0,2026-10-01 19:59:59.999000+00:00,1
2026-10-01 20:00:00+00:00,2.063,2.073,2.042,2.057,27348598.0,2026-10-01 23:59:59.999000+00:00,1
2026-10-02 00:00:00+00:00,2.056,2.077,2.036,2.066,46363280.0,2026-10-02 03:59:59.999000+00:00,1
2026-10-02 04:00:00+00:00,2.065,2.109,2.058,2.103,79379515.0,2026-10-02 07:59:59.999000+00:00,1
2026-10-02 08:00:00+00:00,2.104,2.153,2.096,2.141,76719146.0,2026-10-02 11:59:59.999000+00:00,1
2026-10-02 12:00:00+00:00,2.14,2.214,2.125,2.138,214594010.0,2026-10-02 15:59:59.999000+00:00,1
2026-10-02 16:00:00+00:00,2.138,2.151,1.975,2.013,206364113.0,2026-10-02 19:59:59.999000+00:00,1
2026-10-02 20:00:00+00:00,2.014,2.122,2.008,2.114,79671514.0,2026-10-02 23:59:59.999000+00:00,1
2026-10-03 00:00:00+00:00,2.114,2.131,2.082,2.099,68674826.0,2026-10-03 03:59:59.999000+00:00,1
2026-10-03 04:00:00+00:00,2.099,2.1,2.05,2.06,42562630.0,2026-10-03 07:59:59.999000+00:00,1
2026-10-03 08:00:00+00:00,2.059,2.077,2.048,2.062,35615459.0,2026-10-03 11:59:59.999000+00:00,1
2026-10-03 12:00:00+00:00,2.062,2.075,2.045,2.052,44946466.0,2026-10-03 15:59:59.999000+00:00,1
2026-10-03 16:00:00+00:00,2.053,2.06,2.034,2.044,37771441.0,2026-10-03 19:59:59.999000+00:00,1
2026-10-03 20:00:00+00:00,2.044,2.051,2.035,2.045,22212246.0,2026-10-03 23:59:59.999000+00:00,1
2026-10-04 00:00:00+00:00,2.044,2.052,2.026,2.032,32799409.0,2026-10-04 03:59:59.999000+00:00,1
2026-10-04 04:00:00+00:00,2.032,2.051,2.029,2.047,23756293.0,2026-10-04 07:59:59.999000+00:00,1
2026-10-04 08:00:00+00:00,2.047,2.048,2.016,2.023,45712458.0,2026-10-04 11:59:59.999000+00:00,1
2026-10-04 12:00:00+00:00,2.023,2.049,2.012,2.04,46466395.0,2026-10-04 15:59:59.999000+00:00,1
2026-10-04 16:00:00+00:00,2.04,2.065,2.034,2.048,45241247.0,2026-10-04 19:59:59.999000+00:00,1
2026-10-04 20:00:00+00:00,2.048,2.071,2.034,2.065,34747070.0,2026-10-04 23:59:59.999000+00:00,1
2026-10-05 00:00:00+00:00,2.064,2.091,2.048,2.066,60478971.0,2026-10-05 03:59:59.999000+00:00,1
2026-10-05 04:00:00+00:00,2.066,2.082,2.038,2.076,51249451.0,2026-10-05 07:59:59.999000+00:00,1
2026-10-05 08:00:00+00:00,2.077,2.08,2.057,2.07,33737402.0,2026-10-05 11:59:59.999000+00:00,1
2026-10-05 12:00:00+00:00,2.07,2.073,2.019,2.029,78425995.0,2026-10-05 15:59:59.999000+00:00,1
2026-10-05 16:00:00+00:00,2.028,2.06,2.016,2.054,43503620.0,2026-10-05 19:59:59.999000+00:00,1
2026-10-05 20:00:00+00:00,2.055,2.074,2.049,2.057,26272215.0,2026-10-05 23:59:59.999000+00:00,1
2026-10-06 00:00:00+00:00,2.056,2.059,1.992,2.0,77245238.0,2026-10-06 03:59:59.999000+00:00,1
2026-10-06 04:00:00+00:00,2.001,2.024,2.0,2.015,41601578.0,2026-10-06 07:59:59.999000+00:00,1
2026-10-06 08:00:00+00:00,2.015,2.032,2.001,2.024,42109313.0,2026-10-06 11:59:59.999000+00:00,1
2026-10-06 12:00:00+00:00,2.025,2.045,2.007,2.016,56482231.0,2026-10-06 15:59:59.999000+00:00,1
2026-10-06 16:00:00+00:00,2.016,2.026,1.997,2.007,52463276.0,2026-10-06 19:59:59.999000+00:00,1
2026-10-06 20:00:00+00:00,2.007,2.019,1.988,2.008,29654358.0,2026-10-06 23:59:59.999000+00:00,1
2026-10-07 00:00:00+00:00,2.008,2.012,1.757,1.88,315776937.0,2026-10-07 03:59:59.999000+00:00,1
2026-10-07 04:00:00+00:00,1.881,1.902,1.867,1.89,53093209.0,2026-10-07 07:59:59.999000+00:00,1
2026-10-07 08:00:00+00:00,1.891,1.893,1.843,1.854,72422602.0,2026-10-07 11:59:59.999000+00:00,1
2026-10-07 12:00:00+00:00,1.853,1.858,1.826,1.854,93174310.0,2026-10-07 15:59:59.999000+00:00,1
2026-10-07 16:00:00+00:00,1.853,1.864,1.831,1.849,34627929.0,2026-10-07 19:59:59.999000+00:00,0
