ts,open,high,low,close,volume,close_time,confirm
2026-03-29 12:00:00+00:00,0.31945,0.31991,0.31764,0.31779,10685.38,2026-03-29 15:59:59.999000+00:00,1
2026-03-29 16:00:00+00:00,0.31778,0.32018,0.31752,0.32017,6344.4,2026-03-29 19:59:59.999000+00:00,1
2026-03-29 20:00:00+00:00,0.32017,0.32447,0.32017,0.32158,16453.88,2026-03-29 23:59:59.999000+00:00,1
2026-03-30 00:00:00+00:00,0.32157,0.32292,0.31989,0.32288,12545.01,2026-03-30 03:59:59.999000+00:00,1
2026-03-30 04:00:00+00:00,0.32288,0.32353,0.32096,0.32235,13500.43,2026-03-30 07:59:59.999000+00:00,1
2026-03-30 08:00:00+00:00,0.32235,0.324,0.3213,0.32378,11796.72,2026-03-30 11:59:59.999000+00:00,1
2026-03-30 12:00:00+00:00,0.32377,0.32427,0.31617,0.31787,32216.09,2026-03-30 15:59:59.999000+00:00,1
2026-03-30 16:00:00+00:00,0.31788,0.32139,0.31694,0.32021,13612.88,2026-03-30 19:59:59.999000+00:00,1
2026-03-30 20:00:00+00:00,0.32021,0.32046,0.31899,0.31977,5048.4,2026-03-30 23:59:59.999000+00:00,1
2026-03-31 00:00:00+00:00,0.31977,0.32034,0.31826,0.3187,6045.74,2026-03-31 03:59:59.999000+00:00,1
2026-03-31 04:00:00+00:00,0.31868,0.32164,0.31868,0.3209,6125.41,2026-03-31 07:59:59.999000+00:00,1
2026-03-31 08:00:00+00:00,0.3209,0.32091,0.31503,0.31514,14989.99,2026-03-31 11:59:59.999000+00:00,1
2026-03-31 12:00:00+00:00,0.31514,0.31604,0.31148,0.31189,14171.6,2026-03-31 15:59:59.999000+00:00,1
2026-03-31 16:00:00+00:00,0.3119,0.31387,0.31044,0.31284,15127.45,2026-03-31 19:59:59.999000+00:00,1
2026-03-31 20:00:00+00:00,0.31285,0.31412,0.31253,0.31322,6534.38,2026-03-31 23:59:59.999000+00:00,1
2026-04-01 00:00:00+00:00,0.31322,0.31625,0.31288,0.31625,9339.47,2026-04-01 03:59:59.999000+00:00,1
2026-04-01 04:00:00+00:00,0.31626,0.31663,0.31469,0.31544,9902.7,2026-04-01 07:59:59.999000+00:00,1
2026-04-01 08:00:00+00:00,0.31544,0.31608,0.31458,0.31554,5939.69,2026-04-01 11:59:59.999000+00:00,1
2026-04-01 12:00:00+00:00,0.31554,0.31588,0.31465,0.31518,8276.6,2026-04-01 15:59:59.999000+00:00,1
2026-04-01 16:00:00+00:00,0.31517,0.31628,0.31386,0.31562,10225.25,2026-04-01 19:59:59.999000+00:00,1
2026-04-01 20:00:00+00:00,0.3156,0.31619,0.31505,0.31537,4591.61,2026-04-01 23:59:59.999000+00:00,1
2026-04-02 00:00:00+00:00,0.31538,0.31622,0.3143,0.31434,7206.09,2026-04-02 03:59:59.999000+00:00,1
2026-04-02 04:00:00+00:00,0.31433,0.31571,0.3141,0.31558,6203.78,2026-04-02 07:59:59.999000+00:00,1
2026-04-02 08:00:00+00:00,0.31559,0.31607,0.31502,0.31562,6418.42,2026-04-02 11:59:59.999000+00:00,1
2026-04-02 12:00:00+00:00,0.3156,0.31648,0.31443,0.31463,12183.64,2026-04-02 15:59:59.999000+00:00,1
2026-04-02 16:00:00+00:00,0.31462,0.31514,0.31254,0.3151,9141.88,2026-04-02 19:59:59.999000+00:00,1
2026-04-02 20:00:00+00:00,0.31512,0.31544,0.31465,0.31515,4013.89,2026-04-02 23:59:59.999000+00:00,1
2026-04-03 00:00:00+00:00,0.31514,0.31528,0.31421,0.31432,3435.79,2026-04-03 03:59:59.999000+00:00,1
2026-04-03 04:00:00+00:00,0.31432,0.31528,0.31413,0.31454,4518.68,2026-04-03 07:59:59.999000+00:00,1
2026-04-03 08:00:00+00:00,0.31454,0.3148,0.31241,0.31307,10975.88,2026-04-03 11:59:59.999000+00:00,1
2026-04-03 12:00:00+00:00,0.31307,0.31429,0.31307,0.31419,6519.56,2026-04-03 15:59:59.999000+00:00,1
2026-04-03 16:00:00+00:00,0.31419,0.31498,0.31405,0.31465,7058.77,2026-04-03 19:59:59.999000+00:00,1
2026-04-03 20:00:00+00:00,0.31466,0.31548,0.31424,0.31506,5275.16,2026-04-03 23:59:59.999000+00:00,1
2026-04-04 00:00:00+00:00,0.31507,0.31616,0.31479,0.31533,4867.46,2026-04-04 03:59:59.999000+00:00,1
2026-04-04 04:00:00+00:00,0.31534,0.31614,0.31516,0.31611,3914.8,2026-04-04 07:59:59.999000+00:00,1
2026-04-04 08:00:00+00:00,0.31611,0.31799,0.31593,0.31699,9254.14,2026-04-04 11:59:59.999000+00:00,1
2026-04-04 12:00:00+00:00,0.31698,0.3173,0.3162,0.31663,3815.74,2026-04-04 15:59:59.999000+00:00,1
2026-04-04 16:00:00+00:00,0.31663,0.31763,0.31663,0.31741,4364.64,2026-04-04 19:59:59.999000+00:00,1
2026-04-04 20:00:00+00:00,0.31741,0.3178,0.31728,0.31731,2500.01,2026-04-04 23:59:59.999000+00:00,1
2026-04-05 00:00:00+00:00,0.3173,0.31796,0.31679,0.31781,3670.72,2026-04-05 03:59:59.999000+00:00,1
2026-04-05 04:00:00+00:00,0.3178,0.31796,0.31713,0.31777,3152.73,2026-04-05 07:59:59.999000+00:00,1
2026-04-05 08:00:00+00:00,0.31778,0.31819,0.31717,0.31802,3308.22,2026-04-05 11:59:59.999000+00:00,1
2026-04-05 12:00:00+00:00,0.31803,0.31934,0.31803,0.31861,8468.37,2026-04-05 15:59:59.999000+00:00,1
2026-04-05 16:00:00+00:00,0.31861,0.3196,0.31858,0.31898,6079.05,2026-04-05 19:59:59.999000+00:00,1
2026-04-05 20:00:00+00:00,0.31898,0.31933,0.31827,0.31863,6511.12,2026-04-05 23:59:59.999000+00:00,1
2026-04-06 00:00:00+00:00,0.31863,0.31932,0.3178,0.31804,6481.86,2026-04-06 03:59:59.999000+00:00,1
2026-04-06 04:00:00+00:00,0.31804,0.31833,0.31707,0.31751,3846.24,2026-04-06 07:59:59.999000+00:00,1
2026-04-06 08:00:00+00:00,0.3175,0.31838,0.31651,0.31831,10016.06,2026-04-06 11:59:59.999000+00:00,1
2026-04-06 12:00:00+00:00,0.31832,0.31858,0.31714,0.31756,6487.52,2026-04-06 15:59:59.999000+00:00,1
2026-04-06 16:00:00+00:00,0.31757,0.31757,0.3154,0.31584,10350.88,2026-04-06 19:59:59.999000+00:00,1
2026-04-06 20:00:00+00:00,0.31584,0.3171,0.31508,0.3163,8619.09,2026-04-06 23:59:59.999000+00:00,1
2026-04-07 00:00:00+00:00,0.3163,0.31673,0.31583,0.3159,5410.0,2026-04-07 03:59:59.999000+00:00,1
2026-04-07 04:00:00+00:00,0.31591,0.31659,0.3157,0.31606,3140.16,2026-04-07 07:59:59.999000+00:00,1
2026-04-07 08:00:00+00:00,0.31607,0.31622,0.3137,0.31419,6885.54,2026-04-07 11:59:59.999000+00:00,1
2026-04-07 12:00:00+00:00,0.3142,0.31435,0.31302,0.31374,11046.15,2026-04-07 15:59:59.999000+00:00,1
2026-04-07 16:00:00+00:00,0.31373,0.3142,0.3133,0.31399,4577.74,2026-04-07 19:59:59.999000+00:00,1
2026-04-07 20:00:00+00:00,0.31399,0.3158,0.31394,0.31538,12932.84,2026-04-07 23:59:59.999000+00:00,1
2026-04-08 00:00:00+00:00,0.31539,0.31581,0.31429,0.31579,10940.91,2026-04-08 03:59:59.999000+00:00,1
2026-04-08 04:00:00+00:00,0.3158,0.31643,0.31547,0.31601,7075.47,2026-04-08 07:59:59.999000+00:00,1
2026-04-08 08:00:00+00:00,0.31601,0.31785,0.31548,0.31777,7689.04,2026-04-08 11:59:59.999000+00:00,1
2026-04-08 12:00:00+00:00,0.31777,0.31815,0.31709,0.31756,7991.2,2026-04-08 15:59:59.999000+00:00,1
2026-04-08 16:00:00+00:00,0.31756,0.31828,0.31728,0.31781,4333.01,2026-04-08 19:59:59.999000+00:00,1
2026-04-08 20:00:00+00:00,0.3178,0.31796,0.31735,0.31777,3757.51,2026-04-08 23:59:59.999000+00:00,1
2026-04-09 00:00:00+00:00,0.31777,0.31858,0.31639,0.31691,9718.69,2026-04-09 03:59:59.999000+00:00,1
2026-04-09 04:00:00+00:00,0.31692,0.3176,0.31621,0.31674,5463.46,2026-04-09 07:59:59.999000+00:00,1
2026-04-09 08:00:00+00:00,0.31674,0.31792,0.31636,0.31767,4934.3,2026-04-09 11:59:59.999000+00:00,1
2026-04-09 12:00:00+00:00,0.31766,0.31888,0.31758,0.31865,6347.49,2026-04-09 15:59:59.999000+00:00,1
2026-04-09 16:00:00+00:00,0.31865,0.31981,0.31847,0.31976,7747.78,2026-04-09 19:59:59.999000+00:00,1
2026-04-09 20:00:00+00:00,0.31977,0.32062,0.31898,0.32015,9050.02,2026-04-09 23:59:59.999000+00:00,1
2026-04-10 00:00:00+00:00,0.32016,0.32072,0.31964,0.32025,4247.56,2026-04-10 03:59:59.999000+00:00,1
2026-04-10 04:00:00+00:00,0.32024,0.32047,0.31896,0.31977,4958.74,2026-04-10 07:59:59.999000+00:00,1
2026-04-10 08:00:00+00:00,0.31977,0.31983,0.31905,0.31927,3443.88,2026-04-10 11:59:59.999000+00:00,1
2026-04-10 12:00:00+00:00,0.31926,0.31936,0.3176,0.31773,7626.16,2026-04-10 15:59:59.999000+00:00,1
2026-04-10 16:00:00+00:00,0.31772,0.31824,0.3166,0.31679,4782.82,2026-04-10 19:59:59.999000+00:00,1
2026-04-10 20:00:00+00:00,0.31677,0.31919,0.31672,0.31913,6641.28,2026-04-10 23:59:59.999000+00:00,1
2026-04-11 00:00:00+00:00,0.31914,0.31921,0.31754,0.31759,5365.81,2026-04-11 03:59:59.999000+00:00,1
2026-04-11 04:00:00+00:00,0.31759,0.31887,0.3175,0.31863,3162.75,2026-04-11 07:59:59.999000+00:00,1
2026-04-11 08:00:00+00:00,0.31864,0.31881,0.31729,0.31768,4050.98,2026-04-11 11:59:59.999000+00:00,1
2026-04-11 12:00:00+00:00,0.31768,0.31845,0.31751,0.3183,3043.8,2026-04-11 15:59:59.999000+00:00,1
2026-04-11 16:00:00+00:00,0.3183,0.31983,0.3183,0.31964,4716.24,2026-04-11 19:59:59.999000+00:00,1
2026-04-11 20:00:00+00:00,0.31964,0.31991,0.31852,0.31873,3774.86,2026-04-11 23:59:59.999000+00:00,1
2026-04-12 00:00:00+00:00,0.31874,0.32016,0.31807,0.31992,6499.11,2026-04-12 03:59:59.999000+00:00,1
2026-04-12 04:00:00+00:00,0.31992,0.32052,0.31942,0.3201,5021.96,2026-04-12 07:59:59.999000+00:00,1
2026-04-12 08:00:00+00:00,0.32011,0.3222,0.31994,0.32155,7884.89,2026-04-12 11:59:59.999000+00:00,1
2026-04-12 12:00:00+00:00,0.32154,0.32245,0.32106,0.32243,6017.7,2026-04-12 15:59:59.999000+00:00,1
2026-04-12 16:00:00+00:00,0.32244,0.32287,0.32128,0.3223,4492.03,2026-04-12 19:59:59.999000+00:00,1
2026-04-12 20:00:00+00:00,0.3223,0.32264,0.32097,0.32101,4592.47,2026-04-12 23:59:59.999000+00:00,1
2026-04-13 00:00:00+00:00,0.321,0.32215,0.32017,0.32048,5515.63,2026-04-13 03:59:59.999000+00:00,1
2026-04-13 04:00:00+00:00,0.32048,0.32198,0.31984,0.32156,6688.67,2026-04-13 07:59:59.999000+00:00,1
2026-04-13 08:00:00+00:00,0.32156,0.32236,0.32139,0.32164,4888.63,2026-04-13 11:59:59.999000+00:00,1
2026-04-13 12:00:00+00:00,0.32162,0.32162,0.31934,0.31989,11648.49,2026-04-13 15:59:59.999000+00:00,1
2026-04-13 16:00:00+00:00,0.31989,0.32,0.31891,0.31981,9627.18,2026-04-13 19:59:59.999000+00:00,1
2026-04-13 20:00:00+00:00,0.31982,0.32132,0.31961,0.32018,6862.01,2026-04-13 23:59:59.999000+00:00,1
2026-04-14 00:00:00+00:00,0.32019,0.32164,0.31976,0.32045,6821.46,2026-04-14 03:59:59.999000+00:00,1
2026-04-14 04:00:00+00:00,0.32044,0.32149,0.32028,0.32134,3098.45,2026-04-14 07:59:59.999000+00:00,1
2026-04-14 08:00:00+00:00,0.32134,0.32153,0.32061,0.32106,3804.37,2026-04-14 11:59:59.999000+00:00,1
2026-04-14 12:00:00+00:00,0.32107,0.32197,0.32037,0.32185,6331.9,2026-04-14 15:59:59.999000+00:00,1
2026-04-14 16:00:00+00:00,0.32185,0.32342,0.32165,0.32315,7125.72,2026-04-14 19:59:59.999000+00:00,1
2026-04-14 20:00:00+00:00,0.32318,0.3236,0.32275,0.32353,2986.67,2026-04-14 23:59:59.999000+00:00,1
2026-04-15 00:00:00+00:00,0.32354,0.32483,0.32343,0.32416,6010.24,2026-04-15 03:59:59.999000+00:00,1
2026-04-15 04:00:00+00:00,0.32416,0.3282,0.3227,0.3233,6041.45,2026-04-15 07:59:59.999000+00:00,1
2026-04-15 08:00:00+00:00,0.3232,0.3232,0.3214,0.3217,4020.46,2026-04-15 11:59:59.999000+00:00,1
2026-04-15 12:00:00+00:00,0.3217,0.3273,0.3215,0.3271,8881.82,2026-04-15 15:59:59.999000+00:00,1
2026-04-15 16:00:00+00:00,0.3271,0.3285,0.3265,0.3276,2882.75,2026-04-15 19:59:59.999000+00:00,1
2026-04-15 20:00:00+00:00,0.3275,0.3281,0.3263,0.3269,3255.77,2026-04-15 23:59:59.999000+00:00,1
2026-04-16 00:00:00+00:00,0.3269,0.3276,0.3247,0.3251,5612.69,2026-04-16 03:59:59.999000+00:00,1
2026-04-16 04:00:00+00:00,0.3251,0.326,0.3247,0.3257,2667.92,2026-04-16 07:59:59.999000+00:00,1
2026-04-16 08:00:00+00:00,0.3258,0.3273,0.3253,0.3272,3915.85,2026-04-16 11:59:59.999000+00:00,1
2026-04-16 12:00:00+00:00,0.3273,0.3278,0.3253,0.3256,6252.14,2026-04-16 15:59:59.999000+00:00,1
2026-04-16 16:00:00+00:00,0.3257,0.3277,0.3251,0.3264,9055.07,2026-04-16 19:59:59.999000+00:00,1
2026-04-16 20:00:00+00:00,0.3264,0.3274,0.3261,0.3269,2858.26,2026-04-16 23:59:59.999000+00:00,1
2026-04-17 00:00:00+00:00,0.3269,0.327,0.325,0.3251,4624.93,2026-04-17 03:59:59.999000+00:00,1
2026-04-17 04:00:00+00:00,0.325,0.3262,0.3245,0.3249,3852.29,2026-04-17 07:59:59.999000+00:00,1
2026-04-17 08:00:00+00:00,0.325,0.325,0.323,0.3239,5796.43,2026-04-17 11:59:59.999000+00:00,1
2026-04-17 12:00:00+00:00,0.3238,0.3251,0.3235,0.3251,6757.08,2026-04-17 15:59:59.999000+00:00,1
2026-04-17 16:00:00+00:00,0.3251,0.3271,0.325,0.3269,4921.21,2026-04-17 19:59:59.999000+00:00,1
2026-04-17 20:00:00+00:00,0.327,0.328,0.3269,0.3277,3310.0,2026-04-17 23:59:59.999000+00:00,1
2026-04-18 00:00:00+00:00,0.3278,0.3282,0.3267,0.3268,2606.39,2026-04-18 03:59:59.999000+00:00,1
2026-04-18 04:00:00+00:00,0.3269,0.3277,0.3262,0.3272,2316.38,2026-04-18 07:59:59.999000+00:00,1
2026-04-18 08:00:00+00:00,0.3273,0.3281,0.3271,0.3279,4922.75,2026-04-18 11:59:59.999000+00:00,1
2026-04-18 12:00:00+00:00,0.328,0.33,0.3273,0.3292,6630.25,2026-04-18 15:59:59.999000+00:00,1
2026-04-18 16:00:00+00:00,0.3293,0.33,0.3287,0.3296,3275.97,2026-04-18 19:59:59.999000+00:00,1
2026-04-18 20:00:00+00:00,0.3295,0.3296,0.3283,0.3292,2821.16,2026-04-18 23:59:59.999000+00:00,1
2026-04-19 00:00:00+00:00,0.3291,0.3296,0.3269,0.3276,5527.05,2026-04-19 03:59:59.999000+00:00,1
2026-04-19 04:00:00+00:00,0.3276,0.3299,0.3274,0.3297,5460.73,2026-04-19 07:59:59.999000+00:00,1
2026-04-19 08:00:00+00:00,0.3298,0.3345,0.3284,0.3298,15188.31,2026-04-19 11:59:59.999000+00:00,1
2026-04-19 12:00:00+00:00,0.3297,0.3343,0.3293,0.3341,9919.11,2026-04-19 15:59:59.999000+00:00,1
2026-04-19 16:00:00+00:00,0.3342,0.3366,0.3317,0.3317,10870.87,2026-04-19 19:59:59.999000+00:00,1
2026-04-19 20:00:00+00:00,0.3317,0.333,0.3278,0.3288,11128.57,2026-04-19 23:59:59.999000+00:00,1
2026-04-20 00:00:00+00:00,0.3287,0.3326,0.3283,0.3326,7711.83,2026-04-20 03:59:59.999000+00:00,1
2026-04-20 04:00:00+00:00,0.3326,0.333,0.33,0.3303,6889.53,2026-04-20 07:59:59.999000+00:00,1
2026-04-20 08:00:00+00:00,0.3303,0.3311,0.3283,0.3287,7142.13,2026-04-20 11:59:59.999000+00:00,1
2026-04-20 12:00:00+00:00,0.3287,0.3291,0.3264,0.3274,13422.08,2026-04-20 15:59:59.999000+00:00,1
2026-04-20 16:00:00+00:00,0.3274,0.3283,0.3257,0.3281,7419.16,2026-04-20 19:59:59.999000+00:00,1
2026-04-20 20:00:00+00:00,0.3282,0.3292,0.3278,0.3287,4987.96,2026-04-20 23:59:59.999000+00:00,1
2026-04-21 00:00:00+00:00,0.3287,0.3289,0.3278,0.3284,5244.09,2026-04-21 03:59:59.999000+00:00,1
2026-04-21 04:00:00+00:00,0.3285,0.3295,0.3281,0.3288,2756.14,2026-04-21 07:59:59.999000+00:00,1
2026-04-21 08:00:00+00:00,0.3288,0.3291,0.3282,0.329,2356.8,2026-04-21 11:59:59.999000+00:00,1
2026-04-21 12:00:00+00:00,0.3289,0.3317,0.3287,0.3299,6548.91,2026-04-21 15:59:59.999000+00:00,1
2026-04-21 16:00:00+00:00,0.33,0.3332,0.3294,0.3321,6258.57,2026-04-21 19:59:59.999000+00:00,1
2026-04-21 20:00:00+00:00,0.3321,0.3354,0.3321,0.3328,6463.32,2026-04-21 23:59:59.999000+00:00,1
2026-04-22 00:00:00+00:00,0.3327,0.3351,0.331,0.3322,7712.39,2026-04-22 03:59:59.999000+00:00,1
2026-04-22 04:00:00+00:00,0.3322,0.3339,0.3313,0.3321,6062.37,2026-04-22 07:59:59.999000+00:00,1
2026-04-22 08:00:00+00:00,0.3322,0.3351,0.3315,0.3342,4192.82,2026-04-22 11:59:59.999000+00:00,1
2026-04-22 12:00:00+00:00,0.3343,0.3348,0.3271,0.3287,19836.23,2026-04-22 15:59:59.999000+00:00,1
2026-04-22 16:00:00+00:00,0.3287,0.3292,0.3275,0.3291,5869.75,2026-04-22 19:59:59.999000+00:00,1
2026-04-22 20:00:00+00:00,0.3292,0.33,0.3283,0.3294,5800.63,2026-04-22 23:59:59.999000+00:00,1
2026-04-23 00:00:00+00:00,0.3294,0.3299,0.3283,0.3292,6361.65,2026-04-23 03:59:59.999000+00:00,1
2026-04-23 04:00:00+00:00,0.3292,0.3293,0.3258,0.3278,7657.15,2026-04-23 07:59:59.999000+00:00,1
2026-04-23 08:00:00+00:00,0.3278,0.3289,0.3273,0.3276,5563.4,2026-04-23 11:59:59.999000+00:00,1
2026-04-23 12:00:00+00:00,0.3277,0.3284,0.3269,0.3284,4966.31,2026-04-23 15:59:59.999000+00:00,1
2026-04-23 16:00:00+00:00,0.3283,0.3302,0.3282,0.329,7382.27,2026-04-23 19:59:59.999000+00:00,1
2026-04-23 20:00:00+00:00,0.329,0.3297,0.3283,0.3285,3079.44,2026-04-23 23:59:59.999000+00:00,1
2026-04-24 00:00:00+00:00,0.3286,0.3287,0.3271,0.3286,5225.44,2026-04-24 03:59:59.999000+00:00,1
2026-04-24 04:00:00+00:00,0.3285,0.3285,0.327,0.3278,2572.52,2026-04-24 07:59:59.999000+00:00,1
2026-04-24 08:00:00+00:00,0.3277,0.3282,0.3272,0.3275,3924.94,2026-04-24 11:59:59.999000+00:00,1
2026-04-24 12:00:00+00:00,0.3275,0.3281,0.3243,0.3253,12506.92,2026-04-24 15:59:59.999000+00:00,1
2026-04-24 16:00:00+00:00,0.3253,0.3253,0.319,0.3242,25698.01,2026-04-24 19:59:59.999000+00:00,1
2026-04-24 20:00:00+00:00,0.3242,0.3243,0.3226,0.3229,6592.91,2026-04-24 23:59:59.999000+00:00,1
2026-04-25 00:00:00+00:00,0.3229,0.3234,0.3219,0.3231,5100.17,2026-04-25 03:59:59.999000+00:00,1
2026-04-25 04:00:00+00:00,0.3232,0.3239,0.323,0.3234,3250.56,2026-04-25 07:59:59.999000+00:00,1
2026-04-25 08:00:00+00:00,0.3233,0.3234,0.3194,0.3226,18389.64,2026-04-25 11:59:59.999000+00:00,1
2026-04-25 12:00:00+00:00,0.3226,0.324,0.3222,0.3235,7494.37,2026-04-25 15:59:59.999000+00:00,1
2026-04-25 16:00:00+00:00,0.3235,0.3244,0.3234,0.3238,2810.97,2026-04-25 19:59:59.999000+00:00,1
2026-04-25 20:00:00+00:00,0.3237,0.3243,0.323,0.3236,2652.31,2026-04-25 23:59:59.999000+00:00,1
2026-04-26 00:00:00+00:00,0.3236,0.3243,0.3234,0.3236,4815.33,2026-04-26 03:59:59.999000+00:00,1
2026-04-26 04:00:00+00:00,0.3236,0.324,0.3229,0.3238,4375.08,2026-04-26 07:59:59.999000+00:00,1
2026-04-26 08:00:00+00:00,0.3237,0.3245,0.3224,0.3226,3879.67,2026-04-26 11:59:59.999000+00:00,1
2026-04-26 12:00:00+00:00,0.3225,0.3237,0.3225,0.3235,1858.38,2026-04-26 15:59:59.999000+00:00,1
2026-04-26 16:00:00+00:00,0.3234,0.3241,0.3233,0.3237,1798.06,2026-04-26 19:59:59.999000+00:00,1
2026-04-26 20:00:00+00:00,0.3236,0.3239,0.323,0.3231,2347.95,2026-04-26 23:59:59.999000+00:00,1
2026-04-27 00:00:00+00:00,0.323,0.3239,0.3227,0.3235,3284.86,2026-04-27 03:59:59.999000+00:00,1
2026-04-27 04:00:00+00:00,0.3235,0.3242,0.323,0.3233,4287.45,2026-04-27 07:59:59.999000+00:00,1
2026-04-27 08:00:00+00:00,0.3233,0.3255,0.323,0.3253,5562.5,2026-04-27 11:59:59.999000+00:00,1
2026-04-27 12:00:00+00:00,0.3253,0.3262,0.3243,0.3248,5876.78,2026-04-27 15:59:59.999000+00:00,1
2026-04-27 16:00:00+00:00,0.3247,0.3258,0.3245,0.3256,3352.39,2026-04-27 19:59:59.999000+00:00,1
2026-04-27 20:00:00+00:00,0.3256,0.3263,0.3247,0.3251,2997.93,2026-04-27 23:59:59.999000+00:00,1
2026-04-28 00:00:00+00:00,0.325,0.3254,0.3235,0.324,4625.27,2026-04-28 03:59:59.999000+00:00,1
2026-04-28 04:00:00+00:00,0.3239,0.3242,0.3229,0.3233,3192.78,2026-04-28 07:59:59.999000+00:00,1
2026-04-28 08:00:00+00:00,0.3232,0.3237,0.3227,0.3232,2116.71,2026-04-28 11:59:59.999000+00:00,1
2026-04-28 12:00:00+00:00,0.3232,0.3238,0.3222,0.3233,4235.11,2026-04-28 15:59:59.999000+00:00,1
2026-04-28 16:00:00+00:00,0.3232,0.3238,0.3226,0.3231,2533.92,2026-04-28 19:59:59.999000+00:00,1
2026-04-28 20:00:00+00:00,0.3231,0.3233,0.3223,0.3227,3215.72,2026-04-28 23:59:59.999000+00:00,1
2026-04-29 00:00:00+00:00,0.3227,0.3229,0.3213,0.3217,5750.08,2026-04-29 03:59:59.999000+00:00,1
2026-04-29 04:00:00+00:00,0.3216,0.3226,0.3211,0.322,5393.24,2026-04-29 07:59:59.999000+00:00,1
2026-04-29 08:00:00+00:00,0.322,0.3241,0.3219,0.3229,22067.14,2026-04-29 11:59:59.999000+00:00,1
2026-04-29 12:00:00+00:00,0.3229,0.3236,0.3224,0.3225,6109.46,2026-04-29 15:59:59.999000+00:00,1
2026-04-29 16:00:00+00:00,0.3225,0.3235,0.3223,0.3231,3557.89,2026-04-29 19:59:59.999000+00:00,1
2026-04-29 20:00:00+00:00,0.3231,0.3239,0.3228,0.3229,3135.4,2026-04-29 23:59:59.999000+00:00,1
2026-04-30 00:00:00+00:00,0.323,0.3242,0.3229,0.3241,2460.03,2026-04-30 03:59:59.999000+00:00,1
2026-04-30 04:00:00+00:00,0.3241,0.3247,0.3238,0.3245,2474.78,2026-04-30 07:59:59.999000+00:00,1
2026-04-30 08:00:00+00:00,0.3245,0.3268,0.3244,0.3255,5317.03,2026-04-30 11:59:59.999000+00:00,1
2026-04-30 12:00:00+00:00,0.3254,0.3261,0.325,0.3254,5936.4,2026-04-30 15:59:59.999000+00:00,1
2026-04-30 16:00:00+00:00,0.3255,0.3268,0.3254,0.3266,2175.46,2026-04-30 19:59:59.999000+00:00,1
2026-04-30 20:00:00+00:00,0.3266,0.3268,0.326,0.3265,3036.91,2026-04-30 23:59:59.999000+00:00,1
2026-05-01 00:00:00+00:00,0.3264,0.3275,0.3258,0.326,6910.76,2026-05-01 03:59:59.999000+00:00,1
2026-05-01 04:00:00+00:00,0.3259,0.3263,0.3254,0.3258,1943.24,2026-05-01 07:59:59.999000+00:00,1
2026-05-01 08:00:00+00:00,0.3259,0.3263,0.3251,0.326,2408.15,2026-05-01 11:59:59.999000+00:00,1
2026-05-01 12:00:00+00:00,0.326,0.3268,0.3254,0.3259,3922.15,2026-05-01 15:59:59.999000+00:00,1
2026-05-01 16:00:00+00:00,0.3258,0.3267,0.3257,0.3266,1625.11,2026-05-01 19:59:59.999000+00:00,1
2026-05-01 20:00:00+00:00,0.3265,0.3271,0.3262,0.3268,2476.61,2026-05-01 23:59:59.999000+00:00,1
2026-05-02 00:00:00+00:00,0.3269,0.3272,0.326,0.3272,3366.65,2026-05-02 03:59:59.999000+00:00,1
2026-05-02 04:00:00+00:00,0.3272,0.3293,0.3271,0.3288,5141.6,2026-05-02 07:59:59.999000+00:00,1
2026-05-02 08:00:00+00:00,0.3288,0.3315,0.3288,0.33,5659.7,2026-05-02 11:59:59.999000+00:00,1
2026-05-02 12:00:00+00:00,0.3299,0.3326,0.3293,0.3322,3717.18,2026-05-02 15:59:59.999000+00:00,1
2026-05-02 16:00:00+00:00,0.3322,0.3341,0.3294,0.3311,12866.54,2026-05-02 19:59:59.999000+00:00,1
2026-05-02 20:00:00+00:00,0.3311,0.3313,0.3295,0.3297,5267.89,2026-05-02 23:59:59.999000+00:00,1
2026-05-03 00:00:00+00:00,0.3297,0.3309,0.3292,0.3299,4244.81,2026-05-03 03:59:59.999000+00:00,1
2026-05-03 04:00:00+00:00,0.3299,0.3435,0.3293,0.3373,27554.75,2026-05-03 07:59:59.999000+00:00,1
2026-05-03 08:00:00+00:00,0.3374,0.3406,0.3357,0.3361,7494.61,2026-05-03 11:59:59.999000+00:00,1
2026-05-03 12:00:00+00:00,0.3361,0.3392,0.3353,0.338,6654.04,2026-05-03 15:59:59.999000+00:00,1
2026-05-03 16:00:00+00:00,0.3381,0.3393,0.3368,0.3384,3995.54,2026-05-03 19:59:59.999000+00:00,1
2026-05-03 20:00:00+00:00,0.3384,0.3397,0.3371,0.3383,4712.04,2026-05-03 23:59:59.999000+00:00,1
2026-05-04 00:00:00+00:00,0.3384,0.3389,0.3375,0.3379,3638.83,2026-05-04 03:59:59.999000+00:00,1
2026-05-04 04:00:00+00:00,0.3378,0.3403,0.3372,0.3389,6961.45,2026-05-04 07:59:59.999000+00:00,1
2026-05-04 08:00:00+00:00,0.3389,0.3407,0.3384,0.3398,5885.46,2026-05-04 11:59:59.999000+00:00,1
2026-05-04 12:00:00+00:00,0.3399,0.3405,0.3363,0.3396,12548.02,2026-05-04 15:59:59.999000+00:00,1
2026-05-04 16:00:00+00:00,0.3397,0.3416,0.3389,0.3395,4348.3,2026-05-04 19:59:59.999000+00:00,1
2026-05-04 20:00:00+00:00,0.3396,0.3414,0.339,0.3404,2201.31,2026-05-04 23:59:59.999000+00:00,1
2026-05-05 00:00:00+00:00,0.3405,0.3419,0.3385,0.3389,4698.68,2026-05-05 03:59:59.999000+00:00,1
2026-05-05 04:00:00+00:00,0.3389,0.3409,0.3384,0.3406,3360.84,2026-05-05 07:59:59.999000+00:00,1
2026-05-05 08:00:00+00:00,0.3405,0.3414,0.3387,0.3396,4510.5,2026-05-05 11:59:59.999000+00:00,1
2026-05-05 12:00:00+00:00,0.3395,0.3433,0.3374,0.343,12727.68,2026-05-05 15:59:59.999000+00:00,1
2026-05-05 16:00:00+00:00,0.343,0.346,0.3423,0.3442,6482.05,2026-05-05 19:59:59.999000+00:00,1
2026-05-05 20:00:00+00:00,0.3443,0.3453,0.3437,0.3445,3742.5,2026-05-05 23:59:59.999000+00:00,1
2026-05-06 00:00:00+00:00,0.3446,0.3454,0.3427,0.343,3451.06,2026-05-06 03:59:59.999000+00:00,1
2026-05-06 04:00:00+00:00,0.343,0.3447,0.3424,0.3425,3286.87,2026-05-06 07:59:59.999000+00:00,1
2026-05-06 08:00:00+00:00,0.3425,0.3435,0.3415,0.3431,6232.23,2026-05-06 11:59:59.999000+00:00,1
2026-05-06 12:00:00+00:00,0.3431,0.3454,0.3422,0.3447,9622.04,2026-05-06 15:59:59.999000+00:00,1
2026-05-06 16:00:00+00:00,0.3447,0.3473,0.3444,0.3465,4539.92,2026-05-06 19:59:59.999000+00:00,1
2026-05-06 20:00:00+00:00,0.3464,0.3467,0.3453,0.346,2993.38,2026-05-06 23:59:59.999000+00:00,1
2026-05-07 00:00:00+00:00,0.3461,0.3471,0.3444,0.3446,3174.33,2026-05-07 03:59:59.999000+00:00,1
2026-05-07 04:00:00+00:00,0.3447,0.3454,0.3437,0.3442,3458.41,2026-05-07 07:59:59.999000+00:00,1
2026-05-07 08:00:00+00:00,0.3443,0.347,0.344,0.3467,3336.07,2026-05-07 11:59:59.999000+00:00,1
2026-05-07 12:00:00+00:00,0.3466,0.349,0.3462,0.3482,7438.21,2026-05-07 15:59:59.999000+00:00,1
2026-05-07 16:00:00+00:00,0.3481,0.3496,0.3477,0.3492,3286.88,2026-05-07 19:59:59.999000+00:00,1
2026-05-07 20:00:00+00:00,0.3491,0.3492,0.3471,0.3488,3868.61,2026-05-07 23:59:59.999000+00:00,1
2026-05-08 00:00:00+00:00,0.3487,0.3489,0.3465,0.3475,4371.72,2026-05-08 03:59:59.999000+00:00,1
2026-05-08 04:00:00+00:00,0.3475,0.3517,0.347,0.3514,5806.15,2026-05-08 07:59:59.999000+00:00,1
2026-05-08 08:00:00+00:00,0.3513,0.3514,0.3475,0.3482,7886.93,2026-05-08 11:59:59.999000+00:00,1
2026-05-08 12:00:00+00:00,0.3481,0.3501,0.348,0.3494,6498.93,2026-05-08 15:59:59.999000+00:00,1
2026-05-08 16:00:00+00:00,0.3495,0.3506,0.349,0.3491,3743.09,2026-05-08 19:59:59.999000+00:00,1
2026-05-08 20:00:00+00:00,0.349,0.3506,0.349,0.35,3176.5,2026-05-08 23:59:59.999000+00:00,1
2026-05-09 00:00:00+00:00,0.3499,0.3508,0.3495,0.3507,3935.88,2026-05-09 03:59:59.999000+00:00,1
2026-05-09 04:00:00+00:00,0.3507,0.3534,0.3505,0.3509,8709.41,2026-05-09 07:59:59.999000+00:00,1
2026-05-09 08:00:00+00:00,0.351,0.353,0.3501,0.3528,4282.74,2026-05-09 11:59:59.999000+00:00,1
2026-05-09 12:00:00+00:00,0.3528,0.3535,0.3502,0.3518,7151.85,2026-05-09 15:59:59.999000+00:00,1
2026-05-09 16:00:00+00:00,0.3519,0.352,0.3496,0.3508,4758.2,2026-05-09 19:59:59.999000+00:00,1
2026-05-09 20:00:00+00:00,0.3509,0.3513,0.3495,0.3499,2172.64,2026-05-09 23:59:59.999000+00:00,1
2026-05-10 00:00:00+00:00,0.35,0.351,0.3496,0.3508,2613.22,2026-05-10 03:59:59.999000+00:00,1
2026-05-10 04:00:00+00:00,0.3509,0.3509,0.3481,0.3496,4757.95,2026-05-10 07:59:59.999000+00:00,1
2026-05-10 08:00:00+00:00,0.3495,0.3504,0.3483,0.3504,3482.72,2026-05-10 11:59:59.999000+00:00,1
2026-05-10 12:00:00+00:00,0.3504,0.3514,0.3495,0.3504,4633.3,2026-05-10 15:59:59.999000+00:00,1
2026-05-10 16:00:00+00:00,0.3504,0.3525,0.3504,0.3513,4693.16,2026-05-10 19:59:59.999000+00:00,1
2026-05-10 20:00:00+00:00,0.3513,0.3516,0.3501,0.3504,4264.04,2026-05-10 23:59:59.999000+00:00,1
2026-05-11 00:00:00+00:00,0.3504,0.3505,0.3489,0.3494,6334.07,2026-05-11 03:59:59.999000+00:00,1
2026-05-11 04:00:00+00:00,0.3494,0.3501,0.3493,0.3497,1999.11,2026-05-11 07:59:59.999000+00:00,1
2026-05-11 08:00:00+00:00,0.3498,0.3515,0.3496,0.3512,3465.5,2026-05-11 11:59:59.999000+00:00,1
2026-05-11 12:00:00+00:00,0.3512,0.3526,0.3505,0.3507,7684.0,2026-05-11 15:59:59.999000+00:00,1
2026-05-11 16:00:00+00:00,0.3507,0.3515,0.35,0.3503,4016.96,2026-05-11 19:59:59.999000+00:00,1
2026-05-11 20:00:00+00:00,0.3502,0.3512,0.3502,0.351,2632.0,2026-05-11 23:59:59.999000+00:00,1
2026-05-12 00:00:00+00:00,0.3509,0.3511,0.3471,0.3488,8001.0,2026-05-12 03:59:59.999000+00:00,1
2026-05-12 04:00:00+00:00,0.3487,0.3495,0.348,0.3489,5690.19,2026-05-12 07:59:59.999000+00:00,1
2026-05-12 08:00:00+00:00,0.349,0.3496,0.3484,0.3489,2971.99,2026-05-12 11:59:59.999000+00:00,1
2026-05-12 12:00:00+00:00,0.3488,0.3495,0.3473,0.3479,4793.71,2026-05-12 15:59:59.999000+00:00,1
2026-05-12 16:00:00+00:00,0.3479,0.3501,0.3467,0.3496,4869.59,2026-05-12 19:59:59.999000+00:00,1
2026-05-12 20:00:00+00:00,0.3495,0.3502,0.3484,0.3489,3046.89,2026-05-12 23:59:59.999000+00:00,1
2026-05-13 00:00:00+00:00,0.349,0.3493,0.3482,0.3489,3008.28,2026-05-13 03:59:59.999000+00:00,1
2026-05-13 04:00:00+00:00,0.3489,0.3498,0.3486,0.3496,1846.38,2026-05-13 07:59:59.999000+00:00,1
2026-05-13 08:00:00+00:00,0.3497,0.3515,0.3491,0.3508,3838.82,2026-05-13 11:59:59.999000+00:00,1
2026-05-13 12:00:00+00:00,0.3509,0.3511,0.3487,0.3495,7630.93,2026-05-13 15:59:59.999000+00:00,1
2026-05-13 16:00:00+00:00,0.3496,0.3508,0.3495,0.35,4228.99,2026-05-13 19:59:59.999000+00:00,1
2026-05-13 20:00:00+00:00,0.35,0.3504,0.3491,0.3494,2853.13,2026-05-13 23:59:59.999000+00:00,1
2026-05-14 00:00:00+00:00,0.3495,0.3504,0.349,0.3498,2909.51,2026-05-14 03:59:59.999000+00:00,1
2026-05-14 04:00:00+00:00,0.3499,0.3514,0.3498,0.351,3221.71,2026-05-14 07:59:59.999000+00:00,1
2026-05-14 08:00:00+00:00,0.3511,0.3554,0.3507,0.3542,11103.88,2026-05-14 11:59:59.999000+00:00,1
2026-05-14 12:00:00+00:00,0.3542,0.3554,0.3536,0.3538,6244.2,2026-05-14 15:59:59.999000+00:00,1
2026-05-14 16:00:00+00:00,0.3538,0.3549,0.3535,0.3544,4506.87,2026-05-14 19:59:59.999000+00:00,1
2026-05-14 20:00:00+00:00,0.3544,0.3551,0.3509,0.3535,4522.42,2026-05-14 23:59:59.999000+00:00,1
2026-05-15 00:00:00+00:00,0.3536,0.3541,0.3518,0.3532,4413.53,2026-05-15 03:59:59.999000+00:00,1
2026-05-15 04:00:00+00:00,0.3532,0.354,0.3512,0.3514,5605.85,2026-05-15 07:59:59.999000+00:00,1
2026-05-15 08:00:00+00:00,0.3514,0.3522,0.3511,0.3519,5734.03,2026-05-15 11:59:59.999000+00:00,1
2026-05-15 12:00:00+00:00,0.352,0.3522,0.3496,0.3509,6717.31,2026-05-15 15:59:59.999000+00:00,1
2026-05-15 16:00:00+00:00,0.3508,0.3523,0.3508,0.3519,2808.2,2026-05-15 19:59:59.999000+00:00,1
2026-05-15 20:00:00+00:00,0.3519,0.3522,0.3511,0.352,2540.36,2026-05-15 23:59:59.999000+00:00,1
2026-05-16 00:00:00+00:00,0.3521,0.3523,0.3511,0.3514,2975.69,2026-05-16 03:59:59.999000+00:00,1
2026-05-16 04:00:00+00:00,0.3515,0.3523,0.3478,0.3511,11590.3,2026-05-16 07:59:59.999000+00:00,1
2026-05-16 08:00:00+00:00,0.3511,0.3531,0.3508,0.3519,7498.15,2026-05-16 11:59:59.999000+00:00,1
2026-05-16 12:00:00+00:00,0.3518,0.3528,0.3505,0.3527,3756.38,2026-05-16 15:59:59.999000+00:00,1
2026-05-16 16:00:00+00:00,0.3527,0.3547,0.3526,0.3545,4744.05,2026-05-16 19:59:59.999000+00:00,1
2026-05-16 20:00:00+00:00,0.3545,0.3552,0.354,0.3549,2943.15,2026-05-16 23:59:59.999000+00:00,1
2026-05-17 00:00:00+00:00,0.3549,0.3556,0.3531,0.3539,4643.18,2026-05-17 03:59:59.999000+00:00,1
2026-05-17 04:00:00+00:00,0.3539,0.3544,0.3537,0.3543,1663.04,2026-05-17 07:59:59.999000+00:00,1
2026-05-17 08:00:00+00:00,0.3542,0.3565,0.3541,0.3563,3705.59,2026-05-17 11:59:59.999000+00:00,1
2026-05-17 12:00:00+00:00,0.3564,0.3575,0.3558,0.3572,7682.6,2026-05-17 15:59:59.999000+00:00,1
2026-05-17 16:00:00+00:00,0.3573,0.3573,0.3557,0.3558,4162.89,2026-05-17 19:59:59.999000+00:00,1
2026-05-17 20:00:00+00:00,0.3558,0.3563,0.3542,0.3551,5297.9,2026-05-17 23:59:59.999000+00:00,1
2026-05-18 00:00:00+00:00,0.3551,0.3571,0.3538,0.3567,7347.86,2026-05-18 03:59:59.999000+00:00,1
2026-05-18 04:00:00+00:00,0.3567,0.3568,0.355,0.3561,4818.29,2026-05-18 07:59:59.999000+00:00,1
2026-05-18 08:00:00+00:00,0.3561,0.3571,0.3541,0.356,9703.27,2026-05-18 11:59:59.999000+00:00,1
2026-05-18 12:00:00+00:00,0.3561,0.3584,0.3533,0.354,14811.83,2026-05-18 15:59:59.999000+00:00,1
2026-05-18 16:00:00+00:00,0.3541,0.3564,0.3539,0.3562,7412.0,2026-05-18 19:59:59.999000+00:00,1
2026-05-18 20:00:00+00:00,0.3562,0.3567,0.3554,0.3554,2325.2,2026-05-18 23:59:59.999000+00:00,1
2026-05-19 00:00:00+00:00,0.3555,0.3576,0.355,0.3568,6042.46,2026-05-19 03:59:59.999000+00:00,1
2026-05-19 04:00:00+00:00,0.3568,0.3572,0.3563,0.3564,1945.59,2026-05-19 07:59:59.999000+00:00,1
2026-05-19 08:00:00+00:00,0.3565,0.3565,0.3539,0.355,4804.06,2026-05-19 11:59:59.999000+00:00,1
2026-05-19 12:00:00+00:00,0.3549,0.3567,0.3538,0.3543,5525.93,2026-05-19 15:59:59.999000+00:00,1
2026-05-19 16:00:00+00:00,0.3542,0.3557,0.3542,0.3555,2335.37,2026-05-19 19:59:59.999000+00:00,1
2026-05-19 20:00:00+00:00,0.3555,0.3562,0.3554,0.3561,1632.63,2026-05-19 23:59:59.999000+00:00,1
2026-05-20 00:00:00+00:00,0.3561,0.3565,0.3552,0.3554,2455.74,2026-05-20 03:59:59.999000+00:00,1
2026-05-20 04:00:00+00:00,0.3554,0.357,0.3548,0.3569,3977.84,2026-05-20 07:59:59.999000+00:00,1
2026-05-20 08:00:00+00:00,0.3569,0.3582,0.3563,0.3581,5663.07,2026-05-20 11:59:59.999000+00:00,1
2026-05-20 12:00:00+00:00,0.3582,0.359,0.3572,0.3583,8171.3,2026-05-20 15:59:59.999000+00:00,1
2026-05-20 16:00:00+00:00,0.3582,0.3597,0.3578,0.3594,6412.36,2026-05-20 19:59:59.999000+00:00,1
2026-05-20 20:00:00+00:00,0.3594,0.36,0.3589,0.359,3877.42,2026-05-20 23:59:59.999000+00:00,1
2026-05-21 00:00:00+00:00,0.3591,0.3597,0.3585,0.3593,4140.92,2026-05-21 03:59:59.999000+00:00,1
2026-05-21 04:00:00+00:00,0.3593,0.3609,0.3586,0.3594,7896.66,2026-05-21 07:59:59.999000+00:00,1
2026-05-21 08:00:00+00:00,0.3595,0.3618,0.3593,0.3613,6624.46,2026-05-21 11:59:59.999000+00:00,1
2026-05-21 12:00:00+00:00,0.3614,0.3636,0.3611,0.3632,10897.13,2026-05-21 15:59:59.999000+00:00,1
2026-05-21 16:00:00+00:00,0.3632,0.3647,0.3632,0.3642,4761.92,2026-05-21 19:59:59.999000+00:00,1
2026-05-21 20:00:00+00:00,0.3642,0.3654,0.3633,0.3652,5221.82,2026-05-21 23:59:59.999000+00:00,1
2026-05-22 00:00:00+00:00,0.3653,0.3664,0.3637,0.3649,11175.4,2026-05-22 03:59:59.999000+00:00,1
2026-05-22 04:00:00+00:00,0.3648,0.3657,0.3641,0.3649,3117.28,2026-05-22 07:59:59.999000+00:00,1
2026-05-22 08:00:00+00:00,0.3649,0.3654,0.3641,0.3647,3962.06,2026-05-22 11:59:59.999000+00:00,1
2026-05-22 12:00:00+00:00,0.3646,0.3651,0.3585,0.3623,13016.84,2026-05-22 15:59:59.999000+00:00,1
2026-05-22 16:00:00+00:00,0.3623,0.3632,0.3618,0.3623,6019.89,2026-05-22 19:59:59.999000+00:00,1
2026-05-22 20:00:00+00:00,0.3622,0.3631,0.3616,0.3618,4048.46,2026-05-22 23:59:59.999000+00:00,1
2026-05-23 00:00:00+00:00,0.3618,0.3634,0.3611,0.3632,4163.78,2026-05-23 03:59:59.999000+00:00,1
2026-05-23 04:00:00+00:00,0.3633,0.3633,0.3599,0.3603,5108.78,2026-05-23 07:59:59.999000+00:00,1
2026-05-23 08:00:00+00:00,0.3604,0.3619,0.3582,0.3589,9810.78,2026-05-23 11:59:59.999000+00:00,1
2026-05-23 12:00:00+00:00,0.359,0.3596,0.3582,0.3596,4358.4,2026-05-23 15:59:59.999000+00:00,1
2026-05-23 16:00:00+00:00,0.3595,0.3618,0.359,0.3613,5984.69,2026-05-23 19:59:59.999000+00:00,1
2026-05-23 20:00:00+00:00,0.3614,0.363,0.3612,0.3628,5604.82,2026-05-23 23:59:59.999000+00:00,1
2026-05-24 00:00:00+00:00,0.3629,0.3637,0.3619,0.3631,4148.75,2026-05-24 03:59:59.999000+00:00,1
2026-05-24 04:00:00+00:00,0.3631,0.3639,0.3622,0.3628,2901.24,2026-05-24 07:59:59.999000+00:00,1
2026-05-24 08:00:00+00:00,0.3629,0.3649,0.3625,0.3644,4343.75,2026-05-24 11:59:59.999000+00:00,1
2026-05-24 12:00:00+00:00,0.3645,0.3661,0.3644,0.365,6429.75,2026-05-24 15:59:59.999000+00:00,1
2026-05-24 16:00:00+00:00,0.365,0.368,0.365,0.3675,5301.61,2026-05-24 19:59:59.999000+00:00,1
2026-05-24 20:00:00+00:00,0.3676,0.3678,0.3641,0.3654,5848.68,2026-05-24 23:59:59.999000+00:00,1
2026-05-25 00:00:00+00:00,0.3655,0.3661,0.3635,0.364,5491.98,2026-05-25 03:59:59.999000+00:00,1
2026-05-25 04:00:00+00:00,0.3641,0.3674,0.364,0.3667,3986.23,2026-05-25 07:59:59.999000+00:00,1
2026-05-25 08:00:00+00:00,0.3667,0.3675,0.3653,0.3662,7274.65,2026-05-25 11:59:59.999000+00:00,1
2026-05-25 12:00:00+00:00,0.3662,0.3736,0.3661,0.3705,34538.56,2026-05-25 15:59:59.999000+00:00,1
2026-05-25 16:00:00+00:00,0.3704,0.3738,0.3691,0.3715,12736.1,2026-05-25 19:59:59.999000+00:00,1
2026-05-25 20:00:00+00:00,0.3714,0.3722,0.3708,0.3715,6152.28,2026-05-25 23:59:59.999000+00:00,1
2026-05-26 00:00:00+00:00,0.3715,0.3748,0.3709,0.374,9130.75,2026-05-26 03:59:59.999000+00:00,1
2026-05-26 04:00:00+00:00,0.374,0.3762,0.3728,0.3731,10231.12,2026-05-26 07:59:59.999000+00:00,1
2026-05-26 08:00:00+00:00,0.3731,0.376,0.3717,0.3756,12895.41,2026-05-26 11:59:59.999000+00:00,1
2026-05-26 12:00:00+00:00,0.3756,0.3773,0.3728,0.3756,15590.94,2026-05-26 15:59:59.999000+00:00,1
2026-05-26 16:00:00+00:00,0.3755,0.3757,0.3735,0.3739,6114.61,2026-05-26 19:59:59.999000+00:00,1
2026-05-26 20:00:00+00:00,0.3738,0.376,0.3738,0.3756,3382.53,2026-05-26 23:59:59.999000+00:00,1
2026-05-27 00:00:00+00:00,0.3755,0.3757,0.3731,0.3733,4879.91,2026-05-27 03:59:59.999000+00:00,1
2026-05-27 04:00:00+00:00,0.3732,0.3739,0.3725,0.3733,5777.27,2026-05-27 07:59:59.999000+00:00,1
2026-05-27 08:00:00+00:00,0.3733,0.3745,0.3724,0.3738,5929.71,2026-05-27 11:59:59.999000+00:00,1
2026-05-27 12:00:00+00:00,0.3738,0.3744,0.3696,0.3712,10892.06,2026-05-27 15:59:59.999000+00:00,1
2026-05-27 16:00:00+00:00,0.3711,0.3714,0.3686,0.3693,7186.79,2026-05-27 19:59:59.999000+00:00,1
2026-05-27 20:00:00+00:00,0.3692,0.37,0.3675,0.3678,6920.8,2026-05-27 23:59:59.999000+00:00,1
2026-05-28 00:00:00+00:00,0.3677,0.3684,0.3654,0.3664,8468.12,2026-05-28 03:59:59.999000+00:00,1
2026-05-28 04:00:00+00:00,0.3665,0.3667,0.3595,0.3607,18447.74,2026-05-28 07:59:59.999000+00:00,1
2026-05-28 08:00:00+00:00,0.3606,0.3606,0.3479,0.3498,41488.32,2026-05-28 11:59:59.999000+00:00,1
2026-05-28 12:00:00+00:00,0.3498,0.351,0.3477,0.35,14314.27,2026-05-28 15:59:59.999000+00:00,1
2026-05-28 16:00:00+00:00,0.35,0.3541,0.3499,0.3524,13357.29,2026-05-28 19:59:59.999000+00:00,1
2026-05-28 20:00:00+00:00,0.3523,0.354,0.3511,0.3528,8324.71,2026-05-28 23:59:59.999000+00:00,1
2026-05-29 00:00:00+00:00,0.3528,0.3529,0.3498,0.35,8435.48,2026-05-29 03:59:59.999000+00:00,1
2026-05-29 04:00:00+00:00,0.3499,0.3509,0.3459,0.3464,10161.68,2026-05-29 07:59:59.999000+00:00,1
2026-05-29 08:00:00+00:00,0.3463,0.347,0.3393,0.3421,25157.58,2026-05-29 11:59:59.999000+00:00,1
2026-05-29 12:00:00+00:00,0.342,0.348,0.3415,0.3477,17349.46,2026-05-29 15:59:59.999000+00:00,1
2026-05-29 16:00:00+00:00,0.3476,0.3477,0.3433,0.3437,11291.78,2026-05-29 19:59:59.999000+00:00,1
2026-05-29 20:00:00+00:00,0.3438,0.3448,0.3433,0.344,6327.86,2026-05-29 23:59:59.999000+00:00,1
2026-05-30 00:00:00+00:00,0.3441,0.3454,0.3424,0.343,10143.61,2026-05-30 03:59:59.999000+00:00,1
2026-05-30 04:00:00+00:00,0.343,0.3433,0.3416,0.3419,5711.34,2026-05-30 07:59:59.999000+00:00,1
2026-05-30 08:00:00+00:00,0.3418,0.3444,0.3415,0.3443,4643.59,2026-05-30 11:59:59.999000+00:00,1
2026-05-30 12:00:00+00:00,0.3444,0.3484,0.3431,0.3474,11258.64,2026-05-30 15:59:59.999000+00:00,1
2026-05-30 16:00:00+00:00,0.3475,0.3495,0.3471,0.3471,6973.56,2026-05-30 19:59:59.999000+00:00,1
2026-05-30 20:00:00+00:00,0.3471,0.3481,0.3464,0.3481,3065.38,2026-05-30 23:59:59.999000+00:00,1
2026-05-31 00:00:00+00:00,0.348,0.3482,0.345,0.3458,7068.06,2026-05-31 03:59:59.999000+00:00,1
2026-05-31 04:00:00+00:00,0.3459,0.3475,0.3455,0.3472,2957.84,2026-05-31 07:59:59.999000+00:00,1
2026-05-31 08:00:00+00:00,0.3472,0.3506,0.3472,0.3486,8164.11,2026-05-31 11:59:59.999000+00:00,1
2026-05-31 12:00:00+00:00,0.3485,0.3492,0.3479,0.3485,4454.88,2026-05-31 15:59:59.999000+00:00,1
2026-05-31 16:00:00+00:00,0.3485,0.3503,0.3485,0.35,5368.88,2026-05-31 19:59:59.999000+00:00,1
2026-05-31 20:00:00+00:00,0.3499,0.3512,0.3497,0.3512,3060.28,2026-05-31 23:59:59.999000+00:00,1
2026-06-01 00:00:00+00:00,0.3511,0.3522,0.3499,0.3504,5599.81,2026-06-01 03:59:59.999000+00:00,1
2026-06-01 04:00:00+00:00,0.3503,0.3525,0.3503,0.3505,4983.77,2026-06-01 07:59:59.999000+00:00,1
2026-06-01 08:00:00+00:00,0.3505,0.352,0.3494,0.3497,6897.53,2026-06-01 11:59:59.999000+00:00,1
2026-06-01 12:00:00+00:00,0.3498,0.35,0.3457,0.3466,10475.74,2026-06-01 15:59:59.999000+00:00,1
2026-06-01 16:00:00+00:00,0.3465,0.347,0.3433,0.3438,8664.7,2026-06-01 19:59:59.999000+00:00,1
2026-06-01 20:00:00+00:00,0.3438,0.3442,0.3426,0.3434,6593.63,2026-06-01 23:59:59.999000+00:00,1
2026-06-02 00:00:00+00:00,0.3433,0.3434,0.3411,0.3417,7897.33,2026-06-02 03:59:59.999000+00:00,1
2026-06-02 04:00:00+00:00,0.3417,0.3424,0.339,0.341,8717.72,2026-06-02 07:59:59.999000+00:00,1
2026-06-02 08:00:00+00:00,0.3411,0.3428,0.3401,0.3427,8220.03,2026-06-02 11:59:59.999000+00:00,1
2026-06-02 12:00:00+00:00,0.3427,0.3432,0.3358,0.3367,22416.49,2026-06-02 15:59:59.999000+00:00,1
2026-06-02 16:00:00+00:00,0.3366,0.3388,0.3344,0.3352,9524.2,2026-06-02 19:59:59.999000+00:00,1
2026-06-02 20:00:00+00:00,0.3352,0.3357,0.3316,0.3322,16105.12,2026-06-02 23:59:59.999000+00:00,1
2026-06-03 00:00:00+00:00,0.3322,0.3334,0.3292,0.3293,13565.71,2026-06-03 03:59:59.999000+00:00,1
2026-06-03 04:00:00+00:00,0.3293,0.3339,0.3288,0.3335,12131.35,2026-06-03 07:59:59.999000+00:00,1
2026-06-03 08:00:00+00:00,0.3335,0.3336,0.3314,0.3319,6098.06,2026-06-03 11:59:59.999000+00:00,1
2026-06-03 12:00:00+00:00,0.3318,0.3357,0.3315,0.3353,10439.87,2026-06-03 15:59:59.999000+00:00,1
2026-06-03 16:00:00+00:00,0.3354,0.3358,0.3326,0.3337,6405.95,2026-06-03 19:59:59.999000+00:00,1
2026-06-03 20:00:00+00:00,0.3337,0.3342,0.3327,0.333,5834.13,2026-06-03 23:59:59.999000+00:00,1
2026-06-04 00:00:00+00:00,0.3329,0.3334,0.3284,0.3327,25848.4,2026-06-04 03:59:59.999000+00:00,1
2026-06-04 04:00:00+00:00,0.3328,0.3334,0.3303,0.3304,10835.23,2026-06-04 07:59:59.999000+00:00,1
2026-06-04 08:00:00+00:00,0.3305,0.3305,0.3256,0.3278,30829.25,2026-06-04 11:59:59.999000+00:00,1
2026-06-04 12:00:00+00:00,0.3278,0.331,0.3276,0.331,19699.63,2026-06-04 15:59:59.999000+00:00,1
2026-06-04 16:00:00+00:00,0.331,0.3324,0.3293,0.3315,11493.39,2026-06-04 19:59:59.999000+00:00,1
2026-06-04 20:00:00+00:00,0.3315,0.3325,0.3303,0.3323,8754.08,2026-06-04 23:59:59.999000+00:00,1
2026-06-05 00:00:00+00:00,0.3322,0.3323,0.3254,0.3272,29431.94,2026-06-05 03:59:59.999000+00:00,1
2026-06-05 04:00:00+00:00,0.3273,0.3293,0.3215,0.3255,37103.16,2026-06-05 07:59:59.999000+00:00,1
2026-06-05 08:00:00+00:00,0.3255,0.3272,0.3232,0.325,23617.21,2026-06-05 11:59:59.999000+00:00,1
2026-06-05 12:00:00+00:00,0.325,0.3269,0.3195,0.3197,27190.04,2026-06-05 15:59:59.999000+00:00,1
2026-06-05 16:00:00+00:00,0.3197,0.3234,0.318,0.3213,40286.4,2026-06-05 19:59:59.999000+00:00,1
2026-06-05 20:00:00+00:00,0.3212,0.3234,0.3189,0.3195,18339.68,2026-06-05 23:59:59.999000+00:00,1
2026-06-06 00:00:00+00:00,0.3195,0.321,0.3187,0.3191,11633.44,2026-06-06 03:59:59.999000+00:00,1
2026-06-06 04:00:00+00:00,0.3192,0.3217,0.3173,0.3203,22032.71,2026-06-06 07:59:59.999000+00:00,1
2026-06-06 08:00:00+00:00,0.3202,0.3205,0.3176,0.3197,13585.35,2026-06-06 11:59:59.999000+00:00,1
2026-06-06 12:00:00+00:00,0.3197,0.3219,0.3186,0.3218,8883.24,2026-06-06 15:59:59.999000+00:00,1
2026-06-06 16:00:00+00:00,0.3218,0.3232,0.3206,0.3221,7239.08,2026-06-06 19:59:59.999000+00:00,1
2026-06-06 20:00:00+00:00,0.3221,0.3242,0.3219,0.324,5229.2,2026-06-06 23:59:59.999000+00:00,1
2026-06-07 00:00:00+00:00,0.324,0.3242,0.3226,0.3236,6549.35,2026-06-07 03:59:59.999000+00:00,1
2026-06-07 04:00:00+00:00,0.3236,0.3283,0.3235,0.3275,11712.99,2026-06-07 07:59:59.999000+00:00,1
2026-06-07 08:00:00+00:00,0.3276,0.3295,0.3268,0.3288,8548.3,2026-06-07 11:59:59.999000+00:00,1
2026-06-07 12:00:00+00:00,0.3288,0.3289,0.327,0.3277,9618.87,2026-06-07 15:59:59.999000+00:00,1
2026-06-07 16:00:00+00:00,0.3276,0.328,0.3246,0.3251,10427.25,2026-06-07 19:59:59.999000+00:00,1
2026-06-07 20:00:00+00:00,0.325,0.3272,0.3241,0.3267,6874.74,2026-06-07 23:59:59.999000+00:00,1
2026-06-08 00:00:00+00:00,0.3266,0.3272,0.3257,0.3265,5734.73,2026-06-08 03:59:59.999000+00:00,1
2026-06-08 04:00:00+00:00,0.3265,0.32748,0.32602,0.32647,7002.01,2026-06-08 07:59:59.999000+00:00,1
2026-06-08 08:00:00+00:00,0.32647,0.32791,0.32546,0.32755,6750.69,2026-06-08 11:59:59.999000+00:00,1
2026-06-08 12:00:00+00:00,0.32752,0.32759,0.32584,0.32601,5721.37,2026-06-08 15:59:59.999000+00:00,1
2026-06-08 16:00:00+00:00,0.32601,0.32644,0.32524,0.32634,3805.74,2026-06-08 19:59:59.999000+00:00,1
2026-06-08 20:00:00+00:00,0.32634,0.32764,0.3258,0.32645,4475.86,2026-06-08 23:59:59.999000+00:00,1
2026-06-09 00:00:00+00:00,0.32644,0.32648,0.3244,0.32512,4656.88,2026-06-09 03:59:59.999000+00:00,1
2026-06-09 04:00:00+00:00,0.32511,0.32525,0.32311,0.32313,6518.96,2026-06-09 07:59:59.999000+00:00,1
2026-06-09 08:00:00+00:00,0.32313,0.32355,0.3202,0.32258,16364.98,2026-06-09 11:59:59.999000+00:00,1
2026-06-09 12:00:00+00:00,0.32259,0.32327,0.32084,0.32158,8788.37,2026-06-09 15:59:59.999000+00:00,1
2026-06-09 16:00:00+00:00,0.32158,0.32359,0.32084,0.32333,7164.03,2026-06-09 19:59:59.999000+00:00,1
2026-06-09 20:00:00+00:00,0.32333,0.32381,0.32207,0.32257,3173.96,2026-06-09 23:59:59.999000+00:00,1
2026-06-10 00:00:00+00:00,0.32257,0.32266,0.32059,0.3212,3379.11,2026-06-10 03:59:59.999000+00:00,1
2026-06-10 04:00:00+00:00,0.32118,0.32297,0.32091,0.32235,3446.78,2026-06-10 07:59:59.999000+00:00,1
2026-06-10 08:00:00+00:00,0.32235,0.32298,0.32145,0.32257,3304.17,2026-06-10 11:59:59.999000+00:00,1
2026-06-10 12:00:00+00:00,0.3226,0.32325,0.32114,0.32263,5416.43,2026-06-10 15:59:59.999000+00:00,1
2026-06-10 16:00:00+00:00,0.32262,0.32306,0.32096,0.3215,2372.79,2026-06-10 19:59:59.999000+00:00,1
2026-06-10 20:00:00+00:00,0.32149,0.32187,0.32033,0.32078,2857.74,2026-06-10 23:59:59.999000+00:00,1
2026-06-11 00:00:00+00:00,0.32077,0.32207,0.32043,0.3218,2623.55,2026-06-11 03:59:59.999000+00:00,1
2026-06-11 04:00:00+00:00,0.32181,0.3222,0.32125,0.32192,2538.27,2026-06-11 07:59:59.999000+00:00,1
2026-06-11 08:00:00+00:00,0.32191,0.32281,0.32121,0.32165,3783.65,2026-06-11 11:59:59.999000+00:00,1
2026-06-11 12:00:00+00:00,0.32164,0.32235,0.31981,0.31981,4038.92,2026-06-11 15:59:59.999000+00:00,1
2026-06-11 16:00:00+00:00,0.3198,0.32006,0.30949,0.31299,53605.49,2026-06-11 19:59:59.999000+00:00,1
2026-06-11 20:00:00+00:00,0.31297,0.31687,0.31193,0.3168,13818.54,2026-06-11 23:59:59.999000+00:00,1
2026-06-12 00:00:00+00:00,0.3168,0.3168,0.31478,0.31516,8238.81,2026-06-12 03:59:59.999000+00:00,1
2026-06-12 04:00:00+00:00,0.31515,0.31534,0.31243,0.31367,11490.28,2026-06-12 07:59:59.999000+00:00,1
2026-06-12 08:00:00+00:00,0.31367,0.31372,0.31162,0.31194,6791.82,2026-06-12 11:59:59.999000+00:00,1
2026-06-12 12:00:00+00:00,0.31194,0.3142,0.31154,0.31344,8289.18,2026-06-12 15:59:59.999000+00:00,1
2026-06-12 16:00:00+00:00,0.31346,0.315,0.31241,0.31468,5696.04,2026-06-12 19:59:59.999000+00:00,1
2026-06-12 20:00:00+00:00,0.3147,0.3155,0.31413,0.31511,3736.89,2026-06-12 23:59:59.999000+00:00,1
2026-06-13 00:00:00+00:00,0.3151,0.31558,0.31448,0.31488,2883.86,2026-06-13 03:59:59.999000+00:00,1
2026-06-13 04:00:00+00:00,0.31488,0.31556,0.31476,0.31542,3396.93,2026-06-13 07:59:59.999000+00:00,1
2026-06-13 08:00:00+00:00,0.31543,0.31674,0.31517,0.31657,3751.83,2026-06-13 11:59:59.999000+00:00,1
2026-06-13 12:00:00+00:00,0.31657,0.31768,0.31637,0.3168,5381.7,2026-06-13 15:59:59.999000+00:00,1
2026-06-13 16:00:00+00:00,0.3168,0.31809,0.31655,0.31799,2596.75,2026-06-13 19:59:59.999000+00:00,1
2026-06-13 20:00:00+00:00,0.318,0.31824,0.31632,0.31693,3626.24,2026-06-13 23:59:59.999000+00:00,1
2026-06-14 00:00:00+00:00,0.31695,0.31706,0.3151,0.31531,2897.88,2026-06-14 03:59:59.999000+00:00,1
2026-06-14 04:00:00+00:00,0.31533,0.31664,0.31514,0.31664,2249.25,2026-06-14 07:59:59.999000+00:00,1
2026-06-14 08:00:00+00:00,0.31664,0.31809,0.31632,0.31798,3142.75,2026-06-14 11:59:59.999000+00:00,1
2026-06-14 12:00:00+00:00,0.31798,0.31845,0.3164,0.31814,4334.81,2026-06-14 15:59:59.999000+00:00,1
2026-06-14 16:00:00+00:00,0.31813,0.31882,0.31786,0.31852,1663.35,2026-06-14 19:59:59.999000+00:00,1
2026-06-14 20:00:00+00:00,0.31852,0.32339,0.31829,0.32165,6774.46,2026-06-14 23:59:59.999000+00:00,1
2026-06-15 00:00:00+00:00,0.32166,0.32241,0.31936,0.321,9004.77,2026-06-15 03:59:59.999000+00:00,1
2026-06-15 04:00:00+00:00,0.32101,0.32109,0.31957,0.31981,3330.95,2026-06-15 07:59:59.999000+00:00,1
2026-06-15 08:00:00+00:00,0.3198,0.3207,0.31882,0.3205,7690.83,2026-06-15 11:59:59.999000+00:00,1
2026-06-15 12:00:00+00:00,0.3205,0.32188,0.3181,0.3194,11115.64,2026-06-15 15:59:59.999000+00:00,1
2026-06-15 16:00:00+00:00,0.31938,0.31989,0.31846,0.31981,4402.16,2026-06-15 19:59:59.999000+00:00,1
2026-06-15 20:00:00+00:00,0.31982,0.32008,0.31776,0.31796,4160.88,2026-06-15 23:59:59.999000+00:00,1
2026-06-16 00:00:00+00:00,0.31793,0.31882,0.3171,0.31753,4823.17,2026-06-16 03:59:59.999000+00:00,1
2026-06-16 04:00:00+00:00,0.31752,0.31816,0.31706,0.31782,2958.38,2026-06-16 07:59:59.999000+00:00,1
2026-06-16 08:00:00+00:00,0.31782,0.31782,0.31654,0.31702,4143.06,2026-06-16 11:59:59.999000+00:00,1
2026-06-16 12:00:00+00:00,0.317,0.31784,0.31574,0.31713,5943.58,2026-06-16 15:59:59.999000+00:00,1
2026-06-16 16:00:00+00:00,0.31712,0.31812,0.316,0.31612,4481.25,2026-06-16 19:59:59.999000+00:00,1
2026-06-16 20:00:00+00:00,0.31613,0.31688,0.31563,0.31672,4818.83,2026-06-16 23:59:59.999000+00:00,1
2026-06-17 00:00:00+00:00,0.31672,0.31715,0.31613,0.31711,2757.03,2026-06-17 03:59:59.999000+00:00,1
2026-06-17 04:00:00+00:00,0.31711,0.3188,0.31704,0.31873,3564.88,2026-06-17 07:59:59.999000+00:00,1
2026-06-17 08:00:00+00:00,0.31872,0.32056,0.31843,0.31989,6503.17,2026-06-17 11:59:59.999000+00:00,1
2026-06-17 12:00:00+00:00,0.31989,0.32132,0.31968,0.3213,4950.73,2026-06-17 15:59:59.999000+00:00,1
2026-06-17 16:00:00+00:00,0.3213,0.32218,0.31921,0.31987,8096.99,2026-06-17 19:59:59.999000+00:00,1
2026-06-17 20:00:00+00:00,0.31987,0.32173,0.31948,0.32162,3738.98,2026-06-17 23:59:59.999000+00:00,1
2026-06-18 00:00:00+00:00,0.32162,0.32256,0.32074,0.32092,7852.32,2026-06-18 03:59:59.999000+00:00,1
2026-06-18 04:00:00+00:00,0.32093,0.3211,0.31969,0.32072,3978.53,2026-06-18 07:59:59.999000+00:00,1
2026-06-18 08:00:00+00:00,0.32072,0.3215,0.31927,0.3195,5355.69,2026-06-18 11:59:59.999000+00:00,1
2026-06-18 12:00:00+00:00,0.31949,0.32009,0.31727,0.3176,8859.45,2026-06-18 15:59:59.999000+00:00,1
2026-06-18 16:00:00+00:00,0.3176,0.32001,0.31751,0.31983,6064.08,2026-06-18 19:59:59.999000+00:00,1
2026-06-18 20:00:00+00:00,0.31983,0.32069,0.3198,0.32059,4957.53,2026-06-18 23:59:59.999000+00:00,1
2026-06-19 00:00:00+00:00,0.32059,0.32139,0.32046,0.321,5265.56,2026-06-19 03:59:59.999000+00:00,1
2026-06-19 04:00:00+00:00,0.321,0.32113,0.32,0.32031,3699.64,2026-06-19 07:59:59.999000+00:00,1
2026-06-19 08:00:00+00:00,0.32031,0.32205,0.32028,0.32172,5727.82,2026-06-19 11:59:59.999000+00:00,1
2026-06-19 12:00:00+00:00,0.32173,0.32418,0.31922,0.32103,14062.21,2026-06-19 15:59:59.999000+00:00,1
2026-06-19 16:00:00+00:00,0.32103,0.323,0.32103,0.32288,4844.03,2026-06-19 19:59:59.999000+00:00,1
2026-06-19 20:00:00+00:00,0.32287,0.32383,0.32248,0.32376,4243.51,2026-06-19 23:59:59.999000+00:00,1
2026-06-20 00:00:00+00:00,0.32376,0.3239,0.32212,0.32244,4040.47,2026-06-20 03:59:59.999000+00:00,1
2026-06-20 04:00:00+00:00,0.32246,0.32252,0.32153,0.32224,3566.59,2026-06-20 07:59:59.999000+00:00,1
2026-06-20 08:00:00+00:00,0.32225,0.32477,0.32195,0.32454,5875.92,2026-06-20 11:59:59.999000+00:00,1
2026-06-20 12:00:00+00:00,0.32454,0.32619,0.32326,0.32403,12582.21,2026-06-20 15:59:59.999000+00:00,1
2026-06-20 16:00:00+00:00,0.32403,0.3255,0.32376,0.32546,3768.43,2026-06-20 19:59:59.999000+00:00,1
2026-06-20 20:00:00+00:00,0.32546,0.32688,0.32536,0.32657,3147.66,2026-06-20 23:59:59.999000+00:00,1
2026-06-21 00:00:00+00:00,0.32657,0.3268,0.32605,0.32614,2410.02,2026-06-21 03:59:59.999000+00:00,1
2026-06-21 04:00:00+00:00,0.32615,0.3273,0.32569,0.32729,3667.98,2026-06-21 07:59:59.999000+00:00,1
2026-06-21 08:00:00+00:00,0.3273,0.32739,0.32627,0.32653,3172.0,2026-06-21 11:59:59.999000+00:00,1
2026-06-21 12:00:00+00:00,0.32653,0.3268,0.326,0.32656,3132.18,2026-06-21 15:59:59.999000+00:00,1
2026-06-21 16:00:00+00:00,0.32655,0.32784,0.32637,0.32776,3035.05,2026-06-21 19:59:59.999000+00:00,1
2026-06-21 20:00:00+00:00,0.32775,0.3281,0.32691,0.32751,5045.91,2026-06-21 23:59:59.999000+00:00,1
2026-06-22 00:00:00+00:00,0.32751,0.3283,0.32732,0.32794,3152.23,2026-06-22 03:59:59.999000+00:00,1
2026-06-22 04:00:00+00:00,0.32795,0.33026,0.32782,0.33004,6561.8,2026-06-22 07:59:59.999000+00:00,1
2026-06-22 08:00:00+00:00,0.33005,0.33163,0.33,0.33118,8549.28,2026-06-22 11:59:59.999000+00:00,1
2026-06-22 12:00:00+00:00,0.33119,0.33207,0.32817,0.32983,7304.47,2026-06-22 15:59:59.999000+00:00,1
2026-06-22 16:00:00+00:00,0.32982,0.3331,0.32965,0.33208,7276.51,2026-06-22 19:59:59.999000+00:00,1
2026-06-22 20:00:00+00:00,0.33207,0.33405,0.332,0.33392,4144.2,2026-06-22 23:59:59.999000+00:00,1
2026-06-23 00:00:00+00:00,0.3339,0.33409,0.33273,0.33339,3637.88,2026-06-23 03:59:59.999000+00:00,1
2026-06-23 04:00:00+00:00,0.33339,0.33343,0.33068,0.33143,7653.07,2026-06-23 07:59:59.999000+00:00,1
2026-06-23 08:00:00+00:00,0.33144,0.33165,0.32821,0.32969,12297.36,2026-06-23 11:59:59.999000+00:00,1
2026-06-23 12:00:00+00:00,0.32969,0.33015,0.32901,0.32962,6692.29,2026-06-23 15:59:59.999000+00:00,1
2026-06-23 16:00:00+00:00,0.32962,0.33071,0.32781,0.32861,5558.73,2026-06-23 19:59:59.999000+00:00,1
2026-06-23 20:00:00+00:00,0.3286,0.3295,0.32834,0.32903,4422.69,2026-06-23 23:59:59.999000+00:00,1
2026-06-24 00:00:00+00:00,0.32904,0.3296,0.32829,0.32922,5214.13,2026-06-24 03:59:59.999000+00:00,1
2026-06-24 04:00:00+00:00,0.32923,0.32961,0.3284,0.32893,4234.17,2026-06-24 07:59:59.999000+00:00,1
2026-06-24 08:00:00+00:00,0.32893,0.33177,0.32875,0.33123,7360.48,2026-06-24 11:59:59.999000+00:00,1
2026-06-24 12:00:00+00:00,0.33124,0.33139,0.32681,0.32713,13419.43,2026-06-24 15:59:59.999000+00:00,1
2026-06-24 16:00:00+00:00,0.32712,0.32739,0.32472,0.32558,14864.54,2026-06-24 19:59:59.999000+00:00,1
2026-06-24 20:00:00+00:00,0.32556,0.32809,0.32535,0.32739,8098.92,2026-06-24 23:59:59.999000+00:00,1
2026-06-25 00:00:00+00:00,0.32739,0.32779,0.32689,0.32715,3278.09,2026-06-25 03:59:59.999000+00:00,1
2026-06-25 04:00:00+00:00,0.32716,0.33048,0.32705,0.32931,9329.52,2026-06-25 07:59:59.999000+00:00,1
2026-06-25 08:00:00+00:00,0.32934,0.32954,0.32818,0.32825,5143.2,2026-06-25 11:59:59.999000+00:00,1
2026-06-25 12:00:00+00:00,0.32825,0.32832,0.32181,0.32319,24258.39,2026-06-25 15:59:59.999000+00:00,1
2026-06-25 16:00:00+00:00,0.32318,0.32459,0.32261,0.32358,7317.22,2026-06-25 19:59:59.999000+00:00,1
2026-06-25 20:00:00+00:00,0.32359,0.32433,0.3235,0.32369,4003.27,2026-06-25 23:59:59.999000+00:00,1
2026-06-26 00:00:00+00:00,0.32369,0.324,0.32076,0.32184,11975.05,2026-06-26 03:59:59.999000+00:00,1
2026-06-26 04:00:00+00:00,0.32184,0.32297,0.32143,0.3227,6785.75,2026-06-26 07:59:59.999000+00:00,1
2026-06-26 08:00:00+00:00,0.3227,0.32276,0.3217,0.3217,2930.82,2026-06-26 11:59:59.999000+00:00,1
2026-06-26 12:00:00+00:00,0.32171,0.32171,0.31739,0.32005,14597.93,2026-06-26 15:59:59.999000+00:00,1
2026-06-26 16:00:00+00:00,0.32006,0.3203,0.31875,0.31971,4145.97,2026-06-26 19:59:59.999000+00:00,1
2026-06-26 20:00:00+00:00,0.31972,0.32059,0.31947,0.32034,2385.28,2026-06-26 23:59:59.999000+00:00,1
2026-06-27 00:00:00+00:00,0.32033,0.32102,0.31942,0.32042,4768.53,2026-06-27 03:59:59.999000+00:00,1
2026-06-27 04:00:00+00:00,0.32043,0.32119,0.32043,0.32119,2774.73,2026-06-27 07:59:59.999000+00:00,1
2026-06-27 08:00:00+00:00,0.32118,0.32138,0.3207,0.32111,2977.81,2026-06-27 11:59:59.999000+00:00,1
2026-06-27 12:00:00+00:00,0.32112,0.32117,0.32033,0.32051,3061.38,2026-06-27 15:59:59.999000+00:00,1
2026-06-27 16:00:00+00:00,0.3205,0.32108,0.32022,0.32034,2938.37,2026-06-27 19:59:59.999000+00:00,1
2026-06-27 20:00:00+00:00,0.32036,0.3211,0.32025,0.3211,2708.37,2026-06-27 23:59:59.999000+00:00,1
2026-06-28 00:00:00+00:00,0.3211,0.3226,0.32088,0.32249,5904.15,2026-06-28 03:59:59.999000+00:00,1
2026-06-28 04:00:00+00:00,0.32249,0.32268,0.32105,0.32145,3914.48,2026-06-28 07:59:59.999000+00:00,1
2026-06-28 08:00:00+00:00,0.32146,0.32366,0.32112,0.32352,6205.2,2026-06-28 11:59:59.999000+00:00,1
2026-06-28 12:00:00+00:00,0.32353,0.32446,0.32292,0.32324,6867.41,2026-06-28 15:59:59.999000+00:00,1
2026-06-28 16:00:00+00:00,0.32325,0.32389,0.3226,0.32268,2887.67,2026-06-28 19:59:59.999000+00:00,1
2026-06-28 20:00:00+00:00,0.32269,0.32326,0.3216,0.32192,4926.01,2026-06-28 23:59:59.999000+00:00,1
2026-06-29 00:00:00+00:00,0.32192,0.32214,0.32062,0.32193,4554.5,2026-06-29 03:59:59.999000+00:00,1
2026-06-29 04:00:00+00:00,0.32193,0.32411,0.32193,0.32394,5520.7,2026-06-29 07:59:59.999000+00:00,1
2026-06-29 08:00:00+00:00,0.32394,0.32464,0.3219,0.32209,6887.16,2026-06-29 11:59:59.999000+00:00,1
2026-06-29 12:00:00+00:00,0.32209,0.3236,0.32124,0.32336,9566.09,2026-06-29 15:59:59.999000+00:00,1
2026-06-29 16:00:00+00:00,0.32335,0.32336,0.3205,0.32152,7196.17,2026-06-29 19:59:59.999000+00:00,1
2026-06-29 20:00:00+00:00,0.32152,0.3218,0.32095,0.32113,2009.45,2026-06-29 23:59:59.999000+00:00,1
2026-06-30 00:00:00+00:00,0.32113,0.32125,0.3188,0.31964,9738.91,2026-06-30 03:59:59.999000+00:00,1
2026-06-30 04:00:00+00:00,0.31965,0.32037,0.31894,0.31904,4048.08,2026-06-30 07:59:59.999000+00:00,1
2026-06-30 08:00:00+00:00,0.31905,0.31918,0.31672,0.31707,9847.88,2026-06-30 11:59:59.999000+00:00,1
2026-06-30 12:00:00+00:00,0.31708,0.3175,0.3161,0.31655,7989.98,2026-06-30 15:59:59.999000+00:00,1
2026-06-30 16:00:00+00:00,0.31654,0.31654,0.3143,0.31487,12008.17,2026-06-30 19:59:59.999000+00:00,1
2026-06-30 20:00:00+00:00,0.31487,0.31549,0.31458,0.31508,4151.15,2026-06-30 23:59:59.999000+00:00,1
2026-07-01 00:00:00+00:00,0.31508,0.31664,0.31388,0.31651,11215.42,2026-07-01 03:59:59.999000+00:00,1
2026-07-01 04:00:00+00:00,0.31652,0.3177,0.31604,0.31628,5725.47,2026-07-01 07:59:59.999000+00:00,1
2026-07-01 08:00:00+00:00,0.31628,0.31749,0.31582,0.31732,4820.27,2026-07-01 11:59:59.999000+00:00,1
2026-07-01 12:00:00+00:00,0.31731,0.31895,0.31635,0.31767,7821.6,2026-07-01 15:59:59.999000+00:00,1
2026-07-01 16:00:00+00:00,0.31767,0.31836,0.31688,0.3171,3188.28,2026-07-01 19:59:59.999000+00:00,1
2026-07-01 20:00:00+00:00,0.3171,0.31758,0.31548,0.31576,6701.81,2026-07-01 23:59:59.999000+00:00,1
2026-07-02 00:00:00+00:00,0.31576,0.3166,0.31545,0.31625,4224.03,2026-07-02 03:59:59.999000+00:00,1
2026-07-02 04:00:00+00:00,0.31626,0.31681,0.31498,0.3168,4760.29,2026-07-02 07:59:59.999000+00:00,1
2026-07-02 08:00:00+00:00,0.31681,0.31769,0.3165,0.31716,4528.28,2026-07-02 11:59:59.999000+00:00,1
2026-07-02 12:00:00+00:00,0.31717,0.31948,0.31696,0.3182,7374.8,2026-07-02 15:59:59.999000+00:00,1
2026-07-02 16:00:00+00:00,0.3182,0.31863,0.31696,0.31696,3104.07,2026-07-02 19:59:59.999000+00:00,1
2026-07-02 20:00:00+00:00,0.31695,0.31759,0.31683,0.3173,2315.28,2026-07-02 23:59:59.999000+00:00,1
2026-07-03 00:00:00+00:00,0.31729,0.31764,0.31664,0.31722,3970.83,2026-07-03 03:59:59.999000+00:00,1
2026-07-03 04:00:00+00:00,0.31722,0.31943,0.31672,0.31904,7875.19,2026-07-03 07:59:59.999000+00:00,1
2026-07-03 08:00:00+00:00,0.31903,0.32037,0.31884,0.32014,4944.08,2026-07-03 11:59:59.999000+00:00,1
2026-07-03 12:00:00+00:00,0.32014,0.32114,0.32,0.3205,7020.69,2026-07-03 15:59:59.999000+00:00,1
2026-07-03 16:00:00+00:00,0.32051,0.32114,0.31994,0.32106,2438.09,2026-07-03 19:59:59.999000+00:00,1
2026-07-03 20:00:00+00:00,0.32107,0.32354,0.32107,0.32331,5981.12,2026-07-03 23:59:59.999000+00:00,1
2026-07-04 00:00:00+00:00,0.32332,0.32446,0.32316,0.32377,6207.23,2026-07-04 03:59:59.999000+00:00,1
2026-07-04 04:00:00+00:00,0.32377,0.3239,0.32252,0.32376,3204.14,2026-07-04 07:59:59.999000+00:00,1
2026-07-04 08:00:00+00:00,0.32375,0.3255,0.32361,0.32547,4914.45,2026-07-04 11:59:59.999000+00:00,1
2026-07-04 12:00:00+00:00,0.32547,0.32634,0.325,0.32565,4580.06,2026-07-04 15:59:59.999000+00:00,1
2026-07-04 16:00:00+00:00,0.32565,0.32627,0.3253,0.32622,3271.51,2026-07-04 19:59:59.999000+00:00,1
2026-07-04 20:00:00+00:00,0.32622,0.32635,0.3247,0.32511,3708.65,2026-07-04 23:59:59.999000+00:00,1
2026-07-05 00:00:00+00:00,0.3251,0.32571,0.32395,0.32422,5010.83,2026-07-05 03:59:59.999000+00:00,1
2026-07-05 04:00:00+00:00,0.32422,0.32493,0.32421,0.32487,1577.46,2026-07-05 07:59:59.999000+00:00,1
2026-07-05 08:00:00+00:00,0.32486,0.32588,0.32454,0.32588,4469.2,2026-07-05 11:59:59.999000+00:00,1
2026-07-05 12:00:00+00:00,0.32588,0.33019,0.32588,0.32909,9983.71,2026-07-05 15:59:59.999000+00:00,1
2026-07-05 16:00:00+00:00,0.32909,0.32984,0.32783,0.32817,5018.9,2026-07-05 19:59:59.999000+00:00,1
2026-07-05 20:00:00+00:00,0.32818,0.32925,0.32775,0.32924,3732.88,2026-07-05 23:59:59.999000+00:00,1
2026-07-06 00:00:00+00:00,0.32925,0.33017,0.3279,0.32864,5852.29,2026-07-06 03:59:59.999000+00:00,1
2026-07-06 04:00:00+00:00,0.32865,0.32949,0.32788,0.32788,3648.88,2026-07-06 07:59:59.999000+00:00,1
2026-07-06 08:00:00+00:00,0.32788,0.32788,0.32612,0.32758,5517.83,2026-07-06 11:59:59.999000+00:00,1
2026-07-06 12:00:00+00:00,0.3276,0.32846,0.32612,0.3275,7472.12,2026-07-06 15:59:59.999000+00:00,1
2026-07-06 16:00:00+00:00,0.32749,0.32907,0.32685,0.3284,4513.03,2026-07-06 19:59:59.999000+00:00,1
2026-07-06 20:00:00+00:00,0.32841,0.32975,0.32833,0.32959,3898.7,2026-07-06 23:59:59.999000+00:00,1
2026-07-07 00:00:00+00:00,0.32959,0.32998,0.32918,0.32979,3725.96,2026-07-07 03:59:59.999000+00:00,1
2026-07-07 04:00:00+00:00,0.3298,0.33088,0.32906,0.3293,4378.76,2026-07-07 07:59:59.999000+00:00,1
2026-07-07 08:00:00+00:00,0.32931,0.33101,0.32885,0.33101,5046.24,2026-07-07 11:59:59.999000+00:00,1
2026-07-07 12:00:00+00:00,0.331,0.33224,0.33035,0.33171,5420.73,2026-07-07 15:59:59.999000+00:00,1
2026-07-07 16:00:00+00:00,0.33171,0.33287,0.331,0.3315,5378.37,2026-07-07 19:59:59.999000+00:00,1
2026-07-07 20:00:00+00:00,0.33151,0.33189,0.331,0.3315,3229.5,2026-07-07 23:59:59.999000+00:00,1
2026-07-08 00:00:00+00:00,0.3315,0.33198,0.3293,0.33047,5224.43,2026-07-08 03:59:59.999000+00:00,1
2026-07-08 04:00:00+00:00,0.33047,0.33058,0.32843,0.32948,4791.25,2026-07-08 07:59:59.999000+00:00,1
2026-07-08 08:00:00+00:00,0.32948,0.32969,0.3267,0.32737,10816.56,2026-07-08 11:59:59.999000+00:00,1
2026-07-08 12:00:00+00:00,0.32737,0.32911,0.32708,0.32837,6890.4,2026-07-08 15:59:59.999000+00:00,1
2026-07-08 16:00:00+00:00,0.32836,0.33046,0.32836,0.32994,4653.41,2026-07-08 19:59:59.999000+00:00,1
2026-07-08 20:00:00+00:00,0.32992,0.33023,0.32789,0.32815,2947.58,2026-07-08 23:59:59.999000+00:00,1
2026-07-09 00:00:00+00:00,0.32817,0.32915,0.3275,0.329,8997.08,2026-07-09 03:59:59.999000+00:00,1
2026-07-09 04:00:00+00:00,0.329,0.33183,0.32881,0.33172,6421.14,2026-07-09 07:59:59.999000+00:00,1
2026-07-09 08:00:00+00:00,0.33173,0.33173,0.33046,0.33072,4106.26,2026-07-09 11:59:59.999000+00:00,1
2026-07-09 12:00:00+00:00,0.33073,0.33165,0.33018,0.33133,3148.87,2026-07-09 15:59:59.999000+00:00,1
2026-07-09 16:00:00+00:00,0.33133,0.33252,0.33122,0.33164,5914.65,2026-07-09 19:59:59.999000+00:00,1
2026-07-09 20:00:00+00:00,0.33164,0.33246,0.33134,0.33208,2919.46,2026-07-09 23:59:59.999000+00:00,1
2026-07-10 00:00:00+00:00,0.33208,0.33221,0.33103,0.3312,4888.76,2026-07-10 03:59:59.999000+00:00,1
2026-07-10 04:00:00+00:00,0.33121,0.33354,0.33,0.33035,7803.83,2026-07-10 07:59:59.999000+00:00,1
2026-07-10 08:00:00+00:00,0.33035,0.33088,0.32911,0.32926,5235.01,2026-07-10 11:59:59.999000+00:00,1
2026-07-10 12:00:00+00:00,0.32927,0.33108,0.3292,0.33061,5063.15,2026-07-10 15:59:59.999000+00:00,1
2026-07-10 16:00:00+00:00,0.33061,0.33098,0.32976,0.33073,2586.26,2026-07-10 19:59:59.999000+00:00,1
2026-07-10 20:00:00+00:00,0.33073,0.33099,0.33003,0.33025,2069.73,2026-07-10 23:59:59.999000+00:00,1
2026-07-11 00:00:00+00:00,0.33024,0.33046,0.32959,0.3298,3386.81,2026-07-11 03:59:59.999000+00:00,1
2026-07-11 04:00:00+00:00,0.3298,0.32992,0.32924,0.32928,1846.39,2026-07-11 07:59:59.999000+00:00,1
2026-07-11 08:00:00+00:00,0.32928,0.33089,0.32842,0.33055,6622.08,2026-07-11 11:59:59.999000+00:00,1
2026-07-11 12:00:00+00:00,0.33055,0.33163,0.33055,0.33118,3262.23,2026-07-11 15:59:59.999000+00:00,1
2026-07-11 16:00:00+00:00,0.33118,0.33122,0.33061,0.33068,1085.73,2026-07-11 19:59:59.999000+00:00,1
2026-07-11 20:00:00+00:00,0.33069,0.33098,0.32946,0.32959,2405.72,2026-07-11 23:59:59.999000+00:00,1
2026-07-12 00:00:00+00:00,0.32958,0.32988,0.32914,0.32984,3056.14,2026-07-12 03:59:59.999000+00:00,1
2026-07-12 04:00:00+00:00,0.32984,0.32996,0.32926,0.32957,1050.73,2026-07-12 07:59:59.999000+00:00,1
2026-07-12 08:00:00+00:00,0.32956,0.33211,0.3293,0.3315,4043.65,2026-07-12 11:59:59.999000+00:00,1
2026-07-12 12:00:00+00:00,0.33151,0.33209,0.33061,0.33096,3910.73,2026-07-12 15:59:59.999000+00:00,1
2026-07-12 16:00:00+00:00,0.33096,0.33158,0.3305,0.3315,1170.1,2026-07-12 19:59:59.999000+00:00,1
2026-07-12 20:00:00+00:00,0.3315,0.33152,0.33087,0.33126,2247.45,2026-07-12 23:59:59.999000+00:00,1
2026-07-13 00:00:00+00:00,0.33125,0.33218,0.33003,0.33024,6651.41,2026-07-13 03:59:59.999000+00:00,1
2026-07-13 04:00:00+00:00,0.33025,0.33063,0.32929,0.3295,2610.03,2026-07-13 07:59:59.999000+00:00,1
2026-07-13 08:00:00+00:00,0.32951,0.33035,0.32575,0.32724,9215.33,2026-07-13 11:59:59.999000+00:00,1
2026-07-13 12:00:00+00:00,0.32724,0.32724,0.32556,0.32583,6992.65,2026-07-13 15:59:59.999000+00:00,1
2026-07-13 16:00:00+00:00,0.32583,0.32613,0.32488,0.32561,3703.4,2026-07-13 19:59:59.999000+00:00,1
2026-07-13 20:00:00+00:00,0.32561,0.32571,0.32353,0.32422,6412.87,2026-07-13 23:59:59.999000+00:00,1
2026-07-14 00:00:00+00:00,0.32421,0.32489,0.32332,0.32486,4281.97,2026-07-14 03:59:59.999000+00:00,1
2026-07-14 04:00:00+00:00,0.32487,0.32542,0.32461,0.32493,4384.65,2026-07-14 07:59:59.999000+00:00,1
2026-07-14 08:00:00+00:00,0.32495,0.32545,0.32455,0.32538,2623.78,2026-07-14 11:59:59.999000+00:00,1
2026-07-14 12:00:00+00:00,0.32539,0.32641,0.32478,0.32557,7452.25,2026-07-14 15:59:59.999000+00:00,1
2026-07-14 16:00:00+00:00,0.32556,0.32556,0.3246,0.32516,3128.83,2026-07-14 19:59:59.999000+00:00,1
2026-07-14 20:00:00+00:00,0.32516,0.32612,0.32483,0.32568,2604.61,2026-07-14 23:59:59.999000+00:00,1
2026-07-15 00:00:00+00:00,0.32569,0.32688,0.32531,0.32682,3790.14,2026-07-15 03:59:59.999000+00:00,1
2026-07-15 04:00:00+00:00,0.32683,0.328,0.32629,0.32745,3879.86,2026-07-15 07:59:59.999000+00:00,1
2026-07-15 08:00:00+00:00,0.32746,0.32852,0.32726,0.32785,3368.32,2026-07-15 11:59:59.999000+00:00,1
2026-07-15 12:00:00+00:00,0.32786,0.32868,0.32691,0.32747,4837.78,2026-07-15 15:59:59.999000+00:00,1
2026-07-15 16:00:00+00:00,0.32747,0.32761,0.32339,0.32392,10374.52,2026-07-15 19:59:59.999000+00:00,1
2026-07-15 20:00:00+00:00,0.32392,0.32524,0.32372,0.32426,3204.64,2026-07-15 23:59:59.999000+00:00,1
2026-07-16 00:00:00+00:00,0.32425,0.32476,0.32289,0.32329,2972.63,2026-07-16 03:59:59.999000+00:00,1
2026-07-16 04:00:00+00:00,0.32328,0.32458,0.32321,0.32383,1739.43,2026-07-16 07:59:59.999000+00:00,1
2026-07-16 08:00:00+00:00,0.32383,0.32387,0.32268,0.32307,4257.91,2026-07-16 11:59:59.999000+00:00,1
2026-07-16 12:00:00+00:00,0.32307,0.32356,0.32225,0.32326,5524.42,2026-07-16 15:59:59.999000+00:00,1
2026-07-16 16:00:00+00:00,0.32325,0.32325,0.3225,0.32277,2147.48,2026-07-16 19:59:59.999000+00:00,1
2026-07-16 20:00:00+00:00,0.32278,0.32341,0.32274,0.32288,1599.59,2026-07-16 23:59:59.999000+00:00,1
2026-07-17 00:00:00+00:00,0.32287,0.32366,0.32116,0.3213,4691.63,2026-07-17 03:59:59.999000+00:00,1
2026-07-17 04:00:00+00:00,0.32131,0.32294,0.321,0.32216,7831.1,2026-07-17 07:59:59.999000+00:00,1
2026-07-17 08:00:00+00:00,0.32216,0.32276,0.32174,0.32254,2761.41,2026-07-17 11:59:59.999000+00:00,1
2026-07-17 12:00:00+00:00,0.32253,0.32333,0.32242,0.32269,2459.42,2026-07-17 15:59:59.999000+00:00,1
2026-07-17 16:00:00+00:00,0.3227,0.32336,0.32233,0.32254,3690.04,2026-07-17 19:59:59.999000+00:00,1
2026-07-17 20:00:00+00:00,0.32253,0.32279,0.32226,0.32239,1995.78,2026-07-17 23:59:59.999000+00:00,1
2026-07-18 00:00:00+00:00,0.32238,0.32291,0.32184,0.32191,1463.3,2026-07-18 03:59:59.999000+00:00,1
2026-07-18 04:00:00+00:00,0.32191,0.32216,0.32141,0.32206,1167.92,2026-07-18 07:59:59.999000+00:00,1
2026-07-18 08:00:00+00:00,0.32205,0.32372,0.3218,0.32351,3799.62,2026-07-18 11:59:59.999000+00:00,1
2026-07-18 12:00:00+00:00,0.32351,0.32399,0.32203,0.32241,2119.11,2026-07-18 15:59:59.999000+00:00,1
2026-07-18 16:00:00+00:00,0.32241,0.32568,0.3223,0.32553,7197.66,2026-07-18 19:59:59.999000+00:00,1
2026-07-18 20:00:00+00:00,0.32554,0.32618,0.32529,0.32563,2573.75,2026-07-18 23:59:59.999000+00:00,1
2026-07-19 00:00:00+00:00,0.32562,0.32619,0.3255,0.3258,2121.79,2026-07-19 03:59:59.999000+00:00,1
2026-07-19 04:00:00+00:00,0.3258,0.32594,0.32512,0.32566,1257.24,2026-07-19 07:59:59.999000+00:00,1
2026-07-19 08:00:00+00:00,0.32566,0.32748,0.32559,0.32716,2906.94,2026-07-19 11:59:59.999000+00:00,1
2026-07-19 12:00:00+00:00,0.32716,0.32745,0.32673,0.32717,1366.94,2026-07-19 15:59:59.999000+00:00,1
2026-07-19 16:00:00+00:00,0.32718,0.32726,0.32634,0.32684,1357.22,2026-07-19 19:59:59.999000+00:00,1
2026-07-19 20:00:00+00:00,0.32684,0.3272,0.32658,0.32677,1257.75,2026-07-19 23:59:59.999000+00:00,1
2026-07-20 00:00:00+00:00,0.32677,0.32739,0.32597,0.32634,4372.78,2026-07-20 03:59:59.999000+00:00,1
2026-07-20 04:00:00+00:00,0.32633,0.32662,0.32567,0.32598,3215.34,2026-07-20 07:59:59.999000+00:00,1
2026-07-20 08:00:00+00:00,0.32598,0.32668,0.32522,0.32598,3813.96,2026-07-20 11:59:59.999000+00:00,1
2026-07-20 12:00:00+00:00,0.32598,0.32626,0.32506,0.32554,3425.07,2026-07-20 15:59:59.999000+00:00,1
2026-07-20 16:00:00+00:00,0.32555,0.32691,0.32555,0.3267,3103.04,2026-07-20 19:59:59.999000+00:00,1
2026-07-20 20:00:00+00:00,0.32671,0.32698,0.3264,0.32672,1738.49,2026-07-20 23:59:59.999000+00:00,1
2026-07-21 00:00:00+00:00,0.32673,0.32693,0.32558,0.32582,3043.33,2026-07-21 03:59:59.999000+00:00,1
2026-07-21 04:00:00+00:00,0.32582,0.327,0.32562,0.32662,2272.29,2026-07-21 07:59:59.999000+00:00,1
2026-07-21 08:00:00+00:00,0.32661,0.32775,0.32624,0.32735,3785.57,2026-07-21 11:59:59.999000+00:00,1
2026-07-21 12:00:00+00:00,0.32735,0.32911,0.32735,0.32849,5241.41,2026-07-21 15:59:59.999000+00:00,1
2026-07-21 16:00:00+00:00,0.3285,0.3303,0.3281,0.32921,4625.44,2026-07-21 19:59:59.999000+00:00,1
2026-07-21 20:00:00+00:00,0.32922,0.32964,0.32893,0.32956,2283.48,2026-07-21 23:59:59.999000+00:00,1
2026-07-22 00:00:00+00:00,0.32957,0.32988,0.32821,0.32864,3395.46,2026-07-22 03:59:59.999000+00:00,1
2026-07-22 04:00:00+00:00,0.32866,0.32914,0.32842,0.32901,2352.18,2026-07-22 07:59:59.999000+00:00,1
2026-07-22 08:00:00+00:00,0.329,0.3306,0.32866,0.32997,4215.47,2026-07-22 11:59:59.999000+00:00,1
2026-07-22 12:00:00+00:00,0.32997,0.33017,0.3276,0.32824,4815.63,2026-07-22 15:59:59.999000+00:00,1
2026-07-22 16:00:00+00:00,0.32824,0.32864,0.32797,0.32846,1848.35,2026-07-22 19:59:59.999000+00:00,1
2026-07-22 20:00:00+00:00,0.32847,0.32889,0.32825,0.32878,1892.82,2026-07-22 23:59:59.999000+00:00,1
2026-07-23 00:00:00+00:00,0.32878,0.32917,0.32813,0.32838,2239.48,2026-07-23 03:59:59.999000+00:00,1
2026-07-23 04:00:00+00:00,0.32837,0.32929,0.32828,0.32904,1670.96,2026-07-23 07:59:59.999000+00:00,1
2026-07-23 08:00:00+00:00,0.32905,0.32905,0.3266,0.32723,5730.68,2026-07-23 11:59:59.999000+00:00,1
2026-07-23 12:00:00+00:00,0.32724,0.32724,0.32607,0.32644,4329.15,2026-07-23 15:59:59.999000+00:00,1
2026-07-23 16:00:00+00:00,0.32644,0.32718,0.32594,0.32704,2957.83,2026-07-23 19:59:59.999000+00:00,1
2026-07-23 20:00:00+00:00,0.32706,0.32893,0.32706,0.32876,3438.26,2026-07-23 23:59:59.999000+00:00,1
2026-07-24 00:00:00+00:00,0.32877,0.329,0.32795,0.32889,3909.91,2026-07-24 03:59:59.999000+00:00,1
2026-07-24 04:00:00+00:00,0.32889,0.33133,0.32889,0.33129,6255.99,2026-07-24 07:59:59.999000+00:00,1
2026-07-24 08:00:00+00:00,0.3313,0.33184,0.33078,0.33138,3806.28,2026-07-24 11:59:59.999000+00:00,1
2026-07-24 12:00:00+00:00,0.33137,0.33144,0.32998,0.33019,5075.14,2026-07-24 15:59:59.999000+00:00,1
2026-07-24 16:00:00+00:00,0.33019,0.33239,0.33015,0.33217,3180.63,2026-07-24 19:59:59.999000+00:00,1
2026-07-24 20:00:00+00:00,0.33217,0.33228,0.33018,0.33074,3584.89,2026-07-24 23:59:59.999000+00:00,1
2026-07-25 00:00:00+00:00,0.33073,0.33116,0.3295,0.3299,3863.47,2026-07-25 03:59:59.999000+00:00,1
2026-07-25 04:00:00+00:00,0.3299,0.33008,0.32931,0.32939,1893.67,2026-07-25 07:59:59.999000+00:00,1
2026-07-25 08:00:00+00:00,0.32938,0.32983,0.3292,0.32972,1139.38,2026-07-25 11:59:59.999000+00:00,1
2026-07-25 12:00:00+00:00,0.32972,0.32998,0.32949,0.32988,1417.46,2026-07-25 15:59:59.999000+00:00,1
2026-07-25 16:00:00+00:00,0.32988,0.33338,0.32964,0.33046,11462.87,2026-07-25 19:59:59.999000+00:00,1
2026-07-25 20:00:00+00:00,0.33046,0.33148,0.33043,0.3314,3222.91,2026-07-25 23:59:59.999000+00:00,1
2026-07-26 00:00:00+00:00,0.3314,0.33221,0.33082,0.3311,2847.58,2026-07-26 03:59:59.999000+00:00,1
2026-07-26 04:00:00+00:00,0.3311,0.33136,0.33077,0.33084,1410.52,2026-07-26 07:59:59.999000+00:00,1
2026-07-26 08:00:00+00:00,0.33084,0.3324,0.33027,0.33219,2706.93,2026-07-26 11:59:59.999000+00:00,1
2026-07-26 12:00:00+00:00,0.33219,0.33288,0.33216,0.33267,2066.24,2026-07-26 15:59:59.999000+00:00,1
2026-07-26 16:00:00+00:00,0.33267,0.33286,0.33184,0.3319,1706.37,2026-07-26 19:59:59.999000+00:00,1
2026-07-26 20:00:00+00:00,0.3319,0.33239,0.33161,0.33232,2516.15,2026-07-26 23:59:59.999000+00:00,1
2026-07-27 00:00:00+00:00,0.33231,0.3324,0.33114,0.33134,2811.9,2026-07-27 03:59:59.999000+00:00,1
2026-07-27 04:00:00+00:00,0.33134,0.33211,0.33126,0.33134,1767.79,2026-07-27 07:59:59.999000+00:00,1
2026-07-27 08:00:00+00:00,0.33134,0.33171,0.3298,0.33048,2539.79,2026-07-27 11:59:59.999000+00:00,1
2026-07-27 12:00:00+00:00,0.33046,0.33092,0.32854,0.32857,6852.37,2026-07-27 15:59:59.999000+00:00,1
2026-07-27 16:00:00+00:00,0.32856,0.32864,0.32753,0.32775,4093.43,2026-07-27 19:59:59.999000+00:00,1
2026-07-27 20:00:00+00:00,0.32774,0.32786,0.3247,0.32472,7814.4,2026-07-27 23:59:59.999000+00:00,1
2026-07-28 00:00:00+00:00,0.3247,0.32472,0.3227,0.32425,7876.47,2026-07-28 03:59:59.999000+00:00,1
2026-07-28 04:00:00+00:00,0.32426,0.3252,0.32401,0.32509,2951.32,2026-07-28 07:59:59.999000+00:00,1
2026-07-28 08:00:00+00:00,0.32509,0.32608,0.3246,0.3249,4618.95,2026-07-28 11:59:59.999000+00:00,1
2026-07-28 12:00:00+00:00,0.3249,0.32528,0.32402,0.32428,3503.16,2026-07-28 15:59:59.999000+00:00,1
2026-07-28 16:00:00+00:00,0.32427,0.32455,0.32404,0.32424,2397.33,2026-07-28 19:59:59.999000+00:00,1
2026-07-28 20:00:00+00:00,0.32425,0.32493,0.32406,0.32457,2690.4,2026-07-28 23:59:59.999000+00:00,1
2026-07-29 00:00:00+00:00,0.32457,0.32501,0.32419,0.32471,2941.08,2026-07-29 03:59:59.999000+00:00,1
2026-07-29 04:00:00+00:00,0.32471,0.32599,0.32453,0.32591,2506.55,2026-07-29 07:59:59.999000+00:00,1
2026-07-29 08:00:00+00:00,0.32591,0.32744,0.32563,0.32674,4664.27,2026-07-29 11:59:59.999000+00:00,1
2026-07-29 12:00:00+00:00,0.32674,0.32707,0.32611,0.32612,2787.0,2026-07-29 15:59:59.999000+00:00,1
2026-07-29 16:00:00+00:00,0.32611,0.32655,0.32501,0.32546,4459.24,2026-07-29 19:59:59.999000+00:00,1
2026-07-29 20:00:00+00:00,0.32547,0.32619,0.32522,0.32557,2658.92,2026-07-29 23:59:59.999000+00:00,1
2026-07-30 00:00:00+00:00,0.32556,0.3263,0.32531,0.32553,1504.56,2026-07-30 03:59:59.999000+00:00,1
2026-07-30 04:00:00+00:00,0.32553,0.32815,0.32549,0.3276,3932.99,2026-07-30 07:59:59.999000+00:00,1
2026-07-30 08:00:00+00:00,0.32761,0.32865,0.32737,0.32855,2994.44,2026-07-30 11:59:59.999000+00:00,1
2026-07-30 12:00:00+00:00,0.32856,0.32924,0.32778,0.32908,5353.86,2026-07-30 15:59:59.999000+00:00,1
2026-07-30 16:00:00+00:00,0.32909,0.32954,0.32824,0.32887,4257.9,2026-07-30 19:59:59.999000+00:00,1
2026-07-30 20:00:00+00:00,0.32887,0.32902,0.32832,0.32833,2100.37,2026-07-30 23:59:59.999000+00:00,1
2026-07-31 00:00:00+00:00,0.32833,0.32924,0.32768,0.32825,5874.14,2026-07-31 03:59:59.999000+00:00,1
2026-07-31 04:00:00+00:00,0.32825,0.32879,0.32822,0.32839,2081.33,2026-07-31 07:59:59.999000+00:00,1
2026-07-31 08:00:00+00:00,0.3284,0.32881,0.32568,0.32665,4944.67,2026-07-31 11:59:59.999000+00:00,1
2026-07-31 12:00:00+00:00,0.32664,0.32701,0.32577,0.32599,8807.22,2026-07-31 15:59:59.999000+00:00,1
2026-07-31 16:00:00+00:00,0.32599,0.32668,0.32585,0.32595,2651.45,2026-07-31 19:59:59.999000+00:00,1
2026-07-31 20:00:00+00:00,0.32596,0.32638,0.3255,0.32577,2528.79,2026-07-31 23:59:59.999000+00:00,1
2026-08-01 00:00:00+00:00,0.32577,0.32717,0.32557,0.32655,3939.59,2026-08-01 03:59:59.999000+00:00,1
2026-08-01 04:00:00+00:00,0.32656,0.32769,0.32537,0.32718,4511.61,2026-08-01 07:59:59.999000+00:00,1
2026-08-01 08:00:00+00:00,0.32719,0.32805,0.32718,0.32782,4513.78,2026-08-01 11:59:59.999000+00:00,1
2026-08-01 12:00:00+00:00,0.32781,0.32845,0.32745,0.32836,2833.08,2026-08-01 15:59:59.999000+00:00,1
2026-08-01 16:00:00+00:00,0.32837,0.32924,0.32704,0.32736,5369.86,2026-08-01 19:59:59.999000+00:00,1
2026-08-01 20:00:00+00:00,0.32737,0.3278,0.3271,0.32777,1367.17,2026-08-01 23:59:59.999000+00:00,1
2026-08-02 00:00:00+00:00,0.32777,0.32871,0.32776,0.32805,4027.32,2026-08-02 03:59:59.999000+00:00,1
2026-08-02 04:00:00+00:00,0.32805,0.3284,0.32742,0.32819,2452.56,2026-08-02 07:59:59.999000+00:00,1
2026-08-02 08:00:00+00:00,0.32818,0.32819,0.32596,0.32623,5998.22,2026-08-02 11:59:59.999000+00:00,1
2026-08-02 12:00:00+00:00,0.32622,0.32791,0.32603,0.32727,2466.78,2026-08-02 15:59:59.999000+00:00,1
2026-08-02 16:00:00+00:00,0.32727,0.32767,0.3271,0.32726,1400.25,2026-08-02 19:59:59.999000+00:00,1
2026-08-02 20:00:00+00:00,0.32727,0.32742,0.32633,0.32666,1948.79,2026-08-02 23:59:59.999000+00:00,1
2026-08-03 00:00:00+00:00,0.32665,0.32665,0.32541,0.32574,4682.71,2026-08-03 03:59:59.999000+00:00,1
2026-08-03 04:00:00+00:00,0.32574,0.32611,0.32523,0.32546,1824.01,2026-08-03 07:59:59.999000+00:00,1
2026-08-03 08:00:00+00:00,0.32545,0.32813,0.32545,0.32748,4401.79,2026-08-03 11:59:59.999000+00:00,1
2026-08-03 12:00:00+00:00,0.32747,0.32947,0.3268,0.32887,6717.37,2026-08-03 15:59:59.999000+00:00,1
2026-08-03 16:00:00+00:00,0.32887,0.32938,0.32843,0.32887,2775.72,2026-08-03 19:59:59.999000+00:00,1
2026-08-03 20:00:00+00:00,0.32886,0.32905,0.32835,0.32866,1823.89,2026-08-03 23:59:59.999000+00:00,1
2026-08-04 00:00:00+00:00,0.32867,0.32938,0.32843,0.32871,4307.82,2026-08-04 03:59:59.999000+00:00,1
2026-08-04 04:00:00+00:00,0.32871,0.3294,0.32841,0.3294,2362.34,2026-08-04 07:59:59.999000+00:00,1
2026-08-04 08:00:00+00:00,0.3294,0.33049,0.32873,0.32925,3751.48,2026-08-04 11:59:59.999000+00:00,1
2026-08-04 12:00:00+00:00,0.32926,0.33007,0.3271,0.32834,7485.64,2026-08-04 15:59:59.999000+00:00,1
2026-08-04 16:00:00+00:00,0.32834,0.33119,0.32802,0.32857,7481.23,2026-08-04 19:59:59.999000+00:00,1
2026-08-04 20:00:00+00:00,0.32856,0.32864,0.32695,0.3271,4482.58,2026-08-04 23:59:59.999000+00:00,1
2026-08-05 00:00:00+00:00,0.3271,0.3271,0.32601,0.32644,6901.42,2026-08-05 03:59:59.999000+00:00,1
2026-08-05 04:00:00+00:00,0.32645,0.32729,0.32624,0.32729,1856.63,2026-08-05 07:59:59.999000+00:00,1
2026-08-05 08:00:00+00:00,0.3273,0.32905,0.32703,0.32838,5688.77,2026-08-05 11:59:59.999000+00:00,1
2026-08-05 12:00:00+00:00,0.3284,0.32863,0.32702,0.32741,10778.64,2026-08-05 15:59:59.999000+00:00,1
2026-08-05 16:00:00+00:00,0.32741,0.32822,0.32741,0.32781,6584.31,2026-08-05 19:59:59.999000+00:00,1
2026-08-05 20:00:00+00:00,0.3278,0.32803,0.327,0.32728,2360.62,2026-08-05 23:59:59.999000+00:00,1
2026-08-06 00:00:00+00:00,0.32729,0.32873,0.32681,0.32692,3363.72,2026-08-06 03:59:59.999000+00:00,1
2026-08-06 04:00:00+00:00,0.32691,0.32732,0.32551,0.32715,5031.3,2026-08-06 07:59:59.999000+00:00,1
2026-08-06 08:00:00+00:00,0.32714,0.32749,0.32651,0.32713,2791.33,2026-08-06 11:59:59.999000+00:00,1
2026-08-06 12:00:00+00:00,0.32713,0.32812,0.32682,0.3274,4236.83,2026-08-06 15:59:59.999000+00:00,1
2026-08-06 16:00:00+00:00,0.32739,0.32775,0.32655,0.32685,2221.56,2026-08-06 19:59:59.999000+00:00,1
2026-08-06 20:00:00+00:00,0.32685,0.32724,0.32665,0.32689,1461.13,2026-08-06 23:59:59.999000+00:00,1
2026-08-07 00:00:00+00:00,0.3269,0.328,0.32668,0.32753,2550.07,2026-08-07 03:59:59.999000+00:00,1
2026-08-07 04:00:00+00:00,0.32753,0.32785,0.3262,0.32678,3496.73,2026-08-07 07:59:59.999000+00:00,1
2026-08-07 08:00:00+00:00,0.3268,0.3282,0.3262,0.3279,3371.92,2026-08-07 11:59:59.999000+00:00,1
2026-08-07 12:00:00+00:00,0.32789,0.32835,0.32661,0.32748,7067.38,2026-08-07 15:59:59.999000+00:00,1
2026-08-07 16:00:00+00:00,0.32747,0.32793,0.32677,0.32709,3377.74,2026-08-07 19:59:59.999000+00:00,1
2026-08-07 20:00:00+00:00,0.32709,0.32741,0.32698,0.3274,906.58,2026-08-07 23:59:59.999000+00:00,1
2026-08-08 00:00:00+00:00,0.32741,0.32777,0.32728,0.32753,2995.06,2026-08-08 03:59:59.999000+00:00,1
2026-08-08 04:00:00+00:00,0.32754,0.32776,0.327,0.32709,1672.5,2026-08-08 07:59:59.999000+00:00,1
2026-08-08 08:00:00+00:00,0.32709,0.32949,0.32704,0.32863,5891.87,2026-08-08 11:59:59.999000+00:00,1
2026-08-08 12:00:00+00:00,0.32864,0.32905,0.32828,0.32866,2133.37,2026-08-08 15:59:59.999000+00:00,1
2026-08-08 16:00:00+00:00,0.32867,0.32889,0.32845,0.32871,968.19,2026-08-08 19:59:59.999000+00:00,1
2026-08-08 20:00:00+00:00,0.32871,0.32914,0.32858,0.32887,1186.12,2026-08-08 23:59:59.999000+00:00,1
2026-08-09 00:00:00+00:00,0.32887,0.32983,0.32879,0.32973,3768.14,2026-08-09 03:59:59.999000+00:00,1
2026-08-09 04:00:00+00:00,0.32973,0.33027,0.32922,0.32931,1969.47,2026-08-09 07:59:59.999000+00:00,1
2026-08-09 08:00:00+00:00,0.32933,0.32993,0.32894,0.32988,2905.46,2026-08-09 11:59:59.999000+00:00,1
2026-08-09 12:00:00+00:00,0.32987,0.33009,0.3296,0.32975,1325.33,2026-08-09 15:59:59.999000+00:00,1
2026-08-09 16:00:00+00:00,0.32975,0.33012,0.3295,0.32963,1276.55,2026-08-09 19:59:59.999000+00:00,1
2026-08-09 20:00:00+00:00,0.32963,0.33005,0.3293,0.32972,2337.8,2026-08-09 23:59:59.999000+00:00,1
2026-08-10 00:00:00+00:00,0.32972,0.331,0.32909,0.32978,4494.81,2026-08-10 03:59:59.999000+00:00,1
2026-08-10 04:00:00+00:00,0.32977,0.33006,0.32938,0.32976,1566.25,2026-08-10 07:59:59.999000+00:00,1
2026-08-10 08:00:00+00:00,0.32974,0.33166,0.32941,0.33142,4475.29,2026-08-10 11:59:59.999000+00:00,1
2026-08-10 12:00:00+00:00,0.33142,0.3318,0.33044,0.33071,13087.79,2026-08-10 15:59:59.999000+00:00,1
2026-08-10 16:00:00+00:00,0.33071,0.33115,0.33055,0.33073,2382.01,2026-08-10 19:59:59.999000+00:00,1
2026-08-10 20:00:00+00:00,0.33074,0.33098,0.33036,0.33067,848.9,2026-08-10 23:59:59.999000+00:00,1
2026-08-11 00:00:00+00:00,0.33066,0.33126,0.33059,0.33111,1644.57,2026-08-11 03:59:59.999000+00:00,1
2026-08-11 04:00:00+00:00,0.33111,0.33212,0.33111,0.33196,2197.78,2026-08-11 07:59:59.999000+00:00,1
2026-08-11 08:00:00+00:00,0.33197,0.33759,0.33119,0.33643,10782.53,2026-08-11 11:59:59.999000+00:00,1
2026-08-11 12:00:00+00:00,0.33643,0.33702,0.33401,0.33475,7505.24,2026-08-11 15:59:59.999000+00:00,1
2026-08-11 16:00:00+00:00,0.33476,0.3354,0.33427,0.33513,2975.45,2026-08-11 19:59:59.999000+00:00,1
2026-08-11 20:00:00+00:00,0.33513,0.33548,0.33481,0.33502,1395.46,2026-08-11 23:59:59.999000+00:00,1
2026-08-12 00:00:00+00:00,0.33502,0.33571,0.33324,0.33415,4495.82,2026-08-12 03:59:59.999000+00:00,1
2026-08-12 04:00:00+00:00,0.33416,0.33668,0.33412,0.33602,4466.31,2026-08-12 07:59:59.999000+00:00,1
2026-08-12 08:00:00+00:00,0.33603,0.33747,0.33553,0.33691,3282.7,2026-08-12 11:59:59.999000+00:00,1
2026-08-12 12:00:00+00:00,0.33691,0.33691,0.33523,0.3359,5340.51,2026-08-12 15:59:59.999000+00:00,1
2026-08-12 16:00:00+00:00,0.33591,0.33611,0.33534,0.33554,1896.72,2026-08-12 19:59:59.999000+00:00,1
2026-08-12 20:00:00+00:00,0.33554,0.33617,0.33546,0.33617,2013.67,2026-08-12 23:59:59.999000+00:00,1
2026-08-13 00:00:00+00:00,0.33618,0.33653,0.33545,0.33591,2596.72,2026-08-13 03:59:59.999000+00:00,1
2026-08-13 04:00:00+00:00,0.33592,0.33841,0.3355,0.33674,6426.07,2026-08-13 07:59:59.999000+00:00,1
2026-08-13 08:00:00+00:00,0.33674,0.33725,0.33333,0.33381,7840.96,2026-08-13 11:59:59.999000+00:00,1
2026-08-13 12:00:00+00:00,0.33381,0.33471,0.3337,0.33429,2836.55,2026-08-13 15:59:59.999000+00:00,1
2026-08-13 16:00:00+00:00,0.3343,0.33465,0.33278,0.33383,3333.09,2026-08-13 19:59:59.999000+00:00,1
2026-08-13 20:00:00+00:00,0.33383,0.33456,0.33374,0.3345,1379.46,2026-08-13 23:59:59.999000+00:00,1
2026-08-14 00:00:00+00:00,0.33449,0.33451,0.33365,0.33369,1830.33,2026-08-14 03:59:59.999000+00:00,1
2026-08-14 04:00:00+00:00,0.33368,0.33462,0.33334,0.33406,1798.55,2026-08-14 07:59:59.999000+00:00,1
2026-08-14 08:00:00+00:00,0.33406,0.33414,0.33274,0.33316,2801.25,2026-08-14 11:59:59.999000+00:00,1
2026-08-14 12:00:00+00:00,0.33314,0.33339,0.33194,0.33221,3547.57,2026-08-14 15:59:59.999000+00:00,1
2026-08-14 16:00:00+00:00,0.33221,0.33283,0.33127,0.3328,2665.62,2026-08-14 19:59:59.999000+00:00,1
2026-08-14 20:00:00+00:00,0.3328,0.33289,0.33208,0.33254,1563.84,2026-08-14 23:59:59.999000+00:00,1
2026-08-15 00:00:00+00:00,0.33253,0.33325,0.33163,0.33292,4737.19,2026-08-15 03:59:59.999000+00:00,1
2026-08-15 04:00:00+00:00,0.33292,0.33319,0.33226,0.33236,1397.15,2026-08-15 07:59:59.999000+00:00,1
2026-08-15 08:00:00+00:00,0.33237,0.33245,0.33026,0.3309,3127.12,2026-08-15 11:59:59.999000+00:00,1
2026-08-15 12:00:00+00:00,0.33089,0.33135,0.33051,0.33115,1270.43,2026-08-15 15:59:59.999000+00:00,1
2026-08-15 16:00:00+00:00,0.33116,0.3323,0.33108,0.33148,1983.67,2026-08-15 19:59:59.999000+00:00,1
2026-08-15 20:00:00+00:00,0.33148,0.3315,0.33096,0.33105,936.18,2026-08-15 23:59:59.999000+00:00,1
2026-08-16 00:00:00+00:00,0.33107,0.33128,0.33063,0.33072,2381.79,2026-08-16 03:59:59.999000+00:00,1
2026-08-16 04:00:00+00:00,0.33072,0.33119,0.33062,0.3309,1023.44,2026-08-16 07:59:59.999000+00:00,1
2026-08-16 08:00:00+00:00,0.33089,0.33162,0.33065,0.33151,1617.53,2026-08-16 11:59:59.999000+00:00,1
2026-08-16 12:00:00+00:00,0.3315,0.33194,0.33111,0.33186,2067.69,2026-08-16 15:59:59.999000+00:00,1
2026-08-16 16:00:00+00:00,0.33187,0.3324,0.33149,0.33159,1684.97,2026-08-16 19:59:59.999000+00:00,1
2026-08-16 20:00:00+00:00,0.33159,0.33173,0.33087,0.33097,1857.86,2026-08-16 23:59:59.999000+00:00,1
2026-08-17 00:00:00+00:00,0.33098,0.33254,0.33086,0.33227,2579.57,2026-08-17 03:59:59.999000+00:00,1
2026-08-17 04:00:00+00:00,0.33227,0.3329,0.33205,0.33264,1381.24,2026-08-17 07:59:59.999000+00:00,1
2026-08-17 08:00:00+00:00,0.33264,0.33349,0.33199,0.33212,2651.02,2026-08-17 11:59:59.999000+00:00,1
2026-08-17 12:00:00+00:00,0.33212,0.33226,0.32935,0.32945,4977.24,2026-08-17 15:59:59.999000+00:00,1
2026-08-17 16:00:00+00:00,0.32945,0.33133,0.32818,0.33114,7641.12,2026-08-17 19:59:59.999000+00:00,1
2026-08-17 20:00:00+00:00,0.33114,0.33145,0.33092,0.33107,1069.12,2026-08-17 23:59:59.999000+00:00,1
2026-08-18 00:00:00+00:00,0.33107,0.33227,0.33044,0.3316,4194.87,2026-08-18 03:59:59.999000+00:00,1
2026-08-18 04:00:00+00:00,0.3316,0.33369,0.33137,0.33314,2993.86,2026-08-18 07:59:59.999000+00:00,1
2026-08-18 08:00:00+00:00,0.33314,0.3333,0.33216,0.33259,2434.41,2026-08-18 11:59:59.999000+00:00,1
2026-08-18 12:00:00+00:00,0.33258,0.33269,0.33105,0.33187,3035.7,2026-08-18 15:59:59.999000+00:00,1
2026-08-18 16:00:00+00:00,0.33186,0.33512,0.33184,0.33284,5273.86,2026-08-18 19:59:59.999000+00:00,1
2026-08-18 20:00:00+00:00,0.33284,0.33307,0.33254,0.33256,1250.6,2026-08-18 23:59:59.999000+00:00,1
2026-08-19 00:00:00+00:00,0.33256,0.33308,0.33174,0.33278,4194.3,2026-08-19 03:59:59.999000+00:00,1
2026-08-19 04:00:00+00:00,0.33278,0.33322,0.33259,0.33322,942.97,2026-08-19 07:59:59.999000+00:00,1
2026-08-19 08:00:00+00:00,0.33322,0.33332,0.33218,0.33229,1187.29,2026-08-19 11:59:59.999000+00:00,1
2026-08-19 12:00:00+00:00,0.33229,0.33404,0.33194,0.33341,6955.77,2026-08-19 15:59:59.999000+00:00,1
2026-08-19 16:00:00+00:00,0.33341,0.33368,0.33123,0.33195,5118.85,2026-08-19 19:59:59.999000+00:00,1
2026-08-19 20:00:00+00:00,0.33195,0.33472,0.33194,0.33455,6178.27,2026-08-19 23:59:59.999000+00:00,1
2026-08-20 00:00:00+00:00,0.33456,0.33484,0.33193,0.33199,7292.62,2026-08-20 03:59:59.999000+00:00,1
2026-08-20 04:00:00+00:00,0.33198,0.33388,0.33194,0.33388,3648.98,2026-08-20 07:59:59.999000+00:00,1
2026-08-20 08:00:00+00:00,0.33388,0.33767,0.33384,0.33703,11945.13,2026-08-20 11:59:59.999000+00:00,1
2026-08-20 12:00:00+00:00,0.33702,0.33925,0.33646,0.3385,9327.44,2026-08-20 15:59:59.999000+00:00,1
2026-08-20 16:00:00+00:00,0.33851,0.34032,0.33848,0.33929,7139.15,2026-08-20 19:59:59.999000+00:00,1
2026-08-20 20:00:00+00:00,0.33929,0.34019,0.33691,0.33732,4959.72,2026-08-20 23:59:59.999000+00:00,1
2026-08-21 00:00:00+00:00,0.33734,0.33875,0.33714,0.3382,7231.31,2026-08-21 03:59:59.999000+00:00,1
2026-08-21 04:00:00+00:00,0.33819,0.33924,0.33753,0.33909,3607.47,2026-08-21 07:59:59.999000+00:00,1
2026-08-21 08:00:00+00:00,0.3391,0.34181,0.33889,0.34,12894.84,2026-08-21 11:59:59.999000+00:00,1
2026-08-21 12:00:00+00:00,0.33999,0.34116,0.3394,0.33999,6253.27,2026-08-21 15:59:59.999000+00:00,1
2026-08-21 16:00:00+00:00,0.33999,0.34057,0.33958,0.34003,4072.07,2026-08-21 19:59:59.999000+00:00,1
2026-08-21 20:00:00+00:00,0.34003,0.34389,0.33997,0.34368,6465.43,2026-08-21 23:59:59.999000+00:00,1
2026-08-22 00:00:00+00:00,0.34369,0.34758,0.34326,0.34741,12451.29,2026-08-22 03:59:59.999000+00:00,1
2026-08-22 04:00:00+00:00,0.34741,0.35154,0.33368,0.34523,45198.26,2026-08-22 07:59:59.999000+00:00,1
2026-08-22 08:00:00+00:00,0.34526,0.34564,0.34177,0.34282,7164.0,2026-08-22 11:59:59.999000+00:00,1
2026-08-22 12:00:00+00:00,0.34283,0.34425,0.34262,0.34385,4140.18,2026-08-22 15:59:59.999000+00:00,1
2026-08-22 16:00:00+00:00,0.34385,0.34591,0.34385,0.34552,6054.23,2026-08-22 19:59:59.999000+00:00,1
2026-08-22 20:00:00+00:00,0.34553,0.34567,0.3441,0.34428,3627.13,2026-08-22 23:59:59.999000+00:00,1
2026-08-23 00:00:00+00:00,0.34428,0.34585,0.34288,0.343,6246.63,2026-08-23 03:59:59.999000+00:00,1
2026-08-23 04:00:00+00:00,0.343,0.34306,0.34156,0.34236,9332.66,2026-08-23 07:59:59.999000+00:00,1
2026-08-23 08:00:00+00:00,0.34236,0.34412,0.34196,0.34385,4208.74,2026-08-23 11:59:59.999000+00:00,1
2026-08-23 12:00:00+00:00,0.34384,0.3445,0.34287,0.34345,3394.68,2026-08-23 15:59:59.999000+00:00,1
2026-08-23 16:00:00+00:00,0.34345,0.34402,0.34318,0.34384,2610.74,2026-08-23 19:59:59.999000+00:00,1
2026-08-23 20:00:00+00:00,0.34384,0.3446,0.34339,0.34379,3395.59,2026-08-23 23:59:59.999000+00:00,1
2026-08-24 00:00:00+00:00,0.34379,0.34424,0.34276,0.34318,4654.08,2026-08-24 03:59:59.999000+00:00,1
2026-08-24 04:00:00+00:00,0.34319,0.34499,0.34319,0.34376,3822.59,2026-08-24 07:59:59.999000+00:00,1
2026-08-24 08:00:00+00:00,0.34377,0.34434,0.34287,0.34417,4166.8,2026-08-24 11:59:59.999000+00:00,1
2026-08-24 12:00:00+00:00,0.34419,0.3451,0.34303,0.34322,6497.47,2026-08-24 15:59:59.999000+00:00,1
2026-08-24 16:00:00+00:00,0.34322,0.3438,0.34246,0.34367,3052.6,2026-08-24 19:59:59.999000+00:00,1
2026-08-24 20:00:00+00:00,0.34368,0.34509,0.34316,0.34501,3327.64,2026-08-24 23:59:59.999000+00:00,1
2026-08-25 00:00:00+00:00,0.345,0.34679,0.34459,0.3448,6948.4,2026-08-25 03:59:59.999000+00:00,1
2026-08-25 04:00:00+00:00,0.34479,0.34493,0.34352,0.34382,6509.46,2026-08-25 07:59:59.999000+00:00,1
2026-08-25 08:00:00+00:00,0.3438,0.34384,0.34119,0.34238,6399.9,2026-08-25 11:59:59.999000+00:00,1
2026-08-25 12:00:00+00:00,0.34236,0.34294,0.34101,0.34181,7400.37,2026-08-25 15:59:59.999000+00:00,1
2026-08-25 16:00:00+00:00,0.3418,0.3418,0.33799,0.33821,11245.45,2026-08-25 19:59:59.999000+00:00,1
2026-08-25 20:00:00+00:00,0.3382,0.3382,0.33556,0.33602,9823.94,2026-08-25 23:59:59.999000+00:00,1
2026-08-26 00:00:00+00:00,0.33601,0.33764,0.33481,0.33725,6059.69,2026-08-26 03:59:59.999000+00:00,1
2026-08-26 04:00:00+00:00,0.33723,0.33916,0.33681,0.33681,6271.68,2026-08-26 07:59:59.999000+00:00,1
2026-08-26 08:00:00+00:00,0.33683,0.338,0.33485,0.33523,6422.58,2026-08-26 11:59:59.999000+00:00,1
2026-08-26 12:00:00+00:00,0.33523,0.33611,0.3338,0.33419,8186.82,2026-08-26 15:59:59.999000+00:00,1
2026-08-26 16:00:00+00:00,0.33419,0.33579,0.33384,0.33561,5446.09,2026-08-26 19:59:59.999000+00:00,1
2026-08-26 20:00:00+00:00,0.33562,0.33628,0.33484,0.33582,3087.79,2026-08-26 23:59:59.999000+00:00,1
2026-08-27 00:00:00+00:00,0.33583,0.33587,0.33327,0.33404,3841.83,2026-08-27 03:59:59.999000+00:00,1
2026-08-27 04:00:00+00:00,0.33404,0.33496,0.3337,0.33492,2485.18,2026-08-27 07:59:59.999000+00:00,1
2026-08-27 08:00:00+00:00,0.33493,0.33664,0.33486,0.33664,6892.18,2026-08-27 11:59:59.999000+00:00,1
2026-08-27 12:00:00+00:00,0.33666,0.33844,0.33646,0.33716,7057.08,2026-08-27 15:59:59.999000+00:00,1
2026-08-27 16:00:00+00:00,0.33715,0.33851,0.33655,0.33741,6459.66,2026-08-27 19:59:59.999000+00:00,1
2026-08-27 20:00:00+00:00,0.3374,0.33772,0.33703,0.33743,2193.82,2026-08-27 23:59:59.999000+00:00,1
2026-08-28 00:00:00+00:00,0.33742,0.33975,0.3372,0.33831,9456.32,2026-08-28 03:59:59.999000+00:00,1
2026-08-28 04:00:00+00:00,0.33831,0.34033,0.33809,0.33943,7524.67,2026-08-28 07:59:59.999000+00:00,1
2026-08-28 08:00:00+00:00,0.33944,0.34129,0.33821,0.34089,10073.7,2026-08-28 11:59:59.999000+00:00,1
2026-08-28 12:00:00+00:00,0.3409,0.34176,0.33922,0.33959,8109.29,2026-08-28 15:59:59.999000+00:00,1
2026-08-28 16:00:00+00:00,0.3396,0.34141,0.33825,0.34121,10936.79,2026-08-28 19:59:59.999000+00:00,1
2026-08-28 20:00:00+00:00,0.3412,0.34228,0.34066,0.34122,3359.24,2026-08-28 23:59:59.999000+00:00,1
2026-08-29 00:00:00+00:00,0.34122,0.34226,0.3402,0.34028,11184.89,2026-08-29 03:59:59.999000+00:00,1
2026-08-29 04:00:00+00:00,0.34029,0.3405,0.33737,0.33867,6985.02,2026-08-29 07:59:59.999000+00:00,1
2026-08-29 08:00:00+00:00,0.33867,0.339,0.33792,0.33817,4721.32,2026-08-29 11:59:59.999000+00:00,1
2026-08-29 12:00:00+00:00,0.33816,0.33868,0.33777,0.33809,8596.74,2026-08-29 15:59:59.999000+00:00,1
2026-08-29 16:00:00+00:00,0.33808,0.33928,0.33768,0.33921,3475.23,2026-08-29 19:59:59.999000+00:00,1
2026-08-29 20:00:00+00:00,0.33922,0.34111,0.33896,0.34081,5671.56,2026-08-29 23:59:59.999000+00:00,1
2026-08-30 00:00:00+00:00,0.34081,0.34108,0.33935,0.33998,5448.92,2026-08-30 03:59:59.999000+00:00,1
2026-08-30 04:00:00+00:00,0.33999,0.3412,0.33995,0.3406,7151.22,2026-08-30 07:59:59.999000+00:00,1
2026-08-30 08:00:00+00:00,0.34061,0.34082,0.34025,0.34052,2493.37,2026-08-30 11:59:59.999000+00:00,1
2026-08-30 12:00:00+00:00,0.34052,0.34086,0.33977,0.33999,4175.15,2026-08-30 15:59:59.999000+00:00,1
2026-08-30 16:00:00+00:00,0.33999,0.34149,0.33992,0.34019,4120.01,2026-08-30 19:59:59.999000+00:00,1
2026-08-30 20:00:00+00:00,0.34019,0.3402,0.33552,0.33592,11775.15,2026-08-30 23:59:59.999000+00:00,1
2026-08-31 00:00:00+00:00,0.33591,0.33635,0.33491,0.33605,11618.33,2026-08-31 03:59:59.999000+00:00,1
2026-08-31 04:00:00+00:00,0.33606,0.33714,0.33598,0.33672,7474.99,2026-08-31 07:59:59.999000+00:00,1
2026-08-31 08:00:00+00:00,0.33672,0.33672,0.33346,0.33407,6978.65,2026-08-31 11:59:59.999000+00:00,1
2026-08-31 12:00:00+00:00,0.33406,0.3348,0.33117,0.33268,11696.77,2026-08-31 15:59:59.999000+00:00,1
2026-08-31 16:00:00+00:00,0.33267,0.33393,0.33243,0.33327,2558.62,2026-08-31 19:59:59.999000+00:00,1
2026-08-31 20:00:00+00:00,0.33327,0.33337,0.33198,0.3322,2707.48,2026-08-31 23:59:59.999000+00:00,1
2026-09-01 00:00:00+00:00,0.3322,0.33226,0.33122,0.33186,7417.12,2026-09-01 03:59:59.999000+00:00,1
2026-09-01 04:00:00+00:00,0.33186,0.33206,0.33097,0.33148,4668.11,2026-09-01 07:59:59.999000+00:00,1
2026-09-01 08:00:00+00:00,0.33147,0.33148,0.3272,0.32827,22233.48,2026-09-01 11:59:59.999000+00:00,1
2026-09-01 12:00:00+00:00,0.32827,0.32827,0.32338,0.32393,37760.78,2026-09-01 15:59:59.999000+00:00,1
2026-09-01 16:00:00+00:00,0.32392,0.32399,0.32076,0.32325,31097.29,2026-09-01 19:59:59.999000+00:00,1
2026-09-01 20:00:00+00:00,0.32324,0.32331,0.32162,0.3218,7401.56,2026-09-01 23:59:59.999000+00:00,1
2026-09-02 00:00:00+00:00,0.3218,0.32201,0.32079,0.32142,9577.35,2026-09-02 03:59:59.999000+00:00,1
2026-09-02 04:00:00+00:00,0.32142,0.32338,0.32132,0.32259,8197.19,2026-09-02 07:59:59.999000+00:00,1
2026-09-02 08:00:00+00:00,0.32257,0.32305,0.32162,0.32269,11925.68,2026-09-02 11:59:59.999000+00:00,1
2026-09-02 12:00:00+00:00,0.32269,0.32548,0.32254,0.32399,15195.71,2026-09-02 15:59:59.999000+00:00,1
2026-09-02 16:00:00+00:00,0.32398,0.32477,0.32315,0.32408,6768.97,2026-09-02 19:59:59.999000+00:00,1
2026-09-02 20:00:00+00:00,0.32408,0.32502,0.3239,0.3249,3722.17,2026-09-02 23:59:59.999000+00:00,1
2026-09-03 00:00:00+00:00,0.32489,0.32567,0.3242,0.32567,4859.43,2026-09-03 03:59:59.999000+00:00,1
2026-09-03 04:00:00+00:00,0.32567,0.32636,0.32522,0.32592,4466.85,2026-09-03 07:59:59.999000+00:00,1
2026-09-03 08:00:00+00:00,0.32591,0.32839,0.32589,0.32762,5642.57,2026-09-03 11:59:59.999000+00:00,1
2026-09-03 12:00:00+00:00,0.32762,0.33207,0.32744,0.33139,15582.45,2026-09-03 15:59:59.999000+00:00,1
2026-09-03 16:00:00+00:00,0.33139,0.33186,0.3305,0.33121,9382.25,2026-09-03 19:59:59.999000+00:00,1
2026-09-03 20:00:00+00:00,0.33121,0.33179,0.33014,0.33041,7308.17,2026-09-03 23:59:59.999000+00:00,1
2026-09-04 00:00:00+00:00,0.33041,0.33047,0.32884,0.32891,5726.87,2026-09-04 03:59:59.999000+00:00,1
2026-09-04 04:00:00+00:00,0.3289,0.32901,0.32723,0.32761,7256.93,2026-09-04 07:59:59.999000+00:00,1
2026-09-04 08:00:00+00:00,0.3276,0.32954,0.32713,0.3295,8188.7,2026-09-04 11:59:59.999000+00:00,1
2026-09-04 12:00:00+00:00,0.32949,0.33018,0.32712,0.33009,12423.71,2026-09-04 15:59:59.999000+00:00,1
2026-09-04 16:00:00+00:00,0.33009,0.33194,0.32985,0.33144,6041.01,2026-09-04 19:59:59.999000+00:00,1
2026-09-04 20:00:00+00:00,0.33143,0.33161,0.33072,0.33115,2633.37,2026-09-04 23:59:59.999000+00:00,1
2026-09-05 00:00:00+00:00,0.33114,0.33184,0.33105,0.33177,3346.01,2026-09-05 03:59:59.999000+00:00,1
2026-09-05 04:00:00+00:00,0.33177,0.33322,0.33134,0.33244,2950.16,2026-09-05 07:59:59.999000+00:00,1
2026-09-05 08:00:00+00:00,0.33243,0.333,0.33143,0.33299,2590.81,2026-09-05 11:59:59.999000+00:00,1
2026-09-05 12:00:00+00:00,0.333,0.33424,0.33249,0.33413,2996.56,2026-09-05 15:59:59.999000+00:00,1
2026-09-05 16:00:00+00:00,0.33413,0.33454,0.33351,0.33377,2632.95,2026-09-05 19:59:59.999000+00:00,1
2026-09-05 20:00:00+00:00,0.33377,0.33473,0.33359,0.3336,1902.09,2026-09-05 23:59:59.999000+00:00,1
2026-09-06 00:00:00+00:00,0.33359,0.33438,0.33254,0.33263,5991.11,2026-09-06 03:59:59.999000+00:00,1
2026-09-06 04:00:00+00:00,0.33263,0.33374,0.33244,0.3334,3238.4,2026-09-06 07:59:59.999000+00:00,1
2026-09-06 08:00:00+00:00,0.33339,0.33529,0.33308,0.33485,2550.56,2026-09-06 11:59:59.999000+00:00,1
2026-09-06 12:00:00+00:00,0.33483,0.33546,0.33456,0.33515,2863.27,2026-09-06 15:59:59.999000+00:00,1
2026-09-06 16:00:00+00:00,0.33515,0.33532,0.33461,0.33461,1941.42,2026-09-06 19:59:59.999000+00:00,1
2026-09-06 20:00:00+00:00,0.3346,0.3362,0.33454,0.33488,2398.28,2026-09-06 23:59:59.999000+00:00,1
2026-09-07 00:00:00+00:00,0.33489,0.33555,0.33469,0.33541,2140.97,2026-09-07 03:59:59.999000+00:00,1
2026-09-07 04:00:00+00:00,0.33542,0.33721,0.33536,0.3363,4311.01,2026-09-07 07:59:59.999000+00:00,1
2026-09-07 08:00:00+00:00,0.33632,0.33687,0.33606,0.33613,2489.2,2026-09-07 11:59:59.999000+00:00,1
2026-09-07 12:00:00+00:00,0.33613,0.3363,0.33336,0.33348,5347.26,2026-09-07 15:59:59.999000+00:00,1
2026-09-07 16:00:00+00:00,0.33348,0.33448,0.33339,0.33444,2620.54,2026-09-07 19:59:59.999000+00:00,1
2026-09-07 20:00:00+00:00,0.33444,0.33457,0.33372,0.33431,1653.61,2026-09-07 23:59:59.999000+00:00,1
2026-09-08 00:00:00+00:00,0.3343,0.33519,0.33374,0.33488,4308.05,2026-09-08 03:59:59.999000+00:00,1
2026-09-08 04:00:00+00:00,0.33489,0.33887,0.33464,0.33787,6188.11,2026-09-08 07:59:59.999000+00:00,1
2026-09-08 08:00:00+00:00,0.33788,0.33907,0.33731,0.33842,5375.28,2026-09-08 11:59:59.999000+00:00,1
2026-09-08 12:00:00+00:00,0.33842,0.34042,0.33806,0.33914,6654.31,2026-09-08 15:59:59.999000+00:00,1
2026-09-08 16:00:00+00:00,0.33914,0.3397,0.338,0.33808,2985.93,2026-09-08 19:59:59.999000+00:00,1
2026-09-08 20:00:00+00:00,0.33807,0.33911,0.33757,0.33856,2154.45,2026-09-08 23:59:59.999000+00:00,1
2026-09-09 00:00:00+00:00,0.33858,0.33949,0.33828,0.33894,3854.74,2026-09-09 03:59:59.999000+00:00,1
2026-09-09 04:00:00+00:00,0.33893,0.33942,0.33785,0.33912,3294.7,2026-09-09 07:59:59.999000+00:00,1
2026-09-09 08:00:00+00:00,0.33913,0.33931,0.3384,0.3391,2113.37,2026-09-09 11:59:59.999000+00:00,1
2026-09-09 12:00:00+00:00,0.33911,0.33919,0.33758,0.33811,3894.89,2026-09-09 15:59:59.999000+00:00,1
2026-09-09 16:00:00+00:00,0.3381,0.3406,0.3381,0.33921,3367.4,2026-09-09 19:59:59.999000+00:00,1
2026-09-09 20:00:00+00:00,0.33922,0.33959,0.33786,0.33874,2376.22,2026-09-09 23:59:59.999000+00:00,1
2026-09-10 00:00:00+00:00,0.33872,0.33998,0.33828,0.33942,3837.99,2026-09-10 03:59:59.999000+00:00,1
2026-09-10 04:00:00+00:00,0.33942,0.34057,0.33914,0.33942,4021.87,2026-09-10 07:59:59.999000+00:00,1
2026-09-10 08:00:00+00:00,0.33942,0.34063,0.33906,0.34015,3304.12,2026-09-10 11:59:59.999000+00:00,1
2026-09-10 12:00:00+00:00,0.34015,0.34059,0.33775,0.33887,6775.45,2026-09-10 15:59:59.999000+00:00,1
2026-09-10 16:00:00+00:00,0.33887,0.33978,0.33804,0.33938,2138.99,2026-09-10 19:59:59.999000+00:00,1
2026-09-10 20:00:00+00:00,0.33939,0.34114,0.33889,0.33977,2986.52,2026-09-10 23:59:59.999000+00:00,1
2026-09-11 00:00:00+00:00,0.33978,0.34099,0.33921,0.33975,4089.66,2026-09-11 03:59:59.999000+00:00,1
2026-09-11 04:00:00+00:00,0.33976,0.33991,0.33823,0.33838,4071.61,2026-09-11 07:59:59.999000+00:00,1
2026-09-11 08:00:00+00:00,0.33837,0.33876,0.3355,0.3361,8044.28,2026-09-11 11:59:59.999000+00:00,1
2026-09-11 12:00:00+00:00,0.33612,0.3378,0.33442,0.33507,15470.87,2026-09-11 15:59:59.999000+00:00,1
2026-09-11 16:00:00+00:00,0.33507,0.33672,0.33485,0.33664,6869.89,2026-09-11 19:59:59.999000+00:00,1
2026-09-11 20:00:00+00:00,0.33664,0.33911,0.33658,0.33846,9449.0,2026-09-11 23:59:59.999000+00:00,1
2026-09-12 00:00:00+00:00,0.33847,0.33971,0.33834,0.33951,4941.39,2026-09-12 03:59:59.999000+00:00,1
2026-09-12 04:00:00+00:00,0.33952,0.34411,0.33839,0.33934,19027.79,2026-09-12 07:59:59.999000+00:00,1
2026-09-12 08:00:00+00:00,0.33935,0.34079,0.33918,0.34066,2385.45,2026-09-12 11:59:59.999000+00:00,1
2026-09-12 12:00:00+00:00,0.34066,0.34101,0.3389,0.33976,3958.58,2026-09-12 15:59:59.999000+00:00,1
2026-09-12 16:00:00+00:00,0.33975,0.34027,0.33927,0.33947,1235.05,2026-09-12 19:59:59.999000+00:00,1
2026-09-12 20:00:00+00:00,0.33947,0.33993,0.33941,0.33963,732.14,2026-09-12 23:59:59.999000+00:00,1
2026-09-13 00:00:00+00:00,0.33963,0.34068,0.33901,0.33927,2402.74,2026-09-13 03:59:59.999000+00:00,1
2026-09-13 04:00:00+00:00,0.33926,0.33995,0.33909,0.33955,1621.24,2026-09-13 07:59:59.999000+00:00,1
2026-09-13 08:00:00+00:00,0.33955,0.34117,0.33924,0.3407,3381.83,2026-09-13 11:59:59.999000+00:00,1
2026-09-13 12:00:00+00:00,0.3407,0.34135,0.34032,0.34116,2237.38,2026-09-13 15:59:59.999000+00:00,1
2026-09-13 16:00:00+00:00,0.34116,0.3415,0.34083,0.34102,2080.03,2026-09-13 19:59:59.999000+00:00,1
2026-09-13 20:00:00+00:00,0.34101,0.34135,0.33788,0.33802,4239.63,2026-09-13 23:59:59.999000+00:00,1
2026-09-14 00:00:00+00:00,0.33802,0.33887,0.33731,0.33864,7483.28,2026-09-14 03:59:59.999000+00:00,1
2026-09-14 04:00:00+00:00,0.33864,0.33989,0.33827,0.33906,4594.93,2026-09-14 07:59:59.999000+00:00,1
2026-09-14 08:00:00+00:00,0.33905,0.34044,0.33877,0.33992,4229.32,2026-09-14 11:59:59.999000+00:00,1
2026-09-14 12:00:00+00:00,0.33992,0.34111,0.33944,0.33967,7809.06,2026-09-14 15:59:59.999000+00:00,1
2026-09-14 16:00:00+00:00,0.33968,0.34202,0.33944,0.34003,5434.85,2026-09-14 19:59:59.999000+00:00,1
2026-09-14 20:00:00+00:00,0.34004,0.34081,0.33771,0.33771,4840.46,2026-09-14 23:59:59.999000+00:00,1
2026-09-15 00:00:00+00:00,0.33771,0.33791,0.33675,0.33731,8012.07,2026-09-15 03:59:59.999000+00:00,1
2026-09-15 04:00:00+00:00,0.3373,0.33821,0.33708,0.33742,5024.45,2026-09-15 07:59:59.999000+00:00,1
2026-09-15 08:00:00+00:00,0.33743,0.33913,0.33705,0.33844,4311.45,2026-09-15 11:59:59.999000+00:00,1
2026-09-15 12:00:00+00:00,0.33845,0.33873,0.33543,0.33555,7324.98,2026-09-15 15:59:59.999000+00:00,1
2026-09-15 16:00:00+00:00,0.33554,0.33639,0.33087,0.33275,16465.78,2026-09-15 19:59:59.999000+00:00,1
2026-09-15 20:00:00+00:00,0.33276,0.33348,0.33159,0.33272,4035.86,2026-09-15 23:59:59.999000+00:00,1
2026-09-16 00:00:00+00:00,0.33272,0.3333,0.33185,0.33312,2837.63,2026-09-16 03:59:59.999000+00:00,1
2026-09-16 04:00:00+00:00,0.33312,0.33527,0.33312,0.33489,4711.77,2026-09-16 07:59:59.999000+00:00,1
2026-09-16 08:00:00+00:00,0.33489,0.33536,0.33404,0.33527,3297.38,2026-09-16 11:59:59.999000+00:00,1
2026-09-16 12:00:00+00:00,0.33527,0.33579,0.33422,0.3356,3954.36,2026-09-16 15:59:59.999000+00:00,1
2026-09-16 16:00:00+00:00,0.33561,0.33609,0.33466,0.33561,4090.26,2026-09-16 19:59:59.999000+00:00,1
2026-09-16 20:00:00+00:00,0.33562,0.33612,0.33494,0.33545,2734.16,2026-09-16 23:59:59.999000+00:00,1
2026-09-17 00:00:00+00:00,0.33544,0.33606,0.33544,0.33596,2423.6,2026-09-17 03:59:59.999000+00:00,1
2026-09-17 04:00:00+00:00,0.33595,0.33597,0.33511,0.33514,1596.61,2026-09-17 07:59:59.999000+00:00,1
2026-09-17 08:00:00+00:00,0.33514,0.33519,0.33411,0.33423,1975.49,2026-09-17 11:59:59.999000+00:00,1
2026-09-17 12:00:00+00:00,0.33422,0.33505,0.3338,0.33407,4347.43,2026-09-17 15:59:59.999000+00:00,1
2026-09-17 16:00:00+00:00,0.33405,0.33497,0.33325,0.3349,3163.03,2026-09-17 19:59:59.999000+00:00,1
2026-09-17 20:00:00+00:00,0.3349,0.33533,0.3342,0.33466,1733.66,2026-09-17 23:59:59.999000+00:00,1
2026-09-18 00:00:00+00:00,0.33465,0.3363,0.3344,0.33614,3214.35,2026-09-18 03:59:59.999000+00:00,1
2026-09-18 04:00:00+00:00,0.33615,0.33651,0.3356,0.33642,2703.62,2026-09-18 07:59:59.999000+00:00,1
2026-09-18 08:00:00+00:00,0.33642,0.33764,0.33621,0.33759,6271.29,2026-09-18 11:59:59.999000+00:00,1
2026-09-18 12:00:00+00:00,0.3376,0.33954,0.33758,0.33941,11344.88,2026-09-18 15:59:59.999000+00:00,1
2026-09-18 16:00:00+00:00,0.33942,0.33987,0.33787,0.3386,5329.06,2026-09-18 19:59:59.999000+00:00,1
2026-09-18 20:00:00+00:00,0.33861,0.33878,0.33808,0.33819,2953.95,2026-09-18 23:59:59.999000+00:00,1
2026-09-19 00:00:00+00:00,0.3382,0.33898,0.33775,0.33857,4430.6,2026-09-19 03:59:59.999000+00:00,1
2026-09-19 04:00:00+00:00,0.33857,0.33877,0.33729,0.33769,3476.53,2026-09-19 07:59:59.999000+00:00,1
2026-09-19 08:00:00+00:00,0.33769,0.33818,0.3368,0.33782,2688.73,2026-09-19 11:59:59.999000+00:00,1
2026-09-19 12:00:00+00:00,0.33782,0.33816,0.33752,0.33786,2643.59,2026-09-19 15:59:59.999000+00:00,1
2026-09-19 16:00:00+00:00,0.33786,0.3396,0.33778,0.33923,3375.13,2026-09-19 19:59:59.999000+00:00,1
2026-09-19 20:00:00+00:00,0.33923,0.34068,0.33896,0.33969,3234.83,2026-09-19 23:59:59.999000+00:00,1
2026-09-20 00:00:00+00:00,0.3397,0.34082,0.33854,0.33991,4441.88,2026-09-20 03:59:59.999000+00:00,1
2026-09-20 04:00:00+00:00,0.33992,0.34179,0.33941,0.34171,6222.33,2026-09-20 07:59:59.999000+00:00,1
2026-09-20 08:00:00+00:00,0.34172,0.34294,0.34111,0.34232,5349.44,2026-09-20 11:59:59.999000+00:00,1
2026-09-20 12:00:00+00:00,0.34233,0.34702,0.34193,0.34434,10323.92,2026-09-20 15:59:59.999000+00:00,1
2026-09-20 16:00:00+00:00,0.34436,0.34464,0.34279,0.34279,3992.42,2026-09-20 19:59:59.999000+00:00,1
2026-09-20 20:00:00+00:00,0.34279,0.343,0.34228,0.34235,1451.23,2026-09-20 23:59:59.999000+00:00,1
2026-09-21 00:00:00+00:00,0.34234,0.34368,0.34234,0.34304,7058.99,2026-09-21 03:59:59.999000+00:00,1
2026-09-21 04:00:00+00:00,0.34304,0.34417,0.34257,0.34312,3354.93,2026-09-21 07:59:59.999000+00:00,1
2026-09-21 08:00:00+00:00,0.34313,0.34483,0.34291,0.34411,3799.13,2026-09-21 11:59:59.999000+00:00,1
2026-09-21 12:00:00+00:00,0.34411,0.34577,0.34302,0.34507,6162.05,2026-09-21 15:59:59.999000+00:00,1
2026-09-21 16:00:00+00:00,0.34508,0.34535,0.34355,0.3442,3347.08,2026-09-21 19:59:59.999000+00:00,1
2026-09-21 20:00:00+00:00,0.3442,0.34458,0.34364,0.34457,1808.01,2026-09-21 23:59:59.999000+00:00,1
2026-09-22 00:00:00+00:00,0.34458,0.34865,0.34451,0.34802,9937.72,2026-09-22 03:59:59.999000+00:00,1
2026-09-22 04:00:00+00:00,0.34802,0.34923,0.34771,0.34833,6225.12,2026-09-22 07:59:59.999000+00:00,1
2026-09-22 08:00:00+00:00,0.34833,0.34924,0.34545,0.34567,7846.93,2026-09-22 11:59:59.999000+00:00,1
2026-09-22 12:00:00+00:00,0.34566,0.34604,0.34094,0.3412,13590.29,2026-09-22 15:59:59.999000+00:00,1
2026-09-22 16:00:00+00:00,0.34119,0.34171,0.33983,0.34133,9639.43,2026-09-22 19:59:59.999000+00:00,1
2026-09-22 20:00:00+00:00,0.34132,0.34196,0.34111,0.34183,6127.07,2026-09-22 23:59:59.999000+00:00,1
2026-09-23 00:00:00+00:00,0.34182,0.34507,0.34163,0.34411,8611.87,2026-09-23 03:59:59.999000+00:00,1
2026-09-23 04:00:00+00:00,0.34411,0.34466,0.34344,0.3439,6172.09,2026-09-23 07:59:59.999000+00:00,1
2026-09-23 08:00:00+00:00,0.3439,0.34405,0.34174,0.34271,5395.06,2026-09-23 11:59:59.999000+00:00,1
2026-09-23 12:00:00+00:00,0.3427,0.3427,0.33863,0.33928,15102.52,2026-09-23 15:59:59.999000+00:00,1
2026-09-23 16:00:00+00:00,0.33927,0.34079,0.33811,0.34034,7714.27,2026-09-23 19:59:59.999000+00:00,1
2026-09-23 20:00:00+00:00,0.34035,0.34211,0.3398,0.34205,3793.32,2026-09-23 23:59:59.999000+00:00,1
2026-09-24 00:00:00+00:00,0.34205,0.34396,0.342,0.34383,8169.04,2026-09-24 03:59:59.999000+00:00,1
2026-09-24 04:00:00+00:00,0.34384,0.34391,0.34282,0.34318,5439.45,2026-09-24 07:59:59.999000+00:00,1
2026-09-24 08:00:00+00:00,0.34318,0.34319,0.33822,0.33932,8954.47,2026-09-24 11:59:59.999000+00:00,1
2026-09-24 12:00:00+00:00,0.33932,0.34084,0.33862,0.33877,5948.54,2026-09-24 15:59:59.999000+00:00,1
2026-09-24 16:00:00+00:00,0.33876,0.34163,0.3386,0.34039,4954.97,2026-09-24 19:59:59.999000+00:00,1
2026-09-24 20:00:00+00:00,0.34038,0.34059,0.33965,0.34001,1720.85,2026-09-24 23:59:59.999000+00:00,1
2026-09-25 00:00:00+00:00,0.34,0.3401,0.33777,0.33817,7355.31,2026-09-25 03:59:59.999000+00:00,1
2026-09-25 04:00:00+00:00,0.33817,0.33892,0.33761,0.3384,2925.99,2026-09-25 07:59:59.999000+00:00,1
2026-09-25 08:00:00+00:00,0.33839,0.33839,0.33681,0.33718,1604.39,2026-09-25 11:59:59.999000+00:00,0
