ts,open,high,low,close,volume,close_time,confirm
2026-03-30 08:00:00+00:00,0.03145,0.03176,0.03088,0.03133,1053446.0,2026-03-30 11:59:59.999000+00:00,1
2026-03-30 12:00:00+00:00,0.03136,0.03159,0.03073,0.03122,985985.0,2026-03-30 15:59:59.999000+00:00,1
2026-03-30 16:00:00+00:00,0.03124,0.03131,0.03006,0.03025,888218.0,2026-03-30 19:59:59.999000+00:00,1
2026-03-30 20:00:00+00:00,0.03025,0.03077,0.03018,0.03038,522098.0,2026-03-30 23:59:59.999000+00:00,1
2026-03-31 00:00:00+00:00,0.0304,0.03143,0.03025,0.03107,757483.0,2026-03-31 03:59:59.999000+00:00,1
2026-03-31 04:00:00+00:00,0.03109,0.0315,0.03087,0.03112,519076.0,2026-03-31 07:59:59.999000+00:00,1
2026-03-31 08:00:00+00:00,0.03112,0.03114,0.03008,0.03085,1378817.0,2026-03-31 11:59:59.999000+00:00,1
2026-03-31 12:00:00+00:00,0.03086,0.03205,0.03046,0.03068,1088301.0,2026-03-31 15:59:59.999000+00:00,1
2026-03-31 16:00:00+00:00,0.03071,0.03175,0.03058,0.03128,750494.0,2026-03-31 19:59:59.999000+00:00,1
2026-03-31 20:00:00+00:00,0.03129,0.03146,0.03053,0.03104,347368.0,2026-03-31 23:59:59.999000+00:00,1
2026-04-01 00:00:00+00:00,0.03105,0.03134,0.03043,0.03131,563877.0,2026-04-01 03:59:59.999000+00:00,1
2026-04-01 04:00:00+00:00,0.03131,0.03246,0.03105,0.03198,873701.0,2026-04-01 07:59:59.999000+00:00,1
2026-04-01 08:00:00+00:00,0.03199,0.0323,0.03129,0.03154,551834.0,2026-04-01 11:59:59.999000+00:00,1
2026-04-01 12:00:00+00:00,0.03155,0.03227,0.03126,0.03214,674505.0,2026-04-01 15:59:59.999000+00:00,1
2026-04-01 16:00:00+00:00,0.03214,0.03297,0.03126,0.03143,754337.0,2026-04-01 19:59:59.999000+00:00,1
2026-04-01 20:00:00+00:00,0.03142,0.03195,0.03087,0.03125,546004.0,2026-04-01 23:59:59.999000+00:00,1
2026-04-02 00:00:00+00:00,0.03127,0.0315,0.02971,0.02974,1728804.0,2026-04-02 03:59:59.999000+00:00,1
2026-04-02 04:00:00+00:00,0.02979,0.03,0.02937,0.02983,846890.0,2026-04-02 07:59:59.999000+00:00,1
2026-04-02 08:00:00+00:00,0.02983,0.03048,0.02941,0.03028,946125.0,2026-04-02 11:59:59.999000+00:00,1
2026-04-02 12:00:00+00:00,0.03029,0.03176,0.02995,0.03124,2301763.0,2026-04-02 15:59:59.999000+00:00,1
2026-04-02 16:00:00+00:00,0.03128,0.03273,0.03115,0.03199,1190129.0,2026-04-02 19:59:59.999000+00:00,1
2026-04-02 20:00:00+00:00,0.03203,0.0329,0.03183,0.03265,966378.0,2026-04-02 23:59:59.999000+00:00,1
2026-04-03 00:00:00+00:00,0.03264,0.03356,0.03237,0.03267,1565836.0,2026-04-03 03:59:59.999000+00:00,1
2026-04-03 04:00:00+00:00,0.03267,0.03409,0.0322,0.03378,885656.0,2026-04-03 07:59:59.999000+00:00,1
2026-04-03 08:00:00+00:00,0.03379,0.03483,0.03355,0.03468,1038164.0,2026-04-03 11:59:59.999000+00:00,1
2026-04-03 12:00:00+00:00,0.03466,0.03557,0.03346,0.03411,2054745.0,2026-04-03 15:59:59.999000+00:00,1
2026-04-03 16:00:00+00:00,0.03409,0.03531,0.03405,0.03436,1223889.0,2026-04-03 19:59:59.999000+00:00,1
2026-04-03 20:00:00+00:00,0.03436,0.03507,0.03427,0.03463,338584.0,2026-04-03 23:59:59.999000+00:00,1
2026-04-04 00:00:00+00:00,0.03466,0.0347,0.03381,0.0339,486754.0,2026-04-04 03:59:59.999000+00:00,1
2026-04-04 04:00:00+00:00,0.03391,0.03434,0.03337,0.03349,975488.0,2026-04-04 07:59:59.999000+00:00,1
2026-04-04 08:00:00+00:00,0.0335,0.03367,0.03232,0.03232,1187908.0,2026-04-04 11:59:59.999000+00:00,1
2026-04-04 12:00:00+00:00,0.03233,0.03333,0.03217,0.03311,696344.0,2026-04-04 15:59:59.999000+00:00,1
2026-04-04 16:00:00+00:00,0.03313,0.0334,0.03268,0.03278,717175.0,2026-04-04 19:59:59.999000+00:00,1
2026-04-04 20:00:00+00:00,0.0328,0.03281,0.03139,0.03164,1466266.0,2026-04-04 23:59:59.999000+00:00,1
2026-04-05 00:00:00+00:00,0.03167,0.03171,0.03078,0.03103,881656.0,2026-04-05 03:59:59.999000+00:00,1
2026-04-05 04:00:00+00:00,0.03106,0.03115,0.03013,0.03045,1183690.0,2026-04-05 07:59:59.999000+00:00,1
2026-04-05 08:00:00+00:00,0.03044,0.03101,0.03037,0.03087,837386.0,2026-04-05 11:59:59.999000+00:00,1
2026-04-05 12:00:00+00:00,0.03088,0.031,0.03014,0.03056,1049021.0,2026-04-05 15:59:59.999000+00:00,1
2026-04-05 16:00:00+00:00,0.03058,0.03109,0.03047,0.03063,485596.0,2026-04-05 19:59:59.999000+00:00,1
2026-04-05 20:00:00+00:00,0.03064,0.03199,0.03056,0.03192,614503.0,2026-04-05 23:59:59.999000+00:00,1
2026-04-06 00:00:00+00:00,0.03193,0.03264,0.03184,0.03211,719587.0,2026-04-06 03:59:59.999000+00:00,1
2026-04-06 04:00:00+00:00,0.03212,0.03273,0.0318,0.03212,554508.0,2026-04-06 07:59:59.999000+00:00,1
2026-04-06 08:00:00+00:00,0.03213,0.03316,0.03209,0.03273,715833.0,2026-04-06 11:59:59.999000+00:00,1
2026-04-06 12:00:00+00:00,0.03276,0.03279,0.03156,0.03222,955387.0,2026-04-06 15:59:59.999000+00:00,1
2026-04-06 16:00:00+00:00,0.03224,0.03264,0.03131,0.03148,619542.0,2026-04-06 19:59:59.999000+00:00,1
2026-04-06 20:00:00+00:00,0.03149,0.0321,0.03018,0.03053,826387.0,2026-04-06 23:59:59.999000+00:00,1
2026-04-07 00:00:00+00:00,0.0305,0.03072,0.0302,0.03053,393495.0,2026-04-07 03:59:59.999000+00:00,1
2026-04-07 04:00:00+00:00,0.03053,0.03139,0.03039,0.03124,528915.0,2026-04-07 07:59:59.999000+00:00,1
2026-04-07 08:00:00+00:00,0.03124,0.03192,0.03077,0.03087,729495.0,2026-04-07 11:59:59.999000+00:00,1
2026-04-07 12:00:00+00:00,0.03088,0.03129,0.03038,0.03084,854674.0,2026-04-07 15:59:59.999000+00:00,1
2026-04-07 16:00:00+00:00,0.03084,0.03235,0.03074,0.03226,733386.0,2026-04-07 19:59:59.999000+00:00,1
2026-04-07 20:00:00+00:00,0.03225,0.0358,0.03176,0.03471,3893125.0,2026-04-07 23:59:59.999000+00:00,1
2026-04-08 00:00:00+00:00,0.03471,0.03628,0.03432,0.03505,1755204.0,2026-04-08 03:59:59.999000+00:00,1
2026-04-08 04:00:00+00:00,0.03505,0.03776,0.03501,0.03744,7242715.0,2026-04-08 07:59:59.999000+00:00,1
2026-04-08 08:00:00+00:00,0.03744,0.03888,0.03682,0.03735,12884112.0,2026-04-08 11:59:59.999000+00:00,1
2026-04-08 12:00:00+00:00,0.03737,0.03782,0.03572,0.03622,5302635.0,2026-04-08 15:59:59.999000+00:00,1
2026-04-08 16:00:00+00:00,0.03622,0.03668,0.03477,0.03527,2209116.0,2026-04-08 19:59:59.999000+00:00,1
2026-04-08 20:00:00+00:00,0.03527,0.03712,0.03482,0.03533,2925603.0,2026-04-08 23:59:59.999000+00:00,1
2026-04-09 00:00:00+00:00,0.03536,0.03552,0.03329,0.03358,1952634.0,2026-04-09 03:59:59.999000+00:00,1
2026-04-09 04:00:00+00:00,0.03354,0.03401,0.03336,0.03339,1201385.0,2026-04-09 07:59:59.999000+00:00,1
2026-04-09 08:00:00+00:00,0.0334,0.03409,0.03338,0.03385,694058.0,2026-04-09 11:59:59.999000+00:00,1
2026-04-09 12:00:00+00:00,0.03384,0.03607,0.0335,0.03577,1092039.0,2026-04-09 15:59:59.999000+00:00,1
2026-04-09 16:00:00+00:00,0.03579,0.03767,0.03526,0.03719,2006547.0,2026-04-09 19:59:59.999000+00:00,1
2026-04-09 20:00:00+00:00,0.0372,0.03833,0.03615,0.03633,1869678.0,2026-04-09 23:59:59.999000+00:00,1
2026-04-10 00:00:00+00:00,0.0363,0.0373,0.03591,0.03633,1501614.0,2026-04-10 03:59:59.999000+00:00,1
2026-04-10 04:00:00+00:00,0.03635,0.03753,0.03624,0.03639,1189668.0,2026-04-10 07:59:59.999000+00:00,1
2026-04-10 08:00:00+00:00,0.0364,0.03879,0.036,0.03834,2389449.0,2026-04-10 11:59:59.999000+00:00,1
2026-04-10 12:00:00+00:00,0.03838,0.0433,0.03817,0.04194,6225519.0,2026-04-10 15:59:59.999000+00:00,1
2026-04-10 16:00:00+00:00,0.04193,0.04263,0.04096,0.04205,1480776.0,2026-04-10 19:59:59.999000+00:00,1
2026-04-10 20:00:00+00:00,0.04204,0.04354,0.04176,0.04251,1480480.0,2026-04-10 23:59:59.999000+00:00,1
2026-04-11 00:00:00+00:00,0.04251,0.04319,0.04114,0.04299,1697996.0,2026-04-11 03:59:59.999000+00:00,1
2026-04-11 04:00:00+00:00,0.04299,0.04358,0.0406,0.04073,1946879.0,2026-04-11 07:59:59.999000+00:00,1
2026-04-11 08:00:00+00:00,0.04073,0.04122,0.03958,0.03979,1425096.0,2026-04-11 11:59:59.999000+00:00,1
2026-04-11 12:00:00+00:00,0.03979,0.04184,0.03978,0.04137,1558560.0,2026-04-11 15:59:59.999000+00:00,1
2026-04-11 16:00:00+00:00,0.04138,0.0447,0.0413,0.04395,3206722.0,2026-04-11 19:59:59.999000+00:00,1
2026-04-11 20:00:00+00:00,0.044,0.04466,0.04287,0.04356,1299391.0,2026-04-11 23:59:59.999000+00:00,1
2026-04-12 00:00:00+00:00,0.04356,0.04356,0.03971,0.04014,2517652.0,2026-04-12 03:59:59.999000+00:00,1
2026-04-12 04:00:00+00:00,0.04013,0.04049,0.0386,0.03864,1961043.0,2026-04-12 07:59:59.999000+00:00,1
2026-04-12 08:00:00+00:00,0.03866,0.0397,0.03798,0.03884,1169234.0,2026-04-12 11:59:59.999000+00:00,1
2026-04-12 12:00:00+00:00,0.03881,0.03937,0.03735,0.03769,1650580.0,2026-04-12 15:59:59.999000+00:00,1
2026-04-12 16:00:00+00:00,0.03769,0.03844,0.03744,0.03789,1275615.0,2026-04-12 19:59:59.999000+00:00,1
2026-04-12 20:00:00+00:00,0.03788,0.0405,0.0376,0.03846,2093282.0,2026-04-12 23:59:59.999000+00:00,1
2026-04-13 00:00:00+00:00,0.03845,0.03953,0.03841,0.03863,912445.0,2026-04-13 03:59:59.999000+00:00,1
2026-04-13 04:00:00+00:00,0.03865,0.03893,0.03773,0.03794,959252.0,2026-04-13 07:59:59.999000+00:00,1
2026-04-13 08:00:00+00:00,0.03793,0.03871,0.0375,0.03844,990758.0,2026-04-13 11:59:59.999000+00:00,1
2026-04-13 12:00:00+00:00,0.03847,0.04017,0.03804,0.03828,2013074.0,2026-04-13 15:59:59.999000+00:00,1
2026-04-13 16:00:00+00:00,0.03829,0.04187,0.03782,0.0412,3218361.0,2026-04-13 19:59:59.999000+00:00,1
2026-04-13 20:00:00+00:00,0.04118,0.04499,0.03961,0.04403,3779118.0,2026-04-13 23:59:59.999000+00:00,1
2026-04-14 00:00:00+00:00,0.04404,0.04821,0.04282,0.04786,7198075.0,2026-04-14 03:59:59.999000+00:00,1
2026-04-14 04:00:00+00:00,0.04786,0.04863,0.0464,0.04738,5257116.0,2026-04-14 07:59:59.999000+00:00,1
2026-04-14 08:00:00+00:00,0.04738,0.04996,0.04738,0.04863,6941244.0,2026-04-14 11:59:59.999000+00:00,1
2026-04-14 12:00:00+00:00,0.04862,0.04888,0.04492,0.04505,5464380.0,2026-04-14 15:59:59.999000+00:00,1
2026-04-14 16:00:00+00:00,0.04506,0.04634,0.04326,0.04409,2519580.0,2026-04-14 19:59:59.999000+00:00,1
2026-04-14 20:00:00+00:00,0.0441,0.04439,0.04226,0.04249,1189609.0,2026-04-14 23:59:59.999000+00:00,1
2026-04-15 00:00:00+00:00,0.04249,0.04506,0.04245,0.04491,1542246.0,2026-04-15 03:59:59.999000+00:00,1
2026-04-15 04:00:00+00:00,0.0449,0.04525,0.04382,0.04456,1404456.0,2026-04-15 07:59:59.999000+00:00,1
2026-04-15 08:00:00+00:00,0.04454,0.04494,0.04336,0.04474,1275458.0,2026-04-15 11:59:59.999000+00:00,1
2026-04-15 12:00:00+00:00,0.04476,0.04576,0.0436,0.04415,2038175.0,2026-04-15 15:59:59.999000+00:00,1
2026-04-15 16:00:00+00:00,0.04415,0.04614,0.04388,0.04472,1307100.0,2026-04-15 19:59:59.999000+00:00,1
2026-04-15 20:00:00+00:00,0.04472,0.04481,0.04129,0.04327,2010909.0,2026-04-15 23:59:59.999000+00:00,1
2026-04-16 00:00:00+00:00,0.04328,0.04534,0.04236,0.04465,1183504.0,2026-04-16 03:59:59.999000+00:00,1
2026-04-16 04:00:00+00:00,0.04466,0.0469,0.04402,0.04436,2156370.0,2026-04-16 07:59:59.999000+00:00,1
2026-04-16 08:00:00+00:00,0.04433,0.04452,0.04259,0.04273,1006719.0,2026-04-16 11:59:59.999000+00:00,1
2026-04-16 12:00:00+00:00,0.04273,0.04524,0.04229,0.04391,2477419.0,2026-04-16 15:59:59.999000+00:00,1
2026-04-16 16:00:00+00:00,0.0439,0.04897,0.04368,0.04739,3199454.0,2026-04-16 19:59:59.999000+00:00,1
2026-04-16 20:00:00+00:00,0.0474,0.04986,0.04642,0.04782,2235246.0,2026-04-16 23:59:59.999000+00:00,1
2026-04-17 00:00:00+00:00,0.04784,0.04973,0.04578,0.04643,1671451.0,2026-04-17 03:59:59.999000+00:00,1
2026-04-17 04:00:00+00:00,0.04645,0.04764,0.04489,0.04703,859884.0,2026-04-17 07:59:59.999000+00:00,1
2026-04-17 08:00:00+00:00,0.04703,0.04963,0.047,0.04943,1850292.0,2026-04-17 11:59:59.999000+00:00,1
2026-04-17 12:00:00+00:00,0.04943,0.05065,0.04761,0.04809,3266081.0,2026-04-17 15:59:59.999000+00:00,1
2026-04-17 16:00:00+00:00,0.0481,0.04868,0.04657,0.04706,1233043.0,2026-04-17 19:59:59.999000+00:00,1
2026-04-17 20:00:00+00:00,0.04708,0.04837,0.04648,0.04672,634559.0,2026-04-17 23:59:59.999000+00:00,1
2026-04-18 00:00:00+00:00,0.04674,0.04817,0.04647,0.04731,672969.0,2026-04-18 03:59:59.999000+00:00,1
2026-04-18 04:00:00+00:00,0.0473,0.0498,0.04717,0.04792,1104735.0,2026-04-18 07:59:59.999000+00:00,1
2026-04-18 08:00:00+00:00,0.04789,0.04826,0.04521,0.04553,1145624.0,2026-04-18 11:59:59.999000+00:00,1
2026-04-18 12:00:00+00:00,0.04556,0.04582,0.04438,0.04564,688019.0,2026-04-18 15:59:59.999000+00:00,1
2026-04-18 16:00:00+00:00,0.04566,0.04566,0.04345,0.04379,994311.0,2026-04-18 19:59:59.999000+00:00,1
2026-04-18 20:00:00+00:00,0.04378,0.04406,0.04268,0.04276,682634.0,2026-04-18 23:59:59.999000+00:00,1
2026-04-19 00:00:00+00:00,0.04276,0.04363,0.04162,0.04267,742832.0,2026-04-19 03:59:59.999000+00:00,1
2026-04-19 04:00:00+00:00,0.04267,0.04383,0.04221,0.04337,774190.0,2026-04-19 07:59:59.999000+00:00,1
2026-04-19 08:00:00+00:00,0.04336,0.04458,0.04259,0.04431,798403.0,2026-04-19 11:59:59.999000+00:00,1
2026-04-19 12:00:00+00:00,0.04432,0.04544,0.04284,0.04388,973111.0,2026-04-19 15:59:59.999000+00:00,1
2026-04-19 16:00:00+00:00,0.04389,0.04418,0.04189,0.0422,878418.0,2026-04-19 19:59:59.999000+00:00,1
2026-04-19 20:00:00+00:00,0.04219,0.04219,0.04025,0.0403,987054.0,2026-04-19 23:59:59.999000+00:00,1
2026-04-20 00:00:00+00:00,0.04032,0.04137,0.04027,0.04112,561963.0,2026-04-20 03:59:59.999000+00:00,1
2026-04-20 04:00:00+00:00,0.04114,0.04271,0.04035,0.0419,760430.0,2026-04-20 07:59:59.999000+00:00,1
2026-04-20 08:00:00+00:00,0.04192,0.04245,0.04119,0.04225,467562.0,2026-04-20 11:59:59.999000+00:00,1
2026-04-20 12:00:00+00:00,0.04226,0.04316,0.04163,0.04267,919517.0,2026-04-20 15:59:59.999000+00:00,1
2026-04-20 16:00:00+00:00,0.04266,0.04318,0.04191,0.04295,542685.0,2026-04-20 19:59:59.999000+00:00,1
2026-04-20 20:00:00+00:00,0.04294,0.04324,0.042,0.04219,372930.0,2026-04-20 23:59:59.999000+00:00,1
2026-04-21 00:00:00+00:00,0.04219,0.04246,0.04075,0.04117,611807.0,2026-04-21 03:59:59.999000+00:00,1
2026-04-21 04:00:00+00:00,0.04118,0.04279,0.04099,0.04249,553016.0,2026-04-21 07:59:59.999000+00:00,1
2026-04-21 08:00:00+00:00,0.04249,0.0437,0.04239,0.04268,736203.0,2026-04-21 11:59:59.999000+00:00,1
2026-04-21 12:00:00+00:00,0.04268,0.04337,0.04187,0.04262,695307.0,2026-04-21 15:59:59.999000+00:00,1
2026-04-21 16:00:00+00:00,0.04264,0.04292,0.03983,0.04014,1153253.0,2026-04-21 19:59:59.999000+00:00,1
2026-04-21 20:00:00+00:00,0.04015,0.04251,0.04012,0.04225,681209.0,2026-04-21 23:59:59.999000+00:00,1
2026-04-22 00:00:00+00:00,0.04223,0.04358,0.04197,0.04335,515655.0,2026-04-22 03:59:59.999000+00:00,1
2026-04-22 04:00:00+00:00,0.04337,0.04609,0.0432,0.04462,1600370.0,2026-04-22 07:59:59.999000+00:00,1
2026-04-22 08:00:00+00:00,0.04462,0.04519,0.04366,0.04483,834703.0,2026-04-22 11:59:59.999000+00:00,1
2026-04-22 12:00:00+00:00,0.04484,0.04487,0.04311,0.04327,1007890.0,2026-04-22 15:59:59.999000+00:00,1
2026-04-22 16:00:00+00:00,0.04328,0.04374,0.04225,0.04265,764877.0,2026-04-22 19:59:59.999000+00:00,1
2026-04-22 20:00:00+00:00,0.04266,0.043,0.04123,0.04131,409404.0,2026-04-22 23:59:59.999000+00:00,1
2026-04-23 00:00:00+00:00,0.04135,0.04163,0.04028,0.04099,915992.0,2026-04-23 03:59:59.999000+00:00,1
2026-04-23 04:00:00+00:00,0.041,0.04248,0.04086,0.04196,653022.0,2026-04-23 07:59:59.999000+00:00,1
2026-04-23 08:00:00+00:00,0.04196,0.04196,0.04057,0.04103,547717.0,2026-04-23 11:59:59.999000+00:00,1
2026-04-23 12:00:00+00:00,0.04103,0.0439,0.04103,0.04314,1125178.0,2026-04-23 15:59:59.999000+00:00,1
2026-04-23 16:00:00+00:00,0.04313,0.04317,0.04107,0.04183,563984.0,2026-04-23 19:59:59.999000+00:00,1
2026-04-23 20:00:00+00:00,0.04186,0.04274,0.04172,0.04251,311410.0,2026-04-23 23:59:59.999000+00:00,1
2026-04-24 00:00:00+00:00,0.04253,0.04328,0.04189,0.04228,330015.0,2026-04-24 03:59:59.999000+00:00,1
2026-04-24 04:00:00+00:00,0.04229,0.04332,0.04186,0.04297,404971.0,2026-04-24 07:59:59.999000+00:00,1
2026-04-24 08:00:00+00:00,0.04297,0.04442,0.04257,0.04386,682377.0,2026-04-24 11:59:59.999000+00:00,1
2026-04-24 12:00:00+00:00,0.04391,0.04416,0.04259,0.0437,528241.0,2026-04-24 15:59:59.999000+00:00,1
2026-04-24 16:00:00+00:00,0.0437,0.04372,0.04275,0.04324,603520.0,2026-04-24 19:59:59.999000+00:00,1
2026-04-24 20:00:00+00:00,0.04325,0.04381,0.04267,0.04348,479677.0,2026-04-24 23:59:59.999000+00:00,1
2026-04-25 00:00:00+00:00,0.04347,0.04388,0.0423,0.04267,671781.0,2026-04-25 03:59:59.999000+00:00,1
2026-04-25 04:00:00+00:00,0.04266,0.04289,0.042,0.04211,248919.0,2026-04-25 07:59:59.999000+00:00,1
2026-04-25 08:00:00+00:00,0.0421,0.04234,0.04154,0.04181,220037.0,2026-04-25 11:59:59.999000+00:00,1
2026-04-25 12:00:00+00:00,0.04182,0.04204,0.04084,0.04102,491873.0,2026-04-25 15:59:59.999000+00:00,1
2026-04-25 16:00:00+00:00,0.04099,0.04143,0.04032,0.04056,374733.0,2026-04-25 19:59:59.999000+00:00,1
2026-04-25 20:00:00+00:00,0.04056,0.04104,0.04043,0.04082,253297.0,2026-04-25 23:59:59.999000+00:00,1
2026-04-26 00:00:00+00:00,0.04084,0.04096,0.04017,0.04055,333094.0,2026-04-26 03:59:59.999000+00:00,1
2026-04-26 04:00:00+00:00,0.04055,0.04144,0.04029,0.04097,369677.0,2026-04-26 07:59:59.999000+00:00,1
2026-04-26 08:00:00+00:00,0.04097,0.04162,0.04055,0.04115,253936.0,2026-04-26 11:59:59.999000+00:00,1
2026-04-26 12:00:00+00:00,0.04117,0.04124,0.04016,0.04072,481946.0,2026-04-26 15:59:59.999000+00:00,1
2026-04-26 16:00:00+00:00,0.04074,0.04131,0.0402,0.04087,459974.0,2026-04-26 19:59:59.999000+00:00,1
2026-04-26 20:00:00+00:00,0.04089,0.04186,0.04025,0.04121,723200.0,2026-04-26 23:59:59.999000+00:00,1
2026-04-27 00:00:00+00:00,0.04122,0.04326,0.04093,0.04275,849806.0,2026-04-27 03:59:59.999000+00:00,1
2026-04-27 04:00:00+00:00,0.0427,0.04293,0.03991,0.04013,1219228.0,2026-04-27 07:59:59.999000+00:00,1
2026-04-27 08:00:00+00:00,0.04013,0.04086,0.03936,0.03995,562817.0,2026-04-27 11:59:59.999000+00:00,1
2026-04-27 12:00:00+00:00,0.03996,0.0407,0.03853,0.03893,978548.0,2026-04-27 15:59:59.999000+00:00,1
2026-04-27 16:00:00+00:00,0.03892,0.03997,0.03879,0.03944,428877.0,2026-04-27 19:59:59.999000+00:00,1
2026-04-27 20:00:00+00:00,0.03945,0.04065,0.03934,0.04048,342804.0,2026-04-27 23:59:59.999000+00:00,1
2026-04-28 00:00:00+00:00,0.04047,0.04053,0.03956,0.03966,260060.0,2026-04-28 03:59:59.999000+00:00,1
2026-04-28 04:00:00+00:00,0.03968,0.04048,0.039,0.03963,366017.0,2026-04-28 07:59:59.999000+00:00,1
2026-04-28 08:00:00+00:00,0.03965,0.04008,0.03874,0.03913,401271.0,2026-04-28 11:59:59.999000+00:00,1
2026-04-28 12:00:00+00:00,0.03914,0.03951,0.03839,0.03929,381878.0,2026-04-28 15:59:59.999000+00:00,1
2026-04-28 16:00:00+00:00,0.0393,0.03994,0.03903,0.03974,263328.0,2026-04-28 19:59:59.999000+00:00,1
2026-04-28 20:00:00+00:00,0.03975,0.03988,0.03915,0.03939,213826.0,2026-04-28 23:59:59.999000+00:00,1
2026-04-29 00:00:00+00:00,0.03941,0.0398,0.03886,0.03973,226814.0,2026-04-29 03:59:59.999000+00:00,1
2026-04-29 04:00:00+00:00,0.03973,0.04027,0.03964,0.03985,369585.0,2026-04-29 07:59:59.999000+00:00,1
2026-04-29 08:00:00+00:00,0.03988,0.04255,0.0396,0.04125,1733707.0,2026-04-29 11:59:59.999000+00:00,1
2026-04-29 12:00:00+00:00,0.04123,0.04125,0.03811,0.03851,1195756.0,2026-04-29 15:59:59.999000+00:00,1
2026-04-29 16:00:00+00:00,0.03854,0.03877,0.03635,0.03744,993552.0,2026-04-29 19:59:59.999000+00:00,1
2026-04-29 20:00:00+00:00,0.03745,0.03851,0.03736,0.03816,410467.0,2026-04-29 23:59:59.999000+00:00,1
2026-04-30 00:00:00+00:00,0.03817,0.03883,0.03768,0.03788,461632.0,2026-04-30 03:59:59.999000+00:00,1
2026-04-30 04:00:00+00:00,0.03789,0.03796,0.03717,0.03793,351101.0,2026-04-30 07:59:59.999000+00:00,1
2026-04-30 08:00:00+00:00,0.03794,0.03823,0.03717,0.03755,424811.0,2026-04-30 11:59:59.999000+00:00,1
2026-04-30 12:00:00+00:00,0.03755,0.03806,0.03728,0.03784,252655.0,2026-04-30 15:59:59.999000+00:00,1
2026-04-30 16:00:00+00:00,0.03786,0.03818,0.03746,0.03791,241811.0,2026-04-30 19:59:59.999000+00:00,1
2026-04-30 20:00:00+00:00,0.0379,0.03802,0.03729,0.03787,159036.0,2026-04-30 23:59:59.999000+00:00,1
2026-05-01 00:00:00+00:00,0.03789,0.03876,0.03784,0.03838,240081.0,2026-05-01 03:59:59.999000+00:00,1
2026-05-01 04:00:00+00:00,0.03841,0.03867,0.03806,0.03831,321707.0,2026-05-01 07:59:59.999000+00:00,1
2026-05-01 08:00:00+00:00,0.03832,0.03905,0.03821,0.03862,300150.0,2026-05-01 11:59:59.999000+00:00,1
2026-05-01 12:00:00+00:00,0.03865,0.04016,0.03833,0.03987,932157.0,2026-05-01 15:59:59.999000+00:00,1
2026-05-01 16:00:00+00:00,0.03986,0.04013,0.03903,0.03918,313487.0,2026-05-01 19:59:59.999000+00:00,1
2026-05-01 20:00:00+00:00,0.03921,0.03967,0.03862,0.03909,265615.0,2026-05-01 23:59:59.999000+00:00,1
2026-05-02 00:00:00+00:00,0.03911,0.03938,0.03887,0.03913,135159.0,2026-05-02 03:59:59.999000+00:00,1
2026-05-02 04:00:00+00:00,0.03914,0.03918,0.0385,0.03888,177358.0,2026-05-02 07:59:59.999000+00:00,1
2026-05-02 08:00:00+00:00,0.03889,0.03919,0.03848,0.03862,210345.0,2026-05-02 11:59:59.999000+00:00,1
2026-05-02 12:00:00+00:00,0.03864,0.0412,0.03863,0.04096,925798.0,2026-05-02 15:59:59.999000+00:00,1
2026-05-02 16:00:00+00:00,0.04095,0.04151,0.04055,0.0408,351611.0,2026-05-02 19:59:59.999000+00:00,1
2026-05-02 20:00:00+00:00,0.04081,0.0412,0.0405,0.04101,254602.0,2026-05-02 23:59:59.999000+00:00,1
2026-05-03 00:00:00+00:00,0.04104,0.04108,0.0399,0.04028,359479.0,2026-05-03 03:59:59.999000+00:00,1
2026-05-03 04:00:00+00:00,0.04029,0.04093,0.04008,0.04043,248534.0,2026-05-03 07:59:59.999000+00:00,1
2026-05-03 08:00:00+00:00,0.04043,0.0407,0.03951,0.04021,363564.0,2026-05-03 11:59:59.999000+00:00,1
2026-05-03 12:00:00+00:00,0.04022,0.0407,0.03985,0.04002,372157.0,2026-05-03 15:59:59.999000+00:00,1
2026-05-03 16:00:00+00:00,0.04003,0.04172,0.03986,0.04133,472490.0,2026-05-03 19:59:59.999000+00:00,1
2026-05-03 20:00:00+00:00,0.04132,0.04305,0.0413,0.04177,850678.0,2026-05-03 23:59:59.999000+00:00,1
2026-05-04 00:00:00+00:00,0.0418,0.04477,0.04094,0.04425,1586135.0,2026-05-04 03:59:59.999000+00:00,1
2026-05-04 04:00:00+00:00,0.0443,0.04506,0.04361,0.04389,1069120.0,2026-05-04 07:59:59.999000+00:00,1
2026-05-04 08:00:00+00:00,0.0439,0.0449,0.04192,0.04247,1191825.0,2026-05-04 11:59:59.999000+00:00,1
2026-05-04 12:00:00+00:00,0.04247,0.04356,0.04212,0.0427,1197274.0,2026-05-04 15:59:59.999000+00:00,1
2026-05-04 16:00:00+00:00,0.0427,0.04358,0.04236,0.04313,483708.0,2026-05-04 19:59:59.999000+00:00,1
2026-05-04 20:00:00+00:00,0.04314,0.04354,0.0427,0.04302,335299.0,2026-05-04 23:59:59.999000+00:00,1
2026-05-05 00:00:00+00:00,0.04303,0.04376,0.04284,0.04305,325911.0,2026-05-05 03:59:59.999000+00:00,1
2026-05-05 04:00:00+00:00,0.04302,0.04334,0.04274,0.04316,575685.0,2026-05-05 07:59:59.999000+00:00,1
2026-05-05 08:00:00+00:00,0.04316,0.04379,0.04293,0.04374,335545.0,2026-05-05 11:59:59.999000+00:00,1
2026-05-05 12:00:00+00:00,0.04376,0.04475,0.04353,0.04376,636042.0,2026-05-05 15:59:59.999000+00:00,1
2026-05-05 16:00:00+00:00,0.04379,0.04439,0.04328,0.04419,412103.0,2026-05-05 19:59:59.999000+00:00,1
2026-05-05 20:00:00+00:00,0.04418,0.04545,0.04187,0.04231,1158743.0,2026-05-05 23:59:59.999000+00:00,1
2026-05-06 00:00:00+00:00,0.04231,0.04392,0.04204,0.04355,588271.0,2026-05-06 03:59:59.999000+00:00,1
2026-05-06 04:00:00+00:00,0.04359,0.04481,0.04291,0.04403,753724.0,2026-05-06 07:59:59.999000+00:00,1
2026-05-06 08:00:00+00:00,0.04402,0.04809,0.04395,0.04715,1904389.0,2026-05-06 11:59:59.999000+00:00,1
2026-05-06 12:00:00+00:00,0.04717,0.04725,0.0448,0.04572,1144486.0,2026-05-06 15:59:59.999000+00:00,1
2026-05-06 16:00:00+00:00,0.04573,0.04675,0.04523,0.04671,836701.0,2026-05-06 19:59:59.999000+00:00,1
2026-05-06 20:00:00+00:00,0.04669,0.0511,0.04669,0.04868,2312301.0,2026-05-06 23:59:59.999000+00:00,1
2026-05-07 00:00:00+00:00,0.04871,0.04896,0.04618,0.04631,1119891.0,2026-05-07 03:59:59.999000+00:00,1
2026-05-07 04:00:00+00:00,0.04636,0.05134,0.04628,0.0501,3011913.0,2026-05-07 07:59:59.999000+00:00,1
2026-05-07 08:00:00+00:00,0.05012,0.05013,0.04846,0.04963,1304620.0,2026-05-07 11:59:59.999000+00:00,1
2026-05-07 12:00:00+00:00,0.04963,0.053,0.04955,0.05062,3213471.0,2026-05-07 15:59:59.999000+00:00,1
2026-05-07 16:00:00+00:00,0.0506,0.05182,0.04985,0.05046,1306770.0,2026-05-07 19:59:59.999000+00:00,1
2026-05-07 20:00:00+00:00,0.0505,0.05099,0.04869,0.05076,956815.0,2026-05-07 23:59:59.999000+00:00,1
2026-05-08 00:00:00+00:00,0.05076,0.05214,0.04965,0.05191,940299.0,2026-05-08 03:59:59.999000+00:00,1
2026-05-08 04:00:00+00:00,0.05189,0.054,0.05047,0.05356,1250845.0,2026-05-08 07:59:59.999000+00:00,1
2026-05-08 08:00:00+00:00,0.05358,0.05411,0.05102,0.05128,1584725.0,2026-05-08 11:59:59.999000+00:00,1
2026-05-08 12:00:00+00:00,0.05129,0.05222,0.05046,0.05167,1027362.0,2026-05-08 15:59:59.999000+00:00,1
2026-05-08 16:00:00+00:00,0.0517,0.05398,0.05094,0.05311,1194578.0,2026-05-08 19:59:59.999000+00:00,1
2026-05-08 20:00:00+00:00,0.05314,0.05357,0.05231,0.05255,406861.0,2026-05-08 23:59:59.999000+00:00,1
2026-05-09 00:00:00+00:00,0.05257,0.05355,0.05189,0.05243,557126.0,2026-05-09 03:59:59.999000+00:00,1
2026-05-09 04:00:00+00:00,0.05239,0.05286,0.05098,0.05133,668586.0,2026-05-09 07:59:59.999000+00:00,1
2026-05-09 08:00:00+00:00,0.05133,0.05215,0.05075,0.05122,447151.0,2026-05-09 11:59:59.999000+00:00,1
2026-05-09 12:00:00+00:00,0.05119,0.05168,0.05047,0.05062,412182.0,2026-05-09 15:59:59.999000+00:00,1
2026-05-09 16:00:00+00:00,0.05063,0.05198,0.05013,0.05161,433037.0,2026-05-09 19:59:59.999000+00:00,1
2026-05-09 20:00:00+00:00,0.05164,0.05168,0.05069,0.05095,239428.0,2026-05-09 23:59:59.999000+00:00,1
2026-05-10 00:00:00+00:00,0.05097,0.05104,0.04973,0.04991,425906.0,2026-05-10 03:59:59.999000+00:00,1
2026-05-10 04:00:00+00:00,0.04992,0.05058,0.04971,0.05038,281455.0,2026-05-10 07:59:59.999000+00:00,1
2026-05-10 08:00:00+00:00,0.05037,0.05212,0.05032,0.05115,480198.0,2026-05-10 11:59:59.999000+00:00,1
2026-05-10 12:00:00+00:00,0.05115,0.05438,0.05074,0.05382,983898.0,2026-05-10 15:59:59.999000+00:00,1
2026-05-10 16:00:00+00:00,0.05381,0.0598,0.05328,0.05789,4712507.0,2026-05-10 19:59:59.999000+00:00,1
2026-05-10 20:00:00+00:00,0.0579,0.05869,0.0545,0.05692,2013732.0,2026-05-10 23:59:59.999000+00:00,1
2026-05-11 00:00:00+00:00,0.05691,0.05772,0.05383,0.05476,1284809.0,2026-05-11 03:59:59.999000+00:00,1
2026-05-11 04:00:00+00:00,0.05476,0.0565,0.0541,0.05641,836341.0,2026-05-11 07:59:59.999000+00:00,1
2026-05-11 08:00:00+00:00,0.05641,0.05751,0.05518,0.05583,1219661.0,2026-05-11 11:59:59.999000+00:00,1
2026-05-11 12:00:00+00:00,0.05585,0.05911,0.05464,0.05904,1795576.0,2026-05-11 15:59:59.999000+00:00,1
2026-05-11 16:00:00+00:00,0.05904,0.07078,0.05889,0.06754,23699621.0,2026-05-11 19:59:59.999000+00:00,1
2026-05-11 20:00:00+00:00,0.06755,0.0714,0.06685,0.06849,11312742.0,2026-05-11 23:59:59.999000+00:00,1
2026-05-12 00:00:00+00:00,0.0685,0.07398,0.0679,0.07282,21147962.0,2026-05-12 03:59:59.999000+00:00,1
2026-05-12 04:00:00+00:00,0.07284,0.07888,0.07079,0.07736,27833963.0,2026-05-12 07:59:59.999000+00:00,1
2026-05-12 08:00:00+00:00,0.07736,0.08395,0.07415,0.07891,47787316.0,2026-05-12 11:59:59.999000+00:00,1
2026-05-12 12:00:00+00:00,0.0789,0.08646,0.07502,0.07958,63293259.0,2026-05-12 15:59:59.999000+00:00,1
2026-05-12 16:00:00+00:00,0.07957,0.08099,0.07523,0.0772,20001267.0,2026-05-12 19:59:59.999000+00:00,1
2026-05-12 20:00:00+00:00,0.07721,0.08039,0.07621,0.0792,5133942.0,2026-05-12 23:59:59.999000+00:00,1
2026-05-13 00:00:00+00:00,0.0792,0.08218,0.0772,0.07923,11506296.0,2026-05-13 03:59:59.999000+00:00,1
2026-05-13 04:00:00+00:00,0.07922,0.07946,0.06755,0.06859,14809241.0,2026-05-13 07:59:59.999000+00:00,1
2026-05-13 08:00:00+00:00,0.06858,0.07172,0.06653,0.06983,10719314.0,2026-05-13 11:59:59.999000+00:00,1
2026-05-13 12:00:00+00:00,0.06983,0.07072,0.06067,0.061,12322076.0,2026-05-13 15:59:59.999000+00:00,1
2026-05-13 16:00:00+00:00,0.06104,0.06415,0.06103,0.06311,6020908.0,2026-05-13 19:59:59.999000+00:00,1
2026-05-13 20:00:00+00:00,0.06312,0.06477,0.06219,0.06276,2227214.0,2026-05-13 23:59:59.999000+00:00,1
2026-05-14 00:00:00+00:00,0.06277,0.0683,0.06254,0.06409,8979509.0,2026-05-14 03:59:59.999000+00:00,1
2026-05-14 04:00:00+00:00,0.06408,0.06802,0.06369,0.06711,6977750.0,2026-05-14 07:59:59.999000+00:00,1
2026-05-14 08:00:00+00:00,0.06713,0.0674,0.06363,0.06384,4816123.0,2026-05-14 11:59:59.999000+00:00,1
2026-05-14 12:00:00+00:00,0.06385,0.0716,0.06279,0.06905,6229964.0,2026-05-14 15:59:59.999000+00:00,1
2026-05-14 16:00:00+00:00,0.06905,0.07127,0.06656,0.06911,3780313.0,2026-05-14 19:59:59.999000+00:00,1
2026-05-14 20:00:00+00:00,0.06913,0.07042,0.0676,0.06775,1636174.0,2026-05-14 23:59:59.999000+00:00,1
2026-05-15 00:00:00+00:00,0.06776,0.07007,0.06733,0.06844,2080772.0,2026-05-15 03:59:59.999000+00:00,1
2026-05-15 04:00:00+00:00,0.06844,0.06856,0.06383,0.06491,3044379.0,2026-05-15 07:59:59.999000+00:00,1
2026-05-15 08:00:00+00:00,0.06491,0.06643,0.06332,0.06511,1941343.0,2026-05-15 11:59:59.999000+00:00,1
2026-05-15 12:00:00+00:00,0.06512,0.06524,0.05991,0.06083,4186711.0,2026-05-15 15:59:59.999000+00:00,1
2026-05-15 16:00:00+00:00,0.06084,0.0624,0.0608,0.0613,1353485.0,2026-05-15 19:59:59.999000+00:00,1
2026-05-15 20:00:00+00:00,0.06129,0.06192,0.06059,0.06091,597086.0,2026-05-15 23:59:59.999000+00:00,1
2026-05-16 00:00:00+00:00,0.06091,0.06138,0.06007,0.06019,762143.0,2026-05-16 03:59:59.999000+00:00,1
2026-05-16 04:00:00+00:00,0.0602,0.06037,0.05651,0.05727,1918172.0,2026-05-16 07:59:59.999000+00:00,1
2026-05-16 08:00:00+00:00,0.05728,0.05811,0.05618,0.05706,1340519.0,2026-05-16 11:59:59.999000+00:00,1
2026-05-16 12:00:00+00:00,0.05707,0.05771,0.0564,0.05718,1131135.0,2026-05-16 15:59:59.999000+00:00,1
2026-05-16 16:00:00+00:00,0.05718,0.0584,0.0571,0.05771,749756.0,2026-05-16 19:59:59.999000+00:00,1
2026-05-16 20:00:00+00:00,0.05772,0.05818,0.05634,0.05666,485417.0,2026-05-16 23:59:59.999000+00:00,1
2026-05-17 00:00:00+00:00,0.05669,0.05904,0.05612,0.05858,1015468.0,2026-05-17 03:59:59.999000+00:00,1
2026-05-17 04:00:00+00:00,0.05859,0.06076,0.05845,0.05987,1675048.0,2026-05-17 07:59:59.999000+00:00,1
2026-05-17 08:00:00+00:00,0.05987,0.06151,0.05937,0.05954,1751784.0,2026-05-17 11:59:59.999000+00:00,1
2026-05-17 12:00:00+00:00,0.05953,0.06049,0.05843,0.05901,1452163.0,2026-05-17 15:59:59.999000+00:00,1
2026-05-17 16:00:00+00:00,0.05901,0.05996,0.05815,0.05964,845939.0,2026-05-17 19:59:59.999000+00:00,1
2026-05-17 20:00:00+00:00,0.05964,0.06034,0.05369,0.0557,2872245.0,2026-05-17 23:59:59.999000+00:00,1
2026-05-18 00:00:00+00:00,0.05569,0.05706,0.055,0.05614,1572479.0,2026-05-18 03:59:59.999000+00:00,1
2026-05-18 04:00:00+00:00,0.05612,0.05736,0.05593,0.05661,837100.0,2026-05-18 07:59:59.999000+00:00,1
2026-05-18 08:00:00+00:00,0.05662,0.05772,0.05585,0.05732,562125.0,2026-05-18 11:59:59.999000+00:00,1
2026-05-18 12:00:00+00:00,0.05734,0.05808,0.05586,0.0571,1248446.0,2026-05-18 15:59:59.999000+00:00,1
2026-05-18 16:00:00+00:00,0.05707,0.05882,0.05604,0.05793,1441188.0,2026-05-18 19:59:59.999000+00:00,1
2026-05-18 20:00:00+00:00,0.05795,0.06223,0.05755,0.06062,3040586.0,2026-05-18 23:59:59.999000+00:00,1
2026-05-19 00:00:00+00:00,0.06061,0.06137,0.05909,0.05959,972206.0,2026-05-19 03:59:59.999000+00:00,1
2026-05-19 04:00:00+00:00,0.05959,0.06108,0.05866,0.0608,1285130.0,2026-05-19 07:59:59.999000+00:00,1
2026-05-19 08:00:00+00:00,0.06081,0.06094,0.05768,0.05774,1192862.0,2026-05-19 11:59:59.999000+00:00,1
2026-05-19 12:00:00+00:00,0.05774,0.0591,0.05651,0.05735,1212856.0,2026-05-19 15:59:59.999000+00:00,1
2026-05-19 16:00:00+00:00,0.05736,0.06094,0.05712,0.06054,1280968.0,2026-05-19 19:59:59.999000+00:00,1
2026-05-19 20:00:00+00:00,0.06055,0.06198,0.0586,0.05909,1390779.0,2026-05-19 23:59:59.999000+00:00,1
2026-05-20 00:00:00+00:00,0.05909,0.06002,0.05822,0.05949,911880.0,2026-05-20 03:59:59.999000+00:00,1
2026-05-20 04:00:00+00:00,0.05953,0.06308,0.05871,0.06201,1368789.0,2026-05-20 07:59:59.999000+00:00,1
2026-05-20 08:00:00+00:00,0.06201,0.06404,0.06164,0.06303,2453531.0,2026-05-20 11:59:59.999000+00:00,1
2026-05-20 12:00:00+00:00,0.06302,0.06705,0.06169,0.06596,5001034.0,2026-05-20 15:59:59.999000+00:00,1
2026-05-20 16:00:00+00:00,0.06596,0.06756,0.0649,0.06535,1957682.0,2026-05-20 19:59:59.999000+00:00,1
2026-05-20 20:00:00+00:00,0.06536,0.06566,0.06373,0.06559,869066.0,2026-05-20 23:59:59.999000+00:00,1
2026-05-21 00:00:00+00:00,0.06559,0.07379,0.06539,0.07257,3666558.0,2026-05-21 03:59:59.999000+00:00,1
2026-05-21 04:00:00+00:00,0.07256,0.08113,0.07196,0.07908,14283684.0,2026-05-21 07:59:59.999000+00:00,1
2026-05-21 08:00:00+00:00,0.07907,0.08142,0.07751,0.08034,8558154.0,2026-05-21 11:59:59.999000+00:00,1
2026-05-21 12:00:00+00:00,0.08036,0.08294,0.07273,0.07469,11614608.0,2026-05-21 15:59:59.999000+00:00,1
2026-05-21 16:00:00+00:00,0.07469,0.07743,0.07288,0.07632,3002411.0,2026-05-21 19:59:59.999000+00:00,1
2026-05-21 20:00:00+00:00,0.07634,0.07735,0.07533,0.07603,1430307.0,2026-05-21 23:59:59.999000+00:00,1
2026-05-22 00:00:00+00:00,0.07599,0.077,0.07432,0.07553,2001668.0,2026-05-22 03:59:59.999000+00:00,1
2026-05-22 04:00:00+00:00,0.07555,0.07669,0.07404,0.07551,1392648.0,2026-05-22 07:59:59.999000+00:00,1
2026-05-22 08:00:00+00:00,0.07551,0.07776,0.07472,0.07629,1824007.0,2026-05-22 11:59:59.999000+00:00,1
2026-05-22 12:00:00+00:00,0.07626,0.07695,0.07018,0.0704,3142976.0,2026-05-22 15:59:59.999000+00:00,1
2026-05-22 16:00:00+00:00,0.07041,0.07343,0.06633,0.06729,4809126.0,2026-05-22 19:59:59.999000+00:00,1
2026-05-22 20:00:00+00:00,0.06729,0.07156,0.06641,0.06788,2145031.0,2026-05-22 23:59:59.999000+00:00,1
2026-05-23 00:00:00+00:00,0.06789,0.06904,0.06655,0.06848,1063494.0,2026-05-23 03:59:59.999000+00:00,1
2026-05-23 04:00:00+00:00,0.06852,0.07043,0.06328,0.06439,1755836.0,2026-05-23 07:59:59.999000+00:00,1
2026-05-23 08:00:00+00:00,0.06442,0.07181,0.06401,0.06999,1629605.0,2026-05-23 11:59:59.999000+00:00,1
2026-05-23 12:00:00+00:00,0.07002,0.0737,0.06877,0.07234,2617129.0,2026-05-23 15:59:59.999000+00:00,1
2026-05-23 16:00:00+00:00,0.07235,0.07711,0.0701,0.07614,2820582.0,2026-05-23 19:59:59.999000+00:00,1
2026-05-23 20:00:00+00:00,0.07609,0.07949,0.07536,0.07664,2244100.0,2026-05-23 23:59:59.999000+00:00,1
2026-05-24 00:00:00+00:00,0.07664,0.07845,0.07482,0.07495,1282136.0,2026-05-24 03:59:59.999000+00:00,1
2026-05-24 04:00:00+00:00,0.07495,0.07709,0.07484,0.07508,880119.0,2026-05-24 07:59:59.999000+00:00,1
2026-05-24 08:00:00+00:00,0.07508,0.07625,0.07402,0.07607,875244.0,2026-05-24 11:59:59.999000+00:00,1
2026-05-24 12:00:00+00:00,0.07608,0.07663,0.07243,0.07656,1378890.0,2026-05-24 15:59:59.999000+00:00,1
2026-05-24 16:00:00+00:00,0.07657,0.07668,0.07308,0.07498,1095481.0,2026-05-24 19:59:59.999000+00:00,1
2026-05-24 20:00:00+00:00,0.07499,0.07506,0.07185,0.07386,995914.0,2026-05-24 23:59:59.999000+00:00,1
2026-05-25 00:00:00+00:00,0.07386,0.07531,0.07325,0.07416,805605.0,2026-05-25 03:59:59.999000+00:00,1
2026-05-25 04:00:00+00:00,0.07418,0.08021,0.07367,0.07961,2959543.0,2026-05-25 07:59:59.999000+00:00,1
2026-05-25 08:00:00+00:00,0.07961,0.08475,0.07824,0.08353,3846855.0,2026-05-25 11:59:59.999000+00:00,1
2026-05-25 12:00:00+00:00,0.08349,0.08926,0.08316,0.08647,8165363.0,2026-05-25 15:59:59.999000+00:00,1
2026-05-25 16:00:00+00:00,0.08642,0.0879,0.08325,0.08337,2933823.0,2026-05-25 19:59:59.999000+00:00,1
2026-05-25 20:00:00+00:00,0.08338,0.08378,0.08052,0.08207,1758625.0,2026-05-25 23:59:59.999000+00:00,1
2026-05-26 00:00:00+00:00,0.08207,0.08253,0.07963,0.08074,1686485.0,2026-05-26 03:59:59.999000+00:00,1
2026-05-26 04:00:00+00:00,0.08073,0.08155,0.07664,0.07769,2120263.0,2026-05-26 07:59:59.999000+00:00,1
2026-05-26 08:00:00+00:00,0.0777,0.07829,0.07506,0.07574,1623447.0,2026-05-26 11:59:59.999000+00:00,1
2026-05-26 12:00:00+00:00,0.07575,0.07713,0.07315,0.07409,2719510.0,2026-05-26 15:59:59.999000+00:00,1
2026-05-26 16:00:00+00:00,0.07408,0.07876,0.07251,0.07832,2687939.0,2026-05-26 19:59:59.999000+00:00,1
2026-05-26 20:00:00+00:00,0.07834,0.07861,0.07496,0.07591,838325.0,2026-05-26 23:59:59.999000+00:00,1
2026-05-27 00:00:00+00:00,0.07592,0.0773,0.07424,0.07563,1076959.0,2026-05-27 03:59:59.999000+00:00,1
2026-05-27 04:00:00+00:00,0.07562,0.07746,0.07422,0.07737,843655.0,2026-05-27 07:59:59.999000+00:00,1
2026-05-27 08:00:00+00:00,0.07733,0.07781,0.07345,0.07348,1193663.0,2026-05-27 11:59:59.999000+00:00,1
2026-05-27 12:00:00+00:00,0.07349,0.07612,0.07288,0.07568,1015071.0,2026-05-27 15:59:59.999000+00:00,1
2026-05-27 16:00:00+00:00,0.07572,0.07639,0.07291,0.07431,525668.0,2026-05-27 19:59:59.999000+00:00,1
2026-05-27 20:00:00+00:00,0.07431,0.07522,0.07027,0.07089,1113382.0,2026-05-27 23:59:59.999000+00:00,1
2026-05-28 00:00:00+00:00,0.07086,0.07166,0.06679,0.06709,1823702.0,2026-05-28 03:59:59.999000+00:00,1
2026-05-28 04:00:00+00:00,0.06708,0.06858,0.06518,0.06858,1765879.0,2026-05-28 07:59:59.999000+00:00,1
2026-05-28 08:00:00+00:00,0.06858,0.0696,0.06734,0.06779,857325.0,2026-05-28 11:59:59.999000+00:00,1
2026-05-28 12:00:00+00:00,0.0678,0.06894,0.06578,0.06702,1219182.0,2026-05-28 15:59:59.999000+00:00,1
2026-05-28 16:00:00+00:00,0.06701,0.0708,0.06642,0.06916,1079053.0,2026-05-28 19:59:59.999000+00:00,1
2026-05-28 20:00:00+00:00,0.06919,0.07034,0.06836,0.06886,547974.0,2026-05-28 23:59:59.999000+00:00,1
2026-05-29 00:00:00+00:00,0.06887,0.07027,0.06752,0.06782,977983.0,2026-05-29 03:59:59.999000+00:00,1
2026-05-29 04:00:00+00:00,0.06782,0.06935,0.06716,0.06873,728738.0,2026-05-29 07:59:59.999000+00:00,1
2026-05-29 08:00:00+00:00,0.06871,0.07022,0.06726,0.06763,936722.0,2026-05-29 11:59:59.999000+00:00,1
2026-05-29 12:00:00+00:00,0.06762,0.07236,0.06457,0.0705,2435525.0,2026-05-29 15:59:59.999000+00:00,1
2026-05-29 16:00:00+00:00,0.07051,0.07245,0.06908,0.0701,1515551.0,2026-05-29 19:59:59.999000+00:00,1
2026-05-29 20:00:00+00:00,0.07011,0.07097,0.06872,0.06993,565426.0,2026-05-29 23:59:59.999000+00:00,1
2026-05-30 00:00:00+00:00,0.06994,0.0704,0.0686,0.0686,441920.0,2026-05-30 03:59:59.999000+00:00,1
2026-05-30 04:00:00+00:00,0.06859,0.07137,0.06773,0.0706,651144.0,2026-05-30 07:59:59.999000+00:00,1
2026-05-30 08:00:00+00:00,0.07061,0.075,0.07021,0.07397,1411873.0,2026-05-30 11:59:59.999000+00:00,1
2026-05-30 12:00:00+00:00,0.07398,0.07636,0.07186,0.07316,2111581.0,2026-05-30 15:59:59.999000+00:00,1
2026-05-30 16:00:00+00:00,0.07316,0.07408,0.07241,0.07274,615741.0,2026-05-30 19:59:59.999000+00:00,1
2026-05-30 20:00:00+00:00,0.07276,0.07413,0.07148,0.07226,489903.0,2026-05-30 23:59:59.999000+00:00,1
2026-05-31 00:00:00+00:00,0.07223,0.07439,0.07164,0.07353,514024.0,2026-05-31 03:59:59.999000+00:00,1
2026-05-31 04:00:00+00:00,0.07354,0.0749,0.07132,0.07175,627416.0,2026-05-31 07:59:59.999000+00:00,1
2026-05-31 08:00:00+00:00,0.07174,0.07218,0.06962,0.06996,646519.0,2026-05-31 11:59:59.999000+00:00,1
2026-05-31 12:00:00+00:00,0.07006,0.07143,0.06887,0.06908,751275.0,2026-05-31 15:59:59.999000+00:00,1
2026-05-31 16:00:00+00:00,0.0691,0.06967,0.06783,0.06942,656558.0,2026-05-31 19:59:59.999000+00:00,1
2026-05-31 20:00:00+00:00,0.06944,0.0721,0.06936,0.07145,520103.0,2026-05-31 23:59:59.999000+00:00,1
2026-06-01 00:00:00+00:00,0.07145,0.07855,0.07113,0.0778,1696069.0,2026-06-01 03:59:59.999000+00:00,1
2026-06-01 04:00:00+00:00,0.0778,0.07936,0.07372,0.07744,2288556.0,2026-06-01 07:59:59.999000+00:00,1
2026-06-01 08:00:00+00:00,0.07746,0.07867,0.07512,0.07599,1844346.0,2026-06-01 11:59:59.999000+00:00,1
2026-06-01 12:00:00+00:00,0.076,0.07684,0.07345,0.07478,1674210.0,2026-06-01 15:59:59.999000+00:00,1
2026-06-01 16:00:00+00:00,0.07476,0.08031,0.07325,0.07956,1485453.0,2026-06-01 19:59:59.999000+00:00,1
2026-06-01 20:00:00+00:00,0.07958,0.08293,0.07863,0.08152,1938685.0,2026-06-01 23:59:59.999000+00:00,1
2026-06-02 00:00:00+00:00,0.08158,0.0835,0.07825,0.08259,1761322.0,2026-06-02 03:59:59.999000+00:00,1
2026-06-02 04:00:00+00:00,0.08264,0.08775,0.08043,0.08704,4579994.0,2026-06-02 07:59:59.999000+00:00,1
2026-06-02 08:00:00+00:00,0.08706,0.09639,0.08702,0.09511,8947900.0,2026-06-02 11:59:59.999000+00:00,1
2026-06-02 12:00:00+00:00,0.0951,0.10195,0.09202,0.09422,21379591.0,2026-06-02 15:59:59.999000+00:00,1
2026-06-02 16:00:00+00:00,0.09422,0.10143,0.09052,0.09418,10782611.0,2026-06-02 19:59:59.999000+00:00,1
2026-06-02 20:00:00+00:00,0.09418,0.09967,0.0914,0.09391,3623495.0,2026-06-02 23:59:59.999000+00:00,1
2026-06-03 00:00:00+00:00,0.09392,0.09777,0.09321,0.09395,2862941.0,2026-06-03 03:59:59.999000+00:00,1
2026-06-03 04:00:00+00:00,0.09391,0.10537,0.09388,0.10007,5852786.0,2026-06-03 07:59:59.999000+00:00,1
2026-06-03 08:00:00+00:00,0.10006,0.10031,0.0942,0.09748,3715147.0,2026-06-03 11:59:59.999000+00:00,1
2026-06-03 12:00:00+00:00,0.09744,0.11058,0.09728,0.10146,4448620.0,2026-06-03 15:59:59.999000+00:00,1
2026-06-03 16:00:00+00:00,0.10143,0.10545,0.09968,0.1005,2215608.0,2026-06-03 19:59:59.999000+00:00,1
2026-06-03 20:00:00+00:00,0.10044,0.10155,0.09252,0.09908,3193041.0,2026-06-03 23:59:59.999000+00:00,1
2026-06-04 00:00:00+00:00,0.09902,0.1011,0.09039,0.09652,3851369.0,2026-06-04 03:59:59.999000+00:00,1
2026-06-04 04:00:00+00:00,0.09654,0.09785,0.08359,0.08378,4029961.0,2026-06-04 07:59:59.999000+00:00,1
2026-06-04 08:00:00+00:00,0.08378,0.08386,0.07658,0.07778,4580758.0,2026-06-04 11:59:59.999000+00:00,1
2026-06-04 12:00:00+00:00,0.07778,0.08311,0.07628,0.0824,4825515.0,2026-06-04 15:59:59.999000+00:00,1
2026-06-04 16:00:00+00:00,0.0824,0.08497,0.07914,0.07979,2610979.0,2026-06-04 19:59:59.999000+00:00,1
2026-06-04 20:00:00+00:00,0.07978,0.08117,0.07529,0.0775,1704599.0,2026-06-04 23:59:59.999000+00:00,1
2026-06-05 00:00:00+00:00,0.07747,0.08134,0.07457,0.07748,2586895.0,2026-06-05 03:59:59.999000+00:00,1
2026-06-05 04:00:00+00:00,0.07749,0.08008,0.06822,0.0712,4032599.0,2026-06-05 07:59:59.999000+00:00,1
2026-06-05 08:00:00+00:00,0.07114,0.07224,0.06856,0.06975,2165731.0,2026-06-05 11:59:59.999000+00:00,1
2026-06-05 12:00:00+00:00,0.06974,0.07568,0.06548,0.06693,4668574.0,2026-06-05 15:59:59.999000+00:00,1
2026-06-05 16:00:00+00:00,0.06692,0.06986,0.06318,0.06682,3089822.0,2026-06-05 19:59:59.999000+00:00,1
2026-06-05 20:00:00+00:00,0.06677,0.0705,0.06558,0.06838,1488815.0,2026-06-05 23:59:59.999000+00:00,1
2026-06-06 00:00:00+00:00,0.06837,0.06973,0.06597,0.06607,919353.0,2026-06-06 03:59:59.999000+00:00,1
2026-06-06 04:00:00+00:00,0.06608,0.06925,0.06186,0.06883,2449775.0,2026-06-06 07:59:59.999000+00:00,1
2026-06-06 08:00:00+00:00,0.0688,0.06932,0.06472,0.06595,1327087.0,2026-06-06 11:59:59.999000+00:00,1
2026-06-06 12:00:00+00:00,0.06596,0.06731,0.06364,0.06418,1110616.0,2026-06-06 15:59:59.999000+00:00,1
2026-06-06 16:00:00+00:00,0.06417,0.06459,0.06221,0.06309,1254271.0,2026-06-06 19:59:59.999000+00:00,1
2026-06-06 20:00:00+00:00,0.06306,0.06546,0.06232,0.06475,1195772.0,2026-06-06 23:59:59.999000+00:00,1
2026-06-07 00:00:00+00:00,0.06475,0.0686,0.06461,0.06613,2641184.0,2026-06-07 03:59:59.999000+00:00,1
2026-06-07 04:00:00+00:00,0.06612,0.06753,0.0653,0.06564,2358585.0,2026-06-07 07:59:59.999000+00:00,1
2026-06-07 08:00:00+00:00,0.06562,0.06876,0.06506,0.06844,2138206.0,2026-06-07 11:59:59.999000+00:00,1
2026-06-07 12:00:00+00:00,0.06844,0.06862,0.0646,0.06644,1413982.0,2026-06-07 15:59:59.999000+00:00,1
2026-06-07 16:00:00+00:00,0.06641,0.06822,0.06333,0.06425,1491611.0,2026-06-07 19:59:59.999000+00:00,1
2026-06-07 20:00:00+00:00,0.06424,0.06971,0.06369,0.06706,2170839.0,2026-06-07 23:59:59.999000+00:00,1
2026-06-08 00:00:00+00:00,0.06704,0.06876,0.06572,0.06649,1163687.0,2026-06-08 03:59:59.999000+00:00,1
2026-06-08 04:00:00+00:00,0.06649,0.06816,0.06423,0.06778,969367.0,2026-06-08 07:59:59.999000+00:00,1
2026-06-08 08:00:00+00:00,0.06777,0.07371,0.06685,0.07335,3558782.0,2026-06-08 11:59:59.999000+00:00,1
2026-06-08 12:00:00+00:00,0.07335,0.07759,0.07144,0.07233,4510564.0,2026-06-08 15:59:59.999000+00:00,1
2026-06-08 16:00:00+00:00,0.07233,0.07446,0.07066,0.07124,1734801.0,2026-06-08 19:59:59.999000+00:00,1
2026-06-08 20:00:00+00:00,0.07126,0.07163,0.06817,0.0688,1260262.0,2026-06-08 23:59:59.999000+00:00,1
2026-06-09 00:00:00+00:00,0.06878,0.06946,0.06493,0.06554,1386550.0,2026-06-09 03:59:59.999000+00:00,1
2026-06-09 04:00:00+00:00,0.0656,0.06957,0.065,0.0694,1137458.0,2026-06-09 07:59:59.999000+00:00,1
2026-06-09 08:00:00+00:00,0.06941,0.06949,0.06706,0.06822,877116.0,2026-06-09 11:59:59.999000+00:00,1
2026-06-09 12:00:00+00:00,0.06821,0.0695,0.0656,0.06581,1866917.0,2026-06-09 15:59:59.999000+00:00,1
2026-06-09 16:00:00+00:00,0.06581,0.06717,0.06413,0.06688,1938127.0,2026-06-09 19:59:59.999000+00:00,1
2026-06-09 20:00:00+00:00,0.0669,0.06812,0.06569,0.06607,845061.0,2026-06-09 23:59:59.999000+00:00,1
2026-06-10 00:00:00+00:00,0.0661,0.067,0.0637,0.0638,930479.0,2026-06-10 03:59:59.999000+00:00,1
2026-06-10 04:00:00+00:00,0.06378,0.06389,0.05987,0.06048,1738741.0,2026-06-10 07:59:59.999000+00:00,1
2026-06-10 08:00:00+00:00,0.06049,0.06056,0.0562,0.05636,2855297.0,2026-06-10 11:59:59.999000+00:00,1
2026-06-10 12:00:00+00:00,0.05634,0.061,0.05621,0.05984,2653135.0,2026-06-10 15:59:59.999000+00:00,1
2026-06-10 16:00:00+00:00,0.05988,0.06036,0.05731,0.05827,1439228.0,2026-06-10 19:59:59.999000+00:00,1
2026-06-10 20:00:00+00:00,0.05824,0.05963,0.05555,0.05712,1319369.0,2026-06-10 23:59:59.999000+00:00,1
2026-06-11 00:00:00+00:00,0.05712,0.06392,0.05707,0.0635,1581640.0,2026-06-11 03:59:59.999000+00:00,1
2026-06-11 04:00:00+00:00,0.0635,0.0653,0.0625,0.06333,1945237.0,2026-06-11 07:59:59.999000+00:00,1
2026-06-11 08:00:00+00:00,0.06336,0.06385,0.06221,0.06319,1154435.0,2026-06-11 11:59:59.999000+00:00,1
2026-06-11 12:00:00+00:00,0.0632,0.06337,0.06067,0.0616,1305974.0,2026-06-11 15:59:59.999000+00:00,1
2026-06-11 16:00:00+00:00,0.06159,0.06402,0.06012,0.06216,1441764.0,2026-06-11 19:59:59.999000+00:00,1
2026-06-11 20:00:00+00:00,0.06216,0.06412,0.06186,0.06326,551446.0,2026-06-11 23:59:59.999000+00:00,1
2026-06-12 00:00:00+00:00,0.06327,0.06381,0.06101,0.06211,601399.0,2026-06-12 03:59:59.999000+00:00,1
2026-06-12 04:00:00+00:00,0.06212,0.06235,0.0586,0.05953,1448710.0,2026-06-12 07:59:59.999000+00:00,1
2026-06-12 08:00:00+00:00,0.05955,0.06302,0.05952,0.06231,1394396.0,2026-06-12 11:59:59.999000+00:00,1
2026-06-12 12:00:00+00:00,0.06233,0.06612,0.06036,0.06443,1699216.0,2026-06-12 15:59:59.999000+00:00,1
2026-06-12 16:00:00+00:00,0.06442,0.06568,0.06282,0.06364,724865.0,2026-06-12 19:59:59.999000+00:00,1
2026-06-12 20:00:00+00:00,0.06365,0.06597,0.06324,0.06548,463320.0,2026-06-12 23:59:59.999000+00:00,1
2026-06-13 00:00:00+00:00,0.0655,0.06814,0.06493,0.06684,901007.0,2026-06-13 03:59:59.999000+00:00,1
2026-06-13 04:00:00+00:00,0.06684,0.06842,0.06431,0.0684,1075611.0,2026-06-13 07:59:59.999000+00:00,1
2026-06-13 08:00:00+00:00,0.06837,0.06984,0.06743,0.06796,1647276.0,2026-06-13 11:59:59.999000+00:00,1
2026-06-13 12:00:00+00:00,0.06797,0.06846,0.06602,0.06619,855532.0,2026-06-13 15:59:59.999000+00:00,1
2026-06-13 16:00:00+00:00,0.06619,0.06895,0.06508,0.0681,962734.0,2026-06-13 19:59:59.999000+00:00,1
2026-06-13 20:00:00+00:00,0.06808,0.07028,0.06751,0.06811,862694.0,2026-06-13 23:59:59.999000+00:00,1
2026-06-14 00:00:00+00:00,0.06811,0.06859,0.06673,0.06854,689616.0,2026-06-14 03:59:59.999000+00:00,1
2026-06-14 04:00:00+00:00,0.06858,0.0687,0.06541,0.06608,603738.0,2026-06-14 07:59:59.999000+00:00,1
2026-06-14 08:00:00+00:00,0.06608,0.06802,0.06571,0.06675,654494.0,2026-06-14 11:59:59.999000+00:00,1
2026-06-14 12:00:00+00:00,0.06676,0.0669,0.0637,0.0647,642285.0,2026-06-14 15:59:59.999000+00:00,1
2026-06-14 16:00:00+00:00,0.06468,0.0654,0.0637,0.06459,531715.0,2026-06-14 19:59:59.999000+00:00,1
2026-06-14 20:00:00+00:00,0.06461,0.076,0.0643,0.07402,2095856.0,2026-06-14 23:59:59.999000+00:00,1
2026-06-15 00:00:00+00:00,0.07405,0.07689,0.07306,0.07659,2343494.0,2026-06-15 03:59:59.999000+00:00,1
2026-06-15 04:00:00+00:00,0.07648,0.07727,0.07229,0.07326,1869507.0,2026-06-15 07:59:59.999000+00:00,1
2026-06-15 08:00:00+00:00,0.07325,0.07614,0.07245,0.075,1189682.0,2026-06-15 11:59:59.999000+00:00,1
2026-06-15 12:00:00+00:00,0.07498,0.08266,0.07355,0.08055,4021648.0,2026-06-15 15:59:59.999000+00:00,1
2026-06-15 16:00:00+00:00,0.08053,0.08071,0.07334,0.07453,1656175.0,2026-06-15 19:59:59.999000+00:00,1
2026-06-15 20:00:00+00:00,0.07455,0.07567,0.07356,0.07475,625196.0,2026-06-15 23:59:59.999000+00:00,1
2026-06-16 00:00:00+00:00,0.07472,0.07623,0.07223,0.07454,738583.0,2026-06-16 03:59:59.999000+00:00,1
2026-06-16 04:00:00+00:00,0.07455,0.07765,0.0731,0.07727,821418.0,2026-06-16 07:59:59.999000+00:00,1
2026-06-16 08:00:00+00:00,0.07727,0.08238,0.07602,0.08068,1611618.0,2026-06-16 11:59:59.999000+00:00,1
2026-06-16 12:00:00+00:00,0.08068,0.08074,0.07202,0.07266,1987982.0,2026-06-16 15:59:59.999000+00:00,1
2026-06-16 16:00:00+00:00,0.07264,0.07718,0.07204,0.07503,884290.0,2026-06-16 19:59:59.999000+00:00,1
2026-06-16 20:00:00+00:00,0.07494,0.07708,0.07477,0.07653,530626.0,2026-06-16 23:59:59.999000+00:00,1
2026-06-17 00:00:00+00:00,0.07656,0.07936,0.0761,0.0781,1104972.0,2026-06-17 03:59:59.999000+00:00,1
2026-06-17 04:00:00+00:00,0.07811,0.08041,0.07528,0.07611,1159361.0,2026-06-17 07:59:59.999000+00:00,1
2026-06-17 08:00:00+00:00,0.07616,0.07675,0.0741,0.07526,658854.0,2026-06-17 11:59:59.999000+00:00,1
2026-06-17 12:00:00+00:00,0.0753,0.08079,0.07452,0.08016,1245477.0,2026-06-17 15:59:59.999000+00:00,1
2026-06-17 16:00:00+00:00,0.08016,0.08366,0.07519,0.07579,3053462.0,2026-06-17 19:59:59.999000+00:00,1
2026-06-17 20:00:00+00:00,0.07578,0.07759,0.07412,0.07423,832263.0,2026-06-17 23:59:59.999000+00:00,1
2026-06-18 00:00:00+00:00,0.07424,0.07643,0.07306,0.07342,1246841.0,2026-06-18 03:59:59.999000+00:00,1
2026-06-18 04:00:00+00:00,0.07338,0.07573,0.07172,0.07501,846885.0,2026-06-18 07:59:59.999000+00:00,1
2026-06-18 08:00:00+00:00,0.07503,0.0799,0.07462,0.07644,1346410.0,2026-06-18 11:59:59.999000+00:00,1
2026-06-18 12:00:00+00:00,0.07646,0.08094,0.07306,0.07368,1570309.0,2026-06-18 15:59:59.999000+00:00,1
2026-06-18 16:00:00+00:00,0.07363,0.07733,0.0733,0.07545,1561922.0,2026-06-18 19:59:59.999000+00:00,1
2026-06-18 20:00:00+00:00,0.0755,0.07784,0.07386,0.0753,574802.0,2026-06-18 23:59:59.999000+00:00,1
2026-06-19 00:00:00+00:00,0.07529,0.07624,0.07244,0.07403,590940.0,2026-06-19 03:59:59.999000+00:00,1
2026-06-19 04:00:00+00:00,0.07401,0.07488,0.07045,0.07145,815235.0,2026-06-19 07:59:59.999000+00:00,1
2026-06-19 08:00:00+00:00,0.07141,0.0718,0.06662,0.06766,1658909.0,2026-06-19 11:59:59.999000+00:00,1
2026-06-19 12:00:00+00:00,0.0677,0.07216,0.06762,0.07026,1230566.0,2026-06-19 15:59:59.999000+00:00,1
2026-06-19 16:00:00+00:00,0.07029,0.07343,0.06906,0.0722,835394.0,2026-06-19 19:59:59.999000+00:00,1
2026-06-19 20:00:00+00:00,0.07221,0.07732,0.07108,0.07641,781320.0,2026-06-19 23:59:59.999000+00:00,1
2026-06-20 00:00:00+00:00,0.07641,0.07726,0.07352,0.07419,901291.0,2026-06-20 03:59:59.999000+00:00,1
2026-06-20 04:00:00+00:00,0.07419,0.07713,0.07312,0.07389,604259.0,2026-06-20 07:59:59.999000+00:00,1
2026-06-20 08:00:00+00:00,0.07393,0.07526,0.07319,0.0739,405018.0,2026-06-20 11:59:59.999000+00:00,1
2026-06-20 12:00:00+00:00,0.07387,0.07974,0.07375,0.07733,1253422.0,2026-06-20 15:59:59.999000+00:00,1
2026-06-20 16:00:00+00:00,0.07735,0.07897,0.07438,0.07493,558250.0,2026-06-20 19:59:59.999000+00:00,1
2026-06-20 20:00:00+00:00,0.07499,0.07811,0.07435,0.0761,248831.0,2026-06-20 23:59:59.999000+00:00,1
2026-06-21 00:00:00+00:00,0.07609,0.07728,0.07502,0.07631,243712.0,2026-06-21 03:59:59.999000+00:00,1
2026-06-21 04:00:00+00:00,0.0763,0.07692,0.07459,0.07517,280469.0,2026-06-21 07:59:59.999000+00:00,1
2026-06-21 08:00:00+00:00,0.07519,0.07812,0.07439,0.07483,355013.0,2026-06-21 11:59:59.999000+00:00,1
2026-06-21 12:00:00+00:00,0.07488,0.07563,0.07387,0.07519,320359.0,2026-06-21 15:59:59.999000+00:00,1
2026-06-21 16:00:00+00:00,0.07518,0.07551,0.07286,0.07318,395677.0,2026-06-21 19:59:59.999000+00:00,1
2026-06-21 20:00:00+00:00,0.07315,0.07446,0.07058,0.07107,468989.0,2026-06-21 23:59:59.999000+00:00,1
2026-06-22 00:00:00+00:00,0.07111,0.07411,0.07017,0.07211,426763.0,2026-06-22 03:59:59.999000+00:00,1
2026-06-22 04:00:00+00:00,0.07211,0.0737,0.07158,0.07268,258578.0,2026-06-22 07:59:59.999000+00:00,1
2026-06-22 08:00:00+00:00,0.07269,0.07411,0.07153,0.07374,471104.0,2026-06-22 11:59:59.999000+00:00,1
2026-06-22 12:00:00+00:00,0.07374,0.07654,0.07274,0.0733,1042429.0,2026-06-22 15:59:59.999000+00:00,1
2026-06-22 16:00:00+00:00,0.0733,0.07334,0.06951,0.07084,721697.0,2026-06-22 19:59:59.999000+00:00,1
2026-06-22 20:00:00+00:00,0.07084,0.07213,0.06818,0.07004,556161.0,2026-06-22 23:59:59.999000+00:00,1
2026-06-23 00:00:00+00:00,0.07004,0.0708,0.06927,0.07057,193789.0,2026-06-23 03:59:59.999000+00:00,1
2026-06-23 04:00:00+00:00,0.07058,0.07062,0.06528,0.06609,915474.0,2026-06-23 07:59:59.999000+00:00,1
2026-06-23 08:00:00+00:00,0.06616,0.06787,0.0643,0.06738,503138.0,2026-06-23 11:59:59.999000+00:00,1
2026-06-23 12:00:00+00:00,0.0673,0.06808,0.06597,0.06691,476352.0,2026-06-23 15:59:59.999000+00:00,1
2026-06-23 16:00:00+00:00,0.06689,0.06837,0.06579,0.06764,490031.0,2026-06-23 19:59:59.999000+00:00,1
2026-06-23 20:00:00+00:00,0.06764,0.07042,0.06758,0.06894,373716.0,2026-06-23 23:59:59.999000+00:00,1
2026-06-24 00:00:00+00:00,0.06893,0.06973,0.06802,0.06812,341037.0,2026-06-24 03:59:59.999000+00:00,1
2026-06-24 04:00:00+00:00,0.06812,0.07152,0.06713,0.06864,313755.0,2026-06-24 07:59:59.999000+00:00,1
2026-06-24 08:00:00+00:00,0.06868,0.0694,0.06666,0.06887,300809.0,2026-06-24 11:59:59.999000+00:00,1
2026-06-24 12:00:00+00:00,0.06892,0.07328,0.0673,0.06951,1833113.0,2026-06-24 15:59:59.999000+00:00,1
2026-06-24 16:00:00+00:00,0.06949,0.07057,0.06501,0.06756,1059669.0,2026-06-24 19:59:59.999000+00:00,1
2026-06-24 20:00:00+00:00,0.06759,0.07355,0.06726,0.07295,606645.0,2026-06-24 23:59:59.999000+00:00,1
2026-06-25 00:00:00+00:00,0.073,0.07472,0.07234,0.073,480666.0,2026-06-25 03:59:59.999000+00:00,1
2026-06-25 04:00:00+00:00,0.073,0.0743,0.07209,0.0729,400712.0,2026-06-25 07:59:59.999000+00:00,1
2026-06-25 08:00:00+00:00,0.07293,0.0743,0.0708,0.07215,445767.0,2026-06-25 11:59:59.999000+00:00,1
2026-06-25 12:00:00+00:00,0.07215,0.07536,0.06548,0.06889,1663529.0,2026-06-25 15:59:59.999000+00:00,1
2026-06-25 16:00:00+00:00,0.06892,0.07252,0.06885,0.0704,886943.0,2026-06-25 19:59:59.999000+00:00,1
2026-06-25 20:00:00+00:00,0.07041,0.07378,0.07041,0.07283,591778.0,2026-06-25 23:59:59.999000+00:00,1
2026-06-26 00:00:00+00:00,0.07286,0.0735,0.06866,0.07333,885295.0,2026-06-26 03:59:59.999000+00:00,1
2026-06-26 04:00:00+00:00,0.07333,0.07716,0.0711,0.07628,926472.0,2026-06-26 07:59:59.999000+00:00,1
2026-06-26 08:00:00+00:00,0.07628,0.07835,0.07448,0.07602,993506.0,2026-06-26 11:59:59.999000+00:00,1
2026-06-26 12:00:00+00:00,0.07606,0.0793,0.07404,0.07822,1820172.0,2026-06-26 15:59:59.999000+00:00,1
2026-06-26 16:00:00+00:00,0.07828,0.08055,0.07696,0.07829,784680.0,2026-06-26 19:59:59.999000+00:00,1
2026-06-26 20:00:00+00:00,0.07829,0.0795,0.07565,0.0773,405888.0,2026-06-26 23:59:59.999000+00:00,1
2026-06-27 00:00:00+00:00,0.07732,0.08184,0.07684,0.08123,575224.0,2026-06-27 03:59:59.999000+00:00,1
2026-06-27 04:00:00+00:00,0.08122,0.08299,0.07821,0.07957,1029763.0,2026-06-27 07:59:59.999000+00:00,1
2026-06-27 08:00:00+00:00,0.0796,0.08116,0.07757,0.07761,618866.0,2026-06-27 11:59:59.999000+00:00,1
2026-06-27 12:00:00+00:00,0.07765,0.0784,0.07632,0.07695,369085.0,2026-06-27 15:59:59.999000+00:00,1
2026-06-27 16:00:00+00:00,0.077,0.07742,0.07205,0.07265,541770.0,2026-06-27 19:59:59.999000+00:00,1
2026-06-27 20:00:00+00:00,0.07262,0.07448,0.07245,0.07305,206019.0,2026-06-27 23:59:59.999000+00:00,1
2026-06-28 00:00:00+00:00,0.07305,0.07475,0.07269,0.07401,267021.0,2026-06-28 03:59:59.999000+00:00,1
2026-06-28 04:00:00+00:00,0.07401,0.07429,0.0697,0.07084,560313.0,2026-06-28 07:59:59.999000+00:00,1
2026-06-28 08:00:00+00:00,0.07081,0.0719,0.06983,0.0708,327587.0,2026-06-28 11:59:59.999000+00:00,1
2026-06-28 12:00:00+00:00,0.07079,0.07318,0.0691,0.07191,831406.0,2026-06-28 15:59:59.999000+00:00,1
2026-06-28 16:00:00+00:00,0.07194,0.07275,0.07016,0.07106,337788.0,2026-06-28 19:59:59.999000+00:00,1
2026-06-28 20:00:00+00:00,0.07106,0.0716,0.06983,0.07093,229811.0,2026-06-28 23:59:59.999000+00:00,1
2026-06-29 00:00:00+00:00,0.07093,0.07311,0.06985,0.07266,381902.0,2026-06-29 03:59:59.999000+00:00,1
2026-06-29 04:00:00+00:00,0.07269,0.0743,0.07069,0.0737,555841.0,2026-06-29 07:59:59.999000+00:00,1
2026-06-29 08:00:00+00:00,0.07373,0.07662,0.07112,0.07314,1110133.0,2026-06-29 11:59:59.999000+00:00,1
2026-06-29 12:00:00+00:00,0.07315,0.07713,0.0725,0.07472,903554.0,2026-06-29 15:59:59.999000+00:00,1
2026-06-29 16:00:00+00:00,0.07465,0.0799,0.07361,0.07875,892547.0,2026-06-29 19:59:59.999000+00:00,1
2026-06-29 20:00:00+00:00,0.07878,0.081,0.0786,0.08013,650713.0,2026-06-29 23:59:59.999000+00:00,1
2026-06-30 00:00:00+00:00,0.08011,0.08325,0.07847,0.08208,1091230.0,2026-06-30 03:59:59.999000+00:00,1
2026-06-30 04:00:00+00:00,0.08209,0.08435,0.078,0.07889,1633834.0,2026-06-30 07:59:59.999000+00:00,1
2026-06-30 08:00:00+00:00,0.0789,0.08059,0.07578,0.07923,1212364.0,2026-06-30 11:59:59.999000+00:00,1
2026-06-30 12:00:00+00:00,0.07922,0.09063,0.0763,0.08898,4359744.0,2026-06-30 15:59:59.999000+00:00,1
2026-06-30 16:00:00+00:00,0.08896,0.09005,0.08325,0.08517,2177636.0,2026-06-30 19:59:59.999000+00:00,1
2026-06-30 20:00:00+00:00,0.08513,0.08598,0.07688,0.07709,920178.0,2026-06-30 23:59:59.999000+00:00,1
2026-07-01 00:00:00+00:00,0.07712,0.08046,0.07574,0.08038,1123133.0,2026-07-01 03:59:59.999000+00:00,1
2026-07-01 04:00:00+00:00,0.08038,0.08387,0.07921,0.08017,1008729.0,2026-07-01 07:59:59.999000+00:00,1
2026-07-01 08:00:00+00:00,0.08018,0.08348,0.07915,0.08119,857467.0,2026-07-01 11:59:59.999000+00:00,1
2026-07-01 12:00:00+00:00,0.08122,0.0829,0.07845,0.08111,1355453.0,2026-07-01 15:59:59.999000+00:00,1
2026-07-01 16:00:00+00:00,0.08108,0.0824,0.07751,0.07898,578543.0,2026-07-01 19:59:59.999000+00:00,1
2026-07-01 20:00:00+00:00,0.07898,0.08372,0.07854,0.07937,721543.0,2026-07-01 23:59:59.999000+00:00,1
2026-07-02 00:00:00+00:00,0.07936,0.08381,0.07871,0.08356,547500.0,2026-07-02 03:59:59.999000+00:00,1
2026-07-02 04:00:00+00:00,0.08356,0.08536,0.08214,0.08412,620004.0,2026-07-02 07:59:59.999000+00:00,1
2026-07-02 08:00:00+00:00,0.08415,0.08924,0.08321,0.08828,1309645.0,2026-07-02 11:59:59.999000+00:00,1
2026-07-02 12:00:00+00:00,0.08827,0.08949,0.08426,0.08781,1921786.0,2026-07-02 15:59:59.999000+00:00,1
2026-07-02 16:00:00+00:00,0.08785,0.08821,0.08471,0.08503,615712.0,2026-07-02 19:59:59.999000+00:00,1
2026-07-02 20:00:00+00:00,0.08502,0.0862,0.08402,0.08513,372687.0,2026-07-02 23:59:59.999000+00:00,1
2026-07-03 00:00:00+00:00,0.08512,0.0898,0.08318,0.08954,855774.0,2026-07-03 03:59:59.999000+00:00,1
2026-07-03 04:00:00+00:00,0.08956,0.09387,0.08806,0.09237,1225245.0,2026-07-03 07:59:59.999000+00:00,1
2026-07-03 08:00:00+00:00,0.09234,0.09313,0.08997,0.09164,1108603.0,2026-07-03 11:59:59.999000+00:00,1
2026-07-03 12:00:00+00:00,0.09162,0.09297,0.08767,0.0878,1091806.0,2026-07-03 15:59:59.999000+00:00,1
2026-07-03 16:00:00+00:00,0.08787,0.08868,0.08592,0.08753,611818.0,2026-07-03 19:59:59.999000+00:00,1
2026-07-03 20:00:00+00:00,0.08755,0.09023,0.08703,0.08827,480463.0,2026-07-03 23:59:59.999000+00:00,1
2026-07-04 00:00:00+00:00,0.08826,0.08977,0.08632,0.08911,427617.0,2026-07-04 03:59:59.999000+00:00,1
2026-07-04 04:00:00+00:00,0.0891,0.09016,0.08714,0.08854,408135.0,2026-07-04 07:59:59.999000+00:00,1
2026-07-04 08:00:00+00:00,0.08854,0.0916,0.0882,0.09024,683336.0,2026-07-04 11:59:59.999000+00:00,1
2026-07-04 12:00:00+00:00,0.09024,0.09096,0.08825,0.08905,406075.0,2026-07-04 15:59:59.999000+00:00,1
2026-07-04 16:00:00+00:00,0.08908,0.09043,0.08306,0.08616,1049423.0,2026-07-04 19:59:59.999000+00:00,1
2026-07-04 20:00:00+00:00,0.08614,0.08769,0.08471,0.08583,413221.0,2026-07-04 23:59:59.999000+00:00,1
2026-07-05 00:00:00+00:00,0.08578,0.08608,0.08346,0.08382,375656.0,2026-07-05 03:59:59.999000+00:00,1
2026-07-05 04:00:00+00:00,0.0838,0.0845,0.08172,0.08358,382818.0,2026-07-05 07:59:59.999000+00:00,1
2026-07-05 08:00:00+00:00,0.08357,0.0856,0.0822,0.08504,373932.0,2026-07-05 11:59:59.999000+00:00,1
2026-07-05 12:00:00+00:00,0.08503,0.09079,0.08421,0.08914,753673.0,2026-07-05 15:59:59.999000+00:00,1
2026-07-05 16:00:00+00:00,0.08914,0.08935,0.08656,0.08858,367428.0,2026-07-05 19:59:59.999000+00:00,1
2026-07-05 20:00:00+00:00,0.08859,0.09449,0.08717,0.09251,1122222.0,2026-07-05 23:59:59.999000+00:00,1
2026-07-06 00:00:00+00:00,0.09256,0.09331,0.08976,0.09148,536157.0,2026-07-06 03:59:59.999000+00:00,1
2026-07-06 04:00:00+00:00,0.0915,0.09177,0.08838,0.08951,476928.0,2026-07-06 07:59:59.999000+00:00,1
2026-07-06 08:00:00+00:00,0.08952,0.09181,0.08928,0.09011,588476.0,2026-07-06 11:59:59.999000+00:00,1
2026-07-06 12:00:00+00:00,0.09004,0.09388,0.08722,0.09309,1127487.0,2026-07-06 15:59:59.999000+00:00,1
2026-07-06 16:00:00+00:00,0.09309,0.09932,0.09204,0.09819,1771932.0,2026-07-06 19:59:59.999000+00:00,1
2026-07-06 20:00:00+00:00,0.09818,0.10226,0.09687,0.09791,784838.0,2026-07-06 23:59:59.999000+00:00,1
2026-07-07 00:00:00+00:00,0.09795,0.10047,0.09534,0.09613,746461.0,2026-07-07 03:59:59.999000+00:00,1
2026-07-07 04:00:00+00:00,0.09613,0.09651,0.09368,0.09471,582420.0,2026-07-07 07:59:59.999000+00:00,1
2026-07-07 08:00:00+00:00,0.09482,0.09546,0.09273,0.09366,480703.0,2026-07-07 11:59:59.999000+00:00,1
2026-07-07 12:00:00+00:00,0.09366,0.09501,0.08935,0.0921,885205.0,2026-07-07 15:59:59.999000+00:00,1
2026-07-07 16:00:00+00:00,0.09211,0.0983,0.0917,0.09233,1127672.0,2026-07-07 19:59:59.999000+00:00,1
2026-07-07 20:00:00+00:00,0.09234,0.09307,0.0874,0.08914,1070760.0,2026-07-07 23:59:59.999000+00:00,1
2026-07-08 00:00:00+00:00,0.08924,0.08963,0.07864,0.0794,1937108.0,2026-07-08 03:59:59.999000+00:00,1
2026-07-08 04:00:00+00:00,0.07938,0.08425,0.0788,0.08334,948193.0,2026-07-08 07:59:59.999000+00:00,1
2026-07-08 08:00:00+00:00,0.08336,0.08483,0.08127,0.08399,1100360.0,2026-07-08 11:59:59.999000+00:00,1
2026-07-08 12:00:00+00:00,0.08402,0.0846,0.07976,0.08248,1020250.0,2026-07-08 15:59:59.999000+00:00,1
2026-07-08 16:00:00+00:00,0.08244,0.08365,0.08079,0.08215,378500.0,2026-07-08 19:59:59.999000+00:00,1
2026-07-08 20:00:00+00:00,0.08216,0.08238,0.08002,0.08062,255430.0,2026-07-08 23:59:59.999000+00:00,1
2026-07-09 00:00:00+00:00,0.08062,0.08264,0.07938,0.08189,464601.0,2026-07-09 03:59:59.999000+00:00,1
2026-07-09 04:00:00+00:00,0.08188,0.08431,0.08107,0.08337,337078.0,2026-07-09 07:59:59.999000+00:00,1
2026-07-09 08:00:00+00:00,0.0834,0.08435,0.08182,0.08278,227948.0,2026-07-09 11:59:59.999000+00:00,1
2026-07-09 12:00:00+00:00,0.08278,0.0846,0.08126,0.08384,425711.0,2026-07-09 15:59:59.999000+00:00,1
2026-07-09 16:00:00+00:00,0.08385,0.08403,0.08186,0.08241,289187.0,2026-07-09 19:59:59.999000+00:00,1
2026-07-09 20:00:00+00:00,0.08243,0.08249,0.08051,0.08175,193632.0,2026-07-09 23:59:59.999000+00:00,1
2026-07-10 00:00:00+00:00,0.08177,0.08373,0.08088,0.08203,435483.0,2026-07-10 03:59:59.999000+00:00,1
2026-07-10 04:00:00+00:00,0.08201,0.08416,0.08136,0.08338,463394.0,2026-07-10 07:59:59.999000+00:00,1
2026-07-10 08:00:00+00:00,0.0834,0.09266,0.08315,0.09146,1872055.0,2026-07-10 11:59:59.999000+00:00,1
2026-07-10 12:00:00+00:00,0.09146,0.09332,0.08808,0.08917,1233935.0,2026-07-10 15:59:59.999000+00:00,1
2026-07-10 16:00:00+00:00,0.08917,0.09074,0.08782,0.08884,323958.0,2026-07-10 19:59:59.999000+00:00,1
2026-07-10 20:00:00+00:00,0.0888,0.09165,0.08807,0.0903,221761.0,2026-07-10 23:59:59.999000+00:00,1
2026-07-11 00:00:00+00:00,0.09026,0.09356,0.08925,0.08992,704277.0,2026-07-11 03:59:59.999000+00:00,1
2026-07-11 04:00:00+00:00,0.08992,0.09029,0.08714,0.0878,428171.0,2026-07-11 07:59:59.999000+00:00,1
2026-07-11 08:00:00+00:00,0.08783,0.09171,0.08732,0.09051,239687.0,2026-07-11 11:59:59.999000+00:00,1
2026-07-11 12:00:00+00:00,0.09055,0.09219,0.08913,0.08983,335511.0,2026-07-11 15:59:59.999000+00:00,1
2026-07-11 16:00:00+00:00,0.08987,0.09087,0.08848,0.09001,189936.0,2026-07-11 19:59:59.999000+00:00,1
2026-07-11 20:00:00+00:00,0.09012,0.09095,0.08448,0.08483,983920.0,2026-07-11 23:59:59.999000+00:00,1
2026-07-12 00:00:00+00:00,0.08481,0.08707,0.08394,0.08674,392252.0,2026-07-12 03:59:59.999000+00:00,1
2026-07-12 04:00:00+00:00,0.08677,0.08829,0.08553,0.08556,292189.0,2026-07-12 07:59:59.999000+00:00,1
2026-07-12 08:00:00+00:00,0.08558,0.08727,0.08499,0.08659,167500.0,2026-07-12 11:59:59.999000+00:00,1
2026-07-12 12:00:00+00:00,0.08654,0.08702,0.08394,0.0856,400317.0,2026-07-12 15:59:59.999000+00:00,1
2026-07-12 16:00:00+00:00,0.08563,0.08972,0.08438,0.0894,733012.0,2026-07-12 19:59:59.999000+00:00,1
2026-07-12 20:00:00+00:00,0.08934,0.08991,0.08493,0.08563,291438.0,2026-07-12 23:59:59.999000+00:00,1
2026-07-13 00:00:00+00:00,0.08562,0.08855,0.08254,0.08432,707264.0,2026-07-13 03:59:59.999000+00:00,1
2026-07-13 04:00:00+00:00,0.08433,0.08585,0.08391,0.08459,229902.0,2026-07-13 07:59:59.999000+00:00,1
2026-07-13 08:00:00+00:00,0.08458,0.08628,0.08389,0.08521,217025.0,2026-07-13 11:59:59.999000+00:00,1
2026-07-13 12:00:00+00:00,0.08524,0.08561,0.08273,0.08418,419829.0,2026-07-13 15:59:59.999000+00:00,1
2026-07-13 16:00:00+00:00,0.08421,0.08728,0.08246,0.08366,593152.0,2026-07-13 19:59:59.999000+00:00,1
2026-07-13 20:00:00+00:00,0.08366,0.08373,0.08105,0.08263,273683.0,2026-07-13 23:59:59.999000+00:00,1
2026-07-14 00:00:00+00:00,0.08267,0.08427,0.08149,0.08336,163377.0,2026-07-14 03:59:59.999000+00:00,1
2026-07-14 04:00:00+00:00,0.08335,0.08396,0.08211,0.08229,206208.0,2026-07-14 07:59:59.999000+00:00,1
2026-07-14 08:00:00+00:00,0.08227,0.08294,0.08022,0.0824,472139.0,2026-07-14 11:59:59.999000+00:00,1
2026-07-14 12:00:00+00:00,0.0824,0.08979,0.0818,0.08769,1664594.0,2026-07-14 15:59:59.999000+00:00,1
2026-07-14 16:00:00+00:00,0.08767,0.08934,0.0845,0.08496,865593.0,2026-07-14 19:59:59.999000+00:00,1
2026-07-14 20:00:00+00:00,0.085,0.08583,0.08289,0.08514,317348.0,2026-07-14 23:59:59.999000+00:00,1
2026-07-15 00:00:00+00:00,0.08509,0.08726,0.08381,0.08657,461440.0,2026-07-15 03:59:59.999000+00:00,1
2026-07-15 04:00:00+00:00,0.08652,0.08726,0.08426,0.08489,284581.0,2026-07-15 07:59:59.999000+00:00,1
2026-07-15 08:00:00+00:00,0.08491,0.08614,0.08165,0.08189,513268.0,2026-07-15 11:59:59.999000+00:00,1
2026-07-15 12:00:00+00:00,0.08185,0.08457,0.08012,0.08052,1023686.0,2026-07-15 15:59:59.999000+00:00,1
2026-07-15 16:00:00+00:00,0.08045,0.08215,0.07872,0.08095,773215.0,2026-07-15 19:59:59.999000+00:00,1
2026-07-15 20:00:00+00:00,0.08099,0.0828,0.08053,0.08073,233141.0,2026-07-15 23:59:59.999000+00:00,1
2026-07-16 00:00:00+00:00,0.08072,0.08304,0.07716,0.07783,838142.0,2026-07-16 03:59:59.999000+00:00,1
2026-07-16 04:00:00+00:00,0.07781,0.07804,0.06841,0.06986,2258220.0,2026-07-16 07:59:59.999000+00:00,1
2026-07-16 08:00:00+00:00,0.06986,0.0712,0.06782,0.07007,1382685.0,2026-07-16 11:59:59.999000+00:00,1
2026-07-16 12:00:00+00:00,0.07006,0.07169,0.06913,0.0695,830212.0,2026-07-16 15:59:59.999000+00:00,1
2026-07-16 16:00:00+00:00,0.06951,0.07025,0.0669,0.06807,1223403.0,2026-07-16 19:59:59.999000+00:00,1
2026-07-16 20:00:00+00:00,0.06808,0.06946,0.06525,0.0656,658752.0,2026-07-16 23:59:59.999000+00:00,1
2026-07-17 00:00:00+00:00,0.06561,0.06738,0.06308,0.06337,1563154.0,2026-07-17 03:59:59.999000+00:00,1
2026-07-17 04:00:00+00:00,0.06334,0.0636,0.06113,0.06136,1058855.0,2026-07-17 07:59:59.999000+00:00,1
2026-07-17 08:00:00+00:00,0.06139,0.06327,0.06068,0.06189,759057.0,2026-07-17 11:59:59.999000+00:00,1
2026-07-17 12:00:00+00:00,0.06188,0.0625,0.05968,0.06129,939796.0,2026-07-17 15:59:59.999000+00:00,1
2026-07-17 16:00:00+00:00,0.06129,0.06255,0.05978,0.06056,1011722.0,2026-07-17 19:59:59.999000+00:00,1
2026-07-17 20:00:00+00:00,0.06054,0.06224,0.06033,0.06053,359004.0,2026-07-17 23:59:59.999000+00:00,1
2026-07-18 00:00:00+00:00,0.06061,0.06193,0.05999,0.06067,482262.0,2026-07-18 03:59:59.999000+00:00,1
2026-07-18 04:00:00+00:00,0.06069,0.06071,0.05791,0.05987,649688.0,2026-07-18 07:59:59.999000+00:00,1
2026-07-18 08:00:00+00:00,0.05987,0.06041,0.05745,0.05806,679704.0,2026-07-18 11:59:59.999000+00:00,1
2026-07-18 12:00:00+00:00,0.05807,0.05928,0.05721,0.05735,655447.0,2026-07-18 15:59:59.999000+00:00,1
2026-07-18 16:00:00+00:00,0.05731,0.06098,0.05701,0.06051,1066630.0,2026-07-18 19:59:59.999000+00:00,1
2026-07-18 20:00:00+00:00,0.06052,0.06143,0.05956,0.06133,626441.0,2026-07-18 23:59:59.999000+00:00,1
2026-07-19 00:00:00+00:00,0.0613,0.06349,0.06051,0.06282,3138959.0,2026-07-19 03:59:59.999000+00:00,1
2026-07-19 04:00:00+00:00,0.06278,0.06461,0.06193,0.06368,2695017.0,2026-07-19 07:59:59.999000+00:00,1
2026-07-19 08:00:00+00:00,0.06368,0.06406,0.05856,0.05873,2310131.0,2026-07-19 11:59:59.999000+00:00,1
2026-07-19 12:00:00+00:00,0.05874,0.05995,0.05778,0.05839,1101017.0,2026-07-19 15:59:59.999000+00:00,1
2026-07-19 16:00:00+00:00,0.05839,0.05839,0.05459,0.05642,3277919.0,2026-07-19 19:59:59.999000+00:00,1
2026-07-19 20:00:00+00:00,0.05638,0.05726,0.05589,0.05706,1087274.0,2026-07-19 23:59:59.999000+00:00,1
2026-07-20 00:00:00+00:00,0.05704,0.05927,0.05588,0.05633,1809714.0,2026-07-20 03:59:59.999000+00:00,1
2026-07-20 04:00:00+00:00,0.05629,0.05766,0.05521,0.0573,1298628.0,2026-07-20 07:59:59.999000+00:00,1
2026-07-20 08:00:00+00:00,0.05729,0.06234,0.05716,0.06193,1902160.0,2026-07-20 11:59:59.999000+00:00,1
2026-07-20 12:00:00+00:00,0.06192,0.06317,0.06021,0.06129,1950240.0,2026-07-20 15:59:59.999000+00:00,1
2026-07-20 16:00:00+00:00,0.06125,0.06487,0.06113,0.06269,2920792.0,2026-07-20 19:59:59.999000+00:00,1
2026-07-20 20:00:00+00:00,0.0627,0.06432,0.06232,0.06304,1026187.0,2026-07-20 23:59:59.999000+00:00,1
2026-07-21 00:00:00+00:00,0.06306,0.06415,0.06175,0.06296,946090.0,2026-07-21 03:59:59.999000+00:00,1
2026-07-21 04:00:00+00:00,0.06296,0.06676,0.06234,0.06545,1784636.0,2026-07-21 07:59:59.999000+00:00,1
2026-07-21 08:00:00+00:00,0.06536,0.06738,0.06362,0.06618,1728590.0,2026-07-21 11:59:59.999000+00:00,1
2026-07-21 12:00:00+00:00,0.06615,0.06717,0.06448,0.06659,1230618.0,2026-07-21 15:59:59.999000+00:00,1
2026-07-21 16:00:00+00:00,0.06656,0.06772,0.06554,0.06664,723755.0,2026-07-21 19:59:59.999000+00:00,1
2026-07-21 20:00:00+00:00,0.0666,0.06678,0.06417,0.06454,397853.0,2026-07-21 23:59:59.999000+00:00,1
2026-07-22 00:00:00+00:00,0.06457,0.0653,0.06376,0.06434,441782.0,2026-07-22 03:59:59.999000+00:00,1
2026-07-22 04:00:00+00:00,0.06432,0.06568,0.06375,0.06406,614500.0,2026-07-22 07:59:59.999000+00:00,1
2026-07-22 08:00:00+00:00,0.06406,0.06569,0.06377,0.06377,409034.0,2026-07-22 11:59:59.999000+00:00,1
2026-07-22 12:00:00+00:00,0.06376,0.06592,0.06311,0.06492,677624.0,2026-07-22 15:59:59.999000+00:00,1
2026-07-22 16:00:00+00:00,0.06493,0.06508,0.06086,0.06161,1236619.0,2026-07-22 19:59:59.999000+00:00,1
2026-07-22 20:00:00+00:00,0.06162,0.06264,0.061,0.06215,386798.0,2026-07-22 23:59:59.999000+00:00,1
2026-07-23 00:00:00+00:00,0.0622,0.06244,0.06039,0.0607,381643.0,2026-07-23 03:59:59.999000+00:00,1
2026-07-23 04:00:00+00:00,0.0607,0.06141,0.06012,0.06043,372364.0,2026-07-23 07:59:59.999000+00:00,1
2026-07-23 08:00:00+00:00,0.06043,0.06312,0.06024,0.06209,532337.0,2026-07-23 11:59:59.999000+00:00,1
2026-07-23 12:00:00+00:00,0.06208,0.06244,0.05976,0.06128,787730.0,2026-07-23 15:59:59.999000+00:00,1
2026-07-23 16:00:00+00:00,0.06125,0.06139,0.05834,0.05904,319958.0,2026-07-23 19:59:59.999000+00:00,1
2026-07-23 20:00:00+00:00,0.05904,0.06043,0.05872,0.05922,206331.0,2026-07-23 23:59:59.999000+00:00,1
2026-07-24 00:00:00+00:00,0.0592,0.06017,0.05893,0.05995,249777.0,2026-07-24 03:59:59.999000+00:00,1
2026-07-24 04:00:00+00:00,0.05995,0.06087,0.0598,0.06031,234438.0,2026-07-24 07:59:59.999000+00:00,1
2026-07-24 08:00:00+00:00,0.06032,0.06039,0.05856,0.05917,295288.0,2026-07-24 11:59:59.999000+00:00,1
2026-07-24 12:00:00+00:00,0.05916,0.05984,0.05589,0.05666,895325.0,2026-07-24 15:59:59.999000+00:00,1
2026-07-24 16:00:00+00:00,0.05664,0.05689,0.05425,0.05503,818178.0,2026-07-24 19:59:59.999000+00:00,1
2026-07-24 20:00:00+00:00,0.05506,0.05568,0.05215,0.05278,733802.0,2026-07-24 23:59:59.999000+00:00,1
2026-07-25 00:00:00+00:00,0.05291,0.05367,0.05081,0.05184,1144793.0,2026-07-25 03:59:59.999000+00:00,1
2026-07-25 04:00:00+00:00,0.05184,0.05252,0.05036,0.05089,1171074.0,2026-07-25 07:59:59.999000+00:00,1
2026-07-25 08:00:00+00:00,0.05093,0.051,0.0496,0.05014,1128113.0,2026-07-25 11:59:59.999000+00:00,1
2026-07-25 12:00:00+00:00,0.05014,0.05254,0.04918,0.05237,1865853.0,2026-07-25 15:59:59.999000+00:00,1
2026-07-25 16:00:00+00:00,0.05231,0.05342,0.05198,0.05263,1145583.0,2026-07-25 19:59:59.999000+00:00,1
2026-07-25 20:00:00+00:00,0.05261,0.05696,0.05238,0.05596,1798806.0,2026-07-25 23:59:59.999000+00:00,1
2026-07-26 00:00:00+00:00,0.05596,0.05934,0.05588,0.05879,2788896.0,2026-07-26 03:59:59.999000+00:00,1
2026-07-26 04:00:00+00:00,0.05878,0.05944,0.05768,0.05783,1481713.0,2026-07-26 07:59:59.999000+00:00,1
2026-07-26 08:00:00+00:00,0.05785,0.05897,0.05705,0.05742,1027203.0,2026-07-26 11:59:59.999000+00:00,1
2026-07-26 12:00:00+00:00,0.05741,0.05783,0.05603,0.05642,877621.0,2026-07-26 15:59:59.999000+00:00,1
2026-07-26 16:00:00+00:00,0.05643,0.05712,0.0558,0.05665,568241.0,2026-07-26 19:59:59.999000+00:00,1
2026-07-26 20:00:00+00:00,0.05667,0.06055,0.05645,0.06032,921696.0,2026-07-26 23:59:59.999000+00:00,1
2026-07-27 00:00:00+00:00,0.06033,0.06092,0.05838,0.0596,908911.0,2026-07-27 03:59:59.999000+00:00,1
2026-07-27 04:00:00+00:00,0.0596,0.06087,0.05919,0.05922,651996.0,2026-07-27 07:59:59.999000+00:00,1
2026-07-27 08:00:00+00:00,0.05922,0.06327,0.05884,0.06125,2040631.0,2026-07-27 11:59:59.999000+00:00,1
2026-07-27 12:00:00+00:00,0.06126,0.06227,0.05778,0.05836,1542280.0,2026-07-27 15:59:59.999000+00:00,1
2026-07-27 16:00:00+00:00,0.0584,0.05943,0.05766,0.0586,510343.0,2026-07-27 19:59:59.999000+00:00,1
2026-07-27 20:00:00+00:00,0.05862,0.05896,0.05501,0.05676,1238769.0,2026-07-27 23:59:59.999000+00:00,1
2026-07-28 00:00:00+00:00,0.05675,0.0587,0.05599,0.05811,622590.0,2026-07-28 03:59:59.999000+00:00,1
2026-07-28 04:00:00+00:00,0.05814,0.05868,0.0565,0.05702,620449.0,2026-07-28 07:59:59.999000+00:00,1
2026-07-28 08:00:00+00:00,0.05701,0.0574,0.05538,0.05563,532936.0,2026-07-28 11:59:59.999000+00:00,1
2026-07-28 12:00:00+00:00,0.05564,0.05597,0.05364,0.05565,1482066.0,2026-07-28 15:59:59.999000+00:00,1
2026-07-28 16:00:00+00:00,0.05563,0.05574,0.05263,0.05372,859695.0,2026-07-28 19:59:59.999000+00:00,1
2026-07-28 20:00:00+00:00,0.0537,0.05391,0.0519,0.05296,516183.0,2026-07-28 23:59:59.999000+00:00,1
2026-07-29 00:00:00+00:00,0.05296,0.05358,0.05142,0.05172,413219.0,2026-07-29 03:59:59.999000+00:00,1
2026-07-29 04:00:00+00:00,0.05173,0.05499,0.0514,0.05493,570519.0,2026-07-29 07:59:59.999000+00:00,1
2026-07-29 08:00:00+00:00,0.05493,0.05551,0.05378,0.05462,655038.0,2026-07-29 11:59:59.999000+00:00,1
2026-07-29 12:00:00+00:00,0.05463,0.05486,0.05185,0.0522,558300.0,2026-07-29 15:59:59.999000+00:00,1
2026-07-29 16:00:00+00:00,0.05223,0.05465,0.05191,0.05249,792252.0,2026-07-29 19:59:59.999000+00:00,1
2026-07-29 20:00:00+00:00,0.05247,0.05278,0.05146,0.05198,402457.0,2026-07-29 23:59:59.999000+00:00,1
2026-07-30 00:00:00+00:00,0.05198,0.05288,0.05166,0.05175,211482.0,2026-07-30 03:59:59.999000+00:00,1
2026-07-30 04:00:00+00:00,0.05172,0.0532,0.0502,0.05239,531100.0,2026-07-30 07:59:59.999000+00:00,1
2026-07-30 08:00:00+00:00,0.05237,0.05339,0.05055,0.05256,976665.0,2026-07-30 11:59:59.999000+00:00,1
2026-07-30 12:00:00+00:00,0.05258,0.05491,0.05207,0.05296,839720.0,2026-07-30 15:59:59.999000+00:00,1
2026-07-30 16:00:00+00:00,0.05298,0.05312,0.05116,0.05156,329833.0,2026-07-30 19:59:59.999000+00:00,1
2026-07-30 20:00:00+00:00,0.05154,0.05218,0.05103,0.05152,332078.0,2026-07-30 23:59:59.999000+00:00,1
2026-07-31 00:00:00+00:00,0.05151,0.05248,0.05002,0.05118,555429.0,2026-07-31 03:59:59.999000+00:00,1
2026-07-31 04:00:00+00:00,0.05118,0.0532,0.05094,0.0517,541270.0,2026-07-31 07:59:59.999000+00:00,1
2026-07-31 08:00:00+00:00,0.0517,0.05212,0.04974,0.05038,524217.0,2026-07-31 11:59:59.999000+00:00,1
2026-07-31 12:00:00+00:00,0.05038,0.05121,0.04879,0.05017,871969.0,2026-07-31 15:59:59.999000+00:00,1
2026-07-31 16:00:00+00:00,0.05017,0.05232,0.05006,0.05114,483865.0,2026-07-31 19:59:59.999000+00:00,1
2026-07-31 20:00:00+00:00,0.05119,0.05251,0.05087,0.05169,349430.0,2026-07-31 23:59:59.999000+00:00,1
2026-08-01 00:00:00+00:00,0.05171,0.0532,0.05132,0.05159,561587.0,2026-08-01 03:59:59.999000+00:00,1
2026-08-01 04:00:00+00:00,0.0516,0.05204,0.04995,0.05091,351949.0,2026-08-01 07:59:59.999000+00:00,1
2026-08-01 08:00:00+00:00,0.05092,0.05099,0.05024,0.05049,144944.0,2026-08-01 11:59:59.999000+00:00,1
2026-08-01 12:00:00+00:00,0.0505,0.05074,0.04866,0.04923,394767.0,2026-08-01 15:59:59.999000+00:00,1
2026-08-01 16:00:00+00:00,0.04922,0.0508,0.04843,0.04892,1160624.0,2026-08-01 19:59:59.999000+00:00,1
2026-08-01 20:00:00+00:00,0.04892,0.05031,0.04855,0.04952,352930.0,2026-08-01 23:59:59.999000+00:00,1
2026-08-02 00:00:00+00:00,0.04952,0.05208,0.04887,0.0518,782669.0,2026-08-02 03:59:59.999000+00:00,1
2026-08-02 04:00:00+00:00,0.05178,0.05282,0.05162,0.05259,311871.0,2026-08-02 07:59:59.999000+00:00,1
2026-08-02 08:00:00+00:00,0.0526,0.05261,0.05104,0.05113,451503.0,2026-08-02 11:59:59.999000+00:00,1
2026-08-02 12:00:00+00:00,0.05119,0.05131,0.04946,0.04956,265730.0,2026-08-02 15:59:59.999000+00:00,1
2026-08-02 16:00:00+00:00,0.04958,0.05139,0.04946,0.05117,286381.0,2026-08-02 19:59:59.999000+00:00,1
2026-08-02 20:00:00+00:00,0.05118,0.05312,0.05086,0.05181,597835.0,2026-08-02 23:59:59.999000+00:00,1
2026-08-03 00:00:00+00:00,0.05185,0.05211,0.04989,0.05012,428765.0,2026-08-03 03:59:59.999000+00:00,1
2026-08-03 04:00:00+00:00,0.05012,0.05198,0.04967,0.05118,480084.0,2026-08-03 07:59:59.999000+00:00,1
2026-08-03 08:00:00+00:00,0.05121,0.05188,0.04951,0.04981,477068.0,2026-08-03 11:59:59.999000+00:00,1
2026-08-03 12:00:00+00:00,0.0498,0.05056,0.04891,0.04982,609636.0,2026-08-03 15:59:59.999000+00:00,1
2026-08-03 16:00:00+00:00,0.04983,0.05055,0.04917,0.04969,520132.0,2026-08-03 19:59:59.999000+00:00,1
2026-08-03 20:00:00+00:00,0.04974,0.05032,0.04929,0.04935,246431.0,2026-08-03 23:59:59.999000+00:00,1
2026-08-04 00:00:00+00:00,0.04937,0.05054,0.04855,0.04879,557523.0,2026-08-04 03:59:59.999000+00:00,1
2026-08-04 04:00:00+00:00,0.04878,0.0493,0.04809,0.04923,668195.0,2026-08-04 07:59:59.999000+00:00,1
2026-08-04 08:00:00+00:00,0.04922,0.0497,0.04859,0.04953,812678.0,2026-08-04 11:59:59.999000+00:00,1
2026-08-04 12:00:00+00:00,0.04951,0.05003,0.0468,0.04799,4121216.0,2026-08-04 15:59:59.999000+00:00,1
2026-08-04 16:00:00+00:00,0.04795,0.04918,0.04684,0.04838,2708283.0,2026-08-04 19:59:59.999000+00:00,1
2026-08-04 20:00:00+00:00,0.0484,0.04841,0.04585,0.0461,2779884.0,2026-08-04 23:59:59.999000+00:00,1
2026-08-05 00:00:00+00:00,0.04609,0.04822,0.04565,0.04698,3496288.0,2026-08-05 03:59:59.999000+00:00,1
2026-08-05 04:00:00+00:00,0.04698,0.0479,0.04686,0.0471,582291.0,2026-08-05 07:59:59.999000+00:00,1
2026-08-05 08:00:00+00:00,0.04709,0.04726,0.04541,0.04579,1049118.0,2026-08-05 11:59:59.999000+00:00,1
2026-08-05 12:00:00+00:00,0.04576,0.04671,0.04377,0.04484,2304663.0,2026-08-05 15:59:59.999000+00:00,1
2026-08-05 16:00:00+00:00,0.04484,0.04644,0.04483,0.04615,1081775.0,2026-08-05 19:59:59.999000+00:00,1
2026-08-05 20:00:00+00:00,0.04615,0.04724,0.0457,0.04675,808730.0,2026-08-05 23:59:59.999000+00:00,1
2026-08-06 00:00:00+00:00,0.04678,0.0471,0.04524,0.04579,638669.0,2026-08-06 03:59:59.999000+00:00,1
2026-08-06 04:00:00+00:00,0.04579,0.04667,0.04534,0.04583,544862.0,2026-08-06 07:59:59.999000+00:00,1
2026-08-06 08:00:00+00:00,0.04588,0.04596,0.04426,0.04511,499098.0,2026-08-06 11:59:59.999000+00:00,1
2026-08-06 12:00:00+00:00,0.04513,0.04679,0.04485,0.04609,679913.0,2026-08-06 15:59:59.999000+00:00,1
2026-08-06 16:00:00+00:00,0.04611,0.04679,0.04492,0.04511,529977.0,2026-08-06 19:59:59.999000+00:00,1
2026-08-06 20:00:00+00:00,0.04511,0.04558,0.04213,0.04312,1203556.0,2026-08-06 23:59:59.999000+00:00,1
2026-08-07 00:00:00+00:00,0.04312,0.04472,0.04296,0.04323,848681.0,2026-08-07 03:59:59.999000+00:00,1
2026-08-07 04:00:00+00:00,0.04324,0.04388,0.04183,0.04241,873233.0,2026-08-07 07:59:59.999000+00:00,1
2026-08-07 08:00:00+00:00,0.04241,0.04296,0.04182,0.04208,698983.0,2026-08-07 11:59:59.999000+00:00,1
2026-08-07 12:00:00+00:00,0.04209,0.04253,0.04133,0.04162,1090723.0,2026-08-07 15:59:59.999000+00:00,1
2026-08-07 16:00:00+00:00,0.04163,0.04221,0.0409,0.0416,819553.0,2026-08-07 19:59:59.999000+00:00,1
2026-08-07 20:00:00+00:00,0.0416,0.04163,0.03915,0.03969,1322738.0,2026-08-07 23:59:59.999000+00:00,1
2026-08-08 00:00:00+00:00,0.03967,0.04041,0.03944,0.0399,728661.0,2026-08-08 03:59:59.999000+00:00,1
2026-08-08 04:00:00+00:00,0.03992,0.04052,0.03941,0.04012,702654.0,2026-08-08 07:59:59.999000+00:00,1
2026-08-08 08:00:00+00:00,0.04011,0.04112,0.03984,0.04036,1324022.0,2026-08-08 11:59:59.999000+00:00,1
2026-08-08 12:00:00+00:00,0.04034,0.04206,0.03986,0.04179,1067803.0,2026-08-08 15:59:59.999000+00:00,1
2026-08-08 16:00:00+00:00,0.04177,0.04188,0.04008,0.0409,627773.0,2026-08-08 19:59:59.999000+00:00,1
2026-08-08 20:00:00+00:00,0.0409,0.04107,0.04006,0.0402,391258.0,2026-08-08 23:59:59.999000+00:00,1
2026-08-09 00:00:00+00:00,0.04021,0.04117,0.03995,0.04056,606253.0,2026-08-09 03:59:59.999000+00:00,1
2026-08-09 04:00:00+00:00,0.04053,0.04083,0.03878,0.03951,1018862.0,2026-08-09 07:59:59.999000+00:00,1
2026-08-09 08:00:00+00:00,0.03954,0.03999,0.03849,0.03884,625889.0,2026-08-09 11:59:59.999000+00:00,1
2026-08-09 12:00:00+00:00,0.03882,0.03892,0.03736,0.03864,1802152.0,2026-08-09 15:59:59.999000+00:00,1
2026-08-09 16:00:00+00:00,0.03867,0.03915,0.0376,0.03819,608155.0,2026-08-09 19:59:59.999000+00:00,1
2026-08-09 20:00:00+00:00,0.03822,0.03971,0.03818,0.03845,843398.0,2026-08-09 23:59:59.999000+00:00,1
2026-08-10 00:00:00+00:00,0.03844,0.03947,0.0384,0.03865,706236.0,2026-08-10 03:59:59.999000+00:00,1
2026-08-10 04:00:00+00:00,0.03865,0.03988,0.03742,0.03874,1557594.0,2026-08-10 07:59:59.999000+00:00,1
2026-08-10 08:00:00+00:00,0.03877,0.03925,0.03794,0.03897,1000434.0,2026-08-10 11:59:59.999000+00:00,1
2026-08-10 12:00:00+00:00,0.039,0.04051,0.03829,0.03881,1406694.0,2026-08-10 15:59:59.999000+00:00,1
2026-08-10 16:00:00+00:00,0.03883,0.03891,0.03739,0.03747,852824.0,2026-08-10 19:59:59.999000+00:00,1
2026-08-10 20:00:00+00:00,0.03747,0.0377,0.03637,0.03689,1219424.0,2026-08-10 23:59:59.999000+00:00,1
2026-08-11 00:00:00+00:00,0.03688,0.03801,0.03683,0.03715,630211.0,2026-08-11 03:59:59.999000+00:00,1
2026-08-11 04:00:00+00:00,0.03715,0.03806,0.0369,0.03715,828658.0,2026-08-11 07:59:59.999000+00:00,1
2026-08-11 08:00:00+00:00,0.03715,0.03787,0.03659,0.03675,788634.0,2026-08-11 11:59:59.999000+00:00,1
2026-08-11 12:00:00+00:00,0.03675,0.03685,0.03531,0.03566,1708766.0,2026-08-11 15:59:59.999000+00:00,1
2026-08-11 16:00:00+00:00,0.03564,0.03675,0.03541,0.03654,563209.0,2026-08-11 19:59:59.999000+00:00,1
2026-08-11 20:00:00+00:00,0.03655,0.03675,0.03609,0.03648,454455.0,2026-08-11 23:59:59.999000+00:00,1
2026-08-12 00:00:00+00:00,0.03648,0.03686,0.03568,0.03661,564510.0,2026-08-12 03:59:59.999000+00:00,1
2026-08-12 04:00:00+00:00,0.0366,0.03707,0.03619,0.03637,617571.0,2026-08-12 07:59:59.999000+00:00,1
2026-08-12 08:00:00+00:00,0.03636,0.03669,0.03537,0.03548,852741.0,2026-08-12 11:59:59.999000+00:00,1
2026-08-12 12:00:00+00:00,0.03544,0.03625,0.03475,0.03495,1381724.0,2026-08-12 15:59:59.999000+00:00,1
2026-08-12 16:00:00+00:00,0.03494,0.03625,0.03484,0.03544,1052304.0,2026-08-12 19:59:59.999000+00:00,1
2026-08-12 20:00:00+00:00,0.03545,0.03618,0.03308,0.03375,1631191.0,2026-08-12 23:59:59.999000+00:00,1
2026-08-13 00:00:00+00:00,0.03375,0.03621,0.03365,0.03619,1114500.0,2026-08-13 03:59:59.999000+00:00,1
2026-08-13 04:00:00+00:00,0.03616,0.03731,0.0361,0.0368,2430631.0,2026-08-13 07:59:59.999000+00:00,1
2026-08-13 08:00:00+00:00,0.03679,0.03901,0.03665,0.03848,2682504.0,2026-08-13 11:59:59.999000+00:00,1
2026-08-13 12:00:00+00:00,0.03846,0.03908,0.03755,0.03813,2205620.0,2026-08-13 15:59:59.999000+00:00,1
2026-08-13 16:00:00+00:00,0.03812,0.03831,0.03631,0.03667,2064579.0,2026-08-13 19:59:59.999000+00:00,1
2026-08-13 20:00:00+00:00,0.03669,0.03802,0.03665,0.03792,1071273.0,2026-08-13 23:59:59.999000+00:00,1
2026-08-14 00:00:00+00:00,0.03791,0.03925,0.03772,0.03872,1134993.0,2026-08-14 03:59:59.999000+00:00,1
2026-08-14 04:00:00+00:00,0.0387,0.03907,0.03803,0.03844,778531.0,2026-08-14 07:59:59.999000+00:00,1
2026-08-14 08:00:00+00:00,0.03842,0.03866,0.03722,0.03754,829095.0,2026-08-14 11:59:59.999000+00:00,1
2026-08-14 12:00:00+00:00,0.03753,0.03999,0.03749,0.03967,943655.0,2026-08-14 15:59:59.999000+00:00,1
2026-08-14 16:00:00+00:00,0.03966,0.03978,0.03859,0.03936,676901.0,2026-08-14 19:59:59.999000+00:00,1
2026-08-14 20:00:00+00:00,0.03936,0.04081,0.03905,0.04008,839772.0,2026-08-14 23:59:59.999000+00:00,1
2026-08-15 00:00:00+00:00,0.04011,0.04027,0.03922,0.03957,566533.0,2026-08-15 03:59:59.999000+00:00,1
2026-08-15 04:00:00+00:00,0.0396,0.04021,0.03893,0.03932,657263.0,2026-08-15 07:59:59.999000+00:00,1
2026-08-15 08:00:00+00:00,0.03933,0.03945,0.03873,0.03884,311073.0,2026-08-15 11:59:59.999000+00:00,1
2026-08-15 12:00:00+00:00,0.03882,0.03925,0.03832,0.03846,680696.0,2026-08-15 15:59:59.999000+00:00,1
2026-08-15 16:00:00+00:00,0.03845,0.04104,0.03828,0.03981,1527015.0,2026-08-15 19:59:59.999000+00:00,1
2026-08-15 20:00:00+00:00,0.03983,0.04008,0.03896,0.03903,547857.0,2026-08-15 23:59:59.999000+00:00,1
2026-08-16 00:00:00+00:00,0.03902,0.03952,0.03846,0.03929,502866.0,2026-08-16 03:59:59.999000+00:00,1
2026-08-16 04:00:00+00:00,0.03927,0.04055,0.03903,0.04003,896240.0,2026-08-16 07:59:59.999000+00:00,1
2026-08-16 08:00:00+00:00,0.04002,0.04192,0.03978,0.04148,1489792.0,2026-08-16 11:59:59.999000+00:00,1
2026-08-16 12:00:00+00:00,0.04148,0.04271,0.0411,0.0425,1602670.0,2026-08-16 15:59:59.999000+00:00,1
2026-08-16 16:00:00+00:00,0.04246,0.04273,0.04081,0.04107,872779.0,2026-08-16 19:59:59.999000+00:00,1
2026-08-16 20:00:00+00:00,0.04109,0.04113,0.03966,0.04037,840678.0,2026-08-16 23:59:59.999000+00:00,1
2026-08-17 00:00:00+00:00,0.04036,0.04128,0.03985,0.04093,965784.0,2026-08-17 03:59:59.999000+00:00,1
2026-08-17 04:00:00+00:00,0.04097,0.04193,0.04073,0.04153,649475.0,2026-08-17 07:59:59.999000+00:00,1
2026-08-17 08:00:00+00:00,0.04154,0.04251,0.04129,0.04139,1218167.0,2026-08-17 11:59:59.999000+00:00,1
2026-08-17 12:00:00+00:00,0.04142,0.04171,0.0406,0.04111,838448.0,2026-08-17 15:59:59.999000+00:00,1
2026-08-17 16:00:00+00:00,0.04111,0.0415,0.04065,0.04116,386179.0,2026-08-17 19:59:59.999000+00:00,1
2026-08-17 20:00:00+00:00,0.04117,0.04345,0.04105,0.04228,1236493.0,2026-08-17 23:59:59.999000+00:00,1
2026-08-18 00:00:00+00:00,0.04231,0.0424,0.03987,0.04011,1076447.0,2026-08-18 03:59:59.999000+00:00,1
2026-08-18 04:00:00+00:00,0.04013,0.04103,0.03984,0.04072,597598.0,2026-08-18 07:59:59.999000+00:00,1
2026-08-18 08:00:00+00:00,0.04072,0.04072,0.03787,0.03803,1850037.0,2026-08-18 11:59:59.999000+00:00,1
2026-08-18 12:00:00+00:00,0.03802,0.03849,0.03733,0.03774,1056663.0,2026-08-18 15:59:59.999000+00:00,1
2026-08-18 16:00:00+00:00,0.03776,0.03819,0.03747,0.03786,474262.0,2026-08-18 19:59:59.999000+00:00,1
2026-08-18 20:00:00+00:00,0.03785,0.03789,0.03722,0.03738,409796.0,2026-08-18 23:59:59.999000+00:00,1
2026-08-19 00:00:00+00:00,0.0374,0.03794,0.03561,0.03648,1401415.0,2026-08-19 03:59:59.999000+00:00,1
2026-08-19 04:00:00+00:00,0.03648,0.03703,0.03637,0.03686,458835.0,2026-08-19 07:59:59.999000+00:00,1
2026-08-19 08:00:00+00:00,0.03686,0.03732,0.03605,0.03678,636311.0,2026-08-19 11:59:59.999000+00:00,1
2026-08-19 12:00:00+00:00,0.03677,0.04012,0.03659,0.03926,1845865.0,2026-08-19 15:59:59.999000+00:00,1
2026-08-19 16:00:00+00:00,0.03925,0.04158,0.03909,0.04122,1524063.0,2026-08-19 19:59:59.999000+00:00,1
2026-08-19 20:00:00+00:00,0.04125,0.04455,0.04079,0.04408,1784429.0,2026-08-19 23:59:59.999000+00:00,1
2026-08-20 00:00:00+00:00,0.04407,0.04469,0.04215,0.04215,1412276.0,2026-08-20 03:59:59.999000+00:00,1
2026-08-20 04:00:00+00:00,0.04216,0.04537,0.04188,0.04529,973949.0,2026-08-20 07:59:59.999000+00:00,1
2026-08-20 08:00:00+00:00,0.04528,0.04918,0.04472,0.04776,4542886.0,2026-08-20 11:59:59.999000+00:00,1
2026-08-20 12:00:00+00:00,0.04776,0.04993,0.04724,0.04961,4048755.0,2026-08-20 15:59:59.999000+00:00,1
2026-08-20 16:00:00+00:00,0.0496,0.04973,0.04725,0.04823,1646997.0,2026-08-20 19:59:59.999000+00:00,1
2026-08-20 20:00:00+00:00,0.04821,0.05031,0.04808,0.04904,1117230.0,2026-08-20 23:59:59.999000+00:00,1
2026-08-21 00:00:00+00:00,0.04905,0.05003,0.04854,0.04896,1179162.0,2026-08-21 03:59:59.999000+00:00,1
2026-08-21 04:00:00+00:00,0.04897,0.05568,0.0489,0.05535,4190976.0,2026-08-21 07:59:59.999000+00:00,1
2026-08-21 08:00:00+00:00,0.05535,0.06041,0.05369,0.05687,5669643.0,2026-08-21 11:59:59.999000+00:00,1
2026-08-21 12:00:00+00:00,0.0569,0.06132,0.05607,0.06028,3063016.0,2026-08-21 15:59:59.999000+00:00,1
2026-08-21 16:00:00+00:00,0.06029,0.06272,0.05813,0.05898,3213710.0,2026-08-21 19:59:59.999000+00:00,1
2026-08-21 20:00:00+00:00,0.05898,0.06615,0.05894,0.06472,2631663.0,2026-08-21 23:59:59.999000+00:00,1
2026-08-22 00:00:00+00:00,0.06474,0.06823,0.06366,0.06723,1977160.0,2026-08-22 03:59:59.999000+00:00,1
2026-08-22 04:00:00+00:00,0.06723,0.07136,0.03868,0.06465,5490598.0,2026-08-22 07:59:59.999000+00:00,1
2026-08-22 08:00:00+00:00,0.06466,0.06677,0.061,0.06552,1507482.0,2026-08-22 11:59:59.999000+00:00,1
2026-08-22 12:00:00+00:00,0.0655,0.06957,0.06486,0.0653,1868313.0,2026-08-22 15:59:59.999000+00:00,1
2026-08-22 16:00:00+00:00,0.0653,0.06849,0.06372,0.06583,1126501.0,2026-08-22 19:59:59.999000+00:00,1
2026-08-22 20:00:00+00:00,0.06582,0.06645,0.0617,0.0652,625771.0,2026-08-22 23:59:59.999000+00:00,1
2026-08-23 00:00:00+00:00,0.06518,0.06715,0.06259,0.06356,901470.0,2026-08-23 03:59:59.999000+00:00,1
2026-08-23 04:00:00+00:00,0.06355,0.06827,0.0627,0.06764,1013110.0,2026-08-23 07:59:59.999000+00:00,1
2026-08-23 08:00:00+00:00,0.06767,0.07069,0.06718,0.07,1142792.0,2026-08-23 11:59:59.999000+00:00,1
2026-08-23 12:00:00+00:00,0.07002,0.0727,0.06767,0.07101,1773683.0,2026-08-23 15:59:59.999000+00:00,1
2026-08-23 16:00:00+00:00,0.07095,0.07499,0.06966,0.07005,1702845.0,2026-08-23 19:59:59.999000+00:00,1
2026-08-23 20:00:00+00:00,0.07007,0.07161,0.06878,0.06921,837059.0,2026-08-23 23:59:59.999000+00:00,1
2026-08-24 00:00:00+00:00,0.0692,0.06921,0.06657,0.0674,1009625.0,2026-08-24 03:59:59.999000+00:00,1
2026-08-24 04:00:00+00:00,0.06743,0.0706,0.06743,0.06768,904607.0,2026-08-24 07:59:59.999000+00:00,1
2026-08-24 08:00:00+00:00,0.06769,0.06772,0.06447,0.06653,871729.0,2026-08-24 11:59:59.999000+00:00,1
2026-08-24 12:00:00+00:00,0.06656,0.0689,0.06365,0.06394,1385197.0,2026-08-24 15:59:59.999000+00:00,1
2026-08-24 16:00:00+00:00,0.06398,0.06662,0.06253,0.06473,769491.0,2026-08-24 19:59:59.999000+00:00,1
2026-08-24 20:00:00+00:00,0.06474,0.0657,0.06404,0.06553,323681.0,2026-08-24 23:59:59.999000+00:00,1
2026-08-25 00:00:00+00:00,0.06555,0.06771,0.0649,0.06558,709122.0,2026-08-25 03:59:59.999000+00:00,1
2026-08-25 04:00:00+00:00,0.06558,0.0672,0.06338,0.06408,473454.0,2026-08-25 07:59:59.999000+00:00,1
2026-08-25 08:00:00+00:00,0.06412,0.06516,0.06212,0.06259,543238.0,2026-08-25 11:59:59.999000+00:00,1
2026-08-25 12:00:00+00:00,0.06261,0.06355,0.061,0.0622,904725.0,2026-08-25 15:59:59.999000+00:00,1
2026-08-25 16:00:00+00:00,0.06216,0.06478,0.06173,0.06308,611020.0,2026-08-25 19:59:59.999000+00:00,1
2026-08-25 20:00:00+00:00,0.06302,0.06317,0.06029,0.06161,524300.0,2026-08-25 23:59:59.999000+00:00,1
2026-08-26 00:00:00+00:00,0.06163,0.06449,0.06136,0.0634,422560.0,2026-08-26 03:59:59.999000+00:00,1
2026-08-26 04:00:00+00:00,0.06338,0.06634,0.06307,0.06473,693052.0,2026-08-26 07:59:59.999000+00:00,1
2026-08-26 08:00:00+00:00,0.06476,0.06629,0.06352,0.06464,543011.0,2026-08-26 11:59:59.999000+00:00,1
2026-08-26 12:00:00+00:00,0.06462,0.06625,0.06207,0.06246,898071.0,2026-08-26 15:59:59.999000+00:00,1
2026-08-26 16:00:00+00:00,0.06247,0.06398,0.06143,0.06328,527444.0,2026-08-26 19:59:59.999000+00:00,1
2026-08-26 20:00:00+00:00,0.06327,0.06822,0.0628,0.06778,671565.0,2026-08-26 23:59:59.999000+00:00,1
2026-08-27 00:00:00+00:00,0.06777,0.06812,0.06563,0.06614,594585.0,2026-08-27 03:59:59.999000+00:00,1
2026-08-27 04:00:00+00:00,0.06615,0.06647,0.06406,0.06557,313165.0,2026-08-27 07:59:59.999000+00:00,1
2026-08-27 08:00:00+00:00,0.06558,0.07067,0.06553,0.06888,1159196.0,2026-08-27 11:59:59.999000+00:00,1
2026-08-27 12:00:00+00:00,0.06884,0.07297,0.06703,0.07138,1079380.0,2026-08-27 15:59:59.999000+00:00,1
2026-08-27 16:00:00+00:00,0.07139,0.07378,0.06889,0.06915,851410.0,2026-08-27 19:59:59.999000+00:00,1
2026-08-27 20:00:00+00:00,0.06907,0.07038,0.06874,0.06904,410770.0,2026-08-27 23:59:59.999000+00:00,1
2026-08-28 00:00:00+00:00,0.06902,0.06997,0.0662,0.067,595949.0,2026-08-28 03:59:59.999000+00:00,1
2026-08-28 04:00:00+00:00,0.06699,0.06744,0.06583,0.06714,312227.0,2026-08-28 07:59:59.999000+00:00,1
2026-08-28 08:00:00+00:00,0.06711,0.06766,0.06347,0.06396,591942.0,2026-08-28 11:59:59.999000+00:00,1
2026-08-28 12:00:00+00:00,0.06395,0.06466,0.06121,0.06228,1319759.0,2026-08-28 15:59:59.999000+00:00,1
2026-08-28 16:00:00+00:00,0.06228,0.06242,0.05844,0.05978,907655.0,2026-08-28 19:59:59.999000+00:00,1
2026-08-28 20:00:00+00:00,0.05978,0.0605,0.05872,0.06016,426561.0,2026-08-28 23:59:59.999000+00:00,1
2026-08-29 00:00:00+00:00,0.06017,0.06072,0.05928,0.05928,390516.0,2026-08-29 03:59:59.999000+00:00,1
2026-08-29 04:00:00+00:00,0.05931,0.06034,0.0587,0.05971,374891.0,2026-08-29 07:59:59.999000+00:00,1
2026-08-29 08:00:00+00:00,0.05969,0.06266,0.05888,0.06192,564770.0,2026-08-29 11:59:59.999000+00:00,1
2026-08-29 12:00:00+00:00,0.06197,0.0636,0.06138,0.06248,514251.0,2026-08-29 15:59:59.999000+00:00,1
2026-08-29 16:00:00+00:00,0.06246,0.06414,0.06163,0.06246,491592.0,2026-08-29 19:59:59.999000+00:00,1
2026-08-29 20:00:00+00:00,0.06245,0.06677,0.06222,0.06501,874928.0,2026-08-29 23:59:59.999000+00:00,1
2026-08-30 00:00:00+00:00,0.06503,0.06661,0.06301,0.06364,756236.0,2026-08-30 03:59:59.999000+00:00,1
2026-08-30 04:00:00+00:00,0.06361,0.06522,0.06334,0.06397,401868.0,2026-08-30 07:59:59.999000+00:00,1
2026-08-30 08:00:00+00:00,0.0639,0.0646,0.06324,0.0637,235779.0,2026-08-30 11:59:59.999000+00:00,1
2026-08-30 12:00:00+00:00,0.06371,0.06617,0.06355,0.06393,458454.0,2026-08-30 15:59:59.999000+00:00,1
2026-08-30 16:00:00+00:00,0.06391,0.06528,0.06291,0.06316,518870.0,2026-08-30 19:59:59.999000+00:00,1
2026-08-30 20:00:00+00:00,0.06316,0.07195,0.06212,0.068,4049775.0,2026-08-30 23:59:59.999000+00:00,1
2026-08-31 00:00:00+00:00,0.06797,0.07095,0.0657,0.0668,2219012.0,2026-08-31 03:59:59.999000+00:00,1
2026-08-31 04:00:00+00:00,0.06682,0.06966,0.06594,0.06902,826281.0,2026-08-31 07:59:59.999000+00:00,1
2026-08-31 08:00:00+00:00,0.06906,0.07065,0.06694,0.06811,1329230.0,2026-08-31 11:59:59.999000+00:00,1
2026-08-31 12:00:00+00:00,0.06807,0.07534,0.06776,0.07482,2893483.0,2026-08-31 15:59:59.999000+00:00,1
2026-08-31 16:00:00+00:00,0.07474,0.09448,0.07415,0.09289,29584951.0,2026-08-31 19:59:59.999000+00:00,1
2026-08-31 20:00:00+00:00,0.0929,0.09409,0.08677,0.08968,9317921.0,2026-08-31 23:59:59.999000+00:00,1
2026-09-01 00:00:00+00:00,0.08967,0.09666,0.08924,0.09502,9534434.0,2026-09-01 03:59:59.999000+00:00,1
2026-09-01 04:00:00+00:00,0.09503,0.09695,0.09129,0.09199,10738272.0,2026-09-01 07:59:59.999000+00:00,1
2026-09-01 08:00:00+00:00,0.09193,0.10465,0.08684,0.10245,25086987.0,2026-09-01 11:59:59.999000+00:00,1
2026-09-01 12:00:00+00:00,0.1025,0.10599,0.097,0.10354,30809679.0,2026-09-01 15:59:59.999000+00:00,1
2026-09-01 16:00:00+00:00,0.10353,0.12595,0.09872,0.11616,36517382.0,2026-09-01 19:59:59.999000+00:00,1
2026-09-01 20:00:00+00:00,0.11615,0.11898,0.10612,0.11152,15338979.0,2026-09-01 23:59:59.999000+00:00,1
2026-09-02 00:00:00+00:00,0.11152,0.115,0.10717,0.1099,15820869.0,2026-09-02 03:59:59.999000+00:00,1
2026-09-02 04:00:00+00:00,0.10995,0.11853,0.10922,0.1165,12378279.0,2026-09-02 07:59:59.999000+00:00,1
2026-09-02 08:00:00+00:00,0.11653,0.11911,0.09777,0.10511,27146539.0,2026-09-02 11:59:59.999000+00:00,1
2026-09-02 12:00:00+00:00,0.1051,0.1187,0.10203,0.11809,24601238.0,2026-09-02 15:59:59.999000+00:00,1
2026-09-02 16:00:00+00:00,0.11801,0.13558,0.11637,0.12213,34930770.0,2026-09-02 19:59:59.999000+00:00,1
2026-09-02 20:00:00+00:00,0.12216,0.12763,0.1189,0.12271,7227753.0,2026-09-02 23:59:59.999000+00:00,1
2026-09-03 00:00:00+00:00,0.12273,0.13315,0.12271,0.13192,12351696.0,2026-09-03 03:59:59.999000+00:00,1
2026-09-03 04:00:00+00:00,0.132,0.15796,0.12867,0.14535,38991856.0,2026-09-03 07:59:59.999000+00:00,1
2026-09-03 08:00:00+00:00,0.1454,0.15677,0.14052,0.15629,19776531.0,2026-09-03 11:59:59.999000+00:00,1
2026-09-03 12:00:00+00:00,0.15628,0.19462,0.15063,0.18703,45460102.0,2026-09-03 15:59:59.999000+00:00,1
2026-09-03 16:00:00+00:00,0.18691,0.20635,0.17671,0.18437,27918609.0,2026-09-03 19:59:59.999000+00:00,1
2026-09-03 20:00:00+00:00,0.18431,0.212,0.18026,0.20738,13805258.0,2026-09-03 23:59:59.999000+00:00,1
2026-09-04 00:00:00+00:00,0.20726,0.22103,0.1944,0.20878,31158641.0,2026-09-04 03:59:59.999000+00:00,1
2026-09-04 04:00:00+00:00,0.20886,0.2578,0.20512,0.24292,40792947.0,2026-09-04 07:59:59.999000+00:00,1
2026-09-04 08:00:00+00:00,0.243,0.2885,0.2133,0.25296,63005940.0,2026-09-04 11:59:59.999000+00:00,1
2026-09-04 12:00:00+00:00,0.25295,0.26353,0.22286,0.2254,39921698.0,2026-09-04 15:59:59.999000+00:00,1
2026-09-04 16:00:00+00:00,0.22538,0.25225,0.2193,0.24853,21318164.0,2026-09-04 19:59:59.999000+00:00,1
2026-09-04 20:00:00+00:00,0.24853,0.26865,0.24337,0.26464,10637677.0,2026-09-04 23:59:59.999000+00:00,1
2026-09-05 00:00:00+00:00,0.26466,0.27388,0.22704,0.23171,26264565.0,2026-09-05 03:59:59.999000+00:00,1
2026-09-05 04:00:00+00:00,0.23178,0.24244,0.21101,0.23567,23536341.0,2026-09-05 07:59:59.999000+00:00,1
2026-09-05 08:00:00+00:00,0.23576,0.24968,0.2285,0.23739,14914526.0,2026-09-05 11:59:59.999000+00:00,1
2026-09-05 12:00:00+00:00,0.2374,0.27263,0.23471,0.26571,22900088.0,2026-09-05 15:59:59.999000+00:00,1
2026-09-05 16:00:00+00:00,0.2656,0.31888,0.26477,0.28795,34253987.0,2026-09-05 19:59:59.999000+00:00,1
2026-09-05 20:00:00+00:00,0.288,0.28985,0.24697,0.25795,13005136.0,2026-09-05 23:59:59.999000+00:00,1
2026-09-06 00:00:00+00:00,0.25795,0.27297,0.24001,0.24305,11769270.0,2026-09-06 03:59:59.999000+00:00,1
2026-09-06 04:00:00+00:00,0.24307,0.25856,0.23553,0.23768,13771215.0,2026-09-06 07:59:59.999000+00:00,1
2026-09-06 08:00:00+00:00,0.2376,0.24169,0.20745,0.22481,20406871.0,2026-09-06 11:59:59.999000+00:00,1
2026-09-06 12:00:00+00:00,0.22482,0.23136,0.2058,0.21616,14426329.0,2026-09-06 15:59:59.999000+00:00,1
2026-09-06 16:00:00+00:00,0.21616,0.23693,0.21301,0.22118,12114807.0,2026-09-06 19:59:59.999000+00:00,1
2026-09-06 20:00:00+00:00,0.22124,0.2317,0.21452,0.21563,4884956.0,2026-09-06 23:59:59.999000+00:00,1
2026-09-07 00:00:00+00:00,0.21572,0.22677,0.21022,0.22121,9589695.0,2026-09-07 03:59:59.999000+00:00,1
2026-09-07 04:00:00+00:00,0.22123,0.22559,0.18888,0.19627,15838989.0,2026-09-07 07:59:59.999000+00:00,1
2026-09-07 08:00:00+00:00,0.19621,0.24921,0.19577,0.22656,28281220.0,2026-09-07 11:59:59.999000+00:00,1
2026-09-07 12:00:00+00:00,0.22661,0.23485,0.21694,0.22686,15328620.0,2026-09-07 15:59:59.999000+00:00,1
2026-09-07 16:00:00+00:00,0.22685,0.23499,0.21786,0.23358,6980714.0,2026-09-07 19:59:59.999000+00:00,1
2026-09-07 20:00:00+00:00,0.23359,0.23718,0.22102,0.23045,3441115.0,2026-09-07 23:59:59.999000+00:00,1
2026-09-08 00:00:00+00:00,0.23035,0.23981,0.2188,0.22075,7515127.0,2026-09-08 03:59:59.999000+00:00,1
2026-09-08 04:00:00+00:00,0.22075,0.25704,0.22013,0.23246,13620462.0,2026-09-08 07:59:59.999000+00:00,1
2026-09-08 08:00:00+00:00,0.23246,0.28899,0.23016,0.26172,23513872.0,2026-09-08 11:59:59.999000+00:00,1
2026-09-08 12:00:00+00:00,0.26172,0.31285,0.25065,0.2998,27909713.0,2026-09-08 15:59:59.999000+00:00,1
2026-09-08 16:00:00+00:00,0.29978,0.30564,0.26585,0.27784,15480180.0,2026-09-08 19:59:59.999000+00:00,1
2026-09-08 20:00:00+00:00,0.27777,0.28766,0.27328,0.28437,4132609.0,2026-09-08 23:59:59.999000+00:00,1
2026-09-09 00:00:00+00:00,0.28437,0.3007,0.27791,0.28605,8469512.0,2026-09-09 03:59:59.999000+00:00,1
2026-09-09 04:00:00+00:00,0.286,0.33678,0.27857,0.32069,18977154.0,2026-09-09 07:59:59.999000+00:00,1
2026-09-09 08:00:00+00:00,0.32071,0.33183,0.30042,0.30977,16526690.0,2026-09-09 11:59:59.999000+00:00,1
2026-09-09 12:00:00+00:00,0.30976,0.32281,0.2716,0.27399,14779749.0,2026-09-09 15:59:59.999000+00:00,1
2026-09-09 16:00:00+00:00,0.274,0.28069,0.25003,0.25484,10035313.0,2026-09-09 19:59:59.999000+00:00,1
2026-09-09 20:00:00+00:00,0.25491,0.25644,0.22253,0.22505,8996508.0,2026-09-09 23:59:59.999000+00:00,1
2026-09-10 00:00:00+00:00,0.22506,0.23842,0.21703,0.22988,10982151.0,2026-09-10 03:59:59.999000+00:00,1
2026-09-10 04:00:00+00:00,0.22988,0.24432,0.22348,0.24171,9137293.0,2026-09-10 07:59:59.999000+00:00,1
2026-09-10 08:00:00+00:00,0.2417,0.25812,0.23286,0.25281,10191321.0,2026-09-10 11:59:59.999000+00:00,1
2026-09-10 12:00:00+00:00,0.25272,0.25498,0.21928,0.23459,13904831.0,2026-09-10 15:59:59.999000+00:00,1
2026-09-10 16:00:00+00:00,0.23461,0.25375,0.2252,0.24243,7767173.0,2026-09-10 19:59:59.999000+00:00,1
2026-09-10 20:00:00+00:00,0.24252,0.24733,0.23023,0.23088,3439186.0,2026-09-10 23:59:59.999000+00:00,1
2026-09-11 00:00:00+00:00,0.2309,0.23622,0.20219,0.21698,9531241.0,2026-09-11 03:59:59.999000+00:00,1
2026-09-11 04:00:00+00:00,0.21693,0.22665,0.20918,0.22107,6824500.0,2026-09-11 07:59:59.999000+00:00,1
2026-09-11 08:00:00+00:00,0.22101,0.22999,0.21772,0.22519,5092836.0,2026-09-11 11:59:59.999000+00:00,1
2026-09-11 12:00:00+00:00,0.2252,0.25986,0.21901,0.23955,16463496.0,2026-09-11 15:59:59.999000+00:00,1
2026-09-11 16:00:00+00:00,0.23959,0.24424,0.21499,0.21972,6421501.0,2026-09-11 19:59:59.999000+00:00,1
2026-09-11 20:00:00+00:00,0.21973,0.22557,0.21204,0.21443,2285959.0,2026-09-11 23:59:59.999000+00:00,1
2026-09-12 00:00:00+00:00,0.21438,0.22954,0.21188,0.22034,5136262.0,2026-09-12 03:59:59.999000+00:00,1
2026-09-12 04:00:00+00:00,0.22034,0.23491,0.21561,0.23381,3665991.0,2026-09-12 07:59:59.999000+00:00,1
2026-09-12 08:00:00+00:00,0.23377,0.24219,0.22901,0.23872,5175775.0,2026-09-12 11:59:59.999000+00:00,1
2026-09-12 12:00:00+00:00,0.23884,0.24456,0.23272,0.23757,4926434.0,2026-09-12 15:59:59.999000+00:00,1
2026-09-12 16:00:00+00:00,0.23763,0.23982,0.22429,0.22726,3807648.0,2026-09-12 19:59:59.999000+00:00,1
2026-09-12 20:00:00+00:00,0.22726,0.23294,0.22483,0.2321,1475887.0,2026-09-12 23:59:59.999000+00:00,1
2026-09-13 00:00:00+00:00,0.23214,0.24213,0.22756,0.23178,4134164.0,2026-09-13 03:59:59.999000+00:00,1
2026-09-13 04:00:00+00:00,0.23178,0.23352,0.2213,0.22409,2930083.0,2026-09-13 07:59:59.999000+00:00,1
2026-09-13 08:00:00+00:00,0.22409,0.23147,0.21683,0.21746,4015091.0,2026-09-13 11:59:59.999000+00:00,1
2026-09-13 12:00:00+00:00,0.21748,0.22658,0.20585,0.20696,5995440.0,2026-09-13 15:59:59.999000+00:00,1
2026-09-13 16:00:00+00:00,0.20706,0.22168,0.2055,0.21968,3156047.0,2026-09-13 19:59:59.999000+00:00,1
2026-09-13 20:00:00+00:00,0.21968,0.23134,0.21121,0.21376,3352175.0,2026-09-13 23:59:59.999000+00:00,1
2026-09-14 00:00:00+00:00,0.21378,0.21753,0.201,0.20272,4104243.0,2026-09-14 03:59:59.999000+00:00,1
2026-09-14 04:00:00+00:00,0.20275,0.21279,0.20092,0.20919,3360369.0,2026-09-14 07:59:59.999000+00:00,1
2026-09-14 08:00:00+00:00,0.20915,0.21058,0.19575,0.19758,4437046.0,2026-09-14 11:59:59.999000+00:00,1
2026-09-14 12:00:00+00:00,0.19758,0.20983,0.19224,0.20156,6699674.0,2026-09-14 15:59:59.999000+00:00,1
2026-09-14 16:00:00+00:00,0.20171,0.22204,0.19509,0.21225,7006615.0,2026-09-14 19:59:59.999000+00:00,1
2026-09-14 20:00:00+00:00,0.21226,0.22068,0.19376,0.19638,3186037.0,2026-09-14 23:59:59.999000+00:00,1
2026-09-15 00:00:00+00:00,0.19639,0.20634,0.19536,0.19823,2866732.0,2026-09-15 03:59:59.999000+00:00,1
2026-09-15 04:00:00+00:00,0.19822,0.20595,0.19787,0.19869,2617190.0,2026-09-15 07:59:59.999000+00:00,1
2026-09-15 08:00:00+00:00,0.19872,0.20831,0.1966,0.2039,2998255.0,2026-09-15 11:59:59.999000+00:00,1
2026-09-15 12:00:00+00:00,0.2039,0.2142,0.197,0.20426,7323204.0,2026-09-15 15:59:59.999000+00:00,1
2026-09-15 16:00:00+00:00,0.20421,0.22138,0.20071,0.21832,6356779.0,2026-09-15 19:59:59.999000+00:00,1
2026-09-15 20:00:00+00:00,0.21834,0.225,0.2115,0.21503,4070280.0,2026-09-15 23:59:59.999000+00:00,1
2026-09-16 00:00:00+00:00,0.21517,0.22786,0.215,0.2239,5554804.0,2026-09-16 03:59:59.999000+00:00,1
2026-09-16 04:00:00+00:00,0.2238,0.24241,0.2201,0.24077,9871092.0,2026-09-16 07:59:59.999000+00:00,1
2026-09-16 08:00:00+00:00,0.24073,0.25,0.22881,0.23545,13462549.0,2026-09-16 11:59:59.999000+00:00,1
2026-09-16 12:00:00+00:00,0.23546,0.24243,0.22316,0.22479,7823961.0,2026-09-16 15:59:59.999000+00:00,1
2026-09-16 16:00:00+00:00,0.2247,0.23866,0.22168,0.22344,6755649.0,2026-09-16 19:59:59.999000+00:00,1
2026-09-16 20:00:00+00:00,0.22345,0.23498,0.22234,0.23075,3328226.0,2026-09-16 23:59:59.999000+00:00,1
2026-09-17 00:00:00+00:00,0.23074,0.26,0.22817,0.2586,6746657.0,2026-09-17 03:59:59.999000+00:00,1
2026-09-17 04:00:00+00:00,0.25864,0.28082,0.25444,0.26505,15493240.0,2026-09-17 07:59:59.999000+00:00,1
2026-09-17 08:00:00+00:00,0.26504,0.27796,0.2604,0.26365,7848981.0,2026-09-17 11:59:59.999000+00:00,1
2026-09-17 12:00:00+00:00,0.2637,0.26578,0.2471,0.25548,8919748.0,2026-09-17 15:59:59.999000+00:00,1
2026-09-17 16:00:00+00:00,0.25538,0.26398,0.25214,0.25787,3885953.0,2026-09-17 19:59:59.999000+00:00,1
2026-09-17 20:00:00+00:00,0.25784,0.26973,0.25645,0.26478,2245275.0,2026-09-17 23:59:59.999000+00:00,1
2026-09-18 00:00:00+00:00,0.26473,0.27882,0.25713,0.27744,4033791.0,2026-09-18 03:59:59.999000+00:00,1
2026-09-18 04:00:00+00:00,0.27749,0.27835,0.249,0.26369,6136800.0,2026-09-18 07:59:59.999000+00:00,1
2026-09-18 08:00:00+00:00,0.26364,0.26484,0.24339,0.24775,3378035.0,2026-09-18 11:59:59.999000+00:00,1
2026-09-18 12:00:00+00:00,0.24781,0.25785,0.23852,0.25184,4615327.0,2026-09-18 15:59:59.999000+00:00,1
2026-09-18 16:00:00+00:00,0.25184,0.2989,0.25144,0.29154,7794593.0,2026-09-18 19:59:59.999000+00:00,1
2026-09-18 20:00:00+00:00,0.29162,0.30499,0.28638,0.29183,2939264.0,2026-09-18 23:59:59.999000+00:00,1
2026-09-19 00:00:00+00:00,0.29181,0.309,0.29011,0.29657,4177419.0,2026-09-19 03:59:59.999000+00:00,1
2026-09-19 04:00:00+00:00,0.29664,0.29944,0.27047,0.27829,4113759.0,2026-09-19 07:59:59.999000+00:00,1
2026-09-19 08:00:00+00:00,0.27829,0.28029,0.26143,0.26701,2881057.0,2026-09-19 11:59:59.999000+00:00,1
2026-09-19 12:00:00+00:00,0.26688,0.28228,0.26615,0.27541,3333507.0,2026-09-19 15:59:59.999000+00:00,1
2026-09-19 16:00:00+00:00,0.27545,0.27752,0.25424,0.258,2841531.0,2026-09-19 19:59:59.999000+00:00,1
2026-09-19 20:00:00+00:00,0.25798,0.26181,0.25006,0.25615,1485830.0,2026-09-19 23:59:59.999000+00:00,1
2026-09-20 00:00:00+00:00,0.25611,0.25964,0.24404,0.25084,2055971.0,2026-09-20 03:59:59.999000+00:00,1
2026-09-20 04:00:00+00:00,0.25083,0.26423,0.25052,0.26072,1567141.0,2026-09-20 07:59:59.999000+00:00,1
2026-09-20 08:00:00+00:00,0.26059,0.26281,0.25205,0.2569,1572134.0,2026-09-20 11:59:59.999000+00:00,1
2026-09-20 12:00:00+00:00,0.25686,0.26835,0.25132,0.25218,2266764.0,2026-09-20 15:59:59.999000+00:00,1
2026-09-20 16:00:00+00:00,0.25216,0.25387,0.2412,0.24514,2064279.0,2026-09-20 19:59:59.999000+00:00,1
2026-09-20 20:00:00+00:00,0.24517,0.247,0.2343,0.23809,1394282.0,2026-09-20 23:59:59.999000+00:00,1
2026-09-21 00:00:00+00:00,0.23818,0.25777,0.23597,0.24869,2960992.0,2026-09-21 03:59:59.999000+00:00,1
2026-09-21 04:00:00+00:00,0.2487,0.25093,0.23909,0.24546,2081291.0,2026-09-21 07:59:59.999000+00:00,1
2026-09-21 08:00:00+00:00,0.24546,0.29032,0.24177,0.27877,6247052.0,2026-09-21 11:59:59.999000+00:00,1
2026-09-21 12:00:00+00:00,0.2786,0.291,0.26774,0.2808,4064455.0,2026-09-21 15:59:59.999000+00:00,1
2026-09-21 16:00:00+00:00,0.28087,0.3,0.27704,0.28194,5025592.0,2026-09-21 19:59:59.999000+00:00,1
2026-09-21 20:00:00+00:00,0.28206,0.30274,0.27019,0.28005,3212694.0,2026-09-21 23:59:59.999000+00:00,1
2026-09-22 00:00:00+00:00,0.28004,0.29359,0.2514,0.26225,3711708.0,2026-09-22 03:59:59.999000+00:00,1
2026-09-22 04:00:00+00:00,0.26215,0.29382,0.26029,0.28904,3193813.0,2026-09-22 07:59:59.999000+00:00,1
2026-09-22 08:00:00+00:00,0.28916,0.3164,0.28856,0.31488,5656933.0,2026-09-22 11:59:59.999000+00:00,1
2026-09-22 12:00:00+00:00,0.31473,0.32218,0.29735,0.3028,5473718.0,2026-09-22 15:59:59.999000+00:00,1
2026-09-22 16:00:00+00:00,0.3028,0.33969,0.29345,0.32882,6243585.0,2026-09-22 19:59:59.999000+00:00,1
2026-09-22 20:00:00+00:00,0.32884,0.35819,0.32838,0.34636,4744921.0,2026-09-22 23:59:59.999000+00:00,1
2026-09-23 00:00:00+00:00,0.34636,0.35376,0.33481,0.34861,3688695.0,2026-09-23 03:59:59.999000+00:00,1
2026-09-23 04:00:00+00:00,0.34861,0.35879,0.3205,0.32683,4784514.0,2026-09-23 07:59:59.999000+00:00,1
2026-09-23 08:00:00+00:00,0.3268,0.332,0.31728,0.32115,3189205.0,2026-09-23 11:59:59.999000+00:00,1
2026-09-23 12:00:00+00:00,0.32113,0.33554,0.28892,0.29199,6518049.0,2026-09-23 15:59:59.999000+00:00,1
2026-09-23 16:00:00+00:00,0.29193,0.31025,0.28567,0.29812,4614276.0,2026-09-23 19:59:59.999000+00:00,1
2026-09-23 20:00:00+00:00,0.29814,0.3043,0.28988,0.2947,1335805.0,2026-09-23 23:59:59.999000+00:00,1
2026-09-24 00:00:00+00:00,0.29472,0.31073,0.29083,0.30199,2259556.0,2026-09-24 03:59:59.999000+00:00,1
2026-09-24 04:00:00+00:00,0.30189,0.31105,0.29262,0.29874,1972144.0,2026-09-24 07:59:59.999000+00:00,1
2026-09-24 08:00:00+00:00,0.29878,0.30055,0.2728,0.27494,3827008.0,2026-09-24 11:59:59.999000+00:00,1
2026-09-24 12:00:00+00:00,0.27499,0.29558,0.27143,0.29369,3815071.0,2026-09-24 15:59:59.999000+00:00,1
2026-09-24 16:00:00+00:00,0.29376,0.30769,0.2863,0.28819,2718269.0,2026-09-24 19:59:59.999000+00:00,1
2026-09-24 20:00:00+00:00,0.2881,0.29366,0.28075,0.28263,886607.0,2026-09-24 23:59:59.999000+00:00,1
2026-09-25 00:00:00+00:00,0.28266,0.28718,0.2764,0.27958,1214049.0,2026-09-25 03:59:59.999000+00:00,1
2026-09-25 04:00:00+00:00,0.27956,0.28305,0.27358,0.278,1109034.0,2026-09-25 07:59:59.999000+00:00,1
2026-09-25 08:00:00+00:00,0.27798,0.31009,0.27635,0.30182,3221047.0,2026-09-25 11:59:59.999000+00:00,1
2026-09-25 12:00:00+00:00,0.30173,0.31377,0.28901,0.29771,4975318.0,2026-09-25 15:59:59.999000+00:00,1
2026-09-25 16:00:00+00:00,0.29764,0.30407,0.28444,0.29218,2292467.0,2026-09-25 19:59:59.999000+00:00,1
2026-09-25 20:00:00+00:00,0.29232,0.29678,0.28402,0.29561,1032133.0,2026-09-25 23:59:59.999000+00:00,1
2026-09-26 00:00:00+00:00,0.29561,0.29739,0.28125,0.2827,1095828.0,2026-09-26 03:59:59.999000+00:00,1
2026-09-26 04:00:00+00:00,0.2827,0.28412,0.2783,0.28322,659949.0,2026-09-26 07:59:59.999000+00:00,0
