ts,open,high,low,close,volume,close_time,confirm
2026-03-27 12:00:00+00:00,0.1763,0.1769,0.1725,0.1727,13070256.0,2026-03-27 15:59:59.999000+00:00,1
2026-03-27 16:00:00+00:00,0.1727,0.174,0.1701,0.1712,33291639.0,2026-03-27 19:59:59.999000+00:00,1
2026-03-27 20:00:00+00:00,0.1712,0.1794,0.169,0.1704,23895256.0,2026-03-27 23:59:59.999000+00:00,1
2026-03-28 00:00:00+00:00,0.1705,0.1739,0.1703,0.1711,7148105.0,2026-03-28 03:59:59.999000+00:00,1
2026-03-28 04:00:00+00:00,0.1711,0.1743,0.1699,0.1741,6081331.0,2026-03-28 07:59:59.999000+00:00,1
2026-03-28 08:00:00+00:00,0.1741,0.1766,0.1734,0.1756,8767342.0,2026-03-28 11:59:59.999000+00:00,1
2026-03-28 12:00:00+00:00,0.1756,0.1827,0.1748,0.1795,18176748.0,2026-03-28 15:59:59.999000+00:00,1
2026-03-28 16:00:00+00:00,0.1795,0.1802,0.1777,0.1791,6659032.0,2026-03-28 19:59:59.999000+00:00,1
2026-03-28 20:00:00+00:00,0.179,0.1794,0.175,0.1756,6800823.0,2026-03-28 23:59:59.999000+00:00,1
2026-03-29 00:00:00+00:00,0.1755,0.1757,0.1733,0.1753,7487431.0,2026-03-29 03:59:59.999000+00:00,1
2026-03-29 04:00:00+00:00,0.1753,0.1759,0.1743,0.1749,4586922.0,2026-03-29 07:59:59.999000+00:00,1
2026-03-29 08:00:00+00:00,0.1748,0.1758,0.1735,0.1742,7436526.0,2026-03-29 11:59:59.999000+00:00,1
2026-03-29 12:00:00+00:00,0.1742,0.1742,0.1707,0.1728,10091443.0,2026-03-29 15:59:59.999000+00:00,1
2026-03-29 16:00:00+00:00,0.1727,0.1732,0.1711,0.1715,8026560.0,2026-03-29 19:59:59.999000+00:00,1
2026-03-29 20:00:00+00:00,0.1716,0.1742,0.167,0.1713,15778814.0,2026-03-29 23:59:59.999000+00:00,1
2026-03-30 00:00:00+00:00,0.1713,0.1768,0.1713,0.1763,10950130.0,2026-03-30 03:59:59.999000+00:00,1
2026-03-30 04:00:00+00:00,0.1764,0.1801,0.1764,0.1796,14731551.0,2026-03-30 07:59:59.999000+00:00,1
2026-03-30 08:00:00+00:00,0.1796,0.1803,0.1765,0.1786,10969281.0,2026-03-30 11:59:59.999000+00:00,1
2026-03-30 12:00:00+00:00,0.1787,0.1801,0.1771,0.1786,10551937.0,2026-03-30 15:59:59.999000+00:00,1
2026-03-30 16:00:00+00:00,0.1786,0.1794,0.1753,0.1767,9607073.0,2026-03-30 19:59:59.999000+00:00,1
2026-03-30 20:00:00+00:00,0.1767,0.1794,0.1755,0.1767,6817031.0,2026-03-30 23:59:59.999000+00:00,1
2026-03-31 00:00:00+00:00,0.1767,0.1806,0.1758,0.1783,8532220.0,2026-03-31 03:59:59.999000+00:00,1
2026-03-31 04:00:00+00:00,0.1784,0.1789,0.1762,0.1773,5814469.0,2026-03-31 07:59:59.999000+00:00,1
2026-03-31 08:00:00+00:00,0.1774,0.1787,0.1734,0.1763,13054935.0,2026-03-31 11:59:59.999000+00:00,1
2026-03-31 12:00:00+00:00,0.1764,0.1808,0.1756,0.1756,13829963.0,2026-03-31 15:59:59.999000+00:00,1
2026-03-31 16:00:00+00:00,0.1756,0.181,0.1755,0.1796,10192361.0,2026-03-31 19:59:59.999000+00:00,1
2026-03-31 20:00:00+00:00,0.1796,0.181,0.1769,0.1788,6534594.0,2026-03-31 23:59:59.999000+00:00,1
2026-04-01 00:00:00+00:00,0.1789,0.1811,0.1773,0.1808,8053651.0,2026-04-01 03:59:59.999000+00:00,1
2026-04-01 04:00:00+00:00,0.1808,0.184,0.1797,0.1834,8125414.0,2026-04-01 07:59:59.999000+00:00,1
2026-04-01 08:00:00+00:00,0.1834,0.1846,0.1816,0.1837,7811207.0,2026-04-01 11:59:59.999000+00:00,1
2026-04-01 12:00:00+00:00,0.1837,0.1871,0.1827,0.1859,14302419.0,2026-04-01 15:59:59.999000+00:00,1
2026-04-01 16:00:00+00:00,0.186,0.1878,0.1832,0.1849,10883173.0,2026-04-01 19:59:59.999000+00:00,1
2026-04-01 20:00:00+00:00,0.1849,0.1853,0.1805,0.1811,6499154.0,2026-04-01 23:59:59.999000+00:00,1
2026-04-02 00:00:00+00:00,0.1811,0.1827,0.1745,0.1754,17021165.0,2026-04-02 03:59:59.999000+00:00,1
2026-04-02 04:00:00+00:00,0.1754,0.1792,0.1746,0.1782,10840991.0,2026-04-02 07:59:59.999000+00:00,1
2026-04-02 08:00:00+00:00,0.1781,0.1785,0.1754,0.1756,7556000.0,2026-04-02 11:59:59.999000+00:00,1
2026-04-02 12:00:00+00:00,0.1757,0.1801,0.1741,0.1772,18412828.0,2026-04-02 15:59:59.999000+00:00,1
2026-04-02 16:00:00+00:00,0.1772,0.1787,0.1757,0.1776,6494286.0,2026-04-02 19:59:59.999000+00:00,1
2026-04-02 20:00:00+00:00,0.1777,0.1806,0.1769,0.179,5930008.0,2026-04-02 23:59:59.999000+00:00,1
2026-04-03 00:00:00+00:00,0.1791,0.1818,0.1775,0.1813,9501548.0,2026-04-03 03:59:59.999000+00:00,1
2026-04-03 04:00:00+00:00,0.1813,0.1852,0.1811,0.1829,13272659.0,2026-04-03 07:59:59.999000+00:00,1
2026-04-03 08:00:00+00:00,0.183,0.1845,0.1817,0.1824,10462757.0,2026-04-03 11:59:59.999000+00:00,1
2026-04-03 12:00:00+00:00,0.1823,0.1849,0.1795,0.1808,17971856.0,2026-04-03 15:59:59.999000+00:00,1
2026-04-03 16:00:00+00:00,0.1808,0.183,0.1803,0.1819,11386999.0,2026-04-03 19:59:59.999000+00:00,1
2026-04-03 20:00:00+00:00,0.182,0.1832,0.1809,0.1814,5424181.0,2026-04-03 23:59:59.999000+00:00,1
2026-04-04 00:00:00+00:00,0.1815,0.1817,0.1777,0.1784,5115716.0,2026-04-04 03:59:59.999000+00:00,1
2026-04-04 04:00:00+00:00,0.1785,0.1806,0.1781,0.1803,4672966.0,2026-04-04 07:59:59.999000+00:00,1
2026-04-04 08:00:00+00:00,0.1803,0.1805,0.1779,0.1791,4991460.0,2026-04-04 11:59:59.999000+00:00,1
2026-04-04 12:00:00+00:00,0.1791,0.1811,0.1769,0.1797,9330932.0,2026-04-04 15:59:59.999000+00:00,1
2026-04-04 16:00:00+00:00,0.1797,0.1843,0.1791,0.1824,9902987.0,2026-04-04 19:59:59.999000+00:00,1
2026-04-04 20:00:00+00:00,0.1824,0.1825,0.1806,0.1817,3321783.0,2026-04-04 23:59:59.999000+00:00,1
2026-04-05 00:00:00+00:00,0.1817,0.1818,0.1793,0.1803,5666081.0,2026-04-05 03:59:59.999000+00:00,1
2026-04-05 04:00:00+00:00,0.1803,0.1807,0.1762,0.1767,10935888.0,2026-04-05 07:59:59.999000+00:00,1
2026-04-05 08:00:00+00:00,0.1767,0.178,0.1759,0.1765,3868761.0,2026-04-05 11:59:59.999000+00:00,1
2026-04-05 12:00:00+00:00,0.1765,0.1786,0.1739,0.1761,10508863.0,2026-04-05 15:59:59.999000+00:00,1
2026-04-05 16:00:00+00:00,0.1762,0.1764,0.1746,0.1753,3736324.0,2026-04-05 19:59:59.999000+00:00,1
2026-04-05 20:00:00+00:00,0.1754,0.1823,0.1741,0.1822,12417527.0,2026-04-05 23:59:59.999000+00:00,1
2026-04-06 00:00:00+00:00,0.1823,0.1864,0.1823,0.185,17958906.0,2026-04-06 03:59:59.999000+00:00,1
2026-04-06 04:00:00+00:00,0.185,0.1869,0.1839,0.185,9027757.0,2026-04-06 07:59:59.999000+00:00,1
2026-04-06 08:00:00+00:00,0.1851,0.1904,0.1849,0.1897,15473806.0,2026-04-06 11:59:59.999000+00:00,1
2026-04-06 12:00:00+00:00,0.1897,0.1911,0.1861,0.1868,11453777.0,2026-04-06 15:59:59.999000+00:00,1
2026-04-06 16:00:00+00:00,0.1868,0.1875,0.1848,0.1858,8683186.0,2026-04-06 19:59:59.999000+00:00,1
2026-04-06 20:00:00+00:00,0.1859,0.1862,0.1775,0.1783,15039645.0,2026-04-06 23:59:59.999000+00:00,1
2026-04-07 00:00:00+00:00,0.1783,0.18,0.1774,0.18,6938453.0,2026-04-07 03:59:59.999000+00:00,1
2026-04-07 04:00:00+00:00,0.1799,0.1809,0.1784,0.1794,6970435.0,2026-04-07 07:59:59.999000+00:00,1
2026-04-07 08:00:00+00:00,0.1794,0.1818,0.1774,0.1779,10855042.0,2026-04-07 11:59:59.999000+00:00,1
2026-04-07 12:00:00+00:00,0.1778,0.1802,0.1762,0.1792,13059202.0,2026-04-07 15:59:59.999000+00:00,1
2026-04-07 16:00:00+00:00,0.1792,0.1866,0.1789,0.1865,13751347.0,2026-04-07 19:59:59.999000+00:00,1
2026-04-07 20:00:00+00:00,0.1865,0.2033,0.185,0.1992,38104073.0,2026-04-07 23:59:59.999000+00:00,1
2026-04-08 00:00:00+00:00,0.1991,0.1997,0.1952,0.1983,13059890.0,2026-04-08 03:59:59.999000+00:00,1
2026-04-08 04:00:00+00:00,0.1983,0.2016,0.1982,0.2004,12764134.0,2026-04-08 07:59:59.999000+00:00,1
2026-04-08 08:00:00+00:00,0.2004,0.2013,0.196,0.1978,11047109.0,2026-04-08 11:59:59.999000+00:00,1
2026-04-08 12:00:00+00:00,0.1978,0.198,0.1915,0.1938,14684935.0,2026-04-08 15:59:59.999000+00:00,1
2026-04-08 16:00:00+00:00,0.1937,0.1966,0.1921,0.1936,9337372.0,2026-04-08 19:59:59.999000+00:00,1
2026-04-08 20:00:00+00:00,0.1935,0.1981,0.1925,0.194,11636874.0,2026-04-08 23:59:59.999000+00:00,1
2026-04-09 00:00:00+00:00,0.1939,0.1946,0.1909,0.1913,11485715.0,2026-04-09 03:59:59.999000+00:00,1
2026-04-09 04:00:00+00:00,0.1913,0.1924,0.1884,0.1906,9536674.0,2026-04-09 07:59:59.999000+00:00,1
2026-04-09 08:00:00+00:00,0.1907,0.1919,0.1888,0.1904,6672634.0,2026-04-09 11:59:59.999000+00:00,1
2026-04-09 12:00:00+00:00,0.1904,0.1979,0.1903,0.1966,10545182.0,2026-04-09 15:59:59.999000+00:00,1
2026-04-09 16:00:00+00:00,0.1966,0.2,0.1965,0.199,11404393.0,2026-04-09 19:59:59.999000+00:00,1
2026-04-09 20:00:00+00:00,0.1991,0.2065,0.1979,0.1985,16228525.0,2026-04-09 23:59:59.999000+00:00,1
2026-04-10 00:00:00+00:00,0.1985,0.2011,0.1973,0.1989,7075643.0,2026-04-10 03:59:59.999000+00:00,1
2026-04-10 04:00:00+00:00,0.1988,0.2021,0.1965,0.1968,9408759.0,2026-04-10 07:59:59.999000+00:00,1
2026-04-10 08:00:00+00:00,0.1967,0.197,0.1943,0.1952,7978602.0,2026-04-10 11:59:59.999000+00:00,1
2026-04-10 12:00:00+00:00,0.1952,0.1997,0.1948,0.1982,13160888.0,2026-04-10 15:59:59.999000+00:00,1
2026-04-10 16:00:00+00:00,0.1982,0.2013,0.1963,0.2011,7445426.0,2026-04-10 19:59:59.999000+00:00,1
2026-04-10 20:00:00+00:00,0.2011,0.2013,0.1975,0.1981,5109513.0,2026-04-10 23:59:59.999000+00:00,1
2026-04-11 00:00:00+00:00,0.1981,0.1982,0.1945,0.1951,7421286.0,2026-04-11 03:59:59.999000+00:00,1
2026-04-11 04:00:00+00:00,0.195,0.1956,0.1924,0.1936,5234027.0,2026-04-11 07:59:59.999000+00:00,1
2026-04-11 08:00:00+00:00,0.1937,0.1961,0.1934,0.194,5512067.0,2026-04-11 11:59:59.999000+00:00,1
2026-04-11 12:00:00+00:00,0.1941,0.1958,0.1916,0.1955,5594003.0,2026-04-11 15:59:59.999000+00:00,1
2026-04-11 16:00:00+00:00,0.1956,0.2031,0.1952,0.2031,6997570.0,2026-04-11 19:59:59.999000+00:00,1
2026-04-11 20:00:00+00:00,0.2031,0.2046,0.1973,0.1984,9765836.0,2026-04-11 23:59:59.999000+00:00,1
2026-04-12 00:00:00+00:00,0.1985,0.1987,0.189,0.1902,9945928.0,2026-04-12 03:59:59.999000+00:00,1
2026-04-12 04:00:00+00:00,0.1902,0.1918,0.1895,0.1899,2839566.0,2026-04-12 07:59:59.999000+00:00,1
2026-04-12 08:00:00+00:00,0.1899,0.1905,0.1883,0.1893,3352951.0,2026-04-12 11:59:59.999000+00:00,1
2026-04-12 12:00:00+00:00,0.1893,0.1911,0.1871,0.1877,4249690.0,2026-04-12 15:59:59.999000+00:00,1
2026-04-12 16:00:00+00:00,0.1876,0.1916,0.1873,0.1901,3399402.0,2026-04-12 19:59:59.999000+00:00,1
2026-04-12 20:00:00+00:00,0.1901,0.1921,0.1869,0.1871,6647499.0,2026-04-12 23:59:59.999000+00:00,1
2026-04-13 00:00:00+00:00,0.1871,0.1899,0.187,0.1885,4552742.0,2026-04-13 03:59:59.999000+00:00,1
2026-04-13 04:00:00+00:00,0.1885,0.1896,0.187,0.187,2952465.0,2026-04-13 07:59:59.999000+00:00,1
2026-04-13 08:00:00+00:00,0.187,0.1886,0.1865,0.1875,3995267.0,2026-04-13 11:59:59.999000+00:00,1
2026-04-13 12:00:00+00:00,0.1875,0.1906,0.1856,0.1864,12043205.0,2026-04-13 15:59:59.999000+00:00,1
2026-04-13 16:00:00+00:00,0.1863,0.1919,0.1853,0.1915,8659085.0,2026-04-13 19:59:59.999000+00:00,1
2026-04-13 20:00:00+00:00,0.1915,0.202,0.188,0.2012,21141219.0,2026-04-13 23:59:59.999000+00:00,1
2026-04-14 00:00:00+00:00,0.2012,0.2034,0.1972,0.1982,12565718.0,2026-04-14 03:59:59.999000+00:00,1
2026-04-14 04:00:00+00:00,0.1983,0.2004,0.1934,0.194,9170017.0,2026-04-14 07:59:59.999000+00:00,1
2026-04-14 08:00:00+00:00,0.1941,0.1994,0.1936,0.1972,9522330.0,2026-04-14 11:59:59.999000+00:00,1
2026-04-14 12:00:00+00:00,0.1971,0.201,0.1933,0.1936,18598255.0,2026-04-14 15:59:59.999000+00:00,1
2026-04-14 16:00:00+00:00,0.1937,0.1961,0.19,0.1926,12741285.0,2026-04-14 19:59:59.999000+00:00,1
2026-04-14 20:00:00+00:00,0.1926,0.1935,0.1905,0.1932,4953927.0,2026-04-14 23:59:59.999000+00:00,1
2026-04-15 00:00:00+00:00,0.1933,0.196,0.193,0.1942,7103947.0,2026-04-15 03:59:59.999000+00:00,1
2026-04-15 04:00:00+00:00,0.1942,0.1955,0.1902,0.1906,7714452.0,2026-04-15 07:59:59.999000+00:00,1
2026-04-15 08:00:00+00:00,0.1905,0.1955,0.1904,0.1945,6534352.0,2026-04-15 11:59:59.999000+00:00,1
2026-04-15 12:00:00+00:00,0.1945,0.1994,0.1938,0.1961,10728754.0,2026-04-15 15:59:59.999000+00:00,1
2026-04-15 16:00:00+00:00,0.1962,0.2027,0.1957,0.2005,12103677.0,2026-04-15 19:59:59.999000+00:00,1
2026-04-15 20:00:00+00:00,0.2006,0.2024,0.1982,0.1998,8806645.0,2026-04-15 23:59:59.999000+00:00,1
2026-04-16 00:00:00+00:00,0.1998,0.2084,0.1987,0.2079,25467411.0,2026-04-16 03:59:59.999000+00:00,1
2026-04-16 04:00:00+00:00,0.2078,0.2136,0.2064,0.2119,26558965.0,2026-04-16 07:59:59.999000+00:00,1
2026-04-16 08:00:00+00:00,0.2118,0.2135,0.2062,0.2089,13766063.0,2026-04-16 11:59:59.999000+00:00,1
2026-04-16 12:00:00+00:00,0.2088,0.2184,0.2073,0.2179,30553367.0,2026-04-16 15:59:59.999000+00:00,1
2026-04-16 16:00:00+00:00,0.218,0.2264,0.2096,0.2246,47741624.0,2026-04-16 19:59:59.999000+00:00,1
2026-04-16 20:00:00+00:00,0.2246,0.2261,0.2156,0.218,17860665.0,2026-04-16 23:59:59.999000+00:00,1
2026-04-17 00:00:00+00:00,0.218,0.2211,0.2133,0.2154,23524516.0,2026-04-17 03:59:59.999000+00:00,1
2026-04-17 04:00:00+00:00,0.2154,0.2164,0.2105,0.213,12888319.0,2026-04-17 07:59:59.999000+00:00,1
2026-04-17 08:00:00+00:00,0.2131,0.2162,0.2107,0.2142,13966853.0,2026-04-17 11:59:59.999000+00:00,1
2026-04-17 12:00:00+00:00,0.2142,0.2255,0.2131,0.2201,30707146.0,2026-04-17 15:59:59.999000+00:00,1
2026-04-17 16:00:00+00:00,0.2201,0.2235,0.218,0.2198,13577264.0,2026-04-17 19:59:59.999000+00:00,1
2026-04-17 20:00:00+00:00,0.2199,0.22,0.2136,0.2144,7059862.0,2026-04-17 23:59:59.999000+00:00,1
2026-04-18 00:00:00+00:00,0.2144,0.2163,0.2128,0.2144,7659376.0,2026-04-18 03:59:59.999000+00:00,1
2026-04-18 04:00:00+00:00,0.2145,0.2159,0.2131,0.2149,4758802.0,2026-04-18 07:59:59.999000+00:00,1
2026-04-18 08:00:00+00:00,0.2149,0.2156,0.2055,0.2072,10487155.0,2026-04-18 11:59:59.999000+00:00,1
2026-04-18 12:00:00+00:00,0.2071,0.2083,0.2049,0.2071,7435846.0,2026-04-18 15:59:59.999000+00:00,1
2026-04-18 16:00:00+00:00,0.2072,0.2072,0.2014,0.2025,8365272.0,2026-04-18 19:59:59.999000+00:00,1
2026-04-18 20:00:00+00:00,0.2025,0.2044,0.202,0.2024,4196717.0,2026-04-18 23:59:59.999000+00:00,1
2026-04-19 00:00:00+00:00,0.2025,0.2026,0.1983,0.2007,7331515.0,2026-04-19 03:59:59.999000+00:00,1
2026-04-19 04:00:00+00:00,0.2006,0.2031,0.1988,0.2003,9880617.0,2026-04-19 07:59:59.999000+00:00,1
2026-04-19 08:00:00+00:00,0.2002,0.2024,0.1988,0.2014,6523440.0,2026-04-19 11:59:59.999000+00:00,1
2026-04-19 12:00:00+00:00,0.2015,0.2068,0.199,0.2041,16774183.0,2026-04-19 15:59:59.999000+00:00,1
2026-04-19 16:00:00+00:00,0.2042,0.2049,0.1973,0.2003,19958213.0,2026-04-19 19:59:59.999000+00:00,1
2026-04-19 20:00:00+00:00,0.2002,0.2003,0.1927,0.1943,9784765.0,2026-04-19 23:59:59.999000+00:00,1
2026-04-20 00:00:00+00:00,0.1944,0.1991,0.1939,0.1983,6407165.0,2026-04-20 03:59:59.999000+00:00,1
2026-04-20 04:00:00+00:00,0.1983,0.2009,0.1968,0.1991,9638766.0,2026-04-20 07:59:59.999000+00:00,1
2026-04-20 08:00:00+00:00,0.1991,0.2004,0.1976,0.1989,9713715.0,2026-04-20 11:59:59.999000+00:00,1
2026-04-20 12:00:00+00:00,0.1988,0.2001,0.196,0.1987,8257555.0,2026-04-20 15:59:59.999000+00:00,1
2026-04-20 16:00:00+00:00,0.1987,0.2025,0.1977,0.2015,6790551.0,2026-04-20 19:59:59.999000+00:00,1
2026-04-20 20:00:00+00:00,0.2014,0.2031,0.1984,0.1991,4892173.0,2026-04-20 23:59:59.999000+00:00,1
2026-04-21 00:00:00+00:00,0.1991,0.201,0.1975,0.1983,3834030.0,2026-04-21 03:59:59.999000+00:00,1
2026-04-21 04:00:00+00:00,0.1983,0.2012,0.198,0.1996,4519649.0,2026-04-21 07:59:59.999000+00:00,1
2026-04-21 08:00:00+00:00,0.1995,0.2018,0.1993,0.2001,5214422.0,2026-04-21 11:59:59.999000+00:00,1
2026-04-21 12:00:00+00:00,0.2001,0.2012,0.1976,0.1993,6390016.0,2026-04-21 15:59:59.999000+00:00,1
2026-04-21 16:00:00+00:00,0.1993,0.2004,0.191,0.1921,20015179.0,2026-04-21 19:59:59.999000+00:00,1
2026-04-21 20:00:00+00:00,0.1921,0.197,0.1915,0.1965,9362994.0,2026-04-21 23:59:59.999000+00:00,1
2026-04-22 00:00:00+00:00,0.1966,0.202,0.1953,0.2007,8766625.0,2026-04-22 03:59:59.999000+00:00,1
2026-04-22 04:00:00+00:00,0.2008,0.2046,0.1996,0.2021,15908545.0,2026-04-22 07:59:59.999000+00:00,1
2026-04-22 08:00:00+00:00,0.2021,0.203,0.1986,0.2013,13762233.0,2026-04-22 11:59:59.999000+00:00,1
2026-04-22 12:00:00+00:00,0.2012,0.2018,0.1982,0.1993,13028357.0,2026-04-22 15:59:59.999000+00:00,1
2026-04-22 16:00:00+00:00,0.1994,0.2005,0.1949,0.1967,10775421.0,2026-04-22 19:59:59.999000+00:00,1
2026-04-22 20:00:00+00:00,0.1966,0.1968,0.1891,0.1894,13510011.0,2026-04-22 23:59:59.999000+00:00,1
2026-04-23 00:00:00+00:00,0.1895,0.1898,0.1793,0.1804,28055073.0,2026-04-23 03:59:59.999000+00:00,1
2026-04-23 04:00:00+00:00,0.1805,0.1834,0.1795,0.1803,19799527.0,2026-04-23 07:59:59.999000+00:00,1
2026-04-23 08:00:00+00:00,0.1802,0.181,0.1773,0.1798,17567133.0,2026-04-23 11:59:59.999000+00:00,1
2026-04-23 12:00:00+00:00,0.1798,0.1823,0.1785,0.1821,16253809.0,2026-04-23 15:59:59.999000+00:00,1
2026-04-23 16:00:00+00:00,0.1822,0.1824,0.1754,0.1781,26310985.0,2026-04-23 19:59:59.999000+00:00,1
2026-04-23 20:00:00+00:00,0.1781,0.181,0.178,0.1789,9207357.0,2026-04-23 23:59:59.999000+00:00,1
2026-04-24 00:00:00+00:00,0.179,0.1811,0.1783,0.1794,11395809.0,2026-04-24 03:59:59.999000+00:00,1
2026-04-24 04:00:00+00:00,0.1795,0.1811,0.1781,0.1802,8312394.0,2026-04-24 07:59:59.999000+00:00,1
2026-04-24 08:00:00+00:00,0.1802,0.182,0.179,0.1815,7689362.0,2026-04-24 11:59:59.999000+00:00,1
2026-04-24 12:00:00+00:00,0.1814,0.1825,0.1792,0.1816,14316893.0,2026-04-24 15:59:59.999000+00:00,1
2026-04-24 16:00:00+00:00,0.1815,0.1818,0.179,0.1804,8268257.0,2026-04-24 19:59:59.999000+00:00,1
2026-04-24 20:00:00+00:00,0.1804,0.1815,0.1777,0.1788,12142365.0,2026-04-24 23:59:59.999000+00:00,1
2026-04-25 00:00:00+00:00,0.1787,0.1801,0.1781,0.1794,6171546.0,2026-04-25 03:59:59.999000+00:00,1
2026-04-25 04:00:00+00:00,0.1795,0.1803,0.1778,0.1784,9452245.0,2026-04-25 07:59:59.999000+00:00,1
2026-04-25 08:00:00+00:00,0.1783,0.1803,0.1776,0.1785,9500683.0,2026-04-25 11:59:59.999000+00:00,1
2026-04-25 12:00:00+00:00,0.1784,0.1791,0.1769,0.1775,11541627.0,2026-04-25 15:59:59.999000+00:00,1
2026-04-25 16:00:00+00:00,0.1775,0.1782,0.1761,0.1765,9241235.0,2026-04-25 19:59:59.999000+00:00,1
2026-04-25 20:00:00+00:00,0.1765,0.1784,0.1763,0.178,5201029.0,2026-04-25 23:59:59.999000+00:00,1
2026-04-26 00:00:00+00:00,0.178,0.1786,0.1771,0.1785,5759008.0,2026-04-26 03:59:59.999000+00:00,1
2026-04-26 04:00:00+00:00,0.1785,0.1798,0.1778,0.1795,7027246.0,2026-04-26 07:59:59.999000+00:00,1
2026-04-26 08:00:00+00:00,0.1795,0.181,0.1789,0.18,6804549.0,2026-04-26 11:59:59.999000+00:00,1
2026-04-26 12:00:00+00:00,0.1801,0.1803,0.1773,0.1785,8863386.0,2026-04-26 15:59:59.999000+00:00,1
2026-04-26 16:00:00+00:00,0.1784,0.1791,0.1768,0.1784,9772769.0,2026-04-26 19:59:59.999000+00:00,1
2026-04-26 20:00:00+00:00,0.1784,0.1793,0.1765,0.178,7576189.0,2026-04-26 23:59:59.999000+00:00,1
2026-04-27 00:00:00+00:00,0.178,0.1834,0.1779,0.1819,20706512.0,2026-04-27 03:59:59.999000+00:00,1
2026-04-27 04:00:00+00:00,0.182,0.1822,0.175,0.176,24108504.0,2026-04-27 07:59:59.999000+00:00,1
2026-04-27 08:00:00+00:00,0.1759,0.1777,0.1752,0.1768,10664684.0,2026-04-27 11:59:59.999000+00:00,1
2026-04-27 12:00:00+00:00,0.1769,0.1782,0.1716,0.1747,27435819.0,2026-04-27 15:59:59.999000+00:00,1
2026-04-27 16:00:00+00:00,0.1746,0.1771,0.1736,0.1746,16639707.0,2026-04-27 19:59:59.999000+00:00,1
2026-04-27 20:00:00+00:00,0.1747,0.1778,0.1745,0.1774,6100182.0,2026-04-27 23:59:59.999000+00:00,1
2026-04-28 00:00:00+00:00,0.1774,0.1783,0.1761,0.1782,8563629.0,2026-04-28 03:59:59.999000+00:00,1
2026-04-28 04:00:00+00:00,0.1782,0.1798,0.1756,0.177,14082515.0,2026-04-28 07:59:59.999000+00:00,1
2026-04-28 08:00:00+00:00,0.1771,0.1774,0.1754,0.1762,6643232.0,2026-04-28 11:59:59.999000+00:00,1
2026-04-28 12:00:00+00:00,0.1762,0.1786,0.1752,0.1786,13646400.0,2026-04-28 15:59:59.999000+00:00,1
2026-04-28 16:00:00+00:00,0.1787,0.1798,0.1767,0.179,7397229.0,2026-04-28 19:59:59.999000+00:00,1
2026-04-28 20:00:00+00:00,0.1791,0.1794,0.1777,0.1789,4892379.0,2026-04-28 23:59:59.999000+00:00,1
2026-04-29 00:00:00+00:00,0.1788,0.1797,0.1776,0.1795,7131776.0,2026-04-29 03:59:59.999000+00:00,1
2026-04-29 04:00:00+00:00,0.1796,0.1822,0.1794,0.1816,9939926.0,2026-04-29 07:59:59.999000+00:00,1
2026-04-29 08:00:00+00:00,0.1816,0.1874,0.1812,0.1842,23850309.0,2026-04-29 11:59:59.999000+00:00,1
2026-04-29 12:00:00+00:00,0.1841,0.1845,0.1747,0.1754,24320735.0,2026-04-29 15:59:59.999000+00:00,1
2026-04-29 16:00:00+00:00,0.1754,0.1772,0.1708,0.1755,20850287.0,2026-04-29 19:59:59.999000+00:00,1
2026-04-29 20:00:00+00:00,0.1756,0.1793,0.1755,0.1781,11944368.0,2026-04-29 23:59:59.999000+00:00,1
2026-04-30 00:00:00+00:00,0.1782,0.1855,0.1773,0.1847,52698594.0,2026-04-30 03:59:59.999000+00:00,1
2026-04-30 04:00:00+00:00,0.1848,0.185,0.1799,0.1816,24619531.0,2026-04-30 07:59:59.999000+00:00,1
2026-04-30 08:00:00+00:00,0.1816,0.1871,0.1796,0.1807,27102712.0,2026-04-30 11:59:59.999000+00:00,1
2026-04-30 12:00:00+00:00,0.1808,0.1898,0.1803,0.1887,27527311.0,2026-04-30 15:59:59.999000+00:00,1
2026-04-30 16:00:00+00:00,0.1888,0.1906,0.1835,0.1853,27848521.0,2026-04-30 19:59:59.999000+00:00,1
2026-04-30 20:00:00+00:00,0.1852,0.186,0.1822,0.1835,7455850.0,2026-04-30 23:59:59.999000+00:00,1
2026-05-01 00:00:00+00:00,0.1835,0.1912,0.1831,0.1872,13540441.0,2026-05-01 03:59:59.999000+00:00,1
2026-05-01 04:00:00+00:00,0.1873,0.1884,0.1845,0.1851,8119369.0,2026-05-01 07:59:59.999000+00:00,1
2026-05-01 08:00:00+00:00,0.1852,0.1874,0.1845,0.1873,6775784.0,2026-05-01 11:59:59.999000+00:00,1
2026-05-01 12:00:00+00:00,0.1874,0.1958,0.1868,0.1938,18352841.0,2026-05-01 15:59:59.999000+00:00,1
2026-05-01 16:00:00+00:00,0.1937,0.1974,0.1919,0.1925,16423166.0,2026-05-01 19:59:59.999000+00:00,1
2026-05-01 20:00:00+00:00,0.1926,0.1932,0.1876,0.1883,9142439.0,2026-05-01 23:59:59.999000+00:00,1
2026-05-02 00:00:00+00:00,0.1884,0.1887,0.1861,0.1871,8044010.0,2026-05-02 03:59:59.999000+00:00,1
2026-05-02 04:00:00+00:00,0.187,0.1876,0.1859,0.1865,5908537.0,2026-05-02 07:59:59.999000+00:00,1
2026-05-02 08:00:00+00:00,0.1865,0.1885,0.1859,0.1874,4232375.0,2026-05-02 11:59:59.999000+00:00,1
2026-05-02 12:00:00+00:00,0.1875,0.1937,0.1853,0.1927,24973327.0,2026-05-02 15:59:59.999000+00:00,1
2026-05-02 16:00:00+00:00,0.1928,0.1949,0.1881,0.1894,22825924.0,2026-05-02 19:59:59.999000+00:00,1
2026-05-02 20:00:00+00:00,0.1894,0.1914,0.1889,0.1892,5286578.0,2026-05-02 23:59:59.999000+00:00,1
2026-05-03 00:00:00+00:00,0.1892,0.1894,0.1856,0.1867,6585407.0,2026-05-03 03:59:59.999000+00:00,1
2026-05-03 04:00:00+00:00,0.1867,0.1876,0.1858,0.1865,3425116.0,2026-05-03 07:59:59.999000+00:00,1
2026-05-03 08:00:00+00:00,0.1865,0.1872,0.1846,0.1855,4857957.0,2026-05-03 11:59:59.999000+00:00,1
2026-05-03 12:00:00+00:00,0.1854,0.1884,0.1854,0.1868,6587919.0,2026-05-03 15:59:59.999000+00:00,1
2026-05-03 16:00:00+00:00,0.1867,0.1892,0.1865,0.1884,4148387.0,2026-05-03 19:59:59.999000+00:00,1
2026-05-03 20:00:00+00:00,0.1885,0.1902,0.1868,0.1876,5094957.0,2026-05-03 23:59:59.999000+00:00,1
2026-05-04 00:00:00+00:00,0.1877,0.194,0.1862,0.1936,8816754.0,2026-05-04 03:59:59.999000+00:00,1
2026-05-04 04:00:00+00:00,0.1936,0.1942,0.1904,0.1917,7082391.0,2026-05-04 07:59:59.999000+00:00,1
2026-05-04 08:00:00+00:00,0.1917,0.1958,0.1883,0.1914,13830432.0,2026-05-04 11:59:59.999000+00:00,1
2026-05-04 12:00:00+00:00,0.1915,0.1935,0.1901,0.1914,7894782.0,2026-05-04 15:59:59.999000+00:00,1
2026-05-04 16:00:00+00:00,0.1915,0.1938,0.1902,0.1915,7024233.0,2026-05-04 19:59:59.999000+00:00,1
2026-05-04 20:00:00+00:00,0.1916,0.1923,0.1899,0.1904,2902872.0,2026-05-04 23:59:59.999000+00:00,1
2026-05-05 00:00:00+00:00,0.1904,0.193,0.1901,0.1921,4336834.0,2026-05-05 03:59:59.999000+00:00,1
2026-05-05 04:00:00+00:00,0.1923,0.1954,0.1917,0.1942,4306826.0,2026-05-05 07:59:59.999000+00:00,1
2026-05-05 08:00:00+00:00,0.1942,0.1968,0.1936,0.196,6178637.0,2026-05-05 11:59:59.999000+00:00,1
2026-05-05 12:00:00+00:00,0.196,0.1979,0.1944,0.1944,7483668.0,2026-05-05 15:59:59.999000+00:00,1
2026-05-05 16:00:00+00:00,0.1945,0.197,0.1933,0.1966,3621199.0,2026-05-05 19:59:59.999000+00:00,1
2026-05-05 20:00:00+00:00,0.1967,0.2008,0.1966,0.2002,10186514.0,2026-05-05 23:59:59.999000+00:00,1
2026-05-06 00:00:00+00:00,0.2002,0.2189,0.1995,0.2159,48958864.0,2026-05-06 03:59:59.999000+00:00,1
2026-05-06 04:00:00+00:00,0.2158,0.2571,0.215,0.2298,342250151.0,2026-05-06 07:59:59.999000+00:00,1
2026-05-06 08:00:00+00:00,0.2298,0.2323,0.2219,0.2249,87239222.0,2026-05-06 11:59:59.999000+00:00,1
2026-05-06 12:00:00+00:00,0.2248,0.2254,0.2165,0.2192,52245257.0,2026-05-06 15:59:59.999000+00:00,1
2026-05-06 16:00:00+00:00,0.2191,0.2241,0.2182,0.2238,24501563.0,2026-05-06 19:59:59.999000+00:00,1
2026-05-06 20:00:00+00:00,0.2237,0.2246,0.2186,0.2212,16872115.0,2026-05-06 23:59:59.999000+00:00,1
2026-05-07 00:00:00+00:00,0.2213,0.2213,0.212,0.2128,37035990.0,2026-05-07 03:59:59.999000+00:00,1
2026-05-07 04:00:00+00:00,0.2127,0.2178,0.2106,0.2165,20286099.0,2026-05-07 07:59:59.999000+00:00,1
2026-05-07 08:00:00+00:00,0.2165,0.2169,0.2137,0.2154,7580634.0,2026-05-07 11:59:59.999000+00:00,1
2026-05-07 12:00:00+00:00,0.2154,0.2217,0.2149,0.2197,23288261.0,2026-05-07 15:59:59.999000+00:00,1
2026-05-07 16:00:00+00:00,0.2198,0.221,0.2163,0.2174,9816563.0,2026-05-07 19:59:59.999000+00:00,1
2026-05-07 20:00:00+00:00,0.2173,0.2197,0.2143,0.2193,7705718.0,2026-05-07 23:59:59.999000+00:00,1
2026-05-08 00:00:00+00:00,0.2193,0.2217,0.2153,0.2172,12820557.0,2026-05-08 03:59:59.999000+00:00,1
2026-05-08 04:00:00+00:00,0.2172,0.2212,0.2154,0.2172,9043604.0,2026-05-08 07:59:59.999000+00:00,1
2026-05-08 08:00:00+00:00,0.2172,0.2205,0.2163,0.2181,9755543.0,2026-05-08 11:59:59.999000+00:00,1
2026-05-08 12:00:00+00:00,0.2181,0.2248,0.2164,0.2234,12742222.0,2026-05-08 15:59:59.999000+00:00,1
2026-05-08 16:00:00+00:00,0.2235,0.2279,0.2213,0.2251,20293902.0,2026-05-08 19:59:59.999000+00:00,1
2026-05-08 20:00:00+00:00,0.2251,0.2272,0.224,0.2255,9521935.0,2026-05-08 23:59:59.999000+00:00,1
2026-05-09 00:00:00+00:00,0.2256,0.2359,0.2243,0.2316,15726975.0,2026-05-09 03:59:59.999000+00:00,1
2026-05-09 04:00:00+00:00,0.2317,0.2341,0.2251,0.2262,16764022.0,2026-05-09 07:59:59.999000+00:00,1
2026-05-09 08:00:00+00:00,0.2263,0.2279,0.2241,0.2274,8808765.0,2026-05-09 11:59:59.999000+00:00,1
2026-05-09 12:00:00+00:00,0.2274,0.2291,0.2214,0.2222,11844669.0,2026-05-09 15:59:59.999000+00:00,1
2026-05-09 16:00:00+00:00,0.2222,0.2258,0.2206,0.2255,6634694.0,2026-05-09 19:59:59.999000+00:00,1
2026-05-09 20:00:00+00:00,0.2255,0.2268,0.2239,0.2249,3353122.0,2026-05-09 23:59:59.999000+00:00,1
2026-05-10 00:00:00+00:00,0.225,0.2259,0.2214,0.2242,5743114.0,2026-05-10 03:59:59.999000+00:00,1
2026-05-10 04:00:00+00:00,0.2242,0.2244,0.2216,0.223,3778982.0,2026-05-10 07:59:59.999000+00:00,1
2026-05-10 08:00:00+00:00,0.223,0.2271,0.2228,0.2246,11432073.0,2026-05-10 11:59:59.999000+00:00,1
2026-05-10 12:00:00+00:00,0.2247,0.2278,0.2235,0.2276,7842295.0,2026-05-10 15:59:59.999000+00:00,1
2026-05-10 16:00:00+00:00,0.2276,0.2434,0.2271,0.236,49746420.0,2026-05-10 19:59:59.999000+00:00,1
2026-05-10 20:00:00+00:00,0.236,0.2368,0.2241,0.2315,20283433.0,2026-05-10 23:59:59.999000+00:00,1
2026-05-11 00:00:00+00:00,0.2315,0.2326,0.2191,0.2225,13944132.0,2026-05-11 03:59:59.999000+00:00,1
2026-05-11 04:00:00+00:00,0.2225,0.2274,0.2207,0.2254,4981579.0,2026-05-11 07:59:59.999000+00:00,1
2026-05-11 08:00:00+00:00,0.2254,0.2293,0.2249,0.2279,4238840.0,2026-05-11 11:59:59.999000+00:00,1
2026-05-11 12:00:00+00:00,0.228,0.2315,0.2259,0.2303,6816895.0,2026-05-11 15:59:59.999000+00:00,1
2026-05-11 16:00:00+00:00,0.2303,0.2352,0.228,0.2337,6042782.0,2026-05-11 19:59:59.999000+00:00,1
2026-05-11 20:00:00+00:00,0.2338,0.2347,0.2296,0.2306,5456495.0,2026-05-11 23:59:59.999000+00:00,1
2026-05-12 00:00:00+00:00,0.2306,0.2311,0.2248,0.2254,6219209.0,2026-05-12 03:59:59.999000+00:00,1
2026-05-12 04:00:00+00:00,0.2254,0.2288,0.225,0.2275,4967152.0,2026-05-12 07:59:59.999000+00:00,1
2026-05-12 08:00:00+00:00,0.2275,0.2281,0.2218,0.2226,6312740.0,2026-05-12 11:59:59.999000+00:00,1
2026-05-12 12:00:00+00:00,0.2225,0.2233,0.2151,0.2176,13823815.0,2026-05-12 15:59:59.999000+00:00,1
2026-05-12 16:00:00+00:00,0.2176,0.2212,0.2153,0.2203,6606263.0,2026-05-12 19:59:59.999000+00:00,1
2026-05-12 20:00:00+00:00,0.2203,0.2229,0.2192,0.2208,4744345.0,2026-05-12 23:59:59.999000+00:00,1
2026-05-13 00:00:00+00:00,0.2209,0.2271,0.2201,0.2265,5287770.0,2026-05-13 03:59:59.999000+00:00,1
2026-05-13 04:00:00+00:00,0.2266,0.2297,0.2254,0.227,6343369.0,2026-05-13 07:59:59.999000+00:00,1
2026-05-13 08:00:00+00:00,0.2271,0.2322,0.2262,0.2271,9581845.0,2026-05-13 11:59:59.999000+00:00,1
2026-05-13 12:00:00+00:00,0.2272,0.228,0.2127,0.2132,19704485.0,2026-05-13 15:59:59.999000+00:00,1
2026-05-13 16:00:00+00:00,0.2132,0.2202,0.2131,0.2164,6759675.0,2026-05-13 19:59:59.999000+00:00,1
2026-05-13 20:00:00+00:00,0.2163,0.217,0.2141,0.2162,3274522.0,2026-05-13 23:59:59.999000+00:00,1
2026-05-14 00:00:00+00:00,0.2162,0.2184,0.2125,0.2132,6030748.0,2026-05-14 03:59:59.999000+00:00,1
2026-05-14 04:00:00+00:00,0.2133,0.2181,0.2124,0.2153,3850502.0,2026-05-14 07:59:59.999000+00:00,1
2026-05-14 08:00:00+00:00,0.2153,0.2167,0.2132,0.2132,4706641.0,2026-05-14 11:59:59.999000+00:00,1
2026-05-14 12:00:00+00:00,0.2132,0.2238,0.2131,0.2232,10121840.0,2026-05-14 15:59:59.999000+00:00,1
2026-05-14 16:00:00+00:00,0.2232,0.2291,0.2221,0.2252,11795871.0,2026-05-14 19:59:59.999000+00:00,1
2026-05-14 20:00:00+00:00,0.2252,0.2259,0.2196,0.2204,4369376.0,2026-05-14 23:59:59.999000+00:00,1
2026-05-15 00:00:00+00:00,0.2205,0.222,0.2171,0.2187,5613090.0,2026-05-15 03:59:59.999000+00:00,1
2026-05-15 04:00:00+00:00,0.2187,0.2187,0.2103,0.2129,8460581.0,2026-05-15 07:59:59.999000+00:00,1
2026-05-15 08:00:00+00:00,0.213,0.2137,0.2104,0.2115,5215746.0,2026-05-15 11:59:59.999000+00:00,1
2026-05-15 12:00:00+00:00,0.2114,0.2115,0.2007,0.204,17386062.0,2026-05-15 15:59:59.999000+00:00,1
2026-05-15 16:00:00+00:00,0.2039,0.2075,0.2034,0.206,6649625.0,2026-05-15 19:59:59.999000+00:00,1
2026-05-15 20:00:00+00:00,0.206,0.2063,0.2039,0.2046,3406853.0,2026-05-15 23:59:59.999000+00:00,1
2026-05-16 00:00:00+00:00,0.2047,0.2061,0.2042,0.2049,2220853.0,2026-05-16 03:59:59.999000+00:00,1
2026-05-16 04:00:00+00:00,0.2049,0.205,0.1955,0.1985,11828012.0,2026-05-16 07:59:59.999000+00:00,1
2026-05-16 08:00:00+00:00,0.1985,0.1994,0.194,0.197,8233933.0,2026-05-16 11:59:59.999000+00:00,1
2026-05-16 12:00:00+00:00,0.1971,0.1989,0.1964,0.1982,3307122.0,2026-05-16 15:59:59.999000+00:00,1
2026-05-16 16:00:00+00:00,0.1982,0.1994,0.1976,0.1981,4084202.0,2026-05-16 19:59:59.999000+00:00,1
2026-05-16 20:00:00+00:00,0.1981,0.1988,0.1965,0.1971,2830873.0,2026-05-16 23:59:59.999000+00:00,1
2026-05-17 00:00:00+00:00,0.1972,0.1977,0.1944,0.1964,5033179.0,2026-05-17 03:59:59.999000+00:00,1
2026-05-17 04:00:00+00:00,0.1964,0.1986,0.1963,0.1981,4113764.0,2026-05-17 07:59:59.999000+00:00,1
2026-05-17 08:00:00+00:00,0.1981,0.2007,0.1976,0.1991,3884169.0,2026-05-17 11:59:59.999000+00:00,1
2026-05-17 12:00:00+00:00,0.1991,0.2003,0.1959,0.1974,4806439.0,2026-05-17 15:59:59.999000+00:00,1
2026-05-17 16:00:00+00:00,0.1974,0.1977,0.195,0.1971,4331446.0,2026-05-17 19:59:59.999000+00:00,1
2026-05-17 20:00:00+00:00,0.1971,0.1978,0.1849,0.1923,22867355.0,2026-05-17 23:59:59.999000+00:00,1
2026-05-18 00:00:00+00:00,0.1923,0.1936,0.1899,0.1917,8540635.0,2026-05-18 03:59:59.999000+00:00,1
2026-05-18 04:00:00+00:00,0.1917,0.1931,0.1885,0.1894,12771889.0,2026-05-18 07:59:59.999000+00:00,1
2026-05-18 08:00:00+00:00,0.1894,0.1915,0.188,0.1905,6347203.0,2026-05-18 11:59:59.999000+00:00,1
2026-05-18 12:00:00+00:00,0.1906,0.1926,0.187,0.1886,11180234.0,2026-05-18 15:59:59.999000+00:00,1
2026-05-18 16:00:00+00:00,0.1887,0.1922,0.1873,0.1916,5926388.0,2026-05-18 19:59:59.999000+00:00,1
2026-05-18 20:00:00+00:00,0.1916,0.1941,0.1911,0.1932,4528460.0,2026-05-18 23:59:59.999000+00:00,1
2026-05-19 00:00:00+00:00,0.1933,0.1948,0.1909,0.1919,3901536.0,2026-05-19 03:59:59.999000+00:00,1
2026-05-19 04:00:00+00:00,0.1918,0.1936,0.1905,0.1932,5864075.0,2026-05-19 07:59:59.999000+00:00,1
2026-05-19 08:00:00+00:00,0.1933,0.1935,0.1895,0.19,3719182.0,2026-05-19 11:59:59.999000+00:00,1
2026-05-19 12:00:00+00:00,0.1899,0.1927,0.1882,0.1893,7780676.0,2026-05-19 15:59:59.999000+00:00,1
2026-05-19 16:00:00+00:00,0.1893,0.1914,0.1886,0.1899,3024034.0,2026-05-19 19:59:59.999000+00:00,1
2026-05-19 20:00:00+00:00,0.1899,0.1914,0.1879,0.1891,2384858.0,2026-05-19 23:59:59.999000+00:00,1
2026-05-20 00:00:00+00:00,0.1891,0.1905,0.1881,0.19,1846435.0,2026-05-20 03:59:59.999000+00:00,1
2026-05-20 04:00:00+00:00,0.19,0.1935,0.1896,0.1925,3202138.0,2026-05-20 07:59:59.999000+00:00,1
2026-05-20 08:00:00+00:00,0.1926,0.1938,0.1922,0.1933,3327177.0,2026-05-20 11:59:59.999000+00:00,1
2026-05-20 12:00:00+00:00,0.1932,0.1963,0.1909,0.1954,7632885.0,2026-05-20 15:59:59.999000+00:00,1
2026-05-20 16:00:00+00:00,0.1955,0.1973,0.1943,0.1957,5607869.0,2026-05-20 19:59:59.999000+00:00,1
2026-05-20 20:00:00+00:00,0.1957,0.1957,0.1928,0.1942,3363042.0,2026-05-20 23:59:59.999000+00:00,1
2026-05-21 00:00:00+00:00,0.1942,0.198,0.1942,0.1976,3203094.0,2026-05-21 03:59:59.999000+00:00,1
2026-05-21 04:00:00+00:00,0.1976,0.198,0.1952,0.1972,3533075.0,2026-05-21 07:59:59.999000+00:00,1
2026-05-21 08:00:00+00:00,0.1972,0.1983,0.1931,0.1935,4824980.0,2026-05-21 11:59:59.999000+00:00,1
2026-05-21 12:00:00+00:00,0.1936,0.1965,0.1931,0.1957,6162379.0,2026-05-21 15:59:59.999000+00:00,1
2026-05-21 16:00:00+00:00,0.1957,0.2009,0.1942,0.2006,9392954.0,2026-05-21 19:59:59.999000+00:00,1
2026-05-21 20:00:00+00:00,0.2006,0.2018,0.1989,0.1999,2720808.0,2026-05-21 23:59:59.999000+00:00,1
2026-05-22 00:00:00+00:00,0.1999,0.2011,0.1975,0.2004,2734438.0,2026-05-22 03:59:59.999000+00:00,1
2026-05-22 04:00:00+00:00,0.2005,0.2023,0.1992,0.2005,3785457.0,2026-05-22 07:59:59.999000+00:00,1
2026-05-22 08:00:00+00:00,0.2006,0.2022,0.1996,0.2017,5103333.0,2026-05-22 11:59:59.999000+00:00,1
2026-05-22 12:00:00+00:00,0.2016,0.2041,0.1979,0.2002,13499817.0,2026-05-22 15:59:59.999000+00:00,1
2026-05-22 16:00:00+00:00,0.2001,0.2015,0.1913,0.1934,16489677.0,2026-05-22 19:59:59.999000+00:00,1
2026-05-22 20:00:00+00:00,0.1934,0.1954,0.1887,0.19,8308108.0,2026-05-22 23:59:59.999000+00:00,1
2026-05-23 00:00:00+00:00,0.19,0.1918,0.1891,0.191,4640518.0,2026-05-23 03:59:59.999000+00:00,1
2026-05-23 04:00:00+00:00,0.191,0.1911,0.1791,0.1818,14873534.0,2026-05-23 07:59:59.999000+00:00,1
2026-05-23 08:00:00+00:00,0.1817,0.1831,0.1806,0.1815,7729603.0,2026-05-23 11:59:59.999000+00:00,1
2026-05-23 12:00:00+00:00,0.1816,0.1878,0.1807,0.1876,8043621.0,2026-05-23 15:59:59.999000+00:00,1
2026-05-23 16:00:00+00:00,0.1876,0.1934,0.1867,0.1916,6127169.0,2026-05-23 19:59:59.999000+00:00,1
2026-05-23 20:00:00+00:00,0.1916,0.1989,0.1912,0.1931,9704244.0,2026-05-23 23:59:59.999000+00:00,1
2026-05-24 00:00:00+00:00,0.1932,0.1942,0.1918,0.1923,3093951.0,2026-05-24 03:59:59.999000+00:00,1
2026-05-24 04:00:00+00:00,0.1923,0.193,0.1906,0.1918,3122458.0,2026-05-24 07:59:59.999000+00:00,1
2026-05-24 08:00:00+00:00,0.1919,0.1928,0.1909,0.1914,3114855.0,2026-05-24 11:59:59.999000+00:00,1
2026-05-24 12:00:00+00:00,0.1914,0.1915,0.1846,0.1881,6841663.0,2026-05-24 15:59:59.999000+00:00,1
2026-05-24 16:00:00+00:00,0.1882,0.1892,0.1871,0.1876,2541345.0,2026-05-24 19:59:59.999000+00:00,1
2026-05-24 20:00:00+00:00,0.1876,0.1881,0.1828,0.1872,4409805.0,2026-05-24 23:59:59.999000+00:00,1
2026-05-25 00:00:00+00:00,0.1872,0.1886,0.1859,0.1864,2391969.0,2026-05-25 03:59:59.999000+00:00,1
2026-05-25 04:00:00+00:00,0.1865,0.1905,0.186,0.1893,4506066.0,2026-05-25 07:59:59.999000+00:00,1
2026-05-25 08:00:00+00:00,0.1894,0.1927,0.1892,0.1911,4155128.0,2026-05-25 11:59:59.999000+00:00,1
2026-05-25 12:00:00+00:00,0.1911,0.1979,0.1905,0.1977,5477893.0,2026-05-25 15:59:59.999000+00:00,1
2026-05-25 16:00:00+00:00,0.1978,0.1993,0.1944,0.1959,7655998.0,2026-05-25 19:59:59.999000+00:00,1
2026-05-25 20:00:00+00:00,0.1959,0.1965,0.1923,0.1931,4541671.0,2026-05-25 23:59:59.999000+00:00,1
2026-05-26 00:00:00+00:00,0.1931,0.1935,0.1883,0.1903,7558802.0,2026-05-26 03:59:59.999000+00:00,1
2026-05-26 04:00:00+00:00,0.1904,0.1961,0.1899,0.1942,6527401.0,2026-05-26 07:59:59.999000+00:00,1
2026-05-26 08:00:00+00:00,0.1942,0.1991,0.1933,0.1972,7506553.0,2026-05-26 11:59:59.999000+00:00,1
2026-05-26 12:00:00+00:00,0.1972,0.1999,0.194,0.1959,12572337.0,2026-05-26 15:59:59.999000+00:00,1
2026-05-26 16:00:00+00:00,0.196,0.1963,0.1908,0.1939,9049640.0,2026-05-26 19:59:59.999000+00:00,1
2026-05-26 20:00:00+00:00,0.194,0.1949,0.192,0.1937,3194449.0,2026-05-26 23:59:59.999000+00:00,1
2026-05-27 00:00:00+00:00,0.1938,0.1963,0.1914,0.1921,4787730.0,2026-05-27 03:59:59.999000+00:00,1
2026-05-27 04:00:00+00:00,0.1921,0.1955,0.1885,0.1945,8470659.0,2026-05-27 07:59:59.999000+00:00,1
2026-05-27 08:00:00+00:00,0.1944,0.1953,0.192,0.1925,3845181.0,2026-05-27 11:59:59.999000+00:00,1
2026-05-27 12:00:00+00:00,0.1925,0.1963,0.1907,0.1943,11460884.0,2026-05-27 15:59:59.999000+00:00,1
2026-05-27 16:00:00+00:00,0.1944,0.1954,0.1886,0.1922,7598338.0,2026-05-27 19:59:59.999000+00:00,1
2026-05-27 20:00:00+00:00,0.1923,0.1931,0.1851,0.1863,9614410.0,2026-05-27 23:59:59.999000+00:00,1
2026-05-28 00:00:00+00:00,0.1863,0.1874,0.178,0.1783,12130717.0,2026-05-28 03:59:59.999000+00:00,1
2026-05-28 04:00:00+00:00,0.1783,0.1795,0.1747,0.1792,12511772.0,2026-05-28 07:59:59.999000+00:00,1
2026-05-28 08:00:00+00:00,0.1792,0.1792,0.1752,0.1759,6061595.0,2026-05-28 11:59:59.999000+00:00,1
2026-05-28 12:00:00+00:00,0.1759,0.1774,0.1723,0.1759,11830715.0,2026-05-28 15:59:59.999000+00:00,1
2026-05-28 16:00:00+00:00,0.1758,0.1855,0.175,0.1842,9628440.0,2026-05-28 19:59:59.999000+00:00,1
2026-05-28 20:00:00+00:00,0.1843,0.1875,0.1818,0.1841,6596541.0,2026-05-28 23:59:59.999000+00:00,1
2026-05-29 00:00:00+00:00,0.1841,0.1857,0.1832,0.1837,5758111.0,2026-05-29 03:59:59.999000+00:00,1
2026-05-29 04:00:00+00:00,0.1838,0.1874,0.1821,0.186,5336669.0,2026-05-29 07:59:59.999000+00:00,1
2026-05-29 08:00:00+00:00,0.1859,0.1899,0.184,0.1848,7523731.0,2026-05-29 11:59:59.999000+00:00,1
2026-05-29 12:00:00+00:00,0.1848,0.191,0.1796,0.1896,12309668.0,2026-05-29 15:59:59.999000+00:00,1
2026-05-29 16:00:00+00:00,0.1896,0.1922,0.1858,0.1884,9523225.0,2026-05-29 19:59:59.999000+00:00,1
2026-05-29 20:00:00+00:00,0.1884,0.1897,0.1859,0.1875,3277512.0,2026-05-29 23:59:59.999000+00:00,1
2026-05-30 00:00:00+00:00,0.1875,0.195,0.187,0.1922,6610023.0,2026-05-30 03:59:59.999000+00:00,1
2026-05-30 04:00:00+00:00,0.1922,0.1931,0.1875,0.1916,6723363.0,2026-05-30 07:59:59.999000+00:00,1
2026-05-30 08:00:00+00:00,0.1916,0.1921,0.1897,0.1914,2250556.0,2026-05-30 11:59:59.999000+00:00,1
2026-05-30 12:00:00+00:00,0.1914,0.1933,0.1896,0.1911,3552166.0,2026-05-30 15:59:59.999000+00:00,1
2026-05-30 16:00:00+00:00,0.1911,0.1937,0.1908,0.1922,2629327.0,2026-05-30 19:59:59.999000+00:00,1
2026-05-30 20:00:00+00:00,0.1923,0.1931,0.1894,0.1902,2150663.0,2026-05-30 23:59:59.999000+00:00,1
2026-05-31 00:00:00+00:00,0.1903,0.1923,0.1897,0.1917,2545962.0,2026-05-31 03:59:59.999000+00:00,1
2026-05-31 04:00:00+00:00,0.1918,0.1931,0.1892,0.1901,2319328.0,2026-05-31 07:59:59.999000+00:00,1
2026-05-31 08:00:00+00:00,0.1902,0.1912,0.1883,0.1902,2271425.0,2026-05-31 11:59:59.999000+00:00,1
2026-05-31 12:00:00+00:00,0.1902,0.1912,0.1862,0.1874,4621886.0,2026-05-31 15:59:59.999000+00:00,1
2026-05-31 16:00:00+00:00,0.1875,0.1885,0.1851,0.1874,3147752.0,2026-05-31 19:59:59.999000+00:00,1
2026-05-31 20:00:00+00:00,0.1874,0.1932,0.1874,0.1918,4013076.0,2026-05-31 23:59:59.999000+00:00,1
2026-06-01 00:00:00+00:00,0.1918,0.1953,0.1899,0.1936,6788352.0,2026-06-01 03:59:59.999000+00:00,1
2026-06-01 04:00:00+00:00,0.1937,0.1942,0.1852,0.1856,7586253.0,2026-06-01 07:59:59.999000+00:00,1
2026-06-01 08:00:00+00:00,0.1855,0.1873,0.1847,0.1859,5196452.0,2026-06-01 11:59:59.999000+00:00,1
2026-06-01 12:00:00+00:00,0.1859,0.1867,0.1813,0.1832,13586938.0,2026-06-01 15:59:59.999000+00:00,1
2026-06-01 16:00:00+00:00,0.1832,0.1927,0.1819,0.1927,10103594.0,2026-06-01 19:59:59.999000+00:00,1
2026-06-01 20:00:00+00:00,0.1927,0.1937,0.1884,0.1917,6303047.0,2026-06-01 23:59:59.999000+00:00,1
2026-06-02 00:00:00+00:00,0.1916,0.1921,0.1852,0.1914,7015838.0,2026-06-02 03:59:59.999000+00:00,1
2026-06-02 04:00:00+00:00,0.1915,0.1923,0.1848,0.1871,5965782.0,2026-06-02 07:59:59.999000+00:00,1
2026-06-02 08:00:00+00:00,0.1871,0.1892,0.1853,0.1877,4118368.0,2026-06-02 11:59:59.999000+00:00,1
2026-06-02 12:00:00+00:00,0.1877,0.1897,0.1753,0.1781,18932740.0,2026-06-02 15:59:59.999000+00:00,1
2026-06-02 16:00:00+00:00,0.178,0.1842,0.1729,0.1772,12626967.0,2026-06-02 19:59:59.999000+00:00,1
2026-06-02 20:00:00+00:00,0.1773,0.1806,0.1702,0.1746,14120810.0,2026-06-02 23:59:59.999000+00:00,1
2026-06-03 00:00:00+00:00,0.1747,0.1787,0.1715,0.1725,13337816.0,2026-06-03 03:59:59.999000+00:00,1
2026-06-03 04:00:00+00:00,0.1725,0.1892,0.1724,0.1875,13181459.0,2026-06-03 07:59:59.999000+00:00,1
2026-06-03 08:00:00+00:00,0.1876,0.1915,0.1828,0.1882,10757258.0,2026-06-03 11:59:59.999000+00:00,1
2026-06-03 12:00:00+00:00,0.1882,0.1924,0.1866,0.1873,11302506.0,2026-06-03 15:59:59.999000+00:00,1
2026-06-03 16:00:00+00:00,0.1874,0.1898,0.1823,0.1852,13026308.0,2026-06-03 19:59:59.999000+00:00,1
2026-06-03 20:00:00+00:00,0.1851,0.1955,0.1821,0.1895,19247805.0,2026-06-03 23:59:59.999000+00:00,1
2026-06-04 00:00:00+00:00,0.1895,0.1917,0.1651,0.1818,52663538.0,2026-06-04 03:59:59.999000+00:00,1
2026-06-04 04:00:00+00:00,0.1819,0.1836,0.1711,0.1713,15291316.0,2026-06-04 07:59:59.999000+00:00,1
2026-06-04 08:00:00+00:00,0.1712,0.1723,0.1635,0.1671,23575718.0,2026-06-04 11:59:59.999000+00:00,1
2026-06-04 12:00:00+00:00,0.1672,0.1802,0.1645,0.1794,20188604.0,2026-06-04 15:59:59.999000+00:00,1
2026-06-04 16:00:00+00:00,0.1794,0.1797,0.1712,0.1755,16538645.0,2026-06-04 19:59:59.999000+00:00,1
2026-06-04 20:00:00+00:00,0.1755,0.1757,0.1638,0.1675,17800888.0,2026-06-04 23:59:59.999000+00:00,1
2026-06-05 00:00:00+00:00,0.1675,0.1679,0.1578,0.1582,18915228.0,2026-06-05 03:59:59.999000+00:00,1
2026-06-05 04:00:00+00:00,0.1583,0.1648,0.1492,0.1599,35550328.0,2026-06-05 07:59:59.999000+00:00,1
2026-06-05 08:00:00+00:00,0.16,0.1601,0.1542,0.1558,16688782.0,2026-06-05 11:59:59.999000+00:00,1
2026-06-05 12:00:00+00:00,0.1558,0.1594,0.1498,0.1512,27452822.0,2026-06-05 15:59:59.999000+00:00,1
2026-06-05 16:00:00+00:00,0.1511,0.1557,0.1444,0.1507,32250657.0,2026-06-05 19:59:59.999000+00:00,1
2026-06-05 20:00:00+00:00,0.1508,0.1565,0.1484,0.1528,17677792.0,2026-06-05 23:59:59.999000+00:00,1
2026-06-06 00:00:00+00:00,0.1528,0.1548,0.1481,0.1486,8909852.0,2026-06-06 03:59:59.999000+00:00,1
2026-06-06 04:00:00+00:00,0.1485,0.1527,0.1394,0.1516,25370402.0,2026-06-06 07:59:59.999000+00:00,1
2026-06-06 08:00:00+00:00,0.1516,0.1538,0.147,0.1506,12615040.0,2026-06-06 11:59:59.999000+00:00,1
2026-06-06 12:00:00+00:00,0.1507,0.1544,0.149,0.1517,9925614.0,2026-06-06 15:59:59.999000+00:00,1
2026-06-06 16:00:00+00:00,0.1516,0.1527,0.1488,0.1492,6808947.0,2026-06-06 19:59:59.999000+00:00,1
2026-06-06 20:00:00+00:00,0.1492,0.1525,0.1487,0.1521,4228287.0,2026-06-06 23:59:59.999000+00:00,1
2026-06-07 00:00:00+00:00,0.1522,0.1573,0.1515,0.1556,7440707.0,2026-06-07 03:59:59.999000+00:00,1
2026-06-07 04:00:00+00:00,0.1557,0.1582,0.1548,0.1575,6939370.0,2026-06-07 07:59:59.999000+00:00,1
2026-06-07 08:00:00+00:00,0.1575,0.1617,0.1564,0.1595,9400804.0,2026-06-07 11:59:59.999000+00:00,1
2026-06-07 12:00:00+00:00,0.1595,0.1608,0.1549,0.1583,10558560.0,2026-06-07 15:59:59.999000+00:00,1
2026-06-07 16:00:00+00:00,0.1584,0.16,0.1528,0.1539,8778557.0,2026-06-07 19:59:59.999000+00:00,1
2026-06-07 20:00:00+00:00,0.1539,0.166,0.1536,0.1586,24063032.0,2026-06-07 23:59:59.999000+00:00,1
2026-06-08 00:00:00+00:00,0.1586,0.16,0.1557,0.1584,6943279.0,2026-06-08 03:59:59.999000+00:00,1
2026-06-08 04:00:00+00:00,0.1585,0.159,0.1546,0.1586,5892913.0,2026-06-08 07:59:59.999000+00:00,1
2026-06-08 08:00:00+00:00,0.1586,0.1633,0.1565,0.1625,8587574.0,2026-06-08 11:59:59.999000+00:00,1
2026-06-08 12:00:00+00:00,0.1626,0.1647,0.1598,0.1624,8129675.0,2026-06-08 15:59:59.999000+00:00,1
2026-06-08 16:00:00+00:00,0.1625,0.1644,0.1607,0.161,7016985.0,2026-06-08 19:59:59.999000+00:00,1
2026-06-08 20:00:00+00:00,0.161,0.1625,0.1577,0.1584,7176293.0,2026-06-08 23:59:59.999000+00:00,1
2026-06-09 00:00:00+00:00,0.1584,0.1587,0.1535,0.1552,10034852.0,2026-06-09 03:59:59.999000+00:00,1
2026-06-09 04:00:00+00:00,0.1552,0.1598,0.1547,0.1584,7965287.0,2026-06-09 07:59:59.999000+00:00,1
2026-06-09 08:00:00+00:00,0.1585,0.1586,0.1554,0.1568,6800992.0,2026-06-09 11:59:59.999000+00:00,1
2026-06-09 12:00:00+00:00,0.1568,0.1588,0.1529,0.1533,13184398.0,2026-06-09 15:59:59.999000+00:00,1
2026-06-09 16:00:00+00:00,0.1533,0.1569,0.1509,0.1563,10052698.0,2026-06-09 19:59:59.999000+00:00,1
2026-06-09 20:00:00+00:00,0.1564,0.1572,0.1539,0.1546,4506739.0,2026-06-09 23:59:59.999000+00:00,1
2026-06-10 00:00:00+00:00,0.1546,0.1554,0.1513,0.1522,4638009.0,2026-06-10 03:59:59.999000+00:00,1
2026-06-10 04:00:00+00:00,0.1523,0.1532,0.1505,0.1526,3725340.0,2026-06-10 07:59:59.999000+00:00,1
2026-06-10 08:00:00+00:00,0.1526,0.1527,0.1483,0.1496,9321982.0,2026-06-10 11:59:59.999000+00:00,1
2026-06-10 12:00:00+00:00,0.1496,0.1557,0.1488,0.1533,11203773.0,2026-06-10 15:59:59.999000+00:00,1
2026-06-10 16:00:00+00:00,0.1533,0.1538,0.1474,0.1479,7158023.0,2026-06-10 19:59:59.999000+00:00,1
2026-06-10 20:00:00+00:00,0.1478,0.1484,0.1444,0.1474,8788364.0,2026-06-10 23:59:59.999000+00:00,1
2026-06-11 00:00:00+00:00,0.1473,0.1531,0.1473,0.1524,7875397.0,2026-06-11 03:59:59.999000+00:00,1
2026-06-11 04:00:00+00:00,0.1525,0.1542,0.1516,0.1524,2995932.0,2026-06-11 07:59:59.999000+00:00,1
2026-06-11 08:00:00+00:00,0.1525,0.1559,0.1525,0.1551,5482405.0,2026-06-11 11:59:59.999000+00:00,1
2026-06-11 12:00:00+00:00,0.1551,0.1554,0.152,0.1549,7532286.0,2026-06-11 15:59:59.999000+00:00,1
2026-06-11 16:00:00+00:00,0.155,0.1599,0.1529,0.1574,10232720.0,2026-06-11 19:59:59.999000+00:00,1
2026-06-11 20:00:00+00:00,0.1575,0.1586,0.1563,0.1571,4275485.0,2026-06-11 23:59:59.999000+00:00,1
2026-06-12 00:00:00+00:00,0.1572,0.1581,0.1557,0.1576,2767784.0,2026-06-12 03:59:59.999000+00:00,1
2026-06-12 04:00:00+00:00,0.1577,0.1582,0.1542,0.1555,5170128.0,2026-06-12 07:59:59.999000+00:00,1
2026-06-12 08:00:00+00:00,0.1555,0.1598,0.1554,0.159,5166060.0,2026-06-12 11:59:59.999000+00:00,1
2026-06-12 12:00:00+00:00,0.1591,0.1618,0.1559,0.1571,8400917.0,2026-06-12 15:59:59.999000+00:00,1
2026-06-12 16:00:00+00:00,0.157,0.1602,0.1565,0.1578,3828079.0,2026-06-12 19:59:59.999000+00:00,1
2026-06-12 20:00:00+00:00,0.1578,0.1584,0.1561,0.1573,3127832.0,2026-06-12 23:59:59.999000+00:00,1
2026-06-13 00:00:00+00:00,0.1574,0.1596,0.1566,0.1582,3301518.0,2026-06-13 03:59:59.999000+00:00,1
2026-06-13 04:00:00+00:00,0.1582,0.1611,0.1568,0.1603,3233752.0,2026-06-13 07:59:59.999000+00:00,1
2026-06-13 08:00:00+00:00,0.1603,0.1634,0.16,0.1633,2834110.0,2026-06-13 11:59:59.999000+00:00,1
2026-06-13 12:00:00+00:00,0.1634,0.1635,0.1609,0.1624,3991305.0,2026-06-13 15:59:59.999000+00:00,1
2026-06-13 16:00:00+00:00,0.1624,0.1624,0.1593,0.1606,3278445.0,2026-06-13 19:59:59.999000+00:00,1
2026-06-13 20:00:00+00:00,0.1606,0.1622,0.1596,0.1601,1545537.0,2026-06-13 23:59:59.999000+00:00,1
2026-06-14 00:00:00+00:00,0.1602,0.1604,0.1592,0.1599,1932902.0,2026-06-14 03:59:59.999000+00:00,1
2026-06-14 04:00:00+00:00,0.16,0.16,0.1575,0.1584,2380169.0,2026-06-14 07:59:59.999000+00:00,1
2026-06-14 08:00:00+00:00,0.1585,0.1598,0.1578,0.1584,2275902.0,2026-06-14 11:59:59.999000+00:00,1
2026-06-14 12:00:00+00:00,0.1585,0.1586,0.1548,0.156,3231736.0,2026-06-14 15:59:59.999000+00:00,1
2026-06-14 16:00:00+00:00,0.156,0.1572,0.1551,0.1562,2438553.0,2026-06-14 19:59:59.999000+00:00,1
2026-06-14 20:00:00+00:00,0.1564,0.1648,0.1561,0.1646,9003794.0,2026-06-14 23:59:59.999000+00:00,1
2026-06-15 00:00:00+00:00,0.1646,0.1667,0.163,0.166,5504398.0,2026-06-15 03:59:59.999000+00:00,1
2026-06-15 04:00:00+00:00,0.1661,0.1677,0.1654,0.1663,4037997.0,2026-06-15 07:59:59.999000+00:00,1
2026-06-15 08:00:00+00:00,0.1664,0.1701,0.1656,0.1694,6215951.0,2026-06-15 11:59:59.999000+00:00,1
2026-06-15 12:00:00+00:00,0.1695,0.1753,0.1682,0.1747,11094737.0,2026-06-15 15:59:59.999000+00:00,1
2026-06-15 16:00:00+00:00,0.1747,0.1752,0.1677,0.1693,5658778.0,2026-06-15 19:59:59.999000+00:00,1
2026-06-15 20:00:00+00:00,0.1694,0.1702,0.1658,0.1675,3987786.0,2026-06-15 23:59:59.999000+00:00,1
2026-06-16 00:00:00+00:00,0.1676,0.1685,0.1642,0.1678,3923618.0,2026-06-16 03:59:59.999000+00:00,1
2026-06-16 04:00:00+00:00,0.1679,0.1695,0.1659,0.1693,3359473.0,2026-06-16 07:59:59.999000+00:00,1
2026-06-16 08:00:00+00:00,0.1693,0.1725,0.1691,0.1702,5268595.0,2026-06-16 11:59:59.999000+00:00,1
2026-06-16 12:00:00+00:00,0.1702,0.1717,0.1642,0.1673,7198159.0,2026-06-16 15:59:59.999000+00:00,1
2026-06-16 16:00:00+00:00,0.1673,0.1708,0.1662,0.1679,3976737.0,2026-06-16 19:59:59.999000+00:00,1
2026-06-16 20:00:00+00:00,0.1679,0.1714,0.1674,0.17,2380419.0,2026-06-16 23:59:59.999000+00:00,1
2026-06-17 00:00:00+00:00,0.1701,0.1795,0.1701,0.1746,9900544.0,2026-06-17 03:59:59.999000+00:00,1
2026-06-17 04:00:00+00:00,0.1747,0.1758,0.1697,0.1708,9088545.0,2026-06-17 07:59:59.999000+00:00,1
2026-06-17 08:00:00+00:00,0.1707,0.171,0.1661,0.1669,6277516.0,2026-06-17 11:59:59.999000+00:00,1
2026-06-17 12:00:00+00:00,0.1669,0.1739,0.1658,0.1725,17504802.0,2026-06-17 15:59:59.999000+00:00,1
2026-06-17 16:00:00+00:00,0.1724,0.1742,0.1649,0.1661,12969601.0,2026-06-17 19:59:59.999000+00:00,1
2026-06-17 20:00:00+00:00,0.166,0.168,0.1633,0.1672,5510402.0,2026-06-17 23:59:59.999000+00:00,1
2026-06-18 00:00:00+00:00,0.1672,0.1693,0.1655,0.1656,3713916.0,2026-06-18 03:59:59.999000+00:00,1
2026-06-18 04:00:00+00:00,0.1656,0.1671,0.1624,0.1665,5419025.0,2026-06-18 07:59:59.999000+00:00,1
2026-06-18 08:00:00+00:00,0.1664,0.1689,0.1657,0.1664,3220097.0,2026-06-18 11:59:59.999000+00:00,1
2026-06-18 12:00:00+00:00,0.1664,0.169,0.1587,0.1596,11740857.0,2026-06-18 15:59:59.999000+00:00,1
2026-06-18 16:00:00+00:00,0.1595,0.164,0.1591,0.1635,8197609.0,2026-06-18 19:59:59.999000+00:00,1
2026-06-18 20:00:00+00:00,0.1636,0.1666,0.1636,0.1662,4087755.0,2026-06-18 23:59:59.999000+00:00,1
2026-06-19 00:00:00+00:00,0.1662,0.167,0.1616,0.1635,4135768.0,2026-06-19 03:59:59.999000+00:00,1
2026-06-19 04:00:00+00:00,0.1635,0.1643,0.1599,0.1606,4238744.0,2026-06-19 07:59:59.999000+00:00,1
2026-06-19 08:00:00+00:00,0.1607,0.1621,0.1594,0.1599,2531494.0,2026-06-19 11:59:59.999000+00:00,1
2026-06-19 12:00:00+00:00,0.16,0.1647,0.1589,0.1635,5276457.0,2026-06-19 15:59:59.999000+00:00,1
2026-06-19 16:00:00+00:00,0.1635,0.1642,0.1602,0.1607,3604822.0,2026-06-19 19:59:59.999000+00:00,1
2026-06-19 20:00:00+00:00,0.1608,0.1627,0.1603,0.1621,1977101.0,2026-06-19 23:59:59.999000+00:00,1
2026-06-20 00:00:00+00:00,0.162,0.1634,0.1597,0.1606,1772087.0,2026-06-20 03:59:59.999000+00:00,1
2026-06-20 04:00:00+00:00,0.1607,0.1648,0.1604,0.1625,2450939.0,2026-06-20 07:59:59.999000+00:00,1
2026-06-20 08:00:00+00:00,0.1625,0.1637,0.1617,0.1622,1217537.0,2026-06-20 11:59:59.999000+00:00,1
2026-06-20 12:00:00+00:00,0.1622,0.1635,0.1585,0.1625,7996091.0,2026-06-20 15:59:59.999000+00:00,1
2026-06-20 16:00:00+00:00,0.1625,0.1625,0.1591,0.1603,2301381.0,2026-06-20 19:59:59.999000+00:00,1
2026-06-20 20:00:00+00:00,0.1604,0.1635,0.1599,0.1622,1981998.0,2026-06-20 23:59:59.999000+00:00,1
2026-06-21 00:00:00+00:00,0.1623,0.1632,0.1615,0.1626,1715966.0,2026-06-21 03:59:59.999000+00:00,1
2026-06-21 04:00:00+00:00,0.1627,0.1629,0.161,0.162,1675356.0,2026-06-21 07:59:59.999000+00:00,1
2026-06-21 08:00:00+00:00,0.1621,0.1642,0.1607,0.162,2645578.0,2026-06-21 11:59:59.999000+00:00,1
2026-06-21 12:00:00+00:00,0.162,0.168,0.1614,0.1679,4213371.0,2026-06-21 15:59:59.999000+00:00,1
2026-06-21 16:00:00+00:00,0.1679,0.1685,0.1642,0.1651,4433953.0,2026-06-21 19:59:59.999000+00:00,1
2026-06-21 20:00:00+00:00,0.1651,0.1656,0.1598,0.1601,4726892.0,2026-06-21 23:59:59.999000+00:00,1
2026-06-22 00:00:00+00:00,0.1601,0.1669,0.1601,0.1623,5040567.0,2026-06-22 03:59:59.999000+00:00,1
2026-06-22 04:00:00+00:00,0.1623,0.1654,0.1619,0.1647,2613163.0,2026-06-22 07:59:59.999000+00:00,1
2026-06-22 08:00:00+00:00,0.1648,0.1693,0.1643,0.1683,4328588.0,2026-06-22 11:59:59.999000+00:00,1
2026-06-22 12:00:00+00:00,0.1684,0.1729,0.1673,0.1682,9288874.0,2026-06-22 15:59:59.999000+00:00,1
2026-06-22 16:00:00+00:00,0.1682,0.1698,0.1638,0.1642,6395461.0,2026-06-22 19:59:59.999000+00:00,1
2026-06-22 20:00:00+00:00,0.1642,0.1654,0.1615,0.1626,3926056.0,2026-06-22 23:59:59.999000+00:00,1
2026-06-23 00:00:00+00:00,0.1626,0.1656,0.1615,0.1654,3533309.0,2026-06-23 03:59:59.999000+00:00,1
2026-06-23 04:00:00+00:00,0.1654,0.1656,0.1579,0.1587,6740366.0,2026-06-23 07:59:59.999000+00:00,1
2026-06-23 08:00:00+00:00,0.1588,0.159,0.1534,0.1572,10305860.0,2026-06-23 11:59:59.999000+00:00,1
2026-06-23 12:00:00+00:00,0.1572,0.1593,0.1541,0.1554,7919224.0,2026-06-23 15:59:59.999000+00:00,1
2026-06-23 16:00:00+00:00,0.1553,0.1564,0.1542,0.1559,4431936.0,2026-06-23 19:59:59.999000+00:00,1
2026-06-23 20:00:00+00:00,0.1558,0.1589,0.1558,0.157,2949849.0,2026-06-23 23:59:59.999000+00:00,1
2026-06-24 00:00:00+00:00,0.157,0.1583,0.1547,0.1551,2954042.0,2026-06-24 03:59:59.999000+00:00,1
2026-06-24 04:00:00+00:00,0.1552,0.1565,0.1528,0.1548,2725139.0,2026-06-24 07:59:59.999000+00:00,1
2026-06-24 08:00:00+00:00,0.1548,0.157,0.1523,0.1549,5639385.0,2026-06-24 11:59:59.999000+00:00,1
2026-06-24 12:00:00+00:00,0.155,0.1552,0.147,0.1476,14023112.0,2026-06-24 15:59:59.999000+00:00,1
2026-06-24 16:00:00+00:00,0.1475,0.1489,0.1408,0.1443,24435083.0,2026-06-24 19:59:59.999000+00:00,1
2026-06-24 20:00:00+00:00,0.1442,0.1507,0.144,0.1491,8748444.0,2026-06-24 23:59:59.999000+00:00,1
2026-06-25 00:00:00+00:00,0.1492,0.1499,0.1485,0.1489,3567787.0,2026-06-25 03:59:59.999000+00:00,1
2026-06-25 04:00:00+00:00,0.149,0.1543,0.1483,0.1523,9147151.0,2026-06-25 07:59:59.999000+00:00,1
2026-06-25 08:00:00+00:00,0.1523,0.1524,0.1486,0.1488,3985602.0,2026-06-25 11:59:59.999000+00:00,1
2026-06-25 12:00:00+00:00,0.1487,0.1508,0.1369,0.1425,40717034.0,2026-06-25 15:59:59.999000+00:00,1
2026-06-25 16:00:00+00:00,0.1426,0.1443,0.1388,0.14,14680575.0,2026-06-25 19:59:59.999000+00:00,1
2026-06-25 20:00:00+00:00,0.1401,0.1445,0.1398,0.1435,8588711.0,2026-06-25 23:59:59.999000+00:00,1
2026-06-26 00:00:00+00:00,0.1436,0.1441,0.1367,0.143,13004628.0,2026-06-26 03:59:59.999000+00:00,1
2026-06-26 04:00:00+00:00,0.143,0.1476,0.142,0.1473,11843203.0,2026-06-26 07:59:59.999000+00:00,1
2026-06-26 08:00:00+00:00,0.1474,0.1475,0.1423,0.1431,8427464.0,2026-06-26 11:59:59.999000+00:00,1
2026-06-26 12:00:00+00:00,0.1431,0.1486,0.1419,0.1479,15078911.0,2026-06-26 15:59:59.999000+00:00,1
2026-06-26 16:00:00+00:00,0.148,0.1572,0.1473,0.1534,29536353.0,2026-06-26 19:59:59.999000+00:00,1
2026-06-26 20:00:00+00:00,0.1535,0.1568,0.151,0.1547,18045402.0,2026-06-26 23:59:59.999000+00:00,1
2026-06-27 00:00:00+00:00,0.1547,0.1657,0.154,0.1626,35829584.0,2026-06-27 03:59:59.999000+00:00,1
2026-06-27 04:00:00+00:00,0.1626,0.1695,0.1598,0.1685,65610681.0,2026-06-27 07:59:59.999000+00:00,1
2026-06-27 08:00:00+00:00,0.1685,0.1736,0.1635,0.1692,75005839.0,2026-06-27 11:59:59.999000+00:00,1
2026-06-27 12:00:00+00:00,0.1692,0.1794,0.1687,0.1786,60929057.0,2026-06-27 15:59:59.999000+00:00,1
2026-06-27 16:00:00+00:00,0.1786,0.1842,0.1689,0.17,66162287.0,2026-06-27 19:59:59.999000+00:00,1
2026-06-27 20:00:00+00:00,0.17,0.1701,0.1653,0.1661,17396877.0,2026-06-27 23:59:59.999000+00:00,1
2026-06-28 00:00:00+00:00,0.1661,0.1673,0.1643,0.1669,10596479.0,2026-06-28 03:59:59.999000+00:00,1
2026-06-28 04:00:00+00:00,0.1668,0.1728,0.1647,0.17,25257905.0,2026-06-28 07:59:59.999000+00:00,1
2026-06-28 08:00:00+00:00,0.17,0.1785,0.1696,0.1751,30679312.0,2026-06-28 11:59:59.999000+00:00,1
2026-06-28 12:00:00+00:00,0.1751,0.1779,0.1722,0.174,21562035.0,2026-06-28 15:59:59.999000+00:00,1
2026-06-28 16:00:00+00:00,0.1741,0.1756,0.1677,0.1685,15570994.0,2026-06-28 19:59:59.999000+00:00,1
2026-06-28 20:00:00+00:00,0.1685,0.1739,0.168,0.1726,12983712.0,2026-06-28 23:59:59.999000+00:00,1
2026-06-29 00:00:00+00:00,0.1727,0.1821,0.1707,0.1786,22820055.0,2026-06-29 03:59:59.999000+00:00,1
2026-06-29 04:00:00+00:00,0.1785,0.1838,0.1732,0.1814,24729135.0,2026-06-29 07:59:59.999000+00:00,1
2026-06-29 08:00:00+00:00,0.1813,0.184,0.1784,0.1797,21272779.0,2026-06-29 11:59:59.999000+00:00,1
2026-06-29 12:00:00+00:00,0.1797,0.1861,0.176,0.1773,29275864.0,2026-06-29 15:59:59.999000+00:00,1
2026-06-29 16:00:00+00:00,0.1773,0.1863,0.1766,0.1818,18596277.0,2026-06-29 19:59:59.999000+00:00,1
2026-06-29 20:00:00+00:00,0.1818,0.1819,0.1754,0.1761,5507095.0,2026-06-29 23:59:59.999000+00:00,1
2026-06-30 00:00:00+00:00,0.176,0.1761,0.1713,0.1747,9292926.0,2026-06-30 03:59:59.999000+00:00,1
2026-06-30 04:00:00+00:00,0.1747,0.1764,0.1729,0.1743,5647598.0,2026-06-30 07:59:59.999000+00:00,1
2026-06-30 08:00:00+00:00,0.1743,0.1745,0.1705,0.1708,6138302.0,2026-06-30 11:59:59.999000+00:00,1
2026-06-30 12:00:00+00:00,0.1708,0.1711,0.167,0.1692,12473982.0,2026-06-30 15:59:59.999000+00:00,1
2026-06-30 16:00:00+00:00,0.1692,0.1705,0.1667,0.1676,5512496.0,2026-06-30 19:59:59.999000+00:00,1
2026-06-30 20:00:00+00:00,0.1675,0.169,0.1656,0.1657,4000884.0,2026-06-30 23:59:59.999000+00:00,1
2026-07-01 00:00:00+00:00,0.1658,0.1677,0.1598,0.1663,14903589.0,2026-07-01 03:59:59.999000+00:00,1
2026-07-01 04:00:00+00:00,0.1663,0.1706,0.1621,0.1641,12671740.0,2026-07-01 07:59:59.999000+00:00,1
2026-07-01 08:00:00+00:00,0.1641,0.1675,0.1633,0.1665,6570564.0,2026-07-01 11:59:59.999000+00:00,1
2026-07-01 12:00:00+00:00,0.1665,0.1761,0.1647,0.1754,21332029.0,2026-07-01 15:59:59.999000+00:00,1
2026-07-01 16:00:00+00:00,0.1754,0.1758,0.1674,0.168,9179069.0,2026-07-01 19:59:59.999000+00:00,1
2026-07-01 20:00:00+00:00,0.168,0.1738,0.1673,0.1677,10030679.0,2026-07-01 23:59:59.999000+00:00,1
2026-07-02 00:00:00+00:00,0.1677,0.1723,0.166,0.1723,6054704.0,2026-07-02 03:59:59.999000+00:00,1
2026-07-02 04:00:00+00:00,0.1723,0.174,0.1687,0.1706,4911968.0,2026-07-02 07:59:59.999000+00:00,1
2026-07-02 08:00:00+00:00,0.1707,0.1803,0.1704,0.1794,14557271.0,2026-07-02 11:59:59.999000+00:00,1
2026-07-02 12:00:00+00:00,0.1794,0.1811,0.171,0.1719,14114134.0,2026-07-02 15:59:59.999000+00:00,1
2026-07-02 16:00:00+00:00,0.172,0.1745,0.1705,0.1719,7366359.0,2026-07-02 19:59:59.999000+00:00,1
2026-07-02 20:00:00+00:00,0.172,0.1735,0.1709,0.1723,2687397.0,2026-07-02 23:59:59.999000+00:00,1
2026-07-03 00:00:00+00:00,0.1723,0.175,0.1709,0.172,4924425.0,2026-07-03 03:59:59.999000+00:00,1
2026-07-03 04:00:00+00:00,0.1721,0.1742,0.1713,0.1731,4045681.0,2026-07-03 07:59:59.999000+00:00,1
2026-07-03 08:00:00+00:00,0.173,0.1783,0.172,0.1779,6804190.0,2026-07-03 11:59:59.999000+00:00,1
2026-07-03 12:00:00+00:00,0.1779,0.1801,0.1738,0.1772,10591120.0,2026-07-03 15:59:59.999000+00:00,1
2026-07-03 16:00:00+00:00,0.1772,0.1804,0.1761,0.1773,5648848.0,2026-07-03 19:59:59.999000+00:00,1
2026-07-03 20:00:00+00:00,0.1772,0.1842,0.1772,0.1824,9504353.0,2026-07-03 23:59:59.999000+00:00,1
2026-07-04 00:00:00+00:00,0.1823,0.1837,0.1775,0.1817,8650192.0,2026-07-04 03:59:59.999000+00:00,1
2026-07-04 04:00:00+00:00,0.1817,0.183,0.1766,0.1774,9735518.0,2026-07-04 07:59:59.999000+00:00,1
2026-07-04 08:00:00+00:00,0.1775,0.178,0.1735,0.1763,8304371.0,2026-07-04 11:59:59.999000+00:00,1
2026-07-04 12:00:00+00:00,0.1764,0.182,0.1763,0.1805,6092714.0,2026-07-04 15:59:59.999000+00:00,1
2026-07-04 16:00:00+00:00,0.1806,0.1828,0.1788,0.1791,5056292.0,2026-07-04 19:59:59.999000+00:00,1
2026-07-04 20:00:00+00:00,0.1791,0.1796,0.1747,0.1754,3555959.0,2026-07-04 23:59:59.999000+00:00,1
2026-07-05 00:00:00+00:00,0.1755,0.1756,0.1718,0.1723,6389612.0,2026-07-05 03:59:59.999000+00:00,1
2026-07-05 04:00:00+00:00,0.1723,0.1743,0.1713,0.174,2745938.0,2026-07-05 07:59:59.999000+00:00,1
2026-07-05 08:00:00+00:00,0.1741,0.1743,0.1704,0.1723,3517735.0,2026-07-05 11:59:59.999000+00:00,1
2026-07-05 12:00:00+00:00,0.1724,0.1763,0.1716,0.1748,3553593.0,2026-07-05 15:59:59.999000+00:00,1
2026-07-05 16:00:00+00:00,0.1749,0.1755,0.173,0.1747,2170917.0,2026-07-05 19:59:59.999000+00:00,1
2026-07-05 20:00:00+00:00,0.1747,0.1797,0.1738,0.1782,6641240.0,2026-07-05 23:59:59.999000+00:00,1
2026-07-06 00:00:00+00:00,0.1782,0.1789,0.1758,0.1776,5533020.0,2026-07-06 03:59:59.999000+00:00,1
2026-07-06 04:00:00+00:00,0.1777,0.1784,0.1728,0.1752,6614636.0,2026-07-06 07:59:59.999000+00:00,1
2026-07-06 08:00:00+00:00,0.1752,0.1757,0.1714,0.1715,5295032.0,2026-07-06 11:59:59.999000+00:00,1
2026-07-06 12:00:00+00:00,0.1715,0.1748,0.1671,0.1744,12401299.0,2026-07-06 15:59:59.999000+00:00,1
2026-07-06 16:00:00+00:00,0.1744,0.1761,0.1707,0.1716,9592562.0,2026-07-06 19:59:59.999000+00:00,1
2026-07-06 20:00:00+00:00,0.1716,0.1763,0.1709,0.1714,5416846.0,2026-07-06 23:59:59.999000+00:00,1
2026-07-07 00:00:00+00:00,0.1714,0.1719,0.1673,0.1677,5632175.0,2026-07-07 03:59:59.999000+00:00,1
2026-07-07 04:00:00+00:00,0.1676,0.1691,0.1658,0.1678,5858674.0,2026-07-07 07:59:59.999000+00:00,1
2026-07-07 08:00:00+00:00,0.1679,0.169,0.1668,0.1685,3770134.0,2026-07-07 11:59:59.999000+00:00,1
2026-07-07 12:00:00+00:00,0.1686,0.1707,0.1651,0.1698,12337704.0,2026-07-07 15:59:59.999000+00:00,1
2026-07-07 16:00:00+00:00,0.1699,0.1708,0.1661,0.168,6184770.0,2026-07-07 19:59:59.999000+00:00,1
2026-07-07 20:00:00+00:00,0.1681,0.1685,0.1637,0.1653,11759572.0,2026-07-07 23:59:59.999000+00:00,1
2026-07-08 00:00:00+00:00,0.1654,0.1665,0.1579,0.1594,19892853.0,2026-07-08 03:59:59.999000+00:00,1
2026-07-08 04:00:00+00:00,0.1594,0.1602,0.1571,0.159,6951633.0,2026-07-08 07:59:59.999000+00:00,1
2026-07-08 08:00:00+00:00,0.159,0.1594,0.1537,0.1573,25291047.0,2026-07-08 11:59:59.999000+00:00,1
2026-07-08 12:00:00+00:00,0.1574,0.1584,0.1549,0.157,12927949.0,2026-07-08 15:59:59.999000+00:00,1
2026-07-08 16:00:00+00:00,0.1571,0.1581,0.1558,0.157,4626021.0,2026-07-08 19:59:59.999000+00:00,1
2026-07-08 20:00:00+00:00,0.1569,0.1583,0.1553,0.1579,4790018.0,2026-07-08 23:59:59.999000+00:00,1
2026-07-09 00:00:00+00:00,0.1579,0.1598,0.156,0.1573,5104885.0,2026-07-09 03:59:59.999000+00:00,1
2026-07-09 04:00:00+00:00,0.1574,0.1616,0.157,0.1598,5042188.0,2026-07-09 07:59:59.999000+00:00,1
2026-07-09 08:00:00+00:00,0.1597,0.1601,0.1573,0.1591,3497046.0,2026-07-09 11:59:59.999000+00:00,1
2026-07-09 12:00:00+00:00,0.1592,0.1603,0.1578,0.1586,7297012.0,2026-07-09 15:59:59.999000+00:00,1
2026-07-09 16:00:00+00:00,0.1587,0.1605,0.1576,0.1592,4474696.0,2026-07-09 19:59:59.999000+00:00,1
2026-07-09 20:00:00+00:00,0.1592,0.1599,0.1577,0.1579,4168385.0,2026-07-09 23:59:59.999000+00:00,1
2026-07-10 00:00:00+00:00,0.1579,0.1606,0.1564,0.1602,7017972.0,2026-07-10 03:59:59.999000+00:00,1
2026-07-10 04:00:00+00:00,0.1602,0.1606,0.1586,0.1588,2315985.0,2026-07-10 07:59:59.999000+00:00,1
2026-07-10 08:00:00+00:00,0.1589,0.1608,0.1584,0.1599,4561325.0,2026-07-10 11:59:59.999000+00:00,1
2026-07-10 12:00:00+00:00,0.1599,0.1604,0.1506,0.1523,24860302.0,2026-07-10 15:59:59.999000+00:00,1
2026-07-10 16:00:00+00:00,0.1524,0.1551,0.1512,0.1535,10006694.0,2026-07-10 19:59:59.999000+00:00,1
2026-07-10 20:00:00+00:00,0.1535,0.1553,0.1529,0.1536,3534297.0,2026-07-10 23:59:59.999000+00:00,1
2026-07-11 00:00:00+00:00,0.1537,0.1546,0.1526,0.1539,3616874.0,2026-07-11 03:59:59.999000+00:00,1
2026-07-11 04:00:00+00:00,0.154,0.1543,0.152,0.1522,2612375.0,2026-07-11 07:59:59.999000+00:00,1
2026-07-11 08:00:00+00:00,0.1523,0.1534,0.1514,0.1533,3139215.0,2026-07-11 11:59:59.999000+00:00,1
2026-07-11 12:00:00+00:00,0.1533,0.1551,0.1523,0.1532,5259373.0,2026-07-11 15:59:59.999000+00:00,1
2026-07-11 16:00:00+00:00,0.1532,0.1543,0.1522,0.1534,3286449.0,2026-07-11 19:59:59.999000+00:00,1
2026-07-11 20:00:00+00:00,0.1534,0.1546,0.1496,0.1499,5942134.0,2026-07-11 23:59:59.999000+00:00,1
2026-07-12 00:00:00+00:00,0.1499,0.1524,0.1481,0.1518,6881915.0,2026-07-12 03:59:59.999000+00:00,1
2026-07-12 04:00:00+00:00,0.1518,0.1519,0.1493,0.15,3285016.0,2026-07-12 07:59:59.999000+00:00,1
2026-07-12 08:00:00+00:00,0.15,0.151,0.1496,0.1504,2375865.0,2026-07-12 11:59:59.999000+00:00,1
2026-07-12 12:00:00+00:00,0.1504,0.1511,0.1494,0.1502,2369892.0,2026-07-12 15:59:59.999000+00:00,1
2026-07-12 16:00:00+00:00,0.1502,0.1515,0.1491,0.1513,1981661.0,2026-07-12 19:59:59.999000+00:00,1
2026-07-12 20:00:00+00:00,0.1514,0.1517,0.1475,0.1493,4026921.0,2026-07-12 23:59:59.999000+00:00,1
2026-07-13 00:00:00+00:00,0.1494,0.152,0.1467,0.1482,7148837.0,2026-07-13 03:59:59.999000+00:00,1
2026-07-13 04:00:00+00:00,0.1483,0.151,0.148,0.1496,5415617.0,2026-07-13 07:59:59.999000+00:00,1
2026-07-13 08:00:00+00:00,0.1497,0.1514,0.1494,0.1503,3483074.0,2026-07-13 11:59:59.999000+00:00,1
2026-07-13 12:00:00+00:00,0.1504,0.1516,0.1491,0.1495,6578323.0,2026-07-13 15:59:59.999000+00:00,1
2026-07-13 16:00:00+00:00,0.1496,0.1508,0.1481,0.1503,4289393.0,2026-07-13 19:59:59.999000+00:00,1
2026-07-13 20:00:00+00:00,0.1504,0.1511,0.1472,0.151,2740461.0,2026-07-13 23:59:59.999000+00:00,1
2026-07-14 00:00:00+00:00,0.1511,0.1549,0.1503,0.1545,7442939.0,2026-07-14 03:59:59.999000+00:00,1
2026-07-14 04:00:00+00:00,0.1544,0.1558,0.1522,0.1524,4907244.0,2026-07-14 07:59:59.999000+00:00,1
2026-07-14 08:00:00+00:00,0.1524,0.1529,0.1509,0.1511,3733284.0,2026-07-14 11:59:59.999000+00:00,1
2026-07-14 12:00:00+00:00,0.1511,0.1542,0.1508,0.1524,12477834.0,2026-07-14 15:59:59.999000+00:00,1
2026-07-14 16:00:00+00:00,0.1524,0.1541,0.1521,0.1533,4354694.0,2026-07-14 19:59:59.999000+00:00,1
2026-07-14 20:00:00+00:00,0.1534,0.154,0.1522,0.1535,2481052.0,2026-07-14 23:59:59.999000+00:00,1
2026-07-15 00:00:00+00:00,0.1535,0.1565,0.1534,0.155,4489797.0,2026-07-15 03:59:59.999000+00:00,1
2026-07-15 04:00:00+00:00,0.1551,0.1553,0.1526,0.1532,4347516.0,2026-07-15 07:59:59.999000+00:00,1
2026-07-15 08:00:00+00:00,0.1532,0.1548,0.152,0.1529,3411469.0,2026-07-15 11:59:59.999000+00:00,1
2026-07-15 12:00:00+00:00,0.153,0.1573,0.1524,0.154,17443006.0,2026-07-15 15:59:59.999000+00:00,1
2026-07-15 16:00:00+00:00,0.154,0.1546,0.1511,0.1525,7992785.0,2026-07-15 19:59:59.999000+00:00,1
2026-07-15 20:00:00+00:00,0.1524,0.154,0.1522,0.1525,3096445.0,2026-07-15 23:59:59.999000+00:00,1
2026-07-16 00:00:00+00:00,0.1525,0.1541,0.1504,0.1524,5046578.0,2026-07-16 03:59:59.999000+00:00,1
2026-07-16 04:00:00+00:00,0.1524,0.1528,0.1498,0.1506,3197466.0,2026-07-16 07:59:59.999000+00:00,1
2026-07-16 08:00:00+00:00,0.1504,0.1526,0.1488,0.1514,5268461.0,2026-07-16 11:59:59.999000+00:00,1
2026-07-16 12:00:00+00:00,0.1514,0.1559,0.1507,0.1547,7822269.0,2026-07-16 15:59:59.999000+00:00,1
2026-07-16 16:00:00+00:00,0.1548,0.1548,0.1518,0.1537,3996679.0,2026-07-16 19:59:59.999000+00:00,1
2026-07-16 20:00:00+00:00,0.1537,0.1546,0.1503,0.1511,4367628.0,2026-07-16 23:59:59.999000+00:00,1
2026-07-17 00:00:00+00:00,0.151,0.1531,0.1497,0.1516,4136867.0,2026-07-17 03:59:59.999000+00:00,1
2026-07-17 04:00:00+00:00,0.1516,0.1533,0.1509,0.152,5190280.0,2026-07-17 07:59:59.999000+00:00,1
2026-07-17 08:00:00+00:00,0.152,0.1547,0.1512,0.1523,4863756.0,2026-07-17 11:59:59.999000+00:00,1
2026-07-17 12:00:00+00:00,0.1523,0.1543,0.1503,0.1538,7585551.0,2026-07-17 15:59:59.999000+00:00,1
2026-07-17 16:00:00+00:00,0.1539,0.1564,0.1533,0.1549,5053662.0,2026-07-17 19:59:59.999000+00:00,1
2026-07-17 20:00:00+00:00,0.155,0.1561,0.1541,0.1551,3292113.0,2026-07-17 23:59:59.999000+00:00,1
2026-07-18 00:00:00+00:00,0.155,0.1574,0.1548,0.1562,7183295.0,2026-07-18 03:59:59.999000+00:00,1
2026-07-18 04:00:00+00:00,0.1563,0.1566,0.1527,0.1533,3838318.0,2026-07-18 07:59:59.999000+00:00,1
2026-07-18 08:00:00+00:00,0.1534,0.1538,0.1522,0.1525,2173695.0,2026-07-18 11:59:59.999000+00:00,1
2026-07-18 12:00:00+00:00,0.1525,0.1539,0.1513,0.1535,3356593.0,2026-07-18 15:59:59.999000+00:00,1
2026-07-18 16:00:00+00:00,0.1535,0.1552,0.1531,0.1537,3888738.0,2026-07-18 19:59:59.999000+00:00,1
2026-07-18 20:00:00+00:00,0.1538,0.1546,0.1534,0.1539,1230843.0,2026-07-18 23:59:59.999000+00:00,1
2026-07-19 00:00:00+00:00,0.154,0.1542,0.1524,0.1526,2972540.0,2026-07-19 03:59:59.999000+00:00,1
2026-07-19 04:00:00+00:00,0.1526,0.1534,0.1523,0.1526,1119224.0,2026-07-19 07:59:59.999000+00:00,1
2026-07-19 08:00:00+00:00,0.1527,0.154,0.1525,0.1529,1677735.0,2026-07-19 11:59:59.999000+00:00,1
2026-07-19 12:00:00+00:00,0.1529,0.154,0.1521,0.1531,4362578.0,2026-07-19 15:59:59.999000+00:00,1
2026-07-19 16:00:00+00:00,0.1532,0.1533,0.15,0.1523,4159058.0,2026-07-19 19:59:59.999000+00:00,1
2026-07-19 20:00:00+00:00,0.1524,0.1546,0.1516,0.1544,3516571.0,2026-07-19 23:59:59.999000+00:00,1
2026-07-20 00:00:00+00:00,0.1545,0.1555,0.1524,0.1526,4226278.0,2026-07-20 03:59:59.999000+00:00,1
2026-07-20 04:00:00+00:00,0.1526,0.1528,0.1492,0.1513,4864570.0,2026-07-20 07:59:59.999000+00:00,1
2026-07-20 08:00:00+00:00,0.1513,0.1515,0.148,0.1508,7050598.0,2026-07-20 11:59:59.999000+00:00,1
2026-07-20 12:00:00+00:00,0.1509,0.154,0.1496,0.1535,5481617.0,2026-07-20 15:59:59.999000+00:00,1
2026-07-20 16:00:00+00:00,0.1536,0.1562,0.1532,0.1535,5539831.0,2026-07-20 19:59:59.999000+00:00,1
2026-07-20 20:00:00+00:00,0.1536,0.1542,0.1521,0.1524,1862111.0,2026-07-20 23:59:59.999000+00:00,1
2026-07-21 00:00:00+00:00,0.1524,0.1535,0.1503,0.1533,2338585.0,2026-07-21 03:59:59.999000+00:00,1
2026-07-21 04:00:00+00:00,0.1534,0.154,0.1518,0.1531,3315552.0,2026-07-21 07:59:59.999000+00:00,1
2026-07-21 08:00:00+00:00,0.1532,0.156,0.1527,0.1546,4655008.0,2026-07-21 11:59:59.999000+00:00,1
2026-07-21 12:00:00+00:00,0.1546,0.1551,0.153,0.1544,3983173.0,2026-07-21 15:59:59.999000+00:00,1
2026-07-21 16:00:00+00:00,0.1545,0.1547,0.1516,0.1527,3252252.0,2026-07-21 19:59:59.999000+00:00,1
2026-07-21 20:00:00+00:00,0.1528,0.153,0.1509,0.1522,3010958.0,2026-07-21 23:59:59.999000+00:00,1
2026-07-22 00:00:00+00:00,0.1523,0.154,0.152,0.1532,2895461.0,2026-07-22 03:59:59.999000+00:00,1
2026-07-22 04:00:00+00:00,0.1533,0.1541,0.1508,0.1511,3480854.0,2026-07-22 07:59:59.999000+00:00,1
2026-07-22 08:00:00+00:00,0.1512,0.1523,0.1509,0.1513,3107240.0,2026-07-22 11:59:59.999000+00:00,1
2026-07-22 12:00:00+00:00,0.1513,0.1541,0.1501,0.1536,5592787.0,2026-07-22 15:59:59.999000+00:00,1
2026-07-22 16:00:00+00:00,0.1537,0.1556,0.1526,0.1543,5784344.0,2026-07-22 19:59:59.999000+00:00,1
2026-07-22 20:00:00+00:00,0.1543,0.1557,0.1516,0.1528,5117921.0,2026-07-22 23:59:59.999000+00:00,1
2026-07-23 00:00:00+00:00,0.1528,0.1535,0.151,0.1517,3128717.0,2026-07-23 03:59:59.999000+00:00,1
2026-07-23 04:00:00+00:00,0.1516,0.1527,0.1511,0.1515,2560797.0,2026-07-23 07:59:59.999000+00:00,1
2026-07-23 08:00:00+00:00,0.1515,0.1534,0.1511,0.1518,3253536.0,2026-07-23 11:59:59.999000+00:00,1
2026-07-23 12:00:00+00:00,0.1518,0.1526,0.1475,0.1481,11715857.0,2026-07-23 15:59:59.999000+00:00,1
2026-07-23 16:00:00+00:00,0.1481,0.1489,0.1428,0.1443,11974810.0,2026-07-23 19:59:59.999000+00:00,1
2026-07-23 20:00:00+00:00,0.1443,0.1462,0.1432,0.1434,4907068.0,2026-07-23 23:59:59.999000+00:00,1
2026-07-24 00:00:00+00:00,0.1434,0.1447,0.1415,0.1441,7504135.0,2026-07-24 03:59:59.999000+00:00,1
2026-07-24 04:00:00+00:00,0.1441,0.1465,0.144,0.1461,4323146.0,2026-07-24 07:59:59.999000+00:00,1
2026-07-24 08:00:00+00:00,0.1461,0.1462,0.1431,0.1438,4065011.0,2026-07-24 11:59:59.999000+00:00,1
2026-07-24 12:00:00+00:00,0.1437,0.1442,0.1402,0.143,11541016.0,2026-07-24 15:59:59.999000+00:00,1
2026-07-24 16:00:00+00:00,0.1429,0.1449,0.142,0.1433,4365300.0,2026-07-24 19:59:59.999000+00:00,1
2026-07-24 20:00:00+00:00,0.1433,0.144,0.1413,0.1439,2914501.0,2026-07-24 23:59:59.999000+00:00,1
2026-07-25 00:00:00+00:00,0.144,0.1464,0.1437,0.1459,7189874.0,2026-07-25 03:59:59.999000+00:00,1
2026-07-25 04:00:00+00:00,0.1459,0.1475,0.1443,0.1453,8477786.0,2026-07-25 07:59:59.999000+00:00,1
2026-07-25 08:00:00+00:00,0.1452,0.1481,0.1446,0.1479,5731376.0,2026-07-25 11:59:59.999000+00:00,1
2026-07-25 12:00:00+00:00,0.1479,0.1498,0.1472,0.1492,9527979.0,2026-07-25 15:59:59.999000+00:00,1
2026-07-25 16:00:00+00:00,0.1493,0.1571,0.1489,0.1568,18549236.0,2026-07-25 19:59:59.999000+00:00,1
2026-07-25 20:00:00+00:00,0.1569,0.1591,0.1542,0.1548,18135574.0,2026-07-25 23:59:59.999000+00:00,1
2026-07-26 00:00:00+00:00,0.1549,0.1584,0.1534,0.1576,11418063.0,2026-07-26 03:59:59.999000+00:00,1
2026-07-26 04:00:00+00:00,0.1577,0.1615,0.1571,0.1594,13828355.0,2026-07-26 07:59:59.999000+00:00,1
2026-07-26 08:00:00+00:00,0.1594,0.1607,0.1561,0.1569,8992941.0,2026-07-26 11:59:59.999000+00:00,1
2026-07-26 12:00:00+00:00,0.1569,0.1575,0.1543,0.1546,6295899.0,2026-07-26 15:59:59.999000+00:00,1
2026-07-26 16:00:00+00:00,0.1547,0.156,0.1533,0.1541,3918443.0,2026-07-26 19:59:59.999000+00:00,1
2026-07-26 20:00:00+00:00,0.1541,0.1544,0.1523,0.1534,5904346.0,2026-07-26 23:59:59.999000+00:00,1
2026-07-27 00:00:00+00:00,0.1535,0.1557,0.1529,0.1557,4263938.0,2026-07-27 03:59:59.999000+00:00,1
2026-07-27 04:00:00+00:00,0.1556,0.1567,0.1543,0.1544,3667286.0,2026-07-27 07:59:59.999000+00:00,1
2026-07-27 08:00:00+00:00,0.1545,0.1547,0.1519,0.154,4279835.0,2026-07-27 11:59:59.999000+00:00,1
2026-07-27 12:00:00+00:00,0.1541,0.1552,0.149,0.151,9646577.0,2026-07-27 15:59:59.999000+00:00,1
2026-07-27 16:00:00+00:00,0.1511,0.1517,0.1493,0.1503,3778908.0,2026-07-27 19:59:59.999000+00:00,1
2026-07-27 20:00:00+00:00,0.1504,0.1508,0.1458,0.1475,6149571.0,2026-07-27 23:59:59.999000+00:00,1
2026-07-28 00:00:00+00:00,0.1475,0.1499,0.1472,0.1479,4669586.0,2026-07-28 03:59:59.999000+00:00,1
2026-07-28 04:00:00+00:00,0.1479,0.1496,0.147,0.1482,3067949.0,2026-07-28 07:59:59.999000+00:00,1
2026-07-28 08:00:00+00:00,0.1482,0.1493,0.1476,0.1478,3806513.0,2026-07-28 11:59:59.999000+00:00,1
2026-07-28 12:00:00+00:00,0.1478,0.1504,0.1457,0.1498,7503296.0,2026-07-28 15:59:59.999000+00:00,1
2026-07-28 16:00:00+00:00,0.1498,0.1501,0.1471,0.1485,2412710.0,2026-07-28 19:59:59.999000+00:00,1
2026-07-28 20:00:00+00:00,0.1486,0.1491,0.1466,0.1478,2953647.0,2026-07-28 23:59:59.999000+00:00,1
2026-07-29 00:00:00+00:00,0.1478,0.1486,0.1441,0.1442,5977039.0,2026-07-29 03:59:59.999000+00:00,1
2026-07-29 04:00:00+00:00,0.1442,0.1466,0.1431,0.1465,3177786.0,2026-07-29 07:59:59.999000+00:00,1
2026-07-29 08:00:00+00:00,0.1466,0.1468,0.1451,0.1462,1582054.0,2026-07-29 11:59:59.999000+00:00,1
2026-07-29 12:00:00+00:00,0.1463,0.1465,0.1441,0.1445,3021541.0,2026-07-29 15:59:59.999000+00:00,1
2026-07-29 16:00:00+00:00,0.1445,0.1469,0.1426,0.1428,6971524.0,2026-07-29 19:59:59.999000+00:00,1
2026-07-29 20:00:00+00:00,0.1427,0.1441,0.1411,0.1439,5080025.0,2026-07-29 23:59:59.999000+00:00,1
2026-07-30 00:00:00+00:00,0.144,0.1464,0.1434,0.1445,2178968.0,2026-07-30 03:59:59.999000+00:00,1
2026-07-30 04:00:00+00:00,0.1445,0.1445,0.1428,0.143,2278582.0,2026-07-30 07:59:59.999000+00:00,1
2026-07-30 08:00:00+00:00,0.143,0.1439,0.1422,0.1435,4584677.0,2026-07-30 11:59:59.999000+00:00,1
2026-07-30 12:00:00+00:00,0.1435,0.145,0.1418,0.1433,6557979.0,2026-07-30 15:59:59.999000+00:00,1
2026-07-30 16:00:00+00:00,0.1433,0.1453,0.1427,0.145,2888729.0,2026-07-30 19:59:59.999000+00:00,1
2026-07-30 20:00:00+00:00,0.145,0.1457,0.1436,0.1443,4368538.0,2026-07-30 23:59:59.999000+00:00,1
2026-07-31 00:00:00+00:00,0.1443,0.1463,0.1419,0.1433,3929153.0,2026-07-31 03:59:59.999000+00:00,1
2026-07-31 04:00:00+00:00,0.1432,0.1433,0.1414,0.1431,2062459.0,2026-07-31 07:59:59.999000+00:00,1
2026-07-31 08:00:00+00:00,0.1431,0.1434,0.1417,0.1424,2277330.0,2026-07-31 11:59:59.999000+00:00,1
2026-07-31 12:00:00+00:00,0.1425,0.1441,0.1395,0.1437,10807648.0,2026-07-31 15:59:59.999000+00:00,1
2026-07-31 16:00:00+00:00,0.1437,0.1459,0.1429,0.1433,4882302.0,2026-07-31 19:59:59.999000+00:00,1
2026-07-31 20:00:00+00:00,0.1433,0.1435,0.1422,0.1433,2660561.0,2026-07-31 23:59:59.999000+00:00,1
2026-08-01 00:00:00+00:00,0.1433,0.1466,0.1433,0.1454,5432156.0,2026-08-01 03:59:59.999000+00:00,1
2026-08-01 04:00:00+00:00,0.1454,0.1464,0.1434,0.1437,5137586.0,2026-08-01 07:59:59.999000+00:00,1
2026-08-01 08:00:00+00:00,0.1437,0.1439,0.1409,0.1416,5582051.0,2026-08-01 11:59:59.999000+00:00,1
2026-08-01 12:00:00+00:00,0.1415,0.1422,0.1404,0.1412,3249483.0,2026-08-01 15:59:59.999000+00:00,1
2026-08-01 16:00:00+00:00,0.1412,0.1415,0.1363,0.1373,12815403.0,2026-08-01 19:59:59.999000+00:00,1
2026-08-01 20:00:00+00:00,0.1373,0.1378,0.1352,0.1354,9347258.0,2026-08-01 23:59:59.999000+00:00,1
2026-08-02 00:00:00+00:00,0.1354,0.139,0.1352,0.1383,4707571.0,2026-08-02 03:59:59.999000+00:00,1
2026-08-02 04:00:00+00:00,0.1384,0.1405,0.138,0.1402,5335774.0,2026-08-02 07:59:59.999000+00:00,1
2026-08-02 08:00:00+00:00,0.1403,0.1413,0.1393,0.1394,5665587.0,2026-08-02 11:59:59.999000+00:00,1
2026-08-02 12:00:00+00:00,0.1395,0.1406,0.1392,0.1394,2932348.0,2026-08-02 15:59:59.999000+00:00,1
2026-08-02 16:00:00+00:00,0.1394,0.1414,0.1385,0.1408,4108934.0,2026-08-02 19:59:59.999000+00:00,1
2026-08-02 20:00:00+00:00,0.1409,0.1428,0.139,0.1392,4787182.0,2026-08-02 23:59:59.999000+00:00,1
2026-08-03 00:00:00+00:00,0.1392,0.1394,0.1369,0.1378,2998251.0,2026-08-03 03:59:59.999000+00:00,1
2026-08-03 04:00:00+00:00,0.1379,0.1387,0.1367,0.1374,2561296.0,2026-08-03 07:59:59.999000+00:00,1
2026-08-03 08:00:00+00:00,0.1374,0.1377,0.1364,0.1374,2872184.0,2026-08-03 11:59:59.999000+00:00,1
2026-08-03 12:00:00+00:00,0.1374,0.1392,0.1367,0.138,4349913.0,2026-08-03 15:59:59.999000+00:00,1
2026-08-03 16:00:00+00:00,0.1381,0.1412,0.1373,0.1402,4245242.0,2026-08-03 19:59:59.999000+00:00,1
2026-08-03 20:00:00+00:00,0.1401,0.1432,0.1394,0.1406,3293230.0,2026-08-03 23:59:59.999000+00:00,1
2026-08-04 00:00:00+00:00,0.1407,0.1423,0.1393,0.1412,2908480.0,2026-08-04 03:59:59.999000+00:00,1
2026-08-04 04:00:00+00:00,0.1413,0.1422,0.1404,0.1415,4662068.0,2026-08-04 07:59:59.999000+00:00,1
2026-08-04 08:00:00+00:00,0.1414,0.1417,0.1397,0.1407,2793508.0,2026-08-04 11:59:59.999000+00:00,1
2026-08-04 12:00:00+00:00,0.1407,0.141,0.1386,0.1405,9610807.0,2026-08-04 15:59:59.999000+00:00,1
2026-08-04 16:00:00+00:00,0.1405,0.1424,0.1386,0.1414,7597851.0,2026-08-04 19:59:59.999000+00:00,1
2026-08-04 20:00:00+00:00,0.1414,0.1419,0.1398,0.1398,5054843.0,2026-08-04 23:59:59.999000+00:00,1
2026-08-05 00:00:00+00:00,0.1398,0.1415,0.1392,0.1409,4627099.0,2026-08-05 03:59:59.999000+00:00,1
2026-08-05 04:00:00+00:00,0.1409,0.1419,0.1405,0.1409,2116084.0,2026-08-05 07:59:59.999000+00:00,1
2026-08-05 08:00:00+00:00,0.141,0.1414,0.1397,0.1398,1356120.0,2026-08-05 11:59:59.999000+00:00,1
2026-08-05 12:00:00+00:00,0.1398,0.1417,0.1395,0.1398,5224839.0,2026-08-05 15:59:59.999000+00:00,1
2026-08-05 16:00:00+00:00,0.1398,0.1411,0.1397,0.14,1783570.0,2026-08-05 19:59:59.999000+00:00,1
2026-08-05 20:00:00+00:00,0.14,0.1412,0.1397,0.1407,2028024.0,2026-08-05 23:59:59.999000+00:00,1
2026-08-06 00:00:00+00:00,0.1407,0.1423,0.1399,0.1403,2155198.0,2026-08-06 03:59:59.999000+00:00,1
2026-08-06 04:00:00+00:00,0.1403,0.1418,0.1398,0.1406,2548115.0,2026-08-06 07:59:59.999000+00:00,1
2026-08-06 08:00:00+00:00,0.1407,0.1408,0.1376,0.139,5541127.0,2026-08-06 11:59:59.999000+00:00,1
2026-08-06 12:00:00+00:00,0.1389,0.1404,0.1382,0.1397,2811733.0,2026-08-06 15:59:59.999000+00:00,1
2026-08-06 16:00:00+00:00,0.1397,0.1416,0.1392,0.1398,2817368.0,2026-08-06 19:59:59.999000+00:00,1
2026-08-06 20:00:00+00:00,0.1397,0.1412,0.1393,0.1399,1845932.0,2026-08-06 23:59:59.999000+00:00,1
2026-08-07 00:00:00+00:00,0.14,0.1408,0.1391,0.1392,1456284.0,2026-08-07 03:59:59.999000+00:00,1
2026-08-07 04:00:00+00:00,0.1392,0.1398,0.1382,0.1383,1860235.0,2026-08-07 07:59:59.999000+00:00,1
2026-08-07 08:00:00+00:00,0.1383,0.1394,0.1381,0.139,2452472.0,2026-08-07 11:59:59.999000+00:00,1
2026-08-07 12:00:00+00:00,0.1391,0.1404,0.1367,0.1379,4359211.0,2026-08-07 15:59:59.999000+00:00,1
2026-08-07 16:00:00+00:00,0.1379,0.1386,0.1362,0.1375,4103290.0,2026-08-07 19:59:59.999000+00:00,1
2026-08-07 20:00:00+00:00,0.1375,0.138,0.1364,0.1373,1478218.0,2026-08-07 23:59:59.999000+00:00,1
2026-08-08 00:00:00+00:00,0.1373,0.1402,0.1371,0.1401,2121137.0,2026-08-08 03:59:59.999000+00:00,1
2026-08-08 04:00:00+00:00,0.14,0.1434,0.1399,0.1419,8021371.0,2026-08-08 07:59:59.999000+00:00,1
2026-08-08 08:00:00+00:00,0.142,0.1433,0.1416,0.1422,3278464.0,2026-08-08 11:59:59.999000+00:00,1
2026-08-08 12:00:00+00:00,0.1423,0.1436,0.1415,0.1433,2704007.0,2026-08-08 15:59:59.999000+00:00,1
2026-08-08 16:00:00+00:00,0.1434,0.1442,0.1418,0.1422,2640317.0,2026-08-08 19:59:59.999000+00:00,1
2026-08-08 20:00:00+00:00,0.1421,0.1432,0.1417,0.142,1085496.0,2026-08-08 23:59:59.999000+00:00,1
2026-08-09 00:00:00+00:00,0.1421,0.1437,0.141,0.1432,2946035.0,2026-08-09 03:59:59.999000+00:00,1
2026-08-09 04:00:00+00:00,0.1433,0.1435,0.1419,0.1424,1754010.0,2026-08-09 07:59:59.999000+00:00,1
2026-08-09 08:00:00+00:00,0.1425,0.1431,0.1414,0.1414,1719944.0,2026-08-09 11:59:59.999000+00:00,1
2026-08-09 12:00:00+00:00,0.1415,0.1439,0.1411,0.1439,4136525.0,2026-08-09 15:59:59.999000+00:00,1
2026-08-09 16:00:00+00:00,0.1439,0.147,0.1439,0.1469,8843214.0,2026-08-09 19:59:59.999000+00:00,1
2026-08-09 20:00:00+00:00,0.1469,0.1474,0.1413,0.1418,8093982.0,2026-08-09 23:59:59.999000+00:00,1
2026-08-10 00:00:00+00:00,0.1417,0.1445,0.1414,0.1423,5093123.0,2026-08-10 03:59:59.999000+00:00,1
2026-08-10 04:00:00+00:00,0.1423,0.144,0.1416,0.1437,3152223.0,2026-08-10 07:59:59.999000+00:00,1
2026-08-10 08:00:00+00:00,0.1436,0.1443,0.1427,0.1442,2539463.0,2026-08-10 11:59:59.999000+00:00,1
2026-08-10 12:00:00+00:00,0.1442,0.1445,0.1419,0.143,3443422.0,2026-08-10 15:59:59.999000+00:00,1
2026-08-10 16:00:00+00:00,0.1429,0.1444,0.1421,0.1436,3971062.0,2026-08-10 19:59:59.999000+00:00,1
2026-08-10 20:00:00+00:00,0.1436,0.1437,0.1398,0.1405,3946402.0,2026-08-10 23:59:59.999000+00:00,1
2026-08-11 00:00:00+00:00,0.1405,0.1424,0.1403,0.1414,1603031.0,2026-08-11 03:59:59.999000+00:00,1
2026-08-11 04:00:00+00:00,0.1414,0.1422,0.1401,0.1402,2954882.0,2026-08-11 07:59:59.999000+00:00,1
2026-08-11 08:00:00+00:00,0.1403,0.1422,0.1401,0.1419,3026678.0,2026-08-11 11:59:59.999000+00:00,1
2026-08-11 12:00:00+00:00,0.142,0.142,0.137,0.1383,8378621.0,2026-08-11 15:59:59.999000+00:00,1
2026-08-11 16:00:00+00:00,0.1382,0.1399,0.1377,0.1399,2379489.0,2026-08-11 19:59:59.999000+00:00,1
2026-08-11 20:00:00+00:00,0.14,0.1417,0.1399,0.1402,2377950.0,2026-08-11 23:59:59.999000+00:00,1
2026-08-12 00:00:00+00:00,0.1401,0.141,0.1399,0.1403,1942807.0,2026-08-12 03:59:59.999000+00:00,1
2026-08-12 04:00:00+00:00,0.1403,0.1405,0.138,0.1389,3459512.0,2026-08-12 07:59:59.999000+00:00,1
2026-08-12 08:00:00+00:00,0.1388,0.1402,0.1384,0.1398,3262484.0,2026-08-12 11:59:59.999000+00:00,1
2026-08-12 12:00:00+00:00,0.1398,0.1409,0.1379,0.1391,5999323.0,2026-08-12 15:59:59.999000+00:00,1
2026-08-12 16:00:00+00:00,0.1391,0.1404,0.1389,0.1398,2678340.0,2026-08-12 19:59:59.999000+00:00,1
2026-08-12 20:00:00+00:00,0.1399,0.1406,0.1327,0.1357,10955557.0,2026-08-12 23:59:59.999000+00:00,1
2026-08-13 00:00:00+00:00,0.1357,0.138,0.1347,0.1375,5830651.0,2026-08-13 03:59:59.999000+00:00,1
2026-08-13 04:00:00+00:00,0.1375,0.1394,0.1374,0.1382,4274632.0,2026-08-13 07:59:59.999000+00:00,1
2026-08-13 08:00:00+00:00,0.1383,0.1395,0.1376,0.1389,2910619.0,2026-08-13 11:59:59.999000+00:00,1
2026-08-13 12:00:00+00:00,0.139,0.1399,0.1376,0.1377,3760032.0,2026-08-13 15:59:59.999000+00:00,1
2026-08-13 16:00:00+00:00,0.1377,0.1379,0.136,0.1367,3841395.0,2026-08-13 19:59:59.999000+00:00,1
2026-08-13 20:00:00+00:00,0.1368,0.1373,0.1361,0.1369,1469265.0,2026-08-13 23:59:59.999000+00:00,1
2026-08-14 00:00:00+00:00,0.1369,0.1377,0.1365,0.1367,2152447.0,2026-08-14 03:59:59.999000+00:00,1
2026-08-14 04:00:00+00:00,0.1367,0.1375,0.1344,0.1354,6987855.0,2026-08-14 07:59:59.999000+00:00,1
2026-08-14 08:00:00+00:00,0.1354,0.1364,0.134,0.1344,3827148.0,2026-08-14 11:59:59.999000+00:00,1
2026-08-14 12:00:00+00:00,0.1344,0.1368,0.134,0.1365,4137207.0,2026-08-14 15:59:59.999000+00:00,1
2026-08-14 16:00:00+00:00,0.1366,0.1377,0.1357,0.1365,5321127.0,2026-08-14 19:59:59.999000+00:00,1
2026-08-14 20:00:00+00:00,0.1365,0.1386,0.1359,0.1385,2600754.0,2026-08-14 23:59:59.999000+00:00,1
2026-08-15 00:00:00+00:00,0.1385,0.1397,0.1379,0.1387,4032368.0,2026-08-15 03:59:59.999000+00:00,1
2026-08-15 04:00:00+00:00,0.1388,0.1391,0.1381,0.1383,1825819.0,2026-08-15 07:59:59.999000+00:00,1
2026-08-15 08:00:00+00:00,0.1382,0.1387,0.1372,0.1372,1259209.0,2026-08-15 11:59:59.999000+00:00,1
2026-08-15 12:00:00+00:00,0.1373,0.1378,0.1366,0.1374,1966144.0,2026-08-15 15:59:59.999000+00:00,1
2026-08-15 16:00:00+00:00,0.1375,0.138,0.1369,0.1373,1818464.0,2026-08-15 19:59:59.999000+00:00,1
2026-08-15 20:00:00+00:00,0.1374,0.1374,0.1356,0.1359,2590318.0,2026-08-15 23:59:59.999000+00:00,1
2026-08-16 00:00:00+00:00,0.1359,0.1364,0.1353,0.136,2100956.0,2026-08-16 03:59:59.999000+00:00,1
2026-08-16 04:00:00+00:00,0.136,0.1371,0.1358,0.137,1176467.0,2026-08-16 07:59:59.999000+00:00,1
2026-08-16 08:00:00+00:00,0.137,0.1373,0.1365,0.1369,1261312.0,2026-08-16 11:59:59.999000+00:00,1
2026-08-16 12:00:00+00:00,0.137,0.1383,0.1367,0.1379,1684615.0,2026-08-16 15:59:59.999000+00:00,1
2026-08-16 16:00:00+00:00,0.138,0.1384,0.137,0.1372,1615412.0,2026-08-16 19:59:59.999000+00:00,1
2026-08-16 20:00:00+00:00,0.1371,0.1372,0.1344,0.1357,3953966.0,2026-08-16 23:59:59.999000+00:00,1
2026-08-17 00:00:00+00:00,0.1356,0.1383,0.1351,0.1374,4094619.0,2026-08-17 03:59:59.999000+00:00,1
2026-08-17 04:00:00+00:00,0.1374,0.1377,0.1365,0.1372,1413303.0,2026-08-17 07:59:59.999000+00:00,1
2026-08-17 08:00:00+00:00,0.1373,0.1373,0.1362,0.1366,1725094.0,2026-08-17 11:59:59.999000+00:00,1
2026-08-17 12:00:00+00:00,0.1366,0.1386,0.1361,0.1383,3379526.0,2026-08-17 15:59:59.999000+00:00,1
2026-08-17 16:00:00+00:00,0.1384,0.139,0.1372,0.138,5331411.0,2026-08-17 19:59:59.999000+00:00,1
2026-08-17 20:00:00+00:00,0.1381,0.1392,0.1367,0.1377,2795720.0,2026-08-17 23:59:59.999000+00:00,1
2026-08-18 00:00:00+00:00,0.1377,0.1381,0.1344,0.1347,5976411.0,2026-08-18 03:59:59.999000+00:00,1
2026-08-18 04:00:00+00:00,0.1348,0.1368,0.134,0.1363,3678196.0,2026-08-18 07:59:59.999000+00:00,1
2026-08-18 08:00:00+00:00,0.1363,0.1369,0.1359,0.1363,1712959.0,2026-08-18 11:59:59.999000+00:00,1
2026-08-18 12:00:00+00:00,0.1362,0.1376,0.1355,0.137,3209968.0,2026-08-18 15:59:59.999000+00:00,1
2026-08-18 16:00:00+00:00,0.1371,0.1375,0.1362,0.1366,1835247.0,2026-08-18 19:59:59.999000+00:00,1
2026-08-18 20:00:00+00:00,0.1366,0.1367,0.1354,0.1361,1907452.0,2026-08-18 23:59:59.999000+00:00,1
2026-08-19 00:00:00+00:00,0.1361,0.1369,0.1356,0.1366,1404323.0,2026-08-19 03:59:59.999000+00:00,1
2026-08-19 04:00:00+00:00,0.1366,0.1367,0.1353,0.1363,1232758.0,2026-08-19 07:59:59.999000+00:00,1
2026-08-19 08:00:00+00:00,0.1362,0.1371,0.1359,0.1368,1645455.0,2026-08-19 11:59:59.999000+00:00,1
2026-08-19 12:00:00+00:00,0.1368,0.1435,0.1365,0.1399,13489061.0,2026-08-19 15:59:59.999000+00:00,1
2026-08-19 16:00:00+00:00,0.1398,0.1419,0.1394,0.1418,5591363.0,2026-08-19 19:59:59.999000+00:00,1
2026-08-19 20:00:00+00:00,0.1418,0.1485,0.1417,0.1465,10881828.0,2026-08-19 23:59:59.999000+00:00,1
2026-08-20 00:00:00+00:00,0.1465,0.1486,0.1446,0.1454,6610552.0,2026-08-20 03:59:59.999000+00:00,1
2026-08-20 04:00:00+00:00,0.1455,0.1508,0.1454,0.1503,6054112.0,2026-08-20 07:59:59.999000+00:00,1
2026-08-20 08:00:00+00:00,0.1503,0.159,0.1495,0.159,20423728.0,2026-08-20 11:59:59.999000+00:00,1
2026-08-20 12:00:00+00:00,0.159,0.1606,0.1537,0.1589,17703216.0,2026-08-20 15:59:59.999000+00:00,1
2026-08-20 16:00:00+00:00,0.159,0.1659,0.1573,0.1613,19071996.0,2026-08-20 19:59:59.999000+00:00,1
2026-08-20 20:00:00+00:00,0.1614,0.1683,0.1611,0.1642,16846004.0,2026-08-20 23:59:59.999000+00:00,1
2026-08-21 00:00:00+00:00,0.1642,0.1669,0.1632,0.1658,17610433.0,2026-08-21 03:59:59.999000+00:00,1
2026-08-21 04:00:00+00:00,0.1657,0.1756,0.1655,0.1753,15673184.0,2026-08-21 07:59:59.999000+00:00,1
2026-08-21 08:00:00+00:00,0.1753,0.1896,0.1715,0.1848,33573489.0,2026-08-21 11:59:59.999000+00:00,1
2026-08-21 12:00:00+00:00,0.1849,0.1873,0.1795,0.1836,17617278.0,2026-08-21 15:59:59.999000+00:00,1
2026-08-21 16:00:00+00:00,0.1836,0.1904,0.1809,0.1871,16783115.0,2026-08-21 19:59:59.999000+00:00,1
2026-08-21 20:00:00+00:00,0.1872,0.204,0.1859,0.1993,21333209.0,2026-08-21 23:59:59.999000+00:00,1
2026-08-22 00:00:00+00:00,0.1993,0.2245,0.1986,0.2174,27809952.0,2026-08-22 03:59:59.999000+00:00,1
2026-08-22 04:00:00+00:00,0.2176,0.2296,0.1857,0.2039,45499706.0,2026-08-22 07:59:59.999000+00:00,1
2026-08-22 08:00:00+00:00,0.2039,0.206,0.1942,0.1999,14028631.0,2026-08-22 11:59:59.999000+00:00,1
2026-08-22 12:00:00+00:00,0.1999,0.2035,0.1967,0.1987,8249909.0,2026-08-22 15:59:59.999000+00:00,1
2026-08-22 16:00:00+00:00,0.1986,0.2084,0.1982,0.2015,10625479.0,2026-08-22 19:59:59.999000+00:00,1
2026-08-22 20:00:00+00:00,0.2015,0.2031,0.1915,0.1957,6484198.0,2026-08-22 23:59:59.999000+00:00,1
2026-08-23 00:00:00+00:00,0.1957,0.201,0.1897,0.1911,7757499.0,2026-08-23 03:59:59.999000+00:00,1
2026-08-23 04:00:00+00:00,0.1911,0.1932,0.1863,0.1915,7063513.0,2026-08-23 07:59:59.999000+00:00,1
2026-08-23 08:00:00+00:00,0.1915,0.1987,0.1912,0.198,3521592.0,2026-08-23 11:59:59.999000+00:00,1
2026-08-23 12:00:00+00:00,0.198,0.2032,0.194,0.1995,8394553.0,2026-08-23 15:59:59.999000+00:00,1
2026-08-23 16:00:00+00:00,0.1997,0.2013,0.1981,0.199,3012330.0,2026-08-23 19:59:59.999000+00:00,1
2026-08-23 20:00:00+00:00,0.1989,0.2055,0.198,0.2025,6099759.0,2026-08-23 23:59:59.999000+00:00,1
2026-08-24 00:00:00+00:00,0.2024,0.2039,0.1946,0.1947,8864723.0,2026-08-24 03:59:59.999000+00:00,1
2026-08-24 04:00:00+00:00,0.1947,0.1999,0.1947,0.1959,4367315.0,2026-08-24 07:59:59.999000+00:00,1
2026-08-24 08:00:00+00:00,0.1959,0.203,0.1941,0.2022,4376382.0,2026-08-24 11:59:59.999000+00:00,1
2026-08-24 12:00:00+00:00,0.2021,0.2051,0.1958,0.201,10661389.0,2026-08-24 15:59:59.999000+00:00,1
2026-08-24 16:00:00+00:00,0.201,0.2053,0.1973,0.1987,6527193.0,2026-08-24 19:59:59.999000+00:00,1
2026-08-24 20:00:00+00:00,0.1987,0.2015,0.1977,0.2014,2483610.0,2026-08-24 23:59:59.999000+00:00,1
2026-08-25 00:00:00+00:00,0.2013,0.2312,0.2007,0.2241,60386448.0,2026-08-25 03:59:59.999000+00:00,1
2026-08-25 04:00:00+00:00,0.2241,0.2322,0.2107,0.2121,82319318.0,2026-08-25 07:59:59.999000+00:00,1
2026-08-25 08:00:00+00:00,0.212,0.2134,0.2075,0.2087,24193180.0,2026-08-25 11:59:59.999000+00:00,1
2026-08-25 12:00:00+00:00,0.2085,0.2088,0.1989,0.2018,22704934.0,2026-08-25 15:59:59.999000+00:00,1
2026-08-25 16:00:00+00:00,0.2017,0.2031,0.1943,0.1957,12936855.0,2026-08-25 19:59:59.999000+00:00,1
2026-08-25 20:00:00+00:00,0.1957,0.1978,0.1896,0.1952,13429832.0,2026-08-25 23:59:59.999000+00:00,1
2026-08-26 00:00:00+00:00,0.1952,0.2053,0.1938,0.202,14835534.0,2026-08-26 03:59:59.999000+00:00,1
2026-08-26 04:00:00+00:00,0.2019,0.2021,0.198,0.2,7565282.0,2026-08-26 07:59:59.999000+00:00,1
2026-08-26 08:00:00+00:00,0.2,0.2028,0.1986,0.2007,7891723.0,2026-08-26 11:59:59.999000+00:00,1
2026-08-26 12:00:00+00:00,0.2005,0.2052,0.1955,0.1974,17877863.0,2026-08-26 15:59:59.999000+00:00,1
2026-08-26 16:00:00+00:00,0.1974,0.2031,0.1952,0.1982,6813653.0,2026-08-26 19:59:59.999000+00:00,1
2026-08-26 20:00:00+00:00,0.1981,0.2139,0.1963,0.2122,10094848.0,2026-08-26 23:59:59.999000+00:00,1
2026-08-27 00:00:00+00:00,0.2123,0.2161,0.2084,0.2119,10318703.0,2026-08-27 03:59:59.999000+00:00,1
2026-08-27 04:00:00+00:00,0.2119,0.2136,0.2074,0.2124,7234066.0,2026-08-27 07:59:59.999000+00:00,1
2026-08-27 08:00:00+00:00,0.2124,0.2164,0.2073,0.2099,10233348.0,2026-08-27 11:59:59.999000+00:00,1
2026-08-27 12:00:00+00:00,0.2098,0.225,0.2086,0.2229,14763345.0,2026-08-27 15:59:59.999000+00:00,1
2026-08-27 16:00:00+00:00,0.223,0.2372,0.2193,0.2225,34721177.0,2026-08-27 19:59:59.999000+00:00,1
2026-08-27 20:00:00+00:00,0.2226,0.2227,0.2161,0.2171,6049701.0,2026-08-27 23:59:59.999000+00:00,1
2026-08-28 00:00:00+00:00,0.2171,0.2234,0.2136,0.2161,13537876.0,2026-08-28 03:59:59.999000+00:00,1
2026-08-28 04:00:00+00:00,0.216,0.218,0.2133,0.214,7528489.0,2026-08-28 07:59:59.999000+00:00,1
2026-08-28 08:00:00+00:00,0.214,0.2179,0.2113,0.2169,5587419.0,2026-08-28 11:59:59.999000+00:00,1
2026-08-28 12:00:00+00:00,0.2169,0.2197,0.2073,0.2078,17676513.0,2026-08-28 15:59:59.999000+00:00,1
2026-08-28 16:00:00+00:00,0.2077,0.2091,0.1998,0.202,13278082.0,2026-08-28 19:59:59.999000+00:00,1
2026-08-28 20:00:00+00:00,0.2021,0.2053,0.2009,0.2041,3653604.0,2026-08-28 23:59:59.999000+00:00,1
2026-08-29 00:00:00+00:00,0.2042,0.2047,0.2007,0.2009,2829549.0,2026-08-29 03:59:59.999000+00:00,1
2026-08-29 04:00:00+00:00,0.2009,0.2029,0.1997,0.2002,2938716.0,2026-08-29 07:59:59.999000+00:00,1
2026-08-29 08:00:00+00:00,0.2002,0.2011,0.1978,0.2003,3420790.0,2026-08-29 11:59:59.999000+00:00,1
2026-08-29 12:00:00+00:00,0.2002,0.2043,0.1982,0.201,3880618.0,2026-08-29 15:59:59.999000+00:00,1
2026-08-29 16:00:00+00:00,0.201,0.2058,0.1987,0.2024,6534497.0,2026-08-29 19:59:59.999000+00:00,1
2026-08-29 20:00:00+00:00,0.2024,0.2031,0.2009,0.2016,1477455.0,2026-08-29 23:59:59.999000+00:00,1
2026-08-30 00:00:00+00:00,0.2016,0.2023,0.1988,0.1989,1837911.0,2026-08-30 03:59:59.999000+00:00,1
2026-08-30 04:00:00+00:00,0.1989,0.2007,0.1981,0.1986,1771771.0,2026-08-30 07:59:59.999000+00:00,1
2026-08-30 08:00:00+00:00,0.1985,0.2006,0.1969,0.2005,2512233.0,2026-08-30 11:59:59.999000+00:00,1
2026-08-30 12:00:00+00:00,0.2006,0.2027,0.1988,0.1996,3632349.0,2026-08-30 15:59:59.999000+00:00,1
2026-08-30 16:00:00+00:00,0.1997,0.2052,0.1996,0.2008,8538918.0,2026-08-30 19:59:59.999000+00:00,1
2026-08-30 20:00:00+00:00,0.2007,0.2012,0.1858,0.1892,17201154.0,2026-08-30 23:59:59.999000+00:00,1
2026-08-31 00:00:00+00:00,0.1892,0.1937,0.1884,0.1926,5650054.0,2026-08-31 03:59:59.999000+00:00,1
2026-08-31 04:00:00+00:00,0.1927,0.1938,0.1903,0.1926,3908260.0,2026-08-31 07:59:59.999000+00:00,1
2026-08-31 08:00:00+00:00,0.1926,0.1982,0.1914,0.1978,6772548.0,2026-08-31 11:59:59.999000+00:00,1
2026-08-31 12:00:00+00:00,0.1977,0.1994,0.1937,0.1966,8592893.0,2026-08-31 15:59:59.999000+00:00,1
2026-08-31 16:00:00+00:00,0.1966,0.1985,0.1953,0.1964,3790365.0,2026-08-31 19:59:59.999000+00:00,1
2026-08-31 20:00:00+00:00,0.1964,0.1998,0.1963,0.1971,3610236.0,2026-08-31 23:59:59.999000+00:00,1
2026-09-01 00:00:00+00:00,0.1971,0.1998,0.1949,0.198,2849512.0,2026-09-01 03:59:59.999000+00:00,1
2026-09-01 04:00:00+00:00,0.198,0.2012,0.1971,0.1974,4131974.0,2026-09-01 07:59:59.999000+00:00,1
2026-09-01 08:00:00+00:00,0.1974,0.2024,0.1933,0.2008,6019828.0,2026-09-01 11:59:59.999000+00:00,1
2026-09-01 12:00:00+00:00,0.2008,0.2032,0.1968,0.2003,7515407.0,2026-09-01 15:59:59.999000+00:00,1
2026-09-01 16:00:00+00:00,0.2004,0.2006,0.1929,0.1978,8463469.0,2026-09-01 19:59:59.999000+00:00,1
2026-09-01 20:00:00+00:00,0.1979,0.1989,0.193,0.1938,3759639.0,2026-09-01 23:59:59.999000+00:00,1
2026-09-02 00:00:00+00:00,0.1938,0.2003,0.1902,0.1977,9004904.0,2026-09-02 03:59:59.999000+00:00,1
2026-09-02 04:00:00+00:00,0.1977,0.2,0.196,0.1962,2315597.0,2026-09-02 07:59:59.999000+00:00,1
2026-09-02 08:00:00+00:00,0.1961,0.1965,0.1914,0.1938,4540606.0,2026-09-02 11:59:59.999000+00:00,1
2026-09-02 12:00:00+00:00,0.1938,0.1992,0.1931,0.1981,4869123.0,2026-09-02 15:59:59.999000+00:00,1
2026-09-02 16:00:00+00:00,0.1982,0.1997,0.1949,0.1972,3899403.0,2026-09-02 19:59:59.999000+00:00,1
2026-09-02 20:00:00+00:00,0.1973,0.1991,0.1951,0.199,2568668.0,2026-09-02 23:59:59.999000+00:00,1
2026-09-03 00:00:00+00:00,0.199,0.2021,0.1968,0.1998,3846305.0,2026-09-03 03:59:59.999000+00:00,1
2026-09-03 04:00:00+00:00,0.1998,0.2031,0.1984,0.2,3704081.0,2026-09-03 07:59:59.999000+00:00,1
2026-09-03 08:00:00+00:00,0.2,0.202,0.1992,0.2009,3006689.0,2026-09-03 11:59:59.999000+00:00,1
2026-09-03 12:00:00+00:00,0.2008,0.2116,0.1995,0.2114,8984268.0,2026-09-03 15:59:59.999000+00:00,1
2026-09-03 16:00:00+00:00,0.2114,0.2178,0.2109,0.2141,12179212.0,2026-09-03 19:59:59.999000+00:00,1
2026-09-03 20:00:00+00:00,0.2141,0.2186,0.2124,0.2145,5438732.0,2026-09-03 23:59:59.999000+00:00,1
2026-09-04 00:00:00+00:00,0.2144,0.2184,0.2126,0.2132,6704545.0,2026-09-04 03:59:59.999000+00:00,1
2026-09-04 04:00:00+00:00,0.2131,0.2159,0.2086,0.2099,6789534.0,2026-09-04 07:59:59.999000+00:00,1
2026-09-04 08:00:00+00:00,0.2099,0.2129,0.2077,0.2103,4827635.0,2026-09-04 11:59:59.999000+00:00,1
2026-09-04 12:00:00+00:00,0.2103,0.2105,0.1965,0.2004,17679810.0,2026-09-04 15:59:59.999000+00:00,1
2026-09-04 16:00:00+00:00,0.2004,0.2021,0.1986,0.2014,2816598.0,2026-09-04 19:59:59.999000+00:00,1
2026-09-04 20:00:00+00:00,0.2015,0.2043,0.1989,0.2032,3215480.0,2026-09-04 23:59:59.999000+00:00,1
2026-09-05 00:00:00+00:00,0.2032,0.2044,0.2014,0.2019,3024030.0,2026-09-05 03:59:59.999000+00:00,1
2026-09-05 04:00:00+00:00,0.2019,0.2089,0.2017,0.2082,5209448.0,2026-09-05 07:59:59.999000+00:00,1
2026-09-05 08:00:00+00:00,0.2082,0.214,0.2061,0.2127,8451255.0,2026-09-05 11:59:59.999000+00:00,1
2026-09-05 12:00:00+00:00,0.2127,0.2186,0.2116,0.2129,7137254.0,2026-09-05 15:59:59.999000+00:00,1
2026-09-05 16:00:00+00:00,0.2129,0.2177,0.2119,0.2141,4767558.0,2026-09-05 19:59:59.999000+00:00,1
2026-09-05 20:00:00+00:00,0.214,0.2158,0.2116,0.2133,3282814.0,2026-09-05 23:59:59.999000+00:00,1
2026-09-06 00:00:00+00:00,0.2133,0.2161,0.2124,0.2139,4091840.0,2026-09-06 03:59:59.999000+00:00,1
2026-09-06 04:00:00+00:00,0.214,0.2155,0.2079,0.2105,5400959.0,2026-09-06 07:59:59.999000+00:00,1
2026-09-06 08:00:00+00:00,0.2105,0.2175,0.2095,0.2162,7307382.0,2026-09-06 11:59:59.999000+00:00,1
2026-09-06 12:00:00+00:00,0.2161,0.2164,0.2086,0.213,6463426.0,2026-09-06 15:59:59.999000+00:00,1
2026-09-06 16:00:00+00:00,0.2131,0.217,0.2122,0.2146,4767590.0,2026-09-06 19:59:59.999000+00:00,1
2026-09-06 20:00:00+00:00,0.2147,0.2178,0.2134,0.2165,3413325.0,2026-09-06 23:59:59.999000+00:00,1
2026-09-07 00:00:00+00:00,0.2165,0.2224,0.213,0.2137,10342088.0,2026-09-07 03:59:59.999000+00:00,1
2026-09-07 04:00:00+00:00,0.2137,0.2177,0.2098,0.2123,6617007.0,2026-09-07 07:59:59.999000+00:00,1
2026-09-07 08:00:00+00:00,0.2122,0.2218,0.2121,0.2203,9899818.0,2026-09-07 11:59:59.999000+00:00,1
2026-09-07 12:00:00+00:00,0.2203,0.2253,0.2117,0.2125,11758257.0,2026-09-07 15:59:59.999000+00:00,1
2026-09-07 16:00:00+00:00,0.2126,0.2172,0.2126,0.2167,3613861.0,2026-09-07 19:59:59.999000+00:00,1
2026-09-07 20:00:00+00:00,0.2168,0.218,0.213,0.216,3364999.0,2026-09-07 23:59:59.999000+00:00,1
2026-09-08 00:00:00+00:00,0.2159,0.2215,0.2153,0.2179,7159264.0,2026-09-08 03:59:59.999000+00:00,1
2026-09-08 04:00:00+00:00,0.2178,0.2194,0.2147,0.2179,5397437.0,2026-09-08 07:59:59.999000+00:00,1
2026-09-08 08:00:00+00:00,0.2177,0.2229,0.2163,0.2179,6512025.0,2026-09-08 11:59:59.999000+00:00,1
2026-09-08 12:00:00+00:00,0.2178,0.2214,0.2111,0.2207,8544682.0,2026-09-08 15:59:59.999000+00:00,1
2026-09-08 16:00:00+00:00,0.2207,0.2218,0.2138,0.2154,4969248.0,2026-09-08 19:59:59.999000+00:00,1
2026-09-08 20:00:00+00:00,0.2155,0.2165,0.2117,0.2119,4787378.0,2026-09-08 23:59:59.999000+00:00,1
2026-09-09 00:00:00+00:00,0.212,0.2139,0.2091,0.2102,4629535.0,2026-09-09 03:59:59.999000+00:00,1
2026-09-09 04:00:00+00:00,0.2101,0.2178,0.2101,0.2172,7784363.0,2026-09-09 07:59:59.999000+00:00,1
2026-09-09 08:00:00+00:00,0.2172,0.2195,0.2119,0.215,5070730.0,2026-09-09 11:59:59.999000+00:00,1
2026-09-09 12:00:00+00:00,0.215,0.2166,0.2076,0.2091,7217087.0,2026-09-09 15:59:59.999000+00:00,1
2026-09-09 16:00:00+00:00,0.209,0.2148,0.2082,0.2083,7183978.0,2026-09-09 19:59:59.999000+00:00,1
2026-09-09 20:00:00+00:00,0.2083,0.2102,0.202,0.2046,8635425.0,2026-09-09 23:59:59.999000+00:00,1
2026-09-10 00:00:00+00:00,0.2046,0.2046,0.1991,0.2032,6240639.0,2026-09-10 03:59:59.999000+00:00,1
2026-09-10 04:00:00+00:00,0.2031,0.2033,0.1976,0.1989,3663388.0,2026-09-10 07:59:59.999000+00:00,1
2026-09-10 08:00:00+00:00,0.1988,0.1999,0.197,0.1986,4360848.0,2026-09-10 11:59:59.999000+00:00,1
2026-09-10 12:00:00+00:00,0.1985,0.2001,0.1925,0.1943,9512493.0,2026-09-10 15:59:59.999000+00:00,1
2026-09-10 16:00:00+00:00,0.1943,0.1957,0.1908,0.1932,5648389.0,2026-09-10 19:59:59.999000+00:00,1
2026-09-10 20:00:00+00:00,0.1933,0.1951,0.1891,0.19,3344474.0,2026-09-10 23:59:59.999000+00:00,1
2026-09-11 00:00:00+00:00,0.1901,0.1932,0.1901,0.1926,2685986.0,2026-09-11 03:59:59.999000+00:00,1
2026-09-11 04:00:00+00:00,0.1926,0.1942,0.1922,0.1926,2881705.0,2026-09-11 07:59:59.999000+00:00,1
2026-09-11 08:00:00+00:00,0.1927,0.1944,0.1874,0.1906,3365229.0,2026-09-11 11:59:59.999000+00:00,1
2026-09-11 12:00:00+00:00,0.1907,0.2036,0.1879,0.195,12583350.0,2026-09-11 15:59:59.999000+00:00,1
2026-09-11 16:00:00+00:00,0.195,0.1974,0.188,0.191,5337313.0,2026-09-11 19:59:59.999000+00:00,1
2026-09-11 20:00:00+00:00,0.191,0.1922,0.1882,0.1916,3707384.0,2026-09-11 23:59:59.999000+00:00,1
2026-09-12 00:00:00+00:00,0.1916,0.1962,0.1915,0.196,3823265.0,2026-09-12 03:59:59.999000+00:00,1
2026-09-12 04:00:00+00:00,0.1961,0.1962,0.1936,0.1946,2874645.0,2026-09-12 07:59:59.999000+00:00,1
2026-09-12 08:00:00+00:00,0.1946,0.1951,0.1927,0.1929,3230885.0,2026-09-12 11:59:59.999000+00:00,1
2026-09-12 12:00:00+00:00,0.193,0.1936,0.1914,0.1922,2844556.0,2026-09-12 15:59:59.999000+00:00,1
2026-09-12 16:00:00+00:00,0.1923,0.1933,0.1907,0.1912,2672407.0,2026-09-12 19:59:59.999000+00:00,1
2026-09-12 20:00:00+00:00,0.1912,0.1918,0.1896,0.1905,2262830.0,2026-09-12 23:59:59.999000+00:00,1
2026-09-13 00:00:00+00:00,0.1906,0.1909,0.1885,0.1888,2845777.0,2026-09-13 03:59:59.999000+00:00,1
2026-09-13 04:00:00+00:00,0.1888,0.1906,0.1878,0.188,2857628.0,2026-09-13 07:59:59.999000+00:00,1
2026-09-13 08:00:00+00:00,0.188,0.1887,0.1851,0.187,4163889.0,2026-09-13 11:59:59.999000+00:00,1
2026-09-13 12:00:00+00:00,0.1871,0.1908,0.1866,0.188,2300513.0,2026-09-13 15:59:59.999000+00:00,1
2026-09-13 16:00:00+00:00,0.1881,0.1918,0.1881,0.1906,2127786.0,2026-09-13 19:59:59.999000+00:00,1
2026-09-13 20:00:00+00:00,0.1907,0.1927,0.1856,0.1871,4226834.0,2026-09-13 23:59:59.999000+00:00,1
2026-09-14 00:00:00+00:00,0.1871,0.193,0.1859,0.1917,5526720.0,2026-09-14 03:59:59.999000+00:00,1
2026-09-14 04:00:00+00:00,0.1918,0.1936,0.1907,0.1918,2357950.0,2026-09-14 07:59:59.999000+00:00,1
2026-09-14 08:00:00+00:00,0.1918,0.1934,0.1896,0.1907,3702590.0,2026-09-14 11:59:59.999000+00:00,1
2026-09-14 12:00:00+00:00,0.1907,0.1918,0.1862,0.1898,6905179.0,2026-09-14 15:59:59.999000+00:00,1
2026-09-14 16:00:00+00:00,0.1898,0.1942,0.1884,0.1915,6617179.0,2026-09-14 19:59:59.999000+00:00,1
2026-09-14 20:00:00+00:00,0.1915,0.1955,0.1873,0.1875,4532682.0,2026-09-14 23:59:59.999000+00:00,1
2026-09-15 00:00:00+00:00,0.1876,0.1881,0.1818,0.1827,6400515.0,2026-09-15 03:59:59.999000+00:00,1
2026-09-15 04:00:00+00:00,0.1826,0.1837,0.18,0.1804,5950108.0,2026-09-15 07:59:59.999000+00:00,1
2026-09-15 08:00:00+00:00,0.1804,0.1805,0.1783,0.1796,4991732.0,2026-09-15 11:59:59.999000+00:00,1
2026-09-15 12:00:00+00:00,0.1796,0.182,0.1747,0.1786,10506011.0,2026-09-15 15:59:59.999000+00:00,1
2026-09-15 16:00:00+00:00,0.1786,0.1832,0.1728,0.1784,13185945.0,2026-09-15 19:59:59.999000+00:00,1
2026-09-15 20:00:00+00:00,0.1784,0.1794,0.1751,0.1779,5455902.0,2026-09-15 23:59:59.999000+00:00,1
2026-09-16 00:00:00+00:00,0.178,0.1798,0.1758,0.1793,4282279.0,2026-09-16 03:59:59.999000+00:00,1
2026-09-16 04:00:00+00:00,0.1792,0.1803,0.1773,0.1776,3132389.0,2026-09-16 07:59:59.999000+00:00,1
2026-09-16 08:00:00+00:00,0.1776,0.1794,0.1765,0.1786,3296870.0,2026-09-16 11:59:59.999000+00:00,1
2026-09-16 12:00:00+00:00,0.1787,0.1795,0.1762,0.1763,4526607.0,2026-09-16 15:59:59.999000+00:00,1
2026-09-16 16:00:00+00:00,0.1763,0.1808,0.1744,0.1792,12045756.0,2026-09-16 19:59:59.999000+00:00,1
2026-09-16 20:00:00+00:00,0.1791,0.1839,0.1789,0.1831,5390945.0,2026-09-16 23:59:59.999000+00:00,1
2026-09-17 00:00:00+00:00,0.183,0.1838,0.1811,0.1835,4025158.0,2026-09-17 03:59:59.999000+00:00,1
2026-09-17 04:00:00+00:00,0.1834,0.1871,0.1822,0.1854,4178580.0,2026-09-17 07:59:59.999000+00:00,1
2026-09-17 08:00:00+00:00,0.1854,0.1861,0.1833,0.1842,2968904.0,2026-09-17 11:59:59.999000+00:00,1
2026-09-17 12:00:00+00:00,0.1842,0.1885,0.1821,0.1862,5564612.0,2026-09-17 15:59:59.999000+00:00,1
2026-09-17 16:00:00+00:00,0.1863,0.188,0.1848,0.1855,3547196.0,2026-09-17 19:59:59.999000+00:00,1
2026-09-17 20:00:00+00:00,0.1856,0.1871,0.1842,0.1862,3105432.0,2026-09-17 23:59:59.999000+00:00,1
2026-09-18 00:00:00+00:00,0.1862,0.1932,0.1853,0.1931,6848128.0,2026-09-18 03:59:59.999000+00:00,1
2026-09-18 04:00:00+00:00,0.1931,0.194,0.1902,0.1935,5950416.0,2026-09-18 07:59:59.999000+00:00,1
2026-09-18 08:00:00+00:00,0.1936,0.195,0.1906,0.1927,6218918.0,2026-09-18 11:59:59.999000+00:00,1
2026-09-18 12:00:00+00:00,0.1927,0.2097,0.1923,0.209,13836238.0,2026-09-18 15:59:59.999000+00:00,1
2026-09-18 16:00:00+00:00,0.209,0.2103,0.2031,0.2083,7799082.0,2026-09-18 19:59:59.999000+00:00,1
2026-09-18 20:00:00+00:00,0.2083,0.2153,0.2077,0.2144,5776798.0,2026-09-18 23:59:59.999000+00:00,1
2026-09-19 00:00:00+00:00,0.2144,0.2166,0.2101,0.2123,5776478.0,2026-09-19 03:59:59.999000+00:00,1
2026-09-19 04:00:00+00:00,0.2124,0.2128,0.2028,0.2039,6559781.0,2026-09-19 07:59:59.999000+00:00,1
2026-09-19 08:00:00+00:00,0.204,0.2128,0.2037,0.2127,3587960.0,2026-09-19 11:59:59.999000+00:00,1
2026-09-19 12:00:00+00:00,0.2127,0.2141,0.2093,0.211,3733945.0,2026-09-19 15:59:59.999000+00:00,1
2026-09-19 16:00:00+00:00,0.211,0.2186,0.2101,0.2134,8814844.0,2026-09-19 19:59:59.999000+00:00,1
2026-09-19 20:00:00+00:00,0.2134,0.2139,0.2073,0.2112,4110594.0,2026-09-19 23:59:59.999000+00:00,1
2026-09-20 00:00:00+00:00,0.2113,0.2119,0.1977,0.2018,10439816.0,2026-09-20 03:59:59.999000+00:00,1
2026-09-20 04:00:00+00:00,0.2018,0.2023,0.1983,0.1987,3515078.0,2026-09-20 07:59:59.999000+00:00,1
2026-09-20 08:00:00+00:00,0.1986,0.1995,0.1956,0.1972,5356492.0,2026-09-20 11:59:59.999000+00:00,1
2026-09-20 12:00:00+00:00,0.1972,0.2013,0.1938,0.201,6971390.0,2026-09-20 15:59:59.999000+00:00,1
2026-09-20 16:00:00+00:00,0.2011,0.2065,0.2001,0.2027,6929215.0,2026-09-20 19:59:59.999000+00:00,1
2026-09-20 20:00:00+00:00,0.2027,0.2044,0.199,0.2024,3297319.0,2026-09-20 23:59:59.999000+00:00,1
2026-09-21 00:00:00+00:00,0.2024,0.2086,0.2,0.2042,7841588.0,2026-09-21 03:59:59.999000+00:00,1
2026-09-21 04:00:00+00:00,0.2042,0.2048,0.2007,0.2032,4583988.0,2026-09-21 07:59:59.999000+00:00,1
2026-09-21 08:00:00+00:00,0.2033,0.2188,0.2032,0.216,14184798.0,2026-09-21 11:59:59.999000+00:00,1
2026-09-21 12:00:00+00:00,0.2159,0.2504,0.2157,0.2469,61771467.0,2026-09-21 15:59:59.999000+00:00,1
2026-09-21 16:00:00+00:00,0.2468,0.2484,0.2291,0.239,32192885.0,2026-09-21 19:59:59.999000+00:00,1
2026-09-21 20:00:00+00:00,0.239,0.248,0.2352,0.2449,12757619.0,2026-09-21 23:59:59.999000+00:00,1
2026-09-22 00:00:00+00:00,0.2449,0.2541,0.2429,0.2534,22799463.0,2026-09-22 03:59:59.999000+00:00,1
2026-09-22 04:00:00+00:00,0.2533,0.2587,0.2372,0.2486,44586751.0,2026-09-22 07:59:59.999000+00:00,1
2026-09-22 08:00:00+00:00,0.2487,0.2643,0.2468,0.2555,37798580.0,2026-09-22 11:59:59.999000+00:00,1
2026-09-22 12:00:00+00:00,0.2555,0.2802,0.2533,0.2648,59832083.0,2026-09-22 15:59:59.999000+00:00,1
2026-09-22 16:00:00+00:00,0.2648,0.2649,0.2543,0.2587,16421723.0,2026-09-22 19:59:59.999000+00:00,1
2026-09-22 20:00:00+00:00,0.2587,0.2591,0.2466,0.2553,16262742.0,2026-09-22 23:59:59.999000+00:00,1
2026-09-23 00:00:00+00:00,0.2553,0.2563,0.2483,0.255,10244945.0,2026-09-23 03:59:59.999000+00:00,1
2026-09-23 04:00:00+00:00,0.255,0.2607,0.2476,0.2518,18619168.0,2026-09-23 07:59:59.999000+00:00,1
2026-09-23 08:00:00+00:00,0.2518,0.2545,0.2454,0.2466,9497927.0,2026-09-23 11:59:59.999000+00:00,0
