ts,open,high,low,close,volume,close_time,confirm
2026-03-23 00:00:00+00:00,217.21,221.55,215.77,220.01,4332822.0,2026-03-23 03:59:59.999000+00:00,1
2026-03-23 04:00:00+00:00,220.02,225.39,217.3,218.34,7543994.0,2026-03-23 07:59:59.999000+00:00,1
2026-03-23 08:00:00+00:00,218.35,233.93,215.01,221.87,20256642.0,2026-03-23 11:59:59.999000+00:00,1
2026-03-23 12:00:00+00:00,221.88,234.83,220.23,228.19,15207717.0,2026-03-23 15:59:59.999000+00:00,1
2026-03-23 16:00:00+00:00,228.19,232.44,225.57,229.67,6111741.0,2026-03-23 19:59:59.999000+00:00,1
2026-03-23 20:00:00+00:00,229.67,231.71,226.31,228.35,2879759.0,2026-03-23 23:59:59.999000+00:00,1
2026-03-24 00:00:00+00:00,228.36,231.75,224.61,227.86,5761228.0,2026-03-24 03:59:59.999000+00:00,1
2026-03-24 04:00:00+00:00,227.85,233.37,223.33,232.16,6290862.0,2026-03-24 07:59:59.999000+00:00,1
2026-03-24 08:00:00+00:00,232.16,232.75,228.82,230.42,5470814.0,2026-03-24 11:59:59.999000+00:00,1
2026-03-24 12:00:00+00:00,230.43,230.45,221.75,225.62,9273688.0,2026-03-24 15:59:59.999000+00:00,1
2026-03-24 16:00:00+00:00,225.62,227.39,223.11,226.05,4571403.0,2026-03-24 19:59:59.999000+00:00,1
2026-03-24 20:00:00+00:00,226.04,243.32,225.82,241.96,13553085.0,2026-03-24 23:59:59.999000+00:00,1
2026-03-25 00:00:00+00:00,241.97,247.59,235.34,238.27,12724478.0,2026-03-25 03:59:59.999000+00:00,1
2026-03-25 04:00:00+00:00,238.26,239.89,236.2,236.76,5576582.0,2026-03-25 07:59:59.999000+00:00,1
2026-03-25 08:00:00+00:00,236.77,240.57,236.69,237.78,5764105.0,2026-03-25 11:59:59.999000+00:00,1
2026-03-25 12:00:00+00:00,237.79,238.76,232.17,235.91,9951205.0,2026-03-25 15:59:59.999000+00:00,1
2026-03-25 16:00:00+00:00,235.91,238.83,233.41,234.55,5525422.0,2026-03-25 19:59:59.999000+00:00,1
2026-03-25 20:00:00+00:00,234.56,234.66,229.06,231.78,4775091.0,2026-03-25 23:59:59.999000+00:00,1
2026-03-26 00:00:00+00:00,231.77,234.39,228.11,228.95,4869682.0,2026-03-26 03:59:59.999000+00:00,1
2026-03-26 04:00:00+00:00,228.96,229.57,223.9,225.1,5678244.0,2026-03-26 07:59:59.999000+00:00,1
2026-03-26 08:00:00+00:00,225.1,226.17,218.3,220.74,6224396.0,2026-03-26 11:59:59.999000+00:00,1
2026-03-26 12:00:00+00:00,220.74,225.14,220.22,220.56,5454650.0,2026-03-26 15:59:59.999000+00:00,1
2026-03-26 16:00:00+00:00,220.55,222.3,218.56,220.29,3690175.0,2026-03-26 19:59:59.999000+00:00,1
2026-03-26 20:00:00+00:00,220.27,226.03,219.31,222.0,4038404.0,2026-03-26 23:59:59.999000+00:00,1
2026-03-27 00:00:00+00:00,222.0,226.27,221.19,223.85,3191327.0,2026-03-27 03:59:59.999000+00:00,1
2026-03-27 04:00:00+00:00,223.85,225.2,221.74,223.24,2664568.0,2026-03-27 07:59:59.999000+00:00,1
2026-03-27 08:00:00+00:00,223.24,223.63,211.24,215.74,9575176.0,2026-03-27 11:59:59.999000+00:00,1
2026-03-27 12:00:00+00:00,215.74,219.85,213.53,216.35,6014795.0,2026-03-27 15:59:59.999000+00:00,1
2026-03-27 16:00:00+00:00,216.35,216.42,213.28,215.66,3085045.0,2026-03-27 19:59:59.999000+00:00,1
2026-03-27 20:00:00+00:00,215.65,216.18,213.77,215.45,1502257.0,2026-03-27 23:59:59.999000+00:00,1
2026-03-28 00:00:00+00:00,215.43,216.17,209.01,212.25,4025953.0,2026-03-28 03:59:59.999000+00:00,1
2026-03-28 04:00:00+00:00,212.26,222.4,211.1,220.83,5789373.0,2026-03-28 07:59:59.999000+00:00,1
2026-03-28 08:00:00+00:00,220.83,221.2,217.14,218.16,3123702.0,2026-03-28 11:59:59.999000+00:00,1
2026-03-28 12:00:00+00:00,218.16,223.99,216.36,218.79,4291711.0,2026-03-28 15:59:59.999000+00:00,1
2026-03-28 16:00:00+00:00,218.79,219.72,217.44,217.93,1501468.0,2026-03-28 19:59:59.999000+00:00,1
2026-03-28 20:00:00+00:00,217.93,218.62,211.82,213.51,3341092.0,2026-03-28 23:59:59.999000+00:00,1
2026-03-29 00:00:00+00:00,213.51,219.36,212.32,218.21,3087289.0,2026-03-29 03:59:59.999000+00:00,1
2026-03-29 04:00:00+00:00,218.21,219.31,215.87,216.26,1982490.0,2026-03-29 07:59:59.999000+00:00,1
2026-03-29 08:00:00+00:00,216.26,217.55,213.49,215.92,2551760.0,2026-03-29 11:59:59.999000+00:00,1
2026-03-29 12:00:00+00:00,215.93,216.0,212.78,214.56,2963109.0,2026-03-29 15:59:59.999000+00:00,1
2026-03-29 16:00:00+00:00,214.55,218.35,213.89,216.6,2774102.0,2026-03-29 19:59:59.999000+00:00,1
2026-03-29 20:00:00+00:00,216.59,220.6,206.83,214.95,8358186.0,2026-03-29 23:59:59.999000+00:00,1
2026-03-30 00:00:00+00:00,214.96,222.09,214.21,221.76,6575163.0,2026-03-30 03:59:59.999000+00:00,1
2026-03-30 04:00:00+00:00,221.77,231.63,221.68,230.0,7949757.0,2026-03-30 07:59:59.999000+00:00,1
2026-03-30 08:00:00+00:00,230.0,231.92,224.47,226.78,8275979.0,2026-03-30 11:59:59.999000+00:00,1
2026-03-30 12:00:00+00:00,226.79,228.51,221.5,224.83,6652308.0,2026-03-30 15:59:59.999000+00:00,1
2026-03-30 16:00:00+00:00,224.82,226.77,221.18,225.91,4053848.0,2026-03-30 19:59:59.999000+00:00,1
2026-03-30 20:00:00+00:00,225.89,231.49,224.54,225.61,5455414.0,2026-03-30 23:59:59.999000+00:00,1
2026-03-31 00:00:00+00:00,225.61,233.46,223.38,230.41,6893689.0,2026-03-31 03:59:59.999000+00:00,1
2026-03-31 04:00:00+00:00,230.41,232.64,227.74,229.97,5596095.0,2026-03-31 07:59:59.999000+00:00,1
2026-03-31 08:00:00+00:00,229.97,256.57,229.67,254.9,23763001.0,2026-03-31 11:59:59.999000+00:00,1
2026-03-31 12:00:00+00:00,254.89,257.82,242.42,246.07,23555559.0,2026-03-31 15:59:59.999000+00:00,1
2026-03-31 16:00:00+00:00,246.07,257.66,245.51,254.4,14606063.0,2026-03-31 19:59:59.999000+00:00,1
2026-03-31 20:00:00+00:00,254.39,256.4,246.56,248.3,6332211.0,2026-03-31 23:59:59.999000+00:00,1
2026-04-01 00:00:00+00:00,248.3,249.71,242.96,245.12,6857571.0,2026-04-01 03:59:59.999000+00:00,1
2026-04-01 04:00:00+00:00,245.1,249.95,240.43,247.64,10611941.0,2026-04-01 07:59:59.999000+00:00,1
2026-04-01 08:00:00+00:00,247.62,250.64,245.23,245.97,5859461.0,2026-04-01 11:59:59.999000+00:00,1
2026-04-01 12:00:00+00:00,245.96,246.06,238.82,243.04,11944969.0,2026-04-01 15:59:59.999000+00:00,1
2026-04-01 16:00:00+00:00,243.04,254.85,242.82,254.27,10029221.0,2026-04-01 19:59:59.999000+00:00,1
2026-04-01 20:00:00+00:00,254.28,258.5,249.69,251.26,8927970.0,2026-04-01 23:59:59.999000+00:00,1
2026-04-02 00:00:00+00:00,251.26,255.46,237.17,238.93,14956043.0,2026-04-02 03:59:59.999000+00:00,1
2026-04-02 04:00:00+00:00,238.93,240.47,231.4,240.1,11163878.0,2026-04-02 07:59:59.999000+00:00,1
2026-04-02 08:00:00+00:00,240.1,240.22,232.28,232.78,5820191.0,2026-04-02 11:59:59.999000+00:00,1
2026-04-02 12:00:00+00:00,232.78,239.85,231.33,234.31,8097289.0,2026-04-02 15:59:59.999000+00:00,1
2026-04-02 16:00:00+00:00,234.31,241.96,232.42,241.66,5242729.0,2026-04-02 19:59:59.999000+00:00,1
2026-04-02 20:00:00+00:00,241.68,245.85,238.87,240.7,5439932.0,2026-04-02 23:59:59.999000+00:00,1
2026-04-03 00:00:00+00:00,240.7,241.25,235.56,237.46,3994080.0,2026-04-03 03:59:59.999000+00:00,1
2026-04-03 04:00:00+00:00,237.45,239.1,234.89,236.95,4028028.0,2026-04-03 07:59:59.999000+00:00,1
2026-04-03 08:00:00+00:00,236.95,239.21,236.16,238.26,2940196.0,2026-04-03 11:59:59.999000+00:00,1
2026-04-03 12:00:00+00:00,238.26,239.83,233.16,234.82,5575794.0,2026-04-03 15:59:59.999000+00:00,1
2026-04-03 16:00:00+00:00,234.84,235.85,233.28,234.46,2514306.0,2026-04-03 19:59:59.999000+00:00,1
2026-04-03 20:00:00+00:00,234.45,236.66,231.87,234.18,1634481.0,2026-04-03 23:59:59.999000+00:00,1
2026-04-04 00:00:00+00:00,234.19,236.53,233.47,235.6,1884339.0,2026-04-04 03:59:59.999000+00:00,1
2026-04-04 04:00:00+00:00,235.61,237.98,234.8,237.26,2615784.0,2026-04-04 07:59:59.999000+00:00,1
2026-04-04 08:00:00+00:00,237.27,248.53,236.8,244.87,9062975.0,2026-04-04 11:59:59.999000+00:00,1
2026-04-04 12:00:00+00:00,244.88,250.5,242.72,248.99,8496121.0,2026-04-04 15:59:59.999000+00:00,1
2026-04-04 16:00:00+00:00,249.01,253.77,246.33,250.91,6259661.0,2026-04-04 19:59:59.999000+00:00,1
2026-04-04 20:00:00+00:00,250.92,252.86,249.47,251.03,2257481.0,2026-04-04 23:59:59.999000+00:00,1
2026-04-05 00:00:00+00:00,251.03,251.66,245.74,246.42,4549002.0,2026-04-05 03:59:59.999000+00:00,1
2026-04-05 04:00:00+00:00,246.43,248.29,242.83,244.26,5234468.0,2026-04-05 07:59:59.999000+00:00,1
2026-04-05 08:00:00+00:00,244.26,249.67,243.3,243.55,5117451.0,2026-04-05 11:59:59.999000+00:00,1
2026-04-05 12:00:00+00:00,243.56,243.57,236.7,241.38,10315425.0,2026-04-05 15:59:59.999000+00:00,1
2026-04-05 16:00:00+00:00,241.38,242.74,238.87,240.57,2433397.0,2026-04-05 19:59:59.999000+00:00,1
2026-04-05 20:00:00+00:00,240.57,245.3,237.3,244.82,5761015.0,2026-04-05 23:59:59.999000+00:00,1
2026-04-06 00:00:00+00:00,244.83,259.4,244.83,255.62,12487837.0,2026-04-06 03:59:59.999000+00:00,1
2026-04-06 04:00:00+00:00,255.62,256.63,250.25,252.88,6062790.0,2026-04-06 07:59:59.999000+00:00,1
2026-04-06 08:00:00+00:00,252.89,260.8,251.86,255.01,8473567.0,2026-04-06 11:59:59.999000+00:00,1
2026-04-06 12:00:00+00:00,255.01,256.14,251.6,253.83,5554061.0,2026-04-06 15:59:59.999000+00:00,1
2026-04-06 16:00:00+00:00,253.82,258.17,253.27,254.9,5231109.0,2026-04-06 19:59:59.999000+00:00,1
2026-04-06 20:00:00+00:00,254.91,257.46,248.12,251.33,4946233.0,2026-04-06 23:59:59.999000+00:00,1
2026-04-07 00:00:00+00:00,251.33,256.46,250.32,254.69,6017733.0,2026-04-07 03:59:59.999000+00:00,1
2026-04-07 04:00:00+00:00,254.68,267.67,253.68,263.02,14226074.0,2026-04-07 07:59:59.999000+00:00,1
2026-04-07 08:00:00+00:00,263.03,272.34,261.81,265.23,16124444.0,2026-04-07 11:59:59.999000+00:00,1
2026-04-07 12:00:00+00:00,265.23,271.85,259.25,264.85,19955890.0,2026-04-07 15:59:59.999000+00:00,1
2026-04-07 16:00:00+00:00,264.86,274.0,264.85,272.63,11485635.0,2026-04-07 19:59:59.999000+00:00,1
2026-04-07 20:00:00+00:00,272.63,324.51,272.4,319.99,44053977.0,2026-04-07 23:59:59.999000+00:00,1
2026-04-08 00:00:00+00:00,319.98,328.81,312.15,318.2,25437769.0,2026-04-08 03:59:59.999000+00:00,1
2026-04-08 04:00:00+00:00,318.19,326.9,316.35,323.87,14361436.0,2026-04-08 07:59:59.999000+00:00,1
2026-04-08 08:00:00+00:00,323.86,336.57,322.51,332.49,40063930.0,2026-04-08 11:59:59.999000+00:00,1
2026-04-08 12:00:00+00:00,332.49,340.3,326.0,332.95,46486214.0,2026-04-08 15:59:59.999000+00:00,1
2026-04-08 16:00:00+00:00,332.94,334.33,323.43,325.39,19721965.0,2026-04-08 19:59:59.999000+00:00,1
2026-04-08 20:00:00+00:00,325.37,327.65,318.74,323.22,12956490.0,2026-04-08 23:59:59.999000+00:00,1
2026-04-09 00:00:00+00:00,323.23,327.27,313.33,318.17,17269861.0,2026-04-09 03:59:59.999000+00:00,1
2026-04-09 04:00:00+00:00,318.17,321.8,315.38,319.24,12109164.0,2026-04-09 07:59:59.999000+00:00,1
2026-04-09 08:00:00+00:00,319.24,321.63,310.45,311.28,14167553.0,2026-04-09 11:59:59.999000+00:00,1
2026-04-09 12:00:00+00:00,311.28,329.86,308.27,324.85,23736320.0,2026-04-09 15:59:59.999000+00:00,1
2026-04-09 16:00:00+00:00,324.86,391.72,324.42,368.09,52557620.0,2026-04-09 19:59:59.999000+00:00,1
2026-04-09 20:00:00+00:00,368.09,385.56,363.0,366.38,30937499.0,2026-04-09 23:59:59.999000+00:00,1
2026-04-10 00:00:00+00:00,366.4,374.28,363.17,364.69,16413904.0,2026-04-10 03:59:59.999000+00:00,1
2026-04-10 04:00:00+00:00,364.69,377.98,364.6,373.53,14613419.0,2026-04-10 07:59:59.999000+00:00,1
2026-04-10 08:00:00+00:00,373.53,389.5,371.1,377.12,25386310.0,2026-04-10 11:59:59.999000+00:00,1
2026-04-10 12:00:00+00:00,377.16,394.95,373.31,378.33,27140066.0,2026-04-10 15:59:59.999000+00:00,1
2026-04-10 16:00:00+00:00,378.33,383.23,370.01,382.21,15046313.0,2026-04-10 19:59:59.999000+00:00,1
2026-04-10 20:00:00+00:00,382.22,384.98,371.31,375.15,6607561.0,2026-04-10 23:59:59.999000+00:00,1
2026-04-11 00:00:00+00:00,375.16,377.3,364.58,369.85,11111426.0,2026-04-11 03:59:59.999000+00:00,1
2026-04-11 04:00:00+00:00,369.86,377.75,368.83,372.73,9304097.0,2026-04-11 07:59:59.999000+00:00,1
2026-04-11 08:00:00+00:00,372.73,381.98,371.98,374.16,12275221.0,2026-04-11 11:59:59.999000+00:00,1
2026-04-11 12:00:00+00:00,374.17,376.91,368.69,375.41,9861313.0,2026-04-11 15:59:59.999000+00:00,1
2026-04-11 16:00:00+00:00,375.4,379.73,371.45,374.86,10569202.0,2026-04-11 19:59:59.999000+00:00,1
2026-04-11 20:00:00+00:00,374.88,375.18,365.35,370.5,7564166.0,2026-04-11 23:59:59.999000+00:00,1
2026-04-12 00:00:00+00:00,370.5,374.2,355.35,360.12,18239379.0,2026-04-12 03:59:59.999000+00:00,1
2026-04-12 04:00:00+00:00,360.11,365.19,358.29,363.88,9037768.0,2026-04-12 07:59:59.999000+00:00,1
2026-04-12 08:00:00+00:00,363.87,371.85,363.41,368.54,11351058.0,2026-04-12 11:59:59.999000+00:00,1
2026-04-12 12:00:00+00:00,368.53,371.41,360.15,361.31,14737970.0,2026-04-12 15:59:59.999000+00:00,1
2026-04-12 16:00:00+00:00,361.3,369.89,360.6,366.9,8264683.0,2026-04-12 19:59:59.999000+00:00,1
2026-04-12 20:00:00+00:00,366.89,369.63,357.43,362.22,7991514.0,2026-04-12 23:59:59.999000+00:00,1
2026-04-13 00:00:00+00:00,362.21,366.23,358.5,363.48,7991114.0,2026-04-13 03:59:59.999000+00:00,1
2026-04-13 04:00:00+00:00,363.49,379.22,358.42,360.95,18186908.0,2026-04-13 07:59:59.999000+00:00,1
2026-04-13 08:00:00+00:00,360.95,366.34,356.44,365.19,7892953.0,2026-04-13 11:59:59.999000+00:00,1
2026-04-13 12:00:00+00:00,365.2,369.8,342.89,348.13,20296301.0,2026-04-13 15:59:59.999000+00:00,1
2026-04-13 16:00:00+00:00,348.13,366.57,347.42,365.62,9426090.0,2026-04-13 19:59:59.999000+00:00,1
2026-04-13 20:00:00+00:00,365.62,386.89,360.86,368.16,17047012.0,2026-04-13 23:59:59.999000+00:00,1
2026-04-14 00:00:00+00:00,368.17,369.77,357.13,358.16,6658951.0,2026-04-14 03:59:59.999000+00:00,1
2026-04-14 04:00:00+00:00,358.17,369.9,356.85,364.97,9875187.0,2026-04-14 07:59:59.999000+00:00,1
2026-04-14 08:00:00+00:00,364.95,380.62,364.59,368.1,11636202.0,2026-04-14 11:59:59.999000+00:00,1
2026-04-14 12:00:00+00:00,368.1,373.86,358.59,362.12,11183176.0,2026-04-14 15:59:59.999000+00:00,1
2026-04-14 16:00:00+00:00,362.11,364.01,345.67,347.98,11232545.0,2026-04-14 19:59:59.999000+00:00,1
2026-04-14 20:00:00+00:00,347.99,355.97,346.14,354.18,4345473.0,2026-04-14 23:59:59.999000+00:00,1
2026-04-15 00:00:00+00:00,354.2,363.9,352.92,355.88,7380625.0,2026-04-15 03:59:59.999000+00:00,1
2026-04-15 04:00:00+00:00,355.87,358.67,349.42,351.85,5869282.0,2026-04-15 07:59:59.999000+00:00,1
2026-04-15 08:00:00+00:00,351.85,363.88,351.17,357.31,10161955.0,2026-04-15 11:59:59.999000+00:00,1
2026-04-15 12:00:00+00:00,357.31,360.95,348.39,351.21,8444577.0,2026-04-15 15:59:59.999000+00:00,1
2026-04-15 16:00:00+00:00,351.2,361.14,350.31,358.08,5502377.0,2026-04-15 19:59:59.999000+00:00,1
2026-04-15 20:00:00+00:00,358.07,358.25,343.28,345.88,7653880.0,2026-04-15 23:59:59.999000+00:00,1
2026-04-16 00:00:00+00:00,345.89,349.54,337.42,340.69,7921471.0,2026-04-16 03:59:59.999000+00:00,1
2026-04-16 04:00:00+00:00,340.69,345.0,338.55,340.92,5480800.0,2026-04-16 07:59:59.999000+00:00,1
2026-04-16 08:00:00+00:00,340.91,347.73,338.38,343.7,6157162.0,2026-04-16 11:59:59.999000+00:00,1
2026-04-16 12:00:00+00:00,343.69,346.5,333.7,338.41,8515515.0,2026-04-16 15:59:59.999000+00:00,1
2026-04-16 16:00:00+00:00,338.42,345.29,332.29,344.85,6276461.0,2026-04-16 19:59:59.999000+00:00,1
2026-04-16 20:00:00+00:00,344.86,345.63,335.3,340.07,2878387.0,2026-04-16 23:59:59.999000+00:00,1
2026-04-17 00:00:00+00:00,340.08,343.13,332.55,333.46,5338012.0,2026-04-17 03:59:59.999000+00:00,1
2026-04-17 04:00:00+00:00,333.45,336.48,329.53,334.49,4577987.0,2026-04-17 07:59:59.999000+00:00,1
2026-04-17 08:00:00+00:00,334.49,339.05,329.65,333.76,5673991.0,2026-04-17 11:59:59.999000+00:00,1
2026-04-17 12:00:00+00:00,333.77,356.24,332.32,344.68,17048130.0,2026-04-17 15:59:59.999000+00:00,1
2026-04-17 16:00:00+00:00,344.7,346.27,326.35,330.54,9214418.0,2026-04-17 19:59:59.999000+00:00,1
2026-04-17 20:00:00+00:00,330.51,331.95,322.42,328.76,5502246.0,2026-04-17 23:59:59.999000+00:00,1
2026-04-18 00:00:00+00:00,328.77,338.76,328.57,337.02,4794721.0,2026-04-18 03:59:59.999000+00:00,1
2026-04-18 04:00:00+00:00,337.03,341.26,333.31,335.45,4401191.0,2026-04-18 07:59:59.999000+00:00,1
2026-04-18 08:00:00+00:00,335.46,335.92,320.66,323.26,7363122.0,2026-04-18 11:59:59.999000+00:00,1
2026-04-18 12:00:00+00:00,323.27,326.5,321.2,325.65,4152264.0,2026-04-18 15:59:59.999000+00:00,1
2026-04-18 16:00:00+00:00,325.64,328.6,318.2,319.85,4871258.0,2026-04-18 19:59:59.999000+00:00,1
2026-04-18 20:00:00+00:00,319.86,325.73,319.09,322.88,2480599.0,2026-04-18 23:59:59.999000+00:00,1
2026-04-19 00:00:00+00:00,322.89,326.34,321.05,321.24,4204903.0,2026-04-19 03:59:59.999000+00:00,1
2026-04-19 04:00:00+00:00,321.25,324.88,318.71,322.98,4271291.0,2026-04-19 07:59:59.999000+00:00,1
2026-04-19 08:00:00+00:00,322.97,332.66,321.21,332.34,7620374.0,2026-04-19 11:59:59.999000+00:00,1
2026-04-19 12:00:00+00:00,332.36,337.68,321.6,324.77,11151591.0,2026-04-19 15:59:59.999000+00:00,1
2026-04-19 16:00:00+00:00,324.77,325.23,299.36,303.37,16032278.0,2026-04-19 19:59:59.999000+00:00,1
2026-04-19 20:00:00+00:00,303.36,305.75,300.59,301.51,5023848.0,2026-04-19 23:59:59.999000+00:00,1
2026-04-20 00:00:00+00:00,301.52,313.18,301.15,312.92,6365878.0,2026-04-20 03:59:59.999000+00:00,1
2026-04-20 04:00:00+00:00,312.92,313.08,304.5,308.22,6285991.0,2026-04-20 07:59:59.999000+00:00,1
2026-04-20 08:00:00+00:00,308.23,313.18,307.7,309.92,4330185.0,2026-04-20 11:59:59.999000+00:00,1
2026-04-20 12:00:00+00:00,309.92,311.04,305.86,310.96,5529820.0,2026-04-20 15:59:59.999000+00:00,1
2026-04-20 16:00:00+00:00,310.97,322.9,309.5,318.14,8982500.0,2026-04-20 19:59:59.999000+00:00,1
2026-04-20 20:00:00+00:00,318.13,319.67,310.34,312.17,3251178.0,2026-04-20 23:59:59.999000+00:00,1
2026-04-21 00:00:00+00:00,312.16,318.8,311.92,316.69,3760538.0,2026-04-21 03:59:59.999000+00:00,1
2026-04-21 04:00:00+00:00,316.68,318.81,312.12,317.72,3401793.0,2026-04-21 07:59:59.999000+00:00,1
2026-04-21 08:00:00+00:00,317.71,334.88,316.52,331.55,11091171.0,2026-04-21 11:59:59.999000+00:00,1
2026-04-21 12:00:00+00:00,331.56,332.05,317.19,320.48,11826833.0,2026-04-21 15:59:59.999000+00:00,1
2026-04-21 16:00:00+00:00,320.47,321.28,306.27,308.44,7432716.0,2026-04-21 19:59:59.999000+00:00,1
2026-04-21 20:00:00+00:00,308.44,317.19,307.55,316.56,4848800.0,2026-04-21 23:59:59.999000+00:00,1
2026-04-22 00:00:00+00:00,316.56,320.93,313.55,318.76,6166065.0,2026-04-22 03:59:59.999000+00:00,1
2026-04-22 04:00:00+00:00,318.76,326.78,318.35,321.76,5865169.0,2026-04-22 07:59:59.999000+00:00,1
2026-04-22 08:00:00+00:00,321.77,322.06,315.74,319.16,4030590.0,2026-04-22 11:59:59.999000+00:00,1
2026-04-22 12:00:00+00:00,319.16,329.25,316.69,328.58,7768227.0,2026-04-22 15:59:59.999000+00:00,1
2026-04-22 16:00:00+00:00,328.59,331.44,317.73,319.92,6364371.0,2026-04-22 19:59:59.999000+00:00,1
2026-04-22 20:00:00+00:00,319.92,327.14,316.03,316.27,4478128.0,2026-04-22 23:59:59.999000+00:00,1
2026-04-23 00:00:00+00:00,316.27,318.98,310.75,313.72,6277821.0,2026-04-23 03:59:59.999000+00:00,1
2026-04-23 04:00:00+00:00,313.71,318.34,312.79,316.77,3460521.0,2026-04-23 07:59:59.999000+00:00,1
2026-04-23 08:00:00+00:00,316.77,322.0,313.38,321.42,5461016.0,2026-04-23 11:59:59.999000+00:00,1
2026-04-23 12:00:00+00:00,321.4,333.9,320.77,325.04,15343320.0,2026-04-23 15:59:59.999000+00:00,1
2026-04-23 16:00:00+00:00,325.04,339.01,319.59,334.18,11509609.0,2026-04-23 19:59:59.999000+00:00,1
2026-04-23 20:00:00+00:00,334.18,349.47,332.12,342.31,10418969.0,2026-04-23 23:59:59.999000+00:00,1
2026-04-24 00:00:00+00:00,342.32,346.98,338.93,344.47,7461524.0,2026-04-24 03:59:59.999000+00:00,1
2026-04-24 04:00:00+00:00,344.47,350.74,335.33,343.29,9666325.0,2026-04-24 07:59:59.999000+00:00,1
2026-04-24 08:00:00+00:00,343.29,358.04,338.3,355.95,11974651.0,2026-04-24 11:59:59.999000+00:00,1
2026-04-24 12:00:00+00:00,355.96,359.29,346.0,357.91,13014957.0,2026-04-24 15:59:59.999000+00:00,1
2026-04-24 16:00:00+00:00,357.92,367.2,351.8,358.1,10654430.0,2026-04-24 19:59:59.999000+00:00,1
2026-04-24 20:00:00+00:00,358.09,364.69,356.22,359.02,4644896.0,2026-04-24 23:59:59.999000+00:00,1
2026-04-25 00:00:00+00:00,359.02,359.84,354.55,357.43,3709865.0,2026-04-25 03:59:59.999000+00:00,1
2026-04-25 04:00:00+00:00,357.42,360.22,352.4,355.73,3923128.0,2026-04-25 07:59:59.999000+00:00,1
2026-04-25 08:00:00+00:00,355.76,361.48,354.02,356.96,4388149.0,2026-04-25 11:59:59.999000+00:00,1
2026-04-25 12:00:00+00:00,356.96,360.77,353.69,355.46,4365821.0,2026-04-25 15:59:59.999000+00:00,1
2026-04-25 16:00:00+00:00,355.45,358.18,351.24,354.25,3116573.0,2026-04-25 19:59:59.999000+00:00,1
2026-04-25 20:00:00+00:00,354.25,360.65,353.69,358.64,2757669.0,2026-04-25 23:59:59.999000+00:00,1
2026-04-26 00:00:00+00:00,358.64,358.94,353.33,355.65,3113558.0,2026-04-26 03:59:59.999000+00:00,1
2026-04-26 04:00:00+00:00,355.65,359.5,354.04,355.64,3543129.0,2026-04-26 07:59:59.999000+00:00,1
2026-04-26 08:00:00+00:00,355.64,358.0,352.47,353.7,3114383.0,2026-04-26 11:59:59.999000+00:00,1
2026-04-26 12:00:00+00:00,353.71,356.11,348.58,355.19,4487516.0,2026-04-26 15:59:59.999000+00:00,1
2026-04-26 16:00:00+00:00,355.19,362.72,353.31,357.31,3951503.0,2026-04-26 19:59:59.999000+00:00,1
2026-04-26 20:00:00+00:00,357.32,362.15,352.3,354.92,3869889.0,2026-04-26 23:59:59.999000+00:00,1
2026-04-27 00:00:00+00:00,354.92,364.69,353.48,358.43,6442168.0,2026-04-27 03:59:59.999000+00:00,1
2026-04-27 04:00:00+00:00,358.46,359.5,350.0,355.97,7060789.0,2026-04-27 07:59:59.999000+00:00,1
2026-04-27 08:00:00+00:00,355.97,361.62,352.63,357.73,6691137.0,2026-04-27 11:59:59.999000+00:00,1
2026-04-27 12:00:00+00:00,357.81,360.88,349.52,350.07,10813083.0,2026-04-27 15:59:59.999000+00:00,1
2026-04-27 16:00:00+00:00,350.07,358.37,349.0,353.49,5309454.0,2026-04-27 19:59:59.999000+00:00,1
2026-04-27 20:00:00+00:00,353.49,356.11,350.37,355.03,2671561.0,2026-04-27 23:59:59.999000+00:00,1
2026-04-28 00:00:00+00:00,355.03,355.1,345.07,348.0,6086735.0,2026-04-28 03:59:59.999000+00:00,1
2026-04-28 04:00:00+00:00,348.0,349.8,334.7,337.01,11000484.0,2026-04-28 07:59:59.999000+00:00,1
2026-04-28 08:00:00+00:00,337.02,337.54,331.3,333.38,4908114.0,2026-04-28 11:59:59.999000+00:00,1
2026-04-28 12:00:00+00:00,333.38,336.47,330.36,334.06,6399046.0,2026-04-28 15:59:59.999000+00:00,1
2026-04-28 16:00:00+00:00,334.06,336.58,332.75,334.42,2796771.0,2026-04-28 19:59:59.999000+00:00,1
2026-04-28 20:00:00+00:00,334.43,337.44,333.4,335.94,1843096.0,2026-04-28 23:59:59.999000+00:00,1
2026-04-29 00:00:00+00:00,335.95,337.75,333.86,335.23,3911807.0,2026-04-29 03:59:59.999000+00:00,1
2026-04-29 04:00:00+00:00,335.23,340.06,334.6,335.49,6068523.0,2026-04-29 07:59:59.999000+00:00,1
2026-04-29 08:00:00+00:00,335.5,336.6,331.93,332.33,4274107.0,2026-04-29 11:59:59.999000+00:00,1
2026-04-29 12:00:00+00:00,332.32,332.83,318.1,319.38,10715824.0,2026-04-29 15:59:59.999000+00:00,1
2026-04-29 16:00:00+00:00,319.38,325.27,317.75,321.45,7234346.0,2026-04-29 19:59:59.999000+00:00,1
2026-04-29 20:00:00+00:00,321.46,328.46,320.75,327.32,3008967.0,2026-04-29 23:59:59.999000+00:00,1
2026-04-30 00:00:00+00:00,327.33,336.82,324.52,329.23,8661868.0,2026-04-30 03:59:59.999000+00:00,1
2026-04-30 04:00:00+00:00,329.24,334.87,326.63,333.63,4805910.0,2026-04-30 07:59:59.999000+00:00,1
2026-04-30 08:00:00+00:00,333.62,335.36,330.53,333.79,4555819.0,2026-04-30 11:59:59.999000+00:00,1
2026-04-30 12:00:00+00:00,333.79,338.41,332.44,336.6,5587066.0,2026-04-30 15:59:59.999000+00:00,1
2026-04-30 16:00:00+00:00,336.6,354.8,335.09,349.57,13504138.0,2026-04-30 19:59:59.999000+00:00,1
2026-04-30 20:00:00+00:00,349.57,356.7,346.26,350.44,7291388.0,2026-04-30 23:59:59.999000+00:00,1
2026-05-01 00:00:00+00:00,350.44,351.38,342.16,346.96,5941068.0,2026-05-01 03:59:59.999000+00:00,1
2026-05-01 04:00:00+00:00,346.96,351.63,345.93,349.98,4332999.0,2026-05-01 07:59:59.999000+00:00,1
2026-05-01 08:00:00+00:00,349.97,353.18,347.84,349.67,4259843.0,2026-05-01 11:59:59.999000+00:00,1
2026-05-01 12:00:00+00:00,349.67,360.07,345.61,359.72,9836489.0,2026-05-01 15:59:59.999000+00:00,1
2026-05-01 16:00:00+00:00,359.7,393.22,358.42,384.0,35813795.0,2026-05-01 19:59:59.999000+00:00,1
2026-05-01 20:00:00+00:00,384.03,390.1,381.38,384.8,7652270.0,2026-05-01 23:59:59.999000+00:00,1
2026-05-02 00:00:00+00:00,384.78,385.8,380.53,383.54,5949547.0,2026-05-02 03:59:59.999000+00:00,1
2026-05-02 04:00:00+00:00,383.53,383.63,374.51,377.02,8142911.0,2026-05-02 07:59:59.999000+00:00,1
2026-05-02 08:00:00+00:00,377.01,379.63,371.36,372.75,5224054.0,2026-05-02 11:59:59.999000+00:00,1
2026-05-02 12:00:00+00:00,372.75,375.39,371.07,374.83,4487807.0,2026-05-02 15:59:59.999000+00:00,1
2026-05-02 16:00:00+00:00,374.82,384.63,372.14,383.79,6229675.0,2026-05-02 19:59:59.999000+00:00,1
2026-05-02 20:00:00+00:00,383.77,395.47,383.13,387.49,7131953.0,2026-05-02 23:59:59.999000+00:00,1
2026-05-03 00:00:00+00:00,387.5,390.0,378.77,382.94,7023747.0,2026-05-03 03:59:59.999000+00:00,1
2026-05-03 04:00:00+00:00,382.93,389.65,381.95,385.43,4206506.0,2026-05-03 07:59:59.999000+00:00,1
2026-05-03 08:00:00+00:00,385.43,402.28,384.35,392.0,10393335.0,2026-05-03 11:59:59.999000+00:00,1
2026-05-03 12:00:00+00:00,391.99,405.73,388.78,403.47,21936006.0,2026-05-03 15:59:59.999000+00:00,1
2026-05-03 16:00:00+00:00,403.46,408.0,394.23,405.08,11597810.0,2026-05-03 19:59:59.999000+00:00,1
2026-05-03 20:00:00+00:00,405.08,416.88,403.4,412.63,11773108.0,2026-05-03 23:59:59.999000+00:00,1
2026-05-04 00:00:00+00:00,412.64,428.92,407.21,422.16,20886205.0,2026-05-04 03:59:59.999000+00:00,1
2026-05-04 04:00:00+00:00,422.17,422.9,410.67,414.34,8715767.0,2026-05-04 07:59:59.999000+00:00,1
2026-05-04 08:00:00+00:00,414.34,419.77,399.77,407.25,22341880.0,2026-05-04 11:59:59.999000+00:00,1
2026-05-04 12:00:00+00:00,407.26,418.55,405.76,416.35,12632821.0,2026-05-04 15:59:59.999000+00:00,1
2026-05-04 16:00:00+00:00,416.36,416.97,407.5,411.41,6032810.0,2026-05-04 19:59:59.999000+00:00,1
2026-05-04 20:00:00+00:00,411.4,436.78,410.09,422.29,13235580.0,2026-05-04 23:59:59.999000+00:00,1
2026-05-05 00:00:00+00:00,422.29,429.8,419.0,426.38,7000189.0,2026-05-05 03:59:59.999000+00:00,1
2026-05-05 04:00:00+00:00,426.38,427.6,417.19,421.6,6425597.0,2026-05-05 07:59:59.999000+00:00,1
2026-05-05 08:00:00+00:00,421.57,424.42,415.19,421.95,5362822.0,2026-05-05 11:59:59.999000+00:00,1
2026-05-05 12:00:00+00:00,421.97,435.63,420.97,429.26,11511587.0,2026-05-05 15:59:59.999000+00:00,1
2026-05-05 16:00:00+00:00,429.27,452.48,428.22,448.81,12671660.0,2026-05-05 19:59:59.999000+00:00,1
2026-05-05 20:00:00+00:00,448.83,555.54,445.91,516.61,50391045.0,2026-05-05 23:59:59.999000+00:00,1
2026-05-06 00:00:00+00:00,516.61,532.69,503.75,523.05,22587620.0,2026-05-06 03:59:59.999000+00:00,1
2026-05-06 04:00:00+00:00,523.06,596.86,521.46,593.43,51230260.0,2026-05-06 07:59:59.999000+00:00,1
2026-05-06 08:00:00+00:00,593.44,606.39,560.73,578.03,46176722.0,2026-05-06 11:59:59.999000+00:00,1
2026-05-06 12:00:00+00:00,578.04,592.59,557.64,584.41,31014043.0,2026-05-06 15:59:59.999000+00:00,1
2026-05-06 16:00:00+00:00,584.41,587.66,550.69,556.01,17294649.0,2026-05-06 19:59:59.999000+00:00,1
2026-05-06 20:00:00+00:00,556.02,567.39,547.66,554.36,9216208.0,2026-05-06 23:59:59.999000+00:00,1
2026-05-07 00:00:00+00:00,554.37,558.18,534.07,539.16,14008575.0,2026-05-07 03:59:59.999000+00:00,1
2026-05-07 04:00:00+00:00,539.16,569.71,533.01,565.04,20245146.0,2026-05-07 07:59:59.999000+00:00,1
2026-05-07 08:00:00+00:00,565.04,585.36,554.64,571.32,19138588.0,2026-05-07 11:59:59.999000+00:00,1
2026-05-07 12:00:00+00:00,571.29,582.99,561.04,564.27,19192206.0,2026-05-07 15:59:59.999000+00:00,1
2026-05-07 16:00:00+00:00,564.28,573.6,556.9,560.89,11913474.0,2026-05-07 19:59:59.999000+00:00,1
2026-05-07 20:00:00+00:00,560.89,577.24,548.5,574.58,8105597.0,2026-05-07 23:59:59.999000+00:00,1
2026-05-08 00:00:00+00:00,574.59,579.61,561.49,571.69,9766474.0,2026-05-08 03:59:59.999000+00:00,1
2026-05-08 04:00:00+00:00,571.69,576.96,563.38,569.54,8245129.0,2026-05-08 07:59:59.999000+00:00,1
2026-05-08 08:00:00+00:00,569.57,582.49,554.32,572.86,12535254.0,2026-05-08 11:59:59.999000+00:00,1
2026-05-08 12:00:00+00:00,572.86,587.87,565.25,576.58,15667625.0,2026-05-08 15:59:59.999000+00:00,1
2026-05-08 16:00:00+00:00,576.58,594.94,570.25,573.9,14978120.0,2026-05-08 19:59:59.999000+00:00,1
2026-05-08 20:00:00+00:00,573.91,626.6,568.41,612.75,18397662.0,2026-05-08 23:59:59.999000+00:00,1
2026-05-09 00:00:00+00:00,612.75,622.1,596.91,610.03,15074911.0,2026-05-09 03:59:59.999000+00:00,1
2026-05-09 04:00:00+00:00,610.01,643.85,606.7,611.15,24957187.0,2026-05-09 07:59:59.999000+00:00,1
2026-05-09 08:00:00+00:00,611.15,621.73,598.38,604.03,17578745.0,2026-05-09 11:59:59.999000+00:00,1
2026-05-09 12:00:00+00:00,604.03,607.75,583.58,593.85,20713735.0,2026-05-09 15:59:59.999000+00:00,1
2026-05-09 16:00:00+00:00,593.88,603.88,589.57,598.89,10047938.0,2026-05-09 19:59:59.999000+00:00,1
2026-05-09 20:00:00+00:00,598.89,600.44,591.82,594.29,3651788.0,2026-05-09 23:59:59.999000+00:00,1
2026-05-10 00:00:00+00:00,594.29,611.83,592.02,603.48,10874849.0,2026-05-10 03:59:59.999000+00:00,1
2026-05-10 04:00:00+00:00,603.47,619.28,601.53,609.65,9852751.0,2026-05-10 07:59:59.999000+00:00,1
2026-05-10 08:00:00+00:00,609.64,613.36,592.11,603.83,12188997.0,2026-05-10 11:59:59.999000+00:00,1
2026-05-10 12:00:00+00:00,603.83,605.92,587.43,596.03,9089726.0,2026-05-10 15:59:59.999000+00:00,1
2026-05-10 16:00:00+00:00,596.01,600.41,583.23,587.07,9450715.0,2026-05-10 19:59:59.999000+00:00,1
2026-05-10 20:00:00+00:00,587.06,600.97,554.83,592.64,19445913.0,2026-05-10 23:59:59.999000+00:00,1
2026-05-11 00:00:00+00:00,592.64,594.6,576.68,581.34,11571291.0,2026-05-11 03:59:59.999000+00:00,1
2026-05-11 04:00:00+00:00,581.34,582.95,565.43,568.22,9408444.0,2026-05-11 07:59:59.999000+00:00,1
2026-05-11 08:00:00+00:00,568.23,575.19,566.27,571.82,6021020.0,2026-05-11 11:59:59.999000+00:00,1
2026-05-11 12:00:00+00:00,571.82,573.05,547.58,551.78,16610420.0,2026-05-11 15:59:59.999000+00:00,1
2026-05-11 16:00:00+00:00,551.78,567.36,550.55,558.35,8636804.0,2026-05-11 19:59:59.999000+00:00,1
2026-05-11 20:00:00+00:00,558.38,561.65,553.04,556.45,4147680.0,2026-05-11 23:59:59.999000+00:00,1
2026-05-12 00:00:00+00:00,556.44,562.76,546.43,556.86,8303347.0,2026-05-12 03:59:59.999000+00:00,1
2026-05-12 04:00:00+00:00,556.86,563.57,553.65,562.36,5896599.0,2026-05-12 07:59:59.999000+00:00,1
2026-05-12 08:00:00+00:00,562.35,564.19,540.74,554.6,10194966.0,2026-05-12 11:59:59.999000+00:00,1
2026-05-12 12:00:00+00:00,554.61,556.65,543.54,544.37,9571697.0,2026-05-12 15:59:59.999000+00:00,1
2026-05-12 16:00:00+00:00,544.38,559.0,541.04,553.98,6983217.0,2026-05-12 19:59:59.999000+00:00,1
2026-05-12 20:00:00+00:00,554.0,576.0,546.5,570.91,8544813.0,2026-05-12 23:59:59.999000+00:00,1
2026-05-13 00:00:00+00:00,570.9,592.46,569.27,584.75,15908442.0,2026-05-13 03:59:59.999000+00:00,1
2026-05-13 04:00:00+00:00,584.74,585.33,548.0,549.71,17317357.0,2026-05-13 07:59:59.999000+00:00,1
2026-05-13 08:00:00+00:00,549.7,558.77,545.6,547.11,7929952.0,2026-05-13 11:59:59.999000+00:00,1
2026-05-13 12:00:00+00:00,547.11,554.58,526.38,533.38,15321031.0,2026-05-13 15:59:59.999000+00:00,1
2026-05-13 16:00:00+00:00,533.43,542.36,524.1,527.06,8215770.0,2026-05-13 19:59:59.999000+00:00,1
2026-05-13 20:00:00+00:00,527.06,531.62,512.96,524.34,7869641.0,2026-05-13 23:59:59.999000+00:00,1
2026-05-14 00:00:00+00:00,524.34,533.54,520.73,521.98,6288709.0,2026-05-14 03:59:59.999000+00:00,1
2026-05-14 04:00:00+00:00,521.99,531.5,518.57,525.72,5497702.0,2026-05-14 07:59:59.999000+00:00,1
2026-05-14 08:00:00+00:00,525.72,528.25,517.03,518.38,5581927.0,2026-05-14 11:59:59.999000+00:00,1
2026-05-14 12:00:00+00:00,518.39,558.78,517.94,546.58,18058677.0,2026-05-14 15:59:59.999000+00:00,1
2026-05-14 16:00:00+00:00,546.58,548.16,527.63,543.78,14051427.0,2026-05-14 19:59:59.999000+00:00,1
2026-05-14 20:00:00+00:00,543.81,569.48,534.81,560.03,11476521.0,2026-05-14 23:59:59.999000+00:00,1
2026-05-15 00:00:00+00:00,560.04,564.46,541.26,550.1,9406641.0,2026-05-15 03:59:59.999000+00:00,1
2026-05-15 04:00:00+00:00,550.11,555.13,539.09,544.95,7856028.0,2026-05-15 07:59:59.999000+00:00,1
2026-05-15 08:00:00+00:00,544.96,545.16,532.5,533.12,6628348.0,2026-05-15 11:59:59.999000+00:00,1
2026-05-15 12:00:00+00:00,533.09,534.12,510.05,516.83,12825963.0,2026-05-15 15:59:59.999000+00:00,1
2026-05-15 16:00:00+00:00,516.84,526.17,514.79,518.6,5857341.0,2026-05-15 19:59:59.999000+00:00,1
2026-05-15 20:00:00+00:00,518.61,520.69,513.13,515.06,3228597.0,2026-05-15 23:59:59.999000+00:00,1
2026-05-16 00:00:00+00:00,515.07,519.41,505.22,506.56,6856598.0,2026-05-16 03:59:59.999000+00:00,1
2026-05-16 04:00:00+00:00,506.56,506.94,490.22,495.36,11734577.0,2026-05-16 07:59:59.999000+00:00,1
2026-05-16 08:00:00+00:00,495.35,503.69,486.11,498.3,10194027.0,2026-05-16 11:59:59.999000+00:00,1
2026-05-16 12:00:00+00:00,498.3,507.01,495.48,500.76,7613089.0,2026-05-16 15:59:59.999000+00:00,1
2026-05-16 16:00:00+00:00,500.76,517.35,499.73,513.25,7892582.0,2026-05-16 19:59:59.999000+00:00,1
2026-05-16 20:00:00+00:00,513.26,515.29,507.45,510.99,3266057.0,2026-05-16 23:59:59.999000+00:00,1
2026-05-17 00:00:00+00:00,510.99,513.13,495.58,504.21,7679551.0,2026-05-17 03:59:59.999000+00:00,1
2026-05-17 04:00:00+00:00,504.2,523.13,503.67,521.17,11142207.0,2026-05-17 07:59:59.999000+00:00,1
2026-05-17 08:00:00+00:00,521.14,528.28,511.44,512.64,10337966.0,2026-05-17 11:59:59.999000+00:00,1
2026-05-17 12:00:00+00:00,512.64,517.73,508.16,515.16,6674968.0,2026-05-17 15:59:59.999000+00:00,1
2026-05-17 16:00:00+00:00,515.17,527.4,512.44,527.15,5865169.0,2026-05-17 19:59:59.999000+00:00,1
2026-05-17 20:00:00+00:00,527.14,554.8,517.87,535.43,21485251.0,2026-05-17 23:59:59.999000+00:00,1
2026-05-18 00:00:00+00:00,535.43,540.8,522.51,529.89,15792324.0,2026-05-18 03:59:59.999000+00:00,1
2026-05-18 04:00:00+00:00,529.89,546.65,524.61,532.76,17122540.0,2026-05-18 07:59:59.999000+00:00,1
2026-05-18 08:00:00+00:00,532.77,537.57,514.0,524.73,14084727.0,2026-05-18 11:59:59.999000+00:00,1
2026-05-18 12:00:00+00:00,524.72,537.32,519.45,533.23,14095614.0,2026-05-18 15:59:59.999000+00:00,1
2026-05-18 16:00:00+00:00,533.22,558.76,524.17,555.68,14720562.0,2026-05-18 19:59:59.999000+00:00,1
2026-05-18 20:00:00+00:00,555.63,571.88,547.18,563.13,14842432.0,2026-05-18 23:59:59.999000+00:00,1
2026-05-19 00:00:00+00:00,563.13,577.7,559.68,571.46,17263365.0,2026-05-19 03:59:59.999000+00:00,1
2026-05-19 04:00:00+00:00,571.47,576.99,562.75,567.84,10704747.0,2026-05-19 07:59:59.999000+00:00,1
2026-05-19 08:00:00+00:00,567.84,569.11,553.43,553.99,10163456.0,2026-05-19 11:59:59.999000+00:00,1
2026-05-19 12:00:00+00:00,554.0,567.94,550.24,565.04,14295377.0,2026-05-19 15:59:59.999000+00:00,1
2026-05-19 16:00:00+00:00,565.04,582.87,559.5,571.15,14939190.0,2026-05-19 19:59:59.999000+00:00,1
2026-05-19 20:00:00+00:00,571.16,577.76,565.47,573.47,6358549.0,2026-05-19 23:59:59.999000+00:00,1
2026-05-20 00:00:00+00:00,573.46,589.31,568.01,587.86,17408288.0,2026-05-20 03:59:59.999000+00:00,1
2026-05-20 04:00:00+00:00,587.85,593.93,579.11,585.72,16435475.0,2026-05-20 07:59:59.999000+00:00,1
2026-05-20 08:00:00+00:00,585.72,589.82,578.33,582.84,12362757.0,2026-05-20 11:59:59.999000+00:00,1
2026-05-20 12:00:00+00:00,582.84,639.69,579.0,633.35,46251826.0,2026-05-20 15:59:59.999000+00:00,1
2026-05-20 16:00:00+00:00,633.36,689.15,623.45,677.06,58388116.0,2026-05-20 19:59:59.999000+00:00,1
2026-05-20 20:00:00+00:00,677.06,684.94,661.97,673.1,21347836.0,2026-05-20 23:59:59.999000+00:00,1
2026-05-21 00:00:00+00:00,673.07,683.24,657.27,672.85,17318366.0,2026-05-21 03:59:59.999000+00:00,1
2026-05-21 04:00:00+00:00,672.83,679.82,662.5,664.62,11514799.0,2026-05-21 07:59:59.999000+00:00,1
2026-05-21 08:00:00+00:00,664.62,672.63,651.67,654.38,15980761.0,2026-05-21 11:59:59.999000+00:00,1
2026-05-21 12:00:00+00:00,654.39,669.57,645.55,655.71,19817488.0,2026-05-21 15:59:59.999000+00:00,1
2026-05-21 16:00:00+00:00,655.74,687.93,652.03,666.62,21167616.0,2026-05-21 19:59:59.999000+00:00,1
2026-05-21 20:00:00+00:00,666.63,678.31,661.22,663.83,7768665.0,2026-05-21 23:59:59.999000+00:00,1
2026-05-22 00:00:00+00:00,663.82,665.92,650.23,656.04,9798530.0,2026-05-22 03:59:59.999000+00:00,1
2026-05-22 04:00:00+00:00,656.03,658.88,646.68,655.35,7255038.0,2026-05-22 07:59:59.999000+00:00,1
2026-05-22 08:00:00+00:00,655.35,656.35,632.26,644.9,16246413.0,2026-05-22 11:59:59.999000+00:00,1
2026-05-22 12:00:00+00:00,644.9,645.99,625.02,629.25,14420264.0,2026-05-22 15:59:59.999000+00:00,1
2026-05-22 16:00:00+00:00,629.26,633.54,602.22,607.21,21541014.0,2026-05-22 19:59:59.999000+00:00,1
2026-05-22 20:00:00+00:00,607.2,609.77,581.19,583.19,18652775.0,2026-05-22 23:59:59.999000+00:00,1
2026-05-23 00:00:00+00:00,583.19,611.59,580.96,602.48,16191632.0,2026-05-23 03:59:59.999000+00:00,1
2026-05-23 04:00:00+00:00,602.49,604.29,571.98,575.31,16299059.0,2026-05-23 07:59:59.999000+00:00,1
2026-05-23 08:00:00+00:00,575.31,601.08,574.71,585.77,16573877.0,2026-05-23 11:59:59.999000+00:00,1
2026-05-23 12:00:00+00:00,585.79,609.91,578.88,607.75,18435489.0,2026-05-23 15:59:59.999000+00:00,1
2026-05-23 16:00:00+00:00,607.71,622.31,598.22,614.71,17119306.0,2026-05-23 19:59:59.999000+00:00,1
2026-05-23 20:00:00+00:00,614.72,669.89,613.05,630.37,26102427.0,2026-05-23 23:59:59.999000+00:00,1
2026-05-24 00:00:00+00:00,630.39,643.63,623.66,635.55,11544100.0,2026-05-24 03:59:59.999000+00:00,1
2026-05-24 04:00:00+00:00,635.56,640.94,625.38,628.3,9064609.0,2026-05-24 07:59:59.999000+00:00,1
2026-05-24 08:00:00+00:00,628.3,651.45,622.89,647.35,17641452.0,2026-05-24 11:59:59.999000+00:00,1
2026-05-24 12:00:00+00:00,647.34,662.99,637.41,659.98,27862726.0,2026-05-24 15:59:59.999000+00:00,1
2026-05-24 16:00:00+00:00,659.99,686.8,654.57,669.31,29597043.0,2026-05-24 19:59:59.999000+00:00,1
2026-05-24 20:00:00+00:00,669.31,678.43,651.31,662.43,14704531.0,2026-05-24 23:59:59.999000+00:00,1
2026-05-25 00:00:00+00:00,662.43,667.56,644.88,648.73,13977244.0,2026-05-25 03:59:59.999000+00:00,1
2026-05-25 04:00:00+00:00,648.74,665.82,648.52,661.98,11631372.0,2026-05-25 07:59:59.999000+00:00,1
2026-05-25 08:00:00+00:00,661.98,675.87,657.04,667.14,13647756.0,2026-05-25 11:59:59.999000+00:00,1
2026-05-25 12:00:00+00:00,667.14,683.18,665.0,670.45,19936774.0,2026-05-25 15:59:59.999000+00:00,1
2026-05-25 16:00:00+00:00,670.44,678.08,655.09,658.01,13954416.0,2026-05-25 19:59:59.999000+00:00,1
2026-05-25 20:00:00+00:00,658.0,664.88,645.22,652.18,13129552.0,2026-05-25 23:59:59.999000+00:00,1
2026-05-26 00:00:00+00:00,652.18,652.53,618.13,619.15,22002461.0,2026-05-26 03:59:59.999000+00:00,1
2026-05-26 04:00:00+00:00,619.15,629.0,611.74,615.59,14910989.0,2026-05-26 07:59:59.999000+00:00,1
2026-05-26 08:00:00+00:00,615.6,630.11,602.14,619.0,26067516.0,2026-05-26 11:59:59.999000+00:00,1
2026-05-26 12:00:00+00:00,618.95,626.88,605.12,608.96,22163963.0,2026-05-26 15:59:59.999000+00:00,1
2026-05-26 16:00:00+00:00,608.96,616.52,578.62,584.25,26875615.0,2026-05-26 19:59:59.999000+00:00,1
2026-05-26 20:00:00+00:00,584.27,592.22,567.25,569.16,13121123.0,2026-05-26 23:59:59.999000+00:00,1
2026-05-27 00:00:00+00:00,569.17,582.98,561.0,567.72,16174577.0,2026-05-27 03:59:59.999000+00:00,1
2026-05-27 04:00:00+00:00,567.75,577.96,564.2,575.12,10728965.0,2026-05-27 07:59:59.999000+00:00,1
2026-05-27 08:00:00+00:00,575.13,581.5,562.56,573.15,13736727.0,2026-05-27 11:59:59.999000+00:00,1
2026-05-27 12:00:00+00:00,573.16,582.54,564.0,569.64,19116223.0,2026-05-27 15:59:59.999000+00:00,1
2026-05-27 16:00:00+00:00,569.64,573.26,543.21,554.64,22855097.0,2026-05-27 19:59:59.999000+00:00,1
2026-05-27 20:00:00+00:00,554.65,556.33,540.01,542.55,10171702.0,2026-05-27 23:59:59.999000+00:00,1
2026-05-28 00:00:00+00:00,542.58,547.91,526.56,537.59,22184225.0,2026-05-28 03:59:59.999000+00:00,1
2026-05-28 04:00:00+00:00,537.55,544.5,523.12,525.82,17581378.0,2026-05-28 07:59:59.999000+00:00,1
2026-05-28 08:00:00+00:00,525.82,537.72,521.0,526.54,13922839.0,2026-05-28 11:59:59.999000+00:00,1
2026-05-28 12:00:00+00:00,526.55,545.52,521.61,537.06,26404620.0,2026-05-28 15:59:59.999000+00:00,1
2026-05-28 16:00:00+00:00,537.07,563.7,534.3,553.44,23366531.0,2026-05-28 19:59:59.999000+00:00,1
2026-05-28 20:00:00+00:00,553.44,561.87,542.52,547.45,9734495.0,2026-05-28 23:59:59.999000+00:00,1
2026-05-29 00:00:00+00:00,547.44,563.45,528.78,532.01,17057886.0,2026-05-29 03:59:59.999000+00:00,1
2026-05-29 04:00:00+00:00,532.0,545.58,531.29,540.96,10318635.0,2026-05-29 07:59:59.999000+00:00,1
2026-05-29 08:00:00+00:00,540.97,545.92,530.61,537.95,12265144.0,2026-05-29 11:59:59.999000+00:00,1
2026-05-29 12:00:00+00:00,537.96,548.38,523.12,536.37,21783551.0,2026-05-29 15:59:59.999000+00:00,1
2026-05-29 16:00:00+00:00,536.35,558.67,525.85,532.6,24189980.0,2026-05-29 19:59:59.999000+00:00,1
2026-05-29 20:00:00+00:00,532.6,545.59,526.87,529.53,10135425.0,2026-05-29 23:59:59.999000+00:00,1
2026-05-30 00:00:00+00:00,529.54,540.61,523.56,524.14,8846687.0,2026-05-30 03:59:59.999000+00:00,1
2026-05-30 04:00:00+00:00,524.17,525.81,501.55,518.66,18163689.0,2026-05-30 07:59:59.999000+00:00,1
2026-05-30 08:00:00+00:00,518.69,527.67,515.7,523.58,6382017.0,2026-05-30 11:59:59.999000+00:00,1
2026-05-30 12:00:00+00:00,523.58,536.09,518.61,534.06,8467679.0,2026-05-30 15:59:59.999000+00:00,1
2026-05-30 16:00:00+00:00,534.06,542.35,529.0,532.4,7959053.0,2026-05-30 19:59:59.999000+00:00,1
2026-05-30 20:00:00+00:00,532.39,536.48,524.46,528.33,4581781.0,2026-05-30 23:59:59.999000+00:00,1
2026-05-31 00:00:00+00:00,528.35,546.6,526.37,542.99,10576488.0,2026-05-31 03:59:59.999000+00:00,1
2026-05-31 04:00:00+00:00,543.0,557.77,540.47,547.12,12774325.0,2026-05-31 07:59:59.999000+00:00,1
2026-05-31 08:00:00+00:00,547.12,562.0,543.2,547.02,14558447.0,2026-05-31 11:59:59.999000+00:00,1
2026-05-31 12:00:00+00:00,547.01,558.41,538.38,552.11,12436558.0,2026-05-31 15:59:59.999000+00:00,1
2026-05-31 16:00:00+00:00,552.11,555.83,537.3,544.83,12450798.0,2026-05-31 19:59:59.999000+00:00,1
2026-05-31 20:00:00+00:00,544.82,574.58,542.96,568.4,13150972.0,2026-05-31 23:59:59.999000+00:00,1
2026-06-01 00:00:00+00:00,568.39,597.12,561.74,574.34,23143454.0,2026-06-01 03:59:59.999000+00:00,1
2026-06-01 04:00:00+00:00,574.34,578.63,547.38,550.78,14490188.0,2026-06-01 07:59:59.999000+00:00,1
2026-06-01 08:00:00+00:00,550.72,556.87,541.0,543.16,10042017.0,2026-06-01 11:59:59.999000+00:00,1
2026-06-01 12:00:00+00:00,543.15,549.23,526.33,529.18,18380415.0,2026-06-01 15:59:59.999000+00:00,1
2026-06-01 16:00:00+00:00,529.18,563.84,528.0,562.07,13711068.0,2026-06-01 19:59:59.999000+00:00,1
2026-06-01 20:00:00+00:00,562.04,567.72,536.68,544.48,9211313.0,2026-06-01 23:59:59.999000+00:00,1
2026-06-02 00:00:00+00:00,544.49,577.87,531.1,572.69,16968947.0,2026-06-02 03:59:59.999000+00:00,1
2026-06-02 04:00:00+00:00,572.69,576.9,542.04,558.24,20176640.0,2026-06-02 07:59:59.999000+00:00,1
2026-06-02 08:00:00+00:00,558.22,583.6,548.04,566.44,18907649.0,2026-06-02 11:59:59.999000+00:00,1
2026-06-02 12:00:00+00:00,566.44,585.8,558.0,578.04,27121356.0,2026-06-02 15:59:59.999000+00:00,1
2026-06-02 16:00:00+00:00,578.04,626.78,575.06,598.79,39517474.0,2026-06-02 19:59:59.999000+00:00,1
2026-06-02 20:00:00+00:00,598.8,622.56,581.61,609.35,20002587.0,2026-06-02 23:59:59.999000+00:00,1
2026-06-03 00:00:00+00:00,609.34,644.79,603.01,603.82,27242010.0,2026-06-03 03:59:59.999000+00:00,1
2026-06-03 04:00:00+00:00,603.88,626.81,601.51,617.77,19068241.0,2026-06-03 07:59:59.999000+00:00,1
2026-06-03 08:00:00+00:00,617.76,625.69,587.24,597.87,22721721.0,2026-06-03 11:59:59.999000+00:00,1
2026-06-03 12:00:00+00:00,597.88,638.62,593.59,608.13,25836458.0,2026-06-03 15:59:59.999000+00:00,1
2026-06-03 16:00:00+00:00,608.12,618.64,590.23,599.44,18800925.0,2026-06-03 19:59:59.999000+00:00,1
2026-06-03 20:00:00+00:00,599.42,634.8,596.34,621.41,17013240.0,2026-06-03 23:59:59.999000+00:00,1
2026-06-04 00:00:00+00:00,621.29,631.09,555.17,592.98,39511688.0,2026-06-04 03:59:59.999000+00:00,1
2026-06-04 04:00:00+00:00,592.98,615.78,566.36,568.79,24448664.0,2026-06-04 07:59:59.999000+00:00,1
2026-06-04 08:00:00+00:00,568.79,574.0,528.52,539.22,28897155.0,2026-06-04 11:59:59.999000+00:00,1
2026-06-04 12:00:00+00:00,539.22,552.44,510.17,549.34,33575814.0,2026-06-04 15:59:59.999000+00:00,1
2026-06-04 16:00:00+00:00,549.34,554.45,518.39,524.1,21458621.0,2026-06-04 19:59:59.999000+00:00,1
2026-06-04 20:00:00+00:00,524.12,525.96,442.64,459.9,49915711.0,2026-06-04 23:59:59.999000+00:00,1
2026-06-05 00:00:00+00:00,459.9,459.9,386.43,403.37,86284056.0,2026-06-05 03:59:59.999000+00:00,1
2026-06-05 04:00:00+00:00,403.32,417.09,249.73,308.9,249193648.0,2026-06-05 07:59:59.999000+00:00,1
2026-06-05 08:00:00+00:00,308.9,358.39,292.81,299.95,136448051.0,2026-06-05 11:59:59.999000+00:00,1
2026-06-05 12:00:00+00:00,299.96,346.37,296.76,327.31,137864011.0,2026-06-05 15:59:59.999000+00:00,1
2026-06-05 16:00:00+00:00,327.28,367.64,309.24,336.52,105257504.0,2026-06-05 19:59:59.999000+00:00,1
2026-06-05 20:00:00+00:00,336.52,394.44,332.71,388.65,76333909.0,2026-06-05 23:59:59.999000+00:00,1
2026-06-06 00:00:00+00:00,388.66,399.96,361.47,363.52,50760748.0,2026-06-06 03:59:59.999000+00:00,1
2026-06-06 04:00:00+00:00,363.53,393.25,351.46,378.25,66854430.0,2026-06-06 07:59:59.999000+00:00,1
2026-06-06 08:00:00+00:00,378.27,379.42,360.82,365.86,41949337.0,2026-06-06 11:59:59.999000+00:00,1
2026-06-06 12:00:00+00:00,365.86,376.99,335.9,358.75,66299186.0,2026-06-06 15:59:59.999000+00:00,1
2026-06-06 16:00:00+00:00,358.74,364.57,350.5,352.76,28443754.0,2026-06-06 19:59:59.999000+00:00,1
2026-06-06 20:00:00+00:00,352.75,363.95,345.57,361.99,17710708.0,2026-06-06 23:59:59.999000+00:00,1
2026-06-07 00:00:00+00:00,361.98,390.24,361.14,377.76,34396303.0,2026-06-07 03:59:59.999000+00:00,1
2026-06-07 04:00:00+00:00,377.76,416.53,372.59,396.03,56933316.0,2026-06-07 07:59:59.999000+00:00,1
2026-06-07 08:00:00+00:00,396.03,422.31,385.68,410.21,43132516.0,2026-06-07 11:59:59.999000+00:00,1
2026-06-07 12:00:00+00:00,410.2,441.7,395.65,424.18,68597808.0,2026-06-07 15:59:59.999000+00:00,1
2026-06-07 16:00:00+00:00,424.17,427.84,405.03,408.2,33119211.0,2026-06-07 19:59:59.999000+00:00,1
2026-06-07 20:00:00+00:00,408.2,446.86,407.33,439.85,33757677.0,2026-06-07 23:59:59.999000+00:00,1
2026-06-08 00:00:00+00:00,439.85,441.1,422.5,433.78,24622579.0,2026-06-08 03:59:59.999000+00:00,1
2026-06-08 04:00:00+00:00,433.78,442.61,421.13,435.5,23789499.0,2026-06-08 07:59:59.999000+00:00,1
2026-06-08 08:00:00+00:00,435.5,437.9,423.05,431.12,20400586.0,2026-06-08 11:59:59.999000+00:00,1
2026-06-08 12:00:00+00:00,431.1,457.37,413.2,445.03,43387875.0,2026-06-08 15:59:59.999000+00:00,1
2026-06-08 16:00:00+00:00,445.03,459.5,441.14,455.16,24260483.0,2026-06-08 19:59:59.999000+00:00,1
2026-06-08 20:00:00+00:00,455.19,475.0,448.73,458.4,24806795.0,2026-06-08 23:59:59.999000+00:00,1
2026-06-09 00:00:00+00:00,458.39,460.16,440.7,446.6,21183919.0,2026-06-09 03:59:59.999000+00:00,1
2026-06-09 04:00:00+00:00,446.59,475.88,441.38,469.84,26283463.0,2026-06-09 07:59:59.999000+00:00,1
2026-06-09 08:00:00+00:00,469.85,482.4,456.4,466.9,28663755.0,2026-06-09 11:59:59.999000+00:00,1
2026-06-09 12:00:00+00:00,466.89,478.53,429.0,434.28,43794497.0,2026-06-09 15:59:59.999000+00:00,1
2026-06-09 16:00:00+00:00,434.29,463.91,426.0,445.04,39309992.0,2026-06-09 19:59:59.999000+00:00,1
2026-06-09 20:00:00+00:00,445.07,451.7,422.31,429.65,16539645.0,2026-06-09 23:59:59.999000+00:00,1
2026-06-10 00:00:00+00:00,429.64,445.0,424.67,434.38,22767895.0,2026-06-10 03:59:59.999000+00:00,1
2026-06-10 04:00:00+00:00,434.38,443.64,424.79,432.55,19298732.0,2026-06-10 07:59:59.999000+00:00,1
2026-06-10 08:00:00+00:00,432.55,432.84,411.18,414.15,23968431.0,2026-06-10 11:59:59.999000+00:00,1
2026-06-10 12:00:00+00:00,414.11,448.48,411.81,437.51,40095534.0,2026-06-10 15:59:59.999000+00:00,1
2026-06-10 16:00:00+00:00,437.52,438.31,415.07,420.07,20215980.0,2026-06-10 19:59:59.999000+00:00,1
2026-06-10 20:00:00+00:00,420.07,420.48,400.95,408.18,16426750.0,2026-06-10 23:59:59.999000+00:00,1
2026-06-11 00:00:00+00:00,408.18,428.76,407.85,424.94,16193136.0,2026-06-11 03:59:59.999000+00:00,1
2026-06-11 04:00:00+00:00,424.94,427.32,418.55,422.16,12998274.0,2026-06-11 07:59:59.999000+00:00,1
2026-06-11 08:00:00+00:00,422.17,436.47,421.49,429.23,15637307.0,2026-06-11 11:59:59.999000+00:00,1
2026-06-11 12:00:00+00:00,429.23,431.67,415.35,418.3,20405462.0,2026-06-11 15:59:59.999000+00:00,1
2026-06-11 16:00:00+00:00,418.29,442.88,412.34,434.95,23787577.0,2026-06-11 19:59:59.999000+00:00,1
2026-06-11 20:00:00+00:00,434.93,441.63,426.06,428.01,10115545.0,2026-06-11 23:59:59.999000+00:00,1
2026-06-12 00:00:00+00:00,428.02,437.45,424.08,436.1,8639852.0,2026-06-12 03:59:59.999000+00:00,1
2026-06-12 04:00:00+00:00,436.11,436.39,416.51,423.29,14106332.0,2026-06-12 07:59:59.999000+00:00,1
2026-06-12 08:00:00+00:00,423.31,443.76,423.22,436.28,17479289.0,2026-06-12 11:59:59.999000+00:00,1
2026-06-12 12:00:00+00:00,436.27,437.72,416.72,416.92,27644524.0,2026-06-12 15:59:59.999000+00:00,1
2026-06-12 16:00:00+00:00,416.92,420.49,410.52,414.28,17701209.0,2026-06-12 19:59:59.999000+00:00,1
2026-06-12 20:00:00+00:00,414.28,416.79,403.15,411.91,8531041.0,2026-06-12 23:59:59.999000+00:00,1
2026-06-13 00:00:00+00:00,411.91,420.12,410.56,414.61,8021591.0,2026-06-13 03:59:59.999000+00:00,1
2026-06-13 04:00:00+00:00,414.63,416.41,410.37,414.68,6940530.0,2026-06-13 07:59:59.999000+00:00,1
2026-06-13 08:00:00+00:00,414.69,418.25,408.12,413.72,8597493.0,2026-06-13 11:59:59.999000+00:00,1
2026-06-13 12:00:00+00:00,413.71,418.38,411.23,416.57,10572317.0,2026-06-13 15:59:59.999000+00:00,1
2026-06-13 16:00:00+00:00,416.61,417.09,404.58,412.58,14238898.0,2026-06-13 19:59:59.999000+00:00,1
2026-06-13 20:00:00+00:00,412.59,429.28,406.88,420.71,12304515.0,2026-06-13 23:59:59.999000+00:00,1
2026-06-14 00:00:00+00:00,420.73,426.28,419.16,423.61,7642980.0,2026-06-14 03:59:59.999000+00:00,1
2026-06-14 04:00:00+00:00,423.63,429.24,418.68,427.22,12338214.0,2026-06-14 07:59:59.999000+00:00,1
2026-06-14 08:00:00+00:00,427.23,430.5,420.34,421.26,8964115.0,2026-06-14 11:59:59.999000+00:00,1
2026-06-14 12:00:00+00:00,421.26,428.5,415.71,422.14,15657152.0,2026-06-14 15:59:59.999000+00:00,1
2026-06-14 16:00:00+00:00,422.13,427.54,419.07,425.71,6861706.0,2026-06-14 19:59:59.999000+00:00,1
2026-06-14 20:00:00+00:00,425.72,476.7,425.6,472.12,28379590.0,2026-06-14 23:59:59.999000+00:00,1
2026-06-15 00:00:00+00:00,472.12,493.38,466.44,486.16,27927120.0,2026-06-15 03:59:59.999000+00:00,1
2026-06-15 04:00:00+00:00,486.12,499.45,482.95,492.4,25173845.0,2026-06-15 07:59:59.999000+00:00,1
2026-06-15 08:00:00+00:00,492.42,540.69,487.38,534.72,45372609.0,2026-06-15 11:59:59.999000+00:00,1
2026-06-15 12:00:00+00:00,534.75,546.97,521.32,534.44,35706834.0,2026-06-15 15:59:59.999000+00:00,1
2026-06-15 16:00:00+00:00,534.44,539.44,515.66,523.12,18065849.0,2026-06-15 19:59:59.999000+00:00,1
2026-06-15 20:00:00+00:00,523.12,527.83,511.36,518.41,12717611.0,2026-06-15 23:59:59.999000+00:00,1
2026-06-16 00:00:00+00:00,518.42,532.36,507.21,527.85,20339124.0,2026-06-16 03:59:59.999000+00:00,1
2026-06-16 04:00:00+00:00,527.85,531.36,517.92,524.52,13335273.0,2026-06-16 07:59:59.999000+00:00,1
2026-06-16 08:00:00+00:00,524.52,534.43,510.49,514.52,16824028.0,2026-06-16 11:59:59.999000+00:00,1
2026-06-16 12:00:00+00:00,514.53,516.89,480.0,497.05,30487542.0,2026-06-16 15:59:59.999000+00:00,1
2026-06-16 16:00:00+00:00,497.04,510.76,494.11,496.67,15443757.0,2026-06-16 19:59:59.999000+00:00,1
2026-06-16 20:00:00+00:00,496.66,517.98,495.22,504.9,9499649.0,2026-06-16 23:59:59.999000+00:00,1
2026-06-17 00:00:00+00:00,504.87,515.8,500.95,510.7,11625428.0,2026-06-17 03:59:59.999000+00:00,1
2026-06-17 04:00:00+00:00,510.7,517.0,503.07,509.31,11505904.0,2026-06-17 07:59:59.999000+00:00,1
2026-06-17 08:00:00+00:00,509.31,512.81,486.06,488.72,16320245.0,2026-06-17 11:59:59.999000+00:00,1
2026-06-17 12:00:00+00:00,488.74,493.69,471.0,491.92,22309021.0,2026-06-17 15:59:59.999000+00:00,1
2026-06-17 16:00:00+00:00,491.92,507.26,478.77,480.44,21936605.0,2026-06-17 19:59:59.999000+00:00,1
2026-06-17 20:00:00+00:00,480.41,486.27,472.0,477.19,7058814.0,2026-06-17 23:59:59.999000+00:00,1
2026-06-18 00:00:00+00:00,477.2,489.2,475.32,475.87,7999756.0,2026-06-18 03:59:59.999000+00:00,1
2026-06-18 04:00:00+00:00,475.89,476.66,455.45,469.25,17684545.0,2026-06-18 07:59:59.999000+00:00,1
2026-06-18 08:00:00+00:00,469.26,474.88,467.36,470.07,8927188.0,2026-06-18 11:59:59.999000+00:00,1
2026-06-18 12:00:00+00:00,470.06,477.21,443.32,446.98,17316481.0,2026-06-18 15:59:59.999000+00:00,1
2026-06-18 16:00:00+00:00,446.99,454.49,440.59,450.21,14450331.0,2026-06-18 19:59:59.999000+00:00,1
2026-06-18 20:00:00+00:00,450.23,459.47,449.0,455.66,5838994.0,2026-06-18 23:59:59.999000+00:00,1
2026-06-19 00:00:00+00:00,455.67,456.5,438.0,447.75,7448452.0,2026-06-19 03:59:59.999000+00:00,1
2026-06-19 04:00:00+00:00,447.75,452.69,440.32,445.6,8885317.0,2026-06-19 07:59:59.999000+00:00,1
2026-06-19 08:00:00+00:00,445.61,454.9,444.87,446.0,6512474.0,2026-06-19 11:59:59.999000+00:00,1
2026-06-19 12:00:00+00:00,446.0,462.61,444.29,454.07,15020355.0,2026-06-19 15:59:59.999000+00:00,1
2026-06-19 16:00:00+00:00,454.08,459.0,444.56,451.29,9628221.0,2026-06-19 19:59:59.999000+00:00,1
2026-06-19 20:00:00+00:00,451.32,479.72,446.91,476.54,10155747.0,2026-06-19 23:59:59.999000+00:00,1
2026-06-20 00:00:00+00:00,476.53,477.99,465.32,466.42,8938035.0,2026-06-20 03:59:59.999000+00:00,1
2026-06-20 04:00:00+00:00,466.42,476.65,465.7,468.35,6863219.0,2026-06-20 07:59:59.999000+00:00,1
2026-06-20 08:00:00+00:00,468.34,474.9,466.98,469.42,6101897.0,2026-06-20 11:59:59.999000+00:00,1
2026-06-20 12:00:00+00:00,469.43,488.0,461.1,475.52,16803154.0,2026-06-20 15:59:59.999000+00:00,1
2026-06-20 16:00:00+00:00,475.44,477.24,463.42,465.84,6196452.0,2026-06-20 19:59:59.999000+00:00,1
2026-06-20 20:00:00+00:00,465.84,476.69,465.33,470.56,5219008.0,2026-06-20 23:59:59.999000+00:00,1
2026-06-21 00:00:00+00:00,470.57,472.44,465.85,470.79,4283476.0,2026-06-21 03:59:59.999000+00:00,1
2026-06-21 04:00:00+00:00,470.77,472.0,463.44,465.85,4116405.0,2026-06-21 07:59:59.999000+00:00,1
2026-06-21 08:00:00+00:00,465.85,465.98,444.28,453.35,11948802.0,2026-06-21 11:59:59.999000+00:00,1
2026-06-21 12:00:00+00:00,453.33,455.89,447.3,453.48,6764517.0,2026-06-21 15:59:59.999000+00:00,1
2026-06-21 16:00:00+00:00,453.45,454.29,446.22,451.51,4352339.0,2026-06-21 19:59:59.999000+00:00,1
2026-06-21 20:00:00+00:00,451.5,452.58,432.12,434.42,9518816.0,2026-06-21 23:59:59.999000+00:00,1
2026-06-22 00:00:00+00:00,434.43,452.7,433.9,440.6,9223405.0,2026-06-22 03:59:59.999000+00:00,1
2026-06-22 04:00:00+00:00,440.6,454.63,439.62,451.18,6605300.0,2026-06-22 07:59:59.999000+00:00,1
2026-06-22 08:00:00+00:00,451.18,459.41,449.74,455.93,7462021.0,2026-06-22 11:59:59.999000+00:00,1
2026-06-22 12:00:00+00:00,455.93,465.73,447.38,449.77,14755428.0,2026-06-22 15:59:59.999000+00:00,1
2026-06-22 16:00:00+00:00,449.78,455.57,442.56,448.93,7999736.0,2026-06-22 19:59:59.999000+00:00,1
2026-06-22 20:00:00+00:00,448.93,453.3,440.21,442.11,5433834.0,2026-06-22 23:59:59.999000+00:00,1
2026-06-23 00:00:00+00:00,442.11,448.54,437.81,447.25,7182161.0,2026-06-23 03:59:59.999000+00:00,1
2026-06-23 04:00:00+00:00,447.24,447.92,418.8,424.96,13435469.0,2026-06-23 07:59:59.999000+00:00,1
2026-06-23 08:00:00+00:00,424.96,426.55,415.36,424.73,9960283.0,2026-06-23 11:59:59.999000+00:00,1
2026-06-23 12:00:00+00:00,424.72,427.61,415.59,417.56,10333284.0,2026-06-23 15:59:59.999000+00:00,1
2026-06-23 16:00:00+00:00,417.57,423.15,411.0,417.1,8348346.0,2026-06-23 19:59:59.999000+00:00,1
2026-06-23 20:00:00+00:00,417.1,421.51,412.25,415.99,3911691.0,2026-06-23 23:59:59.999000+00:00,1
2026-06-24 00:00:00+00:00,415.99,423.05,406.2,411.77,7478813.0,2026-06-24 03:59:59.999000+00:00,1
2026-06-24 04:00:00+00:00,411.77,421.08,408.35,413.64,6010919.0,2026-06-24 07:59:59.999000+00:00,1
2026-06-24 08:00:00+00:00,413.66,423.25,409.8,421.5,6185606.0,2026-06-24 11:59:59.999000+00:00,1
2026-06-24 12:00:00+00:00,421.5,422.76,397.26,406.38,22391253.0,2026-06-24 15:59:59.999000+00:00,1
2026-06-24 16:00:00+00:00,406.34,411.23,387.38,404.52,22934905.0,2026-06-24 19:59:59.999000+00:00,1
2026-06-24 20:00:00+00:00,404.51,419.34,403.4,416.73,8187416.0,2026-06-24 23:59:59.999000+00:00,1
2026-06-25 00:00:00+00:00,416.71,417.81,409.42,411.4,4582999.0,2026-06-25 03:59:59.999000+00:00,1
2026-06-25 04:00:00+00:00,411.4,421.01,407.75,418.54,8254042.0,2026-06-25 07:59:59.999000+00:00,1
2026-06-25 08:00:00+00:00,418.54,419.48,410.49,413.59,4697639.0,2026-06-25 11:59:59.999000+00:00,1
2026-06-25 12:00:00+00:00,413.59,417.72,385.79,401.1,25881908.0,2026-06-25 15:59:59.999000+00:00,1
2026-06-25 16:00:00+00:00,401.11,407.87,393.05,397.06,10754112.0,2026-06-25 19:59:59.999000+00:00,1
2026-06-25 20:00:00+00:00,397.07,421.49,397.07,416.56,7978541.0,2026-06-25 23:59:59.999000+00:00,1
2026-06-26 00:00:00+00:00,416.57,420.91,398.61,419.17,12265769.0,2026-06-26 03:59:59.999000+00:00,1
2026-06-26 04:00:00+00:00,419.17,419.92,405.82,413.56,7773026.0,2026-06-26 07:59:59.999000+00:00,1
2026-06-26 08:00:00+00:00,413.57,414.1,394.34,396.4,8477599.0,2026-06-26 11:59:59.999000+00:00,1
2026-06-26 12:00:00+00:00,396.4,415.05,391.87,409.94,13175053.0,2026-06-26 15:59:59.999000+00:00,1
2026-06-26 16:00:00+00:00,409.91,429.41,409.91,415.63,13280533.0,2026-06-26 19:59:59.999000+00:00,1
2026-06-26 20:00:00+00:00,415.63,425.55,415.63,419.18,5062591.0,2026-06-26 23:59:59.999000+00:00,1
2026-06-27 00:00:00+00:00,419.1,422.45,412.69,413.72,3977017.0,2026-06-27 03:59:59.999000+00:00,1
2026-06-27 04:00:00+00:00,413.73,418.06,407.82,411.23,4267763.0,2026-06-27 07:59:59.999000+00:00,1
2026-06-27 08:00:00+00:00,411.22,411.44,405.19,408.37,4537821.0,2026-06-27 11:59:59.999000+00:00,1
2026-06-27 12:00:00+00:00,408.37,414.7,406.36,411.34,5553041.0,2026-06-27 15:59:59.999000+00:00,1
2026-06-27 16:00:00+00:00,411.33,412.57,398.11,401.03,6755798.0,2026-06-27 19:59:59.999000+00:00,1
2026-06-27 20:00:00+00:00,401.03,402.67,394.56,395.85,4737683.0,2026-06-27 23:59:59.999000+00:00,1
2026-06-28 00:00:00+00:00,395.85,401.76,395.0,397.94,3509460.0,2026-06-28 03:59:59.999000+00:00,1
2026-06-28 04:00:00+00:00,397.94,398.09,381.87,385.68,10180098.0,2026-06-28 07:59:59.999000+00:00,1
2026-06-28 08:00:00+00:00,385.68,391.56,383.14,386.99,8162402.0,2026-06-28 11:59:59.999000+00:00,1
2026-06-28 12:00:00+00:00,386.99,391.91,382.82,389.48,7781725.0,2026-06-28 15:59:59.999000+00:00,1
2026-06-28 16:00:00+00:00,389.49,391.39,377.7,379.65,7091754.0,2026-06-28 19:59:59.999000+00:00,1
2026-06-28 20:00:00+00:00,379.64,385.4,368.04,376.35,10298780.0,2026-06-28 23:59:59.999000+00:00,1
2026-06-29 00:00:00+00:00,376.36,388.0,369.54,383.13,12312063.0,2026-06-29 03:59:59.999000+00:00,1
2026-06-29 04:00:00+00:00,383.13,385.76,374.55,382.13,6681717.0,2026-06-29 07:59:59.999000+00:00,1
2026-06-29 08:00:00+00:00,382.13,388.18,380.11,383.21,7059474.0,2026-06-29 11:59:59.999000+00:00,1
2026-06-29 12:00:00+00:00,383.21,393.37,377.96,389.34,13511136.0,2026-06-29 15:59:59.999000+00:00,1
2026-06-29 16:00:00+00:00,389.33,409.53,386.14,407.76,11924387.0,2026-06-29 19:59:59.999000+00:00,1
2026-06-29 20:00:00+00:00,407.76,414.12,404.16,407.16,5718167.0,2026-06-29 23:59:59.999000+00:00,1
2026-06-30 00:00:00+00:00,407.15,407.35,395.43,398.71,7412336.0,2026-06-30 03:59:59.999000+00:00,1
2026-06-30 04:00:00+00:00,398.73,402.13,397.1,399.52,4440133.0,2026-06-30 07:59:59.999000+00:00,1
2026-06-30 08:00:00+00:00,399.53,400.0,388.8,391.71,6732408.0,2026-06-30 11:59:59.999000+00:00,1
2026-06-30 12:00:00+00:00,391.72,404.17,388.31,401.09,13380182.0,2026-06-30 15:59:59.999000+00:00,1
2026-06-30 16:00:00+00:00,401.09,403.03,394.06,399.56,5628329.0,2026-06-30 19:59:59.999000+00:00,1
2026-06-30 20:00:00+00:00,399.57,400.46,391.72,399.3,4225517.0,2026-06-30 23:59:59.999000+00:00,1
2026-07-01 00:00:00+00:00,399.27,402.97,385.49,401.59,7972912.0,2026-07-01 03:59:59.999000+00:00,1
2026-07-01 04:00:00+00:00,401.6,411.66,396.11,398.52,8840445.0,2026-07-01 07:59:59.999000+00:00,1
2026-07-01 08:00:00+00:00,398.51,403.66,392.87,393.89,6645098.0,2026-07-01 11:59:59.999000+00:00,1
2026-07-01 12:00:00+00:00,393.9,418.77,392.92,415.0,15543599.0,2026-07-01 15:59:59.999000+00:00,1
2026-07-01 16:00:00+00:00,415.0,416.98,408.63,410.68,5621573.0,2026-07-01 19:59:59.999000+00:00,1
2026-07-01 20:00:00+00:00,410.67,424.76,409.58,416.94,7102736.0,2026-07-01 23:59:59.999000+00:00,1
2026-07-02 00:00:00+00:00,416.95,427.9,410.38,425.93,7797193.0,2026-07-02 03:59:59.999000+00:00,1
2026-07-02 04:00:00+00:00,425.94,426.48,418.15,423.07,6756266.0,2026-07-02 07:59:59.999000+00:00,1
2026-07-02 08:00:00+00:00,423.08,456.59,417.54,449.56,17310158.0,2026-07-02 11:59:59.999000+00:00,1
2026-07-02 12:00:00+00:00,449.53,453.5,434.58,437.69,15823219.0,2026-07-02 15:59:59.999000+00:00,1
2026-07-02 16:00:00+00:00,437.7,443.69,430.44,432.84,6451140.0,2026-07-02 19:59:59.999000+00:00,1
2026-07-02 20:00:00+00:00,432.85,435.61,427.65,434.36,3069105.0,2026-07-02 23:59:59.999000+00:00,1
2026-07-03 00:00:00+00:00,434.35,437.8,426.18,427.2,5939327.0,2026-07-03 03:59:59.999000+00:00,1
2026-07-03 04:00:00+00:00,427.2,440.88,425.03,439.31,7883945.0,2026-07-03 07:59:59.999000+00:00,1
2026-07-03 08:00:00+00:00,439.32,465.55,439.15,463.76,19288209.0,2026-07-03 11:59:59.999000+00:00,1
2026-07-03 12:00:00+00:00,463.75,469.91,452.63,459.65,18125103.0,2026-07-03 15:59:59.999000+00:00,1
2026-07-03 16:00:00+00:00,459.64,463.52,453.82,459.99,7555917.0,2026-07-03 19:59:59.999000+00:00,1
2026-07-03 20:00:00+00:00,459.99,472.86,457.14,460.73,7302500.0,2026-07-03 23:59:59.999000+00:00,1
2026-07-04 00:00:00+00:00,460.73,464.48,457.24,460.86,4784816.0,2026-07-04 03:59:59.999000+00:00,1
2026-07-04 04:00:00+00:00,460.86,465.73,458.33,461.91,5192145.0,2026-07-04 07:59:59.999000+00:00,1
2026-07-04 08:00:00+00:00,461.91,463.6,455.39,461.45,5028401.0,2026-07-04 11:59:59.999000+00:00,1
2026-07-04 12:00:00+00:00,461.45,476.0,461.24,465.04,8270125.0,2026-07-04 15:59:59.999000+00:00,1
2026-07-04 16:00:00+00:00,465.04,474.77,461.17,467.73,6381195.0,2026-07-04 19:59:59.999000+00:00,1
2026-07-04 20:00:00+00:00,467.73,473.11,461.67,463.14,3406743.0,2026-07-04 23:59:59.999000+00:00,1
2026-07-05 00:00:00+00:00,463.13,463.29,451.07,453.33,6608576.0,2026-07-05 03:59:59.999000+00:00,1
2026-07-05 04:00:00+00:00,453.32,459.38,452.65,458.92,3776477.0,2026-07-05 07:59:59.999000+00:00,1
2026-07-05 08:00:00+00:00,458.93,460.45,451.32,456.77,4344694.0,2026-07-05 11:59:59.999000+00:00,1
2026-07-05 12:00:00+00:00,456.78,466.9,455.21,462.72,6865322.0,2026-07-05 15:59:59.999000+00:00,1
2026-07-05 16:00:00+00:00,462.71,464.05,457.19,461.86,2889407.0,2026-07-05 19:59:59.999000+00:00,1
2026-07-05 20:00:00+00:00,461.85,466.6,460.94,462.13,3932230.0,2026-07-05 23:59:59.999000+00:00,1
2026-07-06 00:00:00+00:00,462.14,465.6,453.56,456.52,5435237.0,2026-07-06 03:59:59.999000+00:00,1
2026-07-06 04:00:00+00:00,456.5,457.43,452.51,456.06,3373724.0,2026-07-06 07:59:59.999000+00:00,1
2026-07-06 08:00:00+00:00,456.06,457.06,441.93,442.68,9410328.0,2026-07-06 11:59:59.999000+00:00,1
2026-07-06 12:00:00+00:00,442.67,454.11,437.37,452.19,11397023.0,2026-07-06 15:59:59.999000+00:00,1
2026-07-06 16:00:00+00:00,452.16,454.78,446.26,450.25,5145189.0,2026-07-06 19:59:59.999000+00:00,1
2026-07-06 20:00:00+00:00,450.26,460.0,448.09,452.69,4056219.0,2026-07-06 23:59:59.999000+00:00,1
2026-07-07 00:00:00+00:00,452.7,456.84,446.11,448.8,4059094.0,2026-07-07 03:59:59.999000+00:00,1
2026-07-07 04:00:00+00:00,448.79,456.78,443.77,454.77,4724801.0,2026-07-07 07:59:59.999000+00:00,1
2026-07-07 08:00:00+00:00,454.77,458.88,450.43,458.75,4515006.0,2026-07-07 11:59:59.999000+00:00,1
2026-07-07 12:00:00+00:00,458.76,495.81,454.1,494.06,18926095.0,2026-07-07 15:59:59.999000+00:00,1
2026-07-07 16:00:00+00:00,494.1,511.88,487.25,495.85,22028822.0,2026-07-07 19:59:59.999000+00:00,1
2026-07-07 20:00:00+00:00,495.83,497.18,476.42,483.35,10087702.0,2026-07-07 23:59:59.999000+00:00,1
2026-07-08 00:00:00+00:00,483.37,490.44,475.67,479.49,8787407.0,2026-07-08 03:59:59.999000+00:00,1
2026-07-08 04:00:00+00:00,479.49,485.47,472.54,476.1,6169030.0,2026-07-08 07:59:59.999000+00:00,1
2026-07-08 08:00:00+00:00,476.08,478.5,460.82,466.15,11584538.0,2026-07-08 11:59:59.999000+00:00,1
2026-07-08 12:00:00+00:00,466.16,466.86,451.53,454.08,8442414.0,2026-07-08 15:59:59.999000+00:00,1
2026-07-08 16:00:00+00:00,454.08,469.44,453.89,466.34,6495302.0,2026-07-08 19:59:59.999000+00:00,1
2026-07-08 20:00:00+00:00,466.44,467.32,458.91,465.79,2836552.0,2026-07-08 23:59:59.999000+00:00,1
2026-07-09 00:00:00+00:00,465.8,469.93,454.81,457.53,5986221.0,2026-07-09 03:59:59.999000+00:00,1
2026-07-09 04:00:00+00:00,457.52,473.4,456.33,467.69,7430126.0,2026-07-09 07:59:59.999000+00:00,1
2026-07-09 08:00:00+00:00,467.65,471.21,464.07,467.37,4711864.0,2026-07-09 11:59:59.999000+00:00,1
2026-07-09 12:00:00+00:00,467.39,472.26,461.12,465.91,7923046.0,2026-07-09 15:59:59.999000+00:00,1
2026-07-09 16:00:00+00:00,465.92,496.47,463.92,485.18,13721858.0,2026-07-09 19:59:59.999000+00:00,1
2026-07-09 20:00:00+00:00,485.19,490.06,478.17,481.29,4746409.0,2026-07-09 23:59:59.999000+00:00,1
2026-07-10 00:00:00+00:00,481.28,494.39,476.96,491.14,9457815.0,2026-07-10 03:59:59.999000+00:00,1
2026-07-10 04:00:00+00:00,491.15,506.63,488.44,500.05,12390351.0,2026-07-10 07:59:59.999000+00:00,1
2026-07-10 08:00:00+00:00,500.05,509.77,498.11,500.15,8526430.0,2026-07-10 11:59:59.999000+00:00,1
2026-07-10 12:00:00+00:00,500.16,517.88,494.0,500.59,16417992.0,2026-07-10 15:59:59.999000+00:00,1
2026-07-10 16:00:00+00:00,500.58,506.88,498.39,505.15,7096902.0,2026-07-10 19:59:59.999000+00:00,1
2026-07-10 20:00:00+00:00,505.15,505.61,496.03,498.8,2796141.0,2026-07-10 23:59:59.999000+00:00,1
2026-07-11 00:00:00+00:00,498.79,509.9,494.45,502.3,6340961.0,2026-07-11 03:59:59.999000+00:00,1
2026-07-11 04:00:00+00:00,502.29,503.41,498.1,498.78,3033348.0,2026-07-11 07:59:59.999000+00:00,1
2026-07-11 08:00:00+00:00,498.76,507.75,495.01,505.72,4993252.0,2026-07-11 11:59:59.999000+00:00,1
2026-07-11 12:00:00+00:00,505.73,512.8,501.43,504.19,5834844.0,2026-07-11 15:59:59.999000+00:00,1
2026-07-11 16:00:00+00:00,504.17,522.47,500.65,515.16,8609992.0,2026-07-11 19:59:59.999000+00:00,1
2026-07-11 20:00:00+00:00,515.19,534.97,507.04,508.45,14121377.0,2026-07-11 23:59:59.999000+00:00,1
2026-07-12 00:00:00+00:00,508.45,515.84,503.16,514.67,9429896.0,2026-07-12 03:59:59.999000+00:00,1
2026-07-12 04:00:00+00:00,514.68,521.56,508.16,517.46,8824750.0,2026-07-12 07:59:59.999000+00:00,1
2026-07-12 08:00:00+00:00,517.49,528.55,517.49,522.03,10034844.0,2026-07-12 11:59:59.999000+00:00,1
2026-07-12 12:00:00+00:00,522.05,538.31,519.82,531.29,12560090.0,2026-07-12 15:59:59.999000+00:00,1
2026-07-12 16:00:00+00:00,531.26,549.39,530.93,538.74,17369236.0,2026-07-12 19:59:59.999000+00:00,1
2026-07-12 20:00:00+00:00,538.74,542.6,531.27,533.1,6589449.0,2026-07-12 23:59:59.999000+00:00,1
2026-07-13 00:00:00+00:00,533.09,541.79,516.6,520.3,17000472.0,2026-07-13 03:59:59.999000+00:00,1
2026-07-13 04:00:00+00:00,520.29,523.61,511.74,521.67,10750502.0,2026-07-13 07:59:59.999000+00:00,1
2026-07-13 08:00:00+00:00,521.68,522.96,510.19,511.52,8341774.0,2026-07-13 11:59:59.999000+00:00,1
2026-07-13 12:00:00+00:00,511.52,516.5,501.61,508.81,12821977.0,2026-07-13 15:59:59.999000+00:00,1
2026-07-13 16:00:00+00:00,508.82,514.29,502.63,503.58,9402160.0,2026-07-13 19:59:59.999000+00:00,1
2026-07-13 20:00:00+00:00,503.57,504.86,490.19,495.35,8717017.0,2026-07-13 23:59:59.999000+00:00,1
2026-07-14 00:00:00+00:00,495.37,506.6,495.37,502.39,8076192.0,2026-07-14 03:59:59.999000+00:00,1
2026-07-14 04:00:00+00:00,502.4,511.27,502.4,505.4,6362064.0,2026-07-14 07:59:59.999000+00:00,1
2026-07-14 08:00:00+00:00,505.42,511.0,501.37,509.01,5567298.0,2026-07-14 11:59:59.999000+00:00,1
2026-07-14 12:00:00+00:00,509.02,541.49,503.28,539.18,26009840.0,2026-07-14 15:59:59.999000+00:00,1
2026-07-14 16:00:00+00:00,539.23,556.61,535.77,538.99,16424696.0,2026-07-14 19:59:59.999000+00:00,1
2026-07-14 20:00:00+00:00,539.0,573.0,535.5,563.87,12409467.0,2026-07-14 23:59:59.999000+00:00,1
2026-07-15 00:00:00+00:00,563.87,565.11,551.43,557.06,8074306.0,2026-07-15 03:59:59.999000+00:00,1
2026-07-15 04:00:00+00:00,557.07,559.35,548.52,551.92,6458684.0,2026-07-15 07:59:59.999000+00:00,1
2026-07-15 08:00:00+00:00,551.93,578.99,551.27,575.31,16449422.0,2026-07-15 11:59:59.999000+00:00,1
2026-07-15 12:00:00+00:00,575.3,588.7,570.13,575.61,22787892.0,2026-07-15 15:59:59.999000+00:00,1
2026-07-15 16:00:00+00:00,575.62,577.68,563.57,567.25,9777808.0,2026-07-15 19:59:59.999000+00:00,1
2026-07-15 20:00:00+00:00,567.26,581.42,566.06,570.47,7176963.0,2026-07-15 23:59:59.999000+00:00,1
2026-07-16 00:00:00+00:00,570.47,574.76,560.8,567.93,8380528.0,2026-07-16 03:59:59.999000+00:00,1
2026-07-16 04:00:00+00:00,567.92,572.96,563.0,568.55,6761519.0,2026-07-16 07:59:59.999000+00:00,1
2026-07-16 08:00:00+00:00,568.55,569.88,542.36,547.6,18252830.0,2026-07-16 11:59:59.999000+00:00,1
2026-07-16 12:00:00+00:00,547.59,561.64,545.83,555.5,13120111.0,2026-07-16 15:59:59.999000+00:00,1
2026-07-16 16:00:00+00:00,555.49,557.45,538.28,546.88,10261389.0,2026-07-16 19:59:59.999000+00:00,1
2026-07-16 20:00:00+00:00,546.87,547.01,523.27,523.68,9655985.0,2026-07-16 23:59:59.999000+00:00,1
2026-07-17 00:00:00+00:00,523.73,544.57,523.67,537.79,14260327.0,2026-07-17 03:59:59.999000+00:00,1
2026-07-17 04:00:00+00:00,537.79,541.46,527.11,532.3,13211999.0,2026-07-17 07:59:59.999000+00:00,1
2026-07-17 08:00:00+00:00,532.31,537.38,527.42,536.18,7629760.0,2026-07-17 11:59:59.999000+00:00,1
2026-07-17 12:00:00+00:00,536.18,548.54,523.62,543.59,17250694.0,2026-07-17 15:59:59.999000+00:00,1
2026-07-17 16:00:00+00:00,543.59,556.54,540.03,545.95,12380564.0,2026-07-17 19:59:59.999000+00:00,1
2026-07-17 20:00:00+00:00,545.94,547.7,537.47,547.29,4631732.0,2026-07-17 23:59:59.999000+00:00,1
2026-07-18 00:00:00+00:00,547.28,550.7,544.2,546.79,4148164.0,2026-07-18 03:59:59.999000+00:00,1
2026-07-18 04:00:00+00:00,546.8,546.95,534.75,541.09,6180165.0,2026-07-18 07:59:59.999000+00:00,1
2026-07-18 08:00:00+00:00,541.08,542.81,536.7,542.37,4163544.0,2026-07-18 11:59:59.999000+00:00,1
2026-07-18 12:00:00+00:00,542.36,563.79,539.34,556.77,15171642.0,2026-07-18 15:59:59.999000+00:00,1
2026-07-18 16:00:00+00:00,556.77,562.28,551.0,556.92,6979555.0,2026-07-18 19:59:59.999000+00:00,1
2026-07-18 20:00:00+00:00,556.92,562.87,554.13,558.38,3696799.0,2026-07-18 23:59:59.999000+00:00,1
2026-07-19 00:00:00+00:00,558.34,561.5,551.12,555.51,5388078.0,2026-07-19 03:59:59.999000+00:00,1
2026-07-19 04:00:00+00:00,555.51,560.91,554.0,559.55,3492554.0,2026-07-19 07:59:59.999000+00:00,1
2026-07-19 08:00:00+00:00,559.56,568.93,555.24,555.44,7958902.0,2026-07-19 11:59:59.999000+00:00,1
2026-07-19 12:00:00+00:00,555.43,560.52,551.74,552.93,6230556.0,2026-07-19 15:59:59.999000+00:00,1
2026-07-19 16:00:00+00:00,552.94,555.45,546.4,549.88,6414419.0,2026-07-19 19:59:59.999000+00:00,1
2026-07-19 20:00:00+00:00,549.89,554.04,541.25,547.93,6404473.0,2026-07-19 23:59:59.999000+00:00,1
2026-07-20 00:00:00+00:00,547.94,555.21,532.18,536.86,12769063.0,2026-07-20 03:59:59.999000+00:00,1
2026-07-20 04:00:00+00:00,536.87,538.34,527.15,531.67,8369311.0,2026-07-20 07:59:59.999000+00:00,1
2026-07-20 08:00:00+00:00,531.68,540.35,525.43,538.48,9344367.0,2026-07-20 11:59:59.999000+00:00,1
2026-07-20 12:00:00+00:00,538.47,548.8,526.02,547.05,14451811.0,2026-07-20 15:59:59.999000+00:00,1
2026-07-20 16:00:00+00:00,547.04,557.81,544.75,547.22,13045459.0,2026-07-20 19:59:59.999000+00:00,1
2026-07-20 20:00:00+00:00,547.22,553.07,541.07,543.59,3906076.0,2026-07-20 23:59:59.999000+00:00,1
2026-07-21 00:00:00+00:00,543.58,553.7,538.74,550.31,8275166.0,2026-07-21 03:59:59.999000+00:00,1
2026-07-21 04:00:00+00:00,550.31,556.0,544.95,550.37,7140883.0,2026-07-21 07:59:59.999000+00:00,1
2026-07-21 08:00:00+00:00,550.33,550.6,533.24,544.79,12409779.0,2026-07-21 11:59:59.999000+00:00,1
2026-07-21 12:00:00+00:00,544.77,550.83,537.39,541.55,11062665.0,2026-07-21 15:59:59.999000+00:00,1
2026-07-21 16:00:00+00:00,541.55,543.09,527.0,532.36,8204835.0,2026-07-21 19:59:59.999000+00:00,1
2026-07-21 20:00:00+00:00,532.35,536.13,528.7,532.56,3208670.0,2026-07-21 23:59:59.999000+00:00,1
2026-07-22 00:00:00+00:00,532.56,538.36,516.39,520.45,7501219.0,2026-07-22 03:59:59.999000+00:00,1
2026-07-22 04:00:00+00:00,520.44,523.66,510.73,514.34,10924254.0,2026-07-22 07:59:59.999000+00:00,1
2026-07-22 08:00:00+00:00,514.34,519.09,511.59,513.34,5870503.0,2026-07-22 11:59:59.999000+00:00,1
2026-07-22 12:00:00+00:00,513.34,519.0,506.01,508.07,10555584.0,2026-07-22 15:59:59.999000+00:00,1
2026-07-22 16:00:00+00:00,508.06,517.44,505.22,509.31,8629924.0,2026-07-22 19:59:59.999000+00:00,1
2026-07-22 20:00:00+00:00,509.31,516.05,507.53,515.26,3702304.0,2026-07-22 23:59:59.999000+00:00,1
2026-07-23 00:00:00+00:00,515.3,520.92,512.1,513.77,6784853.0,2026-07-23 03:59:59.999000+00:00,1
2026-07-23 04:00:00+00:00,513.78,518.11,511.3,514.16,4364224.0,2026-07-23 07:59:59.999000+00:00,1
2026-07-23 08:00:00+00:00,514.16,518.22,513.46,517.46,3896998.0,2026-07-23 11:59:59.999000+00:00,1
2026-07-23 12:00:00+00:00,517.46,523.33,508.84,514.71,11965590.0,2026-07-23 15:59:59.999000+00:00,1
2026-07-23 16:00:00+00:00,514.81,516.2,496.05,499.86,9969794.0,2026-07-23 19:59:59.999000+00:00,1
2026-07-23 20:00:00+00:00,499.85,506.89,498.01,504.68,3491531.0,2026-07-23 23:59:59.999000+00:00,1
2026-07-24 00:00:00+00:00,504.69,511.82,502.03,509.54,4652043.0,2026-07-24 03:59:59.999000+00:00,1
2026-07-24 04:00:00+00:00,509.55,511.0,506.0,510.85,3448112.0,2026-07-24 07:59:59.999000+00:00,1
2026-07-24 08:00:00+00:00,510.84,515.0,498.59,502.13,6154854.0,2026-07-24 11:59:59.999000+00:00,1
2026-07-24 12:00:00+00:00,502.13,503.82,492.22,494.99,8725914.0,2026-07-24 15:59:59.999000+00:00,1
2026-07-24 16:00:00+00:00,495.0,497.2,486.87,495.55,5815329.0,2026-07-24 19:59:59.999000+00:00,1
2026-07-24 20:00:00+00:00,495.53,496.37,483.68,488.37,3567454.0,2026-07-24 23:59:59.999000+00:00,1
2026-07-25 00:00:00+00:00,488.38,490.62,484.45,487.92,2677998.0,2026-07-25 03:59:59.999000+00:00,1
2026-07-25 04:00:00+00:00,487.9,488.76,473.85,475.27,6390486.0,2026-07-25 07:59:59.999000+00:00,1
2026-07-25 08:00:00+00:00,475.28,479.43,473.17,478.21,4147799.0,2026-07-25 11:59:59.999000+00:00,1
2026-07-25 12:00:00+00:00,478.22,483.93,474.4,479.99,5233620.0,2026-07-25 15:59:59.999000+00:00,1
2026-07-25 16:00:00+00:00,480.0,488.76,477.46,482.67,5182334.0,2026-07-25 19:59:59.999000+00:00,1
2026-07-25 20:00:00+00:00,482.67,486.19,479.74,485.15,2977613.0,2026-07-25 23:59:59.999000+00:00,1
2026-07-26 00:00:00+00:00,485.11,490.88,484.65,487.71,3390163.0,2026-07-26 03:59:59.999000+00:00,1
2026-07-26 04:00:00+00:00,487.72,494.52,485.98,491.16,4585110.0,2026-07-26 07:59:59.999000+00:00,1
2026-07-26 08:00:00+00:00,491.16,495.49,489.46,492.92,2957058.0,2026-07-26 11:59:59.999000+00:00,1
2026-07-26 12:00:00+00:00,492.92,495.88,487.14,494.54,6554891.0,2026-07-26 15:59:59.999000+00:00,1
2026-07-26 16:00:00+00:00,494.53,501.46,490.59,491.71,5136039.0,2026-07-26 19:59:59.999000+00:00,1
2026-07-26 20:00:00+00:00,491.72,509.98,490.91,508.12,6675445.0,2026-07-26 23:59:59.999000+00:00,1
2026-07-27 00:00:00+00:00,508.13,509.69,500.49,503.89,5757102.0,2026-07-27 03:59:59.999000+00:00,1
2026-07-27 04:00:00+00:00,503.9,506.72,498.2,498.25,4485384.0,2026-07-27 07:59:59.999000+00:00,1
2026-07-27 08:00:00+00:00,498.25,504.42,496.33,502.62,4833714.0,2026-07-27 11:59:59.999000+00:00,1
2026-07-27 12:00:00+00:00,502.62,508.65,480.83,483.34,13009399.0,2026-07-27 15:59:59.999000+00:00,1
2026-07-27 16:00:00+00:00,483.34,491.87,481.85,489.0,5699761.0,2026-07-27 19:59:59.999000+00:00,1
2026-07-27 20:00:00+00:00,488.99,490.77,473.75,476.46,4498106.0,2026-07-27 23:59:59.999000+00:00,1
2026-07-28 00:00:00+00:00,476.47,479.95,470.63,475.24,4602787.0,2026-07-28 03:59:59.999000+00:00,1
2026-07-28 04:00:00+00:00,475.23,479.4,466.77,469.04,5963277.0,2026-07-28 07:59:59.999000+00:00,1
2026-07-28 08:00:00+00:00,469.04,470.88,463.66,464.9,3595130.0,2026-07-28 11:59:59.999000+00:00,1
2026-07-28 12:00:00+00:00,464.91,478.85,456.96,478.47,11407392.0,2026-07-28 15:59:59.999000+00:00,1
2026-07-28 16:00:00+00:00,478.48,478.72,462.13,470.3,6350188.0,2026-07-28 19:59:59.999000+00:00,1
2026-07-28 20:00:00+00:00,470.28,471.3,460.73,465.46,3026924.0,2026-07-28 23:59:59.999000+00:00,1
2026-07-29 00:00:00+00:00,465.47,470.5,453.36,454.01,6113035.0,2026-07-29 03:59:59.999000+00:00,1
2026-07-29 04:00:00+00:00,454.02,468.84,451.5,466.95,5945618.0,2026-07-29 07:59:59.999000+00:00,1
2026-07-29 08:00:00+00:00,466.95,466.95,456.09,459.8,4357609.0,2026-07-29 11:59:59.999000+00:00,1
2026-07-29 12:00:00+00:00,459.81,468.04,456.81,463.65,6352951.0,2026-07-29 15:59:59.999000+00:00,1
2026-07-29 16:00:00+00:00,463.65,474.71,458.08,459.05,7023148.0,2026-07-29 19:59:59.999000+00:00,1
2026-07-29 20:00:00+00:00,459.02,470.29,456.3,467.35,3795350.0,2026-07-29 23:59:59.999000+00:00,1
2026-07-30 00:00:00+00:00,467.34,474.65,463.36,472.19,5049518.0,2026-07-30 03:59:59.999000+00:00,1
2026-07-30 04:00:00+00:00,472.18,478.0,469.93,473.25,4632070.0,2026-07-30 07:59:59.999000+00:00,1
2026-07-30 08:00:00+00:00,473.25,478.97,472.34,476.53,3519962.0,2026-07-30 11:59:59.999000+00:00,1
2026-07-30 12:00:00+00:00,476.53,480.28,470.83,476.4,5400464.0,2026-07-30 15:59:59.999000+00:00,1
2026-07-30 16:00:00+00:00,476.4,477.54,471.27,474.12,2058373.0,2026-07-30 19:59:59.999000+00:00,1
2026-07-30 20:00:00+00:00,474.14,476.08,469.58,469.89,1845704.0,2026-07-30 23:59:59.999000+00:00,1
2026-07-31 00:00:00+00:00,469.89,477.69,460.11,460.29,5866744.0,2026-07-31 03:59:59.999000+00:00,1
2026-07-31 04:00:00+00:00,460.29,463.92,455.58,458.74,5573203.0,2026-07-31 07:59:59.999000+00:00,1
2026-07-31 08:00:00+00:00,458.74,462.12,455.51,460.25,2716968.0,2026-07-31 11:59:59.999000+00:00,1
2026-07-31 12:00:00+00:00,460.27,461.43,452.0,454.23,6508737.0,2026-07-31 15:59:59.999000+00:00,1
2026-07-31 16:00:00+00:00,454.24,463.41,453.55,456.83,3378857.0,2026-07-31 19:59:59.999000+00:00,1
2026-07-31 20:00:00+00:00,456.84,458.94,453.38,457.43,1686451.0,2026-07-31 23:59:59.999000+00:00,1
2026-08-01 00:00:00+00:00,457.43,464.83,457.43,463.86,2402487.0,2026-08-01 03:59:59.999000+00:00,1
2026-08-01 04:00:00+00:00,463.86,468.62,462.16,464.99,3032743.0,2026-08-01 07:59:59.999000+00:00,1
2026-08-01 08:00:00+00:00,464.99,467.71,461.6,464.73,2451997.0,2026-08-01 11:59:59.999000+00:00,1
2026-08-01 12:00:00+00:00,464.74,471.82,464.26,469.82,4060938.0,2026-08-01 15:59:59.999000+00:00,1
2026-08-01 16:00:00+00:00,469.83,473.61,457.85,463.18,6368229.0,2026-08-01 19:59:59.999000+00:00,1
2026-08-01 20:00:00+00:00,463.18,464.91,460.28,461.53,1447317.0,2026-08-01 23:59:59.999000+00:00,1
2026-08-02 00:00:00+00:00,461.53,475.91,461.48,473.12,5071973.0,2026-08-02 03:59:59.999000+00:00,1
2026-08-02 04:00:00+00:00,473.12,477.77,470.92,471.57,3434258.0,2026-08-02 07:59:59.999000+00:00,1
2026-08-02 08:00:00+00:00,471.57,476.41,469.42,470.37,3581765.0,2026-08-02 11:59:59.999000+00:00,1
2026-08-02 12:00:00+00:00,470.37,474.93,470.35,471.56,2649616.0,2026-08-02 15:59:59.999000+00:00,1
2026-08-02 16:00:00+00:00,471.56,487.33,469.5,485.05,4768440.0,2026-08-02 19:59:59.999000+00:00,1
2026-08-02 20:00:00+00:00,485.05,496.48,485.05,489.55,6942114.0,2026-08-02 23:59:59.999000+00:00,1
2026-08-03 00:00:00+00:00,489.55,489.76,474.37,475.59,5850048.0,2026-08-03 03:59:59.999000+00:00,1
2026-08-03 04:00:00+00:00,475.58,478.33,470.18,471.47,4814793.0,2026-08-03 07:59:59.999000+00:00,1
2026-08-03 08:00:00+00:00,471.44,483.59,470.89,481.79,6363308.0,2026-08-03 11:59:59.999000+00:00,1
2026-08-03 12:00:00+00:00,481.78,495.0,481.42,488.43,10201594.0,2026-08-03 15:59:59.999000+00:00,1
2026-08-03 16:00:00+00:00,488.43,493.3,485.35,485.84,3692102.0,2026-08-03 19:59:59.999000+00:00,1
2026-08-03 20:00:00+00:00,485.76,488.79,479.13,483.05,3319684.0,2026-08-03 23:59:59.999000+00:00,1
2026-08-04 00:00:00+00:00,483.02,486.84,478.0,484.63,4264537.0,2026-08-04 03:59:59.999000+00:00,1
2026-08-04 04:00:00+00:00,484.63,489.99,483.95,487.4,3961140.0,2026-08-04 07:59:59.999000+00:00,1
2026-08-04 08:00:00+00:00,487.38,489.83,484.5,488.52,2282777.0,2026-08-04 11:59:59.999000+00:00,1
2026-08-04 12:00:00+00:00,488.45,500.97,483.84,498.27,8361647.0,2026-08-04 15:59:59.999000+00:00,1
2026-08-04 16:00:00+00:00,498.27,508.89,493.01,507.31,8444177.0,2026-08-04 19:59:59.999000+00:00,1
2026-08-04 20:00:00+00:00,507.31,512.26,501.82,506.42,5058871.0,2026-08-04 23:59:59.999000+00:00,1
2026-08-05 00:00:00+00:00,506.42,518.56,502.85,512.79,8350085.0,2026-08-05 03:59:59.999000+00:00,1
2026-08-05 04:00:00+00:00,512.8,521.0,511.22,517.46,5924307.0,2026-08-05 07:59:59.999000+00:00,1
2026-08-05 08:00:00+00:00,517.47,520.14,513.4,517.43,4078947.0,2026-08-05 11:59:59.999000+00:00,1
2026-08-05 12:00:00+00:00,517.44,525.83,513.78,515.88,9903861.0,2026-08-05 15:59:59.999000+00:00,1
2026-08-05 16:00:00+00:00,515.87,523.85,515.87,517.2,4230359.0,2026-08-05 19:59:59.999000+00:00,1
2026-08-05 20:00:00+00:00,517.19,521.9,510.92,511.95,2872371.0,2026-08-05 23:59:59.999000+00:00,1
2026-08-06 00:00:00+00:00,511.95,512.57,505.6,509.12,4438308.0,2026-08-06 03:59:59.999000+00:00,1
2026-08-06 04:00:00+00:00,509.13,514.85,506.38,507.9,3758662.0,2026-08-06 07:59:59.999000+00:00,1
2026-08-06 08:00:00+00:00,507.89,508.03,491.82,494.62,6614037.0,2026-08-06 11:59:59.999000+00:00,1
2026-08-06 12:00:00+00:00,494.62,498.41,488.5,492.21,7980092.0,2026-08-06 15:59:59.999000+00:00,1
2026-08-06 16:00:00+00:00,492.2,497.95,491.27,492.73,3414121.0,2026-08-06 19:59:59.999000+00:00,1
2026-08-06 20:00:00+00:00,492.72,503.42,492.53,502.24,2233690.0,2026-08-06 23:59:59.999000+00:00,1
2026-08-07 00:00:00+00:00,502.24,507.52,499.09,504.16,5504765.0,2026-08-07 03:59:59.999000+00:00,1
2026-08-07 04:00:00+00:00,504.16,506.0,498.24,502.14,3988119.0,2026-08-07 07:59:59.999000+00:00,1
2026-08-07 08:00:00+00:00,502.16,513.15,502.1,511.68,5372597.0,2026-08-07 11:59:59.999000+00:00,1
2026-08-07 12:00:00+00:00,511.69,515.63,506.5,512.1,7387650.0,2026-08-07 15:59:59.999000+00:00,1
2026-08-07 16:00:00+00:00,512.11,517.31,508.41,513.85,4321212.0,2026-08-07 19:59:59.999000+00:00,1
2026-08-07 20:00:00+00:00,513.9,513.96,507.12,511.09,1541428.0,2026-08-07 23:59:59.999000+00:00,1
2026-08-08 00:00:00+00:00,511.11,511.33,504.42,509.71,2384913.0,2026-08-08 03:59:59.999000+00:00,1
2026-08-08 04:00:00+00:00,509.72,510.32,502.56,504.4,1983942.0,2026-08-08 07:59:59.999000+00:00,1
2026-08-08 08:00:00+00:00,504.4,508.58,497.39,498.12,3830729.0,2026-08-08 11:59:59.999000+00:00,1
2026-08-08 12:00:00+00:00,498.11,506.55,497.45,504.99,3515611.0,2026-08-08 15:59:59.999000+00:00,1
2026-08-08 16:00:00+00:00,504.98,511.53,503.5,509.89,2493987.0,2026-08-08 19:59:59.999000+00:00,1
2026-08-08 20:00:00+00:00,509.89,512.0,506.42,507.86,1759726.0,2026-08-08 23:59:59.999000+00:00,1
2026-08-09 00:00:00+00:00,507.85,515.39,504.43,510.77,3560675.0,2026-08-09 03:59:59.999000+00:00,1
2026-08-09 04:00:00+00:00,510.76,513.4,508.5,512.39,2282780.0,2026-08-09 07:59:59.999000+00:00,1
2026-08-09 08:00:00+00:00,512.39,529.92,510.75,524.02,8896306.0,2026-08-09 11:59:59.999000+00:00,1
2026-08-09 12:00:00+00:00,524.01,526.8,520.22,522.84,3759616.0,2026-08-09 15:59:59.999000+00:00,1
2026-08-09 16:00:00+00:00,522.85,523.49,513.66,515.12,3360814.0,2026-08-09 19:59:59.999000+00:00,1
2026-08-09 20:00:00+00:00,515.13,520.39,509.46,509.63,2636258.0,2026-08-09 23:59:59.999000+00:00,1
2026-08-10 00:00:00+00:00,509.62,516.41,506.0,508.15,4716909.0,2026-08-10 03:59:59.999000+00:00,1
2026-08-10 04:00:00+00:00,508.12,511.29,505.2,508.68,2813296.0,2026-08-10 07:59:59.999000+00:00,1
2026-08-10 08:00:00+00:00,508.71,513.47,503.43,508.41,3290000.0,2026-08-10 11:59:59.999000+00:00,1
2026-08-10 12:00:00+00:00,508.41,509.3,497.23,501.58,7597812.0,2026-08-10 15:59:59.999000+00:00,1
2026-08-10 16:00:00+00:00,501.53,504.1,493.0,498.23,5339352.0,2026-08-10 19:59:59.999000+00:00,1
2026-08-10 20:00:00+00:00,498.23,500.49,494.83,496.18,1980439.0,2026-08-10 23:59:59.999000+00:00,1
2026-08-11 00:00:00+00:00,496.15,496.98,489.55,493.84,4267862.0,2026-08-11 03:59:59.999000+00:00,1
2026-08-11 04:00:00+00:00,493.84,494.65,485.49,487.68,3624132.0,2026-08-11 07:59:59.999000+00:00,1
2026-08-11 08:00:00+00:00,487.69,490.41,483.1,489.28,5277073.0,2026-08-11 11:59:59.999000+00:00,1
2026-08-11 12:00:00+00:00,489.28,489.45,469.48,470.96,9950700.0,2026-08-11 15:59:59.999000+00:00,1
2026-08-11 16:00:00+00:00,470.96,476.79,466.37,476.33,6244697.0,2026-08-11 19:59:59.999000+00:00,1
2026-08-11 20:00:00+00:00,476.34,484.34,475.38,481.26,3564307.0,2026-08-11 23:59:59.999000+00:00,1
2026-08-12 00:00:00+00:00,481.27,484.62,479.01,482.29,2432417.0,2026-08-12 03:59:59.999000+00:00,1
2026-08-12 04:00:00+00:00,482.3,486.56,476.01,479.2,3646823.0,2026-08-12 07:59:59.999000+00:00,1
2026-08-12 08:00:00+00:00,479.2,493.0,474.23,490.54,7088106.0,2026-08-12 11:59:59.999000+00:00,1
2026-08-12 12:00:00+00:00,490.53,495.5,483.6,485.58,8563978.0,2026-08-12 15:59:59.999000+00:00,1
2026-08-12 16:00:00+00:00,485.57,500.0,483.08,491.09,7576270.0,2026-08-12 19:59:59.999000+00:00,1
2026-08-12 20:00:00+00:00,491.09,493.57,488.13,489.85,1859045.0,2026-08-12 23:59:59.999000+00:00,1
2026-08-13 00:00:00+00:00,489.85,496.28,484.08,493.67,6091920.0,2026-08-13 03:59:59.999000+00:00,1
2026-08-13 04:00:00+00:00,493.67,499.0,492.65,495.29,3754789.0,2026-08-13 07:59:59.999000+00:00,1
2026-08-13 08:00:00+00:00,495.29,497.39,489.22,489.27,3019497.0,2026-08-13 11:59:59.999000+00:00,1
2026-08-13 12:00:00+00:00,489.28,496.36,487.07,487.75,5808993.0,2026-08-13 15:59:59.999000+00:00,1
2026-08-13 16:00:00+00:00,487.76,489.29,482.48,484.84,4394013.0,2026-08-13 19:59:59.999000+00:00,1
2026-08-13 20:00:00+00:00,484.84,491.59,484.17,490.59,1972319.0,2026-08-13 23:59:59.999000+00:00,1
2026-08-14 00:00:00+00:00,490.59,494.46,488.6,491.91,2867865.0,2026-08-14 03:59:59.999000+00:00,1
2026-08-14 04:00:00+00:00,491.9,495.35,484.83,485.7,3484686.0,2026-08-14 07:59:59.999000+00:00,1
2026-08-14 08:00:00+00:00,485.7,491.23,484.67,485.29,3115167.0,2026-08-14 11:59:59.999000+00:00,1
2026-08-14 12:00:00+00:00,485.27,489.2,480.41,487.69,4713447.0,2026-08-14 15:59:59.999000+00:00,1
2026-08-14 16:00:00+00:00,487.66,493.69,485.87,491.64,4617214.0,2026-08-14 19:59:59.999000+00:00,1
2026-08-14 20:00:00+00:00,491.64,494.02,489.23,493.1,2290800.0,2026-08-14 23:59:59.999000+00:00,1
2026-08-15 00:00:00+00:00,493.1,498.7,490.52,493.25,3887581.0,2026-08-15 03:59:59.999000+00:00,1
2026-08-15 04:00:00+00:00,493.25,495.25,488.76,489.66,2502361.0,2026-08-15 07:59:59.999000+00:00,1
2026-08-15 08:00:00+00:00,489.66,492.43,487.3,491.18,1848685.0,2026-08-15 11:59:59.999000+00:00,1
2026-08-15 12:00:00+00:00,491.18,492.05,487.45,489.4,1729899.0,2026-08-15 15:59:59.999000+00:00,1
2026-08-15 16:00:00+00:00,489.36,492.15,485.17,490.0,1983265.0,2026-08-15 19:59:59.999000+00:00,1
2026-08-15 20:00:00+00:00,490.0,490.42,486.19,487.63,803485.0,2026-08-15 23:59:59.999000+00:00,1
2026-08-16 00:00:00+00:00,487.63,487.84,484.25,486.58,1817748.0,2026-08-16 03:59:59.999000+00:00,1
2026-08-16 04:00:00+00:00,486.57,488.93,483.79,487.73,1528193.0,2026-08-16 07:59:59.999000+00:00,1
2026-08-16 08:00:00+00:00,487.73,489.35,485.13,485.82,1586913.0,2026-08-16 11:59:59.999000+00:00,1
2026-08-16 12:00:00+00:00,485.83,495.5,484.21,493.83,4048767.0,2026-08-16 15:59:59.999000+00:00,1
2026-08-16 16:00:00+00:00,493.83,494.13,488.92,490.86,1739887.0,2026-08-16 19:59:59.999000+00:00,1
2026-08-16 20:00:00+00:00,490.87,492.12,484.86,485.96,2101942.0,2026-08-16 23:59:59.999000+00:00,1
2026-08-17 00:00:00+00:00,485.95,494.57,484.63,492.75,3526956.0,2026-08-17 03:59:59.999000+00:00,1
2026-08-17 04:00:00+00:00,492.76,520.92,491.32,513.91,12785646.0,2026-08-17 07:59:59.999000+00:00,1
2026-08-17 08:00:00+00:00,513.91,514.63,507.56,512.4,5159293.0,2026-08-17 11:59:59.999000+00:00,1
2026-08-17 12:00:00+00:00,512.41,515.98,508.13,513.6,4935175.0,2026-08-17 15:59:59.999000+00:00,1
2026-08-17 16:00:00+00:00,513.6,519.43,508.14,514.81,4046435.0,2026-08-17 19:59:59.999000+00:00,1
2026-08-17 20:00:00+00:00,514.81,522.42,511.15,513.72,3886820.0,2026-08-17 23:59:59.999000+00:00,1
2026-08-18 00:00:00+00:00,513.72,518.77,508.64,510.35,4640795.0,2026-08-18 03:59:59.999000+00:00,1
2026-08-18 04:00:00+00:00,510.35,512.72,505.15,506.26,4254674.0,2026-08-18 07:59:59.999000+00:00,1
2026-08-18 08:00:00+00:00,506.26,507.5,503.23,505.59,3613367.0,2026-08-18 11:59:59.999000+00:00,1
2026-08-18 12:00:00+00:00,505.59,514.4,500.34,509.83,7443944.0,2026-08-18 15:59:59.999000+00:00,1
2026-08-18 16:00:00+00:00,509.83,513.91,501.66,509.33,4583848.0,2026-08-18 19:59:59.999000+00:00,1
2026-08-18 20:00:00+00:00,509.33,512.01,506.07,508.65,2201123.0,2026-08-18 23:59:59.999000+00:00,1
2026-08-19 00:00:00+00:00,508.66,508.93,503.47,504.61,2733781.0,2026-08-19 03:59:59.999000+00:00,1
2026-08-19 04:00:00+00:00,504.64,505.46,501.0,502.36,3569960.0,2026-08-19 07:59:59.999000+00:00,1
2026-08-19 08:00:00+00:00,502.32,509.87,502.0,506.49,4091947.0,2026-08-19 11:59:59.999000+00:00,1
2026-08-19 12:00:00+00:00,506.49,554.68,506.0,550.52,27345910.0,2026-08-19 15:59:59.999000+00:00,1
2026-08-19 16:00:00+00:00,550.57,564.77,544.81,551.86,13907880.0,2026-08-19 19:59:59.999000+00:00,1
2026-08-19 20:00:00+00:00,551.88,581.44,550.14,565.35,14185397.0,2026-08-19 23:59:59.999000+00:00,1
2026-08-20 00:00:00+00:00,565.36,566.67,551.52,553.91,5109344.0,2026-08-20 03:59:59.999000+00:00,1
2026-08-20 04:00:00+00:00,553.92,560.49,550.05,558.68,5780400.0,2026-08-20 07:59:59.999000+00:00,1
2026-08-20 08:00:00+00:00,558.69,576.25,554.07,565.72,11308940.0,2026-08-20 11:59:59.999000+00:00,1
2026-08-20 12:00:00+00:00,565.7,572.86,557.75,570.7,10897579.0,2026-08-20 15:59:59.999000+00:00,1
2026-08-20 16:00:00+00:00,570.69,596.16,561.0,570.24,18401476.0,2026-08-20 19:59:59.999000+00:00,1
2026-08-20 20:00:00+00:00,570.25,579.97,565.51,568.84,6276679.0,2026-08-20 23:59:59.999000+00:00,1
2026-08-21 00:00:00+00:00,568.87,582.99,565.77,570.31,7197988.0,2026-08-21 03:59:59.999000+00:00,1
2026-08-21 04:00:00+00:00,570.32,647.49,570.27,637.92,27521854.0,2026-08-21 07:59:59.999000+00:00,1
2026-08-21 08:00:00+00:00,637.9,667.22,623.06,639.65,31473992.0,2026-08-21 11:59:59.999000+00:00,1
2026-08-21 12:00:00+00:00,639.65,662.76,628.62,654.79,14671756.0,2026-08-21 15:59:59.999000+00:00,1
2026-08-21 16:00:00+00:00,654.77,688.28,650.79,680.6,20432535.0,2026-08-21 19:59:59.999000+00:00,1
2026-08-21 20:00:00+00:00,680.59,745.08,677.63,734.68,31008722.0,2026-08-21 23:59:59.999000+00:00,1
2026-08-22 00:00:00+00:00,734.67,860.35,728.11,836.42,53084031.0,2026-08-22 03:59:59.999000+00:00,1
2026-08-22 04:00:00+00:00,836.43,840.23,696.1,810.99,61701852.0,2026-08-22 07:59:59.999000+00:00,1
2026-08-22 08:00:00+00:00,811.0,824.13,766.82,794.55,27739562.0,2026-08-22 11:59:59.999000+00:00,1
2026-08-22 12:00:00+00:00,794.55,809.57,781.71,789.67,16002369.0,2026-08-22 15:59:59.999000+00:00,1
2026-08-22 16:00:00+00:00,789.66,852.9,785.25,847.8,23536908.0,2026-08-22 19:59:59.999000+00:00,1
2026-08-22 20:00:00+00:00,847.82,856.27,790.0,802.04,18342063.0,2026-08-22 23:59:59.999000+00:00,1
2026-08-23 00:00:00+00:00,802.04,807.01,774.53,782.48,12467476.0,2026-08-23 03:59:59.999000+00:00,1
2026-08-23 04:00:00+00:00,782.48,806.44,766.0,802.14,19143379.0,2026-08-23 07:59:59.999000+00:00,1
2026-08-23 08:00:00+00:00,802.15,828.79,801.33,824.03,18982180.0,2026-08-23 11:59:59.999000+00:00,1
2026-08-23 12:00:00+00:00,824.08,877.12,812.71,835.77,38241619.0,2026-08-23 15:59:59.999000+00:00,1
2026-08-23 16:00:00+00:00,835.77,889.2,833.58,856.16,22036906.0,2026-08-23 19:59:59.999000+00:00,1
2026-08-23 20:00:00+00:00,856.15,874.0,835.2,853.59,14653933.0,2026-08-23 23:59:59.999000+00:00,1
2026-08-24 00:00:00+00:00,853.62,853.9,820.49,829.59,15805061.0,2026-08-24 03:59:59.999000+00:00,1
2026-08-24 04:00:00+00:00,829.6,853.65,824.83,836.55,11858100.0,2026-08-24 07:59:59.999000+00:00,1
2026-08-24 08:00:00+00:00,836.56,849.78,824.48,845.01,15961008.0,2026-08-24 11:59:59.999000+00:00,1
2026-08-24 12:00:00+00:00,845.01,871.5,830.0,834.38,27771476.0,2026-08-24 15:59:59.999000+00:00,1
2026-08-24 16:00:00+00:00,834.46,846.94,798.07,810.23,20422413.0,2026-08-24 19:59:59.999000+00:00,1
2026-08-24 20:00:00+00:00,810.23,837.26,809.77,831.08,6686854.0,2026-08-24 23:59:59.999000+00:00,1
2026-08-25 00:00:00+00:00,831.02,866.46,823.38,849.78,15390098.0,2026-08-25 03:59:59.999000+00:00,1
2026-08-25 04:00:00+00:00,849.79,867.62,838.78,852.56,12929595.0,2026-08-25 07:59:59.999000+00:00,1
2026-08-25 08:00:00+00:00,852.56,855.89,832.21,837.3,12388916.0,2026-08-25 11:59:59.999000+00:00,1
2026-08-25 12:00:00+00:00,837.28,848.89,802.58,817.15,26360895.0,2026-08-25 15:59:59.999000+00:00,1
2026-08-25 16:00:00+00:00,817.06,817.46,776.2,787.0,16646112.0,2026-08-25 19:59:59.999000+00:00,1
2026-08-25 20:00:00+00:00,787.01,788.75,751.82,768.38,18006391.0,2026-08-25 23:59:59.999000+00:00,1
2026-08-26 00:00:00+00:00,768.37,788.5,763.92,783.45,10420422.0,2026-08-26 03:59:59.999000+00:00,1
2026-08-26 04:00:00+00:00,783.45,796.39,780.1,787.15,9182636.0,2026-08-26 07:59:59.999000+00:00,1
2026-08-26 08:00:00+00:00,787.15,795.5,778.32,783.64,10830086.0,2026-08-26 11:59:59.999000+00:00,1
2026-08-26 12:00:00+00:00,783.64,792.14,758.89,770.93,18879880.0,2026-08-26 15:59:59.999000+00:00,1
2026-08-26 16:00:00+00:00,770.92,790.72,758.1,782.87,11492467.0,2026-08-26 19:59:59.999000+00:00,1
2026-08-26 20:00:00+00:00,782.88,818.45,776.71,816.29,10001312.0,2026-08-26 23:59:59.999000+00:00,1
2026-08-27 00:00:00+00:00,816.29,816.82,776.98,780.81,13083733.0,2026-08-27 03:59:59.999000+00:00,1
2026-08-27 04:00:00+00:00,780.8,787.38,773.01,785.99,6999723.0,2026-08-27 07:59:59.999000+00:00,1
2026-08-27 08:00:00+00:00,786.02,806.47,776.73,783.67,14049606.0,2026-08-27 11:59:59.999000+00:00,1
2026-08-27 12:00:00+00:00,783.67,809.7,779.0,803.62,13845383.0,2026-08-27 15:59:59.999000+00:00,1
2026-08-27 16:00:00+00:00,803.7,834.42,798.74,816.09,17518933.0,2026-08-27 19:59:59.999000+00:00,1
2026-08-27 20:00:00+00:00,816.01,824.79,806.02,809.87,4421436.0,2026-08-27 23:59:59.999000+00:00,1
2026-08-28 00:00:00+00:00,809.9,824.4,778.65,788.36,11622705.0,2026-08-28 03:59:59.999000+00:00,1
2026-08-28 04:00:00+00:00,788.36,796.93,783.65,789.83,4355030.0,2026-08-28 07:59:59.999000+00:00,1
2026-08-28 08:00:00+00:00,789.84,804.0,785.1,799.65,5748117.0,2026-08-28 11:59:59.999000+00:00,1
2026-08-28 12:00:00+00:00,799.65,817.34,774.84,806.21,19656539.0,2026-08-28 15:59:59.999000+00:00,1
2026-08-28 16:00:00+00:00,806.22,812.86,776.62,796.97,18590331.0,2026-08-28 19:59:59.999000+00:00,1
2026-08-28 20:00:00+00:00,796.99,807.89,790.5,800.68,4365040.0,2026-08-28 23:59:59.999000+00:00,1
2026-08-29 00:00:00+00:00,800.7,811.3,794.82,799.0,6066404.0,2026-08-29 03:59:59.999000+00:00,1
2026-08-29 04:00:00+00:00,798.95,803.52,790.87,792.84,4948759.0,2026-08-29 07:59:59.999000+00:00,1
2026-08-29 08:00:00+00:00,792.84,811.87,789.16,804.66,6358825.0,2026-08-29 11:59:59.999000+00:00,1
2026-08-29 12:00:00+00:00,804.66,852.0,804.14,834.59,18525674.0,2026-08-29 15:59:59.999000+00:00,1
2026-08-29 16:00:00+00:00,834.59,844.92,823.09,833.29,10385108.0,2026-08-29 19:59:59.999000+00:00,1
2026-08-29 20:00:00+00:00,833.29,845.5,831.8,841.61,4640556.0,2026-08-29 23:59:59.999000+00:00,1
2026-08-30 00:00:00+00:00,841.65,843.78,829.61,831.51,5785282.0,2026-08-30 03:59:59.999000+00:00,1
2026-08-30 04:00:00+00:00,831.52,843.0,825.0,835.82,5871848.0,2026-08-30 07:59:59.999000+00:00,1
2026-08-30 08:00:00+00:00,835.82,842.98,832.31,840.3,4936427.0,2026-08-30 11:59:59.999000+00:00,1
2026-08-30 12:00:00+00:00,840.2,875.0,838.51,866.47,19499876.0,2026-08-30 15:59:59.999000+00:00,1
2026-08-30 16:00:00+00:00,866.39,887.95,860.47,864.5,18188635.0,2026-08-30 19:59:59.999000+00:00,1
2026-08-30 20:00:00+00:00,864.49,879.0,818.19,835.07,21139973.0,2026-08-30 23:59:59.999000+00:00,1
2026-08-31 00:00:00+00:00,835.03,841.97,805.47,820.1,16204943.0,2026-08-31 03:59:59.999000+00:00,1
2026-08-31 04:00:00+00:00,820.12,833.85,814.0,825.3,9245451.0,2026-08-31 07:59:59.999000+00:00,1
2026-08-31 08:00:00+00:00,825.31,842.94,820.6,837.79,9701893.0,2026-08-31 11:59:59.999000+00:00,1
2026-08-31 12:00:00+00:00,837.79,846.67,816.52,842.13,15543722.0,2026-08-31 15:59:59.999000+00:00,1
2026-08-31 16:00:00+00:00,842.13,870.47,829.85,857.04,15149772.0,2026-08-31 19:59:59.999000+00:00,1
2026-08-31 20:00:00+00:00,857.05,861.98,844.05,847.67,6693009.0,2026-08-31 23:59:59.999000+00:00,1
2026-09-01 00:00:00+00:00,847.66,863.76,845.92,856.58,7341489.0,2026-09-01 03:59:59.999000+00:00,1
2026-09-01 04:00:00+00:00,856.59,872.0,847.58,851.88,10638700.0,2026-09-01 07:59:59.999000+00:00,1
2026-09-01 08:00:00+00:00,851.88,865.48,836.02,857.59,15296252.0,2026-09-01 11:59:59.999000+00:00,1
2026-09-01 12:00:00+00:00,857.59,864.17,840.6,853.39,18348949.0,2026-09-01 15:59:59.999000+00:00,1
2026-09-01 16:00:00+00:00,853.39,855.5,818.0,831.0,15586913.0,2026-09-01 19:59:59.999000+00:00,1
2026-09-01 20:00:00+00:00,831.01,832.0,817.0,829.66,5636730.0,2026-09-01 23:59:59.999000+00:00,1
2026-09-02 00:00:00+00:00,829.67,842.49,818.02,839.3,9879351.0,2026-09-02 03:59:59.999000+00:00,1
2026-09-02 04:00:00+00:00,839.29,841.78,828.0,833.99,7475247.0,2026-09-02 07:59:59.999000+00:00,1
2026-09-02 08:00:00+00:00,833.99,834.63,788.2,798.88,18885658.0,2026-09-02 11:59:59.999000+00:00,1
2026-09-02 12:00:00+00:00,798.89,818.79,792.34,814.71,16839296.0,2026-09-02 15:59:59.999000+00:00,1
2026-09-02 16:00:00+00:00,814.71,821.25,805.01,812.27,7647292.0,2026-09-02 19:59:59.999000+00:00,1
2026-09-02 20:00:00+00:00,812.32,819.28,808.64,815.21,3590359.0,2026-09-02 23:59:59.999000+00:00,1
2026-09-03 00:00:00+00:00,815.21,827.71,805.0,818.78,8170079.0,2026-09-03 03:59:59.999000+00:00,1
2026-09-03 04:00:00+00:00,818.79,836.88,812.51,826.85,10699261.0,2026-09-03 07:59:59.999000+00:00,1
2026-09-03 08:00:00+00:00,826.89,847.47,826.0,845.0,10813305.0,2026-09-03 11:59:59.999000+00:00,1
2026-09-03 12:00:00+00:00,845.0,973.0,841.43,955.13,50341400.0,2026-09-03 15:59:59.999000+00:00,1
2026-09-03 16:00:00+00:00,955.13,979.64,933.31,966.54,38313387.0,2026-09-03 19:59:59.999000+00:00,1
2026-09-03 20:00:00+00:00,966.55,971.51,937.25,952.01,12589067.0,2026-09-03 23:59:59.999000+00:00,1
2026-09-04 00:00:00+00:00,952.0,953.31,932.37,945.03,9809873.0,2026-09-04 03:59:59.999000+00:00,1
2026-09-04 04:00:00+00:00,945.03,977.82,944.62,966.98,13427459.0,2026-09-04 07:59:59.999000+00:00,1
2026-09-04 08:00:00+00:00,966.99,1032.18,964.45,1009.87,30877889.0,2026-09-04 11:59:59.999000+00:00,1
2026-09-04 12:00:00+00:00,1009.86,1022.68,962.0,985.85,37612136.0,2026-09-04 15:59:59.999000+00:00,1
2026-09-04 16:00:00+00:00,985.89,1052.11,984.22,1038.83,35164214.0,2026-09-04 19:59:59.999000+00:00,1
2026-09-04 20:00:00+00:00,1038.84,1043.74,1011.4,1022.36,9585040.0,2026-09-04 23:59:59.999000+00:00,1
2026-09-05 00:00:00+00:00,1022.36,1037.28,1007.89,1024.11,9626722.0,2026-09-05 03:59:59.999000+00:00,1
2026-09-05 04:00:00+00:00,1024.1,1027.5,999.09,1001.84,11287105.0,2026-09-05 07:59:59.999000+00:00,1
2026-09-05 08:00:00+00:00,1001.85,1015.8,996.5,1014.1,8039812.0,2026-09-05 11:59:59.999000+00:00,1
2026-09-05 12:00:00+00:00,1014.09,1022.73,1007.64,1015.1,9548534.0,2026-09-05 15:59:59.999000+00:00,1
2026-09-05 16:00:00+00:00,1015.14,1043.72,1010.5,1014.59,14883188.0,2026-09-05 19:59:59.999000+00:00,1
2026-09-05 20:00:00+00:00,1014.59,1027.48,1003.6,1025.4,6618728.0,2026-09-05 23:59:59.999000+00:00,1
2026-09-06 00:00:00+00:00,1025.4,1087.54,1022.32,1072.8,22400946.0,2026-09-06 03:59:59.999000+00:00,1
2026-09-06 04:00:00+00:00,1072.9,1196.74,1064.06,1162.92,48192870.0,2026-09-06 07:59:59.999000+00:00,1
2026-09-06 08:00:00+00:00,1162.92,1229.85,1156.52,1184.54,31686558.0,2026-09-06 11:59:59.999000+00:00,1
2026-09-06 12:00:00+00:00,1184.54,1215.0,1125.0,1167.45,32330240.0,2026-09-06 15:59:59.999000+00:00,1
2026-09-06 16:00:00+00:00,1167.56,1241.94,1165.25,1214.03,38840947.0,2026-09-06 19:59:59.999000+00:00,1
2026-09-06 20:00:00+00:00,1214.03,1258.0,1211.15,1227.1,19101240.0,2026-09-06 23:59:59.999000+00:00,1
2026-09-07 00:00:00+00:00,1227.04,1230.0,1168.33,1190.66,20917469.0,2026-09-07 03:59:59.999000+00:00,1
2026-09-07 04:00:00+00:00,1190.66,1223.54,1168.16,1186.03,20507358.0,2026-09-07 07:59:59.999000+00:00,1
2026-09-07 08:00:00+00:00,1186.06,1211.67,1173.4,1193.04,14343228.0,2026-09-07 11:59:59.999000+00:00,1
2026-09-07 12:00:00+00:00,1193.04,1202.34,1140.18,1146.32,23416306.0,2026-09-07 15:59:59.999000+00:00,1
2026-09-07 16:00:00+00:00,1146.32,1173.27,1145.86,1164.15,15297080.0,2026-09-07 19:59:59.999000+00:00,1
2026-09-07 20:00:00+00:00,1164.07,1164.66,1104.73,1139.93,13335491.0,2026-09-07 23:59:59.999000+00:00,1
2026-09-08 00:00:00+00:00,1139.94,1166.0,1122.63,1134.16,14502169.0,2026-09-08 03:59:59.999000+00:00,1
2026-09-08 04:00:00+00:00,1134.15,1144.27,1112.75,1124.05,13646620.0,2026-09-08 07:59:59.999000+00:00,1
2026-09-08 08:00:00+00:00,1124.05,1173.22,1119.12,1157.56,21208217.0,2026-09-08 11:59:59.999000+00:00,1
2026-09-08 12:00:00+00:00,1157.55,1192.0,1128.83,1182.29,25693352.0,2026-09-08 15:59:59.999000+00:00,1
2026-09-08 16:00:00+00:00,1182.29,1211.75,1145.5,1147.62,21474373.0,2026-09-08 19:59:59.999000+00:00,1
2026-09-08 20:00:00+00:00,1147.61,1183.49,1143.0,1177.4,9359380.0,2026-09-08 23:59:59.999000+00:00,1
2026-09-09 00:00:00+00:00,1177.41,1193.78,1171.73,1186.08,8042254.0,2026-09-09 03:59:59.999000+00:00,1
2026-09-09 04:00:00+00:00,1185.96,1265.11,1185.96,1237.74,37831845.0,2026-09-09 07:59:59.999000+00:00,1
2026-09-09 08:00:00+00:00,1237.75,1278.0,1230.81,1266.64,29558123.0,2026-09-09 11:59:59.999000+00:00,1
2026-09-09 12:00:00+00:00,1266.65,1299.0,1247.0,1269.07,37555997.0,2026-09-09 15:59:59.999000+00:00,1
2026-09-09 16:00:00+00:00,1269.04,1293.84,1246.13,1250.36,17290609.0,2026-09-09 19:59:59.999000+00:00,1
2026-09-09 20:00:00+00:00,1250.26,1260.46,1221.06,1243.63,14245391.0,2026-09-09 23:59:59.999000+00:00,1
2026-09-10 00:00:00+00:00,1243.64,1257.66,1204.5,1241.65,19310582.0,2026-09-10 03:59:59.999000+00:00,1
2026-09-10 04:00:00+00:00,1241.65,1252.69,1208.59,1215.61,15029415.0,2026-09-10 07:59:59.999000+00:00,1
2026-09-10 08:00:00+00:00,1215.62,1236.98,1213.16,1220.94,11507733.0,2026-09-10 11:59:59.999000+00:00,1
2026-09-10 12:00:00+00:00,1220.92,1223.59,1153.48,1168.17,38933976.0,2026-09-10 15:59:59.999000+00:00,1
2026-09-10 16:00:00+00:00,1168.17,1171.14,1110.48,1124.35,38506427.0,2026-09-10 19:59:59.999000+00:00,1
2026-09-10 20:00:00+00:00,1124.32,1143.78,1066.33,1079.59,19790452.0,2026-09-10 23:59:59.999000+00:00,1
2026-09-11 00:00:00+00:00,1079.59,1102.92,1053.77,1066.75,20410175.0,2026-09-11 03:59:59.999000+00:00,1
2026-09-11 04:00:00+00:00,1066.8,1118.11,1064.8,1111.0,19319533.0,2026-09-11 07:59:59.999000+00:00,1
2026-09-11 08:00:00+00:00,1111.0,1122.64,1086.13,1101.15,16496306.0,2026-09-11 11:59:59.999000+00:00,1
2026-09-11 12:00:00+00:00,1101.1,1218.0,1090.27,1163.21,59835785.0,2026-09-11 15:59:59.999000+00:00,1
2026-09-11 16:00:00+00:00,1163.2,1189.78,1150.43,1174.44,22835346.0,2026-09-11 19:59:59.999000+00:00,1
2026-09-11 20:00:00+00:00,1174.46,1193.1,1149.3,1164.1,11668630.0,2026-09-11 23:59:59.999000+00:00,1
2026-09-12 00:00:00+00:00,1164.09,1165.26,1124.12,1133.91,11638167.0,2026-09-12 03:59:59.999000+00:00,1
2026-09-12 04:00:00+00:00,1133.98,1154.73,1121.0,1148.81,11096297.0,2026-09-12 07:59:59.999000+00:00,1
2026-09-12 08:00:00+00:00,1148.88,1156.5,1142.08,1151.13,7477413.0,2026-09-12 11:59:59.999000+00:00,1
2026-09-12 12:00:00+00:00,1151.13,1168.54,1135.47,1138.43,10289367.0,2026-09-12 15:59:59.999000+00:00,1
2026-09-12 16:00:00+00:00,1138.38,1143.88,1111.0,1119.22,8396635.0,2026-09-12 19:59:59.999000+00:00,1
2026-09-12 20:00:00+00:00,1119.22,1129.39,1117.75,1122.61,4514155.0,2026-09-12 23:59:59.999000+00:00,1
2026-09-13 00:00:00+00:00,1122.61,1138.72,1116.13,1132.95,7099233.0,2026-09-13 03:59:59.999000+00:00,1
2026-09-13 04:00:00+00:00,1132.95,1157.0,1129.18,1130.02,10576225.0,2026-09-13 07:59:59.999000+00:00,1
2026-09-13 08:00:00+00:00,1130.02,1133.61,1072.26,1093.84,20952726.0,2026-09-13 11:59:59.999000+00:00,1
2026-09-13 12:00:00+00:00,1093.81,1105.88,1073.45,1086.97,14929404.0,2026-09-13 15:59:59.999000+00:00,1
2026-09-13 16:00:00+00:00,1086.96,1118.56,1082.06,1085.75,10732009.0,2026-09-13 19:59:59.999000+00:00,1
2026-09-13 20:00:00+00:00,1085.74,1111.4,1060.04,1062.09,13491993.0,2026-09-13 23:59:59.999000+00:00,1
2026-09-14 00:00:00+00:00,1062.08,1118.24,1040.38,1113.65,21055141.0,2026-09-14 03:59:59.999000+00:00,1
2026-09-14 04:00:00+00:00,1113.65,1160.87,1109.11,1140.55,22136314.0,2026-09-14 07:59:59.999000+00:00,1
2026-09-14 08:00:00+00:00,1140.55,1156.22,1127.5,1132.3,14038689.0,2026-09-14 11:59:59.999000+00:00,1
2026-09-14 12:00:00+00:00,1132.29,1163.29,1113.1,1137.78,28166707.0,2026-09-14 15:59:59.999000+00:00,1
2026-09-14 16:00:00+00:00,1137.78,1206.99,1132.35,1192.71,24655160.0,2026-09-14 19:59:59.999000+00:00,1
2026-09-14 20:00:00+00:00,1192.7,1224.46,1162.18,1163.07,16539716.0,2026-09-14 23:59:59.999000+00:00,1
2026-09-15 00:00:00+00:00,1163.02,1168.25,1138.01,1140.38,10534547.0,2026-09-15 03:59:59.999000+00:00,1
2026-09-15 04:00:00+00:00,1140.37,1159.3,1133.15,1138.45,11237492.0,2026-09-15 07:59:59.999000+00:00,1
2026-09-15 08:00:00+00:00,1138.45,1148.0,1122.09,1133.21,14461894.0,2026-09-15 11:59:59.999000+00:00,1
2026-09-15 12:00:00+00:00,1133.21,1141.9,1096.47,1123.01,23114788.0,2026-09-15 15:59:59.999000+00:00,1
2026-09-15 16:00:00+00:00,1123.0,1159.33,1085.4,1131.63,30997626.0,2026-09-15 19:59:59.999000+00:00,1
2026-09-15 20:00:00+00:00,1131.64,1133.33,1099.12,1110.17,9305443.0,2026-09-15 23:59:59.999000+00:00,1
2026-09-16 00:00:00+00:00,1110.16,1133.29,1101.23,1131.0,10166683.0,2026-09-16 03:59:59.999000+00:00,1
2026-09-16 04:00:00+00:00,1130.99,1198.83,1130.52,1179.13,29878093.0,2026-09-16 07:59:59.999000+00:00,1
2026-09-16 08:00:00+00:00,1179.09,1243.88,1168.3,1229.23,32194226.0,2026-09-16 11:59:59.999000+00:00,1
2026-09-16 12:00:00+00:00,1229.23,1276.0,1205.82,1246.86,42768377.0,2026-09-16 15:59:59.999000+00:00,1
2026-09-16 16:00:00+00:00,1246.85,1398.99,1234.0,1289.39,74091679.0,2026-09-16 19:59:59.999000+00:00,1
2026-09-16 20:00:00+00:00,1289.38,1352.0,1278.45,1336.69,21646672.0,2026-09-16 23:59:59.999000+00:00,1
2026-09-17 00:00:00+00:00,1336.6,1398.0,1328.68,1378.56,25343324.0,2026-09-17 03:59:59.999000+00:00,1
2026-09-17 04:00:00+00:00,1378.55,1378.6,1344.0,1370.48,19565409.0,2026-09-17 07:59:59.999000+00:00,1
2026-09-17 08:00:00+00:00,1370.49,1399.05,1326.0,1365.94,32545231.0,2026-09-17 11:59:59.999000+00:00,1
2026-09-17 12:00:00+00:00,1365.95,1491.99,1341.09,1480.33,57772411.0,2026-09-17 15:59:59.999000+00:00,1
2026-09-17 16:00:00+00:00,1480.49,1518.23,1450.53,1490.29,38696657.0,2026-09-17 19:59:59.999000+00:00,1
2026-09-17 20:00:00+00:00,1490.29,1510.47,1460.31,1466.25,12082538.0,2026-09-17 23:59:59.999000+00:00,1
2026-09-18 00:00:00+00:00,1466.24,1526.0,1442.67,1517.59,24401763.0,2026-09-18 03:59:59.999000+00:00,1
2026-09-18 04:00:00+00:00,1517.61,1536.41,1475.0,1483.9,24747205.0,2026-09-18 07:59:59.999000+00:00,1
2026-09-18 08:00:00+00:00,1483.88,1497.12,1452.0,1456.35,22867739.0,2026-09-18 11:59:59.999000+00:00,1
2026-09-18 12:00:00+00:00,1456.36,1511.8,1421.0,1482.54,34484172.0,2026-09-18 15:59:59.999000+00:00,1
2026-09-18 16:00:00+00:00,1482.54,1487.76,1435.38,1470.37,18313471.0,2026-09-18 19:59:59.999000+00:00,1
